dataset_id,feature_key,scope,fold,model_id,random_policy,random_structure,group,term,paired_term,variance,stddev_or_correlation,variance_below_1e_8,singular,convergence
AN19,cnn_2::overall,cv_train,0.0,M_condition,registered,participant_item_talker_intercepts,analysis_item_id,(Intercept),,9.15195466573687,3.02521977147725,False,False,ok
AN19,cnn_2::overall,cv_train,0.0,M_condition,registered,participant_item_talker_intercepts,participant_id,(Intercept),,0.0890435054791092,0.298401584243632,False,False,ok
AN19,cnn_2::overall,cv_train,0.0,M_condition,registered,participant_item_talker_intercepts,test_talker_id,(Intercept),,0.0710724156089509,0.266594102727256,False,False,ok
AN19,cnn_2::overall,cv_train,0.0,M_joint,registered,participant_item_talker_intercepts,analysis_item_id,(Intercept),,9.15282132208422,3.02536300666287,False,False,ok
AN19,cnn_2::overall,cv_train,0.0,M_joint,registered,participant_item_talker_intercepts,participant_id,(Intercept),,0.0886942654439016,0.297815824703627,False,False,ok
AN19,cnn_2::overall,cv_train,0.0,M_joint,registered,participant_item_talker_intercepts,test_talker_id,(Intercept),,0.0722659787586492,0.268823322571999,False,False,ok
AN19,cnn_2::overall,cv_train,0.0,M_null,registered,participant_item_talker_intercepts,analysis_item_id,(Intercept),,9.23140055072136,3.03832199589204,False,False,ok
AN19,cnn_2::overall,cv_train,0.0,M_null,registered,participant_item_talker_intercepts,participant_id,(Intercept),,0.117053527587624,0.342130863249173,False,False,ok
AN19,cnn_2::overall,cv_train,0.0,M_null,registered,participant_item_talker_intercepts,test_talker_id,(Intercept),,0.58150805824082,0.762566756579921,False,False,ok
AN19,cnn_2::overall,cv_train,0.0,M_predictor,registered,participant_item_talker_intercepts,analysis_item_id,(Intercept),,9.23102703053659,3.03826052710043,False,False,ok
AN19,cnn_2::overall,cv_train,0.0,M_predictor,registered,participant_item_talker_intercepts,participant_id,(Intercept),,0.11625020145243,0.340954837848695,False,False,ok
AN19,cnn_2::overall,cv_train,0.0,M_predictor,registered,participant_item_talker_intercepts,test_talker_id,(Intercept),,0.583271681213024,0.763722253972623,False,False,ok
AN19,cnn_2::overall,cv_train,1.0,M_condition,registered,participant_item_talker_intercepts,analysis_item_id,(Intercept),,9.91759612341894,3.14922151069418,False,False,ok
AN19,cnn_2::overall,cv_train,1.0,M_condition,registered,participant_item_talker_intercepts,participant_id,(Intercept),,0.0354891602419515,0.188385668886865,False,False,ok
AN19,cnn_2::overall,cv_train,1.0,M_condition,registered,participant_item_talker_intercepts,test_talker_id,(Intercept),,0.194558220481234,0.44108754287696,False,False,ok
AN19,cnn_2::overall,cv_train,1.0,M_joint,registered,participant_item_talker_intercepts,analysis_item_id,(Intercept),,9.92281235877678,3.15004958036803,False,False,ok
AN19,cnn_2::overall,cv_train,1.0,M_joint,registered,participant_item_talker_intercepts,participant_id,(Intercept),,0.0322649051060532,0.179624344413705,False,False,ok
AN19,cnn_2::overall,cv_train,1.0,M_joint,registered,participant_item_talker_intercepts,test_talker_id,(Intercept),,0.20492447932793,0.452685850593908,False,False,ok
AN19,cnn_2::overall,cv_train,1.0,M_null,registered,participant_item_talker_intercepts,analysis_item_id,(Intercept),,9.97550369020101,3.15840207861523,False,False,ok
AN19,cnn_2::overall,cv_train,1.0,M_null,registered,participant_item_talker_intercepts,participant_id,(Intercept),,0.0656674539861933,0.256256617448591,False,False,ok
AN19,cnn_2::overall,cv_train,1.0,M_null,registered,participant_item_talker_intercepts,test_talker_id,(Intercept),,0.713100540925541,0.844452805623583,False,False,ok
AN19,cnn_2::overall,cv_train,1.0,M_predictor,registered,participant_item_talker_intercepts,analysis_item_id,(Intercept),,9.98032001145604,3.15916444830845,False,False,ok
AN19,cnn_2::overall,cv_train,1.0,M_predictor,registered,participant_item_talker_intercepts,participant_id,(Intercept),,0.0634668379340702,0.251926254951861,False,False,ok
AN19,cnn_2::overall,cv_train,1.0,M_predictor,registered,participant_item_talker_intercepts,test_talker_id,(Intercept),,0.715380504643254,0.845801693450216,False,False,ok
AN19,cnn_2::overall,cv_train,2.0,M_condition,registered,participant_item_talker_intercepts,analysis_item_id,(Intercept),,10.1282320657954,3.1824883449583,False,False,ok
AN19,cnn_2::overall,cv_train,2.0,M_condition,registered,participant_item_talker_intercepts,participant_id,(Intercept),,0.0815288842305195,0.285532632514253,False,False,ok
AN19,cnn_2::overall,cv_train,2.0,M_condition,registered,participant_item_talker_intercepts,test_talker_id,(Intercept),,0.221468461793782,0.470604358026763,False,False,ok
AN19,cnn_2::overall,cv_train,2.0,M_joint,registered,participant_item_talker_intercepts,analysis_item_id,(Intercept),,10.1326471412561,3.18318192085468,False,False,ok
AN19,cnn_2::overall,cv_train,2.0,M_joint,registered,participant_item_talker_intercepts,participant_id,(Intercept),,0.0774024109035239,0.278212887738012,False,False,ok
AN19,cnn_2::overall,cv_train,2.0,M_joint,registered,participant_item_talker_intercepts,test_talker_id,(Intercept),,0.231142365597655,0.480772675593835,False,False,ok
AN19,cnn_2::overall,cv_train,2.0,M_null,registered,participant_item_talker_intercepts,analysis_item_id,(Intercept),,10.1954436844908,3.19303048599459,False,False,ok
AN19,cnn_2::overall,cv_train,2.0,M_null,registered,participant_item_talker_intercepts,participant_id,(Intercept),,0.147709544303434,0.384329994020028,False,False,ok
AN19,cnn_2::overall,cv_train,2.0,M_null,registered,participant_item_talker_intercepts,test_talker_id,(Intercept),,0.875925934984639,0.935909148894613,False,False,ok
AN19,cnn_2::overall,cv_train,2.0,M_predictor,registered,participant_item_talker_intercepts,analysis_item_id,(Intercept),,10.1952073738841,3.19299348165387,False,False,ok
AN19,cnn_2::overall,cv_train,2.0,M_predictor,registered,participant_item_talker_intercepts,participant_id,(Intercept),,0.147484736192236,0.384037415094202,False,False,ok
AN19,cnn_2::overall,cv_train,2.0,M_predictor,registered,participant_item_talker_intercepts,test_talker_id,(Intercept),,0.876476814656736,0.936203404531694,False,False,ok
AN19,cnn_2::overall,full,,M_condition,registered,participant_item_talker_intercepts,analysis_item_id,(Intercept),,10.0610751951221,3.17191979645168,False,False,ok
AN19,cnn_2::overall,full,,M_condition,registered,participant_item_talker_intercepts,participant_id,(Intercept),,0.0800533973983445,0.282937090884784,False,False,ok
AN19,cnn_2::overall,full,,M_condition,registered,participant_item_talker_intercepts,test_talker_id,(Intercept),,0.129901039706348,0.360417868184068,False,False,ok
AN19,cnn_2::overall,full,,M_joint,registered,participant_item_talker_intercepts,analysis_item_id,(Intercept),,10.0644399680718,3.17245015218077,False,False,ok
AN19,cnn_2::overall,full,,M_joint,registered,participant_item_talker_intercepts,participant_id,(Intercept),,0.077515013152577,0.278415181253783,False,False,ok
AN19,cnn_2::overall,full,,M_joint,registered,participant_item_talker_intercepts,test_talker_id,(Intercept),,0.13669741639779,0.369726137022783,False,False,ok
AN19,cnn_2::overall,full,,M_null,registered,participant_item_talker_intercepts,analysis_item_id,(Intercept),,10.1336174823797,3.183334334056,False,False,ok
AN19,cnn_2::overall,full,,M_null,registered,participant_item_talker_intercepts,participant_id,(Intercept),,0.111026685504896,0.333206670858938,False,False,ok
AN19,cnn_2::overall,full,,M_null,registered,participant_item_talker_intercepts,test_talker_id,(Intercept),,0.654238899563733,0.808850356718554,False,False,ok
AN19,cnn_2::overall,full,,M_predictor,registered,participant_item_talker_intercepts,analysis_item_id,(Intercept),,10.1339553459104,3.18338740116726,False,False,ok
AN19,cnn_2::overall,full,,M_predictor,registered,participant_item_talker_intercepts,participant_id,(Intercept),,0.111035080668802,0.333219268153571,False,False,ok
AN19,cnn_2::overall,full,,M_predictor,registered,participant_item_talker_intercepts,test_talker_id,(Intercept),,0.654095720318329,0.808761844004976,False,False,ok
AN19,cnn_2::overall_order_sensitive,cv_train,0.0,M_condition,registered,participant_item_talker_intercepts,analysis_item_id,(Intercept),,9.15195466573687,3.02521977147725,False,False,ok
AN19,cnn_2::overall_order_sensitive,cv_train,0.0,M_condition,registered,participant_item_talker_intercepts,participant_id,(Intercept),,0.0890435054791092,0.298401584243632,False,False,ok
AN19,cnn_2::overall_order_sensitive,cv_train,0.0,M_condition,registered,participant_item_talker_intercepts,test_talker_id,(Intercept),,0.0710724156089509,0.266594102727256,False,False,ok
AN19,cnn_2::overall_order_sensitive,cv_train,0.0,M_joint,registered,participant_item_talker_intercepts,analysis_item_id,(Intercept),,9.15186976941297,3.02520574001389,False,False,ok
AN19,cnn_2::overall_order_sensitive,cv_train,0.0,M_joint,registered,participant_item_talker_intercepts,participant_id,(Intercept),,0.0849765935518206,0.291507450250968,False,False,ok
AN19,cnn_2::overall_order_sensitive,cv_train,0.0,M_joint,registered,participant_item_talker_intercepts,test_talker_id,(Intercept),,0.0688428201190701,0.26237915336221,False,False,ok
AN19,cnn_2::overall_order_sensitive,cv_train,0.0,M_null,registered,participant_item_talker_intercepts,analysis_item_id,(Intercept),,9.23140055072136,3.03832199589204,False,False,ok
AN19,cnn_2::overall_order_sensitive,cv_train,0.0,M_null,registered,participant_item_talker_intercepts,participant_id,(Intercept),,0.117053527587624,0.342130863249173,False,False,ok
AN19,cnn_2::overall_order_sensitive,cv_train,0.0,M_null,registered,participant_item_talker_intercepts,test_talker_id,(Intercept),,0.58150805824082,0.762566756579921,False,False,ok
AN19,cnn_2::overall_order_sensitive,cv_train,0.0,M_predictor,registered,participant_item_talker_intercepts,analysis_item_id,(Intercept),,9.22992997502986,3.03807998167097,False,False,ok
AN19,cnn_2::overall_order_sensitive,cv_train,0.0,M_predictor,registered,participant_item_talker_intercepts,participant_id,(Intercept),,0.110146316629503,0.331882986351369,False,False,ok
AN19,cnn_2::overall_order_sensitive,cv_train,0.0,M_predictor,registered,participant_item_talker_intercepts,test_talker_id,(Intercept),,0.579518494035692,0.761261120796072,False,False,ok
AN19,cnn_2::overall_order_sensitive,cv_train,1.0,M_condition,registered,participant_item_talker_intercepts,analysis_item_id,(Intercept),,9.91759612341894,3.14922151069418,False,False,ok
AN19,cnn_2::overall_order_sensitive,cv_train,1.0,M_condition,registered,participant_item_talker_intercepts,participant_id,(Intercept),,0.0354891602419515,0.188385668886865,False,False,ok
AN19,cnn_2::overall_order_sensitive,cv_train,1.0,M_condition,registered,participant_item_talker_intercepts,test_talker_id,(Intercept),,0.194558220481234,0.44108754287696,False,False,ok
AN19,cnn_2::overall_order_sensitive,cv_train,1.0,M_joint,registered,participant_item_talker_intercepts,analysis_item_id,(Intercept),,9.9156530168243,3.14891298971952,False,False,ok
AN19,cnn_2::overall_order_sensitive,cv_train,1.0,M_joint,registered,participant_item_talker_intercepts,participant_id,(Intercept),,0.0314563375621292,0.177359345855044,False,False,ok
AN19,cnn_2::overall_order_sensitive,cv_train,1.0,M_joint,registered,participant_item_talker_intercepts,test_talker_id,(Intercept),,0.193779075377273,0.440203447711706,False,False,ok
AN19,cnn_2::overall_order_sensitive,cv_train,1.0,M_null,registered,participant_item_talker_intercepts,analysis_item_id,(Intercept),,9.97550369020101,3.15840207861523,False,False,ok
AN19,cnn_2::overall_order_sensitive,cv_train,1.0,M_null,registered,participant_item_talker_intercepts,participant_id,(Intercept),,0.0656674539861933,0.256256617448591,False,False,ok
AN19,cnn_2::overall_order_sensitive,cv_train,1.0,M_null,registered,participant_item_talker_intercepts,test_talker_id,(Intercept),,0.713100540925541,0.844452805623583,False,False,ok
AN19,cnn_2::overall_order_sensitive,cv_train,1.0,M_predictor,registered,participant_item_talker_intercepts,analysis_item_id,(Intercept),,9.97291647841029,3.15799247599013,False,False,ok
AN19,cnn_2::overall_order_sensitive,cv_train,1.0,M_predictor,registered,participant_item_talker_intercepts,participant_id,(Intercept),,0.0622156382322555,0.24943062809578,False,False,ok
AN19,cnn_2::overall_order_sensitive,cv_train,1.0,M_predictor,registered,participant_item_talker_intercepts,test_talker_id,(Intercept),,0.711377821823053,0.843432167884918,False,False,ok
AN19,cnn_2::overall_order_sensitive,cv_train,2.0,M_condition,registered,participant_item_talker_intercepts,analysis_item_id,(Intercept),,10.1282320657954,3.1824883449583,False,False,ok
AN19,cnn_2::overall_order_sensitive,cv_train,2.0,M_condition,registered,participant_item_talker_intercepts,participant_id,(Intercept),,0.0815288842305195,0.285532632514253,False,False,ok
AN19,cnn_2::overall_order_sensitive,cv_train,2.0,M_condition,registered,participant_item_talker_intercepts,test_talker_id,(Intercept),,0.221468461793782,0.470604358026763,False,False,ok
AN19,cnn_2::overall_order_sensitive,cv_train,2.0,M_joint,registered,participant_item_talker_intercepts,analysis_item_id,(Intercept),,10.1289007720161,3.18259340350227,False,False,ok
AN19,cnn_2::overall_order_sensitive,cv_train,2.0,M_joint,registered,participant_item_talker_intercepts,participant_id,(Intercept),,0.0814417729694476,0.285380050055093,False,False,ok
AN19,cnn_2::overall_order_sensitive,cv_train,2.0,M_joint,registered,participant_item_talker_intercepts,test_talker_id,(Intercept),,0.219911082309622,0.468946779826476,False,False,ok
AN19,cnn_2::overall_order_sensitive,cv_train,2.0,M_null,registered,participant_item_talker_intercepts,analysis_item_id,(Intercept),,10.1954436844908,3.19303048599459,False,False,ok
AN19,cnn_2::overall_order_sensitive,cv_train,2.0,M_null,registered,participant_item_talker_intercepts,participant_id,(Intercept),,0.147709544303434,0.384329994020028,False,False,ok
AN19,cnn_2::overall_order_sensitive,cv_train,2.0,M_null,registered,participant_item_talker_intercepts,test_talker_id,(Intercept),,0.875925934984639,0.935909148894613,False,False,ok
AN19,cnn_2::overall_order_sensitive,cv_train,2.0,M_predictor,registered,participant_item_talker_intercepts,analysis_item_id,(Intercept),,10.1954889953342,3.1930375812593,False,False,ok
AN19,cnn_2::overall_order_sensitive,cv_train,2.0,M_predictor,registered,participant_item_talker_intercepts,participant_id,(Intercept),,0.139657204985751,0.373707378821653,False,False,ok
AN19,cnn_2::overall_order_sensitive,cv_train,2.0,M_predictor,registered,participant_item_talker_intercepts,test_talker_id,(Intercept),,0.870304707177314,0.932901231201521,False,False,ok
AN19,cnn_2::overall_order_sensitive,full,,M_condition,registered,participant_item_talker_intercepts,analysis_item_id,(Intercept),,10.0610751951221,3.17191979645168,False,False,ok
AN19,cnn_2::overall_order_sensitive,full,,M_condition,registered,participant_item_talker_intercepts,participant_id,(Intercept),,0.0800533973983445,0.282937090884784,False,False,ok
AN19,cnn_2::overall_order_sensitive,full,,M_condition,registered,participant_item_talker_intercepts,test_talker_id,(Intercept),,0.129901039706348,0.360417868184068,False,False,ok
AN19,cnn_2::overall_order_sensitive,full,,M_joint,registered,participant_item_talker_intercepts,analysis_item_id,(Intercept),,10.0617694316365,3.17202922931622,False,False,ok
AN19,cnn_2::overall_order_sensitive,full,,M_joint,registered,participant_item_talker_intercepts,participant_id,(Intercept),,0.0779823519108673,0.279253203940201,False,False,ok
AN19,cnn_2::overall_order_sensitive,full,,M_joint,registered,participant_item_talker_intercepts,test_talker_id,(Intercept),,0.127791852724654,0.357479863383455,False,False,ok
AN19,cnn_2::overall_order_sensitive,full,,M_null,registered,participant_item_talker_intercepts,analysis_item_id,(Intercept),,10.1336174823797,3.183334334056,False,False,ok
AN19,cnn_2::overall_order_sensitive,full,,M_null,registered,participant_item_talker_intercepts,participant_id,(Intercept),,0.111026685504896,0.333206670858938,False,False,ok
AN19,cnn_2::overall_order_sensitive,full,,M_null,registered,participant_item_talker_intercepts,test_talker_id,(Intercept),,0.654238899563733,0.808850356718554,False,False,ok
AN19,cnn_2::overall_order_sensitive,full,,M_predictor,registered,participant_item_talker_intercepts,analysis_item_id,(Intercept),,10.1323086603845,3.18312875334701,False,False,ok
AN19,cnn_2::overall_order_sensitive,full,,M_predictor,registered,participant_item_talker_intercepts,participant_id,(Intercept),,0.105441333975948,0.32471731394545,False,False,ok
AN19,cnn_2::overall_order_sensitive,full,,M_predictor,registered,participant_item_talker_intercepts,test_talker_id,(Intercept),,0.651175908750557,0.806954712948971,False,False,ok
AN19,cnn_3::overall,cv_train,0.0,M_condition,registered,participant_item_talker_intercepts,analysis_item_id,(Intercept),,9.15195466573687,3.02521977147725,False,False,ok
AN19,cnn_3::overall,cv_train,0.0,M_condition,registered,participant_item_talker_intercepts,participant_id,(Intercept),,0.0890435054791092,0.298401584243632,False,False,ok
AN19,cnn_3::overall,cv_train,0.0,M_condition,registered,participant_item_talker_intercepts,test_talker_id,(Intercept),,0.0710724156089509,0.266594102727256,False,False,ok
AN19,cnn_3::overall,cv_train,0.0,M_joint,registered,participant_item_talker_intercepts,analysis_item_id,(Intercept),,9.16921474796061,3.02807112663501,False,False,ok
AN19,cnn_3::overall,cv_train,0.0,M_joint,registered,participant_item_talker_intercepts,participant_id,(Intercept),,0.0859830741936132,0.293228706291886,False,False,ok
AN19,cnn_3::overall,cv_train,0.0,M_joint,registered,participant_item_talker_intercepts,test_talker_id,(Intercept),,0.0671383543567469,0.259110699039517,False,False,ok
AN19,cnn_3::overall,cv_train,0.0,M_null,registered,participant_item_talker_intercepts,analysis_item_id,(Intercept),,9.23140055072136,3.03832199589204,False,False,ok
AN19,cnn_3::overall,cv_train,0.0,M_null,registered,participant_item_talker_intercepts,participant_id,(Intercept),,0.117053527587624,0.342130863249173,False,False,ok
AN19,cnn_3::overall,cv_train,0.0,M_null,registered,participant_item_talker_intercepts,test_talker_id,(Intercept),,0.58150805824082,0.762566756579921,False,False,ok
AN19,cnn_3::overall,cv_train,0.0,M_predictor,registered,participant_item_talker_intercepts,analysis_item_id,(Intercept),,9.23175266758505,3.03837994128204,False,False,ok
AN19,cnn_3::overall,cv_train,0.0,M_predictor,registered,participant_item_talker_intercepts,participant_id,(Intercept),,0.117118440610953,0.342225715882008,False,False,ok
AN19,cnn_3::overall,cv_train,0.0,M_predictor,registered,participant_item_talker_intercepts,test_talker_id,(Intercept),,0.580929394726164,0.762187243875259,False,False,ok
AN19,cnn_3::overall,cv_train,1.0,M_condition,registered,participant_item_talker_intercepts,analysis_item_id,(Intercept),,9.91759612341894,3.14922151069418,False,False,ok
AN19,cnn_3::overall,cv_train,1.0,M_condition,registered,participant_item_talker_intercepts,participant_id,(Intercept),,0.0354891602419515,0.188385668886865,False,False,ok
AN19,cnn_3::overall,cv_train,1.0,M_condition,registered,participant_item_talker_intercepts,test_talker_id,(Intercept),,0.194558220481234,0.44108754287696,False,False,ok
AN19,cnn_3::overall,cv_train,1.0,M_joint,registered,participant_item_talker_intercepts,analysis_item_id,(Intercept),,9.93521525481758,3.15201764824018,False,False,ok
AN19,cnn_3::overall,cv_train,1.0,M_joint,registered,participant_item_talker_intercepts,participant_id,(Intercept),,0.0216440121497231,0.14711904074498,False,False,ok
AN19,cnn_3::overall,cv_train,1.0,M_joint,registered,participant_item_talker_intercepts,test_talker_id,(Intercept),,0.22176473702782,0.470919034471765,False,False,ok
AN19,cnn_3::overall,cv_train,1.0,M_null,registered,participant_item_talker_intercepts,analysis_item_id,(Intercept),,9.97550369020101,3.15840207861523,False,False,ok
AN19,cnn_3::overall,cv_train,1.0,M_null,registered,participant_item_talker_intercepts,participant_id,(Intercept),,0.0656674539861933,0.256256617448591,False,False,ok
AN19,cnn_3::overall,cv_train,1.0,M_null,registered,participant_item_talker_intercepts,test_talker_id,(Intercept),,0.713100540925541,0.844452805623583,False,False,ok
AN19,cnn_3::overall,cv_train,1.0,M_predictor,registered,participant_item_talker_intercepts,analysis_item_id,(Intercept),,9.9860540333052,3.16007183989624,False,False,ok
AN19,cnn_3::overall,cv_train,1.0,M_predictor,registered,participant_item_talker_intercepts,participant_id,(Intercept),,0.0592612058348628,0.243436245934871,False,False,ok
AN19,cnn_3::overall,cv_train,1.0,M_predictor,registered,participant_item_talker_intercepts,test_talker_id,(Intercept),,0.718787281091712,0.847813234793909,False,False,ok
AN19,cnn_3::overall,cv_train,2.0,M_condition,registered,participant_item_talker_intercepts,analysis_item_id,(Intercept),,10.1282320657954,3.1824883449583,False,False,ok
AN19,cnn_3::overall,cv_train,2.0,M_condition,registered,participant_item_talker_intercepts,participant_id,(Intercept),,0.0815288842305195,0.285532632514253,False,False,ok
AN19,cnn_3::overall,cv_train,2.0,M_condition,registered,participant_item_talker_intercepts,test_talker_id,(Intercept),,0.221468461793782,0.470604358026763,False,False,ok
AN19,cnn_3::overall,cv_train,2.0,M_joint,registered,participant_item_talker_intercepts,analysis_item_id,(Intercept),,10.1357303995327,3.18366618845832,False,False,ok
AN19,cnn_3::overall,cv_train,2.0,M_joint,registered,participant_item_talker_intercepts,participant_id,(Intercept),,0.0798906225061051,0.282649292421023,False,False,ok
AN19,cnn_3::overall,cv_train,2.0,M_joint,registered,participant_item_talker_intercepts,test_talker_id,(Intercept),,0.224221314555421,0.473520131098374,False,False,ok
AN19,cnn_3::overall,cv_train,2.0,M_null,registered,participant_item_talker_intercepts,analysis_item_id,(Intercept),,10.1954436844908,3.19303048599459,False,False,ok
AN19,cnn_3::overall,cv_train,2.0,M_null,registered,participant_item_talker_intercepts,participant_id,(Intercept),,0.147709544303434,0.384329994020028,False,False,ok
AN19,cnn_3::overall,cv_train,2.0,M_null,registered,participant_item_talker_intercepts,test_talker_id,(Intercept),,0.875925934984639,0.935909148894613,False,False,ok
AN19,cnn_3::overall,cv_train,2.0,M_predictor,registered,participant_item_talker_intercepts,analysis_item_id,(Intercept),,10.1927035153271,3.19260137119044,False,False,ok
AN19,cnn_3::overall,cv_train,2.0,M_predictor,registered,participant_item_talker_intercepts,participant_id,(Intercept),,0.145901088931164,0.38197001051282,False,False,ok
AN19,cnn_3::overall,cv_train,2.0,M_predictor,registered,participant_item_talker_intercepts,test_talker_id,(Intercept),,0.880658447853153,0.938434040225072,False,False,ok
AN19,cnn_3::overall,full,,M_condition,registered,participant_item_talker_intercepts,analysis_item_id,(Intercept),,10.0610751951221,3.17191979645168,False,False,ok
AN19,cnn_3::overall,full,,M_condition,registered,participant_item_talker_intercepts,participant_id,(Intercept),,0.0800533973983445,0.282937090884784,False,False,ok
AN19,cnn_3::overall,full,,M_condition,registered,participant_item_talker_intercepts,test_talker_id,(Intercept),,0.129901039706348,0.360417868184068,False,False,ok
AN19,cnn_3::overall,full,,M_joint,registered,participant_item_talker_intercepts,analysis_item_id,(Intercept),,10.072999312966,3.17379887720788,False,False,ok
AN19,cnn_3::overall,full,,M_joint,registered,participant_item_talker_intercepts,participant_id,(Intercept),,0.0749800979936638,0.273824940415704,False,False,ok
AN19,cnn_3::overall,full,,M_joint,registered,participant_item_talker_intercepts,test_talker_id,(Intercept),,0.138408024285667,0.372032289305198,False,False,ok
AN19,cnn_3::overall,full,,M_null,registered,participant_item_talker_intercepts,analysis_item_id,(Intercept),,10.1336174823797,3.183334334056,False,False,ok
AN19,cnn_3::overall,full,,M_null,registered,participant_item_talker_intercepts,participant_id,(Intercept),,0.111026685504896,0.333206670858938,False,False,ok
AN19,cnn_3::overall,full,,M_null,registered,participant_item_talker_intercepts,test_talker_id,(Intercept),,0.654238899563733,0.808850356718554,False,False,ok
AN19,cnn_3::overall,full,,M_predictor,registered,participant_item_talker_intercepts,analysis_item_id,(Intercept),,10.139784330777,3.18430280136438,False,False,ok
AN19,cnn_3::overall,full,,M_predictor,registered,participant_item_talker_intercepts,participant_id,(Intercept),,0.110995297371142,0.333159567431497,False,False,ok
AN19,cnn_3::overall,full,,M_predictor,registered,participant_item_talker_intercepts,test_talker_id,(Intercept),,0.652066934487406,0.807506615754574,False,False,ok
AN19,cnn_3::overall_order_sensitive,cv_train,0.0,M_condition,registered,participant_item_talker_intercepts,analysis_item_id,(Intercept),,9.15195466573687,3.02521977147725,False,False,ok
AN19,cnn_3::overall_order_sensitive,cv_train,0.0,M_condition,registered,participant_item_talker_intercepts,participant_id,(Intercept),,0.0890435054791092,0.298401584243632,False,False,ok
AN19,cnn_3::overall_order_sensitive,cv_train,0.0,M_condition,registered,participant_item_talker_intercepts,test_talker_id,(Intercept),,0.0710724156089509,0.266594102727256,False,False,ok
AN19,cnn_3::overall_order_sensitive,cv_train,0.0,M_joint,registered,participant_item_talker_intercepts,analysis_item_id,(Intercept),,9.15390133443943,3.02554149441706,False,False,ok
AN19,cnn_3::overall_order_sensitive,cv_train,0.0,M_joint,registered,participant_item_talker_intercepts,participant_id,(Intercept),,0.0864339530434642,0.293996518760791,False,False,ok
AN19,cnn_3::overall_order_sensitive,cv_train,0.0,M_joint,registered,participant_item_talker_intercepts,test_talker_id,(Intercept),,0.0738699578323843,0.271790282814497,False,False,ok
AN19,cnn_3::overall_order_sensitive,cv_train,0.0,M_null,registered,participant_item_talker_intercepts,analysis_item_id,(Intercept),,9.23140055072136,3.03832199589204,False,False,ok
AN19,cnn_3::overall_order_sensitive,cv_train,0.0,M_null,registered,participant_item_talker_intercepts,participant_id,(Intercept),,0.117053527587624,0.342130863249173,False,False,ok
AN19,cnn_3::overall_order_sensitive,cv_train,0.0,M_null,registered,participant_item_talker_intercepts,test_talker_id,(Intercept),,0.58150805824082,0.762566756579921,False,False,ok
AN19,cnn_3::overall_order_sensitive,cv_train,0.0,M_predictor,registered,participant_item_talker_intercepts,analysis_item_id,(Intercept),,9.23031018801098,3.0381425555775,False,False,ok
AN19,cnn_3::overall_order_sensitive,cv_train,0.0,M_predictor,registered,participant_item_talker_intercepts,participant_id,(Intercept),,0.114735531789088,0.338726337607645,False,False,ok
AN19,cnn_3::overall_order_sensitive,cv_train,0.0,M_predictor,registered,participant_item_talker_intercepts,test_talker_id,(Intercept),,0.5758008334257,0.758815414594156,False,False,ok
AN19,cnn_3::overall_order_sensitive,cv_train,1.0,M_condition,registered,participant_item_talker_intercepts,analysis_item_id,(Intercept),,9.91759612341894,3.14922151069418,False,False,ok
AN19,cnn_3::overall_order_sensitive,cv_train,1.0,M_condition,registered,participant_item_talker_intercepts,participant_id,(Intercept),,0.0354891602419515,0.188385668886865,False,False,ok
AN19,cnn_3::overall_order_sensitive,cv_train,1.0,M_condition,registered,participant_item_talker_intercepts,test_talker_id,(Intercept),,0.194558220481234,0.44108754287696,False,False,ok
AN19,cnn_3::overall_order_sensitive,cv_train,1.0,M_joint,registered,participant_item_talker_intercepts,analysis_item_id,(Intercept),,9.92310598588837,3.15009618676769,False,False,ok
AN19,cnn_3::overall_order_sensitive,cv_train,1.0,M_joint,registered,participant_item_talker_intercepts,participant_id,(Intercept),,0.0283899406265809,0.168493147120531,False,False,ok
AN19,cnn_3::overall_order_sensitive,cv_train,1.0,M_joint,registered,participant_item_talker_intercepts,test_talker_id,(Intercept),,0.207534826279957,0.455559904161853,False,False,ok
AN19,cnn_3::overall_order_sensitive,cv_train,1.0,M_null,registered,participant_item_talker_intercepts,analysis_item_id,(Intercept),,9.97550369020101,3.15840207861523,False,False,ok
AN19,cnn_3::overall_order_sensitive,cv_train,1.0,M_null,registered,participant_item_talker_intercepts,participant_id,(Intercept),,0.0656674539861933,0.256256617448591,False,False,ok
AN19,cnn_3::overall_order_sensitive,cv_train,1.0,M_null,registered,participant_item_talker_intercepts,test_talker_id,(Intercept),,0.713100540925541,0.844452805623583,False,False,ok
AN19,cnn_3::overall_order_sensitive,cv_train,1.0,M_predictor,registered,participant_item_talker_intercepts,analysis_item_id,(Intercept),,9.97928273890691,3.15900027523059,False,False,ok
AN19,cnn_3::overall_order_sensitive,cv_train,1.0,M_predictor,registered,participant_item_talker_intercepts,participant_id,(Intercept),,0.0554927104975284,0.235568908172382,False,False,ok
AN19,cnn_3::overall_order_sensitive,cv_train,1.0,M_predictor,registered,participant_item_talker_intercepts,test_talker_id,(Intercept),,0.715787357099027,0.846042172175257,False,False,ok
AN19,cnn_3::overall_order_sensitive,cv_train,2.0,M_condition,registered,participant_item_talker_intercepts,analysis_item_id,(Intercept),,10.1282320657954,3.1824883449583,False,False,ok
AN19,cnn_3::overall_order_sensitive,cv_train,2.0,M_condition,registered,participant_item_talker_intercepts,participant_id,(Intercept),,0.0815288842305195,0.285532632514253,False,False,ok
AN19,cnn_3::overall_order_sensitive,cv_train,2.0,M_condition,registered,participant_item_talker_intercepts,test_talker_id,(Intercept),,0.221468461793782,0.470604358026763,False,False,ok
AN19,cnn_3::overall_order_sensitive,cv_train,2.0,M_joint,registered,participant_item_talker_intercepts,analysis_item_id,(Intercept),,10.1331677775871,3.18326369903392,False,False,ok
AN19,cnn_3::overall_order_sensitive,cv_train,2.0,M_joint,registered,participant_item_talker_intercepts,participant_id,(Intercept),,0.0766698864084096,0.276893276206573,False,False,ok
AN19,cnn_3::overall_order_sensitive,cv_train,2.0,M_joint,registered,participant_item_talker_intercepts,test_talker_id,(Intercept),,0.228271480457708,0.477777647507403,False,False,ok
AN19,cnn_3::overall_order_sensitive,cv_train,2.0,M_null,registered,participant_item_talker_intercepts,analysis_item_id,(Intercept),,10.1954436844908,3.19303048599459,False,False,ok
AN19,cnn_3::overall_order_sensitive,cv_train,2.0,M_null,registered,participant_item_talker_intercepts,participant_id,(Intercept),,0.147709544303434,0.384329994020028,False,False,ok
AN19,cnn_3::overall_order_sensitive,cv_train,2.0,M_null,registered,participant_item_talker_intercepts,test_talker_id,(Intercept),,0.875925934984639,0.935909148894613,False,False,ok
AN19,cnn_3::overall_order_sensitive,cv_train,2.0,M_predictor,registered,participant_item_talker_intercepts,analysis_item_id,(Intercept),,10.1952770459299,3.19300439178055,False,False,ok
AN19,cnn_3::overall_order_sensitive,cv_train,2.0,M_predictor,registered,participant_item_talker_intercepts,participant_id,(Intercept),,0.140325369746225,0.374600279960152,False,False,ok
AN19,cnn_3::overall_order_sensitive,cv_train,2.0,M_predictor,registered,participant_item_talker_intercepts,test_talker_id,(Intercept),,0.868842018529643,0.93211695539221,False,False,ok
AN19,cnn_3::overall_order_sensitive,full,,M_condition,registered,participant_item_talker_intercepts,analysis_item_id,(Intercept),,10.0610751951221,3.17191979645168,False,False,ok
AN19,cnn_3::overall_order_sensitive,full,,M_condition,registered,participant_item_talker_intercepts,participant_id,(Intercept),,0.0800533973983445,0.282937090884784,False,False,ok
AN19,cnn_3::overall_order_sensitive,full,,M_condition,registered,participant_item_talker_intercepts,test_talker_id,(Intercept),,0.129901039706348,0.360417868184068,False,False,ok
AN19,cnn_3::overall_order_sensitive,full,,M_joint,registered,participant_item_talker_intercepts,analysis_item_id,(Intercept),,10.0652834890265,3.17258309410904,False,False,ok
AN19,cnn_3::overall_order_sensitive,full,,M_joint,registered,participant_item_talker_intercepts,participant_id,(Intercept),,0.0749524251024522,0.273774405491916,False,False,ok
AN19,cnn_3::overall_order_sensitive,full,,M_joint,registered,participant_item_talker_intercepts,test_talker_id,(Intercept),,0.137098004252237,0.370267476633092,False,False,ok
AN19,cnn_3::overall_order_sensitive,full,,M_null,registered,participant_item_talker_intercepts,analysis_item_id,(Intercept),,10.1336174823797,3.183334334056,False,False,ok
AN19,cnn_3::overall_order_sensitive,full,,M_null,registered,participant_item_talker_intercepts,participant_id,(Intercept),,0.111026685504896,0.333206670858938,False,False,ok
AN19,cnn_3::overall_order_sensitive,full,,M_null,registered,participant_item_talker_intercepts,test_talker_id,(Intercept),,0.654238899563733,0.808850356718554,False,False,ok
AN19,cnn_3::overall_order_sensitive,full,,M_predictor,registered,participant_item_talker_intercepts,analysis_item_id,(Intercept),,10.1343877579075,3.18345531740395,False,False,ok
AN19,cnn_3::overall_order_sensitive,full,,M_predictor,registered,participant_item_talker_intercepts,participant_id,(Intercept),,0.1049152964619,0.323906308153916,False,False,ok
AN19,cnn_3::overall_order_sensitive,full,,M_predictor,registered,participant_item_talker_intercepts,test_talker_id,(Intercept),,0.649734590592037,0.806061158096603,False,False,ok
AN19,cnn_4::overall,cv_train,0.0,M_condition,registered,participant_item_talker_intercepts,analysis_item_id,(Intercept),,9.15195466573687,3.02521977147725,False,False,ok
AN19,cnn_4::overall,cv_train,0.0,M_condition,registered,participant_item_talker_intercepts,participant_id,(Intercept),,0.0890435054791092,0.298401584243632,False,False,ok
AN19,cnn_4::overall,cv_train,0.0,M_condition,registered,participant_item_talker_intercepts,test_talker_id,(Intercept),,0.0710724156089509,0.266594102727256,False,False,ok
AN19,cnn_4::overall,cv_train,0.0,M_joint,registered,participant_item_talker_intercepts,analysis_item_id,(Intercept),,9.15131959081782,3.02511480622105,False,False,ok
AN19,cnn_4::overall,cv_train,0.0,M_joint,registered,participant_item_talker_intercepts,participant_id,(Intercept),,0.088072679503878,0.296770415479505,False,False,ok
AN19,cnn_4::overall,cv_train,0.0,M_joint,registered,participant_item_talker_intercepts,test_talker_id,(Intercept),,0.0719891007761261,0.268307847026743,False,False,ok
AN19,cnn_4::overall,cv_train,0.0,M_null,registered,participant_item_talker_intercepts,analysis_item_id,(Intercept),,9.23140055072136,3.03832199589204,False,False,ok
AN19,cnn_4::overall,cv_train,0.0,M_null,registered,participant_item_talker_intercepts,participant_id,(Intercept),,0.117053527587624,0.342130863249173,False,False,ok
AN19,cnn_4::overall,cv_train,0.0,M_null,registered,participant_item_talker_intercepts,test_talker_id,(Intercept),,0.58150805824082,0.762566756579921,False,False,ok
AN19,cnn_4::overall,cv_train,0.0,M_predictor,registered,participant_item_talker_intercepts,analysis_item_id,(Intercept),,9.2316316345354,3.03836002385093,False,False,ok
AN19,cnn_4::overall,cv_train,0.0,M_predictor,registered,participant_item_talker_intercepts,participant_id,(Intercept),,0.116894698017451,0.341898666299609,False,False,ok
AN19,cnn_4::overall,cv_train,0.0,M_predictor,registered,participant_item_talker_intercepts,test_talker_id,(Intercept),,0.581933525523002,0.762845676085931,False,False,ok
AN19,cnn_4::overall,cv_train,1.0,M_condition,registered,participant_item_talker_intercepts,analysis_item_id,(Intercept),,9.91759612341894,3.14922151069418,False,False,ok
AN19,cnn_4::overall,cv_train,1.0,M_condition,registered,participant_item_talker_intercepts,participant_id,(Intercept),,0.0354891602419515,0.188385668886865,False,False,ok
AN19,cnn_4::overall,cv_train,1.0,M_condition,registered,participant_item_talker_intercepts,test_talker_id,(Intercept),,0.194558220481234,0.44108754287696,False,False,ok
AN19,cnn_4::overall,cv_train,1.0,M_joint,registered,participant_item_talker_intercepts,analysis_item_id,(Intercept),,9.91727125580651,3.14916993123688,False,False,ok
AN19,cnn_4::overall,cv_train,1.0,M_joint,registered,participant_item_talker_intercepts,participant_id,(Intercept),,0.0344494042363822,0.185605507020622,False,False,ok
AN19,cnn_4::overall,cv_train,1.0,M_joint,registered,participant_item_talker_intercepts,test_talker_id,(Intercept),,0.196111948303278,0.442845287096157,False,False,ok
AN19,cnn_4::overall,cv_train,1.0,M_null,registered,participant_item_talker_intercepts,analysis_item_id,(Intercept),,9.97550369020101,3.15840207861523,False,False,ok
AN19,cnn_4::overall,cv_train,1.0,M_null,registered,participant_item_talker_intercepts,participant_id,(Intercept),,0.0656674539861933,0.256256617448591,False,False,ok
AN19,cnn_4::overall,cv_train,1.0,M_null,registered,participant_item_talker_intercepts,test_talker_id,(Intercept),,0.713100540925541,0.844452805623583,False,False,ok
AN19,cnn_4::overall,cv_train,1.0,M_predictor,registered,participant_item_talker_intercepts,analysis_item_id,(Intercept),,9.97656451506829,3.1585700111076,False,False,ok
AN19,cnn_4::overall,cv_train,1.0,M_predictor,registered,participant_item_talker_intercepts,participant_id,(Intercept),,0.0649091394565156,0.254772721178143,False,False,ok
AN19,cnn_4::overall,cv_train,1.0,M_predictor,registered,participant_item_talker_intercepts,test_talker_id,(Intercept),,0.714393741477987,0.845218162061125,False,False,ok
AN19,cnn_4::overall,cv_train,2.0,M_condition,registered,participant_item_talker_intercepts,analysis_item_id,(Intercept),,10.1282320657954,3.1824883449583,False,False,ok
AN19,cnn_4::overall,cv_train,2.0,M_condition,registered,participant_item_talker_intercepts,participant_id,(Intercept),,0.0815288842305195,0.285532632514253,False,False,ok
AN19,cnn_4::overall,cv_train,2.0,M_condition,registered,participant_item_talker_intercepts,test_talker_id,(Intercept),,0.221468461793782,0.470604358026763,False,False,ok
AN19,cnn_4::overall,cv_train,2.0,M_joint,registered,participant_item_talker_intercepts,analysis_item_id,(Intercept),,10.1282329540297,3.18248848450857,False,False,ok
AN19,cnn_4::overall,cv_train,2.0,M_joint,registered,participant_item_talker_intercepts,participant_id,(Intercept),,0.0782620982147693,0.279753638429904,False,False,ok
AN19,cnn_4::overall,cv_train,2.0,M_joint,registered,participant_item_talker_intercepts,test_talker_id,(Intercept),,0.225797077802019,0.475181100005061,False,False,ok
AN19,cnn_4::overall,cv_train,2.0,M_null,registered,participant_item_talker_intercepts,analysis_item_id,(Intercept),,10.1954436844908,3.19303048599459,False,False,ok
AN19,cnn_4::overall,cv_train,2.0,M_null,registered,participant_item_talker_intercepts,participant_id,(Intercept),,0.147709544303434,0.384329994020028,False,False,ok
AN19,cnn_4::overall,cv_train,2.0,M_null,registered,participant_item_talker_intercepts,test_talker_id,(Intercept),,0.875925934984639,0.935909148894613,False,False,ok
AN19,cnn_4::overall,cv_train,2.0,M_predictor,registered,participant_item_talker_intercepts,analysis_item_id,(Intercept),,10.1954053536689,3.19302448372524,False,False,ok
AN19,cnn_4::overall,cv_train,2.0,M_predictor,registered,participant_item_talker_intercepts,participant_id,(Intercept),,0.147702312579998,0.384320585683356,False,False,ok
AN19,cnn_4::overall,cv_train,2.0,M_predictor,registered,participant_item_talker_intercepts,test_talker_id,(Intercept),,0.875877430415973,0.935883235460478,False,False,ok
AN19,cnn_4::overall,full,,M_condition,registered,participant_item_talker_intercepts,analysis_item_id,(Intercept),,10.0610751951221,3.17191979645168,False,False,ok
AN19,cnn_4::overall,full,,M_condition,registered,participant_item_talker_intercepts,participant_id,(Intercept),,0.0800533973983445,0.282937090884784,False,False,ok
AN19,cnn_4::overall,full,,M_condition,registered,participant_item_talker_intercepts,test_talker_id,(Intercept),,0.129901039706348,0.360417868184068,False,False,ok
AN19,cnn_4::overall,full,,M_joint,registered,participant_item_talker_intercepts,analysis_item_id,(Intercept),,10.0606007561555,3.1718450082177,False,False,ok
AN19,cnn_4::overall,full,,M_joint,registered,participant_item_talker_intercepts,participant_id,(Intercept),,0.0781371167475695,0.279530171444103,False,False,ok
AN19,cnn_4::overall,full,,M_joint,registered,participant_item_talker_intercepts,test_talker_id,(Intercept),,0.132273998710473,0.363694925329559,False,False,ok
AN19,cnn_4::overall,full,,M_null,registered,participant_item_talker_intercepts,analysis_item_id,(Intercept),,10.1336174823797,3.183334334056,False,False,ok
AN19,cnn_4::overall,full,,M_null,registered,participant_item_talker_intercepts,participant_id,(Intercept),,0.111026685504896,0.333206670858938,False,False,ok
AN19,cnn_4::overall,full,,M_null,registered,participant_item_talker_intercepts,test_talker_id,(Intercept),,0.654238899563733,0.808850356718554,False,False,ok
AN19,cnn_4::overall,full,,M_predictor,registered,participant_item_talker_intercepts,analysis_item_id,(Intercept),,10.1337050964896,3.18334809540045,False,False,ok
AN19,cnn_4::overall,full,,M_predictor,registered,participant_item_talker_intercepts,participant_id,(Intercept),,0.111005590041924,0.333175014132099,False,False,ok
AN19,cnn_4::overall,full,,M_predictor,registered,participant_item_talker_intercepts,test_talker_id,(Intercept),,0.654344828336293,0.808915835137558,False,False,ok
AN19,cnn_4::overall_order_sensitive,cv_train,0.0,M_condition,registered,participant_item_talker_intercepts,analysis_item_id,(Intercept),,9.15195466573687,3.02521977147725,False,False,ok
AN19,cnn_4::overall_order_sensitive,cv_train,0.0,M_condition,registered,participant_item_talker_intercepts,participant_id,(Intercept),,0.0890435054791092,0.298401584243632,False,False,ok
AN19,cnn_4::overall_order_sensitive,cv_train,0.0,M_condition,registered,participant_item_talker_intercepts,test_talker_id,(Intercept),,0.0710724156089509,0.266594102727256,False,False,ok
AN19,cnn_4::overall_order_sensitive,cv_train,0.0,M_joint,registered,participant_item_talker_intercepts,analysis_item_id,(Intercept),,9.15149445035601,3.02514370738912,False,False,ok
AN19,cnn_4::overall_order_sensitive,cv_train,0.0,M_joint,registered,participant_item_talker_intercepts,participant_id,(Intercept),,0.0877171992646786,0.296170895370694,False,False,ok
AN19,cnn_4::overall_order_sensitive,cv_train,0.0,M_joint,registered,participant_item_talker_intercepts,test_talker_id,(Intercept),,0.0723284035952895,0.268939405062348,False,False,ok
AN19,cnn_4::overall_order_sensitive,cv_train,0.0,M_null,registered,participant_item_talker_intercepts,analysis_item_id,(Intercept),,9.23140055072136,3.03832199589204,False,False,ok
AN19,cnn_4::overall_order_sensitive,cv_train,0.0,M_null,registered,participant_item_talker_intercepts,participant_id,(Intercept),,0.117053527587624,0.342130863249173,False,False,ok
AN19,cnn_4::overall_order_sensitive,cv_train,0.0,M_null,registered,participant_item_talker_intercepts,test_talker_id,(Intercept),,0.58150805824082,0.762566756579921,False,False,ok
AN19,cnn_4::overall_order_sensitive,cv_train,0.0,M_predictor,registered,participant_item_talker_intercepts,analysis_item_id,(Intercept),,9.22683721167796,3.03757093936553,False,False,ok
AN19,cnn_4::overall_order_sensitive,cv_train,0.0,M_predictor,registered,participant_item_talker_intercepts,participant_id,(Intercept),,0.111490973956495,0.333902641433839,False,False,ok
AN19,cnn_4::overall_order_sensitive,cv_train,0.0,M_predictor,registered,participant_item_talker_intercepts,test_talker_id,(Intercept),,0.581915623562779,0.762833942324788,False,False,ok
AN19,cnn_4::overall_order_sensitive,cv_train,1.0,M_condition,registered,participant_item_talker_intercepts,analysis_item_id,(Intercept),,9.91759612341894,3.14922151069418,False,False,ok
AN19,cnn_4::overall_order_sensitive,cv_train,1.0,M_condition,registered,participant_item_talker_intercepts,participant_id,(Intercept),,0.0354891602419515,0.188385668886865,False,False,ok
AN19,cnn_4::overall_order_sensitive,cv_train,1.0,M_condition,registered,participant_item_talker_intercepts,test_talker_id,(Intercept),,0.194558220481234,0.44108754287696,False,False,ok
AN19,cnn_4::overall_order_sensitive,cv_train,1.0,M_joint,registered,participant_item_talker_intercepts,analysis_item_id,(Intercept),,9.91789936218016,3.14926965536141,False,False,ok
AN19,cnn_4::overall_order_sensitive,cv_train,1.0,M_joint,registered,participant_item_talker_intercepts,participant_id,(Intercept),,0.034152594037416,0.184804204598856,False,False,ok
AN19,cnn_4::overall_order_sensitive,cv_train,1.0,M_joint,registered,participant_item_talker_intercepts,test_talker_id,(Intercept),,0.197101532579076,0.443961183640052,False,False,ok
AN19,cnn_4::overall_order_sensitive,cv_train,1.0,M_null,registered,participant_item_talker_intercepts,analysis_item_id,(Intercept),,9.97550369020101,3.15840207861523,False,False,ok
AN19,cnn_4::overall_order_sensitive,cv_train,1.0,M_null,registered,participant_item_talker_intercepts,participant_id,(Intercept),,0.0656674539861933,0.256256617448591,False,False,ok
AN19,cnn_4::overall_order_sensitive,cv_train,1.0,M_null,registered,participant_item_talker_intercepts,test_talker_id,(Intercept),,0.713100540925541,0.844452805623583,False,False,ok
AN19,cnn_4::overall_order_sensitive,cv_train,1.0,M_predictor,registered,participant_item_talker_intercepts,analysis_item_id,(Intercept),,9.97283226919939,3.15797914324959,False,False,ok
AN19,cnn_4::overall_order_sensitive,cv_train,1.0,M_predictor,registered,participant_item_talker_intercepts,participant_id,(Intercept),,0.0628917703735927,0.250782316708321,False,False,ok
AN19,cnn_4::overall_order_sensitive,cv_train,1.0,M_predictor,registered,participant_item_talker_intercepts,test_talker_id,(Intercept),,0.710793526496325,0.843085717170161,False,False,ok
AN19,cnn_4::overall_order_sensitive,cv_train,2.0,M_condition,registered,participant_item_talker_intercepts,analysis_item_id,(Intercept),,10.1282320657954,3.1824883449583,False,False,ok
AN19,cnn_4::overall_order_sensitive,cv_train,2.0,M_condition,registered,participant_item_talker_intercepts,participant_id,(Intercept),,0.0815288842305195,0.285532632514253,False,False,ok
AN19,cnn_4::overall_order_sensitive,cv_train,2.0,M_condition,registered,participant_item_talker_intercepts,test_talker_id,(Intercept),,0.221468461793782,0.470604358026763,False,False,ok
AN19,cnn_4::overall_order_sensitive,cv_train,2.0,M_joint,registered,participant_item_talker_intercepts,analysis_item_id,(Intercept),,10.1290082600663,3.18261029032245,False,False,ok
AN19,cnn_4::overall_order_sensitive,cv_train,2.0,M_joint,registered,participant_item_talker_intercepts,participant_id,(Intercept),,0.0766240280670334,0.276810455125946,False,False,ok
AN19,cnn_4::overall_order_sensitive,cv_train,2.0,M_joint,registered,participant_item_talker_intercepts,test_talker_id,(Intercept),,0.228712338537573,0.478238788198503,False,False,ok
AN19,cnn_4::overall_order_sensitive,cv_train,2.0,M_null,registered,participant_item_talker_intercepts,analysis_item_id,(Intercept),,10.1954436844908,3.19303048599459,False,False,ok
AN19,cnn_4::overall_order_sensitive,cv_train,2.0,M_null,registered,participant_item_talker_intercepts,participant_id,(Intercept),,0.147709544303434,0.384329994020028,False,False,ok
AN19,cnn_4::overall_order_sensitive,cv_train,2.0,M_null,registered,participant_item_talker_intercepts,test_talker_id,(Intercept),,0.875925934984639,0.935909148894613,False,False,ok
AN19,cnn_4::overall_order_sensitive,cv_train,2.0,M_predictor,registered,participant_item_talker_intercepts,analysis_item_id,(Intercept),,10.1824269522722,3.19099153121286,False,False,ok
AN19,cnn_4::overall_order_sensitive,cv_train,2.0,M_predictor,registered,participant_item_talker_intercepts,participant_id,(Intercept),,0.118280940484618,0.34391996232353,False,False,ok
AN19,cnn_4::overall_order_sensitive,cv_train,2.0,M_predictor,registered,participant_item_talker_intercepts,test_talker_id,(Intercept),,0.883042190171975,0.939703245802618,False,False,ok
AN19,cnn_4::overall_order_sensitive,full,,M_condition,registered,participant_item_talker_intercepts,analysis_item_id,(Intercept),,10.0610751951221,3.17191979645168,False,False,ok
AN19,cnn_4::overall_order_sensitive,full,,M_condition,registered,participant_item_talker_intercepts,participant_id,(Intercept),,0.0800533973983445,0.282937090884784,False,False,ok
AN19,cnn_4::overall_order_sensitive,full,,M_condition,registered,participant_item_talker_intercepts,test_talker_id,(Intercept),,0.129901039706348,0.360417868184068,False,False,ok
AN19,cnn_4::overall_order_sensitive,full,,M_joint,registered,participant_item_talker_intercepts,analysis_item_id,(Intercept),,10.0610929972586,3.17192260265892,False,False,ok
AN19,cnn_4::overall_order_sensitive,full,,M_joint,registered,participant_item_talker_intercepts,participant_id,(Intercept),,0.077418344523915,0.278241521926392,False,False,ok
AN19,cnn_4::overall_order_sensitive,full,,M_joint,registered,participant_item_talker_intercepts,test_talker_id,(Intercept),,0.133510290037625,0.365390599273744,False,False,ok
AN19,cnn_4::overall_order_sensitive,full,,M_null,registered,participant_item_talker_intercepts,analysis_item_id,(Intercept),,10.1336174823797,3.183334334056,False,False,ok
AN19,cnn_4::overall_order_sensitive,full,,M_null,registered,participant_item_talker_intercepts,participant_id,(Intercept),,0.111026685504896,0.333206670858938,False,False,ok
AN19,cnn_4::overall_order_sensitive,full,,M_null,registered,participant_item_talker_intercepts,test_talker_id,(Intercept),,0.654238899563733,0.808850356718554,False,False,ok
AN19,cnn_4::overall_order_sensitive,full,,M_predictor,registered,participant_item_talker_intercepts,analysis_item_id,(Intercept),,10.1271750552991,3.18232227395327,False,False,ok
AN19,cnn_4::overall_order_sensitive,full,,M_predictor,registered,participant_item_talker_intercepts,participant_id,(Intercept),,0.101133267353563,0.318014570976808,False,False,ok
AN19,cnn_4::overall_order_sensitive,full,,M_predictor,registered,participant_item_talker_intercepts,test_talker_id,(Intercept),,0.654316815899009,0.808898520148856,False,False,ok
AN19,cnn_5::overall,cv_train,0.0,M_condition,registered,participant_item_talker_intercepts,analysis_item_id,(Intercept),,9.15195466573687,3.02521977147725,False,False,ok
AN19,cnn_5::overall,cv_train,0.0,M_condition,registered,participant_item_talker_intercepts,participant_id,(Intercept),,0.0890435054791092,0.298401584243632,False,False,ok
AN19,cnn_5::overall,cv_train,0.0,M_condition,registered,participant_item_talker_intercepts,test_talker_id,(Intercept),,0.0710724156089509,0.266594102727256,False,False,ok
AN19,cnn_5::overall,cv_train,0.0,M_joint,registered,participant_item_talker_intercepts,analysis_item_id,(Intercept),,9.15145947086511,3.02513792592422,False,False,ok
AN19,cnn_5::overall,cv_train,0.0,M_joint,registered,participant_item_talker_intercepts,participant_id,(Intercept),,0.0881836952467573,0.29695739634964,False,False,ok
AN19,cnn_5::overall,cv_train,0.0,M_joint,registered,participant_item_talker_intercepts,test_talker_id,(Intercept),,0.0686790314568566,0.262066845397995,False,False,ok
AN19,cnn_5::overall,cv_train,0.0,M_null,registered,participant_item_talker_intercepts,analysis_item_id,(Intercept),,9.23140055072136,3.03832199589204,False,False,ok
AN19,cnn_5::overall,cv_train,0.0,M_null,registered,participant_item_talker_intercepts,participant_id,(Intercept),,0.117053527587624,0.342130863249173,False,False,ok
AN19,cnn_5::overall,cv_train,0.0,M_null,registered,participant_item_talker_intercepts,test_talker_id,(Intercept),,0.58150805824082,0.762566756579921,False,False,ok
AN19,cnn_5::overall,cv_train,0.0,M_predictor,registered,participant_item_talker_intercepts,analysis_item_id,(Intercept),,9.23102233894486,3.03825975501517,False,False,ok
AN19,cnn_5::overall,cv_train,0.0,M_predictor,registered,participant_item_talker_intercepts,participant_id,(Intercept),,0.112116207316111,0.334837583488041,False,False,ok
AN19,cnn_5::overall,cv_train,0.0,M_predictor,registered,participant_item_talker_intercepts,test_talker_id,(Intercept),,0.583430468438919,0.763826203032417,False,False,ok
AN19,cnn_5::overall,cv_train,1.0,M_condition,registered,participant_item_talker_intercepts,analysis_item_id,(Intercept),,9.91759612341894,3.14922151069418,False,False,ok
AN19,cnn_5::overall,cv_train,1.0,M_condition,registered,participant_item_talker_intercepts,participant_id,(Intercept),,0.0354891602419515,0.188385668886865,False,False,ok
AN19,cnn_5::overall,cv_train,1.0,M_condition,registered,participant_item_talker_intercepts,test_talker_id,(Intercept),,0.194558220481234,0.44108754287696,False,False,ok
AN19,cnn_5::overall,cv_train,1.0,M_joint,registered,participant_item_talker_intercepts,analysis_item_id,(Intercept),,9.91641701359728,3.14903429857429,False,False,ok
AN19,cnn_5::overall,cv_train,1.0,M_joint,registered,participant_item_talker_intercepts,participant_id,(Intercept),,0.0352135786479724,0.187652814122177,False,False,ok
AN19,cnn_5::overall,cv_train,1.0,M_joint,registered,participant_item_talker_intercepts,test_talker_id,(Intercept),,0.192364138976837,0.438593364036481,False,False,ok
AN19,cnn_5::overall,cv_train,1.0,M_null,registered,participant_item_talker_intercepts,analysis_item_id,(Intercept),,9.97550369020101,3.15840207861523,False,False,ok
AN19,cnn_5::overall,cv_train,1.0,M_null,registered,participant_item_talker_intercepts,participant_id,(Intercept),,0.0656674539861933,0.256256617448591,False,False,ok
AN19,cnn_5::overall,cv_train,1.0,M_null,registered,participant_item_talker_intercepts,test_talker_id,(Intercept),,0.713100540925541,0.844452805623583,False,False,ok
AN19,cnn_5::overall,cv_train,1.0,M_predictor,registered,participant_item_talker_intercepts,analysis_item_id,(Intercept),,9.97573899354059,3.15843932877309,False,False,ok
AN19,cnn_5::overall,cv_train,1.0,M_predictor,registered,participant_item_talker_intercepts,participant_id,(Intercept),,0.065711324350173,0.256342201656639,False,False,ok
AN19,cnn_5::overall,cv_train,1.0,M_predictor,registered,participant_item_talker_intercepts,test_talker_id,(Intercept),,0.713152803783677,0.844483749863594,False,False,ok
AN19,cnn_5::overall,cv_train,2.0,M_condition,registered,participant_item_talker_intercepts,analysis_item_id,(Intercept),,10.1282320657954,3.1824883449583,False,False,ok
AN19,cnn_5::overall,cv_train,2.0,M_condition,registered,participant_item_talker_intercepts,participant_id,(Intercept),,0.0815288842305195,0.285532632514253,False,False,ok
AN19,cnn_5::overall,cv_train,2.0,M_condition,registered,participant_item_talker_intercepts,test_talker_id,(Intercept),,0.221468461793782,0.470604358026763,False,False,ok
AN19,cnn_5::overall,cv_train,2.0,M_joint,registered,participant_item_talker_intercepts,analysis_item_id,(Intercept),,10.1283085769072,3.18250036557849,False,False,ok
AN19,cnn_5::overall,cv_train,2.0,M_joint,registered,participant_item_talker_intercepts,participant_id,(Intercept),,0.0808907296853029,0.284412956254287,False,False,ok
AN19,cnn_5::overall,cv_train,2.0,M_joint,registered,participant_item_talker_intercepts,test_talker_id,(Intercept),,0.22421883955452,0.473517517684953,False,False,ok
AN19,cnn_5::overall,cv_train,2.0,M_null,registered,participant_item_talker_intercepts,analysis_item_id,(Intercept),,10.1954436844908,3.19303048599459,False,False,ok
AN19,cnn_5::overall,cv_train,2.0,M_null,registered,participant_item_talker_intercepts,participant_id,(Intercept),,0.147709544303434,0.384329994020028,False,False,ok
AN19,cnn_5::overall,cv_train,2.0,M_null,registered,participant_item_talker_intercepts,test_talker_id,(Intercept),,0.875925934984639,0.935909148894613,False,False,ok
AN19,cnn_5::overall,cv_train,2.0,M_predictor,registered,participant_item_talker_intercepts,analysis_item_id,(Intercept),,10.1955873609484,3.19305298436284,False,False,ok
AN19,cnn_5::overall,cv_train,2.0,M_predictor,registered,participant_item_talker_intercepts,participant_id,(Intercept),,0.14352824071439,0.378851211842314,False,False,ok
AN19,cnn_5::overall,cv_train,2.0,M_predictor,registered,participant_item_talker_intercepts,test_talker_id,(Intercept),,0.876018688189383,0.93595870004471,False,False,ok
AN19,cnn_5::overall,full,,M_condition,registered,participant_item_talker_intercepts,analysis_item_id,(Intercept),,10.0610751951221,3.17191979645168,False,False,ok
AN19,cnn_5::overall,full,,M_condition,registered,participant_item_talker_intercepts,participant_id,(Intercept),,0.0800533973983445,0.282937090884784,False,False,ok
AN19,cnn_5::overall,full,,M_condition,registered,participant_item_talker_intercepts,test_talker_id,(Intercept),,0.129901039706348,0.360417868184068,False,False,ok
AN19,cnn_5::overall,full,,M_joint,registered,participant_item_talker_intercepts,analysis_item_id,(Intercept),,10.060971801386,3.17190349812002,False,False,ok
AN19,cnn_5::overall,full,,M_joint,registered,participant_item_talker_intercepts,participant_id,(Intercept),,0.0800717577255561,0.282969534977807,False,False,ok
AN19,cnn_5::overall,full,,M_joint,registered,participant_item_talker_intercepts,test_talker_id,(Intercept),,0.128793129024988,0.358877596159175,False,False,ok
AN19,cnn_5::overall,full,,M_null,registered,participant_item_talker_intercepts,analysis_item_id,(Intercept),,10.1336174823797,3.183334334056,False,False,ok
AN19,cnn_5::overall,full,,M_null,registered,participant_item_talker_intercepts,participant_id,(Intercept),,0.111026685504896,0.333206670858938,False,False,ok
AN19,cnn_5::overall,full,,M_null,registered,participant_item_talker_intercepts,test_talker_id,(Intercept),,0.654238899563733,0.808850356718554,False,False,ok
AN19,cnn_5::overall,full,,M_predictor,registered,participant_item_talker_intercepts,analysis_item_id,(Intercept),,10.1323542500975,3.18313591448708,False,False,ok
AN19,cnn_5::overall,full,,M_predictor,registered,participant_item_talker_intercepts,participant_id,(Intercept),,0.109022610311388,0.330185720938062,False,False,ok
AN19,cnn_5::overall,full,,M_predictor,registered,participant_item_talker_intercepts,test_talker_id,(Intercept),,0.654305786233878,0.808891702413789,False,False,ok
AN19,cnn_5::overall_order_sensitive,cv_train,0.0,M_condition,registered,participant_item_talker_intercepts,analysis_item_id,(Intercept),,9.15195466573687,3.02521977147725,False,False,ok
AN19,cnn_5::overall_order_sensitive,cv_train,0.0,M_condition,registered,participant_item_talker_intercepts,participant_id,(Intercept),,0.0890435054791092,0.298401584243632,False,False,ok
AN19,cnn_5::overall_order_sensitive,cv_train,0.0,M_condition,registered,participant_item_talker_intercepts,test_talker_id,(Intercept),,0.0710724156089509,0.266594102727256,False,False,ok
AN19,cnn_5::overall_order_sensitive,cv_train,0.0,M_joint,registered,participant_item_talker_intercepts,analysis_item_id,(Intercept),,9.16110732440607,3.0267321196971,False,False,ok
AN19,cnn_5::overall_order_sensitive,cv_train,0.0,M_joint,registered,participant_item_talker_intercepts,participant_id,(Intercept),,0.0828929858668746,0.28791142017446,False,False,ok
AN19,cnn_5::overall_order_sensitive,cv_train,0.0,M_joint,registered,participant_item_talker_intercepts,test_talker_id,(Intercept),,0.06396915406803,0.25292124083997,False,False,ok
AN19,cnn_5::overall_order_sensitive,cv_train,0.0,M_null,registered,participant_item_talker_intercepts,analysis_item_id,(Intercept),,9.23140055072136,3.03832199589204,False,False,ok
AN19,cnn_5::overall_order_sensitive,cv_train,0.0,M_null,registered,participant_item_talker_intercepts,participant_id,(Intercept),,0.117053527587624,0.342130863249173,False,False,ok
AN19,cnn_5::overall_order_sensitive,cv_train,0.0,M_null,registered,participant_item_talker_intercepts,test_talker_id,(Intercept),,0.58150805824082,0.762566756579921,False,False,ok
AN19,cnn_5::overall_order_sensitive,cv_train,0.0,M_predictor,registered,participant_item_talker_intercepts,analysis_item_id,(Intercept),,9.22884076464494,3.03790071671951,False,False,ok
AN19,cnn_5::overall_order_sensitive,cv_train,0.0,M_predictor,registered,participant_item_talker_intercepts,participant_id,(Intercept),,0.109228297125652,0.330497045562668,False,False,ok
AN19,cnn_5::overall_order_sensitive,cv_train,0.0,M_predictor,registered,participant_item_talker_intercepts,test_talker_id,(Intercept),,0.582616437633659,0.763293153142132,False,False,ok
AN19,cnn_5::overall_order_sensitive,cv_train,1.0,M_condition,registered,participant_item_talker_intercepts,analysis_item_id,(Intercept),,9.91759612341894,3.14922151069418,False,False,ok
AN19,cnn_5::overall_order_sensitive,cv_train,1.0,M_condition,registered,participant_item_talker_intercepts,participant_id,(Intercept),,0.0354891602419515,0.188385668886865,False,False,ok
AN19,cnn_5::overall_order_sensitive,cv_train,1.0,M_condition,registered,participant_item_talker_intercepts,test_talker_id,(Intercept),,0.194558220481234,0.44108754287696,False,False,ok
AN19,cnn_5::overall_order_sensitive,cv_train,1.0,M_joint,registered,participant_item_talker_intercepts,analysis_item_id,(Intercept),,9.93677189776473,3.15226456658776,False,False,ok
AN19,cnn_5::overall_order_sensitive,cv_train,1.0,M_joint,registered,participant_item_talker_intercepts,participant_id,(Intercept),,0.0298575338215943,0.172793326901227,False,False,ok
AN19,cnn_5::overall_order_sensitive,cv_train,1.0,M_joint,registered,participant_item_talker_intercepts,test_talker_id,(Intercept),,0.176445561324569,0.420054236170247,False,False,ok
AN19,cnn_5::overall_order_sensitive,cv_train,1.0,M_null,registered,participant_item_talker_intercepts,analysis_item_id,(Intercept),,9.97550369020101,3.15840207861523,False,False,ok
AN19,cnn_5::overall_order_sensitive,cv_train,1.0,M_null,registered,participant_item_talker_intercepts,participant_id,(Intercept),,0.0656674539861933,0.256256617448591,False,False,ok
AN19,cnn_5::overall_order_sensitive,cv_train,1.0,M_null,registered,participant_item_talker_intercepts,test_talker_id,(Intercept),,0.713100540925541,0.844452805623583,False,False,ok
AN19,cnn_5::overall_order_sensitive,cv_train,1.0,M_predictor,registered,participant_item_talker_intercepts,analysis_item_id,(Intercept),,9.97462995017569,3.15826375563785,False,False,ok
AN19,cnn_5::overall_order_sensitive,cv_train,1.0,M_predictor,registered,participant_item_talker_intercepts,participant_id,(Intercept),,0.0591739091491318,0.243256878934865,False,False,ok
AN19,cnn_5::overall_order_sensitive,cv_train,1.0,M_predictor,registered,participant_item_talker_intercepts,test_talker_id,(Intercept),,0.711829335678733,0.843699790019373,False,False,ok
AN19,cnn_5::overall_order_sensitive,cv_train,2.0,M_condition,registered,participant_item_talker_intercepts,analysis_item_id,(Intercept),,10.1282320657954,3.1824883449583,False,False,ok
AN19,cnn_5::overall_order_sensitive,cv_train,2.0,M_condition,registered,participant_item_talker_intercepts,participant_id,(Intercept),,0.0815288842305195,0.285532632514253,False,False,ok
AN19,cnn_5::overall_order_sensitive,cv_train,2.0,M_condition,registered,participant_item_talker_intercepts,test_talker_id,(Intercept),,0.221468461793782,0.470604358026763,False,False,ok
AN19,cnn_5::overall_order_sensitive,cv_train,2.0,M_joint,registered,participant_item_talker_intercepts,analysis_item_id,(Intercept),,10.1305677847523,3.18285528806326,False,False,ok
AN19,cnn_5::overall_order_sensitive,cv_train,2.0,M_joint,registered,participant_item_talker_intercepts,participant_id,(Intercept),,0.0789958385235986,0.281061983419314,False,False,ok
AN19,cnn_5::overall_order_sensitive,cv_train,2.0,M_joint,registered,participant_item_talker_intercepts,test_talker_id,(Intercept),,0.221321650173902,0.47044835016599,False,False,ok
AN19,cnn_5::overall_order_sensitive,cv_train,2.0,M_null,registered,participant_item_talker_intercepts,analysis_item_id,(Intercept),,10.1954436844908,3.19303048599459,False,False,ok
AN19,cnn_5::overall_order_sensitive,cv_train,2.0,M_null,registered,participant_item_talker_intercepts,participant_id,(Intercept),,0.147709544303434,0.384329994020028,False,False,ok
AN19,cnn_5::overall_order_sensitive,cv_train,2.0,M_null,registered,participant_item_talker_intercepts,test_talker_id,(Intercept),,0.875925934984639,0.935909148894613,False,False,ok
AN19,cnn_5::overall_order_sensitive,cv_train,2.0,M_predictor,registered,participant_item_talker_intercepts,analysis_item_id,(Intercept),,10.1900892687303,3.1921919222895,False,False,ok
AN19,cnn_5::overall_order_sensitive,cv_train,2.0,M_predictor,registered,participant_item_talker_intercepts,participant_id,(Intercept),,0.128855356705093,0.358964283327873,False,False,ok
AN19,cnn_5::overall_order_sensitive,cv_train,2.0,M_predictor,registered,participant_item_talker_intercepts,test_talker_id,(Intercept),,0.87305636279251,0.934374851327084,False,False,ok
AN19,cnn_5::overall_order_sensitive,full,,M_condition,registered,participant_item_talker_intercepts,analysis_item_id,(Intercept),,10.0610751951221,3.17191979645168,False,False,ok
AN19,cnn_5::overall_order_sensitive,full,,M_condition,registered,participant_item_talker_intercepts,participant_id,(Intercept),,0.0800533973983445,0.282937090884784,False,False,ok
AN19,cnn_5::overall_order_sensitive,full,,M_condition,registered,participant_item_talker_intercepts,test_talker_id,(Intercept),,0.129901039706348,0.360417868184068,False,False,ok
AN19,cnn_5::overall_order_sensitive,full,,M_joint,registered,participant_item_talker_intercepts,analysis_item_id,(Intercept),,10.0631274592715,3.17224328500692,False,False,ok
AN19,cnn_5::overall_order_sensitive,full,,M_joint,registered,participant_item_talker_intercepts,participant_id,(Intercept),,0.0752188087704966,0.274260476136276,False,False,ok
AN19,cnn_5::overall_order_sensitive,full,,M_joint,registered,participant_item_talker_intercepts,test_talker_id,(Intercept),,0.131135114841922,0.362125827361045,False,False,ok
AN19,cnn_5::overall_order_sensitive,full,,M_null,registered,participant_item_talker_intercepts,analysis_item_id,(Intercept),,10.1336174823797,3.183334334056,False,False,ok
AN19,cnn_5::overall_order_sensitive,full,,M_null,registered,participant_item_talker_intercepts,participant_id,(Intercept),,0.111026685504896,0.333206670858938,False,False,ok
AN19,cnn_5::overall_order_sensitive,full,,M_null,registered,participant_item_talker_intercepts,test_talker_id,(Intercept),,0.654238899563733,0.808850356718554,False,False,ok
AN19,cnn_5::overall_order_sensitive,full,,M_predictor,registered,participant_item_talker_intercepts,analysis_item_id,(Intercept),,10.1313154310263,3.18297273488579,False,False,ok
AN19,cnn_5::overall_order_sensitive,full,,M_predictor,registered,participant_item_talker_intercepts,participant_id,(Intercept),,0.100870593609206,0.31760131235435,False,False,ok
AN19,cnn_5::overall_order_sensitive,full,,M_predictor,registered,participant_item_talker_intercepts,test_talker_id,(Intercept),,0.653180395311395,0.808195765462425,False,False,ok
AN19,cnn_6::overall,cv_train,0.0,M_condition,registered,participant_item_talker_intercepts,analysis_item_id,(Intercept),,9.15195466573687,3.02521977147725,False,False,ok
AN19,cnn_6::overall,cv_train,0.0,M_condition,registered,participant_item_talker_intercepts,participant_id,(Intercept),,0.0890435054791092,0.298401584243632,False,False,ok
AN19,cnn_6::overall,cv_train,0.0,M_condition,registered,participant_item_talker_intercepts,test_talker_id,(Intercept),,0.0710724156089509,0.266594102727256,False,False,ok
AN19,cnn_6::overall,cv_train,0.0,M_joint,registered,participant_item_talker_intercepts,analysis_item_id,(Intercept),,9.15596748128549,3.02588292590535,False,False,ok
AN19,cnn_6::overall,cv_train,0.0,M_joint,registered,participant_item_talker_intercepts,participant_id,(Intercept),,0.0860275857469509,0.293304595509431,False,False,ok
AN19,cnn_6::overall,cv_train,0.0,M_joint,registered,participant_item_talker_intercepts,test_talker_id,(Intercept),,0.074852109797957,0.273591136183095,False,False,ok
AN19,cnn_6::overall,cv_train,0.0,M_null,registered,participant_item_talker_intercepts,analysis_item_id,(Intercept),,9.23140055072136,3.03832199589204,False,False,ok
AN19,cnn_6::overall,cv_train,0.0,M_null,registered,participant_item_talker_intercepts,participant_id,(Intercept),,0.117053527587624,0.342130863249173,False,False,ok
AN19,cnn_6::overall,cv_train,0.0,M_null,registered,participant_item_talker_intercepts,test_talker_id,(Intercept),,0.58150805824082,0.762566756579921,False,False,ok
AN19,cnn_6::overall,cv_train,0.0,M_predictor,registered,participant_item_talker_intercepts,analysis_item_id,(Intercept),,9.23137396436623,3.03831762071812,False,False,ok
AN19,cnn_6::overall,cv_train,0.0,M_predictor,registered,participant_item_talker_intercepts,participant_id,(Intercept),,0.117039786411054,0.342110780904451,False,False,ok
AN19,cnn_6::overall,cv_train,0.0,M_predictor,registered,participant_item_talker_intercepts,test_talker_id,(Intercept),,0.58161224531148,0.762635066930101,False,False,ok
AN19,cnn_6::overall,cv_train,1.0,M_condition,registered,participant_item_talker_intercepts,analysis_item_id,(Intercept),,9.91759612341894,3.14922151069418,False,False,ok
AN19,cnn_6::overall,cv_train,1.0,M_condition,registered,participant_item_talker_intercepts,participant_id,(Intercept),,0.0354891602419515,0.188385668886865,False,False,ok
AN19,cnn_6::overall,cv_train,1.0,M_condition,registered,participant_item_talker_intercepts,test_talker_id,(Intercept),,0.194558220481234,0.44108754287696,False,False,ok
AN19,cnn_6::overall,cv_train,1.0,M_joint,registered,participant_item_talker_intercepts,analysis_item_id,(Intercept),,9.92610361207723,3.15057194999213,False,False,ok
AN19,cnn_6::overall,cv_train,1.0,M_joint,registered,participant_item_talker_intercepts,participant_id,(Intercept),,0.0266408439029206,0.163220231291714,False,False,ok
AN19,cnn_6::overall,cv_train,1.0,M_joint,registered,participant_item_talker_intercepts,test_talker_id,(Intercept),,0.211562743411913,0.45995950192589,False,False,ok
AN19,cnn_6::overall,cv_train,1.0,M_null,registered,participant_item_talker_intercepts,analysis_item_id,(Intercept),,9.97550369020101,3.15840207861523,False,False,ok
AN19,cnn_6::overall,cv_train,1.0,M_null,registered,participant_item_talker_intercepts,participant_id,(Intercept),,0.0656674539861933,0.256256617448591,False,False,ok
AN19,cnn_6::overall,cv_train,1.0,M_null,registered,participant_item_talker_intercepts,test_talker_id,(Intercept),,0.713100540925541,0.844452805623583,False,False,ok
AN19,cnn_6::overall,cv_train,1.0,M_predictor,registered,participant_item_talker_intercepts,analysis_item_id,(Intercept),,9.9828039659203,3.15955755857055,False,False,ok
AN19,cnn_6::overall,cv_train,1.0,M_predictor,registered,participant_item_talker_intercepts,participant_id,(Intercept),,0.060769320104743,0.246514340566108,False,False,ok
AN19,cnn_6::overall,cv_train,1.0,M_predictor,registered,participant_item_talker_intercepts,test_talker_id,(Intercept),,0.716189449561837,0.846279770266215,False,False,ok
AN19,cnn_6::overall,cv_train,2.0,M_condition,registered,participant_item_talker_intercepts,analysis_item_id,(Intercept),,10.1282320657954,3.1824883449583,False,False,ok
AN19,cnn_6::overall,cv_train,2.0,M_condition,registered,participant_item_talker_intercepts,participant_id,(Intercept),,0.0815288842305195,0.285532632514253,False,False,ok
AN19,cnn_6::overall,cv_train,2.0,M_condition,registered,participant_item_talker_intercepts,test_talker_id,(Intercept),,0.221468461793782,0.470604358026763,False,False,ok
AN19,cnn_6::overall,cv_train,2.0,M_joint,registered,participant_item_talker_intercepts,analysis_item_id,(Intercept),,10.1352254233923,3.18358688013887,False,False,ok
AN19,cnn_6::overall,cv_train,2.0,M_joint,registered,participant_item_talker_intercepts,participant_id,(Intercept),,0.0761834615874322,0.27601351703754,False,False,ok
AN19,cnn_6::overall,cv_train,2.0,M_joint,registered,participant_item_talker_intercepts,test_talker_id,(Intercept),,0.229568625753442,0.479133202516212,False,False,ok
AN19,cnn_6::overall,cv_train,2.0,M_null,registered,participant_item_talker_intercepts,analysis_item_id,(Intercept),,10.1954436844908,3.19303048599459,False,False,ok
AN19,cnn_6::overall,cv_train,2.0,M_null,registered,participant_item_talker_intercepts,participant_id,(Intercept),,0.147709544303434,0.384329994020028,False,False,ok
AN19,cnn_6::overall,cv_train,2.0,M_null,registered,participant_item_talker_intercepts,test_talker_id,(Intercept),,0.875925934984639,0.935909148894613,False,False,ok
AN19,cnn_6::overall,cv_train,2.0,M_predictor,registered,participant_item_talker_intercepts,analysis_item_id,(Intercept),,10.1955802441685,3.19305186994645,False,False,ok
AN19,cnn_6::overall,cv_train,2.0,M_predictor,registered,participant_item_talker_intercepts,participant_id,(Intercept),,0.14769408842264,0.384309885928843,False,False,ok
AN19,cnn_6::overall,cv_train,2.0,M_predictor,registered,participant_item_talker_intercepts,test_talker_id,(Intercept),,0.875569239022164,0.935718568279033,False,False,ok
AN19,cnn_6::overall,full,,M_condition,registered,participant_item_talker_intercepts,analysis_item_id,(Intercept),,10.0610751951221,3.17191979645168,False,False,ok
AN19,cnn_6::overall,full,,M_condition,registered,participant_item_talker_intercepts,participant_id,(Intercept),,0.0800533973983445,0.282937090884784,False,False,ok
AN19,cnn_6::overall,full,,M_condition,registered,participant_item_talker_intercepts,test_talker_id,(Intercept),,0.129901039706348,0.360417868184068,False,False,ok
AN19,cnn_6::overall,full,,M_joint,registered,participant_item_talker_intercepts,analysis_item_id,(Intercept),,10.0680063938541,3.17301219566741,False,False,ok
AN19,cnn_6::overall,full,,M_joint,registered,participant_item_talker_intercepts,participant_id,(Intercept),,0.0740346070587524,0.272093011778606,False,False,ok
AN19,cnn_6::overall,full,,M_joint,registered,participant_item_talker_intercepts,test_talker_id,(Intercept),,0.139199301884842,0.373094226549864,False,False,ok
AN19,cnn_6::overall,full,,M_null,registered,participant_item_talker_intercepts,analysis_item_id,(Intercept),,10.1336174823797,3.183334334056,False,False,ok
AN19,cnn_6::overall,full,,M_null,registered,participant_item_talker_intercepts,participant_id,(Intercept),,0.111026685504896,0.333206670858938,False,False,ok
AN19,cnn_6::overall,full,,M_null,registered,participant_item_talker_intercepts,test_talker_id,(Intercept),,0.654238899563733,0.808850356718554,False,False,ok
AN19,cnn_6::overall,full,,M_predictor,registered,participant_item_talker_intercepts,analysis_item_id,(Intercept),,10.1352576896332,3.18359194772715,False,False,ok
AN19,cnn_6::overall,full,,M_predictor,registered,participant_item_talker_intercepts,participant_id,(Intercept),,0.110455161856171,0.332347952989289,False,False,ok
AN19,cnn_6::overall,full,,M_predictor,registered,participant_item_talker_intercepts,test_talker_id,(Intercept),,0.653379881328714,0.80831917045726,False,False,ok
AN19,cnn_6::overall_order_sensitive,cv_train,0.0,M_condition,registered,participant_item_talker_intercepts,analysis_item_id,(Intercept),,9.15195466573687,3.02521977147725,False,False,ok
AN19,cnn_6::overall_order_sensitive,cv_train,0.0,M_condition,registered,participant_item_talker_intercepts,participant_id,(Intercept),,0.0890435054791092,0.298401584243632,False,False,ok
AN19,cnn_6::overall_order_sensitive,cv_train,0.0,M_condition,registered,participant_item_talker_intercepts,test_talker_id,(Intercept),,0.0710724156089509,0.266594102727256,False,False,ok
AN19,cnn_6::overall_order_sensitive,cv_train,0.0,M_joint,registered,participant_item_talker_intercepts,analysis_item_id,(Intercept),,9.15309039547014,3.02540747593942,False,False,ok
AN19,cnn_6::overall_order_sensitive,cv_train,0.0,M_joint,registered,participant_item_talker_intercepts,participant_id,(Intercept),,0.0882060826961179,0.296995088673395,False,False,ok
AN19,cnn_6::overall_order_sensitive,cv_train,0.0,M_joint,registered,participant_item_talker_intercepts,test_talker_id,(Intercept),,0.0729795275328591,0.27014723306534,False,False,ok
AN19,cnn_6::overall_order_sensitive,cv_train,0.0,M_null,registered,participant_item_talker_intercepts,analysis_item_id,(Intercept),,9.23140055072136,3.03832199589204,False,False,ok
AN19,cnn_6::overall_order_sensitive,cv_train,0.0,M_null,registered,participant_item_talker_intercepts,participant_id,(Intercept),,0.117053527587624,0.342130863249173,False,False,ok
AN19,cnn_6::overall_order_sensitive,cv_train,0.0,M_null,registered,participant_item_talker_intercepts,test_talker_id,(Intercept),,0.58150805824082,0.762566756579921,False,False,ok
AN19,cnn_6::overall_order_sensitive,cv_train,0.0,M_predictor,registered,participant_item_talker_intercepts,analysis_item_id,(Intercept),,9.22934097621886,3.03798304409667,False,False,ok
AN19,cnn_6::overall_order_sensitive,cv_train,0.0,M_predictor,registered,participant_item_talker_intercepts,participant_id,(Intercept),,0.112825005189376,0.335894336346083,False,False,ok
AN19,cnn_6::overall_order_sensitive,cv_train,0.0,M_predictor,registered,participant_item_talker_intercepts,test_talker_id,(Intercept),,0.581804781234561,0.762761287189224,False,False,ok
AN19,cnn_6::overall_order_sensitive,cv_train,1.0,M_condition,registered,participant_item_talker_intercepts,analysis_item_id,(Intercept),,9.91759612341894,3.14922151069418,False,False,ok
AN19,cnn_6::overall_order_sensitive,cv_train,1.0,M_condition,registered,participant_item_talker_intercepts,participant_id,(Intercept),,0.0354891602419515,0.188385668886865,False,False,ok
AN19,cnn_6::overall_order_sensitive,cv_train,1.0,M_condition,registered,participant_item_talker_intercepts,test_talker_id,(Intercept),,0.194558220481234,0.44108754287696,False,False,ok
AN19,cnn_6::overall_order_sensitive,cv_train,1.0,M_joint,registered,participant_item_talker_intercepts,analysis_item_id,(Intercept),,9.92251711546306,3.150002716739,False,False,ok
AN19,cnn_6::overall_order_sensitive,cv_train,1.0,M_joint,registered,participant_item_talker_intercepts,participant_id,(Intercept),,0.0321717551388977,0.179364865954561,False,False,ok
AN19,cnn_6::overall_order_sensitive,cv_train,1.0,M_joint,registered,participant_item_talker_intercepts,test_talker_id,(Intercept),,0.204273238258776,0.451965970244195,False,False,ok
AN19,cnn_6::overall_order_sensitive,cv_train,1.0,M_null,registered,participant_item_talker_intercepts,analysis_item_id,(Intercept),,9.97550369020101,3.15840207861523,False,False,ok
AN19,cnn_6::overall_order_sensitive,cv_train,1.0,M_null,registered,participant_item_talker_intercepts,participant_id,(Intercept),,0.0656674539861933,0.256256617448591,False,False,ok
AN19,cnn_6::overall_order_sensitive,cv_train,1.0,M_null,registered,participant_item_talker_intercepts,test_talker_id,(Intercept),,0.713100540925541,0.844452805623583,False,False,ok
AN19,cnn_6::overall_order_sensitive,cv_train,1.0,M_predictor,registered,participant_item_talker_intercepts,analysis_item_id,(Intercept),,9.97696919888392,3.1586340716968,False,False,ok
AN19,cnn_6::overall_order_sensitive,cv_train,1.0,M_predictor,registered,participant_item_talker_intercepts,participant_id,(Intercept),,0.0578807100187799,0.240584101758158,False,False,ok
AN19,cnn_6::overall_order_sensitive,cv_train,1.0,M_predictor,registered,participant_item_talker_intercepts,test_talker_id,(Intercept),,0.715538906957091,0.845895328605786,False,False,ok
AN19,cnn_6::overall_order_sensitive,cv_train,2.0,M_condition,registered,participant_item_talker_intercepts,analysis_item_id,(Intercept),,10.1282320657954,3.1824883449583,False,False,ok
AN19,cnn_6::overall_order_sensitive,cv_train,2.0,M_condition,registered,participant_item_talker_intercepts,participant_id,(Intercept),,0.0815288842305195,0.285532632514253,False,False,ok
AN19,cnn_6::overall_order_sensitive,cv_train,2.0,M_condition,registered,participant_item_talker_intercepts,test_talker_id,(Intercept),,0.221468461793782,0.470604358026763,False,False,ok
AN19,cnn_6::overall_order_sensitive,cv_train,2.0,M_joint,registered,participant_item_talker_intercepts,analysis_item_id,(Intercept),,10.1324415966406,3.1831496346607,False,False,ok
AN19,cnn_6::overall_order_sensitive,cv_train,2.0,M_joint,registered,participant_item_talker_intercepts,participant_id,(Intercept),,0.0758652483461179,0.275436468802005,False,False,ok
AN19,cnn_6::overall_order_sensitive,cv_train,2.0,M_joint,registered,participant_item_talker_intercepts,test_talker_id,(Intercept),,0.232685296148571,0.482374642936972,False,False,ok
AN19,cnn_6::overall_order_sensitive,cv_train,2.0,M_null,registered,participant_item_talker_intercepts,analysis_item_id,(Intercept),,10.1954436844908,3.19303048599459,False,False,ok
AN19,cnn_6::overall_order_sensitive,cv_train,2.0,M_null,registered,participant_item_talker_intercepts,participant_id,(Intercept),,0.147709544303434,0.384329994020028,False,False,ok
AN19,cnn_6::overall_order_sensitive,cv_train,2.0,M_null,registered,participant_item_talker_intercepts,test_talker_id,(Intercept),,0.875925934984639,0.935909148894613,False,False,ok
AN19,cnn_6::overall_order_sensitive,cv_train,2.0,M_predictor,registered,participant_item_talker_intercepts,analysis_item_id,(Intercept),,10.1854104875016,3.19145899041514,False,False,ok
AN19,cnn_6::overall_order_sensitive,cv_train,2.0,M_predictor,registered,participant_item_talker_intercepts,participant_id,(Intercept),,0.122348559932422,0.349783590141708,False,False,ok
AN19,cnn_6::overall_order_sensitive,cv_train,2.0,M_predictor,registered,participant_item_talker_intercepts,test_talker_id,(Intercept),,0.879460471703289,0.93779553832554,False,False,ok
AN19,cnn_6::overall_order_sensitive,full,,M_condition,registered,participant_item_talker_intercepts,analysis_item_id,(Intercept),,10.0610751951221,3.17191979645168,False,False,ok
AN19,cnn_6::overall_order_sensitive,full,,M_condition,registered,participant_item_talker_intercepts,participant_id,(Intercept),,0.0800533973983445,0.282937090884784,False,False,ok
AN19,cnn_6::overall_order_sensitive,full,,M_condition,registered,participant_item_talker_intercepts,test_talker_id,(Intercept),,0.129901039706348,0.360417868184068,False,False,ok
AN19,cnn_6::overall_order_sensitive,full,,M_joint,registered,participant_item_talker_intercepts,analysis_item_id,(Intercept),,10.0791550554896,3.17476850423612,False,False,ok
AN19,cnn_6::overall_order_sensitive,full,,M_joint,registered,participant_item_talker_intercepts,participant_id,(Intercept),,0.0767433490221184,0.27702589955114,False,False,ok
AN19,cnn_6::overall_order_sensitive,full,,M_joint,registered,participant_item_talker_intercepts,test_talker_id,(Intercept),,0.125241855132667,0.353895260116135,False,False,ok
AN19,cnn_6::overall_order_sensitive,full,,M_null,registered,participant_item_talker_intercepts,analysis_item_id,(Intercept),,10.1336174823797,3.183334334056,False,False,ok
AN19,cnn_6::overall_order_sensitive,full,,M_null,registered,participant_item_talker_intercepts,participant_id,(Intercept),,0.111026685504896,0.333206670858938,False,False,ok
AN19,cnn_6::overall_order_sensitive,full,,M_null,registered,participant_item_talker_intercepts,test_talker_id,(Intercept),,0.654238899563733,0.808850356718554,False,False,ok
AN19,cnn_6::overall_order_sensitive,full,,M_predictor,registered,participant_item_talker_intercepts,analysis_item_id,(Intercept),,10.1306243810821,3.18286417886188,False,False,ok
AN19,cnn_6::overall_order_sensitive,full,,M_predictor,registered,participant_item_talker_intercepts,participant_id,(Intercept),,0.100021377269271,0.316261564641155,False,False,ok
AN19,cnn_6::overall_order_sensitive,full,,M_predictor,registered,participant_item_talker_intercepts,test_talker_id,(Intercept),,0.655851042837781,0.809846308158394,False,False,ok
AN19,tr_0::overall,cv_train,0.0,M_condition,registered,participant_item_talker_intercepts,analysis_item_id,(Intercept),,9.15195466573687,3.02521977147725,False,False,ok
AN19,tr_0::overall,cv_train,0.0,M_condition,registered,participant_item_talker_intercepts,participant_id,(Intercept),,0.0890435054791092,0.298401584243632,False,False,ok
AN19,tr_0::overall,cv_train,0.0,M_condition,registered,participant_item_talker_intercepts,test_talker_id,(Intercept),,0.0710724156089509,0.266594102727256,False,False,ok
AN19,tr_0::overall,cv_train,0.0,M_joint,registered,participant_item_talker_intercepts,analysis_item_id,(Intercept),,9.15361410896107,3.02549402725589,False,False,ok
AN19,tr_0::overall,cv_train,0.0,M_joint,registered,participant_item_talker_intercepts,participant_id,(Intercept),,0.0883197483557602,0.297186386558604,False,False,ok
AN19,tr_0::overall,cv_train,0.0,M_joint,registered,participant_item_talker_intercepts,test_talker_id,(Intercept),,0.0730373711222924,0.270254271237833,False,False,ok
AN19,tr_0::overall,cv_train,0.0,M_null,registered,participant_item_talker_intercepts,analysis_item_id,(Intercept),,9.23140055072136,3.03832199589204,False,False,ok
AN19,tr_0::overall,cv_train,0.0,M_null,registered,participant_item_talker_intercepts,participant_id,(Intercept),,0.117053527587624,0.342130863249173,False,False,ok
AN19,tr_0::overall,cv_train,0.0,M_null,registered,participant_item_talker_intercepts,test_talker_id,(Intercept),,0.58150805824082,0.762566756579921,False,False,ok
AN19,tr_0::overall,cv_train,0.0,M_predictor,registered,participant_item_talker_intercepts,analysis_item_id,(Intercept),,9.23134003443449,3.03831203704203,False,False,ok
AN19,tr_0::overall,cv_train,0.0,M_predictor,registered,participant_item_talker_intercepts,participant_id,(Intercept),,0.117022335331898,0.342085274941642,False,False,ok
AN19,tr_0::overall,cv_train,0.0,M_predictor,registered,participant_item_talker_intercepts,test_talker_id,(Intercept),,0.581797794527558,0.762756707297653,False,False,ok
AN19,tr_0::overall,cv_train,1.0,M_condition,registered,participant_item_talker_intercepts,analysis_item_id,(Intercept),,9.91759612341894,3.14922151069418,False,False,ok
AN19,tr_0::overall,cv_train,1.0,M_condition,registered,participant_item_talker_intercepts,participant_id,(Intercept),,0.0354891602419515,0.188385668886865,False,False,ok
AN19,tr_0::overall,cv_train,1.0,M_condition,registered,participant_item_talker_intercepts,test_talker_id,(Intercept),,0.194558220481234,0.44108754287696,False,False,ok
AN19,tr_0::overall,cv_train,1.0,M_joint,registered,participant_item_talker_intercepts,analysis_item_id,(Intercept),,9.92478427035515,3.15036256173082,False,False,ok
AN19,tr_0::overall,cv_train,1.0,M_joint,registered,participant_item_talker_intercepts,participant_id,(Intercept),,0.0306424375885597,0.175049814591618,False,False,ok
AN19,tr_0::overall,cv_train,1.0,M_joint,registered,participant_item_talker_intercepts,test_talker_id,(Intercept),,0.208408752009982,0.456518074132867,False,False,ok
AN19,tr_0::overall,cv_train,1.0,M_null,registered,participant_item_talker_intercepts,analysis_item_id,(Intercept),,9.97550369020101,3.15840207861523,False,False,ok
AN19,tr_0::overall,cv_train,1.0,M_null,registered,participant_item_talker_intercepts,participant_id,(Intercept),,0.0656674539861933,0.256256617448591,False,False,ok
AN19,tr_0::overall,cv_train,1.0,M_null,registered,participant_item_talker_intercepts,test_talker_id,(Intercept),,0.713100540925541,0.844452805623583,False,False,ok
AN19,tr_0::overall,cv_train,1.0,M_predictor,registered,participant_item_talker_intercepts,analysis_item_id,(Intercept),,9.98079454711493,3.15923955203067,False,False,ok
AN19,tr_0::overall,cv_train,1.0,M_predictor,registered,participant_item_talker_intercepts,participant_id,(Intercept),,0.0615680084336891,0.248129015702898,False,False,ok
AN19,tr_0::overall,cv_train,1.0,M_predictor,registered,participant_item_talker_intercepts,test_talker_id,(Intercept),,0.717560658710061,0.847089522252555,False,False,ok
AN19,tr_0::overall,cv_train,2.0,M_condition,registered,participant_item_talker_intercepts,analysis_item_id,(Intercept),,10.1282320657954,3.1824883449583,False,False,ok
AN19,tr_0::overall,cv_train,2.0,M_condition,registered,participant_item_talker_intercepts,participant_id,(Intercept),,0.0815288842305195,0.285532632514253,False,False,ok
AN19,tr_0::overall,cv_train,2.0,M_condition,registered,participant_item_talker_intercepts,test_talker_id,(Intercept),,0.221468461793782,0.470604358026763,False,False,ok
AN19,tr_0::overall,cv_train,2.0,M_joint,registered,participant_item_talker_intercepts,analysis_item_id,(Intercept),,10.1338328672539,3.18336816395055,False,False,ok
AN19,tr_0::overall,cv_train,2.0,M_joint,registered,participant_item_talker_intercepts,participant_id,(Intercept),,0.0769311416657291,0.277364636653141,False,False,ok
AN19,tr_0::overall,cv_train,2.0,M_joint,registered,participant_item_talker_intercepts,test_talker_id,(Intercept),,0.231656725484026,0.481307308778941,False,False,ok
AN19,tr_0::overall,cv_train,2.0,M_null,registered,participant_item_talker_intercepts,analysis_item_id,(Intercept),,10.1954436844908,3.19303048599459,False,False,ok
AN19,tr_0::overall,cv_train,2.0,M_null,registered,participant_item_talker_intercepts,participant_id,(Intercept),,0.147709544303434,0.384329994020028,False,False,ok
AN19,tr_0::overall,cv_train,2.0,M_null,registered,participant_item_talker_intercepts,test_talker_id,(Intercept),,0.875925934984639,0.935909148894613,False,False,ok
AN19,tr_0::overall,cv_train,2.0,M_predictor,registered,participant_item_talker_intercepts,analysis_item_id,(Intercept),,10.195647688459,3.19306243103059,False,False,ok
AN19,tr_0::overall,cv_train,2.0,M_predictor,registered,participant_item_talker_intercepts,participant_id,(Intercept),,0.14770151351922,0.384319546106128,False,False,ok
AN19,tr_0::overall,cv_train,2.0,M_predictor,registered,participant_item_talker_intercepts,test_talker_id,(Intercept),,0.875663324263326,0.935768841254786,False,False,ok
AN19,tr_0::overall,full,,M_condition,registered,participant_item_talker_intercepts,analysis_item_id,(Intercept),,10.0610751951221,3.17191979645168,False,False,ok
AN19,tr_0::overall,full,,M_condition,registered,participant_item_talker_intercepts,participant_id,(Intercept),,0.0800533973983445,0.282937090884784,False,False,ok
AN19,tr_0::overall,full,,M_condition,registered,participant_item_talker_intercepts,test_talker_id,(Intercept),,0.129901039706348,0.360417868184068,False,False,ok
AN19,tr_0::overall,full,,M_joint,registered,participant_item_talker_intercepts,analysis_item_id,(Intercept),,10.0658192621747,3.1726675309863,False,False,ok
AN19,tr_0::overall,full,,M_joint,registered,participant_item_talker_intercepts,participant_id,(Intercept),,0.0766347210838775,0.2768297691432,False,False,ok
AN19,tr_0::overall,full,,M_joint,registered,participant_item_talker_intercepts,test_talker_id,(Intercept),,0.138172978900308,0.37171626128044,False,False,ok
AN19,tr_0::overall,full,,M_null,registered,participant_item_talker_intercepts,analysis_item_id,(Intercept),,10.1336174823797,3.183334334056,False,False,ok
AN19,tr_0::overall,full,,M_null,registered,participant_item_talker_intercepts,participant_id,(Intercept),,0.111026685504896,0.333206670858938,False,False,ok
AN19,tr_0::overall,full,,M_null,registered,participant_item_talker_intercepts,test_talker_id,(Intercept),,0.654238899563733,0.808850356718554,False,False,ok
AN19,tr_0::overall,full,,M_predictor,registered,participant_item_talker_intercepts,analysis_item_id,(Intercept),,10.1348866473137,3.18353367302966,False,False,ok
AN19,tr_0::overall,full,,M_predictor,registered,participant_item_talker_intercepts,participant_id,(Intercept),,0.110591585578669,0.332553131963404,False,False,ok
AN19,tr_0::overall,full,,M_predictor,registered,participant_item_talker_intercepts,test_talker_id,(Intercept),,0.653508060012367,0.808398453741945,False,False,ok
AN19,tr_0::overall_order_sensitive,cv_train,0.0,M_condition,registered,participant_item_talker_intercepts,analysis_item_id,(Intercept),,9.15195466573687,3.02521977147725,False,False,ok
AN19,tr_0::overall_order_sensitive,cv_train,0.0,M_condition,registered,participant_item_talker_intercepts,participant_id,(Intercept),,0.0890435054791092,0.298401584243632,False,False,ok
AN19,tr_0::overall_order_sensitive,cv_train,0.0,M_condition,registered,participant_item_talker_intercepts,test_talker_id,(Intercept),,0.0710724156089509,0.266594102727256,False,False,ok
AN19,tr_0::overall_order_sensitive,cv_train,0.0,M_joint,registered,participant_item_talker_intercepts,analysis_item_id,(Intercept),,9.15838992258202,3.02628318611825,False,False,ok
AN19,tr_0::overall_order_sensitive,cv_train,0.0,M_joint,registered,participant_item_talker_intercepts,participant_id,(Intercept),,0.0851545671058658,0.291812554743393,False,False,ok
AN19,tr_0::overall_order_sensitive,cv_train,0.0,M_joint,registered,participant_item_talker_intercepts,test_talker_id,(Intercept),,0.0611639754608105,0.247313516534804,False,False,ok
AN19,tr_0::overall_order_sensitive,cv_train,0.0,M_null,registered,participant_item_talker_intercepts,analysis_item_id,(Intercept),,9.23140055072136,3.03832199589204,False,False,ok
AN19,tr_0::overall_order_sensitive,cv_train,0.0,M_null,registered,participant_item_talker_intercepts,participant_id,(Intercept),,0.117053527587624,0.342130863249173,False,False,ok
AN19,tr_0::overall_order_sensitive,cv_train,0.0,M_null,registered,participant_item_talker_intercepts,test_talker_id,(Intercept),,0.58150805824082,0.762566756579921,False,False,ok
AN19,tr_0::overall_order_sensitive,cv_train,0.0,M_predictor,registered,participant_item_talker_intercepts,analysis_item_id,(Intercept),,9.22911952123475,3.03794659617887,False,False,ok
AN19,tr_0::overall_order_sensitive,cv_train,0.0,M_predictor,registered,participant_item_talker_intercepts,participant_id,(Intercept),,0.109656107644472,0.331143635971571,False,False,ok
AN19,tr_0::overall_order_sensitive,cv_train,0.0,M_predictor,registered,participant_item_talker_intercepts,test_talker_id,(Intercept),,0.58483162167016,0.76474284675972,False,False,ok
AN19,tr_0::overall_order_sensitive,cv_train,1.0,M_condition,registered,participant_item_talker_intercepts,analysis_item_id,(Intercept),,9.91759612341894,3.14922151069418,False,False,ok
AN19,tr_0::overall_order_sensitive,cv_train,1.0,M_condition,registered,participant_item_talker_intercepts,participant_id,(Intercept),,0.0354891602419515,0.188385668886865,False,False,ok
AN19,tr_0::overall_order_sensitive,cv_train,1.0,M_condition,registered,participant_item_talker_intercepts,test_talker_id,(Intercept),,0.194558220481234,0.44108754287696,False,False,ok
AN19,tr_0::overall_order_sensitive,cv_train,1.0,M_joint,registered,participant_item_talker_intercepts,analysis_item_id,(Intercept),,9.91483365815832,3.14878288520474,False,False,ok
AN19,tr_0::overall_order_sensitive,cv_train,1.0,M_joint,registered,participant_item_talker_intercepts,participant_id,(Intercept),,0.0332335292834229,0.182300656289062,False,False,ok
AN19,tr_0::overall_order_sensitive,cv_train,1.0,M_joint,registered,participant_item_talker_intercepts,test_talker_id,(Intercept),,0.191817704130933,0.437969980855918,False,False,ok
AN19,tr_0::overall_order_sensitive,cv_train,1.0,M_null,registered,participant_item_talker_intercepts,analysis_item_id,(Intercept),,9.97550369020101,3.15840207861523,False,False,ok
AN19,tr_0::overall_order_sensitive,cv_train,1.0,M_null,registered,participant_item_talker_intercepts,participant_id,(Intercept),,0.0656674539861933,0.256256617448591,False,False,ok
AN19,tr_0::overall_order_sensitive,cv_train,1.0,M_null,registered,participant_item_talker_intercepts,test_talker_id,(Intercept),,0.713100540925541,0.844452805623583,False,False,ok
AN19,tr_0::overall_order_sensitive,cv_train,1.0,M_predictor,registered,participant_item_talker_intercepts,analysis_item_id,(Intercept),,9.97327052675288,3.1580485314119,False,False,ok
AN19,tr_0::overall_order_sensitive,cv_train,1.0,M_predictor,registered,participant_item_talker_intercepts,participant_id,(Intercept),,0.0635848762222716,0.252160417635821,False,False,ok
AN19,tr_0::overall_order_sensitive,cv_train,1.0,M_predictor,registered,participant_item_talker_intercepts,test_talker_id,(Intercept),,0.712174674151353,0.843904422403007,False,False,ok
AN19,tr_0::overall_order_sensitive,cv_train,2.0,M_condition,registered,participant_item_talker_intercepts,analysis_item_id,(Intercept),,10.1282320657954,3.1824883449583,False,False,ok
AN19,tr_0::overall_order_sensitive,cv_train,2.0,M_condition,registered,participant_item_talker_intercepts,participant_id,(Intercept),,0.0815288842305195,0.285532632514253,False,False,ok
AN19,tr_0::overall_order_sensitive,cv_train,2.0,M_condition,registered,participant_item_talker_intercepts,test_talker_id,(Intercept),,0.221468461793782,0.470604358026763,False,False,ok
AN19,tr_0::overall_order_sensitive,cv_train,2.0,M_joint,registered,participant_item_talker_intercepts,analysis_item_id,(Intercept),,10.1284657711258,3.18252506213632,False,False,ok
AN19,tr_0::overall_order_sensitive,cv_train,2.0,M_joint,registered,participant_item_talker_intercepts,participant_id,(Intercept),,0.081147425115345,0.284863871200517,False,False,ok
AN19,tr_0::overall_order_sensitive,cv_train,2.0,M_joint,registered,participant_item_talker_intercepts,test_talker_id,(Intercept),,0.219042739926309,0.46802002086055,False,False,ok
AN19,tr_0::overall_order_sensitive,cv_train,2.0,M_null,registered,participant_item_talker_intercepts,analysis_item_id,(Intercept),,10.1954436844908,3.19303048599459,False,False,ok
AN19,tr_0::overall_order_sensitive,cv_train,2.0,M_null,registered,participant_item_talker_intercepts,participant_id,(Intercept),,0.147709544303434,0.384329994020028,False,False,ok
AN19,tr_0::overall_order_sensitive,cv_train,2.0,M_null,registered,participant_item_talker_intercepts,test_talker_id,(Intercept),,0.875925934984639,0.935909148894613,False,False,ok
AN19,tr_0::overall_order_sensitive,cv_train,2.0,M_predictor,registered,participant_item_talker_intercepts,analysis_item_id,(Intercept),,10.1923096372089,3.1925396845159,False,False,ok
AN19,tr_0::overall_order_sensitive,cv_train,2.0,M_predictor,registered,participant_item_talker_intercepts,participant_id,(Intercept),,0.132544501449877,0.364066616774839,False,False,ok
AN19,tr_0::overall_order_sensitive,cv_train,2.0,M_predictor,registered,participant_item_talker_intercepts,test_talker_id,(Intercept),,0.876494156769973,0.936212666422525,False,False,ok
AN19,tr_0::overall_order_sensitive,full,,M_condition,registered,participant_item_talker_intercepts,analysis_item_id,(Intercept),,10.0610751951221,3.17191979645168,False,False,ok
AN19,tr_0::overall_order_sensitive,full,,M_condition,registered,participant_item_talker_intercepts,participant_id,(Intercept),,0.0800533973983445,0.282937090884784,False,False,ok
AN19,tr_0::overall_order_sensitive,full,,M_condition,registered,participant_item_talker_intercepts,test_talker_id,(Intercept),,0.129901039706348,0.360417868184068,False,False,ok
AN19,tr_0::overall_order_sensitive,full,,M_joint,registered,participant_item_talker_intercepts,analysis_item_id,(Intercept),,10.0605509306406,3.17183715386534,False,False,ok
AN19,tr_0::overall_order_sensitive,full,,M_joint,registered,participant_item_talker_intercepts,participant_id,(Intercept),,0.0781949251634659,0.279633555145776,False,False,ok
AN19,tr_0::overall_order_sensitive,full,,M_joint,registered,participant_item_talker_intercepts,test_talker_id,(Intercept),,0.127042932299519,0.356430824003086,False,False,ok
AN19,tr_0::overall_order_sensitive,full,,M_null,registered,participant_item_talker_intercepts,analysis_item_id,(Intercept),,10.1336174823797,3.183334334056,False,False,ok
AN19,tr_0::overall_order_sensitive,full,,M_null,registered,participant_item_talker_intercepts,participant_id,(Intercept),,0.111026685504896,0.333206670858938,False,False,ok
AN19,tr_0::overall_order_sensitive,full,,M_null,registered,participant_item_talker_intercepts,test_talker_id,(Intercept),,0.654238899563733,0.808850356718554,False,False,ok
AN19,tr_0::overall_order_sensitive,full,,M_predictor,registered,participant_item_talker_intercepts,analysis_item_id,(Intercept),,10.1307803366712,3.18288867802052,False,False,ok
AN19,tr_0::overall_order_sensitive,full,,M_predictor,registered,participant_item_talker_intercepts,participant_id,(Intercept),,0.104093682383913,0.322635525607323,False,False,ok
AN19,tr_0::overall_order_sensitive,full,,M_predictor,registered,participant_item_talker_intercepts,test_talker_id,(Intercept),,0.654690601186417,0.809129533008416,False,False,ok
AN19,tr_10::overall,cv_train,0.0,M_condition,registered,participant_item_talker_intercepts,analysis_item_id,(Intercept),,9.15195466573687,3.02521977147725,False,False,ok
AN19,tr_10::overall,cv_train,0.0,M_condition,registered,participant_item_talker_intercepts,participant_id,(Intercept),,0.0890435054791092,0.298401584243632,False,False,ok
AN19,tr_10::overall,cv_train,0.0,M_condition,registered,participant_item_talker_intercepts,test_talker_id,(Intercept),,0.0710724156089509,0.266594102727256,False,False,ok
AN19,tr_10::overall,cv_train,0.0,M_joint,registered,participant_item_talker_intercepts,analysis_item_id,(Intercept),,9.16463836786832,3.02731537304397,False,False,ok
AN19,tr_10::overall,cv_train,0.0,M_joint,registered,participant_item_talker_intercepts,participant_id,(Intercept),,0.083940316180539,0.289724552257034,False,False,ok
AN19,tr_10::overall,cv_train,0.0,M_joint,registered,participant_item_talker_intercepts,test_talker_id,(Intercept),,0.0660657140547306,0.257032515559278,False,False,ok
AN19,tr_10::overall,cv_train,0.0,M_null,registered,participant_item_talker_intercepts,analysis_item_id,(Intercept),,9.23140055072136,3.03832199589204,False,False,ok
AN19,tr_10::overall,cv_train,0.0,M_null,registered,participant_item_talker_intercepts,participant_id,(Intercept),,0.117053527587624,0.342130863249173,False,False,ok
AN19,tr_10::overall,cv_train,0.0,M_null,registered,participant_item_talker_intercepts,test_talker_id,(Intercept),,0.58150805824082,0.762566756579921,False,False,ok
AN19,tr_10::overall,cv_train,0.0,M_predictor,registered,participant_item_talker_intercepts,analysis_item_id,(Intercept),,9.23308565003395,3.03859929079732,False,False,ok
AN19,tr_10::overall,cv_train,0.0,M_predictor,registered,participant_item_talker_intercepts,participant_id,(Intercept),,0.112207379661292,0.334973699954626,False,False,ok
AN19,tr_10::overall,cv_train,0.0,M_predictor,registered,participant_item_talker_intercepts,test_talker_id,(Intercept),,0.572042399946228,0.756334846444502,False,False,ok
AN19,tr_10::overall,cv_train,1.0,M_condition,registered,participant_item_talker_intercepts,analysis_item_id,(Intercept),,9.91759612341894,3.14922151069418,False,False,ok
AN19,tr_10::overall,cv_train,1.0,M_condition,registered,participant_item_talker_intercepts,participant_id,(Intercept),,0.0354891602419515,0.188385668886865,False,False,ok
AN19,tr_10::overall,cv_train,1.0,M_condition,registered,participant_item_talker_intercepts,test_talker_id,(Intercept),,0.194558220481234,0.44108754287696,False,False,ok
AN19,tr_10::overall,cv_train,1.0,M_joint,registered,participant_item_talker_intercepts,analysis_item_id,(Intercept),,9.92235573215409,3.14997710025868,False,False,ok
AN19,tr_10::overall,cv_train,1.0,M_joint,registered,participant_item_talker_intercepts,participant_id,(Intercept),,0.0264558094730935,0.162652419204553,False,False,ok
AN19,tr_10::overall,cv_train,1.0,M_joint,registered,participant_item_talker_intercepts,test_talker_id,(Intercept),,0.205421625170568,0.453234624858436,False,False,ok
AN19,tr_10::overall,cv_train,1.0,M_null,registered,participant_item_talker_intercepts,analysis_item_id,(Intercept),,9.97550369020101,3.15840207861523,False,False,ok
AN19,tr_10::overall,cv_train,1.0,M_null,registered,participant_item_talker_intercepts,participant_id,(Intercept),,0.0656674539861933,0.256256617448591,False,False,ok
AN19,tr_10::overall,cv_train,1.0,M_null,registered,participant_item_talker_intercepts,test_talker_id,(Intercept),,0.713100540925541,0.844452805623583,False,False,ok
AN19,tr_10::overall,cv_train,1.0,M_predictor,registered,participant_item_talker_intercepts,analysis_item_id,(Intercept),,9.97691496121121,3.15862548606371,False,False,ok
AN19,tr_10::overall,cv_train,1.0,M_predictor,registered,participant_item_talker_intercepts,participant_id,(Intercept),,0.0565485394804816,0.237799368124647,False,False,ok
AN19,tr_10::overall,cv_train,1.0,M_predictor,registered,participant_item_talker_intercepts,test_talker_id,(Intercept),,0.720568951568655,0.848863329145897,False,False,ok
AN19,tr_10::overall,cv_train,2.0,M_condition,registered,participant_item_talker_intercepts,analysis_item_id,(Intercept),,10.1282320657954,3.1824883449583,False,False,ok
AN19,tr_10::overall,cv_train,2.0,M_condition,registered,participant_item_talker_intercepts,participant_id,(Intercept),,0.0815288842305195,0.285532632514253,False,False,ok
AN19,tr_10::overall,cv_train,2.0,M_condition,registered,participant_item_talker_intercepts,test_talker_id,(Intercept),,0.221468461793782,0.470604358026763,False,False,ok
AN19,tr_10::overall,cv_train,2.0,M_joint,registered,participant_item_talker_intercepts,analysis_item_id,(Intercept),,10.1337809933472,3.18336001629524,False,False,ok
AN19,tr_10::overall,cv_train,2.0,M_joint,registered,participant_item_talker_intercepts,participant_id,(Intercept),,0.0773914494965829,0.278193187365512,False,False,ok
AN19,tr_10::overall,cv_train,2.0,M_joint,registered,participant_item_talker_intercepts,test_talker_id,(Intercept),,0.224439213030187,0.473750158870884,False,False,ok
AN19,tr_10::overall,cv_train,2.0,M_null,registered,participant_item_talker_intercepts,analysis_item_id,(Intercept),,10.1954436844908,3.19303048599459,False,False,ok
AN19,tr_10::overall,cv_train,2.0,M_null,registered,participant_item_talker_intercepts,participant_id,(Intercept),,0.147709544303434,0.384329994020028,False,False,ok
AN19,tr_10::overall,cv_train,2.0,M_null,registered,participant_item_talker_intercepts,test_talker_id,(Intercept),,0.875925934984639,0.935909148894613,False,False,ok
AN19,tr_10::overall,cv_train,2.0,M_predictor,registered,participant_item_talker_intercepts,analysis_item_id,(Intercept),,10.1997368865375,3.19370269225823,False,False,ok
AN19,tr_10::overall,cv_train,2.0,M_predictor,registered,participant_item_talker_intercepts,participant_id,(Intercept),,0.145153836084378,0.380990598419932,False,False,ok
AN19,tr_10::overall,cv_train,2.0,M_predictor,registered,participant_item_talker_intercepts,test_talker_id,(Intercept),,0.872475462445575,0.934063949869373,False,False,ok
AN19,tr_10::overall,full,,M_condition,registered,participant_item_talker_intercepts,analysis_item_id,(Intercept),,10.0610751951221,3.17191979645168,False,False,ok
AN19,tr_10::overall,full,,M_condition,registered,participant_item_talker_intercepts,participant_id,(Intercept),,0.0800533973983445,0.282937090884784,False,False,ok
AN19,tr_10::overall,full,,M_condition,registered,participant_item_talker_intercepts,test_talker_id,(Intercept),,0.129901039706348,0.360417868184068,False,False,ok
AN19,tr_10::overall,full,,M_joint,registered,participant_item_talker_intercepts,analysis_item_id,(Intercept),,10.0668693543802,3.1728330170969,False,False,ok
AN19,tr_10::overall,full,,M_joint,registered,participant_item_talker_intercepts,participant_id,(Intercept),,0.0737121216122237,0.27149976355832,False,False,ok
AN19,tr_10::overall,full,,M_joint,registered,participant_item_talker_intercepts,test_talker_id,(Intercept),,0.135156586897876,0.367636487440891,False,False,ok
AN19,tr_10::overall,full,,M_null,registered,participant_item_talker_intercepts,analysis_item_id,(Intercept),,10.1336174823797,3.183334334056,False,False,ok
AN19,tr_10::overall,full,,M_null,registered,participant_item_talker_intercepts,participant_id,(Intercept),,0.111026685504896,0.333206670858938,False,False,ok
AN19,tr_10::overall,full,,M_null,registered,participant_item_talker_intercepts,test_talker_id,(Intercept),,0.654238899563733,0.808850356718554,False,False,ok
AN19,tr_10::overall,full,,M_predictor,registered,participant_item_talker_intercepts,analysis_item_id,(Intercept),,10.1370482049655,3.18387314523766,False,False,ok
AN19,tr_10::overall,full,,M_predictor,registered,participant_item_talker_intercepts,participant_id,(Intercept),,0.106039803659723,0.325637534169086,False,False,ok
AN19,tr_10::overall,full,,M_predictor,registered,participant_item_talker_intercepts,test_talker_id,(Intercept),,0.651528529616427,0.807173172012318,False,False,ok
AN19,tr_10::overall_order_sensitive,cv_train,0.0,M_condition,registered,participant_item_talker_intercepts,analysis_item_id,(Intercept),,9.15195466573687,3.02521977147725,False,False,ok
AN19,tr_10::overall_order_sensitive,cv_train,0.0,M_condition,registered,participant_item_talker_intercepts,participant_id,(Intercept),,0.0890435054791092,0.298401584243632,False,False,ok
AN19,tr_10::overall_order_sensitive,cv_train,0.0,M_condition,registered,participant_item_talker_intercepts,test_talker_id,(Intercept),,0.0710724156089509,0.266594102727256,False,False,ok
AN19,tr_10::overall_order_sensitive,cv_train,0.0,M_joint,registered,participant_item_talker_intercepts,analysis_item_id,(Intercept),,9.15380170011822,3.02552502883685,False,False,ok
AN19,tr_10::overall_order_sensitive,cv_train,0.0,M_joint,registered,participant_item_talker_intercepts,participant_id,(Intercept),,0.0850811749927158,0.291686775484793,False,False,ok
AN19,tr_10::overall_order_sensitive,cv_train,0.0,M_joint,registered,participant_item_talker_intercepts,test_talker_id,(Intercept),,0.0732432456697867,0.270634893666332,False,False,ok
AN19,tr_10::overall_order_sensitive,cv_train,0.0,M_null,registered,participant_item_talker_intercepts,analysis_item_id,(Intercept),,9.23140055072136,3.03832199589204,False,False,ok
AN19,tr_10::overall_order_sensitive,cv_train,0.0,M_null,registered,participant_item_talker_intercepts,participant_id,(Intercept),,0.117053527587624,0.342130863249173,False,False,ok
AN19,tr_10::overall_order_sensitive,cv_train,0.0,M_null,registered,participant_item_talker_intercepts,test_talker_id,(Intercept),,0.58150805824082,0.762566756579921,False,False,ok
AN19,tr_10::overall_order_sensitive,cv_train,0.0,M_predictor,registered,participant_item_talker_intercepts,analysis_item_id,(Intercept),,9.22995855752978,3.03808468570739,False,False,ok
AN19,tr_10::overall_order_sensitive,cv_train,0.0,M_predictor,registered,participant_item_talker_intercepts,participant_id,(Intercept),,0.109577553849523,0.331025004870513,False,False,ok
AN19,tr_10::overall_order_sensitive,cv_train,0.0,M_predictor,registered,participant_item_talker_intercepts,test_talker_id,(Intercept),,0.575574166126231,0.758666043873212,False,False,ok
AN19,tr_10::overall_order_sensitive,cv_train,1.0,M_condition,registered,participant_item_talker_intercepts,analysis_item_id,(Intercept),,9.91759612341894,3.14922151069418,False,False,ok
AN19,tr_10::overall_order_sensitive,cv_train,1.0,M_condition,registered,participant_item_talker_intercepts,participant_id,(Intercept),,0.0354891602419515,0.188385668886865,False,False,ok
AN19,tr_10::overall_order_sensitive,cv_train,1.0,M_condition,registered,participant_item_talker_intercepts,test_talker_id,(Intercept),,0.194558220481234,0.44108754287696,False,False,ok
AN19,tr_10::overall_order_sensitive,cv_train,1.0,M_joint,registered,participant_item_talker_intercepts,analysis_item_id,(Intercept),,9.91994544125328,3.14959448838311,False,False,ok
AN19,tr_10::overall_order_sensitive,cv_train,1.0,M_joint,registered,participant_item_talker_intercepts,participant_id,(Intercept),,0.0290681228325465,0.170493761858159,False,False,ok
AN19,tr_10::overall_order_sensitive,cv_train,1.0,M_joint,registered,participant_item_talker_intercepts,test_talker_id,(Intercept),,0.202256212865403,0.449729043831286,False,False,ok
AN19,tr_10::overall_order_sensitive,cv_train,1.0,M_null,registered,participant_item_talker_intercepts,analysis_item_id,(Intercept),,9.97550369020101,3.15840207861523,False,False,ok
AN19,tr_10::overall_order_sensitive,cv_train,1.0,M_null,registered,participant_item_talker_intercepts,participant_id,(Intercept),,0.0656674539861933,0.256256617448591,False,False,ok
AN19,tr_10::overall_order_sensitive,cv_train,1.0,M_null,registered,participant_item_talker_intercepts,test_talker_id,(Intercept),,0.713100540925541,0.844452805623583,False,False,ok
AN19,tr_10::overall_order_sensitive,cv_train,1.0,M_predictor,registered,participant_item_talker_intercepts,analysis_item_id,(Intercept),,9.97413624689623,3.15818559411828,False,False,ok
AN19,tr_10::overall_order_sensitive,cv_train,1.0,M_predictor,registered,participant_item_talker_intercepts,participant_id,(Intercept),,0.0569669525789272,0.238677507484319,False,False,ok
AN19,tr_10::overall_order_sensitive,cv_train,1.0,M_predictor,registered,participant_item_talker_intercepts,test_talker_id,(Intercept),,0.717815267577269,0.847239793433517,False,False,ok
AN19,tr_10::overall_order_sensitive,cv_train,2.0,M_condition,registered,participant_item_talker_intercepts,analysis_item_id,(Intercept),,10.1282320657954,3.1824883449583,False,False,ok
AN19,tr_10::overall_order_sensitive,cv_train,2.0,M_condition,registered,participant_item_talker_intercepts,participant_id,(Intercept),,0.0815288842305195,0.285532632514253,False,False,ok
AN19,tr_10::overall_order_sensitive,cv_train,2.0,M_condition,registered,participant_item_talker_intercepts,test_talker_id,(Intercept),,0.221468461793782,0.470604358026763,False,False,ok
AN19,tr_10::overall_order_sensitive,cv_train,2.0,M_joint,registered,participant_item_talker_intercepts,analysis_item_id,(Intercept),,10.1320891702887,3.18309427606044,False,False,ok
AN19,tr_10::overall_order_sensitive,cv_train,2.0,M_joint,registered,participant_item_talker_intercepts,participant_id,(Intercept),,0.0774278374521469,0.278258580195017,False,False,ok
AN19,tr_10::overall_order_sensitive,cv_train,2.0,M_joint,registered,participant_item_talker_intercepts,test_talker_id,(Intercept),,0.22493006696812,0.474267927408253,False,False,ok
AN19,tr_10::overall_order_sensitive,cv_train,2.0,M_null,registered,participant_item_talker_intercepts,analysis_item_id,(Intercept),,10.1954436844908,3.19303048599459,False,False,ok
AN19,tr_10::overall_order_sensitive,cv_train,2.0,M_null,registered,participant_item_talker_intercepts,participant_id,(Intercept),,0.147709544303434,0.384329994020028,False,False,ok
AN19,tr_10::overall_order_sensitive,cv_train,2.0,M_null,registered,participant_item_talker_intercepts,test_talker_id,(Intercept),,0.875925934984639,0.935909148894613,False,False,ok
AN19,tr_10::overall_order_sensitive,cv_train,2.0,M_predictor,registered,participant_item_talker_intercepts,analysis_item_id,(Intercept),,10.197293358874,3.19332011531478,False,False,ok
AN19,tr_10::overall_order_sensitive,cv_train,2.0,M_predictor,registered,participant_item_talker_intercepts,participant_id,(Intercept),,0.134988057289022,0.367407209086895,False,False,ok
AN19,tr_10::overall_order_sensitive,cv_train,2.0,M_predictor,registered,participant_item_talker_intercepts,test_talker_id,(Intercept),,0.872783467203484,0.934228808806217,False,False,ok
AN19,tr_10::overall_order_sensitive,full,,M_condition,registered,participant_item_talker_intercepts,analysis_item_id,(Intercept),,10.0610751951221,3.17191979645168,False,False,ok
AN19,tr_10::overall_order_sensitive,full,,M_condition,registered,participant_item_talker_intercepts,participant_id,(Intercept),,0.0800533973983445,0.282937090884784,False,False,ok
AN19,tr_10::overall_order_sensitive,full,,M_condition,registered,participant_item_talker_intercepts,test_talker_id,(Intercept),,0.129901039706348,0.360417868184068,False,False,ok
AN19,tr_10::overall_order_sensitive,full,,M_joint,registered,participant_item_talker_intercepts,analysis_item_id,(Intercept),,10.0643713575979,3.17243933867897,False,False,ok
AN19,tr_10::overall_order_sensitive,full,,M_joint,registered,participant_item_talker_intercepts,participant_id,(Intercept),,0.074868742414879,0.273621531343714,False,False,ok
AN19,tr_10::overall_order_sensitive,full,,M_joint,registered,participant_item_talker_intercepts,test_talker_id,(Intercept),,0.134366254719317,0.366560028807447,False,False,ok
AN19,tr_10::overall_order_sensitive,full,,M_null,registered,participant_item_talker_intercepts,analysis_item_id,(Intercept),,10.1336174823797,3.183334334056,False,False,ok
AN19,tr_10::overall_order_sensitive,full,,M_null,registered,participant_item_talker_intercepts,participant_id,(Intercept),,0.111026685504896,0.333206670858938,False,False,ok
AN19,tr_10::overall_order_sensitive,full,,M_null,registered,participant_item_talker_intercepts,test_talker_id,(Intercept),,0.654238899563733,0.808850356718554,False,False,ok
AN19,tr_10::overall_order_sensitive,full,,M_predictor,registered,participant_item_talker_intercepts,analysis_item_id,(Intercept),,10.1335527435824,3.18332416564547,False,False,ok
AN19,tr_10::overall_order_sensitive,full,,M_predictor,registered,participant_item_talker_intercepts,participant_id,(Intercept),,0.101723750018473,0.318941609104978,False,False,ok
AN19,tr_10::overall_order_sensitive,full,,M_predictor,registered,participant_item_talker_intercepts,test_talker_id,(Intercept),,0.652834522293495,0.807981758639077,False,False,ok
AN19,tr_12::overall,cv_train,0.0,M_condition,registered,participant_item_talker_intercepts,analysis_item_id,(Intercept),,9.15195466573687,3.02521977147725,False,False,ok
AN19,tr_12::overall,cv_train,0.0,M_condition,registered,participant_item_talker_intercepts,participant_id,(Intercept),,0.0890435054791092,0.298401584243632,False,False,ok
AN19,tr_12::overall,cv_train,0.0,M_condition,registered,participant_item_talker_intercepts,test_talker_id,(Intercept),,0.0710724156089509,0.266594102727256,False,False,ok
AN19,tr_12::overall,cv_train,0.0,M_joint,registered,participant_item_talker_intercepts,analysis_item_id,(Intercept),,9.15452681685739,3.02564485967164,False,False,ok
AN19,tr_12::overall,cv_train,0.0,M_joint,registered,participant_item_talker_intercepts,participant_id,(Intercept),,0.0834979518338653,0.288960121528673,False,False,ok
AN19,tr_12::overall,cv_train,0.0,M_joint,registered,participant_item_talker_intercepts,test_talker_id,(Intercept),,0.0710363065329409,0.266526371177302,False,False,ok
AN19,tr_12::overall,cv_train,0.0,M_null,registered,participant_item_talker_intercepts,analysis_item_id,(Intercept),,9.23140055072136,3.03832199589204,False,False,ok
AN19,tr_12::overall,cv_train,0.0,M_null,registered,participant_item_talker_intercepts,participant_id,(Intercept),,0.117053527587624,0.342130863249173,False,False,ok
AN19,tr_12::overall,cv_train,0.0,M_null,registered,participant_item_talker_intercepts,test_talker_id,(Intercept),,0.58150805824082,0.762566756579921,False,False,ok
AN19,tr_12::overall,cv_train,0.0,M_predictor,registered,participant_item_talker_intercepts,analysis_item_id,(Intercept),,9.23302433582324,3.03858920155773,False,False,ok
AN19,tr_12::overall,cv_train,0.0,M_predictor,registered,participant_item_talker_intercepts,participant_id,(Intercept),,0.110468213351087,0.332367587696345,False,False,ok
AN19,tr_12::overall,cv_train,0.0,M_predictor,registered,participant_item_talker_intercepts,test_talker_id,(Intercept),,0.57361594236383,0.757374373981474,False,False,ok
AN19,tr_12::overall,cv_train,1.0,M_condition,registered,participant_item_talker_intercepts,analysis_item_id,(Intercept),,9.91759612341894,3.14922151069418,False,False,ok
AN19,tr_12::overall,cv_train,1.0,M_condition,registered,participant_item_talker_intercepts,participant_id,(Intercept),,0.0354891602419515,0.188385668886865,False,False,ok
AN19,tr_12::overall,cv_train,1.0,M_condition,registered,participant_item_talker_intercepts,test_talker_id,(Intercept),,0.194558220481234,0.44108754287696,False,False,ok
AN19,tr_12::overall,cv_train,1.0,M_joint,registered,participant_item_talker_intercepts,analysis_item_id,(Intercept),,9.91825411796591,3.14932597835885,False,False,ok
AN19,tr_12::overall,cv_train,1.0,M_joint,registered,participant_item_talker_intercepts,participant_id,(Intercept),,0.0285623701665994,0.169004053698719,False,False,ok
AN19,tr_12::overall,cv_train,1.0,M_joint,registered,participant_item_talker_intercepts,test_talker_id,(Intercept),,0.198048601523333,0.445026517775438,False,False,ok
AN19,tr_12::overall,cv_train,1.0,M_null,registered,participant_item_talker_intercepts,analysis_item_id,(Intercept),,9.97550369020101,3.15840207861523,False,False,ok
AN19,tr_12::overall,cv_train,1.0,M_null,registered,participant_item_talker_intercepts,participant_id,(Intercept),,0.0656674539861933,0.256256617448591,False,False,ok
AN19,tr_12::overall,cv_train,1.0,M_null,registered,participant_item_talker_intercepts,test_talker_id,(Intercept),,0.713100540925541,0.844452805623583,False,False,ok
AN19,tr_12::overall,cv_train,1.0,M_predictor,registered,participant_item_talker_intercepts,analysis_item_id,(Intercept),,9.97466218437899,3.15826885878625,False,False,ok
AN19,tr_12::overall,cv_train,1.0,M_predictor,registered,participant_item_talker_intercepts,participant_id,(Intercept),,0.0590981851471491,0.243101182940662,False,False,ok
AN19,tr_12::overall,cv_train,1.0,M_predictor,registered,participant_item_talker_intercepts,test_talker_id,(Intercept),,0.717530541075702,0.847071744940003,False,False,ok
AN19,tr_12::overall,cv_train,2.0,M_condition,registered,participant_item_talker_intercepts,analysis_item_id,(Intercept),,10.1282320657954,3.1824883449583,False,False,ok
AN19,tr_12::overall,cv_train,2.0,M_condition,registered,participant_item_talker_intercepts,participant_id,(Intercept),,0.0815288842305195,0.285532632514253,False,False,ok
AN19,tr_12::overall,cv_train,2.0,M_condition,registered,participant_item_talker_intercepts,test_talker_id,(Intercept),,0.221468461793782,0.470604358026763,False,False,ok
AN19,tr_12::overall,cv_train,2.0,M_joint,registered,participant_item_talker_intercepts,analysis_item_id,(Intercept),,10.1314212757834,3.18298936155674,False,False,ok
AN19,tr_12::overall,cv_train,2.0,M_joint,registered,participant_item_talker_intercepts,participant_id,(Intercept),,0.0794008383850062,0.281781543726707,False,False,ok
AN19,tr_12::overall,cv_train,2.0,M_joint,registered,participant_item_talker_intercepts,test_talker_id,(Intercept),,0.220359807081444,0.469424974922983,False,False,ok
AN19,tr_12::overall,cv_train,2.0,M_null,registered,participant_item_talker_intercepts,analysis_item_id,(Intercept),,10.1954436844908,3.19303048599459,False,False,ok
AN19,tr_12::overall,cv_train,2.0,M_null,registered,participant_item_talker_intercepts,participant_id,(Intercept),,0.147709544303434,0.384329994020028,False,False,ok
AN19,tr_12::overall,cv_train,2.0,M_null,registered,participant_item_talker_intercepts,test_talker_id,(Intercept),,0.875925934984639,0.935909148894613,False,False,ok
AN19,tr_12::overall,cv_train,2.0,M_predictor,registered,participant_item_talker_intercepts,analysis_item_id,(Intercept),,10.1995076580491,3.19366680448181,False,False,ok
AN19,tr_12::overall,cv_train,2.0,M_predictor,registered,participant_item_talker_intercepts,participant_id,(Intercept),,0.145170849762949,0.381012925978829,False,False,ok
AN19,tr_12::overall,cv_train,2.0,M_predictor,registered,participant_item_talker_intercepts,test_talker_id,(Intercept),,0.872810142398192,0.934243085282515,False,False,ok
AN19,tr_12::overall,full,,M_condition,registered,participant_item_talker_intercepts,analysis_item_id,(Intercept),,10.0610751951221,3.17191979645168,False,False,ok
AN19,tr_12::overall,full,,M_condition,registered,participant_item_talker_intercepts,participant_id,(Intercept),,0.0800533973983445,0.282937090884784,False,False,ok
AN19,tr_12::overall,full,,M_condition,registered,participant_item_talker_intercepts,test_talker_id,(Intercept),,0.129901039706348,0.360417868184068,False,False,ok
AN19,tr_12::overall,full,,M_joint,registered,participant_item_talker_intercepts,analysis_item_id,(Intercept),,10.0644447357466,3.17245090359908,False,False,ok
AN19,tr_12::overall,full,,M_joint,registered,participant_item_talker_intercepts,participant_id,(Intercept),,0.0752527414533748,0.274322331306394,False,False,ok
AN19,tr_12::overall,full,,M_joint,registered,participant_item_talker_intercepts,test_talker_id,(Intercept),,0.130368134207025,0.361065276933444,False,False,ok
AN19,tr_12::overall,full,,M_null,registered,participant_item_talker_intercepts,analysis_item_id,(Intercept),,10.1336174823797,3.183334334056,False,False,ok
AN19,tr_12::overall,full,,M_null,registered,participant_item_talker_intercepts,participant_id,(Intercept),,0.111026685504896,0.333206670858938,False,False,ok
AN19,tr_12::overall,full,,M_null,registered,participant_item_talker_intercepts,test_talker_id,(Intercept),,0.654238899563733,0.808850356718554,False,False,ok
AN19,tr_12::overall,full,,M_predictor,registered,participant_item_talker_intercepts,analysis_item_id,(Intercept),,10.1361081033156,3.18372550690471,False,False,ok
AN19,tr_12::overall,full,,M_predictor,registered,participant_item_talker_intercepts,participant_id,(Intercept),,0.106269516984232,0.325990056572639,False,False,ok
AN19,tr_12::overall,full,,M_predictor,registered,participant_item_talker_intercepts,test_talker_id,(Intercept),,0.652074733214912,0.807511444634014,False,False,ok
AN19,tr_12::overall_order_sensitive,cv_train,0.0,M_condition,registered,participant_item_talker_intercepts,analysis_item_id,(Intercept),,9.15195466573687,3.02521977147725,False,False,ok
AN19,tr_12::overall_order_sensitive,cv_train,0.0,M_condition,registered,participant_item_talker_intercepts,participant_id,(Intercept),,0.0890435054791092,0.298401584243632,False,False,ok
AN19,tr_12::overall_order_sensitive,cv_train,0.0,M_condition,registered,participant_item_talker_intercepts,test_talker_id,(Intercept),,0.0710724156089509,0.266594102727256,False,False,ok
AN19,tr_12::overall_order_sensitive,cv_train,0.0,M_joint,registered,participant_item_talker_intercepts,analysis_item_id,(Intercept),,9.15364840575505,3.02549969521649,False,False,ok
AN19,tr_12::overall_order_sensitive,cv_train,0.0,M_joint,registered,participant_item_talker_intercepts,participant_id,(Intercept),,0.086433326286642,0.293995452833274,False,False,ok
AN19,tr_12::overall_order_sensitive,cv_train,0.0,M_joint,registered,participant_item_talker_intercepts,test_talker_id,(Intercept),,0.0735968513828163,0.271287396284487,False,False,ok
AN19,tr_12::overall_order_sensitive,cv_train,0.0,M_null,registered,participant_item_talker_intercepts,analysis_item_id,(Intercept),,9.23140055072136,3.03832199589204,False,False,ok
AN19,tr_12::overall_order_sensitive,cv_train,0.0,M_null,registered,participant_item_talker_intercepts,participant_id,(Intercept),,0.117053527587624,0.342130863249173,False,False,ok
AN19,tr_12::overall_order_sensitive,cv_train,0.0,M_null,registered,participant_item_talker_intercepts,test_talker_id,(Intercept),,0.58150805824082,0.762566756579921,False,False,ok
AN19,tr_12::overall_order_sensitive,cv_train,0.0,M_predictor,registered,participant_item_talker_intercepts,analysis_item_id,(Intercept),,9.2298975421226,3.0380746439353,False,False,ok
AN19,tr_12::overall_order_sensitive,cv_train,0.0,M_predictor,registered,participant_item_talker_intercepts,participant_id,(Intercept),,0.111168429147422,0.333419299302578,False,False,ok
AN19,tr_12::overall_order_sensitive,cv_train,0.0,M_predictor,registered,participant_item_talker_intercepts,test_talker_id,(Intercept),,0.575749857588047,0.758781824761273,False,False,ok
AN19,tr_12::overall_order_sensitive,cv_train,1.0,M_condition,registered,participant_item_talker_intercepts,analysis_item_id,(Intercept),,9.91759612341894,3.14922151069418,False,False,ok
AN19,tr_12::overall_order_sensitive,cv_train,1.0,M_condition,registered,participant_item_talker_intercepts,participant_id,(Intercept),,0.0354891602419515,0.188385668886865,False,False,ok
AN19,tr_12::overall_order_sensitive,cv_train,1.0,M_condition,registered,participant_item_talker_intercepts,test_talker_id,(Intercept),,0.194558220481234,0.44108754287696,False,False,ok
AN19,tr_12::overall_order_sensitive,cv_train,1.0,M_joint,registered,participant_item_talker_intercepts,analysis_item_id,(Intercept),,9.92086828194104,3.14974098648461,False,False,ok
AN19,tr_12::overall_order_sensitive,cv_train,1.0,M_joint,registered,participant_item_talker_intercepts,participant_id,(Intercept),,0.0300348593995972,0.173305681959932,False,False,ok
AN19,tr_12::overall_order_sensitive,cv_train,1.0,M_joint,registered,participant_item_talker_intercepts,test_talker_id,(Intercept),,0.203803115810439,0.451445584550828,False,False,ok
AN19,tr_12::overall_order_sensitive,cv_train,1.0,M_null,registered,participant_item_talker_intercepts,analysis_item_id,(Intercept),,9.97550369020101,3.15840207861523,False,False,ok
AN19,tr_12::overall_order_sensitive,cv_train,1.0,M_null,registered,participant_item_talker_intercepts,participant_id,(Intercept),,0.0656674539861933,0.256256617448591,False,False,ok
AN19,tr_12::overall_order_sensitive,cv_train,1.0,M_null,registered,participant_item_talker_intercepts,test_talker_id,(Intercept),,0.713100540925541,0.844452805623583,False,False,ok
AN19,tr_12::overall_order_sensitive,cv_train,1.0,M_predictor,registered,participant_item_talker_intercepts,analysis_item_id,(Intercept),,9.97393487922945,3.15815371367979,False,False,ok
AN19,tr_12::overall_order_sensitive,cv_train,1.0,M_predictor,registered,participant_item_talker_intercepts,participant_id,(Intercept),,0.058213114009617,0.241273939764777,False,False,ok
AN19,tr_12::overall_order_sensitive,cv_train,1.0,M_predictor,registered,participant_item_talker_intercepts,test_talker_id,(Intercept),,0.717873101579655,0.847273923580594,False,False,ok
AN19,tr_12::overall_order_sensitive,cv_train,2.0,M_condition,registered,participant_item_talker_intercepts,analysis_item_id,(Intercept),,10.1282320657954,3.1824883449583,False,False,ok
AN19,tr_12::overall_order_sensitive,cv_train,2.0,M_condition,registered,participant_item_talker_intercepts,participant_id,(Intercept),,0.0815288842305195,0.285532632514253,False,False,ok
AN19,tr_12::overall_order_sensitive,cv_train,2.0,M_condition,registered,participant_item_talker_intercepts,test_talker_id,(Intercept),,0.221468461793782,0.470604358026763,False,False,ok
AN19,tr_12::overall_order_sensitive,cv_train,2.0,M_joint,registered,participant_item_talker_intercepts,analysis_item_id,(Intercept),,10.1323295688841,3.18313203761391,False,False,ok
AN19,tr_12::overall_order_sensitive,cv_train,2.0,M_joint,registered,participant_item_talker_intercepts,participant_id,(Intercept),,0.0770203547317838,0.277525412767523,False,False,ok
AN19,tr_12::overall_order_sensitive,cv_train,2.0,M_joint,registered,participant_item_talker_intercepts,test_talker_id,(Intercept),,0.22737481503162,0.476838353146661,False,False,ok
AN19,tr_12::overall_order_sensitive,cv_train,2.0,M_null,registered,participant_item_talker_intercepts,analysis_item_id,(Intercept),,10.1954436844908,3.19303048599459,False,False,ok
AN19,tr_12::overall_order_sensitive,cv_train,2.0,M_null,registered,participant_item_talker_intercepts,participant_id,(Intercept),,0.147709544303434,0.384329994020028,False,False,ok
AN19,tr_12::overall_order_sensitive,cv_train,2.0,M_null,registered,participant_item_talker_intercepts,test_talker_id,(Intercept),,0.875925934984639,0.935909148894613,False,False,ok
AN19,tr_12::overall_order_sensitive,cv_train,2.0,M_predictor,registered,participant_item_talker_intercepts,analysis_item_id,(Intercept),,10.1969534160125,3.19326688768923,False,False,ok
AN19,tr_12::overall_order_sensitive,cv_train,2.0,M_predictor,registered,participant_item_talker_intercepts,participant_id,(Intercept),,0.134918398608881,0.36731239920384,False,False,ok
AN19,tr_12::overall_order_sensitive,cv_train,2.0,M_predictor,registered,participant_item_talker_intercepts,test_talker_id,(Intercept),,0.874370527760803,0.935077819093578,False,False,ok
AN19,tr_12::overall_order_sensitive,full,,M_condition,registered,participant_item_talker_intercepts,analysis_item_id,(Intercept),,10.0610751951221,3.17191979645168,False,False,ok
AN19,tr_12::overall_order_sensitive,full,,M_condition,registered,participant_item_talker_intercepts,participant_id,(Intercept),,0.0800533973983445,0.282937090884784,False,False,ok
AN19,tr_12::overall_order_sensitive,full,,M_condition,registered,participant_item_talker_intercepts,test_talker_id,(Intercept),,0.129901039706348,0.360417868184068,False,False,ok
AN19,tr_12::overall_order_sensitive,full,,M_joint,registered,participant_item_talker_intercepts,analysis_item_id,(Intercept),,10.0644219674261,3.17244731515373,False,False,ok
AN19,tr_12::overall_order_sensitive,full,,M_joint,registered,participant_item_talker_intercepts,participant_id,(Intercept),,0.0755063548411458,0.274784196854815,False,False,ok
AN19,tr_12::overall_order_sensitive,full,,M_joint,registered,participant_item_talker_intercepts,test_talker_id,(Intercept),,0.135832908071566,0.368555162861092,False,False,ok
AN19,tr_12::overall_order_sensitive,full,,M_null,registered,participant_item_talker_intercepts,analysis_item_id,(Intercept),,10.1336174823797,3.183334334056,False,False,ok
AN19,tr_12::overall_order_sensitive,full,,M_null,registered,participant_item_talker_intercepts,participant_id,(Intercept),,0.111026685504896,0.333206670858938,False,False,ok
AN19,tr_12::overall_order_sensitive,full,,M_null,registered,participant_item_talker_intercepts,test_talker_id,(Intercept),,0.654238899563733,0.808850356718554,False,False,ok
AN19,tr_12::overall_order_sensitive,full,,M_predictor,registered,participant_item_talker_intercepts,analysis_item_id,(Intercept),,10.1330962609518,3.183252465789,False,False,ok
AN19,tr_12::overall_order_sensitive,full,,M_predictor,registered,participant_item_talker_intercepts,participant_id,(Intercept),,0.102685102817851,0.320445163511404,False,False,ok
AN19,tr_12::overall_order_sensitive,full,,M_predictor,registered,participant_item_talker_intercepts,test_talker_id,(Intercept),,0.653267601042831,0.808249714533096,False,False,ok
AN19,tr_14::overall,cv_train,0.0,M_condition,registered,participant_item_talker_intercepts,analysis_item_id,(Intercept),,9.15195466573687,3.02521977147725,False,False,ok
AN19,tr_14::overall,cv_train,0.0,M_condition,registered,participant_item_talker_intercepts,participant_id,(Intercept),,0.0890435054791092,0.298401584243632,False,False,ok
AN19,tr_14::overall,cv_train,0.0,M_condition,registered,participant_item_talker_intercepts,test_talker_id,(Intercept),,0.0710724156089509,0.266594102727256,False,False,ok
AN19,tr_14::overall,cv_train,0.0,M_joint,registered,participant_item_talker_intercepts,analysis_item_id,(Intercept),,9.16447799732502,3.02728888567395,False,False,ok
AN19,tr_14::overall,cv_train,0.0,M_joint,registered,participant_item_talker_intercepts,participant_id,(Intercept),,0.0836525933376485,0.289227580527253,False,False,ok
AN19,tr_14::overall,cv_train,0.0,M_joint,registered,participant_item_talker_intercepts,test_talker_id,(Intercept),,0.0656163462506809,0.25615687820295,False,False,ok
AN19,tr_14::overall,cv_train,0.0,M_null,registered,participant_item_talker_intercepts,analysis_item_id,(Intercept),,9.23140055072136,3.03832199589204,False,False,ok
AN19,tr_14::overall,cv_train,0.0,M_null,registered,participant_item_talker_intercepts,participant_id,(Intercept),,0.117053527587624,0.342130863249173,False,False,ok
AN19,tr_14::overall,cv_train,0.0,M_null,registered,participant_item_talker_intercepts,test_talker_id,(Intercept),,0.58150805824082,0.762566756579921,False,False,ok
AN19,tr_14::overall,cv_train,0.0,M_predictor,registered,participant_item_talker_intercepts,analysis_item_id,(Intercept),,9.23274199119335,3.03854274138004,False,False,ok
AN19,tr_14::overall,cv_train,0.0,M_predictor,registered,participant_item_talker_intercepts,participant_id,(Intercept),,0.10904511260952,0.330219794393856,False,False,ok
AN19,tr_14::overall,cv_train,0.0,M_predictor,registered,participant_item_talker_intercepts,test_talker_id,(Intercept),,0.571421930039243,0.75592455313956,False,False,ok
AN19,tr_14::overall,cv_train,1.0,M_condition,registered,participant_item_talker_intercepts,analysis_item_id,(Intercept),,9.91759612341894,3.14922151069418,False,False,ok
AN19,tr_14::overall,cv_train,1.0,M_condition,registered,participant_item_talker_intercepts,participant_id,(Intercept),,0.0354891602419515,0.188385668886865,False,False,ok
AN19,tr_14::overall,cv_train,1.0,M_condition,registered,participant_item_talker_intercepts,test_talker_id,(Intercept),,0.194558220481234,0.44108754287696,False,False,ok
AN19,tr_14::overall,cv_train,1.0,M_joint,registered,participant_item_talker_intercepts,analysis_item_id,(Intercept),,9.92157909274191,3.14985382085295,False,False,ok
AN19,tr_14::overall,cv_train,1.0,M_joint,registered,participant_item_talker_intercepts,participant_id,(Intercept),,0.0266388389669859,0.163214089364203,False,False,ok
AN19,tr_14::overall,cv_train,1.0,M_joint,registered,participant_item_talker_intercepts,test_talker_id,(Intercept),,0.203979988568958,0.451641438055631,False,False,ok
AN19,tr_14::overall,cv_train,1.0,M_null,registered,participant_item_talker_intercepts,analysis_item_id,(Intercept),,9.97550369020101,3.15840207861523,False,False,ok
AN19,tr_14::overall,cv_train,1.0,M_null,registered,participant_item_talker_intercepts,participant_id,(Intercept),,0.0656674539861933,0.256256617448591,False,False,ok
AN19,tr_14::overall,cv_train,1.0,M_null,registered,participant_item_talker_intercepts,test_talker_id,(Intercept),,0.713100540925541,0.844452805623583,False,False,ok
AN19,tr_14::overall,cv_train,1.0,M_predictor,registered,participant_item_talker_intercepts,analysis_item_id,(Intercept),,9.97501165365098,3.1583241843818,False,False,ok
AN19,tr_14::overall,cv_train,1.0,M_predictor,registered,participant_item_talker_intercepts,participant_id,(Intercept),,0.0557652094693714,0.236146584708252,False,False,ok
AN19,tr_14::overall,cv_train,1.0,M_predictor,registered,participant_item_talker_intercepts,test_talker_id,(Intercept),,0.719623009768392,0.848305964713435,False,False,ok
AN19,tr_14::overall,cv_train,2.0,M_condition,registered,participant_item_talker_intercepts,analysis_item_id,(Intercept),,10.1282320657954,3.1824883449583,False,False,ok
AN19,tr_14::overall,cv_train,2.0,M_condition,registered,participant_item_talker_intercepts,participant_id,(Intercept),,0.0815288842305195,0.285532632514253,False,False,ok
AN19,tr_14::overall,cv_train,2.0,M_condition,registered,participant_item_talker_intercepts,test_talker_id,(Intercept),,0.221468461793782,0.470604358026763,False,False,ok
AN19,tr_14::overall,cv_train,2.0,M_joint,registered,participant_item_talker_intercepts,analysis_item_id,(Intercept),,10.133406120537,3.18330113569813,False,False,ok
AN19,tr_14::overall,cv_train,2.0,M_joint,registered,participant_item_talker_intercepts,participant_id,(Intercept),,0.0778002205880158,0.278926909042523,False,False,ok
AN19,tr_14::overall,cv_train,2.0,M_joint,registered,participant_item_talker_intercepts,test_talker_id,(Intercept),,0.223398182295675,0.472650169042258,False,False,ok
AN19,tr_14::overall,cv_train,2.0,M_null,registered,participant_item_talker_intercepts,analysis_item_id,(Intercept),,10.1954436844908,3.19303048599459,False,False,ok
AN19,tr_14::overall,cv_train,2.0,M_null,registered,participant_item_talker_intercepts,participant_id,(Intercept),,0.147709544303434,0.384329994020028,False,False,ok
AN19,tr_14::overall,cv_train,2.0,M_null,registered,participant_item_talker_intercepts,test_talker_id,(Intercept),,0.875925934984639,0.935909148894613,False,False,ok
AN19,tr_14::overall,cv_train,2.0,M_predictor,registered,participant_item_talker_intercepts,analysis_item_id,(Intercept),,10.2006689779036,3.19384861537043,False,False,ok
AN19,tr_14::overall,cv_train,2.0,M_predictor,registered,participant_item_talker_intercepts,participant_id,(Intercept),,0.141028736159798,0.375537929056172,False,False,ok
AN19,tr_14::overall,cv_train,2.0,M_predictor,registered,participant_item_talker_intercepts,test_talker_id,(Intercept),,0.870938255753361,0.933240727654639,False,False,ok
AN19,tr_14::overall,full,,M_condition,registered,participant_item_talker_intercepts,analysis_item_id,(Intercept),,10.0610751951221,3.17191979645168,False,False,ok
AN19,tr_14::overall,full,,M_condition,registered,participant_item_talker_intercepts,participant_id,(Intercept),,0.0800533973983445,0.282937090884784,False,False,ok
AN19,tr_14::overall,full,,M_condition,registered,participant_item_talker_intercepts,test_talker_id,(Intercept),,0.129901039706348,0.360417868184068,False,False,ok
AN19,tr_14::overall,full,,M_joint,registered,participant_item_talker_intercepts,analysis_item_id,(Intercept),,10.0665422413692,3.17278146763517,False,False,ok
AN19,tr_14::overall,full,,M_joint,registered,participant_item_talker_intercepts,participant_id,(Intercept),,0.073874570236938,0.271798767909161,False,False,ok
AN19,tr_14::overall,full,,M_joint,registered,participant_item_talker_intercepts,test_talker_id,(Intercept),,0.134142693090547,0.366254956404069,False,False,ok
AN19,tr_14::overall,full,,M_null,registered,participant_item_talker_intercepts,analysis_item_id,(Intercept),,10.1336174823797,3.183334334056,False,False,ok
AN19,tr_14::overall,full,,M_null,registered,participant_item_talker_intercepts,participant_id,(Intercept),,0.111026685504896,0.333206670858938,False,False,ok
AN19,tr_14::overall,full,,M_null,registered,participant_item_talker_intercepts,test_talker_id,(Intercept),,0.654238899563733,0.808850356718554,False,False,ok
AN19,tr_14::overall,full,,M_predictor,registered,participant_item_talker_intercepts,analysis_item_id,(Intercept),,10.1363686821418,3.18376643021152,False,False,ok
AN19,tr_14::overall,full,,M_predictor,registered,participant_item_talker_intercepts,participant_id,(Intercept),,0.103177741446349,0.321212922290416,False,False,ok
AN19,tr_14::overall,full,,M_predictor,registered,participant_item_talker_intercepts,test_talker_id,(Intercept),,0.651148698671152,0.806937853041455,False,False,ok
AN19,tr_14::overall_order_sensitive,cv_train,0.0,M_condition,registered,participant_item_talker_intercepts,analysis_item_id,(Intercept),,9.15195466573687,3.02521977147725,False,False,ok
AN19,tr_14::overall_order_sensitive,cv_train,0.0,M_condition,registered,participant_item_talker_intercepts,participant_id,(Intercept),,0.0890435054791092,0.298401584243632,False,False,ok
AN19,tr_14::overall_order_sensitive,cv_train,0.0,M_condition,registered,participant_item_talker_intercepts,test_talker_id,(Intercept),,0.0710724156089509,0.266594102727256,False,False,ok
AN19,tr_14::overall_order_sensitive,cv_train,0.0,M_joint,registered,participant_item_talker_intercepts,analysis_item_id,(Intercept),,9.15104927089545,3.02507012660789,False,False,ok
AN19,tr_14::overall_order_sensitive,cv_train,0.0,M_joint,registered,participant_item_talker_intercepts,participant_id,(Intercept),,0.0880013278858765,0.296650177626572,False,False,ok
AN19,tr_14::overall_order_sensitive,cv_train,0.0,M_joint,registered,participant_item_talker_intercepts,test_talker_id,(Intercept),,0.071861825320742,0.268070560339516,False,False,ok
AN19,tr_14::overall_order_sensitive,cv_train,0.0,M_null,registered,participant_item_talker_intercepts,analysis_item_id,(Intercept),,9.23140055072136,3.03832199589204,False,False,ok
AN19,tr_14::overall_order_sensitive,cv_train,0.0,M_null,registered,participant_item_talker_intercepts,participant_id,(Intercept),,0.117053527587624,0.342130863249173,False,False,ok
AN19,tr_14::overall_order_sensitive,cv_train,0.0,M_null,registered,participant_item_talker_intercepts,test_talker_id,(Intercept),,0.58150805824082,0.762566756579921,False,False,ok
AN19,tr_14::overall_order_sensitive,cv_train,0.0,M_predictor,registered,participant_item_talker_intercepts,analysis_item_id,(Intercept),,9.23095472812534,3.03824862842483,False,False,ok
AN19,tr_14::overall_order_sensitive,cv_train,0.0,M_predictor,registered,participant_item_talker_intercepts,participant_id,(Intercept),,0.116882798386353,0.341881263578969,False,False,ok
AN19,tr_14::overall_order_sensitive,cv_train,0.0,M_predictor,registered,participant_item_talker_intercepts,test_talker_id,(Intercept),,0.581236002866637,0.762388354361894,False,False,ok
AN19,tr_14::overall_order_sensitive,cv_train,1.0,M_condition,registered,participant_item_talker_intercepts,analysis_item_id,(Intercept),,9.91759612341894,3.14922151069418,False,False,ok
AN19,tr_14::overall_order_sensitive,cv_train,1.0,M_condition,registered,participant_item_talker_intercepts,participant_id,(Intercept),,0.0354891602419515,0.188385668886865,False,False,ok
AN19,tr_14::overall_order_sensitive,cv_train,1.0,M_condition,registered,participant_item_talker_intercepts,test_talker_id,(Intercept),,0.194558220481234,0.44108754287696,False,False,ok
AN19,tr_14::overall_order_sensitive,cv_train,1.0,M_joint,registered,participant_item_talker_intercepts,analysis_item_id,(Intercept),,9.91702890064182,3.14913145178823,False,False,ok
AN19,tr_14::overall_order_sensitive,cv_train,1.0,M_joint,registered,participant_item_talker_intercepts,participant_id,(Intercept),,0.0347639971170101,0.186451058235158,False,False,ok
AN19,tr_14::overall_order_sensitive,cv_train,1.0,M_joint,registered,participant_item_talker_intercepts,test_talker_id,(Intercept),,0.195349425405427,0.441983512594561,False,False,ok
AN19,tr_14::overall_order_sensitive,cv_train,1.0,M_null,registered,participant_item_talker_intercepts,analysis_item_id,(Intercept),,9.97550369020101,3.15840207861523,False,False,ok
AN19,tr_14::overall_order_sensitive,cv_train,1.0,M_null,registered,participant_item_talker_intercepts,participant_id,(Intercept),,0.0656674539861933,0.256256617448591,False,False,ok
AN19,tr_14::overall_order_sensitive,cv_train,1.0,M_null,registered,participant_item_talker_intercepts,test_talker_id,(Intercept),,0.713100540925541,0.844452805623583,False,False,ok
AN19,tr_14::overall_order_sensitive,cv_train,1.0,M_predictor,registered,participant_item_talker_intercepts,analysis_item_id,(Intercept),,9.9753171517742,3.15837254797058,False,False,ok
AN19,tr_14::overall_order_sensitive,cv_train,1.0,M_predictor,registered,participant_item_talker_intercepts,participant_id,(Intercept),,0.0650018595456664,0.254954622522649,False,False,ok
AN19,tr_14::overall_order_sensitive,cv_train,1.0,M_predictor,registered,participant_item_talker_intercepts,test_talker_id,(Intercept),,0.713914575230847,0.844934657373484,False,False,ok
AN19,tr_14::overall_order_sensitive,cv_train,2.0,M_condition,registered,participant_item_talker_intercepts,analysis_item_id,(Intercept),,10.1282320657954,3.1824883449583,False,False,ok
AN19,tr_14::overall_order_sensitive,cv_train,2.0,M_condition,registered,participant_item_talker_intercepts,participant_id,(Intercept),,0.0815288842305195,0.285532632514253,False,False,ok
AN19,tr_14::overall_order_sensitive,cv_train,2.0,M_condition,registered,participant_item_talker_intercepts,test_talker_id,(Intercept),,0.221468461793782,0.470604358026763,False,False,ok
AN19,tr_14::overall_order_sensitive,cv_train,2.0,M_joint,registered,participant_item_talker_intercepts,analysis_item_id,(Intercept),,10.1276680194796,3.18239972653965,False,False,ok
AN19,tr_14::overall_order_sensitive,cv_train,2.0,M_joint,registered,participant_item_talker_intercepts,participant_id,(Intercept),,0.0785105821271507,0.280197398501754,False,False,ok
AN19,tr_14::overall_order_sensitive,cv_train,2.0,M_joint,registered,participant_item_talker_intercepts,test_talker_id,(Intercept),,0.225173332160019,0.474524321989947,False,False,ok
AN19,tr_14::overall_order_sensitive,cv_train,2.0,M_null,registered,participant_item_talker_intercepts,analysis_item_id,(Intercept),,10.1954436844908,3.19303048599459,False,False,ok
AN19,tr_14::overall_order_sensitive,cv_train,2.0,M_null,registered,participant_item_talker_intercepts,participant_id,(Intercept),,0.147709544303434,0.384329994020028,False,False,ok
AN19,tr_14::overall_order_sensitive,cv_train,2.0,M_null,registered,participant_item_talker_intercepts,test_talker_id,(Intercept),,0.875925934984639,0.935909148894613,False,False,ok
AN19,tr_14::overall_order_sensitive,cv_train,2.0,M_predictor,registered,participant_item_talker_intercepts,analysis_item_id,(Intercept),,10.1954019048406,3.19302394366854,False,False,ok
AN19,tr_14::overall_order_sensitive,cv_train,2.0,M_predictor,registered,participant_item_talker_intercepts,participant_id,(Intercept),,0.146531453782572,0.382794270833005,False,False,ok
AN19,tr_14::overall_order_sensitive,cv_train,2.0,M_predictor,registered,participant_item_talker_intercepts,test_talker_id,(Intercept),,0.877422102013992,0.936708119968004,False,False,ok
AN19,tr_14::overall_order_sensitive,full,,M_condition,registered,participant_item_talker_intercepts,analysis_item_id,(Intercept),,10.0610751951221,3.17191979645168,False,False,ok
AN19,tr_14::overall_order_sensitive,full,,M_condition,registered,participant_item_talker_intercepts,participant_id,(Intercept),,0.0800533973983445,0.282937090884784,False,False,ok
AN19,tr_14::overall_order_sensitive,full,,M_condition,registered,participant_item_talker_intercepts,test_talker_id,(Intercept),,0.129901039706348,0.360417868184068,False,False,ok
AN19,tr_14::overall_order_sensitive,full,,M_joint,registered,participant_item_talker_intercepts,analysis_item_id,(Intercept),,10.0602033075436,3.17178235500855,False,False,ok
AN19,tr_14::overall_order_sensitive,full,,M_joint,registered,participant_item_talker_intercepts,participant_id,(Intercept),,0.0783098728950777,0.279839012460875,False,False,ok
AN19,tr_14::overall_order_sensitive,full,,M_joint,registered,participant_item_talker_intercepts,test_talker_id,(Intercept),,0.131753854582555,0.362979137943981,False,False,ok
AN19,tr_14::overall_order_sensitive,full,,M_null,registered,participant_item_talker_intercepts,analysis_item_id,(Intercept),,10.1336174823797,3.183334334056,False,False,ok
AN19,tr_14::overall_order_sensitive,full,,M_null,registered,participant_item_talker_intercepts,participant_id,(Intercept),,0.111026685504896,0.333206670858938,False,False,ok
AN19,tr_14::overall_order_sensitive,full,,M_null,registered,participant_item_talker_intercepts,test_talker_id,(Intercept),,0.654238899563733,0.808850356718554,False,False,ok
AN19,tr_14::overall_order_sensitive,full,,M_predictor,registered,participant_item_talker_intercepts,analysis_item_id,(Intercept),,10.1332742402057,3.18328042123305,False,False,ok
AN19,tr_14::overall_order_sensitive,full,,M_predictor,registered,participant_item_talker_intercepts,participant_id,(Intercept),,0.110399167853984,0.332263702281762,False,False,ok
AN19,tr_14::overall_order_sensitive,full,,M_predictor,registered,participant_item_talker_intercepts,test_talker_id,(Intercept),,0.654843485208522,0.809224001873722,False,False,ok
AN19,tr_16::overall,cv_train,0.0,M_condition,registered,participant_item_talker_intercepts,analysis_item_id,(Intercept),,9.15195466573687,3.02521977147725,False,False,ok
AN19,tr_16::overall,cv_train,0.0,M_condition,registered,participant_item_talker_intercepts,participant_id,(Intercept),,0.0890435054791092,0.298401584243632,False,False,ok
AN19,tr_16::overall,cv_train,0.0,M_condition,registered,participant_item_talker_intercepts,test_talker_id,(Intercept),,0.0710724156089509,0.266594102727256,False,False,ok
AN19,tr_16::overall,cv_train,0.0,M_joint,registered,participant_item_talker_intercepts,analysis_item_id,(Intercept),,9.15718539937551,3.02608416924836,False,False,ok
AN19,tr_16::overall,cv_train,0.0,M_joint,registered,participant_item_talker_intercepts,participant_id,(Intercept),,0.0880321981986877,0.296702204573353,False,False,ok
AN19,tr_16::overall,cv_train,0.0,M_joint,registered,participant_item_talker_intercepts,test_talker_id,(Intercept),,0.0737329898030237,0.271538192162767,False,False,ok
AN19,tr_16::overall,cv_train,0.0,M_null,registered,participant_item_talker_intercepts,analysis_item_id,(Intercept),,9.23140055072136,3.03832199589204,False,False,ok
AN19,tr_16::overall,cv_train,0.0,M_null,registered,participant_item_talker_intercepts,participant_id,(Intercept),,0.117053527587624,0.342130863249173,False,False,ok
AN19,tr_16::overall,cv_train,0.0,M_null,registered,participant_item_talker_intercepts,test_talker_id,(Intercept),,0.58150805824082,0.762566756579921,False,False,ok
AN19,tr_16::overall,cv_train,0.0,M_predictor,registered,participant_item_talker_intercepts,analysis_item_id,(Intercept),,9.23509914739126,3.03893059272358,False,False,ok
AN19,tr_16::overall,cv_train,0.0,M_predictor,registered,participant_item_talker_intercepts,participant_id,(Intercept),,0.112609439305735,0.335573299452944,False,False,ok
AN19,tr_16::overall,cv_train,0.0,M_predictor,registered,participant_item_talker_intercepts,test_talker_id,(Intercept),,0.572651994813137,0.756737731855057,False,False,ok
AN19,tr_16::overall,cv_train,1.0,M_condition,registered,participant_item_talker_intercepts,analysis_item_id,(Intercept),,9.91759612341894,3.14922151069418,False,False,ok
AN19,tr_16::overall,cv_train,1.0,M_condition,registered,participant_item_talker_intercepts,participant_id,(Intercept),,0.0354891602419515,0.188385668886865,False,False,ok
AN19,tr_16::overall,cv_train,1.0,M_condition,registered,participant_item_talker_intercepts,test_talker_id,(Intercept),,0.194558220481234,0.44108754287696,False,False,ok
AN19,tr_16::overall,cv_train,1.0,M_joint,registered,participant_item_talker_intercepts,analysis_item_id,(Intercept),,9.93551578810985,3.15206532104109,False,False,ok
AN19,tr_16::overall,cv_train,1.0,M_joint,registered,participant_item_talker_intercepts,participant_id,(Intercept),,0.0252176593158165,0.158800690539483,False,False,ok
AN19,tr_16::overall,cv_train,1.0,M_joint,registered,participant_item_talker_intercepts,test_talker_id,(Intercept),,0.22185577692466,0.471015686495323,False,False,ok
AN19,tr_16::overall,cv_train,1.0,M_null,registered,participant_item_talker_intercepts,analysis_item_id,(Intercept),,9.97550369020101,3.15840207861523,False,False,ok
AN19,tr_16::overall,cv_train,1.0,M_null,registered,participant_item_talker_intercepts,participant_id,(Intercept),,0.0656674539861933,0.256256617448591,False,False,ok
AN19,tr_16::overall,cv_train,1.0,M_null,registered,participant_item_talker_intercepts,test_talker_id,(Intercept),,0.713100540925541,0.844452805623583,False,False,ok
AN19,tr_16::overall,cv_train,1.0,M_predictor,registered,participant_item_talker_intercepts,analysis_item_id,(Intercept),,9.97572987875795,3.15843788584768,False,False,ok
AN19,tr_16::overall,cv_train,1.0,M_predictor,registered,participant_item_talker_intercepts,participant_id,(Intercept),,0.0599365508472828,0.244819424979479,False,False,ok
AN19,tr_16::overall,cv_train,1.0,M_predictor,registered,participant_item_talker_intercepts,test_talker_id,(Intercept),,0.718073255039056,0.847392031493721,False,False,ok
AN19,tr_16::overall,cv_train,2.0,M_condition,registered,participant_item_talker_intercepts,analysis_item_id,(Intercept),,10.1282320657954,3.1824883449583,False,False,ok
AN19,tr_16::overall,cv_train,2.0,M_condition,registered,participant_item_talker_intercepts,participant_id,(Intercept),,0.0815288842305195,0.285532632514253,False,False,ok
AN19,tr_16::overall,cv_train,2.0,M_condition,registered,participant_item_talker_intercepts,test_talker_id,(Intercept),,0.221468461793782,0.470604358026763,False,False,ok
AN19,tr_16::overall,cv_train,2.0,M_joint,registered,participant_item_talker_intercepts,analysis_item_id,(Intercept),,10.1342894783891,3.18343988138445,False,False,ok
AN19,tr_16::overall,cv_train,2.0,M_joint,registered,participant_item_talker_intercepts,participant_id,(Intercept),,0.0803932324296449,0.28353700363382,False,False,ok
AN19,tr_16::overall,cv_train,2.0,M_joint,registered,participant_item_talker_intercepts,test_talker_id,(Intercept),,0.225141363871829,0.47449063623198,False,False,ok
AN19,tr_16::overall,cv_train,2.0,M_null,registered,participant_item_talker_intercepts,analysis_item_id,(Intercept),,10.1954436844908,3.19303048599459,False,False,ok
AN19,tr_16::overall,cv_train,2.0,M_null,registered,participant_item_talker_intercepts,participant_id,(Intercept),,0.147709544303434,0.384329994020028,False,False,ok
AN19,tr_16::overall,cv_train,2.0,M_null,registered,participant_item_talker_intercepts,test_talker_id,(Intercept),,0.875925934984639,0.935909148894613,False,False,ok
AN19,tr_16::overall,cv_train,2.0,M_predictor,registered,participant_item_talker_intercepts,analysis_item_id,(Intercept),,10.199283420669,3.19363169771798,False,False,ok
AN19,tr_16::overall,cv_train,2.0,M_predictor,registered,participant_item_talker_intercepts,participant_id,(Intercept),,0.145079469843338,0.380892990016013,False,False,ok
AN19,tr_16::overall,cv_train,2.0,M_predictor,registered,participant_item_talker_intercepts,test_talker_id,(Intercept),,0.871223815054241,0.93339370849296,False,False,ok
AN19,tr_16::overall,full,,M_condition,registered,participant_item_talker_intercepts,analysis_item_id,(Intercept),,10.0610751951221,3.17191979645168,False,False,ok
AN19,tr_16::overall,full,,M_condition,registered,participant_item_talker_intercepts,participant_id,(Intercept),,0.0800533973983445,0.282937090884784,False,False,ok
AN19,tr_16::overall,full,,M_condition,registered,participant_item_talker_intercepts,test_talker_id,(Intercept),,0.129901039706348,0.360417868184068,False,False,ok
AN19,tr_16::overall,full,,M_joint,registered,participant_item_talker_intercepts,analysis_item_id,(Intercept),,10.0707043853805,3.17343731392011,False,False,ok
AN19,tr_16::overall,full,,M_joint,registered,participant_item_talker_intercepts,participant_id,(Intercept),,0.0769863125720847,0.277464074380963,False,False,ok
AN19,tr_16::overall,full,,M_joint,registered,participant_item_talker_intercepts,test_talker_id,(Intercept),,0.138142608514698,0.371675407465571,False,False,ok
AN19,tr_16::overall,full,,M_null,registered,participant_item_talker_intercepts,analysis_item_id,(Intercept),,10.1336174823797,3.183334334056,False,False,ok
AN19,tr_16::overall,full,,M_null,registered,participant_item_talker_intercepts,participant_id,(Intercept),,0.111026685504896,0.333206670858938,False,False,ok
AN19,tr_16::overall,full,,M_null,registered,participant_item_talker_intercepts,test_talker_id,(Intercept),,0.654238899563733,0.808850356718554,False,False,ok
AN19,tr_16::overall,full,,M_predictor,registered,participant_item_talker_intercepts,analysis_item_id,(Intercept),,10.1363891162664,3.18376963932167,False,False,ok
AN19,tr_16::overall,full,,M_predictor,registered,participant_item_talker_intercepts,participant_id,(Intercept),,0.107052684041132,0.327189064672296,False,False,ok
AN19,tr_16::overall,full,,M_predictor,registered,participant_item_talker_intercepts,test_talker_id,(Intercept),,0.650681113265366,0.806648072746329,False,False,ok
AN19,tr_16::overall_order_sensitive,cv_train,0.0,M_condition,registered,participant_item_talker_intercepts,analysis_item_id,(Intercept),,9.15195466573687,3.02521977147725,False,False,ok
AN19,tr_16::overall_order_sensitive,cv_train,0.0,M_condition,registered,participant_item_talker_intercepts,participant_id,(Intercept),,0.0890435054791092,0.298401584243632,False,False,ok
AN19,tr_16::overall_order_sensitive,cv_train,0.0,M_condition,registered,participant_item_talker_intercepts,test_talker_id,(Intercept),,0.0710724156089509,0.266594102727256,False,False,ok
AN19,tr_16::overall_order_sensitive,cv_train,0.0,M_joint,registered,participant_item_talker_intercepts,analysis_item_id,(Intercept),,9.16076366139313,3.02667534786821,False,False,ok
AN19,tr_16::overall_order_sensitive,cv_train,0.0,M_joint,registered,participant_item_talker_intercepts,participant_id,(Intercept),,0.0861018920584058,0.293431239063611,False,False,ok
AN19,tr_16::overall_order_sensitive,cv_train,0.0,M_joint,registered,participant_item_talker_intercepts,test_talker_id,(Intercept),,0.0652073459425594,0.255357290756617,False,False,ok
AN19,tr_16::overall_order_sensitive,cv_train,0.0,M_null,registered,participant_item_talker_intercepts,analysis_item_id,(Intercept),,9.23140055072136,3.03832199589204,False,False,ok
AN19,tr_16::overall_order_sensitive,cv_train,0.0,M_null,registered,participant_item_talker_intercepts,participant_id,(Intercept),,0.117053527587624,0.342130863249173,False,False,ok
AN19,tr_16::overall_order_sensitive,cv_train,0.0,M_null,registered,participant_item_talker_intercepts,test_talker_id,(Intercept),,0.58150805824082,0.762566756579921,False,False,ok
AN19,tr_16::overall_order_sensitive,cv_train,0.0,M_predictor,registered,participant_item_talker_intercepts,analysis_item_id,(Intercept),,9.22928238342698,3.03797340071091,False,False,ok
AN19,tr_16::overall_order_sensitive,cv_train,0.0,M_predictor,registered,participant_item_talker_intercepts,participant_id,(Intercept),,0.111480308607703,0.333886670305514,False,False,ok
AN19,tr_16::overall_order_sensitive,cv_train,0.0,M_predictor,registered,participant_item_talker_intercepts,test_talker_id,(Intercept),,0.578236283561145,0.760418492385045,False,False,ok
AN19,tr_16::overall_order_sensitive,cv_train,1.0,M_condition,registered,participant_item_talker_intercepts,analysis_item_id,(Intercept),,9.91759612341894,3.14922151069418,False,False,ok
AN19,tr_16::overall_order_sensitive,cv_train,1.0,M_condition,registered,participant_item_talker_intercepts,participant_id,(Intercept),,0.0354891602419515,0.188385668886865,False,False,ok
AN19,tr_16::overall_order_sensitive,cv_train,1.0,M_condition,registered,participant_item_talker_intercepts,test_talker_id,(Intercept),,0.194558220481234,0.44108754287696,False,False,ok
AN19,tr_16::overall_order_sensitive,cv_train,1.0,M_joint,registered,participant_item_talker_intercepts,analysis_item_id,(Intercept),,9.91806829264975,3.14929647582595,False,False,ok
AN19,tr_16::overall_order_sensitive,cv_train,1.0,M_joint,registered,participant_item_talker_intercepts,participant_id,(Intercept),,0.0316241186079855,0.177831714291871,False,False,ok
AN19,tr_16::overall_order_sensitive,cv_train,1.0,M_joint,registered,participant_item_talker_intercepts,test_talker_id,(Intercept),,0.198954453391696,0.446043107100307,False,False,ok
AN19,tr_16::overall_order_sensitive,cv_train,1.0,M_null,registered,participant_item_talker_intercepts,analysis_item_id,(Intercept),,9.97550369020101,3.15840207861523,False,False,ok
AN19,tr_16::overall_order_sensitive,cv_train,1.0,M_null,registered,participant_item_talker_intercepts,participant_id,(Intercept),,0.0656674539861933,0.256256617448591,False,False,ok
AN19,tr_16::overall_order_sensitive,cv_train,1.0,M_null,registered,participant_item_talker_intercepts,test_talker_id,(Intercept),,0.713100540925541,0.844452805623583,False,False,ok
AN19,tr_16::overall_order_sensitive,cv_train,1.0,M_predictor,registered,participant_item_talker_intercepts,analysis_item_id,(Intercept),,9.97343379869203,3.15807438143753,False,False,ok
AN19,tr_16::overall_order_sensitive,cv_train,1.0,M_predictor,registered,participant_item_talker_intercepts,participant_id,(Intercept),,0.0604867512123502,0.245940544059637,False,False,ok
AN19,tr_16::overall_order_sensitive,cv_train,1.0,M_predictor,registered,participant_item_talker_intercepts,test_talker_id,(Intercept),,0.716003333435167,0.846169801774541,False,False,ok
AN19,tr_16::overall_order_sensitive,cv_train,2.0,M_condition,registered,participant_item_talker_intercepts,analysis_item_id,(Intercept),,10.1282320657954,3.1824883449583,False,False,ok
AN19,tr_16::overall_order_sensitive,cv_train,2.0,M_condition,registered,participant_item_talker_intercepts,participant_id,(Intercept),,0.0815288842305195,0.285532632514253,False,False,ok
AN19,tr_16::overall_order_sensitive,cv_train,2.0,M_condition,registered,participant_item_talker_intercepts,test_talker_id,(Intercept),,0.221468461793782,0.470604358026763,False,False,ok
AN19,tr_16::overall_order_sensitive,cv_train,2.0,M_joint,registered,participant_item_talker_intercepts,analysis_item_id,(Intercept),,10.1304246985152,3.18283281033031,False,False,ok
AN19,tr_16::overall_order_sensitive,cv_train,2.0,M_joint,registered,participant_item_talker_intercepts,participant_id,(Intercept),,0.0773728153260441,0.278159693927866,False,False,ok
AN19,tr_16::overall_order_sensitive,cv_train,2.0,M_joint,registered,participant_item_talker_intercepts,test_talker_id,(Intercept),,0.225137938898063,0.474487027112505,False,False,ok
AN19,tr_16::overall_order_sensitive,cv_train,2.0,M_null,registered,participant_item_talker_intercepts,analysis_item_id,(Intercept),,10.1954436844908,3.19303048599459,False,False,ok
AN19,tr_16::overall_order_sensitive,cv_train,2.0,M_null,registered,participant_item_talker_intercepts,participant_id,(Intercept),,0.147709544303434,0.384329994020028,False,False,ok
AN19,tr_16::overall_order_sensitive,cv_train,2.0,M_null,registered,participant_item_talker_intercepts,test_talker_id,(Intercept),,0.875925934984639,0.935909148894613,False,False,ok
AN19,tr_16::overall_order_sensitive,cv_train,2.0,M_predictor,registered,participant_item_talker_intercepts,analysis_item_id,(Intercept),,10.196063435676,3.19312753200934,False,False,ok
AN19,tr_16::overall_order_sensitive,cv_train,2.0,M_predictor,registered,participant_item_talker_intercepts,participant_id,(Intercept),,0.135714232765671,0.368394126942424,False,False,ok
AN19,tr_16::overall_order_sensitive,cv_train,2.0,M_predictor,registered,participant_item_talker_intercepts,test_talker_id,(Intercept),,0.877603054715374,0.936804704682557,False,False,ok
AN19,tr_16::overall_order_sensitive,full,,M_condition,registered,participant_item_talker_intercepts,analysis_item_id,(Intercept),,10.0610751951221,3.17191979645168,False,False,ok
AN19,tr_16::overall_order_sensitive,full,,M_condition,registered,participant_item_talker_intercepts,participant_id,(Intercept),,0.0800533973983445,0.282937090884784,False,False,ok
AN19,tr_16::overall_order_sensitive,full,,M_condition,registered,participant_item_talker_intercepts,test_talker_id,(Intercept),,0.129901039706348,0.360417868184068,False,False,ok
AN19,tr_16::overall_order_sensitive,full,,M_joint,registered,participant_item_talker_intercepts,analysis_item_id,(Intercept),,10.0623965834734,3.17212808434235,False,False,ok
AN19,tr_16::overall_order_sensitive,full,,M_joint,registered,participant_item_talker_intercepts,participant_id,(Intercept),,0.0759878104179599,0.275658866024585,False,False,ok
AN19,tr_16::overall_order_sensitive,full,,M_joint,registered,participant_item_talker_intercepts,test_talker_id,(Intercept),,0.133432160569388,0.365283671369784,False,False,ok
AN19,tr_16::overall_order_sensitive,full,,M_null,registered,participant_item_talker_intercepts,analysis_item_id,(Intercept),,10.1336174823797,3.183334334056,False,False,ok
AN19,tr_16::overall_order_sensitive,full,,M_null,registered,participant_item_talker_intercepts,participant_id,(Intercept),,0.111026685504896,0.333206670858938,False,False,ok
AN19,tr_16::overall_order_sensitive,full,,M_null,registered,participant_item_talker_intercepts,test_talker_id,(Intercept),,0.654238899563733,0.808850356718554,False,False,ok
AN19,tr_16::overall_order_sensitive,full,,M_predictor,registered,participant_item_talker_intercepts,analysis_item_id,(Intercept),,10.1323206369342,3.18313063460082,False,False,ok
AN19,tr_16::overall_order_sensitive,full,,M_predictor,registered,participant_item_talker_intercepts,participant_id,(Intercept),,0.1038218655683,0.322214005853718,False,False,ok
AN19,tr_16::overall_order_sensitive,full,,M_predictor,registered,participant_item_talker_intercepts,test_talker_id,(Intercept),,0.654774678582305,0.809181486801512,False,False,ok
AN19,tr_18::overall,cv_train,0.0,M_condition,registered,participant_item_talker_intercepts,analysis_item_id,(Intercept),,9.15195466573687,3.02521977147725,False,False,ok
AN19,tr_18::overall,cv_train,0.0,M_condition,registered,participant_item_talker_intercepts,participant_id,(Intercept),,0.0890435054791092,0.298401584243632,False,False,ok
AN19,tr_18::overall,cv_train,0.0,M_condition,registered,participant_item_talker_intercepts,test_talker_id,(Intercept),,0.0710724156089509,0.266594102727256,False,False,ok
AN19,tr_18::overall,cv_train,0.0,M_joint,registered,participant_item_talker_intercepts,analysis_item_id,(Intercept),,9.15818441258552,3.02624923173646,False,False,ok
AN19,tr_18::overall,cv_train,0.0,M_joint,registered,participant_item_talker_intercepts,participant_id,(Intercept),,0.0872240029573302,0.295337100543312,False,False,ok
AN19,tr_18::overall,cv_train,0.0,M_joint,registered,participant_item_talker_intercepts,test_talker_id,(Intercept),,0.0750833291882078,0.274013374104637,False,False,ok
AN19,tr_18::overall,cv_train,0.0,M_null,registered,participant_item_talker_intercepts,analysis_item_id,(Intercept),,9.23140055072136,3.03832199589204,False,False,ok
AN19,tr_18::overall,cv_train,0.0,M_null,registered,participant_item_talker_intercepts,participant_id,(Intercept),,0.117053527587624,0.342130863249173,False,False,ok
AN19,tr_18::overall,cv_train,0.0,M_null,registered,participant_item_talker_intercepts,test_talker_id,(Intercept),,0.58150805824082,0.762566756579921,False,False,ok
AN19,tr_18::overall,cv_train,0.0,M_predictor,registered,participant_item_talker_intercepts,analysis_item_id,(Intercept),,9.23345025915886,3.03865928645494,False,False,ok
AN19,tr_18::overall,cv_train,0.0,M_predictor,registered,participant_item_talker_intercepts,participant_id,(Intercept),,0.112208291884652,0.33497506158616,False,False,ok
AN19,tr_18::overall,cv_train,0.0,M_predictor,registered,participant_item_talker_intercepts,test_talker_id,(Intercept),,0.573063478012365,0.757009562695455,False,False,ok
AN19,tr_18::overall,cv_train,1.0,M_condition,registered,participant_item_talker_intercepts,analysis_item_id,(Intercept),,9.91759612341894,3.14922151069418,False,False,ok
AN19,tr_18::overall,cv_train,1.0,M_condition,registered,participant_item_talker_intercepts,participant_id,(Intercept),,0.0354891602419515,0.188385668886865,False,False,ok
AN19,tr_18::overall,cv_train,1.0,M_condition,registered,participant_item_talker_intercepts,test_talker_id,(Intercept),,0.194558220481234,0.44108754287696,False,False,ok
AN19,tr_18::overall,cv_train,1.0,M_joint,registered,participant_item_talker_intercepts,analysis_item_id,(Intercept),,9.93744185750321,3.15237083121628,False,False,ok
AN19,tr_18::overall,cv_train,1.0,M_joint,registered,participant_item_talker_intercepts,participant_id,(Intercept),,0.0228479124911766,0.151155259555123,False,False,ok
AN19,tr_18::overall,cv_train,1.0,M_joint,registered,participant_item_talker_intercepts,test_talker_id,(Intercept),,0.226399887559085,0.475814971978693,False,False,ok
AN19,tr_18::overall,cv_train,1.0,M_null,registered,participant_item_talker_intercepts,analysis_item_id,(Intercept),,9.97550369020101,3.15840207861523,False,False,ok
AN19,tr_18::overall,cv_train,1.0,M_null,registered,participant_item_talker_intercepts,participant_id,(Intercept),,0.0656674539861933,0.256256617448591,False,False,ok
AN19,tr_18::overall,cv_train,1.0,M_null,registered,participant_item_talker_intercepts,test_talker_id,(Intercept),,0.713100540925541,0.844452805623583,False,False,ok
AN19,tr_18::overall,cv_train,1.0,M_predictor,registered,participant_item_talker_intercepts,analysis_item_id,(Intercept),,9.97399827130986,3.15816374992017,False,False,ok
AN19,tr_18::overall,cv_train,1.0,M_predictor,registered,participant_item_talker_intercepts,participant_id,(Intercept),,0.0618846074052213,0.248766170138187,False,False,ok
AN19,tr_18::overall,cv_train,1.0,M_predictor,registered,participant_item_talker_intercepts,test_talker_id,(Intercept),,0.71648412432412,0.846453852448035,False,False,ok
AN19,tr_18::overall,cv_train,2.0,M_condition,registered,participant_item_talker_intercepts,analysis_item_id,(Intercept),,10.1282320657954,3.1824883449583,False,False,ok
AN19,tr_18::overall,cv_train,2.0,M_condition,registered,participant_item_talker_intercepts,participant_id,(Intercept),,0.0815288842305195,0.285532632514253,False,False,ok
AN19,tr_18::overall,cv_train,2.0,M_condition,registered,participant_item_talker_intercepts,test_talker_id,(Intercept),,0.221468461793782,0.470604358026763,False,False,ok
AN19,tr_18::overall,cv_train,2.0,M_joint,registered,participant_item_talker_intercepts,analysis_item_id,(Intercept),,10.1376390071159,3.18396592430193,False,False,ok
AN19,tr_18::overall,cv_train,2.0,M_joint,registered,participant_item_talker_intercepts,participant_id,(Intercept),,0.0781705915909872,0.279590042009702,False,False,ok
AN19,tr_18::overall,cv_train,2.0,M_joint,registered,participant_item_talker_intercepts,test_talker_id,(Intercept),,0.229595024585329,0.479160750255412,False,False,ok
AN19,tr_18::overall,cv_train,2.0,M_null,registered,participant_item_talker_intercepts,analysis_item_id,(Intercept),,10.1954436844908,3.19303048599459,False,False,ok
AN19,tr_18::overall,cv_train,2.0,M_null,registered,participant_item_talker_intercepts,participant_id,(Intercept),,0.147709544303434,0.384329994020028,False,False,ok
AN19,tr_18::overall,cv_train,2.0,M_null,registered,participant_item_talker_intercepts,test_talker_id,(Intercept),,0.875925934984639,0.935909148894613,False,False,ok
AN19,tr_18::overall,cv_train,2.0,M_predictor,registered,participant_item_talker_intercepts,analysis_item_id,(Intercept),,10.1992264357739,3.19362277606073,False,False,ok
AN19,tr_18::overall,cv_train,2.0,M_predictor,registered,participant_item_talker_intercepts,participant_id,(Intercept),,0.143708040227866,0.379088433255179,False,False,ok
AN19,tr_18::overall,cv_train,2.0,M_predictor,registered,participant_item_talker_intercepts,test_talker_id,(Intercept),,0.872669195979937,0.934167648754728,False,False,ok
AN19,tr_18::overall,full,,M_condition,registered,participant_item_talker_intercepts,analysis_item_id,(Intercept),,10.0610751951221,3.17191979645168,False,False,ok
AN19,tr_18::overall,full,,M_condition,registered,participant_item_talker_intercepts,participant_id,(Intercept),,0.0800533973983445,0.282937090884784,False,False,ok
AN19,tr_18::overall,full,,M_condition,registered,participant_item_talker_intercepts,test_talker_id,(Intercept),,0.129901039706348,0.360417868184068,False,False,ok
AN19,tr_18::overall,full,,M_joint,registered,participant_item_talker_intercepts,analysis_item_id,(Intercept),,10.0728737939967,3.17377910289874,False,False,ok
AN19,tr_18::overall,full,,M_joint,registered,participant_item_talker_intercepts,participant_id,(Intercept),,0.0747879869732247,0.273473923753664,False,False,ok
AN19,tr_18::overall,full,,M_joint,registered,participant_item_talker_intercepts,test_talker_id,(Intercept),,0.14216478513864,0.377047457409065,False,False,ok
AN19,tr_18::overall,full,,M_null,registered,participant_item_talker_intercepts,analysis_item_id,(Intercept),,10.1336174823797,3.183334334056,False,False,ok
AN19,tr_18::overall,full,,M_null,registered,participant_item_talker_intercepts,participant_id,(Intercept),,0.111026685504896,0.333206670858938,False,False,ok
AN19,tr_18::overall,full,,M_null,registered,participant_item_talker_intercepts,test_talker_id,(Intercept),,0.654238899563733,0.808850356718554,False,False,ok
AN19,tr_18::overall,full,,M_predictor,registered,participant_item_talker_intercepts,analysis_item_id,(Intercept),,10.1348355399201,3.18352564618539,False,False,ok
AN19,tr_18::overall,full,,M_predictor,registered,participant_item_talker_intercepts,participant_id,(Intercept),,0.106966530531845,0.327057381099777,False,False,ok
AN19,tr_18::overall,full,,M_predictor,registered,participant_item_talker_intercepts,test_talker_id,(Intercept),,0.65166032244546,0.807254806393533,False,False,ok
AN19,tr_18::overall_order_sensitive,cv_train,0.0,M_condition,registered,participant_item_talker_intercepts,analysis_item_id,(Intercept),,9.15195466573687,3.02521977147725,False,False,ok
AN19,tr_18::overall_order_sensitive,cv_train,0.0,M_condition,registered,participant_item_talker_intercepts,participant_id,(Intercept),,0.0890435054791092,0.298401584243632,False,False,ok
AN19,tr_18::overall_order_sensitive,cv_train,0.0,M_condition,registered,participant_item_talker_intercepts,test_talker_id,(Intercept),,0.0710724156089509,0.266594102727256,False,False,ok
AN19,tr_18::overall_order_sensitive,cv_train,0.0,M_joint,registered,participant_item_talker_intercepts,analysis_item_id,(Intercept),,9.15248509610862,3.02530743827939,False,False,ok
AN19,tr_18::overall_order_sensitive,cv_train,0.0,M_joint,registered,participant_item_talker_intercepts,participant_id,(Intercept),,0.085265434733585,0.292002456725256,False,False,ok
AN19,tr_18::overall_order_sensitive,cv_train,0.0,M_joint,registered,participant_item_talker_intercepts,test_talker_id,(Intercept),,0.0723489000110824,0.268977508373995,False,False,ok
AN19,tr_18::overall_order_sensitive,cv_train,0.0,M_null,registered,participant_item_talker_intercepts,analysis_item_id,(Intercept),,9.23140055072136,3.03832199589204,False,False,ok
AN19,tr_18::overall_order_sensitive,cv_train,0.0,M_null,registered,participant_item_talker_intercepts,participant_id,(Intercept),,0.117053527587624,0.342130863249173,False,False,ok
AN19,tr_18::overall_order_sensitive,cv_train,0.0,M_null,registered,participant_item_talker_intercepts,test_talker_id,(Intercept),,0.58150805824082,0.762566756579921,False,False,ok
AN19,tr_18::overall_order_sensitive,cv_train,0.0,M_predictor,registered,participant_item_talker_intercepts,analysis_item_id,(Intercept),,9.2290617739475,3.0379370918351,False,False,ok
AN19,tr_18::overall_order_sensitive,cv_train,0.0,M_predictor,registered,participant_item_talker_intercepts,participant_id,(Intercept),,0.109536753765193,0.330963372241087,False,False,ok
AN19,tr_18::overall_order_sensitive,cv_train,0.0,M_predictor,registered,participant_item_talker_intercepts,test_talker_id,(Intercept),,0.578602167795768,0.760659035176582,False,False,ok
AN19,tr_18::overall_order_sensitive,cv_train,1.0,M_condition,registered,participant_item_talker_intercepts,analysis_item_id,(Intercept),,9.91759612341894,3.14922151069418,False,False,ok
AN19,tr_18::overall_order_sensitive,cv_train,1.0,M_condition,registered,participant_item_talker_intercepts,participant_id,(Intercept),,0.0354891602419515,0.188385668886865,False,False,ok
AN19,tr_18::overall_order_sensitive,cv_train,1.0,M_condition,registered,participant_item_talker_intercepts,test_talker_id,(Intercept),,0.194558220481234,0.44108754287696,False,False,ok
AN19,tr_18::overall_order_sensitive,cv_train,1.0,M_joint,registered,participant_item_talker_intercepts,analysis_item_id,(Intercept),,9.91774490425838,3.14924513244974,False,False,ok
AN19,tr_18::overall_order_sensitive,cv_train,1.0,M_joint,registered,participant_item_talker_intercepts,participant_id,(Intercept),,0.0308044350963801,0.175511922946505,False,False,ok
AN19,tr_18::overall_order_sensitive,cv_train,1.0,M_joint,registered,participant_item_talker_intercepts,test_talker_id,(Intercept),,0.198509215994378,0.445543730731764,False,False,ok
AN19,tr_18::overall_order_sensitive,cv_train,1.0,M_null,registered,participant_item_talker_intercepts,analysis_item_id,(Intercept),,9.97550369020101,3.15840207861523,False,False,ok
AN19,tr_18::overall_order_sensitive,cv_train,1.0,M_null,registered,participant_item_talker_intercepts,participant_id,(Intercept),,0.0656674539861933,0.256256617448591,False,False,ok
AN19,tr_18::overall_order_sensitive,cv_train,1.0,M_null,registered,participant_item_talker_intercepts,test_talker_id,(Intercept),,0.713100540925541,0.844452805623583,False,False,ok
AN19,tr_18::overall_order_sensitive,cv_train,1.0,M_predictor,registered,participant_item_talker_intercepts,analysis_item_id,(Intercept),,9.97308906902941,3.15801980187418,False,False,ok
AN19,tr_18::overall_order_sensitive,cv_train,1.0,M_predictor,registered,participant_item_talker_intercepts,participant_id,(Intercept),,0.0595209727384218,0.243969204487824,False,False,ok
AN19,tr_18::overall_order_sensitive,cv_train,1.0,M_predictor,registered,participant_item_talker_intercepts,test_talker_id,(Intercept),,0.715901940177429,0.846109886585323,False,False,ok
AN19,tr_18::overall_order_sensitive,cv_train,2.0,M_condition,registered,participant_item_talker_intercepts,analysis_item_id,(Intercept),,10.1282320657954,3.1824883449583,False,False,ok
AN19,tr_18::overall_order_sensitive,cv_train,2.0,M_condition,registered,participant_item_talker_intercepts,participant_id,(Intercept),,0.0815288842305195,0.285532632514253,False,False,ok
AN19,tr_18::overall_order_sensitive,cv_train,2.0,M_condition,registered,participant_item_talker_intercepts,test_talker_id,(Intercept),,0.221468461793782,0.470604358026763,False,False,ok
AN19,tr_18::overall_order_sensitive,cv_train,2.0,M_joint,registered,participant_item_talker_intercepts,analysis_item_id,(Intercept),,10.1305687962889,3.18285544696722,False,False,ok
AN19,tr_18::overall_order_sensitive,cv_train,2.0,M_joint,registered,participant_item_talker_intercepts,participant_id,(Intercept),,0.0780169266995723,0.279315102884846,False,False,ok
AN19,tr_18::overall_order_sensitive,cv_train,2.0,M_joint,registered,participant_item_talker_intercepts,test_talker_id,(Intercept),,0.223354244815215,0.47260368684048,False,False,ok
AN19,tr_18::overall_order_sensitive,cv_train,2.0,M_null,registered,participant_item_talker_intercepts,analysis_item_id,(Intercept),,10.1954436844908,3.19303048599459,False,False,ok
AN19,tr_18::overall_order_sensitive,cv_train,2.0,M_null,registered,participant_item_talker_intercepts,participant_id,(Intercept),,0.147709544303434,0.384329994020028,False,False,ok
AN19,tr_18::overall_order_sensitive,cv_train,2.0,M_null,registered,participant_item_talker_intercepts,test_talker_id,(Intercept),,0.875925934984639,0.935909148894613,False,False,ok
AN19,tr_18::overall_order_sensitive,cv_train,2.0,M_predictor,registered,participant_item_talker_intercepts,analysis_item_id,(Intercept),,10.195686412244,3.19306849476237,False,False,ok
AN19,tr_18::overall_order_sensitive,cv_train,2.0,M_predictor,registered,participant_item_talker_intercepts,participant_id,(Intercept),,0.133399771489181,0.36523933453173,False,False,ok
AN19,tr_18::overall_order_sensitive,cv_train,2.0,M_predictor,registered,participant_item_talker_intercepts,test_talker_id,(Intercept),,0.875984537236244,0.935940456031389,False,False,ok
AN19,tr_18::overall_order_sensitive,full,,M_condition,registered,participant_item_talker_intercepts,analysis_item_id,(Intercept),,10.0610751951221,3.17191979645168,False,False,ok
AN19,tr_18::overall_order_sensitive,full,,M_condition,registered,participant_item_talker_intercepts,participant_id,(Intercept),,0.0800533973983445,0.282937090884784,False,False,ok
AN19,tr_18::overall_order_sensitive,full,,M_condition,registered,participant_item_talker_intercepts,test_talker_id,(Intercept),,0.129901039706348,0.360417868184068,False,False,ok
AN19,tr_18::overall_order_sensitive,full,,M_joint,registered,participant_item_talker_intercepts,analysis_item_id,(Intercept),,10.0626540580394,3.17216866796824,False,False,ok
AN19,tr_18::overall_order_sensitive,full,,M_joint,registered,participant_item_talker_intercepts,participant_id,(Intercept),,0.0757193853260891,0.275171556171944,False,False,ok
AN19,tr_18::overall_order_sensitive,full,,M_joint,registered,participant_item_talker_intercepts,test_talker_id,(Intercept),,0.132412841615843,0.363885753521408,False,False,ok
AN19,tr_18::overall_order_sensitive,full,,M_null,registered,participant_item_talker_intercepts,analysis_item_id,(Intercept),,10.1336174823797,3.183334334056,False,False,ok
AN19,tr_18::overall_order_sensitive,full,,M_null,registered,participant_item_talker_intercepts,participant_id,(Intercept),,0.111026685504896,0.333206670858938,False,False,ok
AN19,tr_18::overall_order_sensitive,full,,M_null,registered,participant_item_talker_intercepts,test_talker_id,(Intercept),,0.654238899563733,0.808850356718554,False,False,ok
AN19,tr_18::overall_order_sensitive,full,,M_predictor,registered,participant_item_talker_intercepts,analysis_item_id,(Intercept),,10.1321126236429,3.18309796010787,False,False,ok
AN19,tr_18::overall_order_sensitive,full,,M_predictor,registered,participant_item_talker_intercepts,participant_id,(Intercept),,0.102202227209214,0.319690830661772,False,False,ok
AN19,tr_18::overall_order_sensitive,full,,M_predictor,registered,participant_item_talker_intercepts,test_talker_id,(Intercept),,0.654440734567211,0.808975113688432,False,False,ok
AN19,tr_20::overall,cv_train,0.0,M_condition,registered,participant_item_talker_intercepts,analysis_item_id,(Intercept),,9.15195466573687,3.02521977147725,False,False,ok
AN19,tr_20::overall,cv_train,0.0,M_condition,registered,participant_item_talker_intercepts,participant_id,(Intercept),,0.0890435054791092,0.298401584243632,False,False,ok
AN19,tr_20::overall,cv_train,0.0,M_condition,registered,participant_item_talker_intercepts,test_talker_id,(Intercept),,0.0710724156089509,0.266594102727256,False,False,ok
AN19,tr_20::overall,cv_train,0.0,M_joint,registered,participant_item_talker_intercepts,analysis_item_id,(Intercept),,9.15899169098936,3.02638260816265,False,False,ok
AN19,tr_20::overall,cv_train,0.0,M_joint,registered,participant_item_talker_intercepts,participant_id,(Intercept),,0.0865112977636148,0.294128029544304,False,False,ok
AN19,tr_20::overall,cv_train,0.0,M_joint,registered,participant_item_talker_intercepts,test_talker_id,(Intercept),,0.0756854600482688,0.275109905398313,False,False,ok
AN19,tr_20::overall,cv_train,0.0,M_null,registered,participant_item_talker_intercepts,analysis_item_id,(Intercept),,9.23140055072136,3.03832199589204,False,False,ok
AN19,tr_20::overall,cv_train,0.0,M_null,registered,participant_item_talker_intercepts,participant_id,(Intercept),,0.117053527587624,0.342130863249173,False,False,ok
AN19,tr_20::overall,cv_train,0.0,M_null,registered,participant_item_talker_intercepts,test_talker_id,(Intercept),,0.58150805824082,0.762566756579921,False,False,ok
AN19,tr_20::overall,cv_train,0.0,M_predictor,registered,participant_item_talker_intercepts,analysis_item_id,(Intercept),,9.23274271241177,3.03854286005838,False,False,ok
AN19,tr_20::overall,cv_train,0.0,M_predictor,registered,participant_item_talker_intercepts,participant_id,(Intercept),,0.113642252087228,0.337108665102556,False,False,ok
AN19,tr_20::overall,cv_train,0.0,M_predictor,registered,participant_item_talker_intercepts,test_talker_id,(Intercept),,0.574665186853169,0.758066743006953,False,False,ok
AN19,tr_20::overall,cv_train,1.0,M_condition,registered,participant_item_talker_intercepts,analysis_item_id,(Intercept),,9.91759612341894,3.14922151069418,False,False,ok
AN19,tr_20::overall,cv_train,1.0,M_condition,registered,participant_item_talker_intercepts,participant_id,(Intercept),,0.0354891602419515,0.188385668886865,False,False,ok
AN19,tr_20::overall,cv_train,1.0,M_condition,registered,participant_item_talker_intercepts,test_talker_id,(Intercept),,0.194558220481234,0.44108754287696,False,False,ok
AN19,tr_20::overall,cv_train,1.0,M_joint,registered,participant_item_talker_intercepts,analysis_item_id,(Intercept),,9.93697986944045,3.1522975540771,False,False,ok
AN19,tr_20::overall,cv_train,1.0,M_joint,registered,participant_item_talker_intercepts,participant_id,(Intercept),,0.0218933684183328,0.147964078134974,False,False,ok
AN19,tr_20::overall,cv_train,1.0,M_joint,registered,participant_item_talker_intercepts,test_talker_id,(Intercept),,0.226122861570269,0.475523776030462,False,False,ok
AN19,tr_20::overall,cv_train,1.0,M_null,registered,participant_item_talker_intercepts,analysis_item_id,(Intercept),,9.97550369020101,3.15840207861523,False,False,ok
AN19,tr_20::overall,cv_train,1.0,M_null,registered,participant_item_talker_intercepts,participant_id,(Intercept),,0.0656674539861933,0.256256617448591,False,False,ok
AN19,tr_20::overall,cv_train,1.0,M_null,registered,participant_item_talker_intercepts,test_talker_id,(Intercept),,0.713100540925541,0.844452805623583,False,False,ok
AN19,tr_20::overall,cv_train,1.0,M_predictor,registered,participant_item_talker_intercepts,analysis_item_id,(Intercept),,9.97417289616442,3.15819139637933,False,False,ok
AN19,tr_20::overall,cv_train,1.0,M_predictor,registered,participant_item_talker_intercepts,participant_id,(Intercept),,0.0641012783388577,0.253182302578316,False,False,ok
AN19,tr_20::overall,cv_train,1.0,M_predictor,registered,participant_item_talker_intercepts,test_talker_id,(Intercept),,0.714986942933315,0.845569005423753,False,False,ok
AN19,tr_20::overall,cv_train,2.0,M_condition,registered,participant_item_talker_intercepts,analysis_item_id,(Intercept),,10.1282320657954,3.1824883449583,False,False,ok
AN19,tr_20::overall,cv_train,2.0,M_condition,registered,participant_item_talker_intercepts,participant_id,(Intercept),,0.0815288842305195,0.285532632514253,False,False,ok
AN19,tr_20::overall,cv_train,2.0,M_condition,registered,participant_item_talker_intercepts,test_talker_id,(Intercept),,0.221468461793782,0.470604358026763,False,False,ok
AN19,tr_20::overall,cv_train,2.0,M_joint,registered,participant_item_talker_intercepts,analysis_item_id,(Intercept),,10.1382156258651,3.18405647341015,False,False,ok
AN19,tr_20::overall,cv_train,2.0,M_joint,registered,participant_item_talker_intercepts,participant_id,(Intercept),,0.0775055381043901,0.278398164692927,False,False,ok
AN19,tr_20::overall,cv_train,2.0,M_joint,registered,participant_item_talker_intercepts,test_talker_id,(Intercept),,0.229930435894134,0.479510621252683,False,False,ok
AN19,tr_20::overall,cv_train,2.0,M_null,registered,participant_item_talker_intercepts,analysis_item_id,(Intercept),,10.1954436844908,3.19303048599459,False,False,ok
AN19,tr_20::overall,cv_train,2.0,M_null,registered,participant_item_talker_intercepts,participant_id,(Intercept),,0.147709544303434,0.384329994020028,False,False,ok
AN19,tr_20::overall,cv_train,2.0,M_null,registered,participant_item_talker_intercepts,test_talker_id,(Intercept),,0.875925934984639,0.935909148894613,False,False,ok
AN19,tr_20::overall,cv_train,2.0,M_predictor,registered,participant_item_talker_intercepts,analysis_item_id,(Intercept),,10.1981437830505,3.19345326927615,False,False,ok
AN19,tr_20::overall,cv_train,2.0,M_predictor,registered,participant_item_talker_intercepts,participant_id,(Intercept),,0.146225426748088,0.38239433409517,False,False,ok
AN19,tr_20::overall,cv_train,2.0,M_predictor,registered,participant_item_talker_intercepts,test_talker_id,(Intercept),,0.874577495688215,0.935188481370582,False,False,ok
AN19,tr_20::overall,full,,M_condition,registered,participant_item_talker_intercepts,analysis_item_id,(Intercept),,10.0610751951221,3.17191979645168,False,False,ok
AN19,tr_20::overall,full,,M_condition,registered,participant_item_talker_intercepts,participant_id,(Intercept),,0.0800533973983445,0.282937090884784,False,False,ok
AN19,tr_20::overall,full,,M_condition,registered,participant_item_talker_intercepts,test_talker_id,(Intercept),,0.129901039706348,0.360417868184068,False,False,ok
AN19,tr_20::overall,full,,M_joint,registered,participant_item_talker_intercepts,analysis_item_id,(Intercept),,10.073391562711,3.17386067159713,False,False,ok
AN19,tr_20::overall,full,,M_joint,registered,participant_item_talker_intercepts,participant_id,(Intercept),,0.073844789720568,0.271743978259994,False,False,ok
AN19,tr_20::overall,full,,M_joint,registered,participant_item_talker_intercepts,test_talker_id,(Intercept),,0.142679702713364,0.377729668828601,False,False,ok
AN19,tr_20::overall,full,,M_null,registered,participant_item_talker_intercepts,analysis_item_id,(Intercept),,10.1336174823797,3.183334334056,False,False,ok
AN19,tr_20::overall,full,,M_null,registered,participant_item_talker_intercepts,participant_id,(Intercept),,0.111026685504896,0.333206670858938,False,False,ok
AN19,tr_20::overall,full,,M_null,registered,participant_item_talker_intercepts,test_talker_id,(Intercept),,0.654238899563733,0.808850356718554,False,False,ok
AN19,tr_20::overall,full,,M_predictor,registered,participant_item_talker_intercepts,analysis_item_id,(Intercept),,10.1342337134364,3.18343112277247,False,False,ok
AN19,tr_20::overall,full,,M_predictor,registered,participant_item_talker_intercepts,participant_id,(Intercept),,0.109024302879911,0.330188283983412,False,False,ok
AN19,tr_20::overall,full,,M_predictor,registered,participant_item_talker_intercepts,test_talker_id,(Intercept),,0.652796816077671,0.807958424721019,False,False,ok
AN19,tr_20::overall_order_sensitive,cv_train,0.0,M_condition,registered,participant_item_talker_intercepts,analysis_item_id,(Intercept),,9.15195466573687,3.02521977147725,False,False,ok
AN19,tr_20::overall_order_sensitive,cv_train,0.0,M_condition,registered,participant_item_talker_intercepts,participant_id,(Intercept),,0.0890435054791092,0.298401584243632,False,False,ok
AN19,tr_20::overall_order_sensitive,cv_train,0.0,M_condition,registered,participant_item_talker_intercepts,test_talker_id,(Intercept),,0.0710724156089509,0.266594102727256,False,False,ok
AN19,tr_20::overall_order_sensitive,cv_train,0.0,M_joint,registered,participant_item_talker_intercepts,analysis_item_id,(Intercept),,9.15317072869344,3.02542075234065,False,False,ok
AN19,tr_20::overall_order_sensitive,cv_train,0.0,M_joint,registered,participant_item_talker_intercepts,participant_id,(Intercept),,0.0849592133522402,0.29147763782534,False,False,ok
AN19,tr_20::overall_order_sensitive,cv_train,0.0,M_joint,registered,participant_item_talker_intercepts,test_talker_id,(Intercept),,0.0726009763925524,0.269445683566377,False,False,ok
AN19,tr_20::overall_order_sensitive,cv_train,0.0,M_null,registered,participant_item_talker_intercepts,analysis_item_id,(Intercept),,9.23140055072136,3.03832199589204,False,False,ok
AN19,tr_20::overall_order_sensitive,cv_train,0.0,M_null,registered,participant_item_talker_intercepts,participant_id,(Intercept),,0.117053527587624,0.342130863249173,False,False,ok
AN19,tr_20::overall_order_sensitive,cv_train,0.0,M_null,registered,participant_item_talker_intercepts,test_talker_id,(Intercept),,0.58150805824082,0.762566756579921,False,False,ok
AN19,tr_20::overall_order_sensitive,cv_train,0.0,M_predictor,registered,participant_item_talker_intercepts,analysis_item_id,(Intercept),,9.22907724909403,3.03793963881675,False,False,ok
AN19,tr_20::overall_order_sensitive,cv_train,0.0,M_predictor,registered,participant_item_talker_intercepts,participant_id,(Intercept),,0.108316570689804,0.329114829033581,False,False,ok
AN19,tr_20::overall_order_sensitive,cv_train,0.0,M_predictor,registered,participant_item_talker_intercepts,test_talker_id,(Intercept),,0.579480073827465,0.761235885798525,False,False,ok
AN19,tr_20::overall_order_sensitive,cv_train,1.0,M_condition,registered,participant_item_talker_intercepts,analysis_item_id,(Intercept),,9.91759612341894,3.14922151069418,False,False,ok
AN19,tr_20::overall_order_sensitive,cv_train,1.0,M_condition,registered,participant_item_talker_intercepts,participant_id,(Intercept),,0.0354891602419515,0.188385668886865,False,False,ok
AN19,tr_20::overall_order_sensitive,cv_train,1.0,M_condition,registered,participant_item_talker_intercepts,test_talker_id,(Intercept),,0.194558220481234,0.44108754287696,False,False,ok
AN19,tr_20::overall_order_sensitive,cv_train,1.0,M_joint,registered,participant_item_talker_intercepts,analysis_item_id,(Intercept),,9.91847491057001,3.14936103210953,False,False,ok
AN19,tr_20::overall_order_sensitive,cv_train,1.0,M_joint,registered,participant_item_talker_intercepts,participant_id,(Intercept),,0.0297782836031793,0.172563853698216,False,False,ok
AN19,tr_20::overall_order_sensitive,cv_train,1.0,M_joint,registered,participant_item_talker_intercepts,test_talker_id,(Intercept),,0.199701582721283,0.446879830291414,False,False,ok
AN19,tr_20::overall_order_sensitive,cv_train,1.0,M_null,registered,participant_item_talker_intercepts,analysis_item_id,(Intercept),,9.97550369020101,3.15840207861523,False,False,ok
AN19,tr_20::overall_order_sensitive,cv_train,1.0,M_null,registered,participant_item_talker_intercepts,participant_id,(Intercept),,0.0656674539861933,0.256256617448591,False,False,ok
AN19,tr_20::overall_order_sensitive,cv_train,1.0,M_null,registered,participant_item_talker_intercepts,test_talker_id,(Intercept),,0.713100540925541,0.844452805623583,False,False,ok
AN19,tr_20::overall_order_sensitive,cv_train,1.0,M_predictor,registered,participant_item_talker_intercepts,analysis_item_id,(Intercept),,9.97329796863407,3.15805287616184,False,False,ok
AN19,tr_20::overall_order_sensitive,cv_train,1.0,M_predictor,registered,participant_item_talker_intercepts,participant_id,(Intercept),,0.0579738735334531,0.240777643342261,False,False,ok
AN19,tr_20::overall_order_sensitive,cv_train,1.0,M_predictor,registered,participant_item_talker_intercepts,test_talker_id,(Intercept),,0.715878740180068,0.846096176672645,False,False,ok
AN19,tr_20::overall_order_sensitive,cv_train,2.0,M_condition,registered,participant_item_talker_intercepts,analysis_item_id,(Intercept),,10.1282320657954,3.1824883449583,False,False,ok
AN19,tr_20::overall_order_sensitive,cv_train,2.0,M_condition,registered,participant_item_talker_intercepts,participant_id,(Intercept),,0.0815288842305195,0.285532632514253,False,False,ok
AN19,tr_20::overall_order_sensitive,cv_train,2.0,M_condition,registered,participant_item_talker_intercepts,test_talker_id,(Intercept),,0.221468461793782,0.470604358026763,False,False,ok
AN19,tr_20::overall_order_sensitive,cv_train,2.0,M_joint,registered,participant_item_talker_intercepts,analysis_item_id,(Intercept),,10.1312694650655,3.18296551427525,False,False,ok
AN19,tr_20::overall_order_sensitive,cv_train,2.0,M_joint,registered,participant_item_talker_intercepts,participant_id,(Intercept),,0.0777218746089824,0.278786431895425,False,False,ok
AN19,tr_20::overall_order_sensitive,cv_train,2.0,M_joint,registered,participant_item_talker_intercepts,test_talker_id,(Intercept),,0.223490411312003,0.472747724808912,False,False,ok
AN19,tr_20::overall_order_sensitive,cv_train,2.0,M_null,registered,participant_item_talker_intercepts,analysis_item_id,(Intercept),,10.1954436844908,3.19303048599459,False,False,ok
AN19,tr_20::overall_order_sensitive,cv_train,2.0,M_null,registered,participant_item_talker_intercepts,participant_id,(Intercept),,0.147709544303434,0.384329994020028,False,False,ok
AN19,tr_20::overall_order_sensitive,cv_train,2.0,M_null,registered,participant_item_talker_intercepts,test_talker_id,(Intercept),,0.875925934984639,0.935909148894613,False,False,ok
AN19,tr_20::overall_order_sensitive,cv_train,2.0,M_predictor,registered,participant_item_talker_intercepts,analysis_item_id,(Intercept),,10.1941683466315,3.19283077325302,False,False,ok
AN19,tr_20::overall_order_sensitive,cv_train,2.0,M_predictor,registered,participant_item_talker_intercepts,participant_id,(Intercept),,0.128876716439457,0.358994033988668,False,False,ok
AN19,tr_20::overall_order_sensitive,cv_train,2.0,M_predictor,registered,participant_item_talker_intercepts,test_talker_id,(Intercept),,0.874656903417744,0.935230935875062,False,False,ok
AN19,tr_20::overall_order_sensitive,full,,M_condition,registered,participant_item_talker_intercepts,analysis_item_id,(Intercept),,10.0610751951221,3.17191979645168,False,False,ok
AN19,tr_20::overall_order_sensitive,full,,M_condition,registered,participant_item_talker_intercepts,participant_id,(Intercept),,0.0800533973983445,0.282937090884784,False,False,ok
AN19,tr_20::overall_order_sensitive,full,,M_condition,registered,participant_item_talker_intercepts,test_talker_id,(Intercept),,0.129901039706348,0.360417868184068,False,False,ok
AN19,tr_20::overall_order_sensitive,full,,M_joint,registered,participant_item_talker_intercepts,analysis_item_id,(Intercept),,10.0634395633988,3.1722924775939,False,False,ok
AN19,tr_20::overall_order_sensitive,full,,M_joint,registered,participant_item_talker_intercepts,participant_id,(Intercept),,0.0751651370511481,0.274162610600257,False,False,ok
AN19,tr_20::overall_order_sensitive,full,,M_joint,registered,participant_item_talker_intercepts,test_talker_id,(Intercept),,0.132915857497837,0.36457627116673,False,False,ok
AN19,tr_20::overall_order_sensitive,full,,M_null,registered,participant_item_talker_intercepts,analysis_item_id,(Intercept),,10.1336174823797,3.183334334056,False,False,ok
AN19,tr_20::overall_order_sensitive,full,,M_null,registered,participant_item_talker_intercepts,participant_id,(Intercept),,0.111026685504896,0.333206670858938,False,False,ok
AN19,tr_20::overall_order_sensitive,full,,M_null,registered,participant_item_talker_intercepts,test_talker_id,(Intercept),,0.654238899563733,0.808850356718554,False,False,ok
AN19,tr_20::overall_order_sensitive,full,,M_predictor,registered,participant_item_talker_intercepts,analysis_item_id,(Intercept),,10.1318788992008,3.18306124653623,False,False,ok
AN19,tr_20::overall_order_sensitive,full,,M_predictor,registered,participant_item_talker_intercepts,participant_id,(Intercept),,0.0999500181575648,0.316148727907554,False,False,ok
AN19,tr_20::overall_order_sensitive,full,,M_predictor,registered,participant_item_talker_intercepts,test_talker_id,(Intercept),,0.654274445293734,0.8088723294153,False,False,ok
AN19,tr_22::overall,cv_train,0.0,M_condition,registered,participant_item_talker_intercepts,analysis_item_id,(Intercept),,9.15195466573687,3.02521977147725,False,False,ok
AN19,tr_22::overall,cv_train,0.0,M_condition,registered,participant_item_talker_intercepts,participant_id,(Intercept),,0.0890435054791092,0.298401584243632,False,False,ok
AN19,tr_22::overall,cv_train,0.0,M_condition,registered,participant_item_talker_intercepts,test_talker_id,(Intercept),,0.0710724156089509,0.266594102727256,False,False,ok
AN19,tr_22::overall,cv_train,0.0,M_joint,registered,participant_item_talker_intercepts,analysis_item_id,(Intercept),,9.15800400524256,3.02621942450354,False,False,ok
AN19,tr_22::overall,cv_train,0.0,M_joint,registered,participant_item_talker_intercepts,participant_id,(Intercept),,0.0855559260189264,0.292499446185675,False,False,ok
AN19,tr_22::overall,cv_train,0.0,M_joint,registered,participant_item_talker_intercepts,test_talker_id,(Intercept),,0.0756316086814318,0.275012015521925,False,False,ok
AN19,tr_22::overall,cv_train,0.0,M_null,registered,participant_item_talker_intercepts,analysis_item_id,(Intercept),,9.23140055072136,3.03832199589204,False,False,ok
AN19,tr_22::overall,cv_train,0.0,M_null,registered,participant_item_talker_intercepts,participant_id,(Intercept),,0.117053527587624,0.342130863249173,False,False,ok
AN19,tr_22::overall,cv_train,0.0,M_null,registered,participant_item_talker_intercepts,test_talker_id,(Intercept),,0.58150805824082,0.762566756579921,False,False,ok
AN19,tr_22::overall,cv_train,0.0,M_predictor,registered,participant_item_talker_intercepts,analysis_item_id,(Intercept),,9.23129941364678,3.03830535227235,False,False,ok
AN19,tr_22::overall,cv_train,0.0,M_predictor,registered,participant_item_talker_intercepts,participant_id,(Intercept),,0.112190306408873,0.334948214518115,False,False,ok
AN19,tr_22::overall,cv_train,0.0,M_predictor,registered,participant_item_talker_intercepts,test_talker_id,(Intercept),,0.57640188850989,0.759211359576429,False,False,ok
AN19,tr_22::overall,cv_train,1.0,M_condition,registered,participant_item_talker_intercepts,analysis_item_id,(Intercept),,9.91759612341894,3.14922151069418,False,False,ok
AN19,tr_22::overall,cv_train,1.0,M_condition,registered,participant_item_talker_intercepts,participant_id,(Intercept),,0.0354891602419515,0.188385668886865,False,False,ok
AN19,tr_22::overall,cv_train,1.0,M_condition,registered,participant_item_talker_intercepts,test_talker_id,(Intercept),,0.194558220481234,0.44108754287696,False,False,ok
AN19,tr_22::overall,cv_train,1.0,M_joint,registered,participant_item_talker_intercepts,analysis_item_id,(Intercept),,9.93062652736617,3.15128966097472,False,False,ok
AN19,tr_22::overall,cv_train,1.0,M_joint,registered,participant_item_talker_intercepts,participant_id,(Intercept),,0.0237052257948525,0.153965014840556,False,False,ok
AN19,tr_22::overall,cv_train,1.0,M_joint,registered,participant_item_talker_intercepts,test_talker_id,(Intercept),,0.21777674897348,0.466665564375046,False,False,ok
AN19,tr_22::overall,cv_train,1.0,M_null,registered,participant_item_talker_intercepts,analysis_item_id,(Intercept),,9.97550369020101,3.15840207861523,False,False,ok
AN19,tr_22::overall,cv_train,1.0,M_null,registered,participant_item_talker_intercepts,participant_id,(Intercept),,0.0656674539861933,0.256256617448591,False,False,ok
AN19,tr_22::overall,cv_train,1.0,M_null,registered,participant_item_talker_intercepts,test_talker_id,(Intercept),,0.713100540925541,0.844452805623583,False,False,ok
AN19,tr_22::overall,cv_train,1.0,M_predictor,registered,participant_item_talker_intercepts,analysis_item_id,(Intercept),,9.97411673495108,3.15818250500997,False,False,ok
AN19,tr_22::overall,cv_train,1.0,M_predictor,registered,participant_item_talker_intercepts,participant_id,(Intercept),,0.0648648066499798,0.254685701699133,False,False,ok
AN19,tr_22::overall,cv_train,1.0,M_predictor,registered,participant_item_talker_intercepts,test_talker_id,(Intercept),,0.713895621864409,0.844923441422008,False,False,ok
AN19,tr_22::overall,cv_train,2.0,M_condition,registered,participant_item_talker_intercepts,analysis_item_id,(Intercept),,10.1282320657954,3.1824883449583,False,False,ok
AN19,tr_22::overall,cv_train,2.0,M_condition,registered,participant_item_talker_intercepts,participant_id,(Intercept),,0.0815288842305195,0.285532632514253,False,False,ok
AN19,tr_22::overall,cv_train,2.0,M_condition,registered,participant_item_talker_intercepts,test_talker_id,(Intercept),,0.221468461793782,0.470604358026763,False,False,ok
AN19,tr_22::overall,cv_train,2.0,M_joint,registered,participant_item_talker_intercepts,analysis_item_id,(Intercept),,10.1370806503359,3.18387824050102,False,False,ok
AN19,tr_22::overall,cv_train,2.0,M_joint,registered,participant_item_talker_intercepts,participant_id,(Intercept),,0.0763260517236449,0.27627169910008,False,False,ok
AN19,tr_22::overall,cv_train,2.0,M_joint,registered,participant_item_talker_intercepts,test_talker_id,(Intercept),,0.229741904820571,0.479313993975318,False,False,ok
AN19,tr_22::overall,cv_train,2.0,M_null,registered,participant_item_talker_intercepts,analysis_item_id,(Intercept),,10.1954436844908,3.19303048599459,False,False,ok
AN19,tr_22::overall,cv_train,2.0,M_null,registered,participant_item_talker_intercepts,participant_id,(Intercept),,0.147709544303434,0.384329994020028,False,False,ok
AN19,tr_22::overall,cv_train,2.0,M_null,registered,participant_item_talker_intercepts,test_talker_id,(Intercept),,0.875925934984639,0.935909148894613,False,False,ok
AN19,tr_22::overall,cv_train,2.0,M_predictor,registered,participant_item_talker_intercepts,analysis_item_id,(Intercept),,10.1977756146208,3.19339562450705,False,False,ok
AN19,tr_22::overall,cv_train,2.0,M_predictor,registered,participant_item_talker_intercepts,participant_id,(Intercept),,0.142947097810015,0.378083453499376,False,False,ok
AN19,tr_22::overall,cv_train,2.0,M_predictor,registered,participant_item_talker_intercepts,test_talker_id,(Intercept),,0.875761212376602,0.935821143369075,False,False,ok
AN19,tr_22::overall,full,,M_condition,registered,participant_item_talker_intercepts,analysis_item_id,(Intercept),,10.0610751951221,3.17191979645168,False,False,ok
AN19,tr_22::overall,full,,M_condition,registered,participant_item_talker_intercepts,participant_id,(Intercept),,0.0800533973983445,0.282937090884784,False,False,ok
AN19,tr_22::overall,full,,M_condition,registered,participant_item_talker_intercepts,test_talker_id,(Intercept),,0.129901039706348,0.360417868184068,False,False,ok
AN19,tr_22::overall,full,,M_joint,registered,participant_item_talker_intercepts,analysis_item_id,(Intercept),,10.0709139409402,3.17347033087442,False,False,ok
AN19,tr_22::overall,full,,M_joint,registered,participant_item_talker_intercepts,participant_id,(Intercept),,0.0731553177493811,0.270472397389052,False,False,ok
AN19,tr_22::overall,full,,M_joint,registered,participant_item_talker_intercepts,test_talker_id,(Intercept),,0.141004153136883,0.375505197216873,False,False,ok
AN19,tr_22::overall,full,,M_null,registered,participant_item_talker_intercepts,analysis_item_id,(Intercept),,10.1336174823797,3.183334334056,False,False,ok
AN19,tr_22::overall,full,,M_null,registered,participant_item_talker_intercepts,participant_id,(Intercept),,0.111026685504896,0.333206670858938,False,False,ok
AN19,tr_22::overall,full,,M_null,registered,participant_item_talker_intercepts,test_talker_id,(Intercept),,0.654238899563733,0.808850356718554,False,False,ok
AN19,tr_22::overall,full,,M_predictor,registered,participant_item_talker_intercepts,analysis_item_id,(Intercept),,10.132787607482,3.18320398458566,False,False,ok
AN19,tr_22::overall,full,,M_predictor,registered,participant_item_talker_intercepts,participant_id,(Intercept),,0.107980404643634,0.328603719765364,False,False,ok
AN19,tr_22::overall,full,,M_predictor,registered,participant_item_talker_intercepts,test_talker_id,(Intercept),,0.653458813461067,0.808367993837625,False,False,ok
AN19,tr_22::overall_order_sensitive,cv_train,0.0,M_condition,registered,participant_item_talker_intercepts,analysis_item_id,(Intercept),,9.15195466573687,3.02521977147725,False,False,ok
AN19,tr_22::overall_order_sensitive,cv_train,0.0,M_condition,registered,participant_item_talker_intercepts,participant_id,(Intercept),,0.0890435054791092,0.298401584243632,False,False,ok
AN19,tr_22::overall_order_sensitive,cv_train,0.0,M_condition,registered,participant_item_talker_intercepts,test_talker_id,(Intercept),,0.0710724156089509,0.266594102727256,False,False,ok
AN19,tr_22::overall_order_sensitive,cv_train,0.0,M_joint,registered,participant_item_talker_intercepts,analysis_item_id,(Intercept),,9.15154841023704,3.02515262594089,False,False,ok
AN19,tr_22::overall_order_sensitive,cv_train,0.0,M_joint,registered,participant_item_talker_intercepts,participant_id,(Intercept),,0.0876569550167023,0.296069172688921,False,False,ok
AN19,tr_22::overall_order_sensitive,cv_train,0.0,M_joint,registered,participant_item_talker_intercepts,test_talker_id,(Intercept),,0.0722860628828533,0.268860675597703,False,False,ok
AN19,tr_22::overall_order_sensitive,cv_train,0.0,M_null,registered,participant_item_talker_intercepts,analysis_item_id,(Intercept),,9.23140055072136,3.03832199589204,False,False,ok
AN19,tr_22::overall_order_sensitive,cv_train,0.0,M_null,registered,participant_item_talker_intercepts,participant_id,(Intercept),,0.117053527587624,0.342130863249173,False,False,ok
AN19,tr_22::overall_order_sensitive,cv_train,0.0,M_null,registered,participant_item_talker_intercepts,test_talker_id,(Intercept),,0.58150805824082,0.762566756579921,False,False,ok
AN19,tr_22::overall_order_sensitive,cv_train,0.0,M_predictor,registered,participant_item_talker_intercepts,analysis_item_id,(Intercept),,9.23151384624938,3.03834064025898,False,False,ok
AN19,tr_22::overall_order_sensitive,cv_train,0.0,M_predictor,registered,participant_item_talker_intercepts,participant_id,(Intercept),,0.117024755194708,0.342088811852577,False,False,ok
AN19,tr_22::overall_order_sensitive,cv_train,0.0,M_predictor,registered,participant_item_talker_intercepts,test_talker_id,(Intercept),,0.581619917980937,0.762640097281107,False,False,ok
AN19,tr_22::overall_order_sensitive,cv_train,1.0,M_condition,registered,participant_item_talker_intercepts,analysis_item_id,(Intercept),,9.91759612341894,3.14922151069418,False,False,ok
AN19,tr_22::overall_order_sensitive,cv_train,1.0,M_condition,registered,participant_item_talker_intercepts,participant_id,(Intercept),,0.0354891602419515,0.188385668886865,False,False,ok
AN19,tr_22::overall_order_sensitive,cv_train,1.0,M_condition,registered,participant_item_talker_intercepts,test_talker_id,(Intercept),,0.194558220481234,0.44108754287696,False,False,ok
AN19,tr_22::overall_order_sensitive,cv_train,1.0,M_joint,registered,participant_item_talker_intercepts,analysis_item_id,(Intercept),,9.91722471443147,3.14916254176114,False,False,ok
AN19,tr_22::overall_order_sensitive,cv_train,1.0,M_joint,registered,participant_item_talker_intercepts,participant_id,(Intercept),,0.0336475195252626,0.183432602132943,False,False,ok
AN19,tr_22::overall_order_sensitive,cv_train,1.0,M_joint,registered,participant_item_talker_intercepts,test_talker_id,(Intercept),,0.197718943279036,0.444655983068975,False,False,ok
AN19,tr_22::overall_order_sensitive,cv_train,1.0,M_null,registered,participant_item_talker_intercepts,analysis_item_id,(Intercept),,9.97550369020101,3.15840207861523,False,False,ok
AN19,tr_22::overall_order_sensitive,cv_train,1.0,M_null,registered,participant_item_talker_intercepts,participant_id,(Intercept),,0.0656674539861933,0.256256617448591,False,False,ok
AN19,tr_22::overall_order_sensitive,cv_train,1.0,M_null,registered,participant_item_talker_intercepts,test_talker_id,(Intercept),,0.713100540925541,0.844452805623583,False,False,ok
AN19,tr_22::overall_order_sensitive,cv_train,1.0,M_predictor,registered,participant_item_talker_intercepts,analysis_item_id,(Intercept),,9.97804165554427,3.15880383302672,False,False,ok
AN19,tr_22::overall_order_sensitive,cv_train,1.0,M_predictor,registered,participant_item_talker_intercepts,participant_id,(Intercept),,0.0637133392819193,0.252415013978803,False,False,ok
AN19,tr_22::overall_order_sensitive,cv_train,1.0,M_predictor,registered,participant_item_talker_intercepts,test_talker_id,(Intercept),,0.713806139779315,0.844870486985618,False,False,ok
AN19,tr_22::overall_order_sensitive,cv_train,2.0,M_condition,registered,participant_item_talker_intercepts,analysis_item_id,(Intercept),,10.1282320657954,3.1824883449583,False,False,ok
AN19,tr_22::overall_order_sensitive,cv_train,2.0,M_condition,registered,participant_item_talker_intercepts,participant_id,(Intercept),,0.0815288842305195,0.285532632514253,False,False,ok
AN19,tr_22::overall_order_sensitive,cv_train,2.0,M_condition,registered,participant_item_talker_intercepts,test_talker_id,(Intercept),,0.221468461793782,0.470604358026763,False,False,ok
AN19,tr_22::overall_order_sensitive,cv_train,2.0,M_joint,registered,participant_item_talker_intercepts,analysis_item_id,(Intercept),,10.1290046508512,3.18260972330118,False,False,ok
AN19,tr_22::overall_order_sensitive,cv_train,2.0,M_joint,registered,participant_item_talker_intercepts,participant_id,(Intercept),,0.077975254098635,0.279240495090943,False,False,ok
AN19,tr_22::overall_order_sensitive,cv_train,2.0,M_joint,registered,participant_item_talker_intercepts,test_talker_id,(Intercept),,0.225976079841345,0.475369414078509,False,False,ok
AN19,tr_22::overall_order_sensitive,cv_train,2.0,M_null,registered,participant_item_talker_intercepts,analysis_item_id,(Intercept),,10.1954436844908,3.19303048599459,False,False,ok
AN19,tr_22::overall_order_sensitive,cv_train,2.0,M_null,registered,participant_item_talker_intercepts,participant_id,(Intercept),,0.147709544303434,0.384329994020028,False,False,ok
AN19,tr_22::overall_order_sensitive,cv_train,2.0,M_null,registered,participant_item_talker_intercepts,test_talker_id,(Intercept),,0.875925934984639,0.935909148894613,False,False,ok
AN19,tr_22::overall_order_sensitive,cv_train,2.0,M_predictor,registered,participant_item_talker_intercepts,analysis_item_id,(Intercept),,10.1952802065493,3.19300488670927,False,False,ok
AN19,tr_22::overall_order_sensitive,cv_train,2.0,M_predictor,registered,participant_item_talker_intercepts,participant_id,(Intercept),,0.147340162700838,0.383849140549823,False,False,ok
AN19,tr_22::overall_order_sensitive,cv_train,2.0,M_predictor,registered,participant_item_talker_intercepts,test_talker_id,(Intercept),,0.875712541128881,0.935795138440503,False,False,ok
AN19,tr_22::overall_order_sensitive,full,,M_condition,registered,participant_item_talker_intercepts,analysis_item_id,(Intercept),,10.0610751951221,3.17191979645168,False,False,ok
AN19,tr_22::overall_order_sensitive,full,,M_condition,registered,participant_item_talker_intercepts,participant_id,(Intercept),,0.0800533973983445,0.282937090884784,False,False,ok
AN19,tr_22::overall_order_sensitive,full,,M_condition,registered,participant_item_talker_intercepts,test_talker_id,(Intercept),,0.129901039706348,0.360417868184068,False,False,ok
AN19,tr_22::overall_order_sensitive,full,,M_joint,registered,participant_item_talker_intercepts,analysis_item_id,(Intercept),,10.0611291153186,3.17192829605567,False,False,ok
AN19,tr_22::overall_order_sensitive,full,,M_joint,registered,participant_item_talker_intercepts,participant_id,(Intercept),,0.0775292692808088,0.27844078235921,False,False,ok
AN19,tr_22::overall_order_sensitive,full,,M_joint,registered,participant_item_talker_intercepts,test_talker_id,(Intercept),,0.132908098297447,0.364565629616187,False,False,ok
AN19,tr_22::overall_order_sensitive,full,,M_null,registered,participant_item_talker_intercepts,analysis_item_id,(Intercept),,10.1336174823797,3.183334334056,False,False,ok
AN19,tr_22::overall_order_sensitive,full,,M_null,registered,participant_item_talker_intercepts,participant_id,(Intercept),,0.111026685504896,0.333206670858938,False,False,ok
AN19,tr_22::overall_order_sensitive,full,,M_null,registered,participant_item_talker_intercepts,test_talker_id,(Intercept),,0.654238899563733,0.808850356718554,False,False,ok
AN19,tr_22::overall_order_sensitive,full,,M_predictor,registered,participant_item_talker_intercepts,analysis_item_id,(Intercept),,10.133918639847,3.18338163590968,False,False,ok
AN19,tr_22::overall_order_sensitive,full,,M_predictor,registered,participant_item_talker_intercepts,participant_id,(Intercept),,0.110603220724973,0.33257062516851,False,False,ok
AN19,tr_22::overall_order_sensitive,full,,M_predictor,registered,participant_item_talker_intercepts,test_talker_id,(Intercept),,0.654220280251664,0.808838846898234,False,False,ok
AN19,tr_2::overall,cv_train,0.0,M_condition,registered,participant_item_talker_intercepts,analysis_item_id,(Intercept),,9.15195466573687,3.02521977147725,False,False,ok
AN19,tr_2::overall,cv_train,0.0,M_condition,registered,participant_item_talker_intercepts,participant_id,(Intercept),,0.0890435054791092,0.298401584243632,False,False,ok
AN19,tr_2::overall,cv_train,0.0,M_condition,registered,participant_item_talker_intercepts,test_talker_id,(Intercept),,0.0710724156089509,0.266594102727256,False,False,ok
AN19,tr_2::overall,cv_train,0.0,M_joint,registered,participant_item_talker_intercepts,analysis_item_id,(Intercept),,9.15613369498725,3.02591039110335,False,False,ok
AN19,tr_2::overall,cv_train,0.0,M_joint,registered,participant_item_talker_intercepts,participant_id,(Intercept),,0.0844672954805386,0.290632578147286,False,False,ok
AN19,tr_2::overall,cv_train,0.0,M_joint,registered,participant_item_talker_intercepts,test_talker_id,(Intercept),,0.0742762008239732,0.272536604557944,False,False,ok
AN19,tr_2::overall,cv_train,0.0,M_null,registered,participant_item_talker_intercepts,analysis_item_id,(Intercept),,9.23140055072136,3.03832199589204,False,False,ok
AN19,tr_2::overall,cv_train,0.0,M_null,registered,participant_item_talker_intercepts,participant_id,(Intercept),,0.117053527587624,0.342130863249173,False,False,ok
AN19,tr_2::overall,cv_train,0.0,M_null,registered,participant_item_talker_intercepts,test_talker_id,(Intercept),,0.58150805824082,0.762566756579921,False,False,ok
AN19,tr_2::overall,cv_train,0.0,M_predictor,registered,participant_item_talker_intercepts,analysis_item_id,(Intercept),,9.23186979746335,3.03839921627546,False,False,ok
AN19,tr_2::overall,cv_train,0.0,M_predictor,registered,participant_item_talker_intercepts,participant_id,(Intercept),,0.111259914789393,0.333556464169701,False,False,ok
AN19,tr_2::overall,cv_train,0.0,M_predictor,registered,participant_item_talker_intercepts,test_talker_id,(Intercept),,0.575230854175712,0.758439749865282,False,False,ok
AN19,tr_2::overall,cv_train,1.0,M_condition,registered,participant_item_talker_intercepts,analysis_item_id,(Intercept),,9.91759612341894,3.14922151069418,False,False,ok
AN19,tr_2::overall,cv_train,1.0,M_condition,registered,participant_item_talker_intercepts,participant_id,(Intercept),,0.0354891602419515,0.188385668886865,False,False,ok
AN19,tr_2::overall,cv_train,1.0,M_condition,registered,participant_item_talker_intercepts,test_talker_id,(Intercept),,0.194558220481234,0.44108754287696,False,False,ok
AN19,tr_2::overall,cv_train,1.0,M_joint,registered,participant_item_talker_intercepts,analysis_item_id,(Intercept),,9.92339137089179,3.15014148426571,False,False,ok
AN19,tr_2::overall,cv_train,1.0,M_joint,registered,participant_item_talker_intercepts,participant_id,(Intercept),,0.0263810299450618,0.162422381293533,False,False,ok
AN19,tr_2::overall,cv_train,1.0,M_joint,registered,participant_item_talker_intercepts,test_talker_id,(Intercept),,0.20727269416904,0.455272110027662,False,False,ok
AN19,tr_2::overall,cv_train,1.0,M_null,registered,participant_item_talker_intercepts,analysis_item_id,(Intercept),,9.97550369020101,3.15840207861523,False,False,ok
AN19,tr_2::overall,cv_train,1.0,M_null,registered,participant_item_talker_intercepts,participant_id,(Intercept),,0.0656674539861933,0.256256617448591,False,False,ok
AN19,tr_2::overall,cv_train,1.0,M_null,registered,participant_item_talker_intercepts,test_talker_id,(Intercept),,0.713100540925541,0.844452805623583,False,False,ok
AN19,tr_2::overall,cv_train,1.0,M_predictor,registered,participant_item_talker_intercepts,analysis_item_id,(Intercept),,9.98030551675783,3.15916215423612,False,False,ok
AN19,tr_2::overall,cv_train,1.0,M_predictor,registered,participant_item_talker_intercepts,participant_id,(Intercept),,0.0524585120440865,0.229038232712546,False,False,ok
AN19,tr_2::overall,cv_train,1.0,M_predictor,registered,participant_item_talker_intercepts,test_talker_id,(Intercept),,0.719293866664122,0.848111942295427,False,False,ok
AN19,tr_2::overall,cv_train,2.0,M_condition,registered,participant_item_talker_intercepts,analysis_item_id,(Intercept),,10.1282320657954,3.1824883449583,False,False,ok
AN19,tr_2::overall,cv_train,2.0,M_condition,registered,participant_item_talker_intercepts,participant_id,(Intercept),,0.0815288842305195,0.285532632514253,False,False,ok
AN19,tr_2::overall,cv_train,2.0,M_condition,registered,participant_item_talker_intercepts,test_talker_id,(Intercept),,0.221468461793782,0.470604358026763,False,False,ok
AN19,tr_2::overall,cv_train,2.0,M_joint,registered,participant_item_talker_intercepts,analysis_item_id,(Intercept),,10.1342385172437,3.18343187727391,False,False,ok
AN19,tr_2::overall,cv_train,2.0,M_joint,registered,participant_item_talker_intercepts,participant_id,(Intercept),,0.0768997433188263,0.277308029668862,False,False,ok
AN19,tr_2::overall,cv_train,2.0,M_joint,registered,participant_item_talker_intercepts,test_talker_id,(Intercept),,0.225937816887311,0.475329166880501,False,False,ok
AN19,tr_2::overall,cv_train,2.0,M_null,registered,participant_item_talker_intercepts,analysis_item_id,(Intercept),,10.1954436844908,3.19303048599459,False,False,ok
AN19,tr_2::overall,cv_train,2.0,M_null,registered,participant_item_talker_intercepts,participant_id,(Intercept),,0.147709544303434,0.384329994020028,False,False,ok
AN19,tr_2::overall,cv_train,2.0,M_null,registered,participant_item_talker_intercepts,test_talker_id,(Intercept),,0.875925934984639,0.935909148894613,False,False,ok
AN19,tr_2::overall,cv_train,2.0,M_predictor,registered,participant_item_talker_intercepts,analysis_item_id,(Intercept),,10.197498099844,3.19335217284972,False,False,ok
AN19,tr_2::overall,cv_train,2.0,M_predictor,registered,participant_item_talker_intercepts,participant_id,(Intercept),,0.137300482300053,0.370540797079151,False,False,ok
AN19,tr_2::overall,cv_train,2.0,M_predictor,registered,participant_item_talker_intercepts,test_talker_id,(Intercept),,0.869269834166774,0.932346413178478,False,False,ok
AN19,tr_2::overall,full,,M_condition,registered,participant_item_talker_intercepts,analysis_item_id,(Intercept),,10.0610751951221,3.17191979645168,False,False,ok
AN19,tr_2::overall,full,,M_condition,registered,participant_item_talker_intercepts,participant_id,(Intercept),,0.0800533973983445,0.282937090884784,False,False,ok
AN19,tr_2::overall,full,,M_condition,registered,participant_item_talker_intercepts,test_talker_id,(Intercept),,0.129901039706348,0.360417868184068,False,False,ok
AN19,tr_2::overall,full,,M_joint,registered,participant_item_talker_intercepts,analysis_item_id,(Intercept),,10.0672422390995,3.17289177866178,False,False,ok
AN19,tr_2::overall,full,,M_joint,registered,participant_item_talker_intercepts,participant_id,(Intercept),,0.0736373729600457,0.271362069862473,False,False,ok
AN19,tr_2::overall,full,,M_joint,registered,participant_item_talker_intercepts,test_talker_id,(Intercept),,0.136464878281709,0.369411529708683,False,False,ok
AN19,tr_2::overall,full,,M_null,registered,participant_item_talker_intercepts,analysis_item_id,(Intercept),,10.1336174823797,3.183334334056,False,False,ok
AN19,tr_2::overall,full,,M_null,registered,participant_item_talker_intercepts,participant_id,(Intercept),,0.111026685504896,0.333206670858938,False,False,ok
AN19,tr_2::overall,full,,M_null,registered,participant_item_talker_intercepts,test_talker_id,(Intercept),,0.654238899563733,0.808850356718554,False,False,ok
AN19,tr_2::overall,full,,M_predictor,registered,participant_item_talker_intercepts,analysis_item_id,(Intercept),,10.1366217827916,3.1838061785843,False,False,ok
AN19,tr_2::overall,full,,M_predictor,registered,participant_item_talker_intercepts,participant_id,(Intercept),,0.101582537563004,0.318720155564414,False,False,ok
AN19,tr_2::overall,full,,M_predictor,registered,participant_item_talker_intercepts,test_talker_id,(Intercept),,0.651105070384551,0.806910819350287,False,False,ok
AN19,tr_2::overall_order_sensitive,cv_train,0.0,M_condition,registered,participant_item_talker_intercepts,analysis_item_id,(Intercept),,9.15195466573687,3.02521977147725,False,False,ok
AN19,tr_2::overall_order_sensitive,cv_train,0.0,M_condition,registered,participant_item_talker_intercepts,participant_id,(Intercept),,0.0890435054791092,0.298401584243632,False,False,ok
AN19,tr_2::overall_order_sensitive,cv_train,0.0,M_condition,registered,participant_item_talker_intercepts,test_talker_id,(Intercept),,0.0710724156089509,0.266594102727256,False,False,ok
AN19,tr_2::overall_order_sensitive,cv_train,0.0,M_joint,registered,participant_item_talker_intercepts,analysis_item_id,(Intercept),,9.15539879561197,3.02578895424185,False,False,ok
AN19,tr_2::overall_order_sensitive,cv_train,0.0,M_joint,registered,participant_item_talker_intercepts,participant_id,(Intercept),,0.0850945301979496,0.291709667645674,False,False,ok
AN19,tr_2::overall_order_sensitive,cv_train,0.0,M_joint,registered,participant_item_talker_intercepts,test_talker_id,(Intercept),,0.0742162787400005,0.272426648366125,False,False,ok
AN19,tr_2::overall_order_sensitive,cv_train,0.0,M_null,registered,participant_item_talker_intercepts,analysis_item_id,(Intercept),,9.23140055072136,3.03832199589204,False,False,ok
AN19,tr_2::overall_order_sensitive,cv_train,0.0,M_null,registered,participant_item_talker_intercepts,participant_id,(Intercept),,0.117053527587624,0.342130863249173,False,False,ok
AN19,tr_2::overall_order_sensitive,cv_train,0.0,M_null,registered,participant_item_talker_intercepts,test_talker_id,(Intercept),,0.58150805824082,0.762566756579921,False,False,ok
AN19,tr_2::overall_order_sensitive,cv_train,0.0,M_predictor,registered,participant_item_talker_intercepts,analysis_item_id,(Intercept),,9.23058105302807,3.03818713265462,False,False,ok
AN19,tr_2::overall_order_sensitive,cv_train,0.0,M_predictor,registered,participant_item_talker_intercepts,participant_id,(Intercept),,0.107934969375166,0.328534578659791,False,False,ok
AN19,tr_2::overall_order_sensitive,cv_train,0.0,M_predictor,registered,participant_item_talker_intercepts,test_talker_id,(Intercept),,0.573193260673583,0.757095278464727,False,False,ok
AN19,tr_2::overall_order_sensitive,cv_train,1.0,M_condition,registered,participant_item_talker_intercepts,analysis_item_id,(Intercept),,9.91759612341894,3.14922151069418,False,False,ok
AN19,tr_2::overall_order_sensitive,cv_train,1.0,M_condition,registered,participant_item_talker_intercepts,participant_id,(Intercept),,0.0354891602419515,0.188385668886865,False,False,ok
AN19,tr_2::overall_order_sensitive,cv_train,1.0,M_condition,registered,participant_item_talker_intercepts,test_talker_id,(Intercept),,0.194558220481234,0.44108754287696,False,False,ok
AN19,tr_2::overall_order_sensitive,cv_train,1.0,M_joint,registered,participant_item_talker_intercepts,analysis_item_id,(Intercept),,9.9228694731479,3.15005864598548,False,False,ok
AN19,tr_2::overall_order_sensitive,cv_train,1.0,M_joint,registered,participant_item_talker_intercepts,participant_id,(Intercept),,0.0272381317151425,0.165039788278895,False,False,ok
AN19,tr_2::overall_order_sensitive,cv_train,1.0,M_joint,registered,participant_item_talker_intercepts,test_talker_id,(Intercept),,0.206731383817043,0.45467723037012,False,False,ok
AN19,tr_2::overall_order_sensitive,cv_train,1.0,M_null,registered,participant_item_talker_intercepts,analysis_item_id,(Intercept),,9.97550369020101,3.15840207861523,False,False,ok
AN19,tr_2::overall_order_sensitive,cv_train,1.0,M_null,registered,participant_item_talker_intercepts,participant_id,(Intercept),,0.0656674539861933,0.256256617448591,False,False,ok
AN19,tr_2::overall_order_sensitive,cv_train,1.0,M_null,registered,participant_item_talker_intercepts,test_talker_id,(Intercept),,0.713100540925541,0.844452805623583,False,False,ok
AN19,tr_2::overall_order_sensitive,cv_train,1.0,M_predictor,registered,participant_item_talker_intercepts,analysis_item_id,(Intercept),,9.97422259275235,3.15819926425683,False,False,ok
AN19,tr_2::overall_order_sensitive,cv_train,1.0,M_predictor,registered,participant_item_talker_intercepts,participant_id,(Intercept),,0.0544041063263351,0.233246878492157,False,False,ok
AN19,tr_2::overall_order_sensitive,cv_train,1.0,M_predictor,registered,participant_item_talker_intercepts,test_talker_id,(Intercept),,0.718840207472085,0.847844447686063,False,False,ok
AN19,tr_2::overall_order_sensitive,cv_train,2.0,M_condition,registered,participant_item_talker_intercepts,analysis_item_id,(Intercept),,10.1282320657954,3.1824883449583,False,False,ok
AN19,tr_2::overall_order_sensitive,cv_train,2.0,M_condition,registered,participant_item_talker_intercepts,participant_id,(Intercept),,0.0815288842305195,0.285532632514253,False,False,ok
AN19,tr_2::overall_order_sensitive,cv_train,2.0,M_condition,registered,participant_item_talker_intercepts,test_talker_id,(Intercept),,0.221468461793782,0.470604358026763,False,False,ok
AN19,tr_2::overall_order_sensitive,cv_train,2.0,M_joint,registered,participant_item_talker_intercepts,analysis_item_id,(Intercept),,10.1337483382473,3.18335488726081,False,False,ok
AN19,tr_2::overall_order_sensitive,cv_train,2.0,M_joint,registered,participant_item_talker_intercepts,participant_id,(Intercept),,0.0767777544546819,0.277087990455526,False,False,ok
AN19,tr_2::overall_order_sensitive,cv_train,2.0,M_joint,registered,participant_item_talker_intercepts,test_talker_id,(Intercept),,0.226538143806609,0.475960233429863,False,False,ok
AN19,tr_2::overall_order_sensitive,cv_train,2.0,M_null,registered,participant_item_talker_intercepts,analysis_item_id,(Intercept),,10.1954436844908,3.19303048599459,False,False,ok
AN19,tr_2::overall_order_sensitive,cv_train,2.0,M_null,registered,participant_item_talker_intercepts,participant_id,(Intercept),,0.147709544303434,0.384329994020028,False,False,ok
AN19,tr_2::overall_order_sensitive,cv_train,2.0,M_null,registered,participant_item_talker_intercepts,test_talker_id,(Intercept),,0.875925934984639,0.935909148894613,False,False,ok
AN19,tr_2::overall_order_sensitive,cv_train,2.0,M_predictor,registered,participant_item_talker_intercepts,analysis_item_id,(Intercept),,10.1977125217917,3.19338574584902,False,False,ok
AN19,tr_2::overall_order_sensitive,cv_train,2.0,M_predictor,registered,participant_item_talker_intercepts,participant_id,(Intercept),,0.131159716050355,0.362159793530916,False,False,ok
AN19,tr_2::overall_order_sensitive,cv_train,2.0,M_predictor,registered,participant_item_talker_intercepts,test_talker_id,(Intercept),,0.870698588361593,0.933112312833559,False,False,ok
AN19,tr_2::overall_order_sensitive,full,,M_condition,registered,participant_item_talker_intercepts,analysis_item_id,(Intercept),,10.0610751951221,3.17191979645168,False,False,ok
AN19,tr_2::overall_order_sensitive,full,,M_condition,registered,participant_item_talker_intercepts,participant_id,(Intercept),,0.0800533973983445,0.282937090884784,False,False,ok
AN19,tr_2::overall_order_sensitive,full,,M_condition,registered,participant_item_talker_intercepts,test_talker_id,(Intercept),,0.129901039706348,0.360417868184068,False,False,ok
AN19,tr_2::overall_order_sensitive,full,,M_joint,registered,participant_item_talker_intercepts,analysis_item_id,(Intercept),,10.0812908682127,3.17510485940428,False,False,ok
AN19,tr_2::overall_order_sensitive,full,,M_joint,registered,participant_item_talker_intercepts,participant_id,(Intercept),,0.0740514322782531,0.272123928161882,False,False,ok
AN19,tr_2::overall_order_sensitive,full,,M_joint,registered,participant_item_talker_intercepts,test_talker_id,(Intercept),,0.124593586669149,0.352978167411455,False,False,ok
AN19,tr_2::overall_order_sensitive,full,,M_null,registered,participant_item_talker_intercepts,analysis_item_id,(Intercept),,10.1336174823797,3.183334334056,False,False,ok
AN19,tr_2::overall_order_sensitive,full,,M_null,registered,participant_item_talker_intercepts,participant_id,(Intercept),,0.111026685504896,0.333206670858938,False,False,ok
AN19,tr_2::overall_order_sensitive,full,,M_null,registered,participant_item_talker_intercepts,test_talker_id,(Intercept),,0.654238899563733,0.808850356718554,False,False,ok
AN19,tr_2::overall_order_sensitive,full,,M_predictor,registered,participant_item_talker_intercepts,analysis_item_id,(Intercept),,10.1339261329623,3.18338281282071,False,False,ok
AN19,tr_2::overall_order_sensitive,full,,M_predictor,registered,participant_item_talker_intercepts,participant_id,(Intercept),,0.0991363631276799,0.314859275117758,False,False,ok
AN19,tr_2::overall_order_sensitive,full,,M_predictor,registered,participant_item_talker_intercepts,test_talker_id,(Intercept),,0.651443708580075,0.807120628270691,False,False,ok
AN19,tr_4::overall,cv_train,0.0,M_condition,registered,participant_item_talker_intercepts,analysis_item_id,(Intercept),,9.15195466573687,3.02521977147725,False,False,ok
AN19,tr_4::overall,cv_train,0.0,M_condition,registered,participant_item_talker_intercepts,participant_id,(Intercept),,0.0890435054791092,0.298401584243632,False,False,ok
AN19,tr_4::overall,cv_train,0.0,M_condition,registered,participant_item_talker_intercepts,test_talker_id,(Intercept),,0.0710724156089509,0.266594102727256,False,False,ok
AN19,tr_4::overall,cv_train,0.0,M_joint,registered,participant_item_talker_intercepts,analysis_item_id,(Intercept),,9.15783248725007,3.02619108571321,False,False,ok
AN19,tr_4::overall,cv_train,0.0,M_joint,registered,participant_item_talker_intercepts,participant_id,(Intercept),,0.0833631880519968,0.28872683985386,False,False,ok
AN19,tr_4::overall,cv_train,0.0,M_joint,registered,participant_item_talker_intercepts,test_talker_id,(Intercept),,0.0738813613043063,0.271811260444277,False,False,ok
AN19,tr_4::overall,cv_train,0.0,M_null,registered,participant_item_talker_intercepts,analysis_item_id,(Intercept),,9.23140055072136,3.03832199589204,False,False,ok
AN19,tr_4::overall,cv_train,0.0,M_null,registered,participant_item_talker_intercepts,participant_id,(Intercept),,0.117053527587624,0.342130863249173,False,False,ok
AN19,tr_4::overall,cv_train,0.0,M_null,registered,participant_item_talker_intercepts,test_talker_id,(Intercept),,0.58150805824082,0.762566756579921,False,False,ok
AN19,tr_4::overall,cv_train,0.0,M_predictor,registered,participant_item_talker_intercepts,analysis_item_id,(Intercept),,9.23337890599764,3.03864754553694,False,False,ok
AN19,tr_4::overall,cv_train,0.0,M_predictor,registered,participant_item_talker_intercepts,participant_id,(Intercept),,0.106914182173425,0.326977341987828,False,False,ok
AN19,tr_4::overall,cv_train,0.0,M_predictor,registered,participant_item_talker_intercepts,test_talker_id,(Intercept),,0.571563550409975,0.75601822095104,False,False,ok
AN19,tr_4::overall,cv_train,1.0,M_condition,registered,participant_item_talker_intercepts,analysis_item_id,(Intercept),,9.91759612341894,3.14922151069418,False,False,ok
AN19,tr_4::overall,cv_train,1.0,M_condition,registered,participant_item_talker_intercepts,participant_id,(Intercept),,0.0354891602419515,0.188385668886865,False,False,ok
AN19,tr_4::overall,cv_train,1.0,M_condition,registered,participant_item_talker_intercepts,test_talker_id,(Intercept),,0.194558220481234,0.44108754287696,False,False,ok
AN19,tr_4::overall,cv_train,1.0,M_joint,registered,participant_item_talker_intercepts,analysis_item_id,(Intercept),,9.92430053174974,3.15028578572639,False,False,ok
AN19,tr_4::overall,cv_train,1.0,M_joint,registered,participant_item_talker_intercepts,participant_id,(Intercept),,0.0246673914177534,0.157058560472689,False,False,ok
AN19,tr_4::overall,cv_train,1.0,M_joint,registered,participant_item_talker_intercepts,test_talker_id,(Intercept),,0.20756876217841,0.455597149001627,False,False,ok
AN19,tr_4::overall,cv_train,1.0,M_null,registered,participant_item_talker_intercepts,analysis_item_id,(Intercept),,9.97550369020101,3.15840207861523,False,False,ok
AN19,tr_4::overall,cv_train,1.0,M_null,registered,participant_item_talker_intercepts,participant_id,(Intercept),,0.0656674539861933,0.256256617448591,False,False,ok
AN19,tr_4::overall,cv_train,1.0,M_null,registered,participant_item_talker_intercepts,test_talker_id,(Intercept),,0.713100540925541,0.844452805623583,False,False,ok
AN19,tr_4::overall,cv_train,1.0,M_predictor,registered,participant_item_talker_intercepts,analysis_item_id,(Intercept),,9.97837327638627,3.15885632411262,False,False,ok
AN19,tr_4::overall,cv_train,1.0,M_predictor,registered,participant_item_talker_intercepts,participant_id,(Intercept),,0.0500944666531845,0.223817931929469,False,False,ok
AN19,tr_4::overall,cv_train,1.0,M_predictor,registered,participant_item_talker_intercepts,test_talker_id,(Intercept),,0.720054589530066,0.848560304003237,False,False,ok
AN19,tr_4::overall,cv_train,2.0,M_condition,registered,participant_item_talker_intercepts,analysis_item_id,(Intercept),,10.1282320657954,3.1824883449583,False,False,ok
AN19,tr_4::overall,cv_train,2.0,M_condition,registered,participant_item_talker_intercepts,participant_id,(Intercept),,0.0815288842305195,0.285532632514253,False,False,ok
AN19,tr_4::overall,cv_train,2.0,M_condition,registered,participant_item_talker_intercepts,test_talker_id,(Intercept),,0.221468461793782,0.470604358026763,False,False,ok
AN19,tr_4::overall,cv_train,2.0,M_joint,registered,participant_item_talker_intercepts,analysis_item_id,(Intercept),,10.1347065654253,3.18350538957064,False,False,ok
AN19,tr_4::overall,cv_train,2.0,M_joint,registered,participant_item_talker_intercepts,participant_id,(Intercept),,0.0778163500673665,0.278955820995667,False,False,ok
AN19,tr_4::overall,cv_train,2.0,M_joint,registered,participant_item_talker_intercepts,test_talker_id,(Intercept),,0.223737154616743,0.473008620023719,False,False,ok
AN19,tr_4::overall,cv_train,2.0,M_null,registered,participant_item_talker_intercepts,analysis_item_id,(Intercept),,10.1954436844908,3.19303048599459,False,False,ok
AN19,tr_4::overall,cv_train,2.0,M_null,registered,participant_item_talker_intercepts,participant_id,(Intercept),,0.147709544303434,0.384329994020028,False,False,ok
AN19,tr_4::overall,cv_train,2.0,M_null,registered,participant_item_talker_intercepts,test_talker_id,(Intercept),,0.875925934984639,0.935909148894613,False,False,ok
AN19,tr_4::overall,cv_train,2.0,M_predictor,registered,participant_item_talker_intercepts,analysis_item_id,(Intercept),,10.1999340011115,3.19373355199075,False,False,ok
AN19,tr_4::overall,cv_train,2.0,M_predictor,registered,participant_item_talker_intercepts,participant_id,(Intercept),,0.135001835888817,0.36742595973722,False,False,ok
AN19,tr_4::overall,cv_train,2.0,M_predictor,registered,participant_item_talker_intercepts,test_talker_id,(Intercept),,0.866055063484942,0.930620794676834,False,False,ok
AN19,tr_4::overall,full,,M_condition,registered,participant_item_talker_intercepts,analysis_item_id,(Intercept),,10.0610751951221,3.17191979645168,False,False,ok
AN19,tr_4::overall,full,,M_condition,registered,participant_item_talker_intercepts,participant_id,(Intercept),,0.0800533973983445,0.282937090884784,False,False,ok
AN19,tr_4::overall,full,,M_condition,registered,participant_item_talker_intercepts,test_talker_id,(Intercept),,0.129901039706348,0.360417868184068,False,False,ok
AN19,tr_4::overall,full,,M_joint,registered,participant_item_talker_intercepts,analysis_item_id,(Intercept),,10.0833729861972,3.17543272424361,False,False,ok
AN19,tr_4::overall,full,,M_joint,registered,participant_item_talker_intercepts,participant_id,(Intercept),,0.0732636821215557,0.270672647531212,False,False,ok
AN19,tr_4::overall,full,,M_joint,registered,participant_item_talker_intercepts,test_talker_id,(Intercept),,0.12347309933845,0.351387392116521,False,False,ok
AN19,tr_4::overall,full,,M_null,registered,participant_item_talker_intercepts,analysis_item_id,(Intercept),,10.1336174823797,3.183334334056,False,False,ok
AN19,tr_4::overall,full,,M_null,registered,participant_item_talker_intercepts,participant_id,(Intercept),,0.111026685504896,0.333206670858938,False,False,ok
AN19,tr_4::overall,full,,M_null,registered,participant_item_talker_intercepts,test_talker_id,(Intercept),,0.654238899563733,0.808850356718554,False,False,ok
AN19,tr_4::overall,full,,M_predictor,registered,participant_item_talker_intercepts,analysis_item_id,(Intercept),,10.1376282419393,3.183964233772,False,False,ok
AN19,tr_4::overall,full,,M_predictor,registered,participant_item_talker_intercepts,participant_id,(Intercept),,0.0986703133131957,0.314118311012261,False,False,ok
AN19,tr_4::overall,full,,M_predictor,registered,participant_item_talker_intercepts,test_talker_id,(Intercept),,0.649140528254503,0.805692576765172,False,False,ok
AN19,tr_4::overall_order_sensitive,cv_train,0.0,M_condition,registered,participant_item_talker_intercepts,analysis_item_id,(Intercept),,9.15195466573687,3.02521977147725,False,False,ok
AN19,tr_4::overall_order_sensitive,cv_train,0.0,M_condition,registered,participant_item_talker_intercepts,participant_id,(Intercept),,0.0890435054791092,0.298401584243632,False,False,ok
AN19,tr_4::overall_order_sensitive,cv_train,0.0,M_condition,registered,participant_item_talker_intercepts,test_talker_id,(Intercept),,0.0710724156089509,0.266594102727256,False,False,ok
AN19,tr_4::overall_order_sensitive,cv_train,0.0,M_joint,registered,participant_item_talker_intercepts,analysis_item_id,(Intercept),,9.15548364613351,3.02580297543206,False,False,ok
AN19,tr_4::overall_order_sensitive,cv_train,0.0,M_joint,registered,participant_item_talker_intercepts,participant_id,(Intercept),,0.0853545890254431,0.292155077014662,False,False,ok
AN19,tr_4::overall_order_sensitive,cv_train,0.0,M_joint,registered,participant_item_talker_intercepts,test_talker_id,(Intercept),,0.0742201230751586,0.272433703999998,False,False,ok
AN19,tr_4::overall_order_sensitive,cv_train,0.0,M_null,registered,participant_item_talker_intercepts,analysis_item_id,(Intercept),,9.23140055072136,3.03832199589204,False,False,ok
AN19,tr_4::overall_order_sensitive,cv_train,0.0,M_null,registered,participant_item_talker_intercepts,participant_id,(Intercept),,0.117053527587624,0.342130863249173,False,False,ok
AN19,tr_4::overall_order_sensitive,cv_train,0.0,M_null,registered,participant_item_talker_intercepts,test_talker_id,(Intercept),,0.58150805824082,0.762566756579921,False,False,ok
AN19,tr_4::overall_order_sensitive,cv_train,0.0,M_predictor,registered,participant_item_talker_intercepts,analysis_item_id,(Intercept),,9.23097577643129,3.03825209231085,False,False,ok
AN19,tr_4::overall_order_sensitive,cv_train,0.0,M_predictor,registered,participant_item_talker_intercepts,participant_id,(Intercept),,0.108456330783689,0.329327087837743,False,False,ok
AN19,tr_4::overall_order_sensitive,cv_train,0.0,M_predictor,registered,participant_item_talker_intercepts,test_talker_id,(Intercept),,0.572703724203652,0.756771910289786,False,False,ok
AN19,tr_4::overall_order_sensitive,cv_train,1.0,M_condition,registered,participant_item_talker_intercepts,analysis_item_id,(Intercept),,9.91759612341894,3.14922151069418,False,False,ok
AN19,tr_4::overall_order_sensitive,cv_train,1.0,M_condition,registered,participant_item_talker_intercepts,participant_id,(Intercept),,0.0354891602419515,0.188385668886865,False,False,ok
AN19,tr_4::overall_order_sensitive,cv_train,1.0,M_condition,registered,participant_item_talker_intercepts,test_talker_id,(Intercept),,0.194558220481234,0.44108754287696,False,False,ok
AN19,tr_4::overall_order_sensitive,cv_train,1.0,M_joint,registered,participant_item_talker_intercepts,analysis_item_id,(Intercept),,9.92345047833229,3.15015086596377,False,False,ok
AN19,tr_4::overall_order_sensitive,cv_train,1.0,M_joint,registered,participant_item_talker_intercepts,participant_id,(Intercept),,0.0271023932566761,0.164628045170548,False,False,ok
AN19,tr_4::overall_order_sensitive,cv_train,1.0,M_joint,registered,participant_item_talker_intercepts,test_talker_id,(Intercept),,0.207533609774073,0.455558568983257,False,False,ok
AN19,tr_4::overall_order_sensitive,cv_train,1.0,M_null,registered,participant_item_talker_intercepts,analysis_item_id,(Intercept),,9.97550369020101,3.15840207861523,False,False,ok
AN19,tr_4::overall_order_sensitive,cv_train,1.0,M_null,registered,participant_item_talker_intercepts,participant_id,(Intercept),,0.0656674539861933,0.256256617448591,False,False,ok
AN19,tr_4::overall_order_sensitive,cv_train,1.0,M_null,registered,participant_item_talker_intercepts,test_talker_id,(Intercept),,0.713100540925541,0.844452805623583,False,False,ok
AN19,tr_4::overall_order_sensitive,cv_train,1.0,M_predictor,registered,participant_item_talker_intercepts,analysis_item_id,(Intercept),,9.97413603655977,3.15818556081807,False,False,ok
AN19,tr_4::overall_order_sensitive,cv_train,1.0,M_predictor,registered,participant_item_talker_intercepts,participant_id,(Intercept),,0.0550362782596691,0.234598120750506,False,False,ok
AN19,tr_4::overall_order_sensitive,cv_train,1.0,M_predictor,registered,participant_item_talker_intercepts,test_talker_id,(Intercept),,0.719506849452723,0.848237495901191,False,False,ok
AN19,tr_4::overall_order_sensitive,cv_train,2.0,M_condition,registered,participant_item_talker_intercepts,analysis_item_id,(Intercept),,10.1282320657954,3.1824883449583,False,False,ok
AN19,tr_4::overall_order_sensitive,cv_train,2.0,M_condition,registered,participant_item_talker_intercepts,participant_id,(Intercept),,0.0815288842305195,0.285532632514253,False,False,ok
AN19,tr_4::overall_order_sensitive,cv_train,2.0,M_condition,registered,participant_item_talker_intercepts,test_talker_id,(Intercept),,0.221468461793782,0.470604358026763,False,False,ok
AN19,tr_4::overall_order_sensitive,cv_train,2.0,M_joint,registered,participant_item_talker_intercepts,analysis_item_id,(Intercept),,10.1339358157191,3.18338433364857,False,False,ok
AN19,tr_4::overall_order_sensitive,cv_train,2.0,M_joint,registered,participant_item_talker_intercepts,participant_id,(Intercept),,0.0770882038167285,0.277647625267584,False,False,ok
AN19,tr_4::overall_order_sensitive,cv_train,2.0,M_joint,registered,participant_item_talker_intercepts,test_talker_id,(Intercept),,0.226679380527636,0.476108580607024,False,False,ok
AN19,tr_4::overall_order_sensitive,cv_train,2.0,M_null,registered,participant_item_talker_intercepts,analysis_item_id,(Intercept),,10.1954436844908,3.19303048599459,False,False,ok
AN19,tr_4::overall_order_sensitive,cv_train,2.0,M_null,registered,participant_item_talker_intercepts,participant_id,(Intercept),,0.147709544303434,0.384329994020028,False,False,ok
AN19,tr_4::overall_order_sensitive,cv_train,2.0,M_null,registered,participant_item_talker_intercepts,test_talker_id,(Intercept),,0.875925934984639,0.935909148894613,False,False,ok
AN19,tr_4::overall_order_sensitive,cv_train,2.0,M_predictor,registered,participant_item_talker_intercepts,analysis_item_id,(Intercept),,10.1986032547744,3.19352520810067,False,False,ok
AN19,tr_4::overall_order_sensitive,cv_train,2.0,M_predictor,registered,participant_item_talker_intercepts,participant_id,(Intercept),,0.133502459756875,0.365379884171085,False,False,ok
AN19,tr_4::overall_order_sensitive,cv_train,2.0,M_predictor,registered,participant_item_talker_intercepts,test_talker_id,(Intercept),,0.870399269063512,0.932951911442124,False,False,ok
AN19,tr_4::overall_order_sensitive,full,,M_condition,registered,participant_item_talker_intercepts,analysis_item_id,(Intercept),,10.0610751951221,3.17191979645168,False,False,ok
AN19,tr_4::overall_order_sensitive,full,,M_condition,registered,participant_item_talker_intercepts,participant_id,(Intercept),,0.0800533973983445,0.282937090884784,False,False,ok
AN19,tr_4::overall_order_sensitive,full,,M_condition,registered,participant_item_talker_intercepts,test_talker_id,(Intercept),,0.129901039706348,0.360417868184068,False,False,ok
AN19,tr_4::overall_order_sensitive,full,,M_joint,registered,participant_item_talker_intercepts,analysis_item_id,(Intercept),,10.08160829178,3.17515484532329,False,False,ok
AN19,tr_4::overall_order_sensitive,full,,M_joint,registered,participant_item_talker_intercepts,participant_id,(Intercept),,0.0742605588240735,0.27250790598453,False,False,ok
AN19,tr_4::overall_order_sensitive,full,,M_joint,registered,participant_item_talker_intercepts,test_talker_id,(Intercept),,0.124785645034262,0.3532501168213,False,False,ok
AN19,tr_4::overall_order_sensitive,full,,M_null,registered,participant_item_talker_intercepts,analysis_item_id,(Intercept),,10.1336174823797,3.183334334056,False,False,ok
AN19,tr_4::overall_order_sensitive,full,,M_null,registered,participant_item_talker_intercepts,participant_id,(Intercept),,0.111026685504896,0.333206670858938,False,False,ok
AN19,tr_4::overall_order_sensitive,full,,M_null,registered,participant_item_talker_intercepts,test_talker_id,(Intercept),,0.654238899563733,0.808850356718554,False,False,ok
AN19,tr_4::overall_order_sensitive,full,,M_predictor,registered,participant_item_talker_intercepts,analysis_item_id,(Intercept),,10.1342798100956,3.1834383628548,False,False,ok
AN19,tr_4::overall_order_sensitive,full,,M_predictor,registered,participant_item_talker_intercepts,participant_id,(Intercept),,0.100246874950246,0.316617868968645,False,False,ok
AN19,tr_4::overall_order_sensitive,full,,M_predictor,registered,participant_item_talker_intercepts,test_talker_id,(Intercept),,0.651397387031235,0.807091932205517,False,False,ok
AN19,tr_6::overall,cv_train,0.0,M_condition,registered,participant_item_talker_intercepts,analysis_item_id,(Intercept),,9.15195466573687,3.02521977147725,False,False,ok
AN19,tr_6::overall,cv_train,0.0,M_condition,registered,participant_item_talker_intercepts,participant_id,(Intercept),,0.0890435054791092,0.298401584243632,False,False,ok
AN19,tr_6::overall,cv_train,0.0,M_condition,registered,participant_item_talker_intercepts,test_talker_id,(Intercept),,0.0710724156089509,0.266594102727256,False,False,ok
AN19,tr_6::overall,cv_train,0.0,M_joint,registered,participant_item_talker_intercepts,analysis_item_id,(Intercept),,9.15903845056204,3.02639033347684,False,False,ok
AN19,tr_6::overall,cv_train,0.0,M_joint,registered,participant_item_talker_intercepts,participant_id,(Intercept),,0.0841207559020651,0.290035783830315,False,False,ok
AN19,tr_6::overall,cv_train,0.0,M_joint,registered,participant_item_talker_intercepts,test_talker_id,(Intercept),,0.0722451310790258,0.268784543973469,False,False,ok
AN19,tr_6::overall,cv_train,0.0,M_null,registered,participant_item_talker_intercepts,analysis_item_id,(Intercept),,9.23140055072136,3.03832199589204,False,False,ok
AN19,tr_6::overall,cv_train,0.0,M_null,registered,participant_item_talker_intercepts,participant_id,(Intercept),,0.117053527587624,0.342130863249173,False,False,ok
AN19,tr_6::overall,cv_train,0.0,M_null,registered,participant_item_talker_intercepts,test_talker_id,(Intercept),,0.58150805824082,0.762566756579921,False,False,ok
AN19,tr_6::overall,cv_train,0.0,M_predictor,registered,participant_item_talker_intercepts,analysis_item_id,(Intercept),,9.23409433686298,3.03876526517975,False,False,ok
AN19,tr_6::overall,cv_train,0.0,M_predictor,registered,participant_item_talker_intercepts,participant_id,(Intercept),,0.116495954557869,0.341315037110687,False,False,ok
AN19,tr_6::overall,cv_train,0.0,M_predictor,registered,participant_item_talker_intercepts,test_talker_id,(Intercept),,0.576618304625615,0.759353873122153,False,False,ok
AN19,tr_6::overall,cv_train,1.0,M_condition,registered,participant_item_talker_intercepts,analysis_item_id,(Intercept),,9.91759612341894,3.14922151069418,False,False,ok
AN19,tr_6::overall,cv_train,1.0,M_condition,registered,participant_item_talker_intercepts,participant_id,(Intercept),,0.0354891602419515,0.188385668886865,False,False,ok
AN19,tr_6::overall,cv_train,1.0,M_condition,registered,participant_item_talker_intercepts,test_talker_id,(Intercept),,0.194558220481234,0.44108754287696,False,False,ok
AN19,tr_6::overall,cv_train,1.0,M_joint,registered,participant_item_talker_intercepts,analysis_item_id,(Intercept),,9.92441116062964,3.15030334422411,False,False,ok
AN19,tr_6::overall,cv_train,1.0,M_joint,registered,participant_item_talker_intercepts,participant_id,(Intercept),,0.0249147579914774,0.15784409393917,False,False,ok
AN19,tr_6::overall,cv_train,1.0,M_joint,registered,participant_item_talker_intercepts,test_talker_id,(Intercept),,0.205089661643185,0.452868260803498,False,False,ok
AN19,tr_6::overall,cv_train,1.0,M_null,registered,participant_item_talker_intercepts,analysis_item_id,(Intercept),,9.97550369020101,3.15840207861523,False,False,ok
AN19,tr_6::overall,cv_train,1.0,M_null,registered,participant_item_talker_intercepts,participant_id,(Intercept),,0.0656674539861933,0.256256617448591,False,False,ok
AN19,tr_6::overall,cv_train,1.0,M_null,registered,participant_item_talker_intercepts,test_talker_id,(Intercept),,0.713100540925541,0.844452805623583,False,False,ok
AN19,tr_6::overall,cv_train,1.0,M_predictor,registered,participant_item_talker_intercepts,analysis_item_id,(Intercept),,9.99332682072977,3.16122236179769,False,False,ok
AN19,tr_6::overall,cv_train,1.0,M_predictor,registered,participant_item_talker_intercepts,participant_id,(Intercept),,0.0587415875890216,0.24236663877073,False,False,ok
AN19,tr_6::overall,cv_train,1.0,M_predictor,registered,participant_item_talker_intercepts,test_talker_id,(Intercept),,0.71871270124461,0.847769249999438,False,False,ok
AN19,tr_6::overall,cv_train,2.0,M_condition,registered,participant_item_talker_intercepts,analysis_item_id,(Intercept),,10.1282320657954,3.1824883449583,False,False,ok
AN19,tr_6::overall,cv_train,2.0,M_condition,registered,participant_item_talker_intercepts,participant_id,(Intercept),,0.0815288842305195,0.285532632514253,False,False,ok
AN19,tr_6::overall,cv_train,2.0,M_condition,registered,participant_item_talker_intercepts,test_talker_id,(Intercept),,0.221468461793782,0.470604358026763,False,False,ok
AN19,tr_6::overall,cv_train,2.0,M_joint,registered,participant_item_talker_intercepts,analysis_item_id,(Intercept),,10.1593894747783,3.18737971926444,False,False,ok
AN19,tr_6::overall,cv_train,2.0,M_joint,registered,participant_item_talker_intercepts,participant_id,(Intercept),,0.0804152990846019,0.28357591414752,False,False,ok
AN19,tr_6::overall,cv_train,2.0,M_joint,registered,participant_item_talker_intercepts,test_talker_id,(Intercept),,0.197309694311708,0.44419555863573,False,False,ok
AN19,tr_6::overall,cv_train,2.0,M_null,registered,participant_item_talker_intercepts,analysis_item_id,(Intercept),,10.1954436844908,3.19303048599459,False,False,ok
AN19,tr_6::overall,cv_train,2.0,M_null,registered,participant_item_talker_intercepts,participant_id,(Intercept),,0.147709544303434,0.384329994020028,False,False,ok
AN19,tr_6::overall,cv_train,2.0,M_null,registered,participant_item_talker_intercepts,test_talker_id,(Intercept),,0.875925934984639,0.935909148894613,False,False,ok
AN19,tr_6::overall,cv_train,2.0,M_predictor,registered,participant_item_talker_intercepts,analysis_item_id,(Intercept),,10.191860121506,3.1924692827819,False,False,ok
AN19,tr_6::overall,cv_train,2.0,M_predictor,registered,participant_item_talker_intercepts,participant_id,(Intercept),,0.145974623982412,0.382066256011195,False,False,ok
AN19,tr_6::overall,cv_train,2.0,M_predictor,registered,participant_item_talker_intercepts,test_talker_id,(Intercept),,0.879949372853071,0.938056167216586,False,False,ok
AN19,tr_6::overall,full,,M_condition,registered,participant_item_talker_intercepts,analysis_item_id,(Intercept),,10.0610751951221,3.17191979645168,False,False,ok
AN19,tr_6::overall,full,,M_condition,registered,participant_item_talker_intercepts,participant_id,(Intercept),,0.0800533973983445,0.282937090884784,False,False,ok
AN19,tr_6::overall,full,,M_condition,registered,participant_item_talker_intercepts,test_talker_id,(Intercept),,0.129901039706348,0.360417868184068,False,False,ok
AN19,tr_6::overall,full,,M_joint,registered,participant_item_talker_intercepts,analysis_item_id,(Intercept),,10.0688466432532,3.17314459854152,False,False,ok
AN19,tr_6::overall,full,,M_joint,registered,participant_item_talker_intercepts,participant_id,(Intercept),,0.0752954519446118,0.274400167537507,False,False,ok
AN19,tr_6::overall,full,,M_joint,registered,participant_item_talker_intercepts,test_talker_id,(Intercept),,0.132095396005372,0.363449303212115,False,False,ok
AN19,tr_6::overall,full,,M_null,registered,participant_item_talker_intercepts,analysis_item_id,(Intercept),,10.1336174823797,3.183334334056,False,False,ok
AN19,tr_6::overall,full,,M_null,registered,participant_item_talker_intercepts,participant_id,(Intercept),,0.111026685504896,0.333206670858938,False,False,ok
AN19,tr_6::overall,full,,M_null,registered,participant_item_talker_intercepts,test_talker_id,(Intercept),,0.654238899563733,0.808850356718554,False,False,ok
AN19,tr_6::overall,full,,M_predictor,registered,participant_item_talker_intercepts,analysis_item_id,(Intercept),,10.1367334466156,3.18382371475174,False,False,ok
AN19,tr_6::overall,full,,M_predictor,registered,participant_item_talker_intercepts,participant_id,(Intercept),,0.110682760022332,0.332690186242894,False,False,ok
AN19,tr_6::overall,full,,M_predictor,registered,participant_item_talker_intercepts,test_talker_id,(Intercept),,0.652243475443978,0.807615920746971,False,False,ok
AN19,tr_6::overall_order_sensitive,cv_train,0.0,M_condition,registered,participant_item_talker_intercepts,analysis_item_id,(Intercept),,9.15195466573687,3.02521977147725,False,False,ok
AN19,tr_6::overall_order_sensitive,cv_train,0.0,M_condition,registered,participant_item_talker_intercepts,participant_id,(Intercept),,0.0890435054791092,0.298401584243632,False,False,ok
AN19,tr_6::overall_order_sensitive,cv_train,0.0,M_condition,registered,participant_item_talker_intercepts,test_talker_id,(Intercept),,0.0710724156089509,0.266594102727256,False,False,ok
AN19,tr_6::overall_order_sensitive,cv_train,0.0,M_joint,registered,participant_item_talker_intercepts,analysis_item_id,(Intercept),,9.15445913201096,3.02563367445746,False,False,ok
AN19,tr_6::overall_order_sensitive,cv_train,0.0,M_joint,registered,participant_item_talker_intercepts,participant_id,(Intercept),,0.0856480777528059,0.292656928420986,False,False,ok
AN19,tr_6::overall_order_sensitive,cv_train,0.0,M_joint,registered,participant_item_talker_intercepts,test_talker_id,(Intercept),,0.0738940880250822,0.271834670388238,False,False,ok
AN19,tr_6::overall_order_sensitive,cv_train,0.0,M_null,registered,participant_item_talker_intercepts,analysis_item_id,(Intercept),,9.23140055072136,3.03832199589204,False,False,ok
AN19,tr_6::overall_order_sensitive,cv_train,0.0,M_null,registered,participant_item_talker_intercepts,participant_id,(Intercept),,0.117053527587624,0.342130863249173,False,False,ok
AN19,tr_6::overall_order_sensitive,cv_train,0.0,M_null,registered,participant_item_talker_intercepts,test_talker_id,(Intercept),,0.58150805824082,0.762566756579921,False,False,ok
AN19,tr_6::overall_order_sensitive,cv_train,0.0,M_predictor,registered,participant_item_talker_intercepts,analysis_item_id,(Intercept),,9.2286666493355,3.03787205940861,False,False,ok
AN19,tr_6::overall_order_sensitive,cv_train,0.0,M_predictor,registered,participant_item_talker_intercepts,participant_id,(Intercept),,0.107465133426515,0.327818750876937,False,False,ok
AN19,tr_6::overall_order_sensitive,cv_train,0.0,M_predictor,registered,participant_item_talker_intercepts,test_talker_id,(Intercept),,0.577512554243082,0.759942467719157,False,False,ok
AN19,tr_6::overall_order_sensitive,cv_train,1.0,M_condition,registered,participant_item_talker_intercepts,analysis_item_id,(Intercept),,9.91759612341894,3.14922151069418,False,False,ok
AN19,tr_6::overall_order_sensitive,cv_train,1.0,M_condition,registered,participant_item_talker_intercepts,participant_id,(Intercept),,0.0354891602419515,0.188385668886865,False,False,ok
AN19,tr_6::overall_order_sensitive,cv_train,1.0,M_condition,registered,participant_item_talker_intercepts,test_talker_id,(Intercept),,0.194558220481234,0.44108754287696,False,False,ok
AN19,tr_6::overall_order_sensitive,cv_train,1.0,M_joint,registered,participant_item_talker_intercepts,analysis_item_id,(Intercept),,9.9216763101183,3.14986925286087,False,False,ok
AN19,tr_6::overall_order_sensitive,cv_train,1.0,M_joint,registered,participant_item_talker_intercepts,participant_id,(Intercept),,0.0281533288748062,0.167789537441422,False,False,ok
AN19,tr_6::overall_order_sensitive,cv_train,1.0,M_joint,registered,participant_item_talker_intercepts,test_talker_id,(Intercept),,0.205234729903588,0.453028398561932,False,False,ok
AN19,tr_6::overall_order_sensitive,cv_train,1.0,M_null,registered,participant_item_talker_intercepts,analysis_item_id,(Intercept),,9.97550369020101,3.15840207861523,False,False,ok
AN19,tr_6::overall_order_sensitive,cv_train,1.0,M_null,registered,participant_item_talker_intercepts,participant_id,(Intercept),,0.0656674539861933,0.256256617448591,False,False,ok
AN19,tr_6::overall_order_sensitive,cv_train,1.0,M_null,registered,participant_item_talker_intercepts,test_talker_id,(Intercept),,0.713100540925541,0.844452805623583,False,False,ok
AN19,tr_6::overall_order_sensitive,cv_train,1.0,M_predictor,registered,participant_item_talker_intercepts,analysis_item_id,(Intercept),,9.97327243451261,3.15804883345914,False,False,ok
AN19,tr_6::overall_order_sensitive,cv_train,1.0,M_predictor,registered,participant_item_talker_intercepts,participant_id,(Intercept),,0.0553405905200685,0.235245808719451,False,False,ok
AN19,tr_6::overall_order_sensitive,cv_train,1.0,M_predictor,registered,participant_item_talker_intercepts,test_talker_id,(Intercept),,0.716093805210596,0.846223259672408,False,False,ok
AN19,tr_6::overall_order_sensitive,cv_train,2.0,M_condition,registered,participant_item_talker_intercepts,analysis_item_id,(Intercept),,10.1282320657954,3.1824883449583,False,False,ok
AN19,tr_6::overall_order_sensitive,cv_train,2.0,M_condition,registered,participant_item_talker_intercepts,participant_id,(Intercept),,0.0815288842305195,0.285532632514253,False,False,ok
AN19,tr_6::overall_order_sensitive,cv_train,2.0,M_condition,registered,participant_item_talker_intercepts,test_talker_id,(Intercept),,0.221468461793782,0.470604358026763,False,False,ok
AN19,tr_6::overall_order_sensitive,cv_train,2.0,M_joint,registered,participant_item_talker_intercepts,analysis_item_id,(Intercept),,10.1328493875182,3.18321368863578,False,False,ok
AN19,tr_6::overall_order_sensitive,cv_train,2.0,M_joint,registered,participant_item_talker_intercepts,participant_id,(Intercept),,0.0770286227893005,0.277540308404564,False,False,ok
AN19,tr_6::overall_order_sensitive,cv_train,2.0,M_joint,registered,participant_item_talker_intercepts,test_talker_id,(Intercept),,0.226599515319862,0.476024700325374,False,False,ok
AN19,tr_6::overall_order_sensitive,cv_train,2.0,M_null,registered,participant_item_talker_intercepts,analysis_item_id,(Intercept),,10.1954436844908,3.19303048599459,False,False,ok
AN19,tr_6::overall_order_sensitive,cv_train,2.0,M_null,registered,participant_item_talker_intercepts,participant_id,(Intercept),,0.147709544303434,0.384329994020028,False,False,ok
AN19,tr_6::overall_order_sensitive,cv_train,2.0,M_null,registered,participant_item_talker_intercepts,test_talker_id,(Intercept),,0.875925934984639,0.935909148894613,False,False,ok
AN19,tr_6::overall_order_sensitive,cv_train,2.0,M_predictor,registered,participant_item_talker_intercepts,analysis_item_id,(Intercept),,10.1912983385748,3.19238129592547,False,False,ok
AN19,tr_6::overall_order_sensitive,cv_train,2.0,M_predictor,registered,participant_item_talker_intercepts,participant_id,(Intercept),,0.122686134306152,0.350265805219625,False,False,ok
AN19,tr_6::overall_order_sensitive,cv_train,2.0,M_predictor,registered,participant_item_talker_intercepts,test_talker_id,(Intercept),,0.871408755960508,0.933492772312945,False,False,ok
AN19,tr_6::overall_order_sensitive,full,,M_condition,registered,participant_item_talker_intercepts,analysis_item_id,(Intercept),,10.0610751951221,3.17191979645168,False,False,ok
AN19,tr_6::overall_order_sensitive,full,,M_condition,registered,participant_item_talker_intercepts,participant_id,(Intercept),,0.0800533973983445,0.282937090884784,False,False,ok
AN19,tr_6::overall_order_sensitive,full,,M_condition,registered,participant_item_talker_intercepts,test_talker_id,(Intercept),,0.129901039706348,0.360417868184068,False,False,ok
AN19,tr_6::overall_order_sensitive,full,,M_joint,registered,participant_item_talker_intercepts,analysis_item_id,(Intercept),,10.0653149936744,3.17258805924664,False,False,ok
AN19,tr_6::overall_order_sensitive,full,,M_joint,registered,participant_item_talker_intercepts,participant_id,(Intercept),,0.0746562925485776,0.273233037073809,False,False,ok
AN19,tr_6::overall_order_sensitive,full,,M_joint,registered,participant_item_talker_intercepts,test_talker_id,(Intercept),,0.136040584912477,0.368836799834936,False,False,ok
AN19,tr_6::overall_order_sensitive,full,,M_null,registered,participant_item_talker_intercepts,analysis_item_id,(Intercept),,10.1336174823797,3.183334334056,False,False,ok
AN19,tr_6::overall_order_sensitive,full,,M_null,registered,participant_item_talker_intercepts,participant_id,(Intercept),,0.111026685504896,0.333206670858938,False,False,ok
AN19,tr_6::overall_order_sensitive,full,,M_null,registered,participant_item_talker_intercepts,test_talker_id,(Intercept),,0.654238899563733,0.808850356718554,False,False,ok
AN19,tr_6::overall_order_sensitive,full,,M_predictor,registered,participant_item_talker_intercepts,analysis_item_id,(Intercept),,10.1308604586034,3.18290126435041,False,False,ok
AN19,tr_6::overall_order_sensitive,full,,M_predictor,registered,participant_item_talker_intercepts,participant_id,(Intercept),,0.0969508508105281,0.311369315781964,False,False,ok
AN19,tr_6::overall_order_sensitive,full,,M_predictor,registered,participant_item_talker_intercepts,test_talker_id,(Intercept),,0.652499914431386,0.807774668104531,False,False,ok
AN19,tr_8::overall,cv_train,0.0,M_condition,registered,participant_item_talker_intercepts,analysis_item_id,(Intercept),,9.15195466573687,3.02521977147725,False,False,ok
AN19,tr_8::overall,cv_train,0.0,M_condition,registered,participant_item_talker_intercepts,participant_id,(Intercept),,0.0890435054791092,0.298401584243632,False,False,ok
AN19,tr_8::overall,cv_train,0.0,M_condition,registered,participant_item_talker_intercepts,test_talker_id,(Intercept),,0.0710724156089509,0.266594102727256,False,False,ok
AN19,tr_8::overall,cv_train,0.0,M_joint,registered,participant_item_talker_intercepts,analysis_item_id,(Intercept),,9.15716392091575,3.02608062035957,False,False,ok
AN19,tr_8::overall,cv_train,0.0,M_joint,registered,participant_item_talker_intercepts,participant_id,(Intercept),,0.0839551723339336,0.289750189532179,False,False,ok
AN19,tr_8::overall,cv_train,0.0,M_joint,registered,participant_item_talker_intercepts,test_talker_id,(Intercept),,0.0743557255928139,0.272682462935947,False,False,ok
AN19,tr_8::overall,cv_train,0.0,M_null,registered,participant_item_talker_intercepts,analysis_item_id,(Intercept),,9.23140055072136,3.03832199589204,False,False,ok
AN19,tr_8::overall,cv_train,0.0,M_null,registered,participant_item_talker_intercepts,participant_id,(Intercept),,0.117053527587624,0.342130863249173,False,False,ok
AN19,tr_8::overall,cv_train,0.0,M_null,registered,participant_item_talker_intercepts,test_talker_id,(Intercept),,0.58150805824082,0.762566756579921,False,False,ok
AN19,tr_8::overall,cv_train,0.0,M_predictor,registered,participant_item_talker_intercepts,analysis_item_id,(Intercept),,9.23348602154949,3.03866517101662,False,False,ok
AN19,tr_8::overall,cv_train,0.0,M_predictor,registered,participant_item_talker_intercepts,participant_id,(Intercept),,0.114503539733079,0.338383716707939,False,False,ok
AN19,tr_8::overall,cv_train,0.0,M_predictor,registered,participant_item_talker_intercepts,test_talker_id,(Intercept),,0.573383778154946,0.75722108934904,False,False,ok
AN19,tr_8::overall,cv_train,1.0,M_condition,registered,participant_item_talker_intercepts,analysis_item_id,(Intercept),,9.91759612341894,3.14922151069418,False,False,ok
AN19,tr_8::overall,cv_train,1.0,M_condition,registered,participant_item_talker_intercepts,participant_id,(Intercept),,0.0354891602419515,0.188385668886865,False,False,ok
AN19,tr_8::overall,cv_train,1.0,M_condition,registered,participant_item_talker_intercepts,test_talker_id,(Intercept),,0.194558220481234,0.44108754287696,False,False,ok
AN19,tr_8::overall,cv_train,1.0,M_joint,registered,participant_item_talker_intercepts,analysis_item_id,(Intercept),,9.92445135893038,3.15030972428591,False,False,ok
AN19,tr_8::overall,cv_train,1.0,M_joint,registered,participant_item_talker_intercepts,participant_id,(Intercept),,0.0252196894019326,0.158807082341855,False,False,ok
AN19,tr_8::overall,cv_train,1.0,M_joint,registered,participant_item_talker_intercepts,test_talker_id,(Intercept),,0.208474196043195,0.456589745880473,False,False,ok
AN19,tr_8::overall,cv_train,1.0,M_null,registered,participant_item_talker_intercepts,analysis_item_id,(Intercept),,9.97550369020101,3.15840207861523,False,False,ok
AN19,tr_8::overall,cv_train,1.0,M_null,registered,participant_item_talker_intercepts,participant_id,(Intercept),,0.0656674539861933,0.256256617448591,False,False,ok
AN19,tr_8::overall,cv_train,1.0,M_null,registered,participant_item_talker_intercepts,test_talker_id,(Intercept),,0.713100540925541,0.844452805623583,False,False,ok
AN19,tr_8::overall,cv_train,1.0,M_predictor,registered,participant_item_talker_intercepts,analysis_item_id,(Intercept),,9.97995602518735,3.15910683978674,False,False,ok
AN19,tr_8::overall,cv_train,1.0,M_predictor,registered,participant_item_talker_intercepts,participant_id,(Intercept),,0.0563421208761597,0.237364952923046,False,False,ok
AN19,tr_8::overall,cv_train,1.0,M_predictor,registered,participant_item_talker_intercepts,test_talker_id,(Intercept),,0.721443615173358,0.84937836985254,False,False,ok
AN19,tr_8::overall,cv_train,2.0,M_condition,registered,participant_item_talker_intercepts,analysis_item_id,(Intercept),,10.1282320657954,3.1824883449583,False,False,ok
AN19,tr_8::overall,cv_train,2.0,M_condition,registered,participant_item_talker_intercepts,participant_id,(Intercept),,0.0815288842305195,0.285532632514253,False,False,ok
AN19,tr_8::overall,cv_train,2.0,M_condition,registered,participant_item_talker_intercepts,test_talker_id,(Intercept),,0.221468461793782,0.470604358026763,False,False,ok
AN19,tr_8::overall,cv_train,2.0,M_joint,registered,participant_item_talker_intercepts,analysis_item_id,(Intercept),,10.1348151112,3.18352243767812,False,False,ok
AN19,tr_8::overall,cv_train,2.0,M_joint,registered,participant_item_talker_intercepts,participant_id,(Intercept),,0.077133685377494,0.277729518376232,False,False,ok
AN19,tr_8::overall,cv_train,2.0,M_joint,registered,participant_item_talker_intercepts,test_talker_id,(Intercept),,0.225328896755896,0.474688210045179,False,False,ok
AN19,tr_8::overall,cv_train,2.0,M_null,registered,participant_item_talker_intercepts,analysis_item_id,(Intercept),,10.1954436844908,3.19303048599459,False,False,ok
AN19,tr_8::overall,cv_train,2.0,M_null,registered,participant_item_talker_intercepts,participant_id,(Intercept),,0.147709544303434,0.384329994020028,False,False,ok
AN19,tr_8::overall,cv_train,2.0,M_null,registered,participant_item_talker_intercepts,test_talker_id,(Intercept),,0.875925934984639,0.935909148894613,False,False,ok
AN19,tr_8::overall,cv_train,2.0,M_predictor,registered,participant_item_talker_intercepts,analysis_item_id,(Intercept),,10.1980466260744,3.19343805734108,False,False,ok
AN19,tr_8::overall,cv_train,2.0,M_predictor,registered,participant_item_talker_intercepts,participant_id,(Intercept),,0.147203920681629,0.383671631322449,False,False,ok
AN19,tr_8::overall,cv_train,2.0,M_predictor,registered,participant_item_talker_intercepts,test_talker_id,(Intercept),,0.87359439017227,0.934662714658218,False,False,ok
AN19,tr_8::overall,full,,M_condition,registered,participant_item_talker_intercepts,analysis_item_id,(Intercept),,10.0610751951221,3.17191979645168,False,False,ok
AN19,tr_8::overall,full,,M_condition,registered,participant_item_talker_intercepts,participant_id,(Intercept),,0.0800533973983445,0.282937090884784,False,False,ok
AN19,tr_8::overall,full,,M_condition,registered,participant_item_talker_intercepts,test_talker_id,(Intercept),,0.129901039706348,0.360417868184068,False,False,ok
AN19,tr_8::overall,full,,M_joint,registered,participant_item_talker_intercepts,analysis_item_id,(Intercept),,10.0682823383309,3.17305567841646,False,False,ok
AN19,tr_8::overall,full,,M_joint,registered,participant_item_talker_intercepts,participant_id,(Intercept),,0.0732541970441588,0.270655125656543,False,False,ok
AN19,tr_8::overall,full,,M_joint,registered,participant_item_talker_intercepts,test_talker_id,(Intercept),,0.136512701578376,0.369476253064221,False,False,ok
AN19,tr_8::overall,full,,M_null,registered,participant_item_talker_intercepts,analysis_item_id,(Intercept),,10.1336174823797,3.183334334056,False,False,ok
AN19,tr_8::overall,full,,M_null,registered,participant_item_talker_intercepts,participant_id,(Intercept),,0.111026685504896,0.333206670858938,False,False,ok
AN19,tr_8::overall,full,,M_null,registered,participant_item_talker_intercepts,test_talker_id,(Intercept),,0.654238899563733,0.808850356718554,False,False,ok
AN19,tr_8::overall,full,,M_predictor,registered,participant_item_talker_intercepts,analysis_item_id,(Intercept),,10.1376653326241,3.1839700583743,False,False,ok
AN19,tr_8::overall,full,,M_predictor,registered,participant_item_talker_intercepts,participant_id,(Intercept),,0.107909407784199,0.328495673920067,False,False,ok
AN19,tr_8::overall,full,,M_predictor,registered,participant_item_talker_intercepts,test_talker_id,(Intercept),,0.651511143973149,0.807162402477437,False,False,ok
AN19,tr_8::overall_order_sensitive,cv_train,0.0,M_condition,registered,participant_item_talker_intercepts,analysis_item_id,(Intercept),,9.15195466573687,3.02521977147725,False,False,ok
AN19,tr_8::overall_order_sensitive,cv_train,0.0,M_condition,registered,participant_item_talker_intercepts,participant_id,(Intercept),,0.0890435054791092,0.298401584243632,False,False,ok
AN19,tr_8::overall_order_sensitive,cv_train,0.0,M_condition,registered,participant_item_talker_intercepts,test_talker_id,(Intercept),,0.0710724156089509,0.266594102727256,False,False,ok
AN19,tr_8::overall_order_sensitive,cv_train,0.0,M_joint,registered,participant_item_talker_intercepts,analysis_item_id,(Intercept),,9.15534442427592,3.02577996957411,False,False,ok
AN19,tr_8::overall_order_sensitive,cv_train,0.0,M_joint,registered,participant_item_talker_intercepts,participant_id,(Intercept),,0.0839968742007559,0.289822142357612,False,False,ok
AN19,tr_8::overall_order_sensitive,cv_train,0.0,M_joint,registered,participant_item_talker_intercepts,test_talker_id,(Intercept),,0.0730591743315591,0.270294606552848,False,False,ok
AN19,tr_8::overall_order_sensitive,cv_train,0.0,M_null,registered,participant_item_talker_intercepts,analysis_item_id,(Intercept),,9.23140055072136,3.03832199589204,False,False,ok
AN19,tr_8::overall_order_sensitive,cv_train,0.0,M_null,registered,participant_item_talker_intercepts,participant_id,(Intercept),,0.117053527587624,0.342130863249173,False,False,ok
AN19,tr_8::overall_order_sensitive,cv_train,0.0,M_null,registered,participant_item_talker_intercepts,test_talker_id,(Intercept),,0.58150805824082,0.762566756579921,False,False,ok
AN19,tr_8::overall_order_sensitive,cv_train,0.0,M_predictor,registered,participant_item_talker_intercepts,analysis_item_id,(Intercept),,9.22898474851593,3.0379244145495,False,False,ok
AN19,tr_8::overall_order_sensitive,cv_train,0.0,M_predictor,registered,participant_item_talker_intercepts,participant_id,(Intercept),,0.105430507191349,0.324700642425218,False,False,ok
AN19,tr_8::overall_order_sensitive,cv_train,0.0,M_predictor,registered,participant_item_talker_intercepts,test_talker_id,(Intercept),,0.578698219094959,0.760722169451475,False,False,ok
AN19,tr_8::overall_order_sensitive,cv_train,1.0,M_condition,registered,participant_item_talker_intercepts,analysis_item_id,(Intercept),,9.91759612341894,3.14922151069418,False,False,ok
AN19,tr_8::overall_order_sensitive,cv_train,1.0,M_condition,registered,participant_item_talker_intercepts,participant_id,(Intercept),,0.0354891602419515,0.188385668886865,False,False,ok
AN19,tr_8::overall_order_sensitive,cv_train,1.0,M_condition,registered,participant_item_talker_intercepts,test_talker_id,(Intercept),,0.194558220481234,0.44108754287696,False,False,ok
AN19,tr_8::overall_order_sensitive,cv_train,1.0,M_joint,registered,participant_item_talker_intercepts,analysis_item_id,(Intercept),,9.92085298325685,3.14973855792141,False,False,ok
AN19,tr_8::overall_order_sensitive,cv_train,1.0,M_joint,registered,participant_item_talker_intercepts,participant_id,(Intercept),,0.0271767947696365,0.164853858825435,False,False,ok
AN19,tr_8::overall_order_sensitive,cv_train,1.0,M_joint,registered,participant_item_talker_intercepts,test_talker_id,(Intercept),,0.203494186200721,0.451103298813832,False,False,ok
AN19,tr_8::overall_order_sensitive,cv_train,1.0,M_null,registered,participant_item_talker_intercepts,analysis_item_id,(Intercept),,9.97550369020101,3.15840207861523,False,False,ok
AN19,tr_8::overall_order_sensitive,cv_train,1.0,M_null,registered,participant_item_talker_intercepts,participant_id,(Intercept),,0.0656674539861933,0.256256617448591,False,False,ok
AN19,tr_8::overall_order_sensitive,cv_train,1.0,M_null,registered,participant_item_talker_intercepts,test_talker_id,(Intercept),,0.713100540925541,0.844452805623583,False,False,ok
AN19,tr_8::overall_order_sensitive,cv_train,1.0,M_predictor,registered,participant_item_talker_intercepts,analysis_item_id,(Intercept),,9.97220970376557,3.1578805714855,False,False,ok
AN19,tr_8::overall_order_sensitive,cv_train,1.0,M_predictor,registered,participant_item_talker_intercepts,participant_id,(Intercept),,0.0569513422742541,0.238644803576893,False,False,ok
AN19,tr_8::overall_order_sensitive,cv_train,1.0,M_predictor,registered,participant_item_talker_intercepts,test_talker_id,(Intercept),,0.714526269268544,0.845296556995558,False,False,ok
AN19,tr_8::overall_order_sensitive,cv_train,2.0,M_condition,registered,participant_item_talker_intercepts,analysis_item_id,(Intercept),,10.1282320657954,3.1824883449583,False,False,ok
AN19,tr_8::overall_order_sensitive,cv_train,2.0,M_condition,registered,participant_item_talker_intercepts,participant_id,(Intercept),,0.0815288842305195,0.285532632514253,False,False,ok
AN19,tr_8::overall_order_sensitive,cv_train,2.0,M_condition,registered,participant_item_talker_intercepts,test_talker_id,(Intercept),,0.221468461793782,0.470604358026763,False,False,ok
AN19,tr_8::overall_order_sensitive,cv_train,2.0,M_joint,registered,participant_item_talker_intercepts,analysis_item_id,(Intercept),,10.1328473265832,3.18321336491652,False,False,ok
AN19,tr_8::overall_order_sensitive,cv_train,2.0,M_joint,registered,participant_item_talker_intercepts,participant_id,(Intercept),,0.0780391972172467,0.27935496633718,False,False,ok
AN19,tr_8::overall_order_sensitive,cv_train,2.0,M_joint,registered,participant_item_talker_intercepts,test_talker_id,(Intercept),,0.223299678676442,0.472545954036686,False,False,ok
AN19,tr_8::overall_order_sensitive,cv_train,2.0,M_null,registered,participant_item_talker_intercepts,analysis_item_id,(Intercept),,10.1954436844908,3.19303048599459,False,False,ok
AN19,tr_8::overall_order_sensitive,cv_train,2.0,M_null,registered,participant_item_talker_intercepts,participant_id,(Intercept),,0.147709544303434,0.384329994020028,False,False,ok
AN19,tr_8::overall_order_sensitive,cv_train,2.0,M_null,registered,participant_item_talker_intercepts,test_talker_id,(Intercept),,0.875925934984639,0.935909148894613,False,False,ok
AN19,tr_8::overall_order_sensitive,cv_train,2.0,M_predictor,registered,participant_item_talker_intercepts,analysis_item_id,(Intercept),,10.191764146986,3.19245425135365,False,False,ok
AN19,tr_8::overall_order_sensitive,cv_train,2.0,M_predictor,registered,participant_item_talker_intercepts,participant_id,(Intercept),,0.121964812739932,0.349234609882715,False,False,ok
AN19,tr_8::overall_order_sensitive,cv_train,2.0,M_predictor,registered,participant_item_talker_intercepts,test_talker_id,(Intercept),,0.869985410469105,0.932730084466618,False,False,ok
AN19,tr_8::overall_order_sensitive,full,,M_condition,registered,participant_item_talker_intercepts,analysis_item_id,(Intercept),,10.0610751951221,3.17191979645168,False,False,ok
AN19,tr_8::overall_order_sensitive,full,,M_condition,registered,participant_item_talker_intercepts,participant_id,(Intercept),,0.0800533973983445,0.282937090884784,False,False,ok
AN19,tr_8::overall_order_sensitive,full,,M_condition,registered,participant_item_talker_intercepts,test_talker_id,(Intercept),,0.129901039706348,0.360417868184068,False,False,ok
AN19,tr_8::overall_order_sensitive,full,,M_joint,registered,participant_item_talker_intercepts,analysis_item_id,(Intercept),,10.0657878413453,3.17266257918256,False,False,ok
AN19,tr_8::overall_order_sensitive,full,,M_joint,registered,participant_item_talker_intercepts,participant_id,(Intercept),,0.0742894054254564,0.272560828853774,False,False,ok
AN19,tr_8::overall_order_sensitive,full,,M_joint,registered,participant_item_talker_intercepts,test_talker_id,(Intercept),,0.133853632492592,0.365860126950986,False,False,ok
AN19,tr_8::overall_order_sensitive,full,,M_null,registered,participant_item_talker_intercepts,analysis_item_id,(Intercept),,10.1336174823797,3.183334334056,False,False,ok
AN19,tr_8::overall_order_sensitive,full,,M_null,registered,participant_item_talker_intercepts,participant_id,(Intercept),,0.111026685504896,0.333206670858938,False,False,ok
AN19,tr_8::overall_order_sensitive,full,,M_null,registered,participant_item_talker_intercepts,test_talker_id,(Intercept),,0.654238899563733,0.808850356718554,False,False,ok
AN19,tr_8::overall_order_sensitive,full,,M_predictor,registered,participant_item_talker_intercepts,analysis_item_id,(Intercept),,10.130696381549,3.18287548948258,False,False,ok
AN19,tr_8::overall_order_sensitive,full,,M_predictor,registered,participant_item_talker_intercepts,participant_id,(Intercept),,0.0968033487906414,0.311132365385926,False,False,ok
AN19,tr_8::overall_order_sensitive,full,,M_predictor,registered,participant_item_talker_intercepts,test_talker_id,(Intercept),,0.652005440455829,0.807468538369037,False,False,ok
