pair_id,HuBERT base Tr-24,HuBERT ASR-FT Tr-24,MFCC39,STRF24
AN19P:0000670a641c43de,5.763589364642604,4.2255892050236,7.045552724806415,5.266057106281405
AN19P:0010b0194275947b,12.640685644863922,4.289387354543909,7.813937601326118,5.020690658106747
AN19P:001bf126bda6b5b3,27.68294246803608,17.484726450439695,7.437512713649304,5.43852008229446
AN19P:001e547ace0823db,16.386120424020866,18.33210972807128,7.319771021722484,5.390625091501776
AN19P:00208244b29a2615,13.880316242352206,6.984405830989011,7.797674708494242,4.092236178268396
AN19P:0025a5440f3a0afe,10.182499116076242,8.811278794000238,7.092377466338411,4.943574948543808
AN19P:002c348fdfac3565,15.395648211052858,8.211523907675556,9.989951087358808,7.835110692626893
AN19P:0033d49ca3894b45,34.38690678830039,14.775155669257986,9.299988529287456,8.131374600774507
AN19P:0035e76932377ea2,16.44925483015124,9.828120073730965,7.56112257681733,5.793405963515191
AN19P:003b50813bc40a30,12.179589151797911,10.602630638347764,8.629778769880785,6.724970887166404
AN19P:004afdec566ac638,19.033781646387222,19.658730912603872,7.666509996070869,5.295262816218763
AN19P:005f9e9e45176cab,19.60690518490637,16.954011574769254,7.9592282709129565,4.764248331381869
AN19P:006cb455f0e85dc5,12.733039081329,4.486056750402028,7.591790155957527,4.423293476399727
AN19P:00758f7eb2f69f5c,19.194590608405164,7.962876930544219,7.960694416718335,5.541501677109578
AN19P:007ee1fdf460e49d,19.00851951143325,14.788604615693169,7.90931152744091,6.609636472820193
AN19P:00869e74666c8d91,16.82561395134084,19.097261858947448,7.424090018359536,5.005242621644922
AN19P:0092a30e6e589455,11.050867282125646,6.034147052088946,6.622452756827964,4.855230730574043
AN19P:009dacc24afee71e,17.040375617328134,6.543479205206596,8.27968889723708,8.042703224707637
AN19P:00b4535c09536bd0,6.1652081892450745,2.465357207565494,6.674918111045281,4.692651408932446
AN19P:00b88d9d5e2b1a17,19.876512246293267,11.626160680136636,8.550524474272205,6.93530464208236
AN19P:00bdba7f2c2980bd,31.1856108407438,18.35828542438022,8.547988056360815,7.385012587414273
AN19P:00c0e866b7a1f2eb,21.08441990089782,7.094095213484728,6.642686150570433,5.224904111669583
AN19P:00cd3da1fdbef528,15.886554039284633,8.789459805537463,7.979910511186406,5.905909294147838
AN19P:00d85f4bd5593fa3,25.7448843114949,16.803941449765006,8.994816379969661,6.579321474236381
AN19P:00ec4c4e6610702f,26.14827621387763,26.43537332018349,8.952487078815775,6.348009543292388
AN19P:00faceafd928368f,19.96297072199741,23.270460150662945,7.176421275943806,4.369852801773697
AN19P:010107e564883453,29.846914335537463,17.562338902607348,6.955465872780263,5.206310063990576
AN19P:010531e594c5a2b9,18.591720959998284,9.432056594840216,8.653535222762255,4.536402376764388
AN19P:01066fb4d737ab7f,9.634256471977846,4.817720313518509,8.449505918058952,5.25922451734024
AN19P:01244dc8ea6dc2bf,19.212896973784957,3.1458853909541675,7.802887344512465,5.909929815976794
AN19P:015e88b4b8a018af,9.484973673512238,6.0622748730690095,7.873522411485287,4.933078555821095
AN19P:0168786aeb8ed804,8.260290340834622,6.244512887442017,7.579554735888776,5.399687930800513
AN19P:01754edc7fb58992,12.484856483137651,4.828162391045332,7.307083574656293,3.997706564790248
AN19P:0191441b3e9f2721,23.16153476453008,9.434374564823244,8.554127265450619,7.136073178244683
AN19P:0191ef32ec13d281,23.526272149991502,10.216280928382012,7.276112383900847,5.540724656164713
AN19P:0192ad2a68c416b4,20.803005373779133,13.794366314576044,7.394167232264869,5.269048292091572
AN19P:0195289d7fa56984,26.39274309835505,13.7130251072109,6.799964752588456,5.684227552270022
AN19P:0197120dc6f735de,18.09257667427712,2.3937988849706637,8.996846996184585,6.642861206820875
AN19P:019c5d8c743b23bf,18.19804340894409,11.180157295396883,8.445184277346181,5.420446666395318
AN19P:01a4a6eb62044a03,16.417442911669877,6.822005075467681,7.232187038951932,4.066313545735814
AN19P:01b4b4fad8b99c77,14.802235251657166,6.03980442766818,7.47538351972038,4.780973299635952
AN19P:01bc1f5d0035f461,15.55221512848074,9.80487580175678,7.457314764840094,5.668367088294761
AN19P:0208ed1a8add6d63,21.73738187794207,4.5378997392455,8.823350776102563,5.367898133827256
AN19P:020e99134a060750,14.929320660927818,11.282578037678515,8.949503070484303,6.008828079428601
AN19P:02194132473ebc23,11.352703494549312,2.7952179725155823,7.04544050745294,4.911024290074564
AN19P:0238c91e9ca1719a,23.16575349902624,12.415257435701944,9.691678135832769,5.8080844430434295
AN19P:024f12674d5f3833,13.922871154599369,5.716016804484927,7.262135109203084,4.583390636778812
AN19P:0252ce95dfc0676b,9.402199373185812,5.660603320087804,7.503326901299093,5.274883255313524
AN19P:02579e35ceb6fb23,17.924097620023193,10.1529295180582,7.164522956188222,4.061359873099708
AN19P:0258779e2d73d108,15.832049674951277,6.113631686199395,7.272704379467266,5.122247559169075
AN19P:027ebbf1e37be580,7.058570706737735,4.738121532088674,8.293446512405046,5.332976929528537
AN19P:02889359c97fed78,21.082043373827563,15.103078112551616,8.71094443319812,6.910905759875997
AN19P:029d7fd81c694b47,15.04545696126854,10.035261277481837,7.603032788257281,5.393478481176536
AN19P:02a2bb32d8b4b7be,9.724709393961891,6.097369066301796,7.639903864816855,4.585228833889206
AN19P:02b0dcdf58ca3aba,18.345997211057664,5.141198661618289,8.983224633322587,6.939554535966024
AN19P:02b90427b7d62b97,17.973138588637536,14.684492362413708,6.945717801542066,4.710271612041427
AN19P:02c4b038b0e20a1b,27.136675417005183,14.372297069123343,7.439908072640956,4.778520999670846
AN19P:02c59d81b673ea0b,13.22507336986834,16.466988432637187,7.382958618468139,4.461469346498669
AN19P:02cd0fb9b64a4c7c,17.238002289894485,7.933504746238322,7.820654805589181,4.143990918388276
AN19P:02d533fa3c3f3f3d,22.775773573055847,5.219941380055765,6.1190546023551216,4.754564422347186
AN19P:02d780ff88ad717b,14.073211493952227,7.779135999303623,7.131299374429966,4.784106441278243
AN19P:02d82b38fba45c3b,14.061207542005857,7.977978904259175,8.734285352928525,4.896158410474643
AN19P:02d835690dce29c4,5.694999078724187,3.0319495153026006,5.893580825163668,4.489179275314057
AN19P:02dacb5ba0d26b9e,14.99268165030096,5.171168300345053,8.027378934342321,6.38767757542198
AN19P:02e62ab55c8a15fb,24.907328379022378,18.78565506987473,8.506512341084154,5.313735311413045
AN19P:030623b6c435619d,7.225506799223441,2.302221550372549,7.209700112219377,4.460432985848254
AN19P:031946dd0a10ea40,21.93015482031456,8.352636657546556,7.600874847682785,6.394528426803301
AN19P:031f74f0d2b3291b,13.907571958149912,7.845959810410148,10.278343795584476,8.628840529048
AN19P:0327c635c70a5c15,12.67671362009622,9.870626442198615,7.663887581832514,4.608768375019747
AN19P:034d9fa9b874bee6,15.138708212075478,4.889673752063407,6.312766173692076,4.2930037134307
AN19P:0382f0a442f2ae9e,21.55745138731569,22.45349725352162,7.29835889410201,6.306984110113948
AN19P:038465c4d41eff05,17.453637228400826,33.26332556652652,7.693007456035918,6.711170038992279
AN19P:039779add272b558,17.759282159120165,6.99243249648053,7.488067282964631,4.867115257714337
AN19P:0397d53ef3bda74f,14.57813202580214,5.603679101317739,8.074056858080814,6.87030932980368
AN19P:03a7697a45f7e2b3,10.752373267241095,3.7688543256174474,8.773787901134318,4.655107411962633
AN19P:03cba08e0c6ec854,10.955870503492038,2.753642920338467,7.942905442100038,5.7420018131424
AN19P:03cdbe36982d9e19,18.268747544073776,13.77588590405967,7.187617775825631,5.652461098455762
AN19P:03da8163180797f0,15.01601981117803,9.946124443594288,7.879118315618435,4.931869035344519
AN19P:03e8ded741ecccc0,15.204072879953666,3.402662984083711,6.897857260180534,3.859388038348221
AN19P:03ed21ea8e5f0578,34.90692971348183,16.82364290004712,7.614301006102669,4.997270106857823
AN19P:03fea564625c2705,25.45693885289107,11.97477625422095,7.557461989183899,5.394701673133234
AN19P:0407418cd7a391d8,22.55113153985108,23.094511108293016,7.849962837486055,7.432911780904578
AN19P:040b1ebdcc2d9af7,17.30997049946493,16.10050786245699,7.697361542253748,5.632776919549485
AN19P:041268b415560b8f,22.818434025606557,9.120958519238751,8.044774631038681,6.559074994476012
AN19P:041a84c14d6a9304,13.786397961840883,5.151397030648789,8.505163422308401,7.1560657480199446
AN19P:04212a806b6c64de,9.497840639447451,6.318412503433938,7.033897587302934,4.016990170854762
AN19P:042a0cb19cf83bc6,20.33191495527114,12.75436954335039,10.209539105193928,7.756262533893775
AN19P:043630d765b556d5,16.230053840562263,17.24233006595876,6.338258660248499,4.130551806838424
AN19P:044a704a522cde65,13.9536808546059,5.256658530136626,7.961074981399007,4.260759523877456
AN19P:04547cc89e8cfea1,16.543869918368333,2.0912741818700025,7.308252907050891,4.865752723554006
AN19P:0454853f8a08ca77,28.53163297730355,12.17503397797222,8.420810912796485,7.728285412003284
AN19P:0456530c62dc509a,7.437582351580416,1.308766200861999,6.034804925807204,4.564867252286266
AN19P:0478ce2d64163aa3,20.072395733633066,9.176973745809477,8.177128909848152,5.959980936475489
AN19P:04a9454666b873bd,12.60630949655456,5.961688467861723,8.387111590371841,6.192665671871102
AN19P:04aa4efeb244539e,19.14650578286406,6.050311385343614,7.653254070857431,5.753854618599237
AN19P:04aaa8db0aaef563,11.532911487100048,7.506407670343888,8.375753336984188,4.509838888525159
AN19P:04c46c6785bdfbee,13.273939881180771,15.991724991725826,6.356349066604311,4.727618496677672
AN19P:04d251fae3898d59,18.20836152849317,6.209528700552832,6.187941584462118,4.627966361401144
AN19P:04dae214924271ed,39.010921459871845,13.637976049744257,9.497305361327426,6.880038800561361
AN19P:04dfb6e8a78a286e,17.178338848414512,5.1762762167234655,7.818340983418128,5.223067470348124
AN19P:04e16f4957d17fa3,13.346380908194847,16.895294207209727,6.511095253415417,5.525091390206805
AN19P:04e66fbcd0f1fd02,19.27146951531206,10.285870437498186,7.750220726301274,6.302775220810555
AN19P:04f95432de6afb54,19.710949035356137,13.849126941997625,7.858264029379908,5.596822922579363
AN19P:051526f97bb6331d,36.49023272436816,32.24144396867203,9.59023918310502,6.987885422199241
AN19P:0515e1ffe25ddeb5,19.885103664675366,10.087501966136644,9.121432151311977,7.706648887595629
AN19P:051b250c98146167,18.086848232934354,1.4513615491324834,6.950612603931942,4.417549528544482
AN19P:052043079a6a398b,23.61553070432705,11.92786903617492,8.270809386299652,5.748807475264631
AN19P:0529f0ec321746f4,9.111059650023604,2.3462299987158497,7.504513831772264,4.657793853090974
AN19P:052c990c3dea6226,22.15236795669688,14.168513751292137,8.652778260285189,4.766696627999675
AN19P:0537a6d113410c30,11.05892784843953,10.581427306371385,8.053429832181397,5.228277214413908
AN19P:054533759ff78fa5,26.268749434039343,16.776379198074068,8.07480574641709,5.613667957901983
AN19P:0553eeaa975fa6a0,17.344515051233326,15.031737481038869,9.58709225792667,6.839548844413388
AN19P:05645c91e05c0c3d,19.48484548540447,6.778326402384254,7.226268370856844,5.258165977498128
AN19P:05694d45aba6c8e6,14.814451563531287,16.300910958375837,7.689658883411662,4.486743491448027
AN19P:057213a1f5bdfd32,7.278480716770691,4.8019731843470925,6.775479547945159,3.630909754362354
AN19P:0573a7a7e2e8e8b4,17.35974896795384,9.131044846473502,7.84393525265209,6.120138012834267
AN19P:057fa3a5ce6bafa7,43.3647735961127,25.55529487607643,9.649227813455878,8.838222073613766
AN19P:058dfc37409e890a,21.46354557019826,10.498860101339398,8.500247996376034,5.452572925100068
AN19P:0591788a1e69acc0,12.997263371671073,2.859928534822284,7.269560931856077,4.752913411057054
AN19P:059a51f56e9cdd86,17.3467188242218,10.634477789084665,8.830163486072195,5.340823574188811
AN19P:059aff76ad9807b5,13.348053819000713,8.248152485226955,8.859018523336012,6.092678443125159
AN19P:059fa0385f8d60b2,22.48256049748393,10.07394681650266,7.985320803441442,6.342396558238422
AN19P:05b02c05a4c6f42e,24.121973130539452,7.641154867949341,8.376640853622135,4.9667492189747
AN19P:05b676a2f4a9a1aa,19.307384567826112,9.481031357052586,9.903925941844603,5.395798808281151
AN19P:05ba33f21bd431ea,6.569813585495623,3.884536129519818,5.940171551212597,4.10568599406998
AN19P:05c0b19723b0cbb4,11.831573240697182,13.385046488283251,7.541384642497778,5.251364008042962
AN19P:05cb3cc04e077278,20.48049881729028,6.7255785012893305,8.796782365063782,6.4531154158203625
AN19P:05d320bcd244252e,13.458468948449337,4.063727704419449,8.222374520014592,4.939782933799175
AN19P:05eccc85ff90cb60,18.40189736362433,5.025671470382859,7.374332852649138,4.631196846545473
AN19P:05f743001cd3a526,17.927938218486396,7.286151665498496,6.493833230544797,4.073556421890519
AN19P:0608f0a973ee16c5,19.70620516917769,6.941496554661217,7.229595011382474,4.60084113777174
AN19P:0609f252887e39c8,18.8895842270107,14.917909961684408,6.889963055552615,4.781609964758113
AN19P:06165887f17d929c,13.38176780276121,7.417172820371036,6.007949576057261,3.758064300410317
AN19P:061779a3fa588f16,16.657065018764946,11.334478650719824,6.6227398137143485,4.162132230053232
AN19P:06203a97129c3218,16.92791605380442,5.745285580418089,7.018801120500385,4.306822029947014
AN19P:063b0df4056c91a3,20.602378735231444,6.332580476834395,7.3829772147723505,4.254857459442505
AN19P:0641ad867a0df72a,28.95693068599704,22.68776919898465,10.346132273631184,7.711418902514689
AN19P:064405269500600d,24.217904338581643,9.227991520965585,8.011491392259025,7.001791699608396
AN19P:065af74a304fff71,12.466836398700478,9.199215688665031,6.214733172100307,4.775521420319497
AN19P:065fd6d2dda520ed,19.22579835725012,7.161122409160872,7.748005835048912,5.786240785474603
AN19P:0662d7f625b1e2ff,16.463595263744807,8.109482497144855,7.200694111858603,4.673551139550224
AN19P:06910c8afd9799bc,19.048631557343548,9.624770547280322,9.831963240532374,6.564094159651342
AN19P:06c3e92dc9eca1a4,15.539746176805949,6.305608864917436,7.57066607115652,5.136774809142025
AN19P:06d04432c41e9541,10.782005317333438,6.8222775999493495,7.766583904728802,5.075086703342084
AN19P:06d1d4c660fd0223,20.28300851943959,18.59404200242439,6.734789468242341,5.758964690562944
AN19P:06e9b6f8fec176bc,13.965350522589793,15.745630719813157,7.200762825912601,4.521631712196578
AN19P:06ece999a3b5ad95,23.10364287919156,15.681539358058874,8.590521404009385,6.019705629830563
AN19P:06ef4cf7e3ff27e2,15.71509961452156,10.985261645493766,6.648639637742192,5.0573303752740495
AN19P:06ffab27dd93aca6,14.172138126146946,14.525245807147847,9.70813501827387,6.62824076144935
AN19P:070cf394c88df383,21.422223327484435,11.726920333056874,9.229082367698858,6.425154499391249
AN19P:070d264d61ca7abd,25.441456758179843,25.91729118477137,9.602499632275942,6.615438371213885
AN19P:070d559ea3e48367,10.706615324405826,6.03945359816014,8.131641052159493,5.913495109236184
AN19P:071814d2e6c0d500,26.922617792441127,15.631336396842142,7.622112889974296,6.209241869273027
AN19P:071da1cf80de878c,26.820036991205583,8.473580054884989,8.684696683210083,6.567851217859294
AN19P:0730fae25c43e7b5,15.274231145553982,15.173148719243208,6.502877575123918,4.794667785492519
AN19P:074695e98a0ddbb1,17.899477377537693,10.721907225972252,10.150009400206727,7.323755228571674
AN19P:074d5d30beda4c8b,13.739249329849551,7.568760875823148,7.814378017230793,5.825774247154505
AN19P:074dc9af5ae6804c,14.83836541064249,15.53783900395059,8.790834258921773,4.903036550600197
AN19P:0774210024dacf56,21.696748260078557,30.02091668321078,8.886555406814049,7.062548959808688
AN19P:077be6025a6788ab,14.005786542354087,12.971429920270596,6.823418477650475,4.375560016481455
AN19P:0789b1c53f76d383,15.386187967009375,6.645187944458948,8.624186683859334,4.696764152313479
AN19P:07a40b3bbf4ce0ff,26.922617792441127,15.631336396842142,7.622112889974296,6.209241869273027
AN19P:07aedd0c56ed8c87,20.333673887558483,6.162846540256162,8.330324735975694,4.499450437022333
AN19P:07b02547c427aeb2,18.039286121173163,3.3671358465169154,7.323529121821544,5.68285060221931
AN19P:07b45a103dbf02e2,17.35038869586086,3.549631715207204,7.826602302822343,4.569812462506107
AN19P:07c0d447ae348d97,16.784441892139434,31.99878952094295,7.310600615869084,6.031570936408339
AN19P:07c8c5006ee57d82,33.534990002189474,18.80150767835721,10.312864919788137,6.7968730283983705
AN19P:07cc3737ad0fb3e0,14.151540677017636,12.545127222797603,7.603375788865289,4.363148788834521
AN19P:07ea4760e8fba3b0,20.696385964223293,4.4534795794887865,8.023319258088428,5.6941893309181495
AN19P:07ec2ae96ff689bb,22.57199022878688,12.22714784503238,7.950238059830184,5.292417946667409
AN19P:07efef88dbc4a8fb,7.886718765727869,5.384772310306009,6.882117500142721,5.430380447542476
AN19P:07f3dc4cb78d515c,19.302504937027425,21.60007750152659,6.381568339128463,4.582703035819073
AN19P:07fa7e0fd8474c14,21.10438460524102,10.36520113548503,10.069876473190522,7.229853805116103
AN19P:0800da23e345200f,12.899607877860506,8.031213424216682,6.060627680236943,3.962317969224267
AN19P:08059cb2fd530fd7,17.367841174330607,7.234768680162261,8.160058664274272,6.35518516407686
AN19P:081844367763cf99,9.657306430467964,2.788976776816804,6.278433091781944,3.995009617669473
AN19P:0827138c0367c7e3,17.804966272165764,7.380283804329654,7.532751339538528,6.070125510647302
AN19P:083820ed746d58e9,16.74845073656187,2.9871023462380704,7.436899160145089,4.754221964864989
AN19P:083b8f3dd8c2725b,10.27568012683368,0.4307895737460501,7.064369802554441,4.9780447829053935
AN19P:084cfd48b445a9ba,15.45261064614091,5.471433532372183,8.40412077639412,6.340837179316563
AN19P:084e8397bdd878b0,14.046750578386645,4.503693906182841,8.346068316001421,5.2133773384912745
AN19P:084f45558db24242,12.4612907819244,8.92905599788658,6.8890410609631365,5.147759508918206
AN19P:085331585bddf696,15.505218232103584,6.1556905967171325,7.256724468992735,3.639954925594445
AN19P:0860feca6a05f5cc,21.63764033427072,16.487600266983467,8.196737897397496,6.661411003069581
AN19P:086243ad724eeb99,10.81805501540677,8.522430613859898,7.654264495960592,5.744001271291448
AN19P:086a1ba025c3e828,15.303262696936413,9.19927230757144,8.526741501865743,7.751383974834028
AN19P:086d8bf4926f228e,15.66475307783411,7.80126701468973,8.699174752783437,7.300847720135754
AN19P:088408dfc1f001c1,13.842972318651428,3.322836406298294,7.224360767806571,5.335750373321531
AN19P:0889f9c39e5a6ecd,11.265902166759757,2.7668360378566126,6.659450519377195,4.337049652332557
AN19P:088c50d3cd7c5fe9,24.779101425716963,9.98338657256254,9.361471884207845,7.847533634019306
AN19P:08974cb36c11e5aa,21.91571734146911,9.35853716230115,8.665877593825183,5.520713000517625
AN19P:08b85f177e2f23d7,16.013507797159626,11.90092187141979,8.694771355916014,6.5296802620051935
AN19P:08bb6f4488278d2a,19.159505073949816,5.800515878359018,6.736827262458854,6.180026589710855
AN19P:08c3b63c3973dde0,29.38006286976728,21.51586701336887,9.564543555307935,6.508134029875863
AN19P:08c96b183cc2a3dc,21.410406498876828,14.376637588860214,7.060363027039473,5.604944479271755
AN19P:08cfa61006f1b227,14.529443101473433,3.7972975605943367,10.027016167276816,6.565942328338056
AN19P:08e09c982780ee36,20.70918634039796,15.10078494894032,8.926245155876268,5.785725822641892
AN19P:09006b8682e337b9,14.19983817837725,6.917370210983101,7.843471845952301,4.245327498765366
AN19P:090d483fd03b4886,23.91703585143109,6.27332692344089,8.403793968736608,4.088950936422572
AN19P:09130f84ecb29c59,16.995714182514803,6.030516457060708,7.20608117643114,4.771939418559699
AN19P:09156e21de5a45fa,39.09568053010121,38.19809460871266,7.95700728134957,7.134673527500816
AN19P:0922158a8aceb7e5,21.72369486582169,21.69854815541261,7.189064558222927,5.096248502236077
AN19P:092a4688efe6610f,15.267567116229422,6.387632664738001,8.399480698432818,5.761154576979942
AN19P:0942be8d8128e81f,12.824341161552,6.357383746424713,7.149953624704573,4.631184297196405
AN19P:094cd408ff8dbd0f,18.560363491517432,7.649546683762634,8.23808268537932,5.725565325299829
AN19P:094f2bc3c4da1a3e,10.779371069245462,4.719557491958467,6.08530066716994,3.3059075397510007
AN19P:09575a631ba205b5,20.75977906659349,27.1210612136291,9.508256850466994,8.657326024328045
AN19P:096d9871beda2be6,19.92263588387356,10.604837266910188,8.607615376926347,5.383087715788623
AN19P:097e7eb18ea3536b,31.26145376964323,28.673283795391992,10.4226215584794,9.81401447863056
AN19P:09a3520b1c68dd3f,19.178907998443933,4.761196256597913,10.278146662784115,7.186626820920468
AN19P:09bc07221502e8fa,13.84594199878235,4.771782321832252,6.866369951372928,4.049624551161835
AN19P:09c116b18bd12846,9.186115378874684,6.010321491029488,7.849249503971556,4.457857477691485
AN19P:09e9b583e429bbdd,19.63941850674495,4.683361869150588,7.814172631400877,5.161677178728738
AN19P:09fd20da1f140985,13.840122243398095,4.581903627895609,8.770887822692048,5.81098475081675
AN19P:0a049928b5e522dc,14.74838032595937,4.324248564860502,6.349389309777379,4.463260976437893
AN19P:0a04a5621a45e601,28.881507151996335,18.63062769982588,8.294848555778893,7.738396837442245
AN19P:0a18b06f9538b267,14.698321844643864,2.503992227874376,7.620501848995588,4.973174484681921
AN19P:0a34d81e751aec77,20.929475393667836,32.74588703174357,8.029046794119482,6.151707791451808
AN19P:0a3746f2e46b407d,17.573596137208852,7.527229200055163,7.568575674915354,4.857752994449519
AN19P:0a691433418074eb,9.795076453615655,9.566237031505263,7.651831489296049,4.669515539299592
AN19P:0a7fc995c26ea92e,9.392177614739207,2.681983948960822,6.856212706852415,5.318217658100129
AN19P:0a80d71d64379e33,18.958898461380784,5.966427961024415,7.042920748834105,4.160274301128338
AN19P:0a863ffcd8359cf2,10.394445450841449,4.850033800440819,6.831927933004483,4.125896766503069
AN19P:0aa1828be2c54c7a,14.64759212956188,6.666236092261154,7.907973819070368,5.366609375471416
AN19P:0aa6f9c6c36d6eb5,14.094515913079162,5.061152592008497,7.5116321574337155,4.676864916578475
AN19P:0aa7e651f8e541ec,12.133098414007252,7.926630909659459,6.471523976008824,4.868732810873794
AN19P:0ab0320a36cccbf7,19.75089146530431,9.231365019465644,7.9417528819147645,4.778879929241057
AN19P:0ab52f5ae1ae9e31,20.1167749400102,9.366605443117466,7.738714219978226,5.522905100749877
AN19P:0ac3dfa2f66c1d34,20.180700162661864,13.147257025231731,8.098853031006723,5.673568381739703
AN19P:0ae1b95574ab9828,17.21170981277265,7.137339238889807,8.024980636735933,4.880530021485949
AN19P:0ae2cf52306a2695,20.01528015877634,8.761051540234423,9.442277867565371,8.499370098640599
AN19P:0b171d23fcea9cd3,15.14982254037129,1.4489149817882887,6.056566345072537,4.08813009849221
AN19P:0b1a884ad6eeebe6,18.603147058408386,5.773297448206773,7.734063096633722,5.390150048546108
AN19P:0b1d2c79725fafc3,21.76461131333411,5.884945094838604,7.906043598218623,6.320167939425176
AN19P:0b2df5ee58efe8a8,11.371368393517008,4.598526883192578,6.8239453087637445,4.688070627631171
AN19P:0b339186d9321659,7.433311902554138,4.074111669318582,6.80243832899043,3.083745364210537
AN19P:0b43a3b9b9f780b0,14.151201848088077,3.999434857784231,6.884374982881538,3.87822128330264
AN19P:0b5a83383a91ddf7,20.98187644226877,9.42253799326565,8.490984255320207,5.76034867635452
AN19P:0b5edb6a4a06789c,33.67307757564928,10.108761952784867,7.885984042660023,5.03114182034154
AN19P:0b6243613d6f2ce3,8.579268135436216,4.93699301998957,7.136274305031997,3.747152431003843
AN19P:0b784a73417d47ef,30.14454487047752,15.467785038038729,8.272089827188243,4.55637854721964
AN19P:0b78fab6dd6a88f5,18.51443932076996,6.409944254762727,7.578057522089605,6.7567445946842986
AN19P:0b79037727eedf46,16.730469825009415,3.129433338402867,7.336628029784774,4.472798144938935
AN19P:0b7b697704f62e07,24.7506882078384,12.959600246462058,8.085584405476801,5.175270610039298
AN19P:0ba2a9c83ec1951b,7.698388451947919,3.670847289169057,7.509674269740653,5.998686376816154
AN19P:0badc39c6d1c3255,22.708945815252264,11.99223347516182,9.272546092467817,6.8009273601878455
AN19P:0bb42b911d84ebfe,20.60087016571962,11.296573458074946,9.538535697445631,7.000619909091783
AN19P:0bc8f0e2420d32e3,52.29391595647414,21.743894875811343,10.12049738345927,8.831607813139161
AN19P:0bf1d15bccd04999,16.86925082755916,20.30831670252801,8.574276860259259,7.3228745802026864
AN19P:0bf3c3b567994509,17.28749335903794,9.352932087376312,9.577611778916877,8.884005439026547
AN19P:0bf3ffcc912e3709,27.09390205315661,8.223186301737691,8.655138550760357,6.101838590646546
AN19P:0c0922e157d43c39,16.079197236043708,31.87151332358445,7.333846570343618,4.740533472479462
AN19P:0c0a3a79aab3316b,13.246451025146456,3.655417229377912,8.30063432120502,4.764609567621749
AN19P:0c22b1cd46a5860b,24.16120099020578,8.244915461324508,9.11194089629198,7.657805601460859
AN19P:0c2ae9108ad1fd4e,3.739443477529948,3.295556303782345,7.045340888257892,3.965676859204369
AN19P:0c2c23794edcf16a,18.218351136292487,11.983566505266529,8.559829619928614,5.472226186021948
AN19P:0c2fe885999b730c,10.429378720621123,9.071381379453046,5.828739281244687,3.8879277284464338
AN19P:0c31e0f87bd8b181,16.808887207880964,14.626584394127535,7.595255756813411,4.945965871951057
AN19P:0c344e989e837879,13.799412006077842,6.059583584719456,6.666488630825228,3.610156681863998
AN19P:0c3fb1a8fc129dd9,19.98568509709116,16.607706090645767,10.533790900221408,8.854878892565843
AN19P:0c51363f458260ec,25.540831517202392,10.17115561903186,7.508345490243275,5.765343553147622
AN19P:0c60b3d9fc49426c,13.451541285956294,10.988992965785572,7.529620900368589,4.590124934118983
AN19P:0c888ea5c3b69da6,11.54648221995351,9.499125289253952,8.362427865130096,5.716075273354607
AN19P:0c88b8297c5370bb,15.55525912952143,10.044676358599354,8.50289764803524,4.792611414327681
AN19P:0c8b63050649300d,8.553201194703128,3.772087024394693,6.287202889341609,4.579567143283892
AN19P:0cb35ad9b603ae36,15.345510120406528,12.551427794499476,6.345657113064066,5.429471899204012
AN19P:0cc1313953ffcc42,7.428145967903724,5.69078185528301,6.818167579552554,4.084630035432614
AN19P:0ce3edf3cc9dc365,27.613495179681173,10.088443725112365,8.035890796691433,5.363850791602921
AN19P:0ce4d502f6226dd5,9.17516837240264,5.533517087727788,9.042671038090363,5.782963151596417
AN19P:0ce72263d1b70daa,18.944787554706387,4.324631697433307,8.155335645962428,4.604887032813189
AN19P:0cf1605d2b30e9df,13.213151433425674,5.621150726005025,7.532720700501832,5.943352599550476
AN19P:0cf6ee041cdf7116,12.840492507693336,6.001073217661472,7.20774224289926,4.401649667540609
AN19P:0d1bca20faee9050,8.010302209421436,8.612074263235868,6.709856877662463,4.044860560455234
AN19P:0d24371967dfba89,5.071118808063862,6.953635362996775,7.080485425986554,4.445160567031695
AN19P:0d27c0c19c80c37a,27.93719583607961,11.16444219131214,10.581107148603689,7.607290775443702
AN19P:0d30df596bfb68ce,8.920590888315676,4.766355946791292,6.914262328977455,3.927804384136891
AN19P:0d3d5f5569af282a,17.13867041938555,11.291720462841326,7.725466476331962,6.08382444905718
AN19P:0d51283b038e79cf,15.252828058915538,3.985897590832393,7.688032321531823,6.368433827274955
AN19P:0d52a0687a097cfb,33.83265724130246,21.251630237167905,8.713636723513003,6.123335301062679
AN19P:0d64d5cdf4195574,15.742085125813254,19.04648132830563,8.09428441927596,7.0619087311621564
AN19P:0d6a465c10ca3249,23.1760738784274,5.099139565866775,6.88697489602848,3.548076083642906
AN19P:0d6b8bd395a67eb6,20.618915918306723,4.83616797470591,8.310586392338639,7.696578352107477
AN19P:0d71b1d7d4678dcc,17.92540953543619,6.25424124976928,8.43593548334707,6.168421960221944
AN19P:0d738fff0dde7891,25.32628223053761,22.03380546917282,7.4996553153099645,5.989666676818177
AN19P:0d77eb4b78ddf567,33.89060540606042,16.616265239873545,9.600336571680977,6.780747331319208
AN19P:0d911338c35d2c9c,19.392618140257586,13.163607358193254,8.178689381224679,5.105964127045077
AN19P:0d94291c31be63ea,7.513529191066201,3.75952155535854,7.618857806046597,3.787318541034781
AN19P:0d95165c7fa403ba,11.01922467411874,4.355991388998976,7.716459608769497,5.575940767851958
AN19P:0d9bc7acb173c66c,17.586817859763496,5.49211760717034,8.846318464298122,6.033129423287407
AN19P:0d9fc6ce34c7fd48,21.437420942113228,9.495092678624546,6.012287932011447,4.412661677585027
AN19P:0da1e7bff96b5a5f,10.091128533983577,3.5728163918362856,7.061054504142399,3.971575544611653
AN19P:0da5ab02f36d2530,25.8209542263936,10.02570203984814,9.52156476429783,6.7703996471138455
AN19P:0da6dbbcaf521d88,20.381934399154872,5.948879628343549,7.327609388962899,4.940746798843539
AN19P:0db2e42df86ac8ab,16.25014715785605,14.99101898364508,8.485037959615596,6.2543593860509175
AN19P:0db956fe6bf9b631,20.9012471079018,13.33719902281458,7.713376542348114,5.407012169204628
AN19P:0dc006cdfeda35ea,27.304444955858887,10.046675379678682,8.544595646255523,6.0335117655677095
AN19P:0dc5eed909f48a69,15.067962868148454,15.098830874904968,9.349183460070384,7.20919808480294
AN19P:0dced4e507c62645,26.64673566085137,18.41983250071096,8.497509985984026,8.048322094496331
AN19P:0ddd1e3f0cdee664,23.615904594224624,12.290123721779176,7.414311988844315,5.679005359912212
AN19P:0e0426f967dac920,32.28847892538375,12.53766565803038,10.132050572846117,7.421943685734972
AN19P:0e19c896f27afc45,27.478524327702026,15.534064298680846,7.724822698645126,5.451016227061413
AN19P:0e1f8817c8f2b904,18.094078661594324,4.950235364113717,8.541513878942471,4.862869090345644
AN19P:0e27d36685984acb,6.448547368991307,3.514825532725488,6.394002379181695,3.426930905327793
AN19P:0e3d547ec32f7798,19.529947880909443,15.558903089453608,7.336879312967103,4.8105987783994015
AN19P:0e58abe25f3fef06,11.122954512059753,4.528179546921189,8.077960812183155,6.111339573726604
AN19P:0e725efee2ba41ac,10.64908299191216,4.104250726490126,6.605538688891168,4.139298061795609
AN19P:0e73250f897217a1,23.7878382018781,7.30724360951516,7.2401345590161155,4.627754969349959
AN19P:0e7fa0dd4e6b4a9d,11.671774882149466,3.5310619901913887,7.128747461699755,4.687133771113909
AN19P:0e8c5bf0846dd13a,29.540198659767963,15.201175995854978,8.225673943201683,6.127061163377021
AN19P:0e9d2fc19973ad8f,10.827495462619147,8.989047312551376,7.311368957812048,3.866356330970164
AN19P:0ea1f92dc24ac8e8,14.115511605580354,4.221350644050309,7.352383403088065,4.907325846901421
AN19P:0eae46c684343306,14.252860932078857,2.5758714569069388,7.555602136658113,4.808787887136588
AN19P:0eccab1a55d2a030,10.569747586516394,4.773152698394186,7.774887366951812,5.486921925282723
AN19P:0edaf72d579c0c3c,8.802589495403875,6.985476728719808,6.906591897509582,4.16365625570495
AN19P:0edd8f9ad34aba97,20.01289225978927,8.780394286601467,7.540813799630088,5.175203161234066
AN19P:0eee6a99a1514108,33.88016035076547,9.656416368017522,9.14544474393535,6.267702526767162
AN19P:0f0f49b30933a096,18.029763613237883,14.90140978118412,7.448419211745353,5.743730252082033
AN19P:0f11da3cef017318,22.17283393476809,12.192737201962226,7.790232288838784,6.400300876176003
AN19P:0f13c817adc9288a,23.70566053222156,10.648009572253804,8.394350473254839,6.323469692656492
AN19P:0f1b58bcd0b02dab,8.775248156411275,10.448795193925136,6.45523540586811,4.517739875340309
AN19P:0f32d5daf66b5d99,10.417407698206246,5.425204485049246,6.727154038229048,4.472482821264445
AN19P:0f390bf0f1f15ad4,29.402586551177787,13.945245829232968,10.37743972888243,7.701119959734751
AN19P:0f3b41c60af52e41,12.670999793434628,6.010579609873697,7.062649626610542,4.913268691977178
AN19P:0f3caad0ca2a87eb,14.412155552400757,5.314035286686554,7.536558414632719,5.721562647903006
AN19P:0f3d09aece2fb2dd,24.93594942284276,23.851802281451345,8.290944122451753,6.118611834979477
AN19P:0f4a1b27ee7b7d54,13.347209974278368,15.566321248492816,6.345995610460824,4.640826317630462
AN19P:0f4c11c9fc741273,8.394555318291442,6.890663828773355,8.216953974892396,4.439275839338412
AN19P:0f6531ce6e4b9ff3,23.454740332768857,6.468439736348946,6.887058098303136,4.823367595732239
AN19P:0f69bbd067a1e9ef,13.190127749302196,13.577812762113409,8.244774822350536,4.939434006850157
AN19P:0f6a3fb3ca228d55,21.772419571612208,17.786130049326186,7.495965379264364,5.43635529318904
AN19P:0f7ed6788fd19216,25.5331770215518,12.964837296580388,8.317008363432564,6.50495349221085
AN19P:0f8d7ade14272276,24.09290069648869,11.312639574754463,7.242869319868999,5.21584082605226
AN19P:0f8dbdfd63ec34ba,22.7843134920072,15.093586891653768,8.75019030792828,6.162850029606801
AN19P:0f8f2525b0c2a99f,25.197225750398022,9.752586996575284,7.729534632564969,6.05075747939934
AN19P:0f90fc1ae44f571f,25.89037593243317,15.311270304860043,7.630219730242631,6.615897287646401
AN19P:0fb05c24d245cc56,7.40594338454161,3.7484675015879967,8.436357039362017,6.285530517730876
AN19P:0fb431d17e3a6d5d,6.096443607591154,5.423177583121402,6.787211328052299,5.780818989679204
AN19P:0fb56b6b4ae39bff,13.534821617359048,3.336280669150097,7.915228973402303,8.006533451518255
AN19P:0fda9afd4abab1ae,17.223069762615356,6.910364253254064,7.460868037644301,4.784037136830119
AN19P:0fe247bd67413fe0,15.711602214096535,18.705794787093968,9.396737014125142,6.736654591411149
AN19P:0ff337134ebd2fbd,10.182499116076242,8.811278794000238,7.092377466338411,4.943574948543808
AN19P:0ffc2ebdf04ead11,7.173650961354661,5.68023048420458,6.079233197421466,4.567760165858118
AN19P:10021450f5e3773b,11.185299706084889,5.0987461956929065,7.66756530939913,5.630553569471212
AN19P:10149952cc4971d7,18.39676411012905,9.798316633397114,7.830466634136471,5.11920158323708
AN19P:1017d0c61e4cd1b3,18.45019997093117,5.580694011104514,7.485595482188859,4.620744679639149
AN19P:101fa8567ea5a8a0,9.9529847516744,8.714467115294125,7.281141187772686,5.187658030897234
AN19P:1027f692cff92255,19.8755766211786,4.333553246667627,8.85859269854674,5.128571326897181
AN19P:102bf4263a4c70a0,16.86742621276303,11.628430710092053,7.873053365776933,7.168803055892252
AN19P:102ce2ea92c53c0d,45.22662361901246,43.33467762993369,7.706620153611848,6.834956734836585
AN19P:103fcf46b266796a,12.067373508194562,3.968260333231518,7.08403558294606,4.002268756108097
AN19P:10471b38491948b8,9.631893036741973,5.9288204014529775,8.246437883984088,7.706695356727332
AN19P:104d46bc710c750e,23.73200090370873,7.354258620733298,8.495325233067032,7.166860956568748
AN19P:10601ed9c1e6ab13,14.160537970668862,13.120330406655375,7.273596040266087,4.329423183608816
AN19P:10635d9a5ccbdd36,15.807043782467206,17.005361551931312,6.987147117154209,4.673713650194858
AN19P:1070c17a793de9f0,23.17369409442465,19.71696374502384,9.525123646762433,6.338081059981438
AN19P:1072de8ed0f2dd16,22.39126738751261,14.150646536263814,8.657187523481394,5.381850155382987
AN19P:10748bea8ad1d54a,14.590029507708294,5.7568860769590415,6.473385697184315,4.91422570400634
AN19P:10827fddf655342a,13.021626711903815,6.429893550022654,6.4487455452562585,4.658816369713814
AN19P:10a24837934423c8,13.259397089065343,3.8817557033906223,7.735925433550582,4.3604840297749226
AN19P:10c1caf66cdb1ca2,17.269458195814323,4.377697199997237,6.398378967263531,4.554921808397533
AN19P:10c2debffe6d7546,29.21684860485415,6.209038705439975,8.73262661004303,8.146683735640753
AN19P:10fd504e5ca7d98e,15.124127208737857,10.679480702075338,8.042675040981608,5.460548697883239
AN19P:10fd90ed49643e9c,22.00753713063265,4.399948864725222,10.129385996096426,5.912330891696378
AN19P:110df01e2e661f2f,21.949744164669426,10.151587271241588,8.544149025954793,7.869767680965882
AN19P:1112bfc370433356,13.134906523680264,7.349769862948949,7.602676604063549,4.73346814933597
AN19P:111855f16dc5fc70,16.313031788847503,7.732089183080261,7.866502612568261,6.462789630370033
AN19P:1119307f3c2abb53,7.33750375614585,6.052929820370841,6.762704962921025,3.550317827878606
AN19P:111d10b90d2c2f3a,19.77588452805286,13.2318933670031,8.188889016355315,6.83162325414967
AN19P:11554691c9c39114,19.442681205259277,13.161110171955205,6.442784848713566,4.245618958383381
AN19P:115d8917c99ad8bf,26.336713016943783,21.713482616600672,8.745535422332278,6.309874040463169
AN19P:116868537ba8ee51,22.72866601029216,6.06800557161818,7.585648238805504,5.304367222317729
AN19P:1168b78ae259a4cf,11.78875304708594,15.122884312412785,7.615292285057936,4.471381142382882
AN19P:116b5db545a9542e,15.35958947004901,9.99899214744864,7.11430498869936,5.051369198885124
AN19P:116f44eeb7e2edd9,32.116914530992425,28.5195244624119,9.859326095499062,9.339875953494326
AN19P:118ce18b506b337c,13.92881323569346,18.82285324367491,8.073923949305033,4.950520086825607
AN19P:11935023c096a836,21.54325725436085,6.706937675536215,8.859471295901285,5.857611594052534
AN19P:11942633aeb58d3c,19.176168941893398,6.909603519467592,8.505558631518168,5.815137967371393
AN19P:119891f37745eeff,18.823742065810556,7.309179779854102,9.226063557658271,6.401972923203474
AN19P:119b3bfc85cef2e1,16.134720390757845,6.125844348475502,7.282970825774047,6.123958904044719
AN19P:11d77340cff424bb,25.6705528820388,11.018434011623189,9.837173222994018,7.984728119082582
AN19P:11e7f364b3fe0e16,20.784667786039797,12.43022955729958,9.53005590102342,6.755326965141238
AN19P:11f70c93c7398135,18.66822485352772,9.213358287070202,8.061373813211654,6.81574547834206
AN19P:11fcad7e59d16eb9,19.667539382144025,15.365990921022536,8.732210465344092,6.9029532734105965
AN19P:11ff833cc4a8e566,20.45154885480286,13.788951562921389,6.015440841415611,3.896606057625102
AN19P:12138982b3f1f1a0,10.10144880098221,5.634644283043301,10.42164913154653,8.14574222863735
AN19P:121990c70ef68d29,16.97218900155473,11.81505703669744,7.5750974636711,7.60839445280571
AN19P:121a1cbc4be0fa4c,17.610393589939566,11.948879925534232,7.377732763105997,5.697602693778232
AN19P:1237f220a22a0a13,14.134882987605964,5.868388260853691,7.370116765271857,4.238733364555145
AN19P:1259e169f1c2238b,19.107858023096384,6.497195983605374,8.543919167592092,4.26994519218486
AN19P:126ccc361ac8815e,8.208455683287097,4.977589076697451,7.535714468937543,4.70929028252151
AN19P:127264d8a303bc45,16.584396264298604,18.59967654014276,7.448924257295508,5.486254101603207
AN19P:127752ad96c7ca0b,17.45746039904582,39.44392765555617,8.427745452495214,5.171990016121633
AN19P:12a4f5ec7486a7f4,15.928708639864071,15.66291327392337,7.547601403626658,5.272208677533646
AN19P:12ab007acc6edf3b,11.257253013061153,4.770133610243524,7.488861574554004,4.131826644477581
AN19P:12bdd535b6c7bb12,19.103056138005662,10.456637395804472,7.98270586887976,6.457980491912574
AN19P:12c0fdc5f22afec0,21.330070914182237,13.22601955666606,8.10888273864872,6.646861244577773
AN19P:12c53393e075e1be,13.066779931621252,12.667852964088024,7.9344812635505395,4.751772296903766
AN19P:12ccd6b15ed250e9,11.39929989280374,6.890268216511336,8.221274081183635,6.026614045457015
AN19P:12d12027207adaf8,35.84816013036153,30.67039775033188,10.0961609660239,8.011426204753308
AN19P:12d42c973fec5896,12.809594652287284,5.973704799612071,5.983348658095247,3.789443266594993
AN19P:1300085d27a1cf49,20.55267244916535,3.177665008524975,7.75070107985912,5.2480392263708655
AN19P:130dd888632358fb,19.62242928899916,17.085068409516698,7.382299169259618,4.563664881963491
AN19P:13163c843104ee56,13.500431688730847,36.589163464753625,8.425656912648433,5.885723124272482
AN19P:1323a04544d8ef50,24.09839391432653,11.764823573827568,7.892678557074233,4.513405056253572
AN19P:132748c40cae87ff,10.528571057045172,3.0230346005165347,7.054726023584111,4.857030779741575
AN19P:1330e0c2797c5ea5,9.382424074160587,12.821375246384353,8.049338716130551,4.004879296143696
AN19P:1334388b57f3ae73,7.602950066616565,6.293837475068433,6.311810754911834,3.9218623377632897
AN19P:1336e23c53d00590,32.85181494968428,24.87997239882828,8.667540326823783,5.844684882749263
AN19P:133746f2ff19aa3a,16.802735042088397,13.61130173702616,9.37743271572063,7.432574392355487
AN19P:135674bb78f70cf0,21.45910665073045,6.737845128496575,7.981018513064666,5.030147950945714
AN19P:1359ee1f9c3286c0,20.690947779139897,6.53396486077453,7.590945789947064,4.190132361920945
AN19P:136148dfb739b5ad,12.839912067908752,3.887627353493916,8.145811678252292,5.3917565062743655
AN19P:1363d1bc72482596,11.476098381936852,9.950657407903414,7.817641658218574,3.9419274575541614
AN19P:136559b096f73f95,16.984650526325634,7.430380963022993,8.223536568375165,6.68813229358997
AN19P:136ba06b2ac122f0,19.78761511997922,32.926837074818145,7.172401717996356,4.778321143127525
AN19P:1370596860751e48,36.43005720158948,18.83961921502962,9.196848982533917,6.773416928697955
AN19P:138dc8bdfd3dc1b9,15.743907416851208,9.92089888881499,9.141738804438363,7.378547327771206
AN19P:13ad86bddf97a7fd,25.96511892871658,13.886076780768544,10.967214896419891,8.472986218562195
AN19P:13b445b77c2b3856,16.573574551346557,14.628187315552823,7.63599829507931,5.187666363973742
AN19P:13c913bb1af5f73f,26.70688510702687,10.102370636816609,7.821875396251634,6.324463903031856
AN19P:13d6e4d0f50f63ba,14.45647891208874,6.207887355897586,7.562574642296322,4.684396762548949
AN19P:13d81096b836845d,25.26660762749358,15.663831735488117,9.87214994694582,7.047371525206313
AN19P:13f596cc0153b388,14.081190125284865,3.891062514286251,7.682357984283898,5.627290192984927
AN19P:140636d35418d532,14.751053447689143,11.501492056378298,6.569307310354177,5.528454283989715
AN19P:14096643be5677a6,9.5651791137926,2.387373572664484,6.973119702151932,5.201080815069905
AN19P:140aaf107da92bc4,10.229869876728866,2.992032961320853,7.203998478665324,4.781354894409263
AN19P:140b215278e86f7d,13.880222835669214,17.070818187955634,7.770493124056105,4.724077928083033
AN19P:1419865f3cb2bf65,31.607775145739726,15.580929919018168,9.979021273545149,5.1616467617233
AN19P:142c0bfada9df059,17.005245517603548,23.42947581224261,8.08399502475149,5.459128558778424
AN19P:1450a67e66a67c37,8.275744510734583,2.5093529861980364,7.882124934700527,6.401744326141368
AN19P:145fa3efa8823239,12.607711990852708,5.263736491559202,6.853059981038457,4.888084780255155
AN19P:1470c37f8a53129f,16.391169320528633,6.621502345479309,6.2874765710809095,5.676708258145143
AN19P:149159ebbaa877dc,7.937226488167332,6.588048225664549,6.254527731657057,3.9351312777094822
AN19P:149a734bf088b6d8,7.390841614113018,5.797853053117237,7.420868209668922,4.55718185047964
AN19P:14a742e63cd92bda,20.413036966653696,10.163445183917188,8.999689494222649,4.9698636425499645
AN19P:14b61bfb24702636,11.174041482951974,3.5512924464049456,7.370781743542591,4.073114605140681
AN19P:14b65e06ff96b1a8,38.6810449551718,13.785159060864885,9.32655897729938,6.35170296933564
AN19P:14c02514bd52eb60,26.326194945350093,5.624474498973902,6.692603235857129,5.420586549819292
AN19P:14c71948519aa9f0,9.341399241189954,6.211386672229763,9.144818725629811,5.36748264238867
AN19P:14cb4750a248cd0f,26.781234764781736,14.249477354656008,7.988417128534345,7.221402610378317
AN19P:14cd06c4555b423e,11.243123920228411,15.096876988624455,8.07737821228654,6.084308016378283
AN19P:14e4dd66ecb721a3,24.48852743718679,17.28724409813386,7.971621333914422,7.611794601935855
AN19P:14eb76b9e1bbf26f,18.94546012737538,2.4671033079827485,6.313677882881355,4.056234714540884
AN19P:15099c16f26e6fa6,16.052768229403593,9.000090457702122,7.417966111197851,5.301661006693313
AN19P:151da0b1654f0565,8.75828165239161,7.931277011408077,7.87352969066199,4.698667371970127
AN19P:1521ca38473b7da0,19.41168223886148,27.371697498323243,7.789200971799222,5.200857703882438
AN19P:153000e9c329e6e6,12.607008077024055,7.983376612548098,8.651204141854901,4.784069072522088
AN19P:153a0ca6802fa0fd,19.31723558424969,12.184928206138274,8.778324895227561,5.468126055929968
AN19P:1550718e4ac1d358,18.619178735952914,5.470484269056037,7.228085160186975,3.416747924203496
AN19P:155f6720c7ad47b6,15.921106693168364,11.209465108987532,8.073154861181303,6.765086430684447
AN19P:1567ae06f0394a43,27.430538631432327,12.281534598936505,9.579791299588935,7.670117545462418
AN19P:1577c65d9d9c6524,22.53961916429101,6.164488906784771,7.660003274967416,5.909867529330023
AN19P:157c73ee4679a888,17.167222118204524,3.5227923135465256,7.243087386559395,3.957800760677901
AN19P:15a852483105af9e,17.977073917674883,14.777655415911962,8.146927470575974,5.458783488598352
AN19P:15b105851611f715,27.301163005438635,9.956030626415094,7.651845987219832,5.64742472864523
AN19P:15b357ca14652f72,9.349509982263768,4.002206524122024,7.14373200002556,4.571190389854887
AN19P:15bae9fd14d5af3f,20.684740799453525,17.06031506977632,7.249691828831679,4.951911227362832
AN19P:15bb3f90de61d1f0,15.422962667967804,13.342590705108924,7.582157530188239,4.560536543672285
AN19P:15be88f37c2456a3,15.55062738871884,6.7939980149593895,7.045389866189926,3.925551193580693
AN19P:15bea3aece5b2362,17.97946109796009,4.601495657884517,7.90819043045092,5.541347841043229
AN19P:15d18548c2bed557,13.38301575690157,5.159459246994718,6.637283013707417,3.1635508886579577
AN19P:15d7fa0d3c7ea4db,16.64863528033472,5.954304369433693,6.003700915607304,3.806916328544607
AN19P:15d82cd189a8e592,30.53883543302979,10.388942050248549,8.191703992651744,5.556881080556715
AN19P:15efc1217770e13b,17.28920836045072,17.500605777814982,7.032489343927206,4.677142902413243
AN19P:1607530f21d06126,26.507464392293283,8.870506168780501,6.154260386472704,4.352192496601005
AN19P:162c6b4386cb8a34,11.083838451019508,3.175430951506325,8.319353773928128,5.194214335629008
AN19P:163c6fb7dbf727fe,6.450324379906082,4.23993708431452,7.0992346414768965,5.065016665338439
AN19P:164f2127c4553fdd,6.820059799208603,5.4315466423403205,6.392462684242636,3.916036401002786
AN19P:165215e6ea86561a,12.202265995960229,3.506770190866932,6.683152836351457,5.850946567859765
AN19P:165b632c4e4aaf83,10.33307834891273,3.605522839008736,6.134291274102954,4.227588690418222
AN19P:1667af0634543531,15.566765561707989,9.832590576655198,7.368046212005261,4.562410005362587
AN19P:166e0e545b37ce79,11.299525612109829,10.30725649367397,8.404572707870093,6.323367396103581
AN19P:16751a99d8fd2f9b,12.047311099115412,23.08353221369449,7.429292788671074,4.003672376124436
AN19P:16820b3ed60e5b95,25.858457881324764,18.33317117530876,8.502193555892271,6.6665973503112514
AN19P:1697f891fda4987c,21.349874563859835,10.833578402688689,8.623052283069837,6.754688224441132
AN19P:1698558984f29504,11.6356012461117,7.80401079767369,7.093995677331537,4.76051436535017
AN19P:16a36cd19aa81391,15.794516546287252,9.42842694509542,8.623524265145042,4.7794097352161335
AN19P:16a987cdee0895ab,12.394132124032897,5.048183440631415,7.43452519584473,3.772623588464528
AN19P:16c9ce402b0f74d3,8.513541079323554,1.5336265254594332,7.369422253957134,5.121928231424204
AN19P:16d7188e9b893043,13.746460707892384,4.490473528855724,5.741704203486721,4.4748509185928045
AN19P:16dba300d9ef5ca7,12.781257138820877,9.577309108819325,7.862614440677282,5.413329754563337
AN19P:16e750decfd61eb2,10.993775808858176,5.453836262310021,7.252203448560937,5.976604195448862
AN19P:16f4b17278d3b9bd,13.889989776750616,5.928271834950518,7.314222330475269,3.5913989591475746
AN19P:16f9fdd9c3429087,21.398581855738705,10.706791495784008,8.486984668048436,6.194501605483862
AN19P:170ed30f086b6a55,20.60762347699979,6.268594325839488,8.535604270726115,6.982314998502559
AN19P:1724ab66616e6c53,13.81951740614442,3.770940675006471,8.585337030913099,6.7165872143004055
AN19P:172ae4bf29b413a1,16.856104922739256,7.624163492279309,6.377859781385794,4.160861915910328
AN19P:1731be9be41f11f8,13.758269351247742,12.196058425264289,7.612818723544032,4.746484524430666
AN19P:17472efd2e062d9e,16.734748342414832,3.732217607320808,5.906102041525705,4.066344189395488
AN19P:1749f496d00d3299,16.141972565853546,5.301737871112915,6.55233906787815,4.374594271923508
AN19P:1752842b31506164,8.909983292234257,5.00910882959271,7.692766175761494,5.44174348497155
AN19P:175d78606ff746e5,17.00157454035471,8.038588833030964,7.776254160276376,4.753634333495819
AN19P:1762e317102e1b1b,17.43334448605381,18.268021430690347,8.124007142761307,5.82795683403559
AN19P:17a3461f68cb3ea6,20.298347675895663,4.584414931172622,7.354798775712366,4.917300926938802
AN19P:17a5a2c1d072966b,16.19490719193461,8.411207516754942,7.500902822222822,4.697364329242856
AN19P:17af32bc13c99a7d,6.8920470776349125,9.830770906295797,7.696764250677543,4.355223845329581
AN19P:17b335308a6167d2,18.90025307073703,12.238939988886225,7.816259564849282,5.001502302081338
AN19P:17b467f9d590739d,40.3656889205836,40.13811700038841,8.416792170941036,7.406327125431892
AN19P:17bd507986e74e03,31.145144587748693,25.804166966750262,8.885522367816165,7.729195591127501
AN19P:17c08b2cb4f3db86,16.496232224994642,3.686942052890026,7.647392129578194,5.782242643796054
AN19P:17c402e29fd01154,14.565865890372118,7.429425571341147,6.152261297353118,3.556375617654916
AN19P:17c7118051b2a09e,20.565116943559207,16.053222851270238,7.61948912725517,5.59208946492568
AN19P:17eb7111a8cf07ff,18.66631952257792,13.082999748335066,6.570227204025568,4.108157146350262
AN19P:17f5997070dc438c,12.025186542237892,6.385876408900219,8.063145040819203,5.333378823090683
AN19P:17f7e21da6ecbb80,16.04094274858563,12.321863958135234,8.390397505451817,6.091657727316734
AN19P:17fb528339043abd,18.703896773008434,26.19314216475373,8.089083034607036,4.602460103912417
AN19P:1819f81c17bba025,19.292159241752383,3.702294075336496,8.319438023427372,5.348580789802943
AN19P:1840bc457f8de05b,10.32026318118326,3.196117135497972,7.353077582829946,3.2326860245023816
AN19P:185efdab844f167d,16.670795071537626,6.034416620105223,6.410366537308665,4.2728397582686455
AN19P:18829a615f9b1c71,12.055119547064484,2.739975274527332,7.777182736694328,4.914696298139338
AN19P:1891b98d37b7dca3,9.02454820347952,5.628624127137466,6.435942927868621,4.179433508573494
AN19P:18a2a4aac5149615,20.072395733633066,9.176973745809477,8.177128909848152,5.959980936475489
AN19P:18abafce4867964f,10.265766497906329,6.059025414275731,6.431967809839454,3.6181805184714095
AN19P:18cf9dde26be05f0,35.19069524630789,41.79871736954688,7.904456964299923,7.636650234950719
AN19P:18e01072bf9ffc27,5.110922186272083,3.0955767948745474,6.56068673817776,5.797926669217463
AN19P:18e0498d31826f1b,21.65037460564962,6.274388718120937,7.2600608483092754,5.739302785973871
AN19P:18e9fde8af1fc0f0,18.39013879450519,8.57681748107498,8.093875550648889,5.015769100597834
AN19P:18f7c33835456836,21.093870759247498,8.980982818774178,8.281808232946224,4.422641679659283
AN19P:190cf3a37be7eba5,17.35883969204556,3.874126566571015,8.43610724669659,9.86459592242736
AN19P:190ecf8ad6375508,27.119861995720548,19.15120272066938,7.954710232470664,5.316244497700176
AN19P:190f7d92fceca9a6,16.795424451158034,20.42903998912506,8.790485217225362,7.324270328057954
AN19P:191bc5deeb13bdf9,17.13650119960551,8.202927490549678,7.68144755468053,5.271292355203142
AN19P:192052cd1b9dfaa8,25.36151382552561,7.512582060339108,9.8538345607387,5.8804087315307925
AN19P:1923bab754a16da2,12.4674268888349,8.392827426402118,6.238978532035,4.0729911523915945
AN19P:192a5e2cb1273719,36.33458778971673,11.982295528600885,9.016997748690253,5.750389125593573
AN19P:192b5734380f8f37,26.091716170110317,14.871974716779304,8.592666174015477,5.444758444497906
AN19P:194b6d70205ca8a9,18.608810852231965,18.99995297514941,8.966044200598102,6.071249354894508
AN19P:19590f11095de419,19.958423647494985,8.954674392150554,8.863500828590825,6.557499592960621
AN19P:196004946e06d3c7,23.030955223826247,16.582071550929196,9.499249119550354,5.667469682007569
AN19P:1979852975f3b394,19.411696619295206,14.102375711281915,7.627341369491905,6.2745084678574194
AN19P:19a3092658adb9fd,21.19800266885186,12.343098388873535,7.786821273183216,5.0778259408695
AN19P:19aa8d2b709a8458,18.732086357466,4.715182986014786,7.720471415632461,5.543087386265857
AN19P:19b284c318d6fa9e,16.245536228404752,8.246749255627412,8.692669309417418,6.114636919202196
AN19P:19b93beea1b789f8,24.21005003668045,10.18693033892434,8.440776267884349,6.674128589758909
AN19P:19bc2354198b4610,35.84816013036153,30.67039775033188,10.0961609660239,8.011426204753308
AN19P:19c037bb8e5261cf,14.736792754440764,8.981751684452062,7.727649095633653,4.9243556499278105
AN19P:19c5ebb170d3f557,22.68814015960777,14.71019633535551,9.146681262967643,7.491962348643145
AN19P:19cc0cb5575973f9,12.906174583217965,6.0386834182461575,7.889190305212057,5.1322317371809385
AN19P:19d9f85f403741e0,17.489213992184837,16.890775641144057,8.731827823769672,5.047319318849053
AN19P:19e0b43d4e343a69,13.819712001343154,3.614247761022536,7.980944072125481,6.333111748095462
AN19P:1a022a5247e9cf04,23.659732031559564,21.329712883272727,9.048127186094344,5.763800133172528
AN19P:1a0e520b120a1af1,13.806780062440351,10.31154970281172,8.577353680833212,6.722957742666647
AN19P:1a16628f3a6b7b3f,11.015887274914965,3.583937983612957,7.9548992925752815,6.4269622855047706
AN19P:1a1ec7c806078899,15.493718915934352,9.221349386472932,7.4035242602070195,4.952990389998014
AN19P:1a21c29a5e7e7036,13.277577788174831,7.447826310359842,8.025105254371008,5.220987959465853
AN19P:1a4ab0c9e562b1b4,14.565800511268002,11.17745746446592,7.108254999929602,5.161819611704287
AN19P:1a647eebb27a026f,22.42562456097633,26.40397774801237,8.302979760960953,5.728261639862649
AN19P:1a67bc64de107e79,15.40497177070028,2.051079473078344,7.117507348440092,4.875425685191612
AN19P:1a712e0b0f19d81f,19.370119213535016,17.918266690857855,8.056161945494207,5.228983739925034
AN19P:1a85f6fc8523105f,21.7324010976254,15.579894098935595,8.27450302988403,7.031539837828445
AN19P:1a8a2c54da1f543e,19.34579428600503,8.786180207848293,6.867863410947532,4.075555532012529
AN19P:1a967881c49b0b0e,7.431281829833839,11.359296573899837,7.665060011313682,4.68763383940294
AN19P:1aa152ea380c87d6,17.178106345276795,7.18249729700047,8.511212174530263,6.46245586331284
AN19P:1abd5f5c00454888,14.336100442262882,5.673340873660515,7.92683966238253,4.277874783396793
AN19P:1acf1be2eb277a5a,13.062209893916084,13.326357886692907,7.705223478196174,5.204713810471694
AN19P:1ad247ea46d05f7a,25.2296204329978,20.995035856830683,8.138467711317753,5.113252294872271
AN19P:1ad2acfc054ba8d4,14.569329898292558,5.955547356328625,8.426773263511688,5.932796329680664
AN19P:1adcdea72e3435bf,20.740874048042663,10.886631312705337,9.109065206696457,6.862964230855033
AN19P:1ae88439a243d9e5,11.394854459597548,33.06764864915662,7.460432979149438,6.098390817374748
AN19P:1ae94f222c99181c,13.271385207360618,7.773118076113809,6.745709234719554,4.280515028133839
AN19P:1aef511c93b2371a,21.07283885055963,1.2544129240590058,7.538831112472596,5.57396918355458
AN19P:1af3cfad2bdd0645,18.98330175470664,28.39969518291724,8.002007212809675,5.928612340227107
AN19P:1afb63cd360eecef,16.021548037631575,38.21358260449349,8.390298820499604,4.517756472697017
AN19P:1afb79dadaaf25fd,21.93015482031456,8.352636657546556,7.600874847682785,6.394528426803301
AN19P:1b0657cf607d365d,17.57185455618064,3.35572191283558,8.306677248545906,4.9518351129025
AN19P:1b2e7a41a7eb094d,24.16908604347589,13.4682982741553,7.580672808012317,5.866946596508329
AN19P:1b3aee109484bebe,9.937163937241571,3.8701709346538,7.760935914080315,5.858427834821929
AN19P:1b3efc891cea22ab,23.357180803890344,20.18056729914986,8.32224255705208,5.882342472553249
AN19P:1b528827b9aaf308,8.937381393219557,4.822587409386994,7.747955961088466,5.672720961942953
AN19P:1b824bbbffdda703,15.429860221559686,23.855560383718785,8.767381435798482,5.866817220599533
AN19P:1b90d9b9bb0319be,19.329595542149992,6.795569368889144,7.6719639208810495,5.117175382170593
AN19P:1b96e918daddda69,7.615497622649634,2.759219835222281,6.606931895917564,5.871064113680214
AN19P:1b9ddd1f83a886d2,4.621907030167443,5.633943105511071,7.136608140249692,5.193774945107549
AN19P:1ba89f1a9205f090,19.145862511282967,23.42713807899606,7.158361154370796,7.501515289283777
AN19P:1bb5d83bc6d1e9e0,16.396735171019923,11.928487174603667,8.630877390864173,6.63275385654436
AN19P:1bcd8488c25dc4f4,12.455186872405752,4.129964152451795,7.443308604311498,5.061877198202972
AN19P:1bd841b7a556f7d4,28.831016851068465,7.718626169555444,8.681169735188336,6.756964078067248
AN19P:1be07b7dd5a61f45,14.235380182477652,6.977635490169965,9.038469185346075,6.023259953321862
AN19P:1be4d1b6724058cf,27.32287220275742,12.492391439344106,10.238503590231549,7.3885414044859266
AN19P:1be944565c6f0ce7,21.63036618707237,17.724727702837,7.89265890532025,8.644707215973312
AN19P:1bea895037361ceb,19.95795657655596,16.05226724443458,9.108114848474292,6.8424508536987005
AN19P:1bed84301eeeb0d8,20.9492051179052,6.2086873223951775,8.016042697618945,4.563499820310059
AN19P:1bf163bd9385b22b,10.19988673534743,1.45137643960119,6.35843827828843,4.412114345293452
AN19P:1bf7b02a41189c58,15.952839553869463,11.074544316402624,9.049070679919067,6.48307967900395
AN19P:1c1879a519a1e8bb,18.74538640533125,16.83655448507475,8.221815244943894,5.065855609957455
AN19P:1c1933904d5f7e56,15.69377487132772,6.511507896362818,8.184567898670096,4.707899435885094
AN19P:1c39f22a3eb80f98,28.30356344574498,19.96475096079363,8.667190402178578,7.97709353313989
AN19P:1c432e142f055572,13.92881323569346,18.82285324367491,8.073923949305033,4.950520086825607
AN19P:1c59ecb57d168d88,13.150441620856112,3.007540233504268,7.881661164211115,5.177479156098683
AN19P:1c6c1472132e5523,22.259713281382595,7.168013523069867,9.197771128897177,6.237871464936172
AN19P:1c80daaf73c34c0e,18.42261487610461,4.212932306116553,9.738664544917755,5.896725304802255
AN19P:1c8400ef466fc986,25.308189746167685,12.351869547961762,9.836969574063067,8.415308458294797
AN19P:1c99e49a703e29a2,26.75717689940799,26.97966094416091,7.987740498061712,8.094248033557795
AN19P:1ca00ec8d9e7f790,13.577927791002429,8.33450494651957,7.856933761726841,5.947902184515306
AN19P:1cad2143f741d1d9,7.747397933371635,3.041948549926176,5.765997101358914,3.888574042005556
AN19P:1cb06ff140a8ac54,15.5492977629268,13.03499155625365,6.437775770892793,5.193522789449851
AN19P:1cb0bbc217eaa902,24.05012502344406,10.804966314799104,7.90949899175871,5.177134199540035
AN19P:1cb7228e5756c5f4,16.940427754305063,3.0891341775703145,7.04047875339212,5.747226395827875
AN19P:1cb8d834c41c30b2,19.784251743223443,5.337349550430297,8.392427112086798,4.663203167193617
AN19P:1cce0169e8a21397,28.44482133742148,17.10427925216963,8.266444998288911,6.434083405230948
AN19P:1cd3e7f1e6e0146f,28.89716603519907,11.942653406434092,7.462295865941537,5.497792264828644
AN19P:1cd599092d96eafa,28.296382706539934,21.1136766083099,9.773124738946873,5.526034420229957
AN19P:1cdfc7349ce202cf,27.368647927298767,17.149808991997396,8.018277209772174,5.164348343504448
AN19P:1ce001ff7058f404,13.236527427962228,5.193500608127961,7.342200223612608,5.078612144181299
AN19P:1ce1f137991a2593,27.644464959723,19.7791522197748,8.827430136238029,6.8891873097976815
AN19P:1ce5c9ca9d5a12c6,25.102413681707365,12.25648760644692,8.867112105346893,6.230217005873223
AN19P:1ce7580bb5ec0ff2,20.320878994244428,12.849778927013212,8.665655655090724,5.642247690739668
AN19P:1cf23525cbfc113c,19.925033954783867,36.03525757302013,8.750081837437934,5.77115784440492
AN19P:1cf2967cf4ab0f9c,12.81646766468341,10.112189849627075,5.968653176382648,3.870079541897378
AN19P:1cf55eb34b115929,8.274868169604876,10.294417039635624,7.186283835682429,4.384142249122185
AN19P:1d0c2107af61eb59,17.553180411890615,5.392402441948679,8.558837160345083,6.991086587011039
AN19P:1d1ccf29355f44a5,10.319936890032055,10.217954465453545,7.725881963822498,4.095049099641502
AN19P:1d1e909ba8f839a2,31.451986368425725,19.35563119745505,9.861463973040758,7.028337587703522
AN19P:1d2374eea0ff914b,10.1502177579797,6.450404878645242,8.331079352358753,5.9888688383517135
AN19P:1d3d27d48067b909,31.26385659865741,17.919732547408664,7.744373417441787,4.728240293976929
AN19P:1d526f9b299a537f,10.4216826114724,3.8902494362186655,7.38229360662825,3.905891902142733
AN19P:1d693215426530b0,9.18758284458172,2.973041090387748,8.879157322243463,4.739369045281649
AN19P:1d6db0d432429ddc,20.71292967618407,19.67380769745353,8.515623679496928,4.905749958953766
AN19P:1d746373a5fe47c4,28.83205089979798,11.06423446464174,9.873921811964763,7.076665789583324
AN19P:1d7ecbb025853c0e,20.989400136762143,15.207637857583116,8.368167619864305,5.740936575541502
AN19P:1d8ca949c13a677d,16.148665997307234,2.5186996359684413,9.184344616402234,7.043990178749836
AN19P:1d8fe47789cc999f,9.176877955426836,11.878800935019395,7.747427731377824,4.78983449965281
AN19P:1d9346b90ac9e594,31.24957809272307,20.13116401998984,9.604889075913077,7.3987351522157425
AN19P:1d98b2927aa96ffe,21.492575780468517,6.863955956809263,8.695049283692631,5.8442208835047
AN19P:1d9e0b47d15e2ff1,16.099786580772108,27.628723593650733,7.090392371785494,4.176553865605651
AN19P:1dbae7499bc5ac30,14.614310270126904,3.7851339819227823,8.18653837507422,5.5469637053671095
AN19P:1dbfde07a2b70283,21.54517769739396,12.43051043442941,7.014873025264513,4.38784130671327
AN19P:1dc6657cc009a1ca,30.45664110614818,12.675178866997143,8.306933365736091,7.894631059886065
AN19P:1dc6c65c1636f512,31.71428466631704,24.12271813456817,9.237578226436636,7.422338321417883
AN19P:1dca71701b4701e5,9.206667229638306,4.774524549831416,7.071935561714272,5.438033805949104
AN19P:1dcb0d8c798ddb5f,13.350666863589256,4.935070321898075,6.983660314114312,5.44481475408862
AN19P:1dcb8c23b40fbdc5,13.842972318651428,3.322836406298294,7.224360767806571,5.335750373321531
AN19P:1dd08222423b9e09,16.67579021902016,5.722878262100289,8.337721575926182,4.935163525581764
AN19P:1def4475cfbcadc9,26.378757321223933,20.39449699696486,8.614195125251976,6.476288774796795
AN19P:1dfeaacfa170441d,19.780417237803828,20.75388448374653,7.246342448242261,3.6389049383719527
AN19P:1e201218abfdec3c,15.315058504937964,6.1118368514309465,6.115702744727846,5.30744793213532
AN19P:1e3ecc791bf14613,17.38146251039076,19.1539136855521,10.455426209341026,7.917854365011587
AN19P:1e4546d1795d0fb1,25.67586595782053,7.59420495177406,8.48638322274967,5.161719793217869
AN19P:1e5bd22d39a03fe9,16.741122770518572,8.297157685956407,7.038408209365652,5.128152608632552
AN19P:1e66bba5c9fc49fb,15.117180332827534,13.563248559095618,6.694248829113716,4.108963906563178
AN19P:1e693fa20a121792,18.380204313859394,9.363410082228988,8.136046565526902,5.900666125108806
AN19P:1e69f80edfcda88e,22.19865907040792,13.875422737459887,9.413682041555235,5.884929568231584
AN19P:1e777ed0cccb4be9,17.089649765361674,8.842479984319642,8.400746260912042,5.842087794410336
AN19P:1e7e0935255823c2,26.856524681724668,8.327646689016575,8.596051706419011,5.508073427949583
AN19P:1e95d00f2b553b52,16.758949109997392,5.350033783180321,6.046504075065025,4.502344610285308
AN19P:1e9939240e5a8497,19.33060186365081,13.756958697066532,7.882263069650854,5.854211542893244
AN19P:1e9d9760e399d3f5,7.557243499838197,3.021527042451813,5.7486124843378406,3.743051808953453
AN19P:1ec184933985f520,20.926506953889195,6.1404357349310414,8.57548421853497,7.226895660088658
AN19P:1ec75a2146448b58,17.085578858979066,2.097983438470146,6.910355272583955,4.679148658810777
AN19P:1ecb88543aed5cdf,39.53198072720974,37.665260297657575,8.119955221831182,8.118766606957871
AN19P:1edbb0e98402fb90,24.012400731952575,18.38307384220001,9.039883289257508,6.2586531593459975
AN19P:1ede00e5e610fa9f,18.33064555049538,39.1982958999647,7.8415962795237935,4.884975406729706
AN19P:1ee25fde606f0e94,16.154899771065992,10.381974149933328,8.186855190709325,5.454689712667122
AN19P:1ee5ceda69f9e4f4,19.3285243211924,26.72934183656375,7.097676879148406,7.058696073353752
AN19P:1ee66100ca92f7ab,8.605311196159207,1.4055233587567135,7.021137577541894,4.737878771636829
AN19P:1efcbc8f10127954,17.816016731711844,10.96369115210078,8.30612283331364,6.442438069317647
AN19P:1effec7af6ff74f5,30.88768323648099,12.276368267983418,8.292189102406049,5.867946978172108
AN19P:1f2da6e5365e5662,28.419866467929385,14.133174842446666,8.826913190721674,5.896467987402872
AN19P:1f329e74cdc93d25,10.558092162918342,3.354211627143666,6.946909408308397,4.672456938748362
AN19P:1f3c2e51eaa27205,14.217146592592446,7.451791095036497,7.3957827170671555,6.353078781816259
AN19P:1f41781f84d110f1,24.16744246247533,11.337441699905176,8.554643338321199,7.0326441376655895
AN19P:1f44ad6bd8db2599,15.270697424674353,17.833342601650653,5.818045325674162,3.4738888946339275
AN19P:1f5284295726e592,10.35611736489452,1.510928354011143,6.38276701762021,4.935172413626326
AN19P:1f53fd5096b4996c,13.391220800543646,5.041808947284521,5.362059199543007,3.77631019140475
AN19P:1f5c8179e751e812,18.598668866124,4.175461773193978,7.549615683324375,5.058044293724664
AN19P:1f77107079e20985,24.670709336842723,11.4902325640975,7.885214482349556,5.205806752631041
AN19P:1f7ef323e8b296a6,18.056877740916025,7.872004495460751,7.968296818035553,4.580354028542972
AN19P:1f82ce2a01c91f9e,24.514817683720025,13.289621403019565,8.002654737644326,6.148114747339683
AN19P:1f86dd3d386b0ec4,15.406457877590867,3.0843450583921173,7.999362115929505,5.442359198110305
AN19P:1f972f3963f62e96,22.616497820222637,7.521752453954963,6.171770987977797,3.873387760736727
AN19P:1fba7d96ad57c444,18.29357603723161,5.454122085754513,7.541592659731866,4.294137947149874
AN19P:1fd4fbac6d289139,10.902937897587284,2.5904570487628225,6.755400379917119,4.6642013957178206
AN19P:1fd51cc1ddeca484,9.657822768332167,3.1113319424719528,5.36791792791234,3.2385673069681062
AN19P:1fdec1d1fd2b2303,12.45401547622926,6.793099513554759,8.636123547227495,5.2772440980001285
AN19P:1fe74765a812b77d,14.470395727915053,4.497793048715157,6.893485287653684,3.6085490557210793
AN19P:1fecc57144b03ee6,21.229325176778147,24.65723342601813,7.501561226900871,7.073990402797494
AN19P:1fef998dbe6e1943,20.343435743371163,22.875773969653963,8.784495339333432,4.7521415075666935
AN19P:1ff56fff873b0455,31.608219569240124,8.542241130830226,8.118744765674885,7.044727591105505
AN19P:1ff757d293863ba0,17.52035096420188,10.9779546357727,7.317493390768796,4.778214506724947
AN19P:200f479975bfa1b4,25.721869372924825,7.432252529587081,7.092945258955064,5.134699277767461
AN19P:2014de41a4352750,15.899106390878517,7.903942308161446,7.46698067217812,6.360181884566091
AN19P:20383750ada1585d,23.53051053100243,9.100545498095412,7.895475490671859,6.432750919056442
AN19P:203c14f950c1485c,17.813297740009244,5.972189302527132,7.738059773860284,6.134747763791471
AN19P:203d3ef9f79e7c61,29.22893091636813,18.977683080881672,10.050093001128518,7.484308430897535
AN19P:204b9f18adcc8839,30.14929228457368,14.873195540827448,8.097210796193423,4.838301855371224
AN19P:204c4dff69ce1d33,15.139454113960548,6.203633615434788,7.262769586945637,4.368264992962585
AN19P:20532991a33cc3d3,7.615497622649634,2.759219835222281,6.606931895917564,5.871064113680214
AN19P:20567d4b13b4a991,18.035875049478225,10.644412832367063,6.879656351197214,4.895525946496561
AN19P:205696464a7c53ff,12.802425280718628,7.753992277724172,7.636684505564565,4.372888714765144
AN19P:20621b7ef4c53da3,18.473794883279403,5.912152863385594,8.280811404826306,6.149618232690096
AN19P:20757f687cef4bd2,23.607663722876705,14.126700642955692,6.719672847921704,5.097581488322286
AN19P:20760562d5b1c40f,22.72013842708698,11.558941884095493,9.457585976968051,8.107988255810277
AN19P:208f57d551aedee1,10.994661367602832,4.813800774937971,8.691888309925098,4.455062075931375
AN19P:209aba23a2072a0b,15.899164524165904,4.513897137158957,8.304733913648995,6.875096565959458
AN19P:20a350798429ac59,15.237489396459765,5.524215132655545,8.625537687202003,5.045612597969235
AN19P:20acda59620accae,14.028678301446464,23.38576442501618,8.24535371864276,5.2145704991356805
AN19P:20c8c49fef7fd1c7,8.471184881828567,4.935092951289091,7.692747655803182,4.458751040658697
AN19P:20da302994a78d57,14.554990900435746,4.65801949647717,6.868745935728177,4.309055505224178
AN19P:20e4435653e796d8,25.81580207206401,14.5584194757835,8.490271756040467,5.39545423258453
AN19P:20eec1943523c305,16.479329783012048,3.0097567873874524,7.435370532054463,6.065096737433578
AN19P:20f0680bd43ddcc4,14.937572733016609,4.131993013537345,7.39134875264673,7.203578999061502
AN19P:20f58ee4bdd2e0c6,16.960912890378896,3.955689968997665,5.855076122152904,3.983858581854692
AN19P:20fd23c943ae3ed7,11.519970179330569,13.455189316192792,7.898558159805572,4.401683475865887
AN19P:210c601a64fe8f94,22.421703698290383,15.988147259820511,9.351522797675754,7.196944542813773
AN19P:211bde1f61a0bb91,12.55874173033276,8.114135025206307,7.404112831933334,4.228457859853979
AN19P:211cf279134c46ef,17.64177106271358,14.36653097024635,7.637507295517935,5.967140460608707
AN19P:212485c6eb96bc42,38.68144889486699,39.28009768323227,7.717755901041253,5.831003512733364
AN19P:212bb3621018543b,9.723095454471649,6.972701450133485,7.685194227988803,5.443903737273237
AN19P:21349ba8d3bf2fa9,31.790659844038625,14.07450421052367,10.67182309436805,8.026319931970836
AN19P:21435ded3fa40776,15.326351483207103,9.323571908375074,6.168658460919545,3.712280142700789
AN19P:214916f65cf18cde,12.056536412346905,6.974281479121983,7.793946138363672,4.912245508790597
AN19P:214a71f7d19a55d8,17.507063361774353,15.62826228188575,6.886826170548424,4.921735583426927
AN19P:214d52d8dd94a504,7.945106613876868,2.9660028176290405,6.901318251024145,4.120793615568354
AN19P:215e395cfe1b4c79,15.72876171364504,9.657549359970169,6.35070106953623,3.893078166573796
AN19P:216ced9ce1d0da3c,12.656152076639692,6.051303940086116,7.520822545168047,5.158639513932263
AN19P:216f18e998e2827a,19.92928188942198,9.0130988373754,7.60592266710907,5.560936395354293
AN19P:2172c5a07905c7e5,37.69583511909919,20.29952160449611,10.200474419350527,8.857526401289821
AN19P:2175db4be95b2c42,10.678847986417791,12.90541479608177,6.898412570634517,5.019270277209924
AN19P:218a07184f33d3f5,19.314273399472828,10.295817016360427,8.626505062355914,6.452915849919513
AN19P:218ce62340fdc7ab,10.302681411488631,8.459087184096722,7.363795061831484,4.577364428826127
AN19P:219854757864171b,32.069397631899214,12.553259390982362,7.605263744496408,6.340400435096547
AN19P:219bd14a1760e770,19.20318270041687,5.59919045092552,6.7581003085533125,6.410816301069067
AN19P:21a044f8e5a00464,14.276160968851825,12.965353190436923,8.037674127101386,4.402170583218144
AN19P:21b6b7b5a19f851d,28.43156940453693,13.59445762412943,8.91602823867531,6.654818523186522
AN19P:21d25a10a1f55ccf,20.193963161346613,15.474213957751552,7.070679287497261,4.951684091770467
AN19P:21db575303ff6222,18.42632710668048,14.094725523868394,8.49786661985264,6.055314450470672
AN19P:21ea719559cf4d43,10.47816177144756,2.252807864613059,6.535803355410541,4.714642699428764
AN19P:21f726f7463f89fd,5.116692305414401,0.8528965533977987,6.788317422197862,3.4667125898962943
AN19P:22029cc6e8211b31,15.10482622881065,5.916702815485135,6.50497788546437,4.757543847796119
AN19P:220da77aea0bc1e6,8.107320771369492,4.536247243866683,7.115702270507527,4.535708200040829
AN19P:2211f3f05beff8af,13.58037579968591,3.731013438518653,8.661849668384614,6.794761099104366
AN19P:22202c973c65ce22,30.612110302174624,22.58081486489361,9.101510582061614,8.250497041722001
AN19P:222586057f04a4f3,11.039477959858354,7.160474911378134,8.06805141620362,4.4192529809985945
AN19P:222971a8091550a6,14.577438870278534,11.060277950713647,9.856335512734494,8.281973533979883
AN19P:223dcbb3de0c310a,24.026598389107345,12.45608063271638,10.082641248815094,6.565089945496174
AN19P:2240eb8e5ab7753d,12.765776059876554,8.46126720531595,9.80916318943214,8.433365406832001
AN19P:2248c0f352fbe67f,6.769613129459335,4.404199377321984,7.9409794652856975,4.426208321694904
AN19P:2270d14ebd34ee3e,11.173620194923656,11.83123710377388,7.654396796585085,7.924816582430449
AN19P:2271a0a17f2507b0,24.76029081768929,25.04211201983809,8.042221875625334,7.198474489417029
AN19P:227b2b2cbb4587a2,7.30380515270468,4.646187770662168,7.874077558685016,6.266203428760231
AN19P:2287943903dd9c6d,14.420374865549576,8.80398417701775,9.958786581851369,9.197439303704623
AN19P:228a581012acac4f,19.599722060649,14.003971248784149,6.93961777507963,5.040240226463363
AN19P:22aa3a8da4148294,19.520341329553357,10.382152082025469,7.327392370476707,5.428752206105064
AN19P:22b6761659eaf315,19.41624525045888,15.13993292807696,7.150218405219128,4.05485556779669
AN19P:22b68851514e6d43,18.597977840546868,11.403383862962722,8.413992522242737,7.052200208652713
AN19P:22b91ceebc733e04,17.781844193459474,3.365754866771685,8.002446947205584,4.463801975209897
AN19P:22c7b69464e15a95,16.795866944485542,5.270173243787973,7.535491536824751,5.332232482574681
AN19P:22e78de30d749226,30.376179473362424,14.860939549902016,9.116558009047855,5.332297641965745
AN19P:22eca7cc9276822e,14.757702240420208,7.073977065568156,8.207205558341602,4.940074763144839
AN19P:22f1c233d1fc4064,21.78001407492267,12.496178103190914,8.025413448375007,4.9154457414400285
AN19P:22f58d1416110c20,27.830555056169917,14.601499203090691,8.437930467861136,6.0190142590108175
AN19P:22fc8c2cfc6d0461,6.48302591390449,3.50933500567034,8.126408168031702,5.707162828011478
AN19P:230d2192f7d25acb,10.39221676914204,6.486616381546751,6.847558292367923,4.512319429031212
AN19P:230de8a3ecb7f17d,13.539803868695994,5.949677614692011,8.139870246344756,5.543379635273321
AN19P:231d6e5b1b0f93a6,16.372851466343167,6.305492112894933,7.074890909426197,5.481822381688548
AN19P:2324d2acc4919d87,23.493699755048976,19.778703569400815,8.84388318268816,6.908505733515072
AN19P:2329a2db8304d2ea,19.352477180907325,6.166776307858103,6.792439773770998,4.794058167478326
AN19P:232ef42c05b8ef9b,10.505956666783575,4.276097123720986,6.355492924133932,4.135535410707636
AN19P:23338b4afae69ee3,14.726149304188151,7.7746924935342845,7.007978121764858,4.704052425553433
AN19P:2334193d6bb71929,11.48454102660824,4.168526709557583,6.048488054881864,4.412034932351109
AN19P:23369e9b076c94b8,16.3197997502973,2.093803423046412,7.480641794869976,5.273380471423399
AN19P:2342fcfd9e170fdd,11.507392578598912,5.669960586445659,6.096097880465975,4.3043651030203165
AN19P:2355317137dd76c2,17.380582837115995,9.56198569900781,9.490568370512651,4.418643892038991
AN19P:2356ee5584fae6dc,14.256157799732785,8.307565795856652,7.334939528410255,4.5875529174324114
AN19P:2357e274f43135a6,11.578040346601126,6.463225561582969,6.040061719443142,3.8309378142561576
AN19P:236324a17cb92ae4,18.661896898933424,17.009159307147996,8.300998995384854,6.828489101574615
AN19P:2369cf786319b308,28.368366271493663,22.547788398559703,8.460272918200449,6.2109173429495055
AN19P:236edbc964185437,18.464523444617868,11.914015260893828,9.003709672804868,5.925709189122902
AN19P:23a24f8beef1f423,14.872131492488254,2.990084371606601,7.484773542270715,4.943683005849938
AN19P:23a620611134bd30,15.271996136070657,7.740856017025768,7.673000114607408,4.43606537372151
AN19P:23a7f92ef7ce0e13,30.956077199656285,15.59447642545315,8.681376546311522,6.804711290730735
AN19P:23ad11ede0a56ea5,10.71261804907391,5.88459984653594,6.739874518375407,4.743302867411719
AN19P:23ad408c27a72673,21.91533136877391,11.026683465565736,9.233795076978298,5.735416650297735
AN19P:23b41c4e0d63f75a,14.937137637768917,10.662103179346166,6.886417974625743,6.193006857231084
AN19P:23b668f90f2c60d9,20.21343260423436,37.290378509235495,8.26423301701471,5.347015645794234
AN19P:23c39f305650f1d5,16.607052647804714,11.947106781385896,7.494151765485888,6.297743889181418
AN19P:23d3c23428b91d34,19.51284346160292,14.558502123510063,8.621075012403486,6.0597588614357605
AN19P:23dcb01c1b091fab,13.41443786216535,5.6436837776874285,8.05912064919987,5.430039065288626
AN19P:23e8632292eafd9d,16.180365249123362,14.3243576158854,8.142322770440185,6.553149117525914
AN19P:23f4ad34b9c4fc70,11.050867282125646,6.034147052088946,6.622452756827964,4.855230730574043
AN19P:2413c48dde5c1264,16.88754297122114,7.904746769036638,7.579220852616163,5.311962651238526
AN19P:241d9d453926b585,31.13753905026833,19.593211245440504,8.638914804760919,7.063563298321096
AN19P:242ed58480cc2579,24.149313967019538,4.119537341302298,7.732596220025635,6.103678539906218
AN19P:2434be945af226a4,6.54304557021062,2.1253943102149493,5.951124026180727,3.4209142370533128
AN19P:243d7cc0e521c56c,12.888129758535278,6.446089297806098,9.592161473962795,8.35719370312332
AN19P:243dfdc8b00d65a3,10.592620906955863,4.441208512326798,6.738003561199955,4.978197436375556
AN19P:2461017bc77736c9,20.058118757067188,17.329084004062622,8.458470174926491,5.887761263071151
AN19P:246de8d05eaa44c6,11.54275320602174,5.382397616893936,7.406026105557713,4.757324746618103
AN19P:246fcf182085ff13,17.049946234969653,6.740122390780577,7.611592612656703,5.2658537172609545
AN19P:247d2a0d6836bd95,22.22038198099612,35.18535559309686,8.097178845399803,8.035097079216495
AN19P:247f87f3cb51d295,24.99778705777578,4.370122059358079,7.895157601753458,6.022526377543824
AN19P:247fa0439f2e1c1f,7.221680677594517,2.6966393833098743,7.641044471068823,4.4351194310140745
AN19P:24823050bdabd6b3,7.881577029742984,1.5217089457987194,5.661667531190577,3.996937504363353
AN19P:248cd57ea43fc159,18.3633791226692,7.504664185501756,7.145628884272238,5.32507208849317
AN19P:249e7c7b920ae573,22.381901292119856,6.519178870802747,8.633126297465617,5.250079892021596
AN19P:24b1781b265ca201,20.839398817079797,13.98386501790845,6.6605812599885725,4.443129165171437
AN19P:24b4f1ff79ea9801,17.109332653995835,8.939283042186075,6.735750169705386,4.04679605275215
AN19P:24ccafb22ae40ea8,21.131794665531533,11.940583565117183,8.969992589784313,7.071511206513737
AN19P:24cf2e68734b9c6e,15.20777797905692,13.329594476107092,7.824457460828335,4.92559475286141
AN19P:24e264b9721dfe54,32.63339437368799,5.77429568823585,9.502081100043457,6.66992199725176
AN19P:24ea84f3921cd725,21.268965656718528,13.280574095941368,7.696624230299512,6.495740390594084
AN19P:24f6b5b1d2e421ea,26.640937173308515,6.486675420181784,8.49661086810013,5.304985415841555
AN19P:24f80edca3b853eb,44.46014924542271,37.25607428752415,8.093199595072486,7.893173219628501
AN19P:250017e07d69981f,18.118908459591506,22.02956404890149,7.381705784920695,4.4043122995374455
AN19P:250c9cb734350371,8.738739005154377,9.939223335905062,6.549597828695781,4.275646949260178
AN19P:250db361a4fdbae4,21.354737883108324,23.73432086070668,10.03124878147941,8.196515030561851
AN19P:25146059f5e1a675,30.05399529323366,13.941024812017364,9.661044533323494,7.127717606194417
AN19P:2521542479c33484,26.600970260426045,23.63952125238705,8.768995251267606,7.799945426784649
AN19P:252346e0900aabfb,16.36066568820638,7.8953174931276,7.206623804699926,3.9173028046266
AN19P:25286d6baf83b613,19.922019468897624,11.611055057107524,7.050083709179289,5.712294334143525
AN19P:252b1ff63ff9e157,18.106830273384286,4.06386347163036,6.491852581194556,3.175031895462028
AN19P:253ce916202a761b,14.541421916180903,9.302891813975874,7.468824250801823,5.668980497884896
AN19P:254106cc48f9666b,15.675299042695386,3.6179655228629417,6.727621362813249,3.4206704374679795
AN19P:2548a6a9d6aa804d,18.271725672001537,3.203198470183537,6.921915090299763,5.278772491999396
AN19P:254c383b5ac65e60,13.187149880038987,10.553500815298946,9.797341114706915,5.374431641102407
AN19P:2556ef60f20df484,18.66071143782099,11.288379826349216,8.696131906176708,5.6437619506336665
AN19P:255f05849c84553d,13.335630830581763,4.5376261473746045,7.517879797212466,6.098463410130139
AN19P:256d63d5a220a3fa,19.499668195049598,12.90325422061424,7.458436622423059,6.172955500542214
AN19P:2580c5bf659e17a6,14.43356185168868,6.4947302196678685,7.760225874837094,6.118159143424743
AN19P:2586ac4b4adcdb5e,17.89599939581219,7.547214469369885,7.417514108177291,4.958314267093836
AN19P:258777c9d826749f,20.37813353045763,26.076247763468366,7.840236331531979,5.973740630081397
AN19P:25912e954b93d267,8.631351949907113,2.7521650578876065,6.908713483301931,4.806156480247714
AN19P:259a6e70749afec1,12.24851664459132,3.878452460754446,7.7560785070248,4.646319817152186
AN19P:25a0301c4559cf95,10.559954190608046,3.455513668330713,7.313275510886578,4.965908138822674
AN19P:25bb0f1757723415,10.121097424899448,4.185215508464584,6.742560846174295,4.193485314169879
AN19P:25c9cfdaa62fd4fd,16.381715577137673,40.219716405150415,8.016861900041109,5.299885615196132
AN19P:25d5e8713906af82,24.107401870731685,11.760358501227628,8.206520160224713,4.892298828812944
AN19P:25df715aee83bcbe,9.558052223700596,4.208921464562586,9.041181063910392,6.241571822353624
AN19P:25e7eefc2cabb750,28.24431834943092,14.816328810606914,10.985715666017253,9.326781528731354
AN19P:25fe89c61acb2abe,14.04527728122912,5.525331056081428,8.024825075919429,3.890470454282233
AN19P:261220b836174e90,11.216351594680932,4.8102061129105405,7.871552941968241,7.044571490073341
AN19P:2641305237a3bc17,18.21251920351535,16.009985914237763,8.304879211491079,5.448962139838929
AN19P:264403fa70c404d0,23.74721315539993,9.43927292026568,9.193455256341444,6.497025743642498
AN19P:2655d44bfec92cdf,20.95653916060994,3.943348828659981,8.135852349245729,4.626064229932015
AN19P:265febc71a8d9e9d,12.342262289010565,11.699923761100088,7.097295935874048,6.580959143904175
AN19P:2661018a0a7749e7,11.918603179038524,4.740630108307806,6.569545505149328,4.647824323184215
AN19P:2662ff5ecde0e084,26.2689379422528,3.27565710989328,6.548738695663354,6.455127023254824
AN19P:26693f187bb354bd,15.606752371089472,5.159621305759678,6.318833109064424,3.6728162850521926
AN19P:2674e87bfdff863c,20.46652451341096,4.713850815098188,7.846882031193792,6.248866083625314
AN19P:267f382699a7d88a,11.734883893900443,11.06532135598901,7.841782972574695,5.181331846293428
AN19P:26836dcc26bd167a,17.988086886304007,12.734306599684064,7.612698774954337,5.448109764463008
AN19P:2685071e5a6215eb,9.637840846421758,8.299452507096145,7.187929936750532,3.8928124180805934
AN19P:26875da5ab788386,18.91074269671754,4.80483615377513,8.062931731662061,5.060233653739369
AN19P:268dfbd937498f36,20.251179766454275,14.654143612872314,7.148042100688874,4.224485451921368
AN19P:26963085cbc295be,11.983365866239874,6.037052561034401,7.012682693288073,3.805259024039827
AN19P:26965e16bfb7079b,13.336139646099657,2.721747931079555,7.977554377440834,6.349471880427411
AN19P:26a06ebb802f33b1,17.74642808048636,6.485811858884647,8.002775716707175,7.647789780484864
AN19P:26a51191c167907c,30.57486989399894,23.500699676656904,8.554351293086945,6.6088807471683735
AN19P:26abe90f8f3ac5ab,9.200337707992086,7.440595597178545,8.445186871675514,6.115708560909413
AN19P:26b9037e9aeb7e51,19.588153509456745,15.44844264713342,7.2488782331304,5.08941600346114
AN19P:26c76f4ee6fb1efc,30.085718712320517,12.90380671940295,8.609516713127025,6.1186579945042245
AN19P:26d0229946071807,19.499967713693653,2.549959018578181,7.71579782080739,5.216933502055954
AN19P:26ea29f408b215a1,22.64366033288383,14.56396886011146,9.11149497020796,7.779622971892107
AN19P:26f219d5e8f911e1,17.48959920370321,6.830269335555799,8.550889984126918,5.16327135156233
AN19P:26fdfc4887907a0f,17.702890800645125,14.872400560584122,8.208846935383,6.054438971227388
AN19P:270b2ff5d9d4e1b7,21.46550735730346,3.40941599644312,7.826113621845075,6.286624168147442
AN19P:27115eb0fb255b85,16.035232891643922,8.192448955902682,7.099658964109573,4.9121389909625295
AN19P:271dfefd3e39e586,11.956644039388555,9.8494973605777,7.578721447140635,5.108516670285686
AN19P:271f614691bfa4ee,18.326530027950778,7.487762631172303,7.631981146647417,6.1416608846072265
AN19P:2729903d035ea696,16.881793767684947,5.314323175828686,8.917917147742264,6.421099488971645
AN19P:27334a7d401fdc8d,11.67047710963577,4.880506210705433,9.728643803093142,7.292029598233717
AN19P:27377b2fbf2c6012,10.018759178935277,6.395276315714806,7.748294861531789,4.261605627191432
AN19P:273b769a45075a28,26.530632093973864,22.47741389472558,11.13498984434112,7.68381654752799
AN19P:27437ec8676c0a01,19.09730796461189,18.339414906386477,8.84551839641601,5.337543084318648
AN19P:27558f66ec2ec35f,12.928905943348092,3.784047537295019,9.231137898848278,5.0374632841026985
AN19P:276014b11daa270b,18.14663244723698,18.63784632729634,9.305706450493217,6.285910940938288
AN19P:27623c0914040cfd,18.420908449575528,6.30076813250902,8.342067325796043,5.7037911196343325
AN19P:2765f84d19623c0b,14.564398014722515,4.034044778585833,7.95290526474693,6.289925988542637
AN19P:276616982e6ec6af,25.91445553003629,16.004586731954518,10.80611760978926,8.146669495920964
AN19P:2770d06cbc371749,22.531195509492125,21.28117269065077,7.144821375336416,7.084750408471343
AN19P:27b1c8b7bdf218f0,15.87444100156581,7.467766583591704,7.152948966641199,5.850436711588434
AN19P:27b7b311e2c37068,12.947965269877532,7.441973587475859,7.822835223201641,4.710670059608326
AN19P:27be66a61849241e,16.936841460743505,4.4250078665687145,6.856050069240076,4.848484724001692
AN19P:27e9ca5ad60b59db,13.099870240383536,11.18674820363376,7.537492294407372,4.441679345644566
AN19P:27ee5a5a050bf017,34.84084701992802,20.83027924202046,10.06193594269319,7.439939144218035
AN19P:27f23d64eb83c3cd,21.66305395090504,12.781588295108076,8.079876991539592,5.262918736221545
AN19P:2811eee98521d268,20.56232236459455,4.865606642940708,7.297862167916003,4.072284080949378
AN19P:281d8ea633ba6079,10.336730007710765,6.534579655823777,7.565732918970529,4.725788972068528
AN19P:281fa44404714827,19.47135334993049,8.497998851252776,8.07698825606688,4.949130030153351
AN19P:282783d25aecba9f,19.148860762214134,18.5890075273668,10.554697922905277,6.72665319163349
AN19P:282ceb22c363f2b3,17.02728925409236,10.413217173798358,7.526578508433674,5.227653039920229
AN19P:282ec652c089d95a,21.1740978460891,13.536834235819397,7.578991724385932,5.195163636927561
AN19P:2831b7092ab9ccce,17.62385935875083,6.797410192366827,7.672497135012432,5.288586263049365
AN19P:283212f5bc653b51,19.404650774135416,13.47809711635181,8.839892824503986,4.873834816762524
AN19P:28339e2ce2e5f5a0,14.035337731536847,6.185651553514653,7.112413073885143,5.055438228486907
AN19P:2835a432b197b4dc,14.886269585880916,7.855356310387283,6.287110880003901,3.715785709175007
AN19P:2863005a0a2b6b34,9.610456091338484,6.635245933635715,6.010254242515643,3.773392318704712
AN19P:286ae233dd6aee27,8.306485632172564,3.0322712131376903,7.088467473191385,4.388498712650711
AN19P:286dfda0999f4e9f,20.08166196652074,5.341804693153067,7.613252223194398,5.037622666975206
AN19P:28b545271e57fa67,24.92905928330529,5.332225743448013,9.571580684952584,7.719704368483109
AN19P:28b7441b27e1f072,21.63764033427072,16.487600266983467,8.196737897397496,6.661411003069581
AN19P:28c597707c2d7875,21.868836773835607,7.879390230655186,7.978974602347587,4.018320476476372
AN19P:28d44b3f7a9f1233,19.88011321705671,4.503623978615383,7.439905246425118,5.05534303968984
AN19P:28f039b81bb2daa3,6.469746235113658,3.4778306036510336,6.650756033043894,3.5946680276288907
AN19P:2909e8767c69fa37,21.12634356479131,9.163557114518994,7.470012707771858,5.653860378418846
AN19P:29179d6eb55f9c58,18.98591283216552,8.045906509699687,7.780750895830344,4.383446372140587
AN19P:291dc6fc26f12730,9.116572005792229,4.996202231398037,7.742668529403087,5.371463908022825
AN19P:292f3f22e38f12c9,16.6745160930731,11.782465901485123,7.4694019624590595,4.123164265655714
AN19P:29323a35d538d571,15.905538202861838,8.261025490205618,6.521255387318622,3.85803722724281
AN19P:2941043b66278bbe,27.76959498533887,7.351387702219497,9.228641384757546,8.67773263897488
AN19P:294b2870f0250777,46.49825204357504,15.049554687477952,8.662249928976133,8.47803119797219
AN19P:295422dd87cc178e,11.783391324540412,6.9444321005013245,7.4394106088392284,6.7454874717399775
AN19P:2958bd8e9173c74f,3.0008705036512557,3.59442443336694,7.121965182169814,5.162409233860022
AN19P:29620cca4510f1a7,13.592674843464309,12.361398945021062,7.496293567034957,4.670369721459099
AN19P:296d907e9cfc61a6,9.643078201002032,1.445006524098987,6.463366651801428,3.7031019986577274
AN19P:296e269ba0f99ce2,15.19217760220472,14.258912047664056,7.958973152262295,4.8690631269769895
AN19P:296f7fe300824c8f,21.01771496854329,5.54300737824571,6.637690820569598,4.432831118761382
AN19P:296fecb229842d96,12.348652785457746,8.461127266352722,8.631167912445129,5.425092796409271
AN19P:2971073f3a053236,11.785510338157223,6.400503845164641,7.130802060064221,4.462785906006024
AN19P:298526ab06611417,29.35640961573238,19.429862501786182,8.631222647661692,6.955763771058063
AN19P:29988c44af4efb3c,6.19300983755485,3.640365193069215,5.625979489793082,3.6645049074213727
AN19P:299a2a3b82dbeb4b,21.098382104932856,9.499864901009907,7.673897910893183,4.442210452618811
AN19P:299ab1cd69d0c54c,11.472557099384664,10.821712072902026,8.553711389719775,7.203210313752245
AN19P:299b6edad4b9fe5c,23.079249876323782,19.152695532643683,8.322432419464777,5.854681270373972
AN19P:29a112988fe5157e,11.551326965634424,8.715388884676683,7.060319246621189,4.545530926315697
AN19P:29acb9522ac0fe63,10.945885875350704,12.132738176489282,7.377922650581752,4.23836727033018
AN19P:29d05f9b2d1f6c17,16.286152317442003,4.684116545504106,6.778477040113415,5.7739439235013625
AN19P:29d92161bd4543c2,17.902333335641664,14.549287686230624,7.9222021701451295,5.540157193692859
AN19P:29dd3d60e1dd1848,22.883436635430368,23.29940980675895,9.538532919972385,7.429248679859818
AN19P:29f28169bd8abfa6,27.119194321249303,8.211912669094124,7.613315045759622,4.808008946759253
AN19P:29f54e13297df065,11.76408698671118,15.010395948173402,7.00878143387041,3.9061975697142337
AN19P:2a29993da899eaa0,35.23339976644958,16.116014161652018,12.558307608688391,9.30210032416571
AN19P:2a2cd633ef04734c,26.82616515124523,17.212136483671298,8.690588436760565,7.809925604687494
AN19P:2a2e35cadabda63f,16.608469185242324,8.800734868958646,8.991111081862622,4.544732565472154
AN19P:2a33ba9377f52d09,12.136021615653242,8.433214057080674,7.705334072615707,5.051844524164154
AN19P:2a3f101c66245abe,19.65676018272244,6.955600635690273,7.46474358531007,6.362056826864258
AN19P:2a405c0d486e02f8,16.491335229938123,11.644855530676526,7.476481757841298,5.577095234133771
AN19P:2a48f2cba4c3daf5,5.552777110030716,4.631836383677936,6.158826445857429,2.6071747711321285
AN19P:2a522c1472d76988,9.544993498772952,5.734062789191855,6.845093053845384,4.146527996159547
AN19P:2a582775fecd25a2,14.17130170677508,13.439302651299576,7.496891596417172,5.027082365282333
AN19P:2a5c7a3d194ce301,9.228086571254826,7.923487269583716,7.333100369826166,4.440719522538068
AN19P:2a5d502380e36310,12.530780105229368,10.96193673248873,7.471659354500678,5.425766088535132
AN19P:2a5dcb805ce37eed,24.294476865970346,20.10262102872688,9.92490083850758,5.765991754654322
AN19P:2a62f6ff686c1ecd,22.73945447850649,15.474122034620308,7.51374647750365,4.897812245833234
AN19P:2a65afb90ea2dc93,19.80913558765691,10.23278692698997,7.560509004849638,4.268777799147858
AN19P:2a6c2aed702e1897,12.686289213230792,6.156764634666744,7.552586774231536,3.9726868181860087
AN19P:2a7c44a8e997ab68,11.926552144050708,14.265967604820505,8.553804791500866,4.205301607413623
AN19P:2a88c5ca836fefa6,18.729068912554325,8.815125417364973,8.549348420351922,7.22435597598192
AN19P:2a8e66904fe43d8f,18.060567316720316,3.663157719128919,7.547854013465835,6.027932648819104
AN19P:2a918010e15bc868,28.431448708953827,14.849208141597634,9.155438237204116,5.582163083585142
AN19P:2a98621c3d476e83,22.061003252579084,20.119372475703624,10.073107820071474,6.704156989243897
AN19P:2a9c24ce43d434c3,4.011039908513021,8.994087928781832,6.359566206448879,3.80867049518203
AN19P:2aa16bc1e5a4b043,21.066516271165455,9.697878632301078,7.518094572862751,6.068525628780645
AN19P:2ab5a66e85ded35a,9.639308788635924,9.667999601128692,7.426930563255952,5.161854613244051
AN19P:2abbf5f223988645,8.639568297907255,5.679463297288632,8.084791097694703,4.690938807619183
AN19P:2ac637564f699716,18.49992613662818,18.87913601745177,7.784032218389649,4.647379683485087
AN19P:2ae2451e02633668,25.73191423963456,9.639046356369931,7.571865416601553,4.633533151760493
AN19P:2b25e1ae4daa1b80,20.60471061216867,12.091693167091137,7.515355244843773,6.723666864962925
AN19P:2b2a9d04c57f9520,26.89039850042621,9.929860706455637,9.95271430598655,7.146218749378583
AN19P:2b333ba296053558,5.738364054862975,1.6103805427597164,7.081074029069237,5.013578436217137
AN19P:2b33c111bb6e9e13,20.948039700764408,10.22186120738178,7.82704145837094,5.1244991875131545
AN19P:2b45549eaa8ac6f3,14.582852980453133,7.392550215081434,8.7714717775939,9.573587623428848
AN19P:2b48d98cb76f4809,16.664801961302437,11.887317691975008,7.973468561647512,5.820002504450867
AN19P:2b626bf621fb2a03,8.964794301452494,3.874517672308582,6.234830622553436,3.982436959283573
AN19P:2b688565caed607c,19.884625671002983,10.654107386557436,7.530919696253824,5.987676261100649
AN19P:2b89519c96f4418a,16.332007716687386,15.979188440520272,7.474916502545052,6.230825440999678
AN19P:2b8a9a4acfac5a6c,12.104128919970805,6.648343302684208,7.636913548547194,5.261228045550035
AN19P:2b8b4b682683cf0d,26.30919860348945,5.592305092641818,8.56306797797765,5.596277758632832
AN19P:2b90e38da3de8db2,15.483590495174104,7.011688321954104,6.520345071150191,4.590156676439007
AN19P:2b9b204a8bcbb30b,28.586830249434065,11.949878577831337,7.462935642244163,5.988254208879394
AN19P:2ba07dbf74cbf1b8,14.624866259159557,6.516958980030134,7.092314913214618,5.228621862713285
AN19P:2bb10d739d918fdc,26.48442191893784,17.27870619857276,7.901697960229346,5.570750349203256
AN19P:2bb562cbe9a71b33,18.831231381498064,6.9793807666379735,6.03895969375109,4.498002720612894
AN19P:2bcd64fd18ab2a6f,28.831016851068465,7.718626169555444,8.681169735188336,6.756964078067248
AN19P:2bcfc591debf11da,16.11129698893728,6.290627597395625,7.93897523335736,6.193808158938372
AN19P:2bd9998e5699b4b2,17.670409439030706,12.137584476183328,10.498287526677702,6.568325532304814
AN19P:2be3ffba647094d5,9.376456641856224,3.9116419736020314,5.583851367029294,3.0034061956754043
AN19P:2bef4840398d0d6d,17.671664460297546,8.848994543403803,8.371064436319882,5.422780730926984
AN19P:2bf0d79747db8902,18.42271458900349,8.964913188911533,7.864630940649609,6.067560984285169
AN19P:2c0300ad91534f19,18.165751709599945,7.184312275842545,6.980955913274267,4.863527041251582
AN19P:2c17a71697a4def5,22.502346262174804,15.236596599675591,7.444711708871338,5.05151344476349
AN19P:2c213cdad26d5e7f,13.739346300148432,8.64400713960786,8.53726105158235,5.180040827359144
AN19P:2c236a31e671059c,21.66750191739392,15.308617844788388,8.270598907916648,6.053741165398704
AN19P:2c25ff61c405d8df,11.180689545193506,7.764197305025957,7.058176541792071,5.908022150946319
AN19P:2c32b406146cc9b9,29.33429920053163,18.99036757950917,7.738111763090909,6.279421502234871
AN19P:2c33c32040bf223a,15.712691030598132,5.307275112317343,8.433123481879221,5.805430866556169
AN19P:2c3f2af044bc1dd0,11.034776863721287,4.198522998254103,7.525095166990966,3.564818102930408
AN19P:2c41c0d389d6a57a,22.573746989518373,13.91584090670507,7.727944511379333,6.525411385104802
AN19P:2c6a6a7331e5af4c,17.394180896682286,4.811687034398735,8.164779940050327,5.733469911253819
AN19P:2c6aaa4500a739bd,17.10868619620758,5.577965468195697,7.928857744148546,4.95283694434649
AN19P:2c8c75cc7b967147,10.555042806851896,7.11589292483349,6.715331576401564,4.386143908276295
AN19P:2c965c7cd3ce7355,19.476664178648413,8.769308532223251,7.904843058962786,4.639657949746676
AN19P:2ca94eeba9bb6f70,6.943630504710644,4.771896705525349,6.095572765977742,3.4667325956249675
AN19P:2cbad88afde19203,8.721885118976495,5.551638937780661,6.51446503142433,4.219478804686834
AN19P:2cca02a1a66bc184,31.24231873535754,12.960429887403308,7.35694009464634,5.3653612079669655
AN19P:2cef985204a5ad26,6.885278554609854,2.564233182492893,6.225742045925879,3.5334846138026093
AN19P:2d18ca68678dbb02,8.127208087133072,6.471878300056766,7.775827384069073,4.502890934786611
AN19P:2d1b4885ad048d28,20.231724699066348,10.945657338246232,6.938475332592375,5.4543639263206
AN19P:2d1b4d7275067697,14.451075306106576,4.648023230717267,8.475815244885421,4.637303979284663
AN19P:2d1c1e17a5f8291b,11.34866836144502,3.6105737939491953,8.319013783582768,5.99173644332416
AN19P:2d2dfbf8a5d97e80,11.03465462604775,15.401008491870488,6.81892959207281,4.474815897892655
AN19P:2d31e483055d7197,11.498944503500624,4.839357245072266,7.163303728973651,4.16663462657937
AN19P:2d52c1df3fe6d52f,41.44071958530128,23.988459187501874,9.918979049582566,7.094602621001268
AN19P:2d54d9712e667dfe,12.214888713194114,14.243634561549085,6.973221142951724,4.335067853415327
AN19P:2d61b88604f711eb,34.11080074381826,14.5775165386422,10.08054182095251,5.434625992041068
AN19P:2d7e6e7882403512,26.11777070069821,13.56194721994373,7.395682972793073,5.396789988604132
AN19P:2d81638f1bda0b89,15.138522568575793,10.768199145328312,8.677177789942139,7.387486035350134
AN19P:2d840aed9a51be05,19.142998172424825,10.449884997447729,8.577134125741614,4.994826921989777
AN19P:2da1c30250f592e3,4.611805605311486,3.71346234465716,6.844335231233887,4.232085417945497
AN19P:2dcb0a8bb7663748,13.439994406160205,9.459467251243524,7.488895224115033,5.375864525461575
AN19P:2dd7b3f454f7fc6d,11.827022827392794,11.863787077662716,9.638362603223106,5.980145529683026
AN19P:2ddcbaa83ba2e833,13.944548766686776,15.041016462974536,9.38379792053844,6.807773116563481
AN19P:2dee589869917123,13.558240640345764,8.611953564929465,8.541690648462891,3.965740001761257
AN19P:2dff529cd87a5b0d,17.686510880792166,7.552446769420067,8.975208755877697,7.024770116942408
AN19P:2e0975354342d269,15.361277822593683,8.227874036133535,7.958441426924133,6.399614926262425
AN19P:2e10066acae060d3,15.848652825604928,13.840562064449742,6.737155505026454,5.035139611561714
AN19P:2e1a7f045fdda4e2,19.71409974987763,10.670504149501198,8.348591109117429,4.764067178902104
AN19P:2e30ddd32d2ed80b,12.82908179410561,7.42938307177581,6.937822926516902,3.818307999102983
AN19P:2e5135b7c228d7f9,5.497298151924654,2.5859640440932474,6.557459815331296,4.489072241514896
AN19P:2e5546c6f81d742c,13.960285069227409,7.27901501885476,7.961259118568945,4.52374641339899
AN19P:2e656ea083e56053,21.457023057529103,7.216824055541355,7.883106048116428,4.544207856800089
AN19P:2e69d3268db08016,17.478343818302424,5.728823435117448,9.033353090052277,6.048941997869677
AN19P:2e745c65c6402a02,11.149402146561128,12.566922936920877,9.504072960422144,7.009325668869584
AN19P:2e75903fd30165eb,16.417442911669877,6.822005075467681,7.232187038951932,4.066313545735814
AN19P:2e8be72126663cd7,7.235313168224686,5.6052502811213065,7.375901642966728,4.046473272926296
AN19P:2e9cdd7992aeda2c,20.6390457302658,10.263377826493535,8.438616469507622,5.893653512831335
AN19P:2eb02ad9a8bcbc74,8.74305103571621,2.7535619344086792,8.231158574059767,5.710495971834701
AN19P:2eb9a9ba73924cd5,11.916302369379244,14.805094423104816,8.248650233119422,5.451318630640907
AN19P:2ec1b2d5a2190fb2,20.302119024209134,9.853085898129576,6.585686928561059,4.654685890994022
AN19P:2ec52133078ac0c0,6.7811709379668175,7.100736983893303,6.565508475994594,3.516180671700841
AN19P:2edb1bc4c3789531,22.191140689478868,9.786295613683627,9.22619766495947,9.136202885223106
AN19P:2ee9946fe7ec46ec,17.118385324402933,2.37383140904684,7.215457767240355,6.225214989435454
AN19P:2f0fb08755f9bdfa,9.698489265388178,5.407285236975708,6.750045482281357,4.095331467073109
AN19P:2f19c15c756437f6,4.328962206217644,2.9095042801747,6.864225303877671,3.717778252537068
AN19P:2f2ccce9d1c3aacd,16.142092260502437,4.975009495560447,8.611581142795197,6.785507144921672
AN19P:2f4040a8fea0591f,11.23451128106808,6.558667521399257,8.784276418066268,5.806830597845033
AN19P:2f4e96ccaec708ad,16.399278743810452,4.996418724976589,7.749476636249443,6.026741076736437
AN19P:2f5e479883132a47,21.09827841847243,12.021313948171318,8.31734594991039,7.043011556281932
AN19P:2f61474655024fbd,18.95907759613711,6.840673354073194,8.247584046908882,4.96509751708858
AN19P:2f704b437ca59244,13.1803173949269,6.115617459332578,6.685494958416854,4.896707244927949
AN19P:2f7d0324ea5cfa66,32.35272355700641,25.691794708841197,10.308601415506248,8.820298236035203
AN19P:2f8c58e9c72d80ea,17.216700733547974,4.236845022143643,6.008807165814426,3.662069761908615
AN19P:2f8ebcbbe74e62ef,21.52143630628053,10.977302264174767,8.327883942449905,5.448281024955591
AN19P:2f96579e2483bbd4,7.8730110344032,4.328021239472121,8.349267822146548,5.102060754318773
AN19P:2f9ccde64bb813d3,13.849401918736405,7.091110490723823,6.7820366279189175,4.391922235607905
AN19P:2f9f300e5856bc62,10.89878598508249,3.821892856968184,7.519611804399443,5.345303347286047
AN19P:2fbbdf7a7ac95ef5,6.514645109334261,3.90529915759564,7.040007406390727,4.488157274091432
AN19P:2fbeaa53063393db,13.56850906316314,5.360866841793432,7.589987373439611,5.396971008656718
AN19P:2fcb2321807324a7,10.81460950730128,3.327532842501545,6.291802101619297,3.9484097299613694
AN19P:2fcf9a97319cedfe,10.977474143075035,12.867105677965332,7.925902398768801,4.94285175989501
AN19P:2fd29ee01254da34,13.714088035618555,13.010736973888882,5.846250274764273,3.755012329814189
AN19P:2fe11cae08c1befa,17.13867041938555,11.291720462841326,7.725466476331962,6.08382444905718
AN19P:2fe15b0caccf5462,24.223253622227443,10.795672697865502,8.229216874069285,5.912677765533704
AN19P:2fe915bc48cef392,16.56616145180775,8.265869612133681,8.971101182376954,5.723837916735033
AN19P:2fee1bf8f6f2c499,11.203251776070012,7.063729322408972,8.132492424990298,6.380545620058102
AN19P:2ff82cad13081a6e,16.754109518206285,7.297334882205126,6.622642713446349,5.25055906396998
AN19P:2ffc2be94896b388,10.622068820363989,9.703135086713484,6.438472374296517,3.6906972777444578
AN19P:30161b2af1d07d63,7.818052898733569,5.212087024555814,5.451384559173342,3.509313764410769
AN19P:3020edaf51615193,19.822825727549358,19.93937564994369,9.898445589401144,8.150226206171315
AN19P:3026f50394d8c737,17.134754400094433,9.373924584613452,6.8115600594765615,4.031203308469091
AN19P:30309d49b298eff5,13.524625830010182,5.757607694302981,8.52637666253419,4.76568015644929
AN19P:303ad311f269f899,15.75986056923885,7.977096509909367,7.958636253234032,6.924674923656403
AN19P:304530ba9253f308,27.836395933900576,9.092465349422868,7.805871152176346,6.175306185422721
AN19P:3060d43032ac85ca,12.328471147946576,5.526106261309097,7.5415079524384225,4.702068795847262
AN19P:3063f6528270a2c7,24.402537708620017,18.323874505078827,7.972352740720274,6.436116275443199
AN19P:30679ea86341b941,16.088044988431935,9.133018545579006,10.417034593975362,7.530227238564907
AN19P:3080c10ce6a79f0a,14.998422397230785,6.84887463787682,6.378954916541051,5.211346535888685
AN19P:309298fb51095a0f,9.462162336552751,7.498799271603494,8.284259805376172,4.975128682062732
AN19P:30a5a03d7f47fbe3,34.12199126678157,17.604865450677664,9.253437307842242,6.760266553096682
AN19P:30d5c081eac88cbd,10.991015963721818,7.480495910129205,7.722252439165577,4.887474890974572
AN19P:3104ab80b545a667,6.775707879894879,5.418293543429338,6.0994647289362725,4.717100463785632
AN19P:311365905be1994a,16.886594657750273,3.685599453931461,8.051498478069352,6.027836605570527
AN19P:31173771fbcf4091,20.60471061216867,12.091693167091137,7.515355244843773,6.723666864962925
AN19P:311a3dbc017cbe52,18.290650383706105,5.671394976069593,7.711222870357183,4.706957002832009
AN19P:3121c9108c60cf4a,20.794046050751696,20.533000661510485,7.959883188423915,5.574074416843616
AN19P:312aea3d1403fcba,15.969355966664128,6.873782783258808,7.653873017191291,4.941882969731472
AN19P:313be54698956ece,34.98378414070387,23.72839879895781,9.549354042890055,7.161358025979689
AN19P:31461ffcc223b39f,22.01448252728926,6.306340796356376,7.370903996204066,5.365049702171254
AN19P:314c713f39d2242b,23.450179586379758,15.516618633610932,8.687096725792099,4.81340907168734
AN19P:31504cf89a52dff2,16.214538667511455,6.213018991249714,7.406231068318825,4.164359004271238
AN19P:31541bae9571bf42,8.269181792441083,3.353661689406816,8.339393232347518,4.731292484519583
AN19P:3162189c1d9258f4,10.04244705395426,4.61372610165571,7.647510966848426,4.899347565269409
AN19P:3165ae889217017b,18.49418672197174,10.102878310004783,8.199201248338355,6.186395022084965
AN19P:316e8fbe523e71a0,25.16214324895066,13.990215591927017,10.23770258782004,7.388820885995583
AN19P:316ece7372eb83f3,15.961646996174402,8.760924721019256,7.737271315829678,5.534967706464723
AN19P:317abbab2dc699ca,20.312916030637982,16.750620885633868,7.895681881028716,5.992625810907536
AN19P:317dd345c33a130c,23.936180738322687,15.807695505730576,7.788072858959266,4.98169123303208
AN19P:31849102e01e819e,14.682502030276702,5.121361240876052,6.386463796509156,4.466868411990979
AN19P:31869bcd55ae7639,11.503150113043803,3.378590480739632,5.963342646505587,4.999939161474659
AN19P:31899c3b3167b250,11.95264626369386,9.77976048688754,6.987008372514714,4.626891179537084
AN19P:318c0e4fb66f80cf,24.94772351218211,25.85804828206964,8.49665065250522,5.00656917326401
AN19P:3192ce0f07f9e4a5,23.20251852845677,17.38408634943019,8.14170243279658,6.209316172775927
AN19P:319790a8a57b25cc,18.896022719347645,34.10433705344557,7.343389826198974,6.500695052461713
AN19P:31a7cb302df1dca2,13.15973376142309,7.419838081542282,5.87735591952658,5.315035020942636
AN19P:31edb4e6e29d77c5,28.763231742665766,13.714377543361548,7.341841660209463,5.060911403543797
AN19P:31f80b46ea18830d,9.428535495390625,7.889419028430944,6.918309487325752,5.063256236668012
AN19P:320420c3fa6f2b66,21.097830755247543,8.847395002802932,8.14016124503899,6.770532084905984
AN19P:32078bbdfb05d0a0,26.59947155566725,18.313073226456304,9.076689959360287,5.64328361077124
AN19P:3215c00551d9f034,19.04820822615504,5.937925088258624,8.772905556550082,6.40352798670114
AN19P:3216bff4afc27f10,20.392651192935,9.513764123539122,9.412228978704304,5.646753078301871
AN19P:321f539ac3dde89b,17.660860808267007,6.954658652862433,7.614230914960803,4.349550030236768
AN19P:322c1cd0264ccfc9,16.63788292104815,8.228950795140317,6.899870431144809,4.750904318745045
AN19P:324d5bc71026d8c3,12.840996793085525,6.584136535990741,7.712455851180278,4.519253161680163
AN19P:324fb238a75a1bdc,10.022502758214758,2.5923694949457365,6.936785575289094,4.097571265335936
AN19P:3257594646281219,17.19861677418907,15.3484146514433,7.721610061216936,4.9039024828693725
AN19P:325ff290c0e66946,12.528823827346791,14.999235430544028,8.313998571779406,4.86271308747866
AN19P:326419feed6d1bc1,18.301873967827195,10.961995801353588,7.913291049347219,4.818647770626978
AN19P:326710d00edb9356,22.568682086747707,7.059752505166343,7.097592061244638,5.067924717552827
AN19P:32791529f63ea891,14.186808784472472,6.330423270672682,7.814898438486851,5.459972129157297
AN19P:32875a0ac82fac8e,6.853183064669093,5.787803452399422,6.125402910019434,4.948000333690848
AN19P:329e62e542ad4a37,7.071556562553383,9.533954067381924,7.304414603182833,3.9436295998334794
AN19P:329ea043cc36bc72,13.1803173949269,6.115617459332578,6.685494958416854,4.896707244927949
AN19P:32b8032dd82c3c3e,18.74434269955956,32.02143011812258,8.194966532216766,6.612902488742799
AN19P:32d600cad1282279,29.088752711907084,16.07263658786819,9.807324513604607,6.650214267266365
AN19P:32dc44630674902a,19.41663637960658,5.732155406417369,7.87071436530636,5.421283979418598
AN19P:32e5a75287e4a4cb,9.249796944533596,14.726259141142515,7.88982291859603,5.5891411961864845
AN19P:32ec7e272d122b7a,34.64733015373255,18.362171078294747,10.5873254540755,8.876451833385717
AN19P:32ee92b39d67d03c,13.789169415924269,41.33002475846946,8.305436796842653,5.11772549001167
AN19P:3312e6630ef658ed,17.860509329483,4.36460455426955,6.2757463367912445,4.223109751480927
AN19P:3322e8430aae40a7,22.10549530082213,12.448661890147044,7.107008411379367,5.462750892989021
AN19P:33243b049cd0406b,12.185632345396622,0.7239929659599088,6.415367929538848,3.1270764924640533
AN19P:33451de91ed6c164,30.11153214308945,16.765771569840922,9.343690080099602,6.089705297970624
AN19P:334d68c9353a82d9,13.007946261777876,11.29161827131695,6.917134467292547,6.289421703862094
AN19P:334dca213cb617d0,16.938218419297346,5.778840146306515,8.84308822684804,5.730521936235645
AN19P:335ff6d4c7fda4c3,20.60788107006824,7.026491872435911,7.158815649207233,4.411351441461985
AN19P:33646533cb310cff,11.646769326958983,5.53346457887816,6.08280044949853,4.333258992731067
AN19P:336498e0a8c2bb16,9.827435002634235,7.451012408725467,8.182802863198551,6.931177057885644
AN19P:3366b148f3739baa,13.843903402577835,12.732544770878468,7.854183060666578,5.140952764470308
AN19P:33738fc8d6dcaf58,20.66839933065788,10.376575488862306,7.661563562637027,5.781184250886276
AN19P:3378ef6341f0e977,8.22176833243063,3.49446490664564,5.812038919444455,4.126001211803326
AN19P:33834a75245d976e,11.180952785775055,13.01109365631395,7.371594042592985,5.45648902461184
AN19P:3385d3cc276b62be,13.473174294387698,3.4335589882580853,7.647402380932672,5.590480516709926
AN19P:338bbbb78d9a82fc,15.848652825604928,13.840562064449742,6.737155505026454,5.035139611561714
AN19P:339ade6d38e0ea25,16.045747492273417,13.208853852297796,8.102816044675642,5.620630683453272
AN19P:339cde323c82905f,20.566527952211068,14.474142223498015,9.479205546202,5.520500624108832
AN19P:339edd29c5e93965,10.865175309804291,7.059409676941684,6.362713449841916,4.104618125530917
AN19P:33c77bb6ecef803c,8.357701974913883,5.680896178551745,7.549289162331047,4.464323459843538
AN19P:33dcf0d3d57b81d8,10.439131165803754,2.871804568948941,6.289256792293343,3.221025895482632
AN19P:33ed58e93fb7da56,22.680378497295607,23.113035286102992,8.030186322221873,5.450968529710182
AN19P:33fa39e24e5471ec,16.75245703867083,11.741141279985644,7.525097899553464,5.516370556962104
AN19P:34029cc43f48df56,8.838187042675795,6.825751914325253,6.897510635155,4.303814094819358
AN19P:3416a811a2a826bf,15.186696264926782,16.692945537792106,8.040072289684176,5.004925895089467
AN19P:3420bfc03bcd32ee,17.657156060943155,10.647986928830331,7.362717379207725,6.445329423372439
AN19P:3423cf2ff4eeb7a0,12.10883772896381,12.177617178254373,6.744215209677726,3.9674279919617135
AN19P:342eaa00d975a68b,17.13118804337928,5.83166489965703,8.615238581248944,4.823039418288644
AN19P:343554a921f07f23,6.388323166804497,3.474303257956896,6.94397872172742,6.041548450945804
AN19P:343d7cdc01383d9a,19.68434136313057,20.4201613893713,9.407547272620798,6.720253349687764
AN19P:3468f781e9429319,13.408586218213088,7.304870174275817,7.877691677820492,4.532953593416401
AN19P:346c0d25918d6d07,15.419986840667155,3.2923115318216776,7.830128105648873,6.777786639867432
AN19P:347092e4798b5bf6,14.160537970668862,13.120330406655375,7.273596040266087,4.329423183608816
AN19P:347448c5dc394538,24.02355805594631,6.486949660120618,7.4648184926304415,4.60347420730533
AN19P:34774dc7c56623d8,16.6698129012838,6.231966835207416,7.24313585908448,5.359874785772646
AN19P:347ab19323d4b997,13.035986494838925,7.507011954927837,8.078709800741079,4.591481392185693
AN19P:3494eee854fd1af4,25.793931813287088,14.94714248843458,8.096447252439674,6.364849416376779
AN19P:349ff831ef3f3e53,15.290782432848845,4.483518315605666,6.838712742286151,4.193824604939701
AN19P:34ab23365126ec15,16.23159409534622,8.16526764551684,9.002336440075908,7.306161125914862
AN19P:34bf6383e92d8e2d,15.236539329931484,4.766413093010258,7.330474016100056,4.962633936103333
AN19P:34c0d9d0c9999c9f,15.216448078271164,5.299705853178102,6.764513804236311,3.6675236708204144
AN19P:34c3f350ba2c6dce,11.03546671629563,6.417865570035293,8.372698056326318,5.924183153639938
AN19P:34c98d21bae32f12,7.456745377796266,4.350397722318223,6.813902917525684,3.6532643109934746
AN19P:34d645af5a614095,20.71114444637377,5.461126848947196,7.721043152146248,4.570186082159489
AN19P:34daa5fb39b04e24,15.212397325117571,15.767479211375282,7.248923891250429,4.984680662967289
AN19P:34dbd27970f371e8,18.879990522667185,25.14589713078948,7.6071135878075635,5.337526545726459
AN19P:34f100f1c74d4216,14.690430971212336,4.919791616731959,7.094037729724673,5.677828364931306
AN19P:3511afcc5dead148,11.594986932640866,10.52265996892025,6.379711320689483,3.6603856288647294
AN19P:351444e287456f59,18.608810852231965,18.99995297514941,8.966044200598102,6.071249354894508
AN19P:35231771a4839b13,9.267497350223564,3.34893740682272,7.404128606162866,5.697702922131349
AN19P:35263b16b311e737,14.265370215911892,21.63428929240475,7.17013521559909,5.261717271678816
AN19P:3533472c8fa71474,20.71292967618407,19.67380769745353,8.515623679496928,4.905749958953766
AN19P:353bf83272eb5593,29.26836833530665,15.474240484593846,10.101547366007477,4.989052561865385
AN19P:353e38c1995fc1d1,19.685206406505028,5.640754797180123,8.91490844382545,7.491983558231675
AN19P:3563c08777805672,22.664781697822274,6.967896024329471,7.2224667635584865,4.920099248873122
AN19P:357b5af88991e455,24.984524522247163,10.01698408993472,9.585103041223894,6.117879823317708
AN19P:35858dd8ed91b567,31.07358610196509,15.217018053134964,8.311392284058874,5.3419817051057015
AN19P:35959b2783518cb4,9.12127182923803,14.365725488281027,6.726046606316792,5.302263271330655
AN19P:359a465860e19865,18.657142514806903,5.509685690056702,8.288115224649113,5.048195491228869
AN19P:359cd5b9e90af69a,13.685908329182489,10.335783993200916,7.91596120805757,5.047312947597222
AN19P:35ab7ec1d6a6a655,10.103748096116265,5.267246324248076,6.516094858063764,4.273177765664731
AN19P:35b270696440c369,15.868064150682518,7.618522132643455,7.492016764382527,5.176190281667068
AN19P:35bb4c2bc5aea5f8,5.757368262433422,8.714001172244728,7.386096203399188,4.739959374926611
AN19P:35bfa807891d86ce,29.030903879047187,19.36321075784108,9.053336103592128,4.9063176248284845
AN19P:35c94ff609ec2cbe,12.630332837597395,7.1860810414805325,8.220750909965878,5.215624220559536
AN19P:35cf42b954fd5243,29.1311759985291,16.978080509795912,7.900236826614016,6.490605838482408
AN19P:35d0a968bc4e4d4c,20.8247916800754,4.674800378430989,7.973646736202216,6.341490119548645
AN19P:35ef35f7f3b709a1,13.725551862608942,10.914084523546824,7.862158445641306,4.73408106294817
AN19P:3604cd19756a9620,11.910893077916375,8.306115326327328,8.240325264379694,6.986307132435348
AN19P:3617d4cb349ea3b0,15.737898424906623,9.595558996228544,7.413501881851741,3.8522312338723097
AN19P:363bd47aec22a04c,28.007425970370164,18.942986307810937,9.818755290094886,6.610214660905857
AN19P:364bbd760f96c5b0,11.217928866606767,2.707107769214515,5.810034082912725,4.038867706094229
AN19P:364f10a61cc688cf,30.014116131102465,22.775384978216547,8.205220981125082,5.368365667554936
AN19P:36557db3af1b2adc,18.71935817901956,15.20506322696566,8.015518945518465,6.246581123445627
AN19P:3655fc4cba632e7f,10.527261182722038,4.890341068911433,7.634382794969521,4.760533569899844
AN19P:365e912dfe075745,11.801953531211886,3.099270684089425,6.412600678285574,3.437279337643329
AN19P:366f351f9738e7c4,9.059612322398523,5.504810869685566,7.748606841709647,4.925402131429377
AN19P:368159a0532585a0,13.03738751575746,10.440836466424711,6.723399802914504,4.662999376593845
AN19P:368dbaf31525efdb,28.572337337607262,7.6194970637672546,8.952057673649676,8.631633714554715
AN19P:369c8a1f39e70fa7,22.71931622493107,11.730841074573036,10.202376038224736,7.728078807722178
AN19P:369d7a62ddb4cd60,16.178504721593097,6.837711525939893,8.313710688122898,6.269193451285581
AN19P:369e466213fe0eff,19.67189407151411,11.46852814054354,7.531442203378182,4.299473229913332
AN19P:36aac3983a69c489,19.429988360521417,5.020724551551789,8.1669001057683,4.881055566890156
AN19P:36b808f220b3ddc6,9.468632385312551,4.745315106885756,6.698762282654129,5.603561436067057
AN19P:36d2b2eb04e60d88,14.091342311752983,11.9897237634434,7.654620645986473,4.850330823109615
AN19P:36da0641b28a8564,9.475908051241532,5.418427060673924,5.781326623123484,3.926769898652714
AN19P:36db5e41c837a3c5,15.915656509910733,15.629336324317178,8.709977265449197,5.7726134012926025
AN19P:36dfd14c9c63a2c3,14.473298308675036,4.232958354209709,6.95926509233728,4.617136656013735
AN19P:36e3d172d2180f06,10.407179272943615,3.6027092403100816,7.009344668911523,4.898255302034603
AN19P:36ec2e80f2f159bb,21.048013522714918,15.79824902653353,8.28603946489086,5.99604406944562
AN19P:3701327020c522c6,17.208678403113925,7.753822432150354,9.078401812597196,5.844139984994925
AN19P:3721db051974e741,16.751222816244677,5.916261296782936,7.244338992479016,4.447825068145825
AN19P:3728a62e79fcb526,16.48208500772,8.509681012940055,7.863852063486446,4.346003015706715
AN19P:372b629a868b8aee,17.72141746972429,6.180555363602204,7.947099384482586,4.134873850156046
AN19P:373b1a72cc5a8158,36.57827141961506,24.302443046789797,10.537783253697183,6.172377037293993
AN19P:373e2009042bbc89,15.46911417621816,15.086047248558693,7.894369335996384,4.800823376883484
AN19P:37499d6ab9a38edb,22.215244570804565,18.735147698559288,7.861517428679162,6.340613405623877
AN19P:375192fa39e2b150,11.399224287771338,7.119181543498276,7.65362201950466,5.098609391914065
AN19P:3755f4729e993535,37.9768217216781,36.52749814053208,7.035521257421852,5.8914837766977
AN19P:3767eaeb2be17f6e,17.214428926581338,8.513388165351598,9.314161709361004,6.470184988261819
AN19P:377206403c37f170,20.47352220421633,9.5571047116003,9.141728957036566,6.329875002476811
AN19P:378fad1fc32b18f0,14.405494838895708,7.002411096895796,7.14163361703063,5.50284529583748
AN19P:3794d8201b3691fb,23.222085128119517,7.924987052389494,8.032824758016867,6.240494333242743
AN19P:37a6fb4e10fcc31c,11.756270657005553,5.690680371799262,6.701489009532942,3.604675782331343
AN19P:37a76d57cb602e84,20.3960084394734,16.979421389178317,6.812861876856098,4.507643924540028
AN19P:37b2a5e5e55306ae,17.82798803661183,16.16593533318096,8.435532162055585,4.096196353745449
AN19P:37b2d9acf62aeb04,22.42973270380233,9.816721605204862,8.408592701842993,5.681111616798059
AN19P:37b990c56e2254bf,11.55950198608687,8.005007356599261,6.687323835218248,3.985547842367212
AN19P:37c1be9615b7379d,9.90333878424894,6.234858223202759,6.741232457351795,4.853347278257387
AN19P:37e74045c59c4cf7,13.88693176206104,6.359405666035516,6.751392253466938,3.4832983193639726
AN19P:37fcf66dc53fe554,15.38123309199022,38.15065683792082,9.22231175020784,6.478314622201587
AN19P:37ff494a0d50d52d,12.054315241891436,4.239666275298842,7.393737933971119,6.328521227573214
AN19P:3800001de880b8f3,7.764026303316655,4.5580584603673175,7.599436765200705,5.234140132870766
AN19P:38004090c04193c7,19.706698681544783,6.283411823293104,8.111653936898426,4.057022752400747
AN19P:3804b8a54d7f84dd,11.674025926248031,4.78873919411654,6.940148582932797,5.941210959689509
AN19P:380e75a7bd029502,40.30203112566713,32.87970896839317,8.52423219338025,7.277621202293251
AN19P:3815eb91c69daa96,20.15637926628773,16.911662999724204,9.015388449941142,7.709864629801903
AN19P:383c0454f27818e9,14.52984642175628,9.392052277465051,8.369604755905545,4.710468583674922
AN19P:38448415671158cb,20.0150757245117,14.270019262014856,9.129838791238011,6.20398867383986
AN19P:3845ed3b8c60fdc2,7.468408312417298,4.653338849994778,6.471161772794036,4.4679715458222775
AN19P:385f91241c17366d,16.454935609144947,4.842314377253275,8.216104982793937,5.803723254930399
AN19P:388660f20e416680,20.19701451029128,21.98665389840412,9.008533073142685,7.773654716957899
AN19P:3889029a9031f737,18.413159929866893,21.127918775314978,7.792776661584124,5.087831244667173
AN19P:388d6d0250c2862b,27.37698686907272,17.902367201575036,9.78884773143558,8.404628508792172
AN19P:38acd7a073778f3f,7.725265018354061,15.391390796309958,8.477785192490733,6.915518754052946
AN19P:38b328ffcdf79516,22.827743753532385,9.357488768933312,8.467281516174637,7.503859645174485
AN19P:38b8e8678da88a44,7.750499176058709,11.096389067734652,7.3247285187934335,4.008256839711187
AN19P:38bc2daa4df95298,17.331652335217,4.0895490074181655,6.778197865226066,5.361711803495809
AN19P:38c4bf5560e0c14c,11.27811571242234,3.595831669216533,6.952586683643339,4.688252972576245
AN19P:38c506d4c8edfa59,12.84771776288086,14.143996908184375,7.855641363693603,7.297455801226135
AN19P:38c775b1a15e21a2,14.998596762740275,4.672485867579859,9.204336219263352,6.144142553040691
AN19P:38cf02ca92acc139,19.375501756102494,10.352029431393117,7.004208332373083,5.207371888160285
AN19P:38d9fec97f42bef2,38.27219299097072,32.881811027398534,10.240254113399873,9.179882032292326
AN19P:38ebb6eb336b5642,20.59469959626829,9.19949117419964,8.947300561553282,6.2559314648199305
AN19P:38f583d0b97e92d4,28.45893113007305,12.51463469516976,8.616492175246867,7.159901230736562
AN19P:391e7892a5e06253,20.91139311158123,18.429457309015262,9.028372573995942,5.801854146558202
AN19P:39226a290070e7fc,15.167319454924698,3.789799866805188,7.784299623431551,5.086035025802152
AN19P:3933bc515a9b0d14,32.98178936448892,16.48407640087809,8.755515341872968,6.086836982178973
AN19P:394b0eacbd747ccd,22.22183250907793,19.86184694414229,8.595014511285461,7.201166292397717
AN19P:395ec1b60362eb23,21.07282747828819,10.128421935379814,8.556098589322533,5.700789411006248
AN19P:397b654332b3d6e9,22.24363559180424,6.18668613915904,9.027737191490523,5.640492400220497
AN19P:3986b01c7a2d305c,16.148509399548278,3.067435433694406,8.738397548671907,6.741163376990031
AN19P:3988d7b24bf58bd5,27.52360386151425,26.44495439421402,9.02201812008838,5.905956119758402
AN19P:398b614a47cd0847,11.13046634204665,4.516162796401921,6.981554768640449,4.630143820579481
AN19P:3993364d38df3b04,15.083246637292978,5.163130504850488,8.126124019304491,5.2888728802032725
AN19P:39b0a889e644da55,13.536121589091406,1.6651943605245856,6.970641260131679,4.809249631141541
AN19P:39b1a106fb0dfbff,25.702465932788467,5.992338338572145,9.040418299227596,6.750543534645471
AN19P:39bb093cb6ed2fab,13.601398052775776,7.025407381430948,6.904059061342242,3.4825202571643774
AN19P:39bb0cb6aee97c72,18.29039801012659,15.192544754229962,8.933711511340421,7.124165445054376
AN19P:39bce8ed7fddc8cd,18.077822767777334,7.755950565990367,7.898538895185509,5.631674586033241
AN19P:39e156bd5ce39e30,25.7104338162184,9.81936838777466,7.985104583535762,5.286223571615059
AN19P:39f33e3e9257396a,11.819349587994877,5.07465593596047,6.584270558262888,4.565679240545238
AN19P:3a019863cb091062,9.38086501520549,5.534016675017045,7.350129097006071,5.2995982862481
AN19P:3a02561a455bcc57,23.481468763312098,24.79526508122958,8.42938413844794,6.093021942771564
AN19P:3a09cb18aad60b1a,14.54987055775658,8.500356022149358,8.261952021660292,6.819971135746559
AN19P:3a0d8d30394ad25f,14.02781032731821,3.810087751956342,7.456793461883007,6.711413692096143
AN19P:3a10783d91c9f476,11.170241374419374,7.3764355263961265,7.6256212803344114,7.40554168280962
AN19P:3a199f2a33427691,5.644693906821551,3.073283236984393,9.344658454781174,7.62494102255593
AN19P:3a30e357b51e087d,11.191950312730592,6.989672356411096,7.925577139901531,4.243240578900287
AN19P:3a354f1ea492dd9f,8.599733853098359,6.5435740117261965,7.379126739037966,4.822704953933806
AN19P:3a5041a378b9c482,24.55840793419645,18.973643947725098,8.436578987295691,5.224031173860837
AN19P:3a608573674cef3e,25.38276526180415,11.7818209626634,7.5123969222908595,5.128408469470811
AN19P:3a62155b7a9b60d3,14.64763881079054,5.738004140978195,8.512301005785423,5.380313850320643
AN19P:3a655b9e5e0a4533,29.89970219667164,12.043031521269992,8.762355665951443,5.730798160281101
AN19P:3a9de962398eef7d,17.86095857887746,8.197331285056444,8.60486676532576,7.619614434089958
AN19P:3a9f291c73a18555,31.5513008448748,10.673404099406977,9.689055308602102,5.8830785624508986
AN19P:3aa0c9e346716081,8.780204427370121,7.346115250355924,7.827638785178694,7.082803870203946
AN19P:3aa10cc478549bcf,8.804890629067236,2.2751964515019463,6.191735722585445,3.850501154514023
AN19P:3ab11e1add049e69,22.043520354276428,17.660189142644686,8.778705180350352,6.161132816002649
AN19P:3abba1ecd3dc7376,22.66849346566722,16.643652587065212,6.949080790371478,4.369618526705808
AN19P:3ac058b1c6a63074,13.36156952465236,5.236034822509009,7.283802614042875,3.789743890055081
AN19P:3acf9a9490a6ffd8,23.839559616359917,11.30684711796369,8.251545679650444,6.213110405590166
AN19P:3ada885aa754d25b,11.093398078877334,9.088789495995265,8.256328614903497,4.686587212491308
AN19P:3ae2f8aba177b112,42.66173817134359,40.78332870686639,8.362974248221393,7.388749434716125
AN19P:3b11946c4bdd4bb3,17.59687802575565,5.557759541528025,7.165014168549804,4.493062984645324
AN19P:3b15468813df1351,19.80338743388073,6.392795630808453,8.353954484889007,4.762461512054027
AN19P:3b1763797536694b,14.853747177830831,5.149533033457862,7.653266938079751,4.286387359881326
AN19P:3b2b98becebe402a,17.597846407982015,7.700676524072184,9.411886085775896,7.163896429276671
AN19P:3b2c998e487dcaba,17.646224720208952,10.849176381670972,9.505160543599176,6.588359419008121
AN19P:3b3f74c7fc09a90c,16.399580517543377,5.153950652950174,8.739720728866335,4.858441571733802
AN19P:3b4680f0197fbfbb,19.56458709496803,6.500070747970401,8.912837227993354,5.782084067744754
AN19P:3b54a06e1be36813,12.911309758628462,4.8536555326641295,7.723340751259855,5.759284629272613
AN19P:3b5ba55a8eaab1e8,8.959651477540767,4.918401869490442,7.524947152604371,4.17829023035723
AN19P:3b6f78f5af639bbc,15.40477411048508,36.76486574634799,8.349871727048841,6.995437114877779
AN19P:3b7369fa2eaa5aa3,40.742504534542576,40.14437953245325,8.070057255048187,7.990548150164851
AN19P:3b774afbcc00eea4,10.471203591848422,4.09282697660792,6.3660443377645,4.340557205561858
AN19P:3b81775dd2a4144c,16.951418773376183,4.254928982537906,8.527556089243413,5.1173894516115785
AN19P:3b90767abb5b3c89,13.68484923582009,4.817290127574726,7.034315685896093,3.96382790993591
AN19P:3bae54fb91652637,16.178504721593097,6.837711525939893,8.313710688122898,6.269193451285581
AN19P:3bc726ad15f7b0a4,11.054452569241754,2.490378781091174,6.157919046994239,4.555770732214233
AN19P:3bded35366ca09dd,6.789441885553695,5.04289345789275,6.756322575947494,4.576490452619913
AN19P:3be075e347f9dd72,17.352228581172216,8.984804442214564,8.346475086458229,5.782021944858156
AN19P:3be6dd36129b5bdf,20.38220012294516,7.38987247028151,8.526193321696063,5.73382004218601
AN19P:3c03fef06fe94380,23.22988316612189,6.005697077075944,7.345513326455775,4.824670373792347
AN19P:3c16d0ae942fb9b4,14.56706036980018,5.874884284029727,9.330428344083067,6.446296972988616
AN19P:3c18353f1ef4a8b0,13.596567493098686,3.732286723468331,7.466183560201101,3.604487806294681
AN19P:3c3bff912c6a5334,16.071983213772373,18.34960504696246,8.19178702710972,7.136820845452122
AN19P:3c3de2a3af3ae2aa,10.92917402938752,5.273059092257033,7.764999914612782,5.227020695259371
AN19P:3c49b5f1dcde534d,10.077815671788615,8.632619186968157,7.058199321750186,4.20413503341496
AN19P:3c54f7273301b9fe,27.26452690066513,17.086858485304635,8.005954340148396,5.493253078985955
AN19P:3c58f930bc2784fb,26.07403376329323,19.138715162260795,8.723103333682188,7.826684509973085
AN19P:3c5e706dcb0d1625,19.00778896304988,9.394139853700894,8.569850141898694,5.75140480657724
AN19P:3c60cddcc50da0d1,14.490454065330406,5.414807011837116,8.137723544155097,5.329108777995756
AN19P:3c67b397ccc6794b,16.40723151929922,11.457878453163238,8.121832007202668,5.042583720170337
AN19P:3c7a60c775eebbec,13.43941608214757,12.180041877569456,6.261984729309918,5.289827725007486
AN19P:3c8114d3fbcfbfdd,28.262211814467467,12.806209983458176,7.210059198467593,5.087661813024161
AN19P:3ca3bc08782d1348,6.79828688403284,1.7909519339511617,6.098766270293632,4.204858051969699
AN19P:3cad830998593375,31.0531555513035,13.062581134534538,9.583213690253048,6.230567861476345
AN19P:3cb2099aa7daaef8,17.52632099060415,5.631505950932826,6.890103473201268,4.128318792298092
AN19P:3cb26a80fdd7eabe,12.534903165390178,5.985077293293688,7.197870596060628,5.426782728562213
AN19P:3cc2818c7b9fcd78,10.51313259535092,7.265783638379217,7.5847296612065,5.06475034904789
AN19P:3cd5f224834eccc0,18.01649747461868,14.907253395643991,7.328169438024835,3.699674472828235
AN19P:3cd7458e9a9eeb8a,23.47564478900868,11.866426779841566,7.868783255593082,7.454869800670066
AN19P:3ce940632f2778d7,24.10514463733704,5.783282912071338,7.369688846404867,5.670075393174582
AN19P:3cf9e88597a87b1b,23.64684243586136,10.76292702221114,7.312865281548075,4.587695754906493
AN19P:3cfdca5c00231803,21.3973559477537,7.176701327860622,7.287667729421514,5.519875462379698
AN19P:3cff2bba6f1c4fb9,21.89225591774653,7.495945144455043,7.956033518085828,5.9368440567820615
AN19P:3d01205b5cc7f702,12.627331769946068,15.240908306641938,7.204279552565231,4.707776651556159
AN19P:3d357cad946b9648,33.21219899618058,16.29143139665325,7.471066015357219,6.1109877632874205
AN19P:3d37470a6e85a812,21.415345986208425,9.411691449124142,9.24942494145422,6.877016020476366
AN19P:3d3b99ed448c9cd8,13.601491721669086,4.343717919460531,7.127804203118131,4.958527942488834
AN19P:3d72540728597c78,10.617106353463251,6.579899673735166,6.9612790366141954,5.055768107472568
AN19P:3d72afeac25122e3,19.32906804165973,8.27890393494398,6.145078793476867,3.952188503163672
AN19P:3d731cdea541d0e8,13.51305193882378,6.084902809003134,6.68053738055896,4.204761646143059
AN19P:3d752e493efeda80,17.094359555563386,8.57310949242468,8.075525625188197,4.18244780301836
AN19P:3d820fd875cb5891,10.944921935822608,4.523542240676871,7.042504447832165,4.377588776072645
AN19P:3d9d8f453a441271,6.259568470468195,2.7915257238666755,5.99138932586995,4.936123582174539
AN19P:3db12496b4d40e16,16.43990057088909,4.67627772274172,8.262725707663003,6.0611292693861945
AN19P:3db5ead4ad8008e3,10.480581415317705,3.862994263091465,7.310522866566862,6.009378872253573
AN19P:3db702c58e236213,15.543305178785207,10.51724968660543,8.406755462626105,5.6888200526201365
AN19P:3df00c7c61b4e1a6,18.220793177243326,2.835126584312767,7.272237229341202,5.5682470329655045
AN19P:3dfba4600cdf88be,28.530625414651496,15.03396815091352,10.540092043791931,8.298977233975124
AN19P:3e08ec945defc329,9.485796605600097,37.04670594321742,7.1035670173937095,4.5475155432118575
AN19P:3e0acdd0dd5a4e82,15.512842519837122,9.528633473679198,6.277038351042749,4.308935376584325
AN19P:3e0c5305d2c8aef4,17.74591593674199,9.33227330276602,7.252373258861284,4.814384727356162
AN19P:3e14e918e06e7fa4,22.751897953590976,10.377002141237307,9.093679873750462,5.783306089870345
AN19P:3e15e463c7bdbcc3,11.995292130758342,6.338803247795035,6.979846542303887,5.100148998912886
AN19P:3e21f7c5a77295ce,15.99309656870702,9.75772727227069,8.685128685128536,5.785364784957197
AN19P:3e322f2eb3f173b0,13.071341974859957,6.354365569112304,7.569318406988489,5.754837542499647
AN19P:3e3f7d60bd00a6fb,11.077094542349526,10.53090716623611,5.788207000623099,3.246064099222583
AN19P:3e41407b38f59132,23.417518348550168,15.95875375047786,7.617100714157024,6.698920879868014
AN19P:3e54426e65f0e893,21.9201139408451,22.082895215229694,8.125481589786451,6.040555912860551
AN19P:3e60ae1fe542d136,12.697294678769168,13.042592131518056,7.486541846502898,5.682510314164773
AN19P:3e6a5b4e0318ae81,22.85898019050271,17.889357232353024,8.899724169175473,6.899896348981372
AN19P:3e6b0b8aba9b50a4,15.466674841176497,15.130988345183594,8.264677232915064,5.099287209037845
AN19P:3e6e3231c19708bd,17.266009909021466,3.79282556537101,7.703671025609974,5.8324982678061525
AN19P:3e6fe8ae5931cdc2,21.740501529538268,25.82976698697721,7.55704457961322,5.520682376066163
AN19P:3e712f46b9c1b348,10.908730699304655,4.660432185818719,8.637432024669472,8.147680008446319
AN19P:3e7420c77fbb7ba9,21.00880596694882,15.694911549670934,9.141106930042673,7.771449626470167
AN19P:3e7ced293c69a279,7.82193808937429,8.40996815218954,7.21180434522146,3.794551076655703
AN19P:3e7f4c81a1eabd97,25.59362058439951,15.747669096020465,9.488156585090705,6.7979712367688085
AN19P:3e8c12b167efcf42,21.98165019386883,9.68968413667561,7.587800938726404,4.200833813834506
AN19P:3e8d5adb4f581582,26.2689379422528,3.27565710989328,6.548738695663354,6.455127023254824
AN19P:3e9a8bd12aa4719b,13.09525235229254,7.773099789595572,7.953752741345966,4.760158813822388
AN19P:3ece9b01e4313b63,16.204109211238432,15.13037421936493,8.114645006946457,5.878670144665832
AN19P:3ee3c8eb66b39585,18.21112220223083,8.798657306020523,7.711026653183245,4.892911510342165
AN19P:3eea28dab4065350,25.068480307064824,13.136069025478776,10.218617710442146,7.671633127406478
AN19P:3efafdc7f355dea1,20.42826422851744,13.585694010418932,6.519626086200301,4.221163880759112
AN19P:3f14e585deebe716,31.57618082962347,16.355025634767795,8.596407040744644,8.113017716979147
AN19P:3f4113f9d29c4590,18.47070000769288,12.1534203108093,7.72761386985866,3.888594311552035
AN19P:3f42122c6a1ffcf3,23.929082237667966,7.978243524925949,7.050036810122302,5.438217440465045
AN19P:3f426d803110848b,11.832351382676151,6.483692993139821,7.469517591496266,4.977047267717731
AN19P:3f55c2608073afcb,22.877013962570167,12.804890949151742,8.259516179042098,6.845115790696863
AN19P:3f7d12bce5a531bd,14.918974182220795,6.382347201255443,7.444356973263486,5.4612317348766055
AN19P:3f83eead97727679,12.750437999400372,4.943268805198475,7.196173064937958,4.661504123691093
AN19P:3f94f6994bf493f0,15.587671401441954,9.482851571432636,7.1010738947697645,4.611428697158543
AN19P:3faed66a4e02ced1,8.406169085863322,4.859503863515024,6.943005733410062,4.347307561897221
AN19P:3fb67798eb960393,11.819349587994877,5.07465593596047,6.584270558262888,4.565679240545238
AN19P:3fba0c7b8fe88b12,25.98562589829945,7.37802132914916,8.170225249060545,6.484575236164464
AN19P:3fbfc0f9a9c6210d,17.98318235758874,16.439908347314073,9.055682183608932,6.583029971609959
AN19P:3fc20b277350e24a,22.791553251241435,18.784692580239405,8.194039828277,6.038310103525951
AN19P:3fd41e5b8d551ddb,18.026636954052567,24.333282704210585,8.103340140988132,4.613139187022604
AN19P:3fd5bf3f69c70e1c,15.34005615478948,2.5897970739998017,6.520679497798288,4.518463878384409
AN19P:3fdbbd0220cf55b4,12.373755862887103,3.9720343329629335,6.699957431228336,4.774915056111417
AN19P:3febb43548e107cb,12.343012681541818,9.223267114138109,7.822933170370701,6.610100991612888
AN19P:3ffebb76edb78c1a,15.18608590672362,4.049720242591084,8.191948613764795,4.876571849358307
AN19P:4003112180831cd7,11.853787398869317,3.5826697008198165,8.160843255941174,4.584616154187772
AN19P:40240463ccd88239,14.155633162606216,11.721639317159688,7.416207859374146,5.508745336303413
AN19P:404ea024f521a2a4,17.280177830562067,9.156362834219577,7.77763719423189,4.483202197942952
AN19P:407457a9757eb573,10.988390498189451,3.501176529325161,7.234550183474568,4.936469473600878
AN19P:408618a230a161ec,20.761380127884475,7.132345194987537,8.533605754190027,5.584252978748356
AN19P:40946213cdf72126,7.0767645784594375,11.329768340309386,8.3079890556819,4.537571855520637
AN19P:4094e4fd3dbb5246,30.83211621678314,13.136345342869392,11.458829294392348,7.572608771301305
AN19P:409b7dcc74da2355,17.77162774100438,17.51651931891948,8.034910268238926,5.469270548546032
AN19P:40a6547cc7a7da13,6.754096180037295,4.353358351890072,5.443079772775502,3.7732951869247775
AN19P:40a69cf6349c1a06,11.915110727381348,7.607252830839009,7.094299479537909,7.57100084544341
AN19P:40a9d0f3d679c9b4,15.576485290480248,10.668516189401435,8.16817831285073,5.333558761023663
AN19P:40b285412681cf8f,22.52206670031204,25.08883411042139,8.024724222255033,6.538605550261106
AN19P:40bc6f54b65eb8ee,9.522727560065718,8.026734302503002,6.836815868369106,4.152387264774547
AN19P:40c4324e0a8420fd,14.114472378781702,2.974213040818237,7.669410035724626,3.920748054421385
AN19P:40c642eee2b54cd6,19.087898414491217,14.660214226334698,7.822590651171367,5.612952043709349
AN19P:40caceaa138ae8a5,15.313565089382196,3.7902382025162455,6.767356057428192,4.736117136841508
AN19P:40ecf14a5baebb13,9.344197650344867,3.136146895837874,8.563711229203538,5.060497552305176
AN19P:40ef447297c88d16,22.88944104006773,2.484658304361983,8.043962619266,5.129090566319173
AN19P:40fd66a80c54f2e3,18.24586910048455,11.249914158326169,8.461428357875718,4.846268311343606
AN19P:41284002b49fca8f,10.33307834891273,3.605522839008736,6.134291274102954,4.227588690418222
AN19P:41293b6abceae3e4,25.990042784995573,15.92999824968608,8.46727526078497,5.535454340824027
AN19P:414b9a69fa36bf80,21.96795914680629,13.686210766247244,8.686789143744038,5.551791647983952
AN19P:414f7337caeabc97,28.24186814555574,27.066460962283525,8.484395281933903,5.562110204337452
AN19P:41582f95c2d9878e,12.89025032232966,6.908482037242898,8.207004871119578,6.427170323623525
AN19P:415888cbf2f33ba7,11.479878138271696,2.6213354347303457,7.0815979631166925,5.447932614104669
AN19P:4174099804c50747,20.744797838253614,16.223012112609794,10.10021023818375,6.304924818138871
AN19P:41846f0a723a8ff0,20.831207262482916,19.191207342408248,7.686225767311317,4.558884905796516
AN19P:41907f531936d2d2,17.267253644448598,4.309937365663547,6.797004835960133,3.831130533354955
AN19P:419afa0e40255aa9,13.404147377405518,6.980896005260777,5.633921349430962,3.31551156987322
AN19P:41a049aea2992ef7,20.6349172241252,4.128636593869966,7.387139895191681,4.507121145293062
AN19P:41af76e326f822f6,14.549384811732256,6.409669887689393,8.306958003296794,6.029797983878932
AN19P:41b5605b611808c4,22.072543729484845,7.925489206107426,8.100627498937687,5.494560943487241
AN19P:41b5d6150ceaba55,10.915689114805277,6.024165041765171,6.741447127685413,4.66501985425665
AN19P:41c4efe212d5f3dc,9.738113038729583,8.635500539891272,8.131232080252204,6.610175421401704
AN19P:41cb42e402baf653,23.38304555779801,17.123846184825787,8.14628496491465,5.09141113955533
AN19P:41d181aae77c149d,15.18655118883851,8.970691048552201,6.751136959414128,4.227174161334957
AN19P:41e0c30cf767544f,20.61801401826761,9.650478171710663,7.418068246409579,4.981542203922297
AN19P:41e3b3e3d02276ac,15.952063785812234,6.655127061849705,6.92145395972045,4.715307964364158
AN19P:41ee7e061321b783,13.855461677640946,8.716711745132077,7.831339114901331,5.46769567167737
AN19P:41ef7ddac1b6ab2a,11.56772735101434,6.733612496465315,7.985728328150598,8.164963065333131
AN19P:41f7c9388e6732f5,14.540494913140453,18.99466195403656,7.956957555961625,3.942681851975288
AN19P:41fe54ba50b6c63d,19.54819815060628,13.051128952886174,7.090462674480409,4.123873880076654
AN19P:4203f429c86629a9,22.04919305316851,8.25963265557989,9.289811888019754,8.01274676327462
AN19P:4210953ba05ede25,28.072515200440243,20.60939674351707,8.910022614060841,7.386239906765072
AN19P:421820152fb3e215,6.056574607312381,4.422943309041384,6.693972242098701,4.580210088476146
AN19P:421a47b0c67f972e,17.10223366236264,8.161360974350542,10.260407812709571,6.6308373134819805
AN19P:4221530100c460c7,12.207294960802384,5.5561166436686,6.976775493894119,4.7721938854287815
AN19P:423092f80ab68ec0,16.323027618867656,11.920263893300984,8.769993564652706,5.3565847206980965
AN19P:424fe3b2888166cf,19.662355777922727,9.76943393090085,8.436875047110188,5.248725832683563
AN19P:425863c4c1850ca5,23.798296977837055,6.0352690775379525,6.784347717205593,4.261981354791596
AN19P:42678bcdb3cefd54,11.885113424793408,12.36985222347686,8.205968830627436,6.012644768453459
AN19P:42755da23c77de7d,8.911619604815034,5.669339993876447,6.774141595217354,4.140950401257325
AN19P:4277f00b7af30c35,15.419234107670574,5.977887172036454,7.087581096612118,4.8004480708230455
AN19P:427e8f5c3cf324d3,18.080649442393653,6.873777137165997,8.213441975703976,4.504813950188009
AN19P:429de6b92f671457,41.54735595108316,41.58928209675445,8.479029567129887,7.566750558667446
AN19P:42b7f587785eeb3d,14.163245420409233,6.668969992539648,7.979553171515257,4.115831268183524
AN19P:42b8e7b5cec22f4e,18.109128448947043,11.423932267104291,9.843892975057814,7.910345513385935
AN19P:42bcf83989ec6a1b,20.762448119631927,18.044342891651574,7.2458083861315155,5.151425784743383
AN19P:42ce8225dbb7643a,16.056462815775088,8.193888855573357,8.444052957200004,5.105225305172006
AN19P:42d737d6bc1acbd8,15.891462125057984,4.412507922621769,9.076752169112876,5.3732503975943535
AN19P:42efd83036f7a674,9.563693275269085,2.8787594981941096,6.6871506651397405,3.890099324501601
AN19P:42fa98df3764b71f,14.361453577648694,2.30718727608708,7.272998050693311,4.440204068538929
AN19P:42fc07f08678c8e3,16.08387807688454,5.390324348371698,8.131534629907057,5.647305397371834
AN19P:431509512487f27f,20.06611303492477,5.387468026143611,7.234693843996188,5.663226228683796
AN19P:4343d903bf54975b,17.0174386352834,7.305848351509442,8.21045382192069,6.4937589674411305
AN19P:4353ff58888f0e13,25.85452069800657,6.801094047568027,9.068076695202816,6.683006775160597
AN19P:4354b4df8808a9ba,25.516054817178237,20.924533192561363,9.022553821388206,6.130452676993173
AN19P:43554e69dac9e4fe,14.398148817461404,4.166182566453705,7.547646274549894,4.88007691560074
AN19P:435652045572122b,3.5349094351410466,1.9698895731745376,6.602523214687778,3.8607543443249495
AN19P:436b607398cfc370,22.72542574183998,15.557093869508572,8.358095245240388,5.886449989493186
AN19P:436b78153cfe8f6d,15.697285325963689,4.9077230072952505,5.897853590729257,4.559927954974769
AN19P:4374c4a14bc399b0,23.075624938392853,17.888231925597086,7.994702079323731,4.419405650542154
AN19P:4378b57d0266f572,16.354333846218495,10.64009956395656,7.061317523250655,5.1256119161420095
AN19P:43809307b335c2e7,12.071415385682656,5.140984732890146,8.428998168524739,5.112984820052472
AN19P:438f32931c427db2,16.544523840094165,6.519402260439846,8.012485303184407,5.736005721994947
AN19P:43a26a63c4637ae9,17.36702076285196,22.1541440369322,10.265294300414917,6.377299016710585
AN19P:43b03fde37d2f356,19.580305257980843,3.607289012641527,8.350946756290586,5.444505811320473
AN19P:43c1b7dd7a5f6b8d,24.632034216410126,5.7385604673033646,7.943700934226199,5.143135762319394
AN19P:43d82380c344d060,10.64436401593059,35.80203339361936,7.725061401699961,5.948850863967076
AN19P:43e7c98cc8f4c93f,9.394094311981013,11.308631947999087,7.12216303517228,4.133615371595129
AN19P:43edd67afa95fff8,17.593250019770114,5.909024036397067,8.331911791232121,5.019999383917245
AN19P:43f9bd0601d9ceed,13.655475734036155,7.919641363456424,6.710803579480045,3.881924150391547
AN19P:43fce9696330ea82,31.762065204711483,12.13430310367544,10.725393858388276,9.141238670911314
AN19P:440045d9ceac94ab,25.36438454144916,24.486263441040546,8.94280782102097,5.151042899197483
AN19P:4401479642077306,27.220782872162992,19.07210101381847,8.58584873646309,7.4317036533679826
AN19P:4402b7fb452e47e9,26.507464392293283,8.870506168780501,6.154260386472704,4.352192496601005
AN19P:441894657a6a6dc6,13.15039977620041,14.60271918203546,7.051429573199028,4.552555861215471
AN19P:441df8636ba8a7ff,10.553368784534593,4.215949101513041,7.935277340573282,5.903199342619398
AN19P:44336289575c0c3f,13.657377034106704,7.042877150124623,6.712227494373803,4.746143259967143
AN19P:4437beb2f7e8e45e,9.047322868377224,9.3536577798762,7.29618780741915,5.623575592805196
AN19P:443ae2a89d93385a,10.341967823395557,5.71957101652813,7.165786478205155,5.967102846280217
AN19P:44400ca33888c4be,24.3891816657152,21.0948974733755,9.359942930109163,4.911614180394997
AN19P:44449518ae65e757,16.111418924064186,6.926122386077481,7.754217748807122,4.864796828686645
AN19P:446d037cc3a03045,16.48802819611701,2.6293511753316654,6.918251627705001,4.555357500809466
AN19P:4473d21db0923239,25.47008196836572,24.580860022280994,10.013232118117305,7.495139752612165
AN19P:448229b06324f6f6,26.706373793748952,8.559588204879704,7.302410331935164,4.368804994688392
AN19P:44931b58966ef064,16.327513759269756,3.9429802938516856,7.816105492829132,5.489652916074957
AN19P:4499075ea73c1317,9.023635743606109,3.9185391962716216,6.033551524851139,5.032300983640357
AN19P:44ab92fc022676ad,7.579648966349768,5.634423583650668,7.571753519766773,4.339208602493423
AN19P:44cc4065fc8ba7ad,30.392728027997855,22.10477171765297,7.727756743322854,6.387137708266768
AN19P:44d75051b478100c,11.250329083817366,3.779255813737195,8.789822300238244,5.926715308741066
AN19P:44dd0fca359f4a71,26.38616046643233,19.754691843877865,7.387310174662674,4.781474867749028
AN19P:44ed3ea85f3b6ba3,13.780888402624166,7.347291576838219,8.121348258575715,4.266240291033134
AN19P:44f83023cf2ff4ad,7.701552504712026,31.60312816021985,5.888089101497314,3.393768675083632
AN19P:45031376a81e970e,10.503226899583964,3.64220222570138,5.967644622662945,6.348956421065082
AN19P:45142b3732331b92,29.893995123805755,15.668429098799908,8.79435569445038,6.894774919715885
AN19P:452214e4e823452b,13.521223924664897,14.58872622605475,8.823482827110793,7.802145655504005
AN19P:455ed31db6897bf3,16.542921688366558,14.163608496049267,7.169927528609497,5.487055862903877
AN19P:4586205a609837e1,14.19313785835307,9.369229067424753,7.959104240919165,6.581681971643739
AN19P:45a7b7574347a911,49.13833459582719,17.4677890772528,10.204403724674275,10.575503932798876
AN19P:45ab4718c4c64dc7,16.933342979510954,4.43541394159326,6.593760389386486,3.794253665571064
AN19P:45b8be209d268617,20.5766807814246,10.666805999749164,9.420929836949025,7.845747686742084
AN19P:45bb8da093df3b3b,9.81252974298559,12.794033307180964,6.340072028404703,3.68921280350309
AN19P:45c19f7dedd0cf65,12.643886019462334,5.847554875669684,7.498315525905461,4.7090955148904845
AN19P:45c1bb9e0ffad3e9,20.26319662333565,11.054092417216372,6.376236544905184,4.62918728207412
AN19P:45ca1a838f086fc0,28.65875559195602,15.814576741082425,7.542979036915066,5.883530317740202
AN19P:45d57d1c00e3e462,9.207822051335112,1.3467284483886428,8.050259823198912,6.477796469827036
AN19P:45ddeb16bdbe2a8b,31.623914264801343,11.909100996793788,10.43823962415694,7.648559148438852
AN19P:45de1a64885f5b6b,17.29752701820123,16.063236305565898,6.500090435786659,3.4972107172094598
AN19P:45e28b25c7c30fc5,2.9498851481947783,5.417275308960121,6.213960507505111,4.45211250493248
AN19P:45f3443dcd313195,17.87927263294492,10.21053848867582,7.460531889777274,4.781309325229134
AN19P:45f5b5ff2b420809,20.129408100362493,7.720758336418246,10.378255265182808,9.535584321353776
AN19P:46284278f1f4dcd1,15.315337156230036,3.3353486064776487,8.162220577520694,4.367293586246932
AN19P:46432481fe56789f,14.523657567023118,7.233227650679163,7.456747732393089,6.779622263650843
AN19P:4645ad4c7aebde29,26.09693459722253,11.42601452405386,7.076908076540597,5.260541564324538
AN19P:464944fcf5bbe647,22.95960154483647,10.052293514458947,6.822277964692152,5.687751455851718
AN19P:464cdb470317150c,19.353841014765045,8.400190053503284,7.718549904852123,8.27538899523708
AN19P:464ce4a38a9c92cb,26.86817770625532,11.951551975452034,7.514961923579448,6.274432749155055
AN19P:46530228739fdf6a,12.945538865991082,12.901356502468296,8.902379232038738,5.595391554971565
AN19P:4653cef0930391f7,11.389416489695742,6.919172529909491,6.616376874059628,4.009229687527963
AN19P:46597ba30003575a,22.046599233454344,7.210997953615893,6.883435087338326,4.955460231205898
AN19P:4667737d2c7ac24f,26.996755739042968,14.539149936124398,10.01279399092258,6.217409778624456
AN19P:4684f4b054ee3358,14.292453014867323,9.671049834899064,6.305702707636561,4.527093877240647
AN19P:468566afbbbf5ea9,19.18617646349802,3.86742261702658,8.721497053099915,6.326058025633984
AN19P:4694ef987d96ce20,9.700799019356324,6.024187457792202,7.607724361866714,4.460248476724831
AN19P:46982b9786f60fd6,17.289158156478834,11.531551900428504,8.963329707628825,8.606442280182332
AN19P:4698986c0bfbce81,29.37112375144109,11.263957912687628,8.463921847403583,6.82460040128102
AN19P:46b4e8c9492ec1ba,18.469944002954804,13.63446938413099,8.676293276534008,5.653078374133753
AN19P:46bd908c1461437c,11.673665313067175,7.0341530709374025,8.35353632968748,6.03024866472316
AN19P:46c9c4d1001252eb,15.522932612634271,9.988106653798487,8.424058231289333,6.471180042869396
AN19P:46da6a3a04244339,33.56806535235877,16.129134834424153,8.14066806320513,4.825031320042649
AN19P:46de02727cf5774a,18.079681117278792,24.419818534349325,8.01159729665106,4.76916257722875
AN19P:46e13beb3bfa8f51,13.650892006048034,9.150437654744117,7.523767387866273,5.140598259758441
AN19P:46e9b950ccfbe121,17.457108153627075,3.557413574668732,6.803143384387774,4.294509852660114
AN19P:46fc31a151057ae7,12.576080805375373,11.155256197359178,6.219786387686108,3.716580465200715
AN19P:470d9f8f4c8b1779,17.147233253588514,8.034725483892844,6.874930041016047,4.495585611200891
AN19P:470f00dfa49531ff,11.474253260961005,14.763480606783125,6.103371920807337,3.852100336165508
AN19P:471e1d89e93cf1f9,14.315489636235007,5.638499878724772,9.871812253550058,8.432534634935047
AN19P:473a7f579d2a15b3,28.326353782028416,22.22764430842521,9.258068161263765,7.063479548715043
AN19P:474de8cfec62d482,23.291313763135527,6.45368328966974,7.938155757651863,5.715935386033495
AN19P:4756bff002cd1343,18.21050077151836,7.255707836185082,9.011427911862716,5.962460205112249
AN19P:475ac1f051af2e54,10.547078645103074,6.084752241100858,7.774893396934674,4.749283705575335
AN19P:47649854321a6a93,22.686315327363285,7.558086933397101,8.930889139824055,5.095398726075368
AN19P:476a6d33c8bd1b60,16.391880264572205,5.165821723755236,6.7399557224751865,3.5454329274750216
AN19P:476e859ee4145589,25.276884954651926,11.96252461057071,9.753682675671488,6.814608610926161
AN19P:47970834c156a01d,11.784988781071672,3.8321411917962855,6.053091493201654,3.615833655226106
AN19P:47aab67b59c93424,23.725541932160823,4.604238286482056,8.319412524744196,4.257515049110259
AN19P:47ab48b758d7445a,16.94491095893442,8.984449305555218,7.739527362396116,5.183585489527995
AN19P:47ad328b28ec9d32,27.404142175279084,20.065650937447742,8.913273143426963,8.810504272970874
AN19P:47b789384f096eab,9.629852452968562,9.686088154692834,8.072627588585597,5.224290266786587
AN19P:47b8060034a90525,24.884732451872736,11.78636072276602,8.324596501374044,6.524011275748426
AN19P:47c8b32d4cb9c73f,17.28838489021467,6.538826176911835,6.741688940258199,4.688274159851388
AN19P:47edc126555658f3,13.658048719499364,13.837379299399547,7.707515364447265,5.918957990674809
AN19P:480d4319d1409c5b,16.277566289901447,11.11229876932366,8.671233651704835,6.333951885859051
AN19P:482d80cc0b555946,18.51205677177556,16.945831743317033,8.72343644233027,5.242726968296254
AN19P:48316c68124735c4,16.702807909173654,13.918153236445011,7.578013820949832,6.608435985403595
AN19P:4832420889cec74f,17.911130681904258,36.56000745907879,7.93799632732809,5.149330352013383
AN19P:4840fa5b9ef8ab13,14.994431644776965,7.939819934347453,8.42484021408846,7.079899064341284
AN19P:485c0eb2658f2631,7.119175018932958,13.055972807490235,6.707155718942784,5.403109361874232
AN19P:4861a85de9b6d2e6,20.625102600255254,7.132845778270066,8.36865852212244,7.54549906385709
AN19P:4864999aefedfb9d,9.60718644194559,5.554435878347795,6.671013396793835,3.513125325017694
AN19P:4876e69e415c4ef4,9.630892705374254,11.58109050773064,7.318620200605127,4.113420380278589
AN19P:487fd30aceb3a3f2,18.323514787705424,11.137456236337416,8.066472885735102,4.866966191430443
AN19P:48861b2ed34bbb3b,14.85582734738769,8.669555370066268,7.56190209829632,4.387134496738657
AN19P:488e1d9ac742ce7e,21.488830953728428,14.05023919565568,8.093036190723089,6.600001918731795
AN19P:48968afd167748c2,18.433892694074867,5.325220769079744,9.112182774407366,6.003848038247358
AN19P:48bd7b2e92f70154,20.11670672176684,15.73922001976599,7.054762658695388,4.415999038464704
AN19P:48ce206cac328413,21.032674352205785,7.064435758202375,8.343909072633647,5.548011550356648
AN19P:48d3dc04042af5e8,18.02911969477769,10.600783712514742,8.591301429023655,6.069619396996576
AN19P:48d73643750a2f36,28.660190348333263,22.98869583629739,11.918794008683584,8.058329255406738
AN19P:48edaae4f1a681d3,23.82784929645552,17.834680800475795,8.186260307946268,5.169685265249128
AN19P:48f318d1653ab1ff,28.731387056736185,10.165456199207032,8.19014033284023,5.5485233966758605
AN19P:49057a7104774b0e,6.0988029122983285,4.125184510166517,7.030068264250216,4.198937986651826
AN19P:49247500dc0e5500,15.378865663445488,4.311645166260061,8.79529181599767,5.755905950572129
AN19P:49305c3ec3e5eb41,24.03593832289913,8.47255259114515,10.368896386375612,7.330322747997622
AN19P:4936769d9d74575c,10.01251383133906,4.140664584406907,5.621270094874127,4.466169368122162
AN19P:49457474a2a5a04b,14.409130581648824,9.209274124047266,7.62969066508307,7.371322928570657
AN19P:494917dad0c8be91,14.576564188914803,9.175541194148888,7.924730421035848,5.760551417908634
AN19P:49606e42357f4cc5,16.43705825053254,12.849556640158298,10.671862564599945,7.744429141111844
AN19P:496584f5ab338493,11.95250348180586,9.27391139660233,8.18659147440414,4.816474577322503
AN19P:4969433d7c5f1c6d,14.383229310224555,5.340807387936448,6.618542454395432,6.024493020082627
AN19P:497278aa2a8278c1,13.123243656043806,4.369890066704427,6.287251313150076,3.6891732510926847
AN19P:497421eea7f8a657,16.54540722381666,9.950105573724208,7.695817183184612,4.810577558572608
AN19P:497d76166fdce35f,18.811639662112903,11.708944292529557,7.501304914799156,4.276977643423037
AN19P:499af1af213fe851,15.06064890263309,2.017830626156514,7.776865678317076,5.254693664846784
AN19P:49a7e83275dfd559,22.342492080211795,28.13219285779752,10.681077337898165,10.812015198648911
AN19P:49b2f4920614fdd4,11.572972426623464,6.823644557543737,7.5918320777581245,5.780638985072572
AN19P:49b9b4b3bcd66d82,18.961340761768568,6.292469760765874,7.375504356314477,3.918412343303392
AN19P:49e4442632d0c435,9.468939005742342,3.7950606334617887,8.74194209701303,4.225906841288503
AN19P:49eec006ab8d54d8,24.820068662171096,20.694958771718472,7.930061010542306,4.934490832899988
AN19P:49fbad0a8fb5c177,21.74684306502437,11.442141977321082,7.013842141384228,4.86239475427824
AN19P:49ffdf31044f6bc4,16.213101276958795,6.285653414839676,5.846755083779507,4.01682482987182
AN19P:4a028b58e0ba3e57,10.197963055568149,9.015151288656924,6.816924562046832,3.247807236605443
AN19P:4a1e9768bfe7b256,17.655090885280995,17.171981698276333,7.193723642232404,4.29915248018067
AN19P:4a223eed8bae8a16,9.647995108387567,6.139245508743339,7.987597650918887,7.190325911673953
AN19P:4a2a7f9c6af76e44,30.434570758237776,13.704977088960227,6.565039511357583,5.840827071862448
AN19P:4a2d1846afd4b2f8,15.868064150682518,7.618522132643455,7.492016764382527,5.176190281667068
AN19P:4a2e15ec0d49f00f,25.78788338720073,5.991788428128961,7.965102694550631,6.149125345092516
AN19P:4a3ef95747cc6bbf,12.53589967898098,14.897540422311495,9.30052847634808,6.072622385426884
AN19P:4a54888e3e2f3a1d,26.08707443362647,10.099807313078337,8.742989623158826,5.309853384411423
AN19P:4a600fdd90c389b6,18.885535744940963,19.043934628456427,7.98110674923864,6.353803562637951
AN19P:4a62153b050c320b,16.314591094223857,5.651335156828886,7.67991150292128,4.371054755908464
AN19P:4a624d714d2e1dee,11.01297039687628,6.202090814036203,8.087450074940701,4.121465326657208
AN19P:4a8ec0ce4122a98c,13.066907132127245,31.640934834591945,5.747942072497268,3.15109854561742
AN19P:4a90b3fefc6a9114,17.791084477064796,4.9647529289840096,6.945075619136618,4.811787018231358
AN19P:4ac11ea938d726a3,22.17373609199857,22.41683769810876,7.1207789801623615,7.160108798175061
AN19P:4ac56327b94aa557,14.108406569170096,3.794298923310368,7.460856488588917,4.341615478511721
AN19P:4aca379922d0620e,13.82837495181396,6.795619708168665,8.047518656086778,6.483144576860706
AN19P:4ade1062553741e2,8.008867678479612,2.3710444039674465,7.499227943321555,5.214841784191221
AN19P:4af8ca0bfc22265c,9.62060400343604,5.890660943158677,8.174101016418048,7.924164761678544
AN19P:4b1a1e878ae35026,10.930906583404717,16.738347285883755,6.859928996489148,4.318245758830264
AN19P:4b1b1b22b0b2a515,17.485755472902845,5.4205327588630645,7.234730577407036,4.392382265414057
AN19P:4b1b1bd977b68cff,31.13753905026833,19.593211245440504,8.638914804760919,7.063563298321096
AN19P:4b3216ababf88c37,8.110172912980632,2.515827066062319,7.544099566024867,4.016005168841557
AN19P:4b42c524205c6512,13.721071210851884,8.570813684706641,6.834734447749074,4.541556383130584
AN19P:4b4300e986728c93,11.62177996008436,6.131844946309164,7.482741322032487,6.253131396473281
AN19P:4b504d523cebeea7,22.732407441022588,12.75233788956911,7.122144599364682,6.674102977789918
AN19P:4b53accd8c29d652,12.785766054533806,4.802003091540926,8.247347957897187,4.550657588815144
AN19P:4b5c7c543f8e1ceb,14.575868969506336,11.154830158767767,7.853357547085779,6.394502970899562
AN19P:4b6044ae8e6eb8d0,10.050388425313304,4.197155827150327,6.774288939921802,4.785326852821174
AN19P:4b61b1815ea507ac,21.605488081888307,19.93646552884164,7.766607159287494,5.349189041852366
AN19P:4b72dc252e99204a,11.416136078519688,2.3739822272802367,6.729959735881628,4.228187260981263
AN19P:4b8de34bd76297e7,22.930461947053463,9.986095128181072,7.803527804682323,4.943182909911768
AN19P:4b9332419e0900e0,20.790810991019224,12.27851833898229,8.077601032527976,4.709290598622967
AN19P:4b99677405d177b0,14.20887007202707,11.49701069220481,7.337495847972031,4.817975230435273
AN19P:4baad6a270441020,13.085448586338233,6.259017183414657,7.521599325167408,4.109128123517389
AN19P:4bacf5a2b75013d0,19.6305095881186,12.868571604268212,6.3916667583262905,4.0364671060097415
AN19P:4bc2156a2ed4c8d8,15.787445053197285,14.58229896409166,7.4619433562035,3.460095260705021
AN19P:4bc41173b6efc8af,16.22650825097237,22.7436951656756,7.704310686268945,4.824541206966405
AN19P:4bd04453e443eaa7,16.248572227386212,8.117586281771084,8.271176098375397,5.552203549355977
AN19P:4bdddc8eb7d8cb0a,18.47150526781701,6.147483903621182,9.137220639422234,5.258065350923103
AN19P:4bf0e8038355c4b2,22.38743722625229,4.559042054030916,6.830678502924703,3.062113552022906
AN19P:4bfb47a45767438a,14.253767590880804,5.286147545359617,7.574499159925658,5.02973758332954
AN19P:4c2a73642edea484,23.78010481934556,6.836511802792055,8.542388172444163,6.021399371606549
AN19P:4c31fb0a57f05b3c,10.630295495653456,6.085368441129488,6.449329922202948,4.132737736370212
AN19P:4c3b159f8435eca9,13.797923611839863,10.5796336886413,8.313155289467831,4.315990216026139
AN19P:4c478836ec1b4f83,16.96931706146501,7.892165635830124,6.718994103047408,4.729275408635921
AN19P:4c47e801c2623c37,19.03134553473634,4.463757078475036,7.992969254462642,5.106107458028393
AN19P:4c4a5190fb9d91fb,34.822439334147845,18.687138011090813,9.48050705236225,7.815677877773075
AN19P:4c545b1e6d8385fc,22.600099628025653,17.442395914903926,8.313302925228491,5.553535921421031
AN19P:4c54641faad9126b,22.71514149508848,6.187746331239572,6.985611340953169,4.084328454023495
AN19P:4c5ac4cd1b7bf84a,9.070685816724437,4.409358702968501,8.229535944134007,5.9593581836699085
AN19P:4c6d6967e06b5aff,27.90763364204482,7.98795465237376,8.922768488852245,5.039092610009199
AN19P:4c83962fc5ebcf9b,18.90334257893448,10.911963079519298,7.508290373959419,5.671303330231094
AN19P:4c94f059b8bff9c3,40.3594564081121,15.654026304608193,9.81418930414026,7.48830509905772
AN19P:4ca0a37153698aca,21.963643236096807,40.5519253554632,9.307749745161486,5.090615620035669
AN19P:4ca8729f340d70c9,26.106150711075795,11.5326593880701,9.948526175720016,6.829328683849564
AN19P:4cab059b12c8388c,12.950812602059816,14.531387450772115,7.10279481835462,4.0197339953667495
AN19P:4caea7f18cb8e2be,19.12119245718903,4.800420309186499,7.179791448717209,4.6425727453668815
AN19P:4cc958054c80902f,17.029792340398597,20.70701463071924,7.802694806415338,4.658320812870214
AN19P:4ccc72f6982a5025,14.252103654521262,4.2351621659864165,8.507472344023837,5.591991619553763
AN19P:4cd16a6eaea09aa4,20.70768062258553,4.110482063744979,10.888172482968294,9.271987714211852
AN19P:4cd99d422cf19e06,12.519125536638487,4.0682510508678345,6.795826509637919,4.339147835451223
AN19P:4cdb23b158168d96,13.600621001405312,8.622690103444137,6.104362298701104,3.929775685125251
AN19P:4ce1ccd0f1caf9d1,39.905178875526,27.0056307546388,8.089085126336794,7.036949657277299
AN19P:4cf76cab9444b9be,15.945062295165554,15.151190387773225,7.694856112286892,5.663293054625922
AN19P:4cfaed50485a7771,15.062103557024976,5.42421163390031,8.110602161358685,6.659718779739484
AN19P:4d00e07c8b1e629a,14.25993469090109,7.338825368278821,7.944066718517853,3.888495329563377
AN19P:4d09200d9d312328,14.440938909566944,10.088934582942745,7.322699294442947,3.541084918609796
AN19P:4d0c2bd2422031c4,18.691823605061263,15.510721449540902,8.715315608003989,5.215678166838462
AN19P:4d1a04f3b9dca814,20.12530921615139,12.9877582149267,9.614583907514772,6.177319659827028
AN19P:4d34d5ccdc72c763,16.887574673895333,16.564532101994043,9.38589947061583,6.85448499152223
AN19P:4d39ce3655bee219,40.12110886303018,18.71349499188529,10.784791226619143,8.243689769094965
AN19P:4d3ea785140eb43a,20.89609008128715,8.116728783083074,11.122104297059648,8.063351935881922
AN19P:4d42a4c522dc8447,15.516218422104648,9.09766081167153,7.268571490331789,6.537596912836684
AN19P:4d45f191e888548a,21.900669725460016,14.60061256461256,8.19146950703056,6.1401648097322665
AN19P:4d4aef4fc6a98070,9.149167018747928,3.208699545057511,7.245872017508261,5.432797968650911
AN19P:4d513e9337b031d7,22.96113328100625,8.61807113825083,8.640160652218423,5.377680877870406
AN19P:4d65e6a9b68838ff,10.992796613211988,3.460253795964199,7.727450276996261,4.074468633919425
AN19P:4d739cdb1ca795c6,16.971077481420636,4.703479093382432,6.8562197813578605,4.8332874734603175
AN19P:4d77f81a85313865,16.769583336015515,20.22274144353364,8.379282076928042,5.695297159509513
AN19P:4d7c9abca3e0098e,12.323133531639549,16.05414272667384,7.171133858791903,4.688569096555643
AN19P:4d7d8cc9534dad22,14.960724501734864,6.6925352042387685,6.568151046006268,4.215454407178472
AN19P:4d8ef34a7915ea17,14.83858234171622,11.1051428539623,7.646193591723767,6.615309627622344
AN19P:4d958aa3f6521ed8,19.17649757014299,7.046998487832867,7.532123987707875,4.337747219696013
AN19P:4d9c2fdfc8fd3c8e,12.870323362687756,12.284531532894688,7.616483780995228,4.027366497652478
AN19P:4db7812a2009015a,19.858636472247813,6.888349090480535,7.499727825218944,5.913456504982306
AN19P:4dc638c7b3955d6f,15.49426480524169,6.011331210054836,8.040484200805649,4.902885912808849
AN19P:4dcaa25ee9682d6f,17.27634241572845,11.155379747849228,7.747037032635932,5.6048454373295336
AN19P:4dcf6e6ded69d281,13.372271956862182,5.144027071817631,7.313581174187527,4.400764704750259
AN19P:4dd8fd394813078b,17.996829832579696,18.206328284654195,7.2359916331483,5.636125503318858
AN19P:4df88cfecbaaf34c,14.571016878594358,14.213513655396753,8.70134546881543,6.14578428320391
AN19P:4e05a3e5b6a79a4c,13.995351669199586,11.168129341439656,6.631915329144936,4.961447040799581
AN19P:4e0efa4fd0af39b8,5.977305172716302,8.258857850143716,6.959124135986783,4.272216224421938
AN19P:4e1a64ed090832d5,16.48742471860971,6.606081579466874,7.755114074981773,6.241344520177786
AN19P:4e495a16846dd439,17.33126959326074,4.609759016394093,6.86095710337014,4.251710525390289
AN19P:4e50e8c8fc298de2,12.83342210990345,8.71595629871487,6.728196035631438,4.439392191166204
AN19P:4e5a4d577abca458,20.15741997648136,7.130907832163863,8.311008821249752,6.103053822075479
AN19P:4e60c2e13ff2182a,10.423126772835394,8.99204194825329,5.895559647294094,5.112025441673162
AN19P:4e635d24b62be3a6,13.360943228274968,4.595883459131058,7.599940188046729,5.283238758933449
AN19P:4e67a88c64c1c170,19.73061657630357,14.479763781766342,7.315681350035851,6.104342184624107
AN19P:4e9ce767bceee7d5,12.844152739391948,9.15061278609808,8.88247222536969,8.173189639859624
AN19P:4ea3e5e3891afb65,12.509544685042728,8.058565320706354,7.88613201455867,5.73161797948179
AN19P:4eb3ec846638cb0c,20.205724958787226,4.5851947784205285,8.45300818587547,4.814357367341878
AN19P:4ebde633f819ddf8,23.99503024447962,6.494741665706467,8.259499779367596,4.7015240476302935
AN19P:4ecd6784fa61318a,4.364133449133655,4.739394839276048,6.914111541332376,3.9490564498769474
AN19P:4ee544421917964c,29.66407353140596,32.052403853940454,8.211772653343916,7.982276917048878
AN19P:4ee98bc3c72d544f,10.98376123403396,5.653018563385627,6.680709235088973,4.558696092160066
AN19P:4eea87debd2aa257,25.531372264456,14.14133407952964,7.091361140774707,5.0979954453676415
AN19P:4eed4bf60bb42ac5,15.601334497277676,14.490108185277926,7.018854837769748,4.745632695077065
AN19P:4ef95afdc65bcc10,11.072896464906108,5.476245256142905,7.328822166067678,4.623340312866183
AN19P:4ef9735d0499c503,4.810563168388785,6.331895659450336,6.63452430945484,4.795452833901044
AN19P:4efc9f663dc1ae80,30.257812804914792,13.70943750211624,7.266025819581412,5.056662781509096
AN19P:4f2197364b347cd2,20.48072419326833,7.504189267913345,8.142194037768352,6.044427243856148
AN19P:4f261c6ce7dcd1ca,15.589342943190696,5.783116076706505,7.905186987373218,5.170956860917596
AN19P:4f3b2ce22cf4550b,19.517743205521107,5.521897609319009,8.442183250454807,5.997417264479604
AN19P:4f5e30d756a18402,26.319439040158574,13.716675492515234,8.240325033152441,6.789009911958335
AN19P:4f68ce7836258894,23.13472233311949,9.580882693546,7.689271608810076,3.838892537050984
AN19P:4f7b50886e242abc,19.69612578803172,4.969241028758071,7.969802287994343,6.351505339637309
AN19P:4f91872f7603525a,26.75738063379881,19.250021987379863,9.089103692149791,6.684832492277689
AN19P:4f9f2b4425311e78,19.704533949649505,5.267846529058182,6.696157062292494,5.658384747474958
AN19P:4fa3d8f50a77028f,17.776843773769126,6.093947192653579,7.97603469478014,6.270597399884043
AN19P:4fa7183d53f8542f,17.602943522583324,9.906594367606145,7.132632879010922,4.636249951257367
AN19P:4fb37603b297b1f6,12.453653221523815,4.439129585534455,6.853346535592451,3.61369474464362
AN19P:4fbe02105b6ec17a,16.559982100979546,4.278317385470873,6.214626539813572,4.560065019520015
AN19P:4fdad7919e1219cc,24.62186625133618,14.122416430839586,8.023559302386273,5.245852420181353
AN19P:4fe1ada94871deb6,11.203904779958794,6.222214345426106,8.098977286397536,7.166976860251039
AN19P:4fe2941a4bca8c8c,23.322577039914886,6.01570241540997,8.335539219305343,5.072456830880645
AN19P:4ff5ddc566be2b31,19.39771275313104,3.857364682633575,7.8425096346688035,5.912609849055125
AN19P:5014c19c44114259,14.931576587597048,7.424516900030027,8.367978854173913,5.919750176452212
AN19P:502e82cf4f554f25,21.273720631713296,16.517771074775037,8.587026923160392,6.689426543142538
AN19P:5031ad511d5c4c1f,18.547572968442,8.067373848475894,8.616039928876697,5.430911593066659
AN19P:503424a71001f3a3,13.77095318437892,8.285548380716778,7.772934935953664,4.899607312558081
AN19P:50491dc967e48ce0,24.58029983959355,4.48324751013256,8.477368564073988,6.234571069343967
AN19P:5051a553a3145c91,24.93496882164467,18.742709622041502,8.42992582985909,5.293756939718901
AN19P:50728f60c809032b,13.91468558436797,5.615349427199825,7.411046337029265,5.369459734450308
AN19P:50740076868200c7,26.599355305958195,21.85381276713142,8.874866463541284,5.422521519975324
AN19P:507927f774825adf,11.51655780538926,5.745152628217146,7.653619699760181,4.967604131332512
AN19P:509244cfa651ca88,27.21137330085714,16.04600104123117,9.084059913603532,5.446662488438314
AN19P:5094b5472a37e919,21.62324824405754,17.175816654428893,7.405203748372166,5.369793895116152
AN19P:50960d34d0dd06e3,11.23980303931055,7.715473970917259,9.36898286376454,5.810672304245146
AN19P:50a66dd7141082b2,12.065055837916384,5.673736993250905,9.73280966672047,6.9238916292198285
AN19P:50ac4d88284f77a2,18.71454055324649,9.773346449193438,7.453426766127812,4.073297308688084
AN19P:50b3189c6df1e6cc,28.596472547237244,15.752032929813538,9.004849654006374,6.091908862226991
AN19P:50c1958ffd163bec,22.501635517074693,21.804523737109985,7.800849832748357,4.954141390045077
AN19P:50c9a5cfc0988973,4.963669029429444,2.475378756851546,7.072570480895211,5.235879742418465
AN19P:50d6878d9b08c8dc,11.435280365787625,4.685158869943967,6.737202851746653,6.1980083469500284
AN19P:50e2901d0242d9ef,7.638137167852821,7.391373830494228,6.535987569559196,3.794212961554817
AN19P:510a79f87e87aefc,41.78766251056708,45.75970322504725,8.943706853875327,9.310975692334258
AN19P:510ed89d486e5938,13.986134387972244,8.991029262377456,6.625721400014717,4.817942788575461
AN19P:510f79265fce3953,19.207169572498533,6.991811616225112,7.265000630082063,5.158079499908447
AN19P:5115be1b2acd7673,19.87682688513469,7.957133099182861,8.17165583487173,5.318566949050889
AN19P:511910420aa781c1,10.836295638318,3.506807956064928,6.143007830102625,4.033946971414967
AN19P:511d2ba01b66006d,7.19180145810511,5.057473196445865,8.167944141625458,4.830489445358043
AN19P:5135ec2dd9dd7990,10.08746414878433,5.814561032219922,7.506830944337614,4.692717239976205
AN19P:51520ea5b4e0d731,8.280998675008243,3.678322532184684,6.432199479575258,4.203558738499142
AN19P:515b002728beffd1,17.484216367636563,3.1945233017176395,7.051829309569869,4.481052869696477
AN19P:5165a145c74fa201,24.227308596052406,2.715628735322912,6.8713438531492015,5.44094237549903
AN19P:5170c4ac9caeb6f8,10.474864784407147,7.377622055886587,7.970516511880703,5.083228272436615
AN19P:517b56267c779996,9.29819196128721,5.466534799596239,5.965472183193453,3.762401457220177
AN19P:5192a1a808f9db0e,17.629795274258715,13.36507980944887,8.49285763821129,5.491792729218606
AN19P:51b5ca590b3ef70b,12.042869860229493,15.722168157893009,7.811122063040228,6.072200004101686
AN19P:51b8ba4938a64b00,15.523253980422895,4.233036926525064,6.728555227564577,4.868844683431053
AN19P:51d56d92f2a91678,33.82565555636158,26.583665320078406,11.020816094861706,8.231229908398964
AN19P:51e6c3d858f8de80,24.67196210854576,14.7759998687959,8.952849965977679,6.55267166710043
AN19P:51fc9005668c8782,12.412931234901697,4.881327834828954,5.517686819519055,3.740858268618967
AN19P:52087be8abdbfc56,23.12002121011256,12.051433670587269,8.271670270126755,6.422961932134324
AN19P:520f38a12650ea66,18.34158272299492,8.437054650403141,8.23080514593845,5.944553126111212
AN19P:520fc8f51cd1960c,17.945892110736896,12.18562341477952,7.981547234364092,5.605846704736958
AN19P:52113c5b7f7f5d84,15.785952203118848,10.82143589817739,7.578304865440573,5.011790894546119
AN19P:521485e8837d8079,29.670226288910005,9.808954375772505,6.966537750206617,6.21422097882919
AN19P:52325c4d9e6bce99,13.654195529975253,8.67138461659897,8.30370271413914,7.217830822341863
AN19P:524bf558d3b9b23e,19.595758869525707,21.586886359847863,8.805031815597008,4.828609108807139
AN19P:524cfeadbcb1d815,24.485057429941783,9.226973782579812,7.676258588574903,5.332986700161843
AN19P:5253d421c4288fc7,12.537535536410717,3.8319805757018512,6.700149022066419,4.873329154391424
AN19P:52544ea27a00928c,13.633387483453134,4.278776033279411,9.106783414556835,5.883569903597796
AN19P:525be3cd40fc2f97,17.488156825476434,10.927961400141358,9.879945730319037,6.266555154083327
AN19P:52612b3abd6eb875,15.243465847131832,13.418875722362127,7.419424269287584,6.397225044243068
AN19P:5271e19f00c46881,22.702370555842982,9.569639943205924,7.048582822622455,5.894608378950261
AN19P:5282fe90d5876058,19.302544691207387,19.191501201929352,8.641654900757121,6.460920906764311
AN19P:52874283b9c13b75,26.94980957731988,26.88568492061385,7.908465634565465,6.358755942586589
AN19P:5295382e1b068da3,16.87839300549287,21.135723735561577,8.520600197917483,6.140742476462328
AN19P:52c08f197b7cba64,14.48005280473386,18.74911852888092,7.980052884199934,5.849857620209674
AN19P:52c115c2da810329,14.983701924065793,16.59317081079427,7.801061876178545,5.1663914330305385
AN19P:52c3566ad8f00365,10.79054055203138,5.6942610303252446,6.941553888500259,7.158376581439515
AN19P:52d6a82d62ab85b0,15.680184772122296,7.583407028589609,5.929417936857649,3.598129967860232
AN19P:52d7aee113a9bbb4,12.576687845542445,3.5028289557301484,6.997480466756439,4.29466743342895
AN19P:52fb668334b10fc4,32.89706342653304,18.68401627845841,10.636837523117215,8.636080352578857
AN19P:52fdf5086729dd2e,14.674092432615849,5.463140368694456,8.335230380664584,7.113724389535318
AN19P:5308888c58152b01,17.037106464488343,7.044013817862551,7.512318130047993,5.881209474692761
AN19P:53132bd02b9cb777,8.50441358155127,2.829306094142051,6.406089571004841,5.954938584394449
AN19P:53243e2ca7bf48f9,15.563745812723887,4.753684231568237,7.486290128928423,3.926786313833559
AN19P:53247ade8aee57ab,9.783543223424395,6.609738323579393,8.255616194589537,4.863808143259714
AN19P:53294cbd45ec35f7,15.032526053607125,3.943164429678263,7.909552375125349,4.834825150112289
AN19P:532d530a8792d405,25.156326070505976,20.900552703217304,7.649041660004176,6.173881893435366
AN19P:533389e0e1f746b5,11.6356012461117,7.80401079767369,7.093995677331537,4.76051436535017
AN19P:5337d84e05fcdc55,11.745791865478886,9.4084474063699,7.258426608810454,4.402100926128557
AN19P:533906914fa001c8,29.42595524108582,14.47467711933163,9.340538042696055,5.82354362825669
AN19P:533c5934e8135a12,14.580432232230626,13.06075327433372,6.836627016783519,6.142877918131996
AN19P:535af3a2feac1f23,11.488479669487818,6.528163501953916,8.670026336423444,5.437973955204338
AN19P:5360319e9d8bb8aa,25.98507223023307,13.9549846527162,8.749845251360838,5.072090165746532
AN19P:53715506cceb32da,33.0291130221624,20.41286670112758,8.209545536367385,5.293032304770969
AN19P:538078fa2eb64aa5,10.9007502920952,4.431686644228125,6.898874095337369,4.550394542051062
AN19P:538e8234d464f6cd,19.509497452009327,6.7027616404947326,7.209843016351648,4.412779764518048
AN19P:538efac418e420b4,14.080130725482306,5.672851364989865,6.437346204495458,4.285781162199851
AN19P:5399907b434d18e9,13.079329593839596,3.822186082947281,8.03455549511056,6.119969370271658
AN19P:539d90cef857c3a5,15.326659526036948,10.116591020482115,6.576357708645513,3.6452848666341646
AN19P:53a3079bc8220169,13.356592325328226,5.963728388333531,7.925401674443042,5.599330423182972
AN19P:53a432c686487ea0,14.442276769662302,8.448943473445071,7.33972877345086,4.8030356794506135
AN19P:53d2f88f6a8c730b,12.849123914975186,2.648569253946298,7.472008718895003,5.06475802435047
AN19P:53db152f5292c9aa,20.989746062860263,17.446762938104385,10.335805982292916,5.519955518653225
AN19P:53dce90a124a8976,12.32958306241516,10.320444547182,7.552877808193459,4.271371597732523
AN19P:53eb395da7b2bf98,17.403185474529863,36.327627559601325,8.898800029994513,5.486429895966717
AN19P:53f623847c155dba,11.89745669246489,7.320977672114933,7.004013941888772,4.9616698188323225
AN19P:53fc8df57f4d441f,29.718830948835407,22.6286557657224,9.30846297583703,7.70300835974105
AN19P:5400ba980601d972,19.429951318550373,11.32288187856732,8.05222141940901,6.6664484951537375
AN19P:540bc5524152a8a1,9.289871853824986,5.078868184937825,8.039038374269534,5.736191849024397
AN19P:541421a6382a825a,49.46941385298476,24.227270549742965,8.807109554310383,6.94226122978789
AN19P:5417a98905241e54,31.874699388123386,18.292522611992773,9.283108711351783,5.214875769767271
AN19P:541d2a363097a7d0,18.270622913587687,7.6380336180395485,8.966399317096624,6.799680315412237
AN19P:5433c9b121fdec6f,20.99774600056987,5.799222726517063,7.2443901306654945,4.166787617116652
AN19P:5440c26b414df51a,7.962344079582473,3.206806146890456,6.823989700269877,6.02486425007834
AN19P:54516d64fa707a7b,12.25779344151118,6.648611369180123,7.619210367004925,4.662951738520156
AN19P:545bdd29aebb2b6d,25.676407918001946,6.9988158475586735,8.517077168581851,4.685947355323041
AN19P:545c51687d970f0a,16.472580029864574,5.447431798927169,7.309204003811223,3.812975915152278
AN19P:54603ff90cb35d3b,17.128714841810687,9.176631462161303,8.736572450337583,6.488563626679876
AN19P:54767beb7bd5fcbb,20.044682750559137,10.969380299036835,9.062595638328371,6.63791151152723
AN19P:5479d259df31c693,17.728198144239666,6.218050057335495,7.904897494377042,4.061885046337406
AN19P:547a76297085bed4,23.048645461133503,9.591135072045509,9.072000379746676,6.779775646523188
AN19P:547fe570569e6eab,20.40275631537833,7.787791407450702,8.434180109801726,8.21390791904644
AN19P:549640abf5cfae55,18.66059385217878,11.516774832770473,8.360390103469895,4.8169616363390215
AN19P:54ac7ce0484585d6,26.380266259922813,15.667779699337425,9.268538058135062,8.11025615510572
AN19P:54c09de7f94aed76,29.35640961573238,19.429862501786182,8.631222647661692,6.955763771058063
AN19P:54dda7844a22d614,13.602019498850032,5.418835187317181,8.433663658557306,4.633544368121039
AN19P:54e5f4e008bcab80,20.046335790520885,6.411966493476054,9.375022419414949,8.029275426049459
AN19P:54e69fe47bc51078,20.26396998414811,5.385847179745452,6.874248574093901,5.2048176568236375
AN19P:54f7493eb0f7a9ea,20.27198924227654,12.752834003550616,8.433713850913696,5.1583048217880805
AN19P:54ff5dce2e2190f8,14.23014513532078,24.556571511211192,8.415354686309682,4.999838246940064
AN19P:5504f65a1d24669d,16.495467330639556,9.883962860062228,7.436317994601223,5.4506010853251565
AN19P:551660280a0b39e1,20.69398085208755,12.727242334459005,7.039493553188765,5.23818021239487
AN19P:551ac10c52572f03,18.437846904187648,10.834808095246766,8.827129639487332,5.202434056587048
AN19P:552003ba4f749517,13.91078416387559,14.971561973016778,6.281984291440263,4.393165671813469
AN19P:5528b059fa65cf30,26.39186684142094,10.114157568946323,8.380013718375741,5.54928160102796
AN19P:553584b385f8cd4c,15.750724017244918,7.465991644633696,8.247390914878297,4.186848662989469
AN19P:5537fcfcc10f52b9,19.29927545687795,8.964007145200178,7.32425476898524,6.47800795073658
AN19P:5548dad309916143,22.78411345107625,5.66376318492106,7.915904466849205,5.010264506023524
AN19P:554e5b3dc48e6fa9,16.23159409534622,8.16526764551684,9.002336440075908,7.306161125914862
AN19P:555899925f750701,21.19238226825101,12.662576795385837,9.542642973895552,5.052015197130511
AN19P:555b67ee9a5ff51b,11.093547217632452,10.089057811519824,8.039867603326568,4.895161271324993
AN19P:555c0150f4d54d41,16.642988685997377,5.068516249621736,7.350464228136812,6.032870826955734
AN19P:55637662814cd379,15.927064659782651,5.063505708526916,8.294509987396939,7.496767396188359
AN19P:556c15fc6fc60e21,16.10084163405993,17.198977051433857,8.879892889489073,5.949987659951622
AN19P:557446576ee39d70,8.982826759928754,2.8962351249849947,7.546883910967001,5.94160925936592
AN19P:557c945b3c66d9c9,27.219923449975035,13.415077254802185,10.685551392198311,6.552319336224611
AN19P:557dfa843d6b6da6,23.83958303342663,20.170653048233643,7.909507131895097,7.457123493188939
AN19P:5593df406eecff29,17.816018427484156,7.066258878083789,8.55730830716858,6.369465076643792
AN19P:55984ed912a7f270,10.529411307555833,6.79182784745752,8.349717843650595,6.427249008909165
AN19P:559c2926c6d03ca1,13.852863654397895,4.430519829913611,7.881410265188565,5.25188962096375
AN19P:559c65a345322262,17.51430319735839,11.615860305132578,8.909612585448457,4.965748129390756
AN19P:559f10e2338b3262,29.329435349254787,21.467345405020865,8.59048068797835,6.747853493463675
AN19P:55a3e7649d7b62fc,14.701583778851976,11.03788826077306,8.090487387148162,6.421351767636991
AN19P:55b3781c8382db02,17.184894821050086,10.66831365158061,7.119326079485245,3.883120619825687
AN19P:55badc7ba1ec61a3,17.968428396272955,31.788895621727605,8.27226537002485,6.31581271360821
AN19P:55bbaf28201d1a55,14.045165986959184,7.413800606001661,7.489117885702424,5.666504936146994
AN19P:55c13ef3938e9117,20.45034061713456,12.165121947658736,9.046002590197563,6.645702896388984
AN19P:55e12a62a8014d62,11.608976531376673,5.991109232612282,7.799414830171459,6.64889702935473
AN19P:55e961c35544f75c,20.573537266220413,7.258340935139271,8.72608639217009,6.900245330999132
AN19P:55f1e4f2f4e01b25,23.09755877891264,20.3868030883288,8.0138138531601,5.042865158807518
AN19P:560df966f51b3c2d,14.451130214421836,5.7529122855311385,7.042828816948361,5.356356738425244
AN19P:5629ca2d34967005,12.791941717620196,14.50730939242781,8.172562087154894,4.878507183864721
AN19P:562b5675e6bb4e62,26.3340554842377,19.904629034539912,8.049135592948968,4.914703925624231
AN19P:5636675852c7e1b9,27.675252239231654,12.498068701583614,8.347836445462354,6.085998117808424
AN19P:5653347b64ed0dc4,15.24084044861696,14.678676534769872,7.299617056763784,6.409384476767125
AN19P:565536e0ce9fa096,22.17113248398092,4.2474757984319735,8.203507603783173,5.816580668025241
AN19P:5655c90ed5606c48,40.742504534542576,40.14437953245325,8.070057255048187,7.990548150164851
AN19P:565a075016a59415,20.36084476874149,5.435684643618425,7.829877448703006,7.200118013726246
AN19P:566c0441ec9e32fa,14.4135286911068,5.433856879089833,8.376809742228414,5.543161633479851
AN19P:567c9697c96718fa,12.999661141843594,7.156663577298745,7.493626639570671,5.061825634923905
AN19P:569db37a935dbe23,13.947115595184266,16.25716565543042,9.155436701865831,7.276915451012396
AN19P:56a8a0effe994a37,19.405328830800496,16.67072946426843,6.909259030775111,5.629021357477777
AN19P:56ae22ffccf1f5d3,23.534495082097106,12.883122041765867,9.210209880876937,6.647511797407618
AN19P:56ba47efd9b8b109,10.767860856913233,9.304154545135194,8.944949272110314,5.759332565819799
AN19P:56bf9ad91510be90,39.46537080346091,12.364888138892544,10.348498384730137,7.523813742574552
AN19P:56ca545ca1bc629f,12.994555561136156,10.208730023321015,7.093794774357924,5.230233748267736
AN19P:56ec7daf3b6a13cc,10.675618641448349,5.921290167466864,8.099863607204389,5.2784525260093815
AN19P:56ef7e5d38d5cec5,12.059049233318904,2.9929379609516964,6.77864201217584,3.673379199907586
AN19P:56f092ccb56e7934,16.2662749847282,15.742281372488788,7.791656598124265,6.113815179566031
AN19P:57007473bab31ecf,20.417801744715028,11.941482875521848,9.4176798944317,6.479623875664136
AN19P:570ca5358b4280ac,18.55125063264221,4.174097214672013,7.253314372643999,4.971322268985463
AN19P:5721ba910935e090,8.76530279504299,5.583676378735559,6.9716135204036025,4.3272583897731485
AN19P:5729a4a973cafbdc,18.65001439463088,4.73320483398275,8.677894011115733,4.875800184074499
AN19P:57333fba44ce91ef,19.64068640312958,6.768228811451839,8.165029552249774,6.286631563413929
AN19P:574656c1428b9d58,24.07093024187612,3.503221537995428,7.000545677677612,4.703680665740172
AN19P:57472b635728c651,20.78917559269195,8.981361794009743,8.289999575388366,5.206221136764524
AN19P:5747faea4a2bf959,19.033781646387222,19.658730912603872,7.666509996070869,5.295262816218763
AN19P:575c1e9f129085fe,15.985681231881909,8.759029914859322,7.395844136233265,5.735139130567522
AN19P:578338e5a6b8aadd,13.360554182765377,18.16096453878362,7.460512391122294,5.9942153520475046
AN19P:579ab4355229b3cd,28.0191456548764,16.109893050566154,8.958164199604344,5.944858037038262
AN19P:57a78ec0dd9c208b,19.139068843419967,10.061810443043417,8.748774462840837,6.94730317110174
AN19P:57aa5f3e66f36180,6.601989955432657,6.061981539487542,6.712266501780589,4.848553475891497
AN19P:57ae3256c1bf63a5,22.21727955812596,5.924684773890114,8.648833765981406,5.907168944805052
AN19P:57b72ce469cced29,12.497494965712615,4.90076938576643,7.244111864979448,4.732461059509308
AN19P:57b94240d77df0f5,13.914737230578986,5.568529370094403,7.95018885997979,4.265661393843602
AN19P:57be0612df41a5fc,32.50474202252094,5.940527172861274,8.194753534629129,6.639678575233934
AN19P:57c10f0fb3f276db,22.775773573055847,5.219941380055765,6.1190546023551216,4.754564422347186
AN19P:57e13c00d90858d5,18.327262946285025,9.81971404964458,7.189137044603124,3.82929875121368
AN19P:57f3ae200defa839,10.093527735614808,13.185819443107114,7.520592175992189,3.9944384731343914
AN19P:580548437f1013cd,15.94062586396278,6.106222325993517,9.076221884374474,5.504606556464207
AN19P:58060d109d61f982,10.44481923463514,5.176931213837775,7.200984318643796,4.81914942237227
AN19P:58307e5bc124f2cb,25.83272293259174,11.733669463425954,10.510498790247295,6.962586639845075
AN19P:584346160da7aff3,19.1819432756928,10.396810847130206,5.489101175321327,4.191716472025478
AN19P:5843e2ef7ea2ade9,12.272404475063004,8.75970649019723,10.48873940333607,9.29433859921598
AN19P:584cb804b0dc23f8,14.855784191014832,7.056563007740481,7.136152512674237,3.737180231791924
AN19P:586e4c9bfe4f6067,35.20393812932358,24.63902631448493,10.050260240664908,6.388086113713795
AN19P:58719eea74c29a62,12.972052665576417,5.009231737452275,7.265038702206179,6.481589422850166
AN19P:58766624968b93da,19.96784430029612,11.921851917857513,8.432725662666074,6.720992509875021
AN19P:5889794fc255990e,17.486063052050135,5.350863505604836,7.883583622255387,6.314755135416603
AN19P:5890a1d6de0499a2,13.117517574632991,3.515169297056801,6.702871633229116,5.238166852192625
AN19P:589c388d0e2025fe,11.219968672471593,8.33140503938265,6.995683025306698,4.364366711322162
AN19P:589faee4c198fa13,13.395802427288253,4.171494059272892,7.0903687369048365,4.8955857727172605
AN19P:58a7dab246d22415,9.204537013058092,6.334638073418088,8.38209838991878,5.773288020805968
AN19P:58b6d811fb931f9d,20.21317084477888,10.736823139155272,8.632489384038552,6.795365460518432
AN19P:58bc8b53521a85b0,26.09804837576617,13.106203315106503,8.802200408783786,5.074062707083675
AN19P:58c20ed256d5d569,12.019888146877433,3.6469296219348486,7.776633117214892,7.06528532672948
AN19P:58c4b81296ea3edd,7.905074090801535,3.1962023576903413,6.290157256701423,4.262931614107023
AN19P:58d97a059c80d6ae,24.33039055080625,15.139301540646091,8.45365202823898,5.422081896661431
AN19P:58de59e799a37d10,19.2905746889793,16.310776125228376,8.160649322255525,6.717802114856089
AN19P:58e95b904187f658,26.104053932122422,11.937621236249267,9.663063858347147,7.630641274124063
AN19P:58f91ed71fa63519,18.986655412900404,11.305304114214906,7.529836179223066,6.479978664433336
AN19P:58f9989574c8e082,7.198611946261252,3.272165998936971,7.3970796536296755,5.255517253940763
AN19P:590ad77979f485d7,22.059414559153865,9.108237183386588,8.601967178838324,6.44699868283166
AN19P:59292e07352fef19,15.008534916846685,6.8005170086812,7.1163670342072125,4.733793787124417
AN19P:59335e3c31bec61f,16.324112651856776,11.916090211602668,6.9942083407512445,3.4348356006680314
AN19P:593391d19a4769e5,19.539641400216134,8.485207665970087,8.506739225205948,5.557657009525325
AN19P:5953232841fd82b1,14.255255012445836,9.523561601294109,6.347643957112863,4.182896923690045
AN19P:596ae517aa8f5ead,12.75706928562304,7.156635221070842,7.466258230505088,4.079681946006405
AN19P:598b99c9d37b6c3a,13.848246746739113,6.945736333030594,8.478180796181514,6.4378532955287495
AN19P:598d815411c7370a,12.992072256904374,3.300071909030836,6.453131532518276,3.6562590134403377
AN19P:59ba12fcf3e56079,16.079914157785193,12.208664767212918,8.627150811408022,6.27823793948983
AN19P:59ce97750461eddf,28.419110958187957,13.88751862409493,8.676687089154994,6.800697185282217
AN19P:5a098241c204b945,16.439792131692922,12.80372802812104,9.880497133123194,6.01102656921066
AN19P:5a2b180f82b34f71,25.39811272700894,21.445521185075552,8.010162674991651,6.725564019529043
AN19P:5a3e33bb50c84e76,15.25017418479823,11.434772151836412,7.859011518447515,5.84237310561994
AN19P:5a4e1bca906b7c87,17.26226815620741,10.56456226397946,8.424070824824792,5.725838632208681
AN19P:5a64b39900947188,9.27713423345646,5.672826208658825,6.52537214292565,4.898579784972326
AN19P:5a81da11532181c5,22.10527214984543,2.2582957437074604,8.286313252125678,4.526301005368302
AN19P:5a92ecc09ddde4c2,8.22331466375098,2.089038026298246,7.667666309572227,6.431765335333893
AN19P:5ab514cd7d8bcb2a,30.67148224580323,8.712387681158713,6.842353112558543,5.033044715842151
AN19P:5ac1912b37c308f5,10.1750776384169,3.967057961664179,7.302262819810678,4.710250813336915
AN19P:5ad2e5eac5b32dfb,11.835778003922574,6.362360537819633,8.53917774334752,5.023836949927153
AN19P:5ade3dee88b52ed5,22.974070281508883,14.740009126087712,7.498610306383721,5.102908473460681
AN19P:5ae395e247a2e83d,15.844085022453337,7.723115888562845,8.05875437560351,5.234783784999404
AN19P:5af96253a4cf1f31,14.958665879348557,8.544878469397924,8.26696534160141,5.649500649677574
AN19P:5b13ebf04d2ffc30,23.22763421281307,6.53064769642155,9.697336394804124,7.900524541025507
AN19P:5b160876a7e447ae,20.563178886821877,5.164376848891348,8.04958495257355,4.377417334762772
AN19P:5b215c05f0b625f7,11.511819767271469,11.171978357297956,7.776675464479596,5.239309917738352
AN19P:5b4c1b19417611c7,8.511710281770865,6.522421904065104,10.362483264106798,9.14925549176727
AN19P:5b4d575bc28f0842,14.49421206618146,7.863922722654984,5.948475664752694,3.726680506091672
AN19P:5b4eb11ae1148a6b,12.083568105048988,8.165054630672941,7.5971335939720035,5.041536114004974
AN19P:5b55a178d2b760cf,7.235313168224686,5.6052502811213065,7.375901642966728,4.046473272926296
AN19P:5b64a8bca7f3b3cb,10.49121727875817,5.777941761724248,6.414031368916338,4.870610982479199
AN19P:5b6e616398a76823,21.291914625117432,15.867059570287203,8.034510898465575,7.621797712217924
AN19P:5b80a4b6732fd280,20.21529145454052,11.711566369281137,7.518143711458307,5.899279091689818
AN19P:5b8675e42568c984,15.128108096772577,1.1684951390840586,7.04915525507567,4.2050870833831855
AN19P:5b8b9a36bd88b76a,20.8865973886768,9.237690441765528,8.6743756254865,6.903833392244709
AN19P:5b8d44c3694d5736,4.7382744253941365,3.698357356054923,6.913696356932191,3.755360154644021
AN19P:5b9284820e5fe48d,26.35345834945825,4.233170159325505,7.869556334679759,7.377005398659966
AN19P:5b98d1bb01739cdb,37.98885127043828,22.878679824937635,9.13860621558888,8.868326723897557
AN19P:5b9d8e9bd895ae7d,19.20318270041687,5.59919045092552,6.7581003085533125,6.410816301069067
AN19P:5bac60313556bc82,16.196757929672227,5.622428121693254,7.074297277094755,5.458957045070444
AN19P:5bb1efee6b0cdb63,21.611442251425476,8.755399289846757,9.10650073699196,5.980473336822639
AN19P:5bb9150e9a9ae9f0,15.550361762791406,2.467590541546106,7.960405092273681,5.004511944470044
AN19P:5bd2699ff533373a,8.512283823584667,13.362867899285844,6.056975517919275,4.994271892702219
AN19P:5bf0310cfe8a17ce,18.65167339494863,3.809585938296813,8.705103802746317,4.680765827511632
AN19P:5c011c453512ef8f,22.829696889996367,9.458019099730476,8.041368542388355,8.126525423088523
AN19P:5c02f30466c18fd9,13.085773431627045,22.27964356498214,6.80960431149374,5.646781948064329
AN19P:5c067bf2bf3f84df,15.811484754504905,5.416199056507676,6.9555828327879805,4.670788160436964
AN19P:5c113f29b5569e48,20.04835943953429,8.456956176502707,9.394843350610689,6.451429500079973
AN19P:5c12de1f16d052ae,16.418255449706727,20.59332593046515,7.842589783301777,4.208766156628816
AN19P:5c254a4fd288f88b,13.923595399257506,6.875164931634608,7.307053715511381,5.307037363278573
AN19P:5c2a047cf25e318d,13.853229837918311,6.686170045339305,7.609985360116882,5.0384916483432445
AN19P:5c4345675a9e1f45,12.036549334483954,10.205303936272877,7.187492952001137,4.766680577598357
AN19P:5c5229f4e7b2974a,20.484497016358645,6.04524741684954,6.432866399780312,4.069316941941221
AN19P:5c5a9bb43e1b0993,27.37700008045642,19.321492316263868,7.147130166414478,5.0313709792856365
AN19P:5c9dc8b7906ed06e,24.267477810560408,10.430044405356208,8.608697271589044,4.799380265137735
AN19P:5ca1730ec4d908a5,19.092569630987686,10.018154917871724,7.553984326892668,4.931684661591239
AN19P:5ca34dc4c3ea29fc,17.337222199187362,6.65522093393546,7.780994528064353,7.728724892217724
AN19P:5cabaece46533ce3,16.42482149428968,5.14279433101991,7.781663947740124,4.411503705809979
AN19P:5cbb1a39e5f1b902,16.995328172216276,4.230700537003425,8.32745946565775,6.018366612852059
AN19P:5cc57847b90bb0e5,8.739776120273673,3.6490769618164,7.339094339166892,4.357404825732534
AN19P:5cc63749bb7e1659,11.11725336835757,15.641734735013562,7.075594276349148,4.58280098485066
AN19P:5cc85d105fd754f5,18.254577715282245,24.73035373010058,7.715771807362585,5.183434651069271
AN19P:5cce19d694c00fdc,8.148247629713042,3.748724308739692,6.026987096664284,4.107108048368918
AN19P:5cd69dfbdde0c05f,29.159125247763622,25.99121860721249,8.154460036761124,6.4529896105137405
AN19P:5cde5a3a2f141e14,20.683142954924584,8.535201597160823,7.429107120981023,5.754623109916589
AN19P:5ce49275c9a1d20c,16.634980032978227,18.21362941703961,8.104468484277216,5.616795552560508
AN19P:5cf97b9e60743cf7,10.010128852564476,7.913769270207921,8.3317440968349,5.925109441735792
AN19P:5cff16fc036dadd4,18.26433250419628,12.40898124790922,8.663614572596451,5.014479739010072
AN19P:5d080eabab6c2d8b,21.797309360981725,11.93084110931543,9.31504639839174,6.524190675119908
AN19P:5d13cb60cd070b90,7.864501913271139,5.4339919229144815,6.6746654671776895,3.4448911385109446
AN19P:5d23a2e65b0fb769,5.497298151924654,2.5859640440932474,6.557459815331296,4.489072241514896
AN19P:5d5fa4ef4e4a0bfc,17.934205714020997,5.213741835811435,6.507454383507248,5.172975733232766
AN19P:5d79cbd49b19eb5e,22.232191268559145,15.485168801613543,6.756791798381374,5.372549549130224
AN19P:5d8590d8f3d308d0,32.22566840739813,9.218197911563536,7.459947774227562,4.756644762844374
AN19P:5d9953bba9ef8d36,32.11967013957423,15.549963895880584,7.543223252771681,5.182636979919099
AN19P:5daac992e57d9b33,26.07159589072792,12.353756805544291,6.741507213821027,4.939322577954564
AN19P:5dadc741d7db3b05,30.46870099097282,10.497839519810224,8.00280015099968,4.652557901373164
AN19P:5db4399e38d4f7e2,13.086720255465728,5.341812703621399,7.565140865075646,3.595781150989473
AN19P:5db561f7c4167621,10.877672967233886,8.291071411966374,8.022595388313544,5.620898258012933
AN19P:5db834f402972227,21.499614664162834,17.531519174664478,7.554318125305786,6.200609535404315
AN19P:5dc9528b80c5d280,14.931946089036089,3.383045257407798,9.541172295056324,6.5107119276711245
AN19P:5dd4fc08d02da637,23.165274340298247,19.21059152467133,8.575439957010458,5.882961884639252
AN19P:5ddbb4ab8a04af0c,16.921720934018914,9.197387395040952,7.594255669478874,5.583307229477544
AN19P:5de21162535231cf,8.199632145764776,3.527431171884321,7.132683019566531,4.312932074409644
AN19P:5def80af76e701df,19.31158552111357,5.804422681035591,6.574781821389223,3.941700790961651
AN19P:5df4dbbf54099937,15.77231330226862,7.2104818823539665,6.993806381037564,4.74379500868174
AN19P:5df635a6fe23b70e,18.31315301953858,4.454853965520891,7.19930751583786,5.021863792352838
AN19P:5dffbdaf05e99856,16.833650503184167,4.159789898622716,7.762384883806403,5.672689565647289
AN19P:5e0e04317b96a632,16.991079685551572,10.317747996612123,7.820533579982571,5.468109779393557
AN19P:5e1c8b056bec2453,13.8670691103084,5.260668716690636,8.151978697026724,5.218267185083111
AN19P:5e2392614d9e281d,14.722049560495211,1.7176662045439752,7.4594188692295,4.166107190932851
AN19P:5e304ffce0556e76,24.83375444364501,8.173652111298757,8.984774926871964,6.730227564408727
AN19P:5e38f913e941e64c,14.701437783995653,9.630171747827884,7.374851697973345,5.184681059435214
AN19P:5e5411d02cd1e22f,23.25175485473044,13.509168253879464,8.062014474278893,5.991270349861636
AN19P:5e6542da5dc74b75,6.12041386957514,3.108069579976428,7.093478871392428,4.373374219960411
AN19P:5e8cf83151ef70e3,15.67392645136768,17.788369009241947,7.992644979042429,4.606520960320615
AN19P:5e92331c8bf8e50e,18.58886143099021,6.4131630931762365,7.851810001746754,4.855922287306392
AN19P:5eba6093067ef322,16.473918323796394,11.120941308929597,7.611921744983883,5.662799208611618
AN19P:5ebaca6250ae86da,10.513774070398442,8.739837262382311,8.040253813186911,7.1964095845874
AN19P:5ebfcad5e49d2e9b,19.017668076402124,7.4094043961306415,6.356806239923389,4.061659893699697
AN19P:5ec20ea6124da079,18.342478283457577,6.094011760415704,6.012487109189216,4.332399171429739
AN19P:5ec791cb56aaf60b,23.281267354864426,11.953875605540247,9.443726971897172,7.765146773904638
AN19P:5ec7b19a24accf82,12.968000396386357,4.267288097832535,8.26299387044407,4.344444923527045
AN19P:5eca8fd5949078da,11.404327009328185,13.980376337601106,8.424092745306208,7.09351671976786
AN19P:5ee0fd8e7b6e9cfa,18.39520909242343,20.52311177036656,8.713663145195298,3.925380858035372
AN19P:5ee7053c24a9bd73,15.910575715536687,9.76751437840259,6.710913127345076,4.3713307144864615
AN19P:5ee9a4e6a6b7e6d1,13.138840139137566,12.697217175087248,8.107794888125893,6.732950140717645
AN19P:5eee82bde92cc9fc,7.973879969441624,6.6366301982617575,6.604077807171937,4.7924338437563385
AN19P:5ef9b0ca269e068e,6.795876515363875,6.038661499227667,6.762639842195784,3.730238380640273
AN19P:5efb052e9af5f336,11.875984148294677,8.490866446295438,8.299538315250143,5.149513346039647
AN19P:5f0aac2bc0ac3ebb,28.04152390756729,14.847794970274242,11.2345675192565,8.987666188849444
AN19P:5f0c1bff78fe7eb1,10.671702684487087,13.922456270547846,6.346102355499483,4.485142822259531
AN19P:5f0caebfd4ec457c,8.756114081898042,3.280599546439737,6.581715156455166,4.447301566986538
AN19P:5f14261b9fdfbae6,8.917376666898518,4.11269936177125,6.904285890028158,4.098712955182113
AN19P:5f2aafe4191986e6,12.163901589229916,5.151030460508669,8.49623412247404,4.796146799492063
AN19P:5f41331df1982d89,28.940541342077964,11.893408083889543,7.665273428710679,4.56958708837703
AN19P:5f4b56c8e0d3a0f6,24.09063362869193,10.032203560101935,10.39619210881098,8.185189731790672
AN19P:5f59e7c663779a9f,5.253321139592867,3.7550151572401034,5.855580310967973,3.5663306055602875
AN19P:5f6bd2f8106e2c0d,14.0205260528631,11.470510615859393,7.207170019278589,5.027816615432303
AN19P:5f708f74db0496de,16.510150800785308,9.944472599826446,8.765270724090824,6.1160365424888266
AN19P:5f710731bd57aa22,8.757617841568871,3.998276278021604,6.735441291508631,4.461107859092875
AN19P:5f7c689e05433f1d,30.05399529323366,13.941024812017364,9.661044533323494,7.127717606194417
AN19P:5f8c10b0e93a8188,13.593674749272957,4.8730866835821365,6.592696994082384,4.440544507098756
AN19P:5f975fc9a39d9cf9,18.760351625251666,11.026619840042654,7.330653547625027,5.489755684824727
AN19P:5fa32532c63608f1,11.054833108167584,14.501733970055296,7.366280420100218,5.070950944160939
AN19P:5fa593a651c17226,14.537132170210072,8.040377554679955,7.689231608291469,4.764470615737829
AN19P:5fb37e3e1a07988a,3.994625248623268,1.4451443310014251,6.807528215639362,3.881586221794302
AN19P:5fb75677575b2673,17.261337129255192,6.941883083418036,8.025228667662335,6.450712185993079
AN19P:5fc402a3b1f2532a,16.80712422890853,11.372417715305566,8.514258337485613,5.507683578609272
AN19P:5fca5440c32d1ef3,12.079901331955996,2.5918292916399843,6.909980584786069,3.9603496247276286
AN19P:5fcb3c272d57acdf,23.425460732737,14.778138610070066,7.124907046166092,5.3505840927844535
AN19P:5fcb7663a45a4fa1,25.312103677976456,6.495184504791868,8.132854807409556,7.56697241363865
AN19P:5fe42cf1d67fcb23,15.424147311785427,20.80337553627203,5.973162205709899,4.197031983964703
AN19P:5fef1258969af7bc,7.83195394449876,10.775850653864843,7.6652782552651,4.736631545478601
AN19P:5ff9ae2bfd7628b8,14.148531993055013,4.450437918501246,9.526385133571056,6.610123282205657
AN19P:6000176c6807314c,12.618446341495977,4.022167090564114,6.576518371121306,4.148681647333487
AN19P:600e771ce6b9e9cb,15.537674761867486,6.396136813208532,7.319590000031333,4.248875640896614
AN19P:601db26254448a1a,14.114472378781702,2.974213040818237,7.669410035724626,3.920748054421385
AN19P:603cca64779f0f27,16.534554253445744,17.900818545919357,8.53596502385661,5.304067539907472
AN19P:6045b56dcd71af3b,7.229665334295663,6.234812618133288,6.92631670400157,3.866295734932303
AN19P:6063c3882813c405,15.550330852779483,14.09838125920979,7.179912888335763,3.927559120705891
AN19P:6069895188e3314d,6.79828688403284,1.7909519339511617,6.098766270293632,4.204858051969699
AN19P:6081a2c8829dbcbb,15.984257954729458,7.368976822443159,7.769936378945152,6.505763304823941
AN19P:6087465f8c26855a,15.626626811135624,8.064457542555251,8.63240518652245,6.778774999365429
AN19P:609629c4992c0fb4,21.645734396002062,4.44524725950393,8.754486124107551,6.089719558993823
AN19P:609ab104b52b9d08,12.882237802740216,6.962202474553978,7.6931067355756415,5.004264906937108
AN19P:60a2a6a7c02d5f6f,19.331182148858183,5.895940185722282,8.141528090127382,6.763791693043316
AN19P:60c44fd1167cbc8f,19.66704291013228,15.504307391507531,8.069822022048685,8.196443118018509
AN19P:60caf61cab7d8111,21.188770307213478,11.555441474263771,7.247854456974479,6.877525663032356
AN19P:60e29317466bcd39,12.192683416489364,15.988094354040266,8.543042478815503,5.192358878509464
AN19P:60e56f593441ae0b,14.121012786949231,8.907879181356657,8.637790311875873,6.4052443466892255
AN19P:60f29ad451f01e7b,12.54004689729376,5.334175671619813,7.3864134898067775,5.6987077832442905
AN19P:60fa030d354aa811,9.482950854378588,6.764631955544748,7.913869376621653,5.104241475071047
AN19P:60ff414542f71761,8.4037103469147,12.405313112024643,7.709721217515,5.578161963784001
AN19P:610a1f8f4c864622,25.75461308015159,24.323556697401443,7.6769226750997985,6.78244278382568
AN19P:610dfce90273094d,11.576873987556416,9.86643784432769,6.958893394918722,4.822790544484069
AN19P:610f99999799eb8e,11.519741219039084,9.854657820753836,7.388697352032958,4.903162680180322
AN19P:6118f324a0384acd,10.30385183752899,6.754665490613123,7.584166646311966,4.551567885261227
AN19P:611f99b9220b8b4c,26.597093797246856,5.730882409561339,9.400384242653294,6.588369850724539
AN19P:612f1a9a13967ddc,16.052768229403593,9.000090457702122,7.417966111197851,5.301661006693313
AN19P:61385009ce86f263,30.700299821020906,26.006838541845763,8.525469377921505,7.079163532850081
AN19P:6138d0cd97db44a1,16.82810413268158,23.467986407114367,7.175486461583743,6.214245651079569
AN19P:614200bb4d3c1ea6,21.02430311457288,9.15256795734411,8.650175194966456,6.099204941232116
AN19P:61505557ca2ffef8,15.461765256292992,10.054233486815445,9.378678308431834,8.069695813712158
AN19P:615072a1b4725e07,13.471034557380818,6.394840007645463,7.586346624172973,4.521796987354665
AN19P:616ab35e2a151361,16.019292015256077,14.379980590274668,9.03675196250813,6.635467002431605
AN19P:6179f368bfcecf03,18.52572711265724,14.99972560841881,8.298624618781343,5.647014765093515
AN19P:61813a7c019d2a08,11.801953531211886,3.099270684089425,6.412600678285574,3.437279337643329
AN19P:61885d1349c6cabe,19.038341282174507,6.931505544161407,8.29267845173959,5.646191310873655
AN19P:618a5b57f4e93b9f,13.01785869587098,4.516051517366402,7.659962684266366,5.7622918895506245
AN19P:619d07de58a6f27e,22.38357457739327,13.546455669395698,8.042841524158622,5.256007295010218
AN19P:61c5ae5f20a4aa15,23.83585937382896,15.484146192835842,8.180195777675804,5.69575106109095
AN19P:61c6e357c4d08984,15.694868731950104,11.007319863802712,7.729134633873949,4.455532223039988
AN19P:61cff615e01e5d5e,22.7843134920072,15.093586891653768,8.75019030792828,6.162850029606801
AN19P:6205b328b3b45a30,12.626993680742531,9.436540073919176,7.0520735476158976,4.7392297410267
AN19P:621799fe2a19fa8d,9.29883699752091,3.251322419955279,7.677886333733457,5.662715762815192
AN19P:622744ef6e531335,12.816102352935928,9.576166296213056,6.832934822823481,4.405601795765929
AN19P:622e2102ee37cac1,21.42102814096067,18.619463099524708,8.008720412321322,5.007549514026062
AN19P:62314ac75f383c7d,18.414374024573828,10.132737373753972,8.382580093931026,5.762676240353355
AN19P:623ed6c6dd098b52,13.08827623766851,13.902032020759757,7.554501432313176,5.295485372685895
AN19P:6248d480a890acf3,17.096175481751715,4.285253113080133,6.855058871562495,4.686693354194045
AN19P:625170662abbf01b,19.84107954750699,10.795089627864025,6.5154292707334,4.748243339734339
AN19P:62585a14a1ad3cb4,16.822715444077314,12.693949548361084,6.837877349131763,4.635868349200012
AN19P:626b5a4ab61c8152,10.458603908540535,10.32990379882583,7.952462968139236,5.4074845341158335
AN19P:6278bf2b0767551d,12.700905034777175,9.442540369856363,7.092695713432072,4.991639565978238
AN19P:6284d7f0bf7b866f,20.23761839120405,6.545708565880325,9.1176872069283,5.865720598484601
AN19P:628a8d1026496f74,22.554516991064705,14.093319424149003,7.541197771731331,7.04245845927029
AN19P:62931174128bb0af,28.250227280504262,11.300875986928656,9.227402102586858,5.390119528217012
AN19P:62a9552794184ae0,22.07797277299964,5.897148141001503,8.166622100174664,8.166026961886041
AN19P:62afbbdb5299417c,16.859048069885976,3.430865220215388,7.853268567895625,5.147281268572473
AN19P:62b20b54e7f6ea45,8.312092300947155,9.630242655992207,7.58603585494329,4.140310939135317
AN19P:62bf858f36632d3e,12.444831666395284,3.946724201433004,6.636016644044311,4.24369713199111
AN19P:62dd501402418206,19.418600370557108,13.447039694090508,8.52539933213646,7.123420548934377
AN19P:62e1c3886183fd63,26.386830385216463,25.494830854999627,8.490503382220666,9.544737276937012
AN19P:62e5b45d92782d6e,19.694851244934885,6.300574475947153,7.92022831867587,5.01708447227779
AN19P:62ee1e91644aadf8,30.372890068520057,24.914700111192392,8.64894250873711,6.151791929698868
AN19P:630d79d9a5efda17,11.242158705275662,4.3328530366240585,8.73501334944826,5.52824486585811
AN19P:63149153f2ff23fe,11.63862618649158,2.335783720005552,6.355927414507528,4.8796724425488
AN19P:631e682db6965832,13.681413687114771,5.512111825169846,7.307112996554441,3.8834757641931232
AN19P:632517d4dfc197f6,14.274417310680231,5.356446542899604,7.168070897261443,4.404767476788671
AN19P:63300e1e3ee15d89,24.751086579827703,11.425855038127295,9.03166731583232,6.477029003289805
AN19P:633450c43c30900d,16.99629268477408,4.4020830917996685,7.045136604532942,4.269910263951399
AN19P:6346a52909528eb2,14.055695475184535,10.014189581552293,8.610473190369676,5.605144592101171
AN19P:6348d689271ad253,10.10557714903251,5.315649531519279,7.723050315068945,4.637862814909395
AN19P:6352bd59f08e6056,12.37397256169607,3.805767050170206,6.176027539046397,3.3097581195093264
AN19P:63570c3553c90c3b,13.309119141701606,8.669408400368972,6.336592850404498,4.753513520289086
AN19P:63576cbfabdb9738,12.4357788395371,3.842132401520595,8.630781140355051,5.487933018120929
AN19P:6359f370f80d15f5,17.855787178990138,8.357610098818641,8.357784641338526,7.837111403251009
AN19P:636653c43e869103,12.167487694295666,5.782120373236445,7.375347668644948,4.182919946235931
AN19P:63698a4875fd0655,12.046431315559389,35.25144986119879,8.203091400045315,5.345881212331564
AN19P:636aff8fd46aca86,21.53103909645399,3.7828471710556193,8.313115670363086,5.624606612459232
AN19P:636bd8606c6881c3,15.048738644164048,5.709971985192864,6.089096519367788,5.558095649050948
AN19P:63739081b77f7aa0,10.782638731463893,3.16911182896755,6.8191907930354505,4.342619144748771
AN19P:637b4a5c2dc59c1c,11.705462865115342,4.274710602229593,7.609196402228159,3.837402984779186
AN19P:637f0c3026933b12,27.37037421776009,15.50581532160634,8.79950906409945,7.506514719450134
AN19P:63817108fec29412,20.74017373999296,8.67234782931646,6.981458987107432,5.037960237890563
AN19P:6389105e2ab4bbc5,15.361392881400471,9.60258857488067,8.348226465983373,9.69624306559252
AN19P:638e499987f3742e,24.07093024187612,3.503221537995428,7.000545677677612,4.703680665740172
AN19P:638f9284ec4d3c3d,8.020962843494646,3.4527303252658994,6.928240854754384,3.930520137675936
AN19P:6391cd2934cd1c64,13.97195573202736,4.576325629438899,8.397027073345118,5.400574391789659
AN19P:639ab0e4c6145b10,14.666075844392532,5.537898157208969,8.252306405171439,4.505083698181583
AN19P:63a43914fe544790,11.071328158635868,5.605627673905853,7.118960734109027,4.791083176511403
AN19P:63a90c2478409f86,9.81252974298559,12.794033307180964,6.340072028404703,3.68921280350309
AN19P:63af25f07bbdab61,7.846771237952961,6.078534862532684,7.857469833232948,6.444646191659686
AN19P:63d1ad35a039531a,13.80432378186146,8.526014687599934,8.113865582127007,4.716473797456258
AN19P:63d9340cabff4a06,13.71276180631041,7.932770668279741,7.563975332068829,6.671654027014904
AN19P:63de4ef0523b377a,27.440825963936145,15.24272007376662,8.534503449476075,5.74298630324818
AN19P:63f0f9e603d598a9,14.071026359007886,18.89887781649904,9.439085463849128,7.555718601776163
AN19P:64079ab8beed5b89,17.0341089470601,5.956636435693212,7.803235794402895,4.005383371343397
AN19P:6412b5aa07d6ddeb,23.7173122268819,14.300892253123118,7.519467571918881,5.9592559908858505
AN19P:641aecab876a034d,17.49608584866557,9.667259985481865,8.828790469553642,6.225499365562049
AN19P:641ebb7ed5ff3b37,21.217615872378392,34.28867171999304,7.76572960222908,5.1999753742843104
AN19P:6423b75328116f49,17.04599355778189,11.3706912888665,8.862540007427741,6.727092255837311
AN19P:64246b8a07bc0891,21.09894093075413,5.367692149001654,7.633310543216789,5.060550932855024
AN19P:64347cf3ffaa0a1e,25.33162496037645,22.38219262885064,8.86203672530983,6.591397251029235
AN19P:643484c659373097,20.551300929078632,9.772723239825456,8.618374701551845,7.149920866020706
AN19P:64581275e33d326d,15.382407320823951,10.366109627828736,7.418954922356182,5.881191285645564
AN19P:645c7f9f40b11260,22.952809871463757,7.358392378985195,7.129431233577525,6.523198169263314
AN19P:64682562b06a6d3e,12.67858105160576,2.077561878083997,7.535992413943978,5.697277920535962
AN19P:64751a308efe9fd1,13.004091155549611,10.03970712509136,8.793867450296784,4.831100328609127
AN19P:64863b5bdc974ade,13.975703818784195,4.515305611325177,8.038533744139668,4.479295440323991
AN19P:648d5a2af2a06a5b,24.832920686599373,21.674354301472988,8.169572744260327,5.501633654252939
AN19P:648d80f4b67c96f3,16.435574795045415,7.372450856497508,8.65934319215404,4.655424864997106
AN19P:64b54da7fab019ab,13.687185602979152,9.864133222783687,7.148061791895222,3.7442979192899823
AN19P:64b57fb9c6040f91,23.323611051708728,17.414371581580394,9.094818976519791,7.188126354806944
AN19P:64ebfc73cc48da7c,26.17501826032127,6.846318550286068,7.841992424705883,4.8457941153218815
AN19P:64eedb851b65ebb4,14.65442562199356,6.896122565246802,7.024311481129793,4.7219364879007815
AN19P:64fc5b6312ce8605,19.70091255492841,16.136384182036956,8.76151449239533,7.041010173429775
AN19P:64fdcc98f6f4066c,10.464674111734904,5.877429259134441,7.720271335073171,4.816963429925137
AN19P:64fe73ee1b79044d,15.40512390021588,9.510519557085752,9.46247531317587,7.361791745382282
AN19P:650d9df51b6c26e4,16.472280405774658,13.03998056432319,9.005458404115641,6.620862740329802
AN19P:65226d2359046abd,29.29888809685368,19.47483716522264,8.363394220585693,6.33399676562598
AN19P:6522d51fba89a71b,41.45878300583036,37.73811286605402,8.160032057904132,7.002919523865741
AN19P:6522d99efb3d61f8,15.25077762916828,7.96765029450502,8.446673852438549,4.80731300530432
AN19P:65536db4885866ea,26.3956829895069,20.23895414958794,8.357576008528147,7.003177703732342
AN19P:65731cb5179a3c12,10.8691422097376,10.101377813526495,8.318217979263345,4.702890250162114
AN19P:65859724e61fa025,19.6355631448206,11.143901850580848,7.681812298103567,4.919458214559068
AN19P:6585db3ef75a76bf,14.288005492669088,4.896109806127736,7.41843449139692,6.056096819945833
AN19P:659ec0673b6ebe28,12.337395140620492,5.226440899801341,6.150607919277085,3.316664243069741
AN19P:65a4d062bfe1453b,12.997776698554812,3.432831126210013,7.634641085538112,6.011713787599905
AN19P:65afe5bd50fa4eaa,19.686018953702543,9.923265616252388,8.478788114352799,5.080309052086291
AN19P:65c0f0680abdb0be,20.484497016358645,6.04524741684954,6.432866399780312,4.069316941941221
AN19P:65c83597bc189110,19.553396185650964,12.61366931102567,8.463910002316144,6.446820030268011
AN19P:65cb01682f58ca38,12.177892625065352,9.707907026160385,7.319246660156152,4.416830875463167
AN19P:66275d5d682efa54,11.234212699295451,3.296803921439092,6.2195023132380935,4.360819466676985
AN19P:6634cc462a5603b8,14.67513216714831,7.174320136758171,6.524339951935881,4.779227300255228
AN19P:664d33f2314a6901,26.511781382144243,13.496626754983795,11.393078026171503,9.35210585118472
AN19P:6653cb0b6d442ddc,26.362205759615577,9.26945744535791,10.211124925829022,8.31423210191184
AN19P:665a2093c726a2f6,24.907096436620225,5.579012097350366,7.327064332645501,6.715898700758309
AN19P:665a56b51df7eca6,33.419404427561446,17.26323712491447,8.019947631614015,5.54284830551723
AN19P:66661a4bce4ffd19,23.377217583960217,8.580626563560317,8.60535379027685,6.090342379378219
AN19P:666e3ad79949aef8,21.03505113034141,2.7083354949537237,9.638360770155517,6.517911256375528
AN19P:66769f221823a7d6,10.195644027953604,6.160837277068007,8.24349920480198,5.477574248968422
AN19P:667e768145bbd5b0,21.96518404868927,12.888831747124074,8.835230607159005,6.892976493575316
AN19P:6682a2dc59771745,21.415979086591665,9.776197088844146,8.014722469247985,4.279491708822709
AN19P:66860e3f31a977f9,14.855067801260342,3.5112760488007826,6.822554790946858,4.770967069774624
AN19P:6686b2e805d1d265,17.86637458536152,13.9487955347582,8.117872334002536,5.862548207010958
AN19P:668c0c3695f4fa38,13.304945571247824,6.03613705300138,7.0287259533837005,4.547315965368493
AN19P:6692c3d6ad243db2,15.407188943983748,5.697932403001656,7.736889953710904,6.542967725357296
AN19P:669ad992c5c00185,21.77054770757641,20.22576513500148,7.192078335678264,6.093313415439116
AN19P:66a02f82b493095d,17.53087843348489,15.73394806190306,8.243567283082076,5.7493643432541806
AN19P:66a0f2655c79e304,4.534403830998592,3.1170415759751986,6.852208802633462,4.356558681490231
AN19P:66a1568747ad3df6,15.93744892955324,7.415855803270227,9.3451404466342,4.779158754241892
AN19P:66bee2dba2c9f9b7,25.06908256461333,13.76906882558298,8.577142831642263,6.44545026247124
AN19P:66d24663e3af99a4,26.4517710951887,9.844777770840368,7.842403108516997,5.462582204041155
AN19P:66d3038789cdbd0c,13.17249410162698,4.946536926165143,8.362220275855151,4.304649031888031
AN19P:66d8b610d8d49e89,21.955933379490546,15.343475248979969,7.536828484129133,6.184255442068144
AN19P:66dccea0f0bb395c,12.711693982922377,2.7351146716926715,6.754285273558087,3.97805012479622
AN19P:66e15580e21e102e,9.7832051686837,6.400153899647967,8.59884094763265,4.572988355335414
AN19P:66eda8dcd1ea9df3,19.509497452009327,6.7027616404947326,7.209843016351648,4.412779764518048
AN19P:66f305545ef7e6f1,20.56436155355932,37.498304664685925,8.44114836438287,5.698687967226575
AN19P:66f4d3de7ae52556,21.13496416351284,19.62487709736507,9.151077623053466,6.066120200568869
AN19P:670c0ebacc5f6124,11.45354186200352,7.709852524604163,5.97047499905122,4.118745468550583
AN19P:670e7aae8d8b39c6,15.644034033845864,11.496025942430933,8.443612257860872,5.496845120627931
AN19P:6729710e4b57e690,24.248540612542406,13.529461807560692,9.422333622596735,6.162383842574283
AN19P:6729874f85766c17,19.301203245707008,18.66833492879908,7.659788056827612,5.726721648453929
AN19P:673ff0f26a08032d,14.554692127600866,8.763799875528601,6.864471835664019,4.647711637377364
AN19P:6743eeaada63803e,11.616779059237771,2.0232995740558057,7.162578282103666,4.174301481018237
AN19P:674bbdb951f99f28,29.310773062176423,14.093151350244646,11.69295409410047,9.31510110267306
AN19P:67514c1382382089,15.223194770251792,5.8237030701588965,6.88389053633129,4.418911686936183
AN19P:67549a43556bfc06,27.84736882166229,12.837625050155369,8.609533367157539,8.25721733965765
AN19P:67835126d2ce7494,24.537916944931226,8.687282559681085,8.994805455098573,6.198543134707134
AN19P:679db9b8ce70a314,14.674414103642418,3.813088315476924,7.659050852637629,5.563832322870601
AN19P:679f277c686274c1,25.061328498791266,29.703985914691817,8.490540358305788,8.423226168519616
AN19P:67b77d0d1f2420ac,10.625287235280194,2.37509404339174,6.012831783694509,4.256067608026227
AN19P:67c175dba4ecb3bf,15.340024056483603,8.70109782756044,8.885493281401304,5.729956338580632
AN19P:67c2113eff618c09,13.874986741320551,3.706695239966356,7.9730125548519375,4.3410811437147805
AN19P:67eeced4159445c0,14.008739604550533,4.743533038150086,6.456712527768407,4.193096334734545
AN19P:67f590512e69bf0e,21.702626808132376,8.656957528059515,8.606637787989545,7.14278251681367
AN19P:68225d4b9bf80fbb,16.63713767062337,11.438906862159332,8.939972941331959,7.322197868262732
AN19P:68248433cd249c6d,22.231528400935897,10.656506409782338,9.419621793533716,6.202643995641595
AN19P:683fc867a0d5cfd5,10.952266635527415,2.9851721837152927,8.49364126714447,4.865531484697291
AN19P:6841236f7e57d9de,13.171486670833724,7.0017081593231145,6.448575806747909,4.334640642213159
AN19P:6844c1e4c43c8bf5,11.050485692215808,10.09750684884508,7.913856934155089,5.506887345090254
AN19P:685256ebb452ba8b,6.754855354259419,4.733914114658942,6.215920561522593,3.5011837611491394
AN19P:685e8813e4e87c4b,17.646224720208952,10.849176381670972,9.505160543599176,6.588359419008121
AN19P:686262d3f768152d,27.399875274633587,15.893562860512446,9.756603289850162,5.426715407416765
AN19P:6862ef012c81a99a,14.5780543022043,11.119945704265074,6.41766827088342,3.704597230785786
AN19P:688026d7a8df5e55,9.703828362736315,8.867674446178501,6.588955386642659,4.765450917458217
AN19P:6890ca305fd13336,10.574935412179654,2.0570433828888115,7.384049604864555,6.015983016752129
AN19P:689887036d5ef3b9,9.362332667166577,4.202495243208699,6.305500184750831,4.829561084428274
AN19P:68a01a9be7eb34ad,14.360278124626497,6.598481551402996,7.821037064065068,5.265850339809138
AN19P:68ab0113eac7dfb3,11.048805851028025,8.769239355110232,7.14338072440956,4.916584710696649
AN19P:68b28eaab5753919,16.311626715688572,4.444440880318291,6.853458425193993,4.628031558836618
AN19P:68b62094854f6486,22.39746224040965,8.955412990611524,8.551462644135485,6.05872450590945
AN19P:68b87109defa477c,7.331224783973858,5.16232882701746,7.89477633725809,4.4478835145873
AN19P:68bbd6aa21868156,16.033587116195516,9.26720595044356,8.364836137845787,6.87883151482546
AN19P:68d06977c25de018,22.856140556870653,13.813293928781375,7.440373081259027,4.952500018298643
AN19P:68dff65c1d1efb4f,14.56800678144315,20.29649056431276,6.870641107054591,4.644958626669194
AN19P:68f13346c5017306,19.08019574149568,5.025522068639045,7.256875695576284,3.9808237518431535
AN19P:69029c1acf4ef3a4,16.315846912573896,6.108184767835158,8.102197157130867,5.2385177539047065
AN19P:6905a3c819037be8,11.922535494617952,2.4589233707370504,8.10075924936314,7.377626798226118
AN19P:690c14deda94b531,10.39347893774833,4.212386171782643,7.492027925511119,4.804508950813593
AN19P:6915578473c7b0a3,15.566765561707989,9.832590576655198,7.368046212005261,4.562410005362587
AN19P:6918fed05ce4e37f,18.86815778730756,17.137224977895755,7.5020903820319935,5.138359055016756
AN19P:69561bbab6cfd997,14.632057214592246,4.172231722897292,8.572594275643045,6.797059389018641
AN19P:6958a312d176fc0e,19.301203245707008,18.66833492879908,7.659788056827612,5.726721648453929
AN19P:6958aca4ae051e04,14.925209391754466,16.385122172819095,8.074435300943552,4.281646765745856
AN19P:6970df8f29538f32,10.9285852489621,4.797483176308992,7.293882733171742,5.627315457825834
AN19P:6977a87ae2a5b68e,15.279838299014322,5.798683599516021,6.720886437574069,3.9506977318037695
AN19P:6985730f90161930,23.588502484824275,14.146509942156408,7.954953249731392,7.334532773046334
AN19P:698b6e4ec62d3102,8.668303521489177,8.693560314230485,7.219420230629022,4.615220566041401
AN19P:69b6cc909b04095a,17.597502055026503,14.788824201288456,8.029530381180047,5.896649418352324
AN19P:69b8aef86d7107c8,17.69942059216675,7.644582739395368,7.281829029804286,5.146579616469197
AN19P:69bf826d40585bd1,18.916140904489183,35.341701787426935,7.798251734468791,4.18220199462249
AN19P:69d3bb9ffb9a01d3,13.4383969354069,8.24129663783245,5.909343884040859,3.932206833323967
AN19P:69d4236f619885ba,14.671652292312878,6.672896868511155,6.924502442337257,6.5742851014509
AN19P:69d934d0e59c8422,16.661009587253037,13.262489905951586,6.429607495015689,4.046468289119901
AN19P:69db519b44a65479,17.421863966715616,9.218584753210054,8.446080813456545,5.536655707294998
AN19P:69e4075f48d1d900,28.89572886952507,14.681747410530203,7.257993858307204,5.994051955655359
AN19P:69f119dc05b2216e,25.22741437975734,23.4599456717413,8.919640991073774,9.003570781479176
AN19P:69f5f130e9fe0c7a,13.59268509638505,3.494111227465547,9.562460156855662,6.608951661664763
AN19P:6a000031f2ce1341,10.13900592220087,4.320021453345742,8.659121015645065,5.275170120566012
AN19P:6a0c0eef27e6e792,9.034400595812292,7.266279558830556,7.088522744973685,4.004067488507934
AN19P:6a286631621ee164,17.00736438088178,5.822391698171829,8.274316516719322,4.774737107936023
AN19P:6a2897c1d0125ff2,9.670952576712471,0.8157266162288717,8.577724815934646,6.012053476245328
AN19P:6a29924a555568b9,19.29656759019109,15.643125807556125,7.3275957602397295,4.801233284680935
AN19P:6a3a8fad60402364,17.617757107378075,7.407577854964399,7.638856823641589,5.587194179816203
AN19P:6a3c13032dea338f,13.47563015716191,6.635627621130595,6.949881779760217,3.863979837044583
AN19P:6a3f6baff9e5c6bb,13.908339522811184,16.234078127590763,8.715045038632672,6.754286409448298
AN19P:6a5cf611ba88edb5,17.141091770014718,10.012204933482227,8.31558543155345,7.293316273718916
AN19P:6a6bf328ecaeaee9,20.44301820396732,4.678349013936754,6.980156913852238,6.753620876886709
AN19P:6a6e27ce19fe7586,23.09851383926048,18.20697835031594,9.358610470089946,7.641278104579805
AN19P:6a6e48a729677e3a,13.275278844043449,19.119286109972947,6.608168496345649,4.384287884795415
AN19P:6a7086a3fa5b4c9d,26.561541772957707,16.39099758020305,8.790841299989646,6.982561548543417
AN19P:6a795b12a7e8b171,13.85050342461534,2.449281532249588,5.135345572364064,2.99020801613376
AN19P:6a87340dab25114e,9.465248028084414,1.8963975927302288,8.189860542204068,6.560016837597232
AN19P:6a8da6da11b90181,12.416283764248629,9.586301480910192,6.510340284383057,4.241459226056026
AN19P:6a9f1bcd2f942a86,10.176619404717696,11.663418181045284,7.522217402725611,3.824839156070537
AN19P:6aaeefe26082daaa,5.588215616658091,9.41917934700346,6.903973643151327,4.169670250955485
AN19P:6abe092722afb7b4,10.35062845893208,5.780204134209661,5.864627750911459,4.178230877806183
AN19P:6acfafa6008ecc92,20.382439954819898,16.118093160148973,7.446664283620615,4.97622301449016
AN19P:6ad17d5577728b87,11.535887360256083,2.058701500911415,8.116912056385212,5.437603244295522
AN19P:6ad8bc253e479c6f,15.94096549752773,11.55384363589094,9.696748279093203,7.174778973847037
AN19P:6adeebd491e37c9e,24.213030278973356,6.243920874935045,9.368629557866951,6.114918394465104
AN19P:6ae2cae990395775,16.58962829159244,5.418936935382711,7.085821886199447,4.746438390149233
AN19P:6af5ecf70141b035,14.787646876732046,8.206971548617718,7.501546812177045,5.708584636952107
AN19P:6b0049f12f2f3da6,13.571485237076876,11.007068974255027,6.655361133126224,4.88679026659378
AN19P:6b0a112476145a8a,11.827042121080222,5.236962681763597,8.432565233515131,6.354473212194092
AN19P:6b0dc074121207c6,26.34986455311716,22.743898071997343,8.942146277356155,5.796718104990212
AN19P:6b12dc0eeff3b331,12.369916784334508,8.716742820369534,6.994600461730575,4.24049637495541
AN19P:6b146c8a62bb4581,23.56868000006622,9.003258789715131,7.205646992137181,5.055565880500508
AN19P:6b149f675ecf68a8,6.180499576433268,3.7880251694636673,6.684279636067642,4.42225740172669
AN19P:6b2b9e41d4a9ced5,14.01659845586003,6.651052764541149,8.453452916561151,3.99885279240754
AN19P:6b339daaafbd2dc5,17.452550523238703,7.325192075014234,8.007694429959418,6.11424481985051
AN19P:6b38828614b4a109,19.21176281741817,14.445369877179656,8.269295990638811,7.090315821274856
AN19P:6b3a9f09b33c5ee4,16.519992011881328,6.799009255095006,7.833978533735815,5.024024408635283
AN19P:6b4c187719f157e3,28.14296046049181,21.87271754875881,8.658648183872607,7.657648900991096
AN19P:6b4f703b1320032f,6.037356344528572,3.9272783912367006,7.329799270411762,4.389311420459159
AN19P:6b507df03cf59954,18.31765594731142,5.668198355988936,8.519077796246723,8.480637655775714
AN19P:6b51d7600923a4b5,14.69923885357455,6.198716240239785,8.222695449934886,5.464817002246453
AN19P:6b5635cb66d0bdf6,11.989621003975536,4.277720552546559,7.814081452885409,5.0705300149477335
AN19P:6b57cac67164345e,24.356383313773165,8.446784827603413,8.04847765537298,6.276902034132652
AN19P:6b5dd56f3c54fc46,21.266203314632044,12.009763695500713,9.194444675041163,6.79391802214413
AN19P:6b9adbc2d010e11e,16.279108954904068,5.530225248114092,8.065389342606718,5.559498304189697
AN19P:6b9cad1418930b66,16.457103376232162,4.435746155306991,7.510086485452489,7.5805428903651535
AN19P:6b9fc878c40c9cfb,20.70621941117489,4.239570473173427,7.327272767367274,6.21034169254703
AN19P:6bac903344675192,15.661592984979924,2.5782730224659742,8.9887609788355,6.584666134040966
AN19P:6bc8b93033a66832,16.012285369784472,11.00617240086674,6.895384873419561,3.759189059153405
AN19P:6bc97ebeab78dafd,31.92608850942677,18.4950071852632,8.69982164227551,5.335227950792831
AN19P:6bde9fd9c264fe06,9.33221672404226,3.4466459841871555,7.916468375822745,5.300112463259381
AN19P:6be43c60b5bc7e8d,29.44303580052271,16.72432953715593,9.409508712167472,7.025101516054175
AN19P:6beebd874d6606f4,24.56110549056029,24.155150420674,8.81945914828085,6.428353589134018
AN19P:6c00fa4c3caa7581,34.650861967127945,33.84518080035558,9.136139562901985,7.078153538322628
AN19P:6c03474a80d77f4a,23.131293990659056,22.803080608225937,7.718700258311625,5.098090171682262
AN19P:6c0b4c8b4220c440,28.466023803120876,21.662544062219467,9.440366523900176,6.298986889279547
AN19P:6c0c0d24da563b12,7.976690935693742,2.8517544979941647,7.9305521574835,7.262910415881476
AN19P:6c1d8798d48abd8d,7.767478196858407,7.111474848204822,6.538843172384224,4.0101739883204335
AN19P:6c2b24345dfbf085,12.828720081691158,7.761383363408062,7.212718823971111,5.308593099520803
AN19P:6c3afbad4f575537,11.96572696279186,3.12423584943556,7.668018454388341,4.479655800711378
AN19P:6c43729492e17ad7,18.022856343256105,12.521524319675962,7.934097185010454,3.944536174158564
AN19P:6c47b08c3fb95b3c,13.801505412264596,8.30956290057431,7.633113726219482,3.9615942379035904
AN19P:6c57f00bafbcf74d,19.65289783410745,9.541746068767033,9.771184071062036,6.482560240300061
AN19P:6c68027725703c4a,25.69520661716432,8.241126913189696,7.352520439043976,4.083355543951353
AN19P:6c832eb3b9906184,26.270183683184666,13.393963480475366,7.941397814721647,5.920869468227664
AN19P:6c8cd75ce8f32058,11.134062066165624,4.579698382327929,6.855485023530898,4.425639180541737
AN19P:6caceaf578c92c31,8.942480967977497,9.122610808617573,8.098177877150592,5.614222255780945
AN19P:6ce05b0ecd5015e0,20.473779305102,10.789274303518797,7.352266716730203,6.468623689587611
AN19P:6ce2fc72c9636410,18.070581132165024,9.57474594852034,7.169293073310079,4.842366864247715
AN19P:6cf4bf6b69b6776f,20.9167721118088,27.0072877296388,7.300196307935743,4.131064839305101
AN19P:6cf7c83cd3bb9d3b,16.39913741346713,5.781657412893984,8.343345882802538,4.376841902538348
AN19P:6cfdb2beabe5e73c,15.984257954729458,7.368976822443159,7.769936378945152,6.505763304823941
AN19P:6d00035701870a83,30.304452884275022,24.927528355705466,11.29103586101493,6.962262484055944
AN19P:6d001ce85241ebf7,16.40569942274526,5.677005677781238,7.550075005082181,4.763754728316963
AN19P:6d0f89dfd5dcf54e,9.586124989305231,7.37708851277104,7.678763945357097,4.424638691578953
AN19P:6d1207ca55ee6f64,8.995397709247483,4.078237480803269,6.745246736344377,4.737222063136816
AN19P:6d22609f219ae95c,24.88943244406165,17.5590354938514,7.484831960691905,5.636931477161352
AN19P:6d27435fe2a1cfe1,17.619342508294608,13.21855867447655,8.861462208445449,7.195088393379275
AN19P:6d341dfccd80b51f,23.31537453492659,10.23696755972158,9.713803655336289,5.133153177142615
AN19P:6d3563d7f2737fb3,16.966695048376366,3.0176582446824423,8.604990576653554,5.043338795252038
AN19P:6d3580246c138c04,27.91455203883469,13.26441991028736,10.582282663482252,6.925177908171339
AN19P:6d37a0faf259a44b,13.08460434236402,5.888958569240646,7.519615552077838,5.256794161011622
AN19P:6d445d2c16dbedc6,12.242094168635628,3.705753693719031,7.493760452342584,4.833128737066964
AN19P:6d708b00990f30db,16.89198080521804,6.92918422199923,7.184765535243698,4.712763252412743
AN19P:6d76200461c14371,17.307470083779762,11.50387247877963,8.38637138901966,5.398071271471984
AN19P:6d77493059fd11d8,15.94009155704442,6.539225831899679,7.599472674774192,6.3104208416501
AN19P:6d8e2181733d5b4c,18.87698101928769,33.79970598366091,8.096560716739594,4.790578086811921
AN19P:6d9974f15ed2263e,15.863348324078643,10.045553796992603,8.090087532102709,5.266655112531017
AN19P:6daf4bb3f3024421,36.98694806520178,16.019980010419268,8.92440998455313,6.7012476578262
AN19P:6dd07666237bd582,4.832303119944305,2.51519184835508,7.186451293685964,4.845959787299093
AN19P:6ddc41cb5ef33a56,9.014803840331965,4.564693949507489,8.525508595076422,5.1401623379930665
AN19P:6de139b7dfbb527d,14.62122431338,3.3674563308517604,7.515760226441133,4.178475999989822
AN19P:6df97944ba3b35b0,11.944131594648344,7.6490994754688355,8.4379674664053,6.284710696783154
AN19P:6e0532ae73d7e3e1,18.31039132126272,9.391770295743294,8.50965889910417,6.049890705015439
AN19P:6e083318ec82c93d,19.5916549076501,6.910597281328176,8.296085578556784,5.449333807560002
AN19P:6e135a676b6f61c9,19.23365075943804,6.933233864832181,7.994235623102361,5.947013874844635
AN19P:6e41e4240987c4bd,19.213129768457147,5.967085986193269,8.114958534086236,5.043996321163272
AN19P:6e5e7d0b0872fbb8,8.572541257652285,6.595877274912375,6.679922103260287,3.085157458757188
AN19P:6e8cb46ea02ea8a5,10.879047264290335,7.165725836270194,6.405873244662293,3.963217021668354
AN19P:6e8d5adc7ff16f33,21.225323426009187,5.467785264547442,8.047200518682159,5.226106558756497
AN19P:6e94c528834475e6,6.151621097622698,8.690298306609503,6.931471855470973,4.448497252537331
AN19P:6e9f905721acd22f,16.44861358319885,3.348446695503636,8.59306845402234,5.05562930034486
AN19P:6ead29bac61a481a,33.48201375855677,27.608149111799364,9.238517894889956,7.257322821898391
AN19P:6ebd937b283515f8,10.879126294218509,5.204899509358027,7.121794242270109,4.645299046006771
AN19P:6ec449a207d4d5f4,22.835713067351342,5.446227546035582,6.588687920980046,5.526560758537642
AN19P:6ee29cbfdcfc9862,25.73004594823149,20.211448684517038,8.648391763936392,6.431136262386832
AN19P:6ee588f0ddb89018,10.918023893247984,3.6746135072448216,7.856190926059102,4.278955570634736
AN19P:6ee792c64d85864d,19.378066054254745,6.492683187365326,8.431688499804217,6.377866649121044
AN19P:6ef6e53f8fc7b030,22.795136190362346,5.405748194620967,7.766541015708797,6.370374787326792
AN19P:6f041719ad6bcdbb,18.71710039068744,16.835287436674918,8.071103397772028,7.179351622383037
AN19P:6f111cbf584f2f93,10.864945484444574,15.883193953713976,7.466539263811927,4.977295212800086
AN19P:6f1a2d6ba34b22e3,11.765420753141017,7.526398199147391,6.025791753189385,5.2107431318123005
AN19P:6f32f22532b642b6,13.016398620012716,9.598981325135464,6.174449102871697,4.0685771504724775
AN19P:6f44fd1124a4beca,21.163225615711493,23.692467887547025,7.1573677611016695,6.593652630957446
AN19P:6f460def80a8ed4e,19.87141827779241,17.036084770128422,9.336153193458694,7.963584253866809
AN19P:6f4929905076fe09,13.734700118181696,10.1823927783524,9.02476350636323,6.889738150085821
AN19P:6f4df3758aa2ce40,23.20091474639337,7.5737147991444544,9.169313738470002,7.271439574946473
AN19P:6f4f7203ed11fcdd,35.490511769200204,12.54142524758049,8.387547491442284,5.440157586265696
AN19P:6f570fbc6968c88d,14.054439790803515,3.975448597281776,6.669184859740181,3.9573550205025936
AN19P:6f61b786d2182f19,10.242532159763742,11.529623086512215,6.685009651399072,5.428274555672521
AN19P:6f6b388129a54090,24.101240753676265,14.404505020394735,8.421863882967427,5.695924257611112
AN19P:6f6faf11566cef32,14.1211012995274,3.943832224228738,7.936942339132575,6.2923398999814975
AN19P:6f73962e00f064c5,27.278285270516424,17.294061987085108,9.48523512340764,6.491060060764214
AN19P:6f824fdd63014e1f,18.266604053678297,19.83720699234044,9.275985721967466,6.25309860424236
AN19P:6f8a7cbaee2a2c29,13.888345388178871,5.817362908225989,7.910563838624289,5.592179503256562
AN19P:6f9bfac6afe71d44,11.79608515422412,4.1036860204471735,9.233289692008668,5.744989447718816
AN19P:6fa516ec8b59f07b,11.923238087015813,3.764964307764092,6.950168872032876,5.324505868667326
AN19P:6fae46e247d4f3fd,15.470361586699926,4.642642689871267,8.934680384757778,6.461076919464801
AN19P:6fb7a8a7165eb571,23.516457172099493,5.745920061943487,7.338729534819443,5.6580349475837055
AN19P:6fbf3533550ca612,13.361516166835884,6.740784532842506,7.1978678433867325,5.027579945877351
AN19P:6fc746211d13d29b,12.874320485064542,8.172124288430753,6.8317706081557805,4.413850055901683
AN19P:6fca635332d69ea6,8.068853135040355,6.237435018001229,6.794032729125244,5.725253475399427
AN19P:6fd9b1c803e35942,12.662198313462453,1.7939266233624134,8.187726246319256,5.460244225331138
AN19P:6fdc219ad17bdf8c,22.16405054559053,16.11531682957346,8.268719492745051,6.386569906773822
AN19P:6fe1e8725389a193,16.81695508129341,8.20078479244242,8.762712952237314,5.049988647216932
AN19P:6fe42ff9940c9b4c,19.96064472646913,13.028889272095048,7.892258920735148,6.256732210103065
AN19P:6fe4fa49f34e01c9,21.62605127789855,15.563748911049712,8.544548923391755,4.93892349793789
AN19P:6fec650537a25741,21.302739150524985,6.673489190918683,8.299592669075604,5.764117160269914
AN19P:6feff126567cee2f,19.23163875701957,14.243947035843078,9.165237307810491,7.536083333132333
AN19P:6ff8dbb8e37489d7,22.120382632168017,7.556067161548852,8.909616881648121,5.085759664387092
AN19P:70077d860f8b1d67,33.232874321018365,16.967847346589515,8.841995915433634,6.156037361798393
AN19P:700c87a1bb7272c4,13.079328331955516,3.0846366955163127,7.810695249289719,4.708544848689905
AN19P:70102a39504c5748,23.50402534940293,21.25157679982401,10.09995795972043,7.187788440442002
AN19P:7014e348203d04e4,17.98047168129897,8.497045595119555,7.908209750287509,4.958197018636465
AN19P:7016e6c9f4345b50,31.84740207072988,5.859394047741914,8.130745474163204,4.648447085739943
AN19P:70185cbec8ff7168,13.804444455440226,9.26523377061602,8.296069702185717,5.762833667177611
AN19P:7021b8835d11d163,14.03942834322889,3.756301622254165,7.54310872716931,3.976702651029944
AN19P:705528b4361d6974,26.37154790862756,28.0449763968846,8.210874555973263,5.515950545334154
AN19P:70580c881097bc76,22.22969826712819,8.756635982564244,8.387005805548975,4.70303814930796
AN19P:7065b5ae4b767e0c,18.287361076286302,11.38521750237423,8.800193818463182,5.715704592614942
AN19P:706c0a619b91c3e1,19.286429837682903,5.060716540897515,8.567284137231285,4.89290627684844
AN19P:7079216288e4155f,21.508661820944592,7.044653010710544,8.335972223154355,6.8814152468343375
AN19P:707a81ad505cfc6d,17.242579223376193,11.13443978885156,7.120712109552264,5.192672779942406
AN19P:707d57b76bf647a0,11.090146236588003,3.21695275061995,6.971537957571933,5.261780732417805
AN19P:709578cf7b199c07,11.39929989280374,6.890268216511336,8.221274081183635,6.026614045457015
AN19P:709ea2ad1e4b4054,15.398011823480823,8.74260803104889,7.723749400376452,5.433785136971544
AN19P:70a2944a91766d87,12.626023601977094,8.620760924594041,8.903568218534193,6.252470460313809
AN19P:70a7b9dc4a12f7e0,13.720229905550056,7.935571485117173,8.079426702524978,4.431089234237816
AN19P:70aca861cee54ca6,12.847785823307378,10.423786698974878,9.423399132844764,6.103820856786492
AN19P:70b4b1389368fd60,22.444188723088853,9.218847618803236,8.422751775641085,5.340376803489975
AN19P:70b85039137031f1,32.27270639890217,15.68516168133678,8.571348368854357,6.3496305027244375
AN19P:70c35ac73bf6863b,17.042985132762677,16.37919895012596,9.853032145136885,6.3412560032581045
AN19P:70c5fa9283f6fc59,13.349721260941394,7.508137155802335,9.562049933732832,10.070366049105909
AN19P:70d5c5517b25ba4e,12.361904806711811,6.280986426094342,8.0725604840415,5.582596219507428
AN19P:70e655ef1bd893b9,21.02455688713174,6.529100146597429,8.620810367140203,7.544990765371287
AN19P:70f14f42ffa52e09,20.420895620097703,8.993927943500971,8.300912497986214,4.265639149346069
AN19P:710bfe2c4250c6a8,17.05598014663245,5.775601682739579,7.7961368430823486,4.786986350633595
AN19P:712057c29a26f222,7.571364252274106,3.896274209750979,7.817137365029063,3.840835898704399
AN19P:7128b511406af1b9,14.691750069802392,4.555315157721146,8.767541741884937,4.880420412410432
AN19P:7129b48b50a05df1,8.928690731550816,2.7754915681223618,7.428694216161906,3.831408371663167
AN19P:712dcdb3b03ab18f,24.16908604347589,13.4682982741553,7.580672808012317,5.866946596508329
AN19P:715ad5ff8b8b8eec,18.414509420821556,6.367240790736015,7.989367339646734,4.442476627083131
AN19P:715c72fe7d0e2381,23.33872663635958,10.216508520140048,8.72379388150005,4.930520129036751
AN19P:716494a9a8802b99,20.26396998414811,5.385847179745452,6.874248574093901,5.2048176568236375
AN19P:7165a25aead9d86c,6.173040211559746,3.972954523111824,6.4330606573698,4.64589025756738
AN19P:7165f98e1778e37d,14.19006399514369,10.73153233127597,7.124147104934185,5.750177716919147
AN19P:716dce880ea724f0,23.75961138918003,4.219905264832571,8.428524623436674,4.755927441543433
AN19P:7178b9b84db08a88,11.4912550590089,6.792341172367807,7.848862873128101,4.079006758789737
AN19P:717eb8276995a978,21.740501529538268,25.82976698697721,7.55704457961322,5.520682376066163
AN19P:718570e731f9231d,6.853828632731685,3.3666303606234087,6.934619612049874,4.855013777161998
AN19P:71c8d576f35a6f25,11.071328158635868,5.605627673905853,7.118960734109027,4.791083176511403
AN19P:71f0e090e40c9419,16.199138951591404,4.943957086739176,7.199450082176308,3.969869450169126
AN19P:720092e34147361e,8.14889686457039,7.372740306727359,8.128073576089868,4.056804367098951
AN19P:720ba02a3c70b0d8,13.016398620012716,9.598981325135464,6.174449102871697,4.0685771504724775
AN19P:720c5e98730474e7,23.724901553245203,11.342864068775953,8.231680308794118,5.4631032088600096
AN19P:7215f40002fded64,26.887725788979537,14.444081799398768,6.887370285965442,6.393380470686319
AN19P:721605f8bc68586b,16.67765985387545,9.40047669257779,8.869232163828777,7.46188877228353
AN19P:7216946dee71717e,11.456266318666586,6.571038046270286,7.5741971840643165,5.1189742478444655
AN19P:7216fb43ad3a304b,18.214527251808555,16.07756409117581,10.2491095069801,8.251052997742345
AN19P:721f7b96995fc9d1,17.24545455857414,13.55237220699225,8.468586465033319,6.081244043451682
AN19P:7222d4216c09ab10,27.582181080631848,11.619930563106928,10.86755195072637,8.661916381642339
AN19P:722fdbf669a93c0e,24.779101425716963,9.98338657256254,9.361471884207845,7.847533634019306
AN19P:725bee421581cb85,10.300315366426418,6.4198355257926005,7.7098079440442016,5.351704844666889
AN19P:725c4d0717f70de3,38.33945320320118,30.378580238955116,10.286321689006284,7.390407621318742
AN19P:72696c125d4b4a45,20.21365810130217,9.94589275806903,7.428191034945668,5.451475212141452
AN19P:72838819f54cc9e8,18.258973764363944,10.582130265327072,7.843412328748395,7.686639192265114
AN19P:7299acfe90fd2223,14.225766122133756,6.393736876681449,6.311475766567907,4.339234394146787
AN19P:72b8f40a676dd7f4,10.99375223121002,13.258564110672353,7.197214377020298,4.459005476849872
AN19P:72cb41ddb3e4f209,19.02783387527848,5.054726109222601,7.845898405125867,6.119986472029017
AN19P:72ce31e08d2afcb7,17.93121377075925,7.489102012350467,7.24392148505425,4.963502826824393
AN19P:72df813f112b5bfe,21.146389896397768,12.399861918883936,7.125714073837811,6.206718739683958
AN19P:72e2fc6201e46e2d,39.89164849687885,15.194716328742588,9.61526718719268,8.194855240085834
AN19P:72e4bef08a0490e5,18.64268925973142,6.677364865261123,7.865335681579226,4.609253661359304
AN19P:72ed3bcd4b4144ec,25.903599841604848,15.231983997978377,6.040569360490423,5.625889000286199
AN19P:72f86b794e7e8777,14.18444330504325,9.054129432070736,6.341361540186073,3.3492720579533395
AN19P:72faac35774112a0,18.6354384126248,14.77758435583769,8.666966547868324,4.9362498157655095
AN19P:7306ae69a75f0d84,16.528203771905737,10.40057782719646,8.039322097465838,5.352212139066489
AN19P:7320942eff873353,9.388632887151257,1.951414028979416,8.623847216983481,4.725931986694967
AN19P:7320e180a95e64f4,15.781166857511192,9.186730538857471,8.409630283523292,5.914819710174073
AN19P:735a73ea36321a73,16.606104829484735,3.864591757613738,6.133541715117681,4.409050593468269
AN19P:735e20ab5e2f03e0,22.2212203291116,9.26093912278594,8.720902833171191,6.017651508699464
AN19P:7370eb9b7909eeb8,21.78427270632384,8.869580788721679,7.971254920759986,4.237686056358274
AN19P:7376205ea102af5f,7.788009120106086,2.0914478010312845,7.103014425511848,4.162578234675089
AN19P:7378e7d7ab7e4c3e,8.737255289197698,4.41854343262915,6.2958478445468895,4.38715254148745
AN19P:737fc09e16a7c327,21.994956692960137,20.48040181095487,7.578158921932927,7.109592839957436
AN19P:7381bfb95ed7bd7e,8.929399286668776,14.47718653865608,6.978553635830543,4.652401893686191
AN19P:7399283d16e47483,15.134230324992,16.580992003985934,8.169796999623411,5.226742735527123
AN19P:73a09ad89835060b,12.262107881609117,1.2455423146128286,6.206946180328389,4.8263646181637165
AN19P:73bdd10d6a3f3fc7,13.138840139137566,12.697217175087248,8.107794888125893,6.732950140717645
AN19P:73c2db0d93f37356,16.01012240764269,9.972604200693455,7.633964072653808,7.056972738466118
AN19P:73ce41a3315373f7,20.670422934510093,16.526752896031095,7.400194890674938,4.877840491687527
AN19P:73d9aebaec3c8e4f,13.186123087373463,6.941470386770988,8.037324794169002,6.947835894916866
AN19P:74074394506f3f07,13.082364838752712,9.275357776453053,6.69354805993595,4.378681299361466
AN19P:740a6862d27ae7b7,12.578554761852718,5.094302320832506,7.83478416754996,5.112180816877808
AN19P:74173c83ca6f682a,24.303304763481474,17.810383303625027,8.092353269816012,6.997037669304836
AN19P:7417df97a26938fb,19.40010189681239,7.124950364661082,8.638046294859274,4.105842439630994
AN19P:741eec8751873226,19.102737652434797,6.646084539853244,7.224176750255353,5.412973652056344
AN19P:74263cc78fe6b322,15.916426890673591,4.141826704644019,6.283217697944056,3.253973420403923
AN19P:74434e6754db63a9,29.527475425253108,20.63082765586793,9.006492158774952,5.502868316728241
AN19P:74492bc8e4bffdfc,26.295148307208628,13.749634203152116,8.661499096913598,6.17951377135086
AN19P:745042b0549dcf96,25.018002282926087,16.90544207125094,8.381533571333735,8.087374907615395
AN19P:745b7fa80e9f6270,11.16815356657698,13.587284159760644,7.87649615646515,4.422862477245154
AN19P:745cbcc1b62930e9,13.484238320577935,4.317728209905381,6.962090388393033,4.520045747354131
AN19P:74725d4af32b7111,15.430599858193672,6.491159682374322,6.625671795269255,5.323335406606433
AN19P:747c486707939841,17.811223089695773,4.439817157073863,7.981240756224822,5.947809409128538
AN19P:749af2ebd1e48722,7.760251126469795,4.911900310546988,6.494061229165636,4.769712848284523
AN19P:74a9ee3fd55c5a3e,17.056498746610526,21.15256498809915,7.853247097866477,5.927849826879418
AN19P:74ac58daa0fa3be0,43.43810849498902,14.609250080805932,9.782961739833937,10.31560416958322
AN19P:74bbb1918eef682d,16.53038155656205,13.556794635199669,7.478228798453171,4.6054611726148496
AN19P:74bc236c97f2e01f,37.65782196603857,14.045191510986989,9.106500210774588,6.592216429323941
AN19P:74df68c2d2ed5987,12.673206376237223,6.490720566511596,8.253407543513488,6.3576430584117904
AN19P:74ef8a1cc6d8ecad,12.228892565225838,6.745507453482062,8.471880157350613,5.69226572233871
AN19P:74f02d2ddaec6eb4,9.803328971567762,5.100218033883671,9.281642176970394,4.858855475643732
AN19P:74f14c3454b3f762,16.033081239257616,20.300501566044517,9.405912151186456,5.7212955420420615
AN19P:74f2ff0b51e0e75d,18.171011571142326,8.99378494907105,7.241221287846524,3.820734676660817
AN19P:74f806ef49ad4b63,8.65373677883878,2.827913823509091,8.095719525402563,5.33493359002813
AN19P:74fc71743c282cbc,23.7787849278486,13.986951246971808,9.423661217152588,7.301697899694291
AN19P:7500da011f831e94,8.198735324028597,5.589323366663248,6.150163489471758,3.9971527215832414
AN19P:750384b75f52b6fa,11.718186396519606,3.504307415947636,7.9740867231036034,6.022042726887903
AN19P:753189c11ea25e40,15.886347292692898,5.750833553344198,7.18945305101056,4.719898789138408
AN19P:75429f856addb746,17.293213309262313,7.478048032128766,5.959411749677615,4.707564776024933
AN19P:754545e5738e78e1,6.520438512230971,6.344951640653593,7.306763469570203,4.2353940186992975
AN19P:75599a8000c33cc0,19.31865145556435,5.878016757646246,8.93932957464521,5.649876161873601
AN19P:756def9979b7567e,17.93145439397614,39.75448593824122,8.22619434279796,5.138561154960354
AN19P:7570d4becbb960fe,18.75814667450843,4.546362795892859,8.335611574089043,5.060909611910516
AN19P:758e1232073d395e,13.637509096803004,8.137522214619434,8.444724363305973,5.498084062819017
AN19P:758ecefa9d38bbeb,22.501039773931005,8.932770687009018,8.504033955728081,4.636513981766797
AN19P:759961889435bf19,18.59211919347489,2.9907350668234725,7.031000755314097,3.990936893253025
AN19P:75a5df4c99c26a37,22.93456726709461,20.95925034526771,9.191445116948206,5.606842908628598
AN19P:75aa06a22eb09208,12.981066243954787,2.9158470272824486,7.002810655018235,6.232364818914778
AN19P:75b2984fbe00c2cc,20.154902813230365,3.175862002200492,7.918710386696451,6.559290950705105
AN19P:75b4a7d9cca44d95,12.4612907819244,8.92905599788658,6.8890410609631365,5.147759508918206
AN19P:75bbed1b5afe1a10,6.388323166804497,3.474303257956896,6.94397872172742,6.041548450945804
AN19P:75cc3f2452c339a7,18.561505089478192,17.885226804425898,8.103293569149159,5.515086515938032
AN19P:75ceabbcf4366b4d,20.676108781636746,5.574772859521139,7.468826617179773,5.729946210233299
AN19P:75d1fd9aa492596d,23.94538270820627,4.875998488243368,7.574704432952697,5.378543553647761
AN19P:75dfada43df0b8ec,19.78626236523713,5.77362240833266,10.54940585499618,11.083611844572602
AN19P:75e000aa16ec78ca,18.268858499580716,9.9497298666572,8.236645635642306,5.531171867048229
AN19P:75e2347db16b5870,12.205572687357009,8.019430645355579,7.579628016113352,4.460673418741706
AN19P:75e6309a29f27f5c,14.549388880280882,12.781411893977907,8.48304621700176,4.5372038502916014
AN19P:75fa6d7ea58ffacb,14.754385741151044,4.312070620404037,8.058455842177555,6.169658389754971
AN19P:75fad65d687ba105,18.058943799177364,3.498831786664525,8.147443850056296,5.746934137780846
AN19P:762bd060f5231cea,26.094658445593016,9.47224891090659,7.049049024999319,5.135872198777218
AN19P:763d9581de8e9755,23.948882940051107,15.733266647231316,8.01299587625134,4.581865143153061
AN19P:7644fe6b950c9bae,34.25762453072591,22.324824451248723,11.620292442036412,9.060820426286282
AN19P:7647ebf33467b9a2,16.96062160498816,6.519180661590495,9.046052686861138,6.056316771615537
AN19P:76710fc90f921a5f,24.201980804645423,27.545674341539733,9.053595732905652,6.226230082480727
AN19P:767229935782de6a,15.859198542793258,7.056506168769625,8.292771842294902,5.431745520179387
AN19P:767bbfe35f8b08fb,15.81629355262693,18.52049308983384,7.784508816434764,5.3583936108324535
AN19P:769e62f350055f3d,18.356339992547078,9.731560737077778,7.403635245297,6.022412441235304
AN19P:76a3e4d6252e99b7,9.813303458740211,4.2322441657526495,7.155036460832801,6.503649572773548
AN19P:76b3c414916fd09c,25.634759609883847,7.760315228147454,8.517088788859388,5.5379906387012605
AN19P:76b63d109c639061,12.53580182395738,8.265375605932991,9.576847009454058,4.271347518164331
AN19P:76c8d969ab78b27d,5.645566682489668,6.076613657056941,6.535379755720253,4.976059586362534
AN19P:76d0b42828c9d8e3,19.080197306310097,14.37372736419008,7.427691437254291,3.690606491141036
AN19P:76dedc9dc9a411c5,19.13747082985129,21.369117558555004,7.80432452393089,6.863396544320106
AN19P:76e403239673c390,6.966744010236256,5.740118862799592,6.68233713885288,4.528686122827657
AN19P:76e57bd3be6c481c,14.941076800843364,12.521614769176317,7.813516452723218,4.430746997824985
AN19P:7701996f26d00a0e,14.24863520334772,5.082320328490839,8.807810195844182,5.071469027418798
AN19P:77049efce91a5190,13.116412375534315,6.30433237372467,9.06789855690076,7.026827045937294
AN19P:7704afcc80982587,18.13826702906316,6.5898054876944645,7.383175302719486,4.1097245802504725
AN19P:770c434b53dd1271,17.59245397600281,5.886957240785073,8.86185543698167,7.7599165028405155
AN19P:770cee4c1d1ffad7,32.40441197436907,20.98781259993099,9.581011033153365,7.440071740120764
AN19P:770fd486e1751df3,15.883925739766234,7.148556228773394,7.345410726978286,4.177894792244093
AN19P:7714919c991ec761,14.408003252139803,6.283339864831912,7.299743306937501,4.22416593938639
AN19P:7716278f7d2b10ab,15.783664604617291,6.962212945970102,7.639273806718896,5.529293811480234
AN19P:7722a9db1b7283c1,14.401684505895377,3.2775617779626565,5.617120907120787,3.249394871389889
AN19P:7729616b75f2c325,7.998795986000391,2.836489225537808,7.967920440330875,6.635211749510687
AN19P:774362b4c0977976,6.464757582233476,9.252335148151628,6.881026520557503,3.7161244264485114
AN19P:774d9e85c3a64564,9.191596003167946,4.391184688131252,8.554242611699399,5.431221756519917
AN19P:775a5f70fe576f7a,9.294685586197572,6.305785329411007,7.009013540373366,5.24267478688796
AN19P:776065f3dbeed2c4,22.49355715122992,12.005874115592311,8.653874005027912,5.111491043237541
AN19P:77644952d3aa9f6c,21.95896962403656,12.210056799989603,7.899852938742235,5.34883484630724
AN19P:776a347728158911,24.279935765789507,14.328761059789494,8.932495746255587,5.520760586754344
AN19P:776b9871a69d8949,11.950638287769312,7.280307896550209,7.181262760890926,3.7638043463880337
AN19P:77789dd1731c6a88,14.434672350454264,11.675880040763884,7.331007405665416,4.495518317137172
AN19P:7790c8e42b8c7df2,17.972862071102185,15.991674925080954,8.995804033212146,6.453434533054198
AN19P:779effc3239d6d4f,22.177969039604378,19.97084516730852,8.867314870337824,7.641669710330741
AN19P:77ab5cc18164c360,15.524191227605083,8.485237288418226,7.598792527995109,5.2146204868835175
AN19P:77b23a65c2b5c141,23.747771529423364,19.54356644541297,10.291222122790826,10.65676996426626
AN19P:77bfa4fbd7991e01,8.646791539547996,12.793724021101802,7.212974783058819,5.513345153911216
AN19P:77c513921b071704,18.065787037790628,18.403405012012296,8.724159639124167,4.8344752236643975
AN19P:77dde0d281bd1f92,16.929854226536513,5.566983324074843,7.738592244482207,4.249828371374177
AN19P:77ef8786519d5a34,14.360873835817593,4.496142936961646,7.545993784251043,3.885049771533768
AN19P:780212dcd2178e8f,12.783019594038056,6.082867080424162,8.029841369747894,4.570717595101183
AN19P:781db245d9828977,12.587934216897752,4.803297586206759,8.042340394169837,4.904679821915725
AN19P:782313140ce55470,14.492001340724766,7.14647964852521,8.648359709697528,5.167660166354224
AN19P:782a44a681e1b971,26.25618678615209,8.236199116418028,7.867362378280861,5.82700468370638
AN19P:78449a72e9753370,24.44445623172197,12.929369026795657,8.887644351941924,6.00701307408122
AN19P:785915c27118858a,27.18632066492517,17.418625115092606,7.789888626943225,8.410234186790776
AN19P:786bde3f35734f88,16.738924285425373,6.142185496544691,8.030142486246282,5.554759224156655
AN19P:786d9303f31da450,21.70120196578689,14.174273700344768,8.168888248361448,6.189351095051042
AN19P:786e4c5c975357fd,13.958144079315474,5.9422770832949805,7.051105298378589,5.59152716822394
AN19P:786f70aa4ef46dd2,17.586505954950887,18.07113549874381,7.444271942025824,5.878147426499818
AN19P:78743466623bcf8d,17.823021219349783,2.5962133338414035,6.968250309777395,5.163156011593633
AN19P:787ab73f767a3534,26.567772391409743,13.126719773687574,10.345361563515665,7.736132962209489
AN19P:78a1b07073dcb3dd,14.162040993846317,3.4188910032306654,8.135519949620901,5.6713374338563565
AN19P:78a4b152d6f61c9f,16.734748342414832,3.732217607320808,5.906102041525705,4.066344189395488
AN19P:78b1e4b3203ca586,33.58855462793784,14.447163457191284,7.84187196161145,4.561320490742073
AN19P:78b666d9272d4fd7,22.05763676709292,2.7779566871680723,7.903650446704852,4.321535162584536
AN19P:78b674bbaf828bf0,4.507110995472556,10.961147078017474,5.612357263651113,3.7841767124857073
AN19P:78b70e36efd6f064,15.844869885530052,5.577409934750362,6.942407691915626,4.920419106627581
AN19P:78c7c8ecf802aa03,1.7191035872836826,2.6517842663831086,6.960823609345829,4.574096230658623
AN19P:78d6477a37f6c4e1,16.764463053795968,4.7885724253753965,8.36298069641631,5.230184642183351
AN19P:78dd97673a953965,12.054315241891436,4.239666275298842,7.393737933971119,6.328521227573214
AN19P:78e076896d5d98a2,25.748042634666117,18.919580637851887,9.574056186206596,7.263970732186533
AN19P:78e55dc8793a7eb7,12.486810133934837,10.438561996969394,6.479562949093831,4.895980110202925
AN19P:78ecb9d46ef095a8,15.86558927405767,14.6681734040212,8.144130406956338,5.906127324313639
AN19P:792cbc3ee99c5342,17.861057932344043,4.860589733075346,7.388393886404837,6.734649574000814
AN19P:7937db1c455a2bce,17.064876870353547,12.030927194920103,8.473951844190465,6.752979332378471
AN19P:79388bc764b615b4,13.125484851337225,9.76845174885919,6.622979228619582,5.224660921537575
AN19P:793af202a96c58b8,11.264257510007468,4.556709572534764,9.187528597742014,5.122631960728478
AN19P:79412eece4b9ded2,22.915699660122748,11.180916685772171,9.141317399877448,7.065304948491332
AN19P:7944076610d63738,14.655322371540471,6.78314622397705,7.47162998615635,4.797137392522438
AN19P:794dde9733440adf,16.105681321153707,7.57323933774999,7.770916112156661,6.77814083045271
AN19P:7963fed8db79ca66,15.737898424906623,9.595558996228544,7.413501881851741,3.8522312338723097
AN19P:796866251e0bd679,19.13583891699253,15.297617855223276,8.188372427353125,6.073716360847775
AN19P:79738f32538bbc4d,25.340289527502584,9.231196398633772,7.458369142910069,5.706544308431368
AN19P:79740a56df58b2da,11.039009712627196,8.91479631352037,8.179275997990896,6.002160645572283
AN19P:7979204b234d3330,21.699687487533367,7.771326814043613,8.751976439589663,6.834518354283106
AN19P:797bae01c10e4ca6,22.004513808828708,14.18701989517066,8.07388301896537,6.448039218818109
AN19P:798cb028d4cd9e10,22.59135214679412,14.131225060663864,8.815133528691312,7.572533067744473
AN19P:7996cae808f7df28,14.598479568068743,12.654344234805176,6.654552367991513,4.237171298248946
AN19P:79a3415d9726d790,14.36421392823327,6.458575884994519,7.00448711712979,5.502756958579036
AN19P:79a5e8fd2f49ae41,14.69831282668716,7.079203319747379,8.077840810447894,5.087038919068032
AN19P:79a64ea704c1edd1,20.46893669511027,4.541419951068167,7.542844491942571,4.626747377269744
AN19P:79b0cb4a70ab5ccd,8.612121646421752,5.655287402124483,6.415711775862967,4.008555689616075
AN19P:79bee1d2cbfacd14,16.57105127681273,13.483282906051937,8.539790200506605,6.118191450692851
AN19P:79bfdb11bc4010ac,19.44712291951432,14.544788119651034,7.856107636078972,5.902650767519464
AN19P:79d76e2909c6e462,43.236678512610354,38.086294428859496,7.539100592482468,6.291140961130001
AN19P:79db5c4c28af35c2,11.217963142208006,5.034054135747357,7.8550335827964926,5.367967420589439
AN19P:79e7fe5b6abadaa8,16.464108699626806,7.147619537494593,6.73991773874248,4.2894478082763134
AN19P:7a0c9b596dbe00a8,11.154914530349858,6.278732957783924,7.1989309241480575,5.10438583697337
AN19P:7a3cb680861de25f,10.865175309804291,7.059409676941684,6.362713449841916,4.104618125530917
AN19P:7a3d7b141880e2c0,7.795948717612564,10.52898123810799,7.168332037767994,4.209082667658218
AN19P:7a6108c7fe1537af,9.88808945052964,9.616157612531952,7.0890513885932736,4.25427582137328
AN19P:7a6c5ea707a11367,25.80450774362525,18.073481779630868,8.65617247929716,5.468615085547828
AN19P:7a6e03151504e378,8.389544433982326,10.538873493399931,7.972910844492941,5.338268231660335
AN19P:7a71ea9702dbf3e5,16.905841624864475,17.12953614695362,6.746511011508867,3.314170708133116
AN19P:7a7420091a84b26c,18.798446998684398,6.503128970461328,7.543851556515099,4.51755433291811
AN19P:7a7d3fd21270326b,19.16286782436059,9.309342265536852,7.739795764767447,6.043905509310071
AN19P:7a81444b4521188f,26.39274309835505,13.7130251072109,6.799964752588456,5.684227552270022
AN19P:7a83f875a1d80c43,30.871019928798702,26.064256665029493,9.75074312033932,6.554881616516721
AN19P:7a89365b4085f31e,22.88805987534648,7.50462715348978,6.83590274021181,5.47396863663665
AN19P:7a8e0974072fcdae,13.803005539962742,6.351221277879557,7.799141260664659,6.224270005591034
AN19P:7a9b94ecc75f2c50,16.822730879445093,4.545105507959945,8.197669741137124,6.298817599384851
AN19P:7ab6738f9b041148,23.19958133951036,4.01682970778353,9.452669303923829,6.297204341030802
AN19P:7abf81bda8dad967,21.01885967487623,18.702967012977677,9.205950238453829,7.610639059783234
AN19P:7abfc3a44bd0fe21,9.476380131566332,12.883076739290958,8.135235078402557,4.845421561390224
AN19P:7ae8fa0b8f3d7e16,14.833492188263383,15.808240752454644,8.936563644666082,7.398910134063464
AN19P:7b0999f5c07fdaa6,23.29116438058809,3.906574433142192,9.419233439014704,7.25023014997495
AN19P:7b0a6bf05bb0af55,19.293263671918247,7.825749185708831,7.467222888596772,5.857478176841304
AN19P:7b15dd809c65832a,17.494090724516038,14.976436283107285,7.8331883422821456,6.3836512729953325
AN19P:7b21dd486e81aecb,19.11075144433696,11.642352923825127,8.098609016020465,4.911196055468706
AN19P:7b3ac245fcf7be2c,22.61292408024773,20.75112596270169,8.597726081005531,5.626843836204022
AN19P:7b4548ea7ba66219,13.403331368147962,5.6402334092741535,8.031224441312572,4.12198704802833
AN19P:7b50ef4a9b6e318c,19.39734700063803,15.196752271845988,7.987500069444512,7.2573885419359
AN19P:7b55ac3af694f488,8.968988812329936,5.52676962847606,8.426982075922266,4.675072158466195
AN19P:7b5e23a13acc5908,10.926201668992352,5.152943115719664,6.6952565907083645,4.086233846911707
AN19P:7b611ffe338c4fd8,17.228600595343444,4.269482667181197,6.37779305821729,4.120248362812284
AN19P:7b629739818d964e,20.927244239864784,15.526063600524624,7.04141265723784,4.762177258777709
AN19P:7b668f49ac1f09fe,19.40625370105916,8.642620118357325,8.177529831692379,4.699542161708887
AN19P:7b6c35d78396451a,18.714778295216803,3.962525928844263,7.577734305314641,5.851005509412936
AN19P:7b74df3e09148786,8.78127801177276,8.230254417171913,7.568866598029686,4.4682797217288
AN19P:7ba9303ddee0390f,9.517765450370538,5.439365851361755,6.457484639236823,4.467931031814827
AN19P:7bba0bfbdd24e582,4.574787116602771,4.3277732031952905,6.518906821687852,4.434917132055373
AN19P:7bbb067d4ef7b04f,22.89160415778832,13.736805978627965,9.747244915965704,8.255335517597592
AN19P:7bbeeec9109f9818,15.739733782206892,10.644948288954422,6.8091483236256805,4.437629550413639
AN19P:7bcc83c96cf50029,14.708657743275117,10.874359607664758,9.574668532496162,7.750646725356432
AN19P:7bee716871ad655c,22.829696889996367,9.458019099730476,8.041368542388355,8.126525423088523
AN19P:7beeb0cec6256fc7,28.43908702290195,15.92633978734086,10.39248868814646,7.183876104836864
AN19P:7c27ab5c83ff27e5,12.98420654054265,23.55195655228445,9.628616384589598,6.311098344815593
AN19P:7c2f5b368da7b82a,11.24250349959027,5.81732816774993,7.759323545324089,5.574964505844499
AN19P:7c3123541ca21b01,22.514869242894093,9.479940637466845,8.655308621811239,5.791661643505476
AN19P:7c359548b4022422,24.192606598817555,17.17186355101705,7.943810092840956,6.520418693772678
AN19P:7c367a53fafae786,29.63167815771621,18.846518744137303,8.039906480104664,4.63965075908466
AN19P:7c4a3fd042151629,19.51677802410556,12.114526617179292,9.184106096310003,5.38488271799035
AN19P:7c605a28d4c3f5ee,34.81021884511527,13.705523319902284,12.094350043439617,10.070424377158124
AN19P:7c6a33858e24e5e9,7.079077124977643,2.028773933350608,6.65174417985057,3.4139271510970333
AN19P:7c78e35e10bba0e8,23.089306638648925,10.433412466788363,6.675919569458692,4.0412317759209415
AN19P:7c7f20520e001130,5.040022417346287,6.090871142708146,7.956795491336674,6.412391223817125
AN19P:7c8d2044af1e3692,24.02974202949468,19.805074981966165,7.590338159365001,5.779512985737779
AN19P:7c8eb5d19bb8a82f,13.034200423865656,11.572783749509144,7.442875216142217,5.057517687359087
AN19P:7c90b67a277e24a3,8.25382620131277,2.706402991981944,7.055869593361447,3.703267968891189
AN19P:7cc1afce930ca09d,14.906746685891529,9.764402707078762,6.807710262265083,4.5192810077018
AN19P:7cd3cbfca928dc8b,18.91819195706157,11.813821723132513,7.2864171332208,5.547671578616152
AN19P:7cf6412d9921831a,6.800658366549639,1.8171703564317565,7.077332606270163,3.837899466214811
AN19P:7d0e013467525da4,19.15623599522488,7.639486956484543,6.817529008088457,5.147016203209983
AN19P:7d130d50fbf21b17,10.755110176206289,6.821976682264601,8.509727573584227,5.356911552273711
AN19P:7d196f81fa489005,15.79837942854198,14.200674265680542,8.098955898664824,4.585992493053203
AN19P:7d1d542d38b615f2,18.564153172844208,10.269561476729436,8.766251536601631,9.36716374921374
AN19P:7d1e2617206bab83,12.12531350094032,4.771535213846356,7.169973795892106,5.915004966286218
AN19P:7d1e2ff51b3bd1cb,21.376149651257272,21.213499901295958,9.918743745024589,9.553812972049853
AN19P:7d282e4c2fb5458c,18.97126614807916,7.313946832000148,7.485781826613056,4.605354477655278
AN19P:7d46b67c76c38b87,18.44301519304373,11.59785413297957,7.482507612368974,5.754922947585081
AN19P:7d527ba13c1b2a84,10.912286551103245,18.947613293298417,6.772578346776903,4.277014458916178
AN19P:7d6d349702fef244,13.379662028522771,13.869658963489304,7.755630825780582,3.604065374833397
AN19P:7d6e36af9f1b72c0,22.043959424074085,10.057151696344024,8.921255129232804,6.50855269014742
AN19P:7d747282d689f916,23.48295087747633,12.744667099562626,8.220724481885162,5.369663349764642
AN19P:7d781b5ff1911b2a,21.54148080463877,15.163102709657483,8.834681545653114,5.467366989471531
AN19P:7d870da771c69e16,19.9111728440904,9.28285196757281,8.259071238776416,5.168011790803238
AN19P:7daf465730bde25d,36.72457606040454,24.329989674599,10.052779959765568,7.759856927001054
AN19P:7dcbfa4e098b3ef9,14.004005745287586,10.029047352419282,7.105393774107745,4.019409703889913
AN19P:7de76651641f6056,14.798172993880332,10.321250997055934,8.16289890200864,4.947709962067814
AN19P:7ded0609eef3de48,26.03709568495511,30.09965636058211,9.284009012439515,5.549268775243136
AN19P:7e0ee2edcfb8ffdd,18.21182028318109,23.911791187554883,9.215435101321283,5.669534110976373
AN19P:7e0f516321d9e2be,9.738814140130934,8.222497134900568,8.008365854959859,7.768272816720893
AN19P:7e11c251a75b8d08,22.31864828227237,14.814219748299994,7.896420085165831,5.28881485980382
AN19P:7e21188b1703be63,19.92847916299587,3.706872157062163,6.028308403060601,4.89084446026632
AN19P:7e3cdf3dae50b93d,5.870167109053744,2.9421306591035563,5.5013586839180055,3.99706329747214
AN19P:7e42dcee4138d8e3,9.7199163311224,7.431225518850541,7.006990392612194,5.1924842104212505
AN19P:7e4d8fa782a443ce,24.7902913014418,9.230994271971875,7.866686347529782,5.547342156049568
AN19P:7e687c7c740e038a,22.1279586513833,9.835591070943575,9.055912340806708,7.839378690847841
AN19P:7ea8d18773203b29,33.451366125484874,33.29122557681667,7.608939661592663,7.2896316827431775
AN19P:7eae6bcdf76689e7,9.657397984637797,9.398413618517337,6.223169639669417,4.026160462855726
AN19P:7eb04f3151f0d28e,15.939044219239166,13.858602312830216,7.618883038148406,5.127262716528867
AN19P:7eb74d7f9a6146a1,8.410769371699226,2.971438201098161,6.62471925214126,4.488162359729469
AN19P:7ecf8debd2f27347,32.163705494746125,22.803306908114497,7.163038627563624,5.451287444865849
AN19P:7ee671c5a18730ec,8.161946683772864,2.8551279179915285,7.694953620124999,4.8789490036911465
AN19P:7eeab1707546c0de,26.34736255360072,17.023631075639187,8.492234345392522,6.048587868329725
AN19P:7eebaa18c7a6cbf1,11.864096810031928,5.25926996980705,6.0239879674489565,4.555166201885276
AN19P:7ef0c0abcca8e7b1,13.54641429910892,6.079858139559691,7.139142972103995,4.6773403191091365
AN19P:7f0bb26807d27ee5,23.834732364260283,4.730258918640551,8.659336656949023,5.954859949378256
AN19P:7f1546cb7b06473e,14.56908363570955,3.5133608414306914,8.759502205314078,4.34107207741561
AN19P:7f2abf3fdfa4655c,13.218615624576696,5.050894777284189,6.662695672317328,4.889636503670199
AN19P:7f2fc9f92f3f0186,21.14822697278568,25.28752823135437,6.937527350187347,5.167497538543557
AN19P:7f4e6a05dff9a1e1,17.343237058364764,10.81724247754298,7.30089449360868,5.134404638558013
AN19P:7f604a2e5ea78cec,12.87732954615528,5.313990908176196,6.372209738847535,4.438067242617541
AN19P:7f66518da17488b3,18.86956069848743,4.317227269437156,7.992313363917457,4.839206588066506
AN19P:7f743cf00cb6c389,16.860171704495446,3.793811046488104,7.671772050689588,4.109395878185835
AN19P:7f7557641d075de2,16.351032401771526,5.148432278374901,6.925669234366364,4.3812765675586345
AN19P:7f949175641240fb,14.450833377455677,8.08034557967492,9.083491907695738,8.193108900978828
AN19P:7f972e9de93f177e,24.753257133514165,6.570916657468256,8.176956216658725,5.353191441434476
AN19P:7f9cbb22174ec24f,13.912742240846557,4.324847540839193,7.983404927249036,7.068383183749218
AN19P:7f9e2b0fc55c8724,19.38431347705316,7.038281727223386,7.962836462513373,5.865714316456395
AN19P:7fa3e397c668655b,16.413410532468507,8.62632205963545,8.911407629340918,5.94358031123482
AN19P:7fa692a8ec2e111c,13.136259389564277,6.9642725377827706,6.528471060708031,5.437310797727787
AN19P:7fa8b6e70955bd49,31.48182046752902,21.677550658287103,10.162447121623137,7.400552292450062
AN19P:7fa8c05454e9b6fd,10.507739033225366,4.790520450249326,6.926358368306742,4.789495262225934
AN19P:7fb889a2d58a6513,26.220264664970763,4.301525193770288,6.885953611595182,5.336163451286161
AN19P:7fba7feead7a49de,9.134256775605424,6.399053328848943,6.282195097968865,3.641606812100371
AN19P:7fc2872f03dc9e65,9.251381673238424,7.6300741459498465,7.498846324546154,3.778589443898327
AN19P:7fcb48d6b4f89f20,14.621747043158054,10.361042656679963,7.209101754623706,5.560215000307907
AN19P:7fceb70d48c78cdc,11.024702561059566,6.8790064113972464,6.992310112489314,4.489330154354317
AN19P:7fd16405e45a49e0,18.48292930217971,6.239760844661359,6.632880990516332,4.436971007186966
AN19P:7fdba0157d6bf139,12.746977229580358,8.006300396261446,8.460208912700653,7.83460445041501
AN19P:80057d350472fc13,12.123774620437592,10.336942421615628,7.788714635849623,5.230757617849588
AN19P:802fde13eff625d0,19.07979745141011,15.781573135681567,6.210644654835227,5.04952568171985
AN19P:805bb3d12eaeb0fd,10.027828158674248,6.377320553674871,6.627331410606051,4.185417830457657
AN19P:8061b908030e7111,10.077986106974087,5.5789553604229765,7.717949371618642,5.522555767165779
AN19P:806b4811dcc2eae6,31.637907684931985,13.690828448342936,9.175162841066944,6.224956669911865
AN19P:807198af696ffeeb,9.88360254366595,5.419943130728888,9.244611257808897,5.262333563670998
AN19P:80757cf9a155988f,14.46887091061339,3.88854093750151,7.604200179992143,3.4245327543950825
AN19P:80be94e28340f63a,12.60647280027742,11.79079438858446,8.192195760525193,4.870019228256726
AN19P:80d06c082790c7d8,18.796001715615585,12.08015513694344,9.574961801101043,5.782743747414551
AN19P:80d39e202157fad7,19.00929704778837,4.543986630303876,9.181002019239443,6.381135118411854
AN19P:80e5e31ef62cd5e7,13.395046847216207,4.631831764823234,6.434757414315572,4.237548162355711
AN19P:80fab32ad16b6df8,10.441480692398718,4.24384533420465,7.209524180777627,4.598760638689495
AN19P:80fc4c2373f380ad,16.21338353011056,5.394811101572396,11.099730424633236,11.133426462460442
AN19P:810f3b2713fb9b5e,9.62877813427727,7.347489494536716,7.226339242438817,5.155470124327435
AN19P:8120cb6c97f7b35f,12.684431870228831,5.081085831041225,6.787970030999628,4.422513138512144
AN19P:81260ce40a3dbcfc,22.78086065643205,11.17423666900576,7.530355591347112,3.902690538768889
AN19P:8126b86fdbdf726f,13.697918942032947,34.894357737396724,7.019270135904632,3.983789052791807
AN19P:812ec5fa3350a3dc,24.07181801473504,10.392737053229276,6.950509380539295,4.414381187463128
AN19P:813f387f3b267e11,10.763937011932772,2.546394943936035,7.77134050652871,6.454040212431955
AN19P:8140a97f281a04b2,21.21351851459488,11.901327534097245,9.193593188989457,6.044827731691029
AN19P:81545f657d3f7a59,9.428535495390625,7.889419028430944,6.918309487325752,5.063256236668012
AN19P:81582b93209c5bc6,22.715175013515275,17.824233095222688,7.227228460056803,4.643218109728454
AN19P:8160d973fd3d9ad3,28.32454879271523,30.80342631916709,8.17197738609122,6.842533189220831
AN19P:8166a1374adf456e,22.893171351377926,8.739403369810681,6.525161479408273,5.238649299667114
AN19P:817195158e60136b,10.292051243294203,6.587145865887705,7.913857369809162,4.691943496785407
AN19P:81751adab880a3d2,12.668936569022293,7.732012815167293,9.170912355296151,7.176960557076074
AN19P:81805ce683140ed1,17.25397316896442,16.006300065117298,9.15285021374654,3.9654061501081896
AN19P:8187747951232a58,12.2784843383369,5.688445835667311,7.248520261607673,5.184841871543638
AN19P:818916232dfba302,18.813077954835013,6.454133722697304,9.445828065457707,8.02778713945325
AN19P:8196b9e5ca5ee834,7.672540524248384,2.176062507786496,7.19019467104162,4.301397197385513
AN19P:81a9193ec31c59f1,10.668316271922372,9.261375149331084,8.690723965869516,4.9413736193757
AN19P:81ac29a305cc8293,23.882787510221394,8.631618016590949,8.58952680526954,4.70222464623461
AN19P:81bc649fc32a0e20,10.769470311672658,30.09527441768928,6.855754954540268,3.956669397473808
AN19P:81c9f00c6a9dad2f,15.276968705304167,5.213240565779443,6.927584237061285,4.710277816209169
AN19P:81ccdb42d865e93d,10.629484265405248,3.8766013579262872,6.135442938317197,5.023867750387353
AN19P:81d6394d48794433,10.733530212651312,5.670420769856094,8.054221846680198,6.189821758970646
AN19P:81df53d4e74f3772,23.78016270439972,12.015337708961813,7.104488583907203,5.420191061008066
AN19P:81e11092423fda9d,10.9325066053806,4.035357075629222,8.271863776109972,4.40693067065302
AN19P:81e3d4a38c7450b9,27.3636871181415,9.749284861272402,7.356375825445824,5.18201274248022
AN19P:81ec10558dfc25a0,22.002250604815497,2.9614980183545496,7.303814056287642,4.498057223565331
AN19P:81edec83fe1b7203,30.3376689089678,8.652250150484093,9.339620827386051,6.163934419824791
AN19P:81f11081cd04b609,10.834739610096603,1.9662295665078695,7.78499492692666,4.951006411910407
AN19P:8204d05b4240a44a,16.247285161029232,5.830137859131539,7.800979165825705,6.464866491937682
AN19P:820d7e092d6a7bbe,35.96592019661764,10.07566393465387,9.75350369532175,7.840807716276511
AN19P:821d6f52309c415e,12.539750175905054,4.328877049159543,7.503332436864421,4.483355938489145
AN19P:8232a65d59703c48,9.35711012986824,4.09532979722511,7.085868383761424,4.057429799741225
AN19P:824ca9e5d05977ab,20.1207796500906,12.500314574507485,7.426539663972183,5.415137369884002
AN19P:824f40c1843ea222,11.875749423035668,4.202806454465744,7.412339417582692,5.766081604610446
AN19P:8256d02d5b177548,19.641507257353418,7.095750292237205,8.372795409465589,5.76661692047433
AN19P:8273278645d34e55,18.089947516662345,8.35975072977293,8.4727161517077,4.4251938836777445
AN19P:827d48ec3a1d04a1,16.44378226989484,5.913018093932589,6.312358620900351,4.123018256724542
AN19P:8289598244bf24c1,20.286371406018525,11.842290482365131,9.059002106481676,6.801621266684596
AN19P:828f542f3dde17c1,9.280935795752915,5.688578356133855,6.438344861515448,4.304646662716721
AN19P:829038781b6b789d,14.63847132236081,5.084991971889912,7.366583937359386,4.564377898709123
AN19P:829b96d300b09a76,19.931057732829316,10.21554325684337,7.039316833485418,4.405681001631342
AN19P:82ab9225f74fa146,12.514186351180117,11.313638174068956,6.372169310545493,4.702892570464424
AN19P:82ac7938e3e5b35b,27.23034249553867,17.092767479017134,8.139148153991687,5.621261505604151
AN19P:82afe77b1f9dcaaa,9.290012376150402,5.059670196739756,6.740239154748127,4.899502443134591
AN19P:82c0667b5ce9bea6,20.62527222867394,10.342917222710565,8.80814969634217,5.988521211507952
AN19P:82c8e89fa41f25f3,14.637228525727302,4.077442314049836,6.796214041667851,4.705708236669052
AN19P:82c9353d1c1974ff,31.79477765858208,17.830366501876867,10.363125237559071,9.234375004813693
AN19P:82c9db6b864ee2d7,16.318422373858134,9.924024925532182,9.12597164536529,8.022728377661197
AN19P:82cd211c3575235c,18.36932428985469,8.856487362781634,7.241206275235566,5.166476242943147
AN19P:82d354278b2bc6e9,15.763632415166343,3.902279741197416,7.595417180148574,5.815659241882288
AN19P:82d4e702d2841cf5,24.40636048211829,23.04847991338864,8.402112375801714,6.284528712654111
AN19P:82dedbcdd65e9161,17.21334991761835,9.398712165497306,7.192670961439392,5.176610415775796
AN19P:82dfd13460c69c47,6.125705809360767,2.108617123317547,5.600574691207725,3.823245092419219
AN19P:82f9b28eba2b4419,23.68982223759109,10.085492857072076,8.821914135326798,7.241635609331271
AN19P:8302951ee9d99caa,17.602601580643597,6.8265421017706975,8.440768729574126,6.470345722411767
AN19P:83032bb0c6588ea4,17.867315728095544,6.468585117506644,7.313563493143831,4.565765676593177
AN19P:83165f3d67b0e914,8.366206490262314,6.964668404602812,6.773099351561255,4.1327093143144085
AN19P:8326c628d37b9ab1,26.578639000109284,15.060161582072896,8.08638171058049,7.945944591335404
AN19P:832d7cb626a6ad3a,19.743201627375324,5.644097597995388,9.929665545186367,6.723169564604365
AN19P:833e1696f7b6fb5f,16.278292085472472,6.664466486614392,7.294066743226769,5.047265044712257
AN19P:834852aa1d2bbc0b,18.41904164060057,4.657065855060536,8.473697269365083,4.942015475692142
AN19P:8350dbaf00ad1f45,21.090313940113933,14.020158408085848,8.260420306976927,6.51071713957204
AN19P:836a8f4eddf69556,18.072246498527942,8.667892951462122,8.913351761361255,5.6999980795491885
AN19P:8379979c0cad1db5,10.589991528384951,7.258870856316909,6.290099791953826,3.257476995751258
AN19P:837b919e038447f4,21.46901836781069,7.475714170398533,8.454094212175264,5.297731541520066
AN19P:8386271cc9a0225c,18.831231381498064,6.9793807666379735,6.03895969375109,4.498002720612894
AN19P:8386eaa405e2fce0,9.454885570065706,4.454278388263946,5.864893100086441,4.835287256255728
AN19P:8397459d3f48fd93,18.064950852045307,5.711486614209729,8.406633141397306,6.014865120560405
AN19P:83a2b2f7c308e652,18.36431831055651,17.029543564263875,8.833001178631388,6.173795679555915
AN19P:83ad1c202fe617b0,28.12588177260839,16.776055583169352,8.964708629361384,5.361733000535489
AN19P:83bcd27a7f475097,9.12801957266536,4.2195628735644375,6.780983594794399,5.51224706920515
AN19P:83f014a686bf3dcd,13.034923591034476,8.995247569874492,7.746155355417118,5.2496448928217525
AN19P:841420b49d06d398,26.42648313706844,15.386518969770222,8.011646647091023,5.734593357642004
AN19P:8419e3b5809e3991,12.95558243373879,6.730511249607672,7.32229022220671,4.3448056065036464
AN19P:841dcbf4c207a1dc,22.29046691502658,9.024652131374612,7.820527945142528,5.341579221110768
AN19P:84214224210b9333,16.910084994467372,10.593187336507162,7.831816791718938,5.594545591342437
AN19P:8429b81fb596dc71,18.879720337115337,13.609792459246773,8.193178482473982,6.85425723012736
AN19P:842d1a9492b6ae03,4.933928257944921,0.9039729037916564,6.703645892214882,4.229177040237974
AN19P:84310196e8931535,15.660431725638848,7.616663842139496,6.114093935377053,3.392049405022219
AN19P:8433d08990da040e,15.67067674436296,3.773142404158096,7.983930462474889,4.581580318874272
AN19P:84488d0fa60c4968,14.247448504109167,9.41765498798505,6.851424286099843,6.359394030815011
AN19P:84713eb549b1eadb,16.493329142945704,6.020069410542326,8.26351115129786,5.76237616925183
AN19P:847b7704ea350c3b,21.944237570999533,9.35185497334274,8.342118479669002,6.971618175252011
AN19P:84933214eeb4a1cc,28.0191456548764,16.109893050566154,8.958164199604344,5.944858037038262
AN19P:84967c52b91c74a9,19.90113609404425,8.06113163766402,6.940293934856843,4.624990137936255
AN19P:8496e12827c950ab,13.36156952465236,5.236034822509009,7.283802614042875,3.789743890055081
AN19P:84b166e841e50907,9.989499037569791,12.468982760932397,7.808509793393503,5.476223288333331
AN19P:84b7d6004637156d,19.297830552564943,18.90636047042977,9.508323387982028,5.953034872062789
AN19P:84c387a176b37f21,13.97459186715946,5.014980928460399,9.944648678474374,8.631760503879818
AN19P:84cb3652002a9032,11.993546628888405,6.973388754572761,7.0185680548505145,4.279896498001424
AN19P:84ceb85bcfb72748,23.41192903001909,24.1696006928547,10.798905755316545,7.799536258841355
AN19P:84d4b0fdb06a0215,26.77907157956157,12.720493710685243,6.929523139801411,5.65511408006437
AN19P:84d87cee3d81e176,17.358910374787314,10.27268806041605,7.121125438225914,5.188707559509913
AN19P:84eba3f84a4bf091,25.491811502252464,19.85938213717737,9.457991300737804,6.552711629901719
AN19P:84ec5bafcbd2decc,19.873790921710857,23.936826430961062,7.327817314846305,5.2775369670809615
AN19P:84f6fd934e9893a3,17.33602737993049,19.622376097460137,7.092461051453385,5.0855679476938125
AN19P:84f78d9ef46e1bcc,9.634040510386084,4.562552527589377,6.603070504313465,5.729127736652671
AN19P:84fc10e14b1d1e33,25.923028725985407,8.571137447669111,7.546014087189277,4.766255790248942
AN19P:8502656a9996c8c7,18.04835405347994,19.26219542369653,7.414603552266383,5.121109772805161
AN19P:8508b6fb8475f788,15.71580476387176,7.8427799385936625,10.21184571207965,8.58626306127497
AN19P:85109613c9166457,23.968482200932662,13.24057815156714,9.47984936146798,7.795407649408356
AN19P:8520669a23beb362,15.399924973408805,33.92985271500886,8.134609466719882,7.145497323718861
AN19P:85306b56a49547db,22.77921085340133,38.29245479449772,8.71472253882092,6.103537408718839
AN19P:85325b11ed93dfcb,13.687771977763555,5.87344646040943,9.273664727027784,5.697329441352222
AN19P:8532f130257a65b0,18.247947551468386,17.34537132921224,8.964645637472087,7.238209727593923
AN19P:85361b9b1750b01a,29.95527801718718,14.461496395115054,8.397345008933303,6.660109900550432
AN19P:853e036acc75bc69,9.464966220287224,5.012342050680475,6.934719460657487,6.132403396209051
AN19P:854f77520121b1e9,11.048805851028025,8.769239355110232,7.14338072440956,4.916584710696649
AN19P:855a80e1ea246955,9.300522433794107,3.2644110335432166,7.343062079443493,5.0322992734833
AN19P:856d6e4ca8a1162e,20.390571020427657,2.356410526261317,7.555960859872264,4.24728284876952
AN19P:857fe54d39ffe26a,16.894068086563077,11.231407794052004,7.985328244119754,5.464003727224688
AN19P:85822deb11fdf12f,9.980438099125482,6.836028038008305,8.573429767016606,5.852603186119637
AN19P:85a49c6819c2ef9a,27.50133126558229,15.193420729107256,9.818648035528325,6.994173685362477
AN19P:85b7fef8266f8cfa,11.141296228455472,6.19119589726532,6.889554320169081,4.101099586189559
AN19P:85b95e7f8ff645ba,17.99784679702366,16.01896926245013,8.133496427746598,5.074232915688666
AN19P:85b9e2cf0662fc35,12.439507990221315,5.308905323934107,8.317790278676728,3.730558815971309
AN19P:85ca82f6478623d3,15.555020247795524,15.64232344984247,7.244902957898548,5.471404768303243
AN19P:85ce3a124c215467,21.097830755247543,8.847395002802932,8.14016124503899,6.770532084905984
AN19P:85d7a37c4ebfab91,19.044544107317307,15.93842404707653,7.476510113963375,4.757774207418251
AN19P:85eb3ed240386523,6.012431889658931,2.260447297957488,7.167886282463154,4.228700875080558
AN19P:85efc0b3f5b2e244,24.070044596570067,13.755952248620249,8.039636032820876,5.726103911510829
AN19P:85f04e20f5979003,6.853828632731685,3.3666303606234087,6.934619612049874,4.855013777161998
AN19P:85fe30bc67befa16,31.828421759855864,10.42238897571513,8.668943491249776,6.395985275086584
AN19P:862427d29ffe5db4,15.669445868962647,11.880320904669633,8.249753875448201,4.661803829679985
AN19P:863ccddaf0692283,23.63690712741975,14.030855492691426,9.31426624465095,6.362302725128606
AN19P:863ffba0766f3f3c,13.789744591851358,4.491721426152514,7.571402464139988,4.623943973356991
AN19P:8641d1598212ba2a,26.470787792921605,14.340620207471307,7.992346723821885,6.78567792395812
AN19P:865f64fa028b97f4,29.394743365861693,14.48090318582098,10.185805438839218,6.619098166220773
AN19P:8682a574b812f575,21.176604469283767,11.59854614734541,7.829435104817516,7.313057702963298
AN19P:8687931ad9f3e877,19.490814071211773,13.374276540510852,9.379533222454665,4.749011050278587
AN19P:86a4b867dac27629,26.146905199859123,12.721162071100975,8.349410147587191,6.639078574400662
AN19P:86b4f613f8d02ef0,18.443061409429536,19.69448237937017,7.5099307955177235,4.692272466523372
AN19P:86b8d00d2c38fa63,13.984073244612617,6.7961218821582685,7.595941554598151,5.13457407225117
AN19P:86ba2a65955dc3bd,8.455234083138354,11.22279409887176,6.144079840019297,4.767525469623628
AN19P:86bd0682d99c5e6d,14.509227449271044,7.976154705656659,7.748585065754733,4.9919230783028175
AN19P:86c2441bab6d3a77,8.868252776146397,6.985907461370498,7.391385063909176,3.965610726265687
AN19P:86c2f4d35c1a8764,22.58693459979541,5.12220821686641,9.230865387759094,5.29283392026415
AN19P:86c35075a4edb377,11.2512923922258,13.037024129656212,7.380099041625398,5.060246245622732
AN19P:86c75a527d5ce905,15.182433365434736,18.781375357816483,8.257142932442482,5.891348779564702
AN19P:86de003256a37209,19.92847916299587,3.706872157062163,6.028308403060601,4.89084446026632
AN19P:870456689f229900,14.644207452290471,5.943617329484194,7.295322852776926,4.482697113813859
AN19P:8710326b87564f43,8.055194550946148,2.775359078378823,5.519831324956226,3.4266744181153643
AN19P:873c6856b99e1780,11.77470317677876,3.362115300452637,6.566157961483245,3.615718129782096
AN19P:873ec8f8ae108390,13.633628014312904,1.3892039941191132,7.345378719191824,4.221985188154968
AN19P:8743a7cc873683c9,15.87444100156581,7.467766583591704,7.152948966641199,5.850436711588434
AN19P:87479510094c6ec4,27.116418529282832,11.529515017060636,9.614556212443953,7.278617411295031
AN19P:8752f07bc73e819a,25.7224944227092,17.67505589912599,8.345931815657364,7.805703105193818
AN19P:876443f965b14975,11.51318670266211,14.436582514202536,8.083395003332075,3.605669847205407
AN19P:876b9a0213d4ae19,7.212937690313407,5.082068679351338,7.651856141739224,4.269035730026487
AN19P:876f54c0de1eb721,25.69986404107418,15.549535305415237,8.925688491425937,7.576497997922278
AN19P:877a8107c5b37de2,14.659809268037112,3.4498319166840146,6.629667717667575,4.938767098045178
AN19P:878dd2b59eee21e9,14.972677700246448,4.876094623468693,7.402043030543668,4.989939398021536
AN19P:878e363139c8885b,24.636656063194422,11.4516225385412,8.382867723535364,5.343197267443257
AN19P:87a24b1c1ff6079e,7.000484194354953,7.71607116011928,6.789302850694005,4.863619638754358
AN19P:87a62ed879cc1760,13.1429844458732,9.450188453194617,6.83379372286396,4.580629074276737
AN19P:87c0570255de067c,14.002958814836566,6.090347703810275,9.05990939802982,6.198674778936572
AN19P:87c364f152a8cdf6,19.40180855887616,14.952830414935368,8.705268318646263,6.403450440703836
AN19P:87c711561f554dab,13.206497430735624,4.693807250921371,7.453710398413325,5.119577605381753
AN19P:87d2edf370e55e85,9.05750441191993,6.008686330641483,7.704234827498232,4.719254737850232
AN19P:87dbe483008d391b,19.99829405750304,8.394698813944675,8.70345737324958,7.075316533207272
AN19P:87ddc53271787d5f,11.628459151679284,2.446872584458844,9.536222540979564,6.196599337059723
AN19P:87e48302743dc71e,16.351090808171783,4.176165439181609,6.598056508809189,3.688759912574459
AN19P:87e5c6b9fa60f941,14.94002110669129,8.3429040897504,7.901669597374266,4.61947472291739
AN19P:8801f2e5bb93f27d,16.141234554426592,6.70052632302386,8.68961491567321,8.943717774703655
AN19P:8805373fb5e596cd,3.05422559351592,1.7818491841456512,6.808214150821629,4.268388767404208
AN19P:8813e4147ef022b1,40.3656889205836,40.13811700038841,8.416792170941036,7.406327125431892
AN19P:8825816e710b031b,20.276562219346925,17.952950675617316,7.6030941017885425,4.765733834776903
AN19P:882d635c8c2bebcf,18.6437154040451,15.363334276000693,7.855474422014146,5.103167444477077
AN19P:882ef7adb76a3fb7,13.706175797632952,8.37788128038113,7.7271200036880385,6.706026609695928
AN19P:88364456b1735332,18.683090680527755,11.480526995430774,6.242892554574629,4.627626046352701
AN19P:885b72bf009c4630,13.19275555042772,11.184515511174313,8.242436177669932,4.206653437430433
AN19P:8885349618b68285,16.784441892139434,31.99878952094295,7.310600615869084,6.031570936408339
AN19P:88a03e7b8a2e59b1,20.517085495933035,5.161106846638869,7.06124072183878,5.58465038269448
AN19P:88a294b345435ee9,12.790406134726611,4.926183234038974,8.613827930207298,6.850970772149347
AN19P:88ba87539005d992,26.520476293864025,5.568346271474549,8.31715105529547,4.603571024784423
AN19P:88c94e40077f9d66,32.94495398617056,12.15291138586906,7.6321581024908305,4.829680481319832
AN19P:88cc570eab9f86db,22.323348544252767,22.45881071476672,9.040167071181006,7.498264347104923
AN19P:88ed21da408fe192,19.311312379842157,9.002355604063986,7.320804643819739,5.520721140365112
AN19P:88f78434f85f51de,15.19535592057818,3.92374820114344,7.300328969765941,5.608521356719934
AN19P:89006163cd58cfd4,29.08987222821675,14.175055491826429,10.916981669769664,9.575067466043228
AN19P:8911039def98297d,13.694323299180825,7.745386745876493,7.496224497170214,4.536558231442311
AN19P:891303103a0be583,3.936929513579913,5.044912511691039,5.524834966562504,3.7871003598917
AN19P:89131c37ae5e7a20,13.506567787274038,4.868085841793677,7.915545495290311,5.298720763241208
AN19P:8919c014ee841820,11.261423242398957,6.651315953162326,6.508377738239761,3.956440144191875
AN19P:891b34f5798f243b,15.019386544055882,21.375835722631155,8.380737847727314,6.987419499349061
AN19P:8937f0abf57c1a33,5.748600011112943,3.983959417618864,6.81869696307448,5.11242372159721
AN19P:893ed5d00c739c99,10.995450555802131,22.254683531183534,7.815618462655061,5.36934241968475
AN19P:893fb2fd16695372,22.75174867953334,10.17951886641432,6.37468044686326,4.319454816681216
AN19P:89439619bd2d02ea,7.758031125696942,4.039983903055258,6.922931581056507,3.951653860426325
AN19P:8951644e990c65b9,21.23442695773265,13.254286107732511,9.0351971886672,5.346140031106756
AN19P:896aab0aefcbbff9,15.045425561297158,2.203867453130998,6.0675958262566,3.576564765240988
AN19P:8979cd2b8821b5c9,32.63375084521098,20.65674186304029,10.167803191074931,7.401665069324915
AN19P:898ada6f55b31dec,31.930950335559796,16.051904731354902,9.543504299439762,5.41257230921014
AN19P:898dce1aa3dea574,26.33734186388705,21.34649531403363,10.125434746832632,6.070259266212839
AN19P:89939039a1d74d2b,27.04562363836962,22.42554614752744,9.445692880666282,6.012369393509865
AN19P:89b267cf581aeb02,23.683403306362752,7.4925124679032145,6.716600716007185,4.2541724960589065
AN19P:89c1102472be35ce,6.728414439533824,9.2787836695292,8.067734559383242,5.717465910077408
AN19P:89c7caf0dc391d23,17.297784230130237,16.706963646004628,9.231347206652575,5.193541473588626
AN19P:89d298b9a3a89406,10.851348839500194,8.308789548685093,7.899343104269858,5.917178889067643
AN19P:89e799ba079aff29,10.183881140050582,9.177569013353184,8.429084606975273,5.580237480669429
AN19P:89e95eaca5e7be8a,10.948191113521222,8.280082544487957,7.279156206537864,4.3633694041150415
AN19P:8a17bc4ca727de22,16.106848264981338,13.127300142532286,7.459661476465691,4.521997838857704
AN19P:8a1c94c790bd4ab2,19.69863029953328,7.833898970305023,6.982564658401887,4.609531924071511
AN19P:8a398523d7c1644d,15.36359010388293,12.593093721719816,8.707457335775912,5.252634759541978
AN19P:8a3eaf527b5a1cc9,16.322924992902045,13.268569206909753,7.706693000527393,7.09653792878523
AN19P:8a44dde8ca65e0c9,13.764440054515235,11.875241765889728,7.390684102789826,6.090754708213776
AN19P:8a46e5303f1c892c,11.941215137033398,5.420457612737805,8.112683070096763,7.189737312506897
AN19P:8a5dd756a83e81bb,7.122060562321378,2.9570908458216607,7.188981470753944,5.649165339341939
AN19P:8a62cf2d61d36ff1,21.888757031085586,3.9710451995517726,7.898905490021671,4.86308360056874
AN19P:8a65e17b187eff96,18.448945237917265,6.321260490347346,9.723940351556756,7.716382162812437
AN19P:8a80eef1610243dd,12.233658078718197,2.384278609906528,5.783806876216234,3.663683351880034
AN19P:8a83d02e47373a09,13.43401850529233,3.912503793104785,7.637640200093635,4.605153049506677
AN19P:8a8d95eb523bb5b2,18.432681538383985,16.191616371800027,8.903841692778563,8.21208189287544
AN19P:8a8ec2eaa43d3113,15.105016833280628,6.254964250665021,7.693876974654988,5.423075499837675
AN19P:8a9c6f2e9c0fbc15,18.19713852128061,8.517685934389128,8.763721794373895,5.57563883070573
AN19P:8aa0abe033df528e,9.506135209930976,6.974361853438708,7.477000244163983,5.785613584203605
AN19P:8aaa085d59b30d37,23.65505484866301,25.89634173862147,7.987397404697029,3.999696638996237
AN19P:8aae3c8470664bf2,12.452427305905234,9.2595717800908,7.747427565349995,7.0017718208316575
AN19P:8ab4d08ab818b009,30.130070318506853,23.22188731653017,10.163715119474428,6.511416805958734
AN19P:8ab85338d56d4a74,27.432146561719183,13.304569001376322,9.973674223201805,6.5465763411227815
AN19P:8ab95ca2c9dc427c,18.654124605144787,13.307702523922313,6.98874895457918,6.269529057335914
AN19P:8aba3fea0845ec32,16.63377911936343,8.014423853960796,7.287570833554374,5.840400056370774
AN19P:8ac0b185f90ae6c3,11.416503548001035,6.513562133857688,6.993800640741317,5.45612757873371
AN19P:8ac20a2d12af6118,15.796525980652904,10.782353889530356,7.221694800275867,5.9562947546035065
AN19P:8ad85fa0b60fe50b,23.418601163101627,13.995659629580242,8.855179983682245,6.827538009073964
AN19P:8ade300826416374,12.047311099115412,23.08353221369449,7.429292788671074,4.003672376124436
AN19P:8af18ea292d09cc7,21.167429892647007,13.176406046661429,7.148841664933306,4.976504994652586
AN19P:8afbb3cb384b46fb,25.569596526824878,8.571649746969523,8.875388076284507,7.719540145213143
AN19P:8b208d800c79508d,9.724709393961891,6.097369066301796,7.639903864816855,4.585228833889206
AN19P:8b23c16fe590e65b,14.100927763417772,5.787606273177245,7.940844582041026,5.589154305896137
AN19P:8b320c4b4d68e5a2,16.996486625620335,6.333506797041407,8.069315287731046,4.705159916251128
AN19P:8b3253bc9a1251ce,13.01276801982563,5.772209468689481,8.02818435428966,6.9818587014572175
AN19P:8b346b00ca470d53,15.312766164801364,6.964557616860937,8.267563227817778,6.276892745487761
AN19P:8b355d2450f75870,34.20791021753348,8.128956544164401,8.125918270338364,5.643365151125328
AN19P:8b78aba227e81712,21.99859149001693,8.261473829556166,7.102719440082021,4.856997619504053
AN19P:8b8cbba6ca0e4eb4,17.02400708238762,5.871892572771694,8.370786526043235,4.631404827819721
AN19P:8b8d41fb227af3ac,13.72907794771095,4.964996885357732,7.956452410419009,4.436295689507907
AN19P:8b8e6ea41324ae68,13.445619843440465,3.3313849857625915,7.040642219187722,4.389105944628337
AN19P:8b9cc8292730e2fb,22.91222609491001,9.08163137402591,8.094231509977648,6.560073183869115
AN19P:8bbf4b026de4220b,11.673127174147094,3.605724329058809,7.587830510848199,4.204293994090506
AN19P:8bc6313fdbb88167,14.316029002670131,6.571977414058485,6.470897760440221,4.83294245725705
AN19P:8bcfb450af599bf9,26.469963086549065,14.002847497756653,8.244142773410706,5.555212814569933
AN19P:8bd4970519a33ceb,12.793697482688344,9.234934837996006,7.265140135735701,4.979280866242521
AN19P:8beeca301a9c59be,15.909768942978332,6.961341200380033,8.383217325791088,5.52778429512383
AN19P:8bf5a29e4cd7822e,22.18363077356377,5.774667729392789,7.111469842993208,5.308805815096325
AN19P:8bfec8afbea04317,22.75122659494853,24.91323148373675,8.151757180656631,6.63637287151045
AN19P:8c069693da94d3df,19.140202082676765,12.264575746787424,7.968160165436226,5.022465560269835
AN19P:8c08c67b027ac826,22.412110319389367,16.315789622442313,7.405936099101132,4.700196952296814
AN19P:8c09348b88a3ad78,10.23317056294199,5.126902836979022,8.72198182215151,4.44467418395563
AN19P:8c1eb976a8cdf555,18.795730206587915,10.804428288802152,7.317596717900877,5.212246595282461
AN19P:8c26d6c67847bad1,15.26660275574394,3.2021705784192207,8.237904856796405,5.404482335505313
AN19P:8c4022256fbb545d,13.984431200248045,9.453869003071102,7.356228641011121,5.388665168668952
AN19P:8c5b9b126aadac40,13.927242713325864,13.807630795187888,7.835486580914045,5.006636389810119
AN19P:8c65f1aa4810eaa9,15.975973056374537,13.22733197049411,7.241352887527627,5.702962753439686
AN19P:8c6b80fc90d15dbe,13.395802427288253,4.171494059272892,7.0903687369048365,4.8955857727172605
AN19P:8c6fce41097d443b,17.15269012115511,18.37851601492991,7.45191052605259,5.693094621725852
AN19P:8cc3e62ac2199bf1,25.9517933625427,10.046963883734756,8.447280070454566,5.476915695837418
AN19P:8cca158e9a18acc9,15.292069409821124,4.897327555186863,7.309013682829331,5.553613113258522
AN19P:8cd69bc7d97261cd,12.30537609998711,5.770048987367302,10.454361451800626,8.184599693353256
AN19P:8cdc1f48c8b6d475,12.252399579779109,9.44062021347689,8.927515352213288,6.319908910495259
AN19P:8cf616eeda5db6d5,22.593387660907197,4.841880935087242,6.015884433515802,3.650805774908116
AN19P:8cfc048c6c9df010,19.377161883148325,19.267111124021856,7.623417627975326,5.972690183042053
AN19P:8cfc8b6a50a3bb12,25.5242603353577,16.193170361162796,8.755732679585876,7.086456035434613
AN19P:8cfce481a403b61d,19.873790921710857,23.936826430961062,7.327817314846305,5.2775369670809615
AN19P:8cfd68dcda5f301b,9.506563729648557,5.758350011547101,6.92704691185202,4.877028165619059
AN19P:8d0ab14842384b39,17.05442761578,4.186749207284018,8.29049863365781,5.022433449421826
AN19P:8d310b76ba5e7b56,17.610886641261324,15.122121395625634,8.245625280470572,5.959665689794325
AN19P:8d524c9c53e88f61,8.91195747154738,8.07931836665415,7.171229384494657,4.299022075776819
AN19P:8d54a3b06412efb9,10.821505888486938,5.093497060388228,7.4967006391798785,4.363168134652007
AN19P:8d5fcae15acc5492,29.4720812561892,22.9121433385327,8.650548276363848,4.711804034529751
AN19P:8d64323d99943918,10.890406628286506,3.2680485118131446,7.266752192039289,4.295251268874885
AN19P:8d7611a3d9c0ae64,9.393115611727964,5.289238062422082,7.093701630216499,3.2817905273101275
AN19P:8d769d9724369473,14.09637305785759,7.223642790097172,7.34694634731,4.82515951742432
AN19P:8d828136563cf9f3,13.206818199864845,5.482779734788989,7.03290925817777,5.0313212355358585
AN19P:8db6f8a784dbcf16,33.856102330135585,15.681638773187482,8.33334210200835,6.255955601887013
AN19P:8db824b8cad1c374,8.279719871576834,4.694436940972359,7.736446787577881,4.38933931158199
AN19P:8dd5d68880466e09,19.54410601909369,7.113984728654694,7.450208064585348,4.631172628113222
AN19P:8ddae4ddf92f8d4d,14.79359609113393,7.340379270168093,7.361825776954396,4.475997313255409
AN19P:8de6d54a06db9b9f,15.682485358733752,9.739116217014884,7.434298961338741,6.265703574280724
AN19P:8dee273b3d94010b,19.75003254403832,6.603858530763923,8.122822704644001,4.629323676503335
AN19P:8df5a88dfe472579,11.709170589235343,11.157977615887305,5.634230250248122,3.647963261861895
AN19P:8dfb4ad0a7233061,29.676517960514254,19.58784245216557,9.472884712772991,7.2663592019989
AN19P:8e031c34731736b8,21.43383449798626,22.249594707021583,8.747425319109881,6.736384021496005
AN19P:8e04c0887e9e0e34,15.388207334522871,13.672326076547824,8.336077578828686,5.785840988378629
AN19P:8e050258d3d50683,9.536431910777573,3.860300813770567,6.690900035834465,3.706726106608673
AN19P:8e053de3b8a5c91c,15.162085863447109,10.54935115006226,8.669771691968377,7.682206795321871
AN19P:8e497a048b01f2d1,16.055091759386997,6.297292215293573,8.308564571780595,4.4608550280260975
AN19P:8e66600ab45ce4b0,7.723446942643736,4.339909077947739,7.971384693403154,4.92396268096845
AN19P:8e7b3da65bf629a5,26.44070410235331,12.695816145408436,8.627449200440655,4.150684702143685
AN19P:8e81263dd7996eb8,20.80621812301081,6.618806341928194,8.790306863518257,6.048768401145243
AN19P:8e8394dc6f88868f,16.212859540048928,14.663875477112164,7.874542261069099,5.85575153278338
AN19P:8e9dcd7bcf18b038,30.94044966288017,11.657171571090233,8.821684263936096,6.059750248417665
AN19P:8eae1b326ae28b2c,19.004786469030478,5.410862110854191,7.115351097064768,4.719660169204224
AN19P:8eca6460cf6e8493,13.068024057532346,2.1747195960897003,7.173482640726246,4.586130455491231
AN19P:8edf9f5b58a0d22c,22.582619705113025,17.335876298511227,7.914914041873271,5.305611662735404
AN19P:8ee630914150306c,12.618639245648962,16.136548071868663,6.811909968570039,5.261450227855451
AN19P:8ef3084c5b54db77,13.49682857267661,3.694857601281189,7.760295547980774,4.705716049021967
AN19P:8ef609cae13ab73f,10.40566621149692,3.6948169752494007,6.695000274132119,3.543525158874394
AN19P:8effce31ff77881f,16.337708136822545,11.259988182854324,8.8328227739086,5.909450539704621
AN19P:8f0807b017b6dbb6,25.02446913789163,24.91390451159424,9.482371196741449,6.443583755816615
AN19P:8f10063de75086de,16.97361976539102,10.825531332460416,7.558548977383945,6.319320570327969
AN19P:8f16ad68e7a3d006,16.347008324454073,12.360512898852724,7.654382713350543,4.901328215512759
AN19P:8f20403fa3c44db6,14.768270983456263,11.167115450349865,7.018189436972833,3.653937449672338
AN19P:8f27a2445cf50edf,19.26254731597575,6.678494032504749,7.62890356891436,6.22809079794405
AN19P:8f29f49ff0813912,11.844538675930114,10.01952264594729,8.030073480211051,5.628572351188767
AN19P:8f32e4b7c46f246f,13.063039832240426,8.609505453184417,7.305603072319458,4.101255501177402
AN19P:8f53666ffa00b45b,13.981594066247848,13.454296623344804,6.721275285561995,4.433803259301557
AN19P:8f58833e23ca67e2,14.50422534080055,4.728872226903521,8.192495666312396,6.160201973829284
AN19P:8f5b9be446be208c,20.695813441040283,8.585487485422574,9.10255294668061,7.1112271324195335
AN19P:8f6df0296ef165ca,15.952839553869463,11.074544316402624,9.049070679919067,6.48307967900395
AN19P:8f750195ed0042ab,12.850741022460424,6.324659126490924,7.008503119796371,5.052296008638428
AN19P:8f77e3d5fe603bdc,14.899371243575844,8.374859677686276,8.774029988935622,4.615050519898864
AN19P:8f8805a1902d17f5,17.2557539076158,20.10915477828881,8.023699487615257,6.270941948732685
AN19P:8f9052f168178282,14.103971615870057,8.656538395957845,6.3829184355110815,4.358837590628673
AN19P:8f915e398f5d4108,21.32819245663445,3.757879064839868,8.804674609875953,8.13952563625284
AN19P:8f96eac08cc4d427,6.476361272728104,5.17942477133141,7.140662921044003,3.7351226978899055
AN19P:8faa8d34ec13bc89,24.89580179833718,14.45180137815616,7.112314709748879,6.236501508179101
AN19P:8fac2c298eb1ce50,26.607174121069797,18.54871709939193,8.67302665251871,5.46849445525589
AN19P:8fb4b8b758e5d4a8,16.232163014166563,14.584472454309363,8.480670972569467,5.0187607676963255
AN19P:8fba3f6a44f510e4,16.70693360818568,6.952975164322347,7.3919090693889,4.238592940801707
AN19P:8fe4b7c5b099f0c1,15.867961175260918,6.642027660833931,7.892337823377073,4.463994586289508
AN19P:8fe95630118cc3dc,10.137881108681707,4.473649769858313,7.2084735155215425,4.630360900988494
AN19P:8ff407a053f40469,12.087570931460352,17.453271193520187,6.4787539904314775,4.336139996707537
AN19P:8fff391aea89b356,13.864626462222128,10.13962990864314,7.170122660119856,4.882705337025072
AN19P:900b76bc03bc2752,28.019924104384483,16.563025663255463,8.31154360134408,7.84239629045152
AN19P:900dbc9eba809417,1.5765671385967572,2.78840873236188,6.993759492823483,3.8680016531623114
AN19P:9023c01bf8fc39b4,13.040522771050846,12.98061672901774,6.677190638517127,4.596545708127941
AN19P:9050b169ac5c0e5c,19.03316370994593,7.506669743465443,7.962945491682122,5.107772892193862
AN19P:9056959789834b7f,15.369264350962114,11.275415137247933,7.428852523493321,4.998799244524086
AN19P:9058f5dfa48b8104,14.38309673024783,3.766728691978377,7.411832522538589,5.281228846658029
AN19P:9072abf39358af17,12.923732141746484,6.298742224144235,7.760669737760834,5.077501225548836
AN19P:9074bd122753ae97,10.452552381467951,5.263096846037766,7.529573525523503,3.7496171148616377
AN19P:907cb148d706814c,15.425212990418949,22.456413812077518,7.416807075658149,4.7811547192975805
AN19P:90879e082c16a49f,26.95542197281383,13.226747172711356,7.482172108904191,4.9187092774563945
AN19P:9097fa3c4d67883c,18.900623144779463,19.724734380929327,8.354093140777753,4.740635528564748
AN19P:90a07ddbb9ec20c2,7.081328343563251,3.5561952847477283,7.037128491269431,3.8492387437274616
AN19P:90b03d121fc6392e,22.18137442184604,20.61861835083218,9.548459140368246,6.293214578555159
AN19P:90c0ebdcb9a408d1,26.633891767727167,18.47676601059743,9.844417656782852,6.557025586715837
AN19P:90cbbad43f2664b6,14.09229592587374,10.191491403889524,8.00315714540802,4.609331531205791
AN19P:90cfe20cde147a75,15.452297437259702,3.2341306440434425,7.465690229432033,5.041570244732777
AN19P:90d431b7e6c48c07,17.598712912657362,8.802113409405646,8.16867395489198,6.529193354131467
AN19P:90d674c98cfd299a,12.031867750139488,3.15841113068128,7.901257952674938,5.906993763684104
AN19P:90d70d04d703a36f,9.479772948786618,3.345139911935467,8.276736857545952,5.148261783908287
AN19P:90d97874d0b86a7a,23.28054210229532,10.249173855622567,8.22628310392583,6.85786060737926
AN19P:90e02077ec11f9b7,32.11614452434942,26.73865657474456,11.066683016795883,9.537843531835462
AN19P:90e9f171c80c041c,7.912987459567981,5.586999428179118,7.4924362871304995,4.44868231817025
AN19P:910785bc4c24da4d,20.663608118078447,6.516286219753528,7.801282449984581,6.004988171866726
AN19P:91276d334fb43a28,21.236353257887817,12.028141017973567,7.823276096364203,6.077220870766389
AN19P:912872152fd61fd9,20.014395579082027,6.00682508576297,7.507922806770283,4.228540481684282
AN19P:912cebdc63586395,9.60304994099918,2.9470567376705974,8.454143311320609,5.772431690770832
AN19P:9135d258e6401cc6,9.633156948338971,2.871539893839145,6.1043603619254,2.9542614235937057
AN19P:914c0930b21af342,24.340557669606785,17.493160228182223,8.431514873042703,6.675596700672132
AN19P:91609b0017207e43,21.718301389967426,12.29591725595358,7.520247545960814,5.23865957151094
AN19P:91630008d4b1aa38,21.28936661616628,14.603485854488325,10.082910969797648,6.677056452369704
AN19P:9175403a7994b1fd,16.98753621861223,13.229550185714848,7.52035892340581,3.686931748479706
AN19P:9176f7e4c73b2d3d,25.47600164906647,12.291183041555296,9.917439737108872,7.241926242164059
AN19P:919626528d9b2753,27.062812565686656,17.963679541076235,9.26578248690955,7.587506677363677
AN19P:91b84b25137e15a0,4.643857266619161,4.865981462180027,6.110611386313857,5.509213141170325
AN19P:91bcdb8e511cd428,15.019485992918922,8.844319553358966,7.029042283567673,4.438943741516368
AN19P:91d6bc62eb825c2a,7.062214395004611,4.210892676191953,5.3212613166706735,4.617712905753553
AN19P:91d6ddc53869a556,14.883325855447268,5.225171466632967,8.767579564210468,5.532181090254394
AN19P:91daa8f80848ed64,13.529539125471349,5.930972539170205,7.542456843506606,5.799390517332992
AN19P:91ddbb036527f4e2,15.251199076516883,14.278762687548218,7.071949463284314,5.013940654998793
AN19P:91e683074decdf07,16.26270826558091,14.71623218852299,7.5873912862207,4.667375809817569
AN19P:91ee3f5b7b98a3af,12.505670263947795,15.13310765874014,7.034279124652594,4.265288442433087
AN19P:91efca96c87895fc,19.62242928899916,17.085068409516698,7.382299169259618,4.563664881963491
AN19P:91f1455aa8c2ea47,25.43997093232366,22.532598395156832,7.801564916413917,7.642789061403368
AN19P:91ffa45734d95d75,18.927268762510177,8.392469559028383,8.241673103324457,4.669073126002021
AN19P:9204c388fe6f13ab,2.365290019955432,1.629357015010706,6.988880433742225,4.151027966351006
AN19P:9208e9d9f6cdad58,15.146881416818632,8.288843520449438,7.999241415263067,5.267140212699754
AN19P:920e1c46d628a199,32.46530276564797,14.791676225758629,8.765967989646429,7.046657672214589
AN19P:9212c882efbb6f4c,12.18982511870786,8.852814081373698,7.6656016399081315,6.590960395542062
AN19P:921d22c71bf85e8e,18.906121805722226,11.983926654801452,7.105402346165973,6.840043759250898
AN19P:921d830b71335bdc,34.32544283907654,21.476738457350574,10.761077448094548,7.770574076614374
AN19P:9220bff8d10f4210,11.069053939778469,8.445204773248797,8.559986946106301,5.964149576491655
AN19P:92279514915761c7,27.90475217840685,15.777539691747918,7.328187334273137,5.817528232598341
AN19P:92365303ccf4a977,9.511666539210085,13.4535549182598,7.395358076664335,4.339444182092087
AN19P:923705f30d437ddd,14.94797713589673,8.749892975844835,6.935250154939418,7.0844101749731685
AN19P:9238683a771ad3c7,8.73180912009486,4.3141757464475,7.096733444952155,4.379089882210367
AN19P:9243d8f522e0055a,21.81673116537488,5.662775565111028,7.729559251651473,4.706989586906507
AN19P:92513ae726b6a254,15.752877180936824,3.698333946485343,7.910953632056782,6.056054205770334
AN19P:9252e958087ac72a,22.44471104868903,19.06595742155946,8.171003119891441,5.246735567708588
AN19P:9287c4eecae780ac,12.48679276061152,8.82102635369146,6.831068715388654,3.965526979048223
AN19P:92988d5ee642c789,27.490502139057316,13.346955563334395,8.536802839243855,4.1542570503698
AN19P:929bd49496bd4ebd,20.91775492956407,11.516404210815184,8.402777868458447,4.813727136506053
AN19P:92a5facd795da20b,9.878483318552124,4.734709155948834,6.608793483896519,3.9654592535351534
AN19P:92a73f527781e7f1,24.822185025478632,9.414835554138389,9.338242071840629,6.954908403808738
AN19P:92aca2213f1a23f7,8.280041346282752,10.684875229417631,6.741747009084303,4.4672678475076015
AN19P:92ba2a30faf723a6,21.68134476174821,7.978867570826909,8.429393665948046,5.250136610032123
AN19P:92ca8fc0064b529d,11.369422241173336,10.166383000217046,8.032933081531665,4.342083268046364
AN19P:92cc308ab0f2c99e,15.755367819427748,10.48039742148211,9.773090854921778,5.744989765623402
AN19P:92cd356921443b1a,11.239353287893898,2.54156413903895,6.677970135004049,3.5706277114325915
AN19P:92dd86f78ba88836,21.24425661092352,14.956130553877289,8.765708256930102,6.401706942262812
AN19P:92e75d29a95f2abd,8.590519001783077,15.230332238409614,8.945167538333186,4.955179391070766
AN19P:92f301bef591d1e2,33.48063537511997,22.990107017043343,8.297036115518756,4.950106867827465
AN19P:92fa1fa5fe620d45,18.26854402006572,14.926497367941316,8.239302879611218,6.31524637573848
AN19P:930358b5b2afe599,29.58982423922104,19.92833616830724,9.889871487799052,6.3069314850478655
AN19P:930496c1f55ee90f,17.877386067771624,11.040425691753876,7.895881455315295,4.36553010814798
AN19P:9313d3fa29f345de,14.4495058793542,7.924655375729987,7.227336523190143,5.728217334982396
AN19P:932b5c79ffc98081,11.584041487264017,5.435969567814253,7.043501286307551,5.16631683798786
AN19P:93311a31c1255589,11.240057512856042,4.198702776365875,7.270282122467248,6.552953624155794
AN19P:934198295122bfe8,17.374583575522305,14.434160530773354,8.316161093221607,5.836518188382143
AN19P:9343c08d982707a7,20.26238073116641,10.258812331202272,8.153822272467815,6.227282873004183
AN19P:9355a575cae4a818,10.72954068014026,15.966060810635865,8.647293949671369,5.909198576078715
AN19P:93560b153201f589,15.957523541111575,8.079554429315872,9.22197781567834,6.153962825904877
AN19P:936725267f17a4cf,17.96536682198033,5.50931118507687,8.315959358624161,5.957351646789903
AN19P:93677e2a9eb977d5,11.013792536563043,8.020415497114135,6.763629671178591,3.474082007260624
AN19P:939037820d45ec14,12.754413097811591,8.539871323172392,7.577543660095153,3.703605467678105
AN19P:9396ba7ecd9618c6,19.71361736211617,8.37611120931132,8.121817334047764,4.745854717668836
AN19P:93ab4d4e7bf22070,12.754678014450382,9.58395263225074,7.817706225150872,5.02640823589679
AN19P:93bc17fe748e88a1,13.18603826824234,3.3305747192896478,8.027499183401334,4.959504872883936
AN19P:93c11cc915bd0f55,16.422135529284756,16.738059536804833,10.056043963268475,9.508858643520224
AN19P:93c954ead53e4d18,30.06001623611137,8.614391765833586,8.942455506106874,6.660541455309401
AN19P:93ca446e1767bd46,20.90670970634949,7.009882147836991,7.537758673624081,5.416054865385616
AN19P:93cedfe468de1780,17.060512928571583,6.398800486475313,6.320887814306232,4.030789604114756
AN19P:93eeda0196a4771a,15.101015888393258,7.048938738714369,8.060306545461321,5.2352952915425535
AN19P:93f35fe5a59d484d,19.81044521412266,6.90162718810363,7.881384216663399,5.463059232513666
AN19P:94033e676a520a66,23.769132974408627,17.582288737082997,8.200713503254013,5.3425757754692285
AN19P:94055312e127487f,30.55049542245697,19.80302267622072,9.7181889894543,8.33952324552863
AN19P:94117e75a1af106d,15.019885694861845,6.8328291972276425,7.193120885399698,5.743695502095077
AN19P:9412c8e753d5ec99,8.750710854640449,3.258965383692642,6.609993324278349,5.728535210905588
AN19P:9421f3694cd15021,13.334727804088182,8.196110377154882,8.99053716053449,6.299465883749447
AN19P:94330b7673d2fd55,23.552772688598704,12.121367987881593,7.79404652398518,4.986213874681713
AN19P:943b953a8457cbc3,12.053058410546258,16.960073525897013,9.502540971958537,5.617497777457282
AN19P:943e1c3390d352e1,19.546526846470343,15.089240336195225,8.23098487172387,5.518476199798712
AN19P:9441b7711225875d,22.785372629621985,13.753855439356244,6.999468270904267,6.012902858791013
AN19P:9444088e6f95c2de,9.937805170146987,4.865511360532388,7.556939326604302,4.760270060211557
AN19P:946a4cbbb3f4e8ae,17.956241723273482,1.8818739161608236,7.0729052172762605,4.468559361061828
AN19P:946fb2d20d287fcb,12.33412885852534,6.512941291846198,8.138557271302597,3.871032384443623
AN19P:947be9fe429f62c4,18.111810769907663,7.438362892683678,8.067227738527421,5.331251873609858
AN19P:948253eba2506971,28.963840694637387,16.320056636066074,10.429431646297022,6.879892154383582
AN19P:948da604c5332b2e,21.38710577163002,10.358189195657564,9.969171345691482,8.117188182420001
AN19P:9498881433cf4f74,14.95345976719872,3.8185156862129546,6.279709945698727,4.68758091984436
AN19P:94afda4be8bede03,17.723410729504195,5.6346750878180005,9.02365195923487,8.551290071856018
AN19P:94b1b341cbdc33f4,17.91621842765304,24.309695681294524,8.254527339724577,6.440114213028327
AN19P:94b6b51ea8590c7d,13.043644799196295,3.9221970094574456,6.525820735996247,4.090214765476611
AN19P:94c0564017bc66ee,20.337081388825336,6.42525783717396,8.095951642465808,6.928336070773941
AN19P:94e3a29b9c096860,18.889969228673927,20.520909889894277,7.474273792703478,3.9715834601842728
AN19P:94ea85b725a517b3,14.58096024150652,12.60926329437764,8.269035712463921,5.98801784239709
AN19P:94f1888b257a6c7c,23.987523085309004,11.799489512838964,6.69034208884033,5.027226309574229
AN19P:94fb23a3ae5dc97a,26.75826961760037,12.622287936255884,8.177669665623919,5.985538340649764
AN19P:95054cd979e9b1b3,8.725387860571757,4.713598933371809,5.768471244599476,4.126979217665282
AN19P:95236fe5d6b42877,31.3808850397926,16.795303358894103,10.033596383795572,11.286711815797997
AN19P:9544d8f6a1d1e6ca,19.026756634602258,9.838138317990026,7.937090053464199,4.1937750443012165
AN19P:9577c2da15ae1855,18.18383137919974,11.15457524881336,7.327142545898511,5.406494414545173
AN19P:958e7ddc882bacb7,9.791337139622572,5.232520193232726,10.095475197070328,5.219122720350721
AN19P:958f82ad79bedc73,19.62952608447429,11.39127617921032,9.147292094016024,7.194831569249026
AN19P:959eb76ea870e2c5,17.542435993265237,4.830468178011094,6.811706726006669,5.154584843750593
AN19P:95a8ae3af38aa29e,21.862857150905626,16.889770053649112,7.289570274505019,6.146533748733424
AN19P:95aad5289109547b,9.275760326942889,2.913274052213252,7.825592500812167,3.486946587749137
AN19P:95b9770c19cb5744,26.491458718581352,10.286143250357794,10.195666025293974,7.031315532240059
AN19P:95c4976d1f71d77a,24.686894737060868,20.50462580638129,8.779294762179832,6.254641609788148
AN19P:95c96c099b600e14,11.797100148373628,11.878900813056136,6.271664039190372,4.705620946966252
AN19P:95caec8a18caf8f0,14.594882034479564,5.639466969464048,6.570479281275853,4.480703608100169
AN19P:95cbe0b8577959ee,24.61640151080032,17.176683335129336,8.764833150899012,9.119935248076516
AN19P:95e370c61c68a4a6,12.349291494901298,3.761285574921285,8.486396558368371,5.902541041665002
AN19P:9606a93cd55d1a33,22.4802882401804,8.722258347507356,7.836285116722738,5.850459731014042
AN19P:961e8acc7935f3a9,10.691896614341168,5.02968454574888,7.071242252478195,4.896781702996404
AN19P:9628a7cb86cb2b8b,13.208343144497864,11.179128189623755,7.34868979781301,3.7709823277148566
AN19P:962cb7caa0f7b632,15.591515945323517,12.01869489151603,6.797017334960333,4.446913031112977
AN19P:963da499167ab55f,22.162478761545923,14.482030749811583,7.305996288151373,7.686427726154026
AN19P:9645ec8ceea67a77,14.100262580168556,2.0331943745068743,7.670643851069007,4.549593638556789
AN19P:9685b06b27823582,22.169696638266984,6.653059398535602,7.5179554019786545,5.060343090991129
AN19P:9687bca7e851688e,20.542096801640195,13.073945905185736,9.20058823932628,7.537454150295467
AN19P:96a4dd6ede51f667,10.977567318218366,5.143166011005429,6.815813080067627,4.017223278217031
AN19P:96c12e3c3f6c5533,7.687039139273419,4.831308506319387,6.429287199125215,4.186862744308103
AN19P:96d8af94588c84b0,8.743693916651925,4.008068670493228,6.293122707661492,5.067322364757778
AN19P:96d8c67a77b54eb4,20.281977253125586,5.694050470693519,8.846692712518136,5.560588388665813
AN19P:96fc7e27b196c178,20.892778256301856,15.186353087483417,7.224855148897107,5.110124894853348
AN19P:96ff7fd2a8f60953,11.02751686622661,4.085832844342592,8.115738505441275,5.419337155618032
AN19P:971bc61330ed58b3,20.41347906045504,5.866211148766183,8.25831076914852,5.804664711418312
AN19P:971d22117bb1b0f3,10.142063758976374,3.8290521018186574,7.713208892242936,5.6787013454339705
AN19P:972003c86a1e35cb,15.495898567745552,2.011385095878178,7.342976010523754,5.74792226015526
AN19P:9722f0d27bff1582,34.82932611213326,21.478779256284053,12.215636243351955,7.704347242097996
AN19P:9723ced40d5a06ce,13.096875117121348,21.239116115434165,8.884157822961122,4.849464776951456
AN19P:9735a99754aeaef2,23.823944341108746,11.312567292532664,7.291473477971296,5.645161814900279
AN19P:9751ff1a662bcc30,15.782561660594356,7.50162344431729,6.654303578967811,4.031636257664001
AN19P:9753bd5f3417501d,13.521021832968486,12.977372942193028,7.270348577775439,4.463397154511839
AN19P:9755b40bd5314163,17.779481378334378,9.019083448357668,8.820616299712004,5.769285938285442
AN19P:975820b83a6c63bc,7.932715821305825,2.5660760741635738,7.982402504599525,4.905124702648348
AN19P:9758d6d62754a078,26.857198936685894,19.494579358005204,8.035742188613224,6.368507160200075
AN19P:975f8acf0235f77d,11.154054749163288,4.101748943829327,7.393172177846255,5.018019838583649
AN19P:9764216730e14321,32.98100241854156,17.368904515566385,9.169616493477456,7.770421689638682
AN19P:9768402e6eee83b1,10.466144026463606,4.443291015735446,7.631302716048249,5.833976663486339
AN19P:978c9cd006122b2f,12.553367575376749,4.405118536827471,6.329969239339572,4.156070388171084
AN19P:97a2a9412390262e,22.57872109944105,5.614404351835453,8.047350800579117,5.11516786932681
AN19P:97da63d53911c5e7,8.99836258787726,5.028507436477956,7.052811178108355,4.504847982316081
AN19P:97f44e79891e07bc,12.826930773418018,7.725619872607218,8.83517350384019,5.985532157451631
AN19P:97f86389d64ffddd,15.616083519591715,9.47132884765637,6.199190166227311,3.849840925409775
AN19P:980d8227b422c1d1,10.337560455528786,13.697473137886906,7.212066363718288,5.631829766049347
AN19P:980e874f087cc2b5,16.385679091390042,6.018953346362549,6.983174945782762,4.288957692943296
AN19P:981364f16d9ca1c2,8.410769371699226,2.971438201098161,6.62471925214126,4.488162359729469
AN19P:9817a789a62361df,20.68176824716348,12.69924928582483,8.589438147397917,6.878256618901062
AN19P:9825012512605123,20.49957067271057,10.389652984033768,7.736110004409197,5.370475534845205
AN19P:9832e660eef1b4c9,21.96485250056607,13.547092310850138,8.048708953564452,5.870978508707871
AN19P:983ff267e92cf4ad,20.19868748526916,14.230749801615016,8.254795172200334,5.853226104633898
AN19P:9865d9f1e461732d,14.143757475769544,10.074616711402854,6.502855079940541,5.097560170958197
AN19P:9887ede3750f40c8,19.3882739282752,9.21094681582515,7.219052855670284,5.023136822213705
AN19P:988f5aa99054c918,23.697267687844885,11.23273375740076,7.0710529273093785,6.212902474972887
AN19P:9899f6d964fde253,15.212397325117571,15.767479211375282,7.248923891250429,4.984680662967289
AN19P:989a5f086013259d,34.548886625993376,13.908194784405245,10.503531838346747,9.150366951811872
AN19P:98aa4802ea9e3a6e,19.37053311715522,5.127463986390563,6.745238405016,4.212909085375661
AN19P:98b6e88905887acf,23.851911625630223,10.60418776793948,8.44081678130393,5.772356855261371
AN19P:98c304149a4bd625,12.754590659940922,2.115313007798261,7.416301218956735,5.08878834073787
AN19P:98c64a3cff603c50,17.361668335867243,6.398770027212731,7.889865169771453,4.437277113325096
AN19P:98d840c27417e0db,17.865904928450327,8.598001937264188,7.980160876554948,6.408941133476384
AN19P:98dbe62d574452b8,10.572927521161583,4.453176927003667,6.843561854362803,4.555834092373697
AN19P:98fdfa92798e9efd,20.90223796690059,8.558591580737481,8.03755571857197,4.39383032697281
AN19P:991072d0416dc46c,18.719619590130616,14.86481867715528,8.440036271708514,6.500340463480702
AN19P:99365119c643a413,13.769637549160164,7.0832693702876455,8.37090079353973,7.168703567487552
AN19P:993c8279916c4fd9,18.475776970753486,9.196158284653148,8.485134922865027,5.950207111268888
AN19P:99419398b5ceadb5,19.375501756102494,10.352029431393117,7.004208332373083,5.207371888160285
AN19P:994225cffa3d35d7,23.3381039137163,6.810110178865839,7.689199131126932,5.1344007024740295
AN19P:99574aef64db93f0,7.57218951671395,4.098841216061529,6.262806436254789,3.9063522327901294
AN19P:99579d635f430938,24.939763167865248,13.986957092423346,6.699766585567221,5.82818074463616
AN19P:9960c7f393835f21,18.66071143782099,11.288379826349216,8.696131906176708,5.6437619506336665
AN19P:9993db65cbaa5c0a,13.637463424401377,4.413797389105451,7.917512436189559,4.3149533341226345
AN19P:99a374db6693737d,17.29121673570338,12.9472899462944,7.180559912051826,4.626097578708504
AN19P:99b899ca5e202b32,23.590588667548847,28.86698370546772,8.030098018253577,7.329105638186224
AN19P:99cf18cabeead9c9,15.763632415166343,3.902279741197416,7.595417180148574,5.815659241882288
AN19P:99e50c86d0bca76b,24.02355805594631,6.486949660120618,7.4648184926304415,4.60347420730533
AN19P:99e9c436cc450d72,9.443803468978269,4.202149092151865,6.6306206664207785,3.679322994515894
AN19P:99f11c14583d1f6d,8.1616101718785,4.822514360202063,8.025852935345835,4.418324365636733
AN19P:99f2a4989b008dd4,7.529084351016785,5.133165428496026,6.822945795563249,4.406745739559875
AN19P:9a09c58f56519763,26.96290594667844,9.7221082894052,7.576831792050925,4.699474678751778
AN19P:9a25a54119711f02,14.692646946399377,3.839933637861337,5.958173204062712,3.631272768538481
AN19P:9a2b0cdd8d1cceff,15.952063785812234,6.655127061849705,6.92145395972045,4.715307964364158
AN19P:9a2c11ea2ed92599,7.431323673043835,9.468433597870966,7.18571343156342,4.203078120313841
AN19P:9a308062580592ee,15.849771279050689,4.134240297025079,6.671208688039359,4.4312365922570125
AN19P:9a58ebe573c8b008,19.422091662994752,12.920844649758529,6.996014292857767,4.563463145117691
AN19P:9a5c789562b1b335,32.98178936448892,16.48407640087809,8.755515341872968,6.086836982178973
AN19P:9a66577d86ed022f,8.654252571388128,2.7991542110360643,6.554751973146336,3.9007335007485655
AN19P:9a6693f2320b2d96,17.779376568952422,11.992799651791536,9.152598865690695,6.732611705172123
AN19P:9a6ade6e7d6c43a2,16.071983213772373,18.34960504696246,8.19178702710972,7.136820845452122
AN19P:9a7b6a54d1c5eccc,16.161216261342187,16.026003281675557,7.588857575891673,4.322523360822238
AN19P:9a842d7b7d689f84,26.467375323903703,11.897397609894687,7.821219828400801,5.018618941203752
AN19P:9a957b8ca028ff2e,25.31666475742248,15.909444174759397,8.235661882688788,6.077914840428695
AN19P:9aa587565153626c,9.070685816724437,4.409358702968501,8.229535944134007,5.9593581836699085
AN19P:9aaa9c2086780081,14.4030305680934,5.796151449366433,8.257164479198005,5.544004023277214
AN19P:9ac2178cdb7b7203,19.496491043564152,15.926480961872963,7.842320689249667,5.87377191466152
AN19P:9ad1ac64b5345764,12.802425280718628,7.753992277724172,7.636684505564565,4.372888714765144
AN19P:9ad2c1c11225e78c,14.743605333816197,6.681787004393046,8.944992598209618,7.464620458525732
AN19P:9ade56d792db99c0,12.060902305100043,9.953155159539389,6.871512407436572,4.004744797944415
AN19P:9ae8f10f0dad23b4,7.560982955441602,9.724894584098864,7.171065952638611,4.882458830806745
AN19P:9afc84d0fd04b3c0,7.715028901803332,1.4840609458046428,8.269477437001086,5.8581253746378055
AN19P:9b011d27c254c97b,18.69616800234681,8.140219192719869,7.843518504749963,4.625416227002439
AN19P:9b16b171846f9da4,25.541762901697428,20.062832187427077,8.370323355724834,5.602598905667108
AN19P:9b17e652d1459ecb,26.684063798292023,18.38714348922059,8.448815033205223,5.73323301502957
AN19P:9b201c82125d4568,9.850063660976504,3.914036473909185,7.575892514457604,4.664524173271186
AN19P:9b512f72a9b70504,16.11044334769956,4.447833264821867,7.953077152693724,4.040286162514991
AN19P:9b70d61b7ef28862,13.007946261777876,11.29161827131695,6.917134467292547,6.289421703862094
AN19P:9b78a907e119c3cb,24.375664970019034,20.63455817252092,8.57529971232694,7.826119139684958
AN19P:9b79cf112038e643,19.179187190823377,15.713832192918057,8.588208186392205,5.802511648329533
AN19P:9b85cde2fc0ad7e2,17.328408351999364,36.47875825369768,9.177395465824189,7.962314109895464
AN19P:9b8b4ad797d40b9d,14.021963772224847,11.447707143404708,8.514006859260906,6.130491177459782
AN19P:9b8c4709b289d2c7,11.180689545193506,7.764197305025957,7.058176541792071,5.908022150946319
AN19P:9bb7a0da2f8c0d84,12.96142533147854,5.16037893500422,7.36765375938453,4.372741089844792
AN19P:9bd22b86f934bfe1,9.30229116939548,3.1208274574535086,6.993143774692547,4.55483523724684
AN19P:9bd3258800573a6e,14.509464851487628,5.8157021445974015,7.362819394813626,4.945901241567984
AN19P:9bd39c134cdc73f3,23.861466019516783,8.076700994976653,7.57439234221052,4.521668128759292
AN19P:9bf5647d99d3a59a,13.090670294192996,12.667954719860075,7.301247441307392,4.038970748547855
AN19P:9c003a39a95f1138,17.951780694176758,7.963829956074931,8.106172808038508,4.49894511430555
AN19P:9c003e28100a02e2,28.44809989501192,18.50039228577953,8.300411603664722,7.171800207424036
AN19P:9c17cddfc0a46a26,17.621813473180374,17.445959972761898,7.02574141132224,4.156114490106439
AN19P:9c23fb2d5e2b3580,20.069840611056517,3.348454292441091,9.2474789360458,6.258380190933846
AN19P:9c45d71448ac1b13,26.12451627422205,23.221825168644862,8.513924812969274,6.580032142000147
AN19P:9c515a19923bfa8f,18.956910078970324,6.273802125232364,7.600587254868458,4.451624973148338
AN19P:9c5edee10ee40427,31.33049006435747,21.71824234793522,9.505262499367944,7.229299776066814
AN19P:9c64e5e8c9808da1,19.756136770067982,16.861241648056993,8.851081297807323,7.77689916986613
AN19P:9c78505776d8d562,21.26378538351013,14.905157125078247,9.12328245897822,7.8522838079236195
AN19P:9c9669bfac64e014,13.521223924664897,14.58872622605475,8.823482827110793,7.802145655504005
AN19P:9cc7a8b721c7e67c,14.801250285298549,10.974111646181523,7.512051563432943,6.750575793158526
AN19P:9ce2e2ca10ece6b9,12.240500615760368,8.01211421366918,6.704010056532078,4.032690123178743
AN19P:9ce5a4d240e7083b,16.142786081361606,8.722731145523541,8.739576025635026,5.360362698783384
AN19P:9ceb7555d7ce6548,25.443122417459,25.718488802240007,7.145365661597109,7.627973299990395
AN19P:9d08f1c816ee9d58,17.746161240270318,6.360024297269012,8.573214427755705,6.245507479860673
AN19P:9d1a8a40f2a46e8c,22.466960442872395,7.177066140036121,8.211004998767471,5.990627669777495
AN19P:9d1a9e6fe1cf3911,24.76737744461942,17.225144773905285,8.029665442644607,5.65676554037212
AN19P:9d1d41d4917ca36f,20.094228269412284,8.218108288572147,8.548836483915517,6.216112563052486
AN19P:9d292a8295279d39,14.484395464499157,7.154692460074652,8.055762304665551,5.450503579186921
AN19P:9d3fe735850e2003,11.355247629067962,16.32603390021496,7.4938133323641,4.318105079652858
AN19P:9d4e73892baa79dc,24.94093520872749,11.272344919998812,8.404072758530027,6.280617168297806
AN19P:9d5b4bd201f300bc,12.1649711996325,2.779008673815424,6.531333147887967,5.252471247562223
AN19P:9d69cffaff0091da,17.83259661552165,6.410784869722271,7.597081482548953,4.61975115196088
AN19P:9d71d52751b2b4b9,10.22662043350186,12.105379708281196,7.666323035066131,5.476741940759182
AN19P:9d9023a029de43e7,19.96014205881636,10.584608202019444,7.367051447857437,4.6579057602214
AN19P:9d90aeb96da50e44,18.91366106729221,11.482640974482194,7.746330830447606,5.799585826796762
AN19P:9d9e20c733d2393f,18.681936641033506,8.885958659844414,7.942572593421121,5.08337597151533
AN19P:9dad3af75880b011,11.952840150281329,3.0501345665105584,7.351744665209588,6.023828301755733
AN19P:9db01f31c043b877,7.0140361695294215,7.5426068887165405,6.64152219024215,3.8208711122856656
AN19P:9dbd6645acdb8955,13.88597672046378,3.949653604211787,6.92763345589403,4.786007980793021
AN19P:9dd7df0bfca3cf32,29.91784250716157,12.663215227092278,7.183790829314804,5.436354544249689
AN19P:9dee9b1bc5875710,20.08943905213648,6.66629699081258,7.582115486037842,4.644962473214569
AN19P:9e00d77ffcaa7712,14.760940282234566,9.076740426996247,6.643095352313923,4.468410004292544
AN19P:9e069457379a6f7f,20.290455618185096,20.476001076195345,7.900256201557262,5.277819819659066
AN19P:9e10dfacf1820d2c,21.469304244131745,11.389697209819552,7.756054344811142,8.219923271506046
AN19P:9e1ba2c4f2fbbcd8,14.365044177917488,19.918794804048304,8.305583047466127,4.85379790798067
AN19P:9e2894817720617b,9.3644321000128,14.781633293731458,7.662486069335672,5.573862971980783
AN19P:9e400f3ce1e4df6f,33.998685627249806,16.201912553786002,9.497609920829634,4.6774884409602135
AN19P:9e420a22d3bf36ef,14.100927763417772,5.787606273177245,7.940844582041026,5.589154305896137
AN19P:9e4a8284b7b8693e,20.583502340934054,4.908864001964475,6.032846025676145,3.4587561782654497
AN19P:9e4b96f07858d058,16.818603172195466,5.929537435744248,7.373198206751081,5.422820865882993
AN19P:9e5a2bfc9cae305c,12.669949975002456,6.460907622851133,7.940674408716808,5.115352483450327
AN19P:9e6103823f7e4270,17.242795981362722,4.7206209758351125,7.210241355287077,5.0279420397344765
AN19P:9e61cc70b7b46de2,9.218419993290995,2.467910445954262,7.403685148055247,3.834854356903061
AN19P:9e73a6503be298ef,16.99476736866221,6.7593029867689065,8.034273622060551,5.96603645852301
AN19P:9e7a493da35d0883,19.92658919013038,8.088408624534665,7.571438769656833,5.03765645509143
AN19P:9e8539a6d58af1bd,21.58296723147011,9.685133894307462,7.373025756845774,4.68983950761073
AN19P:9e857369dca2f82d,25.403963839188616,10.758198226272444,9.859563598217871,6.673397871278807
AN19P:9e92984eaf3a65cf,37.18980688528233,23.750419959037917,9.661465296543245,7.399346749124647
AN19P:9e944663cfba45ca,18.53658490028049,15.173686557237495,8.713685442480637,8.162588865653719
AN19P:9e94aa07f81350ca,21.09627874037584,13.6193810999606,8.555793034963887,4.779298107952849
AN19P:9ea0fb8aac050f32,37.18980688528233,23.750419959037917,9.661465296543245,7.399346749124647
AN19P:9ed04d89986503e2,12.486810133934837,10.438561996969394,6.479562949093831,4.895980110202925
AN19P:9ed15abaab3a3d4e,22.00414579823876,8.807566568856512,7.978894303503597,7.8901696425922365
AN19P:9ee5d36a1c6bfc81,11.897928558466406,9.918949776451962,8.807173669297148,7.488248802167574
AN19P:9ef39b9b4f1ab3c7,18.37179501370421,12.638988434396335,7.738991763105044,5.554878345572636
AN19P:9ef9974ea44c5d5a,26.647599425246327,20.39206547738416,8.323567006920863,5.4703990716489335
AN19P:9efd97f6be8eddf9,15.317116874582934,9.90286439661931,6.98082791545056,5.320921457692512
AN19P:9eff84d3540ae5fa,12.599173445354966,15.987156364247438,8.654871620505869,8.205027474261255
AN19P:9f223e359bc22232,10.440666339270406,4.293659271433758,7.654104154911328,4.797584461245865
AN19P:9f31bb5027fac430,13.585064000477177,8.558107564114945,7.935272516738493,4.346113099138711
AN19P:9f32cfc9e7b43bff,7.638137167852821,7.391373830494228,6.535987569559196,3.794212961554817
AN19P:9f37144998a5e9dc,21.836596314868327,10.843934233291996,9.641228907710696,8.417745357114601
AN19P:9f41f3b662a91d2d,5.695260980292248,5.760231845623337,7.457507815918516,5.766456808239402
AN19P:9f5370dd0bf2df7c,20.201461502815583,9.865594517580226,6.640479939657089,6.1270255620098935
AN19P:9f725e453a6e37c0,25.18019381761974,21.637431962180397,8.262231081053242,5.428480289127803
AN19P:9f8351121a873800,10.705246142488017,14.472091564683964,9.002062991636286,7.023443361390216
AN19P:9f90f64e71742cbb,17.66807180074434,14.210799635976176,7.784134729591283,5.68066923762381
AN19P:9f94245912c28d36,23.66909785656829,7.094832952540929,6.986576203970391,5.534487505982188
AN19P:9f9d2ff6c61ab104,8.552770146693849,5.073095604731298,7.048581771726892,7.962187610641904
AN19P:9fa9522b96bfe8a7,8.314564050975989,3.770864251560556,7.073884658101189,3.6572266272737286
AN19P:9faf39796b8e5baf,17.702793452697886,5.544229531678819,6.930547564943102,4.613938483703909
AN19P:9fbd0c0dd5c0112f,20.03087933349757,20.268412797066983,8.672137656048552,5.365184024070669
AN19P:9fbede56ad0a485a,22.31375067545741,10.992199874024188,8.478351597694722,5.305461335815748
AN19P:9fc0ecfb3a83f13e,18.628851468147616,10.029498815333218,8.391172596298576,5.906987041430969
AN19P:9fd36b5a322d6619,14.217051184888764,4.346246910337201,5.575385659887539,4.634642346164481
AN19P:9fdb36cda5e04b46,15.073291657453884,5.396001022919214,8.002898153455693,6.987106650399312
AN19P:9ffd6251cada7904,24.242303997026298,9.778316049112854,8.21664858382238,6.243627668226399
AN19P:a010149d84e798ea,15.38001124827298,5.508761339238329,7.97012903252655,5.670164887862563
AN19P:a0365a8a8ab7495e,24.37159736027468,6.712482023679528,8.519306706118213,5.161672388829492
AN19P:a04690424892e4e2,20.25536365958611,31.67862717511781,7.352601537585258,4.8497343387446215
AN19P:a046c1cfcf27fff0,17.460452649565312,11.006324212685664,8.047739595048021,8.361650260785126
AN19P:a05392478e4c0bd9,12.066638552061177,5.711072395269999,7.762277592424189,5.098098927825594
AN19P:a062ef676e1aff79,17.139669440540402,10.050244026078822,7.060158418484495,4.289815006020704
AN19P:a068d38b48316e4f,12.065049862074394,4.091105284275105,6.558425590996397,4.1989403649562815
AN19P:a079078a983de060,11.088237511724907,7.158272108451824,7.322564765983628,6.031298221172849
AN19P:a081094b06fb7af2,18.793218983294583,15.307327694189716,8.13378453708327,6.198260036062566
AN19P:a0a260749a969e8f,28.218677911463335,14.752757370203112,10.529678579934862,6.847563916004049
AN19P:a0af4ed2d87be2d5,28.17782805574316,18.379246306282905,8.606617770339117,5.986657166216232
AN19P:a0b1a90f40216b4a,15.257110426737086,7.649531018119959,7.215401018088706,5.465975463411912
AN19P:a0b594fad88ec69c,13.841899722724472,5.853876405337688,6.338990438268371,5.67806833233688
AN19P:a0bc47fe2d6e67ba,9.60304994099918,2.9470567376705974,8.454143311320609,5.772431690770832
AN19P:a0d29897efaf3a78,36.57427542139252,41.15136238249347,8.218759593757355,8.418974669554245
AN19P:a0d7266644e2cff0,16.451075086489944,7.545685113842426,7.837799314422511,5.968361564227099
AN19P:a0e0d482f4fcfe30,15.552614174122224,14.348027465742057,8.170312404777457,9.857395262420171
AN19P:a0e4abde0794bf27,21.833367505176493,20.04671076548092,8.337739264696893,5.556487354538281
AN19P:a0f61eaf63e27ae0,12.137914410875624,4.939727435504771,6.293829529986956,4.688053743756933
AN19P:a0f93d62068c786a,26.81245673594908,11.462597509374252,7.913372788752087,5.550206893125885
AN19P:a1060aa32c6f288e,25.153138357901035,20.738859066679076,8.939801656160764,5.289053929247228
AN19P:a111a93393b2458d,6.356069437643779,2.6344312647608965,6.573690479963616,4.063911909342706
AN19P:a124fe1d7239f9e3,22.534147130052723,20.80141262889463,9.096271895099298,6.3585598979112365
AN19P:a127f4dd7fb6b181,15.327016865628652,1.4400580262543912,5.961475750155959,4.3431645222529065
AN19P:a13b6700ae40e2cb,13.052696073981537,4.464196481160432,6.545150033287187,4.093193537632788
AN19P:a1479149d4816926,11.963948604263702,4.793815404014622,8.012577677353045,5.071039883029925
AN19P:a15775189b968f30,22.354578035229167,7.889293815680583,7.797723655655178,5.132066950494287
AN19P:a157a07ad7acc76f,24.674858642876742,9.354471094792084,9.57376476639362,7.790337513110788
AN19P:a15f21bebd10dd71,12.610942819715657,4.340537676984456,7.352634935568571,5.848827122621224
AN19P:a1677e58b4c88a6f,23.78599921586948,7.264925001679773,8.322766121542397,6.2359657494533165
AN19P:a1678b48cffaa652,7.738100058244461,5.782389588577549,8.31554338885299,5.839238769719757
AN19P:a170304716b445dc,18.86778767100301,5.886647420926411,8.560523490121794,7.91547790431695
AN19P:a175476444e7c974,20.591235094590846,10.018727675499369,8.278414250006321,6.911299443115288
AN19P:a1878bceb21eda5c,12.271832153153005,7.00888725244795,8.639746028586506,5.586665656750286
AN19P:a187f8e4d1fe3605,11.563601949232975,14.422837861031692,7.5428940908165565,5.27594199794621
AN19P:a18d5e7a1302c5f9,23.16711907946895,13.555509630896598,8.730018983291536,7.813964794573995
AN19P:a18dc361b8a7f0b0,19.155712118122278,15.251792515867828,7.856281630725395,5.126711030077625
AN19P:a196e3b6a7685f42,15.767251973108952,7.376377664475872,7.927241809544029,7.771434688127607
AN19P:a1a5a05e189b6b88,15.91022044112212,11.885176008839798,8.031381204504596,6.2842062931672285
AN19P:a1aab28dd175cbc6,15.317061153840593,6.199626162207933,7.638511618021864,6.035545663272107
AN19P:a1aaeae092d0b843,2.8261851702129603,7.001198198010895,5.917820439716681,3.711162130559776
AN19P:a1b12cbb2d31c253,19.704056272185618,10.482082375639044,8.681671744668964,6.353764170127297
AN19P:a1b67ffb4fbf52aa,11.281814314608695,5.968121001863209,6.353875220836456,4.224634273234658
AN19P:a1c4cb928f9f7149,7.082549499669064,13.092764997539064,9.140368918108988,6.237769622906248
AN19P:a1c645311ab9681e,13.617869334038376,9.170885443032406,8.741485845935467,5.804130607939512
AN19P:a1cac738477fa37e,8.55432286764759,9.887410499769144,7.593845621017989,4.531415024727439
AN19P:a1db4cb6f6121e00,15.316216043617192,2.859716154492723,7.4348030640053695,4.397333833903796
AN19P:a2171258992110e2,7.878129361684486,16.653967775985898,7.589280956998706,5.509990326976098
AN19P:a222b7bd34533ad1,15.072324789415784,12.603891115060978,6.593386673724899,4.399398662288581
AN19P:a237a36cc8762909,20.50332218147502,9.076155537808583,8.216610963014256,4.4329810639752685
AN19P:a2391c183623d11c,12.493746956887517,6.095494448580455,6.550679946027333,4.31192019267429
AN19P:a239b34ffbefc8d4,22.39757889318788,14.695973316902476,9.347301503813574,5.901773290751776
AN19P:a25f433a26a44514,15.139069667426362,6.973669048240274,6.588017583903799,5.022049669796363
AN19P:a26ad3437a416260,14.600269817537736,9.29641716811216,7.038571969669404,4.37071622914753
AN19P:a26d97ceefe8dc40,14.67364034002318,18.034788140391804,8.36269662713726,4.778102099751751
AN19P:a2722aad6823e0c7,32.06630769856914,20.228312092999275,9.574666530469544,8.740122728383247
AN19P:a275e9087489d66b,13.278336163935077,12.831932581536115,7.876034226287195,4.442284650761152
AN19P:a276f44334efbc83,26.84726373688039,15.51292233063644,7.713021776223358,6.135230201369765
AN19P:a279597829800ba7,14.247448504109167,9.41765498798505,6.851424286099843,6.359394030815011
AN19P:a27ee76aba2ae2a1,16.16805816868969,11.207000838091522,7.937465420766827,4.9134316800386015
AN19P:a2808d9711e2d60b,9.997514036502585,0.6357687262754327,8.449435243387786,3.94358878170264
AN19P:a2970d7f8b22c002,11.81186624141366,5.727477646928654,6.898584755379098,5.674248033180297
AN19P:a297bb13f4c0e12a,10.93584776495711,5.79229815799027,6.655857887196783,4.108373286112395
AN19P:a29e4a99113b2b59,13.75099939787987,14.047113380048868,8.391134388352283,5.76847611949545
AN19P:a2a4bdc896643f2f,18.58952296927938,13.0674684533586,8.18892262609525,4.9908912487157
AN19P:a2cdd8eb02a881d1,20.922678717074376,5.177937217157208,8.840819843810996,6.069191828604539
AN19P:a2cfd545c37e75ef,28.778810576529622,19.309949002301675,9.1801156266701,6.843211476910037
AN19P:a2dea581b2e239e9,22.550066650641877,21.877713395339008,9.53681222050116,7.619698891159366
AN19P:a2e2011a87d60ab8,19.220649154625484,18.32699741930516,6.510548413440961,4.359256559014091
AN19P:a2fc5e79da2ec6bb,7.093385074862398,12.905523243222287,6.466177175061328,4.323599129043683
AN19P:a2fec8dd8639877c,10.45374265106802,5.738910234595574,7.821676669918195,6.438979643493659
AN19P:a30b1badb08792e1,22.079163148165005,11.834905186973582,6.909292337530771,4.313419084824994
AN19P:a3113cfdf3dabc34,12.261622571131197,6.450570374945446,8.436227123085358,4.866214144422457
AN19P:a31380cc152315c3,7.630405976121735,3.109015868166006,7.894305251954459,4.756992597249154
AN19P:a31434ccce72c1e9,14.968239169285692,15.16270947414426,8.110723455252458,7.247084301794256
AN19P:a314e51e31437b2d,18.036154183458592,10.093507001812268,6.830110899057944,5.357890472855549
AN19P:a32748f707d5023c,18.683090680527755,11.480526995430774,6.242892554574629,4.627626046352701
AN19P:a34d4a73629fd50f,20.02702751029228,10.224551776271529,7.760773088817811,5.383063902207573
AN19P:a352c65d18b0f5e8,22.409739807207185,14.455863197443067,10.651314511356071,8.263979035602063
AN19P:a3544e69545d65fe,16.578784953717683,10.027157222564178,10.204674877644129,9.21001823158172
AN19P:a376561b064608c8,11.918586992710514,4.573274683940987,7.694552580864065,5.614211063419142
AN19P:a380ac54a70a1b14,12.822839292039228,12.14276271579772,8.266237706287502,5.00556392968591
AN19P:a38e3914898937b1,12.759788458924934,1.8426918762716715,7.970156266324781,4.301153670649141
AN19P:a3a3b9a891fd70da,28.893130556727204,24.203157108505906,8.720134817585258,7.076809005500655
AN19P:a3b287fee34e06b8,13.991921625446183,3.631773130552725,7.312053535894686,5.23335261763989
AN19P:a3b6e5ceaa03453c,13.79908568375396,3.88320281606244,8.337916399599532,6.173518403928675
AN19P:a3bbd7d8549e0860,20.875269896978494,9.710086430053984,8.018008464221424,5.458654458686477
AN19P:a3cc0e5d4f0b122c,19.228312919713957,10.87177946714242,8.679150410124437,6.539171743599127
AN19P:a3e89da888214d7e,13.867393858657982,7.356830245522486,6.675759582514487,5.062588226702951
AN19P:a3eb437582117397,10.501022718673523,4.141612241030666,8.074055426724314,4.417117053691242
AN19P:a40475b953a453e8,23.355684657632025,2.564527698539269,7.677021259980597,4.452458958594884
AN19P:a407be82e4f0db9d,18.314565666908525,4.2530792452867,7.353829430762839,5.20778421174606
AN19P:a4089975ad076996,23.34789740749154,6.843693414339826,8.071559385327287,3.975628724434737
AN19P:a41237f3cd2bd030,17.21045348916766,12.749058098226945,7.693927456260193,4.8454955419294485
AN19P:a4283999b8db7ea9,15.771394694211583,6.2579023194047405,7.68679609118257,5.878252822741636
AN19P:a42b6b9109fa6e0c,18.46947380251444,13.950131721924931,8.22379687121368,5.225368214691714
AN19P:a4375d7ec1134f38,7.671823260711192,4.347823477727345,6.452765051846718,3.268925906578094
AN19P:a43fddc60348636f,15.193039879750438,7.269526542939467,6.907296300675798,4.815794084717993
AN19P:a445416857790a62,11.942513983136235,13.574160463341318,6.629152200207199,4.972083259809355
AN19P:a44a27ad23db3dd9,15.03184228411253,7.697472182376448,7.780066922060425,5.719870786671556
AN19P:a453141d87b38358,29.502147459422726,24.398184817599187,10.579124089178531,9.026286612655872
AN19P:a457826a4395dcce,8.339027710319614,3.55833100131973,5.780232928031225,3.0143538934987304
AN19P:a4662a463c4ebbfa,16.10256364842426,7.8298201481156,7.66125507928809,5.352569764604726
AN19P:a479e4a0d6f50643,10.412511852971168,9.782962230705948,8.129383105097435,6.318982815467403
AN19P:a48004546061c1cf,22.866071923997264,13.616269855232082,8.070646690360174,6.147800280502247
AN19P:a48b7f98fbb68457,22.41309348766116,18.862200779522198,8.625017990898721,6.513141170341487
AN19P:a49cab230b15d02e,17.12761792982074,19.32569802110668,9.449506561703824,6.432206907504924
AN19P:a49d1fb6380df578,17.479160501128508,2.9650337939507074,6.682802164861431,4.3682972260617605
AN19P:a4a61b9fe997091d,29.54511289011637,17.572722062884793,8.490605447351498,5.951959211693578
AN19P:a4a74c9af069147b,16.192834069278806,6.619092171379558,8.260861938748844,5.52710899489759
AN19P:a4bb3f8a64fd2b61,30.732719560247386,17.93294828663218,9.420265743271711,7.306669234422848
AN19P:a4bbfdd36bf8a402,34.98378414070387,23.72839879895781,9.549354042890055,7.161358025979689
AN19P:a4c3f364a1b17d8f,8.597038900280934,4.549173178767707,6.29206452756013,4.210309529604718
AN19P:a4db480155c50d47,22.39990826658795,11.79260414383777,9.582402534685793,10.089511851075052
AN19P:a4fe96eaa274cc5e,9.392942653400214,2.3236364246927,7.699668571758946,4.5641459891891305
AN19P:a50113a17187dbb3,22.198771506931784,13.724572434152138,8.116232273661343,5.660627027788813
AN19P:a512e7945aed1cd6,14.125220149888357,4.800849756697223,6.592000211387929,4.137954169340515
AN19P:a51302645623d443,13.81051523960362,5.050624770597641,7.168237969167279,3.784066763155381
AN19P:a5496c8e9c8eb1a4,16.173182996171317,13.938359380680655,7.8558915520571935,3.636633159271721
AN19P:a54cbe1b3aef286f,13.228513983120742,7.220967786466954,5.920186224335853,4.734518114977496
AN19P:a5513602844a73a2,17.305901147003517,11.658910188319703,9.618732321952134,7.418376245823243
AN19P:a563749f52cf8f08,19.333302279452703,13.808428891092053,8.311213151778318,5.248515873482371
AN19P:a5640da0be0326ae,15.522932612634271,9.988106653798487,8.424058231289333,6.471180042869396
AN19P:a57adc885d879a60,31.943654100989413,21.456764258558724,9.545555264884433,8.189215289697314
AN19P:a5887b258fddabe8,12.33575185588192,3.1454561189216466,7.288192548589023,4.205669273355387
AN19P:a58eb6add57d9317,17.69131237135923,5.990197647818331,6.8942505740138085,4.267623888603424
AN19P:a5919801cec61ee0,15.99194653744526,6.45430424604112,8.145838392707793,6.267151517638952
AN19P:a5971729a22e0bf3,10.244381662173367,8.191680331981994,8.085524179772507,4.592547984629844
AN19P:a5c07f7e988ca801,36.09213748724035,24.017061365689496,9.674844936217116,7.904830084549408
AN19P:a5c583cf8804eaf3,28.544200039686505,13.95127811107868,8.563680548025456,7.209178963207798
AN19P:a5d0407e4cf52839,16.063113805418414,12.046402508859623,8.012984100112346,4.971367376142891
AN19P:a5d19b00980acad5,13.342046814442588,34.178223469501205,7.043787845613123,5.401449432956886
AN19P:a5d4fad956237ca5,25.281445958327826,16.58471561006492,7.502904885519076,6.903439099881504
AN19P:a5d5bf1964b1659a,12.77533130113334,4.92690744189128,6.869349907042011,4.384830475659837
AN19P:a5ee67bcc475e795,27.614081465679646,22.135313702801145,9.782289697499731,6.138103365866558
AN19P:a5fb3ec26022c023,22.392385864089828,7.411742207569399,9.154569747177186,6.665138274759229
AN19P:a60dc2146397a9a1,18.75346201774193,5.885886238783926,8.355931236038442,6.502962450734287
AN19P:a6141fd36cd30c2f,22.63368204666155,8.51739500894041,9.2460239994805,5.209322779592448
AN19P:a617e1d4b239db3d,22.44057159957428,10.759604945650258,7.761746914296832,6.559243889170757
AN19P:a61fd45d9238ba4a,13.725853575368529,6.901864299632542,8.759729096727039,5.9617285734740095
AN19P:a6238e47d3e726b3,23.836092054272893,9.371400778207766,7.524965856472655,6.147522676375747
AN19P:a62871881bcdf65e,13.94722278263045,7.836101367926704,7.036601343196154,5.716189192058958
AN19P:a6382b20cea020d8,18.308784106001823,11.465025565523222,7.684136964861427,5.364735489681489
AN19P:a6400f2163c38e9c,21.76024312530983,11.504816837390132,7.972158350459518,4.516471576548897
AN19P:a64253b9375cfe35,9.053908253923735,5.099438158432903,6.100864921471308,3.508768782218496
AN19P:a645fa5273c3e4e9,22.769583601237485,13.42216209602764,7.199263224985342,5.839635752225586
AN19P:a64c3a182985fdc4,12.720305565226209,6.33197511683432,9.325257162729285,6.603987137586157
AN19P:a64cda57cfde11e0,12.345132027335891,6.798690634134012,6.8229708997216685,6.114257430456555
AN19P:a657898ce2815324,19.996062324873805,5.842611311194316,7.618884290366365,4.424834929842047
AN19P:a663435974ffab6d,10.707165186427217,6.592009890962744,9.290779509747171,7.24880855661066
AN19P:a6a517218c9c9e0c,17.612054726668575,8.878633267475115,8.53771962457864,5.913612590681121
AN19P:a6a68c1d8e7c688a,39.96698349601476,40.537102349561096,7.933279029315407,6.15774988051311
AN19P:a6ac5882a9858d2b,14.120776540554228,15.652322217462045,8.033030077030817,4.942911961140343
AN19P:a6b1e32e66c54ffc,16.37520292975182,4.292149663239169,5.91087210532146,4.6719546636916425
AN19P:a6c33e916b29ecf1,14.15828762114247,5.6746990881249,7.759002598798777,4.020629773947248
AN19P:a6c9e21be6cbae22,21.78711498443189,11.82675694873254,7.858382269154898,5.764616657558863
AN19P:a6d71f3369b4f3ba,30.705750644129196,27.38582537024801,9.927715243945231,7.55328076314771
AN19P:a6d809d84c1ede79,18.08170840914437,33.01633882903926,7.73862468114968,5.550679062244647
AN19P:a6db68071b67e308,21.665434829691872,18.670189611290212,7.72525100250163,6.222792737937596
AN19P:a6ddadd2b3c0e147,8.050659377294583,6.14322459349359,7.756067822253799,4.340183250193631
AN19P:a6e4b981d54b58d8,27.01530832119644,14.158748820177124,8.501054993266475,7.111456036294891
AN19P:a6ea315700257dd1,19.932765595933876,12.611729485388429,8.982212731987197,6.93308912207788
AN19P:a6fdf926e7983b92,19.09221379260008,7.98322998986028,7.857023838015999,5.423428533852915
AN19P:a70562cfffadb31b,10.759257499849,2.5992401819826934,8.377204699741092,4.9965828453112
AN19P:a70845ccc7292048,21.969369101485725,9.349281513412487,7.27960441206546,5.563534655266164
AN19P:a715bcbacd691aa6,9.416859074292706,2.6293570874229166,7.9255770197991025,4.953020383176046
AN19P:a7175ec8d57dd70d,12.995182172677358,5.9792641648491385,7.634273889228191,4.930406619251648
AN19P:a7231f318fd46e69,16.923796558292274,3.719795992544965,7.903907670218751,5.966617907015342
AN19P:a7253d129f7acb7f,14.755404940644398,4.70294504226375,7.709349751156704,5.388088926307631
AN19P:a72d5533cf2de738,21.18163403353187,2.96487800885147,6.581083906904783,4.3810960417229685
AN19P:a73247a441034147,12.962466888529764,6.004078837970407,7.817462539890471,7.4728997596108115
AN19P:a73675935ea19319,12.463190606058422,7.0905702561825406,9.164758089644549,5.342263339810101
AN19P:a736df806eaa3741,15.740345363855925,5.019465847365258,8.139402455251123,4.844482280211291
AN19P:a74ac5453325710a,22.82749009677194,6.8721572130699125,6.240157653936145,4.156241985585607
AN19P:a74e845eab311931,16.37667777727768,5.291275688158275,7.627209963163072,5.345370660255815
AN19P:a75ff9bada0fe4c6,17.44146477347983,4.88029091021796,7.891077318250583,7.353246493972771
AN19P:a76fe6636501ed24,18.14751147732872,10.782319193478108,6.769190788970372,4.521099148454812
AN19P:a770f4bb0f5a81b7,24.89648506459922,8.333704925311755,7.523577186586798,6.475557146145749
AN19P:a77cd3d4911ea6b3,28.157230357196887,25.13351034067557,10.350983853050751,8.807931253399055
AN19P:a784206106788b3a,19.181028818061296,4.439108653291189,9.37638186460262,6.950701617337571
AN19P:a7b146e07d09904b,13.599193964664575,6.883720071869245,8.204952021344832,6.705276311727502
AN19P:a7b44e927c602261,10.547750047622968,2.8403227313582837,7.090674927647457,3.776825165491767
AN19P:a7c89716c73ccaaf,24.761681580281028,10.72964194296764,7.36643435091299,6.323189777191648
AN19P:a7c9298ebfe2492b,9.280935795752915,5.688578356133855,6.438344861515448,4.304646662716721
AN19P:a7d832aea2225b21,23.089033495038823,7.823389223697731,8.596067728833473,6.055527833912355
AN19P:a7db83f478786504,37.50154218859888,30.3548048570714,10.155252836575151,7.390538173759648
AN19P:a8024a98a0e43f70,10.315137305052724,4.034121949079802,6.867191750310692,4.696192287159377
AN19P:a81cf34ce86a49ff,22.033034326506776,9.396525576228305,8.317731089246188,5.731136069266886
AN19P:a81ecbb9a99b272d,10.154450838045692,11.102837311311497,7.015904182090258,4.173620092242919
AN19P:a82be5c2426c369d,23.644563071836107,26.67742359582157,11.252608977868231,6.836687919247817
AN19P:a82e03ec6007097f,22.0007581202482,16.144778453904888,9.037530834788216,4.892576308355618
AN19P:a83722b6e7ce7091,10.883410212813642,3.2368051854842577,6.9453180676276896,4.623699624698207
AN19P:a83a47fd18f0b977,14.35704478147344,12.68733447001654,6.123615077966472,4.159298644349118
AN19P:a8404b90a3d20f7b,7.825169116380976,0.949096587392132,6.278228795213899,3.863164040989444
AN19P:a84267e248abff17,12.907842719369938,5.088935434342061,6.269618549639139,3.1829924113874557
AN19P:a85b4b41f6eff8a4,32.429400511142134,13.189736727220094,8.596695428944338,6.0040707441262615
AN19P:a85ddd0e3eb3a064,21.44592618093436,11.503450049508542,8.805216185428666,5.437243194607517
AN19P:a862ba0f16fe1e0a,11.957247011665428,11.95454758059183,7.282653423837162,6.348814958119792
AN19P:a86d0d76e08c72c5,16.628993827780462,8.81976119793451,6.751832701424793,5.314903504723947
AN19P:a870be6c152f41eb,14.669951639890488,4.968082242374547,6.818927012139938,3.6745777034138216
AN19P:a8744c2abe95f9d3,11.853787398869317,3.5826697008198165,8.160843255941174,4.584616154187772
AN19P:a8870d9c6d975d05,24.036355146968976,19.58843169063118,8.887463114086797,6.767705927697848
AN19P:a88dc0f7e7411401,13.694668446944256,5.167042108939876,7.867580425519888,4.702943901727695
AN19P:a88ea93c05d296fc,24.0936099191368,13.08827606163856,7.948683528459461,5.303887514805861
AN19P:a8995a2e31a26e1c,14.746234413312411,4.497285295498987,7.387639553456521,4.831545560604765
AN19P:a8a0a4fb14727ed0,13.95436179831115,3.7090311115177976,7.460533561843932,5.252725016985519
AN19P:a8e615c4b4131dfe,12.992618541858858,5.20335942100286,8.513948915717137,8.563391167618912
AN19P:a8e9048a6d19d376,17.215537734934706,8.784792629150981,7.59870722799276,5.607119096729719
AN19P:a8ee3c99b92539f1,13.83936918417153,11.894463557924652,7.481869106518464,5.374279118011865
AN19P:a91702c95170d1b0,15.1574601717294,5.789704958530896,7.549846294572054,4.4850851780442165
AN19P:a91b20e5896d7291,19.478227389662862,15.306125205584465,8.929971029462463,6.519728356187938
AN19P:a920763d7f7e3a77,13.038200374870756,3.8489161313727296,8.390899587446452,4.631459107875435
AN19P:a935c63cc6ec4469,13.1775692544819,6.554366100322476,8.242174351169847,5.331957878601271
AN19P:a93bfee96c3fb4ea,18.03435568013765,12.474070903149794,8.623247560471956,6.387464450078235
AN19P:a93e71f350a1bf42,17.278294860509508,4.922247011624855,8.84307084261495,6.744544735067102
AN19P:a942bf9a18177b52,7.635855813984059,11.484195913293425,6.926981188809878,4.726146740103765
AN19P:a94b04ee0d0026b8,25.69520661716432,8.241126913189696,7.352520439043976,4.083355543951353
AN19P:a94bfe92c5817ed3,23.34530678079673,7.803638278333519,9.055785389637869,7.081288190836268
AN19P:a95d3fba3cd58e02,6.66079643973349,1.8437579307132896,7.38840622292212,4.204939053353112
AN19P:a967f6114c68bce7,12.923732141746484,6.298742224144235,7.760669737760834,5.077501225548836
AN19P:a97168c136e3f747,11.797600548940434,5.409800166205381,8.378283578125254,6.221149126778517
AN19P:a97c390d4ff1b988,10.529454445794489,13.539585244328576,7.810796013079973,4.492168075244639
AN19P:a9802f65a57bcdd3,14.060913223013888,2.8565181133692628,8.143359932304124,4.210971399960884
AN19P:a98652201b1328ae,26.05790410153465,9.234470728496234,8.978452107692993,7.472894469878056
AN19P:a998e2c8dd124271,14.788988953549916,4.646634429221985,8.03700490405204,5.2870375670410885
AN19P:a99e8a73ceb311ba,19.020674344547675,6.297646645331974,8.907325463074097,5.530603756711141
AN19P:a9a21589ef37991c,17.993072768573406,8.964576786121896,8.127436784057343,5.543607028983998
AN19P:a9a378697c998546,17.62866322497705,5.804685886239906,7.712323352312184,4.84200462640571
AN19P:a9a5cba093c0bf86,16.155063407109395,7.431256645417112,7.707345346626568,6.585571004106613
AN19P:a9a795bbeec05bf2,19.199526344835267,14.501214496678973,6.9113232997408405,3.987880120696669
AN19P:a9a9aa7ac0104899,7.013661862051328,2.672989659721859,6.099422228038188,3.731903417481677
AN19P:a9acf22924bf3cc9,11.344211738256252,13.489898445155736,8.027355945227397,5.299410450084694
AN19P:a9be6fd9f67e857d,13.143533556485956,10.721590118408416,7.265543238207819,4.1843609446297885
AN19P:a9ebc5bd2131f093,12.58030332910465,6.632025839329358,9.09188596495642,5.857389567728312
AN19P:aa001234ca172881,8.853975006180598,9.24479216565654,6.691079742996317,4.987436274058075
AN19P:aa209ede726ff388,26.67399964060433,25.26477944003053,9.637815350277425,7.251457453532956
AN19P:aa396ed85efc95c1,12.177656900236745,10.712277021037306,8.462920147049418,4.908151596383357
AN19P:aa5fc9760a3304a2,9.792654507104189,2.1949996649130106,6.793227249759506,3.897700459652614
AN19P:aa63db256afb27e3,17.08920118845176,26.107283036871827,8.980181644221732,5.888133326810212
AN19P:aa7654d267c6a3f4,18.977866334166947,5.955331159239153,9.088477067212608,5.9572450523022615
AN19P:aa80ce16a5315e8e,7.211119496513201,3.797029292077284,6.715604624831246,4.6825608048965925
AN19P:aa89e4b6711e172e,14.81850713830381,14.0214092103057,6.936090995514167,5.198585556896168
AN19P:aa903aa9d8814e7a,13.657485327598078,5.64830345287503,7.700731253000823,5.359546060305048
AN19P:aa909c279cb73a1a,9.981626946454464,5.129938902112157,7.196043676736948,4.1640518449529775
AN19P:aa98789bf84d5d61,22.16833760525574,14.601608447585395,7.2730296598344975,4.722903768934748
AN19P:aabff34e2f9e6f44,7.243278745734258,2.175225196376411,7.404860650848232,4.583293641042508
AN19P:aac7a510719e163e,23.6922996727899,16.063380587785787,9.364126075219977,5.101361758220407
AN19P:aaca89e1382478c8,13.931134571008052,9.363056517231918,8.799500219664111,6.813355698602686
AN19P:aad1ff7952d2d8e8,22.854788121219578,16.22431069593665,8.99750517341236,8.631494392643216
AN19P:aadfb6e57ccdf7c4,13.690173979593077,12.751117320774936,8.104504455094947,5.281039666275483
AN19P:aae237eab0658469,24.961520975502225,10.043640186679909,6.4892036627370615,4.344921639078616
AN19P:aaeac64b4f24d28d,8.342815122939598,3.828767386242085,7.607345001961038,4.872354706494293
AN19P:aaef5279de1a1ed0,18.44125088421849,9.03210708589824,7.043841229509985,5.114611873771222
AN19P:aafb0341d532df8f,17.381834580589587,3.8489515648030426,7.084099963398543,5.426306159818347
AN19P:aafd72a39513d925,14.125224006113006,2.999339029428573,5.993184553939504,4.118947159905544
AN19P:ab00ce63f9904b80,18.356200161398625,8.20055308140697,9.079462148376262,9.632207533319727
AN19P:ab02258e54b237c9,17.97284932998523,13.258975478920654,6.612823571839344,4.787636304535715
AN19P:ab0e46885bab37da,9.62027563187089,8.961067252564611,7.276628188472123,5.477074034022614
AN19P:ab1aa3c2e4d7bad3,9.50553232234873,32.55710793599078,7.382126264205456,5.444232030760169
AN19P:ab1e02e6a70d86ab,13.092312532003833,9.992288073971483,6.291577798786025,3.5056397909662973
AN19P:ab3b4f0ae0e82c7f,22.732657517698065,23.720453505742,9.074392424490776,7.686692708412205
AN19P:ab409bba964f7fb6,9.008130604808056,7.888981193665533,7.272867615073827,4.204710276684514
AN19P:ab434cb6dfb45217,25.307627148081835,5.942750744538818,8.625862562437627,4.87618129499037
AN19P:ab45f674cceabac1,8.820039581887887,6.579132298369836,6.242817359858977,4.065079845449409
AN19P:ab50d57da70ba5ab,20.33252667998724,7.349247869066009,8.806881747794083,5.505739462534598
AN19P:ab5d358fa4770bfa,12.34355638027796,3.646366014179773,7.842606275997525,4.95764467869553
AN19P:ab60f09b2dd24d25,20.86807789578961,11.21415222784463,6.837963570659613,3.821550824587759
AN19P:ab638e1cf62b91b8,19.63697308764761,2.800830446232609,8.43922071994598,5.959707964948589
AN19P:ab673b722bf2e680,20.70223705867451,18.302578507446743,9.649314906297402,10.80192562520214
AN19P:ab6db77c02030453,33.924362340485345,19.21569009205722,7.568988599625832,6.470298575397244
AN19P:ab768634792557ef,20.72638923199865,23.38602338079837,9.045623066396656,8.618492616616392
AN19P:ab7ed422515c157b,18.815747966160767,9.670663736496804,6.956719164343942,4.380417462293811
AN19P:ab92fb12a71cb41f,23.492968821651395,13.97273766834645,7.669481238167345,6.289165430654815
AN19P:ab9ebe501bc7e5f5,16.332907876963887,7.990300785642692,6.700859223427228,4.253448475365753
AN19P:abaaa0c145afde9c,20.73506227600739,11.523546145909137,8.907850744692663,6.434487747798619
AN19P:abda1f47fda5d1f8,11.463629038753146,6.347524822743965,8.570185696776145,5.206579699014906
AN19P:abe734869ca1f979,12.550104831921931,6.395446747999505,6.899587903179654,4.892012428463085
AN19P:abeb2c2abe020122,23.929082237667966,7.978243524925949,7.050036810122302,5.438217440465045
AN19P:abeb59efe70ad73f,12.512188245709211,1.3953839708070266,7.331950054765175,5.08800854263164
AN19P:abf69f3c2060ed95,18.889969228673927,20.520909889894277,7.474273792703478,3.9715834601842728
AN19P:ac1327fa08eaf275,22.547561709826823,11.948556417622166,10.882416026553074,10.17045183225174
AN19P:ac40bbf92862f96c,30.89568030243671,8.712943007880051,8.584122058040915,8.449071229864765
AN19P:ac5521143ff8e5c1,18.732105563347037,11.448925040846468,9.208184522120238,5.124090186667258
AN19P:ac86061c1051c6f3,12.559738254517155,9.703276101178975,6.811915750546658,4.393914416836405
AN19P:ac8e8ceafd7b99c9,22.48223767956389,11.4790144814506,8.765198682055852,7.0593936130925945
AN19P:ac8f4c099e685de0,34.178689640384334,12.60915540830412,9.302337996084786,6.696816048518417
AN19P:ac92b27053fa0524,15.444230873393092,9.84699318621857,7.413796799741477,4.919892261875813
AN19P:ac932b1f16325514,18.963242140836147,2.164033615328376,7.096169570761538,4.2887078850766205
AN19P:acad1adc15731cb2,9.996490247472172,3.4629118241706243,7.361314702233751,5.457998104183279
AN19P:acadecde07d6eb83,13.358008204524506,10.635009478200113,8.259917949009925,5.213932156515869
AN19P:acb54636a7e2e15b,19.988245175896147,21.03386285917336,7.129266235222347,6.955895312269888
AN19P:acc93520201c05b2,12.433931664571672,10.883475789094224,7.14347384580353,4.918223621395422
AN19P:accba1bdc917bda2,19.67404789163101,8.88272067489404,8.184075308444921,6.24246511862895
AN19P:acd3bbee0bfa6d3e,24.132042975688883,15.417490573387155,7.008848847718328,4.97106941307245
AN19P:acdae154ca662702,16.910084994467372,10.593187336507162,7.831816791718938,5.594545591342437
AN19P:acdb522cedf898c1,17.74591593674199,9.33227330276602,7.252373258861284,4.814384727356162
AN19P:ace0d589e098db8f,8.649019758908386,2.497538586688998,7.085320855971637,3.717045120307294
AN19P:acf15df37e40f513,15.044867940423469,17.777054065120932,8.012211482865613,6.815903778738374
AN19P:acf91a98cada9da9,22.13041429783885,9.78936844106206,8.959586607917453,6.405162758620552
AN19P:ad1955f74766c28e,24.10514463733704,5.783282912071338,7.369688846404867,5.670075393174582
AN19P:ad2aa70231b94bf4,10.730752754698328,17.700358577961453,7.03283687048494,4.4036882418195225
AN19P:ad2e1dfc3b641e30,13.733573595704623,10.385508450973578,8.051317175084101,5.052063246689153
AN19P:ad35c3f5b08f3fa7,9.53230723276963,5.428022773673634,9.326312349712456,5.481423101925255
AN19P:ad3673b1bb2463fd,10.902713730794847,5.8090781872257145,7.81681153847449,5.655343883532329
AN19P:ad43b233532bcd8d,20.61359563756235,12.494510200662225,9.298290941318609,5.446221923658405
AN19P:ad43e80f646b7c12,8.420787311966217,3.4454120708930493,6.728164337173172,3.98596810524901
AN19P:ad7089e67fad3dfc,18.89343006154258,11.046222317792118,8.410212001630493,5.440761577529888
AN19P:ad8ac5c361e48200,9.634542635456803,6.525057093042311,6.18846901006328,3.666327900222437
AN19P:ad94318cbce0b0c5,13.241589419249774,7.118745522237787,7.823156653001968,4.419697971146211
AN19P:ad9fc75f33972a37,17.56558330315086,11.90102345843193,7.875541446445847,5.938704179808281
AN19P:adad24325f0422db,7.77917394816911,8.259773180834015,7.87035005648357,5.255828453587259
AN19P:adad50eb541bca5c,11.80506556787927,2.283511856976421,6.122873577439334,4.197029896319304
AN19P:adb9bec3ead5cfb5,32.84662503178716,11.60352994212538,8.185831360220373,5.398074483740391
AN19P:addf00d330c43660,18.73478864646719,18.90141609855205,7.698281852455698,5.300762865661003
AN19P:adf2d1d4b5585a79,24.310646243502752,21.309734496792696,8.507731099605275,5.7379452879628365
AN19P:adf4470bdc8ca8b8,30.12725459693493,11.266307704394842,7.457160874118124,5.062117561563381
AN19P:ae09c5cf82174ebc,16.179727591569314,17.869544365650608,7.6868149696229935,4.475352216746245
AN19P:ae133fcc2173f757,17.72456681905821,2.394613816795502,8.187064339635027,4.926679261122009
AN19P:ae2d5ea352345b5e,17.317576429561466,6.844484487245837,7.412256522413747,5.8526869203046425
AN19P:ae325abd093fa4f9,13.549203981884212,10.378673921682504,6.838461170533425,3.748359602154025
AN19P:ae3e33cfce43423d,14.995927277056172,13.339699276849272,7.374215595169614,6.580832352719542
AN19P:ae4ad7bd9d2856f9,15.676568044619836,4.771070363850099,7.141008110962495,5.127742470268238
AN19P:ae5b2c9c7d687234,16.583320311472914,5.243028708768266,6.509482692324883,5.132627031788253
AN19P:ae5e0fc8d2bffc98,13.014736504890502,8.2342693744602,6.242730174821315,4.523881740623215
AN19P:ae6b62d3b01e0b3f,25.18698927117919,8.01476040803476,7.093157188528103,4.920937263391062
AN19P:ae6d9131cbe1af03,23.855535629618974,17.98442229372711,8.583834709760302,5.868542726550634
AN19P:ae7f62f8e0d8ac08,29.4408401729386,14.602762891021928,8.570296481038806,5.060167037320642
AN19P:ae91cbc81130f670,16.591912980155215,4.642065635698661,8.335679069050922,6.456005731188131
AN19P:ae995bcf7f4b27cf,26.61697681308572,18.57361207268761,7.795885009733897,6.296389459147807
AN19P:aea24de66688bcfb,24.196847234680437,25.955512460182003,8.91720938086463,7.442938873476053
AN19P:aeb4dc673164e64c,24.61640151080032,17.176683335129336,8.764833150899012,9.119935248076516
AN19P:aeb87739c971fa47,16.011732337485903,8.998446320813775,7.6719634050602945,4.696408950141611
AN19P:aed0928b6e6b27e0,22.174993458009805,10.243696169469116,8.83012525962004,7.473426644896834
AN19P:aee9011aac8c6115,11.2512923922258,13.037024129656212,7.380099041625398,5.060246245622732
AN19P:aef8892b9d36689f,11.122954512059753,4.528179546921189,8.077960812183155,6.111339573726604
AN19P:af0711a70e0bf10f,24.21113805563765,6.484709592255442,8.538300689955207,4.562228262927892
AN19P:af0b00c79c1754fd,11.106163065042685,4.519824717289862,6.142583132381261,3.901265918798429
AN19P:af1cc35ee409ee85,8.701303827690284,3.153117591281115,7.300489489399956,4.913131279332095
AN19P:af27c4fc88708fe5,9.795076453615655,9.566237031505263,7.651831489296049,4.669515539299592
AN19P:af3b40557447f2d1,27.991996363233223,22.52140920025758,8.71300124802699,6.127169902838875
AN19P:af3ce4fc07ecd702,7.721590964766307,5.071742371521891,7.014867110055515,4.80799709147806
AN19P:af488e23fda4c8cf,7.454139753361595,7.004724609036993,6.922789552257188,4.429689998572382
AN19P:af4a820a206a648b,7.86989322596994,4.594551077432133,6.993659818824336,3.785337692828517
AN19P:af6011b252904e89,25.91077429209209,15.783959135297811,9.151577423790773,6.990813791841751
AN19P:af61282d16000528,18.72483880796035,9.63585347664366,8.560186234562298,5.585922514144733
AN19P:af6e503edf1c042e,20.22578584957899,11.719259516106902,8.418722338472543,6.07931399225492
AN19P:af7b7148c30a7031,17.965946312099547,5.43791008693718,9.527182982663144,6.857551096953775
AN19P:af7e11ce6b930df5,16.584396264298604,18.59967654014276,7.448924257295508,5.486254101603207
AN19P:af7e449c28c3659f,27.301163005438635,9.956030626415094,7.651845987219832,5.64742472864523
AN19P:af823706218c7b1c,19.70464208946507,14.491782317366132,8.133294181671559,5.310133303843274
AN19P:af8bd51fb7e156f7,12.978269535872496,3.526301951852318,8.255546766232943,7.785513776719066
AN19P:af9f42109578c22a,15.66556691969086,10.879831828109246,7.902397115539308,6.080207583678824
AN19P:afaf5bcc38c1ee6e,9.719883575511515,12.49502236357088,7.585821649034341,5.018998935730136
AN19P:afba534a9571314e,28.196546266575588,16.212208868023552,8.37322137951923,5.225449743248404
AN19P:afbb0bcf60b0c4d9,21.783211990722812,10.599345450342112,8.958353604155569,5.514648379394169
AN19P:afbbbb46ab730423,26.67133214168081,8.962675975504252,8.46207005832157,6.824899210973059
AN19P:afcd0a5b91588f2e,18.74733099705492,7.42578048086529,7.655355455150985,5.791464669735771
AN19P:afedf677e9d0ca2b,33.89359758725496,16.504161500029184,7.024559551531549,5.210511747193793
AN19P:aff9462483e982e5,13.252909328791429,3.000774301283716,6.667153613580484,5.051396737428325
AN19P:b00306a3b5d4e617,11.986197898059205,4.9754340919029625,5.196010548488084,3.3744966392355606
AN19P:b02e2d88ba7973b2,22.681607095137,5.435101756713866,6.362287268532191,4.995427734582702
AN19P:b02f0ad2e8da6899,19.01262011844511,26.16965498774701,7.150564222564801,5.620380960097027
AN19P:b0654cb8418e629d,12.295572266812442,6.605688427041351,7.326304553772329,5.556194668520501
AN19P:b06bec7008e9a1af,4.345638910539845,4.853274635469724,8.755194313492032,5.214811335770834
AN19P:b079cd4695ebd6a9,18.499233827420923,17.25375891105218,7.5997125882753185,4.678903733104461
AN19P:b08295862c5b879d,15.694868731950104,11.007319863802712,7.729134633873949,4.455532223039988
AN19P:b0999366bbba74bc,15.119143915743516,13.13413352606818,5.738333828846016,3.75661773561039
AN19P:b09bd4dc5a6358a9,19.24289143957473,14.38860510002308,6.706605055810062,6.210010364260792
AN19P:b0ab8c1b27c2280a,16.429878266337806,5.188784466953496,8.112571155529542,6.0636122158210135
AN19P:b0ace01d5423b99a,23.179588772697198,8.974887884728268,7.521357986704029,4.032336950921781
AN19P:b0bc1ccb7b1106b3,18.137613051618025,13.434626239476543,8.14354986308586,5.042497673042303
AN19P:b0bfeb9eff428b4d,13.722355699871729,5.713517964126919,7.822752716881661,5.335459215408751
AN19P:b0d5b3696f1c5206,18.45166111680169,12.992305183102596,8.842804418727901,5.587230776164196
AN19P:b0df800f97ffb3a8,3.728907329662121,5.513749895567222,6.704748636780291,3.7496006058483577
AN19P:b0e2bb6fd0d23994,17.707349180187325,2.7004098421749085,8.054784974980466,5.982531210450064
AN19P:b0e3d024e700fe4e,14.162748934866778,14.136910354509938,7.511922135894969,4.621917472751109
AN19P:b0ecef4cfcf8217e,15.269165483020403,6.168715498642909,7.550241918663183,5.77867294652818
AN19P:b0f5f38e433d06f9,29.99042543876805,21.313908545750863,8.511261670103382,5.5809667275324575
AN19P:b0f938b2356ff9f1,19.52245262637529,6.012660179164908,6.882146081117691,4.904178010067556
AN19P:b0fc13edaffa7d1d,23.671049429983867,14.05966205201221,8.004597314835845,5.940180349357362
AN19P:b108fee73243937f,27.9887143161336,17.453239710683683,8.402518333328022,6.9928109312381
AN19P:b13f837199864737,9.75306681057101,4.622182805137074,6.981906610605103,3.7155632975094095
AN19P:b14878d78a2d943d,11.61463400174312,6.657300359504541,7.819443717956868,5.658386120730556
AN19P:b14eadb361e89822,19.446044908035915,13.913009681283857,7.702673912385869,5.907458501281139
AN19P:b14f229b496f17ba,15.678502447542298,6.137080775214215,7.610650259452131,4.282948691445019
AN19P:b172ef173e9abc05,9.27134302415013,5.083133712913159,7.208365377501458,4.354048453607366
AN19P:b1739c269db1380c,10.553368784534593,4.215949101513041,7.935277340573282,5.903199342619398
AN19P:b179392063396d84,8.466037986599705,5.309018564731284,6.380689942500671,4.006083087746499
AN19P:b18193c736df6e3a,20.648034550735087,4.729861723080089,7.144547522852649,5.040851060520977
AN19P:b1897efc1e65cbcc,11.952840150281329,3.0501345665105584,7.351744665209588,6.023828301755733
AN19P:b18d4f038fa82d9d,9.956016079722149,2.944321938199568,8.292448111172979,6.182990615535168
AN19P:b18fb856a16d0b36,25.617704627689736,10.197853805000836,7.023787767823671,5.087693474644869
AN19P:b1926e4b7fe9ea66,31.749372716001314,26.62544078520757,9.283233495615024,5.882966200094622
AN19P:b196520577e5a807,7.890584893121664,2.234284065119961,7.500182708791782,5.335540063704347
AN19P:b1ae417916c77b5a,29.71518048979837,12.944704241978142,10.22040275765988,6.329092215414601
AN19P:b1cdc199133bc47c,19.38150847716174,8.946052288789524,7.384554473479469,5.746970997895899
AN19P:b1d1c698681f88a5,32.078395230496895,21.36476263953144,9.197510412943055,8.022435809966344
AN19P:b1ebed946907960f,15.813384129806426,12.10044342850534,9.136959401497563,6.031046422324272
AN19P:b1fa72c26983021c,17.644752565874935,11.71688017420491,8.02328999917809,7.50843186048152
AN19P:b201f19201afc1a8,21.867745103573927,24.67727662799268,7.5248400357851715,6.902153283640778
AN19P:b20c589a55fa47bb,15.219176199611193,3.7871769228838112,6.8894654095802,4.536919968646237
AN19P:b2202d2d96aac85b,20.49192408184205,3.6630146486999138,8.176368284448895,4.853867427739096
AN19P:b2207bff916feb0c,24.85482335139926,10.420274934348438,6.471142031206364,4.866404340172917
AN19P:b23829c73b820b38,17.52115019046337,5.621864028339442,8.387212907516563,4.5006719261754
AN19P:b2401756b8365129,18.269640801736237,12.338655021807032,6.5826192475885135,4.136970131461426
AN19P:b247b55c65f5f12f,41.976404759655125,42.60453584159786,9.469010136845665,7.166750807202083
AN19P:b25ba42450cb53ea,9.324456872640004,7.254709623523191,7.502142484136519,8.169730056352094
AN19P:b2665dd356c18026,9.661564839001056,9.862747629328672,8.20537669675923,5.404391179356109
AN19P:b27465e039c79e40,17.760418731585432,18.99552752131681,8.269689341626325,4.8537676203984885
AN19P:b28549e6ca356ac2,17.322303243793115,7.360692378870156,7.534969752818591,6.951322579012723
AN19P:b28785a8e8141a8c,14.596955315361,12.704263089655688,8.43046517365512,6.615556495093527
AN19P:b2894cbdc9779001,12.640560704059633,5.5783654142586405,7.256884434394467,5.134480976996659
AN19P:b28f481acb64ff01,23.68040591420601,16.135907878135768,8.63583308758152,4.2021713932026525
AN19P:b29ccae9907188c9,20.77556408901596,4.914432622032604,7.454813532382317,5.415880910376988
AN19P:b2a6790b02d8871f,14.542147133810538,6.579336492983938,7.118179835142358,5.2391884982399
AN19P:b2ad3b544f402b05,21.51361981018056,7.65377262093539,6.680727942441866,5.1241263712193215
AN19P:b2ada1bd07078c00,13.004091155549611,10.03970712509136,8.793867450296784,4.831100328609127
AN19P:b2c31b8877ac5f6c,8.700461724258592,6.536346823934239,6.126399502062087,3.992361095002812
AN19P:b2c3648dc36be461,10.579754151093216,6.265210625982375,6.319279498036188,4.267404595395866
AN19P:b2c5373e945fb647,9.4427057270998,2.4404346355300093,7.665315426461255,6.226471332082578
AN19P:b2cffa4b90e6f9dd,25.17139828050952,7.47860848206415,8.05200812985757,7.239022126955485
AN19P:b2daf28f6c50f8af,15.444348922529256,2.722952714834121,6.485713882533241,4.998962164042703
AN19P:b303a6a4b7fb2e0b,25.36030254191532,17.26360732662684,9.033762822806798,4.578896757877751
AN19P:b305283fe0e3ec6f,8.819057313623608,4.324725725167944,8.170437836029555,4.892385582176195
AN19P:b320e842eede426d,15.257662578779286,10.399281190730289,7.8506516489169424,4.198243022278332
AN19P:b32a2638774771b5,15.68541810989489,8.213656830021312,6.570690297870561,3.7131268192366407
AN19P:b32e0611aeba40e6,17.215537734934706,8.784792629150981,7.59870722799276,5.607119096729719
AN19P:b32ea109b25c5ae9,7.225506799223441,2.302221550372549,7.209700112219377,4.460432985848254
AN19P:b33068bf9e94c3d3,33.86159895316947,22.402416761268714,9.190671901408832,6.966463234808458
AN19P:b339e42b686f18e2,30.925228854203297,26.124728175129345,8.559420290275936,5.227356387586148
AN19P:b33a5e6385692cec,9.962131032847264,3.653437736225596,6.744050978731141,4.821381672684765
AN19P:b3408b8250545196,20.422354978939243,3.889445443790892,7.75027949860506,4.964444600979309
AN19P:b343615851865544,20.924897716107377,9.184688910109749,8.735989629346225,6.519995739257482
AN19P:b356be19bc4ae602,17.012054950931187,15.597624444948051,7.406402503259978,5.2766631663049015
AN19P:b37179322ef95bc2,23.18352365394109,19.58242873900573,8.430835125301506,6.4253428156466015
AN19P:b3744a7789847d2a,13.574753170440534,9.117823366774743,8.679896091298,6.632180808215992
AN19P:b3a7ba76876dc7fb,17.525718129219005,7.166786591523522,7.304255306987499,5.346100524158193
AN19P:b3a9847a66e9193a,40.015270708693606,39.77645506000572,8.042946351444261,6.01251047490783
AN19P:b3bb66aae021c145,27.511681931572475,16.693315103400188,7.811750401283786,6.689793819529818
AN19P:b3c2f3fb2d3d2199,8.676467979154602,7.16549162406147,6.850712617795371,3.544517070711943
AN19P:b3cc9adb33729089,6.7905651210882585,1.7834018929382556,7.437062129632937,5.042206942545792
AN19P:b401cf680a4b2730,27.33312301592589,16.726578868984127,9.239260429269647,7.182258784949822
AN19P:b41fdf9fe1106f98,16.597736298993002,8.523710772698163,7.037268551244568,4.502726131012532
AN19P:b42669cf6e8babd0,16.90800499427595,10.030058907529176,7.45933721156592,4.231135434627116
AN19P:b42b64f58e74e5b8,4.10717360082031,4.392125669455679,7.244111655039347,4.511198420678897
AN19P:b42f79254ac3b8fd,16.013516689716237,18.288316776521743,7.7929665698295505,7.286345229826988
AN19P:b448ec314b28cbc8,10.750984429973524,8.326999169214078,9.310572682704343,5.592919995532754
AN19P:b44efd8ceec62174,29.66909902536,16.8058400690853,8.852528905096632,6.150937305975545
AN19P:b47704d6a85a4496,8.897540639125767,3.289285454572922,8.250620777283523,4.934550667495817
AN19P:b47fe99469aef172,22.697676165520107,12.933263982226162,9.372793091018687,5.731829786617476
AN19P:b48e411f05c00157,15.833472024782182,7.592128463907399,9.048705736893144,5.868707876431823
AN19P:b4a2ae298113daee,7.8130103481139965,6.994894431785329,8.10655789575035,5.274360521380053
AN19P:b4e19f3c987a2915,22.69470508296856,31.80775307026783,8.488614341663698,6.856373279247628
AN19P:b4e821e6d9c00119,16.350577419616947,12.95293469558242,8.287472350820122,4.731454569790023
AN19P:b4ed7bcda6d4bd97,14.928669928926611,18.585045217194143,8.043819201313315,6.253489405595732
AN19P:b4f44995cbe6a98a,16.448827178595856,12.88958592498527,8.937386452452031,5.815948051438072
AN19P:b4f912217a276492,14.563583904622588,13.884700516396585,8.54737344364342,6.311778283988837
AN19P:b4fc5666fb2fdbee,27.545501540981725,16.897559260839756,8.023234396395875,4.978854942691952
AN19P:b5487a9d4474416c,9.120718152251868,3.017158478517011,7.443098162827211,4.931159802393823
AN19P:b5569fe35907da2c,12.854811508018736,4.166351056809407,6.718101672651248,6.0717547869831545
AN19P:b5717e242d1da3b7,16.030871363182598,3.9845706536035146,9.977720172955824,6.346089935866873
AN19P:b57d6fb19743c849,19.81998722060516,11.00570428347368,7.471651666022458,5.008808346665432
AN19P:b5813df59ea5ed3c,27.8353144630906,14.39049573661458,7.516266851471286,5.965540375568324
AN19P:b5867f2e63dd429c,13.595951590918013,6.067784444735648,7.908923743635211,5.929794784399469
AN19P:b5a9e8c98c7fc868,11.752653828351391,5.502351433722825,8.852802089761335,5.015287706645932
AN19P:b5aaf8f95b48fa2e,17.6865473697826,7.328502089870393,6.855237983904045,4.653855649157325
AN19P:b5b373ca76027753,21.99012146153949,14.690226163441007,8.844802877654796,5.158757745235545
AN19P:b5cb72dce3d57443,14.897029356763046,5.554017622371785,7.608852568588487,4.830009264607385
AN19P:b5d7f25b1913f62b,9.148302562868455,3.58142764300318,7.460444344050275,5.045169997866846
AN19P:b5e157e9b60ec8a7,28.91024030414956,8.50535960243357,8.269324406186927,8.50121417269534
AN19P:b5e15e12c395657e,31.01610689291975,8.82334313035695,10.02943787420855,7.473067644074519
AN19P:b5e8797fb7acc931,26.57038366591296,25.1419716353049,8.539734928461929,5.896926080235092
AN19P:b5e99541bbe36a47,20.031669428214656,19.309936780746185,8.700004813654093,5.605417527049125
AN19P:b5f081c31ce66a29,17.659593153589295,4.517841133218014,8.19029040998809,5.726313262130832
AN19P:b5f146d92f27820f,11.969348149385349,9.527012330838495,7.723053791682535,5.702506719758385
AN19P:b5f4cf7966f4540f,35.37606764561653,16.26354771984483,8.615803885724576,8.734348556167152
AN19P:b60ed8f02e2966da,18.824746631469107,13.433081962306094,9.100861332372572,4.707861336707465
AN19P:b60fa36e433d1980,20.459957293735503,7.35203352960876,8.233566884383192,5.432802001017211
AN19P:b6201e7d1fded872,6.362185600078154,2.708554820877801,6.7623376634056775,3.862119358131912
AN19P:b62910de7c6a8d0f,23.136071888429797,12.887119050644744,8.298388460984292,6.931720302190883
AN19P:b6370f68dc21df77,21.329853795786622,6.901017411523593,8.666281110559833,6.39365214405638
AN19P:b64d39654d139f95,17.15522520098213,5.951246474623318,6.893900892109958,3.584669671440704
AN19P:b64f73b8f70f8f44,23.23683810399753,8.792919913093911,8.479427690507721,5.279576143419677
AN19P:b671cb2d2d8a945f,22.102823002924858,24.130791196706003,8.74250843395706,5.097881624466337
AN19P:b6825e507e6059d3,24.49964873970392,9.529397128928409,8.910308633986341,6.443983686313679
AN19P:b684b0ad711ef0cc,23.18570684237919,10.012033383843171,7.981694609207264,6.785450703778277
AN19P:b6984dd48afac0e9,19.08115117600349,18.218965074635182,8.275950032307216,6.709115631356881
AN19P:b6ab0fe1ed4752e3,22.175532670145447,7.859042130077695,8.374989164445768,8.085313720700862
AN19P:b6b2cba5fc5dc65d,10.092269754158169,4.775389643731479,7.202419123102367,5.02843712262096
AN19P:b6bf18e65968d3f3,8.673561067949267,4.944274027975243,7.972397970361381,4.8482361888221055
AN19P:b6d17166ca3df614,25.708210173703957,3.762421103289989,9.581041812725775,5.87317600805699
AN19P:b6da385ee2135bc0,44.42261429151797,41.42622747346632,8.302152575356278,8.020235854043717
AN19P:b6e019d0250a963a,25.201501993779807,10.544345716174282,7.767123499894216,4.240291586965365
AN19P:b6e62434bf4df932,19.607638930309925,5.234459185474812,7.195985143511749,4.84228329766433
AN19P:b6f1254fdc9a4cbc,17.32525143219413,6.142756622620495,7.361150532235507,3.9845779159322734
AN19P:b6f77da4da5bbac0,11.121781961997511,3.242388793893035,7.579898371001886,3.97506063854213
AN19P:b6ff37b109c46f4d,7.381615136440641,2.5827059982510305,5.405145672695119,3.915740867714181
AN19P:b7022b7baf3f4bb3,9.027988994397116,4.053545466863809,7.442444037834266,5.820104949545889
AN19P:b70a1e5a0b88be83,9.932438320158546,3.396753993572748,8.47050177819182,3.7220932103006414
AN19P:b70d0938d641688e,29.28972986281025,10.203427148847965,8.815680749505681,7.033205612684826
AN19P:b70d1a8a9cec7cfb,11.02063729277334,9.083257253862875,7.250804192936251,4.569093225848135
AN19P:b714b536701ceecd,17.96276460938462,9.70044378024257,8.40273141965973,6.88916298724152
AN19P:b71f86230cfa72ec,14.557855551154612,7.854151128354912,8.484051537764367,5.704849826704108
AN19P:b7251891e31aef6c,16.150003824815208,14.540399340596291,7.878784302844298,5.104965775793411
AN19P:b727af77c4a0be35,7.000597057289772,13.514415661688144,7.007730479173856,4.971716627306892
AN19P:b730da8fe7f25dc1,24.88163789218028,6.886083990634216,7.819036201456477,5.563204779997797
AN19P:b73a6d32549d161c,19.207427502715703,12.701688226239185,8.845414571728536,5.588145991689406
AN19P:b740250c2a53ac7d,9.548173364018908,3.902605356074482,6.778593325552034,3.780125595247549
AN19P:b746658df0bc5632,20.169275700957584,12.405741921836084,8.634974119296638,6.964836660605456
AN19P:b758217354638c8b,14.687927306761962,7.662391587453392,8.312176533137015,6.616996558621611
AN19P:b75d486eaaecdf44,10.577432857421313,11.54590972157058,7.11876148031034,4.601082385038999
AN19P:b77973e26516acf7,19.48188504257971,12.542277858286656,7.226015553841419,4.0595977695312495
AN19P:b77f644a75e2c475,11.3894633534043,10.275007121094596,7.445172734855381,4.822286370833663
AN19P:b78f39a476d51a9f,15.017538160382388,10.37714882752007,8.173585500972912,7.02351248772101
AN19P:b7af04165cc7b3f5,10.665801115629106,2.360093483360648,6.192135686657865,4.145555123134394
AN19P:b7b8a199927d465d,26.03458543516789,8.018874886289945,7.421716576482626,5.2595353092137485
AN19P:b7b9f48f31a8ca22,17.85116886273037,11.027156173845649,9.141756698419176,8.407326569155996
AN19P:b7bed118f60fee28,8.959832563148977,2.007196488955697,8.465703567556291,5.93452828776414
AN19P:b7c086b603c3b534,18.037097219838348,3.990159511492328,7.186517494277088,4.068236184434226
AN19P:b7c1d1939c2290ac,23.36755511719399,10.647487262052357,10.407861872178612,8.58726773611874
AN19P:b7cef8567d0cf59d,14.230189821060268,6.174378968381025,6.373871475822669,5.628294755235532
AN19P:b7d5b31dd5f4539b,18.41722745365897,8.656283019884723,8.036887117323623,6.557605732858156
AN19P:b7d7f75cde6aa35f,13.88052258415715,5.940817260946592,6.424471559869056,4.5900979941054025
AN19P:b7dcbe135275b408,28.050889449577618,28.00771685468134,8.215523138444226,6.683410019667915
AN19P:b7e45ee6481a978c,16.27911640228228,2.0146298678861734,7.066257843495551,5.252523281099262
AN19P:b7f23320cfd1ed77,12.780471233324516,9.120054881141767,7.084825526019201,6.083924314844689
AN19P:b7f3dcfa99c0f334,20.501686295583205,22.366856106838377,9.759720866283809,8.35733948908924
AN19P:b7fdd4a99de7aa07,18.78983540164188,9.217742291210048,9.68926654678712,6.747872777995088
AN19P:b819e34ca20f4aff,13.291576081865946,7.983645358233796,6.82477674546099,4.5430891868328125
AN19P:b820e357a300be80,16.109463841514955,9.391225929313492,6.069578817507241,4.814668907550337
AN19P:b82ee903e96e230c,8.20251413343023,9.003663162554272,6.8454342490480045,4.408027653180785
AN19P:b83a2da3e0122425,3.994625248623268,1.4451443310014251,6.807528215639362,3.881586221794302
AN19P:b84ad02539e54902,26.312225227501077,10.264552078576916,8.197512712844542,4.585534792226194
AN19P:b84b6282c02ff8a9,30.449200354605384,11.469031768400296,8.624405360905675,5.753726800805224
AN19P:b8581bf975a28624,11.771147478122902,6.428588321607277,6.702212664823252,4.818639797306262
AN19P:b85c4d1d6c22fd25,5.3273040996555725,5.473167398974412,7.960217175741245,5.577729533035003
AN19P:b85cf8f102f4272d,19.2905746889793,16.310776125228376,8.160649322255525,6.717802114856089
AN19P:b8633ed0b407a8f5,16.03766455217005,8.138248854797851,7.94125672152475,6.132157459117987
AN19P:b87c641b8c7fe979,19.30503370425494,10.621966895516312,8.701017265691187,6.483352095282268
AN19P:b8883183f3883de2,15.721323069339103,9.027013234383205,7.387539065082681,3.9456184153815888
AN19P:b88a2f3c972c7964,14.021520576731016,8.690180287780063,7.715600836576137,5.42708319983285
AN19P:b89c5361290c7ae6,15.222563157619716,4.028345219984066,6.945833092823887,4.747351215197802
AN19P:b8a1127d440a8772,15.029654131301518,9.409456277680228,6.775730743836053,4.327949259085192
AN19P:b8b38e7797ea70bd,13.05628369782951,13.873670547687896,6.660365923388433,4.261705220001637
AN19P:b8bed63954bad7fd,16.49563777054713,6.051513114564147,7.51527597891697,6.013382515729997
AN19P:b8c03ef72e6894aa,19.746874408275616,3.75047864897879,7.042586063103526,4.52599475447899
AN19P:b8c3c793ebe4f5fa,32.95327255913801,21.493960404289748,10.397096752516592,7.950848530764169
AN19P:b8e6c12daec70e2f,16.10678315925076,6.137988091404853,7.6176068974432,4.961910666342516
AN19P:b8f8c1a1558bfcaa,20.14612949476325,8.107778091137058,7.95402218657375,4.228640439397204
AN19P:b8f9b5889e2248fb,12.19234564978258,6.738970360858209,7.562734050525735,6.545965432119836
AN19P:b8f9e367a92558c8,12.209614865227508,11.576449646046516,6.900455242979135,4.083477835167548
AN19P:b9043e2ab54ed4cc,20.4278213823172,5.873071095318679,6.368159530351567,4.1389572643825145
AN19P:b916663dc5041bc7,22.183936835282847,10.22863104415139,8.019652419006945,5.159864049183133
AN19P:b91ebe730e7248c3,11.03052252701232,4.755717571255173,7.849424538686516,5.434368213553933
AN19P:b92a8b2c95839c37,22.020362045473657,9.992414172479164,7.573556525562379,5.495881743712966
AN19P:b92bbcbb81dd787b,6.935295137681791,11.182245047648248,6.235209237435465,4.235479794365733
AN19P:b92d36717e53a10e,18.957674655712328,9.709545745356143,7.142833789968958,7.07779000350694
AN19P:b9536f30133f758f,22.744166557478422,24.659901647393493,7.861432050995942,8.457582408616652
AN19P:b9647f5dcd703d0e,16.771705661405356,7.871885793450228,7.918581183733458,4.533549100111654
AN19P:b97774812e350c1d,12.922305547100336,12.994645506350208,8.8370362788507,5.404564890784967
AN19P:b97d65013da26e23,23.82244858243006,8.83561695259221,7.737715982611325,5.3540153425562576
AN19P:b97df16250f54e1a,12.556434856660657,5.18101647394256,8.31192876428912,4.954557704415893
AN19P:b986af02e40bedc7,13.427320822255927,8.541510974698047,7.338979087022088,3.998424673909987
AN19P:b98e05c7dd934af9,27.48256625938773,20.902610664501417,8.841024870514131,6.79147751811669
AN19P:b9956ecab6b27ec5,16.16792350686961,14.571628286647744,8.283498997794808,3.317575531267074
AN19P:b9c713bbf52a122c,27.1100519240609,8.73069941787725,8.15172607049858,6.837308845847291
AN19P:b9ca8f674d4e641d,30.94774958200409,9.204558844055782,7.845456897577964,6.9679366724751
AN19P:b9d0cefdbe620566,21.87144857685212,18.81360440528865,8.237879353014076,5.025732662078999
AN19P:b9d74a091e59c559,23.74872260311941,12.561645521448648,7.8131226526048945,6.1399981108629085
AN19P:b9e79c106b1be218,14.690825593709116,5.173865014256184,7.425049408913613,4.7604590988500926
AN19P:b9ee9c77c8518a7c,13.420373110741512,8.057475131061159,8.579783939201121,6.08262636697049
AN19P:b9f883e5de3d5ba7,10.944905656856324,4.75358304802046,8.220623081215514,4.693434772905064
AN19P:ba06a7d942d012de,17.35038869586086,3.549631715207204,7.826602302822343,4.569812462506107
AN19P:ba2317e7d1afb4fb,9.12801957266536,4.2195628735644375,6.780983594794399,5.51224706920515
AN19P:ba599e12d0e09c3c,9.937163937241571,3.8701709346538,7.760935914080315,5.858427834821929
AN19P:ba5d844553d4a6a4,16.157473378281615,4.359626173226321,8.111982721780862,8.310392175303539
AN19P:ba5e71b0a2df4a34,19.709349148719383,32.849451286387946,7.717000622992514,5.172856433161609
AN19P:ba7d074ac1ad6675,12.926689270171885,2.700100650886249,6.645356096342408,3.5318543712518364
AN19P:ba7e543ca828fc30,35.01847550986303,20.388693670883487,11.222105751829316,7.723004230052106
AN19P:ba838381c23b047d,13.793454042685475,7.6908845464338675,6.986214561705993,4.7400924608331945
AN19P:ba90dacf6aa0a065,10.574935412179654,2.0570433828888115,7.384049604864555,6.015983016752129
AN19P:ba95524f5b6cdbbe,16.88124154281088,7.470865960453322,6.089336505652244,3.951892818392536
AN19P:bab9c9516b96aac7,34.69834463896228,26.0665293908889,9.937286071902248,5.824607711002754
AN19P:bad32e201d85fdbd,19.042510554975777,7.081646269526076,6.350541409027231,4.067280741757901
AN19P:bad782b195a10691,10.63241502173864,2.732917213048612,5.967945562260563,3.4413353324261875
AN19P:bad9cda30d06d462,17.985915821788733,5.424368506423134,7.758010750832095,7.087504277252216
AN19P:badc85725288d02d,22.760380894030572,9.960420821889052,8.426677605633662,4.439351943871604
AN19P:bae4baecc16efeb0,15.613852302296026,4.203208394579814,7.823804262925041,6.771176246529888
AN19P:baeb86866175b22f,12.732249631785626,2.6605965827030253,8.247536842854357,5.228052436191885
AN19P:bafa5061772576aa,10.869358789585936,6.532813161426312,7.885220518535306,4.697959466603463
AN19P:bb0368a114c56555,28.20504554270583,12.747736086059303,8.49471229104929,7.310186487815524
AN19P:bb1873ebc775f15e,20.3960084394734,16.979421389178317,6.812861876856098,4.507643924540028
AN19P:bb244265eedf1418,17.09230554227654,7.984173211171848,8.383711895931697,6.260010411897031
AN19P:bb43ccb42bdab215,16.744363114943795,2.851203429510612,7.112040304957387,3.999900315604576
AN19P:bb4c44a48d15581e,13.728232809202742,9.751741836770204,7.0428407930845305,4.729251077654656
AN19P:bb51fa718d4b4752,17.478819015585003,11.950183733130563,8.613666941502723,7.174683501426726
AN19P:bb5936635c83fd89,19.661865860299454,8.245019119001416,7.379777076273158,5.463109418751499
AN19P:bb5d04eb7ff22572,11.039262296949612,13.08871854398646,8.354230039767002,6.854363915021722
AN19P:bb5e23b05cbeed2c,11.83998258369598,5.564669796905143,8.536508731059447,6.815891811782804
AN19P:bb7fec423a8c299e,15.338211426967543,5.004599645527643,8.734051788088829,6.548572284875653
AN19P:bb86cf2a500a184f,8.275450195675694,6.879119077481316,7.789550206034281,5.087499859603931
AN19P:bb8c8d39e8c8425e,6.72723683960175,1.344691593006024,7.38329059309986,3.9577714365094447
AN19P:bb9978bd41dc0f1b,10.528646575266777,10.787548251106898,8.731263329353137,5.81877290691014
AN19P:bba26d8a606662fd,15.110140370463425,12.921349760240693,9.0972970121823,6.154040827746222
AN19P:bba9ab9d08985a3a,13.592816727747287,7.7474674687745635,7.1098139436002485,4.340330671112944
AN19P:bbc967362a2544a5,9.994629460683097,4.509294204834838,7.596909732463959,7.297442561428245
AN19P:bbced859054d963a,20.13648566428011,11.586069216673987,8.68721622504158,5.347132740382588
AN19P:bbe147484e04a5b6,8.570178486753536,2.184528306116108,7.688508566093518,5.753595551658062
AN19P:bbe4f238ce8be0bb,15.440140032620818,4.774643258038195,9.227311706205972,7.005761939696642
AN19P:bbf0196c4caf88b3,27.81749151670015,15.234310906644708,8.728976963003243,4.958865307966002
AN19P:bbf3151ca190d9c0,22.744166557478422,24.659901647393493,7.861432050995942,8.457582408616652
AN19P:bbf9d9eaeebf172d,11.489316432489826,6.304095633889953,8.458979605960147,6.12996725226018
AN19P:bc03ca5c77f28583,9.875773958018474,6.808880741500082,7.901541620125649,5.525007345403802
AN19P:bc06aaf85b6896c8,24.1841530626059,15.583437896390876,8.63601638584272,5.37617001297727
AN19P:bc11e57b4856341b,13.911642422705876,24.311593333740817,9.31046917877772,6.482420854609917
AN19P:bc124aeb3c313841,12.53501861375297,10.586498730458691,8.054532851510919,5.4344560905325885
AN19P:bc46dd9f507325c8,19.22579835725012,7.161122409160872,7.748005835048912,5.786240785474603
AN19P:bc4788949067afc1,12.584063332184714,2.433727920267699,6.155099169452398,5.099403066763413
AN19P:bc49b1ec26ecf5de,13.795690529998284,3.7552598418154233,7.27514477686204,6.631991686700744
AN19P:bc7101d568ac989f,36.591415458710365,24.075720044267467,9.480679386953728,8.505246698092662
AN19P:bc82da8dc69a1062,14.59723668991543,7.781887771218416,7.570245129439651,4.79767145221946
AN19P:bc84a46ea8f12eae,12.126725796508648,7.672511478763266,8.202706539344867,6.040003727325673
AN19P:bc888f49650e3842,28.13027412792254,27.481763968000585,8.595037322924744,7.697752065737073
AN19P:bc8a6905ae012a24,19.520611040714584,2.793726791601634,8.604693615099867,6.380214434289623
AN19P:bc97abc5b7d62745,8.364864774704198,6.901918155489478,7.099553208032584,5.365519301648385
AN19P:bca5d49e942eb621,22.341007188978875,2.716031039456301,8.774972171395872,5.2346912673122485
AN19P:bcc8edb22e50fcee,21.66905606481186,1.806882689700941,6.210222200429517,5.563278759623445
AN19P:bcdfe05ac0e378e3,17.165691624473624,14.256870693968803,6.481564994467408,5.071958818987017
AN19P:bd164899ff6a8a3d,11.179200374128918,1.3270879659789592,7.438589260466646,5.820498827626106
AN19P:bd219442b99223b0,11.82858731248637,8.851629959444121,7.146698622089849,4.755666416770824
AN19P:bd3dac603132a2e0,17.470450736306123,10.302811043479334,8.188313403686053,5.01973782999458
AN19P:bd4d4e336b308e99,18.059269547099667,5.372344395088748,5.793654178477508,3.85729416959692
AN19P:bd505edad493cd20,16.571578964350497,3.335154121335495,7.644200107055982,5.427146063122861
AN19P:bd5da30694a1a5bb,7.002586871320165,6.856303531945708,7.936784766267751,5.266002085767076
AN19P:bd5f4cb3bef8fa38,17.23130473647949,3.306003871573242,6.619366064669356,4.491765579313699
AN19P:bd68ecb3d58a81ba,12.656693053096095,4.492097844231231,7.859197601716886,5.59215127064012
AN19P:bd6bc81e3a878b84,23.048259606948783,14.152008617815603,6.615925480495823,4.303523411584629
AN19P:bd6fd66485a0e55e,22.066157530213754,9.77785566476614,9.1541282556201,4.934312080428753
AN19P:bd757e65e2c8677d,27.37413470581554,17.50496836118724,8.586060324978709,8.068051308936841
AN19P:bd7b9250022ffa0f,20.38722307273017,11.753575650198202,9.289863418567036,7.737087644195172
AN19P:bd826c0a2e562897,17.638660718719162,6.970396401806981,6.324224843775702,5.137295602620731
AN19P:bd838eb03f47299e,13.09326239294026,4.921155334778009,6.912066358803104,4.290128337075188
AN19P:bd8598feb1a00ecd,17.32495607781732,4.3164624897317365,5.953960678920631,4.026940954713003
AN19P:bd902d7a95ffa148,17.82591012697523,13.71507655769602,7.258540204850558,6.463090045043993
AN19P:bd904e491a1bf01f,12.2444770526012,4.427034626812964,7.328282759460317,4.232051360764454
AN19P:bda9dcb7b1403389,14.93034992392007,8.502319916558822,8.41748997931876,6.519609399871721
AN19P:bdc34afff8e3bcd5,13.639730173882253,7.532558162021386,8.854940296193641,6.651971471089703
AN19P:bdceca3057f65a12,28.692962147958497,10.476443446444328,6.575826498528048,4.480754586814942
AN19P:bddf10eb41f1d836,12.712745698714452,8.420285618265565,7.920261515477587,4.147458710877222
AN19P:bde223a1e99d540a,8.923721922232682,2.12317875839049,7.388556195012317,5.1036702330895976
AN19P:bde7b880b68d9b01,26.46553095711757,9.884519826363412,7.495758075085307,5.280315405076024
AN19P:be50b747bcc2ee20,17.029518520146443,7.492992930809679,7.901096946257566,5.054713466133969
AN19P:be5ea8a00deb4922,15.018015872802756,9.22494075980177,8.252279276505716,5.8761967072172885
AN19P:be638b7cc66845ed,14.238438705798686,4.2441494931422135,6.704890941672847,3.5519240589809864
AN19P:be781da27dedab3c,16.669828013837538,5.783840369322858,8.61384624020632,5.07934341190209
AN19P:be7dafe31d498266,14.07615313754483,6.707349796760085,7.734330899821708,4.7230263940532735
AN19P:be85078d6db0c774,13.793454042685475,7.6908845464338675,6.986214561705993,4.7400924608331945
AN19P:be8db56076bb6c5a,16.459112288817234,12.252131377250084,9.53397372231345,7.249566110372183
AN19P:be948cd247b59774,27.06443907051992,17.71009275495686,8.99543451940428,7.279997708024965
AN19P:beaa50806e0d66a3,11.8190397223166,6.395770053347793,8.880050133774144,5.195779517635078
AN19P:bec92a43c7155066,8.783811209259328,6.797030201625414,7.800547696276504,4.658756362175341
AN19P:beca511e38a98bb7,10.043860811550177,5.737577498295775,7.654829348468674,4.715485827144228
AN19P:beca846e591e305c,12.008500250233734,8.77311658965478,7.116188028224429,5.972701723153589
AN19P:bedebafccb1c3de5,12.206705651413058,10.984184936857766,9.491726648108491,5.747324115637194
AN19P:bee172db76f1fe34,23.425683601413176,10.56806487431506,7.844963993969012,5.286032048273336
AN19P:bf093c3a34eb3e02,10.852456896796577,2.8243633860120507,6.772398488738333,6.19236226314196
AN19P:bf0ef5119c9c3899,8.825289617516034,4.40705159996121,6.427063317712763,3.709915609846471
AN19P:bf2a6330a3358ed1,13.181714220403222,5.962560057025516,7.438423886044798,4.688261589705091
AN19P:bf3bbcf18bd9de86,21.302739150524985,6.673489190918683,8.299592669075604,5.764117160269914
AN19P:bf40c26c049c8969,20.22350982542042,5.115174931149096,8.94409624873322,5.792714617600201
AN19P:bf4cc9568d866548,10.053472882015605,3.003010709095209,6.359104433891972,4.781352333900272
AN19P:bf4e341864b95e43,13.50054199711019,6.856728566309191,7.076656955333889,4.576857548261432
AN19P:bf5cb786dc1b7c9c,12.306440485979495,32.30390982046142,6.580580910716635,3.980590357109484
AN19P:bf6c6b5852f68df2,15.217532892808718,7.562198867036295,8.12977145114454,6.192556063866372
AN19P:bf6f54459741cdfc,12.48441510144672,4.3195680776175385,6.913504694419027,5.15959746775387
AN19P:bf73992c11f8df05,18.6324260694281,6.47445970786719,8.506235459254286,6.470720302270438
AN19P:bfbc480c04a4759b,13.571416317667936,4.31894835561303,5.905040209981813,4.059698603542983
AN19P:bfc49589e7eb8ac9,22.08062578736473,37.756712383952205,8.60011757959704,6.128380840857718
AN19P:bfe31f207c642be9,20.275293595360427,10.131018298593276,6.916950149718495,4.05719802040882
AN19P:bfe800dca8835333,34.07128916026305,18.075638476605373,8.668110290331981,8.171184102255731
AN19P:bff448cf57ed63de,20.517524124617644,21.00736732398994,8.426426472293288,6.142772117369873
AN19P:bff803c97aec305e,17.779481378334378,9.019083448357668,8.820616299712004,5.769285938285442
AN19P:c0171e17cd2bd53e,12.806207975934417,9.44947625496969,8.280029983085884,7.778054743199122
AN19P:c01fc719ce32a7e6,24.08971975428262,21.527760267904707,10.7670272668247,8.02872016537138
AN19P:c049280cfa89e7ee,20.12015878111092,19.749702459945333,9.593313373895002,7.69184385180397
AN19P:c053a4b6bda22a64,34.6481235919698,12.45993428405596,8.58178690626638,7.175741674777044
AN19P:c0654f8273d53717,11.58121077031717,4.464671647934918,7.988562852103576,4.750381790406408
AN19P:c06a640d8e4db32b,13.732338589582424,3.7778245045283807,7.549712826983134,5.011700032039993
AN19P:c077fa36da347c44,23.650689894150176,23.871936877755537,10.245747829807035,5.783640512063243
AN19P:c078b13992c1ae1f,38.68144889486699,39.28009768323227,7.717755901041253,5.831003512733364
AN19P:c07a2302ccfd7fef,17.396850807617962,9.324035309022925,6.032576066842693,3.490375944256274
AN19P:c080314d5eeb0913,18.54535983247576,10.12427846243026,7.550418732500131,4.567626838523436
AN19P:c09202f7b9cffdfb,18.96186190908787,10.66972886917764,8.239583282504443,5.581346862120791
AN19P:c0a68b48a8cedeee,9.629852452968562,9.686088154692834,8.072627588585597,5.224290266786587
AN19P:c0aa70ade509223f,17.58530646672104,5.4381400639193584,7.282349265439835,4.278910337871048
AN19P:c0b1df95e9c99946,19.96014205881636,10.584608202019444,7.367051447857437,4.6579057602214
AN19P:c0c6c404a52df1d0,15.232577284253065,10.051428031203358,7.638403496522613,7.972565940303807
AN19P:c0d6454093d564c0,19.810027957778814,16.131813468688936,8.184779296650492,4.745154650972786
AN19P:c0dbe1773a046996,18.202243363780727,7.912423376048205,7.5909503266075795,3.893829476769561
AN19P:c0f768e00995c5ce,14.838852806611625,3.897047552902684,8.237646585344915,5.399443887266937
AN19P:c122beba85f18f1d,8.22176833243063,3.49446490664564,5.812038919444455,4.126001211803326
AN19P:c14f319ea96f684f,10.867459050663898,12.217015855750695,7.197990197507447,5.0632961827835725
AN19P:c14fd0dc0663b2da,31.981920104286825,10.19333541157306,7.118109479379926,4.340276802421495
AN19P:c1593989c89001b2,17.741515388873257,4.841516640037327,7.543474054380936,5.231324276543474
AN19P:c159ac15b10821c9,22.54577272031769,24.56956628379368,8.182223259707413,7.099824473873452
AN19P:c15ecefb50d63177,15.94009155704442,6.539225831899679,7.599472674774192,6.3104208416501
AN19P:c1789fbc14ac4d54,20.125794547582267,17.88883694103729,7.530159361856588,5.083672157850304
AN19P:c184725517d4f7e6,16.430440079475616,8.577779087754218,9.8454846516013,6.185870892363936
AN19P:c19292c6eac29b1a,6.794326415755139,4.737234035227455,6.60971317926859,5.059701365875452
AN19P:c19628bc543e4d6c,10.553171028290606,13.303991711567644,7.493269079839214,5.5746231396525445
AN19P:c197115b52285ef7,17.496538346745236,5.1455266298144045,8.912615400499488,6.637738887633665
AN19P:c1aace0186bfa91d,13.130786440394978,3.717034404906393,8.347099419428611,5.1645568142733165
AN19P:c1bdb26df7954aeb,14.522029777715812,11.91714534285077,8.131605588705288,7.992368642924216
AN19P:c1c7e780a2bdaffd,22.701912926578068,25.14851174614887,7.602917892166277,5.511776444419202
AN19P:c1c9bcb0e7c787ce,17.3443798054894,8.682975357365795,7.569980875422514,4.875545965217352
AN19P:c1cccb81b79a4313,30.12359135341057,11.408746669641497,8.09002085586603,6.415973538177782
AN19P:c1e62d0581f15102,31.72784408540114,12.82580586367679,9.305718940840167,4.912638825331262
AN19P:c1ea083f4e0a7747,29.544462390068183,12.76400531028468,10.2884317732169,7.446279108112467
AN19P:c1f11d12652a2107,11.813746563880338,8.763542521439838,6.835830400879713,4.340380497563129
AN19P:c1fa980470fadc1d,12.825486664415076,5.482143845255013,7.182412141140163,6.442961200145999
AN19P:c203a4a593a675d7,13.376594597546609,4.788351887849629,7.956690436900063,5.421354728750776
AN19P:c20435f84bbfcf06,40.833035015442505,18.65533847675261,8.390956555427104,5.362467744937456
AN19P:c21db729dc88cb6c,11.02376945041274,6.117555958149991,7.18710247095599,4.142031792100216
AN19P:c23987d5eeff5ea2,10.013311090652325,2.543915718577467,7.458876767175593,3.910729422934444
AN19P:c245a0d13986f644,16.08654230910327,5.445510544696605,8.00805345995545,4.97516781284111
AN19P:c25b2b1e17336c2a,15.180888681676468,6.13553501108695,8.306885989589036,4.638387212180517
AN19P:c2aab9ddcd759cf4,15.009345495907931,8.911189855129637,5.970967803481927,3.53450512103707
AN19P:c2ad98b12f39833c,9.66312881488128,4.5729566398560815,7.378919565432073,5.256711079688209
AN19P:c2ae6cf05da14aae,25.56186977218825,9.62461910570806,9.009552487428818,6.593983777821696
AN19P:c2bbb55dce66747f,23.46894398552236,13.865199269678795,7.99195436018165,5.724785683416781
AN19P:c2ca1bad7ca910e4,18.45019997093117,5.580694011104514,7.485595482188859,4.620744679639149
AN19P:c2d14e184f594090,42.17563583282077,14.923510033763716,10.253503449708816,7.675446733192407
AN19P:c2d66b7d2ae3d7c8,17.59136906215634,10.898914964657818,8.416892994192944,7.913879770398904
AN19P:c2db2ee7ddcdbb96,11.219968672471593,8.33140503938265,6.995683025306698,4.364366711322162
AN19P:c2e21fb63d8d2ec5,22.31761891725599,12.446317660993172,8.614437638326006,6.51006375428451
AN19P:c2fe1bb3637fed4a,18.638746032364484,11.815065283317743,8.055346082694822,5.418639757328212
AN19P:c2ff2740f1363f2c,28.667351012860635,11.99548930810804,10.220340270496802,8.909672069873373
AN19P:c30f6ba0a28ac8de,21.371705055370462,7.002278820756654,6.045281606025666,4.091469551677387
AN19P:c310a30c5dff3242,15.710374456581658,4.987584576339224,7.371836946896034,5.885838846696965
AN19P:c339cb6aeb28cb06,12.260652639551624,4.769003090707216,7.256605813549122,5.290261778471054
AN19P:c33db68339c0424b,21.322008583372824,11.70145876004792,8.59089621476659,6.489648965179909
AN19P:c359de26b9c8c3a1,26.47764826756861,21.073388442046262,9.093685890128576,4.879733094120829
AN19P:c361fb8a7177469d,10.39221676914204,6.486616381546751,6.847558292367923,4.512319429031212
AN19P:c362a8b3ea2de462,11.154338480253216,7.228103627531375,6.992264749974041,6.259336652973512
AN19P:c37112ea623aa770,11.215470173972726,7.939610203384237,8.238278738049491,4.6198368613930745
AN19P:c37b7765f37476e6,14.323409911746804,11.606648201294922,8.578363833217045,5.300919902193497
AN19P:c37bef535866fe46,11.261423242398957,6.651315953162326,6.508377738239761,3.956440144191875
AN19P:c37f2086d059ee9f,10.921520378563493,9.83631006725402,8.170983561709349,5.508138917955844
AN19P:c38a884300571bfa,13.492314723649676,5.248021767031517,9.557509793988409,5.808688097715045
AN19P:c399d1d0b1375363,9.727156477686416,16.302241973445163,7.973368089943075,4.856372507362754
AN19P:c3a0069ac2508dd2,22.387088202288933,8.258497449407646,8.943421764010004,7.070337155086922
AN19P:c3b73b48ddc7ca7b,19.2609948523202,14.480678733209867,8.208925731057906,6.111349464329071
AN19P:c3b8e18e07182ead,6.188750722219784,4.285429584526264,6.404617188835704,3.6132829587182953
AN19P:c3bea6a674aa4f26,11.742107578233352,20.760832903706767,6.379241938140778,3.981819572449781
AN19P:c3f1aab50302f352,30.05163897073965,22.69901751407138,7.934487077405763,6.387719081778351
AN19P:c3f29518c1dd7c0e,11.707509968430902,5.834228171524759,7.952992169420234,4.661871941186383
AN19P:c3f8df06bdabfb44,18.72562412542764,4.046185030472348,6.6954530525677285,4.042382043185214
AN19P:c40e1f7c89794b30,20.313570361546745,12.29269757571249,7.220521572785564,4.924325269226472
AN19P:c4120f113273c4d3,12.87094176564075,6.5066099313314885,7.598193740770103,4.361026119098372
AN19P:c4169b823fbda532,8.929685971193704,3.7278609044408735,7.715600991992701,4.9377812576401
AN19P:c418d312ac24a065,26.663177172148075,21.05942474549517,7.689500472344434,5.012541988872718
AN19P:c41ec79ad9a8a865,13.335794851421468,13.67861975395098,7.268893632633885,4.093412427699549
AN19P:c4235ee276b86dc9,16.87594493882787,12.600073371879438,8.138367239171378,4.647649038746817
AN19P:c42867f6b3c5eacd,4.583652866703701,2.890249829948293,6.5800502997056105,3.945258621364616
AN19P:c43720fcd9b62df3,17.51105868412368,21.75584128274257,7.341837497184311,4.580818853316802
AN19P:c43cb1f08b109621,17.856153475731368,4.22117909848216,8.026854441584428,5.096206571980692
AN19P:c44515803eb28af7,10.50760975145799,4.031556598169144,7.422035224296553,4.521831392583036
AN19P:c45a2b781acb246d,24.624854803800563,11.336588881895198,8.11291913573616,5.454502271108108
AN19P:c47c60bf175f036b,10.793816346692047,8.323275316045248,8.131238280097039,6.4904479877266406
AN19P:c47dc2e344f95f15,21.40969545668523,10.989334125069814,7.709225056124247,4.607155824822211
AN19P:c48160004864bfbf,20.421626793601177,8.279625038607318,7.634740355946088,4.440014847356173
AN19P:c4909f4d7cb57352,10.103748096116265,5.267246324248076,6.516094858063764,4.273177765664731
AN19P:c4947d1ad5a492bb,11.443629452120389,2.8254373223568696,8.910273524137397,5.097741909540068
AN19P:c4970533e9136fa3,29.33612457049454,24.222154377659347,9.61751689525479,7.892247501728248
AN19P:c4ac2d83c9b3cf1e,17.81080535041409,14.058890782003026,6.302006052978759,5.058401184388168
AN19P:c4afe6127c295349,6.138483323849582,4.339245674943616,8.394822256702591,6.262609804659133
AN19P:c4b3165ca5319828,20.106625419169017,21.47180817952632,7.844030333401093,4.759645784456739
AN19P:c4c03127016eb423,17.67753798218796,13.744258400842302,7.881056135996159,6.144770686346055
AN19P:c4cfce369a18e79e,6.77599158470354,2.207935019804169,6.616506562206225,4.432182112001925
AN19P:c4f692ff7b65d7be,14.227417900804774,26.278467083780097,8.69620402147962,5.2425573325987305
AN19P:c50c38782e72a466,8.285921904720336,4.3696702884057546,8.187249699774501,6.223450132777876
AN19P:c511ce3c2760c9e1,14.501909436275644,6.672387713484098,7.949173479691955,4.571117120823577
AN19P:c518b8c4c9e16dba,14.162748934866778,14.136910354509938,7.511922135894969,4.621917472751109
AN19P:c51da32ced3f4e00,26.64939442608461,16.37769929033347,9.99399972821311,7.417021587487598
AN19P:c51e4d6110d9d920,11.951364838086844,6.187611638948005,7.395253231253712,5.277091504079134
AN19P:c51edf52c499d4fc,13.628759061554597,5.696978027658732,6.371990130812259,4.191676202492711
AN19P:c522d05056d64313,11.549819340616862,3.227726471412211,5.727662897592656,3.626162985106948
AN19P:c53d49ca95258cdf,16.63076200811989,7.339428620317255,8.660264501821448,5.557498809122888
AN19P:c53e5a8115c685bc,16.592481036419542,9.247150354763011,6.595299393677654,4.531103668921344
AN19P:c56033e932423cc9,15.052089680111935,11.80349078377959,8.723650043277681,6.061205440703419
AN19P:c56973a0a5a9c989,16.057287182597904,18.397535686492805,7.495010353979659,5.2712754470578895
AN19P:c569d2f02f86a7d0,7.823773990194769,5.469379770935051,8.052158564792196,5.009318410135174
AN19P:c5892c1f956a9dd4,34.65867676076875,31.4664676879359,9.061736399477462,7.067807672272226
AN19P:c5a0cd986417f4a8,20.765885443332103,14.993716684135174,7.835434507213993,6.391720976368012
AN19P:c5a6aa1ffc800ac5,15.109705860002377,6.467453910827343,6.906773412757152,4.004615731271021
AN19P:c5c1733ad0375857,21.57531630724629,7.689341361014983,8.730798831498872,5.128454332877418
AN19P:c5e12405f75572c7,19.233810814175875,6.568911240334844,7.688610215623666,4.7486341404184325
AN19P:c5e45de26d0ae681,9.878519392587531,3.4699560290821765,6.222599813495418,4.176958834059141
AN19P:c5f46147f3b78792,15.606752371089472,5.159621305759678,6.318833109064424,3.6728162850521926
AN19P:c5f4caf30533ebe0,14.280200927884108,9.092444661054529,6.240073118513412,4.27590293507734
AN19P:c5f4d6967eaeaed8,18.35498073652194,10.205106758016113,7.678603200330137,6.44343744958958
AN19P:c5f4dfaa7dd948b6,21.37817247597316,21.133320200081545,8.411893815056748,5.9873321232513215
AN19P:c5fb96270ed268d6,28.949477174186143,20.45187436996852,8.527798792790222,6.314661095312106
AN19P:c5fdb7984b4cf1a5,26.992953762840006,17.436350706426413,7.131451261471264,5.596288904423679
AN19P:c61a2478d22825ae,21.334444392367104,31.701017066105443,8.165052503538279,5.905572762578925
AN19P:c632af7311c92cfb,23.221950940315956,6.47210284149851,7.340289713857411,6.15791906213281
AN19P:c6403e0d4068740e,12.656693053096095,4.492097844231231,7.859197601716886,5.59215127064012
AN19P:c64a84ddb10f0d68,14.819453095139815,5.833500649683219,8.013042747234742,4.789352214509859
AN19P:c64cc4543e2fbe66,16.931912662830456,3.8776251823289214,7.991979029945786,3.999103906668066
AN19P:c656e783274c6322,14.742256842008894,3.444576254570712,5.681576787215912,5.046385571693818
AN19P:c658e00670a02dfc,28.289170824689357,15.486527123008218,9.213872100498309,6.929333002588782
AN19P:c670176011e823dd,8.656228857372959,3.084468783952993,6.897372355218548,4.561281026569072
AN19P:c683b98a6903b38d,18.973540558931248,10.50595273144516,7.944528871887111,5.078210656011734
AN19P:c68b82026f0e0518,12.306440485979495,32.30390982046142,6.580580910716635,3.980590357109484
AN19P:c690b7f6505c20c7,14.98510034826959,8.013682926391004,8.864460924535443,6.0145615782340265
AN19P:c69d9764275c0486,15.12053995625399,11.493385555798168,6.875771952210164,5.120205175509459
AN19P:c6b1b44122d2c3f0,22.71931622493107,11.730841074573036,10.202376038224736,7.728078807722178
AN19P:c6b5217e36bb40d4,15.2851451205682,7.554414309225837,7.640315572534859,6.5179698540526
AN19P:c6c73adca6405149,11.510034071450836,4.855729186835616,7.078962695311651,4.217937286730815
AN19P:c6d673f3103f9e87,14.382261889266966,1.4805007402794814,8.525557881755434,5.424850491537997
AN19P:c6d907b526650368,9.893263658253842,5.623181593885152,8.362844404027655,5.458076809169511
AN19P:c6e679222ed49a82,22.3582664016594,6.877408480328606,7.576615235384286,5.446533049311049
AN19P:c6eab8a6aba4392a,15.177677852669204,5.981125742946542,7.093299492712024,5.325446785095434
AN19P:c701efe1be3849e8,26.37650123557368,27.48803744574084,7.50958731770661,4.837973285641062
AN19P:c7155af917a4b8a9,14.216306015890533,4.949464084195625,7.444332937458715,4.55770417749238
AN19P:c71863f499af715d,11.604906554458235,7.180193284249643,7.397141774251628,4.587073944985764
AN19P:c72926d5eedac5b4,24.36813637777792,23.631423201836174,7.966080846016714,5.872795544885155
AN19P:c72b75c35bcfcdfb,15.825591354197034,3.969219498384756,7.008370679882049,5.315081392401858
AN19P:c72d9ca50913b056,11.662180826150689,3.010240302972191,6.849641509488848,4.724851424063994
AN19P:c732274797fdbda2,11.08741805793257,5.008827007133799,5.723243645143611,3.7680284901517327
AN19P:c73f7395b95473c6,25.7224944227092,17.67505589912599,8.345931815657364,7.805703105193818
AN19P:c74a6b6b0f0683d5,23.59983318860718,10.147545835193169,8.157596656089888,4.97158755723719
AN19P:c7584374bcf40a0f,14.208214908254858,16.237568205444173,9.251845796815488,5.484472358646822
AN19P:c759b8a8c694905a,10.34548054767686,5.273254822015568,8.110550453014868,4.234687087264025
AN19P:c7643bd7a74dfe71,21.33637065743295,6.580839999538419,8.032982646637864,3.888023794959373
AN19P:c7680e87177911b5,19.599862391840137,5.748580272177461,7.891887350866968,5.037656348367279
AN19P:c76929333be07003,24.27571323318584,10.193580294684889,9.310344598023391,5.536184157410397
AN19P:c76ce31c2349c5c6,7.823827033023546,3.105923137652617,7.30738669056326,4.12432876395346
AN19P:c7753987fefa9066,12.06827225762704,5.583182885368855,6.678192285691472,4.136799698279128
AN19P:c77903d9c2a621ac,10.266371738883208,13.843016580622816,6.776736029396287,4.038752871753212
AN19P:c7ac400bf3cea1ab,18.85504016862186,13.492803515003452,8.185808465004564,6.794093057683522
AN19P:c7b4b7fc8f577c1f,18.69284688329069,6.385904389221982,8.728155084940358,6.581041687393181
AN19P:c7c6dbbd4906b3a9,13.858636718300788,9.550899454529636,8.759481122038597,7.549034295323475
AN19P:c7d4a8d3635cb460,12.86165269934349,4.085369388618571,7.971346842615101,7.395391136981248
AN19P:c7d7418b39c77bfa,15.63536908653021,4.5980857214693005,7.45462389535448,4.999598149610651
AN19P:c7e8ff8063052261,17.29342343527724,9.52957001560387,7.699886894406795,5.129955067076021
AN19P:c7f429f61b4fdda4,13.048316449771242,8.182984743617432,8.243064111046921,5.017319550635823
AN19P:c7f6b2c9357639e5,17.513754992215443,2.310335995453664,7.55771293687024,4.408159340314367
AN19P:c7ff83214da94b16,9.130401258108638,7.9398315070714,6.864377571765551,4.925867785506687
AN19P:c823446e1e92aeb7,16.039070901602262,6.669427243741505,7.03530258780743,3.686200001146863
AN19P:c82c0dd57b6dd194,12.714169768750144,6.669048265240059,6.5968749588823,4.8199735995658815
AN19P:c8335c0422801df0,22.708650593031507,11.705794501190043,8.478359447864326,6.2496760058123
AN19P:c83c12b328d43145,18.45450749694469,4.199496435625601,8.411429330164223,8.659526988125197
AN19P:c84463753e69f12d,10.23187854692002,5.380364363216302,8.983574274833371,8.15085236921574
AN19P:c846ae459f1d2ea9,20.251179766454275,14.654143612872314,7.148042100688874,4.224485451921368
AN19P:c859daef671868c5,22.23570672425449,5.699868410608859,7.750610358543121,5.067554287187664
AN19P:c86270cce5684c0f,8.828781380103868,7.348991022384621,7.873352300485333,5.0350655319597575
AN19P:c864bafa36250e62,7.41668999362309,7.78986877149562,7.94603348432457,4.224168381055459
AN19P:c8672178e011049a,14.249511380247815,12.506804962375284,5.8191754038084005,4.643387375484293
AN19P:c86a5bd9304d56ec,25.50979420828612,12.656785057209756,8.093171633910403,5.807395700251018
AN19P:c86c871348c578e3,13.106655505383468,7.48942829575164,6.610559471839362,3.2285425058263337
AN19P:c87da2c6648e3474,19.919912428765787,5.317235220378236,7.6938100044086415,4.0338836487701775
AN19P:c8868fa789f3f828,32.37949997953302,27.07756152131307,9.988912371898456,7.487892919615203
AN19P:c8913622aac61fb9,8.399199307197929,3.8790422577344623,8.065358633826094,4.323879662288012
AN19P:c89c82fb4827f111,16.597082752408134,5.967988217506911,7.455739683709731,5.132007484828905
AN19P:c89cfc41448e38b7,22.067485465470757,10.6847247070919,8.545651812876653,6.9091933445616425
AN19P:c8a5a8e4b1ad80dc,10.62476211189123,4.530500227735048,8.251599976033498,4.748766628756349
AN19P:c8b8754d90458ba7,14.977707212755291,6.189409468553509,7.658015541923974,4.526389324755311
AN19P:c8c261c1c6d97bb5,10.323452501934684,5.34806600360805,6.900264152029334,5.149950656475819
AN19P:c8d69a39d49e1fd7,17.819820222129128,7.736722043525804,9.679797815642122,6.904021672744884
AN19P:c91712f0ce237c3e,10.2616666169913,4.516334585424697,7.647956282579616,5.012678172718107
AN19P:c91af878d5556c07,9.54699476615901,5.855622688315031,7.1609114758086845,5.5514915462939705
AN19P:c93254b57b879169,14.594588069423596,11.39527385470226,7.579974759257051,5.859533646071586
AN19P:c93ff62dd58fa2ff,11.75354830403664,5.524453573531912,6.829453742959343,4.70438770067802
AN19P:c96d7ae5facceb1e,15.15345536451223,14.082900882926308,8.894097784317186,6.704038916869952
AN19P:c9770f91b3ce6e94,20.33233484011737,15.585943568787776,10.062703166442615,6.074990892977101
AN19P:c98368c04c2260c6,11.38895390229719,16.168736962852435,8.196608222700764,5.346709635701373
AN19P:c9907982f324ab67,6.264233193482808,7.132670053939368,7.014194797869806,4.367182373657991
AN19P:c9929f01e4335e16,29.55424754970467,11.76872448353461,9.052601146743443,6.009079207131804
AN19P:c99fee507e6b8812,14.834244172488605,12.129400826463849,7.11982496957632,5.456038302024115
AN19P:c9a201ec5b8feaba,18.5580136270142,9.664356223299263,8.005821371892043,5.709393435729454
AN19P:c9a7147a15763b40,11.00685143686036,4.630844955948891,7.856110098918331,6.386667331690498
AN19P:c9ae76bf2df388b6,31.09200789259729,37.06969223169211,8.266775250654131,7.7735614565415005
AN19P:c9cb130b731f4485,20.794384582945423,21.452838975989614,8.646290270800183,7.25520031515216
AN19P:c9cebc3b8727c63e,19.083299364746487,10.055515753732296,7.853113511679378,5.011939090022666
AN19P:c9e1cc13f50c8d32,19.407161569156145,21.88240714147477,8.284363104745871,6.309191150137776
AN19P:c9e3905c6769a69e,22.972117826782075,4.085678289462779,6.376491193524587,3.786371960464528
AN19P:c9e8c0aaa1281347,20.51735649251036,7.56092483304877,9.313410670712049,6.705930371340369
AN19P:c9eefa75accf8f01,33.44181934596711,10.744236895389582,8.339210910664281,5.798723288027325
AN19P:ca094c8e721f9cb9,17.777984671636403,10.676706192930142,6.914902224977441,6.160319591206309
AN19P:ca0cc12d591472ea,32.307852243961335,21.571999251449025,9.356641220149998,7.15840710241404
AN19P:ca217cfce52b5cb9,21.541361305558866,21.3321942797551,8.578170426157424,5.955427503134596
AN19P:ca24435f3c052945,12.033048752056928,5.523658702580536,7.745096801973665,5.189080211624745
AN19P:ca30b20f28bad3a7,16.743416449485228,17.701146690507,7.1890264327143365,5.682277165685767
AN19P:ca3ae2780d6bae02,15.38100464245188,8.6637979237976,7.909004547652212,4.986717738742461
AN19P:ca479d9756c9d9f0,15.626178741650932,12.676941414122162,7.355301418415304,4.3102590701778825
AN19P:ca58427cc82b0afd,13.463420855448414,5.841653537452311,5.860117308361912,3.5372423838960514
AN19P:ca59bfb5f2d72375,7.796868317246716,7.2767430665364605,7.005016875314335,3.630093902179709
AN19P:ca6517dda19d30ee,15.482996619637897,13.969768246131816,8.461380087592213,4.871500225538159
AN19P:ca67a64040d21dd5,33.56154264931474,28.12181910363869,11.697213116457949,8.498313022985199
AN19P:ca71f410dd353134,18.881085997606032,20.181836746208617,8.546618508189127,4.349080106716507
AN19P:ca7936c75bd88fa6,10.856736150488423,5.358361071425932,8.744837745131074,5.098944226360128
AN19P:ca865450e7167f92,21.985243358858103,10.38338878476843,8.389957141011562,6.207846888598222
AN19P:ca8a71ef061cbdc0,26.064935690884734,9.751849593088949,8.375010203198858,6.233545378436072
AN19P:ca9a50b3c3c2ccc7,7.509627646097942,9.112542434795266,7.330177306280343,3.065700345416959
AN19P:ca9fd95410030bb0,16.887574673895333,16.564532101994043,9.38589947061583,6.85448499152223
AN19P:caa0309fc1d5a28c,19.91162330887009,7.969230745798445,8.293072649766174,4.926907564727074
AN19P:caa4c2c8088bb136,10.112795947156274,9.3681396396244,7.710979454796118,4.908538915162553
AN19P:cab9bbda3c837ebf,7.390841614113018,5.797853053117237,7.420868209668922,4.55718185047964
AN19P:cac6650589a91663,27.159643210304782,27.57045287413104,8.590996114193034,6.876627687978261
AN19P:cad6ea1dcc8dc13e,26.238699197362365,24.61315132930152,9.592546850785023,6.428715692091455
AN19P:cada7da603872d16,31.733824222266016,10.603814863719856,9.191545086894967,7.717260093014239
AN19P:cae1f0bdd77851ee,10.483349309929896,5.870789642068927,7.314916255074795,4.858004504812148
AN19P:cb1588e007acd039,13.46902161262294,7.324445426581663,7.55854296180107,5.578484246783033
AN19P:cb176b66314c4416,16.181397407815382,19.581016760566328,7.710843783791707,5.402233695162206
AN19P:cb1cc8415949d87c,29.99436553351593,16.677269753265467,7.95047417569099,6.6234108800946006
AN19P:cb2bbafa2b1a23e6,22.046599233454344,7.210997953615893,6.883435087338326,4.955460231205898
AN19P:cb52e7a23ccacf17,14.317826715729508,11.076984056702807,8.591712056534696,7.985999574743235
AN19P:cb75b2a92695696d,15.075272729510347,7.08381299268929,8.82764761708997,6.030726440999673
AN19P:cb788fe6b71736f1,18.653028141130967,5.819274963447052,9.642349589974796,6.6751816727764295
AN19P:cb80d233994de12c,14.290942840915774,8.762569913564368,7.907578511404261,5.759327024348623
AN19P:cb846a49325e0d68,20.45182437844531,23.23594696251003,7.113179526608312,4.42726269938492
AN19P:cb9865fcb882a11b,22.511514740699536,17.6367248722301,8.193472395687154,6.03842109817326
AN19P:cb9e53642d5336b7,18.329778628680717,4.591629153617939,7.6115533636603505,6.489158707088807
AN19P:cba735708250dbae,23.3566254946551,7.486885431238971,8.957159836687515,7.3719749279365665
AN19P:cbad2222ee370a77,16.571578964350497,3.335154121335495,7.644200107055982,5.427146063122861
AN19P:cbb54e11364a7741,13.458672676536906,6.627086345006296,7.85404949786988,5.393577326483431
AN19P:cbbc6efdf6d3cbd5,23.885413041837158,21.122994795202857,8.380305663235669,5.85615402513685
AN19P:cbc1d2f987aa8ec6,18.016703843515558,13.328970696835537,8.310317202465125,5.568574427527474
AN19P:cbcaa3d3e86d67b9,19.279414572773696,8.591644166529502,8.270789091042829,7.010523604868214
AN19P:cbd21a6dbb409c14,13.324040951369236,7.018824716869653,6.599909615909187,4.310422523301412
AN19P:cbd366f8ac738dab,14.32579170904364,4.023860229349983,7.256789259532085,4.032368990756653
AN19P:cbe3135e11af7717,21.86859761245412,17.154001259455196,11.143119561283116,7.264009493938479
AN19P:cbe69adb5fb6bda8,23.52899175648488,10.841611126091014,7.725745204078028,5.02887733519187
AN19P:cbf1f629a57daa0b,11.219435027428412,4.072070478275407,6.80342618803005,5.23216768751354
AN19P:cbf5ad1f8a29f003,16.9338403774712,4.2680220750662645,8.186801888851182,5.330473813784394
AN19P:cc0ffb9379ec9464,20.999787037553315,7.736932749075613,7.434370000075527,5.109987460285338
AN19P:cc156361bf5b22f0,12.374517015904024,4.6052741087410975,8.479644980247619,6.9291133376194365
AN19P:cc1a92cfe41210ff,35.419732068550275,24.135843325510088,9.59361432601301,8.357858925917023
AN19P:cc32b5975b5302ce,25.779416321651155,23.90205708515576,7.811501636708228,5.9850489559702
AN19P:cc39ad77768c1958,38.17973903981814,40.34801676843896,7.399221597212164,6.417840691247596
AN19P:cc3a0199a671071d,24.473717531133776,23.30179270943384,9.736670484364751,6.430138921763086
AN19P:cc3b93e958d79e6f,18.980052124757567,11.02880869889559,7.913071892817249,6.5392612750092844
AN19P:cc4d45d829553963,13.99443994067792,5.319403826411727,7.920043513472358,6.312855704033424
AN19P:cc4dad0c5d0fb0e5,8.818416503539737,1.6549214116688118,7.368134583275057,4.928497691741917
AN19P:cc502f18b38059e2,20.939973168221048,14.216515530298006,8.768973910538183,6.7300976058670905
AN19P:cc69a7fa80390095,17.32192028062455,5.8068609169656,7.050856580253101,7.042093656613268
AN19P:cc70cb54b4ce5034,6.46804308613522,3.5261788182068936,6.966598516616282,3.5949665419349177
AN19P:cc78d7faf214bc8a,9.91708268596996,8.094314762151754,7.466960004239132,4.520537470351495
AN19P:cc82afcd407c0d87,21.323463768752745,5.508256844945463,7.74024700502874,5.386707106886991
AN19P:cc9d8556320deeb2,14.728822290186374,10.2033714717563,8.22540465013696,5.415914991781769
AN19P:cc9ece869c8a3a80,10.40739799864,10.483812436733013,8.429457342203788,6.625890852756341
AN19P:ccab96b3fb6172a9,10.050649742927812,15.839572195160931,7.101861907132841,3.656197471829111
AN19P:ccad052f5c2edc66,13.654195529975253,8.67138461659897,8.30370271413914,7.217830822341863
AN19P:ccadf1528a212006,6.919632961369154,3.593242759024839,7.872716175257843,4.723646496660007
AN19P:cccd4a6a05697eb1,24.62156689398613,11.24665753806601,9.444138235628293,7.5064680394807555
AN19P:cccd4a9bac82f4bf,21.324530968019044,23.224113597504964,10.165931061472174,6.966731577217082
AN19P:cd14e95ba954e903,13.931441838329553,7.004237909699186,7.167545499070646,5.744529217041928
AN19P:cd19edb8bff987d8,22.57550575139941,18.36298058650087,8.625707106975051,6.1175679955935385
AN19P:cd1b2c2f2d0c5dc3,19.71786476931988,9.685125280223758,7.133230357605551,6.388592492071408
AN19P:cd2c16174a32ccce,23.658013893820875,15.92311987819864,9.018345175034408,6.443252115934171
AN19P:cd33322acd0ead6e,24.227308596052406,2.715628735322912,6.8713438531492015,5.44094237549903
AN19P:cd3fd9d68f15e7ea,6.626658129799594,4.635242906961352,8.352278005869454,6.352900062642449
AN19P:cd40449a242b6456,19.01262011844511,26.16965498774701,7.150564222564801,5.620380960097027
AN19P:cd53588bdf080439,13.255971231593868,3.096069621382218,6.677666988733562,5.368952551405222
AN19P:cd5a666177e48837,21.92696097081118,9.046523159848766,6.63081484884849,4.368308634172224
AN19P:cd6ad5d8f048ecb1,24.386566016413905,23.176085141224384,7.856498340438918,5.309798102449013
AN19P:cd8047699ffdfc51,7.983833372291537,5.144992044152656,7.218322169414557,4.846081387375981
AN19P:cd8054869f05b775,12.901639779035056,5.9478335248694485,7.160905551680941,4.15627274809077
AN19P:cd80b21da35a83bd,15.714000529987851,5.886555817702871,7.918804417691395,6.770924659915853
AN19P:cda79577f03e19cc,23.578189382475788,15.39811940343438,7.467650913326689,6.02071382808487
AN19P:cda82c8325737011,32.07602993451651,21.906389027796003,9.908329470964487,4.76761802755896
AN19P:cdac7134268c107d,29.33037582543344,22.17568740425655,8.534845203045704,4.839941385276746
AN19P:cdc93167f6262af7,7.891083451510236,11.92447343414645,5.77983728190696,3.509627999091765
AN19P:cdcc7acbce98a9de,27.32988111669203,23.06751692033462,9.396800781418312,5.498925344381268
AN19P:cdcd29ce863f7b1b,13.181564978825245,8.368425523187135,7.36563657231704,4.32381572182027
AN19P:cdd04043a7622654,25.347564144853862,8.909663384933069,8.187180408354735,5.443080968033882
AN19P:cdd1b23b83b117b5,18.55268227296818,7.141709675670251,8.989768983433947,6.626329812554428
AN19P:cde334fc5d485080,10.672065006362605,4.468067907147977,7.829914851400304,4.475208515924684
AN19P:cdef52c8479edf0c,17.50856252848511,6.59578413343599,7.3627009518473265,4.912657255638712
AN19P:cdf7e467ba70e36e,8.65373677883878,2.827913823509091,8.095719525402563,5.33493359002813
AN19P:cdfb589932fd4b94,16.523649365218976,16.061497881154757,7.728478011931718,5.491178676694536
AN19P:ce000cb5bf7bbf5f,22.857470016483845,12.624762605124674,7.747611216967153,5.5846672280024405
AN19P:ce00ca25abb0e4a9,7.246410921474774,2.0587299005658406,8.34389352562844,6.22263951860407
AN19P:ce0a0d83c2e3c48c,8.560022824326378,3.697983803686436,6.296902274435067,4.269367145752343
AN19P:ce16920929affd67,15.087424701568612,7.112109096235275,8.046888371920717,5.619402036851878
AN19P:ce1e6e5bde077019,21.416077094022924,20.10604024334968,8.342647787845818,6.726572968266103
AN19P:ce2e9104e468e01a,24.44218744818189,12.331267016739677,8.03768604548436,6.359886831878551
AN19P:ce3367c0bc99f2ea,17.398553115175133,9.360456135661634,7.444446090221389,4.579803169886456
AN19P:ce3642ac7e975769,16.878277181154598,9.240505217409314,8.35570792425545,5.921495803843729
AN19P:ce40754d4b1123a8,12.073659343949906,1.5797201710189432,8.638926168182016,5.932641154693996
AN19P:ce4a35ecda9b47e7,13.297670816716211,18.60493218769416,8.137793388111396,4.892695103947154
AN19P:ce5de5cb06e22dc8,30.800732162865863,11.089788500067383,9.846779442157292,6.70220457505441
AN19P:ce619c7af8ab94c7,21.843510673120768,5.354047886886531,10.685810812902629,11.6535231713646
AN19P:ce64219d138290fa,12.419596877805906,5.726222373737359,7.770023975944297,4.421924484710817
AN19P:ce695cf9ab63b91c,13.899194094976504,6.027501590988753,6.484415654461323,4.186120948607737
AN19P:ce6f5634d71c41dc,19.04505932802353,11.392814833411324,7.34892667421263,5.146742652449794
AN19P:ce7aca16e36342e1,15.817912338522955,6.535554221452386,6.72779906171277,4.435203666145713
AN19P:ce92ff4bb6644809,21.72617108124741,15.04089584651527,8.070736861305114,5.677410421843785
AN19P:ce996d00b2a8d4a8,8.730739611119974,14.644598472104317,7.899902422201586,4.880929147542457
AN19P:ce9c0882dec25e87,8.640575386324311,5.5607222163908485,7.393980055491887,4.137824710165272
AN19P:cea133174adad21e,26.57878310059611,8.973108442982932,7.883695054271945,5.263212653456302
AN19P:cea8c01c4d869ef0,29.053914435459923,16.172143746508134,7.792660479841778,6.916369158549204
AN19P:ceab4cc2a330fa76,14.685347962486611,6.005497404899744,9.640192814547802,5.684464601317654
AN19P:ceab7cf393fea466,5.978280422694123,9.778933731862772,7.109680665763781,4.912218194194452
AN19P:cead8fb342b5fc5a,19.365652600518207,8.200138994031297,7.615374878759866,5.700750031478362
AN19P:cec282e178bb5974,24.321119672502792,9.396086185524108,8.120651982158178,6.656785409182348
AN19P:ced8b0391c52aa3e,13.083230960016904,7.523754589257977,7.486649867503971,5.820247126306346
AN19P:cf1dfdcee588f047,21.2490083088246,22.649463984771565,9.421607896952697,6.597460404557512
AN19P:cf23a01fd643abc0,12.823322901724328,2.373896684325977,8.397925733023966,5.51004681035994
AN19P:cf24de6b8b359450,12.246524275588785,6.51556308598977,8.287067295444006,6.242093921906844
AN19P:cf64d25299a8ec38,22.95132205894692,11.259579462692985,9.584437948119014,6.842892228698754
AN19P:cf69cf69759f4872,23.45759633954436,12.008751209566094,8.892166701173785,5.433698706951135
AN19P:cf6cf66687ab9230,12.26170661824749,8.842232350309873,7.728945749517175,3.627437158165933
AN19P:cfafb14a974785cf,18.39441318218364,8.221989800583682,6.757504772068057,5.0326284172144815
AN19P:cfd8e3826b099f20,13.723794144078433,11.291499040061815,6.461763687266486,4.079410855134402
AN19P:cfdc5ac925f5a360,26.624766277870272,14.354658886052746,7.93396713289462,4.489667791746776
AN19P:d009be6884fddb68,11.42038521439068,10.564185183410954,8.72553327507189,6.790394096072321
AN19P:d01a26569c4a0c11,22.466960442872395,7.177066140036121,8.211004998767471,5.990627669777495
AN19P:d01c56085eefab76,12.412931234901697,4.881327834828954,5.517686819519055,3.740858268618967
AN19P:d01cb8fb6472dc36,25.42542339170143,20.61463387033316,8.788608560405136,5.118238744718278
AN19P:d034b2e3345869c2,13.08045106608824,5.1233979684643,7.645388338490262,5.243537398343522
AN19P:d03dce8277d3bff5,13.387122656500946,1.9106053309371187,7.195688927078598,5.884342458101588
AN19P:d0532c179938a1f7,18.29746244565396,12.249745337865695,7.904907319404705,5.185584558267532
AN19P:d058fb1340b30318,11.831573240697182,13.385046488283251,7.541384642497778,5.251364008042962
AN19P:d0675edc077adc47,19.54941283098876,17.301814955624877,8.519164070648499,7.608720380459386
AN19P:d06f967a275ad3fa,10.011423738182271,5.553027073090847,8.602425922340283,5.924724592375674
AN19P:d07106418f80fe2a,15.257024846656464,6.018617065191848,7.777209045881088,6.9493645998615765
AN19P:d07dd5efe8fc7c16,29.737612334470125,21.548791979147627,8.544344799342946,7.788126096947529
AN19P:d07f8ebe2b0ddf71,12.590574651341043,5.400285786953099,6.5649423096522606,4.677494530557414
AN19P:d09316cb4116656a,12.031630020815305,21.39569640280473,8.242574597492833,5.830632026452766
AN19P:d099bb799af76aee,13.012363762502028,14.480733590652603,6.052521383599903,3.702603825516521
AN19P:d09b2ba673cdfbfd,13.36963636277043,5.760897542658315,9.25680139178662,5.373220798077563
AN19P:d09cae018cae7828,11.116261921916369,3.073401088296297,7.465855437058359,4.757517451092888
AN19P:d0a62c4abe030e47,16.471307592985305,11.803227331249158,9.286401665708327,5.835987333232617
AN19P:d0a6b20831a1dce5,17.444605333444972,4.507864705783301,8.223401980679883,4.03464911653398
AN19P:d0cf6453e33ba136,11.926451719909512,2.7419540465555463,8.569782859533069,5.011655352658749
AN19P:d0d8d069f8f24169,14.926413231563194,15.396914026955905,9.3773855447518,6.185611206554195
AN19P:d0d99129992636d2,21.17446355869428,4.516739251644783,8.00428802237712,5.297227277555946
AN19P:d0e1bba6fc44743f,21.250843930127267,15.362596317788302,8.244616650330125,5.221306463634535
AN19P:d0ecd23db4301b15,9.916717124542068,5.747815621262064,5.772453698824663,4.695990626588485
AN19P:d0fa4131827046e6,11.05973484198746,18.581317239672515,7.527346725919378,5.5274664333575
AN19P:d10225416c49ede3,15.870169173996292,9.555276626895058,8.282883390595753,5.701085652033195
AN19P:d1100ad34a71d9a1,10.540330737145045,4.001381853639759,7.459364976317008,6.072019648118571
AN19P:d1236638143fa538,17.524921020305797,10.746776741081248,8.05043887643062,5.35716213343357
AN19P:d12a67a1a1dee19f,25.60335746051282,17.270903527282215,8.315728083777202,6.381560484401631
AN19P:d1464ae995b0f667,25.90638987154898,11.359208771755464,8.465664313781753,4.717378445957301
AN19P:d18bffb69b29571c,24.089564324710874,19.1463032511002,8.663128325722914,6.528747040456804
AN19P:d1a02709f551d243,24.39927111025474,18.46440627147009,8.220212233493944,5.8630460366761366
AN19P:d1a4d385928f6835,15.512208319770195,21.94642142823423,6.995659557749594,4.879604110950931
AN19P:d1c4f8e52e729028,27.480927010956613,13.83946513578206,8.859299255876557,7.143594890289936
AN19P:d1cd7c9e16f29b2e,10.703713986004956,5.710001379188569,7.468642479099388,5.203753564557243
AN19P:d1d2b73816c1d5dc,10.054704981562772,1.7911428885150975,6.232547750890489,4.096583367373787
AN19P:d1d524ce0081a45b,14.59249853375056,8.55649658692053,8.607637473393796,8.067653058534654
AN19P:d1dafc74c74c9ec8,19.076373146782007,7.597589490942937,7.882577750998736,5.040205440770482
AN19P:d21ccadfd80663ef,19.582747414791164,9.234360679336303,8.681655344420278,6.081389226154
AN19P:d220d3a64702cf6d,13.014736504890502,8.2342693744602,6.242730174821315,4.523881740623215
AN19P:d229c00b050512d4,5.017406426680592,4.18918763513861,6.166648292828117,3.827066323352711
AN19P:d24530a94a48c4ff,27.53084442743448,16.167189589891414,9.711103115212987,6.86782087338504
AN19P:d2592f53a4812302,10.881215796966911,3.822724672089475,8.309085777528942,5.094742130901787
AN19P:d25f32f7940c96be,18.188474095852957,7.856755451762796,7.911715815707782,4.649644159535935
AN19P:d263735ef7a65f02,5.500325149253421,4.718812398595614,5.946416281027201,3.940956801044392
AN19P:d27e862b698cff3f,41.45427044675523,30.73276272490673,9.58934960790154,7.70731406483621
AN19P:d2950f8c545dc10e,28.40586709439677,15.754464071993278,8.38862956991567,5.574981923466759
AN19P:d2a9ac04b4a132f2,16.611145170991954,9.65017237863699,7.658724393338647,6.07783642854421
AN19P:d2bc0c498a9e9b6c,16.488172625658855,8.700901959009538,8.064609392705561,4.989048008813038
AN19P:d2bc75ca0fa191b8,12.585451772462116,7.927517648664964,6.769826790647012,4.041251929266495
AN19P:d2be747b2042d69d,9.94866981256618,4.955763392436988,7.983934639126916,3.841972828229424
AN19P:d2e9290ba0114e4f,14.697064506330706,5.725389811123939,8.003264100205497,4.721874085343589
AN19P:d2fa121b72f69fbf,15.883935980449762,14.717169977522843,7.052283243574034,4.603782943688935
AN19P:d2fb2e89240d9193,10.041120073403745,3.844361875534412,6.873071510869603,5.075529367662745
AN19P:d307a24f4b18f1b3,14.177485123681205,10.27801746110294,6.863134376656548,3.694463676735365
AN19P:d30a6628495ffd72,22.62912629888898,7.813323749018528,9.368885237352195,6.50470488443683
AN19P:d318516d10674dcf,8.797188733222557,3.0389484315224613,8.58169211588345,5.499624392774425
AN19P:d31b455c2b34ea90,18.63130418920335,20.452211823442703,7.696071150329397,5.756162261186752
AN19P:d31cb9613829813b,16.643087531754574,5.591755190091206,7.629835826334133,5.958392185294097
AN19P:d33f5fdd39294517,9.69176355427514,6.138095107441708,7.1777010098924166,4.415399724359693
AN19P:d3554d786ffc9ebf,14.145548562290918,3.848682434614145,7.744498213077396,4.92452164365921
AN19P:d361526524d1d5d6,25.515244306828198,8.83711869626144,8.790134050923163,5.651386943627574
AN19P:d369955bdeb12119,21.986995444635216,14.09204354312054,7.979323363862833,5.1863779477704925
AN19P:d3740f841463eaac,18.683918570469327,4.550498899736576,8.681043260727268,5.419560024155065
AN19P:d37a56bf8f4b62b2,31.30028727856856,16.91114224637393,9.52954078402864,7.750359779029604
AN19P:d397ccaa81531317,21.59712328000788,8.97535698367203,7.172705568503244,5.221074952475756
AN19P:d3a5ec16783b6ac4,28.20113157660268,17.82589894536536,8.472023186270846,5.121326879059218
AN19P:d3a95ae64d9baa04,22.43786619233966,17.906127085880257,9.609109526214446,7.828583805972551
AN19P:d3b10c5d3381b821,13.813653336026142,6.475167654826017,7.557368452670403,5.9679980178507055
AN19P:d3b816e68f738a84,12.860142042600542,10.544824080351823,8.693820846766464,6.643593860245171
AN19P:d3c88e0c70a9ca23,13.89187172473833,15.240029759323557,6.896193942969568,4.65472285556867
AN19P:d3cf8a82551f1bea,9.822311754329762,3.562391974815913,7.854870599328729,3.865473786986472
AN19P:d3d5b1dd6fe5a51a,10.541471088747908,4.63176780781467,6.4879911013464495,4.24653879728981
AN19P:d3df3443ea1811af,30.076047703758068,14.18126787334117,6.536615255861759,3.863898197808853
AN19P:d3e6cef316c6a931,17.355796188800614,5.979192517562289,6.836800483101463,5.242011109185756
AN19P:d3f72121e7cc3f0b,13.88052258415715,5.940817260946592,6.424471559869056,4.5900979941054025
AN19P:d3f95e70a1c7ec24,11.319376399322207,4.174252630355648,7.708000382773098,4.511863287399481
AN19P:d403d989f03013a0,18.52159692417651,3.409279190086643,6.429991560581269,4.782398000980701
AN19P:d41a1f26f0d9b78a,29.891199786802552,28.341142435677988,9.054227022207153,9.508903749428498
AN19P:d41fbfa7bd944770,17.603905071731962,9.373913982008,7.70536770802032,4.032383297866273
AN19P:d42b89f0bf2f3b5e,15.786823769259152,11.914933977466022,10.07407825585341,8.0674435382981
AN19P:d43ffe8166dded96,24.129441854659348,24.16887734791693,8.934862347147062,7.486721129771602
AN19P:d446165d8e9adc43,22.646755073779016,15.167709870315653,8.266380842239606,6.080486510782672
AN19P:d4513c45f029eade,32.605303510438524,19.214769303109872,8.726023034121361,6.882642400276398
AN19P:d46f99be92291361,11.180117244866045,6.6953340085800015,8.84709778273902,6.2024438035388165
AN19P:d476f3b6a15c938d,16.01001109451961,7.772418152049558,7.488318637763399,5.827664106901337
AN19P:d4808b9ae88a091d,20.684740799453525,17.06031506977632,7.249691828831679,4.951911227362832
AN19P:d492a288c9045d32,9.775921987882215,4.44833966867012,5.555873989242265,3.406638438541627
AN19P:d4a60ba63252a16e,21.443784943849995,16.99130896956872,7.133147107622095,4.173445474788831
AN19P:d4ac27b402c3a607,8.095885079812444,6.002514698279245,8.101198855181268,5.020388298284591
AN19P:d4ae8c61f7a961cf,21.15609697972341,14.607667238564243,8.70509467773656,6.320831345970138
AN19P:d4b1d5a6336d0ffc,17.401625020692155,13.668558659275927,8.525396507874865,5.982128227374145
AN19P:d4b241b4c995e953,27.73775041421357,18.20967534349305,8.454621930068575,6.019569024812339
AN19P:d4c1daca9cce52cf,19.13381304445156,5.358460917465447,7.604977261831962,6.004579431125948
AN19P:d4cc709592b8b5ef,10.158714849235857,9.317416478283354,6.50042516389824,4.335490670941451
AN19P:d4d80f6e55cfe7a6,23.099585867453385,13.32156869178315,8.663462117573555,6.912646867316192
AN19P:d4f08fde6450d3ec,25.653760700632123,14.72889182117019,8.635741899051489,8.344406005340385
AN19P:d4f8666427d16e70,12.49184632035132,3.7665068317748216,7.158337338811321,4.919492741534568
AN19P:d50a1f4f0d3155eb,23.302605182159013,4.138616342179468,7.494818111389123,5.641340566491234
AN19P:d522c9c9acb51e75,7.344239195043294,3.5664059997572704,7.785944286337457,4.554258384569551
AN19P:d536d992ba15b080,15.411298696341047,9.76034746235302,6.89871107679032,6.127670083478015
AN19P:d53a1d6b6acf1ea0,25.46335548872474,10.564735802857829,9.090949322860672,7.403424996678566
AN19P:d541569e2579e00c,16.945982741968805,12.827489934106016,7.757005288000586,5.382069291031028
AN19P:d551a074ce4cc312,14.814473433494255,6.578009002262674,6.291279002281742,4.521840290746691
AN19P:d5522841283ae152,11.684937623473337,6.573647335219943,6.696265920773711,3.314112171122001
AN19P:d566bc9e00e60ae9,13.917267354560192,3.4636207355079995,7.766003883016843,5.173236301454993
AN19P:d570a97d3c30b424,15.256643182438944,8.803471768168034,9.374209213989657,6.913547614165919
AN19P:d583479b74db9911,37.77889922042812,38.36080067966268,7.660604714089877,7.8455110833473185
AN19P:d5aa80fa6d348462,9.202389867730153,3.255095523981105,6.565699472277702,4.702674150694396
AN19P:d5b2928e72dfc746,17.366005191382225,20.946191189380727,8.272714837412089,5.161778710126248
AN19P:d5c134f9bf7e3a70,20.2171656491823,8.831319426739956,7.316337496826909,5.503303752727954
AN19P:d5c848e1424d58a0,21.4760440778253,16.59310111853414,9.327606708621811,6.71748552060533
AN19P:d5f33b9870327df1,18.475121680327863,19.698716191272386,7.354170677577276,6.10860438406495
AN19P:d6021608e3627e3a,19.864918768544506,14.17224529333843,7.107873304190922,6.452273097165001
AN19P:d609e6a0cae66a8e,24.42797700794981,15.298081988013571,9.951768998809143,6.365973247493175
AN19P:d614f661ee804104,19.001050321802804,13.387217800496389,7.701353015624918,4.647746862456192
AN19P:d622b79cbe27e96e,12.681245029816129,3.7360469235953935,7.036809940935087,5.022260927081947
AN19P:d62892b6cab1ec05,20.11670672176684,15.73922001976599,7.054762658695388,4.415999038464704
AN19P:d644e0efe813d64d,34.645314248215854,23.629969955862126,9.213657391140092,5.752530191750084
AN19P:d64b58cc29a76f1e,12.96986105223922,10.37616432518042,7.091265331576073,4.8440140153732445
AN19P:d657adac768ccda9,12.388544012401535,1.9301378615252056,8.090446860643064,4.697942071722836
AN19P:d66e4ca6b64c2ccf,17.50488144100557,10.27526092688472,6.963672063613977,5.012503064853054
AN19P:d66f8069174606e9,17.477985224373494,9.694497522164504,7.965219733188007,4.8435046672628665
AN19P:d67da5a2bb0cbca5,6.346060037479923,5.680374410809123,6.0562531289182,4.151952077133232
AN19P:d699889a0fba54b7,20.402626246192245,7.053869134150645,8.074650576076886,5.676165565939378
AN19P:d6b1cfe69a13e52f,13.802966775577898,4.466680549437148,7.852266211418907,5.578365053567524
AN19P:d6daa9cd177093a3,18.50124915987131,8.609794365958486,7.912286505854213,4.629910007511851
AN19P:d6dcda1c072ac91a,12.25779344151118,6.648611369180123,7.619210367004925,4.662951738520156
AN19P:d6e13dfb963f760f,20.962228983193736,5.344154852654313,8.469749964387658,6.106974821362944
AN19P:d6f41dcbb3c7a328,7.413424668786731,1.996094210790048,6.874283003090266,4.107991594497809
AN19P:d6ff41f0f58007e4,22.099241453232235,21.25628630435872,6.507654306733637,3.533971061685853
AN19P:d70afb050b3b96a5,11.119098549268228,11.995807764603216,8.07670921861966,5.773353283300638
AN19P:d70ecb0e57a3180c,29.21623654222196,19.676190850246428,8.770597942214895,6.690234246461992
AN19P:d712e42d916e067b,10.32205327599208,6.448481676009814,6.964711961826084,4.399897790342421
AN19P:d71e42a483be413c,18.530106176200533,3.493164035050748,6.689847508597449,4.5409118175316365
AN19P:d726c47461a7c485,14.594882034479564,5.639466969464048,6.570479281275853,4.480703608100169
AN19P:d727d7f1791d9e10,10.424637095467782,8.288758643531633,6.726506755427568,4.101722957874878
AN19P:d728055a3e761d27,9.951366016858977,4.447955644934443,8.014792892519873,5.601672583446978
AN19P:d729766206ce29c8,8.99604972807211,8.034512115727695,7.342444617400302,4.3826514702057695
AN19P:d72c8aa672caebfd,16.74845073656187,2.9871023462380704,7.436899160145089,4.754221964864989
AN19P:d7393be04a417cb8,17.962789732660188,8.674640453688326,10.011313809254338,6.707609330234532
AN19P:d743a246d375739f,18.676727266351588,22.619850992704148,6.961153667318724,4.619395536181711
AN19P:d743a4164be0c712,9.371438282583284,4.944407839643332,5.346005592835381,3.08887695086558
AN19P:d7455a06d9565338,17.070969542978286,7.491720091887184,7.31726998480713,4.205265656128005
AN19P:d76975c9e8af9db5,11.425724272627566,4.991120578500027,7.646342986228319,5.635646493326181
AN19P:d7709075c0736430,13.252909328791429,3.000774301283716,6.667153613580484,5.051396737428325
AN19P:d77561aa7e59c6d3,21.64027733432632,9.807363202152152,7.455914726579099,3.937960187873073
AN19P:d7764e292a8453f5,11.29560613416044,6.835232363585681,8.123560479363928,4.194822117190132
AN19P:d7784d68d6e09e58,9.48690626970244,3.3144948079909,6.684563486338036,3.824752573277348
AN19P:d784f0a84772f4fa,7.0337203035480655,2.721508479351177,6.7580779017887656,5.560290979157908
AN19P:d78fffa80adf2ba3,13.519475965325944,10.416695753164614,7.9758323165021,7.960124479783652
AN19P:d795e99fdbe6cfcc,26.551102820672902,8.664702322550419,8.328810711280909,5.796012921654422
AN19P:d796d9b0a4c97f49,24.226346692360192,13.422034440164309,8.20153033640806,6.331807133405582
AN19P:d79d7c8bff531df3,22.232788195779868,12.572636443266672,8.621271474367848,6.964764575008568
AN19P:d79ddb459065eb47,15.329799601040472,18.73738595498381,7.298627552359982,6.984776859761068
AN19P:d7bae3a9a03fa31a,26.31060153733656,14.288075565914406,9.180233576902705,5.604675467588106
AN19P:d7c0ca385a65d411,32.151665555860035,13.97290742993092,8.368740835123164,4.434134885006867
AN19P:d7c224e71ea94704,17.80598625069429,22.25996032796668,8.14943399998091,5.581715064897539
AN19P:d7d0692701a3b8e7,11.98833025911706,7.588359314664636,7.479575247834975,4.092048846805939
AN19P:d7d4bab28652c8cc,12.664586021893204,3.0357824588899787,7.081600783933159,3.73005196915186
AN19P:d7e280740c12219f,13.166645727669708,2.304504293513509,6.971631609139294,3.909620489477624
AN19P:d7e4a345059c4569,6.306068184370565,8.564687562814548,7.050567005734262,3.900073064540207
AN19P:d7eacba8ad4b5675,21.91305259069205,7.150570698388444,9.158147659036173,7.327408372416833
AN19P:d7f118b8ed5c76cd,16.681086838148705,13.864028225702388,8.10453165200518,5.7627276587641845
AN19P:d7f37284595b6d82,20.857949626269637,8.207839290713636,9.167374688768154,6.959727283130747
AN19P:d801c3168641c68d,27.058716723705302,15.989355476621146,8.987724760726172,7.804951953967666
AN19P:d8056098b6920e94,19.67998096011337,18.1597974541882,7.178635461485465,4.066657950805307
AN19P:d8087f6ce9e42a50,26.408051683143963,14.797186118757494,9.174346936173016,7.738972236602804
AN19P:d80bbd381d6be4c5,14.752198183720848,7.626479070940722,8.237116546441387,4.4394046217160295
AN19P:d80c150ebfa9ec4d,26.67821225694322,10.5285908340459,7.885143027071368,4.758159615793144
AN19P:d80c9863c36be4d2,12.333801350350422,3.596053774660431,5.576197212195397,3.7038165619631194
AN19P:d80d203b89a1781f,24.39773195678674,10.216484929232392,7.004693755351171,5.059863111107195
AN19P:d80d6fb60c98c9e9,21.524293272943897,12.907557520444934,8.319928646660511,5.706334778320545
AN19P:d80e61d56ec7e18d,13.763232593660856,9.992037869030288,8.317830095718273,5.499245096518114
AN19P:d811d8fb823b2ee5,11.161046875150893,5.734942313507962,7.281563713736184,4.801207748813372
AN19P:d814f8f47d3a1949,28.265450809759948,20.631221626979578,8.386931790144304,7.110081299260871
AN19P:d818467377dc2baa,15.31566400731304,3.424168340258632,6.791150197344083,4.074037482774211
AN19P:d81ac10602c7c12f,24.43558984152878,16.05467959216817,8.25556424807226,5.566634022227026
AN19P:d82476ee45733a2f,29.07455304997143,11.840661634863286,10.43947852045669,6.499916960043809
AN19P:d84cf4cfb6061fe6,11.62691279186942,4.942962743924216,6.389696138494973,3.787752351486705
AN19P:d8745d76c7e9b9c8,17.900862317081113,5.8857212414534885,7.17785314510008,4.203788344527792
AN19P:d88a9a03d510ed4f,19.059318190606685,19.304386784789678,7.276188862952522,3.7655490990961713
AN19P:d88b0bd813019797,8.417300217839152,2.353870874757227,7.329635972815648,4.58464559674162
AN19P:d8c906b7bacabbcf,26.15694108422671,7.550117162359442,8.081184634706958,5.240354563232745
AN19P:d8d2a4a30d4d859b,28.35010702296505,12.651255911511385,10.420941475660989,7.684804174557178
AN19P:d8de4aa38bc95b62,13.384824958633658,5.68864702721447,7.272271657498949,4.012325490109344
AN19P:d8fb73707b155622,10.985649527038928,8.381216542057285,7.77203602264615,4.64176788741511
AN19P:d9078fdf63a37c39,18.546402491120546,10.640511839447925,9.54415334636062,6.13402406292353
AN19P:d91437c3b507b1fd,15.479158061247556,7.922032857707131,8.154188522197876,5.414031825187476
AN19P:d91fb696fa239b46,23.51580754040469,4.7165515415997845,7.520738093570066,5.898723942814473
AN19P:d94317954b068884,19.057568109799213,7.074893422299393,7.189822320661634,4.813213324050484
AN19P:d9511856aa81af63,37.98786078705056,40.4540931652899,8.09349385818716,4.770232697046674
AN19P:d958be6a88e6fd92,14.624866259159557,6.516958980030134,7.092314913214618,5.228621862713285
AN19P:d96e05594dfb1e52,10.16002580019727,3.949240222902085,7.6367333479091695,4.411397893072976
AN19P:d971a8a38227c07d,9.428582503441948,1.9466687703104213,6.968208726420559,6.077237270908122
AN19P:d98a7187b680d901,16.350658932638797,6.121800065715091,7.891843518167022,5.795525222914081
AN19P:d99030630522e057,18.51553719034069,12.609829101622273,7.109305592068959,4.676579676731362
AN19P:d9916679606132a1,19.15100476810433,7.514497003487247,8.051889765949147,5.247787564377544
AN19P:d9a6759c4b4c3ef2,4.963669029429444,2.475378756851546,7.072570480895211,5.235879742418465
AN19P:d9a9b5c0c4b5a0ec,13.827408995340924,7.460721814134765,7.637111865408396,4.785100740465378
AN19P:d9cd4f3f0e139db6,17.605790669135928,13.66050133883763,7.942543665822477,6.85085969117671
AN19P:d9cdaca2711fd314,17.109332653995835,8.939283042186075,6.735750169705386,4.04679605275215
AN19P:d9ce41a33a3837bd,9.674935141155782,4.606347036812962,7.402186709102163,4.962515176038072
AN19P:d9da94d9af2c8326,21.004582891351976,6.616284313466214,7.420995330116675,5.346658137554394
AN19P:d9dae6f8eb50e251,27.2316976853226,23.346605655494628,8.671740765237244,6.719734538811407
AN19P:d9dd44d1abba8087,19.428768105504428,8.40156454768528,7.303425260044105,5.750615397229957
AN19P:d9e6f5b3f2a53434,29.67073433300395,17.56622495054699,11.45241404833938,9.664637030040913
AN19P:d9f1cb099c81fb21,18.1239135146412,7.108837361079634,8.79763021431818,4.620840178729179
AN19P:da068dc102b051fa,13.960773548004322,3.558844675942304,7.417542723856438,4.8599984134074825
AN19P:da07f1d319a3179a,34.11080074381826,14.5775165386422,10.08054182095251,5.434625992041068
AN19P:da279db223fad573,14.763797857225551,7.810155440451194,6.648549943660922,4.785663101485807
AN19P:da286f8449ddd62c,12.87732954615528,5.313990908176196,6.372209738847535,4.438067242617541
AN19P:da364e02c210b813,2.629622828903451,2.2964048107168424,6.718676513244974,4.4486309062724425
AN19P:da39bdee60c6bc1b,24.54211327302144,5.901632624760552,7.8699079977,5.450733901162282
AN19P:da40c29fc940f699,16.976153091723095,6.4965179486467495,8.881439247434285,6.254886203112697
AN19P:da50b6c86cfc4cf5,30.53899186671508,16.333714892095138,9.052458549518589,8.863852751963469
AN19P:da676809c831ba91,11.99046028713368,7.857293740402565,8.184356374998591,3.84921670030196
AN19P:da6abb13919d2da0,17.842363272618037,6.925642512015581,8.308233528015414,5.625722936459356
AN19P:da710d9f4e14085a,21.867745103573927,24.67727662799268,7.5248400357851715,6.902153283640778
AN19P:da88683f6a3ded7a,16.217597818285707,38.55199662495125,8.219678104670342,5.877273899257429
AN19P:da953dfe9af89977,14.581327647973838,8.611348308906594,9.013594210715748,7.373626450086658
AN19P:da9721d5773734f6,12.785820056050325,4.291052558362673,8.807756059227673,5.628757786075636
AN19P:daa6b0dce9da4c90,17.526914456420737,5.398372133746037,7.797114957190554,6.842317174851545
AN19P:daaa2b7b02690ff4,26.43057279885241,21.440731745678278,8.669129527464705,8.389799700453151
AN19P:dac3ad62c33f40c3,13.998822752485747,10.92742290545771,6.46799707039077,4.015386810605393
AN19P:dae8b206d520423e,13.063694391610351,7.327718098461413,7.818199650812681,6.298940737149644
AN19P:daee614b2de3b14f,9.965912610283828,6.362718682019096,6.973464944972332,5.236866074898202
AN19P:daef337c4dbd3e09,18.12213122933169,7.546407932759042,7.766075855706743,5.676324653717479
AN19P:daf5e3960a68468e,27.07245698510821,22.56985232584472,8.527068486587755,7.0696635557927445
AN19P:daf9a4e26d355f67,15.16707470832313,11.439532885652683,7.943802902046627,5.492977431485513
AN19P:daff40e7e0365a04,23.75159284118941,9.744889259996636,8.042893997270726,4.8972886013498735
AN19P:db1731093c4a6aad,23.04734595448714,12.762040665854448,8.048306292922641,6.848131973243174
AN19P:db31ba6387c5a25d,17.676545562184877,15.289890519798323,8.403614595321772,6.126163822260106
AN19P:db3f19782d9a591c,19.59100581820841,14.35996897241663,9.1266497506153,5.4937947035245855
AN19P:db4538e6ae5744b8,29.270809057029616,23.724116777010536,8.12650246172275,7.576523952076009
AN19P:db4747c1c2f73935,19.727648859520404,6.748126364821797,8.83080082941542,6.324304990750418
AN19P:db4ad9032971e6b2,5.458906793748439,5.543537160978931,6.609790314342608,3.1179215340859963
AN19P:db516f52fd2b389e,14.627544320151031,6.382132341894289,8.279243837133116,6.528492036730095
AN19P:db66434526eb7779,15.886461239950387,7.813174906932208,7.434510196921801,5.029170944193186
AN19P:db7435d635882979,14.94742223126407,6.753216923477597,6.903420321211501,5.375797542434594
AN19P:db8a9bb5a48eb405,18.37097131399241,9.604331084130663,7.353705153847794,5.333710997167215
AN19P:db949851f571b996,7.876967405608929,1.886983467457068,9.071385613214474,6.078592013191283
AN19P:dba06b7acc6f63d1,24.436897741476447,11.403109177664014,7.366269341895307,5.110189151953497
AN19P:dba2ab3ea0011921,26.55862543927332,7.901207524008307,8.710551777067929,5.578443918665516
AN19P:dbabff21898e8f9d,8.310689057600056,11.197367103380031,7.2266474490910255,4.88551543059852
AN19P:dbadad2610a1607e,16.88242839440985,10.357569458266005,8.871242396142797,6.194360592677759
AN19P:dbb4454d35664834,27.07864165669289,10.72699171885614,9.74452051068352,6.458995922537127
AN19P:dbb648b7429daa86,12.819328252937025,10.314326570339542,8.145144317273285,5.084318090885424
AN19P:dbbb2d5dd53560b4,16.764463053795968,4.7885724253753965,8.36298069641631,5.230184642183351
AN19P:dbc707eac0bb34bc,15.48413204826866,12.77776312911693,8.606833928596108,6.149766229725476
AN19P:dbc71b5815f61da9,25.454141978253624,23.19014628731396,7.430511350080836,5.070423711871057
AN19P:dbd1d07c6c1a5489,6.486023158898626,5.44514681074789,7.656112681616189,4.548459952314786
AN19P:dbe0295bfee2e4db,18.84020482493886,9.83146591622017,7.783957336568654,5.304269636435997
AN19P:dbe4d84f37e3a7c9,11.514694959325103,11.16391897836542,8.926960948429489,4.949861373877662
AN19P:dbf010bee3f70b88,18.3102405116869,4.9145010748169655,6.793465302007755,5.1144269912813725
AN19P:dbf3457f0bd13793,14.260572613012114,3.384899740583447,6.822919587044081,3.4417915121106204
AN19P:dbf5812f65a95e36,17.778577850313905,5.231449488586575,8.467290233773372,5.811194776891784
AN19P:dc0d46576cfa5057,16.611145170991954,9.65017237863699,7.658724393338647,6.07783642854421
AN19P:dc17573b829f908a,19.637007425046583,5.008032177049617,7.833171626426584,6.663190487752245
AN19P:dc290354cb26ad3c,12.2784843383369,5.688445835667311,7.248520261607673,5.184841871543638
AN19P:dc307410b1fa7b75,36.23411340995962,12.605269101765272,9.391254252231656,7.213998694163928
AN19P:dc462b21a3f36e8d,18.528885656914326,4.438992636957873,7.306967260211728,5.195302408154618
AN19P:dc4d11ed90c485e2,10.264945469567856,8.412353359021141,7.841919014010286,6.003588545665592
AN19P:dc519ea42e6ae1e1,28.453330601419754,24.187554757821054,8.978892999335738,5.857200050084423
AN19P:dc52dd43fc39b437,18.475194866168003,10.830469527134587,8.161582899659725,5.082359312314121
AN19P:dc5805b760e821b5,13.178054353595575,4.712867697395832,8.464673216418683,5.300606926900602
AN19P:dc5f36d0d0a6f9ef,12.85976175885533,5.230422088243888,7.784713570248745,3.321702020699901
AN19P:dc6c7cd2c529706e,14.56736462386232,3.5006243642490613,7.613443664246205,3.570783944017216
AN19P:dc7a4d3551336907,24.67657897392782,23.0603843766412,5.768335820965441,6.0052207391001255
AN19P:dc80c6f53dfbc021,17.267984432298466,6.162959337228976,8.528821662419055,5.307015003189648
AN19P:dc83f95926eb7f2c,21.36942904909208,17.345465921572323,8.058586794796952,5.575585547282577
AN19P:dc8e686fbd34dabd,20.626942409391702,7.7097951719863556,7.876915059457898,5.970477930237572
AN19P:dc8edff9abbd1b61,20.16699724728708,9.65774255208957,7.798826800645306,6.004026562556791
AN19P:dc91bba9fd16f50e,15.444077499165578,9.224317062655096,8.13526054297445,5.005168512301844
AN19P:dc97fce5ecead943,12.238100759246288,9.464998570569966,7.345250607710647,4.801850751675053
AN19P:dc9dee23a412af45,21.30597811678111,13.134316385507445,9.747937616426924,7.349704904671183
AN19P:dcafdfc852142c30,13.998109789753665,6.179140807266774,6.881198082269433,4.020048739390629
AN19P:dcb5944a609c9738,40.80204414283653,41.39897941123519,9.027718538935952,9.23504037151726
AN19P:dcbe587f10328694,19.945714132279942,10.439236251888223,8.38522137337176,4.786960706705769
AN19P:dccc2df9545cb4f9,15.75266765239826,5.00077202005685,6.631525450670019,5.140532851998125
AN19P:dd08d09e6eea93bf,21.51185696741305,19.810804147484088,9.18360746111946,6.256054810797698
AN19P:dd0f3ac2df105d80,26.663177172148075,21.05942474549517,7.689500472344434,5.012541988872718
AN19P:dd20d1d306bf669c,19.73361372455079,4.362154600956015,7.629550382727268,4.710389368462673
AN19P:dd3efbb428b57d74,16.306192106279546,13.725307313683365,7.339885439625543,4.308095408636813
AN19P:dd417e91f6456cb5,17.20916947921311,4.04445317284648,6.251939172760778,4.659170909082935
AN19P:dd46079f97ba1e55,13.42589358047068,6.967237430585291,9.216147299446344,7.918824184570619
AN19P:dd47f54094ff3336,28.21765139691024,13.71109628795219,7.932756124931995,7.947320553681064
AN19P:dd51aa66dd89c443,15.455709632150867,3.3864563390149787,8.777423091114562,4.540350415353391
AN19P:dd606b6b1edcf8ca,8.315158643439773,4.195706201391436,8.907096311143203,7.065960308993616
AN19P:dd6d465fb482ce91,9.881036510406188,11.039932994203452,7.413287800322881,6.451065846643124
AN19P:dd82e0437182b288,17.029733100841437,10.380709924419063,8.126754939684664,7.125562578335746
AN19P:dd877feacfac7782,33.998685627249806,16.201912553786002,9.497609920829634,4.6774884409602135
AN19P:dd99f1819a2a1292,12.9742984145527,8.71660909151039,7.7168225431932465,4.624186182663419
AN19P:dda6d59c933cc63a,17.41780349752961,8.560543320057457,7.390438199072423,4.376828799147965
AN19P:ddabab387d56dfb3,13.97751382863296,2.9790727523181944,7.222250544369306,4.819640347466294
AN19P:ddb9f40c4d5b4c75,26.62774969203322,22.30629389835659,7.298598092979531,5.085377056550058
AN19P:ddc5b0a75d1e2579,30.128315046951293,19.94775784299414,9.01960414515154,7.1610691598283225
AN19P:ddcb05e3ffa2c325,17.345914071670617,4.068468262976315,8.080791928558527,6.565701951535162
AN19P:ddcb4a1edb271fec,13.22418750877717,6.824217805249158,7.225010277291008,4.585812284324536
AN19P:ddd042b61ccfc1a4,26.197925713124043,20.612560095663923,10.980184934429548,8.677865969603323
AN19P:ddd7408f71e5516c,14.235380182477652,6.977635490169965,9.038469185346075,6.023259953321862
AN19P:dde68d8010a5826a,21.624322829820123,5.3671821101190815,7.677823037279474,5.014161397402271
AN19P:ddf577dc77684eb7,10.892848727661082,8.024206282499017,6.790805358745049,4.363701803417521
AN19P:ddf5828ec5961c8b,16.380708209240897,29.471766466011815,7.567526698961021,5.515524635012873
AN19P:ddf73de159b85bb9,11.735770780170697,1.8916102790744704,8.975577251582907,7.521088731141081
AN19P:ddf82e66adb2f1ff,12.759882673943071,4.781068519661175,8.490748327266102,5.051389688681444
AN19P:de018014e420d653,12.760725476586307,9.33503650453482,6.3061236462910735,4.870466252835064
AN19P:de183c17dc421b3a,13.096616778756244,8.398550880666566,8.346104089914421,5.371563811335111
AN19P:de197e8f2375d869,18.28339874268052,6.214307234482103,6.783113860106826,4.492947818481817
AN19P:de1a4526f7218802,14.816120326917073,5.578436414946954,7.830963358453624,5.238208683231418
AN19P:de2bb75b5a14ccb5,15.048310072038088,6.349251051132447,8.815181924430638,7.626670951925022
AN19P:de2d0ba52390df7e,17.244572625241865,8.412017915466135,8.232527621289357,4.56373051068574
AN19P:de504a72a80f0fce,14.088822980540876,4.3258951903157845,7.380901392773621,6.031415032335533
AN19P:de6da0ea40075d21,18.82483547149517,10.40894396660476,7.049426194852161,4.774433270049737
AN19P:de7a607ee7a1a0f8,11.744493660383473,3.615350714081429,8.268116789725113,4.861433342710476
AN19P:de87c0f1b2dc0ce2,26.064935690884734,9.751849593088949,8.375010203198858,6.233545378436072
AN19P:de89b46f84895b11,14.249511380247815,12.506804962375284,5.8191754038084005,4.643387375484293
AN19P:de8a870985af1de4,31.58415352432544,24.463815222941783,9.445257209121555,6.309840570155535
AN19P:de96a0ca6eea888d,14.122118788702297,14.478539016613809,7.072424752350513,4.132093355884527
AN19P:deb2e3c4cb9b3287,18.3633791226692,7.504664185501756,7.145628884272238,5.32507208849317
AN19P:dec0cf2217f8f14a,13.657377034106704,7.042877150124623,6.712227494373803,4.746143259967143
AN19P:dec5b0a2454ab304,10.917379193005694,6.890735595173823,6.727724942464716,3.933355703236756
AN19P:ded87955360d700f,14.159882908990484,16.179485725011908,8.140481798196197,4.661812524695908
AN19P:ded902e66ba579a0,13.90373472743733,5.404101293414952,7.176953626938674,4.821759353246637
AN19P:dee7176916bcd3d6,13.385827826594644,7.790356524523783,8.248120293736012,5.3274583463279646
AN19P:dee7b41f46702958,16.22980738759538,8.19142022735636,8.758206847093371,6.230840534246776
AN19P:dee7fe152ca34ef9,25.015974113869184,7.708709618332162,9.183681601147155,6.022906976985768
AN19P:deeaa5f25716a057,28.671864561791654,18.79202818617011,9.596808155124863,6.644183446724966
AN19P:def8bc6dd9c41ef0,17.867315728095544,6.468585117506644,7.313563493143831,4.565765676593177
AN19P:defbc37616382636,8.652216316245157,7.663889720537556,8.032185540044438,4.5246998134574055
AN19P:df2795eddae3ec6c,17.393753760707508,13.878480761687378,6.646237768981534,4.383158253221485
AN19P:df2e8673997ff693,32.148848990261754,14.7697614995914,8.249443609244775,5.150908132881254
AN19P:df4094bd93863c6c,15.790389269501087,6.168921261332521,7.227065537086224,3.500111288179609
AN19P:df4b1ac3fc833fab,26.438691949896405,8.552293308593896,8.381242443978415,4.986840389225938
AN19P:df55966bbaeccc1d,17.16605307498472,6.118194633670272,6.770580880801227,5.014948554256948
AN19P:df58c098b0adb993,15.592941176987129,5.959000349431352,5.806802018062825,3.060544771452452
AN19P:df5c37c14409db74,16.773443842535553,9.766187338163729,7.037463234199112,4.293126773106252
AN19P:df69802a41f00129,13.383603275395346,2.4521091625782865,7.358571660745715,3.7319758715387423
AN19P:df6c7b09a38362ec,8.339027710319614,3.55833100131973,5.780232928031225,3.0143538934987304
AN19P:df7ce143c85b5a7b,18.14043783413078,5.766032841310385,9.45652696696405,7.513749132826125
AN19P:df8a0bb1a3a6e546,23.17530358845068,20.10288066165364,9.757999354099828,6.476890826796674
AN19P:df91f65d67aa3d5d,11.271382346523795,4.456870207886383,8.097789082843686,4.863290092659893
AN19P:dfa6002ddf51f794,13.072887699274792,8.414659851414417,9.04284570905184,6.164026587287115
AN19P:dfbf78f0c28f7322,26.26139854095666,20.937002195893783,9.390426474815175,7.639335433523717
AN19P:dfc3052b67f9169a,15.821977393899186,4.675245516891324,8.79490627809365,5.295155061691725
AN19P:dfca51d964b5bd1e,16.177905697701707,7.680116611311988,6.779200222371253,3.966883996323285
AN19P:dfd1b7fe4b1d3dcf,14.43356185168868,6.4947302196678685,7.760225874837094,6.118159143424743
AN19P:dfdb809979e7c0c9,23.155863578282908,9.436136222165116,9.509093795118568,6.391648142200301
AN19P:dfe57a8d5580fb02,12.428280263080769,9.234395661034412,8.145702793951378,4.862817896606655
AN19P:dffde7f74b90c3a5,12.326114123038645,8.246935243634523,7.496430816343773,5.162516414428945
AN19P:e0192252a1bbc6e1,16.556949400565575,9.82776314463742,8.228950487227655,5.748126714430954
AN19P:e01b9ab74772cb6c,12.024487899214574,2.017184849615826,7.604158733581393,4.035443037135938
AN19P:e01f7895c5b64a86,17.529046047094244,13.153216012551232,7.929199690183314,5.913544376901919
AN19P:e03eeae239a9e363,9.197351853995483,12.680649722205429,5.624584871974243,4.794168269779202
AN19P:e0413c08b63418a3,18.052900078025885,7.682565100861355,7.140009038088983,5.192601975111943
AN19P:e054db6f048e81f7,27.674307480382048,15.781803639701469,7.28241765372372,5.3816172201929415
AN19P:e07834da704c83e9,31.64863691338645,18.919836358102703,9.945479367364351,7.31653807821805
AN19P:e08c4b43cc5f2a47,21.52444648169186,10.282492289242914,8.566481608905193,5.279382677838011
AN19P:e09b903dfcb99ede,9.78801907449131,3.924986559507468,7.097538681778021,4.039436678220288
AN19P:e0a0cf38b0c3255a,7.987113461409674,4.562672035153239,7.10292885343492,5.916096807503415
AN19P:e0a5515819b308ea,13.701431053083198,14.21794102783767,7.929898545319539,3.851926926750545
AN19P:e0c7c0e5caab98a7,13.15872044479934,4.082010495539191,8.431092577005076,6.320572611481678
AN19P:e0d27fe0688f82fb,15.123468883999942,1.936717311587132,6.975040123684508,4.3640127904375845
AN19P:e0d9d63ebf96660c,12.736441591612572,20.32415460865869,8.645089153355475,5.574366365231508
AN19P:e0db6cf29c408a46,15.777091997369752,7.110610445209191,7.30215074863756,5.403008887493807
AN19P:e0dca1d691a8540a,8.366206490262314,6.964668404602812,6.773099351561255,4.1327093143144085
AN19P:e0e947d515b846bc,17.44159375756992,14.806834955297052,6.68338989533491,4.535329774627337
AN19P:e0ef63b4f7640d1d,13.0949303458117,10.088909849187758,8.04391743739867,4.15142706676707
AN19P:e0f1b82578a0613a,14.969283918478864,5.631568091024137,8.527771680318326,8.702376594789083
AN19P:e0fe7382d73511b7,11.072896464906108,5.476245256142905,7.328822166067678,4.623340312866183
AN19P:e10187b12dc25721,11.65584480426407,7.615171672139263,8.130462907265846,5.555896290996463
AN19P:e11dcd70c701a862,14.0522189313006,4.333410493775641,6.101807854544523,4.963823876671245
AN19P:e12f1e1428296781,19.80705221494426,7.086498395757588,6.153618466015186,5.459192672354475
AN19P:e133f3cb97824029,18.76210139127673,6.584816134079536,8.196448275339261,5.058947650269998
AN19P:e140d03a9b29e785,23.86248852674539,8.73505624101725,7.428525951173632,5.453668706402157
AN19P:e14f8d7c6d2fbf3c,15.713095141870664,5.7301679522876245,8.726458072631777,7.742728051085213
AN19P:e16f9be61f8f7c31,16.286152317442003,4.684116545504106,6.778477040113415,5.7739439235013625
AN19P:e17c1f1e508ac7b4,21.70379265705386,5.028611104226574,7.581333532904613,4.110681049313475
AN19P:e18d33eca4a0a4c4,8.117980759171882,2.3149585351964794,6.729031552950012,4.649385582166316
AN19P:e197484329903088,10.160945060600218,5.127684434066223,7.524264347318639,4.771899563240332
AN19P:e19aa52a609ec4e9,17.28101131137779,7.761834808159639,7.704751887959476,4.507263883940063
AN19P:e1c7fb0d6d731904,11.26839354046932,6.5687998016553015,7.302045204492745,4.904354765071064
AN19P:e1c9502a5eb5e9db,14.440593563794105,13.484817984142996,8.375199773952389,6.277168519536286
AN19P:e1ea3d63398ad443,16.29626608664164,8.93192127215211,7.917574857146298,5.904717993575745
AN19P:e1ecc99bde15f2d3,23.24402180558185,9.827670646708372,7.01200652534152,4.655340663151975
AN19P:e1f3c4c5bc0ce01d,11.005152041571437,5.084022278920278,7.1678385439305865,4.373289418784344
AN19P:e1fcae91c6f711ec,17.409096894457615,16.794835652418957,10.755483386339897,7.116192131259343
AN19P:e219e83483fc8c9a,20.399759160489708,7.651862436399888,8.524055929053066,6.131396510309395
AN19P:e225b4b797a319af,23.390895293089716,14.141446125114175,9.354975334556467,7.208450243988905
AN19P:e232e9b317d17d0f,16.882015115568155,6.997985056139974,8.844980941522511,6.500554655057019
AN19P:e280bbccb80f7dcf,22.3811956301236,13.365572884610884,9.136353937168415,5.418078998559579
AN19P:e2a1c8f39294093e,16.521835182387726,6.721824637236545,7.993942624909831,4.641341781146008
AN19P:e2ebf1d30d994832,16.42082165273173,6.08915036427738,7.709848078349617,4.030725112968304
AN19P:e2f9375c49b8892a,28.741821412027704,40.77922083071292,8.54052618456848,8.057131048189772
AN19P:e2ff409d3023b49d,17.08106208496335,8.357372346806525,8.176664552529662,6.3355771719524725
AN19P:e305d848f8d370a3,29.67768862550364,17.008492962603704,7.311507384805591,5.32282132914468
AN19P:e30a059f2fe8a6c6,11.63243184616694,5.892670803943189,7.200563841681476,3.6170299418578167
AN19P:e30b52f6f67731f4,23.112893228277247,11.414981502334214,8.17030324623852,4.973399508494456
AN19P:e3118653aa128ae2,16.92620002608026,7.443935383917413,8.895877643123209,5.375809395963348
AN19P:e31aa7fdea6f4deb,15.65654194832602,4.518210455110838,8.988024767003797,4.494456806622979
AN19P:e34038d6d230076c,13.210464063329466,3.1684238477998776,6.40929705317726,5.21210937687724
AN19P:e362894358a65d0d,9.977745823305552,4.875970437225025,8.561491108856677,6.194259989763799
AN19P:e3651569bf6e2f64,13.775479400245484,3.594593656844236,8.90832662571649,7.241236855558879
AN19P:e3713769141f27d5,4.135449535741143,2.2699993768289324,8.093750319164462,5.05129161750514
AN19P:e37e36cd34c0b85a,13.503019915737957,3.395379661973536,7.725661143378672,4.398961395558791
AN19P:e382a8986b0f456f,14.640306978159208,9.27142346257576,8.323710850550384,6.116541162306645
AN19P:e38db62c6fc26e07,20.38359522839446,14.277905735371936,9.798230042369712,6.70671879247976
AN19P:e39e6c56a94775d7,27.60471559758445,14.842415065353189,8.816464593936578,7.343836058444702
AN19P:e3a57955fca2cf21,14.805345254285395,5.0098476880117975,7.38310729852317,4.817976732550561
AN19P:e3a9d95d08722b86,18.619178735952914,5.470484269056037,7.228085160186975,3.416747924203496
AN19P:e3b0a82d3a076d4f,13.04202048011932,4.730843208813117,8.33499159651782,4.5238223503775306
AN19P:e3b984f03c77fd39,14.782512214924596,3.3915555940918893,7.256695944562843,4.990158929903121
AN19P:e3c284eb53902288,20.373759856928128,15.466793657252886,7.674084351795866,6.600232292073407
AN19P:e3dc7b6c3ef0ccd7,11.371382572687445,9.197875565715655,5.979314247909749,4.018047025272678
AN19P:e3e166df99c9ad72,20.99702621052087,9.79769584907121,9.070362907802256,6.737904201887012
AN19P:e3ed2f6a40bd482a,19.5529966311671,8.211464869807916,7.656535039052348,5.044881378868088
AN19P:e40b64d293ae1f70,23.24782520297045,4.943268477354862,7.863322845595288,5.372057650060756
AN19P:e40d9539e283f674,13.507385564803783,11.713059111828048,7.603695364378644,5.611839141368202
AN19P:e410a7bfc2e3a45b,15.35973421564158,4.01723597130911,6.553331771289077,5.862394728377157
AN19P:e42175e3ed30ed02,25.4563394600754,14.00576990467191,9.516809217095783,6.2373318244171685
AN19P:e427c3d04147fb99,8.113819950060366,8.569539063898189,6.6854107377814085,3.470294175297626
AN19P:e42cec0a872e2ab0,11.056744928795434,12.918885004474769,7.690856379298403,4.661475431450201
AN19P:e43361702cef3267,19.867139532214583,14.631794757696907,6.521945371018886,4.046271509847847
AN19P:e43e4ef1b891a1f7,25.911628942044004,16.636138299861692,9.668367354167094,7.818629440237873
AN19P:e462b7e73f631ffd,36.49023272436816,32.24144396867203,9.59023918310502,6.987885422199241
AN19P:e47129e0817cd6de,17.224759408322974,8.482835157749275,9.344494048883703,6.7719018392841175
AN19P:e4816e291ac73fd6,17.48015425595854,4.67055627700278,7.756295990026421,5.185494080639375
AN19P:e4923ccfdc5aaa9a,8.739776120273673,3.6490769618164,7.339094339166892,4.357404825732534
AN19P:e49350126d4c96fe,7.810930588406008,3.003933032363,6.164117535142557,4.359524195303875
AN19P:e493730b6c7227b8,22.461605391900463,13.035450545834932,8.352065516674113,6.040846977159157
AN19P:e4a2420a9be226a0,15.24087832824544,5.370835326561114,7.238012759394608,6.291626086452395
AN19P:e4a88c4482ec4155,16.726717278988264,22.387534226785125,9.386480175000216,8.844131491568263
AN19P:e4c0808e2a5def50,26.07159589072792,12.353756805544291,6.741507213821027,4.939322577954564
AN19P:e4c33ba1eb360e57,25.7614613998004,7.970393078436099,7.772069937614255,4.815847945674294
AN19P:e4cc3960df03dd6e,15.566872618864991,13.99113900903791,7.366388626525385,4.524004520673221
AN19P:e4ea16c448b8184a,23.79549330926008,14.855608384890305,7.304698253697316,5.556421304682042
AN19P:e4f53ffbbc63ff6a,15.679307122371318,8.20364178313965,8.87474592574322,5.581297621397821
AN19P:e4f7faa178702ef4,10.480479132876493,3.874703036103865,7.034730961229033,4.76629751538332
AN19P:e5022eccdcea96ac,21.536527678072712,18.407645400511484,9.554213028846563,7.508589580298016
AN19P:e518a12d342e023f,14.889129788051967,2.853551396337956,7.124659342165025,4.4777036490781725
AN19P:e51f5779e8ae180c,17.993236906177323,13.180723969162344,7.294429541961916,5.143313288914589
AN19P:e52c6c54c130e8cd,13.950201980672055,3.897468591647776,7.129087504511029,4.055842117333454
AN19P:e53164d97f0de524,20.98272432704341,7.003688115512415,8.926669806573997,5.288414234227109
AN19P:e535e01365e725d4,16.241711741542126,17.617383729217917,9.71547891108443,5.935971251602651
AN19P:e545d0c2c0421d10,10.059804741133789,6.768718664234843,7.405172570215972,5.023634443449979
AN19P:e54e4ac72faf419c,28.21395872814441,21.03482748909803,8.71792797392173,7.146727518129742
AN19P:e55a4b5281d2fab9,13.804983969694232,11.067853667093043,7.864652804173032,6.6273647578000014
AN19P:e56760d25ab39b25,19.92635133913466,5.844113989529972,8.383320951381164,5.3794570932961525
AN19P:e56a00594b6ca462,26.5687235381044,17.90034747547135,8.941914696953678,6.32090328193978
AN19P:e56c16a5a20a0605,15.366032774945324,5.504306138702934,6.685731631144943,4.189327122087157
AN19P:e580035dd7c62ea6,14.557354899605818,3.951271396491998,6.896181492672961,4.698304234758221
AN19P:e5814d5f0f3a634c,24.83607187281157,13.611652710456406,9.548414604460548,5.594208349993606
AN19P:e588007600168a2d,13.812572206633511,10.44699413188118,7.014071014153975,4.520685119715699
AN19P:e58b717c0bd7e2e9,13.440183252726076,17.48313943044276,6.611126498953683,4.78381842330221
AN19P:e58eb03772c48f35,21.498307934353264,12.985582462300746,7.022070335888508,4.397401993352161
AN19P:e59ca1d99e054c5b,26.92196673785432,12.94095539487588,6.830500644923771,4.512753442731603
AN19P:e5aa99a7554407d5,16.611636850086704,5.483154458545373,8.124619843320742,5.359839318057633
AN19P:e5af72d166c0599d,8.412729382401093,6.873683207318917,5.8576514345589565,3.6684999151540825
AN19P:e5b4ca80af2971a0,11.050354339776616,2.8244987801833603,8.10779439744233,7.079806392850209
AN19P:e5bc88ba135678eb,26.487117961824843,6.09154741125747,8.488536261810605,5.749237882516454
AN19P:e5cea6e4b1bf8572,21.699571003414125,22.02565590501348,5.992131198592544,5.5184480794916615
AN19P:e5f3c9d61bb42128,14.363610624519325,5.282089235258795,7.966051674405141,5.972539520435449
AN19P:e5f6f264fab030b0,21.363484792974,19.412247906077443,8.038802127016046,6.744172109321312
AN19P:e601c1b4e0675516,12.618446341495977,4.022167090564114,6.576518371121306,4.148681647333487
AN19P:e6040a96c3155dbe,13.5616223582105,15.35942854440989,7.2654677984627485,4.809248698926252
AN19P:e60b1b7c23f812f7,14.165045855483482,22.193183820126364,6.688160522412364,4.458487450765514
AN19P:e61e0ca99c872105,2.801670206038852,3.644680803008164,7.13484182502345,4.971313294121392
AN19P:e6255ac8207a4d6c,25.12605422286068,12.636913825833991,7.28528213444366,5.525191561265019
AN19P:e62d8fcc7a880243,14.039866520893767,7.625081048638548,7.653338522720356,5.174841377542684
AN19P:e640568848d4d43e,23.056866128664797,11.683712700917075,7.667689529465926,6.260358422468409
AN19P:e652476d50f96185,26.88671922079886,12.077297040739492,9.174008181942762,7.642795668948772
AN19P:e65d6da36a4a6406,24.04657559977337,22.376941584406936,7.049882124114521,6.220741342059809
AN19P:e66260d7d7600897,13.94754101462185,5.692430755079107,7.889385665314438,5.3632068849384025
AN19P:e66276b7f4b216f2,16.401275001520965,12.691526033550382,8.828779918379794,6.132952899168186
AN19P:e6757361f3610a37,17.231944364555,7.209799114186461,8.162847121765061,6.265597996318311
AN19P:e67e8fed38512eeb,19.45259803143489,33.90153474448632,7.916541930733937,5.768922538159871
AN19P:e68a177071d3af23,30.57486989399894,23.500699676656904,8.554351293086945,6.6088807471683735
AN19P:e6909fff717e4224,4.440015409134954,5.399557597541569,6.700171389184199,4.428633738752358
AN19P:e69baa7e68e568f8,9.966096196173256,7.727298449491637,7.542325921433133,4.813312738064307
AN19P:e6ad8f67f4b1cc76,14.362637671165476,22.60360319569338,9.004731848943889,6.5961119222814775
AN19P:e6c0dd0ea3aaa326,17.98503713976545,9.189717818078714,7.447372406004701,5.224067498276534
AN19P:e6c3add7730243f3,4.440015409134954,5.399557597541569,6.700171389184199,4.428633738752358
AN19P:e6c52224be4ce286,23.74841987780657,7.751880746101167,7.867300068804803,5.301786798538483
AN19P:e6c94d6c7277c47c,12.222311859933694,5.875068896622952,7.732996885797037,5.586578120928253
AN19P:e6cd6e6f0bc89cd5,15.93459118939671,7.607462218920483,8.859393954167361,6.945525320783832
AN19P:e6e85f4a6f14eb08,6.278707138339994,1.895461108951204,6.626452880657603,3.916992485827805
AN19P:e6fe3143d597b7a4,15.077690394902689,8.045607072099262,9.0537000981284,6.697008590082867
AN19P:e711aa2916da9ec6,16.981740422695452,7.417907770117917,7.4781331146577585,3.849715940549984
AN19P:e72228a9d3196a98,24.66066413237564,8.683179398888742,9.306091113365593,5.769626544850055
AN19P:e72e5bfb4cf74965,27.79980498938193,9.942679093689213,8.289271214236381,6.358407127910165
AN19P:e73f23c0826208e8,29.196471913337906,17.525857108487074,9.66791856115394,6.1572938213275625
AN19P:e74cc9b82f253fe5,10.64908299191216,4.104250726490126,6.605538688891168,4.139298061795609
AN19P:e74e3862a81acc6a,22.97990985929322,3.1247103303333126,7.441722143957405,8.782094901449012
AN19P:e7523c49b115213a,3.7600762712847455,3.325973870379745,7.185410669004226,4.530304426805573
AN19P:e754f40ba1d373a3,10.41611926726499,2.917839634857774,7.349129301042958,4.913543320626556
AN19P:e75cef4677488cb6,14.686240539272813,2.194400844020974,6.209030619064625,3.330340487124161
AN19P:e75ec4bd3c308c22,16.074080657602394,17.303530712327117,7.079921018949473,4.755392034358193
AN19P:e76c5d843627d9bd,18.24929569046172,4.606959461773744,9.14649785900532,6.044989520238689
AN19P:e771097099376899,18.588046942490333,6.102738627002004,6.558293141800067,4.231883382280633
AN19P:e77414781d94ad14,21.03155275387713,26.492995823980053,8.298179904657374,5.313602246550228
AN19P:e778cd6929648fd7,21.242609796460258,12.070658047788418,8.132488951484541,4.673158282216903
AN19P:e77e1b3c7166a83d,32.44864726919364,13.057913652892127,10.349017021628075,8.325708982001709
AN19P:e77f69767d65fc92,17.81386945592415,12.55766957641753,9.587441759186753,7.039036085609236
AN19P:e7805b61052efcf6,12.56036654897139,9.3866885453035,6.6562830151072925,4.619222854520041
AN19P:e7840949afb5cd64,18.5119737199625,5.005833266124113,6.888781826554291,3.317541417703996
AN19P:e785c5acfc6961b9,10.906613145528734,6.445198273782896,8.950864125643387,7.001651016973041
AN19P:e79d22a3eca4006b,29.688230934716533,11.69254282328088,9.20773422280588,5.351309398090643
AN19P:e7c3953fad14f279,22.75279028003354,12.561231722168907,8.168627662463916,6.240574754558663
AN19P:e7c82a9fa5ee8dc2,19.252421259426225,13.296955543073768,7.644042220215293,5.976405113924145
AN19P:e7d14fe1282ff0de,10.739343248418052,6.602287182285972,5.803302866911893,3.675006279400652
AN19P:e7db75ce04267e78,24.69761744320826,11.175931060343158,10.18916921777173,5.824417355123124
AN19P:e7e2464f8e99d868,20.68513373690767,10.798649520437753,7.360811463956883,5.541587888143519
AN19P:e7e57b205b8bf24c,27.00117065824896,34.11709142874252,9.485834024480368,7.197222439559387
AN19P:e7e70451be5f3b99,22.57367892967773,6.66456137337968,8.208376825045196,6.609979072334514
AN19P:e7e71ac7b6092a4a,14.411585960782356,7.912684364349212,8.866871897544398,6.115513120353717
AN19P:e7eab7b4bcc08624,23.877764783169624,11.632095427022614,9.07199066846214,5.986731070745214
AN19P:e7ecb6147a381090,16.152697849090078,6.592780386634324,8.332243424774129,4.839407100448273
AN19P:e7f7d274b62379cb,12.802542142806915,9.732958595158117,7.535531654747966,5.392203936498262
AN19P:e80c6f36196c0df8,14.3779161890559,8.915535859330141,7.589403352783162,4.700012560607514
AN19P:e814b0ea8ea2a8a2,22.267400698012125,6.960479324570153,7.359698629917667,4.512646907351722
AN19P:e822177a3d626fc3,23.543265497570506,9.335437730703571,8.459397062026982,6.902074225791102
AN19P:e835b554f5a5a70d,14.771632535676703,21.311080511425335,7.963758308370893,6.198757882123886
AN19P:e83a2d0bcf8ea33e,11.748293169728305,5.7767587394836895,8.556582779661294,6.685862766747838
AN19P:e856598975cc4bc3,18.654124605144787,13.307702523922313,6.98874895457918,6.269529057335914
AN19P:e85c5d91ccfdfe3b,25.91492634757176,10.287243918234768,8.37119305155766,7.182857226573096
AN19P:e87cbcd4c0924a32,22.866154246512075,7.296301950746933,8.662373494390735,7.202517236287189
AN19P:e87d8536033443ce,24.47079835316667,11.035185783390489,7.343330224784632,5.171779282149902
AN19P:e8886b4135f1c336,17.18798158177438,9.35798565441557,6.068927271533912,3.684724484233473
AN19P:e889cb26db378337,18.90334257893448,10.911963079519298,7.508290373959419,5.671303330231094
AN19P:e88a4cc848123fa5,28.7085259081382,5.332026541083143,7.089842048541639,4.136514564316962
AN19P:e8920f141ac1daf0,19.447323661776416,9.341930630087823,7.303239315938714,4.86316230765147
AN19P:e8a0a63da71ed41d,14.823173322610124,8.033132642404698,7.384100094112735,4.4438719018271
AN19P:e8a3185d1f105588,18.355406955594617,5.034827691949789,9.045257856416043,7.873072517490367
AN19P:e8b77e3dfbb68b05,10.739847083692773,7.771061149981001,8.398135594038274,6.136427779024311
AN19P:e8c08ebf68346672,6.730524142148171,2.420374918913308,8.194430054168103,4.633585697600177
AN19P:e8cac3fb7eb6e361,16.6025577521325,3.023838052007097,8.181330525107233,4.704480929601768
AN19P:e8cc6e2575c4b0cd,11.543291002745416,4.193593945213972,7.607893084038296,4.5628625559163005
AN19P:e8e75fec9cd13e16,15.166265226174737,12.35767250915424,7.1002639757798285,7.121683955343912
AN19P:e8eff67989d46d39,10.963704567670002,7.370877369607767,6.572307111521875,4.207299121632887
AN19P:e906518038a9923b,12.834552992979493,3.096478985797238,6.362482016918432,3.4949072602602897
AN19P:e9085ed01065dd71,21.01771496854329,5.54300737824571,6.637690820569598,4.432831118761382
AN19P:e90c8d0162914523,14.176647007002623,4.656999176268338,7.374594632367327,3.997708713343933
AN19P:e92ccf69f7841b1a,14.166366744918014,7.270399917089593,7.1926358900957705,4.015616665805783
AN19P:e9608a9e695a8c17,20.533387958622367,40.9218404651641,8.197450081815354,5.347621820287374
AN19P:e972641e5a484c50,27.04698978687759,9.140066043825229,8.089457611058592,6.228490577837509
AN19P:e982fe7b279fbd1d,7.828166054741517,6.20599970167442,7.52536268466675,4.974320528909144
AN19P:e9830f81b2aa22f5,20.56936980452287,5.706089545374196,7.580649822116966,4.446545007761511
AN19P:e98a9d62832631fd,19.44523845144364,13.742823410623888,8.876889529473448,5.427002086622607
AN19P:e9903fe24a4b5346,7.823827033023546,3.105923137652617,7.30738669056326,4.12432876395346
AN19P:e998acb27887ca2d,22.43324830466303,13.74767989130423,7.773215835576833,5.64092491836957
AN19P:e9a60062b57c447b,15.154622200036954,8.7785956637273,7.773796493012004,4.894809801640004
AN19P:e9a684a1b2ba8aff,20.946541482661743,19.661099485127195,8.204414567505992,4.9039616150053575
AN19P:e9c334a0f9c059c5,16.410007551913033,16.02002589560728,7.6197952244861185,5.187495791384993
AN19P:e9cc2be359fedb42,18.036989134205747,13.346333651684269,8.48373507955974,4.999258362535385
AN19P:e9d53e3975ef40db,18.210248411876854,7.834988701335259,8.462419050440339,5.11949615363138
AN19P:e9e172d21790d045,13.15973376142309,7.419838081542282,5.87735591952658,5.315035020942636
AN19P:e9f7f57545afa4d7,23.274491023993264,7.292864215109238,8.309366717629203,4.517140578670675
AN19P:ea21126a8e008b11,12.271902146881615,8.112740154544493,8.367470395875769,8.181887961876402
AN19P:ea3e905343e60bad,8.233103691749566,10.927538069753298,7.716674593144025,5.290488552275484
AN19P:ea4a164c9a903492,2.403929489996843,3.849884686735024,7.71979827532477,4.228969559649499
AN19P:ea6080a9ce6a8739,15.14103144498256,5.774743535156719,7.275294437208547,5.341815003588923
AN19P:ea66baf359542fba,12.0616857038595,4.23022943433041,6.92022129594013,4.055112929947482
AN19P:ea6c97c6f4f138b2,13.256785290072129,3.637972569703424,8.115197145482922,5.224113496566491
AN19P:ea6ca9d7d0ce9282,18.65499844726266,14.660516866833508,5.4585242582796445,4.072168725507333
AN19P:ea7ab6384215b594,17.326540686950846,4.728331036947416,8.74260688251136,4.109683473016876
AN19P:ea7cbc5c7f7e9988,19.252432945355864,5.537562425124135,6.608137016093796,4.963665528233028
AN19P:ea96793b46358194,13.047419333938883,2.485762304207173,6.828634926561064,4.980322547697083
AN19P:ea9f6aec72b0dd50,13.77878274152668,9.832127280890814,8.612690576474792,5.621137183785424
AN19P:eaa09b52658a855e,8.110392214252236,3.234041833017105,5.515809058078833,4.467037414538733
AN19P:eaa12af6bda12f29,17.355796188800614,5.979192517562289,6.836800483101463,5.242011109185756
AN19P:eaa3167de550eb70,20.28599060200392,6.4235969192659335,7.1605301841835285,4.347323595562645
AN19P:eaabc076fd9ef53e,20.338793578422813,5.796311971990499,8.516580029394513,5.735888365178357
AN19P:eab2812a34fa15b5,10.193715054033962,5.30079672772569,6.662515452630119,5.815104408129409
AN19P:eab8fe7dceab6f15,16.759212307312936,34.319873917520866,8.717307435647209,7.583196165498355
AN19P:ead763dd1fbd118d,26.38124676414083,24.871427357122887,7.6144098103242595,6.569524052089911
AN19P:eaec21f0945343f4,15.745256775070263,5.2411159163087655,7.615395230311246,4.633113658207359
AN19P:eb00d05ae912aab5,18.8896377765202,11.2157556618378,8.156599147086213,5.957373428806735
AN19P:eb041311de72d0d2,15.77274266762554,12.968765143949977,6.620899014443823,5.110164177941099
AN19P:eb07166fbbc27321,28.557205310418677,14.429523616130346,8.663973652728275,4.692954565699053
AN19P:eb0752e8e407d823,8.450356801348056,3.2353075837911267,8.008576365874818,5.36918138573866
AN19P:eb0d71f7ef9176cb,31.27796549670249,15.463323558518455,8.687575363068035,8.402644344976821
AN19P:eb26389df9a34af5,26.07283061117082,9.774802156308022,10.50203971000226,5.793044421016464
AN19P:eb290fefd6164f43,15.132434943080357,18.548277529920792,7.083438048720288,5.376518664717334
AN19P:eb2acc2b93bfcc08,9.302112883013177,2.3067149976737054,6.732026473059979,5.791673548458966
AN19P:eb309e6f800093da,16.0931329085075,11.827865353509791,8.103216780456984,5.252829100668986
AN19P:eb3d3a063086f7b7,45.45906821390125,11.46409122437919,9.870217207710876,8.56934316057637
AN19P:eb470663f37214f9,23.364191750443016,11.829131172419952,7.5182775282271646,5.685740175135324
AN19P:eb56d0502d721ea8,16.97474753287166,10.644237394717711,8.107906258190196,4.081733809777403
AN19P:eb64243947bc99e4,19.836477837109435,19.637589700866094,8.274741192105871,7.483617064908511
AN19P:eb766abd939c6d1a,20.367849131951708,5.07916786744674,7.928559308523339,5.672071715735626
AN19P:eb76e3fd13b30630,15.058804688004171,10.179675370510484,8.563787851775599,6.533406641538322
AN19P:eb7bcdb9abcc37e8,4.62164389298191,2.551872981281916,5.854275444259279,3.4469773348871517
AN19P:eb80e551f38fc43e,10.421098669170872,5.506005986302935,6.366450720685774,3.614721445707234
AN19P:eb98598a2e8ac2c8,25.79912959859976,11.157769270981415,7.661147642789793,5.62702258619951
AN19P:eb9866adbd526d3f,29.91882540788516,17.820777829336734,10.966470352330909,7.832739222857845
AN19P:eba500d307e63d35,19.541792449545053,7.7900913289011715,7.852925999651899,4.39769552672372
AN19P:ebbd6133909b54b6,24.71052791032969,11.141442944689857,7.922596073241727,5.976408637419199
AN19P:ebdad920d5ce9cc0,12.628578773829869,15.319534605258326,6.792494370694347,4.418933496823808
AN19P:ebffa3fcfc1ac6de,17.55503385353916,8.956361494496802,8.595400837760955,7.99037943019856
AN19P:ec0df533add4d24a,23.536068601418208,8.562266632324347,7.994584396988359,6.414560543745999
AN19P:ec18cc7a681f4ebf,21.899796478522592,12.765553322293265,6.908673371264275,5.935491571319909
AN19P:ec2711fff07fd23e,8.900942498098214,3.9486027166919353,7.279146418441899,4.575563214352457
AN19P:ec39e7bc91f45438,9.197913827142605,3.0679293782293287,6.576976874107543,5.172525768505482
AN19P:ec46c509f62b43e0,16.131188279157822,10.970738817208352,6.9602509488203,4.886836173056585
AN19P:ec55ffeaeb066383,15.553351957935549,8.683810928648793,7.537029498017564,5.999029590095041
AN19P:ec5f40844941aedb,17.409818312871728,3.598017060741126,7.748445434030258,4.643522905310863
AN19P:ec6a5577f9e9034a,10.539209922717877,5.693189294938584,7.2324294750911475,4.192577715502734
AN19P:ec7043515d919f83,9.558754538171994,3.3033466584088096,6.108265359080117,2.9020569898542448
AN19P:ec7335359d432e9d,22.82687998710159,8.627212692388378,8.309467673067843,8.173445284738845
AN19P:ec831df85bc30f28,17.966113550689844,11.345993472607478,7.639863456406779,5.610452625594631
AN19P:ec85d4368be00bc1,18.731870101759345,10.39207665153299,7.710671622972557,6.272043118127749
AN19P:ec952859d7de2450,33.84233918630691,13.715664630987344,10.061561847778572,7.635807646627192
AN19P:ec95b26e08396e86,11.516428146815729,9.067390050412753,8.115287092200168,4.123818028766768
AN19P:eca5eb26184e0352,30.87646062051272,20.59075886508796,9.039055032641796,7.521590184700913
AN19P:eca6fc27bbb842c0,22.97046259178793,11.819372466858772,7.815341479617096,6.064027117751306
AN19P:ecae6abb307c64c5,26.219065090963163,9.083546747903162,8.290997717259593,6.2991834461463325
AN19P:ecbc1205759a90c7,27.667282936403847,17.02106645333895,11.546685181669073,10.360990735637872
AN19P:ecbe5823eae3cc8a,8.062012483052595,6.412749351176703,7.162011696855832,4.733252395381669
AN19P:ecc28812bfe22080,15.463257390970591,10.092489246383192,8.239514367953712,6.565854757132505
AN19P:ecc5e10c379f404c,21.08065910361875,6.945591040332904,8.643293670247624,5.328019825920595
AN19P:ecd289f4b3e71259,8.907965130301788,2.758105348172337,5.897366864919225,3.036642162341744
AN19P:ecd5f2997e35da1f,24.9032100653196,9.47751974235814,10.45048349853823,5.995746317384
AN19P:ed13d7e0e3a5d4c8,9.111552536288691,4.189650489582619,7.441093825268749,4.421808547405373
AN19P:ed1407690a4c6965,10.90981651735316,8.306512571037466,6.216999757409043,5.06437593645706
AN19P:ed2edc1531cb8b28,24.025269938026025,16.54511981014386,7.058773221153415,5.927873380951464
AN19P:ed31ea9e82291a88,16.36444677596709,14.003433060475787,7.655479816603209,5.721733519798637
AN19P:ed35f3a4f689c68e,12.327503992840269,8.036285109603618,7.697766919726783,4.069908736573981
AN19P:ed4b8ea886762347,16.491049326410984,18.89966148487941,8.303361409434922,5.016611130805757
AN19P:ed553be5f970d459,18.508220360851517,8.024943271734136,6.501489863747156,3.612824807165033
AN19P:ed56c26695fe99ab,15.328965843826488,6.2543538175731,7.727642477270945,5.334105406342694
AN19P:ed58413a604dbfb8,10.915689114805277,6.024165041765171,6.741447127685413,4.66501985425665
AN19P:ed5db6a2fe227f80,26.64530801290147,14.68408398571835,9.419256256236366,8.461130438911617
AN19P:ed60f2bc1d5c28ed,20.79799207945359,4.767672621340983,6.245954519982231,4.734348171010288
AN19P:ed645f8d79cb0abf,11.508517372189749,4.629215903514639,8.396486082150593,5.902252429276615
AN19P:ed6925b787b4540d,12.269489328454126,3.874061699230849,6.546664089490811,3.890836908437101
AN19P:ed69a6a9f8f85412,21.561839831023303,9.751165920121538,7.9638278191176335,4.762644114229134
AN19P:ed795e365e8933d0,11.078094684937424,3.693666759023911,6.290126577665365,4.197475405151022
AN19P:ed8704b09928e221,17.954718159829305,9.505860736009172,6.612391094705036,5.175341391473715
AN19P:ed9e6b9129e8027c,15.944811800196808,8.504852405733796,8.371331742964482,6.5782130783723165
AN19P:edc27f2e9f16cc23,6.3722207257915615,8.538822399336903,6.325012606772932,4.516323559661632
AN19P:edc8f0017a1ec30d,10.088497932466698,2.5447397517271417,6.668990117015579,4.464407875175451
AN19P:edd6d9fe4eb79250,18.114940360039867,6.489767975382652,7.847543346056914,5.435003110179282
AN19P:eddbcc7357524f67,19.407161569156145,21.88240714147477,8.284363104745871,6.309191150137776
AN19P:edfe59e680941ae6,8.523345651158001,4.772290664172405,7.468591655637332,4.537306815083168
AN19P:ee011e3496562ee6,19.996032980566323,5.752574669887041,7.6669328499294975,4.460032411348428
AN19P:ee0cdf94012f0d94,19.34042128945703,19.1408347883554,9.249508196820884,5.517370316468827
AN19P:ee13724291e9f228,13.376450714888646,14.851264908240903,8.256508144814436,5.177066410339492
AN19P:ee1f8b491705210d,19.348809637072865,15.918587250393175,8.245722696131956,6.151799806182519
AN19P:ee2274e6a50fd3cc,29.00386113462439,11.815500251659504,9.653504912314236,6.613892364156815
AN19P:ee230652c3225ba6,16.44378226989484,5.913018093932589,6.312358620900351,4.123018256724542
AN19P:ee253b1e59ed23dc,13.893277329225942,4.794835269019072,8.311096923220381,5.95381661227307
AN19P:ee31475d0b64c2ef,14.011057793785032,5.084623917849519,7.631550743132062,5.5865605541191465
AN19P:ee330fb026c2133f,11.029792149613504,3.0655438610636265,8.598580080931091,8.327694134325153
AN19P:ee48ba1abfe56f6e,19.93505720361438,7.193654608492149,8.864299990063158,4.395392875550932
AN19P:ee4f256bd835ce81,32.4474796991715,12.212789800103367,9.105118650646528,8.011425225356358
AN19P:ee5742ce12e6f0f8,17.788131954095853,17.155329442209265,8.873456864513507,4.493355821209702
AN19P:ee636eddbdbfd2bc,26.989423566649045,16.189264346361725,7.047506863817103,6.129825850122247
AN19P:ee63e3a351370b0d,18.23748116798321,8.459541085427789,8.973611553531772,6.2324267108932885
AN19P:ee65f811c48d6018,10.541538435559316,5.537182493524861,5.772195811088848,4.293600484934272
AN19P:ee7fe227c99111a7,16.038973368302404,5.69790033710919,7.805687206517717,7.0093410361895145
AN19P:ee95e3f50ee5cb63,21.78393709789453,11.334628477722148,7.751203751251909,4.938469874576355
AN19P:ee9e8dab40cad65c,16.9548556426322,36.67101291114742,8.302270027308513,4.893438633898885
AN19P:eea899298a29d597,19.3475727071792,10.525225659595758,7.1036555999469,4.635083659352246
AN19P:eeb45a8758529ca5,13.63679908978557,5.112333906898401,8.611182461118695,4.375406260915683
AN19P:eeb500576a45d9ca,18.46200545289521,7.327353044398184,8.572604424830642,8.760854536355286
AN19P:eeb753eedf0db909,17.49732787704744,7.685425116271494,7.2574544256266,5.323099642710556
AN19P:eec2a5960287135b,20.54735833969628,2.047997549278655,6.834153173907065,3.3835219715163767
AN19P:eec4fef448246f63,11.293586933557105,16.44227919385345,7.53439897267154,4.883316905274001
AN19P:eed712b303063b6f,7.759454330249642,3.3634542746537397,6.019147964900312,3.953035783110711
AN19P:eee86b40baea1527,18.6450564423738,32.4882839828876,7.580575017260834,3.9158583626752215
AN19P:eef9b92bcc97ceb3,11.119064333390265,6.556657772753229,7.0781907991377375,4.027279718890084
AN19P:ef1048bd59e6f9b1,20.030953760144047,3.87433696696943,8.770156975366305,4.821278835666989
AN19P:ef14163f387847e8,12.815401687346322,7.994997899196757,7.511455950100999,4.173243528818877
AN19P:ef1a5b8fab8aa5fb,21.55129536518469,6.388903553006804,8.451459630294952,3.6708915466025616
AN19P:ef218b6f566add5f,19.56363356759819,4.6879967860693466,6.833809326091425,3.764805139886599
AN19P:ef2cc0bcfdc9d6ed,19.410809632433715,9.525513846077118,6.13576861856134,4.065798669499684
AN19P:ef4020bd7241aa04,12.761726118157284,5.825649665588352,5.536365199721085,4.424504309215931
AN19P:ef4ed2e583c976a9,8.69378682377513,3.450594295905508,8.04500396974446,4.9358038828537465
AN19P:ef505aff9581ec01,13.492634132438944,5.651641372511411,6.8978602212685125,4.099866325455227
AN19P:ef659af7eed14714,17.05309858872957,7.239737073587243,6.860063440919324,4.4309440476339415
AN19P:ef6b714ca994ccc9,12.576687845542445,3.5028289557301484,6.997480466756439,4.29466743342895
AN19P:ef704b837819c158,23.7278615148519,5.83362798194552,7.66221673021959,4.7461045755751465
AN19P:ef772220b555d5ed,16.768790287557277,17.242922863150305,7.746255173314983,6.460882796227316
AN19P:ef7c7574c6aee2e2,3.7600762712847455,3.325973870379745,7.185410669004226,4.530304426805573
AN19P:ef825cbbdfac167e,9.793584052961467,4.298117869028837,5.488576895747836,3.6636238706401976
AN19P:ef85cd2b94186858,13.489229930938334,11.16024720566124,7.679737587231007,4.869191011697224
AN19P:ef8efc34bea84d46,14.660398908921978,3.104859806671792,7.660618164092402,3.414409649663116
AN19P:ef8fe2f23ea12e17,28.03739449179508,10.405896402747407,8.066446215702666,5.55314580773651
AN19P:ef94bf9062146446,5.011347993476056,5.264338131355474,6.718940366286133,4.042798022576991
AN19P:efa032af935818b3,7.492398092234135,4.7225141514453775,6.581291552093758,4.831682696017472
AN19P:efa277a69f1a482b,18.20790420850351,7.9808500206876545,7.812494515140505,4.656194927195431
AN19P:efaed1acb89cda07,41.37482771706462,30.191931106701126,9.21003236282531,6.863453279281446
AN19P:efb99cfcf6c72093,19.458620524200256,8.911000233554491,8.242748613766858,4.567247970679903
AN19P:efb9e4ec5a1bf840,24.175051791556225,14.488688485627415,7.850956240142589,5.868296122565216
AN19P:efbe8c0057688a91,19.293038603407844,13.929144436878358,8.919878732669604,6.475608607004888
AN19P:efbffd16ff7dccc7,20.889924045586625,7.758972845312003,8.377081367240368,7.289688158677722
AN19P:efc2875c54b55ccf,21.273982235158208,18.488828044904757,8.198409802664036,5.870953229353659
AN19P:efcc724d07be3f81,16.87802477969511,8.6453948466136,8.25515949736214,6.392648896872614
AN19P:efdafcb99343083a,6.998602363908306,1.652607591886816,6.303915248614471,3.722380528205397
AN19P:eff8a13df955df2f,12.807329073011196,10.906832927334806,8.092143121179852,4.610346524326739
AN19P:effd6b58d5701b73,19.158837548572667,11.239952933465458,9.319714984522795,4.88385307485283
AN19P:f00743ca7124c327,16.743574412921852,3.52236887170126,6.372604123678451,4.370207949142564
AN19P:f00f04b2baf53f9c,11.004890745962433,7.311386402427649,5.737676610665377,4.4926658411015445
AN19P:f00f37da1b9105f1,18.43965644179501,32.79964226352827,7.390174542105285,3.5901713558831245
AN19P:f01c0a183897744c,23.91464748670423,16.661871056531528,9.256752597800576,5.370915827265399
AN19P:f01fe292d0ce1fa5,19.13472860096851,8.291270654563233,6.775273105360382,3.933428992407961
AN19P:f02191786cf40e89,12.720253752698214,10.994512295741234,8.740091697831996,5.431677394707499
AN19P:f02d5776470bbf27,7.149813819228075,4.631097670773767,7.228455217652276,4.219283779999465
AN19P:f03903480d368a98,17.054799709042644,7.550049116214343,7.194802826250349,3.990869608740581
AN19P:f055a16ddff08605,10.577800622050177,12.93729483124493,6.980876997132714,6.20908112284561
AN19P:f05e649d72949a2c,11.559861503302503,12.555800175425643,7.816062616568824,5.295973540757134
AN19P:f065409b9285c2f8,21.781209113762426,14.907868298185171,8.735294085764515,5.012603004116975
AN19P:f07116ca4586893d,12.21979660033536,5.752615596235208,6.682344073243395,4.8787469398674
AN19P:f0718a90f9ed7432,22.93071587750378,12.263648278543505,6.6536274822615695,4.98459768404977
AN19P:f0932f47dadd0cae,24.002986073457286,7.510672870689976,8.472844996218708,5.041814448725367
AN19P:f095e970c554c744,11.14792084099182,6.212711073288256,7.658568230298086,5.524362337530924
AN19P:f0a07cedc80c97e1,16.41504038555906,6.813014006088527,7.937024076084922,5.140699547115251
AN19P:f0a0f748510c106d,7.17120116100004,6.085518047390565,6.750730915751936,4.0509829940632684
AN19P:f0a64a48271b29d3,17.69942059216675,7.644582739395368,7.281829029804286,5.146579616469197
AN19P:f0a6863735a9d50d,15.083404956046865,10.76884673490863,8.177716732963455,6.675706572490499
AN19P:f0a6993733108fad,13.626724183171165,5.283376746129383,8.644886407746512,6.48996314086953
AN19P:f0b409689fde55cf,20.79799207945359,4.767672621340983,6.245954519982231,4.734348171010288
AN19P:f0b993af8d693fc5,10.85801212575874,10.259422645988652,8.549210088888573,5.686538564697289
AN19P:f0bc0d618897ca47,18.229251486035945,4.43838994988076,8.242838075331507,6.133809381747234
AN19P:f0ce7cd739aeaba0,15.038112639516642,4.09775567615361,6.340221173303423,3.9975096795450464
AN19P:f0e31aaaa7044dba,32.258254493472606,31.35065477444641,7.910519885628677,7.312079482863506
AN19P:f0e8a6acfbd2c2f7,42.03405605900187,37.68460685956416,7.75683330218065,6.806198736465404
AN19P:f0f08b12b93831bd,11.82154673848968,5.338140388766382,7.992604248951653,5.209012876259235
AN19P:f100e3e961ed75df,13.09097628976058,7.440535932663791,7.413277472797388,6.551743621473479
AN19P:f10e08d13d7034ca,30.376179473362424,14.860939549902016,9.116558009047855,5.332297641965745
AN19P:f116a3409b6dd6ee,25.47327490216844,6.426411124093776,7.417943034954692,5.017251643294442
AN19P:f11b4d3f88684e65,19.083299364746487,10.055515753732296,7.853113511679378,5.011939090022666
AN19P:f127200ccd7de682,10.286353383533152,5.607563000641592,6.521644611542609,3.403867484000561
AN19P:f14897d7780c083f,15.479158061247556,7.922032857707131,8.154188522197876,5.414031825187476
AN19P:f15ff72feeb3fce4,7.150463389711742,3.940422321158795,7.784150192459733,4.501622279513892
AN19P:f16bd64c4f5a7c95,12.6623550200533,7.370415381609475,6.715839787223634,4.512806076307863
AN19P:f1723434e80e9068,3.211383005095596,4.981749943191306,6.832862051236968,4.037375818334987
AN19P:f1766beed7d10708,11.38145774553996,6.333436375257494,6.70611476058641,4.124619842299609
AN19P:f17c2895222220cb,14.440593563794105,13.484817984142996,8.375199773952389,6.277168519536286
AN19P:f189c98f010036d1,19.551149963040192,36.26732409667636,8.979405954958848,4.706019583903192
AN19P:f1a1f612c324591d,20.90224811881261,6.693600648326012,7.389938230571984,5.764333211125889
AN19P:f1aa89b06aa890a0,13.193544534070188,5.522942477717228,6.521804536699718,3.8529448957601846
AN19P:f1b15ea65123c807,18.153184207123964,4.402776548542581,7.253088400662721,4.971441954871977
AN19P:f1c550a4b226a59d,11.62648614663397,9.950827076072413,7.850724658403021,7.599319548151978
AN19P:f1cebd92842db5fc,9.498845294633693,2.8640715041515006,6.5166803439804735,4.448741294152957
AN19P:f1d61f315ba54b78,13.808795775875044,5.21589545720618,7.63609596864501,5.27629548040505
AN19P:f1d6499db64c79a4,5.159209876511003,2.398924472541319,7.257761776615091,5.233608338667803
AN19P:f1e0347adec6fb88,9.195612583994688,6.855258918332291,6.343560034886004,5.321732417309866
AN19P:f1e0adc2363b20f5,5.030512374524271,1.1766670050207737,6.328476085797595,3.9627380182208976
AN19P:f1e21953a6552d52,12.15814699964473,2.238170324664681,8.456929309883694,6.013576795056333
AN19P:f1e5f6ca74d8b248,19.63872315605014,13.620355720833162,10.239244694295824,8.084023822436789
AN19P:f1faead1e84fb5cd,23.065912034139757,14.874397476596668,7.547079102295254,6.532970556910102
AN19P:f1fceb0557d70fc7,13.605251614083306,11.166403118380424,8.639372823652415,5.998653184453049
AN19P:f1fe643d105a025e,15.957062618849957,9.483590192075225,8.183072983230838,4.588469654177546
AN19P:f201766758711732,17.950664906356142,16.060694947137165,9.57908542410045,6.669008856993717
AN19P:f21c71f4e60a1f01,19.922019468897624,11.611055057107524,7.050083709179289,5.712294334143525
AN19P:f22b739808043e96,30.56043040159009,14.610739636006905,8.028467342878669,5.217727753431511
AN19P:f23141b3685755fc,21.82331876827009,7.723880056619788,8.136545236517366,4.62853782089165
AN19P:f243be86db898000,23.884959863484447,8.599947950821877,7.727368475586017,7.239714288095468
AN19P:f25e505c4dd0c1e5,4.889859138901535,39.93540367874534,8.2374424124275,5.820775351413086
AN19P:f279fbdff62edec3,10.73395845843451,9.98778000958828,7.984295004513552,6.417542852095835
AN19P:f27d01fa8b62f41c,23.112408234408253,4.289139749602621,7.554451152858236,4.399704420788843
AN19P:f28d7a70ab59abf9,29.00386113462439,11.815500251659504,9.653504912314236,6.613892364156815
AN19P:f29d977ecd4ee0dd,16.507006822697612,9.188074689318164,7.39559873464567,4.605678720784367
AN19P:f2a36456e0356ca9,14.556954996630267,6.453498015699325,7.229028267142906,5.691971961374352
AN19P:f2bd5aa47be6a9fa,18.073470377544236,10.92709547295558,9.315064051944807,7.097227376063258
AN19P:f2d3c10dab1d7733,43.31553087726504,25.64664680763361,9.741623699550203,8.124252571197058
AN19P:f2d8709f536aa51d,12.631932616446289,11.906499748842108,7.217124327398187,4.516356106644597
AN19P:f2e2598cab1cd737,24.103225243316825,5.42158311183956,8.399669766262583,5.341883359566838
AN19P:f2ee3f2f43b1f61f,17.80466524489361,4.015242971645644,7.736988234004918,5.084276558861673
AN19P:f2f034c5c7ecbcbb,6.264233193482808,7.132670053939368,7.014194797869806,4.367182373657991
AN19P:f2f9ea41128d07df,26.336234968786645,10.468624932076215,7.008944417748818,4.673392854009973
AN19P:f303029a1e8e7b1c,17.787604729742615,10.694786730903902,7.385227047141877,5.170991372230248
AN19P:f3154d7f5b44fbc8,21.56486386278094,17.42436244883576,8.909861081341832,7.643011816457267
AN19P:f31b3137e56d17d6,15.685603090495832,3.8908062650126274,7.958848145421465,5.591136992455973
AN19P:f3263c063533f4b8,18.764330715448622,7.036543466113421,7.130174371192822,5.284382197686838
AN19P:f326fbe06a59fe49,25.62464320673521,11.022509424290936,8.751969651331214,6.303570792178201
AN19P:f32b6da17d4dffaf,16.58078204207544,11.810947813875384,8.086085499448712,4.683134027755225
AN19P:f32f18345e35fdde,29.819668843840645,15.723948268054116,10.859542064870546,7.990715605373056
AN19P:f32f5498c986c427,10.974228574375696,4.9289103206635625,7.67841054908963,6.394184841711265
AN19P:f36513064b4d5a72,15.829875564303832,8.847035246464616,9.187320599685057,7.259827846645567
AN19P:f36e62084507950e,8.33174831615631,7.698039878436504,8.453912484041862,5.599503375773188
AN19P:f387117d10ca1f2c,22.65710664115271,7.301101528400677,7.832493749731842,5.512898769209228
AN19P:f3ab39cd2d3d0dd8,9.05303319843184,11.06301013664523,7.6001231619919345,4.277149659450746
AN19P:f3c7ca772436a897,16.052713661377208,9.619039948814478,6.61212666419679,5.136510889935519
AN19P:f3d1a339483c92aa,17.411297613792254,7.596603565799208,7.662282499424792,6.326268025814807
AN19P:f3d6d1ef81fd8c2c,18.33140361507088,11.766502887978165,7.906581462982223,6.196177193599019
AN19P:f3da8574d88b45bd,26.23411120186548,11.362315288907652,7.452072887971137,5.711549924739525
AN19P:f3dfbc4b6f884ddc,13.099117753034507,5.498073486720684,6.955243549837268,4.787491272214182
AN19P:f3e6b19686dc8331,9.07858071714689,6.239055123992918,7.806970891678632,5.007300757112105
AN19P:f3eaafdc6974bfa9,20.6333439395556,4.209216602105595,8.155138433699797,5.088870016021478
AN19P:f3f1bed378182b36,16.597920689137073,4.330690448533579,7.913937586337616,5.029144331738551
AN19P:f3f60bdb21ee5a59,16.15935442812505,7.299296753618928,8.131162922179815,6.12868338336046
AN19P:f404dbf2c4476aed,5.694999078724187,3.0319495153026006,5.893580825163668,4.489179275314057
AN19P:f40c21c6ac0095b3,23.068028719799035,24.26740660048583,9.400267861249969,7.368050875518092
AN19P:f4250ac72f9a5e20,16.669501217578762,6.715755893918158,5.679616137522722,3.281335289449081
AN19P:f449396820d8eb33,11.802069734688864,6.5443825886205005,6.1858279902226005,3.8585636355585686
AN19P:f45da86058e2596e,13.93995389537202,15.784847649985087,6.947646298835646,5.379925235244233
AN19P:f480b01235bbad20,6.925895143946338,6.554139223774696,6.963571186403717,4.234822175757201
AN19P:f480d68bd2d883cc,12.597983255888096,1.690351572728245,8.27592856346039,3.694017759175969
AN19P:f4810c0401b4d634,15.878231673230855,15.379265069854066,8.091141020857012,5.663977136333111
AN19P:f49a64ab0ea68c87,13.043644799196295,3.9221970094574456,6.525820735996247,4.090214765476611
AN19P:f4a46b1b27f57c95,31.443371178544474,13.0389397832022,8.155270010203724,6.924213406014603
AN19P:f4a671017ad96f90,21.949428356167388,5.897404562407096,6.746162734851199,3.9222014875867015
AN19P:f4b60ac99553f538,19.01491040464644,17.311221704996708,10.344303142751992,6.943168681646109
AN19P:f4df86fcb9939759,22.584917301062795,11.977971668047765,8.085043885769542,5.331724756944509
AN19P:f4ea8beb8d87b97d,16.531316256910493,6.25990322597862,7.305302675303187,4.295284292486108
AN19P:f4f8f0681db27735,27.5406036006299,8.045312201128237,7.491196695244027,5.249223258414823
AN19P:f4fd48167cf64e31,12.520046944756372,5.163322696847836,7.019082240637796,6.7329573484391565
AN19P:f505ff650c22c607,8.59778658729505,7.781813838586605,6.546343666394644,4.607377946710828
AN19P:f50ce2aeb24bffe9,35.35386390264394,24.352314172949217,9.763985871975962,7.430603321138954
AN19P:f520667c559b22ba,8.785496373327303,3.082655534084781,6.463287308176469,3.302295132589389
AN19P:f522a309904f512c,10.647688579801844,5.1219317295437,5.930470030310007,3.7085733415743705
AN19P:f52ab206901f9c6a,23.47971977740523,9.859395730070172,10.363645427818636,8.322003105692101
AN19P:f52f3069f511f7d7,11.71943316898536,12.292627630139664,6.8421114939227285,5.028911495959124
AN19P:f53d1594d1640e1e,14.4740207884668,14.499349285399994,8.321223234527515,4.092306365072631
AN19P:f549523e08ed22b8,25.956506282625885,5.59933774807948,7.354171893636634,4.973443840667326
AN19P:f5650facf2c1dcd9,37.32784592793896,19.26687717169796,9.418217149137773,6.308904474823446
AN19P:f573dcaf16968433,15.22514955718492,8.591909758831983,7.934072341883889,5.095689444513684
AN19P:f58aa661b650e405,15.877982597548934,9.507531188824313,9.470834105490258,6.694101387185884
AN19P:f59c26e1569013e6,11.582173117968068,3.838862796026719,8.753843901161046,5.226235182524603
AN19P:f59cf1c681b91a90,21.537820759697933,15.112402827774895,8.642829025364211,10.83445381022271
AN19P:f5b4aeed1904e4d2,8.015505944760063,1.4509358893848945,7.676981697410804,4.418394876756952
AN19P:f5bc0172317447fe,20.716516030660607,5.765233401931623,6.951821525779926,5.279374883231091
AN19P:f5ceba3f2369fa62,10.138610361023243,3.806420721926039,7.779393720352865,4.30890454818149
AN19P:f5ea80f9317b9102,13.969995583713937,5.365562862228752,6.724358830997105,3.8157163853462617
AN19P:f5fccfe649e8d4cf,25.91492634757176,10.287243918234768,8.37119305155766,7.182857226573096
AN19P:f6007bd29ca0bfb7,29.16815096408107,16.482596144201782,10.273181261694049,7.21939491915883
AN19P:f601670ed812ecba,16.484140650525674,12.880213202781883,7.883960648960104,5.638535066192465
AN19P:f62b833a3bb91339,19.83696376611257,12.4258724378061,8.415313985357928,5.412578653529363
AN19P:f62c83a5eef336bb,19.06125522308787,12.829137387004662,8.40255290925629,4.298461008787461
AN19P:f62cb4f8963ee45e,11.69191275897036,5.928273551368242,7.33095118570505,5.1685692466701285
AN19P:f62fcdc81a458fe2,16.22457520953154,2.501381044312472,7.225374113315166,4.167754325598295
AN19P:f6340038cfd6ab4b,8.676659235084983,6.99948263996469,6.759688015364888,5.491011321396075
AN19P:f640bf30e433998e,18.166220545898835,8.56085368147783,8.723289443911947,7.437471295367745
AN19P:f64bc2b6dcc50082,16.710148357463126,7.629005434577439,7.779660418560294,4.651410323965334
AN19P:f6740131146e1205,10.48455021047946,4.849400313768265,6.604816743851301,4.106390586347678
AN19P:f69b1fcc23882ee2,15.38539392744475,10.154283671720965,6.994422390429634,4.431858986410544
AN19P:f6a542538478c8fd,27.01100769599074,16.67468097021548,10.463852836501813,7.026359632754877
AN19P:f6bb1f904c400591,27.68980344203185,13.219391876786132,10.469465294069012,7.24463666817169
AN19P:f6bdb8d8a8380109,11.010098534202044,7.249404403705585,9.085349058242029,5.765929734955079
AN19P:f6d34fcb742b6908,14.291318141143735,8.461680242365002,7.129827355106379,5.844144721932636
AN19P:f6d60d1936458cc5,32.23786925515818,14.80757183578993,9.648639871076526,6.534492683773012
AN19P:f6e135a6dbb99e03,25.781554630877267,16.31989999455591,8.770418328624055,6.483919238710281
AN19P:f6f5e4b1802e260f,31.6880463922798,24.042136407959397,9.121707094144236,7.148109251109696
AN19P:f6fa5d9a00a4ac9b,15.515078222085508,7.667074691840732,6.318670604913581,4.642555738109452
AN19P:f6fd207f8b71612a,28.890039079129,10.752230793885865,8.813640840671253,6.147686558644548
AN19P:f6fd9b7f33073d8a,12.458453965488978,5.264077073693742,6.927516241703141,5.810731601967849
AN19P:f7202537a31ef743,10.31273208086875,6.782521553750948,8.324515376902642,7.064973515276235
AN19P:f72b2e3d762e17da,10.0210781090609,5.311170110333767,7.213481246688123,4.47805231535036
AN19P:f72b9f42ab9ef264,17.716970237148068,3.944868643522438,7.942894835568234,4.922888855101229
AN19P:f72bed1de0a2dcad,20.54894386005059,12.534290265638544,8.310786876369479,4.834470403244985
AN19P:f734ee7753ce8834,14.697675746029097,9.189763563327832,8.880888147042613,6.660826995977451
AN19P:f750910938deb554,17.237489367779368,10.374178697049052,8.065033423210425,5.078907135110751
AN19P:f750a23e97011427,13.079881812565526,10.405383000779196,7.707174864220043,5.8779484159056326
AN19P:f75a03192ccdd017,23.352325347695597,6.127121480508873,7.501836063397768,5.739349940560883
AN19P:f7661a65117dabba,9.54699476615901,5.855622688315031,7.1609114758086845,5.5514915462939705
AN19P:f76a5909f50a885a,5.568798815381803,5.957812495491816,6.982939504493925,4.190655086237232
AN19P:f770594be47ef01b,16.48802819611701,2.6293511753316654,6.918251627705001,4.555357500809466
AN19P:f774f245aa38cc44,8.498077173078961,5.598621179922088,7.440636599994483,4.686072630802984
AN19P:f779c855cd30ef55,11.084213683250002,5.693924359148805,7.327339119587787,4.948746933211117
AN19P:f788466c5f69878c,24.239170374561187,19.661645425703806,10.073667977331748,6.368637454606748
AN19P:f78c3b155043f849,35.30202380918426,14.156956961438285,8.071249959704314,5.84838443702858
AN19P:f794e417d32e0f15,7.074052736959529,12.02216011430981,7.051685502164564,4.032910201886545
AN19P:f79c575ebde4ca98,13.96374023878775,10.810302593218086,7.144258177774938,4.825885723025333
AN19P:f79e1c2b6cc77830,16.410007551913033,16.02002589560728,7.6197952244861185,5.187495791384993
AN19P:f7a0cb84031744aa,8.569037573091178,2.8432289726432582,8.234499643827501,4.506051074789987
AN19P:f7a926a88407d9e6,22.44140283206788,6.864970577437211,6.940524286629531,5.881111991514858
AN19P:f7b6d3fd4e25aa51,21.99831219331314,9.924158635308274,9.334445793870202,5.223943692066905
AN19P:f7ca75c5463f2b50,16.576066584098342,3.221377547516582,7.936670437936248,4.810660472249468
AN19P:f7d02a9bcd1a888b,34.00794621185851,21.36742279186078,8.672348862815298,6.95837445310703
AN19P:f7d03448d47551d5,26.45391973001214,6.635000036026166,7.352724391590605,4.435366887142204
AN19P:f7d1509a46f9bf0e,24.116447675114784,11.13658248098918,8.418903322277675,5.184454297872373
AN19P:f7deb18be55d68cb,14.69918927142701,16.961989473025163,9.090021230650402,5.546466019263288
AN19P:f7e7162cd981a686,17.005743783954642,5.239375092059266,7.384792264652528,5.323911085087485
AN19P:f7e785e1f910ed81,14.453351477655223,5.225176866791852,8.307008132401801,6.833217045655608
AN19P:f80ac795e1272384,9.014567840401494,11.005735741163242,6.547260149815398,3.753311679772008
AN19P:f8161ff08d36ef11,39.69313660337846,26.275112084582915,9.521981821176952,8.67032507446219
AN19P:f8233bc9c17ab06c,45.78538509981762,10.714571598021555,8.376574353511051,8.660362904564925
AN19P:f82fda9b69c14d35,20.03488365308037,12.731309655947976,8.130025283592342,6.893508405464004
AN19P:f845b4dd47800109,17.829687700940863,9.99546007976568,7.993739602562995,5.247234933053584
AN19P:f84feca1284e7958,19.31528143090587,14.736000475260532,7.742841103827961,6.509514930871701
AN19P:f8518de9a3cce42f,15.345510120406528,12.551427794499476,6.345657113064066,5.429471899204012
AN19P:f8654a34e675ae46,11.047717335119533,9.713691391374022,8.645566178868785,7.244939904959418
AN19P:f865511085596b8c,27.0629866440642,9.0140821596482,8.44672424096126,8.168352100380922
AN19P:f86da844bd9c8f05,33.30152748366269,16.42674590471035,8.549580166273106,5.18330063192566
AN19P:f8752faa8134f7c4,12.72967659083163,3.730981774184276,7.6545753629258355,6.415822369598921
AN19P:f884b71dd1fd2670,28.49042180023016,27.95190211464872,10.25380210531488,8.786533512105235
AN19P:f893c34357e0dff2,18.83432874236621,18.956221123371414,7.484061473675955,5.209259999607446
AN19P:f89989106dae8135,12.484917223171882,11.451127769050624,7.415558062468679,4.880552678403447
AN19P:f89ae43c588144b7,23.803466284965506,9.251289589231462,9.212658782605596,6.024961900645324
AN19P:f8a177cd8ea3f654,16.84862160798336,6.1638828022021706,7.559764885809811,5.704115882728146
AN19P:f8a2e8f8d7ee74c4,12.020560616060248,11.577197628772891,6.331784144067587,4.377220141100234
AN19P:f8a30da1cb56d0cb,19.017732440702847,6.6595461946233465,7.62721207846267,5.254688859105662
AN19P:f8a5a216006f5cca,9.052022755456903,3.626800806168335,7.351736611762745,4.677846790798761
AN19P:f8b063a4ef11ff4d,15.035739558176267,33.24701564785821,6.873862772887549,4.198710999122874
AN19P:f8b998419fdd46d6,15.161888680964497,9.127836410772844,8.44996370071586,4.445674762085618
AN19P:f8bd7ada7e0588ba,16.15603246039926,6.502861061961274,6.84117164462933,4.5319093246487805
AN19P:f8bef7cc856d44f2,18.9365229738056,7.306781254150943,7.997568055290578,4.817567638564049
AN19P:f8cadda15e96494c,36.74173502686129,9.667526644927726,9.823382696452052,7.760163848606477
AN19P:f8d3170de5408c57,12.75976660740693,7.311641880550871,7.775980464985929,6.453459715929757
AN19P:f8d90d03724d37ef,19.443468862531347,6.2016828665227415,8.101239903065126,5.3159343139766255
AN19P:f8d9a573941fc50b,18.528635395619844,12.503714421869034,8.204693301202468,5.62814193451135
AN19P:f8e3d183695e9065,11.639100722943924,3.293096666742819,6.984506278738149,4.6422422437470185
AN19P:f8e950379ff7e7b6,28.196546266575588,16.212208868023552,8.37322137951923,5.225449743248404
AN19P:f90204d5d3f648fc,11.439584236185151,6.050343515660062,7.993266631680939,8.384199509296874
AN19P:f908e94cd13ea71e,27.672329202832607,8.351344169613744,7.976912754530163,5.082147551991318
AN19P:f914ecc25043076a,19.83404735653385,14.91917565627944,7.784447210149008,5.269121436279288
AN19P:f926007d554d1c99,11.178385195363107,9.490914490212427,8.567628112847583,4.971107493287624
AN19P:f93a1e8e43638a35,13.280073532309595,3.618490266552618,5.779315826980752,4.036414176166843
AN19P:f9552f741bc82f69,48.06374533497634,38.80692062129156,9.880347417676044,11.326310535392038
AN19P:f962fc5b804deefc,25.069787409996817,10.228045109293788,8.5718469557832,6.857174132597764
AN19P:f96ae0a31f9c3446,8.497883895687739,4.599609902080864,7.303364171513961,6.112758787121647
AN19P:f985fa65b8eb1daf,17.954605251241908,6.729027106184678,8.474700349024952,5.27453679917192
AN19P:f987971115df2aa5,28.02339342071208,24.05065552822208,8.146625920735367,6.998649216977015
AN19P:f9a442d1f52abafd,13.301035842722838,5.737464319639042,6.22758420393207,4.504052410006078
AN19P:f9a573c56f492bd8,32.06435027015794,11.705706495147016,8.18629854456649,6.882114988648867
AN19P:f9a65fa86ece83a5,25.319051693628364,7.258297224304396,9.096875391211022,6.497519161696299
AN19P:f9a7ac823b15e072,16.383844352774325,5.693006356874261,8.726223456152624,4.189737740592314
AN19P:f9a89e6fe3ab6407,19.59836651506258,11.176810545215272,8.93391624032681,6.725224953000462
AN19P:f9a8d7d7d267864b,19.219881227272783,5.955193722517199,8.508484155671804,5.716962667611379
AN19P:f9ad53f49814f30a,24.86148780461793,23.00853907140476,9.298937828571946,7.332656141296433
AN19P:f9c19b417e227c60,15.78274963850053,13.134226901627535,6.90693607061715,3.2462371059858603
AN19P:f9d4f9c44167b670,12.769340112836373,9.769820123413623,7.1942791677937965,4.588217510266812
AN19P:f9db1bd88f2a3bb5,12.235563536401642,4.570501601852592,7.432147335368349,5.398861765744978
AN19P:f9e60d9f297f21c1,21.307019328841424,14.139797547828335,8.655721047969307,7.049671936265495
AN19P:f9f655b6e5cbfd16,25.634759609883847,7.760315228147454,8.517088788859388,5.5379906387012605
AN19P:f9fe241c3b97acf7,24.809372477838195,20.66157541781373,8.455886541465249,5.437998550028237
AN19P:fa039918192f556b,29.87445547162024,20.567718818465394,8.069237435951424,5.8576363985753055
AN19P:fa17636d8dc1ab5d,7.672995638523093,1.5596630816420436,6.504346348791286,5.4399960395370135
AN19P:fa17c5d34fd7f0fe,19.524834586512146,10.432992295681313,7.745822577665252,5.1226949494293095
AN19P:fa23cf082c8d51c4,14.470395727915053,4.497793048715157,6.893485287653684,3.6085490557210793
AN19P:fa2ce2b40190d695,13.61996249775442,3.4726208128088585,8.6989985774151,5.660889617503082
AN19P:fa590f6a6e150060,16.599700832301682,6.548171510565841,6.786773737229345,4.485595744409791
AN19P:fa5df2ed97fdfc43,13.394302711146894,10.285265288293669,7.7234730708044035,5.61810416071486
AN19P:fa70f2c7735749a7,20.094274608875008,5.927987708692328,9.684471860465775,7.300748604443695
AN19P:fa743f957a886f4c,16.2174246506774,16.692850587769403,9.582157752811897,8.117858064328132
AN19P:fab1f97ef2a6f949,24.870004461193364,9.16532382252348,6.794082218122533,4.240251255455506
AN19P:fadcc4cfdeec234f,17.761666333173558,6.041590638571209,7.6916536868416285,5.0014121464785815
AN19P:faf94c66c52de17e,21.696205724114677,6.958310858848012,8.064419476424602,5.663711651415703
AN19P:fb19f9c1673e7d05,6.2049305304625175,5.457226088762245,7.362108698792965,4.022410342518252
AN19P:fb2edf4126059d7b,16.031867681059495,5.822445252503369,7.473810678522256,5.592504673689286
AN19P:fb3573dbcedf27aa,24.421142073961217,8.457624843285375,6.516257626498344,5.349833612734175
AN19P:fb36c05b64b52771,19.992738554626484,11.540768687611994,9.591366333535913,8.115997926808822
AN19P:fb6a31573482ebc2,10.170972399841798,6.295385716580421,6.506078722021769,3.9160331725509754
AN19P:fb72cb0ec393f5b7,13.253597239939896,10.389374550149286,7.034520021231777,5.138802796204176
AN19P:fb93ec415457ce6f,19.02359129812716,5.4394565922579,8.329665795730474,7.452813552905479
AN19P:fb970629f0c7c560,24.54903428625429,13.07511062972471,7.493253593700318,5.153068485244073
AN19P:fb9d93ddb040fc6c,15.832043574289594,11.086685129204268,8.544065940243097,5.3012947381646605
AN19P:fbafdc1b1c371682,11.17126927961837,3.243857190777545,6.776644749064523,4.784156083670554
AN19P:fbb1c63c72cf1919,23.49884177626857,7.219292596519276,7.141196088210124,6.082267983940336
AN19P:fbbb2007be8dcfbb,8.927311397208738,4.190136516924867,7.079260319514769,4.224193620537956
AN19P:fbcec893a4b73d9e,14.744874077596943,8.346899362572154,6.922012267730956,3.453876140056235
AN19P:fbd4c1b1ec34e1ee,14.12959098848014,3.9435475197264047,6.448313785139466,4.397498850829899
AN19P:fbe58ae6b6704591,34.66795087774582,35.206340551109705,7.594301850961021,6.524262597431032
AN19P:fc0ff6c603fc3a72,4.889859138901535,39.93540367874534,8.2374424124275,5.820775351413086
AN19P:fc182d2386995d9c,18.970740501170283,7.17847487055013,7.682909637094355,7.599019784525796
AN19P:fc1c9885249ccfd0,19.573058715848507,11.09061272245704,6.171610355243521,4.298592250849217
AN19P:fc2b3d4a0539cb28,21.394811122438043,7.896847517501083,8.221293958299587,5.419526910277861
AN19P:fc2d105be596a42f,10.634386008904093,4.905294448645728,6.139548206452382,5.588150124209685
AN19P:fc31c41551a2a63e,48.76321360343426,19.04966949756648,8.297116902081989,6.646646372275048
AN19P:fc3852e309f33ec1,17.30912290075577,14.189775862415532,7.985458783264921,7.1887000882880585
AN19P:fc3b287eb967c6d4,19.471047198634363,5.608723787335305,8.632442185183574,5.395165503694774
AN19P:fc3d829b9f6a863b,12.78600590856652,6.571360479331379,6.795031364074414,7.020122179005187
AN19P:fc3f786db1cc8834,16.707911684936853,6.397545518853339,7.583049649665799,6.32773278993688
AN19P:fc49721c2decfcc1,21.403761093276252,9.585093512896732,8.990514110846943,4.017518006882398
AN19P:fc59487a69d5f992,21.80814001434625,7.52936895814801,7.404861229142488,4.510529736779492
AN19P:fc5ecbf6ef19da8c,24.438242162026107,4.329028808717975,7.961884984161432,6.106967573208693
AN19P:fc600abe54c0bfa9,26.460192691447343,4.001516596127371,7.344223511798583,6.334576309885781
AN19P:fc63dbec87f09b0a,15.55221512848074,9.80487580175678,7.457314764840094,5.668367088294761
AN19P:fc6735b70cc54b65,27.38759711269592,20.99132737429494,8.125231252293501,7.178162756828249
AN19P:fc6dc832b8fe6cff,4.766348023662726,3.85044669152717,6.823032928354141,4.9739897282180605
AN19P:fc6ea4737ab7dbc9,11.03546671629563,6.417865570035293,8.372698056326318,5.924183153639938
AN19P:fc727e3c1867ab1d,19.628355060447188,4.135072555813751,7.51050046132884,5.360406782163708
AN19P:fc802e5684e40531,13.105951307605148,8.26913954343955,8.181430996404739,4.719378901002039
AN19P:fc98b6d1a3c7754e,16.875031947142467,4.951795257143911,6.884937961725152,5.829251942178152
AN19P:fca53856e933ded7,25.61073830947161,11.414866834491452,7.316948525103892,5.115544154772183
AN19P:fca664c70f5f0986,8.389857146276048,3.5384048420211327,9.237399085429177,5.288660468975944
AN19P:fca7d108d9ccebbc,26.781234764781736,14.249477354656008,7.988417128534345,7.221402610378317
AN19P:fcebfa7b12168465,16.28246278830699,5.475348373122653,8.505366084346694,4.732703311372718
AN19P:fcec824ccf928203,17.540197051545366,12.77073937747488,7.600434627246399,6.585158889369525
AN19P:fcfedd48a34d9d94,13.71760096167847,3.0775531692457814,7.709808914664661,5.669317552708347
AN19P:fd1114ec1d24c229,12.13202123708176,6.316960151714836,8.134626851434199,6.63854409481424
AN19P:fd21efc8941abdc1,16.529156068460292,4.391533067954266,7.679368245000932,6.38167924402734
AN19P:fd282d1b45fc8c5f,23.987428520668693,14.251549106738388,8.913804566919625,7.995900118139237
AN19P:fd4a54731d0239f3,11.725443491715945,8.117427171213428,9.146076410901284,8.812952151608904
AN19P:fd4cfd1f4202e151,20.432757975212283,5.441389713850832,8.292945830803772,5.475388954190433
AN19P:fd587e4166e985be,16.862682603753534,5.207264715897086,7.71518977367829,5.644343195547717
AN19P:fd59bb756f4bf26e,8.472892908545465,7.305392827758088,7.358728909340523,4.958122600271079
AN19P:fd6b20db1c7fdb77,15.963170625439782,4.907501921950649,6.066864445563444,5.028101823538809
AN19P:fd71640ecb90a3a4,20.59876982936464,12.112429151965737,8.009849647555265,4.854739586175074
AN19P:fd76b7d4b71d7aad,14.473123781270775,5.793362326815003,7.905536892122796,4.918047274457109
AN19P:fd781c73a36d8378,12.428191420916333,7.254029580064643,8.514914849609564,7.950613078265084
AN19P:fdb011ec988c4755,29.75489322370797,13.97846890711248,6.903405605779818,5.872039910396865
AN19P:fdd3dc2f8d59f21f,20.105904227846537,7.624329765911134,6.758543333703667,4.241739654980693
AN19P:fde1e76f6aeb8612,17.977073917674883,14.777655415911962,8.146927470575974,5.458783488598352
AN19P:fde88a1fd06b3b8f,30.252481105349847,24.532526342973927,8.542154341683636,7.266499139758896
AN19P:fdeef2c48821ffe5,10.80412402518776,8.369217859371004,6.199443959171196,4.433875439882251
AN19P:fdff728a158e19b3,19.378951883201744,12.655180643005233,8.004127290788395,5.880643231154234
AN19P:fe05459af67a35a4,17.797127669661904,14.035436866142502,9.383083964712467,6.406420070070578
AN19P:fe056e54c64538c7,23.484822675226003,8.395051386201652,9.381592283501668,4.416632482798162
AN19P:fe0e596cc4fa70b4,15.972121636241791,8.756992600101118,6.94568768667117,5.120615057688064
AN19P:fe111cd2bc660ed5,18.77982147637688,10.003409203830891,8.461749625855079,7.126321663549913
AN19P:fe2c876a24624087,12.553703062997869,8.129417738044493,7.113740838920418,6.3776468150473455
AN19P:fe3d2b835deb4c86,11.187529639984312,6.2746114051361,7.5268255743264945,5.081374174496461
AN19P:fe3fe85a16ab460d,14.963552772808542,4.587801279208121,8.735814841020913,5.254258923606903
AN19P:fe41547687dc32fb,11.994345328729125,7.171086629020398,7.474160564769845,5.140419465473165
AN19P:fe5138c3e35d87ec,12.605021731001951,6.148974785318707,6.990049681556139,6.236148154305604
AN19P:fe588c03a6f2add4,19.45587095536544,7.644393150656128,8.45878714764993,6.495229115388489
AN19P:fe618d088b9464ec,24.74282096601432,4.443650087629725,9.018850695138758,4.913203076958203
AN19P:fe7408578681b7a1,13.220358331499895,14.186389450496508,7.680733790799942,4.016252497347702
AN19P:fe83caed94f2fcca,16.583320311472914,5.243028708768266,6.509482692324883,5.132627031788253
AN19P:fe8e3d667ee35683,12.849854749121222,8.189336441484713,7.3949741513547425,4.810401842557158
AN19P:fe93d04bcfed7ebf,13.697328800390018,9.98931715752708,7.787650325624455,4.593928486457015
AN19P:feaf4ba09be335da,19.71056469053468,2.5142441597563625,9.49293925974969,5.74196962065996
AN19P:fec53eebe0de75a3,15.133135279179944,4.978446042637185,6.656282888450002,4.720399886748167
AN19P:fecf8a687f978f7c,18.996178269251384,6.473170401599855,7.75930360624099,5.42422812847277
AN19P:fedf7b084519b164,15.185757111920823,15.147292993217436,7.195287761145006,5.771662933382717
AN19P:fee2602c1010d7f1,13.185001976047802,12.575225521439478,8.798883610577017,5.104761928954746
AN19P:feeaa39acf1bfb24,19.81725603937373,5.5987530092062086,7.712587221600595,4.134689700053032
AN19P:feee99110b84d8ca,16.814599263721146,5.773835470237353,6.899302861827142,4.258814127051773
AN19P:fefdf9cb4dc8761b,15.886086127325417,14.768044275512194,8.292992799759364,6.646439782412164
AN19P:ff02f1b03c1efd7b,12.21002312773404,4.363721652389488,7.621772303536873,5.237278472560892
AN19P:ff052dab7a3c4c41,22.289215910480497,10.318715803346024,8.824110810291298,5.877747425646506
AN19P:ff0b72799d9ad5a4,27.83389700880037,17.99513780838225,8.121009072923124,5.138105087326457
AN19P:ff14f2e7a91088f0,15.209825106240688,10.185676418796604,8.160386092329253,5.741624610243806
AN19P:ff16b17c50385e26,14.149061430126418,11.388386544350558,8.14395664787059,5.486572306815649
AN19P:ff1d93c4bdd01b08,25.877140592199016,22.794314647106663,9.423668148312212,6.750107730936393
AN19P:ff226fa494ea46a4,6.839288466009944,3.569059379323696,6.087399796271159,3.685024635727007
AN19P:ff3363049889f9bc,20.108547393031824,11.48658554599219,6.249630921344751,4.502799085608777
AN19P:ff3d714614132f40,17.71616332670621,12.617920456721524,7.629320008486193,6.532143776015239
AN19P:ff3dc03a341d8887,8.755354841277706,8.980202105358558,7.557377060726365,3.9239659085407577
AN19P:ff3ee9225a4385de,24.5780360076214,22.53791900595982,8.23665143277943,6.442016405301024
AN19P:ff401ba3dcb4633a,14.510105389047464,5.197184110066859,6.552391704822568,5.319060535332072
AN19P:ff45335a8c06349b,23.0799685211464,8.392026786469303,7.025777174171676,4.977390343792071
AN19P:ff4e0140c2904d06,14.922692172193845,3.5028378581545847,6.500638928270253,3.5911725096549847
AN19P:ff4e5368172ea324,9.772992965175066,4.49980231949657,6.787869854112175,4.544726263966358
AN19P:ff530e186e797fc6,15.399903486584448,9.902284075099136,6.800266328444197,3.332049046385923
AN19P:ff5660552e533d4e,11.099182686672728,6.106194546261346,7.409419317903241,4.45301554346912
AN19P:ff56d39bf632e3b8,21.04163095632482,5.741344461852976,7.479648482642416,5.339627344810254
AN19P:ff7937404b8a6b1c,18.632909223872417,4.8212232652622165,7.449252181408551,3.773569060535256
AN19P:ff80b392b5ef6b68,20.39437105681253,13.919765622878048,8.990905642019058,6.2913183393264855
AN19P:ff87444c65eb36dc,12.488728931254547,6.532060601535757,7.957850755527488,5.6964645589010185
AN19P:ff87cffe7e59109c,15.991660415782128,4.8338995334742245,6.347752092012576,4.119787411130456
AN19P:ffa525ff1fb9f32a,12.15197932317768,2.1082247937904817,7.904835699730037,5.503823399642383
AN19P:ffa9c4435abf0f09,12.65026367925195,6.142761722818965,7.843668065903126,4.784585365274531
AN19P:ffb38af31c15e34f,8.929822546030817,9.109473860686755,6.060959749329316,4.557445206781703
AN19P:ffd0b6119d2f1b01,14.959983998865672,8.51724889162733,6.818130702162005,4.58044679448639
AN19P:ffe31fe9f2680328,18.97218918525064,10.52369688490308,8.89645103245543,6.188095052199067
AN19P:ffeeedb6d5473f99,15.242310275828988,5.649068858498805,7.719913198236339,3.4994087146054227
