speaker_id,canonical_phone,comparison_word,mean_distance,n_phone_intervals,analysis
AN19.KOR.kf1,aa,cod,50.58127347211774,1,six_reference_complete
AN19.KOR.kf1,aa,con,34.148731178922766,1,six_reference_complete
AN19.KOR.kf1,aa,was,26.066417041084208,1,six_reference_complete
AN19.KOR.kf1,aa,wash,50.04660782964121,1,six_reference_complete
AN19.KOR.kf1,aa,watch,36.082540311561836,1,six_reference_complete
AN19.KOR.kf1,ae,ban,14.961611095322688,1,six_reference_complete
AN19.KOR.kf1,ae,lad,29.76910310863995,1,six_reference_complete
AN19.KOR.kf1,ae,mat,75.71999472115017,1,six_reference_complete
AN19.KOR.kf1,ae,rat,56.49145922696162,1,six_reference_complete
AN19.KOR.kf1,ae,shall,66.70405756932978,1,six_reference_complete
AN19.KOR.kf1,ah,bun,53.282023644980164,1,six_reference_complete
AN19.KOR.kf1,ah,rut,38.65675100539236,1,six_reference_complete
AN19.KOR.kf1,ah,suck,53.46703974527984,1,six_reference_complete
AN19.KOR.kf1,ao,chore,68.58010914041402,1,six_reference_complete
AN19.KOR.kf1,ay,lice,22.41071793775426,1,six_reference_complete
AN19.KOR.kf1,ay,live,55.601452099865575,1,six_reference_complete
AN19.KOR.kf1,ay,rhyme,49.55478666057096,1,six_reference_complete
AN19.KOR.kf1,ay,vice,26.396156506105743,1,six_reference_complete
AN19.KOR.kf1,ay,wife,64.70034732702989,1,six_reference_complete
AN19.KOR.kf1,b,balm,52.845376701471935,1,six_reference_complete
AN19.KOR.kf1,b,both,55.335096310090485,1,six_reference_complete
AN19.KOR.kf1,b,bug,65.72293043833557,1,six_reference_complete
AN19.KOR.kf1,b,job,44.75962517948897,1,six_reference_complete
AN19.KOR.kf1,ch,chain,19.162716688970853,1,six_reference_complete
AN19.KOR.kf1,ch,check,20.226016584755765,1,six_reference_complete
AN19.KOR.kf1,ch,cheer,16.317234700861054,1,six_reference_complete
AN19.KOR.kf1,ch,chief,54.74331801564032,1,six_reference_complete
AN19.KOR.kf1,d,bead,22.15970415836048,1,six_reference_complete
AN19.KOR.kf1,d,den,36.6790744749369,1,six_reference_complete
AN19.KOR.kf1,d,doom,59.22967728629703,1,six_reference_complete
AN19.KOR.kf1,d,dune,30.13044651148522,1,six_reference_complete
AN19.KOR.kf1,d,hid,51.6672845314366,1,six_reference_complete
AN19.KOR.kf1,d,pad,31.873775035772212,1,six_reference_complete
AN19.KOR.kf1,eh,den,14.699903264900463,1,six_reference_complete
AN19.KOR.kf1,eh,leg,42.008347607237575,1,six_reference_complete
AN19.KOR.kf1,eh,wed,61.135925431310405,1,six_reference_complete
AN19.KOR.kf1,er,learn,26.354122348004022,1,six_reference_complete
AN19.KOR.kf1,ey,fade,15.138674355313823,1,six_reference_complete
AN19.KOR.kf1,ey,lace,25.2430409069627,1,six_reference_complete
AN19.KOR.kf1,ey,mace,43.01314438990039,1,six_reference_complete
AN19.KOR.kf1,ey,sane,26.21063064394256,1,six_reference_complete
AN19.KOR.kf1,ey,shape,15.888442244812154,1,six_reference_complete
AN19.KOR.kf1,ey,wail,44.74608017644393,1,six_reference_complete
AN19.KOR.kf1,f,fig,72.77777220678509,1,six_reference_complete
AN19.KOR.kf1,f,firm,39.12604508471017,1,six_reference_complete
AN19.KOR.kf1,f,five,67.00894150112437,1,six_reference_complete
AN19.KOR.kf1,f,food,31.006779672251934,1,six_reference_complete
AN19.KOR.kf1,g,dog,105.38440319238161,1,six_reference_complete
AN19.KOR.kf1,g,fig,39.48431433045324,1,six_reference_complete
AN19.KOR.kf1,g,gave,16.8259385688399,1,six_reference_complete
AN19.KOR.kf1,g,girl,24.25342280497431,1,six_reference_complete
AN19.KOR.kf1,g,give,51.37075067341224,1,six_reference_complete
AN19.KOR.kf1,g,goat,41.86832692904345,1,six_reference_complete
AN19.KOR.kf1,g,god,37.637713280626066,1,six_reference_complete
AN19.KOR.kf1,g,gut,70.6740579654699,1,six_reference_complete
AN19.KOR.kf1,g,hag,52.90647453364347,1,six_reference_complete
AN19.KOR.kf1,g,league,29.505513855228344,1,six_reference_complete
AN19.KOR.kf1,hh,hag,51.17420201608553,1,six_reference_complete
AN19.KOR.kf1,hh,hid,42.597637251714126,1,six_reference_complete
AN19.KOR.kf1,hh,hoot,33.071652485000484,1,six_reference_complete
AN19.KOR.kf1,ih,kin,35.2470702045542,1,six_reference_complete
AN19.KOR.kf1,ih,mid,59.7886314601227,1,six_reference_complete
AN19.KOR.kf1,ih,sill,27.50758292619058,1,six_reference_complete
AN19.KOR.kf1,ih,thick,57.20621205414695,1,six_reference_complete
AN19.KOR.kf1,ih,thing,35.943136866436134,1,six_reference_complete
AN19.KOR.kf1,iy,bead,26.760201116581836,1,six_reference_complete
AN19.KOR.kf1,iy,bean,16.67315432292439,1,six_reference_complete
AN19.KOR.kf1,iy,teat,42.61147289027985,1,six_reference_complete
AN19.KOR.kf1,iy,teeth,43.674028483572414,1,six_reference_complete
AN19.KOR.kf1,iy,theme,18.55096559298678,1,six_reference_complete
AN19.KOR.kf1,iy,weed,21.673935273725977,1,six_reference_complete
AN19.KOR.kf1,jh,jack,13.490482709803805,1,six_reference_complete
AN19.KOR.kf1,jh,job,45.26680958862685,1,six_reference_complete
AN19.KOR.kf1,jh,join,35.489863022999465,1,six_reference_complete
AN19.KOR.kf1,jh,page,37.966810589061645,1,six_reference_complete
AN19.KOR.kf1,k,beak,25.90307243582917,1,six_reference_complete
AN19.KOR.kf1,k,jack,41.250450225260145,1,six_reference_complete
AN19.KOR.kf1,k,king,62.5162977925319,1,six_reference_complete
AN19.KOR.kf1,k,suck,89.13307323732973,1,six_reference_complete
AN19.KOR.kf1,k,thick,44.055742396390315,1,six_reference_complete
AN19.KOR.kf1,l,hurl,31.050141313489295,1,six_reference_complete
AN19.KOR.kf1,l,league,35.242168593404195,1,six_reference_complete
AN19.KOR.kf1,l,lice,19.807047930744883,1,six_reference_complete
AN19.KOR.kf1,m,bum,48.4939213071851,1,six_reference_complete
AN19.KOR.kf1,m,mall,37.37520710873545,1,six_reference_complete
AN19.KOR.kf1,m,mote,55.3328974493632,1,six_reference_complete
AN19.KOR.kf1,m,move,35.14597636244222,1,six_reference_complete
AN19.KOR.kf1,m,mum,30.898293704705736,1,six_reference_complete
AN19.KOR.kf1,m,rhyme,31.852578506245667,1,six_reference_complete
AN19.KOR.kf1,m,theme,30.305448160693285,1,six_reference_complete
AN19.KOR.kf1,n,fin,29.682619894908843,1,six_reference_complete
AN19.KOR.kf1,ng,long,24.478775894317945,1,six_reference_complete
AN19.KOR.kf1,ow,mote,53.07272335792647,1,six_reference_complete
AN19.KOR.kf1,ow,soak,25.57497254555366,1,six_reference_complete
AN19.KOR.kf1,oy,soil,23.814882878995064,1,six_reference_complete
AN19.KOR.kf1,oy,voice,45.923473242912245,1,six_reference_complete
AN19.KOR.kf1,p,deep,24.58530571759641,1,six_reference_complete
AN19.KOR.kf1,p,page,15.05040119367033,1,six_reference_complete
AN19.KOR.kf1,p,path,29.89942816403493,1,six_reference_complete
AN19.KOR.kf1,p,pool,25.139164979869495,1,six_reference_complete
AN19.KOR.kf1,p,pup,45.72086934828775,1,six_reference_complete
AN19.KOR.kf1,p,ship,29.870090179641736,1,six_reference_complete
AN19.KOR.kf1,p,shop,45.358375980300565,1,six_reference_complete
AN19.KOR.kf1,r,cheer,17.83328936639848,1,six_reference_complete
AN19.KOR.kf1,r,rim,64.94336958475759,1,six_reference_complete
AN19.KOR.kf1,r,rough,21.92227939906985,1,six_reference_complete
AN19.KOR.kf1,r,whore,69.34681744625966,1,six_reference_complete
AN19.KOR.kf1,s,gas,20.559552269306746,1,six_reference_complete
AN19.KOR.kf1,s,lice,32.65655761079477,1,six_reference_complete
AN19.KOR.kf1,s,mace,51.49741314028223,1,six_reference_complete
AN19.KOR.kf1,s,peace,20.583838424830105,1,six_reference_complete
AN19.KOR.kf1,s,sane,21.962662507046176,1,six_reference_complete
AN19.KOR.kf1,s,soil,16.633472222753138,1,six_reference_complete
AN19.KOR.kf1,sh,hash,33.865698448115545,1,six_reference_complete
AN19.KOR.kf1,sh,shall,11.478736351791042,1,six_reference_complete
AN19.KOR.kf1,sh,ship,13.046052934195231,1,six_reference_complete
AN19.KOR.kf1,sh,shop,15.146179979333908,1,six_reference_complete
AN19.KOR.kf1,t,goat,34.52856945644498,1,six_reference_complete
AN19.KOR.kf1,t,hoot,44.168751381406544,1,six_reference_complete
AN19.KOR.kf1,t,route,38.26077340194655,1,six_reference_complete
AN19.KOR.kf1,t,toot,17.128815594925175,1,six_reference_complete
AN19.KOR.kf1,t,white,47.46572031828188,1,six_reference_complete
AN19.KOR.kf1,th,both,72.70575650393816,1,six_reference_complete
AN19.KOR.kf1,th,death,49.52659814299653,1,six_reference_complete
AN19.KOR.kf1,th,mouth,78.17178974622188,1,six_reference_complete
AN19.KOR.kf1,th,theme,24.316392271318673,1,six_reference_complete
AN19.KOR.kf1,th,thick,47.31521362227335,1,six_reference_complete
AN19.KOR.kf1,uh,full,28.046668413789217,1,six_reference_complete
AN19.KOR.kf1,uh,pull,47.385894444028715,1,six_reference_complete
AN19.KOR.kf1,uw,fool,28.834685964879515,1,six_reference_complete
AN19.KOR.kf1,uw,lose,11.070657190259126,1,six_reference_complete
AN19.KOR.kf1,uw,roof,46.597423811444635,1,six_reference_complete
AN19.KOR.kf1,v,curve,24.801386718352788,1,six_reference_complete
AN19.KOR.kf1,v,move,36.775602016426895,1,six_reference_complete
AN19.KOR.kf1,v,serve,13.81854365294368,1,six_reference_complete
AN19.KOR.kf1,w,weed,48.021169104014156,1,six_reference_complete
AN19.KOR.kf1,w,wick,35.628111340335415,1,six_reference_complete
AN19.KOR.kf2,aa,con,36.782535265102204,1,six_reference_complete
AN19.KOR.kf2,aa,shop,20.131799301378063,1,six_reference_complete
AN19.KOR.kf2,aa,wash,34.07393978442622,1,six_reference_complete
AN19.KOR.kf2,aa,watch,35.785231395357556,1,six_reference_complete
AN19.KOR.kf2,ae,ban,17.243281460150957,1,six_reference_complete
AN19.KOR.kf2,ae,lad,100.37010906594408,1,six_reference_complete
AN19.KOR.kf2,ae,mat,28.193232994174082,1,six_reference_complete
AN19.KOR.kf2,ae,rat,27.314707324342987,1,six_reference_complete
AN19.KOR.kf2,ae,shall,13.849003705281776,1,six_reference_complete
AN19.KOR.kf2,ah,rut,32.017105944423726,1,six_reference_complete
AN19.KOR.kf2,ah,suck,49.17791308662715,1,six_reference_complete
AN19.KOR.kf2,ay,lice,23.49549556750306,1,six_reference_complete
AN19.KOR.kf2,ay,live,47.00222515186217,1,six_reference_complete
AN19.KOR.kf2,ay,rhyme,21.390796900314626,1,six_reference_complete
AN19.KOR.kf2,ay,size,18.725237706388338,1,six_reference_complete
AN19.KOR.kf2,ay,vice,20.04999041295319,1,six_reference_complete
AN19.KOR.kf2,ay,wife,18.07117324909782,1,six_reference_complete
AN19.KOR.kf2,b,balm,28.995313640109174,1,six_reference_complete
AN19.KOR.kf2,b,both,25.754166249237013,1,six_reference_complete
AN19.KOR.kf2,b,bug,28.99337892246771,1,six_reference_complete
AN19.KOR.kf2,ch,check,20.274280845840078,1,six_reference_complete
AN19.KOR.kf2,ch,cheer,16.6858775111231,1,six_reference_complete
AN19.KOR.kf2,ch,chief,28.505731085136755,1,six_reference_complete
AN19.KOR.kf2,d,bead,24.48458641543706,1,six_reference_complete
AN19.KOR.kf2,d,den,26.312050781275847,1,six_reference_complete
AN19.KOR.kf2,d,doom,48.81116476620134,1,six_reference_complete
AN19.KOR.kf2,d,dune,24.384034191386206,1,six_reference_complete
AN19.KOR.kf2,d,hid,43.89496204851838,1,six_reference_complete
AN19.KOR.kf2,d,pad,20.828446228432835,1,six_reference_complete
AN19.KOR.kf2,eh,den,26.164370487921044,1,six_reference_complete
AN19.KOR.kf2,eh,leg,58.879951720882595,1,six_reference_complete
AN19.KOR.kf2,eh,neck,55.517412035282945,1,six_reference_complete
AN19.KOR.kf2,eh,wed,18.522373732986626,1,six_reference_complete
AN19.KOR.kf2,ey,fade,16.668943104074106,1,six_reference_complete
AN19.KOR.kf2,ey,lace,20.215252242754385,1,six_reference_complete
AN19.KOR.kf2,ey,mace,16.63533602359515,1,six_reference_complete
AN19.KOR.kf2,ey,sane,27.070869293207622,1,six_reference_complete
AN19.KOR.kf2,ey,shape,44.90611921371408,1,six_reference_complete
AN19.KOR.kf2,ey,wail,52.91708710191903,1,six_reference_complete
AN19.KOR.kf2,f,fig,75.66420558198168,1,six_reference_complete
AN19.KOR.kf2,f,five,52.78019247299644,1,six_reference_complete
AN19.KOR.kf2,f,food,45.56631148528741,1,six_reference_complete
AN19.KOR.kf2,g,dog,61.95223144716389,1,six_reference_complete
AN19.KOR.kf2,g,fig,67.19023619705693,1,six_reference_complete
AN19.KOR.kf2,g,gave,19.425227207788677,1,six_reference_complete
AN19.KOR.kf2,g,girl,53.79582680570172,1,six_reference_complete
AN19.KOR.kf2,g,give,40.543696812875616,1,six_reference_complete
AN19.KOR.kf2,g,goat,32.63584250848543,1,six_reference_complete
AN19.KOR.kf2,g,god,46.30919231692696,1,six_reference_complete
AN19.KOR.kf2,g,gut,28.300939326530607,1,six_reference_complete
AN19.KOR.kf2,g,hag,50.92332191919407,1,six_reference_complete
AN19.KOR.kf2,g,league,26.864861575002944,1,six_reference_complete
AN19.KOR.kf2,hh,hack,7.5664592638281185,1,six_reference_complete
AN19.KOR.kf2,hh,hag,12.158723019046064,1,six_reference_complete
AN19.KOR.kf2,hh,hid,26.444116618756173,1,six_reference_complete
AN19.KOR.kf2,hh,hoot,36.05460688751708,1,six_reference_complete
AN19.KOR.kf2,ih,kin,35.81831931990758,1,six_reference_complete
AN19.KOR.kf2,ih,mid,59.47633792196217,1,six_reference_complete
AN19.KOR.kf2,ih,sill,49.50688337342558,1,six_reference_complete
AN19.KOR.kf2,ih,thick,63.88261960656607,1,six_reference_complete
AN19.KOR.kf2,ih,thing,32.811145753709944,1,six_reference_complete
AN19.KOR.kf2,iy,bean,12.67065709401779,1,six_reference_complete
AN19.KOR.kf2,iy,chief,36.57674470423339,1,six_reference_complete
AN19.KOR.kf2,iy,league,50.90428849688015,1,six_reference_complete
AN19.KOR.kf2,iy,teat,44.789847625498965,1,six_reference_complete
AN19.KOR.kf2,iy,teeth,32.926057161321346,1,six_reference_complete
AN19.KOR.kf2,iy,theme,23.146196862046114,1,six_reference_complete
AN19.KOR.kf2,iy,weed,14.636330927835845,1,six_reference_complete
AN19.KOR.kf2,jh,jack,16.07879139200305,1,six_reference_complete
AN19.KOR.kf2,jh,page,42.21724253838524,1,six_reference_complete
AN19.KOR.kf2,k,beak,57.14295661344158,1,six_reference_complete
AN19.KOR.kf2,k,con,14.335784378594283,1,six_reference_complete
AN19.KOR.kf2,k,curve,53.48269393803966,1,six_reference_complete
AN19.KOR.kf2,k,hack,31.542321351865862,1,six_reference_complete
AN19.KOR.kf2,k,jack,113.0961235315558,1,six_reference_complete
AN19.KOR.kf2,k,king,24.494784971728553,1,six_reference_complete
AN19.KOR.kf2,k,thick,55.5098695690142,1,six_reference_complete
AN19.KOR.kf2,l,hurl,42.571192038305156,1,six_reference_complete
AN19.KOR.kf2,l,league,62.42423149438215,1,six_reference_complete
AN19.KOR.kf2,l,lice,12.963125183319361,1,six_reference_complete
AN19.KOR.kf2,m,bum,42.55643093892577,1,six_reference_complete
AN19.KOR.kf2,m,doom,35.93748242600609,1,six_reference_complete
AN19.KOR.kf2,m,lame,40.56782748618772,1,six_reference_complete
AN19.KOR.kf2,m,mote,45.86366655826472,1,six_reference_complete
AN19.KOR.kf2,m,move,30.53573021998299,1,six_reference_complete
AN19.KOR.kf2,m,mum,44.447845438563654,1,six_reference_complete
AN19.KOR.kf2,m,rhyme,32.49359838748683,1,six_reference_complete
AN19.KOR.kf2,m,theme,27.928251578108938,1,six_reference_complete
AN19.KOR.kf2,n,join,29.325839564422477,1,six_reference_complete
AN19.KOR.kf2,ng,long,76.31305589968187,1,six_reference_complete
AN19.KOR.kf2,ng,young,90.21247570296737,1,six_reference_complete
AN19.KOR.kf2,ow,mote,36.20028327540067,1,six_reference_complete
AN19.KOR.kf2,ow,soak,28.187489225854637,1,six_reference_complete
AN19.KOR.kf2,oy,noise,47.10485706820393,1,six_reference_complete
AN19.KOR.kf2,oy,soil,26.763594298495548,1,six_reference_complete
AN19.KOR.kf2,oy,voice,31.77873038294177,1,six_reference_complete
AN19.KOR.kf2,p,deep,23.840895190281902,1,six_reference_complete
AN19.KOR.kf2,p,page,10.586654693809285,1,six_reference_complete
AN19.KOR.kf2,p,path,37.644370073724076,1,six_reference_complete
AN19.KOR.kf2,p,pawn,39.472799518296284,1,six_reference_complete
AN19.KOR.kf2,p,pool,28.078591569087326,1,six_reference_complete
AN19.KOR.kf2,p,pup,45.310261034792056,1,six_reference_complete
AN19.KOR.kf2,p,ship,38.07466624002348,1,six_reference_complete
AN19.KOR.kf2,p,shop,46.10010391251236,1,six_reference_complete
AN19.KOR.kf2,r,cheer,22.721107895776004,1,six_reference_complete
AN19.KOR.kf2,r,rim,59.8054707628184,1,six_reference_complete
AN19.KOR.kf2,r,rough,46.55272873495566,1,six_reference_complete
AN19.KOR.kf2,s,gas,83.91766691661108,1,six_reference_complete
AN19.KOR.kf2,s,mace,49.11821028093033,1,six_reference_complete
AN19.KOR.kf2,s,peace,28.485754128394728,1,six_reference_complete
AN19.KOR.kf2,s,sane,13.921972160770808,1,six_reference_complete
AN19.KOR.kf2,s,soak,13.55294358058053,1,six_reference_complete
AN19.KOR.kf2,s,soil,15.76060140893326,1,six_reference_complete
AN19.KOR.kf2,sh,shall,11.726115614722955,1,six_reference_complete
AN19.KOR.kf2,sh,ship,8.223737018973658,1,six_reference_complete
AN19.KOR.kf2,sh,shop,13.548596657709766,1,six_reference_complete
AN19.KOR.kf2,t,goat,34.73683120867815,1,six_reference_complete
AN19.KOR.kf2,t,gut,36.87295770460556,1,six_reference_complete
AN19.KOR.kf2,t,hoot,44.95226768937045,1,six_reference_complete
AN19.KOR.kf2,t,route,36.35533551154875,1,six_reference_complete
AN19.KOR.kf2,t,thought,52.57330242528894,1,six_reference_complete
AN19.KOR.kf2,t,toot,18.868808941334155,1,six_reference_complete
AN19.KOR.kf2,t,white,43.09055888387635,1,six_reference_complete
AN19.KOR.kf2,th,both,35.10368558859344,1,six_reference_complete
AN19.KOR.kf2,th,death,47.50416795436132,1,six_reference_complete
AN19.KOR.kf2,th,faith,29.40102059928265,1,six_reference_complete
AN19.KOR.kf2,th,mouth,69.99657022065252,1,six_reference_complete
AN19.KOR.kf2,th,path,25.60845548638903,1,six_reference_complete
AN19.KOR.kf2,uh,full,36.57335922403717,1,six_reference_complete
AN19.KOR.kf2,uh,pull,33.58023916033965,1,six_reference_complete
AN19.KOR.kf2,uw,fool,36.733602692914246,1,six_reference_complete
AN19.KOR.kf2,uw,lose,35.6914928681997,1,six_reference_complete
AN19.KOR.kf2,v,love,60.97266119409165,1,six_reference_complete
AN19.KOR.kf2,v,move,23.0860984610117,1,six_reference_complete
AN19.KOR.kf2,v,serve,15.797774277826974,1,six_reference_complete
AN19.KOR.kf2,w,weed,55.657287331026986,1,six_reference_complete
AN19.KOR.kf2,w,wick,66.72978980753125,1,six_reference_complete
AN19.KOR.kf3,aa,caught,46.33016610689526,1,six_reference_complete
AN19.KOR.kf3,aa,cod,71.14103567925595,1,six_reference_complete
AN19.KOR.kf3,aa,con,35.23909175228205,1,six_reference_complete
AN19.KOR.kf3,aa,shop,19.036910355098456,1,six_reference_complete
AN19.KOR.kf3,aa,wash,24.431380729876036,1,six_reference_complete
AN19.KOR.kf3,aa,watch,47.674802448795454,1,six_reference_complete
AN19.KOR.kf3,ae,ban,25.968736864285603,1,six_reference_complete
AN19.KOR.kf3,ae,lad,98.8835424239049,1,six_reference_complete
AN19.KOR.kf3,ae,mat,30.9489982999024,1,six_reference_complete
AN19.KOR.kf3,ae,rat,20.294252095137093,1,six_reference_complete
AN19.KOR.kf3,ae,shall,63.457785832932444,1,six_reference_complete
AN19.KOR.kf3,ah,bun,64.95855480064357,1,six_reference_complete
AN19.KOR.kf3,ah,rut,27.05661449302977,1,six_reference_complete
AN19.KOR.kf3,ao,long,40.94707624141565,1,six_reference_complete
AN19.KOR.kf3,ao,wrong,38.59660932924393,2,six_reference_complete
AN19.KOR.kf3,ay,lice,23.015098599100114,1,six_reference_complete
AN19.KOR.kf3,ay,live,56.92731338516435,1,six_reference_complete
AN19.KOR.kf3,ay,rhyme,87.96829932014145,1,six_reference_complete
AN19.KOR.kf3,ay,size,20.401447963227955,1,six_reference_complete
AN19.KOR.kf3,ay,vice,30.195695795511984,1,six_reference_complete
AN19.KOR.kf3,ay,wife,18.190346894088275,1,six_reference_complete
AN19.KOR.kf3,b,balm,33.7967316429382,1,six_reference_complete
AN19.KOR.kf3,b,both,23.121195339378982,1,six_reference_complete
AN19.KOR.kf3,b,bug,49.34865177959461,1,six_reference_complete
AN19.KOR.kf3,b,job,43.86602674765437,1,six_reference_complete
AN19.KOR.kf3,ch,chain,32.47676794326124,1,six_reference_complete
AN19.KOR.kf3,ch,check,20.52914347668423,1,six_reference_complete
AN19.KOR.kf3,ch,cheer,15.562307637348928,1,six_reference_complete
AN19.KOR.kf3,ch,chief,28.316834161532423,1,six_reference_complete
AN19.KOR.kf3,d,bead,72.27792266586823,1,six_reference_complete
AN19.KOR.kf3,d,den,75.55041378414542,1,six_reference_complete
AN19.KOR.kf3,d,doom,43.213980403592615,1,six_reference_complete
AN19.KOR.kf3,d,dune,65.55256491769204,1,six_reference_complete
AN19.KOR.kf3,d,pad,17.818425182355764,1,six_reference_complete
AN19.KOR.kf3,eh,leg,50.77921612316597,1,six_reference_complete
AN19.KOR.kf3,eh,neck,57.49456294617119,1,six_reference_complete
AN19.KOR.kf3,eh,wed,32.740243185023864,1,six_reference_complete
AN19.KOR.kf3,er,learn,22.084004389604548,1,six_reference_complete
AN19.KOR.kf3,ey,fade,29.62645315428966,1,six_reference_complete
AN19.KOR.kf3,ey,lace,17.19786238525319,1,six_reference_complete
AN19.KOR.kf3,ey,mace,16.869944966515945,1,six_reference_complete
AN19.KOR.kf3,ey,sane,20.808876036071535,1,six_reference_complete
AN19.KOR.kf3,ey,shape,18.89191463013093,1,six_reference_complete
AN19.KOR.kf3,f,fig,36.07988208005772,1,six_reference_complete
AN19.KOR.kf3,g,dog,53.93664162602576,1,six_reference_complete
AN19.KOR.kf3,g,fig,46.74614976293392,1,six_reference_complete
AN19.KOR.kf3,g,gave,20.464039068246155,1,six_reference_complete
AN19.KOR.kf3,g,girl,46.230639285846166,1,six_reference_complete
AN19.KOR.kf3,g,give,39.04796055896358,1,six_reference_complete
AN19.KOR.kf3,g,goat,37.22127261141669,1,six_reference_complete
AN19.KOR.kf3,g,god,58.53553882196481,1,six_reference_complete
AN19.KOR.kf3,g,gut,55.466733637651025,1,six_reference_complete
AN19.KOR.kf3,g,hag,62.67354821740184,1,six_reference_complete
AN19.KOR.kf3,g,league,16.540870595025567,1,six_reference_complete
AN19.KOR.kf3,hh,hack,13.824853911832228,1,six_reference_complete
AN19.KOR.kf3,hh,hag,76.74259968440276,1,six_reference_complete
AN19.KOR.kf3,hh,hoot,35.60167616509174,1,six_reference_complete
AN19.KOR.kf3,ih,mid,44.53352944456797,1,six_reference_complete
AN19.KOR.kf3,ih,sill,57.999596394248236,1,six_reference_complete
AN19.KOR.kf3,ih,thick,74.2513479924904,1,six_reference_complete
AN19.KOR.kf3,ih,thing,32.5361570616029,1,six_reference_complete
AN19.KOR.kf3,iy,bean,19.90707680792507,1,six_reference_complete
AN19.KOR.kf3,iy,deep,27.49335009326863,1,six_reference_complete
AN19.KOR.kf3,iy,league,15.097461137446553,1,six_reference_complete
AN19.KOR.kf3,iy,teeth,41.829874077849816,1,six_reference_complete
AN19.KOR.kf3,iy,theme,21.117161282918556,1,six_reference_complete
AN19.KOR.kf3,iy,weed,36.11120806436337,1,six_reference_complete
AN19.KOR.kf3,jh,jack,13.924366792678951,1,six_reference_complete
AN19.KOR.kf3,jh,job,62.74623611258993,1,six_reference_complete
AN19.KOR.kf3,jh,join,63.17782257072125,1,six_reference_complete
AN19.KOR.kf3,jh,page,79.52999751050665,1,six_reference_complete
AN19.KOR.kf3,k,beak,28.26049222671504,1,six_reference_complete
AN19.KOR.kf3,k,curve,37.93945232348828,1,six_reference_complete
AN19.KOR.kf3,k,hack,114.58801228673008,1,six_reference_complete
AN19.KOR.kf3,k,jack,60.68253323272386,1,six_reference_complete
AN19.KOR.kf3,k,king,23.417987843753597,1,six_reference_complete
AN19.KOR.kf3,k,suck,50.39290782698772,1,six_reference_complete
AN19.KOR.kf3,k,thick,46.47354066075281,1,six_reference_complete
AN19.KOR.kf3,l,hurl,29.165992966989148,1,six_reference_complete
AN19.KOR.kf3,l,league,23.725599730771012,1,six_reference_complete
AN19.KOR.kf3,l,lice,14.8500804906981,1,six_reference_complete
AN19.KOR.kf3,m,bum,37.203786663533286,1,six_reference_complete
AN19.KOR.kf3,m,doom,38.75470748880046,1,six_reference_complete
AN19.KOR.kf3,m,lame,35.573786494293095,1,six_reference_complete
AN19.KOR.kf3,m,mote,51.69338322029673,1,six_reference_complete
AN19.KOR.kf3,m,move,38.08021557706496,1,six_reference_complete
AN19.KOR.kf3,m,mum,41.317940007720374,1,six_reference_complete
AN19.KOR.kf3,m,rhyme,44.59733392331491,1,six_reference_complete
AN19.KOR.kf3,m,theme,27.802890503149104,1,six_reference_complete
AN19.KOR.kf3,n,fin,44.67891372113177,1,six_reference_complete
AN19.KOR.kf3,n,join,54.13932738115719,1,six_reference_complete
AN19.KOR.kf3,ng,long,23.41091189963529,1,six_reference_complete
AN19.KOR.kf3,ng,young,96.90232168258473,1,six_reference_complete
AN19.KOR.kf3,ow,mote,51.6047483935566,1,six_reference_complete
AN19.KOR.kf3,ow,soak,31.890600820739067,1,six_reference_complete
AN19.KOR.kf3,oy,noise,71.30101429863677,1,six_reference_complete
AN19.KOR.kf3,oy,soil,23.738121210674958,1,six_reference_complete
AN19.KOR.kf3,oy,voice,37.99183285931724,1,six_reference_complete
AN19.KOR.kf3,p,deep,34.79276406835376,1,six_reference_complete
AN19.KOR.kf3,p,path,26.680999227223094,1,six_reference_complete
AN19.KOR.kf3,p,pawn,89.12849812472604,1,six_reference_complete
AN19.KOR.kf3,p,ship,35.570109073822586,1,six_reference_complete
AN19.KOR.kf3,p,shop,38.121371401947265,1,six_reference_complete
AN19.KOR.kf3,r,cheer,16.403304473872264,1,six_reference_complete
AN19.KOR.kf3,r,rim,54.2625231415953,1,six_reference_complete
AN19.KOR.kf3,r,whore,18.111421691773483,1,six_reference_complete
AN19.KOR.kf3,s,gas,28.34992392223357,1,six_reference_complete
AN19.KOR.kf3,s,lice,29.655362093398892,1,six_reference_complete
AN19.KOR.kf3,s,mace,45.482048344661145,1,six_reference_complete
AN19.KOR.kf3,s,peace,66.34629009217997,1,six_reference_complete
AN19.KOR.kf3,s,sane,19.24868769696354,1,six_reference_complete
AN19.KOR.kf3,s,soak,34.717323048408225,1,six_reference_complete
AN19.KOR.kf3,s,soil,20.64558220494475,1,six_reference_complete
AN19.KOR.kf3,sh,hash,25.33640642514231,1,six_reference_complete
AN19.KOR.kf3,sh,shall,11.723240901224335,1,six_reference_complete
AN19.KOR.kf3,sh,ship,6.637864940099881,1,six_reference_complete
AN19.KOR.kf3,sh,shop,12.989435447568354,1,six_reference_complete
AN19.KOR.kf3,t,goat,20.8816196615653,1,six_reference_complete
AN19.KOR.kf3,t,gut,26.117404749381024,1,six_reference_complete
AN19.KOR.kf3,t,route,54.50222781027664,1,six_reference_complete
AN19.KOR.kf3,t,thought,38.04066860570584,1,six_reference_complete
AN19.KOR.kf3,t,white,67.89521406660607,1,six_reference_complete
AN19.KOR.kf3,th,both,32.956350318891865,1,six_reference_complete
AN19.KOR.kf3,th,death,53.77075983164445,1,six_reference_complete
AN19.KOR.kf3,th,path,29.67692799621027,1,six_reference_complete
AN19.KOR.kf3,th,theme,45.35760911669717,1,six_reference_complete
AN19.KOR.kf3,uh,full,27.66776386922463,1,six_reference_complete
AN19.KOR.kf3,uh,pull,26.164603208947497,1,six_reference_complete
AN19.KOR.kf3,uw,fool,41.20729554732192,1,six_reference_complete
AN19.KOR.kf3,uw,lose,78.24769828021819,1,six_reference_complete
AN19.KOR.kf3,uw,roof,51.81790566769238,1,six_reference_complete
AN19.KOR.kf3,v,curve,17.51830696329721,1,six_reference_complete
AN19.KOR.kf3,v,love,43.23965363288,1,six_reference_complete
AN19.KOR.kf3,v,serve,35.58542613847701,1,six_reference_complete
AN19.KOR.kf3,w,weed,55.16521430393916,1,six_reference_complete
AN19.KOR.kf3,w,wick,64.3504765899671,1,six_reference_complete
AN19.KOR.kf3,y,young,24.747588963081423,1,six_reference_complete
AN19.KOR.kf4,aa,caught,41.49604425822762,1,six_reference_complete
AN19.KOR.kf4,aa,cod,46.469104441161996,1,six_reference_complete
AN19.KOR.kf4,aa,con,51.557761567359215,1,six_reference_complete
AN19.KOR.kf4,aa,shop,21.665600996549113,1,six_reference_complete
AN19.KOR.kf4,aa,was,21.473772815547335,1,six_reference_complete
AN19.KOR.kf4,aa,wash,24.18966065835781,1,six_reference_complete
AN19.KOR.kf4,ae,ban,14.928340554092083,1,six_reference_complete
AN19.KOR.kf4,ae,lad,16.38968029472743,1,six_reference_complete
AN19.KOR.kf4,ae,mat,21.805244614438816,1,six_reference_complete
AN19.KOR.kf4,ae,rat,21.69645619341576,1,six_reference_complete
AN19.KOR.kf4,ae,shall,27.557189052860707,1,six_reference_complete
AN19.KOR.kf4,ah,bun,61.10531281858189,1,six_reference_complete
AN19.KOR.kf4,ah,rut,41.125612877275216,1,six_reference_complete
AN19.KOR.kf4,ah,suck,50.73606216865462,1,six_reference_complete
AN19.KOR.kf4,ao,long,33.028642716093614,1,six_reference_complete
AN19.KOR.kf4,ao,wrong,25.47768552968387,1,six_reference_complete
AN19.KOR.kf4,ay,lice,28.241016156725323,1,six_reference_complete
AN19.KOR.kf4,ay,live,59.519518249656464,1,six_reference_complete
AN19.KOR.kf4,ay,rhyme,31.7274013519668,1,six_reference_complete
AN19.KOR.kf4,ay,size,21.814774248167456,1,six_reference_complete
AN19.KOR.kf4,ay,vice,83.38404636685367,1,six_reference_complete
AN19.KOR.kf4,ay,wife,55.7629798018315,1,six_reference_complete
AN19.KOR.kf4,b,balm,28.282808262543906,1,six_reference_complete
AN19.KOR.kf4,b,bean,27.48186863027119,1,six_reference_complete
AN19.KOR.kf4,b,both,23.00263707640335,1,six_reference_complete
AN19.KOR.kf4,b,bug,44.30197663912991,1,six_reference_complete
AN19.KOR.kf4,b,job,35.336767308918574,1,six_reference_complete
AN19.KOR.kf4,ch,chain,19.424751917515696,1,six_reference_complete
AN19.KOR.kf4,ch,check,68.66799682302108,1,six_reference_complete
AN19.KOR.kf4,ch,cheer,20.709869886453706,1,six_reference_complete
AN19.KOR.kf4,ch,chief,51.13087163801282,1,six_reference_complete
AN19.KOR.kf4,d,bead,19.835761562856643,1,six_reference_complete
AN19.KOR.kf4,d,den,31.536845793051754,1,six_reference_complete
AN19.KOR.kf4,d,doom,35.51388598725364,1,six_reference_complete
AN19.KOR.kf4,d,dune,34.508023433410415,1,six_reference_complete
AN19.KOR.kf4,d,pad,71.96600322999339,1,six_reference_complete
AN19.KOR.kf4,eh,den,16.330512905156187,1,six_reference_complete
AN19.KOR.kf4,eh,leg,62.4714945143526,1,six_reference_complete
AN19.KOR.kf4,eh,neck,81.02949049231489,1,six_reference_complete
AN19.KOR.kf4,eh,wed,58.783088566277605,1,six_reference_complete
AN19.KOR.kf4,er,learn,21.462403468867933,1,six_reference_complete
AN19.KOR.kf4,ey,lace,20.73625371377961,1,six_reference_complete
AN19.KOR.kf4,ey,mace,17.584495636420797,1,six_reference_complete
AN19.KOR.kf4,ey,sane,24.420969864148756,1,six_reference_complete
AN19.KOR.kf4,ey,wail,49.56772941763244,1,six_reference_complete
AN19.KOR.kf4,f,fig,89.38130583752343,1,six_reference_complete
AN19.KOR.kf4,f,firm,41.46157325698935,1,six_reference_complete
AN19.KOR.kf4,f,five,39.59382758319159,1,six_reference_complete
AN19.KOR.kf4,f,food,23.184933584394134,1,six_reference_complete
AN19.KOR.kf4,g,dog,37.626934215547415,1,six_reference_complete
AN19.KOR.kf4,g,fig,86.43332458285774,1,six_reference_complete
AN19.KOR.kf4,g,gave,12.91383839757358,1,six_reference_complete
AN19.KOR.kf4,g,girl,46.08343611600446,1,six_reference_complete
AN19.KOR.kf4,g,give,46.37740175854333,1,six_reference_complete
AN19.KOR.kf4,g,goat,35.04977687551409,1,six_reference_complete
AN19.KOR.kf4,g,god,50.53029269758147,1,six_reference_complete
AN19.KOR.kf4,g,gut,36.18567986087783,1,six_reference_complete
AN19.KOR.kf4,g,hag,50.074977137210446,1,six_reference_complete
AN19.KOR.kf4,g,league,25.98489865384403,1,six_reference_complete
AN19.KOR.kf4,hh,hag,44.801305973924535,1,six_reference_complete
AN19.KOR.kf4,hh,hid,58.56554757111896,1,six_reference_complete
AN19.KOR.kf4,hh,hoot,30.905537621966516,1,six_reference_complete
AN19.KOR.kf4,ih,thick,52.50646476606147,1,six_reference_complete
AN19.KOR.kf4,iy,bead,27.34686219092276,1,six_reference_complete
AN19.KOR.kf4,iy,league,14.260385535216669,1,six_reference_complete
AN19.KOR.kf4,iy,theme,19.67099802569874,1,six_reference_complete
AN19.KOR.kf4,iy,weed,17.219834425386267,1,six_reference_complete
AN19.KOR.kf4,jh,job,68.12998500221681,1,six_reference_complete
AN19.KOR.kf4,jh,page,40.55084449384912,1,six_reference_complete
AN19.KOR.kf4,k,beak,26.786966772222637,1,six_reference_complete
AN19.KOR.kf4,k,con,54.6856361961106,1,six_reference_complete
AN19.KOR.kf4,k,curve,21.83590658872899,1,six_reference_complete
AN19.KOR.kf4,k,hack,44.21839592863264,1,six_reference_complete
AN19.KOR.kf4,k,jack,60.03876784120478,1,six_reference_complete
AN19.KOR.kf4,k,suck,91.21805047254166,1,six_reference_complete
AN19.KOR.kf4,k,thick,51.12206443146612,1,six_reference_complete
AN19.KOR.kf4,l,hurl,31.59079488885728,1,six_reference_complete
AN19.KOR.kf4,l,league,29.311999302306486,1,six_reference_complete
AN19.KOR.kf4,l,lice,43.74583618542034,1,six_reference_complete
AN19.KOR.kf4,m,bum,28.394068643723482,1,six_reference_complete
AN19.KOR.kf4,m,doom,29.558586918914937,1,six_reference_complete
AN19.KOR.kf4,m,mall,38.12489230580785,1,six_reference_complete
AN19.KOR.kf4,m,mote,38.63084026485976,1,six_reference_complete
AN19.KOR.kf4,m,move,33.815329611922515,1,six_reference_complete
AN19.KOR.kf4,m,mum,34.714580728064625,1,six_reference_complete
AN19.KOR.kf4,n,fin,34.46412395073754,1,six_reference_complete
AN19.KOR.kf4,n,join,32.42396134528746,1,six_reference_complete
AN19.KOR.kf4,ng,long,21.552305973177898,1,six_reference_complete
AN19.KOR.kf4,ng,young,29.836156411792203,1,six_reference_complete
AN19.KOR.kf4,ow,mote,16.28414735260585,1,six_reference_complete
AN19.KOR.kf4,ow,soak,35.05414625939412,1,six_reference_complete
AN19.KOR.kf4,oy,noise,40.69265601614074,1,six_reference_complete
AN19.KOR.kf4,oy,soil,25.180498397663186,1,six_reference_complete
AN19.KOR.kf4,oy,voice,31.340552479677257,1,six_reference_complete
AN19.KOR.kf4,p,deep,30.698147861315643,1,six_reference_complete
AN19.KOR.kf4,p,page,49.41840170542748,1,six_reference_complete
AN19.KOR.kf4,p,path,32.447823844742494,1,six_reference_complete
AN19.KOR.kf4,p,pawn,13.72518145877966,1,six_reference_complete
AN19.KOR.kf4,p,pool,28.825575852176396,1,six_reference_complete
AN19.KOR.kf4,p,pup,44.57871582823588,1,six_reference_complete
AN19.KOR.kf4,p,ship,76.54687974543111,1,six_reference_complete
AN19.KOR.kf4,p,shop,32.8436738772162,1,six_reference_complete
AN19.KOR.kf4,r,cheer,15.470786681107455,1,six_reference_complete
AN19.KOR.kf4,r,rim,66.66231274800377,1,six_reference_complete
AN19.KOR.kf4,r,rough,32.99010649100973,1,six_reference_complete
AN19.KOR.kf4,r,whore,31.64146206009907,1,six_reference_complete
AN19.KOR.kf4,s,gas,32.38779044072681,1,six_reference_complete
AN19.KOR.kf4,s,lice,40.82979225448554,1,six_reference_complete
AN19.KOR.kf4,s,mace,39.06562860906455,1,six_reference_complete
AN19.KOR.kf4,s,peace,20.67001343538568,1,six_reference_complete
AN19.KOR.kf4,s,sane,19.90923541309647,1,six_reference_complete
AN19.KOR.kf4,s,soak,13.081116890576864,1,six_reference_complete
AN19.KOR.kf4,s,soil,22.852711904541607,1,six_reference_complete
AN19.KOR.kf4,sh,hash,27.96097852515163,1,six_reference_complete
AN19.KOR.kf4,sh,ship,39.98037845094675,1,six_reference_complete
AN19.KOR.kf4,sh,shop,12.91034301791217,1,six_reference_complete
AN19.KOR.kf4,t,goat,31.953472593636388,1,six_reference_complete
AN19.KOR.kf4,t,gut,58.31622171270791,1,six_reference_complete
AN19.KOR.kf4,t,hoot,37.214905349203605,1,six_reference_complete
AN19.KOR.kf4,t,route,37.26716267151781,1,six_reference_complete
AN19.KOR.kf4,t,thought,37.16287102708476,1,six_reference_complete
AN19.KOR.kf4,t,white,48.19176336615527,1,six_reference_complete
AN19.KOR.kf4,th,both,32.02384742092514,1,six_reference_complete
AN19.KOR.kf4,th,death,62.38067177140449,1,six_reference_complete
AN19.KOR.kf4,th,faith,30.00290429326282,1,six_reference_complete
AN19.KOR.kf4,th,mouth,42.96978637228285,1,six_reference_complete
AN19.KOR.kf4,th,path,43.82287360535414,1,six_reference_complete
AN19.KOR.kf4,th,theme,28.960114104431767,1,six_reference_complete
AN19.KOR.kf4,th,thick,71.69661757744838,1,six_reference_complete
AN19.KOR.kf4,uh,full,34.76267358804103,1,six_reference_complete
AN19.KOR.kf4,uh,pull,25.710643007873085,1,six_reference_complete
AN19.KOR.kf4,uw,fool,25.548662683657152,1,six_reference_complete
AN19.KOR.kf4,uw,lose,11.719444939953277,1,six_reference_complete
AN19.KOR.kf4,uw,roof,19.780943329393935,1,six_reference_complete
AN19.KOR.kf4,v,curve,12.278848594344957,1,six_reference_complete
AN19.KOR.kf4,v,love,69.15590946813215,1,six_reference_complete
AN19.KOR.kf4,v,move,42.60348048675706,1,six_reference_complete
AN19.KOR.kf4,v,serve,12.910346141213047,1,six_reference_complete
AN19.KOR.kf4,w,weed,60.38887729084064,1,six_reference_complete
AN19.KOR.kf4,w,wick,89.79559915058911,1,six_reference_complete
AN19.KOR.kf4,y,young,62.52210611048613,1,six_reference_complete
AN19.KOR.kf5,aa,caught,88.37251229568159,1,six_reference_complete
AN19.KOR.kf5,aa,con,37.646232901183524,1,six_reference_complete
AN19.KOR.kf5,aa,shop,18.457623437899738,1,six_reference_complete
AN19.KOR.kf5,aa,was,36.533399807679245,1,six_reference_complete
AN19.KOR.kf5,aa,wash,21.39321341296828,1,six_reference_complete
AN19.KOR.kf5,ae,ban,6.234243105974225,1,six_reference_complete
AN19.KOR.kf5,ae,lad,9.808029718633769,1,six_reference_complete
AN19.KOR.kf5,ae,mat,24.605637331924658,1,six_reference_complete
AN19.KOR.kf5,ae,shall,23.808954296923634,1,six_reference_complete
AN19.KOR.kf5,ah,bun,18.812221032422187,1,six_reference_complete
AN19.KOR.kf5,ah,rut,41.67022312287006,1,six_reference_complete
AN19.KOR.kf5,ah,suck,34.31872923027661,1,six_reference_complete
AN19.KOR.kf5,ao,chore,54.51942335097035,1,six_reference_complete
AN19.KOR.kf5,ao,long,34.676444161168284,1,six_reference_complete
AN19.KOR.kf5,ao,wrong,27.975294055660196,2,six_reference_complete
AN19.KOR.kf5,ay,lice,22.340144710558363,1,six_reference_complete
AN19.KOR.kf5,ay,rhyme,30.430198125534194,1,six_reference_complete
AN19.KOR.kf5,ay,size,20.482085274169588,1,six_reference_complete
AN19.KOR.kf5,ay,vice,33.554854658802974,1,six_reference_complete
AN19.KOR.kf5,ay,wife,54.06401959624633,1,six_reference_complete
AN19.KOR.kf5,b,balm,64.17463126282205,1,six_reference_complete
AN19.KOR.kf5,b,bean,37.47168157670228,1,six_reference_complete
AN19.KOR.kf5,b,both,25.23611020918693,1,six_reference_complete
AN19.KOR.kf5,b,bug,36.324211968654595,1,six_reference_complete
AN19.KOR.kf5,b,job,32.792428163823935,1,six_reference_complete
AN19.KOR.kf5,ch,chain,48.259658753644295,1,six_reference_complete
AN19.KOR.kf5,ch,cheer,43.169569213093155,1,six_reference_complete
AN19.KOR.kf5,ch,chief,24.06977546537406,1,six_reference_complete
AN19.KOR.kf5,d,bead,26.775396519110586,1,six_reference_complete
AN19.KOR.kf5,d,den,30.618763878832528,1,six_reference_complete
AN19.KOR.kf5,d,doom,32.87834487310315,1,six_reference_complete
AN19.KOR.kf5,d,dune,25.454918705864326,1,six_reference_complete
AN19.KOR.kf5,d,hid,45.39198571011472,1,six_reference_complete
AN19.KOR.kf5,d,pad,18.07095376944748,1,six_reference_complete
AN19.KOR.kf5,eh,den,13.05310755840212,1,six_reference_complete
AN19.KOR.kf5,eh,leg,55.054917879029176,1,six_reference_complete
AN19.KOR.kf5,eh,neck,73.5792226555156,1,six_reference_complete
AN19.KOR.kf5,er,learn,26.776560481189545,1,six_reference_complete
AN19.KOR.kf5,ey,fade,17.350034038596515,1,six_reference_complete
AN19.KOR.kf5,ey,lace,34.53303831652873,1,six_reference_complete
AN19.KOR.kf5,ey,mace,23.99277962501085,1,six_reference_complete
AN19.KOR.kf5,ey,sane,24.706228313362853,1,six_reference_complete
AN19.KOR.kf5,ey,shape,18.221913948773494,1,six_reference_complete
AN19.KOR.kf5,f,fig,58.32643974676589,1,six_reference_complete
AN19.KOR.kf5,f,firm,62.97600216977437,1,six_reference_complete
AN19.KOR.kf5,f,five,51.81461654240537,1,six_reference_complete
AN19.KOR.kf5,f,food,29.65257879730596,1,six_reference_complete
AN19.KOR.kf5,g,gave,14.918819912491793,1,six_reference_complete
AN19.KOR.kf5,g,girl,37.44832041114452,1,six_reference_complete
AN19.KOR.kf5,g,give,25.980917745434272,1,six_reference_complete
AN19.KOR.kf5,g,goat,34.467703887816135,1,six_reference_complete
AN19.KOR.kf5,g,god,61.93077938130822,1,six_reference_complete
AN19.KOR.kf5,g,gut,32.36359739781396,1,six_reference_complete
AN19.KOR.kf5,g,hag,49.077129180425935,1,six_reference_complete
AN19.KOR.kf5,g,league,28.053739657871148,1,six_reference_complete
AN19.KOR.kf5,hh,hack,11.978070045565545,1,six_reference_complete
AN19.KOR.kf5,hh,hag,57.02597657978805,1,six_reference_complete
AN19.KOR.kf5,hh,hid,36.702621196730426,1,six_reference_complete
AN19.KOR.kf5,hh,hoot,32.189824851168474,1,six_reference_complete
AN19.KOR.kf5,ih,kin,39.22966160046506,1,six_reference_complete
AN19.KOR.kf5,ih,kit,65.5606388552013,1,six_reference_complete
AN19.KOR.kf5,ih,mid,27.445324011390895,1,six_reference_complete
AN19.KOR.kf5,ih,sill,49.26402008994401,1,six_reference_complete
AN19.KOR.kf5,ih,thing,48.341995446320944,1,six_reference_complete
AN19.KOR.kf5,iy,bean,18.781776214423186,1,six_reference_complete
AN19.KOR.kf5,iy,chief,21.546818171188566,1,six_reference_complete
AN19.KOR.kf5,iy,league,27.02704481419453,1,six_reference_complete
AN19.KOR.kf5,iy,teat,22.093195909112207,1,six_reference_complete
AN19.KOR.kf5,iy,teeth,72.37524935085527,1,six_reference_complete
AN19.KOR.kf5,iy,theme,21.581009147301547,1,six_reference_complete
AN19.KOR.kf5,iy,weed,35.5164545929458,1,six_reference_complete
AN19.KOR.kf5,jh,jack,11.197772542291965,1,six_reference_complete
AN19.KOR.kf5,jh,job,80.68341526760875,1,six_reference_complete
AN19.KOR.kf5,jh,join,32.46568510956217,1,six_reference_complete
AN19.KOR.kf5,jh,page,31.49884791937929,1,six_reference_complete
AN19.KOR.kf5,k,beak,38.24477359957317,1,six_reference_complete
AN19.KOR.kf5,k,con,40.014264075256435,1,six_reference_complete
AN19.KOR.kf5,k,curve,28.595345957931908,1,six_reference_complete
AN19.KOR.kf5,k,hack,38.04290121575891,1,six_reference_complete
AN19.KOR.kf5,k,jack,10.953150675720075,1,six_reference_complete
AN19.KOR.kf5,k,king,20.521980700951396,1,six_reference_complete
AN19.KOR.kf5,k,suck,29.96216678439576,1,six_reference_complete
AN19.KOR.kf5,k,thick,71.0432394966041,1,six_reference_complete
AN19.KOR.kf5,l,hurl,40.882347448592775,1,six_reference_complete
AN19.KOR.kf5,l,league,34.99003431314342,1,six_reference_complete
AN19.KOR.kf5,l,lice,13.596994122964832,1,six_reference_complete
AN19.KOR.kf5,m,doom,18.214939821290233,1,six_reference_complete
AN19.KOR.kf5,m,mall,45.97919824820119,1,six_reference_complete
AN19.KOR.kf5,m,mote,45.07310121470689,1,six_reference_complete
AN19.KOR.kf5,m,move,28.18890723471755,1,six_reference_complete
AN19.KOR.kf5,m,mum,41.42028881284583,1,six_reference_complete
AN19.KOR.kf5,m,rhyme,41.282526228413126,1,six_reference_complete
AN19.KOR.kf5,m,theme,24.46185598421708,1,six_reference_complete
AN19.KOR.kf5,n,join,28.25640355674699,1,six_reference_complete
AN19.KOR.kf5,ng,long,19.651323437875362,1,six_reference_complete
AN19.KOR.kf5,ow,soak,56.60070437425688,1,six_reference_complete
AN19.KOR.kf5,oy,noise,47.653352591628526,1,six_reference_complete
AN19.KOR.kf5,oy,soil,23.643632044716295,1,six_reference_complete
AN19.KOR.kf5,oy,voice,77.02888086627398,1,six_reference_complete
AN19.KOR.kf5,p,deep,25.921298425848804,1,six_reference_complete
AN19.KOR.kf5,p,page,12.364833616061224,1,six_reference_complete
AN19.KOR.kf5,p,pawn,102.09845789227421,1,six_reference_complete
AN19.KOR.kf5,p,pool,22.56266225994376,1,six_reference_complete
AN19.KOR.kf5,p,pup,50.51353130584824,1,six_reference_complete
AN19.KOR.kf5,p,ship,10.964626131254098,1,six_reference_complete
AN19.KOR.kf5,p,shop,38.381273905720185,1,six_reference_complete
AN19.KOR.kf5,r,cheer,17.363161565393074,1,six_reference_complete
AN19.KOR.kf5,r,rough,69.11403024926283,1,six_reference_complete
AN19.KOR.kf5,r,whore,20.446635506899515,1,six_reference_complete
AN19.KOR.kf5,s,gas,90.57192014483884,1,six_reference_complete
AN19.KOR.kf5,s,mace,52.969564385590424,1,six_reference_complete
AN19.KOR.kf5,s,peace,34.853779369492315,1,six_reference_complete
AN19.KOR.kf5,s,sane,21.334286870634553,1,six_reference_complete
AN19.KOR.kf5,s,soak,22.41781528002737,1,six_reference_complete
AN19.KOR.kf5,s,soil,17.784558046253476,1,six_reference_complete
AN19.KOR.kf5,sh,shall,10.973604075263175,1,six_reference_complete
AN19.KOR.kf5,sh,ship,5.372222017882859,1,six_reference_complete
AN19.KOR.kf5,sh,shop,13.417550582494917,1,six_reference_complete
AN19.KOR.kf5,t,goat,33.31544165704523,1,six_reference_complete
AN19.KOR.kf5,t,hoot,28.88790366185786,1,six_reference_complete
AN19.KOR.kf5,t,route,37.555951308304515,1,six_reference_complete
AN19.KOR.kf5,t,thought,45.50081000755583,1,six_reference_complete
AN19.KOR.kf5,t,toot,50.22630440488175,1,six_reference_complete
AN19.KOR.kf5,t,white,64.04271528181158,1,six_reference_complete
AN19.KOR.kf5,th,both,32.14584845060418,1,six_reference_complete
AN19.KOR.kf5,th,death,72.30394688328893,1,six_reference_complete
AN19.KOR.kf5,th,faith,76.86128657801912,1,six_reference_complete
AN19.KOR.kf5,th,mouth,43.33237210619666,1,six_reference_complete
AN19.KOR.kf5,th,path,34.66925175104458,1,six_reference_complete
AN19.KOR.kf5,th,theme,29.25803710311258,1,six_reference_complete
AN19.KOR.kf5,th,thick,79.77592503754566,1,six_reference_complete
AN19.KOR.kf5,uh,full,43.168671094658215,1,six_reference_complete
AN19.KOR.kf5,uw,fool,26.996859442156804,1,six_reference_complete
AN19.KOR.kf5,uw,lose,10.916079589469263,1,six_reference_complete
AN19.KOR.kf5,uw,roof,25.77849147312719,1,six_reference_complete
AN19.KOR.kf5,v,curve,31.79999343774554,1,six_reference_complete
AN19.KOR.kf5,v,love,33.57817044327876,1,six_reference_complete
AN19.KOR.kf5,v,move,27.643865975438786,1,six_reference_complete
AN19.KOR.kf5,v,serve,38.61719350964188,1,six_reference_complete
AN19.KOR.kf5,w,weed,64.91856800453301,1,six_reference_complete
AN19.KOR.kf5,w,wick,65.28612088618347,1,six_reference_complete
AN19.KOR.kf5,y,young,57.382781389287004,1,six_reference_complete
AN19.KOR.kf6,aa,caught,54.396439526514406,1,six_reference_complete
AN19.KOR.kf6,aa,cod,55.46782414267523,1,six_reference_complete
AN19.KOR.kf6,aa,con,55.60154691762574,1,six_reference_complete
AN19.KOR.kf6,aa,shop,17.66583353761958,1,six_reference_complete
AN19.KOR.kf6,aa,was,22.869549714398545,1,six_reference_complete
AN19.KOR.kf6,aa,wash,38.48168241527895,1,six_reference_complete
AN19.KOR.kf6,aa,watch,34.777493742349854,1,six_reference_complete
AN19.KOR.kf6,ae,lad,55.60738768340337,1,six_reference_complete
AN19.KOR.kf6,ae,mat,20.158391754891635,1,six_reference_complete
AN19.KOR.kf6,ae,rat,19.131324502203395,1,six_reference_complete
AN19.KOR.kf6,ae,shall,25.60751881140349,1,six_reference_complete
AN19.KOR.kf6,ah,rut,59.92891294064114,1,six_reference_complete
AN19.KOR.kf6,ah,suck,33.040278355202936,1,six_reference_complete
AN19.KOR.kf6,ao,chore,63.03782086462147,1,six_reference_complete
AN19.KOR.kf6,ao,long,35.09724675372923,1,six_reference_complete
AN19.KOR.kf6,ao,wrong,40.849800821487534,2,six_reference_complete
AN19.KOR.kf6,ay,lice,21.180137268542335,1,six_reference_complete
AN19.KOR.kf6,ay,live,55.45321523917368,1,six_reference_complete
AN19.KOR.kf6,ay,rhyme,28.81263311132292,1,six_reference_complete
AN19.KOR.kf6,ay,size,20.651570882878204,1,six_reference_complete
AN19.KOR.kf6,ay,vice,38.72724697233008,1,six_reference_complete
AN19.KOR.kf6,ay,wife,22.905806512055207,1,six_reference_complete
AN19.KOR.kf6,b,balm,27.000024596264428,1,six_reference_complete
AN19.KOR.kf6,b,bean,41.41417515793939,1,six_reference_complete
AN19.KOR.kf6,b,bug,44.60903581149646,1,six_reference_complete
AN19.KOR.kf6,b,job,49.39367710015381,1,six_reference_complete
AN19.KOR.kf6,ch,chain,60.22507383524479,1,six_reference_complete
AN19.KOR.kf6,ch,check,76.42887650974582,1,six_reference_complete
AN19.KOR.kf6,ch,cheer,43.01606336777473,1,six_reference_complete
AN19.KOR.kf6,d,bead,23.33951814737415,1,six_reference_complete
AN19.KOR.kf6,d,den,76.13467676172695,1,six_reference_complete
AN19.KOR.kf6,d,doom,35.079229481442056,1,six_reference_complete
AN19.KOR.kf6,d,dune,61.25360862152022,1,six_reference_complete
AN19.KOR.kf6,d,pad,15.785245895765492,1,six_reference_complete
AN19.KOR.kf6,eh,den,92.42913433980921,1,six_reference_complete
AN19.KOR.kf6,eh,leg,67.00031745531885,1,six_reference_complete
AN19.KOR.kf6,eh,neck,65.368177129846,1,six_reference_complete
AN19.KOR.kf6,eh,wed,68.26408825882773,1,six_reference_complete
AN19.KOR.kf6,er,learn,31.173761524445933,1,six_reference_complete
AN19.KOR.kf6,ey,fade,18.94909787135784,1,six_reference_complete
AN19.KOR.kf6,ey,lace,15.930025341625802,1,six_reference_complete
AN19.KOR.kf6,ey,mace,21.818428272302313,1,six_reference_complete
AN19.KOR.kf6,ey,sane,21.05200263860446,1,six_reference_complete
AN19.KOR.kf6,ey,shape,24.257836180291175,1,six_reference_complete
AN19.KOR.kf6,ey,wail,39.98570757577435,1,six_reference_complete
AN19.KOR.kf6,f,fig,31.537018299232006,1,six_reference_complete
AN19.KOR.kf6,f,firm,55.02083398015059,1,six_reference_complete
AN19.KOR.kf6,f,five,69.32479378433919,1,six_reference_complete
AN19.KOR.kf6,f,food,26.52827031359628,1,six_reference_complete
AN19.KOR.kf6,g,dog,47.00668653255255,1,six_reference_complete
AN19.KOR.kf6,g,fig,33.648621011431594,1,six_reference_complete
AN19.KOR.kf6,g,gave,17.36707608974819,1,six_reference_complete
AN19.KOR.kf6,g,give,43.842382513912774,1,six_reference_complete
AN19.KOR.kf6,g,goat,64.48310065087153,1,six_reference_complete
AN19.KOR.kf6,g,god,40.02349695160167,1,six_reference_complete
AN19.KOR.kf6,g,gut,45.941782560905985,1,six_reference_complete
AN19.KOR.kf6,g,hag,48.37571190646043,1,six_reference_complete
AN19.KOR.kf6,g,league,19.025250228298912,1,six_reference_complete
AN19.KOR.kf6,hh,hack,8.399884653438036,1,six_reference_complete
AN19.KOR.kf6,hh,hag,11.89276303977885,1,six_reference_complete
AN19.KOR.kf6,hh,hid,48.31754725487131,1,six_reference_complete
AN19.KOR.kf6,hh,hoot,32.188018162070385,1,six_reference_complete
AN19.KOR.kf6,ih,kin,29.5641695568156,1,six_reference_complete
AN19.KOR.kf6,ih,kit,25.444510470255782,1,six_reference_complete
AN19.KOR.kf6,ih,sill,24.910060031997073,1,six_reference_complete
AN19.KOR.kf6,iy,bead,28.211185120403723,1,six_reference_complete
AN19.KOR.kf6,iy,bean,18.653452961070208,1,six_reference_complete
AN19.KOR.kf6,iy,chief,54.26364816702685,1,six_reference_complete
AN19.KOR.kf6,iy,deep,8.17877857511439,1,six_reference_complete
AN19.KOR.kf6,iy,league,21.618488038496007,1,six_reference_complete
AN19.KOR.kf6,iy,teat,21.257450882324065,1,six_reference_complete
AN19.KOR.kf6,iy,teeth,39.75855725791181,1,six_reference_complete
AN19.KOR.kf6,iy,theme,19.62140154738591,1,six_reference_complete
AN19.KOR.kf6,iy,weed,26.607336240890188,1,six_reference_complete
AN19.KOR.kf6,jh,jack,37.53985883956333,1,six_reference_complete
AN19.KOR.kf6,jh,join,42.546801998982765,1,six_reference_complete
AN19.KOR.kf6,jh,page,37.73215990466783,1,six_reference_complete
AN19.KOR.kf6,k,beak,28.21498050429209,1,six_reference_complete
AN19.KOR.kf6,k,con,51.0009244845801,1,six_reference_complete
AN19.KOR.kf6,k,curve,52.07150226643199,1,six_reference_complete
AN19.KOR.kf6,k,jack,26.080682319895278,1,six_reference_complete
AN19.KOR.kf6,k,suck,29.420012516240018,1,six_reference_complete
AN19.KOR.kf6,k,thick,56.73915049225584,1,six_reference_complete
AN19.KOR.kf6,l,league,25.200759111078412,1,six_reference_complete
AN19.KOR.kf6,l,lice,15.049690581178451,1,six_reference_complete
AN19.KOR.kf6,m,bum,70.18100428287572,1,six_reference_complete
AN19.KOR.kf6,m,doom,20.48395582312574,1,six_reference_complete
AN19.KOR.kf6,m,lame,25.203017401316725,1,six_reference_complete
AN19.KOR.kf6,m,mote,59.35568040271414,1,six_reference_complete
AN19.KOR.kf6,m,move,31.925402828635857,1,six_reference_complete
AN19.KOR.kf6,m,rhyme,34.81944161913221,1,six_reference_complete
AN19.KOR.kf6,m,theme,33.27244431681859,1,six_reference_complete
AN19.KOR.kf6,n,fin,31.40330104710525,1,six_reference_complete
AN19.KOR.kf6,ng,long,18.551520682320657,1,six_reference_complete
AN19.KOR.kf6,ng,young,36.82286139995915,1,six_reference_complete
AN19.KOR.kf6,ow,mote,50.55715884754937,1,six_reference_complete
AN19.KOR.kf6,ow,soak,65.40521305055285,1,six_reference_complete
AN19.KOR.kf6,oy,noise,45.686874967496,1,six_reference_complete
AN19.KOR.kf6,oy,soil,35.40572359229448,1,six_reference_complete
AN19.KOR.kf6,oy,voice,30.4575641639353,1,six_reference_complete
AN19.KOR.kf6,p,deep,22.671409062152406,1,six_reference_complete
AN19.KOR.kf6,p,page,52.581227229256946,1,six_reference_complete
AN19.KOR.kf6,p,path,40.56926797877466,1,six_reference_complete
AN19.KOR.kf6,p,pawn,98.40502840787788,1,six_reference_complete
AN19.KOR.kf6,p,pool,24.12902285111615,1,six_reference_complete
AN19.KOR.kf6,p,pup,47.03360308360346,1,six_reference_complete
AN19.KOR.kf6,p,ship,49.068348107281196,1,six_reference_complete
AN19.KOR.kf6,r,cheer,17.330088141101218,1,six_reference_complete
AN19.KOR.kf6,s,gas,27.58883695479427,1,six_reference_complete
AN19.KOR.kf6,s,lice,26.110332421697322,1,six_reference_complete
AN19.KOR.kf6,s,mace,46.0751203821245,1,six_reference_complete
AN19.KOR.kf6,s,peace,26.9033308740361,1,six_reference_complete
AN19.KOR.kf6,s,sane,15.309839274839787,1,six_reference_complete
AN19.KOR.kf6,s,soak,18.637093939850782,1,six_reference_complete
AN19.KOR.kf6,s,soil,17.98503827736762,1,six_reference_complete
AN19.KOR.kf6,sh,hash,31.529291082641965,1,six_reference_complete
AN19.KOR.kf6,sh,shall,11.575511967040931,1,six_reference_complete
AN19.KOR.kf6,sh,ship,18.5229741602824,1,six_reference_complete
AN19.KOR.kf6,sh,shop,13.36712670086151,1,six_reference_complete
AN19.KOR.kf6,t,goat,43.98020429043109,1,six_reference_complete
AN19.KOR.kf6,t,gut,23.332189134519997,1,six_reference_complete
AN19.KOR.kf6,t,hoot,50.039257284892024,1,six_reference_complete
AN19.KOR.kf6,t,route,53.62648058697223,1,six_reference_complete
AN19.KOR.kf6,t,thought,51.52306793144101,1,six_reference_complete
AN19.KOR.kf6,t,toot,17.472202226874952,1,six_reference_complete
AN19.KOR.kf6,t,white,64.05157925009117,1,six_reference_complete
AN19.KOR.kf6,th,both,70.33145195635599,1,six_reference_complete
AN19.KOR.kf6,th,faith,34.36368870270689,1,six_reference_complete
AN19.KOR.kf6,th,mouth,45.44348046721051,1,six_reference_complete
AN19.KOR.kf6,th,path,37.491455292838175,1,six_reference_complete
AN19.KOR.kf6,th,theme,45.374317271812686,1,six_reference_complete
AN19.KOR.kf6,th,thick,41.090537496556536,1,six_reference_complete
AN19.KOR.kf6,uh,full,30.724709595630074,1,six_reference_complete
AN19.KOR.kf6,uh,pull,30.49052546495029,1,six_reference_complete
AN19.KOR.kf6,uw,fool,47.38308316739546,1,six_reference_complete
AN19.KOR.kf6,uw,lose,23.935290893003536,1,six_reference_complete
AN19.KOR.kf6,v,curve,29.827249850610475,1,six_reference_complete
AN19.KOR.kf6,v,love,39.31552416653606,1,six_reference_complete
AN19.KOR.kf6,v,move,23.9955491279223,1,six_reference_complete
AN19.KOR.kf6,v,serve,16.55109641467261,1,six_reference_complete
AN19.KOR.kf6,w,weed,46.64258935192925,1,six_reference_complete
AN19.KOR.km1,aa,caught,94.41060638696693,1,six_reference_complete
AN19.KOR.km1,aa,con,92.8221019482047,1,six_reference_complete
AN19.KOR.km1,aa,shop,63.924236443740654,1,six_reference_complete
AN19.KOR.km1,aa,was,47.13377410283866,1,six_reference_complete
AN19.KOR.km1,aa,wash,28.210528922042567,1,six_reference_complete
AN19.KOR.km1,aa,watch,44.048977137784256,1,six_reference_complete
AN19.KOR.km1,ae,ban,19.291577779241152,1,six_reference_complete
AN19.KOR.km1,ae,lad,99.15744976536833,1,six_reference_complete
AN19.KOR.km1,ae,rat,73.74119102216792,1,six_reference_complete
AN19.KOR.km1,ae,shall,23.782414627445736,1,six_reference_complete
AN19.KOR.km1,ah,bun,96.14347894933512,1,six_reference_complete
AN19.KOR.km1,ah,rut,31.698448871911612,1,six_reference_complete
AN19.KOR.km1,ah,suck,48.81687870448522,1,six_reference_complete
AN19.KOR.km1,ao,chore,71.84897294680889,1,six_reference_complete
AN19.KOR.km1,ao,long,38.08152727451665,1,six_reference_complete
AN19.KOR.km1,ao,wrong,85.22262376292554,2,six_reference_complete
AN19.KOR.km1,ay,lice,30.24185774766652,1,six_reference_complete
AN19.KOR.km1,ay,live,47.59575960796979,1,six_reference_complete
AN19.KOR.km1,ay,rhyme,22.206733730844718,1,six_reference_complete
AN19.KOR.km1,ay,size,19.598780704216257,1,six_reference_complete
AN19.KOR.km1,ay,vice,27.54851954198317,1,six_reference_complete
AN19.KOR.km1,ay,wife,17.365126635273686,1,six_reference_complete
AN19.KOR.km1,b,balm,58.51546877142857,1,six_reference_complete
AN19.KOR.km1,b,bean,24.039435877596954,1,six_reference_complete
AN19.KOR.km1,b,bug,41.39982819716429,1,six_reference_complete
AN19.KOR.km1,ch,chain,19.846766168522002,1,six_reference_complete
AN19.KOR.km1,ch,check,20.267816962333644,1,six_reference_complete
AN19.KOR.km1,ch,cheer,17.036964999410284,1,six_reference_complete
AN19.KOR.km1,ch,chief,28.714119128277744,1,six_reference_complete
AN19.KOR.km1,d,bead,37.4445271026036,1,six_reference_complete
AN19.KOR.km1,d,den,64.9762892682101,1,six_reference_complete
AN19.KOR.km1,d,doom,52.58521428692065,1,six_reference_complete
AN19.KOR.km1,d,dune,26.173571017189676,1,six_reference_complete
AN19.KOR.km1,d,hid,39.45869970106759,1,six_reference_complete
AN19.KOR.km1,d,pad,16.870548643597232,1,six_reference_complete
AN19.KOR.km1,eh,den,33.398181790400365,1,six_reference_complete
AN19.KOR.km1,eh,leg,63.29987405588093,1,six_reference_complete
AN19.KOR.km1,eh,neck,69.44509696365328,1,six_reference_complete
AN19.KOR.km1,eh,wed,38.61556603227677,1,six_reference_complete
AN19.KOR.km1,er,learn,29.013885130776675,1,six_reference_complete
AN19.KOR.km1,ey,fade,30.06829326280787,1,six_reference_complete
AN19.KOR.km1,ey,lace,41.184103055577204,1,six_reference_complete
AN19.KOR.km1,ey,mace,30.308289787054147,1,six_reference_complete
AN19.KOR.km1,ey,sane,29.38460802545732,1,six_reference_complete
AN19.KOR.km1,ey,shape,24.687720573428724,1,six_reference_complete
AN19.KOR.km1,ey,wail,90.3350676389242,1,six_reference_complete
AN19.KOR.km1,f,fig,49.59850735854488,1,six_reference_complete
AN19.KOR.km1,f,five,63.168766398315825,1,six_reference_complete
AN19.KOR.km1,f,food,34.88920275408406,1,six_reference_complete
AN19.KOR.km1,g,gave,89.93954079419092,1,six_reference_complete
AN19.KOR.km1,g,give,36.78043543744284,1,six_reference_complete
AN19.KOR.km1,g,goat,33.45189795581376,1,six_reference_complete
AN19.KOR.km1,g,god,50.26161126875248,1,six_reference_complete
AN19.KOR.km1,g,gut,59.85827967926368,1,six_reference_complete
AN19.KOR.km1,g,hag,63.15820373494725,1,six_reference_complete
AN19.KOR.km1,g,league,20.44837752264838,1,six_reference_complete
AN19.KOR.km1,hh,hag,50.412045792880065,1,six_reference_complete
AN19.KOR.km1,hh,hid,24.79535249361219,1,six_reference_complete
AN19.KOR.km1,hh,hoot,41.751836805918394,1,six_reference_complete
AN19.KOR.km1,ih,kin,28.774270450240564,1,six_reference_complete
AN19.KOR.km1,ih,sill,18.249345723125554,1,six_reference_complete
AN19.KOR.km1,ih,thick,62.15665187010588,1,six_reference_complete
AN19.KOR.km1,iy,bead,34.29729636150845,1,six_reference_complete
AN19.KOR.km1,iy,chief,26.09791565404426,1,six_reference_complete
AN19.KOR.km1,iy,deep,24.89814620409356,1,six_reference_complete
AN19.KOR.km1,iy,league,22.84740711137577,1,six_reference_complete
AN19.KOR.km1,iy,teat,35.710590510955456,1,six_reference_complete
AN19.KOR.km1,iy,teeth,43.419185211286724,1,six_reference_complete
AN19.KOR.km1,iy,weed,24.74561192151074,1,six_reference_complete
AN19.KOR.km1,jh,jack,13.68995083258354,1,six_reference_complete
AN19.KOR.km1,jh,job,82.43236346317453,1,six_reference_complete
AN19.KOR.km1,jh,join,32.441450096121535,1,six_reference_complete
AN19.KOR.km1,jh,page,51.64910728211019,1,six_reference_complete
AN19.KOR.km1,k,con,90.31577291559665,1,six_reference_complete
AN19.KOR.km1,k,curve,44.42440393634223,1,six_reference_complete
AN19.KOR.km1,k,hack,64.19870387103072,1,six_reference_complete
AN19.KOR.km1,k,jack,19.77254041944094,1,six_reference_complete
AN19.KOR.km1,k,king,27.59818479974724,1,six_reference_complete
AN19.KOR.km1,k,suck,76.04940356490611,1,six_reference_complete
AN19.KOR.km1,k,thick,53.071435632711434,1,six_reference_complete
AN19.KOR.km1,l,hurl,39.499766944967774,1,six_reference_complete
AN19.KOR.km1,l,league,35.48710307934913,1,six_reference_complete
AN19.KOR.km1,m,bum,29.603883821361435,1,six_reference_complete
AN19.KOR.km1,m,doom,42.526075464876186,1,six_reference_complete
AN19.KOR.km1,m,lame,37.89537563606761,1,six_reference_complete
AN19.KOR.km1,m,mall,68.07526623487477,1,six_reference_complete
AN19.KOR.km1,m,mote,59.848342696625444,1,six_reference_complete
AN19.KOR.km1,m,move,55.53053307327702,1,six_reference_complete
AN19.KOR.km1,m,mum,56.00778526350444,1,six_reference_complete
AN19.KOR.km1,m,rhyme,27.873023236523967,1,six_reference_complete
AN19.KOR.km1,m,theme,43.65216646755848,1,six_reference_complete
AN19.KOR.km1,n,fin,32.633974096370906,1,six_reference_complete
AN19.KOR.km1,n,join,33.158690194381506,1,six_reference_complete
AN19.KOR.km1,ng,long,16.053261794776354,1,six_reference_complete
AN19.KOR.km1,ng,young,29.670843980022834,1,six_reference_complete
AN19.KOR.km1,ow,soak,30.611998259534314,1,six_reference_complete
AN19.KOR.km1,oy,noise,34.90077843600444,1,six_reference_complete
AN19.KOR.km1,oy,soil,23.857966234870265,1,six_reference_complete
AN19.KOR.km1,oy,voice,30.94460384170158,1,six_reference_complete
AN19.KOR.km1,p,deep,30.8769354774808,1,six_reference_complete
AN19.KOR.km1,p,page,27.063127410234404,1,six_reference_complete
AN19.KOR.km1,p,pawn,91.37333109541497,1,six_reference_complete
AN19.KOR.km1,p,pool,30.767167021227106,1,six_reference_complete
AN19.KOR.km1,p,pup,43.280844646324965,1,six_reference_complete
AN19.KOR.km1,p,ship,24.008807721146457,1,six_reference_complete
AN19.KOR.km1,r,cheer,16.232469108514884,1,six_reference_complete
AN19.KOR.km1,r,whore,74.17683729797567,1,six_reference_complete
AN19.KOR.km1,s,lice,20.404140433230214,1,six_reference_complete
AN19.KOR.km1,s,mace,42.51481726414757,1,six_reference_complete
AN19.KOR.km1,s,peace,21.047635282657208,1,six_reference_complete
AN19.KOR.km1,s,sane,14.142156800047902,1,six_reference_complete
AN19.KOR.km1,s,soak,12.316507935820985,1,six_reference_complete
AN19.KOR.km1,s,soil,18.336679338139565,1,six_reference_complete
AN19.KOR.km1,sh,hash,35.46279181192864,1,six_reference_complete
AN19.KOR.km1,sh,shall,12.156486412058152,1,six_reference_complete
AN19.KOR.km1,sh,ship,8.479889118941946,1,six_reference_complete
AN19.KOR.km1,sh,shop,56.583307613090945,1,six_reference_complete
AN19.KOR.km1,t,gut,25.647233587748193,1,six_reference_complete
AN19.KOR.km1,t,hoot,39.76848066127917,1,six_reference_complete
AN19.KOR.km1,t,route,44.81296975730671,1,six_reference_complete
AN19.KOR.km1,t,thought,56.69852279326674,1,six_reference_complete
AN19.KOR.km1,t,white,43.68347052861048,1,six_reference_complete
AN19.KOR.km1,th,both,30.597237202200215,1,six_reference_complete
AN19.KOR.km1,th,death,52.52915208623648,1,six_reference_complete
AN19.KOR.km1,th,faith,60.78526185200152,1,six_reference_complete
AN19.KOR.km1,th,path,36.425763377101426,1,six_reference_complete
AN19.KOR.km1,th,theme,32.7804189577242,1,six_reference_complete
AN19.KOR.km1,uh,pull,28.10633341598364,1,six_reference_complete
AN19.KOR.km1,uw,fool,20.246396040015885,1,six_reference_complete
AN19.KOR.km1,uw,lose,35.62807237442489,1,six_reference_complete
AN19.KOR.km1,uw,roof,22.64881434501825,1,six_reference_complete
AN19.KOR.km1,v,curve,64.16735530409524,1,six_reference_complete
AN19.KOR.km1,v,love,34.55623613392351,1,six_reference_complete
AN19.KOR.km1,v,serve,28.326794306932836,1,six_reference_complete
AN19.KOR.km1,w,weed,58.110835047241494,1,six_reference_complete
AN19.KOR.km1,w,wick,40.43630099084093,1,six_reference_complete
AN19.KOR.km2,aa,caught,61.34009744582494,1,six_reference_complete
AN19.KOR.km2,aa,shop,19.620570539989433,1,six_reference_complete
AN19.KOR.km2,aa,was,22.95196490479057,1,six_reference_complete
AN19.KOR.km2,aa,wash,23.201045610408624,1,six_reference_complete
AN19.KOR.km2,aa,watch,26.2954853958784,1,six_reference_complete
AN19.KOR.km2,ae,ban,19.085779895735456,1,six_reference_complete
AN19.KOR.km2,ae,lad,73.16603416641449,1,six_reference_complete
AN19.KOR.km2,ae,mat,47.562690849191775,1,six_reference_complete
AN19.KOR.km2,ae,rat,24.819946781212327,1,six_reference_complete
AN19.KOR.km2,ae,shall,23.752670804747055,1,six_reference_complete
AN19.KOR.km2,ah,bun,14.31729687884359,1,six_reference_complete
AN19.KOR.km2,ah,rut,35.64860272869851,1,six_reference_complete
AN19.KOR.km2,ah,suck,30.07192549259689,1,six_reference_complete
AN19.KOR.km2,ao,chore,59.88151557716975,1,six_reference_complete
AN19.KOR.km2,ao,long,28.657637527221144,1,six_reference_complete
AN19.KOR.km2,ao,wrong,24.029343173305882,2,six_reference_complete
AN19.KOR.km2,ay,lice,25.17519608024647,1,six_reference_complete
AN19.KOR.km2,ay,rhyme,35.58820105075726,1,six_reference_complete
AN19.KOR.km2,ay,size,21.616777759426316,1,six_reference_complete
AN19.KOR.km2,ay,vice,35.05756712376396,1,six_reference_complete
AN19.KOR.km2,ay,wife,17.464480324813135,1,six_reference_complete
AN19.KOR.km2,b,balm,50.13753013966925,1,six_reference_complete
AN19.KOR.km2,b,bean,36.25596518111903,1,six_reference_complete
AN19.KOR.km2,b,both,59.37517552455262,1,six_reference_complete
AN19.KOR.km2,b,bug,49.704212533653696,1,six_reference_complete
AN19.KOR.km2,b,job,33.70344435721509,1,six_reference_complete
AN19.KOR.km2,ch,check,20.758966315921622,1,six_reference_complete
AN19.KOR.km2,ch,cheer,18.37587382872678,1,six_reference_complete
AN19.KOR.km2,ch,chief,36.24961684930765,1,six_reference_complete
AN19.KOR.km2,d,bead,33.316184779787456,1,six_reference_complete
AN19.KOR.km2,d,den,36.8340869417729,1,six_reference_complete
AN19.KOR.km2,d,doom,29.66788792373997,1,six_reference_complete
AN19.KOR.km2,d,dune,22.537038429148666,1,six_reference_complete
AN19.KOR.km2,d,hid,41.014258854460174,1,six_reference_complete
AN19.KOR.km2,d,pad,88.32291381605965,1,six_reference_complete
AN19.KOR.km2,eh,leg,60.968269209333364,1,six_reference_complete
AN19.KOR.km2,eh,neck,60.084300953614154,1,six_reference_complete
AN19.KOR.km2,eh,wed,22.882700277972003,1,six_reference_complete
AN19.KOR.km2,er,learn,19.86655052557714,1,six_reference_complete
AN19.KOR.km2,ey,fade,17.21501307570485,1,six_reference_complete
AN19.KOR.km2,ey,lace,20.344238374098286,1,six_reference_complete
AN19.KOR.km2,ey,mace,22.79761915810228,1,six_reference_complete
AN19.KOR.km2,ey,sane,22.357034791154195,1,six_reference_complete
AN19.KOR.km2,ey,shape,19.10455983506437,1,six_reference_complete
AN19.KOR.km2,ey,wail,50.103052516584285,1,six_reference_complete
AN19.KOR.km2,f,fig,43.89485230228595,1,six_reference_complete
AN19.KOR.km2,f,firm,22.811387523550554,1,six_reference_complete
AN19.KOR.km2,f,five,55.6027495636034,1,six_reference_complete
AN19.KOR.km2,f,food,26.31523177810766,1,six_reference_complete
AN19.KOR.km2,g,dog,38.62057303693436,1,six_reference_complete
AN19.KOR.km2,g,fig,55.305581947190035,1,six_reference_complete
AN19.KOR.km2,g,gave,15.593656478898994,1,six_reference_complete
AN19.KOR.km2,g,girl,41.04674706227175,1,six_reference_complete
AN19.KOR.km2,g,give,24.544733139861375,1,six_reference_complete
AN19.KOR.km2,g,goat,38.2345354078835,1,six_reference_complete
AN19.KOR.km2,g,god,41.23084877328699,1,six_reference_complete
AN19.KOR.km2,g,gut,40.26304211715766,1,six_reference_complete
AN19.KOR.km2,g,hag,51.20796584196436,1,six_reference_complete
AN19.KOR.km2,g,league,15.250365514706724,1,six_reference_complete
AN19.KOR.km2,hh,hack,11.084769152395202,1,six_reference_complete
AN19.KOR.km2,hh,hid,42.42994047794635,1,six_reference_complete
AN19.KOR.km2,hh,hoot,31.291336748270258,1,six_reference_complete
AN19.KOR.km2,ih,kin,36.73850376779833,1,six_reference_complete
AN19.KOR.km2,ih,mid,30.906630748081994,1,six_reference_complete
AN19.KOR.km2,ih,sill,15.181736582764607,1,six_reference_complete
AN19.KOR.km2,ih,thick,55.16628379828586,1,six_reference_complete
AN19.KOR.km2,iy,bead,26.11491478833212,1,six_reference_complete
AN19.KOR.km2,iy,bean,13.381168786566912,1,six_reference_complete
AN19.KOR.km2,iy,chief,22.627440714211456,1,six_reference_complete
AN19.KOR.km2,iy,deep,16.777756605877546,1,six_reference_complete
AN19.KOR.km2,iy,league,20.044770953467737,1,six_reference_complete
AN19.KOR.km2,iy,teat,33.89488694076241,1,six_reference_complete
AN19.KOR.km2,iy,teeth,44.88839970177501,1,six_reference_complete
AN19.KOR.km2,iy,theme,18.14973646391173,1,six_reference_complete
AN19.KOR.km2,iy,weed,25.570249408910232,1,six_reference_complete
AN19.KOR.km2,jh,jack,27.414888172765387,1,six_reference_complete
AN19.KOR.km2,jh,job,44.06686315576053,1,six_reference_complete
AN19.KOR.km2,jh,join,40.47411723473611,1,six_reference_complete
AN19.KOR.km2,jh,page,34.41671677311669,1,six_reference_complete
AN19.KOR.km2,k,beak,35.144087626540546,1,six_reference_complete
AN19.KOR.km2,k,con,12.458731953675326,1,six_reference_complete
AN19.KOR.km2,k,curve,34.57634666876766,1,six_reference_complete
AN19.KOR.km2,k,hack,18.601967117985478,1,six_reference_complete
AN19.KOR.km2,k,jack,18.8561039399242,1,six_reference_complete
AN19.KOR.km2,k,king,33.76732987085988,1,six_reference_complete
AN19.KOR.km2,k,suck,24.70659475647234,1,six_reference_complete
AN19.KOR.km2,k,thick,49.619577380652515,1,six_reference_complete
AN19.KOR.km2,l,hurl,30.244407623198228,1,six_reference_complete
AN19.KOR.km2,l,lice,17.411133859615337,1,six_reference_complete
AN19.KOR.km2,m,bum,24.225752781229147,1,six_reference_complete
AN19.KOR.km2,m,doom,17.122221709814102,1,six_reference_complete
AN19.KOR.km2,m,lame,37.03383962464318,1,six_reference_complete
AN19.KOR.km2,m,mall,37.33781985670607,1,six_reference_complete
AN19.KOR.km2,m,mote,51.13164295749115,1,six_reference_complete
AN19.KOR.km2,m,move,27.635595853440837,1,six_reference_complete
AN19.KOR.km2,m,theme,29.401618783119968,1,six_reference_complete
AN19.KOR.km2,n,fin,36.9155853392511,1,six_reference_complete
AN19.KOR.km2,n,join,87.42257638211022,1,six_reference_complete
AN19.KOR.km2,ng,long,18.032164273701905,1,six_reference_complete
AN19.KOR.km2,ng,young,33.81948972806059,1,six_reference_complete
AN19.KOR.km2,ow,mote,37.32931000186215,1,six_reference_complete
AN19.KOR.km2,ow,soak,21.939430365943124,1,six_reference_complete
AN19.KOR.km2,oy,noise,46.72290839395168,1,six_reference_complete
AN19.KOR.km2,oy,soil,28.563874446820872,1,six_reference_complete
AN19.KOR.km2,oy,voice,36.814050530387355,1,six_reference_complete
AN19.KOR.km2,p,deep,35.41546191404565,1,six_reference_complete
AN19.KOR.km2,p,page,32.20650365447738,1,six_reference_complete
AN19.KOR.km2,p,path,50.1140268911262,1,six_reference_complete
AN19.KOR.km2,p,pawn,87.64529743064567,1,six_reference_complete
AN19.KOR.km2,p,pool,22.12443412753271,1,six_reference_complete
AN19.KOR.km2,p,pup,43.46129452958883,1,six_reference_complete
AN19.KOR.km2,p,ship,39.408835754183244,1,six_reference_complete
AN19.KOR.km2,r,cheer,14.975883157832868,1,six_reference_complete
AN19.KOR.km2,r,rim,60.338075940047666,1,six_reference_complete
AN19.KOR.km2,r,whore,24.350408127709283,1,six_reference_complete
AN19.KOR.km2,s,gas,34.28244282528616,1,six_reference_complete
AN19.KOR.km2,s,lice,84.64779997101283,1,six_reference_complete
AN19.KOR.km2,s,mace,44.47412080566614,1,six_reference_complete
AN19.KOR.km2,s,peace,23.029325304491966,1,six_reference_complete
AN19.KOR.km2,s,sane,14.070587486302877,1,six_reference_complete
AN19.KOR.km2,s,soak,10.523531182161848,1,six_reference_complete
AN19.KOR.km2,s,soil,15.193003380162695,1,six_reference_complete
AN19.KOR.km2,sh,hash,32.45272132502206,1,six_reference_complete
AN19.KOR.km2,sh,shall,14.779557919166628,1,six_reference_complete
AN19.KOR.km2,sh,ship,6.322438758705552,1,six_reference_complete
AN19.KOR.km2,sh,shop,13.014073082728844,1,six_reference_complete
AN19.KOR.km2,t,goat,105.48889903054402,1,six_reference_complete
AN19.KOR.km2,t,gut,48.52890380360015,1,six_reference_complete
AN19.KOR.km2,t,route,66.42777559171692,1,six_reference_complete
AN19.KOR.km2,t,thought,36.75402640795112,1,six_reference_complete
AN19.KOR.km2,t,toot,15.394139429058294,1,six_reference_complete
AN19.KOR.km2,t,white,55.31322917741938,1,six_reference_complete
AN19.KOR.km2,th,both,65.58913335519034,1,six_reference_complete
AN19.KOR.km2,th,death,67.47588730314544,1,six_reference_complete
AN19.KOR.km2,th,faith,31.49526358602776,1,six_reference_complete
AN19.KOR.km2,th,mouth,38.282430528969634,1,six_reference_complete
AN19.KOR.km2,th,theme,27.940992980012638,1,six_reference_complete
AN19.KOR.km2,th,thick,29.323708833977154,1,six_reference_complete
AN19.KOR.km2,uh,full,28.78086376527406,1,six_reference_complete
AN19.KOR.km2,uh,pull,38.789711445739506,1,six_reference_complete
AN19.KOR.km2,uw,fool,32.28051965409585,1,six_reference_complete
AN19.KOR.km2,uw,lose,9.107551608416603,1,six_reference_complete
AN19.KOR.km2,v,love,44.498677515620756,1,six_reference_complete
AN19.KOR.km2,v,move,26.716285390589007,1,six_reference_complete
AN19.KOR.km2,v,serve,13.32856866931624,1,six_reference_complete
AN19.KOR.km2,w,wick,31.47229117386688,1,six_reference_complete
AN19.KOR.km2,y,young,24.76116035902723,1,six_reference_complete
AN19.KOR.km3,aa,caught,56.78322610259835,1,six_reference_complete
AN19.KOR.km3,aa,cod,40.270679706482824,1,six_reference_complete
AN19.KOR.km3,aa,con,31.21337934145244,1,six_reference_complete
AN19.KOR.km3,aa,shop,18.466773539764578,1,six_reference_complete
AN19.KOR.km3,aa,was,39.81079591363836,1,six_reference_complete
AN19.KOR.km3,aa,watch,42.50274231484379,1,six_reference_complete
AN19.KOR.km3,ae,ban,11.094925168906682,1,six_reference_complete
AN19.KOR.km3,ae,lad,35.938049750335466,1,six_reference_complete
AN19.KOR.km3,ae,mat,37.20991823390445,1,six_reference_complete
AN19.KOR.km3,ae,rat,21.656491026656877,1,six_reference_complete
AN19.KOR.km3,ae,shall,23.115360102730307,1,six_reference_complete
AN19.KOR.km3,ah,bun,41.13609153427482,1,six_reference_complete
AN19.KOR.km3,ah,rut,101.35311418421952,1,six_reference_complete
AN19.KOR.km3,ah,suck,36.903770292879166,1,six_reference_complete
AN19.KOR.km3,ao,chore,66.89431846898792,1,six_reference_complete
AN19.KOR.km3,ao,wrong,38.23297415899442,2,six_reference_complete
AN19.KOR.km3,ay,lice,31.259402502449106,1,six_reference_complete
AN19.KOR.km3,ay,live,63.95663459991652,1,six_reference_complete
AN19.KOR.km3,ay,rhyme,22.955580757779675,1,six_reference_complete
AN19.KOR.km3,ay,size,30.565217174731384,1,six_reference_complete
AN19.KOR.km3,ay,vice,30.869109538625327,1,six_reference_complete
AN19.KOR.km3,ay,wife,21.989474135101947,1,six_reference_complete
AN19.KOR.km3,b,balm,47.46128241642217,1,six_reference_complete
AN19.KOR.km3,b,bean,30.704310509485314,1,six_reference_complete
AN19.KOR.km3,b,both,27.925336693061784,1,six_reference_complete
AN19.KOR.km3,b,bug,44.29831444576292,1,six_reference_complete
AN19.KOR.km3,b,job,41.79340961831929,1,six_reference_complete
AN19.KOR.km3,ch,chain,28.556878174123067,1,six_reference_complete
AN19.KOR.km3,ch,check,48.489511920845665,1,six_reference_complete
AN19.KOR.km3,ch,cheer,17.25482181940747,1,six_reference_complete
AN19.KOR.km3,d,bead,35.0614182089142,1,six_reference_complete
AN19.KOR.km3,d,den,36.487177407950995,1,six_reference_complete
AN19.KOR.km3,d,doom,65.46306350881731,1,six_reference_complete
AN19.KOR.km3,d,hid,33.57305901987037,1,six_reference_complete
AN19.KOR.km3,d,pad,15.40217534239001,1,six_reference_complete
AN19.KOR.km3,eh,den,14.88078145980768,1,six_reference_complete
AN19.KOR.km3,eh,neck,56.201594717276016,1,six_reference_complete
AN19.KOR.km3,eh,wed,65.86966989256057,1,six_reference_complete
AN19.KOR.km3,er,learn,21.513909706972612,1,six_reference_complete
AN19.KOR.km3,ey,fade,26.754134985588248,1,six_reference_complete
AN19.KOR.km3,ey,lace,17.6985642656236,1,six_reference_complete
AN19.KOR.km3,ey,mace,22.53050561109534,1,six_reference_complete
AN19.KOR.km3,ey,sane,21.99104363199665,1,six_reference_complete
AN19.KOR.km3,ey,shape,19.73037440200935,1,six_reference_complete
AN19.KOR.km3,ey,wail,32.58665932646648,1,six_reference_complete
AN19.KOR.km3,f,firm,59.268426196703984,1,six_reference_complete
AN19.KOR.km3,f,five,60.964186196366484,1,six_reference_complete
AN19.KOR.km3,f,food,34.94779809472754,1,six_reference_complete
AN19.KOR.km3,g,dog,48.93776730583769,1,six_reference_complete
AN19.KOR.km3,g,gave,107.40038562991616,1,six_reference_complete
AN19.KOR.km3,g,girl,25.860723831019246,1,six_reference_complete
AN19.KOR.km3,g,give,26.95362709894229,1,six_reference_complete
AN19.KOR.km3,g,goat,54.822534758460755,1,six_reference_complete
AN19.KOR.km3,g,god,66.09393229550271,1,six_reference_complete
AN19.KOR.km3,g,gut,50.77978837921521,1,six_reference_complete
AN19.KOR.km3,g,hag,49.23188471390992,1,six_reference_complete
AN19.KOR.km3,g,league,28.91815266848599,1,six_reference_complete
AN19.KOR.km3,hh,hack,11.206506251578231,1,six_reference_complete
AN19.KOR.km3,hh,hag,13.253227106568284,1,six_reference_complete
AN19.KOR.km3,hh,hid,28.081984691857087,1,six_reference_complete
AN19.KOR.km3,hh,hoot,32.197008753816206,1,six_reference_complete
AN19.KOR.km3,ih,kin,25.866828776736202,1,six_reference_complete
AN19.KOR.km3,ih,kit,52.1638318068369,1,six_reference_complete
AN19.KOR.km3,ih,mid,41.25040207002663,1,six_reference_complete
AN19.KOR.km3,ih,sill,33.434414232750605,1,six_reference_complete
AN19.KOR.km3,ih,thick,63.79542587303987,1,six_reference_complete
AN19.KOR.km3,iy,bean,15.732533397280813,1,six_reference_complete
AN19.KOR.km3,iy,chief,50.085504464266826,1,six_reference_complete
AN19.KOR.km3,iy,deep,74.7007533678924,1,six_reference_complete
AN19.KOR.km3,iy,league,77.93530377256356,1,six_reference_complete
AN19.KOR.km3,iy,teat,37.70497896174987,1,six_reference_complete
AN19.KOR.km3,iy,teeth,38.39477114506276,1,six_reference_complete
AN19.KOR.km3,iy,theme,28.073727686696035,1,six_reference_complete
AN19.KOR.km3,iy,weed,27.968221379456626,1,six_reference_complete
AN19.KOR.km3,jh,jack,31.829299166946985,1,six_reference_complete
AN19.KOR.km3,jh,job,55.31073492695694,1,six_reference_complete
AN19.KOR.km3,jh,join,32.819213869616114,1,six_reference_complete
AN19.KOR.km3,jh,page,58.70921472036466,1,six_reference_complete
AN19.KOR.km3,k,beak,55.84844895317997,1,six_reference_complete
AN19.KOR.km3,k,curve,18.04714414052299,1,six_reference_complete
AN19.KOR.km3,k,jack,30.04481942256214,1,six_reference_complete
AN19.KOR.km3,k,king,22.252869819822717,1,six_reference_complete
AN19.KOR.km3,k,suck,52.98993728386949,1,six_reference_complete
AN19.KOR.km3,k,thick,71.41938042388973,1,six_reference_complete
AN19.KOR.km3,l,hurl,29.841475221459802,1,six_reference_complete
AN19.KOR.km3,l,league,24.19830220318049,1,six_reference_complete
AN19.KOR.km3,l,lice,14.255673122427405,1,six_reference_complete
AN19.KOR.km3,m,bum,29.84556104252641,1,six_reference_complete
AN19.KOR.km3,m,lame,33.35381805872478,1,six_reference_complete
AN19.KOR.km3,m,mall,37.730373776680416,1,six_reference_complete
AN19.KOR.km3,m,mote,33.658900716163295,1,six_reference_complete
AN19.KOR.km3,m,move,22.8867484967689,1,six_reference_complete
AN19.KOR.km3,m,rhyme,34.940763123852115,1,six_reference_complete
AN19.KOR.km3,m,theme,20.072062918322185,1,six_reference_complete
AN19.KOR.km3,n,fin,27.536519348495123,1,six_reference_complete
AN19.KOR.km3,n,join,73.68415448639561,1,six_reference_complete
AN19.KOR.km3,ng,long,24.037706732370808,1,six_reference_complete
AN19.KOR.km3,ng,young,31.455706263295667,1,six_reference_complete
AN19.KOR.km3,ow,soak,29.32012954067795,1,six_reference_complete
AN19.KOR.km3,oy,noise,42.98539874268761,1,six_reference_complete
AN19.KOR.km3,oy,soil,16.75999745105584,1,six_reference_complete
AN19.KOR.km3,oy,voice,36.06830977981763,1,six_reference_complete
AN19.KOR.km3,p,deep,58.28392303178822,1,six_reference_complete
AN19.KOR.km3,p,page,10.301903246836622,1,six_reference_complete
AN19.KOR.km3,p,path,26.885750214949194,1,six_reference_complete
AN19.KOR.km3,p,pawn,37.27288649833306,1,six_reference_complete
AN19.KOR.km3,p,pool,20.56413225301894,1,six_reference_complete
AN19.KOR.km3,p,pup,43.6821016859673,1,six_reference_complete
AN19.KOR.km3,p,ship,19.691539175168792,1,six_reference_complete
AN19.KOR.km3,p,shop,47.66051588179217,1,six_reference_complete
AN19.KOR.km3,r,cheer,15.945711064737147,1,six_reference_complete
AN19.KOR.km3,r,rim,58.770254139154495,1,six_reference_complete
AN19.KOR.km3,r,whore,51.73550544917868,1,six_reference_complete
AN19.KOR.km3,s,gas,24.132159760154476,1,six_reference_complete
AN19.KOR.km3,s,lice,43.58545146178138,1,six_reference_complete
AN19.KOR.km3,s,mace,49.12796112555025,1,six_reference_complete
AN19.KOR.km3,s,peace,27.604527383295473,1,six_reference_complete
AN19.KOR.km3,s,sane,18.99151754567404,1,six_reference_complete
AN19.KOR.km3,s,soak,14.204076712047481,1,six_reference_complete
AN19.KOR.km3,s,soil,21.963645120774032,1,six_reference_complete
AN19.KOR.km3,sh,hash,31.16909402655647,1,six_reference_complete
AN19.KOR.km3,sh,shall,12.201119839098624,1,six_reference_complete
AN19.KOR.km3,sh,ship,7.27666204022329,1,six_reference_complete
AN19.KOR.km3,sh,shop,12.494964536087279,1,six_reference_complete
AN19.KOR.km3,t,goat,31.146756174823157,1,six_reference_complete
AN19.KOR.km3,t,gut,21.66413873348128,1,six_reference_complete
AN19.KOR.km3,t,hoot,25.92047992034289,1,six_reference_complete
AN19.KOR.km3,t,route,46.34372062249992,1,six_reference_complete
AN19.KOR.km3,t,thought,38.17767689203569,1,six_reference_complete
AN19.KOR.km3,t,toot,57.450183103466905,1,six_reference_complete
AN19.KOR.km3,t,white,51.256499077450236,1,six_reference_complete
AN19.KOR.km3,th,both,37.05216694453962,1,six_reference_complete
AN19.KOR.km3,th,death,44.170237808143874,1,six_reference_complete
AN19.KOR.km3,th,faith,37.350132736922454,1,six_reference_complete
AN19.KOR.km3,th,mouth,80.87684156098227,1,six_reference_complete
AN19.KOR.km3,th,path,22.567837792715864,1,six_reference_complete
AN19.KOR.km3,th,theme,32.11484399473599,1,six_reference_complete
AN19.KOR.km3,th,thick,60.52031615168871,1,six_reference_complete
AN19.KOR.km3,uh,full,34.16197707092572,1,six_reference_complete
AN19.KOR.km3,uh,pull,47.3763577250595,1,six_reference_complete
AN19.KOR.km3,uw,fool,18.573665869453425,1,six_reference_complete
AN19.KOR.km3,uw,lose,45.68635420243485,1,six_reference_complete
AN19.KOR.km3,uw,roof,19.712159459003708,1,six_reference_complete
AN19.KOR.km3,v,curve,60.85303594182492,1,six_reference_complete
AN19.KOR.km3,v,move,21.047451107209916,1,six_reference_complete
AN19.KOR.km3,v,serve,16.861447529278006,1,six_reference_complete
AN19.KOR.km3,w,weed,41.38892076564982,1,six_reference_complete
AN19.KOR.km3,w,wick,35.049150607664494,1,six_reference_complete
AN19.KOR.km3,y,young,24.78655672053593,1,six_reference_complete
AN19.KOR.km6,aa,caught,49.42075537327,1,six_reference_complete
AN19.KOR.km6,aa,shop,18.912018327286507,1,six_reference_complete
AN19.KOR.km6,aa,was,20.408759595935717,1,six_reference_complete
AN19.KOR.km6,aa,wash,24.795439022644093,1,six_reference_complete
AN19.KOR.km6,aa,watch,36.83765662422413,1,six_reference_complete
AN19.KOR.km6,ae,ban,10.039535578427433,1,six_reference_complete
AN19.KOR.km6,ae,lad,23.574015983052703,1,six_reference_complete
AN19.KOR.km6,ae,mat,30.96125231587537,1,six_reference_complete
AN19.KOR.km6,ae,shall,19.205795755283628,1,six_reference_complete
AN19.KOR.km6,ah,bun,40.828422968622135,1,six_reference_complete
AN19.KOR.km6,ah,rut,45.956245484229164,1,six_reference_complete
AN19.KOR.km6,ah,suck,36.52505124508115,1,six_reference_complete
AN19.KOR.km6,ao,long,35.887650311232555,1,six_reference_complete
AN19.KOR.km6,ao,wrong,34.08407765907841,1,six_reference_complete
AN19.KOR.km6,ay,lice,17.245331276092486,1,six_reference_complete
AN19.KOR.km6,ay,live,48.27829915834217,1,six_reference_complete
AN19.KOR.km6,ay,size,101.72061285843586,1,six_reference_complete
AN19.KOR.km6,ay,vice,27.080297245733608,1,six_reference_complete
AN19.KOR.km6,ay,wife,40.072374965296724,1,six_reference_complete
AN19.KOR.km6,b,balm,32.48123917726558,1,six_reference_complete
AN19.KOR.km6,b,bean,27.45550174569495,1,six_reference_complete
AN19.KOR.km6,b,bug,46.01467559178295,1,six_reference_complete
AN19.KOR.km6,ch,chain,31.298034909324425,1,six_reference_complete
AN19.KOR.km6,ch,check,21.94021121303327,1,six_reference_complete
AN19.KOR.km6,ch,cheer,16.509051668881483,1,six_reference_complete
AN19.KOR.km6,ch,chief,28.87559892010312,1,six_reference_complete
AN19.KOR.km6,d,bead,21.79023477962401,1,six_reference_complete
AN19.KOR.km6,d,den,75.16935389787582,1,six_reference_complete
AN19.KOR.km6,d,doom,31.63489895836513,1,six_reference_complete
AN19.KOR.km6,d,dune,26.896882903680506,1,six_reference_complete
AN19.KOR.km6,d,hid,33.642710089475514,1,six_reference_complete
AN19.KOR.km6,d,pad,28.524860482097797,1,six_reference_complete
AN19.KOR.km6,eh,leg,42.34006949409179,1,six_reference_complete
AN19.KOR.km6,eh,wed,38.86938084400591,1,six_reference_complete
AN19.KOR.km6,er,learn,29.120549690264124,1,six_reference_complete
AN19.KOR.km6,ey,fade,18.354263973273067,1,six_reference_complete
AN19.KOR.km6,ey,lace,19.31104400293734,1,six_reference_complete
AN19.KOR.km6,ey,mace,19.349137128773787,1,six_reference_complete
AN19.KOR.km6,ey,sane,20.246500303212674,1,six_reference_complete
AN19.KOR.km6,ey,shape,23.439161356202607,1,six_reference_complete
AN19.KOR.km6,ey,wail,26.677232790034168,1,six_reference_complete
AN19.KOR.km6,f,fig,40.697416862083664,1,six_reference_complete
AN19.KOR.km6,f,firm,59.64441648717542,1,six_reference_complete
AN19.KOR.km6,f,five,52.066147518125184,1,six_reference_complete
AN19.KOR.km6,f,food,29.91779909450157,1,six_reference_complete
AN19.KOR.km6,g,dog,51.81501590995267,1,six_reference_complete
AN19.KOR.km6,g,fig,28.190765367378418,1,six_reference_complete
AN19.KOR.km6,g,gave,18.661417120153786,1,six_reference_complete
AN19.KOR.km6,g,girl,40.95461263495712,1,six_reference_complete
AN19.KOR.km6,g,give,48.256945911791576,1,six_reference_complete
AN19.KOR.km6,g,goat,40.8436907328249,1,six_reference_complete
AN19.KOR.km6,g,god,38.81211679071174,1,six_reference_complete
AN19.KOR.km6,g,gut,51.067577938268165,1,six_reference_complete
AN19.KOR.km6,g,league,28.34736053378676,1,six_reference_complete
AN19.KOR.km6,hh,hack,6.562278671660849,1,six_reference_complete
AN19.KOR.km6,hh,hag,33.58845996185274,1,six_reference_complete
AN19.KOR.km6,hh,hid,30.772231521040965,1,six_reference_complete
AN19.KOR.km6,hh,hoot,40.93208842117499,1,six_reference_complete
AN19.KOR.km6,ih,kin,35.11872644399449,1,six_reference_complete
AN19.KOR.km6,ih,kit,25.369212381287426,1,six_reference_complete
AN19.KOR.km6,ih,sill,29.25570723295533,1,six_reference_complete
AN19.KOR.km6,ih,thick,62.94789104110638,1,six_reference_complete
AN19.KOR.km6,ih,thing,46.10352523465295,1,six_reference_complete
AN19.KOR.km6,iy,bead,25.97302683539939,1,six_reference_complete
AN19.KOR.km6,iy,deep,25.2594535374771,1,six_reference_complete
AN19.KOR.km6,iy,league,16.739206664015747,1,six_reference_complete
AN19.KOR.km6,iy,teat,30.5410232129575,1,six_reference_complete
AN19.KOR.km6,iy,teeth,35.60632453582452,1,six_reference_complete
AN19.KOR.km6,iy,theme,19.858968379446925,1,six_reference_complete
AN19.KOR.km6,iy,weed,21.10264315445119,1,six_reference_complete
AN19.KOR.km6,jh,jack,10.436847608469504,1,six_reference_complete
AN19.KOR.km6,jh,job,47.54342534905556,1,six_reference_complete
AN19.KOR.km6,jh,join,38.14608551513631,1,six_reference_complete
AN19.KOR.km6,jh,page,37.78176100023121,1,six_reference_complete
AN19.KOR.km6,k,beak,39.3608574786848,1,six_reference_complete
AN19.KOR.km6,k,con,14.94977921212193,1,six_reference_complete
AN19.KOR.km6,k,curve,20.460706320270113,1,six_reference_complete
AN19.KOR.km6,k,hack,55.81108854910136,1,six_reference_complete
AN19.KOR.km6,k,jack,137.22902432463704,1,six_reference_complete
AN19.KOR.km6,k,king,29.225456913190953,1,six_reference_complete
AN19.KOR.km6,k,suck,61.457904722566205,1,six_reference_complete
AN19.KOR.km6,l,hurl,33.220015595219095,1,six_reference_complete
AN19.KOR.km6,l,league,37.144308230767884,1,six_reference_complete
AN19.KOR.km6,l,lice,18.3766099163504,1,six_reference_complete
AN19.KOR.km6,m,bum,27.029809033636624,1,six_reference_complete
AN19.KOR.km6,m,doom,23.531550916311204,1,six_reference_complete
AN19.KOR.km6,m,lame,34.55640677753632,1,six_reference_complete
AN19.KOR.km6,m,mote,33.53519610060521,1,six_reference_complete
AN19.KOR.km6,m,mum,32.43001206820833,1,six_reference_complete
AN19.KOR.km6,m,rhyme,38.27823185980201,1,six_reference_complete
AN19.KOR.km6,m,theme,25.27531990181811,1,six_reference_complete
AN19.KOR.km6,ng,long,20.1518287237405,1,six_reference_complete
AN19.KOR.km6,ow,mote,105.21560841134163,1,six_reference_complete
AN19.KOR.km6,ow,soak,68.16438762840845,1,six_reference_complete
AN19.KOR.km6,oy,noise,43.13885352768404,1,six_reference_complete
AN19.KOR.km6,oy,soil,20.75240737014084,1,six_reference_complete
AN19.KOR.km6,oy,voice,35.86296730519704,1,six_reference_complete
AN19.KOR.km6,p,deep,25.34889954509244,1,six_reference_complete
AN19.KOR.km6,p,page,11.30504200139539,1,six_reference_complete
AN19.KOR.km6,p,path,36.97000145444003,1,six_reference_complete
AN19.KOR.km6,p,pawn,15.675021374370141,1,six_reference_complete
AN19.KOR.km6,p,pool,30.498351485356782,1,six_reference_complete
AN19.KOR.km6,p,pup,44.20902144346041,1,six_reference_complete
AN19.KOR.km6,p,ship,40.89492389274158,1,six_reference_complete
AN19.KOR.km6,r,cheer,16.64567285737344,1,six_reference_complete
AN19.KOR.km6,r,rim,59.13943976550339,1,six_reference_complete
AN19.KOR.km6,r,rough,44.16140485099127,1,six_reference_complete
AN19.KOR.km6,r,whore,9.163329354895502,1,six_reference_complete
AN19.KOR.km6,s,gas,28.894977171654528,1,six_reference_complete
AN19.KOR.km6,s,lice,26.769438165797112,1,six_reference_complete
AN19.KOR.km6,s,mace,37.42359728208213,1,six_reference_complete
AN19.KOR.km6,s,peace,19.21040193662684,1,six_reference_complete
AN19.KOR.km6,s,sane,13.768738957183826,1,six_reference_complete
AN19.KOR.km6,s,soak,36.6661907057378,1,six_reference_complete
AN19.KOR.km6,s,soil,14.861799062906535,1,six_reference_complete
AN19.KOR.km6,sh,hash,29.255129543680138,1,six_reference_complete
AN19.KOR.km6,sh,shall,17.37207696673191,1,six_reference_complete
AN19.KOR.km6,sh,ship,13.936494638897551,1,six_reference_complete
AN19.KOR.km6,sh,shop,13.946042951820443,1,six_reference_complete
AN19.KOR.km6,t,goat,25.84813758016153,1,six_reference_complete
AN19.KOR.km6,t,gut,60.392678718613745,1,six_reference_complete
AN19.KOR.km6,t,hoot,37.16658722390079,1,six_reference_complete
AN19.KOR.km6,t,thought,40.4153902729399,1,six_reference_complete
AN19.KOR.km6,t,toot,15.893580690172834,1,six_reference_complete
AN19.KOR.km6,t,white,48.8608679803603,1,six_reference_complete
AN19.KOR.km6,th,both,33.82862937737978,1,six_reference_complete
AN19.KOR.km6,th,death,51.8495982624689,1,six_reference_complete
AN19.KOR.km6,th,faith,43.42750202019229,1,six_reference_complete
AN19.KOR.km6,th,mouth,45.74937165532364,1,six_reference_complete
AN19.KOR.km6,th,path,28.913862165444673,1,six_reference_complete
AN19.KOR.km6,th,theme,29.625499928948425,1,six_reference_complete
AN19.KOR.km6,uh,full,49.4536075995804,1,six_reference_complete
AN19.KOR.km6,uh,pull,30.99041595977579,1,six_reference_complete
AN19.KOR.km6,uw,fool,21.05480401105893,1,six_reference_complete
AN19.KOR.km6,uw,lose,15.05565165706137,1,six_reference_complete
AN19.KOR.km6,uw,roof,24.229905513314105,1,six_reference_complete
AN19.KOR.km6,v,curve,14.093237852143906,1,six_reference_complete
AN19.KOR.km6,v,love,32.82647199039494,1,six_reference_complete
AN19.KOR.km6,v,serve,12.880498781828107,1,six_reference_complete
AN19.KOR.km6,w,weed,56.15277205914422,1,six_reference_complete
AN19.KOR.km6,w,wick,79.19868133327894,1,six_reference_complete
AN19.KOR.km6,y,young,33.56825879788014,1,six_reference_complete
AN19.KOR.km7,aa,cod,47.54774948713021,1,six_reference_complete
AN19.KOR.km7,aa,con,28.641077769361782,1,six_reference_complete
AN19.KOR.km7,aa,shop,21.171784337336423,1,six_reference_complete
AN19.KOR.km7,aa,was,37.169513329295704,1,six_reference_complete
AN19.KOR.km7,aa,watch,40.97097271782411,1,six_reference_complete
AN19.KOR.km7,ae,ban,7.546668924668258,1,six_reference_complete
AN19.KOR.km7,ae,lad,21.955872889577194,1,six_reference_complete
AN19.KOR.km7,ae,mat,48.39553340337244,1,six_reference_complete
AN19.KOR.km7,ae,rat,21.898384635036553,1,six_reference_complete
AN19.KOR.km7,ae,shall,20.036767834318766,1,six_reference_complete
AN19.KOR.km7,ah,bun,61.34977466352051,1,six_reference_complete
AN19.KOR.km7,ah,rut,57.481868841474004,1,six_reference_complete
AN19.KOR.km7,ah,suck,56.281938766233274,1,six_reference_complete
AN19.KOR.km7,ao,chore,42.95619064614277,1,six_reference_complete
AN19.KOR.km7,ao,long,32.364530233940336,1,six_reference_complete
AN19.KOR.km7,ao,wrong,29.468217805534948,2,six_reference_complete
AN19.KOR.km7,ay,lice,24.21990914671356,1,six_reference_complete
AN19.KOR.km7,ay,live,47.954176893794966,1,six_reference_complete
AN19.KOR.km7,ay,rhyme,40.32011296112855,1,six_reference_complete
AN19.KOR.km7,ay,vice,24.14186006864701,1,six_reference_complete
AN19.KOR.km7,ay,wife,65.18895470985002,1,six_reference_complete
AN19.KOR.km7,b,balm,48.72612698744408,1,six_reference_complete
AN19.KOR.km7,b,bean,27.47927261020756,1,six_reference_complete
AN19.KOR.km7,b,both,17.695187305006662,1,six_reference_complete
AN19.KOR.km7,b,bug,37.785422105550474,1,six_reference_complete
AN19.KOR.km7,b,job,29.410798004712944,1,six_reference_complete
AN19.KOR.km7,ch,chain,50.137894365966524,1,six_reference_complete
AN19.KOR.km7,ch,check,23.13868285525264,1,six_reference_complete
AN19.KOR.km7,ch,cheer,16.9189117476659,1,six_reference_complete
AN19.KOR.km7,ch,chief,24.945299745275495,1,six_reference_complete
AN19.KOR.km7,d,bead,20.750088847938148,1,six_reference_complete
AN19.KOR.km7,d,den,28.914695025697057,1,six_reference_complete
AN19.KOR.km7,d,dune,26.40255904672794,1,six_reference_complete
AN19.KOR.km7,d,pad,27.49235796233951,1,six_reference_complete
AN19.KOR.km7,eh,den,15.713567536448329,1,six_reference_complete
AN19.KOR.km7,eh,leg,41.03408618034192,1,six_reference_complete
AN19.KOR.km7,eh,neck,53.347828750054795,1,six_reference_complete
AN19.KOR.km7,eh,wed,56.62476063274926,1,six_reference_complete
AN19.KOR.km7,er,learn,19.12957946769279,1,six_reference_complete
AN19.KOR.km7,ey,fade,24.508787965451116,1,six_reference_complete
AN19.KOR.km7,ey,lace,18.015150165840172,1,six_reference_complete
AN19.KOR.km7,ey,mace,30.801024446493404,1,six_reference_complete
AN19.KOR.km7,ey,sane,19.26604197395346,1,six_reference_complete
AN19.KOR.km7,ey,wail,27.41969165656518,1,six_reference_complete
AN19.KOR.km7,f,fig,42.42287641001591,1,six_reference_complete
AN19.KOR.km7,f,firm,33.609498414607025,1,six_reference_complete
AN19.KOR.km7,f,five,52.278098830648595,1,six_reference_complete
AN19.KOR.km7,f,food,32.434465201425986,1,six_reference_complete
AN19.KOR.km7,g,dog,37.3729758926904,1,six_reference_complete
AN19.KOR.km7,g,fig,29.40049150115537,1,six_reference_complete
AN19.KOR.km7,g,gave,17.498960167710354,1,six_reference_complete
AN19.KOR.km7,g,girl,39.42895713121814,1,six_reference_complete
AN19.KOR.km7,g,give,19.654962791805165,1,six_reference_complete
AN19.KOR.km7,g,goat,31.858065457779375,1,six_reference_complete
AN19.KOR.km7,g,god,39.05900258501991,1,six_reference_complete
AN19.KOR.km7,g,gut,44.68014189625498,1,six_reference_complete
AN19.KOR.km7,g,hag,50.710985405175364,1,six_reference_complete
AN19.KOR.km7,g,league,14.851813132693946,1,six_reference_complete
AN19.KOR.km7,hh,hack,10.407295153040012,1,six_reference_complete
AN19.KOR.km7,hh,hag,14.717091566285745,1,six_reference_complete
AN19.KOR.km7,hh,hid,89.29638700792343,1,six_reference_complete
AN19.KOR.km7,hh,hoot,45.456716808088935,1,six_reference_complete
AN19.KOR.km7,ih,kit,21.330278451499215,1,six_reference_complete
AN19.KOR.km7,ih,mid,55.754843829441135,1,six_reference_complete
AN19.KOR.km7,ih,sill,29.768596842653526,1,six_reference_complete
AN19.KOR.km7,ih,thick,58.867301825883224,1,six_reference_complete
AN19.KOR.km7,ih,thing,41.022722797310536,1,six_reference_complete
AN19.KOR.km7,iy,bean,12.210102767820928,1,six_reference_complete
AN19.KOR.km7,iy,chief,31.02295331183903,1,six_reference_complete
AN19.KOR.km7,iy,deep,8.580649722363171,1,six_reference_complete
AN19.KOR.km7,iy,league,21.29426854810598,1,six_reference_complete
AN19.KOR.km7,iy,teat,65.06413302027491,1,six_reference_complete
AN19.KOR.km7,iy,teeth,42.481051828409086,1,six_reference_complete
AN19.KOR.km7,iy,theme,23.279600517381652,1,six_reference_complete
AN19.KOR.km7,iy,weed,40.78163865021111,1,six_reference_complete
AN19.KOR.km7,jh,jack,10.434830554109835,1,six_reference_complete
AN19.KOR.km7,jh,job,47.55488986874227,1,six_reference_complete
AN19.KOR.km7,jh,page,38.067823548958636,1,six_reference_complete
AN19.KOR.km7,k,beak,27.35501603593862,1,six_reference_complete
AN19.KOR.km7,k,con,16.532188194017667,1,six_reference_complete
AN19.KOR.km7,k,curve,31.23937152390719,1,six_reference_complete
AN19.KOR.km7,k,hack,97.05142271718493,1,six_reference_complete
AN19.KOR.km7,k,jack,16.2029221891236,1,six_reference_complete
AN19.KOR.km7,k,king,25.111258135849084,1,six_reference_complete
AN19.KOR.km7,k,suck,43.08043308589788,1,six_reference_complete
AN19.KOR.km7,k,thick,45.308513067083,1,six_reference_complete
AN19.KOR.km7,l,hurl,40.13299850905809,1,six_reference_complete
AN19.KOR.km7,l,league,17.9468684286667,1,six_reference_complete
AN19.KOR.km7,l,lice,13.62402926680172,1,six_reference_complete
AN19.KOR.km7,m,bum,22.810416171879222,1,six_reference_complete
AN19.KOR.km7,m,doom,25.028317130387748,1,six_reference_complete
AN19.KOR.km7,m,lame,27.55086620699066,1,six_reference_complete
AN19.KOR.km7,m,mall,56.91343270000565,1,six_reference_complete
AN19.KOR.km7,m,mote,31.080104233717737,1,six_reference_complete
AN19.KOR.km7,m,move,37.917703293513334,1,six_reference_complete
AN19.KOR.km7,m,rhyme,36.73475519431478,1,six_reference_complete
AN19.KOR.km7,m,theme,20.12867571486717,1,six_reference_complete
AN19.KOR.km7,n,fin,25.904923747724094,1,six_reference_complete
AN19.KOR.km7,ng,young,38.2622375342215,1,six_reference_complete
AN19.KOR.km7,ow,mote,28.207096745066902,1,six_reference_complete
AN19.KOR.km7,ow,soak,23.045287641849598,1,six_reference_complete
AN19.KOR.km7,oy,noise,46.96614195220773,1,six_reference_complete
AN19.KOR.km7,oy,soil,19.237828603999205,1,six_reference_complete
AN19.KOR.km7,oy,voice,41.88774954070481,1,six_reference_complete
AN19.KOR.km7,p,deep,27.16699186296601,1,six_reference_complete
AN19.KOR.km7,p,path,25.970069554825752,1,six_reference_complete
AN19.KOR.km7,p,pawn,41.50549554606426,1,six_reference_complete
AN19.KOR.km7,p,pool,30.84150661287549,1,six_reference_complete
AN19.KOR.km7,p,pup,43.73268743567516,1,six_reference_complete
AN19.KOR.km7,p,ship,26.68784564901985,1,six_reference_complete
AN19.KOR.km7,p,shop,32.13672360676487,1,six_reference_complete
AN19.KOR.km7,r,cheer,17.955612584053295,1,six_reference_complete
AN19.KOR.km7,r,rim,49.28972851234425,1,six_reference_complete
AN19.KOR.km7,r,rough,21.56175500453819,1,six_reference_complete
AN19.KOR.km7,r,whore,14.142529139856839,1,six_reference_complete
AN19.KOR.km7,s,gas,43.57549892673136,1,six_reference_complete
AN19.KOR.km7,s,lice,24.997220774475313,1,six_reference_complete
AN19.KOR.km7,s,mace,32.86562551066902,1,six_reference_complete
AN19.KOR.km7,s,peace,24.013648816825583,1,six_reference_complete
AN19.KOR.km7,s,sane,14.16713936345628,1,six_reference_complete
AN19.KOR.km7,s,soak,12.797535488287949,1,six_reference_complete
AN19.KOR.km7,sh,hash,25.522122498248468,1,six_reference_complete
AN19.KOR.km7,sh,shall,11.92889166445471,1,six_reference_complete
AN19.KOR.km7,sh,ship,7.324777849452743,1,six_reference_complete
AN19.KOR.km7,sh,shop,13.2380498306581,1,six_reference_complete
AN19.KOR.km7,t,goat,26.139491076116286,1,six_reference_complete
AN19.KOR.km7,t,hoot,43.91185606224616,1,six_reference_complete
AN19.KOR.km7,t,route,46.322437656815275,1,six_reference_complete
AN19.KOR.km7,t,thought,38.050629025990894,1,six_reference_complete
AN19.KOR.km7,t,toot,24.268230614680476,1,six_reference_complete
AN19.KOR.km7,t,white,42.4254737111493,1,six_reference_complete
AN19.KOR.km7,th,both,33.47277722917014,1,six_reference_complete
AN19.KOR.km7,th,death,53.45207248709989,1,six_reference_complete
AN19.KOR.km7,th,faith,29.11421355545612,1,six_reference_complete
AN19.KOR.km7,th,mouth,46.063113867333705,1,six_reference_complete
AN19.KOR.km7,th,path,39.59012599197106,1,six_reference_complete
AN19.KOR.km7,th,theme,28.693445037083688,1,six_reference_complete
AN19.KOR.km7,th,thick,70.7312221201888,1,six_reference_complete
AN19.KOR.km7,uh,full,28.01370334273108,1,six_reference_complete
AN19.KOR.km7,uh,pull,28.157858933381622,1,six_reference_complete
AN19.KOR.km7,uw,fool,20.1659446107449,1,six_reference_complete
AN19.KOR.km7,uw,lose,16.22062704289354,1,six_reference_complete
AN19.KOR.km7,uw,roof,47.05966122029543,1,six_reference_complete
AN19.KOR.km7,v,love,32.048238770793375,1,six_reference_complete
AN19.KOR.km7,v,move,38.9580580967045,1,six_reference_complete
AN19.KOR.km7,v,serve,23.5738688581461,1,six_reference_complete
AN19.KOR.km7,w,weed,46.378548195025644,1,six_reference_complete
AN19.KOR.km7,w,wick,35.26636076005064,1,six_reference_complete
AN19.KOR.km8,aa,caught,49.6239957165434,1,six_reference_complete
AN19.KOR.km8,aa,cod,57.90875263723882,1,six_reference_complete
AN19.KOR.km8,aa,con,28.53915881704142,1,six_reference_complete
AN19.KOR.km8,aa,shop,74.26369529757066,1,six_reference_complete
AN19.KOR.km8,aa,was,18.663788016141662,1,six_reference_complete
AN19.KOR.km8,aa,wash,21.142862923518894,1,six_reference_complete
AN19.KOR.km8,aa,watch,38.50814202060179,1,six_reference_complete
AN19.KOR.km8,ae,ban,10.23426374196224,1,six_reference_complete
AN19.KOR.km8,ae,lad,22.703640944156813,1,six_reference_complete
AN19.KOR.km8,ae,mat,20.577501978305232,1,six_reference_complete
AN19.KOR.km8,ae,shall,12.345075449711915,1,six_reference_complete
AN19.KOR.km8,ah,bun,24.95223754237118,1,six_reference_complete
AN19.KOR.km8,ah,rut,38.35917801904062,1,six_reference_complete
AN19.KOR.km8,ah,suck,46.360007154534344,1,six_reference_complete
AN19.KOR.km8,ao,chore,46.836023215372016,1,six_reference_complete
AN19.KOR.km8,ao,long,28.239125207821484,1,six_reference_complete
AN19.KOR.km8,ao,wrong,30.98140501614227,2,six_reference_complete
AN19.KOR.km8,ay,lice,29.019807134103882,1,six_reference_complete
AN19.KOR.km8,ay,live,27.827090880215476,1,six_reference_complete
AN19.KOR.km8,ay,rhyme,27.995363391579193,1,six_reference_complete
AN19.KOR.km8,ay,size,20.479111323832935,1,six_reference_complete
AN19.KOR.km8,ay,vice,27.77237136164616,1,six_reference_complete
AN19.KOR.km8,ay,wife,50.26123223536597,1,six_reference_complete
AN19.KOR.km8,b,balm,52.4446931844845,1,six_reference_complete
AN19.KOR.km8,b,bean,27.503494365217506,1,six_reference_complete
AN19.KOR.km8,b,both,21.587434852684453,1,six_reference_complete
AN19.KOR.km8,b,bug,37.710014780791305,1,six_reference_complete
AN19.KOR.km8,ch,cheer,15.431449641908108,1,six_reference_complete
AN19.KOR.km8,ch,chief,26.530346801781622,1,six_reference_complete
AN19.KOR.km8,d,bead,24.257308396798596,1,six_reference_complete
AN19.KOR.km8,d,dune,37.60362144699462,1,six_reference_complete
AN19.KOR.km8,d,hid,39.61574452720991,1,six_reference_complete
AN19.KOR.km8,eh,den,36.805377992133145,1,six_reference_complete
AN19.KOR.km8,eh,leg,61.23940421029405,1,six_reference_complete
AN19.KOR.km8,eh,neck,50.39646248206847,1,six_reference_complete
AN19.KOR.km8,eh,wed,28.793008029649585,1,six_reference_complete
AN19.KOR.km8,er,learn,21.659052352931877,1,six_reference_complete
AN19.KOR.km8,ey,fade,18.12449324722519,1,six_reference_complete
AN19.KOR.km8,ey,lace,17.471587879341612,1,six_reference_complete
AN19.KOR.km8,ey,mace,28.847713444232706,1,six_reference_complete
AN19.KOR.km8,ey,sane,20.760433534948294,1,six_reference_complete
AN19.KOR.km8,ey,shape,56.58920088373839,1,six_reference_complete
AN19.KOR.km8,ey,wail,26.89147887926875,1,six_reference_complete
AN19.KOR.km8,f,fig,113.16529286515659,1,six_reference_complete
AN19.KOR.km8,f,firm,57.01188316279365,1,six_reference_complete
AN19.KOR.km8,f,five,46.50842986141893,1,six_reference_complete
AN19.KOR.km8,f,food,39.340280539049324,1,six_reference_complete
AN19.KOR.km8,g,dog,38.75223762830152,1,six_reference_complete
AN19.KOR.km8,g,fig,91.37359876348977,1,six_reference_complete
AN19.KOR.km8,g,gave,16.473036928191927,1,six_reference_complete
AN19.KOR.km8,g,girl,18.841258869433833,1,six_reference_complete
AN19.KOR.km8,g,give,26.031885938632513,1,six_reference_complete
AN19.KOR.km8,g,goat,38.57732202590482,1,six_reference_complete
AN19.KOR.km8,g,god,33.984782986918695,1,six_reference_complete
AN19.KOR.km8,g,hag,56.33598980837876,1,six_reference_complete
AN19.KOR.km8,g,league,27.46712462574173,1,six_reference_complete
AN19.KOR.km8,hh,hack,43.71422809730785,1,six_reference_complete
AN19.KOR.km8,hh,hag,13.596555860793389,1,six_reference_complete
AN19.KOR.km8,hh,hid,25.882756613659826,1,six_reference_complete
AN19.KOR.km8,hh,hoot,42.39982775582646,1,six_reference_complete
AN19.KOR.km8,ih,kin,55.6986450626734,1,six_reference_complete
AN19.KOR.km8,ih,kit,25.14390658598793,1,six_reference_complete
AN19.KOR.km8,ih,mid,27.77224002724743,1,six_reference_complete
AN19.KOR.km8,ih,sill,16.2950578138919,1,six_reference_complete
AN19.KOR.km8,ih,thick,57.81633266561442,1,six_reference_complete
AN19.KOR.km8,ih,thing,39.862537274881326,1,six_reference_complete
AN19.KOR.km8,iy,bead,27.85924414426022,1,six_reference_complete
AN19.KOR.km8,iy,deep,11.517623050193214,1,six_reference_complete
AN19.KOR.km8,iy,league,48.150381278734265,1,six_reference_complete
AN19.KOR.km8,iy,teat,59.15446939255864,1,six_reference_complete
AN19.KOR.km8,iy,teeth,44.96651969503927,1,six_reference_complete
AN19.KOR.km8,iy,theme,22.634662568849365,1,six_reference_complete
AN19.KOR.km8,iy,weed,30.31703263619548,1,six_reference_complete
AN19.KOR.km8,jh,jack,43.5236768769646,1,six_reference_complete
AN19.KOR.km8,jh,join,35.59924992336749,1,six_reference_complete
AN19.KOR.km8,jh,page,37.439397903114276,1,six_reference_complete
AN19.KOR.km8,k,beak,31.547357764703843,1,six_reference_complete
AN19.KOR.km8,k,con,12.03338993834359,1,six_reference_complete
AN19.KOR.km8,k,curve,26.597745088038653,1,six_reference_complete
AN19.KOR.km8,k,jack,14.74285715090933,1,six_reference_complete
AN19.KOR.km8,k,king,26.266072416382382,1,six_reference_complete
AN19.KOR.km8,k,thick,49.69364588943205,1,six_reference_complete
AN19.KOR.km8,l,hurl,33.63986867556297,1,six_reference_complete
AN19.KOR.km8,l,league,50.526128462453386,1,six_reference_complete
AN19.KOR.km8,l,lice,25.157592530848472,1,six_reference_complete
AN19.KOR.km8,m,bum,28.90854307593195,1,six_reference_complete
AN19.KOR.km8,m,doom,35.39038072979039,1,six_reference_complete
AN19.KOR.km8,m,lame,26.305604636986327,1,six_reference_complete
AN19.KOR.km8,m,mall,43.198830808981654,1,six_reference_complete
AN19.KOR.km8,m,mote,34.119642384393856,1,six_reference_complete
AN19.KOR.km8,m,move,29.57854123336475,1,six_reference_complete
AN19.KOR.km8,m,mum,42.6017914462619,1,six_reference_complete
AN19.KOR.km8,m,rhyme,32.655761886489294,1,six_reference_complete
AN19.KOR.km8,m,theme,21.93981759988185,1,six_reference_complete
AN19.KOR.km8,n,fin,37.7480633039221,1,six_reference_complete
AN19.KOR.km8,ng,long,14.824255109192729,1,six_reference_complete
AN19.KOR.km8,ow,soak,31.565118495460837,1,six_reference_complete
AN19.KOR.km8,oy,noise,29.00233470251864,1,six_reference_complete
AN19.KOR.km8,oy,soil,18.009279620748462,1,six_reference_complete
AN19.KOR.km8,oy,voice,32.81393084970276,1,six_reference_complete
AN19.KOR.km8,p,deep,23.321787349322552,1,six_reference_complete
AN19.KOR.km8,p,page,33.795320678579934,1,six_reference_complete
AN19.KOR.km8,p,path,27.855588005669247,1,six_reference_complete
AN19.KOR.km8,p,pawn,105.48611030239486,1,six_reference_complete
AN19.KOR.km8,p,pool,33.15919118957945,1,six_reference_complete
AN19.KOR.km8,p,pup,47.957708281506086,1,six_reference_complete
AN19.KOR.km8,p,ship,12.086696523514497,1,six_reference_complete
AN19.KOR.km8,p,shop,35.66870315580631,1,six_reference_complete
AN19.KOR.km8,r,cheer,17.056416722980305,1,six_reference_complete
AN19.KOR.km8,r,rim,41.304283529709984,1,six_reference_complete
AN19.KOR.km8,r,rough,23.56137216931521,1,six_reference_complete
AN19.KOR.km8,r,whore,8.888310718177992,1,six_reference_complete
AN19.KOR.km8,s,gas,27.768721143731344,1,six_reference_complete
AN19.KOR.km8,s,lice,42.2868247286029,1,six_reference_complete
AN19.KOR.km8,s,mace,36.796214750697544,1,six_reference_complete
AN19.KOR.km8,s,peace,21.665940979229504,1,six_reference_complete
AN19.KOR.km8,s,sane,15.722765966927332,1,six_reference_complete
AN19.KOR.km8,s,soak,19.536393532862693,1,six_reference_complete
AN19.KOR.km8,s,soil,13.640793123823023,1,six_reference_complete
AN19.KOR.km8,sh,hash,26.975738336536153,1,six_reference_complete
AN19.KOR.km8,sh,shall,12.573082019282909,1,six_reference_complete
AN19.KOR.km8,sh,ship,5.800417370255697,1,six_reference_complete
AN19.KOR.km8,sh,shop,17.383707315787973,1,six_reference_complete
AN19.KOR.km8,t,goat,26.227816674357328,1,six_reference_complete
AN19.KOR.km8,t,gut,52.5321553147221,1,six_reference_complete
AN19.KOR.km8,t,hoot,46.24760665654903,1,six_reference_complete
AN19.KOR.km8,t,thought,52.400146902453734,1,six_reference_complete
AN19.KOR.km8,t,white,69.4204766095794,1,six_reference_complete
AN19.KOR.km8,th,both,23.539943038384028,1,six_reference_complete
AN19.KOR.km8,th,death,51.52009029525353,1,six_reference_complete
AN19.KOR.km8,th,mouth,44.77164249380547,1,six_reference_complete
AN19.KOR.km8,th,path,22.93944656460773,1,six_reference_complete
AN19.KOR.km8,th,theme,28.448197001971526,1,six_reference_complete
AN19.KOR.km8,th,thick,41.33861995173261,1,six_reference_complete
AN19.KOR.km8,uh,pull,48.13767929258469,1,six_reference_complete
AN19.KOR.km8,uw,fool,24.107915558300295,1,six_reference_complete
AN19.KOR.km8,uw,lose,9.878159845753872,1,six_reference_complete
AN19.KOR.km8,uw,roof,21.002997603167497,1,six_reference_complete
AN19.KOR.km8,v,curve,16.003863825999634,1,six_reference_complete
AN19.KOR.km8,v,love,65.69959730219846,1,six_reference_complete
AN19.KOR.km8,v,move,25.69883273589427,1,six_reference_complete
AN19.KOR.km8,w,weed,45.687240740895824,1,six_reference_complete
AN19.KOR.km8,w,wick,31.866097676103426,1,six_reference_complete
AN19.KOR.km8,y,young,22.5799072806394,1,six_reference_complete
AN19.MIX.if1,aa,caught,67.86651860734888,1,six_reference_complete
AN19.MIX.if1,aa,cod,47.37066555872408,1,six_reference_complete
AN19.MIX.if1,aa,shop,18.152407164101188,1,six_reference_complete
AN19.MIX.if1,aa,was,24.41282275488655,1,six_reference_complete
AN19.MIX.if1,aa,wash,24.37077415285873,1,six_reference_complete
AN19.MIX.if1,aa,watch,41.129486601831964,1,six_reference_complete
AN19.MIX.if1,ae,ban,11.028247051301166,1,six_reference_complete
AN19.MIX.if1,ae,lad,15.745296288041281,1,six_reference_complete
AN19.MIX.if1,ae,mat,50.14918883308087,1,six_reference_complete
AN19.MIX.if1,ae,rat,21.689737390839742,1,six_reference_complete
AN19.MIX.if1,ae,shall,27.05006594685618,1,six_reference_complete
AN19.MIX.if1,ah,bun,35.208005595449535,1,six_reference_complete
AN19.MIX.if1,ah,rut,59.19801536209804,1,six_reference_complete
AN19.MIX.if1,ah,suck,30.83160781369934,1,six_reference_complete
AN19.MIX.if1,ao,long,32.79997186064912,1,six_reference_complete
AN19.MIX.if1,ay,lice,19.991616553731102,1,six_reference_complete
AN19.MIX.if1,ay,live,50.7905557076152,1,six_reference_complete
AN19.MIX.if1,ay,rhyme,24.274873529895405,1,six_reference_complete
AN19.MIX.if1,ay,size,20.149056126020955,1,six_reference_complete
AN19.MIX.if1,ay,vice,23.849263653866924,1,six_reference_complete
AN19.MIX.if1,ay,wife,54.673696432587654,1,six_reference_complete
AN19.MIX.if1,b,balm,27.67888806809294,1,six_reference_complete
AN19.MIX.if1,b,bean,40.902000651642176,1,six_reference_complete
AN19.MIX.if1,b,both,51.11954335511089,1,six_reference_complete
AN19.MIX.if1,b,bug,59.19882051298064,1,six_reference_complete
AN19.MIX.if1,b,job,40.93090558155911,1,six_reference_complete
AN19.MIX.if1,ch,chain,43.726986110237554,1,six_reference_complete
AN19.MIX.if1,ch,cheer,20.866432761055997,1,six_reference_complete
AN19.MIX.if1,ch,chief,30.47937835396472,1,six_reference_complete
AN19.MIX.if1,d,bead,21.682849472026717,1,six_reference_complete
AN19.MIX.if1,d,doom,59.04570603145728,1,six_reference_complete
AN19.MIX.if1,d,dune,36.35395439291565,1,six_reference_complete
AN19.MIX.if1,d,pad,13.257877460460582,1,six_reference_complete
AN19.MIX.if1,eh,den,20.785307564675076,1,six_reference_complete
AN19.MIX.if1,eh,leg,63.53301150616014,1,six_reference_complete
AN19.MIX.if1,eh,neck,71.65728239279599,1,six_reference_complete
AN19.MIX.if1,eh,wed,99.28673387674854,1,six_reference_complete
AN19.MIX.if1,er,learn,46.39833828233518,1,six_reference_complete
AN19.MIX.if1,ey,fade,33.58243820590955,1,six_reference_complete
AN19.MIX.if1,ey,lace,25.842651704225403,1,six_reference_complete
AN19.MIX.if1,ey,mace,25.340308034396752,1,six_reference_complete
AN19.MIX.if1,ey,sane,24.359934791309428,1,six_reference_complete
AN19.MIX.if1,ey,shape,34.72629077717618,1,six_reference_complete
AN19.MIX.if1,ey,wail,36.82096860959087,1,six_reference_complete
AN19.MIX.if1,f,firm,31.304306269799444,1,six_reference_complete
AN19.MIX.if1,f,five,41.66293250917442,1,six_reference_complete
AN19.MIX.if1,f,food,31.359012849890334,1,six_reference_complete
AN19.MIX.if1,g,dog,48.639712031450976,1,six_reference_complete
AN19.MIX.if1,g,fig,47.173965370058546,1,six_reference_complete
AN19.MIX.if1,g,gave,17.716260904308907,1,six_reference_complete
AN19.MIX.if1,g,girl,29.776638793338964,1,six_reference_complete
AN19.MIX.if1,g,give,52.92947488468739,1,six_reference_complete
AN19.MIX.if1,g,goat,69.01685482399999,1,six_reference_complete
AN19.MIX.if1,g,god,39.71122587687696,1,six_reference_complete
AN19.MIX.if1,g,gut,37.37696019973398,1,six_reference_complete
AN19.MIX.if1,g,hag,50.65035117997743,1,six_reference_complete
AN19.MIX.if1,g,league,12.801047899932563,1,six_reference_complete
AN19.MIX.if1,hh,hag,46.718557963245324,1,six_reference_complete
AN19.MIX.if1,hh,hoot,39.78599831257677,1,six_reference_complete
AN19.MIX.if1,ih,kin,29.766449826376356,1,six_reference_complete
AN19.MIX.if1,ih,kit,28.86177495097965,1,six_reference_complete
AN19.MIX.if1,ih,sill,22.76038194775602,1,six_reference_complete
AN19.MIX.if1,iy,bean,14.863196616788185,1,six_reference_complete
AN19.MIX.if1,iy,deep,12.864596608170677,1,six_reference_complete
AN19.MIX.if1,iy,league,10.917743056297317,1,six_reference_complete
AN19.MIX.if1,iy,teeth,39.27523282962759,1,six_reference_complete
AN19.MIX.if1,iy,theme,20.610951449145116,1,six_reference_complete
AN19.MIX.if1,iy,weed,28.209481647999606,1,six_reference_complete
AN19.MIX.if1,jh,jack,30.79483967036947,1,six_reference_complete
AN19.MIX.if1,jh,job,56.320808051497075,1,six_reference_complete
AN19.MIX.if1,jh,page,33.56055992973868,1,six_reference_complete
AN19.MIX.if1,k,beak,56.035696813567654,1,six_reference_complete
AN19.MIX.if1,k,con,56.92340302424298,1,six_reference_complete
AN19.MIX.if1,k,jack,13.158727282755535,1,six_reference_complete
AN19.MIX.if1,k,king,45.333343724588865,1,six_reference_complete
AN19.MIX.if1,k,suck,27.42049220691599,1,six_reference_complete
AN19.MIX.if1,k,thick,50.91269294154265,1,six_reference_complete
AN19.MIX.if1,l,hurl,26.728670908639412,1,six_reference_complete
AN19.MIX.if1,l,league,33.88467462280465,1,six_reference_complete
AN19.MIX.if1,l,lice,27.8240950733235,1,six_reference_complete
AN19.MIX.if1,m,bum,25.50266825704851,1,six_reference_complete
AN19.MIX.if1,m,doom,35.14432499801779,1,six_reference_complete
AN19.MIX.if1,m,lame,33.45974547319117,1,six_reference_complete
AN19.MIX.if1,m,mall,38.03344945942795,1,six_reference_complete
AN19.MIX.if1,m,mote,65.73670948406954,1,six_reference_complete
AN19.MIX.if1,m,move,23.54927460503068,1,six_reference_complete
AN19.MIX.if1,m,rhyme,35.503181827383614,1,six_reference_complete
AN19.MIX.if1,m,theme,24.800808864743587,1,six_reference_complete
AN19.MIX.if1,n,fin,28.905998995355755,1,six_reference_complete
AN19.MIX.if1,n,join,29.384258364465015,1,six_reference_complete
AN19.MIX.if1,ng,long,19.31604254244243,1,six_reference_complete
AN19.MIX.if1,ow,mote,45.46359767118421,1,six_reference_complete
AN19.MIX.if1,ow,soak,53.07473353255269,1,six_reference_complete
AN19.MIX.if1,oy,noise,43.30083437435713,1,six_reference_complete
AN19.MIX.if1,oy,soil,41.18651601652103,1,six_reference_complete
AN19.MIX.if1,oy,voice,33.33461807042149,1,six_reference_complete
AN19.MIX.if1,p,deep,34.26539693665344,1,six_reference_complete
AN19.MIX.if1,p,page,37.00585553472633,1,six_reference_complete
AN19.MIX.if1,p,path,30.67614719935442,1,six_reference_complete
AN19.MIX.if1,p,pawn,22.196070978436925,1,six_reference_complete
AN19.MIX.if1,p,pool,22.0744487337771,1,six_reference_complete
AN19.MIX.if1,p,pup,40.60843317001885,1,six_reference_complete
AN19.MIX.if1,p,ship,69.48638337912388,1,six_reference_complete
AN19.MIX.if1,r,cheer,15.818667942895145,1,six_reference_complete
AN19.MIX.if1,r,rim,59.35929455049595,1,six_reference_complete
AN19.MIX.if1,r,rough,39.61012008146709,1,six_reference_complete
AN19.MIX.if1,s,gas,24.647196650233607,1,six_reference_complete
AN19.MIX.if1,s,lice,18.600610312627143,1,six_reference_complete
AN19.MIX.if1,s,mace,47.183477479021,1,six_reference_complete
AN19.MIX.if1,s,peace,17.250703103516027,1,six_reference_complete
AN19.MIX.if1,s,sane,13.307379781758675,1,six_reference_complete
AN19.MIX.if1,s,soak,23.532127668980223,1,six_reference_complete
AN19.MIX.if1,s,soil,14.425192581521417,1,six_reference_complete
AN19.MIX.if1,sh,hash,34.89470695124909,1,six_reference_complete
AN19.MIX.if1,sh,shall,17.878034266361563,1,six_reference_complete
AN19.MIX.if1,sh,ship,14.161190206108207,1,six_reference_complete
AN19.MIX.if1,sh,shop,13.890234028646411,1,six_reference_complete
AN19.MIX.if1,t,goat,45.046365752204025,1,six_reference_complete
AN19.MIX.if1,t,gut,24.136902154588423,1,six_reference_complete
AN19.MIX.if1,t,hoot,41.7921760117002,1,six_reference_complete
AN19.MIX.if1,t,route,42.78538400049698,1,six_reference_complete
AN19.MIX.if1,t,thought,33.41371666957966,1,six_reference_complete
AN19.MIX.if1,t,white,52.42341699500491,1,six_reference_complete
AN19.MIX.if1,th,both,67.60107562124482,1,six_reference_complete
AN19.MIX.if1,th,death,52.89746624453725,1,six_reference_complete
AN19.MIX.if1,th,faith,32.48052008458178,1,six_reference_complete
AN19.MIX.if1,th,mouth,55.547457822651666,1,six_reference_complete
AN19.MIX.if1,th,path,23.06560744387404,1,six_reference_complete
AN19.MIX.if1,th,theme,29.278408252995423,1,six_reference_complete
AN19.MIX.if1,th,thick,75.35498379389848,1,six_reference_complete
AN19.MIX.if1,uh,full,24.668532178575017,1,six_reference_complete
AN19.MIX.if1,uh,pull,42.40995497797985,1,six_reference_complete
AN19.MIX.if1,uw,fool,22.79740038400031,1,six_reference_complete
AN19.MIX.if1,uw,lose,45.77266931934142,1,six_reference_complete
AN19.MIX.if1,uw,roof,28.691053579485356,1,six_reference_complete
AN19.MIX.if1,v,curve,24.03504050671569,1,six_reference_complete
AN19.MIX.if1,v,move,25.811065342315956,1,six_reference_complete
AN19.MIX.if1,v,serve,18.949962484032962,1,six_reference_complete
AN19.MIX.if1,w,weed,61.39516489819591,1,six_reference_complete
AN19.MIX.if1,w,wick,94.05902334615485,1,six_reference_complete
AN19.MIX.if1,y,young,27.33368278949347,1,six_reference_complete
AN19.MIX.if2,aa,caught,66.47913048903516,1,six_reference_complete
AN19.MIX.if2,aa,cod,58.34544794103897,1,six_reference_complete
AN19.MIX.if2,aa,con,41.20711522062269,1,six_reference_complete
AN19.MIX.if2,aa,shop,68.96772951530413,1,six_reference_complete
AN19.MIX.if2,aa,was,21.202753521676048,1,six_reference_complete
AN19.MIX.if2,aa,wash,41.67657244710902,1,six_reference_complete
AN19.MIX.if2,ae,ban,12.864721378505799,1,six_reference_complete
AN19.MIX.if2,ae,lad,30.576285108142713,1,six_reference_complete
AN19.MIX.if2,ae,mat,20.943376733616308,1,six_reference_complete
AN19.MIX.if2,ae,rat,52.34937794421765,1,six_reference_complete
AN19.MIX.if2,ae,shall,56.749416809385885,1,six_reference_complete
AN19.MIX.if2,ah,bun,31.27114131552399,1,six_reference_complete
AN19.MIX.if2,ah,rut,48.73036603850429,1,six_reference_complete
AN19.MIX.if2,ah,suck,32.87415215866935,1,six_reference_complete
AN19.MIX.if2,ao,long,28.88018422544852,1,six_reference_complete
AN19.MIX.if2,ay,lice,17.59498498857156,1,six_reference_complete
AN19.MIX.if2,ay,live,43.61977381607455,1,six_reference_complete
AN19.MIX.if2,ay,rhyme,47.250342009894666,1,six_reference_complete
AN19.MIX.if2,ay,size,21.23666137828024,1,six_reference_complete
AN19.MIX.if2,ay,vice,28.725241383010367,1,six_reference_complete
AN19.MIX.if2,ay,wife,55.471959495557314,1,six_reference_complete
AN19.MIX.if2,b,balm,62.082660590416225,1,six_reference_complete
AN19.MIX.if2,b,both,40.32873813970918,1,six_reference_complete
AN19.MIX.if2,b,bug,57.874892791233655,1,six_reference_complete
AN19.MIX.if2,b,job,37.45662405219189,1,six_reference_complete
AN19.MIX.if2,ch,chain,25.40495776324497,1,six_reference_complete
AN19.MIX.if2,ch,cheer,34.500599088709194,1,six_reference_complete
AN19.MIX.if2,ch,chief,30.69290728285274,1,six_reference_complete
AN19.MIX.if2,d,bead,22.718472715445742,1,six_reference_complete
AN19.MIX.if2,d,den,66.80218101025214,1,six_reference_complete
AN19.MIX.if2,d,doom,28.983487677372803,1,six_reference_complete
AN19.MIX.if2,d,dune,29.948778621275736,1,six_reference_complete
AN19.MIX.if2,d,hid,48.0935841793439,1,six_reference_complete
AN19.MIX.if2,d,pad,14.857151162084028,1,six_reference_complete
AN19.MIX.if2,eh,den,18.57134252030601,1,six_reference_complete
AN19.MIX.if2,eh,leg,45.21081934546127,1,six_reference_complete
AN19.MIX.if2,eh,neck,58.62318363358537,1,six_reference_complete
AN19.MIX.if2,eh,wed,49.360401157265066,1,six_reference_complete
AN19.MIX.if2,ey,fade,17.493080890054063,1,six_reference_complete
AN19.MIX.if2,ey,lace,30.652319978205952,1,six_reference_complete
AN19.MIX.if2,ey,mace,34.934898522856905,1,six_reference_complete
AN19.MIX.if2,ey,sane,26.453635041920894,1,six_reference_complete
AN19.MIX.if2,ey,shape,16.82314668454075,1,six_reference_complete
AN19.MIX.if2,ey,wail,55.29966634859522,1,six_reference_complete
AN19.MIX.if2,f,fig,38.764464574406226,1,six_reference_complete
AN19.MIX.if2,f,firm,32.27450508491658,1,six_reference_complete
AN19.MIX.if2,f,five,59.12241126484563,1,six_reference_complete
AN19.MIX.if2,f,food,29.95779295008943,1,six_reference_complete
AN19.MIX.if2,g,dog,105.58149555126859,1,six_reference_complete
AN19.MIX.if2,g,fig,43.097151059398705,1,six_reference_complete
AN19.MIX.if2,g,gave,15.43446137296253,1,six_reference_complete
AN19.MIX.if2,g,girl,31.30865190427167,1,six_reference_complete
AN19.MIX.if2,g,give,21.155713352475143,1,six_reference_complete
AN19.MIX.if2,g,goat,29.36588162648194,1,six_reference_complete
AN19.MIX.if2,g,god,38.16987798796549,1,six_reference_complete
AN19.MIX.if2,g,gut,57.20452528144319,1,six_reference_complete
AN19.MIX.if2,g,hag,46.12459969554297,1,six_reference_complete
AN19.MIX.if2,g,league,61.18538109007533,1,six_reference_complete
AN19.MIX.if2,hh,hag,14.315449059118029,1,six_reference_complete
AN19.MIX.if2,hh,hid,39.03815821532842,1,six_reference_complete
AN19.MIX.if2,hh,hoot,35.616179150348636,1,six_reference_complete
AN19.MIX.if2,ih,kin,51.12119923119633,1,six_reference_complete
AN19.MIX.if2,ih,sill,30.96227421117339,1,six_reference_complete
AN19.MIX.if2,ih,thick,61.246496009280946,1,six_reference_complete
AN19.MIX.if2,ih,thing,25.094710779925737,1,six_reference_complete
AN19.MIX.if2,iy,bean,39.97909964220808,1,six_reference_complete
AN19.MIX.if2,iy,chief,26.066566907676798,1,six_reference_complete
AN19.MIX.if2,iy,deep,31.56004911955432,1,six_reference_complete
AN19.MIX.if2,iy,teeth,46.04483007682088,1,six_reference_complete
AN19.MIX.if2,iy,weed,93.33273858331938,1,six_reference_complete
AN19.MIX.if2,jh,jack,74.64534023610958,1,six_reference_complete
AN19.MIX.if2,jh,job,61.73682593290656,1,six_reference_complete
AN19.MIX.if2,jh,join,33.929012181819054,1,six_reference_complete
AN19.MIX.if2,jh,page,53.62347944335787,1,six_reference_complete
AN19.MIX.if2,k,beak,49.989579219535976,1,six_reference_complete
AN19.MIX.if2,k,hack,25.204399570192194,1,six_reference_complete
AN19.MIX.if2,k,jack,129.6344066109213,1,six_reference_complete
AN19.MIX.if2,k,king,45.14619682157308,1,six_reference_complete
AN19.MIX.if2,k,suck,26.201421957541672,1,six_reference_complete
AN19.MIX.if2,k,thick,50.36527613693644,1,six_reference_complete
AN19.MIX.if2,l,hurl,32.393069298420826,1,six_reference_complete
AN19.MIX.if2,l,league,85.0810054953091,1,six_reference_complete
AN19.MIX.if2,l,lice,12.69493338383387,1,six_reference_complete
AN19.MIX.if2,m,doom,20.224051089401893,1,six_reference_complete
AN19.MIX.if2,m,lame,25.609094134676482,1,six_reference_complete
AN19.MIX.if2,m,mall,36.3411391703922,1,six_reference_complete
AN19.MIX.if2,m,mote,46.71484306866139,1,six_reference_complete
AN19.MIX.if2,m,move,38.00903607968195,1,six_reference_complete
AN19.MIX.if2,m,mum,38.31426102176338,1,six_reference_complete
AN19.MIX.if2,m,theme,20.920772545130685,1,six_reference_complete
AN19.MIX.if2,n,fin,34.180388101713966,1,six_reference_complete
AN19.MIX.if2,n,join,55.69597396588245,1,six_reference_complete
AN19.MIX.if2,ng,long,15.13682035418686,1,six_reference_complete
AN19.MIX.if2,ng,young,26.784733905723566,1,six_reference_complete
AN19.MIX.if2,ow,mote,31.485399771275695,1,six_reference_complete
AN19.MIX.if2,ow,soak,38.97242455077393,1,six_reference_complete
AN19.MIX.if2,oy,noise,42.491861375340775,1,six_reference_complete
AN19.MIX.if2,oy,soil,43.96133058378072,1,six_reference_complete
AN19.MIX.if2,oy,voice,27.786466159462577,1,six_reference_complete
AN19.MIX.if2,p,deep,21.671651404452486,1,six_reference_complete
AN19.MIX.if2,p,page,15.62650615662936,1,six_reference_complete
AN19.MIX.if2,p,path,81.53903254868108,1,six_reference_complete
AN19.MIX.if2,p,pawn,27.607494524018946,1,six_reference_complete
AN19.MIX.if2,p,pool,31.23753706204195,1,six_reference_complete
AN19.MIX.if2,p,pup,77.96159370040917,1,six_reference_complete
AN19.MIX.if2,p,ship,69.86703434497745,1,six_reference_complete
AN19.MIX.if2,p,shop,42.69229397929979,1,six_reference_complete
AN19.MIX.if2,r,cheer,54.474333578015575,1,six_reference_complete
AN19.MIX.if2,r,rim,70.23681296947588,1,six_reference_complete
AN19.MIX.if2,r,rough,19.491932088669156,1,six_reference_complete
AN19.MIX.if2,s,gas,29.4181380838252,1,six_reference_complete
AN19.MIX.if2,s,lice,21.468297231191443,1,six_reference_complete
AN19.MIX.if2,s,mace,39.93421736372248,1,six_reference_complete
AN19.MIX.if2,s,peace,25.751339051129644,1,six_reference_complete
AN19.MIX.if2,s,sane,19.93388184665554,1,six_reference_complete
AN19.MIX.if2,s,soak,15.923364116552017,1,six_reference_complete
AN19.MIX.if2,s,soil,26.59300862517003,1,six_reference_complete
AN19.MIX.if2,sh,hash,36.7622766280596,1,six_reference_complete
AN19.MIX.if2,sh,shop,13.599416034694597,1,six_reference_complete
AN19.MIX.if2,t,goat,22.783059314014423,1,six_reference_complete
AN19.MIX.if2,t,gut,18.887412037621868,1,six_reference_complete
AN19.MIX.if2,t,hoot,25.708338615211236,1,six_reference_complete
AN19.MIX.if2,t,route,46.47307605537849,1,six_reference_complete
AN19.MIX.if2,t,thought,33.102763610959514,1,six_reference_complete
AN19.MIX.if2,t,toot,29.02512768875585,1,six_reference_complete
AN19.MIX.if2,t,white,54.357419473009024,1,six_reference_complete
AN19.MIX.if2,th,both,31.438374681656487,1,six_reference_complete
AN19.MIX.if2,th,death,51.97880052961492,1,six_reference_complete
AN19.MIX.if2,th,faith,54.025917557608295,1,six_reference_complete
AN19.MIX.if2,th,mouth,87.03513018583799,1,six_reference_complete
AN19.MIX.if2,th,path,50.61329696593969,1,six_reference_complete
AN19.MIX.if2,th,theme,27.62620065311315,1,six_reference_complete
AN19.MIX.if2,th,thick,86.0362392294219,1,six_reference_complete
AN19.MIX.if2,uh,full,28.57078998982138,1,six_reference_complete
AN19.MIX.if2,uh,pull,39.14900694251415,1,six_reference_complete
AN19.MIX.if2,uw,fool,25.828884275149296,1,six_reference_complete
AN19.MIX.if2,uw,lose,10.27685010724332,1,six_reference_complete
AN19.MIX.if2,uw,roof,50.28022449006215,1,six_reference_complete
AN19.MIX.if2,v,curve,30.7863424910248,1,six_reference_complete
AN19.MIX.if2,v,move,40.24938877271557,1,six_reference_complete
AN19.MIX.if2,v,serve,26.327120874714623,1,six_reference_complete
AN19.MIX.if2,w,weed,46.512665737451584,1,six_reference_complete
AN19.MIX.if2,w,wick,87.77338808911078,1,six_reference_complete
AN19.MIX.if2,y,young,23.381615729258584,1,six_reference_complete
AN19.MIX.if3,aa,cod,59.35434463371851,1,six_reference_complete
AN19.MIX.if3,aa,con,56.04487177852292,1,six_reference_complete
AN19.MIX.if3,aa,shop,23.729544089559116,1,six_reference_complete
AN19.MIX.if3,aa,was,23.41636770771484,1,six_reference_complete
AN19.MIX.if3,aa,watch,106.90260768633989,1,six_reference_complete
AN19.MIX.if3,ae,ban,13.830148683084522,1,six_reference_complete
AN19.MIX.if3,ae,rat,37.873110028133596,1,six_reference_complete
AN19.MIX.if3,ae,shall,37.50755367824881,1,six_reference_complete
AN19.MIX.if3,ah,bun,23.15616556505969,1,six_reference_complete
AN19.MIX.if3,ah,rut,80.0187595356444,1,six_reference_complete
AN19.MIX.if3,ah,suck,36.54515897209349,1,six_reference_complete
AN19.MIX.if3,ao,long,31.62072828234156,1,six_reference_complete
AN19.MIX.if3,ay,lice,19.988935141872233,1,six_reference_complete
AN19.MIX.if3,ay,live,49.425822631232485,1,six_reference_complete
AN19.MIX.if3,ay,rhyme,39.9393711793982,1,six_reference_complete
AN19.MIX.if3,ay,size,23.54339897742653,1,six_reference_complete
AN19.MIX.if3,ay,vice,25.647660880464997,1,six_reference_complete
AN19.MIX.if3,ay,wife,55.38186224544139,1,six_reference_complete
AN19.MIX.if3,b,balm,34.70810233839607,1,six_reference_complete
AN19.MIX.if3,b,bean,56.76330539142771,1,six_reference_complete
AN19.MIX.if3,b,both,77.28215374277043,1,six_reference_complete
AN19.MIX.if3,b,bug,55.710143480156326,1,six_reference_complete
AN19.MIX.if3,b,job,35.57426308534868,1,six_reference_complete
AN19.MIX.if3,ch,chain,39.97440182285595,1,six_reference_complete
AN19.MIX.if3,ch,check,51.45256118968776,1,six_reference_complete
AN19.MIX.if3,ch,cheer,29.80942870036921,1,six_reference_complete
AN19.MIX.if3,ch,chief,26.067793782655716,1,six_reference_complete
AN19.MIX.if3,d,bead,22.471862257892408,1,six_reference_complete
AN19.MIX.if3,d,den,46.488956070688346,1,six_reference_complete
AN19.MIX.if3,d,doom,37.229254935344514,1,six_reference_complete
AN19.MIX.if3,d,dune,32.69081757474124,1,six_reference_complete
AN19.MIX.if3,d,hid,54.517806841370266,1,six_reference_complete
AN19.MIX.if3,d,pad,21.245969769181446,1,six_reference_complete
AN19.MIX.if3,eh,den,24.873817345603587,1,six_reference_complete
AN19.MIX.if3,eh,leg,57.78267303057502,1,six_reference_complete
AN19.MIX.if3,eh,neck,69.76944025829407,1,six_reference_complete
AN19.MIX.if3,eh,wed,22.793297093802853,1,six_reference_complete
AN19.MIX.if3,er,learn,21.23460355541377,1,six_reference_complete
AN19.MIX.if3,ey,fade,18.553682534129724,1,six_reference_complete
AN19.MIX.if3,ey,lace,26.287260070016178,1,six_reference_complete
AN19.MIX.if3,ey,mace,16.538171152275144,1,six_reference_complete
AN19.MIX.if3,ey,sane,21.492829808803688,1,six_reference_complete
AN19.MIX.if3,ey,shape,34.589055209548796,1,six_reference_complete
AN19.MIX.if3,ey,wail,36.85947352940092,1,six_reference_complete
AN19.MIX.if3,f,fig,78.11241509565248,1,six_reference_complete
AN19.MIX.if3,f,firm,32.7770767749057,1,six_reference_complete
AN19.MIX.if3,f,five,64.4087940470349,1,six_reference_complete
AN19.MIX.if3,f,food,30.378153613965836,1,six_reference_complete
AN19.MIX.if3,g,dog,48.43002672097513,1,six_reference_complete
AN19.MIX.if3,g,fig,45.10779850840016,1,six_reference_complete
AN19.MIX.if3,g,girl,49.2508827202443,1,six_reference_complete
AN19.MIX.if3,g,give,37.28973579324983,1,six_reference_complete
AN19.MIX.if3,g,god,39.33568568847182,1,six_reference_complete
AN19.MIX.if3,g,gut,74.78208729733882,1,six_reference_complete
AN19.MIX.if3,g,hag,67.57744552507928,1,six_reference_complete
AN19.MIX.if3,g,league,18.84579250475369,1,six_reference_complete
AN19.MIX.if3,hh,hack,8.060327655005679,1,six_reference_complete
AN19.MIX.if3,hh,hag,12.623339284415623,1,six_reference_complete
AN19.MIX.if3,hh,hid,40.39863106329222,1,six_reference_complete
AN19.MIX.if3,hh,hoot,32.82296631728346,1,six_reference_complete
AN19.MIX.if3,ih,kin,31.291140979222945,1,six_reference_complete
AN19.MIX.if3,ih,sill,58.92599512837301,1,six_reference_complete
AN19.MIX.if3,ih,thick,70.4916884440561,1,six_reference_complete
AN19.MIX.if3,ih,thing,30.221140078190388,1,six_reference_complete
AN19.MIX.if3,iy,bean,18.79819565234146,1,six_reference_complete
AN19.MIX.if3,iy,chief,52.65952777275618,1,six_reference_complete
AN19.MIX.if3,iy,league,45.19057324237851,1,six_reference_complete
AN19.MIX.if3,iy,teeth,44.260437014680264,1,six_reference_complete
AN19.MIX.if3,iy,theme,36.02910724765122,1,six_reference_complete
AN19.MIX.if3,iy,weed,84.65550389631794,1,six_reference_complete
AN19.MIX.if3,jh,job,77.07779744309504,1,six_reference_complete
AN19.MIX.if3,jh,join,37.14462341905071,1,six_reference_complete
AN19.MIX.if3,jh,page,100.00908124293653,1,six_reference_complete
AN19.MIX.if3,k,beak,26.034760052379905,1,six_reference_complete
AN19.MIX.if3,k,con,18.510783003089745,1,six_reference_complete
AN19.MIX.if3,k,curve,30.15557514823057,1,six_reference_complete
AN19.MIX.if3,k,jack,119.57894043098192,1,six_reference_complete
AN19.MIX.if3,k,king,47.28804088665182,1,six_reference_complete
AN19.MIX.if3,k,suck,38.91431293172695,1,six_reference_complete
AN19.MIX.if3,k,thick,57.91008912735816,1,six_reference_complete
AN19.MIX.if3,l,hurl,27.802896730519716,1,six_reference_complete
AN19.MIX.if3,l,league,60.74535669984066,1,six_reference_complete
AN19.MIX.if3,l,lice,19.375012801256936,1,six_reference_complete
AN19.MIX.if3,m,bum,48.8965763120347,1,six_reference_complete
AN19.MIX.if3,m,doom,28.219978523769132,1,six_reference_complete
AN19.MIX.if3,m,lame,25.342812118500444,1,six_reference_complete
AN19.MIX.if3,m,mall,38.24561199618109,1,six_reference_complete
AN19.MIX.if3,m,mote,32.3166596619395,1,six_reference_complete
AN19.MIX.if3,m,move,36.73288366243428,1,six_reference_complete
AN19.MIX.if3,m,mum,33.25623371208844,1,six_reference_complete
AN19.MIX.if3,m,theme,51.19269505037997,1,six_reference_complete
AN19.MIX.if3,n,join,29.104201395189133,1,six_reference_complete
AN19.MIX.if3,ng,long,24.789339316952944,1,six_reference_complete
AN19.MIX.if3,ng,young,65.62858820583536,1,six_reference_complete
AN19.MIX.if3,ow,mote,19.103267067631833,1,six_reference_complete
AN19.MIX.if3,ow,soak,66.40907540081385,1,six_reference_complete
AN19.MIX.if3,oy,noise,40.79629173723246,1,six_reference_complete
AN19.MIX.if3,oy,soil,19.44319744737223,1,six_reference_complete
AN19.MIX.if3,oy,voice,48.01782793973183,1,six_reference_complete
AN19.MIX.if3,p,deep,25.16956229376201,1,six_reference_complete
AN19.MIX.if3,p,page,23.259695622585458,1,six_reference_complete
AN19.MIX.if3,p,path,34.41749651801076,1,six_reference_complete
AN19.MIX.if3,p,pawn,41.063526991385366,1,six_reference_complete
AN19.MIX.if3,p,pool,25.150829469795422,1,six_reference_complete
AN19.MIX.if3,p,pup,58.61265299894743,1,six_reference_complete
AN19.MIX.if3,p,ship,52.33402252654863,1,six_reference_complete
AN19.MIX.if3,p,shop,89.69080515333081,1,six_reference_complete
AN19.MIX.if3,r,cheer,60.467647490394995,1,six_reference_complete
AN19.MIX.if3,r,rim,68.9214489625054,1,six_reference_complete
AN19.MIX.if3,s,gas,24.13340570510614,1,six_reference_complete
AN19.MIX.if3,s,lice,24.953660219536165,1,six_reference_complete
AN19.MIX.if3,s,mace,46.983767751970106,1,six_reference_complete
AN19.MIX.if3,s,peace,20.709090030628428,1,six_reference_complete
AN19.MIX.if3,s,sane,13.36773759837156,1,six_reference_complete
AN19.MIX.if3,s,soak,20.526707137932597,1,six_reference_complete
AN19.MIX.if3,sh,hash,28.189480595751235,1,six_reference_complete
AN19.MIX.if3,sh,shall,16.08745656636862,1,six_reference_complete
AN19.MIX.if3,sh,ship,7.74931697178869,1,six_reference_complete
AN19.MIX.if3,sh,shop,15.003841513719003,1,six_reference_complete
AN19.MIX.if3,t,goat,95.81130290461927,1,six_reference_complete
AN19.MIX.if3,t,gut,68.65739321695428,1,six_reference_complete
AN19.MIX.if3,t,route,43.612446505320555,1,six_reference_complete
AN19.MIX.if3,t,thought,69.25174595454503,1,six_reference_complete
AN19.MIX.if3,t,toot,14.348386926473244,1,six_reference_complete
AN19.MIX.if3,t,white,47.58819833704021,1,six_reference_complete
AN19.MIX.if3,th,both,34.503886489400784,1,six_reference_complete
AN19.MIX.if3,th,death,54.909229880444656,1,six_reference_complete
AN19.MIX.if3,th,faith,38.520681714641945,1,six_reference_complete
AN19.MIX.if3,th,mouth,47.96857647419687,1,six_reference_complete
AN19.MIX.if3,th,path,27.78135802938318,1,six_reference_complete
AN19.MIX.if3,th,theme,45.86435918223038,1,six_reference_complete
AN19.MIX.if3,uh,full,34.1948870522097,1,six_reference_complete
AN19.MIX.if3,uh,pull,27.49375968461112,1,six_reference_complete
AN19.MIX.if3,uw,fool,21.450451404813915,1,six_reference_complete
AN19.MIX.if3,uw,lose,19.262118058561207,1,six_reference_complete
AN19.MIX.if3,uw,roof,49.746245880171074,1,six_reference_complete
AN19.MIX.if3,v,curve,14.193159372960906,1,six_reference_complete
AN19.MIX.if3,v,love,81.71366779884364,1,six_reference_complete
AN19.MIX.if3,v,move,20.920018657224826,1,six_reference_complete
AN19.MIX.if3,v,serve,30.154962793282653,1,six_reference_complete
AN19.MIX.if3,w,weed,57.82638932221662,1,six_reference_complete
AN19.MIX.if3,w,wick,30.68216831369489,1,six_reference_complete
AN19.MIX.if3,y,young,24.528470445444174,1,six_reference_complete
AN19.MIX.if4,aa,caught,77.07173107931335,1,six_reference_complete
AN19.MIX.if4,aa,cod,77.80479842163635,1,six_reference_complete
AN19.MIX.if4,aa,con,73.4464398966252,1,six_reference_complete
AN19.MIX.if4,aa,shop,34.32621323484191,1,six_reference_complete
AN19.MIX.if4,aa,was,25.585295133253727,1,six_reference_complete
AN19.MIX.if4,aa,wash,22.745165937372665,1,six_reference_complete
AN19.MIX.if4,aa,watch,35.59830676256624,1,six_reference_complete
AN19.MIX.if4,ae,lad,15.613806036209246,1,six_reference_complete
AN19.MIX.if4,ae,mat,37.034164972071636,1,six_reference_complete
AN19.MIX.if4,ae,shall,63.44262998944296,1,six_reference_complete
AN19.MIX.if4,ah,bun,31.920594948009647,1,six_reference_complete
AN19.MIX.if4,ah,suck,46.20563304200649,1,six_reference_complete
AN19.MIX.if4,ao,chore,68.28634476842683,1,six_reference_complete
AN19.MIX.if4,ao,long,29.51335162756688,1,six_reference_complete
AN19.MIX.if4,ay,lice,22.68139087937512,1,six_reference_complete
AN19.MIX.if4,ay,live,29.376692973405355,1,six_reference_complete
AN19.MIX.if4,ay,rhyme,31.020491161124067,1,six_reference_complete
AN19.MIX.if4,ay,size,19.185674868435235,1,six_reference_complete
AN19.MIX.if4,ay,vice,21.747536952368822,1,six_reference_complete
AN19.MIX.if4,ay,wife,44.08671144760428,1,six_reference_complete
AN19.MIX.if4,b,balm,50.475976489445294,1,six_reference_complete
AN19.MIX.if4,b,bean,27.43934588876067,1,six_reference_complete
AN19.MIX.if4,b,both,34.32674090111065,1,six_reference_complete
AN19.MIX.if4,b,bug,49.00054109482168,1,six_reference_complete
AN19.MIX.if4,ch,chain,45.16385407906369,1,six_reference_complete
AN19.MIX.if4,ch,cheer,16.6424860042456,1,six_reference_complete
AN19.MIX.if4,ch,chief,31.392678179984063,1,six_reference_complete
AN19.MIX.if4,d,bead,23.709775188906633,1,six_reference_complete
AN19.MIX.if4,d,den,39.16459562929318,1,six_reference_complete
AN19.MIX.if4,d,doom,34.02371588913835,1,six_reference_complete
AN19.MIX.if4,d,dune,26.455395715105208,1,six_reference_complete
AN19.MIX.if4,d,hid,41.2945280116632,1,six_reference_complete
AN19.MIX.if4,eh,den,16.583975484666848,1,six_reference_complete
AN19.MIX.if4,eh,leg,70.95931646297058,1,six_reference_complete
AN19.MIX.if4,eh,neck,64.1599228729463,1,six_reference_complete
AN19.MIX.if4,eh,wed,74.28341156896941,1,six_reference_complete
AN19.MIX.if4,er,learn,24.60228494271368,1,six_reference_complete
AN19.MIX.if4,ey,fade,69.12958740254311,1,six_reference_complete
AN19.MIX.if4,ey,lace,20.055341034511716,1,six_reference_complete
AN19.MIX.if4,ey,mace,41.84648986767804,1,six_reference_complete
AN19.MIX.if4,ey,sane,17.38428458969914,1,six_reference_complete
AN19.MIX.if4,ey,shape,20.39612811090179,1,six_reference_complete
AN19.MIX.if4,ey,wail,28.074237237302157,1,six_reference_complete
AN19.MIX.if4,f,fig,40.35934628491314,1,six_reference_complete
AN19.MIX.if4,f,firm,21.412687153447465,1,six_reference_complete
AN19.MIX.if4,f,five,46.63965897831355,1,six_reference_complete
AN19.MIX.if4,f,food,31.82921811440464,1,six_reference_complete
AN19.MIX.if4,g,dog,46.22982063905716,1,six_reference_complete
AN19.MIX.if4,g,gave,47.41329975567825,1,six_reference_complete
AN19.MIX.if4,g,girl,21.28910576687549,1,six_reference_complete
AN19.MIX.if4,g,give,20.256621298953096,1,six_reference_complete
AN19.MIX.if4,g,goat,45.514886648263825,1,six_reference_complete
AN19.MIX.if4,g,god,31.549720873479956,1,six_reference_complete
AN19.MIX.if4,g,gut,32.86836925493029,1,six_reference_complete
AN19.MIX.if4,g,hag,55.41182830418578,1,six_reference_complete
AN19.MIX.if4,g,league,15.872959363688045,1,six_reference_complete
AN19.MIX.if4,hh,hag,16.767723408885207,1,six_reference_complete
AN19.MIX.if4,hh,hid,42.7605700439134,1,six_reference_complete
AN19.MIX.if4,hh,hoot,34.720623512112006,1,six_reference_complete
AN19.MIX.if4,ih,kin,29.69395812499809,1,six_reference_complete
AN19.MIX.if4,ih,kit,29.722713351812715,1,six_reference_complete
AN19.MIX.if4,ih,sill,16.671973208977843,1,six_reference_complete
AN19.MIX.if4,ih,thick,60.63766476672739,1,six_reference_complete
AN19.MIX.if4,iy,chief,16.387708414777435,1,six_reference_complete
AN19.MIX.if4,iy,league,10.88033149506721,1,six_reference_complete
AN19.MIX.if4,iy,teat,48.13202377278109,1,six_reference_complete
AN19.MIX.if4,iy,theme,19.647853673345367,1,six_reference_complete
AN19.MIX.if4,jh,job,77.27311951990684,1,six_reference_complete
AN19.MIX.if4,jh,join,32.88995391716459,1,six_reference_complete
AN19.MIX.if4,jh,page,38.875406124470075,1,six_reference_complete
AN19.MIX.if4,k,beak,69.1668197859235,1,six_reference_complete
AN19.MIX.if4,k,con,15.597637758518074,1,six_reference_complete
AN19.MIX.if4,k,curve,32.05538460824739,1,six_reference_complete
AN19.MIX.if4,k,king,47.322235226180275,1,six_reference_complete
AN19.MIX.if4,k,suck,89.57085332594897,1,six_reference_complete
AN19.MIX.if4,l,hurl,26.952967317622768,1,six_reference_complete
AN19.MIX.if4,l,league,39.041440576561605,1,six_reference_complete
AN19.MIX.if4,l,lice,16.212025852289326,1,six_reference_complete
AN19.MIX.if4,m,bum,54.0733405965716,1,six_reference_complete
AN19.MIX.if4,m,doom,25.42420356087243,1,six_reference_complete
AN19.MIX.if4,m,mall,37.95136215159969,1,six_reference_complete
AN19.MIX.if4,m,mote,42.37393093686714,1,six_reference_complete
AN19.MIX.if4,m,move,38.41492647104326,1,six_reference_complete
AN19.MIX.if4,m,mum,28.518974527986376,1,six_reference_complete
AN19.MIX.if4,m,rhyme,32.126287260795834,1,six_reference_complete
AN19.MIX.if4,m,theme,32.25371920936846,1,six_reference_complete
AN19.MIX.if4,n,join,32.495207778368226,1,six_reference_complete
AN19.MIX.if4,ng,long,23.876957955830942,1,six_reference_complete
AN19.MIX.if4,ng,young,30.266589104641664,1,six_reference_complete
AN19.MIX.if4,ow,mote,32.37905793954264,1,six_reference_complete
AN19.MIX.if4,ow,soak,21.618816397388247,1,six_reference_complete
AN19.MIX.if4,oy,noise,37.547221370758976,1,six_reference_complete
AN19.MIX.if4,oy,soil,16.881849802241128,1,six_reference_complete
AN19.MIX.if4,oy,voice,36.668303386151415,1,six_reference_complete
AN19.MIX.if4,p,deep,30.362097926951122,1,six_reference_complete
AN19.MIX.if4,p,page,10.822521912317816,1,six_reference_complete
AN19.MIX.if4,p,path,42.8357914316735,1,six_reference_complete
AN19.MIX.if4,p,pawn,37.386784113090286,1,six_reference_complete
AN19.MIX.if4,p,pool,23.220608163603345,1,six_reference_complete
AN19.MIX.if4,p,pup,45.81492294726822,1,six_reference_complete
AN19.MIX.if4,p,ship,11.08090435583419,1,six_reference_complete
AN19.MIX.if4,p,shop,33.198655898906715,1,six_reference_complete
AN19.MIX.if4,r,rim,64.59662581998188,1,six_reference_complete
AN19.MIX.if4,r,rough,33.05087602970209,1,six_reference_complete
AN19.MIX.if4,s,gas,27.79054643135596,1,six_reference_complete
AN19.MIX.if4,s,lice,24.789710541557195,1,six_reference_complete
AN19.MIX.if4,s,mace,45.742991195331946,1,six_reference_complete
AN19.MIX.if4,s,peace,26.162983999325913,1,six_reference_complete
AN19.MIX.if4,s,soak,10.923421712880227,1,six_reference_complete
AN19.MIX.if4,s,soil,16.666752132770988,1,six_reference_complete
AN19.MIX.if4,sh,shall,12.23823148053251,1,six_reference_complete
AN19.MIX.if4,sh,ship,5.904935416437408,1,six_reference_complete
AN19.MIX.if4,sh,shop,14.877129193935053,1,six_reference_complete
AN19.MIX.if4,t,goat,35.748160428923505,1,six_reference_complete
AN19.MIX.if4,t,gut,58.63635414602254,1,six_reference_complete
AN19.MIX.if4,t,hoot,31.943175060361654,1,six_reference_complete
AN19.MIX.if4,t,route,54.17021816462786,1,six_reference_complete
AN19.MIX.if4,t,thought,37.18233260827156,1,six_reference_complete
AN19.MIX.if4,t,toot,14.357232801427047,1,six_reference_complete
AN19.MIX.if4,t,white,47.2978809515155,1,six_reference_complete
AN19.MIX.if4,th,both,39.70175261026463,1,six_reference_complete
AN19.MIX.if4,th,death,39.57813852382469,1,six_reference_complete
AN19.MIX.if4,th,faith,37.47597714885778,1,six_reference_complete
AN19.MIX.if4,th,mouth,44.4665705516611,1,six_reference_complete
AN19.MIX.if4,th,path,24.875952608998684,1,six_reference_complete
AN19.MIX.if4,th,theme,25.80998667623993,1,six_reference_complete
AN19.MIX.if4,th,thick,73.77576287969985,1,six_reference_complete
AN19.MIX.if4,uh,full,24.704105064790884,1,six_reference_complete
AN19.MIX.if4,uh,pull,28.325420683944188,1,six_reference_complete
AN19.MIX.if4,uw,fool,20.721870543302728,1,six_reference_complete
AN19.MIX.if4,uw,lose,9.480344680342897,1,six_reference_complete
AN19.MIX.if4,uw,roof,27.620524303578666,1,six_reference_complete
AN19.MIX.if4,v,curve,14.434883941530122,1,six_reference_complete
AN19.MIX.if4,v,love,32.11952519758356,1,six_reference_complete
AN19.MIX.if4,v,move,36.02502406928593,1,six_reference_complete
AN19.MIX.if4,w,weed,56.32690452177575,1,six_reference_complete
AN19.MIX.if4,w,wick,34.538826431938546,1,six_reference_complete
AN19.MIX.if5,aa,caught,41.903265709787526,1,six_reference_complete
AN19.MIX.if5,aa,con,29.457283323909937,1,six_reference_complete
AN19.MIX.if5,aa,shop,16.26496636486564,1,six_reference_complete
AN19.MIX.if5,aa,was,123.43091138425932,1,six_reference_complete
AN19.MIX.if5,aa,wash,29.994984061340784,1,six_reference_complete
AN19.MIX.if5,ae,ban,76.0799915208512,1,six_reference_complete
AN19.MIX.if5,ae,lad,14.492402803501166,1,six_reference_complete
AN19.MIX.if5,ae,mat,22.52006520956046,1,six_reference_complete
AN19.MIX.if5,ae,rat,20.939430809528485,1,six_reference_complete
AN19.MIX.if5,ae,shall,23.736517391933315,1,six_reference_complete
AN19.MIX.if5,ah,bun,79.87888728513788,1,six_reference_complete
AN19.MIX.if5,ah,rut,52.8550456796485,1,six_reference_complete
AN19.MIX.if5,ah,suck,55.824596816051574,1,six_reference_complete
AN19.MIX.if5,ao,chore,60.48892793254544,1,six_reference_complete
AN19.MIX.if5,ao,long,34.6326142814499,1,six_reference_complete
AN19.MIX.if5,ay,lice,26.863962262327178,1,six_reference_complete
AN19.MIX.if5,ay,live,50.01053790420068,1,six_reference_complete
AN19.MIX.if5,ay,rhyme,35.98479630173761,1,six_reference_complete
AN19.MIX.if5,ay,size,20.953349680976107,1,six_reference_complete
AN19.MIX.if5,ay,vice,41.54208630614743,1,six_reference_complete
AN19.MIX.if5,ay,wife,20.93461110843039,1,six_reference_complete
AN19.MIX.if5,b,balm,28.38306751657903,1,six_reference_complete
AN19.MIX.if5,b,bean,48.945659272909786,1,six_reference_complete
AN19.MIX.if5,b,both,29.104440955523376,1,six_reference_complete
AN19.MIX.if5,b,bug,51.1260378642911,1,six_reference_complete
AN19.MIX.if5,b,job,62.443252270338526,1,six_reference_complete
AN19.MIX.if5,ch,chain,50.68240414485922,1,six_reference_complete
AN19.MIX.if5,ch,check,47.119970334429354,1,six_reference_complete
AN19.MIX.if5,ch,cheer,67.16273718949144,1,six_reference_complete
AN19.MIX.if5,ch,chief,31.17818755563611,1,six_reference_complete
AN19.MIX.if5,d,bead,37.148191943585765,1,six_reference_complete
AN19.MIX.if5,d,den,74.92924227362194,1,six_reference_complete
AN19.MIX.if5,d,doom,68.89229961780005,1,six_reference_complete
AN19.MIX.if5,d,dune,56.65135467818474,1,six_reference_complete
AN19.MIX.if5,d,hid,55.62453646863005,1,six_reference_complete
AN19.MIX.if5,d,pad,43.92657793754021,1,six_reference_complete
AN19.MIX.if5,eh,den,97.31889085581683,1,six_reference_complete
AN19.MIX.if5,eh,leg,47.440381673191176,1,six_reference_complete
AN19.MIX.if5,eh,neck,63.10408136998933,1,six_reference_complete
AN19.MIX.if5,eh,wed,18.28946218433491,1,six_reference_complete
AN19.MIX.if5,er,learn,73.13851061532283,1,six_reference_complete
AN19.MIX.if5,ey,fade,22.897414268227838,1,six_reference_complete
AN19.MIX.if5,ey,lace,25.760729431336554,1,six_reference_complete
AN19.MIX.if5,ey,mace,22.782693434139816,1,six_reference_complete
AN19.MIX.if5,ey,sane,22.66287889207671,1,six_reference_complete
AN19.MIX.if5,ey,shape,20.60739415185439,1,six_reference_complete
AN19.MIX.if5,ey,wail,81.4341547581641,1,six_reference_complete
AN19.MIX.if5,f,fig,68.26727539821071,1,six_reference_complete
AN19.MIX.if5,f,firm,65.29523170996208,1,six_reference_complete
AN19.MIX.if5,f,five,69.44272146836171,1,six_reference_complete
AN19.MIX.if5,g,fig,46.78695954966485,1,six_reference_complete
AN19.MIX.if5,g,gave,38.83598393041928,1,six_reference_complete
AN19.MIX.if5,g,girl,34.55424988302871,1,six_reference_complete
AN19.MIX.if5,g,give,67.3167872074272,1,six_reference_complete
AN19.MIX.if5,g,goat,74.25386493078028,1,six_reference_complete
AN19.MIX.if5,g,god,64.99724866372786,1,six_reference_complete
AN19.MIX.if5,g,hag,59.47767310061522,1,six_reference_complete
AN19.MIX.if5,g,league,14.998163134249303,1,six_reference_complete
AN19.MIX.if5,hh,hack,9.946846164537051,1,six_reference_complete
AN19.MIX.if5,hh,hag,13.99168241967403,1,six_reference_complete
AN19.MIX.if5,hh,hid,71.61429545501024,1,six_reference_complete
AN19.MIX.if5,hh,hoot,64.4403076047182,1,six_reference_complete
AN19.MIX.if5,ih,kin,85.4084063472309,1,six_reference_complete
AN19.MIX.if5,ih,kit,26.913025053636876,1,six_reference_complete
AN19.MIX.if5,ih,sill,19.840355110331362,1,six_reference_complete
AN19.MIX.if5,ih,thick,57.86539166967622,1,six_reference_complete
AN19.MIX.if5,ih,thing,51.84999911664855,1,six_reference_complete
AN19.MIX.if5,iy,bead,38.25788941173472,1,six_reference_complete
AN19.MIX.if5,iy,bean,28.5140511094164,1,six_reference_complete
AN19.MIX.if5,iy,chief,40.30591869051296,1,six_reference_complete
AN19.MIX.if5,iy,deep,20.272591646398297,1,six_reference_complete
AN19.MIX.if5,iy,league,15.380044671123173,1,six_reference_complete
AN19.MIX.if5,iy,teat,40.12807203144709,1,six_reference_complete
AN19.MIX.if5,iy,teeth,51.309746519437425,1,six_reference_complete
AN19.MIX.if5,iy,weed,37.5823828214021,1,six_reference_complete
AN19.MIX.if5,jh,jack,58.330758830168186,1,six_reference_complete
AN19.MIX.if5,jh,page,44.17688469500786,1,six_reference_complete
AN19.MIX.if5,k,beak,35.29338297602654,1,six_reference_complete
AN19.MIX.if5,k,con,32.29695355441442,1,six_reference_complete
AN19.MIX.if5,k,curve,29.205616130828826,1,six_reference_complete
AN19.MIX.if5,k,hack,50.320697688088266,1,six_reference_complete
AN19.MIX.if5,k,jack,18.21988342490307,1,six_reference_complete
AN19.MIX.if5,k,king,79.79576057358682,1,six_reference_complete
AN19.MIX.if5,k,suck,90.07512444407989,1,six_reference_complete
AN19.MIX.if5,k,thick,79.08207547822597,1,six_reference_complete
AN19.MIX.if5,l,hurl,53.12778802423026,1,six_reference_complete
AN19.MIX.if5,l,league,34.99353495380504,1,six_reference_complete
AN19.MIX.if5,m,bum,58.571019123200266,1,six_reference_complete
AN19.MIX.if5,m,doom,42.29316311268602,1,six_reference_complete
AN19.MIX.if5,m,lame,27.89979973376572,1,six_reference_complete
AN19.MIX.if5,m,mall,29.62352923406883,1,six_reference_complete
AN19.MIX.if5,m,mote,48.94406563086002,1,six_reference_complete
AN19.MIX.if5,m,move,44.53839732124239,1,six_reference_complete
AN19.MIX.if5,m,mum,43.27682675231194,1,six_reference_complete
AN19.MIX.if5,m,rhyme,29.967870479859574,1,six_reference_complete
AN19.MIX.if5,m,theme,24.363178860930976,1,six_reference_complete
AN19.MIX.if5,n,fin,77.86637939020532,1,six_reference_complete
AN19.MIX.if5,n,join,70.00911966727936,1,six_reference_complete
AN19.MIX.if5,ng,long,31.17515101660038,1,six_reference_complete
AN19.MIX.if5,ng,young,51.83526251203791,1,six_reference_complete
AN19.MIX.if5,ow,mote,35.81087894013541,1,six_reference_complete
AN19.MIX.if5,ow,soak,75.26818082726359,1,six_reference_complete
AN19.MIX.if5,oy,noise,45.56205431756934,1,six_reference_complete
AN19.MIX.if5,oy,soil,37.52286438096694,1,six_reference_complete
AN19.MIX.if5,oy,voice,38.909583792744705,1,six_reference_complete
AN19.MIX.if5,p,deep,22.454091023128125,1,six_reference_complete
AN19.MIX.if5,p,page,59.293159747347794,1,six_reference_complete
AN19.MIX.if5,p,path,49.36543416391542,1,six_reference_complete
AN19.MIX.if5,p,pawn,18.919753674754606,1,six_reference_complete
AN19.MIX.if5,p,pool,26.088230229230238,1,six_reference_complete
AN19.MIX.if5,p,ship,18.82260235724692,1,six_reference_complete
AN19.MIX.if5,p,shop,44.29477298764821,1,six_reference_complete
AN19.MIX.if5,r,cheer,34.516813425748275,1,six_reference_complete
AN19.MIX.if5,r,rim,63.82209154094895,1,six_reference_complete
AN19.MIX.if5,r,rough,21.02719224746063,1,six_reference_complete
AN19.MIX.if5,s,gas,25.120001456120665,1,six_reference_complete
AN19.MIX.if5,s,lice,33.78530095273185,1,six_reference_complete
AN19.MIX.if5,s,mace,51.6256173281314,1,six_reference_complete
AN19.MIX.if5,s,peace,23.55999477411808,1,six_reference_complete
AN19.MIX.if5,s,sane,16.068047273689633,1,six_reference_complete
AN19.MIX.if5,s,soak,12.849351574133813,1,six_reference_complete
AN19.MIX.if5,s,soil,17.659405096811007,1,six_reference_complete
AN19.MIX.if5,sh,hash,28.388691849496286,1,six_reference_complete
AN19.MIX.if5,sh,shall,16.85675759841694,1,six_reference_complete
AN19.MIX.if5,sh,ship,9.315949117605818,1,six_reference_complete
AN19.MIX.if5,sh,shop,18.08946302529709,1,six_reference_complete
AN19.MIX.if5,t,gut,63.338974966536654,1,six_reference_complete
AN19.MIX.if5,t,hoot,57.7846285444296,1,six_reference_complete
AN19.MIX.if5,t,thought,79.3218392921684,1,six_reference_complete
AN19.MIX.if5,t,toot,49.98875341875976,1,six_reference_complete
AN19.MIX.if5,t,white,109.61866014758546,1,six_reference_complete
AN19.MIX.if5,th,both,36.207393612212705,1,six_reference_complete
AN19.MIX.if5,th,death,50.65772506248204,1,six_reference_complete
AN19.MIX.if5,th,faith,37.59829246209627,1,six_reference_complete
AN19.MIX.if5,th,mouth,59.125283992765596,1,six_reference_complete
AN19.MIX.if5,th,path,28.43752494959081,1,six_reference_complete
AN19.MIX.if5,th,theme,47.97775289514342,1,six_reference_complete
AN19.MIX.if5,th,thick,50.67418756629195,1,six_reference_complete
AN19.MIX.if5,uh,full,44.51286938251601,1,six_reference_complete
AN19.MIX.if5,uh,pull,39.888513206606596,1,six_reference_complete
AN19.MIX.if5,uw,fool,29.40780730745629,1,six_reference_complete
AN19.MIX.if5,uw,lose,14.897125606310992,1,six_reference_complete
AN19.MIX.if5,uw,roof,26.675223646677555,1,six_reference_complete
AN19.MIX.if5,v,curve,14.843125564028616,1,six_reference_complete
AN19.MIX.if5,v,move,69.7410571046244,1,six_reference_complete
AN19.MIX.if5,v,serve,30.835690340867227,1,six_reference_complete
AN19.MIX.if5,w,weed,60.37392346503933,1,six_reference_complete
AN19.MIX.if5,w,wick,54.871225053396984,1,six_reference_complete
AN19.MIX.if5,y,young,28.84974475624364,1,six_reference_complete
AN19.MIX.if6,aa,caught,72.25952070513458,1,six_reference_complete
AN19.MIX.if6,aa,cod,49.66047056654424,1,six_reference_complete
AN19.MIX.if6,aa,con,87.47398663800804,1,six_reference_complete
AN19.MIX.if6,aa,shop,18.346838149861252,1,six_reference_complete
AN19.MIX.if6,aa,wash,23.427140613893837,1,six_reference_complete
AN19.MIX.if6,ae,ban,6.79421465148027,1,six_reference_complete
AN19.MIX.if6,ae,shall,15.072274131426068,1,six_reference_complete
AN19.MIX.if6,ah,suck,76.58759313431456,1,six_reference_complete
AN19.MIX.if6,ao,chore,65.54857517882402,1,six_reference_complete
AN19.MIX.if6,ao,long,31.724723770541345,1,six_reference_complete
AN19.MIX.if6,ay,lice,63.727986595884154,1,six_reference_complete
AN19.MIX.if6,ay,live,45.42212145195885,1,six_reference_complete
AN19.MIX.if6,ay,rhyme,32.417115006338385,1,six_reference_complete
AN19.MIX.if6,ay,size,19.189418832535758,1,six_reference_complete
AN19.MIX.if6,ay,vice,31.04138486306825,1,six_reference_complete
AN19.MIX.if6,ay,wife,56.408191024590344,1,six_reference_complete
AN19.MIX.if6,b,balm,41.29576218661952,1,six_reference_complete
AN19.MIX.if6,b,bean,27.354738617909998,1,six_reference_complete
AN19.MIX.if6,b,both,16.57076541696092,1,six_reference_complete
AN19.MIX.if6,b,bug,29.99422875722152,1,six_reference_complete
AN19.MIX.if6,b,job,38.186969770347254,1,six_reference_complete
AN19.MIX.if6,ch,check,98.28779010116536,1,six_reference_complete
AN19.MIX.if6,ch,cheer,27.42746211687326,1,six_reference_complete
AN19.MIX.if6,d,bead,33.57377873421112,1,six_reference_complete
AN19.MIX.if6,d,den,21.912562613830904,1,six_reference_complete
AN19.MIX.if6,d,dune,28.13588115245945,1,six_reference_complete
AN19.MIX.if6,d,hid,40.03978319906014,1,six_reference_complete
AN19.MIX.if6,d,pad,26.930439984437736,1,six_reference_complete
AN19.MIX.if6,eh,leg,58.10541005641914,1,six_reference_complete
AN19.MIX.if6,eh,neck,64.25169194527683,1,six_reference_complete
AN19.MIX.if6,eh,wed,85.22593483694716,1,six_reference_complete
AN19.MIX.if6,ey,fade,22.278163654544937,1,six_reference_complete
AN19.MIX.if6,ey,lace,30.384516594630245,1,six_reference_complete
AN19.MIX.if6,ey,mace,24.86593778398438,1,six_reference_complete
AN19.MIX.if6,ey,sane,18.76035892890725,1,six_reference_complete
AN19.MIX.if6,ey,shape,24.63919882836801,1,six_reference_complete
AN19.MIX.if6,ey,wail,29.158157050792997,1,six_reference_complete
AN19.MIX.if6,f,fig,34.627145993962394,1,six_reference_complete
AN19.MIX.if6,f,five,60.2707973014042,1,six_reference_complete
AN19.MIX.if6,f,food,26.443349231334654,1,six_reference_complete
AN19.MIX.if6,g,dog,38.288531857473956,1,six_reference_complete
AN19.MIX.if6,g,fig,34.28707439376144,1,six_reference_complete
AN19.MIX.if6,g,gave,74.53311564951765,1,six_reference_complete
AN19.MIX.if6,g,girl,30.511002449820875,1,six_reference_complete
AN19.MIX.if6,g,give,22.29933419800543,1,six_reference_complete
AN19.MIX.if6,g,goat,32.70703079155966,1,six_reference_complete
AN19.MIX.if6,g,hag,51.457571867331886,1,six_reference_complete
AN19.MIX.if6,g,league,16.0960569322555,1,six_reference_complete
AN19.MIX.if6,hh,hack,7.549785613470013,1,six_reference_complete
AN19.MIX.if6,hh,hag,11.714336202469177,1,six_reference_complete
AN19.MIX.if6,hh,hid,27.418539058992184,1,six_reference_complete
AN19.MIX.if6,hh,hoot,34.144060460831525,1,six_reference_complete
AN19.MIX.if6,ih,kin,36.32639845533853,1,six_reference_complete
AN19.MIX.if6,ih,mid,27.966503296476674,1,six_reference_complete
AN19.MIX.if6,ih,sill,27.66544653774829,1,six_reference_complete
AN19.MIX.if6,ih,thick,56.729651922960095,1,six_reference_complete
AN19.MIX.if6,ih,thing,30.844936867234285,1,six_reference_complete
AN19.MIX.if6,iy,bead,33.043841640823274,1,six_reference_complete
AN19.MIX.if6,iy,bean,8.24370654051492,1,six_reference_complete
AN19.MIX.if6,iy,chief,35.202386544946876,1,six_reference_complete
AN19.MIX.if6,iy,deep,19.19428785412215,1,six_reference_complete
AN19.MIX.if6,iy,league,52.24525319745137,1,six_reference_complete
AN19.MIX.if6,iy,teat,22.369301745565952,1,six_reference_complete
AN19.MIX.if6,iy,teeth,41.830003357924305,1,six_reference_complete
AN19.MIX.if6,iy,theme,37.36994504534905,1,six_reference_complete
AN19.MIX.if6,iy,weed,28.73685430732289,1,six_reference_complete
AN19.MIX.if6,jh,jack,33.71577036988453,1,six_reference_complete
AN19.MIX.if6,jh,job,45.34492433740747,1,six_reference_complete
AN19.MIX.if6,jh,page,36.6336618630372,1,six_reference_complete
AN19.MIX.if6,k,beak,31.514371968923257,1,six_reference_complete
AN19.MIX.if6,k,con,14.582470490671648,1,six_reference_complete
AN19.MIX.if6,k,curve,18.088366491229536,1,six_reference_complete
AN19.MIX.if6,k,hack,20.133037557833664,1,six_reference_complete
AN19.MIX.if6,k,king,26.92104916350485,1,six_reference_complete
AN19.MIX.if6,k,thick,73.18326379125887,1,six_reference_complete
AN19.MIX.if6,l,hurl,32.85493920491424,1,six_reference_complete
AN19.MIX.if6,l,league,25.750496953379045,1,six_reference_complete
AN19.MIX.if6,l,lice,11.832671549988383,1,six_reference_complete
AN19.MIX.if6,m,bum,44.81891438204587,1,six_reference_complete
AN19.MIX.if6,m,doom,31.45284269352563,1,six_reference_complete
AN19.MIX.if6,m,lame,24.2745644596334,1,six_reference_complete
AN19.MIX.if6,m,mall,37.99384870012988,1,six_reference_complete
AN19.MIX.if6,m,mote,42.280194679998296,1,six_reference_complete
AN19.MIX.if6,m,move,31.661498791031914,1,six_reference_complete
AN19.MIX.if6,m,mum,27.471419196401314,1,six_reference_complete
AN19.MIX.if6,m,rhyme,31.61721236271814,1,six_reference_complete
AN19.MIX.if6,m,theme,29.600615045247277,1,six_reference_complete
AN19.MIX.if6,n,fin,28.16361810330154,1,six_reference_complete
AN19.MIX.if6,ng,long,13.634148092818279,1,six_reference_complete
AN19.MIX.if6,ng,young,44.27649388313756,1,six_reference_complete
AN19.MIX.if6,ow,soak,24.08856084887066,1,six_reference_complete
AN19.MIX.if6,oy,noise,46.307686614246336,1,six_reference_complete
AN19.MIX.if6,oy,soil,28.25535738980339,1,six_reference_complete
AN19.MIX.if6,oy,voice,52.64082110539457,1,six_reference_complete
AN19.MIX.if6,p,deep,26.576427690920397,1,six_reference_complete
AN19.MIX.if6,p,page,13.13944060769689,1,six_reference_complete
AN19.MIX.if6,p,path,43.79486569453419,1,six_reference_complete
AN19.MIX.if6,p,pawn,21.811799181827254,1,six_reference_complete
AN19.MIX.if6,p,pool,19.732196640098074,1,six_reference_complete
AN19.MIX.if6,p,pup,48.35082648939561,1,six_reference_complete
AN19.MIX.if6,p,ship,10.676633638532602,1,six_reference_complete
AN19.MIX.if6,p,shop,39.890695829576515,1,six_reference_complete
AN19.MIX.if6,r,cheer,25.60594343021292,1,six_reference_complete
AN19.MIX.if6,r,rim,64.66299704466171,1,six_reference_complete
AN19.MIX.if6,r,rough,20.80131016470786,1,six_reference_complete
AN19.MIX.if6,s,gas,40.33273714214242,1,six_reference_complete
AN19.MIX.if6,s,lice,46.41198516095667,1,six_reference_complete
AN19.MIX.if6,s,mace,46.29384053216801,1,six_reference_complete
AN19.MIX.if6,s,peace,20.259575673218034,1,six_reference_complete
AN19.MIX.if6,s,sane,15.012230230904493,1,six_reference_complete
AN19.MIX.if6,s,soak,15.31017867923927,1,six_reference_complete
AN19.MIX.if6,s,soil,51.93970944970599,1,six_reference_complete
AN19.MIX.if6,sh,shall,11.393978925044406,1,six_reference_complete
AN19.MIX.if6,sh,ship,9.136497444571528,1,six_reference_complete
AN19.MIX.if6,sh,shop,13.116067488503928,1,six_reference_complete
AN19.MIX.if6,t,goat,34.43690639310389,1,six_reference_complete
AN19.MIX.if6,t,gut,54.046668540533,1,six_reference_complete
AN19.MIX.if6,t,hoot,23.560600022697226,1,six_reference_complete
AN19.MIX.if6,t,route,35.24176734492273,1,six_reference_complete
AN19.MIX.if6,t,thought,37.90463188197055,1,six_reference_complete
AN19.MIX.if6,t,toot,51.61626432082895,1,six_reference_complete
AN19.MIX.if6,t,white,44.28896032686382,1,six_reference_complete
AN19.MIX.if6,th,both,49.03221119690659,1,six_reference_complete
AN19.MIX.if6,th,death,51.581563902258324,1,six_reference_complete
AN19.MIX.if6,th,faith,35.93501842601103,1,six_reference_complete
AN19.MIX.if6,th,mouth,36.65529214341428,1,six_reference_complete
AN19.MIX.if6,th,thick,31.1555281372374,1,six_reference_complete
AN19.MIX.if6,uh,full,39.653656143347156,1,six_reference_complete
AN19.MIX.if6,uh,pull,23.75539111539287,1,six_reference_complete
AN19.MIX.if6,uw,fool,19.177123803786962,1,six_reference_complete
AN19.MIX.if6,uw,lose,12.013377238959286,1,six_reference_complete
AN19.MIX.if6,uw,roof,40.70208817212458,1,six_reference_complete
AN19.MIX.if6,v,curve,19.380034352029746,1,six_reference_complete
AN19.MIX.if6,v,love,32.570069161686476,1,six_reference_complete
AN19.MIX.if6,v,move,30.376748387925854,1,six_reference_complete
AN19.MIX.if6,v,serve,50.78459699307748,1,six_reference_complete
AN19.MIX.if6,w,weed,54.166976945166105,1,six_reference_complete
AN19.MIX.if6,w,wick,60.05026035147255,1,six_reference_complete
AN19.MIX.im1,aa,caught,64.69884101749965,1,six_reference_complete
AN19.MIX.im1,aa,cod,110.2656526102026,1,six_reference_complete
AN19.MIX.im1,aa,shop,20.239955665115474,1,six_reference_complete
AN19.MIX.im1,aa,was,38.82089583164553,1,six_reference_complete
AN19.MIX.im1,aa,wash,41.275899735402675,1,six_reference_complete
AN19.MIX.im1,ae,ban,28.693590498118244,1,six_reference_complete
AN19.MIX.im1,ae,lad,19.063146069420235,1,six_reference_complete
AN19.MIX.im1,ae,mat,37.65434907649255,1,six_reference_complete
AN19.MIX.im1,ae,rat,18.790726770008405,1,six_reference_complete
AN19.MIX.im1,ae,shall,19.322353248741116,1,six_reference_complete
AN19.MIX.im1,ah,bun,40.14873490574502,1,six_reference_complete
AN19.MIX.im1,ah,rut,59.41921824310995,1,six_reference_complete
AN19.MIX.im1,ah,suck,96.34360322276666,1,six_reference_complete
AN19.MIX.im1,ao,chore,49.22498304858079,1,six_reference_complete
AN19.MIX.im1,ao,long,52.34019836640945,1,six_reference_complete
AN19.MIX.im1,ay,lice,14.433813311225785,1,six_reference_complete
AN19.MIX.im1,ay,live,45.65200221358031,1,six_reference_complete
AN19.MIX.im1,ay,rhyme,23.674942019416473,1,six_reference_complete
AN19.MIX.im1,ay,size,69.30517201487254,1,six_reference_complete
AN19.MIX.im1,ay,vice,31.029081077001326,1,six_reference_complete
AN19.MIX.im1,ay,wife,16.432904273041668,1,six_reference_complete
AN19.MIX.im1,b,balm,41.55895382482566,1,six_reference_complete
AN19.MIX.im1,b,bean,44.1968213363472,1,six_reference_complete
AN19.MIX.im1,b,both,20.865930034402272,1,six_reference_complete
AN19.MIX.im1,b,bug,66.39053217535263,1,six_reference_complete
AN19.MIX.im1,b,job,33.87272045028526,1,six_reference_complete
AN19.MIX.im1,ch,chain,36.70814520414702,1,six_reference_complete
AN19.MIX.im1,ch,check,20.31834149402685,1,six_reference_complete
AN19.MIX.im1,ch,cheer,18.879234239609804,1,six_reference_complete
AN19.MIX.im1,ch,chief,34.155051584926746,1,six_reference_complete
AN19.MIX.im1,d,bead,29.44720949176425,1,six_reference_complete
AN19.MIX.im1,d,den,77.66581804266724,1,six_reference_complete
AN19.MIX.im1,d,doom,53.30728370422622,1,six_reference_complete
AN19.MIX.im1,d,dune,25.372837423195282,1,six_reference_complete
AN19.MIX.im1,d,hid,32.89296251887479,1,six_reference_complete
AN19.MIX.im1,d,pad,100.39119157682876,1,six_reference_complete
AN19.MIX.im1,eh,leg,53.079187165384205,1,six_reference_complete
AN19.MIX.im1,eh,neck,57.082444318564,1,six_reference_complete
AN19.MIX.im1,eh,wed,65.93911000755237,1,six_reference_complete
AN19.MIX.im1,er,learn,22.518785180662935,1,six_reference_complete
AN19.MIX.im1,ey,fade,19.874920564086462,1,six_reference_complete
AN19.MIX.im1,ey,lace,17.590608551654952,1,six_reference_complete
AN19.MIX.im1,ey,mace,20.360954310624162,1,six_reference_complete
AN19.MIX.im1,ey,sane,18.669395266460686,1,six_reference_complete
AN19.MIX.im1,ey,shape,21.28803153189575,1,six_reference_complete
AN19.MIX.im1,ey,wail,52.41779874535988,1,six_reference_complete
AN19.MIX.im1,f,firm,27.281029358754846,1,six_reference_complete
AN19.MIX.im1,f,five,62.13838278871365,1,six_reference_complete
AN19.MIX.im1,f,food,36.93997086707791,1,six_reference_complete
AN19.MIX.im1,g,dog,83.78669346639607,1,six_reference_complete
AN19.MIX.im1,g,fig,55.32206230930785,1,six_reference_complete
AN19.MIX.im1,g,gave,86.57743871358224,1,six_reference_complete
AN19.MIX.im1,g,girl,25.349827706910002,1,six_reference_complete
AN19.MIX.im1,g,god,59.62288518956342,1,six_reference_complete
AN19.MIX.im1,g,gut,55.09893861924534,1,six_reference_complete
AN19.MIX.im1,g,hag,86.75128309203201,1,six_reference_complete
AN19.MIX.im1,g,league,24.039613628176486,1,six_reference_complete
AN19.MIX.im1,hh,hack,93.26079796349593,1,six_reference_complete
AN19.MIX.im1,hh,hag,79.46135714540189,1,six_reference_complete
AN19.MIX.im1,hh,hoot,35.89613445698919,1,six_reference_complete
AN19.MIX.im1,ih,kit,38.73401117066344,1,six_reference_complete
AN19.MIX.im1,ih,sill,14.615032472678463,1,six_reference_complete
AN19.MIX.im1,ih,thick,57.20897587251172,1,six_reference_complete
AN19.MIX.im1,ih,thing,31.89768387981218,1,six_reference_complete
AN19.MIX.im1,iy,bead,48.61803672825534,1,six_reference_complete
AN19.MIX.im1,iy,chief,39.50190703951653,1,six_reference_complete
AN19.MIX.im1,iy,deep,31.570862102799463,1,six_reference_complete
AN19.MIX.im1,iy,league,22.969325498791864,1,six_reference_complete
AN19.MIX.im1,iy,teat,68.01540655660034,1,six_reference_complete
AN19.MIX.im1,iy,teeth,56.45436533784535,1,six_reference_complete
AN19.MIX.im1,iy,theme,21.8917093712505,1,six_reference_complete
AN19.MIX.im1,iy,weed,26.399053291894887,1,six_reference_complete
AN19.MIX.im1,jh,jack,35.67443916256418,1,six_reference_complete
AN19.MIX.im1,jh,job,49.53501872990093,1,six_reference_complete
AN19.MIX.im1,jh,join,32.570179980223344,1,six_reference_complete
AN19.MIX.im1,jh,page,48.46349219019896,1,six_reference_complete
AN19.MIX.im1,k,beak,42.07754718470954,1,six_reference_complete
AN19.MIX.im1,k,con,18.635000550499253,1,six_reference_complete
AN19.MIX.im1,k,curve,24.939260954398595,1,six_reference_complete
AN19.MIX.im1,k,hack,93.63082201550822,1,six_reference_complete
AN19.MIX.im1,k,jack,27.948099759521185,1,six_reference_complete
AN19.MIX.im1,k,king,45.283256974797894,1,six_reference_complete
AN19.MIX.im1,k,suck,91.44103882779844,1,six_reference_complete
AN19.MIX.im1,k,thick,63.046128831929394,1,six_reference_complete
AN19.MIX.im1,l,league,49.6572790698069,1,six_reference_complete
AN19.MIX.im1,l,lice,59.83653071600264,1,six_reference_complete
AN19.MIX.im1,m,bum,69.61874109515992,1,six_reference_complete
AN19.MIX.im1,m,doom,40.23847424027373,1,six_reference_complete
AN19.MIX.im1,m,lame,31.47201935478461,1,six_reference_complete
AN19.MIX.im1,m,mall,39.67403909756596,1,six_reference_complete
AN19.MIX.im1,m,mote,56.42040119186836,1,six_reference_complete
AN19.MIX.im1,m,move,27.103574391206205,1,six_reference_complete
AN19.MIX.im1,m,mum,34.08244980681804,1,six_reference_complete
AN19.MIX.im1,m,rhyme,34.682817604663526,1,six_reference_complete
AN19.MIX.im1,m,theme,24.70626652673023,1,six_reference_complete
AN19.MIX.im1,n,fin,29.550828510187827,1,six_reference_complete
AN19.MIX.im1,n,join,56.85603196726209,1,six_reference_complete
AN19.MIX.im1,ng,long,58.91662187518599,1,six_reference_complete
AN19.MIX.im1,ng,young,46.71501192661895,1,six_reference_complete
AN19.MIX.im1,ow,mote,36.383251417530495,1,six_reference_complete
AN19.MIX.im1,ow,soak,22.031508156685476,1,six_reference_complete
AN19.MIX.im1,oy,noise,47.1495724824359,1,six_reference_complete
AN19.MIX.im1,oy,soil,24.012937762248797,1,six_reference_complete
AN19.MIX.im1,oy,voice,37.14314637840476,1,six_reference_complete
AN19.MIX.im1,p,deep,29.436675429326908,1,six_reference_complete
AN19.MIX.im1,p,page,24.707985929544105,1,six_reference_complete
AN19.MIX.im1,p,path,40.49621057249268,1,six_reference_complete
AN19.MIX.im1,p,pawn,74.4537354012926,1,six_reference_complete
AN19.MIX.im1,p,pool,20.791353307356907,1,six_reference_complete
AN19.MIX.im1,p,pup,47.54700444941727,1,six_reference_complete
AN19.MIX.im1,p,ship,54.13894267404652,1,six_reference_complete
AN19.MIX.im1,p,shop,31.343256222714846,1,six_reference_complete
AN19.MIX.im1,r,rim,53.587480545377765,1,six_reference_complete
AN19.MIX.im1,r,rough,36.05670925485013,1,six_reference_complete
AN19.MIX.im1,s,gas,30.946512126391067,1,six_reference_complete
AN19.MIX.im1,s,mace,45.107943242176844,1,six_reference_complete
AN19.MIX.im1,s,peace,21.880417670643556,1,six_reference_complete
AN19.MIX.im1,s,sane,17.955053841531917,1,six_reference_complete
AN19.MIX.im1,s,soak,12.866141620574119,1,six_reference_complete
AN19.MIX.im1,s,soil,16.28113526203683,1,six_reference_complete
AN19.MIX.im1,sh,hash,31.46741811892804,1,six_reference_complete
AN19.MIX.im1,sh,shall,11.440055585154028,1,six_reference_complete
AN19.MIX.im1,sh,ship,22.965711200497136,1,six_reference_complete
AN19.MIX.im1,sh,shop,12.388109636275928,1,six_reference_complete
AN19.MIX.im1,t,goat,40.754840202690225,1,six_reference_complete
AN19.MIX.im1,t,hoot,37.18545826455257,1,six_reference_complete
AN19.MIX.im1,t,route,80.04522327595274,1,six_reference_complete
AN19.MIX.im1,t,thought,53.89877069721094,1,six_reference_complete
AN19.MIX.im1,t,white,51.91248644809372,1,six_reference_complete
AN19.MIX.im1,th,both,32.79416005589051,1,six_reference_complete
AN19.MIX.im1,th,death,71.9589619130353,1,six_reference_complete
AN19.MIX.im1,th,faith,39.499431963781575,1,six_reference_complete
AN19.MIX.im1,th,mouth,48.14441294132053,1,six_reference_complete
AN19.MIX.im1,th,path,26.884840957621034,1,six_reference_complete
AN19.MIX.im1,th,theme,37.660730885003254,1,six_reference_complete
AN19.MIX.im1,uh,full,30.109778664737348,1,six_reference_complete
AN19.MIX.im1,uh,pull,29.67951428064826,1,six_reference_complete
AN19.MIX.im1,uw,fool,23.98326472775039,1,six_reference_complete
AN19.MIX.im1,uw,lose,31.69439750552634,1,six_reference_complete
AN19.MIX.im1,uw,roof,27.055023797664848,1,six_reference_complete
AN19.MIX.im1,v,curve,13.99757328902949,1,six_reference_complete
AN19.MIX.im1,v,love,40.01867638079005,1,six_reference_complete
AN19.MIX.im1,v,move,41.05824990296234,1,six_reference_complete
AN19.MIX.im1,v,serve,11.336024196028434,1,six_reference_complete
AN19.MIX.im1,w,weed,61.74586538610273,1,six_reference_complete
AN19.MIX.im1,w,wick,67.95908889841236,1,six_reference_complete
AN19.MIX.im1,y,young,29.016582664020714,1,six_reference_complete
AN19.MIX.im2,aa,caught,71.08156889902688,1,six_reference_complete
AN19.MIX.im2,aa,cod,50.24170696522967,1,six_reference_complete
AN19.MIX.im2,aa,con,28.846636987714092,1,six_reference_complete
AN19.MIX.im2,aa,shop,86.45521856525396,1,six_reference_complete
AN19.MIX.im2,aa,wash,38.3527233172371,1,six_reference_complete
AN19.MIX.im2,aa,watch,31.994778597030844,1,six_reference_complete
AN19.MIX.im2,ae,ban,21.510266781809353,1,six_reference_complete
AN19.MIX.im2,ae,lad,57.907448492261516,1,six_reference_complete
AN19.MIX.im2,ae,mat,91.44853616260991,1,six_reference_complete
AN19.MIX.im2,ae,rat,21.35724883126436,1,six_reference_complete
AN19.MIX.im2,ah,bun,36.44133517617882,1,six_reference_complete
AN19.MIX.im2,ah,rut,57.93915288428911,1,six_reference_complete
AN19.MIX.im2,ah,suck,49.36537380709755,1,six_reference_complete
AN19.MIX.im2,ao,chore,60.87309762673802,1,six_reference_complete
AN19.MIX.im2,ao,long,59.85858075295559,1,six_reference_complete
AN19.MIX.im2,ay,lice,24.794399406095224,1,six_reference_complete
AN19.MIX.im2,ay,live,26.510847941450347,1,six_reference_complete
AN19.MIX.im2,ay,rhyme,29.93253042819265,1,six_reference_complete
AN19.MIX.im2,ay,size,23.942418378188364,1,six_reference_complete
AN19.MIX.im2,ay,vice,23.691004187717,1,six_reference_complete
AN19.MIX.im2,ay,wife,17.58676233024595,1,six_reference_complete
AN19.MIX.im2,b,balm,38.1566605484086,1,six_reference_complete
AN19.MIX.im2,b,bean,42.93531548351973,1,six_reference_complete
AN19.MIX.im2,b,both,33.317503746073434,1,six_reference_complete
AN19.MIX.im2,b,bug,36.803446890848726,1,six_reference_complete
AN19.MIX.im2,ch,chain,19.169238279989628,1,six_reference_complete
AN19.MIX.im2,ch,check,23.779829379526642,1,six_reference_complete
AN19.MIX.im2,ch,cheer,15.616447454867533,1,six_reference_complete
AN19.MIX.im2,ch,chief,26.131048850390652,1,six_reference_complete
AN19.MIX.im2,d,bead,27.09708035497893,1,six_reference_complete
AN19.MIX.im2,d,den,75.47247376993008,1,six_reference_complete
AN19.MIX.im2,d,doom,41.66500834975913,1,six_reference_complete
AN19.MIX.im2,d,dune,41.0622215938479,1,six_reference_complete
AN19.MIX.im2,d,hid,37.04156459164117,1,six_reference_complete
AN19.MIX.im2,d,pad,124.48485694945354,1,six_reference_complete
AN19.MIX.im2,eh,den,92.52154813141443,1,six_reference_complete
AN19.MIX.im2,eh,leg,60.786052080759276,1,six_reference_complete
AN19.MIX.im2,eh,neck,62.60221378787296,1,six_reference_complete
AN19.MIX.im2,eh,wed,18.60086298243852,1,six_reference_complete
AN19.MIX.im2,er,learn,19.19078702621944,1,six_reference_complete
AN19.MIX.im2,ey,fade,17.74758422361036,1,six_reference_complete
AN19.MIX.im2,ey,lace,27.464731853733024,1,six_reference_complete
AN19.MIX.im2,ey,mace,36.013238948305975,1,six_reference_complete
AN19.MIX.im2,ey,sane,21.536300972516713,1,six_reference_complete
AN19.MIX.im2,ey,shape,38.579258758957685,1,six_reference_complete
AN19.MIX.im2,ey,wail,84.87479743412221,1,six_reference_complete
AN19.MIX.im2,f,fig,30.402655012751683,1,six_reference_complete
AN19.MIX.im2,f,food,28.05222300048557,1,six_reference_complete
AN19.MIX.im2,g,dog,46.49221902117296,1,six_reference_complete
AN19.MIX.im2,g,fig,44.28451940776592,1,six_reference_complete
AN19.MIX.im2,g,girl,31.79567935049357,1,six_reference_complete
AN19.MIX.im2,g,give,82.0554779050391,1,six_reference_complete
AN19.MIX.im2,g,goat,63.8363868093986,1,six_reference_complete
AN19.MIX.im2,g,god,53.51640715085215,1,six_reference_complete
AN19.MIX.im2,g,gut,56.61005068604018,1,six_reference_complete
AN19.MIX.im2,g,league,18.85162075683814,1,six_reference_complete
AN19.MIX.im2,hh,hack,10.402682177656747,1,six_reference_complete
AN19.MIX.im2,hh,hag,27.086398403350127,1,six_reference_complete
AN19.MIX.im2,hh,hid,25.919371829021372,1,six_reference_complete
AN19.MIX.im2,hh,hoot,45.33654103122627,1,six_reference_complete
AN19.MIX.im2,ih,kin,49.41836979480871,1,six_reference_complete
AN19.MIX.im2,ih,kit,31.9672718949528,1,six_reference_complete
AN19.MIX.im2,ih,sill,13.383638756801831,1,six_reference_complete
AN19.MIX.im2,ih,thick,71.39770451782815,1,six_reference_complete
AN19.MIX.im2,iy,bean,33.74864819358233,1,six_reference_complete
AN19.MIX.im2,iy,chief,21.362360425772223,1,six_reference_complete
AN19.MIX.im2,iy,deep,26.39844093740994,1,six_reference_complete
AN19.MIX.im2,iy,teat,70.04050611698513,1,six_reference_complete
AN19.MIX.im2,iy,teeth,57.84149607222866,1,six_reference_complete
AN19.MIX.im2,iy,theme,27.53928632714471,1,six_reference_complete
AN19.MIX.im2,jh,jack,51.06807256212855,1,six_reference_complete
AN19.MIX.im2,jh,job,51.81631002836829,1,six_reference_complete
AN19.MIX.im2,jh,page,80.11570156251804,1,six_reference_complete
AN19.MIX.im2,k,beak,44.71174415375655,1,six_reference_complete
AN19.MIX.im2,k,curve,27.706606873280293,1,six_reference_complete
AN19.MIX.im2,k,hack,66.95457598000749,1,six_reference_complete
AN19.MIX.im2,k,jack,25.965132378489887,1,six_reference_complete
AN19.MIX.im2,k,king,27.887363867586746,1,six_reference_complete
AN19.MIX.im2,k,suck,53.436969199179025,1,six_reference_complete
AN19.MIX.im2,l,hurl,62.21650302757209,1,six_reference_complete
AN19.MIX.im2,l,league,35.365451199227316,1,six_reference_complete
AN19.MIX.im2,l,lice,14.545007214205441,1,six_reference_complete
AN19.MIX.im2,m,bum,39.995350768355046,1,six_reference_complete
AN19.MIX.im2,m,doom,42.61692928753291,1,six_reference_complete
AN19.MIX.im2,m,mote,29.817875826674918,1,six_reference_complete
AN19.MIX.im2,m,move,40.87135759779634,1,six_reference_complete
AN19.MIX.im2,m,mum,30.348379602593827,1,six_reference_complete
AN19.MIX.im2,m,theme,42.34073438992071,1,six_reference_complete
AN19.MIX.im2,ng,long,70.70720973232746,1,six_reference_complete
AN19.MIX.im2,ng,young,35.912359362378886,1,six_reference_complete
AN19.MIX.im2,ow,mote,22.246192417742233,1,six_reference_complete
AN19.MIX.im2,ow,soak,73.4606861613294,1,six_reference_complete
AN19.MIX.im2,oy,noise,63.234329853806344,1,six_reference_complete
AN19.MIX.im2,oy,soil,19.09640329644804,1,six_reference_complete
AN19.MIX.im2,oy,voice,31.830139205851008,1,six_reference_complete
AN19.MIX.im2,p,deep,46.78016208302282,1,six_reference_complete
AN19.MIX.im2,p,page,14.228954855006855,1,six_reference_complete
AN19.MIX.im2,p,path,43.20674870170928,1,six_reference_complete
AN19.MIX.im2,p,pawn,15.45900953126347,1,six_reference_complete
AN19.MIX.im2,p,pool,22.630671079361136,1,six_reference_complete
AN19.MIX.im2,p,pup,46.62624327336798,1,six_reference_complete
AN19.MIX.im2,p,ship,22.758604066464503,1,six_reference_complete
AN19.MIX.im2,p,shop,75.65688534510818,1,six_reference_complete
AN19.MIX.im2,r,cheer,17.875442649827885,1,six_reference_complete
AN19.MIX.im2,r,rim,50.21120273974299,1,six_reference_complete
AN19.MIX.im2,r,rough,25.330719793800167,1,six_reference_complete
AN19.MIX.im2,s,mace,41.6000280580999,1,six_reference_complete
AN19.MIX.im2,s,peace,19.552422800731023,1,six_reference_complete
AN19.MIX.im2,s,sane,17.049328207646685,1,six_reference_complete
AN19.MIX.im2,s,soak,10.894110305102169,1,six_reference_complete
AN19.MIX.im2,s,soil,21.28827023395466,1,six_reference_complete
AN19.MIX.im2,sh,hash,62.140774610802936,1,six_reference_complete
AN19.MIX.im2,sh,shall,28.523485354074214,1,six_reference_complete
AN19.MIX.im2,sh,ship,18.30680549427453,1,six_reference_complete
AN19.MIX.im2,sh,shop,67.38620275174567,1,six_reference_complete
AN19.MIX.im2,t,goat,102.40980960284735,1,six_reference_complete
AN19.MIX.im2,t,gut,35.465051199960364,1,six_reference_complete
AN19.MIX.im2,t,hoot,35.3206935830415,1,six_reference_complete
AN19.MIX.im2,t,route,64.13964060404687,1,six_reference_complete
AN19.MIX.im2,t,thought,46.101669509153055,1,six_reference_complete
AN19.MIX.im2,t,toot,64.61073824605683,1,six_reference_complete
AN19.MIX.im2,t,white,63.92462668242792,1,six_reference_complete
AN19.MIX.im2,th,both,39.68612959689738,1,six_reference_complete
AN19.MIX.im2,th,death,53.101908616244295,1,six_reference_complete
AN19.MIX.im2,th,path,22.24132907934769,1,six_reference_complete
AN19.MIX.im2,th,theme,33.867600976916854,1,six_reference_complete
AN19.MIX.im2,th,thick,58.373342220593685,1,six_reference_complete
AN19.MIX.im2,uh,full,33.28100602935506,1,six_reference_complete
AN19.MIX.im2,uh,pull,37.68979477285891,1,six_reference_complete
AN19.MIX.im2,uw,fool,19.504589153611363,1,six_reference_complete
AN19.MIX.im2,uw,lose,17.200565813358132,1,six_reference_complete
AN19.MIX.im2,uw,roof,29.166359798178124,1,six_reference_complete
AN19.MIX.im2,v,curve,18.9571407356401,1,six_reference_complete
AN19.MIX.im2,v,love,39.30050268115918,1,six_reference_complete
AN19.MIX.im2,v,move,23.710336281911072,1,six_reference_complete
AN19.MIX.im2,w,weed,68.55381780624636,1,six_reference_complete
AN19.MIX.im2,w,wick,82.25091133391587,1,six_reference_complete
AN19.MIX.im2,y,young,23.922017797748826,1,six_reference_complete
AN19.MIX.im3,aa,cod,41.65301500039291,1,six_reference_complete
AN19.MIX.im3,aa,con,30.716786290562528,1,six_reference_complete
AN19.MIX.im3,aa,shop,22.25038130253259,1,six_reference_complete
AN19.MIX.im3,aa,was,22.365861222786446,1,six_reference_complete
AN19.MIX.im3,aa,wash,26.708185864214574,1,six_reference_complete
AN19.MIX.im3,aa,watch,29.768245138001664,1,six_reference_complete
AN19.MIX.im3,ae,ban,12.303776281872834,1,six_reference_complete
AN19.MIX.im3,ae,mat,36.976133030222236,1,six_reference_complete
AN19.MIX.im3,ae,rat,48.791134251951064,1,six_reference_complete
AN19.MIX.im3,ae,shall,16.318198092479207,1,six_reference_complete
AN19.MIX.im3,ah,bun,22.987169530273224,1,six_reference_complete
AN19.MIX.im3,ah,rut,33.139171349540376,1,six_reference_complete
AN19.MIX.im3,ah,suck,52.66466358679829,1,six_reference_complete
AN19.MIX.im3,ao,chore,65.40134184459966,1,six_reference_complete
AN19.MIX.im3,ao,long,39.888709460051466,1,six_reference_complete
AN19.MIX.im3,ay,lice,12.462352278751522,1,six_reference_complete
AN19.MIX.im3,ay,live,53.474882943894784,1,six_reference_complete
AN19.MIX.im3,ay,rhyme,39.227878152707625,1,six_reference_complete
AN19.MIX.im3,ay,size,21.970922980796626,1,six_reference_complete
AN19.MIX.im3,ay,vice,63.06957240397656,1,six_reference_complete
AN19.MIX.im3,ay,wife,16.5642826415469,1,six_reference_complete
AN19.MIX.im3,b,bean,47.591868335935395,1,six_reference_complete
AN19.MIX.im3,b,both,25.173123095189197,1,six_reference_complete
AN19.MIX.im3,b,bug,60.60608553299367,1,six_reference_complete
AN19.MIX.im3,b,job,46.0638374395933,1,six_reference_complete
AN19.MIX.im3,ch,chain,22.25870092731843,1,six_reference_complete
AN19.MIX.im3,ch,cheer,17.559921500998616,1,six_reference_complete
AN19.MIX.im3,ch,chief,26.880614682337068,1,six_reference_complete
AN19.MIX.im3,d,bead,24.50433726815368,1,six_reference_complete
AN19.MIX.im3,d,doom,39.55301792093215,1,six_reference_complete
AN19.MIX.im3,d,dune,60.62172625692434,1,six_reference_complete
AN19.MIX.im3,d,hid,28.70091349653842,1,six_reference_complete
AN19.MIX.im3,d,pad,49.66775083657657,1,six_reference_complete
AN19.MIX.im3,eh,den,38.72551114151269,1,six_reference_complete
AN19.MIX.im3,eh,leg,45.20225176681347,1,six_reference_complete
AN19.MIX.im3,eh,neck,52.748202153597084,1,six_reference_complete
AN19.MIX.im3,eh,wed,72.34759767717087,1,six_reference_complete
AN19.MIX.im3,er,learn,29.446332349334455,1,six_reference_complete
AN19.MIX.im3,ey,fade,23.75882093525505,1,six_reference_complete
AN19.MIX.im3,ey,lace,21.034908626172697,1,six_reference_complete
AN19.MIX.im3,ey,mace,21.62503391918808,1,six_reference_complete
AN19.MIX.im3,ey,sane,19.917954988719597,1,six_reference_complete
AN19.MIX.im3,ey,shape,14.829640681669309,1,six_reference_complete
AN19.MIX.im3,ey,wail,25.400622634116445,1,six_reference_complete
AN19.MIX.im3,f,fig,33.264934158681704,1,six_reference_complete
AN19.MIX.im3,f,firm,57.95244753132789,1,six_reference_complete
AN19.MIX.im3,f,five,53.12048760763573,1,six_reference_complete
AN19.MIX.im3,f,food,36.566747412077866,1,six_reference_complete
AN19.MIX.im3,g,dog,47.304287731272815,1,six_reference_complete
AN19.MIX.im3,g,fig,34.49148980572297,1,six_reference_complete
AN19.MIX.im3,g,gave,92.25718867671985,1,six_reference_complete
AN19.MIX.im3,g,girl,71.50862944787671,1,six_reference_complete
AN19.MIX.im3,g,give,34.26437490512986,1,six_reference_complete
AN19.MIX.im3,g,goat,74.55737880040685,1,six_reference_complete
AN19.MIX.im3,g,gut,66.94510083360255,1,six_reference_complete
AN19.MIX.im3,g,hag,67.21989105496885,1,six_reference_complete
AN19.MIX.im3,g,league,28.77555954672626,1,six_reference_complete
AN19.MIX.im3,hh,hack,7.681585857392812,1,six_reference_complete
AN19.MIX.im3,hh,hag,34.28324198978077,1,six_reference_complete
AN19.MIX.im3,hh,hid,28.584504725909397,1,six_reference_complete
AN19.MIX.im3,hh,hoot,42.16345473784019,1,six_reference_complete
AN19.MIX.im3,ih,kin,34.510554687608824,1,six_reference_complete
AN19.MIX.im3,ih,mid,27.155404095076346,1,six_reference_complete
AN19.MIX.im3,ih,thick,53.924071690994815,1,six_reference_complete
AN19.MIX.im3,iy,bead,27.000119544805926,1,six_reference_complete
AN19.MIX.im3,iy,bean,25.704257985995582,1,six_reference_complete
AN19.MIX.im3,iy,chief,28.713902078829715,1,six_reference_complete
AN19.MIX.im3,iy,deep,8.862110912609369,1,six_reference_complete
AN19.MIX.im3,iy,league,16.823447039540998,1,six_reference_complete
AN19.MIX.im3,iy,teat,26.71457187279344,1,six_reference_complete
AN19.MIX.im3,iy,teeth,35.52872904476536,1,six_reference_complete
AN19.MIX.im3,iy,theme,27.193070612616626,1,six_reference_complete
AN19.MIX.im3,iy,weed,18.934431985789345,1,six_reference_complete
AN19.MIX.im3,jh,jack,20.151058299053336,1,six_reference_complete
AN19.MIX.im3,jh,job,53.82149104020621,1,six_reference_complete
AN19.MIX.im3,jh,join,56.85241596335951,1,six_reference_complete
AN19.MIX.im3,jh,page,33.873257654485634,1,six_reference_complete
AN19.MIX.im3,k,beak,29.72602151221187,1,six_reference_complete
AN19.MIX.im3,k,con,40.48360657850102,1,six_reference_complete
AN19.MIX.im3,k,hack,101.12527425254359,1,six_reference_complete
AN19.MIX.im3,k,jack,123.99761611912787,1,six_reference_complete
AN19.MIX.im3,k,king,31.663368815651335,1,six_reference_complete
AN19.MIX.im3,k,suck,96.42782857523683,1,six_reference_complete
AN19.MIX.im3,k,thick,84.36418935587187,1,six_reference_complete
AN19.MIX.im3,l,hurl,29.34221892228021,1,six_reference_complete
AN19.MIX.im3,l,league,30.53137818907042,1,six_reference_complete
AN19.MIX.im3,l,lice,29.00990297398306,1,six_reference_complete
AN19.MIX.im3,m,doom,82.39767332859311,1,six_reference_complete
AN19.MIX.im3,m,lame,27.478780045889238,1,six_reference_complete
AN19.MIX.im3,m,mall,26.775030936035748,1,six_reference_complete
AN19.MIX.im3,m,mote,32.33100099922258,1,six_reference_complete
AN19.MIX.im3,m,move,24.93672724877028,1,six_reference_complete
AN19.MIX.im3,m,mum,30.915738944129515,1,six_reference_complete
AN19.MIX.im3,m,rhyme,67.5343913257097,1,six_reference_complete
AN19.MIX.im3,m,theme,32.61703270712058,1,six_reference_complete
AN19.MIX.im3,n,fin,32.65465371334695,1,six_reference_complete
AN19.MIX.im3,ng,long,23.03354907565988,1,six_reference_complete
AN19.MIX.im3,ng,young,39.50939579519252,1,six_reference_complete
AN19.MIX.im3,ow,mote,15.72054793831405,1,six_reference_complete
AN19.MIX.im3,ow,soak,71.88312923475662,1,six_reference_complete
AN19.MIX.im3,oy,noise,49.09471094195717,1,six_reference_complete
AN19.MIX.im3,oy,soil,21.001936408162425,1,six_reference_complete
AN19.MIX.im3,oy,voice,30.981263978782284,1,six_reference_complete
AN19.MIX.im3,p,deep,21.995253353814345,1,six_reference_complete
AN19.MIX.im3,p,page,48.51478998041924,1,six_reference_complete
AN19.MIX.im3,p,path,27.222604207394152,1,six_reference_complete
AN19.MIX.im3,p,pawn,66.94966959935685,1,six_reference_complete
AN19.MIX.im3,p,pool,27.774588896674075,1,six_reference_complete
AN19.MIX.im3,p,pup,47.64815980737705,1,six_reference_complete
AN19.MIX.im3,p,ship,38.37763621011694,1,six_reference_complete
AN19.MIX.im3,p,shop,50.37338284836495,1,six_reference_complete
AN19.MIX.im3,r,cheer,16.102990966410143,1,six_reference_complete
AN19.MIX.im3,r,rim,48.20881322107854,1,six_reference_complete
AN19.MIX.im3,r,rough,18.729725111935746,1,six_reference_complete
AN19.MIX.im3,s,gas,28.03312854404272,1,six_reference_complete
AN19.MIX.im3,s,lice,24.408619458051884,1,six_reference_complete
AN19.MIX.im3,s,mace,35.13349284779948,1,six_reference_complete
AN19.MIX.im3,s,peace,20.276617676428653,1,six_reference_complete
AN19.MIX.im3,s,sane,14.692298932280591,1,six_reference_complete
AN19.MIX.im3,s,soak,13.520895654508593,1,six_reference_complete
AN19.MIX.im3,s,soil,14.655384432979716,1,six_reference_complete
AN19.MIX.im3,sh,hash,29.57348150699735,1,six_reference_complete
AN19.MIX.im3,sh,shall,11.71130792554626,1,six_reference_complete
AN19.MIX.im3,sh,ship,6.613722876974677,1,six_reference_complete
AN19.MIX.im3,sh,shop,13.11946553764149,1,six_reference_complete
AN19.MIX.im3,t,goat,18.354386152843098,1,six_reference_complete
AN19.MIX.im3,t,gut,73.0216612381119,1,six_reference_complete
AN19.MIX.im3,t,hoot,50.992335776673166,1,six_reference_complete
AN19.MIX.im3,t,route,43.56805574478917,1,six_reference_complete
AN19.MIX.im3,t,thought,33.35666049490907,1,six_reference_complete
AN19.MIX.im3,t,toot,21.992328430518455,1,six_reference_complete
AN19.MIX.im3,t,white,49.986395320485904,1,six_reference_complete
AN19.MIX.im3,th,both,21.94874448707274,1,six_reference_complete
AN19.MIX.im3,th,death,58.97569346575858,1,six_reference_complete
AN19.MIX.im3,th,faith,47.4435935619395,1,six_reference_complete
AN19.MIX.im3,th,mouth,42.72098963977339,1,six_reference_complete
AN19.MIX.im3,th,path,24.302381592846434,1,six_reference_complete
AN19.MIX.im3,th,theme,54.50315386660301,1,six_reference_complete
AN19.MIX.im3,th,thick,47.95917597759151,1,six_reference_complete
AN19.MIX.im3,uh,full,30.090670873074544,1,six_reference_complete
AN19.MIX.im3,uh,pull,29.792646536401037,1,six_reference_complete
AN19.MIX.im3,uw,fool,18.782632435869438,1,six_reference_complete
AN19.MIX.im3,uw,lose,21.504642631962692,1,six_reference_complete
AN19.MIX.im3,uw,roof,45.42700685319963,1,six_reference_complete
AN19.MIX.im3,v,move,23.13384796324206,1,six_reference_complete
AN19.MIX.im3,v,serve,13.05453537197171,1,six_reference_complete
AN19.MIX.im3,w,weed,56.241586436041324,1,six_reference_complete
AN19.MIX.im3,w,wick,32.33958257425548,1,six_reference_complete
AN19.MIX.im4,aa,cod,45.83236884817189,1,six_reference_complete
AN19.MIX.im4,aa,con,30.155609682806514,1,six_reference_complete
AN19.MIX.im4,aa,shop,101.20170820585224,1,six_reference_complete
AN19.MIX.im4,aa,was,22.182355177322375,1,six_reference_complete
AN19.MIX.im4,aa,wash,32.48794267274145,1,six_reference_complete
AN19.MIX.im4,aa,watch,42.544640677164686,1,six_reference_complete
AN19.MIX.im4,ae,ban,9.152790002774209,1,six_reference_complete
AN19.MIX.im4,ae,lad,27.30908837777534,1,six_reference_complete
AN19.MIX.im4,ae,rat,19.7676208130148,1,six_reference_complete
AN19.MIX.im4,ae,shall,19.227962856387524,1,six_reference_complete
AN19.MIX.im4,ah,bun,24.053855193372403,1,six_reference_complete
AN19.MIX.im4,ah,rut,29.695705246985742,1,six_reference_complete
AN19.MIX.im4,ah,suck,31.585316991022353,1,six_reference_complete
AN19.MIX.im4,ao,chore,64.03478645866981,1,six_reference_complete
AN19.MIX.im4,ao,long,34.500802837818604,1,six_reference_complete
AN19.MIX.im4,ay,lice,31.049472780458746,1,six_reference_complete
AN19.MIX.im4,ay,live,46.312266159010676,1,six_reference_complete
AN19.MIX.im4,ay,rhyme,31.423363935177672,1,six_reference_complete
AN19.MIX.im4,ay,size,19.746896325856408,1,six_reference_complete
AN19.MIX.im4,ay,vice,71.0454740249078,1,six_reference_complete
AN19.MIX.im4,ay,wife,17.719379147364897,1,six_reference_complete
AN19.MIX.im4,b,balm,55.29929177535965,1,six_reference_complete
AN19.MIX.im4,b,bean,28.26285068491752,1,six_reference_complete
AN19.MIX.im4,b,both,46.052813586556645,1,six_reference_complete
AN19.MIX.im4,b,bug,41.30895337419125,1,six_reference_complete
AN19.MIX.im4,b,job,37.69106893671875,1,six_reference_complete
AN19.MIX.im4,ch,chain,24.29444052928642,1,six_reference_complete
AN19.MIX.im4,ch,check,22.100394677917524,1,six_reference_complete
AN19.MIX.im4,ch,cheer,24.622328460537748,1,six_reference_complete
AN19.MIX.im4,ch,chief,21.638563756860734,1,six_reference_complete
AN19.MIX.im4,d,bead,28.001466769369816,1,six_reference_complete
AN19.MIX.im4,d,den,29.535511162538388,1,six_reference_complete
AN19.MIX.im4,d,doom,29.090905238615893,1,six_reference_complete
AN19.MIX.im4,d,dune,26.81657278968488,1,six_reference_complete
AN19.MIX.im4,d,hid,47.24436013643043,1,six_reference_complete
AN19.MIX.im4,d,pad,31.893554360919524,1,six_reference_complete
AN19.MIX.im4,eh,wed,102.76657318961867,1,six_reference_complete
AN19.MIX.im4,er,learn,22.297117861916025,1,six_reference_complete
AN19.MIX.im4,ey,lace,26.146870248882298,1,six_reference_complete
AN19.MIX.im4,ey,mace,18.394934440227786,1,six_reference_complete
AN19.MIX.im4,ey,shape,16.16949920952103,1,six_reference_complete
AN19.MIX.im4,ey,wail,48.637540828876155,1,six_reference_complete
AN19.MIX.im4,f,fig,59.54473621343168,1,six_reference_complete
AN19.MIX.im4,f,firm,56.38216909421106,1,six_reference_complete
AN19.MIX.im4,f,five,46.922727862739684,1,six_reference_complete
AN19.MIX.im4,f,food,34.18565302981217,1,six_reference_complete
AN19.MIX.im4,g,dog,41.39431148029583,1,six_reference_complete
AN19.MIX.im4,g,fig,42.02161236863284,1,six_reference_complete
AN19.MIX.im4,g,gave,19.60404730542184,1,six_reference_complete
AN19.MIX.im4,g,girl,35.22479987839687,1,six_reference_complete
AN19.MIX.im4,g,give,19.285119240957133,1,six_reference_complete
AN19.MIX.im4,g,goat,56.965120788800085,1,six_reference_complete
AN19.MIX.im4,g,god,46.156273003851574,1,six_reference_complete
AN19.MIX.im4,g,gut,26.373030575745286,1,six_reference_complete
AN19.MIX.im4,g,hag,51.647706279764,1,six_reference_complete
AN19.MIX.im4,g,league,22.954405439735506,1,six_reference_complete
AN19.MIX.im4,hh,hack,16.357910953768087,1,six_reference_complete
AN19.MIX.im4,hh,hag,16.078757091887162,1,six_reference_complete
AN19.MIX.im4,hh,hid,58.821522437874044,1,six_reference_complete
AN19.MIX.im4,hh,hoot,32.48943748267828,1,six_reference_complete
AN19.MIX.im4,ih,kin,38.243199944732716,1,six_reference_complete
AN19.MIX.im4,ih,kit,25.829101144750396,1,six_reference_complete
AN19.MIX.im4,ih,sill,22.314013504976042,1,six_reference_complete
AN19.MIX.im4,ih,thick,65.97479133575824,1,six_reference_complete
AN19.MIX.im4,ih,thing,68.12556139252118,1,six_reference_complete
AN19.MIX.im4,iy,bean,16.58633015899834,1,six_reference_complete
AN19.MIX.im4,iy,chief,21.586014668259008,1,six_reference_complete
AN19.MIX.im4,iy,deep,11.054302283350822,1,six_reference_complete
AN19.MIX.im4,iy,league,45.495802723267445,1,six_reference_complete
AN19.MIX.im4,iy,teat,26.980812242041356,1,six_reference_complete
AN19.MIX.im4,iy,teeth,35.60931510048683,1,six_reference_complete
AN19.MIX.im4,iy,weed,35.311366586188335,1,six_reference_complete
AN19.MIX.im4,jh,jack,17.39446237469385,1,six_reference_complete
AN19.MIX.im4,jh,job,44.84260639052167,1,six_reference_complete
AN19.MIX.im4,jh,join,34.532938824319466,1,six_reference_complete
AN19.MIX.im4,jh,page,91.22890448013311,1,six_reference_complete
AN19.MIX.im4,k,beak,29.270861953475105,1,six_reference_complete
AN19.MIX.im4,k,con,32.15960891984808,1,six_reference_complete
AN19.MIX.im4,k,curve,17.338678081406513,1,six_reference_complete
AN19.MIX.im4,k,hack,39.81724876920788,1,six_reference_complete
AN19.MIX.im4,k,jack,27.208724829007977,1,six_reference_complete
AN19.MIX.im4,k,king,33.496996408278214,1,six_reference_complete
AN19.MIX.im4,k,suck,53.121425654414026,1,six_reference_complete
AN19.MIX.im4,k,thick,56.380237028936534,1,six_reference_complete
AN19.MIX.im4,l,hurl,64.34036110662227,1,six_reference_complete
AN19.MIX.im4,l,league,25.239176143546427,1,six_reference_complete
AN19.MIX.im4,m,doom,32.99488714929234,1,six_reference_complete
AN19.MIX.im4,m,lame,28.84819233789007,1,six_reference_complete
AN19.MIX.im4,m,mall,31.10536433554351,1,six_reference_complete
AN19.MIX.im4,m,mote,55.047105723678776,1,six_reference_complete
AN19.MIX.im4,m,move,30.244144937603618,1,six_reference_complete
AN19.MIX.im4,m,mum,31.88491671160773,1,six_reference_complete
AN19.MIX.im4,m,rhyme,29.121773400725715,1,six_reference_complete
AN19.MIX.im4,m,theme,75.41881813446794,1,six_reference_complete
AN19.MIX.im4,n,fin,29.39416518297621,1,six_reference_complete
AN19.MIX.im4,n,join,67.54621715993532,1,six_reference_complete
AN19.MIX.im4,ng,long,24.11751571796151,1,six_reference_complete
AN19.MIX.im4,ng,young,46.49950717654574,1,six_reference_complete
AN19.MIX.im4,ow,soak,71.54661708121952,1,six_reference_complete
AN19.MIX.im4,oy,noise,47.40925052904462,1,six_reference_complete
AN19.MIX.im4,oy,soil,35.6904569421037,1,six_reference_complete
AN19.MIX.im4,oy,voice,31.620547578823885,1,six_reference_complete
AN19.MIX.im4,p,deep,25.35624600976371,1,six_reference_complete
AN19.MIX.im4,p,page,12.915081556244154,1,six_reference_complete
AN19.MIX.im4,p,pool,20.513275542448824,1,six_reference_complete
AN19.MIX.im4,p,ship,13.112997988387065,1,six_reference_complete
AN19.MIX.im4,p,shop,80.39155831498306,1,six_reference_complete
AN19.MIX.im4,r,cheer,15.871455099067163,1,six_reference_complete
AN19.MIX.im4,r,rough,25.116910173208396,1,six_reference_complete
AN19.MIX.im4,s,gas,21.904975473983612,1,six_reference_complete
AN19.MIX.im4,s,lice,85.96216778320688,1,six_reference_complete
AN19.MIX.im4,s,mace,62.16646437955041,1,six_reference_complete
AN19.MIX.im4,s,peace,25.979066121567502,1,six_reference_complete
AN19.MIX.im4,s,sane,72.13912377182322,1,six_reference_complete
AN19.MIX.im4,s,soak,23.72780105336076,1,six_reference_complete
AN19.MIX.im4,s,soil,20.781202605849717,1,six_reference_complete
AN19.MIX.im4,sh,hash,26.297923887233793,1,six_reference_complete
AN19.MIX.im4,sh,shall,11.281812798686671,1,six_reference_complete
AN19.MIX.im4,sh,ship,9.217120315333291,1,six_reference_complete
AN19.MIX.im4,sh,shop,64.4828263573831,1,six_reference_complete
AN19.MIX.im4,t,goat,29.92510988772146,1,six_reference_complete
AN19.MIX.im4,t,gut,48.43027364807128,1,six_reference_complete
AN19.MIX.im4,t,hoot,51.36227929950917,1,six_reference_complete
AN19.MIX.im4,t,route,51.46812155466847,1,six_reference_complete
AN19.MIX.im4,t,thought,52.518391770269716,1,six_reference_complete
AN19.MIX.im4,t,toot,62.27214225719407,1,six_reference_complete
AN19.MIX.im4,t,white,45.08964268705586,1,six_reference_complete
AN19.MIX.im4,th,both,31.732056749383815,1,six_reference_complete
AN19.MIX.im4,th,death,58.829985111234265,1,six_reference_complete
AN19.MIX.im4,th,faith,31.474230446553843,1,six_reference_complete
AN19.MIX.im4,th,mouth,45.14206311877704,1,six_reference_complete
AN19.MIX.im4,th,path,23.056965135110733,1,six_reference_complete
AN19.MIX.im4,th,theme,60.16124010083512,1,six_reference_complete
AN19.MIX.im4,th,thick,63.45960876419604,1,six_reference_complete
AN19.MIX.im4,uh,pull,45.334308330778846,1,six_reference_complete
AN19.MIX.im4,uw,fool,25.323015605399018,1,six_reference_complete
AN19.MIX.im4,uw,lose,23.34958678339808,1,six_reference_complete
AN19.MIX.im4,uw,roof,48.569166665288265,1,six_reference_complete
AN19.MIX.im4,v,curve,21.584836979888976,1,six_reference_complete
AN19.MIX.im4,v,love,65.58046264361023,1,six_reference_complete
AN19.MIX.im4,v,move,27.65853131305955,1,six_reference_complete
AN19.MIX.im4,w,weed,60.4744350564658,1,six_reference_complete
AN19.MIX.im4,w,wick,31.987894926699386,1,six_reference_complete
AN19.MIX.im5,aa,cod,45.363107865009304,1,six_reference_complete
AN19.MIX.im5,aa,con,37.36727388367657,1,six_reference_complete
AN19.MIX.im5,aa,was,22.94140207123529,1,six_reference_complete
AN19.MIX.im5,aa,wash,34.88801720594747,1,six_reference_complete
AN19.MIX.im5,ae,ban,18.9254816542543,1,six_reference_complete
AN19.MIX.im5,ae,lad,61.70301630556591,1,six_reference_complete
AN19.MIX.im5,ae,shall,15.121190842040301,1,six_reference_complete
AN19.MIX.im5,ah,bun,34.425684743503524,1,six_reference_complete
AN19.MIX.im5,ah,suck,38.15414166718438,1,six_reference_complete
AN19.MIX.im5,ao,long,27.34154404559584,1,six_reference_complete
AN19.MIX.im5,ay,lice,28.86985516616264,1,six_reference_complete
AN19.MIX.im5,ay,live,27.94965857020874,1,six_reference_complete
AN19.MIX.im5,ay,rhyme,38.715081994735186,1,six_reference_complete
AN19.MIX.im5,ay,size,20.367091696879626,1,six_reference_complete
AN19.MIX.im5,ay,vice,29.665818087884656,1,six_reference_complete
AN19.MIX.im5,ay,wife,14.877769128476698,1,six_reference_complete
AN19.MIX.im5,b,balm,50.338323356969575,1,six_reference_complete
AN19.MIX.im5,b,bean,27.364061081631277,1,six_reference_complete
AN19.MIX.im5,b,both,20.627407572506858,1,six_reference_complete
AN19.MIX.im5,b,bug,46.12550271381707,1,six_reference_complete
AN19.MIX.im5,b,job,36.763664583689035,1,six_reference_complete
AN19.MIX.im5,ch,chain,30.85065845509496,1,six_reference_complete
AN19.MIX.im5,ch,check,20.094607059721337,1,six_reference_complete
AN19.MIX.im5,ch,cheer,14.873205297476522,1,six_reference_complete
AN19.MIX.im5,ch,chief,24.412494740535184,1,six_reference_complete
AN19.MIX.im5,d,bead,20.998111109707462,1,six_reference_complete
AN19.MIX.im5,d,den,30.463103288375283,1,six_reference_complete
AN19.MIX.im5,d,dune,21.77982132781733,1,six_reference_complete
AN19.MIX.im5,d,hid,38.440235924278376,1,six_reference_complete
AN19.MIX.im5,eh,den,16.348526120103443,1,six_reference_complete
AN19.MIX.im5,eh,leg,67.28652926048314,1,six_reference_complete
AN19.MIX.im5,eh,neck,45.97750451788678,1,six_reference_complete
AN19.MIX.im5,eh,wed,61.81341895183038,1,six_reference_complete
AN19.MIX.im5,er,learn,23.0221972271718,1,six_reference_complete
AN19.MIX.im5,ey,fade,15.972072140480487,1,six_reference_complete
AN19.MIX.im5,ey,lace,18.53953134365332,1,six_reference_complete
AN19.MIX.im5,ey,mace,18.083616925986444,1,six_reference_complete
AN19.MIX.im5,ey,sane,22.06638429758992,1,six_reference_complete
AN19.MIX.im5,ey,shape,16.434103513883784,1,six_reference_complete
AN19.MIX.im5,ey,wail,52.455958029114036,1,six_reference_complete
AN19.MIX.im5,f,fig,40.348424169977584,1,six_reference_complete
AN19.MIX.im5,f,five,58.160969887105125,1,six_reference_complete
AN19.MIX.im5,f,food,27.34872515727464,1,six_reference_complete
AN19.MIX.im5,g,dog,49.71587283669856,1,six_reference_complete
AN19.MIX.im5,g,fig,49.53647902445024,1,six_reference_complete
AN19.MIX.im5,g,gave,14.211471539783945,1,six_reference_complete
AN19.MIX.im5,g,girl,35.6754709349865,1,six_reference_complete
AN19.MIX.im5,g,god,37.23587260039199,1,six_reference_complete
AN19.MIX.im5,g,gut,35.93279225208748,1,six_reference_complete
AN19.MIX.im5,g,hag,49.06405092156015,1,six_reference_complete
AN19.MIX.im5,g,league,19.26845658270918,1,six_reference_complete
AN19.MIX.im5,hh,hack,8.492703104791994,1,six_reference_complete
AN19.MIX.im5,hh,hid,42.86687240959558,1,six_reference_complete
AN19.MIX.im5,hh,hoot,33.0461701121695,1,six_reference_complete
AN19.MIX.im5,ih,kin,37.23000295003343,1,six_reference_complete
AN19.MIX.im5,ih,kit,21.09196756570938,1,six_reference_complete
AN19.MIX.im5,ih,sill,25.660611451955244,1,six_reference_complete
AN19.MIX.im5,ih,thick,54.99179061370301,1,six_reference_complete
AN19.MIX.im5,iy,bead,26.205711380150024,1,six_reference_complete
AN19.MIX.im5,iy,bean,17.30683810770773,1,six_reference_complete
AN19.MIX.im5,iy,chief,16.50052580004293,1,six_reference_complete
AN19.MIX.im5,iy,deep,17.45058958220271,1,six_reference_complete
AN19.MIX.im5,iy,league,12.798487519569251,1,six_reference_complete
AN19.MIX.im5,iy,teat,50.67273682675091,1,six_reference_complete
AN19.MIX.im5,iy,theme,29.598069103501658,1,six_reference_complete
AN19.MIX.im5,iy,weed,42.772605598630356,1,six_reference_complete
AN19.MIX.im5,jh,jack,21.456755559586544,1,six_reference_complete
AN19.MIX.im5,jh,job,82.72074882364812,1,six_reference_complete
AN19.MIX.im5,jh,join,46.35797669984512,1,six_reference_complete
AN19.MIX.im5,jh,page,39.16504021492902,1,six_reference_complete
AN19.MIX.im5,k,beak,34.492613455376194,1,six_reference_complete
AN19.MIX.im5,k,con,40.09533842482916,1,six_reference_complete
AN19.MIX.im5,k,curve,36.615884930726196,1,six_reference_complete
AN19.MIX.im5,k,hack,39.04125809622973,1,six_reference_complete
AN19.MIX.im5,k,jack,21.349392939970638,1,six_reference_complete
AN19.MIX.im5,k,king,33.951452030876915,1,six_reference_complete
AN19.MIX.im5,k,suck,44.34859391364674,1,six_reference_complete
AN19.MIX.im5,k,thick,44.663353353381865,1,six_reference_complete
AN19.MIX.im5,l,hurl,41.060817495847,1,six_reference_complete
AN19.MIX.im5,l,league,24.17827961530099,1,six_reference_complete
AN19.MIX.im5,l,lice,19.198949591241384,1,six_reference_complete
AN19.MIX.im5,m,bum,47.233119236244654,1,six_reference_complete
AN19.MIX.im5,m,doom,30.656261425689163,1,six_reference_complete
AN19.MIX.im5,m,lame,28.315028061187707,1,six_reference_complete
AN19.MIX.im5,m,mall,37.70022664815706,1,six_reference_complete
AN19.MIX.im5,m,mote,51.257949043185754,1,six_reference_complete
AN19.MIX.im5,m,move,32.92737875238759,1,six_reference_complete
AN19.MIX.im5,m,mum,33.96240774698044,1,six_reference_complete
AN19.MIX.im5,m,rhyme,31.36500442703104,1,six_reference_complete
AN19.MIX.im5,n,join,52.23234679110211,1,six_reference_complete
AN19.MIX.im5,ng,long,18.933338225548663,1,six_reference_complete
AN19.MIX.im5,ow,soak,37.56380077750523,1,six_reference_complete
AN19.MIX.im5,oy,noise,46.400570201242544,1,six_reference_complete
AN19.MIX.im5,oy,soil,52.43549345608222,1,six_reference_complete
AN19.MIX.im5,oy,voice,31.94441780532915,1,six_reference_complete
AN19.MIX.im5,p,deep,25.449882696817355,1,six_reference_complete
AN19.MIX.im5,p,page,11.745654836694362,1,six_reference_complete
AN19.MIX.im5,p,path,49.976686870599984,1,six_reference_complete
AN19.MIX.im5,p,pool,25.2497885376364,1,six_reference_complete
AN19.MIX.im5,p,pup,44.59507449940235,1,six_reference_complete
AN19.MIX.im5,p,ship,33.00790014172944,1,six_reference_complete
AN19.MIX.im5,p,shop,44.50809455792639,1,six_reference_complete
AN19.MIX.im5,r,cheer,32.31608780155644,1,six_reference_complete
AN19.MIX.im5,r,rim,44.589116882118766,1,six_reference_complete
AN19.MIX.im5,r,rough,20.679198715233166,1,six_reference_complete
AN19.MIX.im5,s,gas,25.574523145895142,1,six_reference_complete
AN19.MIX.im5,s,lice,22.76180517715279,1,six_reference_complete
AN19.MIX.im5,s,mace,45.0993905151855,1,six_reference_complete
AN19.MIX.im5,s,peace,25.539217714071388,1,six_reference_complete
AN19.MIX.im5,s,sane,12.88865930762703,1,six_reference_complete
AN19.MIX.im5,s,soil,19.72535419154813,1,six_reference_complete
AN19.MIX.im5,sh,hash,27.42015173991163,1,six_reference_complete
AN19.MIX.im5,sh,shall,16.934612947273155,1,six_reference_complete
AN19.MIX.im5,sh,ship,10.143193742394311,1,six_reference_complete
AN19.MIX.im5,sh,shop,12.399856774913049,1,six_reference_complete
AN19.MIX.im5,t,goat,30.338058633682454,1,six_reference_complete
AN19.MIX.im5,t,gut,60.01046498073463,1,six_reference_complete
AN19.MIX.im5,t,hoot,35.41370586507224,1,six_reference_complete
AN19.MIX.im5,t,route,52.321227433221615,1,six_reference_complete
AN19.MIX.im5,t,thought,48.34672021469593,1,six_reference_complete
AN19.MIX.im5,t,toot,18.228422349624378,1,six_reference_complete
AN19.MIX.im5,t,white,42.839698457941346,1,six_reference_complete
AN19.MIX.im5,th,both,37.43598202688271,1,six_reference_complete
AN19.MIX.im5,th,death,38.80451916249233,1,six_reference_complete
AN19.MIX.im5,th,faith,40.67704219958488,1,six_reference_complete
AN19.MIX.im5,th,mouth,57.406316565422095,1,six_reference_complete
AN19.MIX.im5,th,path,24.873242004194882,1,six_reference_complete
AN19.MIX.im5,th,thick,44.89546172137975,1,six_reference_complete
AN19.MIX.im5,uh,full,30.810839162105836,1,six_reference_complete
AN19.MIX.im5,uw,fool,21.587800341928872,1,six_reference_complete
AN19.MIX.im5,uw,lose,14.010542802879073,1,six_reference_complete
AN19.MIX.im5,uw,roof,42.32366887477308,1,six_reference_complete
AN19.MIX.im5,v,curve,22.91632558705432,1,six_reference_complete
AN19.MIX.im5,v,love,40.26863268095085,1,six_reference_complete
AN19.MIX.im5,v,serve,14.533025362318151,1,six_reference_complete
AN19.MIX.im5,w,weed,53.82465417652702,1,six_reference_complete
AN19.MIX.im5,w,wick,39.436884573765504,1,six_reference_complete
AN19.MIX.im5,y,young,33.6883010222763,1,six_reference_complete
AN19.MIX.im6,aa,caught,52.717747171545874,1,six_reference_complete
AN19.MIX.im6,aa,cod,63.7409351127962,1,six_reference_complete
AN19.MIX.im6,aa,con,35.3287775306742,1,six_reference_complete
AN19.MIX.im6,aa,shop,21.490693978396212,1,six_reference_complete
AN19.MIX.im6,aa,was,32.207635762386566,1,six_reference_complete
AN19.MIX.im6,aa,wash,25.608933688617245,1,six_reference_complete
AN19.MIX.im6,aa,watch,39.96956133693023,1,six_reference_complete
AN19.MIX.im6,ae,lad,79.95179459411875,1,six_reference_complete
AN19.MIX.im6,ae,mat,40.49693547851622,1,six_reference_complete
AN19.MIX.im6,ae,rat,52.94282365458168,1,six_reference_complete
AN19.MIX.im6,ae,shall,24.04111884544662,1,six_reference_complete
AN19.MIX.im6,ah,rut,55.12249920651583,1,six_reference_complete
AN19.MIX.im6,ah,suck,29.279621669884392,1,six_reference_complete
AN19.MIX.im6,ao,chore,57.66476118604087,1,six_reference_complete
AN19.MIX.im6,ay,lice,29.219327412731147,1,six_reference_complete
AN19.MIX.im6,ay,live,44.460622370837285,1,six_reference_complete
AN19.MIX.im6,ay,rhyme,25.533037967621482,1,six_reference_complete
AN19.MIX.im6,ay,size,23.183942180123854,1,six_reference_complete
AN19.MIX.im6,ay,vice,27.6636376973444,1,six_reference_complete
AN19.MIX.im6,ay,wife,15.02195810158146,1,six_reference_complete
AN19.MIX.im6,b,balm,33.417742245845425,1,six_reference_complete
AN19.MIX.im6,b,bean,43.87870464231304,1,six_reference_complete
AN19.MIX.im6,b,both,27.956330090507645,1,six_reference_complete
AN19.MIX.im6,b,bug,31.36081820120049,1,six_reference_complete
AN19.MIX.im6,b,job,37.45640171001454,1,six_reference_complete
AN19.MIX.im6,ch,chain,20.825223147534224,1,six_reference_complete
AN19.MIX.im6,ch,check,22.0694748104814,1,six_reference_complete
AN19.MIX.im6,ch,cheer,21.087972569086006,1,six_reference_complete
AN19.MIX.im6,ch,chief,34.64190485327706,1,six_reference_complete
AN19.MIX.im6,d,bead,28.285105955462726,1,six_reference_complete
AN19.MIX.im6,d,den,37.54117352169874,1,six_reference_complete
AN19.MIX.im6,d,doom,37.11750582248362,1,six_reference_complete
AN19.MIX.im6,d,dune,63.3839656732167,1,six_reference_complete
AN19.MIX.im6,d,hid,44.52554654578508,1,six_reference_complete
AN19.MIX.im6,eh,den,15.944134806421138,1,six_reference_complete
AN19.MIX.im6,eh,neck,83.17888226510608,1,six_reference_complete
AN19.MIX.im6,eh,wed,56.95757130094956,1,six_reference_complete
AN19.MIX.im6,er,learn,32.93445400944405,1,six_reference_complete
AN19.MIX.im6,ey,fade,53.275099129250805,1,six_reference_complete
AN19.MIX.im6,ey,lace,22.37091169049243,1,six_reference_complete
AN19.MIX.im6,ey,mace,23.37097633100349,1,six_reference_complete
AN19.MIX.im6,ey,sane,21.9113914338491,1,six_reference_complete
AN19.MIX.im6,ey,shape,45.88391504865057,1,six_reference_complete
AN19.MIX.im6,ey,wail,30.68849594107273,1,six_reference_complete
AN19.MIX.im6,f,fig,55.99055099932999,1,six_reference_complete
AN19.MIX.im6,f,firm,32.547452890282806,1,six_reference_complete
AN19.MIX.im6,f,five,59.388273870251645,1,six_reference_complete
AN19.MIX.im6,f,food,28.111183715317853,1,six_reference_complete
AN19.MIX.im6,g,dog,41.88919432904953,1,six_reference_complete
AN19.MIX.im6,g,fig,64.52176345781766,1,six_reference_complete
AN19.MIX.im6,g,gave,24.02056596906056,1,six_reference_complete
AN19.MIX.im6,g,girl,60.525692681811336,1,six_reference_complete
AN19.MIX.im6,g,give,21.33340522992532,1,six_reference_complete
AN19.MIX.im6,g,goat,47.50752560914386,1,six_reference_complete
AN19.MIX.im6,g,god,79.84982680493111,1,six_reference_complete
AN19.MIX.im6,g,gut,27.660412886338392,1,six_reference_complete
AN19.MIX.im6,g,hag,95.54534726864567,1,six_reference_complete
AN19.MIX.im6,g,league,26.575692813147356,1,six_reference_complete
AN19.MIX.im6,hh,hack,53.73541191699033,1,six_reference_complete
AN19.MIX.im6,hh,hag,16.877675343278632,1,six_reference_complete
AN19.MIX.im6,hh,hid,35.217425552062544,1,six_reference_complete
AN19.MIX.im6,hh,hoot,33.39969648670209,1,six_reference_complete
AN19.MIX.im6,ih,kin,33.129641811378896,1,six_reference_complete
AN19.MIX.im6,ih,kit,36.87648116608757,1,six_reference_complete
AN19.MIX.im6,ih,mid,82.86410214384578,1,six_reference_complete
AN19.MIX.im6,ih,sill,21.7953899159357,1,six_reference_complete
AN19.MIX.im6,ih,thing,42.10273922339926,1,six_reference_complete
AN19.MIX.im6,iy,bead,32.90305814649395,1,six_reference_complete
AN19.MIX.im6,iy,bean,41.39967016733171,1,six_reference_complete
AN19.MIX.im6,iy,chief,47.77253893851059,1,six_reference_complete
AN19.MIX.im6,iy,deep,22.810655559302308,1,six_reference_complete
AN19.MIX.im6,iy,league,39.17093658936395,1,six_reference_complete
AN19.MIX.im6,iy,teeth,35.589124246496084,1,six_reference_complete
AN19.MIX.im6,iy,theme,19.715734964128494,1,six_reference_complete
AN19.MIX.im6,iy,weed,27.808700583784887,1,six_reference_complete
AN19.MIX.im6,jh,jack,54.97611680979016,1,six_reference_complete
AN19.MIX.im6,jh,job,44.64949958700541,1,six_reference_complete
AN19.MIX.im6,jh,page,39.539964770692684,1,six_reference_complete
AN19.MIX.im6,k,beak,34.5116150945523,1,six_reference_complete
AN19.MIX.im6,k,con,14.057361098801605,1,six_reference_complete
AN19.MIX.im6,k,curve,26.428109132623238,1,six_reference_complete
AN19.MIX.im6,k,hack,104.73562765196675,1,six_reference_complete
AN19.MIX.im6,k,jack,132.3606791097947,1,six_reference_complete
AN19.MIX.im6,k,king,37.025434312438314,1,six_reference_complete
AN19.MIX.im6,k,suck,47.589693943200245,1,six_reference_complete
AN19.MIX.im6,k,thick,44.76169534738249,1,six_reference_complete
AN19.MIX.im6,l,hurl,30.66417879727703,1,six_reference_complete
AN19.MIX.im6,l,league,33.259198306110264,1,six_reference_complete
AN19.MIX.im6,l,lice,14.632994449264737,1,six_reference_complete
AN19.MIX.im6,m,bum,46.95094974288141,1,six_reference_complete
AN19.MIX.im6,m,doom,35.59573937292406,1,six_reference_complete
AN19.MIX.im6,m,lame,31.744633004058144,1,six_reference_complete
AN19.MIX.im6,m,mall,40.4080003398189,1,six_reference_complete
AN19.MIX.im6,m,mote,68.33848343977702,1,six_reference_complete
AN19.MIX.im6,m,move,24.75470893420456,1,six_reference_complete
AN19.MIX.im6,m,mum,28.426237743062142,1,six_reference_complete
AN19.MIX.im6,m,rhyme,31.309409719763035,1,six_reference_complete
AN19.MIX.im6,m,theme,21.78261759928732,1,six_reference_complete
AN19.MIX.im6,n,fin,34.262072211095855,1,six_reference_complete
AN19.MIX.im6,n,join,38.670879051993914,1,six_reference_complete
AN19.MIX.im6,ng,long,53.25633414503551,1,six_reference_complete
AN19.MIX.im6,ng,young,39.38394045103259,1,six_reference_complete
AN19.MIX.im6,ow,mote,60.88921101040966,1,six_reference_complete
AN19.MIX.im6,ow,soak,29.107359306600788,1,six_reference_complete
AN19.MIX.im6,oy,soil,34.15837859065601,1,six_reference_complete
AN19.MIX.im6,oy,voice,50.02225871807557,1,six_reference_complete
AN19.MIX.im6,p,deep,35.004687369890945,1,six_reference_complete
AN19.MIX.im6,p,page,46.82392469622158,1,six_reference_complete
AN19.MIX.im6,p,path,76.62041514070582,1,six_reference_complete
AN19.MIX.im6,p,pawn,23.6594888918372,1,six_reference_complete
AN19.MIX.im6,p,pool,32.815770253853714,1,six_reference_complete
AN19.MIX.im6,p,pup,40.45954199587516,1,six_reference_complete
AN19.MIX.im6,p,ship,65.61468219482525,1,six_reference_complete
AN19.MIX.im6,r,rim,47.80066062165046,1,six_reference_complete
AN19.MIX.im6,r,rough,31.987091226167056,1,six_reference_complete
AN19.MIX.im6,s,gas,27.46447984965286,1,six_reference_complete
AN19.MIX.im6,s,lice,24.224414621843497,1,six_reference_complete
AN19.MIX.im6,s,mace,44.97895053790459,1,six_reference_complete
AN19.MIX.im6,s,peace,25.46915229010442,1,six_reference_complete
AN19.MIX.im6,s,soak,14.994152588820226,1,six_reference_complete
AN19.MIX.im6,s,soil,15.80400510403292,1,six_reference_complete
AN19.MIX.im6,sh,hash,40.05232166381244,1,six_reference_complete
AN19.MIX.im6,sh,shall,16.055600007202873,1,six_reference_complete
AN19.MIX.im6,sh,ship,20.972407653250478,1,six_reference_complete
AN19.MIX.im6,sh,shop,14.932440396375304,1,six_reference_complete
AN19.MIX.im6,t,goat,32.468555858289584,1,six_reference_complete
AN19.MIX.im6,t,gut,51.68157665937341,1,six_reference_complete
AN19.MIX.im6,t,hoot,24.973769378920114,1,six_reference_complete
AN19.MIX.im6,t,route,50.626732151530526,1,six_reference_complete
AN19.MIX.im6,t,thought,37.243192936104634,1,six_reference_complete
AN19.MIX.im6,t,toot,43.19816718293913,1,six_reference_complete
AN19.MIX.im6,t,white,62.23743947304697,1,six_reference_complete
AN19.MIX.im6,th,both,34.62886057570797,1,six_reference_complete
AN19.MIX.im6,th,death,47.34872485970579,1,six_reference_complete
AN19.MIX.im6,th,faith,30.54742733985209,1,six_reference_complete
AN19.MIX.im6,th,mouth,46.84224380568396,1,six_reference_complete
AN19.MIX.im6,th,path,40.843524624554824,1,six_reference_complete
AN19.MIX.im6,th,thick,84.89165674988034,1,six_reference_complete
AN19.MIX.im6,uh,full,43.08234053504779,1,six_reference_complete
AN19.MIX.im6,uh,pull,56.66307609614219,1,six_reference_complete
AN19.MIX.im6,uw,fool,19.68265292579212,1,six_reference_complete
AN19.MIX.im6,uw,lose,37.68994224452969,1,six_reference_complete
AN19.MIX.im6,uw,roof,37.00119452801127,1,six_reference_complete
AN19.MIX.im6,v,curve,41.14794804589015,1,six_reference_complete
AN19.MIX.im6,v,love,42.5660145636731,1,six_reference_complete
AN19.MIX.im6,v,move,26.259103138663434,1,six_reference_complete
AN19.MIX.im6,v,serve,50.96294785357906,1,six_reference_complete
AN19.MIX.im6,w,weed,59.08463776715704,1,six_reference_complete
AN19.MIX.im6,w,wick,34.84540092671116,1,six_reference_complete
AN19.SPA.sf1,aa,caught,53.25833261719435,1,six_reference_complete
AN19.SPA.sf1,aa,con,30.625774867446648,1,six_reference_complete
AN19.SPA.sf1,aa,shop,40.46229278877115,1,six_reference_complete
AN19.SPA.sf1,aa,was,57.16794114594682,1,six_reference_complete
AN19.SPA.sf1,aa,watch,47.73694451663874,1,six_reference_complete
AN19.SPA.sf1,ae,ban,112.89301235673678,1,six_reference_complete
AN19.SPA.sf1,ae,lad,44.69253712074596,1,six_reference_complete
AN19.SPA.sf1,ae,mat,50.195286453194846,1,six_reference_complete
AN19.SPA.sf1,ae,rat,37.45787161055829,1,six_reference_complete
AN19.SPA.sf1,ae,shall,27.118814388898546,1,six_reference_complete
AN19.SPA.sf1,ah,bun,34.34223312908281,1,six_reference_complete
AN19.SPA.sf1,ah,rut,83.91359572405177,1,six_reference_complete
AN19.SPA.sf1,ah,suck,35.88023094681129,1,six_reference_complete
AN19.SPA.sf1,ao,chore,48.00263511767394,1,six_reference_complete
AN19.SPA.sf1,ao,long,70.02382505207011,1,six_reference_complete
AN19.SPA.sf1,ao,wrong,32.138387671294765,2,six_reference_complete
AN19.SPA.sf1,ay,lice,23.72088860029329,1,six_reference_complete
AN19.SPA.sf1,ay,live,61.04409250351092,1,six_reference_complete
AN19.SPA.sf1,ay,rhyme,38.01703998310113,1,six_reference_complete
AN19.SPA.sf1,ay,size,19.07353155357619,1,six_reference_complete
AN19.SPA.sf1,ay,vice,25.291494646512934,1,six_reference_complete
AN19.SPA.sf1,ay,wife,51.261643762869404,1,six_reference_complete
AN19.SPA.sf1,b,balm,55.5164062386259,1,six_reference_complete
AN19.SPA.sf1,b,both,46.51716300591082,1,six_reference_complete
AN19.SPA.sf1,b,bug,63.203550198023805,1,six_reference_complete
AN19.SPA.sf1,b,job,41.653850794035996,1,six_reference_complete
AN19.SPA.sf1,ch,chain,20.099361663651212,1,six_reference_complete
AN19.SPA.sf1,ch,check,58.10725903732441,1,six_reference_complete
AN19.SPA.sf1,ch,cheer,23.9162257657696,1,six_reference_complete
AN19.SPA.sf1,ch,chief,25.6370374547226,1,six_reference_complete
AN19.SPA.sf1,d,bead,25.72561207006507,1,six_reference_complete
AN19.SPA.sf1,d,den,62.50583318161629,1,six_reference_complete
AN19.SPA.sf1,d,doom,34.537823838364886,1,six_reference_complete
AN19.SPA.sf1,d,dune,30.779814230814438,1,six_reference_complete
AN19.SPA.sf1,d,hid,52.616835309226424,1,six_reference_complete
AN19.SPA.sf1,eh,den,28.4084092013196,1,six_reference_complete
AN19.SPA.sf1,eh,leg,47.38269334698245,1,six_reference_complete
AN19.SPA.sf1,eh,neck,78.5946621175138,1,six_reference_complete
AN19.SPA.sf1,eh,wed,68.05888007556267,1,six_reference_complete
AN19.SPA.sf1,er,learn,47.8492218753968,1,six_reference_complete
AN19.SPA.sf1,ey,fade,42.6796417672878,1,six_reference_complete
AN19.SPA.sf1,ey,lace,19.27287834445072,1,six_reference_complete
AN19.SPA.sf1,ey,mace,25.801227748329726,1,six_reference_complete
AN19.SPA.sf1,ey,sane,21.433056333566643,1,six_reference_complete
AN19.SPA.sf1,ey,shape,25.395081370336026,1,six_reference_complete
AN19.SPA.sf1,ey,wail,66.14612741872777,1,six_reference_complete
AN19.SPA.sf1,f,fig,74.55023441321869,1,six_reference_complete
AN19.SPA.sf1,f,firm,56.62200496970044,1,six_reference_complete
AN19.SPA.sf1,f,five,64.81383518869886,1,six_reference_complete
AN19.SPA.sf1,f,food,52.19810239818663,1,six_reference_complete
AN19.SPA.sf1,g,dog,91.75927050110637,1,six_reference_complete
AN19.SPA.sf1,g,fig,35.001001320886225,1,six_reference_complete
AN19.SPA.sf1,g,gave,26.957748089151497,1,six_reference_complete
AN19.SPA.sf1,g,give,41.45445233972934,1,six_reference_complete
AN19.SPA.sf1,g,goat,48.23661091457894,1,six_reference_complete
AN19.SPA.sf1,g,god,75.11492385061662,1,six_reference_complete
AN19.SPA.sf1,g,hag,48.54268378625832,1,six_reference_complete
AN19.SPA.sf1,g,league,21.32030537498706,1,six_reference_complete
AN19.SPA.sf1,hh,hack,30.940861098739035,1,six_reference_complete
AN19.SPA.sf1,hh,hag,33.195184134974674,1,six_reference_complete
AN19.SPA.sf1,hh,hid,39.43326017288788,1,six_reference_complete
AN19.SPA.sf1,hh,hoot,32.855208227906814,1,six_reference_complete
AN19.SPA.sf1,ih,kit,59.57619060413234,1,six_reference_complete
AN19.SPA.sf1,ih,mid,44.78642513673707,1,six_reference_complete
AN19.SPA.sf1,ih,sill,21.405550619933305,1,six_reference_complete
AN19.SPA.sf1,ih,thick,55.48644548908061,1,six_reference_complete
AN19.SPA.sf1,ih,thing,54.80017648963415,1,six_reference_complete
AN19.SPA.sf1,iy,bead,24.864135357011822,1,six_reference_complete
AN19.SPA.sf1,iy,bean,20.56320530337628,1,six_reference_complete
AN19.SPA.sf1,iy,chief,18.066706154473252,1,six_reference_complete
AN19.SPA.sf1,iy,league,50.93532432735839,1,six_reference_complete
AN19.SPA.sf1,iy,teeth,42.22547210256429,1,six_reference_complete
AN19.SPA.sf1,iy,theme,59.843071463226856,1,six_reference_complete
AN19.SPA.sf1,jh,jack,15.36735392365012,1,six_reference_complete
AN19.SPA.sf1,jh,job,42.47279244190745,1,six_reference_complete
AN19.SPA.sf1,jh,join,33.535003645723116,1,six_reference_complete
AN19.SPA.sf1,jh,page,45.27394979491297,1,six_reference_complete
AN19.SPA.sf1,k,beak,27.367229933737644,1,six_reference_complete
AN19.SPA.sf1,k,con,14.19381918845002,1,six_reference_complete
AN19.SPA.sf1,k,curve,26.39214241749812,1,six_reference_complete
AN19.SPA.sf1,k,hack,17.938271535835757,1,six_reference_complete
AN19.SPA.sf1,k,jack,27.06952300876614,1,six_reference_complete
AN19.SPA.sf1,k,king,21.949861864693432,1,six_reference_complete
AN19.SPA.sf1,k,suck,37.2760439166448,1,six_reference_complete
AN19.SPA.sf1,l,hurl,79.72220773206084,1,six_reference_complete
AN19.SPA.sf1,l,league,61.41333330070936,1,six_reference_complete
AN19.SPA.sf1,l,lice,13.884968673648316,1,six_reference_complete
AN19.SPA.sf1,m,bum,79.73884283341546,1,six_reference_complete
AN19.SPA.sf1,m,doom,20.922345594478927,1,six_reference_complete
AN19.SPA.sf1,m,lame,25.32030633970542,1,six_reference_complete
AN19.SPA.sf1,m,mote,41.72470920096432,1,six_reference_complete
AN19.SPA.sf1,m,move,30.193247395613565,1,six_reference_complete
AN19.SPA.sf1,m,rhyme,77.92847338380797,1,six_reference_complete
AN19.SPA.sf1,m,theme,61.550727352065174,1,six_reference_complete
AN19.SPA.sf1,n,join,32.71850043879994,1,six_reference_complete
AN19.SPA.sf1,ng,long,27.72717684998324,1,six_reference_complete
AN19.SPA.sf1,ng,young,35.10781135329085,1,six_reference_complete
AN19.SPA.sf1,ow,mote,24.451501963439046,1,six_reference_complete
AN19.SPA.sf1,ow,soak,26.68242951015024,1,six_reference_complete
AN19.SPA.sf1,oy,noise,44.90951999409407,1,six_reference_complete
AN19.SPA.sf1,oy,soil,29.12311072819323,1,six_reference_complete
AN19.SPA.sf1,oy,voice,41.265009000079196,1,six_reference_complete
AN19.SPA.sf1,p,deep,26.558561389374972,1,six_reference_complete
AN19.SPA.sf1,p,page,49.04901523502846,1,six_reference_complete
AN19.SPA.sf1,p,path,54.07211721748907,1,six_reference_complete
AN19.SPA.sf1,p,pawn,78.88233209489515,1,six_reference_complete
AN19.SPA.sf1,p,pool,33.16150580113387,1,six_reference_complete
AN19.SPA.sf1,p,pup,57.64416250343788,1,six_reference_complete
AN19.SPA.sf1,p,ship,38.61416976626847,1,six_reference_complete
AN19.SPA.sf1,p,shop,33.046840948986244,1,six_reference_complete
AN19.SPA.sf1,r,cheer,16.16627562748481,1,six_reference_complete
AN19.SPA.sf1,r,rim,58.16508926711119,1,six_reference_complete
AN19.SPA.sf1,r,rough,75.24491543294043,1,six_reference_complete
AN19.SPA.sf1,r,whore,35.12657008718792,1,six_reference_complete
AN19.SPA.sf1,s,lice,31.552099993888877,1,six_reference_complete
AN19.SPA.sf1,s,mace,41.56152103319673,1,six_reference_complete
AN19.SPA.sf1,s,peace,36.45757178629766,1,six_reference_complete
AN19.SPA.sf1,s,sane,21.23013835911588,1,six_reference_complete
AN19.SPA.sf1,s,soak,19.249166491448612,1,six_reference_complete
AN19.SPA.sf1,s,soil,18.888446119008062,1,six_reference_complete
AN19.SPA.sf1,sh,shall,15.264369522309792,1,six_reference_complete
AN19.SPA.sf1,sh,ship,28.260243756218056,1,six_reference_complete
AN19.SPA.sf1,sh,shop,18.867051550691198,1,six_reference_complete
AN19.SPA.sf1,t,goat,43.69395437284812,1,six_reference_complete
AN19.SPA.sf1,t,hoot,34.61634265590264,1,six_reference_complete
AN19.SPA.sf1,t,route,52.079313110062,1,six_reference_complete
AN19.SPA.sf1,t,thought,47.91943575066788,1,six_reference_complete
AN19.SPA.sf1,t,toot,26.9401237987214,1,six_reference_complete
AN19.SPA.sf1,t,white,56.04453696838217,1,six_reference_complete
AN19.SPA.sf1,th,both,71.21880736044129,1,six_reference_complete
AN19.SPA.sf1,th,death,54.707900467849214,1,six_reference_complete
AN19.SPA.sf1,th,faith,51.471089423338746,1,six_reference_complete
AN19.SPA.sf1,th,theme,65.31396329269181,1,six_reference_complete
AN19.SPA.sf1,th,thick,67.36340321040491,1,six_reference_complete
AN19.SPA.sf1,uh,full,23.60019095867155,1,six_reference_complete
AN19.SPA.sf1,uw,fool,23.79261425366609,1,six_reference_complete
AN19.SPA.sf1,uw,lose,15.078716002818146,1,six_reference_complete
AN19.SPA.sf1,uw,roof,41.71651543430577,1,six_reference_complete
AN19.SPA.sf1,v,curve,30.187475464647562,1,six_reference_complete
AN19.SPA.sf1,v,move,28.014499850827946,1,six_reference_complete
AN19.SPA.sf1,v,serve,15.24480850082814,1,six_reference_complete
AN19.SPA.sf1,w,weed,60.41659826722225,1,six_reference_complete
AN19.SPA.sf1,w,wick,93.28258795287012,1,six_reference_complete
AN19.SPA.sf1,y,young,26.36679941242045,1,six_reference_complete
AN19.SPA.sf2,aa,caught,69.74225642691233,1,six_reference_complete
AN19.SPA.sf2,aa,cod,55.33069585007994,1,six_reference_complete
AN19.SPA.sf2,aa,con,38.478069675867566,1,six_reference_complete
AN19.SPA.sf2,aa,was,28.611943912372876,1,six_reference_complete
AN19.SPA.sf2,aa,wash,37.217294410661296,1,six_reference_complete
AN19.SPA.sf2,aa,watch,45.842301268879055,1,six_reference_complete
AN19.SPA.sf2,ae,lad,45.336415554165335,1,six_reference_complete
AN19.SPA.sf2,ae,mat,37.069466150432824,1,six_reference_complete
AN19.SPA.sf2,ae,rat,37.60691131157916,1,six_reference_complete
AN19.SPA.sf2,ae,shall,17.07934046377292,1,six_reference_complete
AN19.SPA.sf2,ah,bun,73.87447755730716,1,six_reference_complete
AN19.SPA.sf2,ah,rut,34.241410639917795,1,six_reference_complete
AN19.SPA.sf2,ah,suck,65.18654247523521,1,six_reference_complete
AN19.SPA.sf2,ao,chore,36.717740766452465,1,six_reference_complete
AN19.SPA.sf2,ao,long,42.2483867502686,1,six_reference_complete
AN19.SPA.sf2,ay,lice,29.51679752848894,1,six_reference_complete
AN19.SPA.sf2,ay,live,53.55498157855669,1,six_reference_complete
AN19.SPA.sf2,ay,rhyme,47.80572790535266,1,six_reference_complete
AN19.SPA.sf2,ay,size,27.14033245283521,1,six_reference_complete
AN19.SPA.sf2,ay,vice,29.88111325883611,1,six_reference_complete
AN19.SPA.sf2,ay,wife,58.95009555501854,1,six_reference_complete
AN19.SPA.sf2,b,balm,37.40410870477046,1,six_reference_complete
AN19.SPA.sf2,b,bean,45.8903480267606,1,six_reference_complete
AN19.SPA.sf2,b,both,24.226570658682885,1,six_reference_complete
AN19.SPA.sf2,b,bug,52.794587079571734,1,six_reference_complete
AN19.SPA.sf2,b,job,61.62121041278559,1,six_reference_complete
AN19.SPA.sf2,ch,chain,20.46367476947602,1,six_reference_complete
AN19.SPA.sf2,ch,cheer,23.864032911592687,1,six_reference_complete
AN19.SPA.sf2,ch,chief,24.712336477579992,1,six_reference_complete
AN19.SPA.sf2,d,bead,23.10626687726378,1,six_reference_complete
AN19.SPA.sf2,d,doom,52.623941317255195,1,six_reference_complete
AN19.SPA.sf2,d,dune,58.76513747422786,1,six_reference_complete
AN19.SPA.sf2,d,hid,62.467298684408114,1,six_reference_complete
AN19.SPA.sf2,d,pad,20.93198607288927,1,six_reference_complete
AN19.SPA.sf2,eh,den,44.763150382371386,1,six_reference_complete
AN19.SPA.sf2,eh,leg,43.53270209370228,1,six_reference_complete
AN19.SPA.sf2,eh,neck,53.52121982283848,1,six_reference_complete
AN19.SPA.sf2,eh,wed,44.951760657457065,1,six_reference_complete
AN19.SPA.sf2,er,learn,28.666912495735534,1,six_reference_complete
AN19.SPA.sf2,ey,fade,49.935022538127015,1,six_reference_complete
AN19.SPA.sf2,ey,lace,32.12660224574589,1,six_reference_complete
AN19.SPA.sf2,ey,mace,33.15480554031668,1,six_reference_complete
AN19.SPA.sf2,ey,sane,28.78517966580719,1,six_reference_complete
AN19.SPA.sf2,ey,wail,33.52297323145455,1,six_reference_complete
AN19.SPA.sf2,f,fig,89.4306377994809,1,six_reference_complete
AN19.SPA.sf2,f,five,60.761554237323196,1,six_reference_complete
AN19.SPA.sf2,f,food,48.15015995930873,1,six_reference_complete
AN19.SPA.sf2,g,dog,42.26124094758986,1,six_reference_complete
AN19.SPA.sf2,g,gave,17.813898408594998,1,six_reference_complete
AN19.SPA.sf2,g,give,48.825326755476574,1,six_reference_complete
AN19.SPA.sf2,g,goat,63.90761698800055,1,six_reference_complete
AN19.SPA.sf2,g,gut,71.25485959099397,1,six_reference_complete
AN19.SPA.sf2,g,hag,50.173141049801416,1,six_reference_complete
AN19.SPA.sf2,g,league,18.262317339468883,1,six_reference_complete
AN19.SPA.sf2,hh,hack,11.639973038648469,1,six_reference_complete
AN19.SPA.sf2,hh,hoot,46.36639385974684,1,six_reference_complete
AN19.SPA.sf2,ih,kit,35.109414871551046,1,six_reference_complete
AN19.SPA.sf2,ih,mid,49.888310882428506,1,six_reference_complete
AN19.SPA.sf2,ih,sill,75.11918316761266,1,six_reference_complete
AN19.SPA.sf2,ih,thick,56.01911000191481,1,six_reference_complete
AN19.SPA.sf2,iy,bead,39.79051796314361,1,six_reference_complete
AN19.SPA.sf2,iy,bean,18.703416598746443,1,six_reference_complete
AN19.SPA.sf2,iy,chief,17.77135056951732,1,six_reference_complete
AN19.SPA.sf2,iy,deep,25.92192772957236,1,six_reference_complete
AN19.SPA.sf2,iy,league,25.540056072112662,1,six_reference_complete
AN19.SPA.sf2,iy,teat,21.33487556787639,1,six_reference_complete
AN19.SPA.sf2,iy,teeth,39.69391191144073,1,six_reference_complete
AN19.SPA.sf2,iy,weed,42.26694327853739,1,six_reference_complete
AN19.SPA.sf2,jh,jack,82.68736028980732,1,six_reference_complete
AN19.SPA.sf2,jh,job,55.00155396463396,1,six_reference_complete
AN19.SPA.sf2,jh,page,37.718923427480426,1,six_reference_complete
AN19.SPA.sf2,k,beak,28.653825494486473,1,six_reference_complete
AN19.SPA.sf2,k,con,13.963334322699374,1,six_reference_complete
AN19.SPA.sf2,k,curve,39.48405044380214,1,six_reference_complete
AN19.SPA.sf2,k,hack,68.30105144677708,1,six_reference_complete
AN19.SPA.sf2,k,jack,134.1687834423309,1,six_reference_complete
AN19.SPA.sf2,k,king,29.122046244212864,1,six_reference_complete
AN19.SPA.sf2,k,thick,47.95191605589407,1,six_reference_complete
AN19.SPA.sf2,m,bum,46.58339314426076,1,six_reference_complete
AN19.SPA.sf2,m,doom,23.451132407478365,1,six_reference_complete
AN19.SPA.sf2,m,lame,41.71145204310983,1,six_reference_complete
AN19.SPA.sf2,m,mall,57.83557944963368,1,six_reference_complete
AN19.SPA.sf2,m,mote,45.889099532095855,1,six_reference_complete
AN19.SPA.sf2,m,move,26.919225812438594,1,six_reference_complete
AN19.SPA.sf2,m,mum,33.1502544996274,1,six_reference_complete
AN19.SPA.sf2,m,rhyme,36.50809039034234,1,six_reference_complete
AN19.SPA.sf2,m,theme,25.987039765628,1,six_reference_complete
AN19.SPA.sf2,n,fin,58.57224440657973,1,six_reference_complete
AN19.SPA.sf2,ng,young,47.34077241168254,1,six_reference_complete
AN19.SPA.sf2,ow,mote,35.40712845838136,1,six_reference_complete
AN19.SPA.sf2,ow,soak,31.68355511808802,1,six_reference_complete
AN19.SPA.sf2,oy,noise,51.26558722321649,1,six_reference_complete
AN19.SPA.sf2,oy,soil,20.29726074058686,1,six_reference_complete
AN19.SPA.sf2,oy,voice,32.19346877808557,1,six_reference_complete
AN19.SPA.sf2,p,deep,25.777260664976183,1,six_reference_complete
AN19.SPA.sf2,p,page,46.12864615466224,1,six_reference_complete
AN19.SPA.sf2,p,path,32.66132659550484,1,six_reference_complete
AN19.SPA.sf2,p,pawn,12.75466737394062,1,six_reference_complete
AN19.SPA.sf2,p,pup,42.01411314619376,1,six_reference_complete
AN19.SPA.sf2,p,ship,70.60511621896602,1,six_reference_complete
AN19.SPA.sf2,p,shop,49.91965752704581,1,six_reference_complete
AN19.SPA.sf2,r,cheer,16.031817842732504,1,six_reference_complete
AN19.SPA.sf2,r,rim,45.9722571854035,1,six_reference_complete
AN19.SPA.sf2,r,rough,63.717815747381565,1,six_reference_complete
AN19.SPA.sf2,r,whore,23.994981438238323,1,six_reference_complete
AN19.SPA.sf2,s,gas,35.154167006062885,1,six_reference_complete
AN19.SPA.sf2,s,lice,22.924637298236814,1,six_reference_complete
AN19.SPA.sf2,s,mace,46.98256108828201,1,six_reference_complete
AN19.SPA.sf2,s,peace,25.602000126006885,1,six_reference_complete
AN19.SPA.sf2,s,sane,17.566023236828954,1,six_reference_complete
AN19.SPA.sf2,s,soak,21.41173208269773,1,six_reference_complete
AN19.SPA.sf2,s,soil,23.177980767787364,1,six_reference_complete
AN19.SPA.sf2,sh,hash,37.165546129683364,1,six_reference_complete
AN19.SPA.sf2,sh,ship,22.861010807213635,1,six_reference_complete
AN19.SPA.sf2,sh,shop,16.58972640053428,1,six_reference_complete
AN19.SPA.sf2,t,goat,44.2637971173959,1,six_reference_complete
AN19.SPA.sf2,t,gut,54.88600174508772,1,six_reference_complete
AN19.SPA.sf2,t,hoot,37.55084339507694,1,six_reference_complete
AN19.SPA.sf2,t,route,55.745320824074376,1,six_reference_complete
AN19.SPA.sf2,t,thought,38.90964505357777,1,six_reference_complete
AN19.SPA.sf2,t,white,94.98745093208872,1,six_reference_complete
AN19.SPA.sf2,th,both,24.2918305215768,1,six_reference_complete
AN19.SPA.sf2,th,death,45.54754070212661,1,six_reference_complete
AN19.SPA.sf2,th,path,20.430361293235375,1,six_reference_complete
AN19.SPA.sf2,th,theme,46.603764384213825,1,six_reference_complete
AN19.SPA.sf2,th,thick,45.225170455232224,1,six_reference_complete
AN19.SPA.sf2,uh,full,30.46312786891363,1,six_reference_complete
AN19.SPA.sf2,uh,pull,26.25799358169159,1,six_reference_complete
AN19.SPA.sf2,uw,fool,40.444817531598396,1,six_reference_complete
AN19.SPA.sf2,uw,lose,14.539438768060336,1,six_reference_complete
AN19.SPA.sf2,uw,roof,34.970891163136876,1,six_reference_complete
AN19.SPA.sf2,v,curve,67.60888850897233,1,six_reference_complete
AN19.SPA.sf2,v,love,66.22158007597089,1,six_reference_complete
AN19.SPA.sf2,v,move,27.293697475732838,1,six_reference_complete
AN19.SPA.sf2,v,serve,62.85677264382767,1,six_reference_complete
AN19.SPA.sf2,w,weed,62.02427604746802,1,six_reference_complete
AN19.SPA.sf2,w,wick,40.26559582075876,1,six_reference_complete
AN19.SPA.sf2,y,young,34.739337957949225,1,six_reference_complete
AN19.SPA.sf3,aa,caught,48.36194349460607,1,six_reference_complete
AN19.SPA.sf3,aa,cod,57.59851760675367,1,six_reference_complete
AN19.SPA.sf3,aa,con,86.24835265951776,1,six_reference_complete
AN19.SPA.sf3,aa,shop,20.80528572604189,1,six_reference_complete
AN19.SPA.sf3,aa,was,27.915836220203005,1,six_reference_complete
AN19.SPA.sf3,aa,wash,36.080771289566144,1,six_reference_complete
AN19.SPA.sf3,aa,watch,37.820642119790826,1,six_reference_complete
AN19.SPA.sf3,ae,lad,17.425241003744265,1,six_reference_complete
AN19.SPA.sf3,ae,mat,21.021787830333974,1,six_reference_complete
AN19.SPA.sf3,ae,rat,22.871880824121433,1,six_reference_complete
AN19.SPA.sf3,ae,shall,25.75006297194143,1,six_reference_complete
AN19.SPA.sf3,ah,rut,32.01473555564004,1,six_reference_complete
AN19.SPA.sf3,ah,suck,55.12708176589592,1,six_reference_complete
AN19.SPA.sf3,ao,wrong,57.93202137659961,1,six_reference_complete
AN19.SPA.sf3,ay,lice,24.350870407137307,1,six_reference_complete
AN19.SPA.sf3,ay,live,49.1870105303039,1,six_reference_complete
AN19.SPA.sf3,ay,rhyme,23.933314253025326,1,six_reference_complete
AN19.SPA.sf3,ay,size,20.25859278329661,1,six_reference_complete
AN19.SPA.sf3,ay,vice,25.67436531190179,1,six_reference_complete
AN19.SPA.sf3,ay,wife,16.566780424735466,1,six_reference_complete
AN19.SPA.sf3,b,balm,28.09963982880714,1,six_reference_complete
AN19.SPA.sf3,b,bean,41.42994823100401,1,six_reference_complete
AN19.SPA.sf3,b,both,45.68977324961957,1,six_reference_complete
AN19.SPA.sf3,b,bug,53.394093977766836,1,six_reference_complete
AN19.SPA.sf3,b,job,49.88872761992561,1,six_reference_complete
AN19.SPA.sf3,ch,chain,39.11687140049555,1,six_reference_complete
AN19.SPA.sf3,ch,check,58.696766257392234,1,six_reference_complete
AN19.SPA.sf3,ch,cheer,26.305624586054027,1,six_reference_complete
AN19.SPA.sf3,ch,chief,26.786358722722383,1,six_reference_complete
AN19.SPA.sf3,d,bead,29.063778584328194,1,six_reference_complete
AN19.SPA.sf3,d,den,23.53911984597471,1,six_reference_complete
AN19.SPA.sf3,d,doom,57.50374062025011,1,six_reference_complete
AN19.SPA.sf3,d,dune,27.49614594352035,1,six_reference_complete
AN19.SPA.sf3,d,pad,19.386172705009724,1,six_reference_complete
AN19.SPA.sf3,eh,den,15.302660077751646,1,six_reference_complete
AN19.SPA.sf3,eh,leg,53.00646733642083,1,six_reference_complete
AN19.SPA.sf3,eh,neck,78.9751050153376,1,six_reference_complete
AN19.SPA.sf3,eh,wed,25.24541470532765,1,six_reference_complete
AN19.SPA.sf3,er,learn,56.27548723741427,1,six_reference_complete
AN19.SPA.sf3,ey,fade,17.336910396609266,1,six_reference_complete
AN19.SPA.sf3,ey,lace,23.51384859417281,1,six_reference_complete
AN19.SPA.sf3,ey,mace,31.179685845446475,1,six_reference_complete
AN19.SPA.sf3,ey,sane,60.621474425776285,1,six_reference_complete
AN19.SPA.sf3,ey,shape,16.899868507059676,1,six_reference_complete
AN19.SPA.sf3,ey,wail,45.01090978306811,1,six_reference_complete
AN19.SPA.sf3,f,fig,75.46416255204352,1,six_reference_complete
AN19.SPA.sf3,f,firm,38.10009893791266,1,six_reference_complete
AN19.SPA.sf3,f,five,65.02602429732535,1,six_reference_complete
AN19.SPA.sf3,f,food,31.85374968403396,1,six_reference_complete
AN19.SPA.sf3,g,dog,45.17249239628418,1,six_reference_complete
AN19.SPA.sf3,g,fig,88.97736539650988,1,six_reference_complete
AN19.SPA.sf3,g,give,40.80599154013182,1,six_reference_complete
AN19.SPA.sf3,g,god,82.39710296116583,1,six_reference_complete
AN19.SPA.sf3,g,gut,70.12982796529212,1,six_reference_complete
AN19.SPA.sf3,g,hag,49.15212144796357,1,six_reference_complete
AN19.SPA.sf3,g,league,33.17259152783982,1,six_reference_complete
AN19.SPA.sf3,hh,hag,17.688745350160932,1,six_reference_complete
AN19.SPA.sf3,hh,hoot,35.67545327962651,1,six_reference_complete
AN19.SPA.sf3,ih,kin,33.94974605880775,1,six_reference_complete
AN19.SPA.sf3,ih,kit,49.59148712986475,1,six_reference_complete
AN19.SPA.sf3,ih,mid,48.38107025834311,1,six_reference_complete
AN19.SPA.sf3,ih,sill,22.23573362216978,1,six_reference_complete
AN19.SPA.sf3,iy,bead,26.12670386902654,1,six_reference_complete
AN19.SPA.sf3,iy,bean,15.41256615191926,1,six_reference_complete
AN19.SPA.sf3,iy,chief,36.53613567810112,1,six_reference_complete
AN19.SPA.sf3,iy,deep,20.5284198570737,1,six_reference_complete
AN19.SPA.sf3,iy,league,29.552482310276897,1,six_reference_complete
AN19.SPA.sf3,iy,teat,20.284229899906855,1,six_reference_complete
AN19.SPA.sf3,iy,theme,20.97181822091021,1,six_reference_complete
AN19.SPA.sf3,iy,weed,80.13685694292388,1,six_reference_complete
AN19.SPA.sf3,jh,job,74.63490686929512,1,six_reference_complete
AN19.SPA.sf3,jh,join,38.73190957473337,1,six_reference_complete
AN19.SPA.sf3,jh,page,34.02867954132983,1,six_reference_complete
AN19.SPA.sf3,k,beak,27.114792338881646,1,six_reference_complete
AN19.SPA.sf3,k,curve,71.8381313370648,1,six_reference_complete
AN19.SPA.sf3,k,hack,17.856416511989767,1,six_reference_complete
AN19.SPA.sf3,k,jack,13.63166693370269,1,six_reference_complete
AN19.SPA.sf3,k,king,26.404141629036484,1,six_reference_complete
AN19.SPA.sf3,k,suck,46.49926815819631,1,six_reference_complete
AN19.SPA.sf3,k,thick,71.2279496774873,1,six_reference_complete
AN19.SPA.sf3,l,hurl,34.873914640824104,1,six_reference_complete
AN19.SPA.sf3,l,league,53.247460081289404,1,six_reference_complete
AN19.SPA.sf3,m,bum,26.908878496794433,1,six_reference_complete
AN19.SPA.sf3,m,doom,18.220161302012894,1,six_reference_complete
AN19.SPA.sf3,m,lame,26.325153744502035,1,six_reference_complete
AN19.SPA.sf3,m,mall,36.68539419085973,1,six_reference_complete
AN19.SPA.sf3,m,move,33.081688570153226,1,six_reference_complete
AN19.SPA.sf3,m,mum,36.7188917802377,1,six_reference_complete
AN19.SPA.sf3,m,rhyme,29.81201926002957,1,six_reference_complete
AN19.SPA.sf3,m,theme,33.58992639337237,1,six_reference_complete
AN19.SPA.sf3,ng,long,17.444612502958734,1,six_reference_complete
AN19.SPA.sf3,ow,mote,38.63647618554515,1,six_reference_complete
AN19.SPA.sf3,ow,soak,36.14026023850565,1,six_reference_complete
AN19.SPA.sf3,oy,noise,48.73904401541487,1,six_reference_complete
AN19.SPA.sf3,oy,voice,52.686945237871925,1,six_reference_complete
AN19.SPA.sf3,p,deep,47.625482620745174,1,six_reference_complete
AN19.SPA.sf3,p,page,47.63648463167518,1,six_reference_complete
AN19.SPA.sf3,p,path,35.24502089766847,1,six_reference_complete
AN19.SPA.sf3,p,pawn,81.35971468586915,1,six_reference_complete
AN19.SPA.sf3,p,pool,20.03903645822714,1,six_reference_complete
AN19.SPA.sf3,p,pup,43.016270217655965,1,six_reference_complete
AN19.SPA.sf3,p,ship,39.18677641787476,1,six_reference_complete
AN19.SPA.sf3,p,shop,31.496265635319983,1,six_reference_complete
AN19.SPA.sf3,r,rim,64.32817960068824,1,six_reference_complete
AN19.SPA.sf3,r,rough,23.03382970879055,1,six_reference_complete
AN19.SPA.sf3,r,whore,13.541632053121043,1,six_reference_complete
AN19.SPA.sf3,s,gas,39.517137231714464,1,six_reference_complete
AN19.SPA.sf3,s,lice,22.75083039650882,1,six_reference_complete
AN19.SPA.sf3,s,mace,42.76389857071015,1,six_reference_complete
AN19.SPA.sf3,s,peace,23.504183477616124,1,six_reference_complete
AN19.SPA.sf3,s,sane,14.7700364016883,1,six_reference_complete
AN19.SPA.sf3,s,soak,13.918921940131966,1,six_reference_complete
AN19.SPA.sf3,s,soil,17.684082050287984,1,six_reference_complete
AN19.SPA.sf3,sh,hash,32.798005974854156,1,six_reference_complete
AN19.SPA.sf3,sh,shall,10.984705082302412,1,six_reference_complete
AN19.SPA.sf3,sh,shop,13.889039575364116,1,six_reference_complete
AN19.SPA.sf3,t,gut,68.16446467662706,1,six_reference_complete
AN19.SPA.sf3,t,hoot,35.95823345172809,1,six_reference_complete
AN19.SPA.sf3,t,route,41.97545206112494,1,six_reference_complete
AN19.SPA.sf3,t,thought,55.467605193404516,1,six_reference_complete
AN19.SPA.sf3,t,toot,46.60719415959596,1,six_reference_complete
AN19.SPA.sf3,t,white,44.079530993004084,1,six_reference_complete
AN19.SPA.sf3,th,both,48.02838044916822,1,six_reference_complete
AN19.SPA.sf3,th,faith,50.5222051259941,1,six_reference_complete
AN19.SPA.sf3,th,mouth,37.027932172020265,1,six_reference_complete
AN19.SPA.sf3,th,path,19.763440517099678,1,six_reference_complete
AN19.SPA.sf3,th,theme,28.448308658017567,1,six_reference_complete
AN19.SPA.sf3,th,thick,68.15160816389265,1,six_reference_complete
AN19.SPA.sf3,uh,full,29.6533303885586,1,six_reference_complete
AN19.SPA.sf3,uw,fool,20.6174993136056,1,six_reference_complete
AN19.SPA.sf3,uw,lose,11.26320300671881,1,six_reference_complete
AN19.SPA.sf3,uw,roof,30.48816656433293,1,six_reference_complete
AN19.SPA.sf3,v,curve,27.846945929611383,1,six_reference_complete
AN19.SPA.sf3,v,love,33.15589772500649,1,six_reference_complete
AN19.SPA.sf3,v,move,25.793924673482664,1,six_reference_complete
AN19.SPA.sf3,v,serve,15.267774860597369,1,six_reference_complete
AN19.SPA.sf3,w,weed,47.7526947496656,1,six_reference_complete
AN19.SPA.sf3,w,wick,35.82933766790887,1,six_reference_complete
AN19.SPA.sf4,aa,caught,61.14425079543761,1,six_reference_complete
AN19.SPA.sf4,aa,con,48.80473545280203,1,six_reference_complete
AN19.SPA.sf4,aa,shop,21.91487941996181,1,six_reference_complete
AN19.SPA.sf4,aa,was,20.38759488382499,1,six_reference_complete
AN19.SPA.sf4,aa,watch,41.97396285449173,1,six_reference_complete
AN19.SPA.sf4,ae,ban,21.80400476787955,1,six_reference_complete
AN19.SPA.sf4,ae,lad,69.75637287057089,1,six_reference_complete
AN19.SPA.sf4,ae,rat,80.44689753969956,1,six_reference_complete
AN19.SPA.sf4,ae,shall,39.86631701905063,1,six_reference_complete
AN19.SPA.sf4,ah,bun,46.58014189500918,1,six_reference_complete
AN19.SPA.sf4,ah,suck,60.81402623302089,1,six_reference_complete
AN19.SPA.sf4,ao,chore,70.63155842366682,1,six_reference_complete
AN19.SPA.sf4,ao,long,36.932630639885964,1,six_reference_complete
AN19.SPA.sf4,ao,wrong,37.91604220905707,2,six_reference_complete
AN19.SPA.sf4,ay,lice,25.077703897834454,1,six_reference_complete
AN19.SPA.sf4,ay,live,49.60451718644708,1,six_reference_complete
AN19.SPA.sf4,ay,rhyme,27.82640352549735,1,six_reference_complete
AN19.SPA.sf4,ay,size,21.9110530542022,1,six_reference_complete
AN19.SPA.sf4,ay,vice,23.558250913384622,1,six_reference_complete
AN19.SPA.sf4,ay,wife,15.99140853349762,1,six_reference_complete
AN19.SPA.sf4,b,balm,29.64164760090115,1,six_reference_complete
AN19.SPA.sf4,b,bean,47.12567461017566,1,six_reference_complete
AN19.SPA.sf4,b,both,35.63089668428922,1,six_reference_complete
AN19.SPA.sf4,b,bug,62.033637227081975,1,six_reference_complete
AN19.SPA.sf4,b,job,48.88784203777205,1,six_reference_complete
AN19.SPA.sf4,ch,chain,45.39783927093123,1,six_reference_complete
AN19.SPA.sf4,ch,check,30.428409584761454,1,six_reference_complete
AN19.SPA.sf4,ch,cheer,15.335511101379316,1,six_reference_complete
AN19.SPA.sf4,ch,chief,27.03044040192491,1,six_reference_complete
AN19.SPA.sf4,d,bead,41.612163079759945,1,six_reference_complete
AN19.SPA.sf4,d,den,42.40025910186832,1,six_reference_complete
AN19.SPA.sf4,d,doom,47.45537298115945,1,six_reference_complete
AN19.SPA.sf4,d,dune,66.3007154979433,1,six_reference_complete
AN19.SPA.sf4,d,pad,28.752419988247595,1,six_reference_complete
AN19.SPA.sf4,eh,den,34.36222123004543,1,six_reference_complete
AN19.SPA.sf4,eh,neck,61.747456979485996,1,six_reference_complete
AN19.SPA.sf4,eh,wed,64.02676208662844,1,six_reference_complete
AN19.SPA.sf4,er,learn,35.45534235452488,1,six_reference_complete
AN19.SPA.sf4,ey,fade,18.207469581130606,1,six_reference_complete
AN19.SPA.sf4,ey,lace,23.393100254331433,1,six_reference_complete
AN19.SPA.sf4,ey,mace,19.389191379086057,1,six_reference_complete
AN19.SPA.sf4,ey,sane,50.96919477080832,1,six_reference_complete
AN19.SPA.sf4,ey,shape,18.47709246725402,1,six_reference_complete
AN19.SPA.sf4,ey,wail,34.03951841003061,1,six_reference_complete
AN19.SPA.sf4,f,fig,33.39224634464173,1,six_reference_complete
AN19.SPA.sf4,f,firm,36.12633885396041,1,six_reference_complete
AN19.SPA.sf4,f,five,41.11157380311471,1,six_reference_complete
AN19.SPA.sf4,f,food,34.535601922910324,1,six_reference_complete
AN19.SPA.sf4,g,gave,32.95841707368151,1,six_reference_complete
AN19.SPA.sf4,g,girl,36.37533370806623,1,six_reference_complete
AN19.SPA.sf4,g,give,41.874409689498556,1,six_reference_complete
AN19.SPA.sf4,g,god,45.93155772757259,1,six_reference_complete
AN19.SPA.sf4,g,gut,68.55394029117353,1,six_reference_complete
AN19.SPA.sf4,g,league,18.07474679213565,1,six_reference_complete
AN19.SPA.sf4,hh,hack,22.2677432893917,1,six_reference_complete
AN19.SPA.sf4,hh,hid,42.92027696328245,1,six_reference_complete
AN19.SPA.sf4,hh,hoot,34.056592871632674,1,six_reference_complete
AN19.SPA.sf4,ih,kit,36.87151289996284,1,six_reference_complete
AN19.SPA.sf4,ih,sill,25.765063900120293,1,six_reference_complete
AN19.SPA.sf4,ih,thing,36.99714375682321,1,six_reference_complete
AN19.SPA.sf4,iy,bean,21.143948372678825,1,six_reference_complete
AN19.SPA.sf4,iy,chief,38.89310156540565,1,six_reference_complete
AN19.SPA.sf4,iy,league,18.689707533686345,1,six_reference_complete
AN19.SPA.sf4,iy,teat,30.16297715120321,1,six_reference_complete
AN19.SPA.sf4,iy,teeth,43.19521261903966,1,six_reference_complete
AN19.SPA.sf4,iy,weed,94.01323241161835,1,six_reference_complete
AN19.SPA.sf4,jh,jack,35.65179390102181,1,six_reference_complete
AN19.SPA.sf4,jh,job,64.20381465145391,1,six_reference_complete
AN19.SPA.sf4,jh,join,57.56387104952818,1,six_reference_complete
AN19.SPA.sf4,jh,page,66.9903336052915,1,six_reference_complete
AN19.SPA.sf4,k,beak,28.94378241079174,1,six_reference_complete
AN19.SPA.sf4,k,con,54.37395862857525,1,six_reference_complete
AN19.SPA.sf4,k,curve,36.649177652977365,1,six_reference_complete
AN19.SPA.sf4,k,hack,67.80965851445482,1,six_reference_complete
AN19.SPA.sf4,k,jack,21.380703432467385,1,six_reference_complete
AN19.SPA.sf4,k,king,29.675273900765678,1,six_reference_complete
AN19.SPA.sf4,k,suck,109.44181398939952,1,six_reference_complete
AN19.SPA.sf4,k,thick,65.74629819359275,1,six_reference_complete
AN19.SPA.sf4,l,hurl,54.71189649875679,1,six_reference_complete
AN19.SPA.sf4,l,league,26.945606830218864,1,six_reference_complete
AN19.SPA.sf4,l,lice,17.89863385336024,1,six_reference_complete
AN19.SPA.sf4,m,doom,29.022494745220445,1,six_reference_complete
AN19.SPA.sf4,m,lame,26.40652499315254,1,six_reference_complete
AN19.SPA.sf4,m,mall,44.517197505513536,1,six_reference_complete
AN19.SPA.sf4,m,mote,46.33024929659831,1,six_reference_complete
AN19.SPA.sf4,m,move,35.14525820739768,1,six_reference_complete
AN19.SPA.sf4,m,mum,36.66659046870608,1,six_reference_complete
AN19.SPA.sf4,m,rhyme,30.008681430940488,1,six_reference_complete
AN19.SPA.sf4,m,theme,21.41115173223837,1,six_reference_complete
AN19.SPA.sf4,n,fin,34.57632485650613,1,six_reference_complete
AN19.SPA.sf4,n,join,63.733929730958245,1,six_reference_complete
AN19.SPA.sf4,ng,long,16.714449139531677,1,six_reference_complete
AN19.SPA.sf4,ng,young,36.80953662009646,1,six_reference_complete
AN19.SPA.sf4,ow,mote,34.215636835603576,1,six_reference_complete
AN19.SPA.sf4,ow,soak,69.65339988833993,1,six_reference_complete
AN19.SPA.sf4,oy,noise,49.00746060363975,1,six_reference_complete
AN19.SPA.sf4,oy,soil,24.49519540840687,1,six_reference_complete
AN19.SPA.sf4,oy,voice,36.05947241899082,1,six_reference_complete
AN19.SPA.sf4,p,deep,101.88388596594696,1,six_reference_complete
AN19.SPA.sf4,p,path,44.687236221633164,1,six_reference_complete
AN19.SPA.sf4,p,pawn,16.328196297075838,1,six_reference_complete
AN19.SPA.sf4,p,pool,23.638490265588914,1,six_reference_complete
AN19.SPA.sf4,p,pup,44.612583434429105,1,six_reference_complete
AN19.SPA.sf4,p,ship,64.14697815748512,1,six_reference_complete
AN19.SPA.sf4,r,cheer,17.371086924279126,1,six_reference_complete
AN19.SPA.sf4,r,rim,58.19065666012921,1,six_reference_complete
AN19.SPA.sf4,r,whore,50.99151421450205,1,six_reference_complete
AN19.SPA.sf4,s,gas,43.60270259809615,1,six_reference_complete
AN19.SPA.sf4,s,lice,33.47297101409385,1,six_reference_complete
AN19.SPA.sf4,s,mace,35.3790121789536,1,six_reference_complete
AN19.SPA.sf4,s,peace,37.79981161099231,1,six_reference_complete
AN19.SPA.sf4,s,soak,14.382762641987098,1,six_reference_complete
AN19.SPA.sf4,s,soil,14.964942375140048,1,six_reference_complete
AN19.SPA.sf4,sh,shall,11.253874271423948,1,six_reference_complete
AN19.SPA.sf4,sh,ship,13.403873339690042,1,six_reference_complete
AN19.SPA.sf4,sh,shop,13.012398353166278,1,six_reference_complete
AN19.SPA.sf4,t,goat,68.80149713682546,1,six_reference_complete
AN19.SPA.sf4,t,gut,41.606785559046216,1,six_reference_complete
AN19.SPA.sf4,t,hoot,32.563823093534175,1,six_reference_complete
AN19.SPA.sf4,t,route,73.09731819963265,1,six_reference_complete
AN19.SPA.sf4,t,thought,86.3352224049117,1,six_reference_complete
AN19.SPA.sf4,t,toot,25.273436621725622,1,six_reference_complete
AN19.SPA.sf4,t,white,62.884649256580445,1,six_reference_complete
AN19.SPA.sf4,th,both,41.54684338112634,1,six_reference_complete
AN19.SPA.sf4,th,death,69.40365094310906,1,six_reference_complete
AN19.SPA.sf4,th,faith,41.443491302644084,1,six_reference_complete
AN19.SPA.sf4,th,mouth,43.37759862787362,1,six_reference_complete
AN19.SPA.sf4,th,path,41.229157797619585,1,six_reference_complete
AN19.SPA.sf4,th,theme,41.440263437251076,1,six_reference_complete
AN19.SPA.sf4,th,thick,49.91488232092748,1,six_reference_complete
AN19.SPA.sf4,uh,full,31.977011765198025,1,six_reference_complete
AN19.SPA.sf4,uh,pull,24.399115788790226,1,six_reference_complete
AN19.SPA.sf4,uw,fool,17.17834659762988,1,six_reference_complete
AN19.SPA.sf4,uw,lose,48.16198319387188,1,six_reference_complete
AN19.SPA.sf4,uw,roof,21.636244852302994,1,six_reference_complete
AN19.SPA.sf4,v,curve,21.827128423401078,1,six_reference_complete
AN19.SPA.sf4,v,serve,19.45069839964498,1,six_reference_complete
AN19.SPA.sf4,w,weed,51.38431137521767,1,six_reference_complete
AN19.SPA.sf4,w,wick,38.108478152926715,1,six_reference_complete
AN19.SPA.sf4,y,young,27.885518522235873,1,six_reference_complete
AN19.SPA.sf5,aa,caught,54.15878977847685,1,six_reference_complete
AN19.SPA.sf5,aa,con,37.09133682662806,1,six_reference_complete
AN19.SPA.sf5,aa,shop,19.767332056679503,1,six_reference_complete
AN19.SPA.sf5,aa,was,25.03396897087934,1,six_reference_complete
AN19.SPA.sf5,aa,wash,27.934980482696435,1,six_reference_complete
AN19.SPA.sf5,ae,ban,50.916445316123,1,six_reference_complete
AN19.SPA.sf5,ae,lad,60.47757064707528,1,six_reference_complete
AN19.SPA.sf5,ae,mat,41.63403113887787,1,six_reference_complete
AN19.SPA.sf5,ae,rat,38.12553183600636,1,six_reference_complete
AN19.SPA.sf5,ae,shall,15.021379178769413,1,six_reference_complete
AN19.SPA.sf5,ah,suck,40.78160787481562,1,six_reference_complete
AN19.SPA.sf5,ao,chore,59.142058536086246,1,six_reference_complete
AN19.SPA.sf5,ao,long,44.688584598271426,1,six_reference_complete
AN19.SPA.sf5,ao,wrong,36.158607136854975,2,six_reference_complete
AN19.SPA.sf5,ay,lice,25.152115963063398,1,six_reference_complete
AN19.SPA.sf5,ay,live,56.99362402233623,1,six_reference_complete
AN19.SPA.sf5,ay,size,19.721188332333725,1,six_reference_complete
AN19.SPA.sf5,ay,vice,22.309333240838075,1,six_reference_complete
AN19.SPA.sf5,ay,wife,57.54988420553284,1,six_reference_complete
AN19.SPA.sf5,b,balm,54.627953122861065,1,six_reference_complete
AN19.SPA.sf5,b,bean,44.404391127121976,1,six_reference_complete
AN19.SPA.sf5,b,both,26.913315546927112,1,six_reference_complete
AN19.SPA.sf5,b,bug,59.825146887904175,1,six_reference_complete
AN19.SPA.sf5,b,job,41.088670652694894,1,six_reference_complete
AN19.SPA.sf5,ch,chain,24.957745045064588,1,six_reference_complete
AN19.SPA.sf5,ch,check,20.539491382076108,1,six_reference_complete
AN19.SPA.sf5,ch,cheer,21.079271813989845,1,six_reference_complete
AN19.SPA.sf5,ch,chief,22.913560202848185,1,six_reference_complete
AN19.SPA.sf5,d,bead,31.05348031801964,1,six_reference_complete
AN19.SPA.sf5,d,dune,29.320698991676696,1,six_reference_complete
AN19.SPA.sf5,d,hid,55.25163439966368,1,six_reference_complete
AN19.SPA.sf5,eh,den,25.713988985815515,1,six_reference_complete
AN19.SPA.sf5,eh,leg,74.95043137220378,1,six_reference_complete
AN19.SPA.sf5,eh,neck,54.85657379324727,1,six_reference_complete
AN19.SPA.sf5,eh,wed,21.893512534928174,1,six_reference_complete
AN19.SPA.sf5,er,learn,21.35795989870034,1,six_reference_complete
AN19.SPA.sf5,ey,fade,14.776657780948378,1,six_reference_complete
AN19.SPA.sf5,ey,lace,23.051656398566067,1,six_reference_complete
AN19.SPA.sf5,ey,mace,43.18226740893013,1,six_reference_complete
AN19.SPA.sf5,ey,sane,17.923215330529555,1,six_reference_complete
AN19.SPA.sf5,ey,shape,14.33689541877729,1,six_reference_complete
AN19.SPA.sf5,ey,wail,49.7861071147637,1,six_reference_complete
AN19.SPA.sf5,f,fig,33.595952340638995,1,six_reference_complete
AN19.SPA.sf5,f,firm,40.48725027466283,1,six_reference_complete
AN19.SPA.sf5,f,five,36.4420131376495,1,six_reference_complete
AN19.SPA.sf5,f,food,30.085337527866702,1,six_reference_complete
AN19.SPA.sf5,g,dog,48.59468857294163,1,six_reference_complete
AN19.SPA.sf5,g,fig,57.054052995927485,1,six_reference_complete
AN19.SPA.sf5,g,gave,25.241463674317803,1,six_reference_complete
AN19.SPA.sf5,g,give,39.988238233391385,1,six_reference_complete
AN19.SPA.sf5,g,god,80.09643489251198,1,six_reference_complete
AN19.SPA.sf5,g,gut,56.83662068141476,1,six_reference_complete
AN19.SPA.sf5,g,hag,61.54977027246175,1,six_reference_complete
AN19.SPA.sf5,g,league,29.45776815484501,1,six_reference_complete
AN19.SPA.sf5,hh,hack,10.841295627508961,1,six_reference_complete
AN19.SPA.sf5,hh,hag,15.776943075510388,1,six_reference_complete
AN19.SPA.sf5,hh,hid,80.96512889094996,1,six_reference_complete
AN19.SPA.sf5,hh,hoot,36.90923834649828,1,six_reference_complete
AN19.SPA.sf5,ih,kin,27.390307342176172,1,six_reference_complete
AN19.SPA.sf5,ih,kit,51.33465155196584,1,six_reference_complete
AN19.SPA.sf5,ih,mid,86.44151204959957,1,six_reference_complete
AN19.SPA.sf5,ih,sill,30.418712769276862,1,six_reference_complete
AN19.SPA.sf5,ih,thick,52.1957283417457,1,six_reference_complete
AN19.SPA.sf5,ih,thing,35.66793621270427,1,six_reference_complete
AN19.SPA.sf5,iy,bead,30.369806059720332,1,six_reference_complete
AN19.SPA.sf5,iy,deep,17.77507777040724,1,six_reference_complete
AN19.SPA.sf5,iy,league,36.07989035130251,1,six_reference_complete
AN19.SPA.sf5,iy,teeth,50.3269971062106,1,six_reference_complete
AN19.SPA.sf5,iy,theme,24.149673588515597,1,six_reference_complete
AN19.SPA.sf5,iy,weed,20.552727257991368,1,six_reference_complete
AN19.SPA.sf5,jh,jack,32.023980535738,1,six_reference_complete
AN19.SPA.sf5,jh,job,45.059740008483836,1,six_reference_complete
AN19.SPA.sf5,jh,join,33.14358607802691,1,six_reference_complete
AN19.SPA.sf5,jh,page,40.046897466504696,1,six_reference_complete
AN19.SPA.sf5,k,beak,46.78613506882169,1,six_reference_complete
AN19.SPA.sf5,k,curve,64.15584501014627,1,six_reference_complete
AN19.SPA.sf5,k,jack,20.010198456679678,1,six_reference_complete
AN19.SPA.sf5,k,king,29.45264774286427,1,six_reference_complete
AN19.SPA.sf5,k,thick,68.98496662880632,1,six_reference_complete
AN19.SPA.sf5,l,hurl,35.156025885835895,1,six_reference_complete
AN19.SPA.sf5,l,league,34.52536944241058,1,six_reference_complete
AN19.SPA.sf5,l,lice,18.55845586825345,1,six_reference_complete
AN19.SPA.sf5,m,bum,46.88264173431431,1,six_reference_complete
AN19.SPA.sf5,m,doom,18.258127061141966,1,six_reference_complete
AN19.SPA.sf5,m,lame,29.233891393055156,1,six_reference_complete
AN19.SPA.sf5,m,mall,38.06065601909791,1,six_reference_complete
AN19.SPA.sf5,m,move,25.839712247506625,1,six_reference_complete
AN19.SPA.sf5,m,mum,32.01413621122499,1,six_reference_complete
AN19.SPA.sf5,m,rhyme,67.66496367451327,1,six_reference_complete
AN19.SPA.sf5,m,theme,40.34352267791484,1,six_reference_complete
AN19.SPA.sf5,n,join,47.15394988189801,1,six_reference_complete
AN19.SPA.sf5,ng,long,19.207631665622543,1,six_reference_complete
AN19.SPA.sf5,ng,young,36.02000804136603,1,six_reference_complete
AN19.SPA.sf5,ow,soak,24.78442819808163,1,six_reference_complete
AN19.SPA.sf5,oy,noise,30.15029261848144,1,six_reference_complete
AN19.SPA.sf5,oy,soil,30.644396257842843,1,six_reference_complete
AN19.SPA.sf5,oy,voice,27.663293985397896,1,six_reference_complete
AN19.SPA.sf5,p,deep,23.890848306689975,1,six_reference_complete
AN19.SPA.sf5,p,page,48.54912853873113,1,six_reference_complete
AN19.SPA.sf5,p,path,44.46561668155178,1,six_reference_complete
AN19.SPA.sf5,p,pawn,41.89787227106207,1,six_reference_complete
AN19.SPA.sf5,p,pool,24.735560297467092,1,six_reference_complete
AN19.SPA.sf5,p,pup,79.14803021245875,1,six_reference_complete
AN19.SPA.sf5,p,shop,33.57312394395883,1,six_reference_complete
AN19.SPA.sf5,r,cheer,14.722709604647681,1,six_reference_complete
AN19.SPA.sf5,r,rim,59.18035686251301,1,six_reference_complete
AN19.SPA.sf5,r,whore,52.98718513538444,1,six_reference_complete
AN19.SPA.sf5,s,gas,24.8014355607145,1,six_reference_complete
AN19.SPA.sf5,s,lice,22.938004187070067,1,six_reference_complete
AN19.SPA.sf5,s,mace,35.11784881024778,1,six_reference_complete
AN19.SPA.sf5,s,peace,21.451561489933045,1,six_reference_complete
AN19.SPA.sf5,s,sane,13.999028087315125,1,six_reference_complete
AN19.SPA.sf5,s,soak,11.609250860337482,1,six_reference_complete
AN19.SPA.sf5,s,soil,22.385685728493076,1,six_reference_complete
AN19.SPA.sf5,sh,hash,32.28251884573762,1,six_reference_complete
AN19.SPA.sf5,sh,shall,11.402519133578735,1,six_reference_complete
AN19.SPA.sf5,sh,ship,5.924934368723494,1,six_reference_complete
AN19.SPA.sf5,t,goat,54.8018023745509,1,six_reference_complete
AN19.SPA.sf5,t,gut,21.102216158888144,1,six_reference_complete
AN19.SPA.sf5,t,hoot,40.72671704742617,1,six_reference_complete
AN19.SPA.sf5,t,route,76.37538483603178,1,six_reference_complete
AN19.SPA.sf5,t,white,48.28924837579095,1,six_reference_complete
AN19.SPA.sf5,th,both,26.595582957509396,1,six_reference_complete
AN19.SPA.sf5,th,mouth,38.161651773081886,1,six_reference_complete
AN19.SPA.sf5,th,path,52.20018340598734,1,six_reference_complete
AN19.SPA.sf5,th,thick,55.657379830672916,1,six_reference_complete
AN19.SPA.sf5,uh,full,25.719646568740487,1,six_reference_complete
AN19.SPA.sf5,uh,pull,23.418669399285818,1,six_reference_complete
AN19.SPA.sf5,uw,fool,16.183429213918057,1,six_reference_complete
AN19.SPA.sf5,uw,lose,28.71417054341369,1,six_reference_complete
AN19.SPA.sf5,uw,roof,21.994638004942193,1,six_reference_complete
AN19.SPA.sf5,v,curve,26.564649193416837,1,six_reference_complete
AN19.SPA.sf5,v,love,87.37500679565494,1,six_reference_complete
AN19.SPA.sf5,v,move,22.555452338397703,1,six_reference_complete
AN19.SPA.sf5,v,serve,21.9536468355311,1,six_reference_complete
AN19.SPA.sf5,w,weed,48.23484943949533,1,six_reference_complete
AN19.SPA.sf5,w,wick,75.97190068471404,1,six_reference_complete
AN19.SPA.sf5,y,young,29.492034321880624,1,six_reference_complete
AN19.SPA.sf6,aa,cod,43.15526116292915,1,six_reference_complete
AN19.SPA.sf6,aa,con,35.23922862388546,1,six_reference_complete
AN19.SPA.sf6,aa,shop,36.43136707167722,1,six_reference_complete
AN19.SPA.sf6,aa,was,24.329406846166766,1,six_reference_complete
AN19.SPA.sf6,aa,wash,30.900950664891653,1,six_reference_complete
AN19.SPA.sf6,aa,watch,38.10761758617093,1,six_reference_complete
AN19.SPA.sf6,ae,ban,13.17588646522227,1,six_reference_complete
AN19.SPA.sf6,ae,lad,46.790702867661004,1,six_reference_complete
AN19.SPA.sf6,ae,mat,30.859826583424695,1,six_reference_complete
AN19.SPA.sf6,ae,shall,21.953969832384484,1,six_reference_complete
AN19.SPA.sf6,ah,bun,57.792902336381566,1,six_reference_complete
AN19.SPA.sf6,ah,suck,55.79167976174376,1,six_reference_complete
AN19.SPA.sf6,ao,chore,72.1050533057841,1,six_reference_complete
AN19.SPA.sf6,ao,long,53.77953944630726,1,six_reference_complete
AN19.SPA.sf6,ay,lice,24.665950780426044,1,six_reference_complete
AN19.SPA.sf6,ay,live,61.51966154672679,1,six_reference_complete
AN19.SPA.sf6,ay,size,20.727887531609174,1,six_reference_complete
AN19.SPA.sf6,ay,vice,70.88374249885499,1,six_reference_complete
AN19.SPA.sf6,ay,wife,36.40006504430276,1,six_reference_complete
AN19.SPA.sf6,b,balm,36.14402935818355,1,six_reference_complete
AN19.SPA.sf6,b,bean,41.689129642891054,1,six_reference_complete
AN19.SPA.sf6,b,both,35.95533779685249,1,six_reference_complete
AN19.SPA.sf6,b,bug,59.703650942947064,1,six_reference_complete
AN19.SPA.sf6,ch,chain,19.639076544386132,1,six_reference_complete
AN19.SPA.sf6,ch,check,19.43218652979027,1,six_reference_complete
AN19.SPA.sf6,ch,cheer,60.96036357780854,1,six_reference_complete
AN19.SPA.sf6,ch,chief,22.706676823546697,1,six_reference_complete
AN19.SPA.sf6,d,bead,23.217137758022854,1,six_reference_complete
AN19.SPA.sf6,d,den,69.21963047219431,1,six_reference_complete
AN19.SPA.sf6,d,doom,32.23676854188128,1,six_reference_complete
AN19.SPA.sf6,d,dune,30.076518310608776,1,six_reference_complete
AN19.SPA.sf6,d,pad,20.58107444819477,1,six_reference_complete
AN19.SPA.sf6,eh,den,48.36342914422577,1,six_reference_complete
AN19.SPA.sf6,eh,leg,64.83820797177457,1,six_reference_complete
AN19.SPA.sf6,eh,neck,60.483468588696134,1,six_reference_complete
AN19.SPA.sf6,eh,wed,80.65220961964954,1,six_reference_complete
AN19.SPA.sf6,er,learn,29.35726188095309,1,six_reference_complete
AN19.SPA.sf6,ey,fade,28.263210312185127,1,six_reference_complete
AN19.SPA.sf6,ey,lace,30.576244818095244,1,six_reference_complete
AN19.SPA.sf6,ey,mace,53.61147971242039,1,six_reference_complete
AN19.SPA.sf6,ey,sane,24.806382534730144,1,six_reference_complete
AN19.SPA.sf6,ey,shape,19.71111326191934,1,six_reference_complete
AN19.SPA.sf6,ey,wail,29.591667609164944,1,six_reference_complete
AN19.SPA.sf6,f,fig,39.94681976903169,1,six_reference_complete
AN19.SPA.sf6,f,firm,58.683249079744336,1,six_reference_complete
AN19.SPA.sf6,f,five,60.630154168115745,1,six_reference_complete
AN19.SPA.sf6,f,food,31.43249935869024,1,six_reference_complete
AN19.SPA.sf6,g,dog,46.245524958338684,1,six_reference_complete
AN19.SPA.sf6,g,gave,32.41474150089816,1,six_reference_complete
AN19.SPA.sf6,g,girl,33.241840120773986,1,six_reference_complete
AN19.SPA.sf6,g,give,41.17756438848945,1,six_reference_complete
AN19.SPA.sf6,g,goat,36.01731322972554,1,six_reference_complete
AN19.SPA.sf6,g,gut,33.72972349692028,1,six_reference_complete
AN19.SPA.sf6,g,hag,50.82982951177183,1,six_reference_complete
AN19.SPA.sf6,g,league,29.9459764765294,1,six_reference_complete
AN19.SPA.sf6,hh,hack,7.161131552973586,1,six_reference_complete
AN19.SPA.sf6,hh,hag,14.356306112441523,1,six_reference_complete
AN19.SPA.sf6,hh,hid,34.39203036161908,1,six_reference_complete
AN19.SPA.sf6,hh,hoot,40.51363038440003,1,six_reference_complete
AN19.SPA.sf6,ih,kin,57.97899707222074,1,six_reference_complete
AN19.SPA.sf6,ih,kit,38.94951368120206,1,six_reference_complete
AN19.SPA.sf6,ih,mid,42.81828745107185,1,six_reference_complete
AN19.SPA.sf6,ih,sill,22.14305672693362,1,six_reference_complete
AN19.SPA.sf6,ih,thick,56.21412769277708,1,six_reference_complete
AN19.SPA.sf6,iy,bead,25.297904809155863,1,six_reference_complete
AN19.SPA.sf6,iy,bean,71.05693984796562,1,six_reference_complete
AN19.SPA.sf6,iy,deep,7.131051927372689,1,six_reference_complete
AN19.SPA.sf6,iy,league,29.056036412582795,1,six_reference_complete
AN19.SPA.sf6,iy,teat,27.08835850460619,1,six_reference_complete
AN19.SPA.sf6,iy,teeth,27.07918070686686,1,six_reference_complete
AN19.SPA.sf6,iy,theme,25.677858885826357,1,six_reference_complete
AN19.SPA.sf6,iy,weed,22.497942618076497,1,six_reference_complete
AN19.SPA.sf6,jh,jack,31.55484110458667,1,six_reference_complete
AN19.SPA.sf6,jh,job,44.768823886278675,1,six_reference_complete
AN19.SPA.sf6,jh,join,35.33476923026476,1,six_reference_complete
AN19.SPA.sf6,jh,page,32.369525755620124,1,six_reference_complete
AN19.SPA.sf6,k,beak,26.08598673700878,1,six_reference_complete
AN19.SPA.sf6,k,curve,22.29530540857314,1,six_reference_complete
AN19.SPA.sf6,k,hack,19.913100703616823,1,six_reference_complete
AN19.SPA.sf6,k,jack,13.434485204151889,1,six_reference_complete
AN19.SPA.sf6,k,king,29.416985219413107,1,six_reference_complete
AN19.SPA.sf6,l,league,22.65429227844528,1,six_reference_complete
AN19.SPA.sf6,l,lice,15.056200371709116,1,six_reference_complete
AN19.SPA.sf6,m,doom,57.42990715277923,1,six_reference_complete
AN19.SPA.sf6,m,lame,29.303237439178698,1,six_reference_complete
AN19.SPA.sf6,m,mote,47.144640006536726,1,six_reference_complete
AN19.SPA.sf6,m,move,36.33911091303321,1,six_reference_complete
AN19.SPA.sf6,m,mum,40.95537059059543,1,six_reference_complete
AN19.SPA.sf6,m,rhyme,33.57107802420699,1,six_reference_complete
AN19.SPA.sf6,m,theme,34.324873084840455,1,six_reference_complete
AN19.SPA.sf6,n,fin,27.32854440441771,1,six_reference_complete
AN19.SPA.sf6,ng,long,15.992263774091198,1,six_reference_complete
AN19.SPA.sf6,ng,young,31.054493104284237,1,six_reference_complete
AN19.SPA.sf6,ow,mote,33.620714362679934,1,six_reference_complete
AN19.SPA.sf6,ow,soak,31.236827796021732,1,six_reference_complete
AN19.SPA.sf6,oy,noise,35.606712042962386,1,six_reference_complete
AN19.SPA.sf6,oy,soil,16.002279468986938,1,six_reference_complete
AN19.SPA.sf6,oy,voice,55.2730925905085,1,six_reference_complete
AN19.SPA.sf6,p,deep,23.5668661388967,1,six_reference_complete
AN19.SPA.sf6,p,page,52.8402401293962,1,six_reference_complete
AN19.SPA.sf6,p,path,50.18504033084897,1,six_reference_complete
AN19.SPA.sf6,p,pool,18.815574609777872,1,six_reference_complete
AN19.SPA.sf6,p,pup,40.15939260841202,1,six_reference_complete
AN19.SPA.sf6,p,ship,63.28458216655684,1,six_reference_complete
AN19.SPA.sf6,p,shop,34.55541185371028,1,six_reference_complete
AN19.SPA.sf6,r,cheer,27.105031081730328,1,six_reference_complete
AN19.SPA.sf6,r,rim,53.68848584343444,1,six_reference_complete
AN19.SPA.sf6,r,rough,36.76892558521883,1,six_reference_complete
AN19.SPA.sf6,r,whore,30.614162173540404,1,six_reference_complete
AN19.SPA.sf6,s,gas,39.1825138820076,1,six_reference_complete
AN19.SPA.sf6,s,lice,34.43097992309373,1,six_reference_complete
AN19.SPA.sf6,s,mace,47.84215184383219,1,six_reference_complete
AN19.SPA.sf6,s,peace,33.31036019238197,1,six_reference_complete
AN19.SPA.sf6,s,soak,13.55710164585345,1,six_reference_complete
AN19.SPA.sf6,s,soil,16.21746670971162,1,six_reference_complete
AN19.SPA.sf6,sh,hash,37.02505430525166,1,six_reference_complete
AN19.SPA.sf6,sh,shall,11.402382121850971,1,six_reference_complete
AN19.SPA.sf6,sh,ship,29.73148356175947,1,six_reference_complete
AN19.SPA.sf6,sh,shop,20.035868030630848,1,six_reference_complete
AN19.SPA.sf6,t,goat,27.01325754429344,1,six_reference_complete
AN19.SPA.sf6,t,gut,61.95202621689268,1,six_reference_complete
AN19.SPA.sf6,t,hoot,35.376582237180365,1,six_reference_complete
AN19.SPA.sf6,t,route,60.050990868319026,1,six_reference_complete
AN19.SPA.sf6,t,white,46.98724985309542,1,six_reference_complete
AN19.SPA.sf6,th,both,51.78503317529817,1,six_reference_complete
AN19.SPA.sf6,th,death,48.01790856499508,1,six_reference_complete
AN19.SPA.sf6,th,mouth,37.11525191178399,1,six_reference_complete
AN19.SPA.sf6,th,path,45.16433556709409,1,six_reference_complete
AN19.SPA.sf6,th,theme,29.11283527873948,1,six_reference_complete
AN19.SPA.sf6,th,thick,47.125725141637076,1,six_reference_complete
AN19.SPA.sf6,uh,full,19.626546613116947,1,six_reference_complete
AN19.SPA.sf6,uh,pull,27.335630917327837,1,six_reference_complete
AN19.SPA.sf6,uw,fool,22.98641944198087,1,six_reference_complete
AN19.SPA.sf6,uw,lose,10.37972304069532,1,six_reference_complete
AN19.SPA.sf6,uw,roof,51.86550777284054,1,six_reference_complete
AN19.SPA.sf6,v,curve,17.099591352913166,1,six_reference_complete
AN19.SPA.sf6,v,love,52.35258198109937,1,six_reference_complete
AN19.SPA.sf6,v,move,21.450089004574917,1,six_reference_complete
AN19.SPA.sf6,v,serve,19.339353304970533,1,six_reference_complete
AN19.SPA.sf6,w,weed,48.766292672649485,1,six_reference_complete
AN19.SPA.sf6,w,wick,34.38476126015053,1,six_reference_complete
AN19.SPA.sf6,y,young,51.40130660848712,1,six_reference_complete
AN19.SPA.sm2,aa,cod,74.59626859570129,1,six_reference_complete
AN19.SPA.sm2,aa,con,36.15420208271123,1,six_reference_complete
AN19.SPA.sm2,aa,shop,60.44636787404568,1,six_reference_complete
AN19.SPA.sm2,aa,was,23.676863820905243,1,six_reference_complete
AN19.SPA.sm2,aa,wash,37.322590343280275,1,six_reference_complete
AN19.SPA.sm2,aa,watch,54.392491872789996,1,six_reference_complete
AN19.SPA.sm2,ae,ban,56.01787225619094,1,six_reference_complete
AN19.SPA.sm2,ae,lad,53.984319990079136,1,six_reference_complete
AN19.SPA.sm2,ae,mat,26.909790754395416,1,six_reference_complete
AN19.SPA.sm2,ae,rat,19.279085982686006,1,six_reference_complete
AN19.SPA.sm2,ae,shall,25.960086366452032,1,six_reference_complete
AN19.SPA.sm2,ah,bun,44.78119552272023,1,six_reference_complete
AN19.SPA.sm2,ah,rut,46.86239667405176,1,six_reference_complete
AN19.SPA.sm2,ah,suck,48.892721381657736,1,six_reference_complete
AN19.SPA.sm2,ao,long,69.68563899477606,1,six_reference_complete
AN19.SPA.sm2,ao,wrong,45.237813967121944,1,six_reference_complete
AN19.SPA.sm2,ay,lice,16.093601992445546,1,six_reference_complete
AN19.SPA.sm2,ay,live,48.38961221032711,1,six_reference_complete
AN19.SPA.sm2,ay,rhyme,60.79804114066496,1,six_reference_complete
AN19.SPA.sm2,ay,size,39.01033197874734,1,six_reference_complete
AN19.SPA.sm2,ay,vice,27.613907846140137,1,six_reference_complete
AN19.SPA.sm2,b,balm,70.16521196203988,1,six_reference_complete
AN19.SPA.sm2,b,bean,36.601878794093984,1,six_reference_complete
AN19.SPA.sm2,b,both,60.159268592840924,1,six_reference_complete
AN19.SPA.sm2,b,bug,56.66354305249384,1,six_reference_complete
AN19.SPA.sm2,b,job,39.71082246207074,1,six_reference_complete
AN19.SPA.sm2,ch,chain,24.604145816364355,1,six_reference_complete
AN19.SPA.sm2,ch,check,19.68493407544882,1,six_reference_complete
AN19.SPA.sm2,ch,cheer,17.399851548525593,1,six_reference_complete
AN19.SPA.sm2,ch,chief,28.707631471942534,1,six_reference_complete
AN19.SPA.sm2,d,den,69.22823162566242,1,six_reference_complete
AN19.SPA.sm2,d,doom,33.41487854931054,1,six_reference_complete
AN19.SPA.sm2,d,dune,23.24534404308089,1,six_reference_complete
AN19.SPA.sm2,d,hid,57.73744050358101,1,six_reference_complete
AN19.SPA.sm2,d,pad,19.240021113507762,1,six_reference_complete
AN19.SPA.sm2,eh,den,23.913991469231686,1,six_reference_complete
AN19.SPA.sm2,eh,leg,39.60086851543332,1,six_reference_complete
AN19.SPA.sm2,eh,neck,71.14185434724696,1,six_reference_complete
AN19.SPA.sm2,eh,wed,39.435855628873924,1,six_reference_complete
AN19.SPA.sm2,er,learn,24.879820702675392,1,six_reference_complete
AN19.SPA.sm2,ey,fade,16.934325038140624,1,six_reference_complete
AN19.SPA.sm2,ey,lace,23.193759390731653,1,six_reference_complete
AN19.SPA.sm2,ey,mace,20.106660556996633,1,six_reference_complete
AN19.SPA.sm2,ey,shape,16.871494018038394,1,six_reference_complete
AN19.SPA.sm2,ey,wail,51.40611441440684,1,six_reference_complete
AN19.SPA.sm2,f,fig,41.710609244485305,1,six_reference_complete
AN19.SPA.sm2,f,firm,24.357035672725164,1,six_reference_complete
AN19.SPA.sm2,f,food,32.43738106002915,1,six_reference_complete
AN19.SPA.sm2,g,dog,49.65412359655693,1,six_reference_complete
AN19.SPA.sm2,g,fig,36.647110747040045,1,six_reference_complete
AN19.SPA.sm2,g,gave,59.55629682376618,1,six_reference_complete
AN19.SPA.sm2,g,give,25.747945737709838,1,six_reference_complete
AN19.SPA.sm2,g,gut,68.26849232914047,1,six_reference_complete
AN19.SPA.sm2,g,hag,49.65530365944493,1,six_reference_complete
AN19.SPA.sm2,hh,hack,36.281175789651904,1,six_reference_complete
AN19.SPA.sm2,hh,hag,39.324563444927186,1,six_reference_complete
AN19.SPA.sm2,hh,hid,24.774535823402058,1,six_reference_complete
AN19.SPA.sm2,hh,hoot,35.69747883683186,1,six_reference_complete
AN19.SPA.sm2,ih,kin,49.68391312073421,1,six_reference_complete
AN19.SPA.sm2,ih,kit,23.463943830440556,1,six_reference_complete
AN19.SPA.sm2,ih,mid,31.04046541195068,1,six_reference_complete
AN19.SPA.sm2,ih,sill,22.868618435044485,1,six_reference_complete
AN19.SPA.sm2,ih,thick,57.11293199831325,1,six_reference_complete
AN19.SPA.sm2,ih,thing,37.05340299778394,1,six_reference_complete
AN19.SPA.sm2,iy,bead,40.913444549942135,1,six_reference_complete
AN19.SPA.sm2,iy,bean,42.45384287273516,1,six_reference_complete
AN19.SPA.sm2,iy,deep,16.616556789248204,1,six_reference_complete
AN19.SPA.sm2,iy,league,17.93753994007732,1,six_reference_complete
AN19.SPA.sm2,iy,teat,34.04823400338687,1,six_reference_complete
AN19.SPA.sm2,iy,teeth,42.178344700463015,1,six_reference_complete
AN19.SPA.sm2,iy,weed,26.30391150252369,1,six_reference_complete
AN19.SPA.sm2,jh,jack,14.678672941705065,1,six_reference_complete
AN19.SPA.sm2,jh,job,63.447245718715315,1,six_reference_complete
AN19.SPA.sm2,jh,page,59.534235503034544,1,six_reference_complete
AN19.SPA.sm2,k,beak,47.88882196871079,1,six_reference_complete
AN19.SPA.sm2,k,con,32.861077953802855,1,six_reference_complete
AN19.SPA.sm2,k,curve,26.666219432190903,1,six_reference_complete
AN19.SPA.sm2,k,hack,19.7168075304816,1,six_reference_complete
AN19.SPA.sm2,k,king,24.47597338984905,1,six_reference_complete
AN19.SPA.sm2,k,suck,91.6109223937455,1,six_reference_complete
AN19.SPA.sm2,k,thick,51.32368053846204,1,six_reference_complete
AN19.SPA.sm2,l,hurl,35.805344058915914,1,six_reference_complete
AN19.SPA.sm2,l,league,24.914804426845574,1,six_reference_complete
AN19.SPA.sm2,l,lice,20.390205210422614,1,six_reference_complete
AN19.SPA.sm2,m,bum,71.31520990265177,1,six_reference_complete
AN19.SPA.sm2,m,doom,22.004364012143952,1,six_reference_complete
AN19.SPA.sm2,m,lame,33.29872015342982,1,six_reference_complete
AN19.SPA.sm2,m,mote,32.7640769476869,1,six_reference_complete
AN19.SPA.sm2,m,move,33.6104460028972,1,six_reference_complete
AN19.SPA.sm2,m,mum,70.046498260778,1,six_reference_complete
AN19.SPA.sm2,m,rhyme,60.63876627229542,1,six_reference_complete
AN19.SPA.sm2,m,theme,21.244756106203724,1,six_reference_complete
AN19.SPA.sm2,ng,long,19.727505072699888,1,six_reference_complete
AN19.SPA.sm2,ng,young,79.73453604040607,1,six_reference_complete
AN19.SPA.sm2,ow,mote,17.231717178183985,1,six_reference_complete
AN19.SPA.sm2,ow,soak,24.335606982013967,1,six_reference_complete
AN19.SPA.sm2,oy,noise,38.71683615168402,1,six_reference_complete
AN19.SPA.sm2,oy,soil,24.89263583958093,1,six_reference_complete
AN19.SPA.sm2,oy,voice,45.322195642261704,1,six_reference_complete
AN19.SPA.sm2,p,deep,33.737491034242126,1,six_reference_complete
AN19.SPA.sm2,p,page,30.454575887870302,1,six_reference_complete
AN19.SPA.sm2,p,path,40.523363231106735,1,six_reference_complete
AN19.SPA.sm2,p,pawn,25.53402248692022,1,six_reference_complete
AN19.SPA.sm2,p,pool,26.809785228902353,1,six_reference_complete
AN19.SPA.sm2,p,pup,75.17068723044106,1,six_reference_complete
AN19.SPA.sm2,p,ship,17.158608578275434,1,six_reference_complete
AN19.SPA.sm2,r,cheer,16.73649766243204,1,six_reference_complete
AN19.SPA.sm2,r,rim,55.434701462028634,1,six_reference_complete
AN19.SPA.sm2,r,rough,63.96789854112546,1,six_reference_complete
AN19.SPA.sm2,s,gas,22.199629403120053,1,six_reference_complete
AN19.SPA.sm2,s,lice,18.915202067400454,1,six_reference_complete
AN19.SPA.sm2,s,mace,41.76856951064439,1,six_reference_complete
AN19.SPA.sm2,s,peace,24.968672765110956,1,six_reference_complete
AN19.SPA.sm2,s,sane,15.963058035020282,1,six_reference_complete
AN19.SPA.sm2,s,soak,10.697438562810794,1,six_reference_complete
AN19.SPA.sm2,s,soil,17.57093356716005,1,six_reference_complete
AN19.SPA.sm2,sh,hash,25.47003333489427,1,six_reference_complete
AN19.SPA.sm2,sh,shall,11.365925333858394,1,six_reference_complete
AN19.SPA.sm2,sh,ship,8.007678816596346,1,six_reference_complete
AN19.SPA.sm2,sh,shop,57.58945597905872,1,six_reference_complete
AN19.SPA.sm2,t,goat,29.793168858721486,1,six_reference_complete
AN19.SPA.sm2,t,gut,67.74383200950349,1,six_reference_complete
AN19.SPA.sm2,t,hoot,27.119554667348712,1,six_reference_complete
AN19.SPA.sm2,t,route,65.56443558627376,1,six_reference_complete
AN19.SPA.sm2,t,thought,47.678040976013385,1,six_reference_complete
AN19.SPA.sm2,t,toot,16.377255436579787,1,six_reference_complete
AN19.SPA.sm2,t,white,49.42944795011698,1,six_reference_complete
AN19.SPA.sm2,th,both,67.44573302930014,1,six_reference_complete
AN19.SPA.sm2,th,death,49.867917555195106,1,six_reference_complete
AN19.SPA.sm2,th,faith,65.32219645738756,1,six_reference_complete
AN19.SPA.sm2,th,mouth,42.89490009169731,1,six_reference_complete
AN19.SPA.sm2,th,path,24.425974447543684,1,six_reference_complete
AN19.SPA.sm2,th,theme,33.58366064238902,1,six_reference_complete
AN19.SPA.sm2,th,thick,49.12197124118732,1,six_reference_complete
AN19.SPA.sm2,uh,pull,26.943985112424134,1,six_reference_complete
AN19.SPA.sm2,uw,fool,45.93591159876164,1,six_reference_complete
AN19.SPA.sm2,uw,lose,13.191389068629412,1,six_reference_complete
AN19.SPA.sm2,uw,roof,42.87438226062947,1,six_reference_complete
AN19.SPA.sm2,v,love,34.56606613419746,1,six_reference_complete
AN19.SPA.sm2,v,move,40.00239499735459,1,six_reference_complete
AN19.SPA.sm2,w,weed,59.04147412342841,1,six_reference_complete
AN19.SPA.sm2,y,young,55.49077328254025,1,six_reference_complete
AN19.SPA.sm3,aa,caught,44.80157391003013,1,six_reference_complete
AN19.SPA.sm3,aa,cod,64.63888182864245,1,six_reference_complete
AN19.SPA.sm3,aa,con,35.01835038791936,1,six_reference_complete
AN19.SPA.sm3,aa,shop,18.33566913791019,1,six_reference_complete
AN19.SPA.sm3,aa,wash,26.022046812469124,1,six_reference_complete
AN19.SPA.sm3,aa,watch,29.982731290128413,1,six_reference_complete
AN19.SPA.sm3,ae,ban,18.38757956927736,1,six_reference_complete
AN19.SPA.sm3,ae,lad,46.07953069626984,1,six_reference_complete
AN19.SPA.sm3,ae,mat,21.56582948168848,1,six_reference_complete
AN19.SPA.sm3,ae,rat,37.412158577065526,1,six_reference_complete
AN19.SPA.sm3,ae,shall,21.277930601213143,1,six_reference_complete
AN19.SPA.sm3,ah,bun,35.21305967665568,1,six_reference_complete
AN19.SPA.sm3,ah,rut,53.726221949289986,1,six_reference_complete
AN19.SPA.sm3,ah,suck,68.16126447539274,1,six_reference_complete
AN19.SPA.sm3,ao,long,44.90489225013886,1,six_reference_complete
AN19.SPA.sm3,ao,wrong,54.74914892440839,2,six_reference_complete
AN19.SPA.sm3,ay,lice,34.68734655683209,1,six_reference_complete
AN19.SPA.sm3,ay,live,53.01114112839743,1,six_reference_complete
AN19.SPA.sm3,ay,rhyme,37.48400563805592,1,six_reference_complete
AN19.SPA.sm3,ay,size,21.600350722127903,1,six_reference_complete
AN19.SPA.sm3,ay,vice,39.000229991723266,1,six_reference_complete
AN19.SPA.sm3,ay,wife,21.151200381444998,1,six_reference_complete
AN19.SPA.sm3,b,balm,69.58211066592037,1,six_reference_complete
AN19.SPA.sm3,b,bean,44.53938135691061,1,six_reference_complete
AN19.SPA.sm3,b,both,40.18521794878508,1,six_reference_complete
AN19.SPA.sm3,b,job,39.444056412097154,1,six_reference_complete
AN19.SPA.sm3,ch,chain,38.146054057556746,1,six_reference_complete
AN19.SPA.sm3,ch,check,39.80370203305361,1,six_reference_complete
AN19.SPA.sm3,ch,cheer,50.77202226343195,1,six_reference_complete
AN19.SPA.sm3,ch,chief,28.93915010492636,1,six_reference_complete
AN19.SPA.sm3,d,den,40.71704082324993,1,six_reference_complete
AN19.SPA.sm3,d,doom,47.783481575635875,1,six_reference_complete
AN19.SPA.sm3,d,dune,37.60012413470192,1,six_reference_complete
AN19.SPA.sm3,d,pad,21.080810216201215,1,six_reference_complete
AN19.SPA.sm3,eh,den,21.423697621222754,1,six_reference_complete
AN19.SPA.sm3,eh,leg,42.36961393311562,1,six_reference_complete
AN19.SPA.sm3,eh,neck,58.80591451879184,1,six_reference_complete
AN19.SPA.sm3,eh,wed,110.4785694695736,1,six_reference_complete
AN19.SPA.sm3,er,learn,31.705558614746312,1,six_reference_complete
AN19.SPA.sm3,ey,lace,30.766003116272532,1,six_reference_complete
AN19.SPA.sm3,ey,mace,18.942392084575648,1,six_reference_complete
AN19.SPA.sm3,ey,sane,37.75094897377836,1,six_reference_complete
AN19.SPA.sm3,ey,shape,20.051868749390042,1,six_reference_complete
AN19.SPA.sm3,ey,wail,60.50133717158718,1,six_reference_complete
AN19.SPA.sm3,f,fig,40.34562035400926,1,six_reference_complete
AN19.SPA.sm3,f,firm,24.865505280750664,1,six_reference_complete
AN19.SPA.sm3,f,food,30.6487554885956,1,six_reference_complete
AN19.SPA.sm3,g,dog,46.67473021418521,1,six_reference_complete
AN19.SPA.sm3,g,give,52.430151152149044,1,six_reference_complete
AN19.SPA.sm3,g,god,56.88565071332977,1,six_reference_complete
AN19.SPA.sm3,g,gut,58.522670340409626,1,six_reference_complete
AN19.SPA.sm3,g,hag,54.26495764472173,1,six_reference_complete
AN19.SPA.sm3,g,league,28.391678618179313,1,six_reference_complete
AN19.SPA.sm3,hh,hack,35.165838382810335,1,six_reference_complete
AN19.SPA.sm3,hh,hoot,33.97711411525014,1,six_reference_complete
AN19.SPA.sm3,ih,kin,39.82009771539583,1,six_reference_complete
AN19.SPA.sm3,ih,kit,40.71221047758653,1,six_reference_complete
AN19.SPA.sm3,ih,mid,71.38338667463579,1,six_reference_complete
AN19.SPA.sm3,ih,thick,57.57251577080897,1,six_reference_complete
AN19.SPA.sm3,ih,thing,54.33902346622506,1,six_reference_complete
AN19.SPA.sm3,iy,bead,66.25067545969638,1,six_reference_complete
AN19.SPA.sm3,iy,bean,22.78486590716159,1,six_reference_complete
AN19.SPA.sm3,iy,deep,8.802559982480822,1,six_reference_complete
AN19.SPA.sm3,iy,league,19.33214449977006,1,six_reference_complete
AN19.SPA.sm3,iy,teat,27.677811534191623,1,six_reference_complete
AN19.SPA.sm3,iy,teeth,38.10041129905856,1,six_reference_complete
AN19.SPA.sm3,iy,theme,40.641705509268775,1,six_reference_complete
AN19.SPA.sm3,iy,weed,86.32467109656396,1,six_reference_complete
AN19.SPA.sm3,jh,jack,43.72937417647529,1,six_reference_complete
AN19.SPA.sm3,jh,job,66.23368457158936,1,six_reference_complete
AN19.SPA.sm3,jh,join,45.65703624837236,1,six_reference_complete
AN19.SPA.sm3,jh,page,32.98815150872021,1,six_reference_complete
AN19.SPA.sm3,k,beak,31.04641918162501,1,six_reference_complete
AN19.SPA.sm3,k,hack,26.60081361786713,1,six_reference_complete
AN19.SPA.sm3,k,jack,25.805886090438246,1,six_reference_complete
AN19.SPA.sm3,k,king,33.240257594760045,1,six_reference_complete
AN19.SPA.sm3,k,suck,31.469453791164597,1,six_reference_complete
AN19.SPA.sm3,k,thick,49.371328172569484,1,six_reference_complete
AN19.SPA.sm3,l,league,17.878418887179624,1,six_reference_complete
AN19.SPA.sm3,l,lice,15.7813313711171,1,six_reference_complete
AN19.SPA.sm3,m,bum,42.720120385610386,1,six_reference_complete
AN19.SPA.sm3,m,doom,16.25060557153634,1,six_reference_complete
AN19.SPA.sm3,m,lame,27.199465681110343,1,six_reference_complete
AN19.SPA.sm3,m,mall,37.89021850073049,1,six_reference_complete
AN19.SPA.sm3,m,mote,44.406399272373854,1,six_reference_complete
AN19.SPA.sm3,m,move,20.946859333977887,1,six_reference_complete
AN19.SPA.sm3,m,mum,41.63166536161945,1,six_reference_complete
AN19.SPA.sm3,m,rhyme,64.22443249962835,1,six_reference_complete
AN19.SPA.sm3,m,theme,42.1755332007196,1,six_reference_complete
AN19.SPA.sm3,n,fin,47.57613665556473,1,six_reference_complete
AN19.SPA.sm3,ng,young,37.59586813088063,1,six_reference_complete
AN19.SPA.sm3,ow,mote,56.67024133806938,1,six_reference_complete
AN19.SPA.sm3,ow,soak,18.991431717547417,1,six_reference_complete
AN19.SPA.sm3,oy,noise,44.75673373779724,1,six_reference_complete
AN19.SPA.sm3,oy,soil,20.517427768055263,1,six_reference_complete
AN19.SPA.sm3,oy,voice,37.539472957910306,1,six_reference_complete
AN19.SPA.sm3,p,deep,22.857882662398726,1,six_reference_complete
AN19.SPA.sm3,p,page,57.21584937199356,1,six_reference_complete
AN19.SPA.sm3,p,path,31.08606009283905,1,six_reference_complete
AN19.SPA.sm3,p,pawn,63.18136224463118,1,six_reference_complete
AN19.SPA.sm3,p,pool,29.454282910999154,1,six_reference_complete
AN19.SPA.sm3,p,pup,91.73342914056792,1,six_reference_complete
AN19.SPA.sm3,p,ship,92.766561754588,1,six_reference_complete
AN19.SPA.sm3,p,shop,27.792805715236202,1,six_reference_complete
AN19.SPA.sm3,r,cheer,34.364384415882796,1,six_reference_complete
AN19.SPA.sm3,r,rim,67.26894353267762,1,six_reference_complete
AN19.SPA.sm3,r,whore,60.730768618412725,1,six_reference_complete
AN19.SPA.sm3,s,gas,42.80299193855384,1,six_reference_complete
AN19.SPA.sm3,s,lice,26.34020771439248,1,six_reference_complete
AN19.SPA.sm3,s,mace,43.268915890820004,1,six_reference_complete
AN19.SPA.sm3,s,peace,25.59683375818574,1,six_reference_complete
AN19.SPA.sm3,s,sane,53.44410637370337,1,six_reference_complete
AN19.SPA.sm3,s,soak,17.527880766948847,1,six_reference_complete
AN19.SPA.sm3,s,soil,22.54444942479806,1,six_reference_complete
AN19.SPA.sm3,sh,hash,35.427676512224004,1,six_reference_complete
AN19.SPA.sm3,sh,ship,5.537714436582246,1,six_reference_complete
AN19.SPA.sm3,sh,shop,13.616580517384298,1,six_reference_complete
AN19.SPA.sm3,t,goat,35.08432726807477,1,six_reference_complete
AN19.SPA.sm3,t,gut,39.55477350053001,1,six_reference_complete
AN19.SPA.sm3,t,hoot,43.653819517384726,1,six_reference_complete
AN19.SPA.sm3,t,route,50.51523208035987,1,six_reference_complete
AN19.SPA.sm3,t,toot,29.556922409459347,1,six_reference_complete
AN19.SPA.sm3,t,white,65.78635409328069,1,six_reference_complete
AN19.SPA.sm3,th,both,44.82668649326007,1,six_reference_complete
AN19.SPA.sm3,th,death,64.90560921998515,1,six_reference_complete
AN19.SPA.sm3,th,faith,47.063776674600525,1,six_reference_complete
AN19.SPA.sm3,th,path,23.402842785364907,1,six_reference_complete
AN19.SPA.sm3,th,theme,41.976961395608335,1,six_reference_complete
AN19.SPA.sm3,uh,full,22.352924839434877,1,six_reference_complete
AN19.SPA.sm3,uh,pull,27.856766997853512,1,six_reference_complete
AN19.SPA.sm3,uw,fool,24.866726128430646,1,six_reference_complete
AN19.SPA.sm3,uw,roof,26.350924777141397,1,six_reference_complete
AN19.SPA.sm3,v,love,49.48179327989326,1,six_reference_complete
AN19.SPA.sm3,v,move,28.56263431923455,1,six_reference_complete
AN19.SPA.sm3,v,serve,11.480821963384486,1,six_reference_complete
AN19.SPA.sm3,w,weed,61.87452752536035,1,six_reference_complete
AN19.SPA.sm4,aa,caught,37.107767182156955,1,six_reference_complete
AN19.SPA.sm4,aa,cod,51.848922766968855,1,six_reference_complete
AN19.SPA.sm4,aa,con,40.77054342092463,1,six_reference_complete
AN19.SPA.sm4,aa,shop,75.89843897424579,1,six_reference_complete
AN19.SPA.sm4,aa,was,49.09031984725513,1,six_reference_complete
AN19.SPA.sm4,aa,wash,36.053055797035135,1,six_reference_complete
AN19.SPA.sm4,aa,watch,33.67496997987106,1,six_reference_complete
AN19.SPA.sm4,ae,ban,21.518492809544274,1,six_reference_complete
AN19.SPA.sm4,ae,lad,17.022936345231496,1,six_reference_complete
AN19.SPA.sm4,ae,rat,29.70493317193633,1,six_reference_complete
AN19.SPA.sm4,ae,shall,33.03443615874425,1,six_reference_complete
AN19.SPA.sm4,ah,bun,20.26839577785805,1,six_reference_complete
AN19.SPA.sm4,ah,rut,43.221452745497324,1,six_reference_complete
AN19.SPA.sm4,ah,suck,59.49273995694612,1,six_reference_complete
AN19.SPA.sm4,ao,chore,41.42432841777357,1,six_reference_complete
AN19.SPA.sm4,ao,long,37.568386807989434,1,six_reference_complete
AN19.SPA.sm4,ao,wrong,50.342228840336986,2,six_reference_complete
AN19.SPA.sm4,ay,lice,17.960372763875338,1,six_reference_complete
AN19.SPA.sm4,ay,live,43.65710197530179,1,six_reference_complete
AN19.SPA.sm4,ay,rhyme,47.144029226637876,1,six_reference_complete
AN19.SPA.sm4,ay,size,20.454461030796327,1,six_reference_complete
AN19.SPA.sm4,ay,vice,23.258761543000972,1,six_reference_complete
AN19.SPA.sm4,ay,wife,25.942159452396908,1,six_reference_complete
AN19.SPA.sm4,b,balm,70.42713781628696,1,six_reference_complete
AN19.SPA.sm4,b,bean,31.238672037108216,1,six_reference_complete
AN19.SPA.sm4,b,both,32.80361919557465,1,six_reference_complete
AN19.SPA.sm4,b,bug,48.040329035359,1,six_reference_complete
AN19.SPA.sm4,b,job,36.02573896128987,1,six_reference_complete
AN19.SPA.sm4,ch,chain,25.23644289854845,1,six_reference_complete
AN19.SPA.sm4,ch,check,22.505044599785034,1,six_reference_complete
AN19.SPA.sm4,ch,cheer,15.305830416393883,1,six_reference_complete
AN19.SPA.sm4,ch,chief,23.502452822873767,1,six_reference_complete
AN19.SPA.sm4,d,bead,42.15377639935147,1,six_reference_complete
AN19.SPA.sm4,d,doom,27.613962216736866,1,six_reference_complete
AN19.SPA.sm4,d,dune,22.36700029879883,1,six_reference_complete
AN19.SPA.sm4,d,hid,47.19930021206023,1,six_reference_complete
AN19.SPA.sm4,d,pad,19.78542134874412,1,six_reference_complete
AN19.SPA.sm4,eh,den,29.428156174643537,1,six_reference_complete
AN19.SPA.sm4,eh,leg,41.261575959258415,1,six_reference_complete
AN19.SPA.sm4,eh,wed,91.52494488281611,1,six_reference_complete
AN19.SPA.sm4,er,learn,27.347353803793325,1,six_reference_complete
AN19.SPA.sm4,ey,lace,24.84781647652248,1,six_reference_complete
AN19.SPA.sm4,ey,mace,27.02930552806434,1,six_reference_complete
AN19.SPA.sm4,ey,sane,20.44982825625958,1,six_reference_complete
AN19.SPA.sm4,ey,shape,18.04989698342983,1,six_reference_complete
AN19.SPA.sm4,f,fig,37.931695710064524,1,six_reference_complete
AN19.SPA.sm4,f,five,62.15792503647058,1,six_reference_complete
AN19.SPA.sm4,f,food,28.75235621226354,1,six_reference_complete
AN19.SPA.sm4,g,dog,43.52263603947333,1,six_reference_complete
AN19.SPA.sm4,g,fig,56.62443945103873,1,six_reference_complete
AN19.SPA.sm4,g,gave,15.982065688718718,1,six_reference_complete
AN19.SPA.sm4,g,give,28.484761605093336,1,six_reference_complete
AN19.SPA.sm4,g,goat,49.9238402005353,1,six_reference_complete
AN19.SPA.sm4,g,gut,57.29378324271092,1,six_reference_complete
AN19.SPA.sm4,g,hag,49.46011966515554,1,six_reference_complete
AN19.SPA.sm4,g,league,83.46139047302442,1,six_reference_complete
AN19.SPA.sm4,hh,hack,10.506377165261162,1,six_reference_complete
AN19.SPA.sm4,hh,hag,13.082353191309219,1,six_reference_complete
AN19.SPA.sm4,hh,hid,37.47386273528764,1,six_reference_complete
AN19.SPA.sm4,hh,hoot,35.09836068219632,1,six_reference_complete
AN19.SPA.sm4,ih,kit,59.81090880250222,1,six_reference_complete
AN19.SPA.sm4,ih,mid,46.895950948001364,1,six_reference_complete
AN19.SPA.sm4,ih,sill,88.33962791507304,1,six_reference_complete
AN19.SPA.sm4,ih,thick,62.93900461296236,1,six_reference_complete
AN19.SPA.sm4,ih,thing,31.47122120036345,1,six_reference_complete
AN19.SPA.sm4,iy,chief,21.154924909216216,1,six_reference_complete
AN19.SPA.sm4,iy,deep,31.709388326892636,1,six_reference_complete
AN19.SPA.sm4,iy,league,33.63494956282609,1,six_reference_complete
AN19.SPA.sm4,iy,teat,70.32943187527832,1,six_reference_complete
AN19.SPA.sm4,iy,teeth,44.009274263171875,1,six_reference_complete
AN19.SPA.sm4,iy,theme,27.99695973753077,1,six_reference_complete
AN19.SPA.sm4,iy,weed,31.045535136988633,1,six_reference_complete
AN19.SPA.sm4,jh,jack,8.561913701492577,1,six_reference_complete
AN19.SPA.sm4,jh,job,56.905299601169084,1,six_reference_complete
AN19.SPA.sm4,jh,join,32.998746433298265,1,six_reference_complete
AN19.SPA.sm4,k,beak,28.08055639553908,1,six_reference_complete
AN19.SPA.sm4,k,con,50.72963633515523,1,six_reference_complete
AN19.SPA.sm4,k,curve,25.601846070317134,1,six_reference_complete
AN19.SPA.sm4,k,hack,28.21534130848151,1,six_reference_complete
AN19.SPA.sm4,k,jack,120.23386172530188,1,six_reference_complete
AN19.SPA.sm4,k,king,47.802935366502965,1,six_reference_complete
AN19.SPA.sm4,l,hurl,32.35907597742427,1,six_reference_complete
AN19.SPA.sm4,l,lice,19.16823413150902,1,six_reference_complete
AN19.SPA.sm4,m,doom,23.982340239492373,1,six_reference_complete
AN19.SPA.sm4,m,lame,57.18610343022366,1,six_reference_complete
AN19.SPA.sm4,m,mall,25.796880598355255,1,six_reference_complete
AN19.SPA.sm4,m,mote,31.86955529563293,1,six_reference_complete
AN19.SPA.sm4,m,move,24.550241482933828,1,six_reference_complete
AN19.SPA.sm4,m,mum,48.552559147732204,1,six_reference_complete
AN19.SPA.sm4,m,rhyme,37.31768420820344,1,six_reference_complete
AN19.SPA.sm4,m,theme,26.505175353021873,1,six_reference_complete
AN19.SPA.sm4,n,fin,32.1394210471067,1,six_reference_complete
AN19.SPA.sm4,n,join,70.16142326268401,1,six_reference_complete
AN19.SPA.sm4,ng,long,30.81753772584319,1,six_reference_complete
AN19.SPA.sm4,ng,young,45.75887896421629,1,six_reference_complete
AN19.SPA.sm4,ow,mote,18.393274370327607,1,six_reference_complete
AN19.SPA.sm4,ow,soak,30.53231303153611,1,six_reference_complete
AN19.SPA.sm4,oy,noise,71.41001192426921,1,six_reference_complete
AN19.SPA.sm4,oy,soil,20.01086439731099,1,six_reference_complete
AN19.SPA.sm4,oy,voice,30.03110146069818,1,six_reference_complete
AN19.SPA.sm4,p,deep,25.738381876549123,1,six_reference_complete
AN19.SPA.sm4,p,page,87.44530954492491,1,six_reference_complete
AN19.SPA.sm4,p,pawn,22.926363264528806,1,six_reference_complete
AN19.SPA.sm4,p,pool,22.059163801428667,1,six_reference_complete
AN19.SPA.sm4,p,pup,49.74830450258671,1,six_reference_complete
AN19.SPA.sm4,p,ship,74.93093644025818,1,six_reference_complete
AN19.SPA.sm4,p,shop,41.056781801698975,1,six_reference_complete
AN19.SPA.sm4,r,cheer,17.012781099259083,1,six_reference_complete
AN19.SPA.sm4,r,rough,20.22895690851557,1,six_reference_complete
AN19.SPA.sm4,r,whore,61.0076345142341,1,six_reference_complete
AN19.SPA.sm4,s,lice,19.23993500245408,1,six_reference_complete
AN19.SPA.sm4,s,peace,21.95712222985573,1,six_reference_complete
AN19.SPA.sm4,s,sane,20.467704581996532,1,six_reference_complete
AN19.SPA.sm4,s,soak,15.162236503526394,1,six_reference_complete
AN19.SPA.sm4,s,soil,19.14056114653319,1,six_reference_complete
AN19.SPA.sm4,sh,ship,5.2551821331254365,1,six_reference_complete
AN19.SPA.sm4,sh,shop,14.463747672458434,1,six_reference_complete
AN19.SPA.sm4,t,goat,33.51274668760956,1,six_reference_complete
AN19.SPA.sm4,t,gut,60.873898882283704,1,six_reference_complete
AN19.SPA.sm4,t,route,64.43921544522017,1,six_reference_complete
AN19.SPA.sm4,t,thought,64.91738943126185,1,six_reference_complete
AN19.SPA.sm4,t,toot,56.10151846751909,1,six_reference_complete
AN19.SPA.sm4,t,white,60.543966087942486,1,six_reference_complete
AN19.SPA.sm4,th,both,46.73125539356189,1,six_reference_complete
AN19.SPA.sm4,th,death,52.95157278549082,1,six_reference_complete
AN19.SPA.sm4,th,faith,52.03696107211953,1,six_reference_complete
AN19.SPA.sm4,th,path,34.25545448607088,1,six_reference_complete
AN19.SPA.sm4,th,theme,32.200242100537615,1,six_reference_complete
AN19.SPA.sm4,uh,full,24.993849316438986,1,six_reference_complete
AN19.SPA.sm4,uh,pull,47.737177605192336,1,six_reference_complete
AN19.SPA.sm4,uw,fool,22.013717705142824,1,six_reference_complete
AN19.SPA.sm4,uw,lose,11.632139355034566,1,six_reference_complete
AN19.SPA.sm4,v,curve,15.505689109291042,1,six_reference_complete
AN19.SPA.sm4,v,love,29.982701271941405,1,six_reference_complete
AN19.SPA.sm4,v,move,20.476281257881528,1,six_reference_complete
AN19.SPA.sm4,v,serve,12.059739594772003,1,six_reference_complete
AN19.SPA.sm4,w,weed,49.90615054043363,1,six_reference_complete
AN19.SPA.sm4,y,young,34.03448774616947,1,six_reference_complete
AN19.SPA.sm5,aa,caught,62.11221873713591,1,six_reference_complete
AN19.SPA.sm5,aa,cod,61.63649186586321,1,six_reference_complete
AN19.SPA.sm5,aa,con,29.455786227152235,1,six_reference_complete
AN19.SPA.sm5,aa,shop,76.33600618265632,1,six_reference_complete
AN19.SPA.sm5,aa,was,19.991964863989523,1,six_reference_complete
AN19.SPA.sm5,aa,wash,23.136825141725286,1,six_reference_complete
AN19.SPA.sm5,ae,ban,15.297976971633496,1,six_reference_complete
AN19.SPA.sm5,ae,lad,17.729007966328197,1,six_reference_complete
AN19.SPA.sm5,ae,mat,38.812535630056196,1,six_reference_complete
AN19.SPA.sm5,ae,rat,20.456692883359253,1,six_reference_complete
AN19.SPA.sm5,ah,bun,25.102782384905712,1,six_reference_complete
AN19.SPA.sm5,ah,rut,30.101944276459495,1,six_reference_complete
AN19.SPA.sm5,ah,suck,32.516637653357485,1,six_reference_complete
AN19.SPA.sm5,ao,chore,50.967475574761835,1,six_reference_complete
AN19.SPA.sm5,ao,long,33.094053104613494,1,six_reference_complete
AN19.SPA.sm5,ao,wrong,24.36312656842911,2,six_reference_complete
AN19.SPA.sm5,ay,lice,20.201405238013823,1,six_reference_complete
AN19.SPA.sm5,ay,live,56.517222681401165,1,six_reference_complete
AN19.SPA.sm5,ay,rhyme,44.9481920085716,1,six_reference_complete
AN19.SPA.sm5,ay,size,19.84036794313385,1,six_reference_complete
AN19.SPA.sm5,ay,vice,28.337118191591458,1,six_reference_complete
AN19.SPA.sm5,ay,wife,16.538110896298818,1,six_reference_complete
AN19.SPA.sm5,b,balm,40.44904138697181,1,six_reference_complete
AN19.SPA.sm5,b,bean,36.32163100167043,1,six_reference_complete
AN19.SPA.sm5,b,both,17.192017434617448,1,six_reference_complete
AN19.SPA.sm5,b,job,37.04796594857836,1,six_reference_complete
AN19.SPA.sm5,ch,chain,23.66979768472139,1,six_reference_complete
AN19.SPA.sm5,ch,check,34.16966701837663,1,six_reference_complete
AN19.SPA.sm5,ch,cheer,13.542053832266243,1,six_reference_complete
AN19.SPA.sm5,ch,chief,25.64087253817406,1,six_reference_complete
AN19.SPA.sm5,d,den,33.32372397668037,1,six_reference_complete
AN19.SPA.sm5,d,doom,70.70277393631858,1,six_reference_complete
AN19.SPA.sm5,d,dune,35.855791988083716,1,six_reference_complete
AN19.SPA.sm5,d,hid,63.22261379151633,1,six_reference_complete
AN19.SPA.sm5,d,pad,12.626974732694398,1,six_reference_complete
AN19.SPA.sm5,eh,den,17.616592305222735,1,six_reference_complete
AN19.SPA.sm5,eh,leg,44.53127405419942,1,six_reference_complete
AN19.SPA.sm5,eh,neck,46.679103144939205,1,six_reference_complete
AN19.SPA.sm5,eh,wed,63.02681612207471,1,six_reference_complete
AN19.SPA.sm5,er,learn,22.719806249528386,1,six_reference_complete
AN19.SPA.sm5,ey,fade,26.146617161778938,1,six_reference_complete
AN19.SPA.sm5,ey,lace,15.151292292134556,1,six_reference_complete
AN19.SPA.sm5,ey,mace,23.15450008026346,1,six_reference_complete
AN19.SPA.sm5,ey,sane,24.5000232323666,1,six_reference_complete
AN19.SPA.sm5,ey,shape,18.98939167575736,1,six_reference_complete
AN19.SPA.sm5,ey,wail,69.91745830079817,1,six_reference_complete
AN19.SPA.sm5,f,fig,69.77296530429413,1,six_reference_complete
AN19.SPA.sm5,f,firm,35.863990118544145,1,six_reference_complete
AN19.SPA.sm5,f,five,47.08825223984584,1,six_reference_complete
AN19.SPA.sm5,f,food,28.56365283333965,1,six_reference_complete
AN19.SPA.sm5,g,dog,35.68794628758156,1,six_reference_complete
AN19.SPA.sm5,g,fig,30.60720735847397,1,six_reference_complete
AN19.SPA.sm5,g,gave,18.744174292225086,1,six_reference_complete
AN19.SPA.sm5,g,girl,25.205093707733283,1,six_reference_complete
AN19.SPA.sm5,g,give,24.46437001494125,1,six_reference_complete
AN19.SPA.sm5,g,goat,36.69148589039302,1,six_reference_complete
AN19.SPA.sm5,g,god,68.59173192251914,1,six_reference_complete
AN19.SPA.sm5,g,gut,36.679076407796714,1,six_reference_complete
AN19.SPA.sm5,g,hag,49.122881575656585,1,six_reference_complete
AN19.SPA.sm5,g,league,21.391335784695986,1,six_reference_complete
AN19.SPA.sm5,hh,hack,47.80619382962123,1,six_reference_complete
AN19.SPA.sm5,hh,hag,50.61453290240672,1,six_reference_complete
AN19.SPA.sm5,hh,hid,27.273706796515174,1,six_reference_complete
AN19.SPA.sm5,hh,hoot,32.73315194308041,1,six_reference_complete
AN19.SPA.sm5,ih,kin,28.826919815085095,1,six_reference_complete
AN19.SPA.sm5,ih,kit,56.89695532597032,1,six_reference_complete
AN19.SPA.sm5,ih,mid,41.16888415600189,1,six_reference_complete
AN19.SPA.sm5,ih,sill,22.82755527785766,1,six_reference_complete
AN19.SPA.sm5,ih,thick,57.86692533798515,1,six_reference_complete
AN19.SPA.sm5,ih,thing,39.9835260511279,1,six_reference_complete
AN19.SPA.sm5,iy,bead,47.75180203236814,1,six_reference_complete
AN19.SPA.sm5,iy,bean,22.837327108522445,1,six_reference_complete
AN19.SPA.sm5,iy,chief,19.134843478180606,1,six_reference_complete
AN19.SPA.sm5,iy,deep,16.764102463882022,1,six_reference_complete
AN19.SPA.sm5,iy,league,32.47080921355241,1,six_reference_complete
AN19.SPA.sm5,iy,teeth,43.52694323420379,1,six_reference_complete
AN19.SPA.sm5,iy,theme,27.01341118405135,1,six_reference_complete
AN19.SPA.sm5,jh,jack,31.315992277315548,1,six_reference_complete
AN19.SPA.sm5,jh,job,60.47901786813563,1,six_reference_complete
AN19.SPA.sm5,jh,join,50.72511620904124,1,six_reference_complete
AN19.SPA.sm5,jh,page,91.75000687083859,1,six_reference_complete
AN19.SPA.sm5,k,beak,49.5606238267145,1,six_reference_complete
AN19.SPA.sm5,k,con,14.202508697674245,1,six_reference_complete
AN19.SPA.sm5,k,hack,86.70532684236758,1,six_reference_complete
AN19.SPA.sm5,k,jack,19.780665558976793,1,six_reference_complete
AN19.SPA.sm5,k,king,30.71975594521709,1,six_reference_complete
AN19.SPA.sm5,k,suck,72.72824027267366,1,six_reference_complete
AN19.SPA.sm5,l,hurl,33.93358206375053,1,six_reference_complete
AN19.SPA.sm5,l,league,62.828892809714795,1,six_reference_complete
AN19.SPA.sm5,m,bum,27.07999924508711,1,six_reference_complete
AN19.SPA.sm5,m,lame,27.25337305823365,1,six_reference_complete
AN19.SPA.sm5,m,mote,32.31472072200527,1,six_reference_complete
AN19.SPA.sm5,m,move,27.07540095988867,1,six_reference_complete
AN19.SPA.sm5,m,mum,52.40315206453326,1,six_reference_complete
AN19.SPA.sm5,m,rhyme,34.91841815066308,1,six_reference_complete
AN19.SPA.sm5,n,fin,32.41607248414048,1,six_reference_complete
AN19.SPA.sm5,ng,long,22.23360216011211,1,six_reference_complete
AN19.SPA.sm5,ow,mote,32.41391075976299,1,six_reference_complete
AN19.SPA.sm5,ow,soak,39.00506614737318,1,six_reference_complete
AN19.SPA.sm5,oy,soil,21.18252972657509,1,six_reference_complete
AN19.SPA.sm5,oy,voice,31.17307006823278,1,six_reference_complete
AN19.SPA.sm5,p,deep,28.297854338782628,1,six_reference_complete
AN19.SPA.sm5,p,page,12.761958459265612,1,six_reference_complete
AN19.SPA.sm5,p,path,36.28617942797365,1,six_reference_complete
AN19.SPA.sm5,p,pawn,14.635290980139002,1,six_reference_complete
AN19.SPA.sm5,p,pool,22.607466411229073,1,six_reference_complete
AN19.SPA.sm5,p,pup,39.37926876338886,1,six_reference_complete
AN19.SPA.sm5,p,ship,64.17902377522176,1,six_reference_complete
AN19.SPA.sm5,p,shop,43.99455002927081,1,six_reference_complete
AN19.SPA.sm5,r,cheer,15.427948953332894,1,six_reference_complete
AN19.SPA.sm5,r,rim,43.162227723136375,1,six_reference_complete
AN19.SPA.sm5,r,rough,22.201662317222656,1,six_reference_complete
AN19.SPA.sm5,r,whore,29.279188340779694,1,six_reference_complete
AN19.SPA.sm5,s,gas,27.15139253774957,1,six_reference_complete
AN19.SPA.sm5,s,lice,22.030832204495322,1,six_reference_complete
AN19.SPA.sm5,s,mace,46.47410666050365,1,six_reference_complete
AN19.SPA.sm5,s,peace,25.245428672495095,1,six_reference_complete
AN19.SPA.sm5,s,sane,14.21097437216122,1,six_reference_complete
AN19.SPA.sm5,s,soak,20.529065470396173,1,six_reference_complete
AN19.SPA.sm5,s,soil,15.86115643439429,1,six_reference_complete
AN19.SPA.sm5,sh,hash,31.27504889486094,1,six_reference_complete
AN19.SPA.sm5,sh,shall,11.61473999050727,1,six_reference_complete
AN19.SPA.sm5,sh,ship,14.635727346230519,1,six_reference_complete
AN19.SPA.sm5,sh,shop,14.795092914485862,1,six_reference_complete
AN19.SPA.sm5,t,goat,66.64210637882876,1,six_reference_complete
AN19.SPA.sm5,t,gut,76.86829778652437,1,six_reference_complete
AN19.SPA.sm5,t,hoot,29.876977281422967,1,six_reference_complete
AN19.SPA.sm5,t,thought,69.7901315045477,1,six_reference_complete
AN19.SPA.sm5,t,toot,45.76810357817087,1,six_reference_complete
AN19.SPA.sm5,th,both,60.36884860266931,1,six_reference_complete
AN19.SPA.sm5,th,death,79.80897659896718,1,six_reference_complete
AN19.SPA.sm5,th,mouth,39.884350936588135,1,six_reference_complete
AN19.SPA.sm5,th,path,32.87620142451744,1,six_reference_complete
AN19.SPA.sm5,th,theme,34.501068559835524,1,six_reference_complete
AN19.SPA.sm5,th,thick,78.17718542168728,1,six_reference_complete
AN19.SPA.sm5,uh,full,61.15183555693909,1,six_reference_complete
AN19.SPA.sm5,uh,pull,38.31090275512155,1,six_reference_complete
AN19.SPA.sm5,uw,fool,22.324372277609452,1,six_reference_complete
AN19.SPA.sm5,uw,lose,9.274607316915045,1,six_reference_complete
AN19.SPA.sm5,v,curve,18.457543835036528,1,six_reference_complete
AN19.SPA.sm5,v,move,28.996640278153972,1,six_reference_complete
AN19.SPA.sm5,v,serve,12.685412427329117,1,six_reference_complete
AN19.SPA.sm5,w,weed,50.27849788677284,1,six_reference_complete
AN19.SPA.sm5,w,wick,87.34083585147157,1,six_reference_complete
AN19.SPA.sm6,aa,caught,66.2578701888159,1,six_reference_complete
AN19.SPA.sm6,aa,cod,56.897936275630656,1,six_reference_complete
AN19.SPA.sm6,aa,con,32.00699722065624,1,six_reference_complete
AN19.SPA.sm6,aa,shop,22.919886235298918,1,six_reference_complete
AN19.SPA.sm6,aa,was,26.30972798920757,1,six_reference_complete
AN19.SPA.sm6,aa,wash,37.8192595667662,1,six_reference_complete
AN19.SPA.sm6,aa,watch,38.34140983996799,1,six_reference_complete
AN19.SPA.sm6,ae,ban,20.120031619612526,1,six_reference_complete
AN19.SPA.sm6,ae,lad,31.08873851225015,1,six_reference_complete
AN19.SPA.sm6,ae,mat,24.50058903919091,1,six_reference_complete
AN19.SPA.sm6,ae,rat,19.02991535126907,1,six_reference_complete
AN19.SPA.sm6,ah,bun,22.941168351865873,1,six_reference_complete
AN19.SPA.sm6,ah,rut,36.86625792908327,1,six_reference_complete
AN19.SPA.sm6,ah,suck,29.791255954507914,1,six_reference_complete
AN19.SPA.sm6,ao,chore,48.5970573102934,1,six_reference_complete
AN19.SPA.sm6,ao,long,41.26328164125864,1,six_reference_complete
AN19.SPA.sm6,ao,wrong,75.15140868437938,2,six_reference_complete
AN19.SPA.sm6,ay,lice,27.03648381993092,1,six_reference_complete
AN19.SPA.sm6,ay,live,58.644544370344164,1,six_reference_complete
AN19.SPA.sm6,ay,rhyme,47.32463804429644,1,six_reference_complete
AN19.SPA.sm6,ay,size,19.629149107795705,1,six_reference_complete
AN19.SPA.sm6,ay,vice,26.055689767932364,1,six_reference_complete
AN19.SPA.sm6,ay,wife,17.918105298745502,1,six_reference_complete
AN19.SPA.sm6,b,balm,55.25296994848201,1,six_reference_complete
AN19.SPA.sm6,b,bean,35.072274478900134,1,six_reference_complete
AN19.SPA.sm6,b,both,44.153788571038895,1,six_reference_complete
AN19.SPA.sm6,b,job,43.768322289364924,1,six_reference_complete
AN19.SPA.sm6,ch,chain,17.188739655172288,1,six_reference_complete
AN19.SPA.sm6,ch,check,20.714832537473423,1,six_reference_complete
AN19.SPA.sm6,ch,cheer,14.699872770289936,1,six_reference_complete
AN19.SPA.sm6,ch,chief,36.88728343101683,1,six_reference_complete
AN19.SPA.sm6,d,bead,22.658126254957512,1,six_reference_complete
AN19.SPA.sm6,d,den,79.58452561391289,1,six_reference_complete
AN19.SPA.sm6,d,hid,35.6196011190302,1,six_reference_complete
AN19.SPA.sm6,d,pad,30.02777421792425,1,six_reference_complete
AN19.SPA.sm6,eh,den,37.03168492414293,1,six_reference_complete
AN19.SPA.sm6,eh,leg,58.806485749709616,1,six_reference_complete
AN19.SPA.sm6,eh,neck,73.83770998652673,1,six_reference_complete
AN19.SPA.sm6,eh,wed,99.1067721568221,1,six_reference_complete
AN19.SPA.sm6,er,learn,28.02055139237416,1,six_reference_complete
AN19.SPA.sm6,ey,fade,15.355743222706474,1,six_reference_complete
AN19.SPA.sm6,ey,lace,28.04270389539737,1,six_reference_complete
AN19.SPA.sm6,ey,mace,26.6238414161906,1,six_reference_complete
AN19.SPA.sm6,ey,sane,19.003141465943575,1,six_reference_complete
AN19.SPA.sm6,ey,shape,15.09201007434689,1,six_reference_complete
AN19.SPA.sm6,ey,wail,33.28941859505122,1,six_reference_complete
AN19.SPA.sm6,f,fig,54.069656600731435,1,six_reference_complete
AN19.SPA.sm6,f,firm,63.68535649148953,1,six_reference_complete
AN19.SPA.sm6,f,five,46.556110041086384,1,six_reference_complete
AN19.SPA.sm6,f,food,31.43275394905039,1,six_reference_complete
AN19.SPA.sm6,g,dog,55.13186558801382,1,six_reference_complete
AN19.SPA.sm6,g,fig,49.31030697043124,1,six_reference_complete
AN19.SPA.sm6,g,gave,22.643102727132913,1,six_reference_complete
AN19.SPA.sm6,g,girl,38.567631068891885,1,six_reference_complete
AN19.SPA.sm6,g,give,45.8358632537611,1,six_reference_complete
AN19.SPA.sm6,g,goat,40.103515464697125,1,six_reference_complete
AN19.SPA.sm6,g,god,43.15306550798454,1,six_reference_complete
AN19.SPA.sm6,g,gut,54.352022245210264,1,six_reference_complete
AN19.SPA.sm6,g,hag,49.791696302217794,1,six_reference_complete
AN19.SPA.sm6,g,league,38.260787361095296,1,six_reference_complete
AN19.SPA.sm6,hh,hack,6.41553369655569,1,six_reference_complete
AN19.SPA.sm6,hh,hag,16.810479571395252,1,six_reference_complete
AN19.SPA.sm6,hh,hid,35.809671983057314,1,six_reference_complete
AN19.SPA.sm6,hh,hoot,29.87845266027644,1,six_reference_complete
AN19.SPA.sm6,ih,kin,41.314015095641075,1,six_reference_complete
AN19.SPA.sm6,ih,kit,77.35441887415193,1,six_reference_complete
AN19.SPA.sm6,ih,sill,91.02380175311515,1,six_reference_complete
AN19.SPA.sm6,iy,bead,24.882249646054998,1,six_reference_complete
AN19.SPA.sm6,iy,bean,31.6467985656366,1,six_reference_complete
AN19.SPA.sm6,iy,chief,36.362587126550316,1,six_reference_complete
AN19.SPA.sm6,iy,deep,23.346526708515952,1,six_reference_complete
AN19.SPA.sm6,iy,league,26.41541067148702,1,six_reference_complete
AN19.SPA.sm6,iy,teat,29.09990434481684,1,six_reference_complete
AN19.SPA.sm6,iy,theme,20.92718991224427,1,six_reference_complete
AN19.SPA.sm6,iy,weed,25.077874479296742,1,six_reference_complete
AN19.SPA.sm6,jh,jack,27.599064046517938,1,six_reference_complete
AN19.SPA.sm6,jh,job,40.87442511400946,1,six_reference_complete
AN19.SPA.sm6,jh,join,38.37254036800995,1,six_reference_complete
AN19.SPA.sm6,jh,page,35.20433943832484,1,six_reference_complete
AN19.SPA.sm6,k,beak,28.93244131912709,1,six_reference_complete
AN19.SPA.sm6,k,con,13.911409840895622,1,six_reference_complete
AN19.SPA.sm6,k,curve,86.51944390492157,1,six_reference_complete
AN19.SPA.sm6,k,jack,26.518026872803073,1,six_reference_complete
AN19.SPA.sm6,k,king,30.428068487780806,1,six_reference_complete
AN19.SPA.sm6,k,suck,42.935427081909125,1,six_reference_complete
AN19.SPA.sm6,k,thick,47.150246739275985,1,six_reference_complete
AN19.SPA.sm6,l,hurl,33.11792473406923,1,six_reference_complete
AN19.SPA.sm6,l,league,46.71696747641068,1,six_reference_complete
AN19.SPA.sm6,l,lice,23.15769538610689,1,six_reference_complete
AN19.SPA.sm6,m,bum,67.0987967131042,1,six_reference_complete
AN19.SPA.sm6,m,doom,34.22613639775942,1,six_reference_complete
AN19.SPA.sm6,m,lame,58.03425044610927,1,six_reference_complete
AN19.SPA.sm6,m,mall,25.800996945984238,1,six_reference_complete
AN19.SPA.sm6,m,mote,32.084170855657185,1,six_reference_complete
AN19.SPA.sm6,m,move,30.216467988987393,1,six_reference_complete
AN19.SPA.sm6,m,mum,44.76049307676187,1,six_reference_complete
AN19.SPA.sm6,n,fin,30.418368251193954,1,six_reference_complete
AN19.SPA.sm6,n,join,73.84255323044017,1,six_reference_complete
AN19.SPA.sm6,ng,long,23.941769014341123,1,six_reference_complete
AN19.SPA.sm6,ow,mote,45.45821176220707,1,six_reference_complete
AN19.SPA.sm6,ow,soak,65.48514038023916,1,six_reference_complete
AN19.SPA.sm6,oy,noise,48.97335738619706,1,six_reference_complete
AN19.SPA.sm6,oy,soil,20.561863339610778,1,six_reference_complete
AN19.SPA.sm6,oy,voice,30.81143595824827,1,six_reference_complete
AN19.SPA.sm6,p,deep,27.270006854579346,1,six_reference_complete
AN19.SPA.sm6,p,page,43.10201843173703,1,six_reference_complete
AN19.SPA.sm6,p,path,41.20446293533669,1,six_reference_complete
AN19.SPA.sm6,p,pawn,16.326491193964753,1,six_reference_complete
AN19.SPA.sm6,p,pool,29.64268925738217,1,six_reference_complete
AN19.SPA.sm6,p,pup,37.925961963892284,1,six_reference_complete
AN19.SPA.sm6,p,shop,58.5169346189752,1,six_reference_complete
AN19.SPA.sm6,r,cheer,24.88549422090341,1,six_reference_complete
AN19.SPA.sm6,r,rim,49.60608193293108,1,six_reference_complete
AN19.SPA.sm6,r,rough,17.59413726077078,1,six_reference_complete
AN19.SPA.sm6,r,whore,28.940157096603784,1,six_reference_complete
AN19.SPA.sm6,s,gas,19.7616463944543,1,six_reference_complete
AN19.SPA.sm6,s,lice,23.078680155881568,1,six_reference_complete
AN19.SPA.sm6,s,mace,44.95391675682374,1,six_reference_complete
AN19.SPA.sm6,s,peace,24.87728590286582,1,six_reference_complete
AN19.SPA.sm6,s,sane,13.049658906780055,1,six_reference_complete
AN19.SPA.sm6,s,soak,32.957337550579844,1,six_reference_complete
AN19.SPA.sm6,s,soil,20.241012780244287,1,six_reference_complete
AN19.SPA.sm6,sh,hash,36.389419566603046,1,six_reference_complete
AN19.SPA.sm6,sh,shall,27.702361876035393,1,six_reference_complete
AN19.SPA.sm6,sh,ship,67.61404467846245,1,six_reference_complete
AN19.SPA.sm6,sh,shop,16.065540474548826,1,six_reference_complete
AN19.SPA.sm6,t,goat,28.366241338733563,1,six_reference_complete
AN19.SPA.sm6,t,gut,24.379040281038915,1,six_reference_complete
AN19.SPA.sm6,t,hoot,22.87986918901215,1,six_reference_complete
AN19.SPA.sm6,t,route,41.45724031387846,1,six_reference_complete
AN19.SPA.sm6,t,thought,65.4346752798702,1,six_reference_complete
AN19.SPA.sm6,t,toot,57.13819377857328,1,six_reference_complete
AN19.SPA.sm6,t,white,53.60208872126534,1,six_reference_complete
AN19.SPA.sm6,th,both,47.79311546799392,1,six_reference_complete
AN19.SPA.sm6,th,faith,30.45810305006741,1,six_reference_complete
AN19.SPA.sm6,th,mouth,37.63793994520659,1,six_reference_complete
AN19.SPA.sm6,th,path,24.191861775087812,1,six_reference_complete
AN19.SPA.sm6,th,thick,72.1049479641153,1,six_reference_complete
AN19.SPA.sm6,uh,full,30.92437021698065,1,six_reference_complete
AN19.SPA.sm6,uh,pull,75.63688499532135,1,six_reference_complete
AN19.SPA.sm6,uw,fool,17.814793902072413,1,six_reference_complete
AN19.SPA.sm6,uw,lose,34.391137358321934,1,six_reference_complete
AN19.SPA.sm6,uw,roof,46.79755924634106,1,six_reference_complete
AN19.SPA.sm6,v,curve,82.5157580814254,1,six_reference_complete
AN19.SPA.sm6,v,move,28.395091316999594,1,six_reference_complete
AN19.SPA.sm6,w,wick,88.48892064489935,1,six_reference_complete
AN19.SPA.sm6,y,young,29.772338436403192,1,six_reference_complete
AN19.SPA.sm7,aa,caught,68.76423727922172,1,six_reference_complete
AN19.SPA.sm7,aa,cod,58.60813299447242,1,six_reference_complete
AN19.SPA.sm7,aa,con,39.40362397167632,1,six_reference_complete
AN19.SPA.sm7,aa,shop,26.88591768106747,1,six_reference_complete
AN19.SPA.sm7,aa,was,52.62867022558876,1,six_reference_complete
AN19.SPA.sm7,aa,wash,36.72990187223616,1,six_reference_complete
AN19.SPA.sm7,aa,watch,46.20531796051201,1,six_reference_complete
AN19.SPA.sm7,ae,ban,24.878824114245614,1,six_reference_complete
AN19.SPA.sm7,ae,lad,100.6692670759226,1,six_reference_complete
AN19.SPA.sm7,ae,mat,41.729385402294476,1,six_reference_complete
AN19.SPA.sm7,ae,rat,19.754920823737056,1,six_reference_complete
AN19.SPA.sm7,ae,shall,56.4590160039045,1,six_reference_complete
AN19.SPA.sm7,ah,bun,33.432175356047324,1,six_reference_complete
AN19.SPA.sm7,ah,rut,22.037135456291022,1,six_reference_complete
AN19.SPA.sm7,ah,suck,51.916979171838385,1,six_reference_complete
AN19.SPA.sm7,ao,chore,49.840091344845774,1,six_reference_complete
AN19.SPA.sm7,ao,long,37.31803541216391,1,six_reference_complete
AN19.SPA.sm7,ao,wrong,38.16237915969322,1,six_reference_complete
AN19.SPA.sm7,ay,lice,27.068280524447022,1,six_reference_complete
AN19.SPA.sm7,ay,live,44.73668590248551,1,six_reference_complete
AN19.SPA.sm7,ay,rhyme,35.75250284624036,1,six_reference_complete
AN19.SPA.sm7,ay,size,23.790010136226048,1,six_reference_complete
AN19.SPA.sm7,ay,wife,32.92603359884874,1,six_reference_complete
AN19.SPA.sm7,b,balm,49.822848584762006,1,six_reference_complete
AN19.SPA.sm7,b,bean,50.23184420406229,1,six_reference_complete
AN19.SPA.sm7,b,both,33.84323463490927,1,six_reference_complete
AN19.SPA.sm7,b,bug,50.80708511423152,1,six_reference_complete
AN19.SPA.sm7,ch,chain,20.327466001673265,1,six_reference_complete
AN19.SPA.sm7,ch,cheer,15.870255629749076,1,six_reference_complete
AN19.SPA.sm7,ch,chief,24.205869576502597,1,six_reference_complete
AN19.SPA.sm7,d,bead,50.292284102540656,1,six_reference_complete
AN19.SPA.sm7,d,den,71.32851668420375,1,six_reference_complete
AN19.SPA.sm7,d,doom,58.879194171632854,1,six_reference_complete
AN19.SPA.sm7,d,dune,32.561699994859744,1,six_reference_complete
AN19.SPA.sm7,d,hid,62.85216980081927,1,six_reference_complete
AN19.SPA.sm7,d,pad,23.43521526914343,1,six_reference_complete
AN19.SPA.sm7,eh,leg,45.206611908114745,1,six_reference_complete
AN19.SPA.sm7,eh,neck,54.53184225515,1,six_reference_complete
AN19.SPA.sm7,eh,wed,42.221155157659176,1,six_reference_complete
AN19.SPA.sm7,er,learn,20.393109790783736,1,six_reference_complete
AN19.SPA.sm7,ey,fade,20.71423313329144,1,six_reference_complete
AN19.SPA.sm7,ey,lace,20.290392523252738,1,six_reference_complete
AN19.SPA.sm7,ey,mace,28.27226316596389,1,six_reference_complete
AN19.SPA.sm7,ey,sane,65.25259627666331,1,six_reference_complete
AN19.SPA.sm7,ey,shape,18.609401119453103,1,six_reference_complete
AN19.SPA.sm7,ey,wail,51.99567531290535,1,six_reference_complete
AN19.SPA.sm7,f,firm,23.150444257574588,1,six_reference_complete
AN19.SPA.sm7,f,five,61.86848346489007,1,six_reference_complete
AN19.SPA.sm7,f,food,32.466847438335314,1,six_reference_complete
AN19.SPA.sm7,g,dog,102.84110979466418,1,six_reference_complete
AN19.SPA.sm7,g,fig,37.65904611425608,1,six_reference_complete
AN19.SPA.sm7,g,give,25.187206130971045,1,six_reference_complete
AN19.SPA.sm7,g,goat,74.01468500039032,1,six_reference_complete
AN19.SPA.sm7,g,god,75.32677544928309,1,six_reference_complete
AN19.SPA.sm7,g,gut,34.442590571645034,1,six_reference_complete
AN19.SPA.sm7,g,league,19.996746169210898,1,six_reference_complete
AN19.SPA.sm7,hh,hid,88.24375297676802,1,six_reference_complete
AN19.SPA.sm7,hh,hoot,37.72336744267088,1,six_reference_complete
AN19.SPA.sm7,ih,kin,37.556717929989084,1,six_reference_complete
AN19.SPA.sm7,ih,mid,48.76434023142962,1,six_reference_complete
AN19.SPA.sm7,ih,sill,31.784101206926213,1,six_reference_complete
AN19.SPA.sm7,ih,thick,57.701094553715386,1,six_reference_complete
AN19.SPA.sm7,ih,thing,31.044437683506327,1,six_reference_complete
AN19.SPA.sm7,iy,bead,42.47803984878514,1,six_reference_complete
AN19.SPA.sm7,iy,bean,24.57908386847247,1,six_reference_complete
AN19.SPA.sm7,iy,chief,20.100814432134776,1,six_reference_complete
AN19.SPA.sm7,iy,deep,16.91488519281885,1,six_reference_complete
AN19.SPA.sm7,iy,league,58.12787926930096,1,six_reference_complete
AN19.SPA.sm7,iy,teat,30.278306172324836,1,six_reference_complete
AN19.SPA.sm7,iy,teeth,39.24798085341927,1,six_reference_complete
AN19.SPA.sm7,iy,theme,23.836345025301142,1,six_reference_complete
AN19.SPA.sm7,iy,weed,23.214540356300507,1,six_reference_complete
AN19.SPA.sm7,jh,jack,12.649862084734155,1,six_reference_complete
AN19.SPA.sm7,jh,join,32.51886719668227,1,six_reference_complete
AN19.SPA.sm7,jh,page,99.07903661376595,1,six_reference_complete
AN19.SPA.sm7,k,beak,51.14980753871297,1,six_reference_complete
AN19.SPA.sm7,k,con,13.65336220766269,1,six_reference_complete
AN19.SPA.sm7,k,curve,38.80336649449536,1,six_reference_complete
AN19.SPA.sm7,k,hack,90.43560011114863,1,six_reference_complete
AN19.SPA.sm7,k,jack,12.63381771525595,1,six_reference_complete
AN19.SPA.sm7,k,king,26.63274377704541,1,six_reference_complete
AN19.SPA.sm7,k,suck,107.54199309030106,1,six_reference_complete
AN19.SPA.sm7,l,hurl,33.286600483457434,1,six_reference_complete
AN19.SPA.sm7,l,league,23.942885532316485,1,six_reference_complete
AN19.SPA.sm7,l,lice,19.555826050272806,1,six_reference_complete
AN19.SPA.sm7,m,bum,41.35167606609402,1,six_reference_complete
AN19.SPA.sm7,m,doom,19.042699983465244,1,six_reference_complete
AN19.SPA.sm7,m,mall,37.223849913430854,1,six_reference_complete
AN19.SPA.sm7,m,mote,47.513153352418385,1,six_reference_complete
AN19.SPA.sm7,m,move,36.540074620319594,1,six_reference_complete
AN19.SPA.sm7,m,mum,45.541356503511366,1,six_reference_complete
AN19.SPA.sm7,m,rhyme,39.71448393196962,1,six_reference_complete
AN19.SPA.sm7,m,theme,22.740929269482127,1,six_reference_complete
AN19.SPA.sm7,ow,mote,25.913207547482134,1,six_reference_complete
AN19.SPA.sm7,ow,soak,28.33002621985733,1,six_reference_complete
AN19.SPA.sm7,oy,noise,38.30154416463673,1,six_reference_complete
AN19.SPA.sm7,oy,soil,17.186683330821634,1,six_reference_complete
AN19.SPA.sm7,oy,voice,35.877189971764714,1,six_reference_complete
AN19.SPA.sm7,p,deep,35.026443220125365,1,six_reference_complete
AN19.SPA.sm7,p,page,12.725234111713908,1,six_reference_complete
AN19.SPA.sm7,p,path,32.906158407323886,1,six_reference_complete
AN19.SPA.sm7,p,pawn,66.01351134426618,1,six_reference_complete
AN19.SPA.sm7,p,pool,19.93412698892255,1,six_reference_complete
AN19.SPA.sm7,p,pup,74.25509122328873,1,six_reference_complete
AN19.SPA.sm7,p,shop,36.26644033270117,1,six_reference_complete
AN19.SPA.sm7,r,cheer,22.671967360946258,1,six_reference_complete
AN19.SPA.sm7,r,rim,49.85434493410907,1,six_reference_complete
AN19.SPA.sm7,r,rough,44.39338108428262,1,six_reference_complete
AN19.SPA.sm7,r,whore,39.783318182691964,1,six_reference_complete
AN19.SPA.sm7,s,lice,26.243734698045632,1,six_reference_complete
AN19.SPA.sm7,s,mace,41.08004336449718,1,six_reference_complete
AN19.SPA.sm7,s,peace,25.163698461793604,1,six_reference_complete
AN19.SPA.sm7,s,soil,15.649235284718108,1,six_reference_complete
AN19.SPA.sm7,sh,hash,40.622139643727984,1,six_reference_complete
AN19.SPA.sm7,sh,ship,14.919457057621683,1,six_reference_complete
AN19.SPA.sm7,t,goat,71.63141494264556,1,six_reference_complete
AN19.SPA.sm7,t,gut,63.41034061772262,1,six_reference_complete
AN19.SPA.sm7,t,hoot,40.7213485024727,1,six_reference_complete
AN19.SPA.sm7,t,route,64.01592320950209,1,six_reference_complete
AN19.SPA.sm7,t,thought,86.16397265062172,1,six_reference_complete
AN19.SPA.sm7,t,toot,51.40812489094824,1,six_reference_complete
AN19.SPA.sm7,th,both,33.19112849468936,1,six_reference_complete
AN19.SPA.sm7,th,death,68.5280528561948,1,six_reference_complete
AN19.SPA.sm7,th,faith,45.29943040754373,1,six_reference_complete
AN19.SPA.sm7,th,mouth,38.458525018987906,1,six_reference_complete
AN19.SPA.sm7,th,path,65.14188289481842,1,six_reference_complete
AN19.SPA.sm7,uh,full,33.55957778653842,1,six_reference_complete
AN19.SPA.sm7,uh,pull,32.89400010709614,1,six_reference_complete
AN19.SPA.sm7,uw,fool,25.273795286300473,1,six_reference_complete
AN19.SPA.sm7,uw,lose,32.36023591151496,1,six_reference_complete
AN19.SPA.sm7,uw,roof,62.91743087014143,1,six_reference_complete
AN19.SPA.sm7,v,curve,17.56489777295556,1,six_reference_complete
AN19.SPA.sm7,v,love,36.47028275824367,1,six_reference_complete
AN19.SPA.sm7,v,serve,17.8633208059199,1,six_reference_complete
AN19.SPA.sm7,w,wick,86.41565940338819,1,six_reference_complete
AN19.SPA.sm7,y,young,35.776143846259785,1,six_reference_complete
AN19.KOR.kf1,s,gas,20.559552269306746,1,qc_filtered_six_reference_complete
AN19.KOR.kf1,s,lice,32.65655761079477,1,qc_filtered_six_reference_complete
AN19.KOR.kf1,s,mace,51.49741314028223,1,qc_filtered_six_reference_complete
AN19.KOR.kf1,s,sane,21.962662507046176,1,qc_filtered_six_reference_complete
AN19.KOR.kf2,iy,bean,12.67065709401779,1,qc_filtered_six_reference_complete
AN19.KOR.kf2,s,mace,49.11821028093033,1,qc_filtered_six_reference_complete
AN19.KOR.kf2,s,sane,13.921972160770808,1,qc_filtered_six_reference_complete
AN19.KOR.kf2,s,soak,13.55294358058053,1,qc_filtered_six_reference_complete
AN19.KOR.kf3,iy,bean,19.90707680792507,1,qc_filtered_six_reference_complete
AN19.KOR.kf3,iy,league,15.097461137446553,1,qc_filtered_six_reference_complete
AN19.KOR.kf3,s,gas,28.34992392223357,1,qc_filtered_six_reference_complete
AN19.KOR.kf3,s,lice,29.655362093398892,1,qc_filtered_six_reference_complete
AN19.KOR.kf3,s,mace,45.482048344661145,1,qc_filtered_six_reference_complete
AN19.KOR.kf3,s,sane,19.24868769696354,1,qc_filtered_six_reference_complete
AN19.KOR.kf4,iy,league,14.260385535216669,1,qc_filtered_six_reference_complete
AN19.KOR.kf4,s,gas,32.38779044072681,1,qc_filtered_six_reference_complete
AN19.KOR.kf4,s,lice,40.82979225448554,1,qc_filtered_six_reference_complete
AN19.KOR.kf4,s,mace,39.06562860906455,1,qc_filtered_six_reference_complete
AN19.KOR.kf4,s,sane,19.90923541309647,1,qc_filtered_six_reference_complete
AN19.KOR.kf4,s,soak,13.081116890576864,1,qc_filtered_six_reference_complete
AN19.KOR.kf5,iy,bean,18.781776214423186,1,qc_filtered_six_reference_complete
AN19.KOR.kf5,iy,league,27.02704481419453,1,qc_filtered_six_reference_complete
AN19.KOR.kf5,s,mace,52.969564385590424,1,qc_filtered_six_reference_complete
AN19.KOR.kf5,s,soak,22.41781528002737,1,qc_filtered_six_reference_complete
AN19.KOR.kf6,iy,bean,18.653452961070208,1,qc_filtered_six_reference_complete
AN19.KOR.kf6,iy,league,21.618488038496007,1,qc_filtered_six_reference_complete
AN19.KOR.kf6,s,gas,27.58883695479427,1,qc_filtered_six_reference_complete
AN19.KOR.kf6,s,lice,26.110332421697322,1,qc_filtered_six_reference_complete
AN19.KOR.kf6,s,mace,46.0751203821245,1,qc_filtered_six_reference_complete
AN19.KOR.kf6,s,sane,15.309839274839787,1,qc_filtered_six_reference_complete
AN19.KOR.kf6,s,soak,18.637093939850782,1,qc_filtered_six_reference_complete
AN19.KOR.km1,iy,league,22.84740711137577,1,qc_filtered_six_reference_complete
AN19.KOR.km1,s,lice,20.404140433230214,1,qc_filtered_six_reference_complete
AN19.KOR.km1,s,mace,42.51481726414757,1,qc_filtered_six_reference_complete
AN19.KOR.km1,s,sane,14.142156800047902,1,qc_filtered_six_reference_complete
AN19.KOR.km1,s,soak,12.316507935820985,1,qc_filtered_six_reference_complete
AN19.KOR.km2,iy,bead,26.11491478833212,1,qc_filtered_six_reference_complete
AN19.KOR.km2,iy,bean,13.381168786566912,1,qc_filtered_six_reference_complete
AN19.KOR.km2,iy,league,20.044770953467737,1,qc_filtered_six_reference_complete
AN19.KOR.km2,s,gas,34.28244282528616,1,qc_filtered_six_reference_complete
AN19.KOR.km2,s,mace,44.47412080566614,1,qc_filtered_six_reference_complete
AN19.KOR.km2,s,sane,14.070587486302877,1,qc_filtered_six_reference_complete
AN19.KOR.km2,s,soak,10.523531182161848,1,qc_filtered_six_reference_complete
AN19.KOR.km3,s,gas,24.132159760154476,1,qc_filtered_six_reference_complete
AN19.KOR.km3,s,lice,43.58545146178138,1,qc_filtered_six_reference_complete
AN19.KOR.km3,s,mace,49.12796112555025,1,qc_filtered_six_reference_complete
AN19.KOR.km3,s,sane,18.99151754567404,1,qc_filtered_six_reference_complete
AN19.KOR.km3,s,soak,14.204076712047481,1,qc_filtered_six_reference_complete
AN19.KOR.km6,iy,league,16.739206664015747,1,qc_filtered_six_reference_complete
AN19.KOR.km6,s,gas,28.894977171654528,1,qc_filtered_six_reference_complete
AN19.KOR.km6,s,sane,13.768738957183826,1,qc_filtered_six_reference_complete
AN19.KOR.km6,s,soak,36.6661907057378,1,qc_filtered_six_reference_complete
AN19.KOR.km7,iy,bean,12.210102767820928,1,qc_filtered_six_reference_complete
AN19.KOR.km7,iy,league,21.29426854810598,1,qc_filtered_six_reference_complete
AN19.KOR.km7,s,gas,43.57549892673136,1,qc_filtered_six_reference_complete
AN19.KOR.km7,s,lice,24.997220774475313,1,qc_filtered_six_reference_complete
AN19.KOR.km7,s,mace,32.86562551066902,1,qc_filtered_six_reference_complete
AN19.KOR.km7,s,sane,14.16713936345628,1,qc_filtered_six_reference_complete
AN19.KOR.km7,s,soak,12.797535488287949,1,qc_filtered_six_reference_complete
AN19.KOR.km8,iy,league,48.150381278734265,1,qc_filtered_six_reference_complete
AN19.KOR.km8,s,gas,27.768721143731344,1,qc_filtered_six_reference_complete
AN19.KOR.km8,s,mace,36.796214750697544,1,qc_filtered_six_reference_complete
AN19.KOR.km8,s,sane,15.722765966927332,1,qc_filtered_six_reference_complete
AN19.KOR.km8,s,soak,19.536393532862693,1,qc_filtered_six_reference_complete
AN19.MIX.if1,iy,bean,14.863196616788185,1,qc_filtered_six_reference_complete
AN19.MIX.if1,iy,league,10.917743056297317,1,qc_filtered_six_reference_complete
AN19.MIX.if1,s,gas,24.647196650233607,1,qc_filtered_six_reference_complete
AN19.MIX.if1,s,lice,18.600610312627143,1,qc_filtered_six_reference_complete
AN19.MIX.if1,s,mace,47.183477479021,1,qc_filtered_six_reference_complete
AN19.MIX.if1,s,sane,13.307379781758675,1,qc_filtered_six_reference_complete
AN19.MIX.if1,s,soak,23.532127668980223,1,qc_filtered_six_reference_complete
AN19.MIX.if2,s,gas,29.4181380838252,1,qc_filtered_six_reference_complete
AN19.MIX.if2,s,lice,21.468297231191443,1,qc_filtered_six_reference_complete
AN19.MIX.if2,s,mace,39.93421736372248,1,qc_filtered_six_reference_complete
AN19.MIX.if2,s,sane,19.93388184665554,1,qc_filtered_six_reference_complete
AN19.MIX.if2,s,soak,15.923364116552017,1,qc_filtered_six_reference_complete
AN19.MIX.if3,iy,bean,18.79819565234146,1,qc_filtered_six_reference_complete
AN19.MIX.if3,iy,league,45.19057324237851,1,qc_filtered_six_reference_complete
AN19.MIX.if3,s,gas,24.13340570510614,1,qc_filtered_six_reference_complete
AN19.MIX.if3,s,lice,24.953660219536165,1,qc_filtered_six_reference_complete
AN19.MIX.if3,s,mace,46.983767751970106,1,qc_filtered_six_reference_complete
AN19.MIX.if3,s,sane,13.36773759837156,1,qc_filtered_six_reference_complete
AN19.MIX.if4,iy,league,10.88033149506721,1,qc_filtered_six_reference_complete
AN19.MIX.if4,s,gas,27.79054643135596,1,qc_filtered_six_reference_complete
AN19.MIX.if4,s,lice,24.789710541557195,1,qc_filtered_six_reference_complete
AN19.MIX.if4,s,mace,45.742991195331946,1,qc_filtered_six_reference_complete
AN19.MIX.if4,s,soak,10.923421712880227,1,qc_filtered_six_reference_complete
AN19.MIX.if5,iy,bead,38.25788941173472,1,qc_filtered_six_reference_complete
AN19.MIX.if5,iy,bean,28.5140511094164,1,qc_filtered_six_reference_complete
AN19.MIX.if5,iy,league,15.380044671123173,1,qc_filtered_six_reference_complete
AN19.MIX.if5,s,gas,25.120001456120665,1,qc_filtered_six_reference_complete
AN19.MIX.if5,s,lice,33.78530095273185,1,qc_filtered_six_reference_complete
AN19.MIX.if5,s,mace,51.6256173281314,1,qc_filtered_six_reference_complete
AN19.MIX.if5,s,sane,16.068047273689633,1,qc_filtered_six_reference_complete
AN19.MIX.if5,s,soak,12.849351574133813,1,qc_filtered_six_reference_complete
AN19.MIX.if6,iy,bead,33.043841640823274,1,qc_filtered_six_reference_complete
AN19.MIX.if6,iy,bean,8.24370654051492,1,qc_filtered_six_reference_complete
AN19.MIX.if6,iy,league,52.24525319745137,1,qc_filtered_six_reference_complete
AN19.MIX.if6,s,gas,40.33273714214242,1,qc_filtered_six_reference_complete
AN19.MIX.if6,s,lice,46.41198516095667,1,qc_filtered_six_reference_complete
AN19.MIX.if6,s,mace,46.29384053216801,1,qc_filtered_six_reference_complete
AN19.MIX.if6,s,sane,15.012230230904493,1,qc_filtered_six_reference_complete
AN19.MIX.if6,s,soak,15.31017867923927,1,qc_filtered_six_reference_complete
AN19.MIX.im1,iy,league,22.969325498791864,1,qc_filtered_six_reference_complete
AN19.MIX.im1,s,gas,30.946512126391067,1,qc_filtered_six_reference_complete
AN19.MIX.im1,s,mace,45.107943242176844,1,qc_filtered_six_reference_complete
AN19.MIX.im1,s,soak,12.866141620574119,1,qc_filtered_six_reference_complete
AN19.MIX.im2,iy,bean,33.74864819358233,1,qc_filtered_six_reference_complete
AN19.MIX.im2,s,sane,17.049328207646685,1,qc_filtered_six_reference_complete
AN19.MIX.im2,s,soak,10.894110305102169,1,qc_filtered_six_reference_complete
AN19.MIX.im3,iy,league,16.823447039540998,1,qc_filtered_six_reference_complete
AN19.MIX.im3,s,gas,28.03312854404272,1,qc_filtered_six_reference_complete
AN19.MIX.im3,s,sane,14.692298932280591,1,qc_filtered_six_reference_complete
AN19.MIX.im3,s,soak,13.520895654508593,1,qc_filtered_six_reference_complete
AN19.MIX.im4,iy,bean,16.58633015899834,1,qc_filtered_six_reference_complete
AN19.MIX.im4,iy,league,45.495802723267445,1,qc_filtered_six_reference_complete
AN19.MIX.im4,s,gas,21.904975473983612,1,qc_filtered_six_reference_complete
AN19.MIX.im4,s,lice,85.96216778320688,1,qc_filtered_six_reference_complete
AN19.MIX.im4,s,soak,23.72780105336076,1,qc_filtered_six_reference_complete
AN19.MIX.im5,iy,bead,26.205711380150024,1,qc_filtered_six_reference_complete
AN19.MIX.im5,iy,bean,17.30683810770773,1,qc_filtered_six_reference_complete
AN19.MIX.im5,s,gas,25.574523145895142,1,qc_filtered_six_reference_complete
AN19.MIX.im5,s,lice,22.76180517715279,1,qc_filtered_six_reference_complete
AN19.MIX.im5,s,mace,45.0993905151855,1,qc_filtered_six_reference_complete
AN19.MIX.im5,s,sane,12.88865930762703,1,qc_filtered_six_reference_complete
AN19.MIX.im6,iy,bead,32.90305814649395,1,qc_filtered_six_reference_complete
AN19.MIX.im6,iy,bean,41.39967016733171,1,qc_filtered_six_reference_complete
AN19.MIX.im6,iy,league,39.17093658936395,1,qc_filtered_six_reference_complete
AN19.MIX.im6,s,gas,27.46447984965286,1,qc_filtered_six_reference_complete
AN19.MIX.im6,s,lice,24.224414621843497,1,qc_filtered_six_reference_complete
AN19.MIX.im6,s,mace,44.97895053790459,1,qc_filtered_six_reference_complete
AN19.MIX.im6,s,soak,14.994152588820226,1,qc_filtered_six_reference_complete
AN19.SPA.sf1,iy,bead,24.864135357011822,1,qc_filtered_six_reference_complete
AN19.SPA.sf1,iy,bean,20.56320530337628,1,qc_filtered_six_reference_complete
AN19.SPA.sf1,iy,league,50.93532432735839,1,qc_filtered_six_reference_complete
AN19.SPA.sf1,s,lice,31.552099993888877,1,qc_filtered_six_reference_complete
AN19.SPA.sf1,s,sane,21.23013835911588,1,qc_filtered_six_reference_complete
AN19.SPA.sf1,s,soak,19.249166491448612,1,qc_filtered_six_reference_complete
AN19.SPA.sf2,s,gas,35.154167006062885,1,qc_filtered_six_reference_complete
AN19.SPA.sf2,s,lice,22.924637298236814,1,qc_filtered_six_reference_complete
AN19.SPA.sf2,s,sane,17.566023236828954,1,qc_filtered_six_reference_complete
AN19.SPA.sf3,iy,bead,26.12670386902654,1,qc_filtered_six_reference_complete
AN19.SPA.sf3,iy,bean,15.41256615191926,1,qc_filtered_six_reference_complete
AN19.SPA.sf3,iy,league,29.552482310276897,1,qc_filtered_six_reference_complete
AN19.SPA.sf3,s,gas,39.517137231714464,1,qc_filtered_six_reference_complete
AN19.SPA.sf3,s,lice,22.75083039650882,1,qc_filtered_six_reference_complete
AN19.SPA.sf3,s,mace,42.76389857071015,1,qc_filtered_six_reference_complete
AN19.SPA.sf3,s,sane,14.7700364016883,1,qc_filtered_six_reference_complete
AN19.SPA.sf3,s,soak,13.918921940131966,1,qc_filtered_six_reference_complete
AN19.SPA.sf4,iy,bean,21.143948372678825,1,qc_filtered_six_reference_complete
AN19.SPA.sf4,iy,league,18.689707533686345,1,qc_filtered_six_reference_complete
AN19.SPA.sf4,s,gas,43.60270259809615,1,qc_filtered_six_reference_complete
AN19.SPA.sf4,s,lice,33.47297101409385,1,qc_filtered_six_reference_complete
AN19.SPA.sf4,s,mace,35.3790121789536,1,qc_filtered_six_reference_complete
AN19.SPA.sf4,s,soak,14.382762641987098,1,qc_filtered_six_reference_complete
AN19.SPA.sf5,iy,league,36.07989035130251,1,qc_filtered_six_reference_complete
AN19.SPA.sf5,s,gas,24.8014355607145,1,qc_filtered_six_reference_complete
AN19.SPA.sf5,s,lice,22.938004187070067,1,qc_filtered_six_reference_complete
AN19.SPA.sf5,s,mace,35.11784881024778,1,qc_filtered_six_reference_complete
AN19.SPA.sf5,s,sane,13.999028087315125,1,qc_filtered_six_reference_complete
AN19.SPA.sf5,s,soak,11.609250860337482,1,qc_filtered_six_reference_complete
AN19.SPA.sf6,s,gas,39.1825138820076,1,qc_filtered_six_reference_complete
AN19.SPA.sf6,s,lice,34.43097992309373,1,qc_filtered_six_reference_complete
AN19.SPA.sf6,s,mace,47.84215184383219,1,qc_filtered_six_reference_complete
AN19.SPA.sf6,s,soak,13.55710164585345,1,qc_filtered_six_reference_complete
AN19.SPA.sm2,iy,bean,42.45384287273516,1,qc_filtered_six_reference_complete
AN19.SPA.sm2,iy,league,17.93753994007732,1,qc_filtered_six_reference_complete
AN19.SPA.sm2,s,gas,22.199629403120053,1,qc_filtered_six_reference_complete
AN19.SPA.sm2,s,lice,18.915202067400454,1,qc_filtered_six_reference_complete
AN19.SPA.sm2,s,mace,41.76856951064439,1,qc_filtered_six_reference_complete
AN19.SPA.sm2,s,sane,15.963058035020282,1,qc_filtered_six_reference_complete
AN19.SPA.sm2,s,soak,10.697438562810794,1,qc_filtered_six_reference_complete
AN19.SPA.sm3,iy,bean,22.78486590716159,1,qc_filtered_six_reference_complete
AN19.SPA.sm3,iy,league,19.33214449977006,1,qc_filtered_six_reference_complete
AN19.SPA.sm3,s,gas,42.80299193855384,1,qc_filtered_six_reference_complete
AN19.SPA.sm3,s,lice,26.34020771439248,1,qc_filtered_six_reference_complete
AN19.SPA.sm3,s,mace,43.268915890820004,1,qc_filtered_six_reference_complete
AN19.SPA.sm3,s,sane,53.44410637370337,1,qc_filtered_six_reference_complete
AN19.SPA.sm4,s,lice,19.23993500245408,1,qc_filtered_six_reference_complete
AN19.SPA.sm4,s,soak,15.162236503526394,1,qc_filtered_six_reference_complete
AN19.SPA.sm5,iy,bead,47.75180203236814,1,qc_filtered_six_reference_complete
AN19.SPA.sm5,iy,bean,22.837327108522445,1,qc_filtered_six_reference_complete
AN19.SPA.sm5,iy,league,32.47080921355241,1,qc_filtered_six_reference_complete
AN19.SPA.sm5,s,gas,27.15139253774957,1,qc_filtered_six_reference_complete
AN19.SPA.sm5,s,mace,46.47410666050365,1,qc_filtered_six_reference_complete
AN19.SPA.sm5,s,sane,14.21097437216122,1,qc_filtered_six_reference_complete
AN19.SPA.sm6,iy,bead,24.882249646054998,1,qc_filtered_six_reference_complete
AN19.SPA.sm6,iy,league,26.41541067148702,1,qc_filtered_six_reference_complete
AN19.SPA.sm6,s,gas,19.7616463944543,1,qc_filtered_six_reference_complete
AN19.SPA.sm6,s,lice,23.078680155881568,1,qc_filtered_six_reference_complete
AN19.SPA.sm6,s,mace,44.95391675682374,1,qc_filtered_six_reference_complete
AN19.SPA.sm6,s,sane,13.049658906780055,1,qc_filtered_six_reference_complete
AN19.SPA.sm6,s,soak,32.957337550579844,1,qc_filtered_six_reference_complete
AN19.SPA.sm7,iy,bead,42.47803984878514,1,qc_filtered_six_reference_complete
AN19.SPA.sm7,iy,bean,24.57908386847247,1,qc_filtered_six_reference_complete
AN19.SPA.sm7,iy,league,58.12787926930096,1,qc_filtered_six_reference_complete
AN19.SPA.sm7,s,mace,41.08004336449718,1,qc_filtered_six_reference_complete
