interval_id,recording_id,speaker_id,language,branch,comparison_word,canonical_sequence,canonical_position,canonical_phone,mean_similarity,mean_reference_dtw,n_reference_speakers,n_reference_recordings,instance_weight
AN19-rec-00079a5577d59a2dc124:phone:2,AN19-rec-00079a5577d59a2dc124,AN19.SPA.sf6,Spanish,Romance,pull,p uh l,1,uh,3.591932349923361e-09,27.33563091732784,6,6,0.007042253521126761
AN19-rec-002747096d898f7ade1e:phone:3,AN19-rec-002747096d898f7ade1e,AN19.MIX.if4,German,Germanic,deep,d iy p,2,p,6.166956589606313e-06,30.36209792695112,6,6,0.0072992700729927005
AN19-rec-00301de6d7ad00a41cc5:phone:1,AN19-rec-00301de6d7ad00a41cc5,AN19.MIX.if4,German,Germanic,move,m uw v,0,m,8.168817500043078e-11,38.41492647104326,6,6,0.0072992700729927005
AN19-rec-00301de6d7ad00a41cc5:phone:3,AN19-rec-00301de6d7ad00a41cc5,AN19.MIX.if4,German,Germanic,move,m uw v,2,v,1.722380342917007e-14,36.02502406928593,6,6,0.0072992700729927005
AN19-rec-003f828cad6d1e4a7c19:phone:2,AN19-rec-003f828cad6d1e4a7c19,AN19.MIX.if1,Albanian,Albanian,fade,f ey d,1,ey,1.1920918359071785e-09,33.58243820590955,6,6,0.0070921985815602835
AN19-rec-0050eb4714232f054ed9:phone:1,AN19-rec-0050eb4714232f054ed9,AN19.KOR.km7,Korean,Koreanic,shall,sh ae l,0,sh,0.028935388950797124,11.92889166445471,6,6,0.006711409395973154
AN19-rec-0050eb4714232f054ed9:phone:2,AN19-rec-0050eb4714232f054ed9,AN19.KOR.km7,Korean,Koreanic,shall,sh ae l,1,ae,0.00017783076513565226,20.036767834318766,6,6,0.006711409395973154
AN19-rec-0052e4853db5ca8b5209:phone:1,AN19-rec-0052e4853db5ca8b5209,AN19.MIX.im5,Turkish,Turkic,gut,g ah t,0,g,0.027203832363615718,35.93279225208748,6,6,0.007246376811594203
AN19-rec-0052e4853db5ca8b5209:phone:3,AN19-rec-0052e4853db5ca8b5209,AN19.MIX.im5,Turkish,Turkic,gut,g ah t,2,t,9.00743470501132e-20,60.01046498073463,6,6,0.007246376811594203
AN19-rec-00533be9d2b36bb1365a:phone:2,AN19-rec-00533be9d2b36bb1365a,AN19.MIX.im1,Romanian,Romance,lad,l ae d,1,ae,3.512316482954765e-06,19.063146069420235,6,6,0.006802721088435374
AN19-rec-0057a369afb30665da7f:phone:3,AN19-rec-0057a369afb30665da7f,AN19.SPA.sf6,Spanish,Romance,white,w ay t,2,t,0.0003114674595293528,46.98724985309542,6,6,0.007042253521126761
AN19-rec-005c402abe966a8ae478:phone:1,AN19-rec-005c402abe966a8ae478,AN19.KOR.kf1,Korean,Koreanic,firm,f er m,0,f,1.6546510673108906e-12,39.12604508471017,6,6,0.0072992700729927005
AN19-rec-00604aaa516d6a227c48:phone:3,AN19-rec-00604aaa516d6a227c48,AN19.KOR.km6,Korean,Koreanic,mouth,m aw th,2,th,2.4919762460234302e-11,45.74937165532364,6,6,0.007042253521126761
AN19-rec-008ce5ae86ba1aead5d2:phone:1,AN19-rec-008ce5ae86ba1aead5d2,AN19.MIX.im2,Bengali,Indo-Aryan,hoot,hh uw t,0,hh,1.467291029666732e-09,45.33654103122627,6,6,0.007246376811594203
AN19-rec-008ce5ae86ba1aead5d2:phone:3,AN19-rec-008ce5ae86ba1aead5d2,AN19.MIX.im2,Bengali,Indo-Aryan,hoot,hh uw t,2,t,3.0037186121323914e-12,35.3206935830415,6,6,0.007246376811594203
AN19-rec-00a892a1108fba85bce7:phone:1,AN19-rec-00a892a1108fba85bce7,AN19.SPA.sf2,Spanish,Romance,rim,r ih m,0,r,0.001050622616107458,45.9722571854035,6,6,0.007246376811594203
AN19-rec-00cd2a165259bb4e0496:phone:3,AN19-rec-00cd2a165259bb4e0496,AN19.KOR.km1,Korean,Koreanic,mum,m ah m,2,m,7.693545250102527e-14,56.00778526350444,6,6,0.0072992700729927005
AN19-rec-00e5bdc4b8f1987faddd:phone:3,AN19-rec-00e5bdc4b8f1987faddd,AN19.SPA.sm6,Spanish,Romance,dog,d ao g,2,g,8.050604364815166e-12,55.13186558801382,6,6,0.006756756756756757
AN19-rec-00f62c410fc775ed952f:phone:1,AN19-rec-00f62c410fc775ed952f,AN19.SPA.sf3,Spanish,Romance,rim,r ih m,0,r,3.871190656626077e-12,64.32817960068824,6,6,0.007246376811594203
AN19-rec-0102bb1b226aecaa36f9:phone:1,AN19-rec-0102bb1b226aecaa36f9,AN19.MIX.if4,German,Germanic,ship,sh ih p,0,sh,0.04471994818273026,5.904935416437408,6,6,0.0072992700729927005
AN19-rec-0102bb1b226aecaa36f9:phone:3,AN19-rec-0102bb1b226aecaa36f9,AN19.MIX.if4,German,Germanic,ship,sh ih p,2,p,0.009030321191896529,11.08090435583419,6,6,0.0072992700729927005
AN19-rec-01068b21e1c78fd0f005:phone:2,AN19-rec-01068b21e1c78fd0f005,AN19.SPA.sm7,Spanish,Romance,wash,w aa sh,1,aa,0.0005707297880831521,36.72990187223616,6,6,0.007352941176470588
AN19-rec-011d47b710ba9c61308f:phone:3,AN19-rec-011d47b710ba9c61308f,AN19.SPA.sf4,Spanish,Romance,whore,hh ao r,2,r,7.298471203007867e-17,50.99151421450205,6,6,0.0070921985815602835
AN19-rec-012df2a2840359dbead3:phone:2,AN19-rec-012df2a2840359dbead3,AN19.MIX.im3,Russian,Slavic,wife,w ay f,1,ay,0.03455002276110928,16.5642826415469,6,6,0.006756756756756757
AN19-rec-013b803555c8c5f0ac43:phone:3,AN19-rec-013b803555c8c5f0ac43,AN19.MIX.if3,French,Romance,pup,p ah p,2,p,5.943522297851248e-13,58.61265299894743,6,6,0.006993006993006993
AN19-rec-013f8900546a1a2133fd:phone:1,AN19-rec-013f8900546a1a2133fd,AN19.SPA.sf2,Spanish,Romance,bean,b iy n,0,b,2.30204985643088e-16,45.8903480267606,6,6,0.007246376811594203
AN19-rec-013f8900546a1a2133fd:phone:2,AN19-rec-013f8900546a1a2133fd,AN19.SPA.sf2,Spanish,Romance,bean,b iy n,1,iy,4.702996500471954e-07,18.703416598746443,6,6,0.007246376811594203
AN19-rec-016b0370a10fdf3a2cb8:phone:1,AN19-rec-016b0370a10fdf3a2cb8,AN19.SPA.sm2,Spanish,Romance,gave,g ey v,0,g,2.0018516386677342e-16,59.55629682376618,6,6,0.007042253521126761
AN19-rec-016cdd9a572af5c8484c:phone:2,AN19-rec-016cdd9a572af5c8484c,AN19.SPA.sm6,Spanish,Romance,lose,l uw z,1,uw,1.8028494120942077e-12,34.391137358321934,6,6,0.006756756756756757
AN19-rec-018b24a9ffabb30ff44b:phone:3,AN19-rec-018b24a9ffabb30ff44b,AN19.MIX.if1,Albanian,Albanian,faith,f ey th,2,th,0.00011445125671875088,32.48052008458178,6,6,0.0070921985815602835
AN19-rec-01950e8890eeb3675002:phone:1,AN19-rec-01950e8890eeb3675002,AN19.MIX.if2,Dutch,Germanic,jack,jh ae k,0,jh,9.837342497212878e-24,74.64534023610958,6,6,0.006944444444444444
AN19-rec-01950e8890eeb3675002:phone:3,AN19-rec-01950e8890eeb3675002,AN19.MIX.if2,Dutch,Germanic,jack,jh ae k,2,k,5.544119866703603e-52,129.6344066109213,6,6,0.006944444444444444
AN19-rec-01a7fb7858dd047237d0:phone:3,AN19-rec-01a7fb7858dd047237d0,AN19.MIX.if3,French,Romance,love,l ah v,2,v,2.468884851438913e-20,81.71366779884364,6,6,0.006993006993006993
AN19-rec-01a8f84ad3ec866628b8:phone:3,AN19-rec-01a8f84ad3ec866628b8,AN19.MIX.im6,Hindi,Indo-Aryan,lame,l ey m,2,m,9.722451420878266e-09,31.744633004058144,6,6,0.006711409395973154
AN19-rec-01b5f80b47c88e5bb898:phone:2,AN19-rec-01b5f80b47c88e5bb898,AN19.KOR.km8,Korean,Koreanic,sill,s ih l,1,ih,8.045921511410632e-06,16.2950578138919,6,6,0.006896551724137931
AN19-rec-01c5971229b48d70f430:phone:3,AN19-rec-01c5971229b48d70f430,AN19.KOR.km6,Korean,Koreanic,serve,s er v,2,v,0.0037494864232819375,12.880498781828107,6,6,0.007042253521126761
AN19-rec-01d8e4c2112eb2f12134:phone:2,AN19-rec-01d8e4c2112eb2f12134,AN19.MIX.im3,Russian,Slavic,mace,m ey s,1,ey,2.5577977975479502e-05,21.62503391918808,6,6,0.006756756756756757
AN19-rec-01d8e4c2112eb2f12134:phone:3,AN19-rec-01d8e4c2112eb2f12134,AN19.MIX.im3,Russian,Slavic,mace,m ey s,2,s,0.000137945605442793,35.13349284779948,6,6,0.006756756756756757
AN19-rec-01eac7c104f0c4ce5eea:phone:2,AN19-rec-01eac7c104f0c4ce5eea,AN19.MIX.im4,Mandarin,Sino-Tibetan,lace,l ey s,1,ey,1.089961684590006e-05,26.146870248882298,6,6,0.006993006993006993
AN19-rec-01ecb9e07dc4a59934d4:phone:1,AN19-rec-01ecb9e07dc4a59934d4,AN19.KOR.kf5,Korean,Koreanic,sane,s ey n,0,s,8.61815760350824e-06,21.334286870634557,6,6,0.006993006993006993
AN19-rec-01ecb9e07dc4a59934d4:phone:2,AN19-rec-01ecb9e07dc4a59934d4,AN19.KOR.kf5,Korean,Koreanic,sane,s ey n,1,ey,3.1532918869309606e-07,24.706228313362853,6,6,0.006993006993006993
AN19-rec-01f01a3cf071c06ccbfd:phone:1,AN19-rec-01f01a3cf071c06ccbfd,AN19.SPA.sm5,Spanish,Romance,job,jh aa b,0,jh,1.0522528662000472e-19,60.47901786813563,6,6,0.006896551724137931
AN19-rec-01f01a3cf071c06ccbfd:phone:3,AN19-rec-01f01a3cf071c06ccbfd,AN19.SPA.sm5,Spanish,Romance,job,jh aa b,2,b,3.5657877313548893e-07,37.04796594857836,6,6,0.006896551724137931
AN19-rec-01f1e29e9f70566fbd6e:phone:1,AN19-rec-01f1e29e9f70566fbd6e,AN19.KOR.kf3,Korean,Koreanic,mote,m ow t,0,m,1.2909175757486295e-14,51.69338322029673,6,6,0.007246376811594203
AN19-rec-01f1e29e9f70566fbd6e:phone:2,AN19-rec-01f1e29e9f70566fbd6e,AN19.KOR.kf3,Korean,Koreanic,mote,m ow t,1,ow,4.572389652044081e-18,51.6047483935566,6,6,0.007246376811594203
AN19-rec-02045bdf61c63bb298cd:phone:2,AN19-rec-02045bdf61c63bb298cd,AN19.KOR.km2,Korean,Koreanic,mat,m ae t,1,ae,3.640705552136545e-06,47.562690849191775,6,6,0.006756756756756757
AN19-rec-0212964bfb1ebd236485:phone:1,AN19-rec-0212964bfb1ebd236485,AN19.MIX.im5,Turkish,Turkic,league,l iy g,0,l,1.3211045131908858e-05,24.17827961530099,6,6,0.007246376811594203
AN19-rec-0212964bfb1ebd236485:phone:2,AN19-rec-0212964bfb1ebd236485,AN19.MIX.im5,Turkish,Turkic,league,l iy g,1,iy,0.007567920071429782,12.798487519569251,6,6,0.007246376811594203
AN19-rec-0212964bfb1ebd236485:phone:3,AN19-rec-0212964bfb1ebd236485,AN19.MIX.im5,Turkish,Turkic,league,l iy g,2,g,2.3584842117192982e-06,19.26845658270918,6,6,0.007246376811594203
AN19-rec-022315b0675a3099df43:phone:3,AN19-rec-022315b0675a3099df43,AN19.KOR.kf3,Korean,Koreanic,thought,th ao t,2,t,4.3570143836732736e-11,38.04066860570584,6,6,0.007246376811594203
AN19-rec-0234c21bbfab95e78dc9:phone:1,AN19-rec-0234c21bbfab95e78dc9,AN19.SPA.sf2,Spanish,Romance,gave,g ey v,0,g,3.5824563142215657e-06,17.813898408594998,6,6,0.007246376811594203
AN19-rec-0260dd8cea26bc13f06e:phone:2,AN19-rec-0260dd8cea26bc13f06e,AN19.MIX.im1,Romanian,Romance,deep,d iy p,1,iy,2.9723354925373377e-09,31.570862102799463,6,6,0.006802721088435374
AN19-rec-0260dd8cea26bc13f06e:phone:3,AN19-rec-0260dd8cea26bc13f06e,AN19.MIX.im1,Romanian,Romance,deep,d iy p,2,p,4.97997978888577e-08,29.436675429326908,6,6,0.006802721088435374
AN19-rec-0283d24f431bd07acf83:phone:2,AN19-rec-0283d24f431bd07acf83,AN19.MIX.im1,Romanian,Romance,wail,w ey l,1,ey,6.731233756112569e-17,52.41779874535988,6,6,0.006802721088435374
AN19-rec-02937498de687327e0da:phone:3,AN19-rec-02937498de687327e0da,AN19.MIX.if1,Albanian,Albanian,mouth,m aw th,2,th,1.4754180909429106e-15,55.54745782265167,6,6,0.0070921985815602835
AN19-rec-02a920b177f8ac82faea:phone:2,AN19-rec-02a920b177f8ac82faea,AN19.MIX.im5,Turkish,Turkic,bead,b iy d,1,iy,9.249715147177838e-09,26.205711380150024,6,6,0.007246376811594203
AN19-rec-02a920b177f8ac82faea:phone:3,AN19-rec-02a920b177f8ac82faea,AN19.MIX.im5,Turkish,Turkic,bead,b iy d,2,d,3.4060460854051504e-05,20.998111109707462,6,6,0.007246376811594203
AN19-rec-02aa4d146b96e7b85de1:phone:3,AN19-rec-02aa4d146b96e7b85de1,AN19.MIX.if6,Somali,Afro-Asiatic,bum,b ah m,2,m,3.2245281565190945e-10,44.81891438204587,6,6,0.007246376811594203
AN19-rec-02af771cd813df76e344:phone:1,AN19-rec-02af771cd813df76e344,AN19.KOR.km3,Korean,Koreanic,hag,hh ae g,0,hh,0.004236563794602804,13.253227106568284,6,6,0.006666666666666667
AN19-rec-02af771cd813df76e344:phone:3,AN19-rec-02af771cd813df76e344,AN19.KOR.km3,Korean,Koreanic,hag,hh ae g,2,g,1.6703099351857383e-09,49.23188471390992,6,6,0.006666666666666667
AN19-rec-02b091e997de9a0062d0:phone:2,AN19-rec-02b091e997de9a0062d0,AN19.SPA.sm2,Spanish,Romance,lad,l ae d,1,ae,1.0229515693825318e-19,53.984319990079136,6,6,0.007042253521126761
AN19-rec-02bde7bc643fa73766d7:phone:2,AN19-rec-02bde7bc643fa73766d7,AN19.SPA.sf5,Spanish,Romance,chore,ch ao r,1,ao,8.752637681136137e-20,59.142058536086246,6,6,0.007194244604316547
AN19-rec-02c1638010b4c741e378:phone:2,AN19-rec-02c1638010b4c741e378,AN19.MIX.if1,Albanian,Albanian,was,w aa z,1,aa,8.542293878893275e-06,24.41282275488655,6,6,0.0070921985815602835
AN19-rec-02c7ceecc69e60515ca1:phone:1,AN19-rec-02c7ceecc69e60515ca1,AN19.SPA.sm6,Spanish,Romance,hag,hh ae g,0,hh,0.0001627950047635837,16.810479571395252,6,6,0.006756756756756757
AN19-rec-02c7ceecc69e60515ca1:phone:3,AN19-rec-02c7ceecc69e60515ca1,AN19.SPA.sm6,Spanish,Romance,hag,hh ae g,2,g,1.03911766071547e-14,49.791696302217794,6,6,0.006756756756756757
AN19-rec-02c9ef6d8a6e68ac538f:phone:1,AN19-rec-02c9ef6d8a6e68ac538f,AN19.SPA.sm2,Spanish,Romance,theme,th iy m,0,th,2.9596901804303425e-09,33.58366064238902,6,6,0.007042253521126761
AN19-rec-02c9ef6d8a6e68ac538f:phone:3,AN19-rec-02c9ef6d8a6e68ac538f,AN19.SPA.sm2,Spanish,Romance,theme,th iy m,2,m,1.9973183583551633e-06,21.244756106203724,6,6,0.007042253521126761
AN19-rec-02fae51cf3635d196d65:phone:1,AN19-rec-02fae51cf3635d196d65,AN19.KOR.km6,Korean,Koreanic,lice,l ay s,0,l,0.0009712274395975297,18.3766099163504,6,6,0.007042253521126761
AN19-rec-02fae51cf3635d196d65:phone:2,AN19-rec-02fae51cf3635d196d65,AN19.KOR.km6,Korean,Koreanic,lice,l ay s,1,ay,5.047453353708157e-05,17.245331276092486,6,6,0.007042253521126761
AN19-rec-02fae51cf3635d196d65:phone:3,AN19-rec-02fae51cf3635d196d65,AN19.KOR.km6,Korean,Koreanic,lice,l ay s,2,s,0.0002968361709748612,26.769438165797112,6,6,0.007042253521126761
AN19-rec-03028c8b783bdbde83a9:phone:2,AN19-rec-03028c8b783bdbde83a9,AN19.KOR.km7,Korean,Koreanic,vice,v ay s,1,ay,3.920182743769017e-05,24.14186006864701,6,6,0.006711409395973154
AN19-rec-030d1222b331e0847214:phone:1,AN19-rec-030d1222b331e0847214,AN19.MIX.if6,Somali,Afro-Asiatic,girl,g er l,0,g,8.365482119700478e-10,30.511002449820875,6,6,0.007246376811594203
AN19-rec-0313056792998e0756ff:phone:1,AN19-rec-0313056792998e0756ff,AN19.MIX.im3,Russian,Slavic,jack,jh ae k,0,jh,7.95437558931714e-07,20.151058299053336,6,6,0.006756756756756757
AN19-rec-0313056792998e0756ff:phone:3,AN19-rec-0313056792998e0756ff,AN19.MIX.im3,Russian,Slavic,jack,jh ae k,2,k,6.552814062891063e-51,123.99761611912788,6,6,0.006756756756756757
AN19-rec-034ca3fa2970d16d9e23:phone:1,AN19-rec-034ca3fa2970d16d9e23,AN19.KOR.km1,Korean,Koreanic,bug,b ah g,0,b,8.095571052260316e-11,41.39982819716429,6,6,0.0072992700729927005
AN19-rec-038bd3b494ba1fe523a4:phone:2,AN19-rec-038bd3b494ba1fe523a4,AN19.KOR.km7,Korean,Koreanic,soil,s oy l,1,oy,1.5550304377450404e-06,19.237828603999205,6,6,0.006711409395973154
AN19-rec-03923bb112d36c95eb1d:phone:1,AN19-rec-03923bb112d36c95eb1d,AN19.KOR.kf1,Korean,Koreanic,rough,r ah f,0,r,0.0023636263128069845,21.92227939906985,6,6,0.0072992700729927005
AN19-rec-0397ce9cf4c1d888ba23:phone:2,AN19-rec-0397ce9cf4c1d888ba23,AN19.KOR.km6,Korean,Koreanic,deep,d iy p,1,iy,3.5792566211952464e-09,25.2594535374771,6,6,0.007042253521126761
AN19-rec-0397ce9cf4c1d888ba23:phone:3,AN19-rec-0397ce9cf4c1d888ba23,AN19.KOR.km6,Korean,Koreanic,deep,d iy p,2,p,1.7164489953655116e-08,25.34889954509244,6,6,0.007042253521126761
AN19-rec-0398b6c6e2b120061384:phone:1,AN19-rec-0398b6c6e2b120061384,AN19.MIX.im4,Mandarin,Sino-Tibetan,shop,sh aa p,0,sh,9.688864902948458e-24,64.4828263573831,6,6,0.006993006993006993
AN19-rec-0398b6c6e2b120061384:phone:2,AN19-rec-0398b6c6e2b120061384,AN19.MIX.im4,Mandarin,Sino-Tibetan,shop,sh aa p,1,aa,1.923714858262388e-39,101.20170820585224,6,6,0.006993006993006993
AN19-rec-0398b6c6e2b120061384:phone:3,AN19-rec-0398b6c6e2b120061384,AN19.MIX.im4,Mandarin,Sino-Tibetan,shop,sh aa p,2,p,4.485962068197102e-22,80.39155831498306,6,6,0.006993006993006993
AN19-rec-03b6cc90ea08d0f29ccc:phone:1,AN19-rec-03b6cc90ea08d0f29ccc,AN19.KOR.kf2,Korean,Koreanic,balm,b aa m,0,b,3.570803791582719e-05,28.99531364010917,6,6,0.0072992700729927005
AN19-rec-03c444998969afa47b6a:phone:1,AN19-rec-03c444998969afa47b6a,AN19.KOR.km2,Korean,Koreanic,girl,g er l,0,g,9.028424852551392e-05,41.04674706227175,6,6,0.006756756756756757
AN19-rec-03c5df19bcba1b756914:phone:1,AN19-rec-03c5df19bcba1b756914,AN19.SPA.sm7,Spanish,Romance,pool,p uw l,0,p,5.5406217332700215e-05,19.93412698892255,6,6,0.007352941176470588
AN19-rec-03cf34da4610c44414ac:phone:2,AN19-rec-03cf34da4610c44414ac,AN19.SPA.sm3,Spanish,Romance,wed,w eh d,1,eh,2.3093986948145492e-43,110.4785694695736,6,6,0.0072992700729927005
AN19-rec-03d6a7c3958fba5bf210:phone:1,AN19-rec-03d6a7c3958fba5bf210,AN19.SPA.sm3,Spanish,Romance,job,jh aa b,0,jh,1.1876538536573497e-10,66.23368457158936,6,6,0.0072992700729927005
AN19-rec-03d6a7c3958fba5bf210:phone:3,AN19-rec-03d6a7c3958fba5bf210,AN19.SPA.sm3,Spanish,Romance,job,jh aa b,2,b,4.2093395284580286e-12,39.444056412097154,6,6,0.0072992700729927005
AN19-rec-03da0619e7d995eac994:phone:2,AN19-rec-03da0619e7d995eac994,AN19.MIX.im2,Bengali,Indo-Aryan,caught,k aa t,1,aa,3.245034756623068e-05,71.08156889902688,6,6,0.007246376811594203
AN19-rec-03e3d7e64f020067d3e5:phone:2,AN19-rec-03e3d7e64f020067d3e5,AN19.KOR.kf2,Korean,Koreanic,mid,m ih d,1,ih,7.279861447364122e-18,59.47633792196217,6,6,0.0072992700729927005
AN19-rec-03e5fd99cf65f919c19f:phone:1,AN19-rec-03e5fd99cf65f919c19f,AN19.SPA.sm4,Spanish,Romance,rough,r ah f,0,r,0.003870023374431999,20.22895690851557,6,6,0.007194244604316547
AN19-rec-03e78acbc8ccd0df1e9d:phone:1,AN19-rec-03e78acbc8ccd0df1e9d,AN19.MIX.if2,Dutch,Germanic,girl,g er l,0,g,1.969602330821647e-09,31.30865190427167,6,6,0.006944444444444444
AN19-rec-03eb582aff5c69b59bfa:phone:2,AN19-rec-03eb582aff5c69b59bfa,AN19.MIX.if4,German,Germanic,roof,r uw f,1,uw,0.005535694954685084,27.620524303578662,6,6,0.0072992700729927005
AN19-rec-0401ebc2c32b60a2f5b1:phone:1,AN19-rec-0401ebc2c32b60a2f5b1,AN19.MIX.if5,Japanese,Japonic,dune,d uw n,0,d,2.3029042440272665e-14,56.65135467818474,6,6,0.006711409395973154
AN19-rec-0404e73e683deec349dd:phone:3,AN19-rec-0404e73e683deec349dd,AN19.MIX.if4,German,Germanic,mouth,m aw th,2,th,0.0045949079686964395,44.4665705516611,6,6,0.0072992700729927005
AN19-rec-04088203314ed09c88d4:phone:2,AN19-rec-04088203314ed09c88d4,AN19.SPA.sm5,Spanish,Romance,bead,b iy d,1,iy,2.3027571791132273e-15,47.75180203236814,6,6,0.006896551724137931
AN19-rec-04172439832138fcaebe:phone:3,AN19-rec-04172439832138fcaebe,AN19.MIX.if4,German,Germanic,faith,f ey th,2,th,8.292909698997379e-09,37.47597714885778,6,6,0.0072992700729927005
AN19-rec-0419981461a6331b077f:phone:3,AN19-rec-0419981461a6331b077f,AN19.SPA.sm6,Spanish,Romance,lame,l ey m,2,m,2.1186237499009124e-17,58.03425044610927,6,6,0.006756756756756757
AN19-rec-041e2e8682f39d76d522:phone:2,AN19-rec-041e2e8682f39d76d522,AN19.SPA.sf1,Spanish,Romance,wed,w eh d,1,eh,5.636883096545965e-27,68.05888007556267,6,6,0.006896551724137931
AN19-rec-04403efc9b7070b07726:phone:1,AN19-rec-04403efc9b7070b07726,AN19.SPA.sf1,Spanish,Romance,curve,k er v,0,k,9.32392203470094e-10,26.39214241749812,6,6,0.006896551724137931
AN19-rec-04403efc9b7070b07726:phone:3,AN19-rec-04403efc9b7070b07726,AN19.SPA.sf1,Spanish,Romance,curve,k er v,2,v,7.227775670047542e-11,30.18747546464756,6,6,0.006896551724137931
AN19-rec-04414df15decdc1c89b0:phone:1,AN19-rec-04414df15decdc1c89b0,AN19.MIX.if6,Somali,Afro-Asiatic,rim,r ih m,0,r,2.7883792493655827e-16,64.66299704466171,6,6,0.007246376811594203
AN19-rec-045a8f31a764a60577d6:phone:1,AN19-rec-045a8f31a764a60577d6,AN19.MIX.if4,German,Germanic,five,f ay v,0,f,1.4210727853483235e-09,46.63965897831355,6,6,0.0072992700729927005
AN19-rec-045b1672c6d0ea9ffbce:phone:3,AN19-rec-045b1672c6d0ea9ffbce,AN19.KOR.kf2,Korean,Koreanic,serve,s er v,2,v,5.589069293538474e-06,15.797774277826974,6,6,0.0072992700729927005
AN19-rec-046c893817cce85385c8:phone:1,AN19-rec-046c893817cce85385c8,AN19.SPA.sm5,Spanish,Romance,both,b ow th,0,b,0.005881132267601651,17.192017434617448,6,6,0.006896551724137931
AN19-rec-046c893817cce85385c8:phone:3,AN19-rec-046c893817cce85385c8,AN19.SPA.sm5,Spanish,Romance,both,b ow th,2,th,5.3800281515156365e-08,60.36884860266931,6,6,0.006896551724137931
AN19-rec-047c621d6553a487721e:phone:2,AN19-rec-047c621d6553a487721e,AN19.SPA.sm6,Spanish,Romance,noise,n oy z,1,oy,4.0031203002645906e-05,48.97335738619706,6,6,0.006756756756756757
AN19-rec-04891b92375269e28386:phone:3,AN19-rec-04891b92375269e28386,AN19.SPA.sm4,Spanish,Romance,pad,p ae d,2,d,7.327006153600226e-06,19.78542134874412,6,6,0.007194244604316547
AN19-rec-0496d1a44b14d3f01782:phone:2,AN19-rec-0496d1a44b14d3f01782,AN19.MIX.im5,Turkish,Turkic,live,l ay v,1,ay,0.004368248321664027,27.94965857020874,6,6,0.007246376811594203
AN19-rec-04974343004dd9d9c4cc:phone:1,AN19-rec-04974343004dd9d9c4cc,AN19.SPA.sf4,Spanish,Romance,mall,m ao l,0,m,9.394977441819003e-12,44.517197505513536,6,6,0.0070921985815602835
AN19-rec-04a3177f6e8b56ddc0da:phone:1,AN19-rec-04a3177f6e8b56ddc0da,AN19.KOR.km7,Korean,Koreanic,shop,sh aa p,0,sh,0.03306912714526613,13.2380498306581,6,6,0.006711409395973154
AN19-rec-04a3177f6e8b56ddc0da:phone:2,AN19-rec-04a3177f6e8b56ddc0da,AN19.KOR.km7,Korean,Koreanic,shop,sh aa p,1,aa,3.3594031967708907e-05,21.171784337336423,6,6,0.006711409395973154
AN19-rec-04a3177f6e8b56ddc0da:phone:3,AN19-rec-04a3177f6e8b56ddc0da,AN19.KOR.km7,Korean,Koreanic,shop,sh aa p,2,p,0.01969318783900989,32.13672360676487,6,6,0.006711409395973154
AN19-rec-04ad83412182e4a5808d:phone:2,AN19-rec-04ad83412182e4a5808d,AN19.KOR.km1,Korean,Koreanic,wed,w eh d,1,eh,3.978502800075963e-08,38.61556603227677,6,6,0.0072992700729927005
AN19-rec-04b2f117387b28549de4:phone:2,AN19-rec-04b2f117387b28549de4,AN19.KOR.km2,Korean,Koreanic,wash,w aa sh,1,aa,7.617397785965877e-05,23.201045610408624,6,6,0.006756756756756757
AN19-rec-04be848af2c380745387:phone:2,AN19-rec-04be848af2c380745387,AN19.SPA.sm4,Spanish,Romance,wife,w ay f,1,ay,3.1291336251183806e-07,25.942159452396908,6,6,0.007194244604316547
AN19-rec-04bf2d3b84629a424e9b:phone:1,AN19-rec-04bf2d3b84629a424e9b,AN19.SPA.sm6,Spanish,Romance,pawn,p ao n,0,p,0.02659407256581675,16.326491193964753,6,6,0.006756756756756757
AN19-rec-04ce725f670916eb0cd0:phone:2,AN19-rec-04ce725f670916eb0cd0,AN19.MIX.im1,Romanian,Romance,rat,r ae t,1,ae,0.01710366496514968,18.790726770008405,6,6,0.006802721088435374
AN19-rec-04e90a9a28cfb20c3e4b:phone:2,AN19-rec-04e90a9a28cfb20c3e4b,AN19.SPA.sf4,Spanish,Romance,voice,v oy s,1,oy,1.673473109185072e-07,36.05947241899082,6,6,0.0070921985815602835
AN19-rec-04e95d046ad3c77bf486:phone:2,AN19-rec-04e95d046ad3c77bf486,AN19.KOR.kf2,Korean,Koreanic,rut,r ah t,1,ah,9.785878234531461e-08,32.017105944423726,6,6,0.0072992700729927005
AN19-rec-04ea092946808bec91da:phone:1,AN19-rec-04ea092946808bec91da,AN19.KOR.km3,Korean,Koreanic,hid,hh ih d,0,hh,1.3509513168037958e-05,28.081984691857087,6,6,0.006666666666666667
AN19-rec-04ea092946808bec91da:phone:3,AN19-rec-04ea092946808bec91da,AN19.KOR.km3,Korean,Koreanic,hid,hh ih d,2,d,5.477743794105638e-09,33.57305901987037,6,6,0.006666666666666667
AN19-rec-04f4d4121e3b3865dcc9:phone:1,AN19-rec-04f4d4121e3b3865dcc9,AN19.SPA.sf4,Spanish,Romance,soak,s ow k,0,s,4.658892451292442e-06,14.382762641987098,6,6,0.0070921985815602835
AN19-rec-04f4d4121e3b3865dcc9:phone:2,AN19-rec-04f4d4121e3b3865dcc9,AN19.SPA.sf4,Spanish,Romance,soak,s ow k,1,ow,4.047845800091677e-06,69.65339988833993,6,6,0.0070921985815602835
AN19-rec-04fe6952eb9095503070:phone:2,AN19-rec-04fe6952eb9095503070,AN19.MIX.im4,Mandarin,Sino-Tibetan,chore,ch ao r,1,ao,1.577297702139956e-11,64.03478645866981,6,6,0.006993006993006993
AN19-rec-05078b82a1cef3fcba32:phone:1,AN19-rec-05078b82a1cef3fcba32,AN19.SPA.sm5,Spanish,Romance,page,p ey jh,0,p,0.005666325806462484,12.761958459265612,6,6,0.006896551724137931
AN19-rec-05078b82a1cef3fcba32:phone:3,AN19-rec-05078b82a1cef3fcba32,AN19.SPA.sm5,Spanish,Romance,page,p ey jh,2,jh,1.1075592879809203e-10,91.7500068708386,6,6,0.006896551724137931
AN19-rec-051ee5bae748dbe028d9:phone:1,AN19-rec-051ee5bae748dbe028d9,AN19.SPA.sf1,Spanish,Romance,wick,w ih k,0,w,1.883679878862133e-27,93.28258795287012,6,6,0.006896551724137931
AN19-rec-0525c10eab50a008d04d:phone:2,AN19-rec-0525c10eab50a008d04d,AN19.KOR.kf4,Korean,Koreanic,wed,w eh d,1,eh,1.3576799613571383e-16,58.783088566277605,6,6,0.0070921985815602835
AN19-rec-052fe1e4a63c93c2308a:phone:1,AN19-rec-052fe1e4a63c93c2308a,AN19.SPA.sf1,Spanish,Romance,goat,g ow t,0,g,9.100308557714965e-12,48.23661091457894,6,6,0.006896551724137931
AN19-rec-052fe1e4a63c93c2308a:phone:3,AN19-rec-052fe1e4a63c93c2308a,AN19.SPA.sf1,Spanish,Romance,goat,g ow t,2,t,1.476863529362442e-15,43.69395437284812,6,6,0.006896551724137931
AN19-rec-05512867d53d70192c0b:phone:1,AN19-rec-05512867d53d70192c0b,AN19.MIX.if1,Albanian,Albanian,give,g ih v,0,g,4.641583398156095e-14,52.92947488468739,6,6,0.0070921985815602835
AN19-rec-055f105924572b8dd346:phone:2,AN19-rec-055f105924572b8dd346,AN19.SPA.sm4,Spanish,Romance,noise,n oy z,1,oy,1.063936755400164e-22,71.41001192426921,6,6,0.007194244604316547
AN19-rec-056d823ed319234cb09f:phone:1,AN19-rec-056d823ed319234cb09f,AN19.KOR.km6,Korean,Koreanic,path,p ae th,0,p,2.0746630665173003e-05,36.97000145444003,6,6,0.007042253521126761
AN19-rec-056d823ed319234cb09f:phone:3,AN19-rec-056d823ed319234cb09f,AN19.KOR.km6,Korean,Koreanic,path,p ae th,2,th,8.179136362316846e-09,28.913862165444677,6,6,0.007042253521126761
AN19-rec-056f2b74f08428d72aed:phone:2,AN19-rec-056f2b74f08428d72aed,AN19.MIX.if1,Albanian,Albanian,sill,s ih l,1,ih,9.703918245417343e-08,22.76038194775602,6,6,0.0070921985815602835
AN19-rec-05bbc6973c6bef280671:phone:1,AN19-rec-05bbc6973c6bef280671,AN19.SPA.sm3,Spanish,Romance,hack,hh ae k,0,hh,6.633241431753991e-10,35.165838382810335,6,6,0.0072992700729927005
AN19-rec-05bbc6973c6bef280671:phone:3,AN19-rec-05bbc6973c6bef280671,AN19.SPA.sm3,Spanish,Romance,hack,hh ae k,2,k,2.8338090022744805e-05,26.60081361786713,6,6,0.0072992700729927005
AN19-rec-05c35819f275fe0c3593:phone:3,AN19-rec-05c35819f275fe0c3593,AN19.KOR.km8,Korean,Koreanic,hurl,hh er l,2,l,2.8560156786301914e-07,33.63986867556297,6,6,0.006896551724137931
AN19-rec-05ca614206a209b90894:phone:2,AN19-rec-05ca614206a209b90894,AN19.KOR.kf5,Korean,Koreanic,leg,l eh g,1,eh,4.041800515358734e-05,55.054917879029176,6,6,0.006993006993006993
AN19-rec-05ee023c1415d5c021a1:phone:1,AN19-rec-05ee023c1415d5c021a1,AN19.SPA.sm4,Spanish,Romance,both,b ow th,0,b,8.908383121515967e-11,32.80361919557465,6,6,0.007194244604316547
AN19-rec-05ee023c1415d5c021a1:phone:3,AN19-rec-05ee023c1415d5c021a1,AN19.SPA.sm4,Spanish,Romance,both,b ow th,2,th,7.849934732461e-15,46.73125539356189,6,6,0.007194244604316547
AN19-rec-05f3bbab6c75443ce728:phone:2,AN19-rec-05f3bbab6c75443ce728,AN19.KOR.kf2,Korean,Koreanic,wash,w aa sh,1,aa,2.1962881903572766e-07,34.07393978442622,6,6,0.0072992700729927005
AN19-rec-05ffbef8a5d5fd879262:phone:1,AN19-rec-05ffbef8a5d5fd879262,AN19.KOR.km3,Korean,Koreanic,thick,th ih k,0,th,2.3106686813406463e-05,60.52031615168871,6,6,0.006666666666666667
AN19-rec-05ffbef8a5d5fd879262:phone:2,AN19-rec-05ffbef8a5d5fd879262,AN19.KOR.km3,Korean,Koreanic,thick,th ih k,1,ih,9.516045798593625e-12,63.79542587303987,6,6,0.006666666666666667
AN19-rec-05ffbef8a5d5fd879262:phone:3,AN19-rec-05ffbef8a5d5fd879262,AN19.KOR.km3,Korean,Koreanic,thick,th ih k,2,k,4.6050905076827236e-18,71.41938042388973,6,6,0.006666666666666667
AN19-rec-0613544aa45fdf8dd7be:phone:2,AN19-rec-0613544aa45fdf8dd7be,AN19.KOR.km2,Korean,Koreanic,full,f uh l,1,uh,5.132502209912854e-10,28.78086376527406,6,6,0.006756756756756757
AN19-rec-062771b96497fca0dec4:phone:3,AN19-rec-062771b96497fca0dec4,AN19.KOR.kf5,Korean,Koreanic,toot,t uw t,2,t,3.747148046948064e-12,50.22630440488175,6,6,0.006993006993006993
AN19-rec-0627c4603a201fffd24a:phone:2,AN19-rec-0627c4603a201fffd24a,AN19.SPA.sf4,Spanish,Romance,wed,w eh d,1,eh,4.9849699967054365e-28,64.02676208662844,6,6,0.0070921985815602835
AN19-rec-06317cbf7d3d20b7be81:phone:1,AN19-rec-06317cbf7d3d20b7be81,AN19.SPA.sf6,Spanish,Romance,path,p ae th,0,p,5.446524767413169e-14,50.18504033084897,6,6,0.007042253521126761
AN19-rec-06317cbf7d3d20b7be81:phone:3,AN19-rec-06317cbf7d3d20b7be81,AN19.SPA.sf6,Spanish,Romance,path,p ae th,2,th,7.846057067102216e-16,45.16433556709409,6,6,0.007042253521126761
AN19-rec-0638c5e3a4ae64179bb5:phone:1,AN19-rec-0638c5e3a4ae64179bb5,AN19.KOR.km8,Korean,Koreanic,rim,r ih m,0,r,0.00010639359778322395,41.304283529709984,6,6,0.006896551724137931
AN19-rec-06542f3df5eba5abe328:phone:1,AN19-rec-06542f3df5eba5abe328,AN19.MIX.if3,French,Romance,wick,w ih k,0,w,0.1884781782437842,30.68216831369489,6,6,0.006993006993006993
AN19-rec-0696c051fb052c117e49:phone:2,AN19-rec-0696c051fb052c117e49,AN19.SPA.sm7,Spanish,Romance,suck,s ah k,1,ah,3.940979905805855e-11,51.91697917183839,6,6,0.007352941176470588
AN19-rec-0696c051fb052c117e49:phone:3,AN19-rec-0696c051fb052c117e49,AN19.SPA.sm7,Spanish,Romance,suck,s ah k,2,k,5.939561026819462e-25,107.54199309030106,6,6,0.007352941176470588
AN19-rec-06c7ea3a45b54d6ae8a9:phone:2,AN19-rec-06c7ea3a45b54d6ae8a9,AN19.SPA.sm5,Spanish,Romance,wash,w aa sh,1,aa,0.03500297476257954,23.13682514172529,6,6,0.006896551724137931
AN19-rec-06dddd3ea408d5daacee:phone:2,AN19-rec-06dddd3ea408d5daacee,AN19.SPA.sm7,Spanish,Romance,rhyme,r ay m,1,ay,1.622393978412412e-06,35.75250284624036,6,6,0.007352941176470588
AN19-rec-06dddd3ea408d5daacee:phone:3,AN19-rec-06dddd3ea408d5daacee,AN19.SPA.sm7,Spanish,Romance,rhyme,r ay m,2,m,2.4922389394569984e-09,39.71448393196962,6,6,0.007352941176470588
AN19-rec-06f42e51b5064100dbcc:phone:1,AN19-rec-06f42e51b5064100dbcc,AN19.KOR.kf1,Korean,Koreanic,rim,r ih m,0,r,7.802763593408553e-22,64.94336958475759,6,6,0.0072992700729927005
AN19-rec-07173df625a353159ed8:phone:2,AN19-rec-07173df625a353159ed8,AN19.SPA.sf3,Spanish,Romance,lose,l uw z,1,uw,9.58416447553445e-05,11.26320300671881,6,6,0.007246376811594203
AN19-rec-071f7b9666819090d070:phone:1,AN19-rec-071f7b9666819090d070,AN19.SPA.sm6,Spanish,Romance,hid,hh ih d,0,hh,2.0132458806072334e-09,35.809671983057314,6,6,0.006756756756756757
AN19-rec-071f7b9666819090d070:phone:3,AN19-rec-071f7b9666819090d070,AN19.SPA.sm6,Spanish,Romance,hid,hh ih d,2,d,1.0469919017803618e-09,35.6196011190302,6,6,0.006756756756756757
AN19-rec-07431c15dd86e434e5b7:phone:2,AN19-rec-07431c15dd86e434e5b7,AN19.MIX.im3,Russian,Slavic,wail,w ey l,1,ey,0.0003745023517905465,25.400622634116445,6,6,0.006756756756756757
AN19-rec-0750883e4da6098a6a61:phone:3,AN19-rec-0750883e4da6098a6a61,AN19.SPA.sm4,Spanish,Romance,bead,b iy d,2,d,4.857697918999274e-09,42.15377639935147,6,6,0.007194244604316547
AN19-rec-075787ee01c9e87d4f5b:phone:1,AN19-rec-075787ee01c9e87d4f5b,AN19.MIX.if5,Japanese,Japonic,page,p ey jh,0,p,5.066286551923536e-16,59.293159747347794,6,6,0.006711409395973154
AN19-rec-075787ee01c9e87d4f5b:phone:3,AN19-rec-075787ee01c9e87d4f5b,AN19.MIX.if5,Japanese,Japonic,page,p ey jh,2,jh,6.192876631736808e-09,44.17688469500786,6,6,0.006711409395973154
AN19-rec-07838121d8ab4c5ff02c:phone:1,AN19-rec-07838121d8ab4c5ff02c,AN19.MIX.im6,Hindi,Indo-Aryan,lice,l ay s,0,l,0.0012127374830569854,14.632994449264736,6,6,0.006711409395973154
AN19-rec-07838121d8ab4c5ff02c:phone:2,AN19-rec-07838121d8ab4c5ff02c,AN19.MIX.im6,Hindi,Indo-Aryan,lice,l ay s,1,ay,2.707380654780766e-05,29.219327412731147,6,6,0.006711409395973154
AN19-rec-07838121d8ab4c5ff02c:phone:3,AN19-rec-07838121d8ab4c5ff02c,AN19.MIX.im6,Hindi,Indo-Aryan,lice,l ay s,2,s,4.9713595083739145e-05,24.224414621843497,6,6,0.006711409395973154
AN19-rec-078f3c5a9fb56a213737:phone:1,AN19-rec-078f3c5a9fb56a213737,AN19.MIX.if4,German,Germanic,bug,b ah g,0,b,3.9245239234732056e-07,49.00054109482168,6,6,0.0072992700729927005
AN19-rec-07977ee440fe5f5b4436:phone:1,AN19-rec-07977ee440fe5f5b4436,AN19.MIX.im2,Bengali,Indo-Aryan,pool,p uw l,0,p,3.271357388358961e-05,22.630671079361136,6,6,0.007246376811594203
AN19-rec-07a2af2d5131c1e791dc:phone:1,AN19-rec-07a2af2d5131c1e791dc,AN19.MIX.im6,Hindi,Indo-Aryan,food,f uw d,0,f,8.182008000956174e-06,28.111183715317853,6,6,0.006711409395973154
AN19-rec-07ade2790c3a4bef1c3c:phone:2,AN19-rec-07ade2790c3a4bef1c3c,AN19.MIX.if6,Somali,Afro-Asiatic,roof,r uw f,1,uw,1.0957899721135973e-09,40.70208817212458,6,6,0.007246376811594203
AN19-rec-07c44396f8427256bfb2:phone:3,AN19-rec-07c44396f8427256bfb2,AN19.KOR.km3,Korean,Koreanic,peace,p iy s,2,s,8.309081832604739e-05,27.604527383295476,6,6,0.006666666666666667
AN19-rec-07d2177457a473d16f05:phone:2,AN19-rec-07d2177457a473d16f05,AN19.KOR.km3,Korean,Koreanic,wail,w ey l,1,ey,1.1156714036075675e-09,32.58665932646648,6,6,0.006666666666666667
AN19-rec-07d92ac83ba26204a8dd:phone:2,AN19-rec-07d92ac83ba26204a8dd,AN19.SPA.sm3,Spanish,Romance,teeth,t iy th,1,iy,3.074271024273493e-10,38.10041129905856,6,6,0.0072992700729927005
AN19-rec-07f8f2012af3aae0c476:phone:2,AN19-rec-07f8f2012af3aae0c476,AN19.SPA.sm7,Spanish,Romance,roof,r uw f,1,uw,1.0862352782390754e-20,62.91743087014143,6,6,0.007352941176470588
AN19-rec-07fb218d5dad20652470:phone:3,AN19-rec-07fb218d5dad20652470,AN19.KOR.kf5,Korean,Koreanic,gas,g ae s,2,s,6.808194051976366e-26,90.57192014483884,6,6,0.006993006993006993
AN19-rec-080a177b39f6e91f25b2:phone:2,AN19-rec-080a177b39f6e91f25b2,AN19.SPA.sm5,Spanish,Romance,wife,w ay f,1,ay,0.0004858144893573597,16.538110896298818,6,6,0.006896551724137931
AN19-rec-080ab0ee7df28593f133:phone:2,AN19-rec-080ab0ee7df28593f133,AN19.MIX.if2,Dutch,Germanic,bun,b ah n,1,ah,4.140449844205287e-10,31.27114131552399,6,6,0.006944444444444444
AN19-rec-084a598c4c21ec812399:phone:3,AN19-rec-084a598c4c21ec812399,AN19.MIX.if2,Dutch,Germanic,faith,f ey th,2,th,1.0099282766700487e-16,54.025917557608295,6,6,0.006944444444444444
AN19-rec-08521ca27cdcbc6a3dc8:phone:3,AN19-rec-08521ca27cdcbc6a3dc8,AN19.SPA.sf3,Spanish,Romance,bum,b ah m,2,m,2.0929141872269394e-08,26.908878496794436,6,6,0.007246376811594203
AN19-rec-085226c402a068dcc55b:phone:1,AN19-rec-085226c402a068dcc55b,AN19.KOR.km2,Korean,Koreanic,con,k aa n,0,k,0.017207525436687854,12.458731953675326,6,6,0.006756756756756757
AN19-rec-085249f3698b98acd288:phone:1,AN19-rec-085249f3698b98acd288,AN19.KOR.km2,Korean,Koreanic,den,d eh n,0,d,7.250116414933782e-06,36.8340869417729,6,6,0.006756756756756757
AN19-rec-085375a574030a92a769:phone:1,AN19-rec-085375a574030a92a769,AN19.KOR.kf4,Korean,Koreanic,ship,sh ih p,0,sh,8.083465463976655e-16,39.98037845094675,6,6,0.0070921985815602835
AN19-rec-085375a574030a92a769:phone:3,AN19-rec-085375a574030a92a769,AN19.KOR.kf4,Korean,Koreanic,ship,sh ih p,2,p,1.414383989469001e-21,76.54687974543111,6,6,0.0070921985815602835
AN19-rec-086781ee8c52cbf7ae75:phone:2,AN19-rec-086781ee8c52cbf7ae75,AN19.KOR.kf5,Korean,Koreanic,kit,k ih t,1,ih,5.127428212808331e-05,65.5606388552013,6,6,0.006993006993006993
AN19-rec-086ca6773fa677c610ad:phone:1,AN19-rec-086ca6773fa677c610ad,AN19.SPA.sm6,Spanish,Romance,join,jh oy n,0,jh,3.455481240415211e-11,38.37254036800995,6,6,0.006756756756756757
AN19-rec-086ca6773fa677c610ad:phone:3,AN19-rec-086ca6773fa677c610ad,AN19.SPA.sm6,Spanish,Romance,join,jh oy n,2,n,2.696158412949919e-18,73.84255323044017,6,6,0.006756756756756757
AN19-rec-086e4e430d251b7e1b9d:phone:3,AN19-rec-086e4e430d251b7e1b9d,AN19.MIX.im6,Hindi,Indo-Aryan,peace,p iy s,2,s,1.0499003823840879e-08,25.46915229010442,6,6,0.006711409395973154
AN19-rec-08ac44687e095ce74b83:phone:3,AN19-rec-08ac44687e095ce74b83,AN19.KOR.kf5,Korean,Koreanic,path,p ae th,2,th,2.1047344513955552e-10,34.66925175104458,6,6,0.006993006993006993
AN19-rec-08ba6edba090ba5f6274:phone:3,AN19-rec-08ba6edba090ba5f6274,AN19.MIX.im1,Romanian,Romance,mum,m ah m,2,m,4.326747514723842e-09,34.08244980681804,6,6,0.006802721088435374
AN19-rec-08c15860673f09191da0:phone:1,AN19-rec-08c15860673f09191da0,AN19.KOR.km7,Korean,Koreanic,fig,f ih g,0,f,2.420117653295608e-14,42.42287641001591,6,6,0.006711409395973154
AN19-rec-08c15860673f09191da0:phone:3,AN19-rec-08c15860673f09191da0,AN19.KOR.km7,Korean,Koreanic,fig,f ih g,2,g,0.00023091256220970872,29.40049150115537,6,6,0.006711409395973154
AN19-rec-08cc4ea123694b23f4b7:phone:1,AN19-rec-08cc4ea123694b23f4b7,AN19.KOR.kf3,Korean,Koreanic,job,jh aa b,0,jh,1.1055687762063216e-17,62.74623611258993,6,6,0.007246376811594203
AN19-rec-08cc4ea123694b23f4b7:phone:3,AN19-rec-08cc4ea123694b23f4b7,AN19.KOR.kf3,Korean,Koreanic,job,jh aa b,2,b,4.368098034132315e-06,43.86602674765437,6,6,0.007246376811594203
AN19-rec-08da2a86fd5c005482f5:phone:2,AN19-rec-08da2a86fd5c005482f5,AN19.SPA.sf4,Spanish,Romance,teeth,t iy th,1,iy,5.515702423550787e-06,43.19521261903966,6,6,0.0070921985815602835
AN19-rec-08e1f401c42bec43f169:phone:2,AN19-rec-08e1f401c42bec43f169,AN19.SPA.sm3,Spanish,Romance,rhyme,r ay m,1,ay,4.4116515396842576e-07,37.48400563805592,6,6,0.0072992700729927005
AN19-rec-08e1f401c42bec43f169:phone:3,AN19-rec-08e1f401c42bec43f169,AN19.SPA.sm3,Spanish,Romance,rhyme,r ay m,2,m,9.488459266673793e-11,64.22443249962835,6,6,0.0072992700729927005
AN19-rec-08e69b84e8b5e4ed959e:phone:3,AN19-rec-08e69b84e8b5e4ed959e,AN19.MIX.if5,Japanese,Japonic,hash,hh ae sh,2,sh,6.677050631864168e-06,28.388691849496286,6,6,0.006711409395973154
AN19-rec-08f75208f1a12692c210:phone:3,AN19-rec-08f75208f1a12692c210,AN19.MIX.if6,Somali,Afro-Asiatic,route,r uw t,2,t,2.7007414497570862e-06,35.24176734492273,6,6,0.007246376811594203
AN19-rec-090510825e27f7d53aff:phone:2,AN19-rec-090510825e27f7d53aff,AN19.SPA.sm6,Spanish,Romance,live,l ay v,1,ay,4.134730593632852e-18,58.64454437034416,6,6,0.006756756756756757
AN19-rec-090d626f7f30d857b288:phone:3,AN19-rec-090d626f7f30d857b288,AN19.MIX.im4,Mandarin,Sino-Tibetan,hash,hh ae sh,2,sh,6.512944078815773e-05,26.297923887233797,6,6,0.006993006993006993
AN19-rec-091621efa07756fe0ae5:phone:1,AN19-rec-091621efa07756fe0ae5,AN19.SPA.sm7,Spanish,Romance,con,k aa n,0,k,0.00741949817223841,13.65336220766269,6,6,0.007352941176470588
AN19-rec-091621efa07756fe0ae5:phone:2,AN19-rec-091621efa07756fe0ae5,AN19.SPA.sm7,Spanish,Romance,con,k aa n,1,aa,4.961538161867596e-12,39.40362397167632,6,6,0.007352941176470588
AN19-rec-0937415f87e3124ebb17:phone:3,AN19-rec-0937415f87e3124ebb17,AN19.KOR.km7,Korean,Koreanic,faith,f ey th,2,th,0.0004892109168015073,29.11421355545612,6,6,0.006711409395973154
AN19-rec-0946d74d2e661ac7f3bb:phone:2,AN19-rec-0946d74d2e661ac7f3bb,AN19.SPA.sf4,Spanish,Romance,pull,p uh l,1,uh,8.900786979715971e-08,24.399115788790223,6,6,0.0070921985815602835
AN19-rec-09835bf2b795d6f144f3:phone:3,AN19-rec-09835bf2b795d6f144f3,AN19.MIX.im2,Bengali,Indo-Aryan,hash,hh ae sh,2,sh,0.06539015833442048,62.140774610802936,6,6,0.007246376811594203
AN19-rec-09898d52f5a7f419388f:phone:2,AN19-rec-09898d52f5a7f419388f,AN19.KOR.kf4,Korean,Koreanic,bead,b iy d,1,iy,1.402376355992845e-09,27.34686219092276,6,6,0.0070921985815602835
AN19-rec-09898d52f5a7f419388f:phone:3,AN19-rec-09898d52f5a7f419388f,AN19.KOR.kf4,Korean,Koreanic,bead,b iy d,2,d,5.8011990232452714e-05,19.835761562856643,6,6,0.0070921985815602835
AN19-rec-099eb63a32f077dd7303:phone:2,AN19-rec-099eb63a32f077dd7303,AN19.KOR.km8,Korean,Koreanic,fade,f ey d,1,ey,1.0352537630797415e-05,18.12449324722519,6,6,0.006896551724137931
AN19-rec-09ace044149acfd7da38:phone:2,AN19-rec-09ace044149acfd7da38,AN19.SPA.sf5,Spanish,Romance,size,s ay z,1,ay,0.0002518195027680678,19.721188332333725,6,6,0.007194244604316547
AN19-rec-09cd1a75a0470835c3eb:phone:3,AN19-rec-09cd1a75a0470835c3eb,AN19.MIX.im6,Hindi,Indo-Aryan,bum,b ah m,2,m,1.9759055318288706e-10,46.95094974288141,6,6,0.006711409395973154
AN19-rec-09d98d113d2c1e752ff1:phone:1,AN19-rec-09d98d113d2c1e752ff1,AN19.MIX.im1,Romanian,Romance,curve,k er v,0,k,2.6364333752552516e-06,24.939260954398595,6,6,0.006802721088435374
AN19-rec-09d98d113d2c1e752ff1:phone:3,AN19-rec-09d98d113d2c1e752ff1,AN19.MIX.im1,Romanian,Romance,curve,k er v,2,v,0.002436342714381906,13.99757328902949,6,6,0.006802721088435374
AN19-rec-09e25ed9cea67f21f5d0:phone:3,AN19-rec-09e25ed9cea67f21f5d0,AN19.MIX.im5,Turkish,Turkic,hash,hh ae sh,2,sh,2.4781405118849127e-05,27.42015173991163,6,6,0.007246376811594203
AN19-rec-09e2cc752f05afa9a8d8:phone:1,AN19-rec-09e2cc752f05afa9a8d8,AN19.KOR.km1,Korean,Koreanic,gut,g ah t,0,g,1.3475518310225265e-15,59.85827967926368,6,6,0.0072992700729927005
AN19-rec-09e2cc752f05afa9a8d8:phone:3,AN19-rec-09e2cc752f05afa9a8d8,AN19.KOR.km1,Korean,Koreanic,gut,g ah t,2,t,3.0952754844076075e-08,25.647233587748197,6,6,0.0072992700729927005
AN19-rec-0a0d392449ce6fff31c3:phone:1,AN19-rec-0a0d392449ce6fff31c3,AN19.KOR.km6,Korean,Koreanic,give,g ih v,0,g,2.5609957700772138e-11,48.256945911791576,6,6,0.007042253521126761
AN19-rec-0a1ccb716637d6653e04:phone:1,AN19-rec-0a1ccb716637d6653e04,AN19.MIX.im4,Mandarin,Sino-Tibetan,hoot,hh uw t,0,hh,0.0001466486188708036,32.48943748267828,6,6,0.006993006993006993
AN19-rec-0a1ccb716637d6653e04:phone:3,AN19-rec-0a1ccb716637d6653e04,AN19.MIX.im4,Mandarin,Sino-Tibetan,hoot,hh uw t,2,t,2.353445809891956e-17,51.36227929950917,6,6,0.006993006993006993
AN19-rec-0a365357737f42800ca8:phone:2,AN19-rec-0a365357737f42800ca8,AN19.MIX.im5,Turkish,Turkic,theme,th iy m,1,iy,2.99119999982627e-09,29.598069103501658,6,6,0.007246376811594203
AN19-rec-0a3fd39d2abf5554c2dd:phone:2,AN19-rec-0a3fd39d2abf5554c2dd,AN19.SPA.sm2,Spanish,Romance,leg,l eh g,1,eh,1.9512318520909168e-05,39.60086851543332,6,6,0.007042253521126761
AN19-rec-0a4b98ed2d8f600bdfb2:phone:2,AN19-rec-0a4b98ed2d8f600bdfb2,AN19.KOR.km7,Korean,Koreanic,wrong,r ao ng,1,ao,1.9336740783842493e-06,30.477813368710063,6,8,0.006711409395973154
AN19-rec-0a4d520594650cca0d4a:phone:1,AN19-rec-0a4d520594650cca0d4a,AN19.MIX.im6,Hindi,Indo-Aryan,con,k aa n,0,k,0.0012413683529076429,14.057361098801604,6,6,0.006711409395973154
AN19-rec-0a4d520594650cca0d4a:phone:2,AN19-rec-0a4d520594650cca0d4a,AN19.MIX.im6,Hindi,Indo-Aryan,con,k aa n,1,aa,3.663586331161485e-10,35.3287775306742,6,6,0.006711409395973154
AN19-rec-0a506c90a38338724d8a:phone:1,AN19-rec-0a506c90a38338724d8a,AN19.SPA.sf1,Spanish,Romance,five,f ay v,0,f,7.888912964320452e-12,64.81383518869886,6,6,0.006896551724137931
AN19-rec-0a581a895a59da591861:phone:1,AN19-rec-0a581a895a59da591861,AN19.MIX.if4,German,Germanic,rim,r ih m,0,r,5.842733641946822e-09,64.59662581998188,6,6,0.0072992700729927005
AN19-rec-0a5e45860fa6df93738d:phone:1,AN19-rec-0a5e45860fa6df93738d,AN19.SPA.sm6,Spanish,Romance,five,f ay v,0,f,1.924838117350138e-09,46.556110041086384,6,6,0.006756756756756757
AN19-rec-0a885487c7e85337d0b2:phone:1,AN19-rec-0a885487c7e85337d0b2,AN19.SPA.sm4,Spanish,Romance,food,f uw d,0,f,2.4487614995600385e-07,28.75235621226354,6,6,0.007194244604316547
AN19-rec-0a8f74e0c6a947bd9935:phone:2,AN19-rec-0a8f74e0c6a947bd9935,AN19.SPA.sf2,Spanish,Romance,rut,r ah t,1,ah,7.930617290325133e-06,34.241410639917795,6,6,0.007246376811594203
AN19-rec-0acba673f06d59c46e02:phone:3,AN19-rec-0acba673f06d59c46e02,AN19.MIX.if6,Somali,Afro-Asiatic,pup,p ah p,2,p,2.866097639834917e-16,48.35082648939561,6,6,0.007246376811594203
AN19-rec-0b0f006415845d2daca6:phone:1,AN19-rec-0b0f006415845d2daca6,AN19.KOR.kf6,Korean,Koreanic,sane,s ey n,0,s,0.0002927901906197997,15.309839274839788,6,6,0.007042253521126761
AN19-rec-0b0f006415845d2daca6:phone:2,AN19-rec-0b0f006415845d2daca6,AN19.KOR.kf6,Korean,Koreanic,sane,s ey n,1,ey,0.0003267064952537271,21.05200263860446,6,6,0.007042253521126761
AN19-rec-0b2d7abec39bf62ba97a:phone:2,AN19-rec-0b2d7abec39bf62ba97a,AN19.SPA.sm7,Spanish,Romance,mid,m ih d,1,ih,3.7870434997478224e-14,48.76434023142962,6,6,0.007352941176470588
AN19-rec-0b30c457cbaa6d9c07ca:phone:1,AN19-rec-0b30c457cbaa6d9c07ca,AN19.MIX.im6,Hindi,Indo-Aryan,dune,d uw n,0,d,1.087625974864618e-15,63.3839656732167,6,6,0.006711409395973154
AN19-rec-0b39f3f29c783c073778:phone:1,AN19-rec-0b39f3f29c783c073778,AN19.SPA.sm5,Spanish,Romance,con,k aa n,0,k,0.000955512169380326,14.202508697674244,6,6,0.006896551724137931
AN19-rec-0b39f3f29c783c073778:phone:2,AN19-rec-0b39f3f29c783c073778,AN19.SPA.sm5,Spanish,Romance,con,k aa n,1,aa,8.648207947219279e-07,29.455786227152235,6,6,0.006896551724137931
AN19-rec-0b40cec5769059bb5a49:phone:1,AN19-rec-0b40cec5769059bb5a49,AN19.KOR.km6,Korean,Koreanic,soil,s oy l,0,s,0.0011594887692339096,14.861799062906536,6,6,0.007042253521126761
AN19-rec-0b40cec5769059bb5a49:phone:2,AN19-rec-0b40cec5769059bb5a49,AN19.KOR.km6,Korean,Koreanic,soil,s oy l,1,oy,2.44882605884149e-05,20.75240737014084,6,6,0.007042253521126761
AN19-rec-0b49edc843ff3f737a5c:phone:2,AN19-rec-0b49edc843ff3f737a5c,AN19.SPA.sf1,Spanish,Romance,neck,n eh k,1,eh,1.224121268214424e-20,78.5946621175138,6,6,0.006896551724137931
AN19-rec-0b810e98d44d84d7badc:phone:1,AN19-rec-0b810e98d44d84d7badc,AN19.SPA.sm3,Spanish,Romance,chain,ch ey n,0,ch,2.681009854852715e-08,38.146054057556746,6,6,0.0072992700729927005
AN19-rec-0b954505768a699b2767:phone:1,AN19-rec-0b954505768a699b2767,AN19.KOR.km2,Korean,Koreanic,chief,ch iy f,0,ch,6.95322192444192e-08,36.24961684930765,6,6,0.006756756756756757
AN19-rec-0b954505768a699b2767:phone:2,AN19-rec-0b954505768a699b2767,AN19.KOR.km2,Korean,Koreanic,chief,ch iy f,1,iy,2.8792589858851303e-05,22.627440714211456,6,6,0.006756756756756757
AN19-rec-0b9e3f70fc53aa90fb06:phone:1,AN19-rec-0b9e3f70fc53aa90fb06,AN19.KOR.km2,Korean,Koreanic,cheer,ch ih r,0,ch,0.0009201820233358683,18.37587382872678,6,6,0.006756756756756757
AN19-rec-0b9e3f70fc53aa90fb06:phone:3,AN19-rec-0b9e3f70fc53aa90fb06,AN19.KOR.km2,Korean,Koreanic,cheer,ch ih r,2,r,0.003929535093469608,14.975883157832868,6,6,0.006756756756756757
AN19-rec-0badcbb854b5d72d45ad:phone:1,AN19-rec-0badcbb854b5d72d45ad,AN19.SPA.sm3,Spanish,Romance,cheer,ch ih r,0,ch,8.298578087154112e-19,50.77202226343195,6,6,0.0072992700729927005
AN19-rec-0badcbb854b5d72d45ad:phone:3,AN19-rec-0badcbb854b5d72d45ad,AN19.SPA.sm3,Spanish,Romance,cheer,ch ih r,2,r,1.5833221696792839e-09,34.3643844158828,6,6,0.0072992700729927005
AN19-rec-0baf2e04ab52796647b9:phone:2,AN19-rec-0baf2e04ab52796647b9,AN19.SPA.sm5,Spanish,Romance,lace,l ey s,1,ey,4.5590542517196886e-05,15.151292292134556,6,6,0.006896551724137931
AN19-rec-0bb8f8053095d90095f0:phone:1,AN19-rec-0bb8f8053095d90095f0,AN19.SPA.sm4,Spanish,Romance,mall,m ao l,0,m,1.701824143917939e-05,25.79688059835525,6,6,0.007194244604316547
AN19-rec-0be9aee89878883f2633:phone:1,AN19-rec-0be9aee89878883f2633,AN19.SPA.sm3,Spanish,Romance,path,p ae th,0,p,2.2101348162361823e-06,31.08606009283905,6,6,0.0072992700729927005
AN19-rec-0be9aee89878883f2633:phone:3,AN19-rec-0be9aee89878883f2633,AN19.SPA.sm3,Spanish,Romance,path,p ae th,2,th,2.2078987136354766e-08,23.402842785364907,6,6,0.0072992700729927005
AN19-rec-0bef439e7b2d3bdcc79a:phone:3,AN19-rec-0bef439e7b2d3bdcc79a,AN19.SPA.sm4,Spanish,Romance,thought,th ao t,2,t,8.069836650057382e-18,64.91738943126185,6,6,0.007194244604316547
AN19-rec-0c02b5240a73615c49da:phone:2,AN19-rec-0c02b5240a73615c49da,AN19.MIX.im6,Hindi,Indo-Aryan,fool,f uw l,1,uw,0.00020723173950052838,19.68265292579212,6,6,0.006711409395973154
AN19-rec-0c0dee96ecd9930aa8e4:phone:2,AN19-rec-0c0dee96ecd9930aa8e4,AN19.KOR.km8,Korean,Koreanic,wail,w ey l,1,ey,0.010353034913980678,26.89147887926875,6,6,0.006896551724137931
AN19-rec-0c0f4bd6a0fbc21ff025:phone:3,AN19-rec-0c0f4bd6a0fbc21ff025,AN19.SPA.sf2,Spanish,Romance,dog,d ao g,2,g,4.930549649706906e-07,42.26124094758986,6,6,0.007246376811594203
AN19-rec-0c2f0be957221426c79e:phone:2,AN19-rec-0c2f0be957221426c79e,AN19.SPA.sf6,Spanish,Romance,wed,w eh d,1,eh,2.2187651936395622e-31,80.65220961964954,6,6,0.007042253521126761
AN19-rec-0c339c928395e07f8050:phone:2,AN19-rec-0c339c928395e07f8050,AN19.SPA.sm3,Spanish,Romance,mid,m ih d,1,ih,2.47450630931786e-26,71.38338667463579,6,6,0.0072992700729927005
AN19-rec-0c34fa9fb3c67c3d48c6:phone:1,AN19-rec-0c34fa9fb3c67c3d48c6,AN19.KOR.km7,Korean,Koreanic,give,g ih v,0,g,0.0025263122139686386,19.654962791805165,6,6,0.006711409395973154
AN19-rec-0c538207485e25fc6027:phone:3,AN19-rec-0c538207485e25fc6027,AN19.SPA.sf5,Spanish,Romance,whore,hh ao r,2,r,1.3804245333519534e-16,52.98718513538444,6,6,0.007194244604316547
AN19-rec-0c88803b39fae19c8de1:phone:3,AN19-rec-0c88803b39fae19c8de1,AN19.SPA.sf4,Spanish,Romance,white,w ay t,2,t,1.0726992730421005e-07,62.884649256580445,6,6,0.0070921985815602835
AN19-rec-0c92c21f79077783a680:phone:2,AN19-rec-0c92c21f79077783a680,AN19.MIX.im5,Turkish,Turkic,neck,n eh k,1,eh,0.005116348054012996,45.97750451788678,6,6,0.007246376811594203
AN19-rec-0ca71280897e227d2be4:phone:2,AN19-rec-0ca71280897e227d2be4,AN19.SPA.sf6,Spanish,Romance,suck,s ah k,1,ah,1.2241488316442e-12,55.79167976174376,6,6,0.007042253521126761
AN19-rec-0cbad1f6041f2795ba90:phone:1,AN19-rec-0cbad1f6041f2795ba90,AN19.MIX.im5,Turkish,Turkic,hack,hh ae k,0,hh,0.021119298528275973,8.492703104791994,6,6,0.007246376811594203
AN19-rec-0cbad1f6041f2795ba90:phone:3,AN19-rec-0cbad1f6041f2795ba90,AN19.MIX.im5,Turkish,Turkic,hack,hh ae k,2,k,7.086951375163865e-09,39.04125809622973,6,6,0.007246376811594203
AN19-rec-0cc9ad51785628b99bdd:phone:1,AN19-rec-0cc9ad51785628b99bdd,AN19.KOR.km8,Korean,Koreanic,hack,hh ae k,0,hh,1.7321109541783054e-15,43.71422809730785,6,6,0.006896551724137931
AN19-rec-0cd0d1404c407e57cb79:phone:1,AN19-rec-0cd0d1404c407e57cb79,AN19.MIX.if3,French,Romance,fig,f ih g,0,f,3.794306850413447e-12,78.11241509565248,6,6,0.006993006993006993
AN19-rec-0cd0d1404c407e57cb79:phone:3,AN19-rec-0cd0d1404c407e57cb79,AN19.MIX.if3,French,Romance,fig,f ih g,2,g,3.81336353328584e-08,45.10779850840016,6,6,0.006993006993006993
AN19-rec-0cd77e207f2c1a20b459:phone:2,AN19-rec-0cd77e207f2c1a20b459,AN19.KOR.km1,Korean,Koreanic,leg,l eh g,1,eh,1.3848382504951409e-11,63.29987405588093,6,6,0.0072992700729927005
AN19-rec-0cddd91aafba6ce8b9bf:phone:1,AN19-rec-0cddd91aafba6ce8b9bf,AN19.MIX.im3,Russian,Slavic,food,f uw d,0,f,4.086208059605185e-10,36.566747412077866,6,6,0.006756756756756757
AN19-rec-0ced0fb9b426a0854314:phone:2,AN19-rec-0ced0fb9b426a0854314,AN19.SPA.sm7,Spanish,Romance,shall,sh ae l,1,ae,3.869767954998343e-08,56.4590160039045,6,6,0.007352941176470588
AN19-rec-0d01856b670dfea16526:phone:1,AN19-rec-0d01856b670dfea16526,AN19.SPA.sf3,Spanish,Romance,wick,w ih k,0,w,1.924574393465526e-05,35.82933766790887,6,6,0.007246376811594203
AN19-rec-0d6dd16b39e9a2a688ea:phone:3,AN19-rec-0d6dd16b39e9a2a688ea,AN19.SPA.sf2,Spanish,Romance,peace,p iy s,2,s,2.3210406991188656e-07,25.602000126006885,6,6,0.007246376811594203
AN19-rec-0d79598b310463a4c1ce:phone:1,AN19-rec-0d79598b310463a4c1ce,AN19.KOR.km7,Korean,Koreanic,food,f uw d,0,f,4.998960809530859e-11,32.434465201425986,6,6,0.006711409395973154
AN19-rec-0d88b1f5d68145661819:phone:1,AN19-rec-0d88b1f5d68145661819,AN19.MIX.im1,Romanian,Romance,move,m uw v,0,m,3.4316580409144917e-09,27.103574391206205,6,6,0.006802721088435374
AN19-rec-0d88b1f5d68145661819:phone:3,AN19-rec-0d88b1f5d68145661819,AN19.MIX.im1,Romanian,Romance,move,m uw v,2,v,6.208845381137705e-15,41.05824990296234,6,6,0.006802721088435374
AN19-rec-0dc89462baa200dc8a8d:phone:1,AN19-rec-0dc89462baa200dc8a8d,AN19.KOR.kf3,Korean,Koreanic,dune,d uw n,0,d,5.792395855405955e-17,65.55256491769204,6,6,0.007246376811594203
AN19-rec-0ddd007f4253589ef150:phone:1,AN19-rec-0ddd007f4253589ef150,AN19.KOR.kf4,Korean,Koreanic,lice,l ay s,0,l,1.1905856552670224e-15,43.74583618542034,6,6,0.0070921985815602835
AN19-rec-0ddd007f4253589ef150:phone:2,AN19-rec-0ddd007f4253589ef150,AN19.KOR.kf4,Korean,Koreanic,lice,l ay s,1,ay,7.968375020093848e-05,28.241016156725323,6,6,0.0070921985815602835
AN19-rec-0ddd007f4253589ef150:phone:3,AN19-rec-0ddd007f4253589ef150,AN19.KOR.kf4,Korean,Koreanic,lice,l ay s,2,s,9.464422206350984e-11,40.82979225448554,6,6,0.0070921985815602835
AN19-rec-0dfd9d01f0500d287b63:phone:1,AN19-rec-0dfd9d01f0500d287b63,AN19.MIX.if3,French,Romance,hid,hh ih d,0,hh,3.273490591646618e-10,40.39863106329222,6,6,0.006993006993006993
AN19-rec-0dfd9d01f0500d287b63:phone:3,AN19-rec-0dfd9d01f0500d287b63,AN19.MIX.if3,French,Romance,hid,hh ih d,2,d,2.018360119807665e-18,54.517806841370266,6,6,0.006993006993006993
AN19-rec-0e02709e23c8619d0d13:phone:1,AN19-rec-0e02709e23c8619d0d13,AN19.MIX.im2,Bengali,Indo-Aryan,soil,s oy l,0,s,0.027338748240671857,21.28827023395466,6,6,0.007246376811594203
AN19-rec-0e02709e23c8619d0d13:phone:2,AN19-rec-0e02709e23c8619d0d13,AN19.MIX.im2,Bengali,Indo-Aryan,soil,s oy l,1,oy,0.002465820258018116,19.09640329644804,6,6,0.007246376811594203
AN19-rec-0e06ab8470b7fa9fc51d:phone:1,AN19-rec-0e06ab8470b7fa9fc51d,AN19.KOR.km3,Korean,Koreanic,god,g aa d,0,g,2.0126603446195864e-16,66.09393229550271,6,6,0.006666666666666667
AN19-rec-0e0da6e8eea07ec22d9b:phone:2,AN19-rec-0e0da6e8eea07ec22d9b,AN19.KOR.kf3,Korean,Koreanic,thick,th ih k,1,ih,5.6359549264283e-26,74.2513479924904,6,6,0.007246376811594203
AN19-rec-0e0da6e8eea07ec22d9b:phone:3,AN19-rec-0e0da6e8eea07ec22d9b,AN19.KOR.kf3,Korean,Koreanic,thick,th ih k,2,k,8.277850310922739e-10,46.47354066075281,6,6,0.007246376811594203
AN19-rec-0e12f10a0b2a5d4c10d8:phone:1,AN19-rec-0e12f10a0b2a5d4c10d8,AN19.KOR.km1,Korean,Koreanic,weed,w iy d,0,w,1.6769452593454343e-14,58.11083504724149,6,6,0.0072992700729927005
AN19-rec-0e12f10a0b2a5d4c10d8:phone:2,AN19-rec-0e12f10a0b2a5d4c10d8,AN19.KOR.km1,Korean,Koreanic,weed,w iy d,1,iy,1.4809062971999782e-05,24.74561192151074,6,6,0.0072992700729927005
AN19-rec-0e137adce01b00019ef4:phone:2,AN19-rec-0e137adce01b00019ef4,AN19.MIX.if5,Japanese,Japonic,wife,w ay f,1,ay,6.561939365225664e-06,20.93461110843039,6,6,0.006711409395973154
AN19-rec-0e1daae05c2168951c36:phone:1,AN19-rec-0e1daae05c2168951c36,AN19.SPA.sm4,Spanish,Romance,five,f ay v,0,f,2.1755896980446224e-12,62.15792503647058,6,6,0.007194244604316547
AN19-rec-0e5609aaee97b9f0604f:phone:1,AN19-rec-0e5609aaee97b9f0604f,AN19.SPA.sf1,Spanish,Romance,cheer,ch ih r,0,ch,0.0021933252593227225,23.9162257657696,6,6,0.006896551724137931
AN19-rec-0e5609aaee97b9f0604f:phone:3,AN19-rec-0e5609aaee97b9f0604f,AN19.SPA.sf1,Spanish,Romance,cheer,ch ih r,2,r,0.01641905560545384,16.16627562748481,6,6,0.006896551724137931
AN19-rec-0e643d15a94c673b8d73:phone:1,AN19-rec-0e643d15a94c673b8d73,AN19.MIX.if3,French,Romance,path,p ae th,0,p,1.0281440237067073e-10,34.41749651801076,6,6,0.006993006993006993
AN19-rec-0e643d15a94c673b8d73:phone:3,AN19-rec-0e643d15a94c673b8d73,AN19.MIX.if3,French,Romance,path,p ae th,2,th,6.328249489304164e-11,27.78135802938318,6,6,0.006993006993006993
AN19-rec-0e9d5959c999ee91f8dc:phone:2,AN19-rec-0e9d5959c999ee91f8dc,AN19.KOR.kf4,Korean,Koreanic,wrong,r ao ng,1,ao,2.5315841630852942e-05,25.47768552968387,6,8,0.0070921985815602835
AN19-rec-0eb4efc0cddc4ed671c4:phone:2,AN19-rec-0eb4efc0cddc4ed671c4,AN19.KOR.kf1,Korean,Koreanic,sill,s ih l,1,ih,1.3539806559976998e-11,27.50758292619058,6,6,0.0072992700729927005
AN19-rec-0eb8e8b802af35e46619:phone:2,AN19-rec-0eb8e8b802af35e46619,AN19.SPA.sm4,Spanish,Romance,cod,k aa d,1,aa,1.550436703284782e-09,51.848922766968855,6,6,0.007194244604316547
AN19-rec-0ec760c0a4198d6e30b4:phone:1,AN19-rec-0ec760c0a4198d6e30b4,AN19.MIX.if6,Somali,Afro-Asiatic,thick,th ih k,0,th,3.275469819433251e-07,31.1555281372374,6,6,0.007246376811594203
AN19-rec-0ec760c0a4198d6e30b4:phone:2,AN19-rec-0ec760c0a4198d6e30b4,AN19.MIX.if6,Somali,Afro-Asiatic,thick,th ih k,1,ih,0.0046487621012954875,56.729651922960095,6,6,0.007246376811594203
AN19-rec-0ec760c0a4198d6e30b4:phone:3,AN19-rec-0ec760c0a4198d6e30b4,AN19.MIX.if6,Somali,Afro-Asiatic,thick,th ih k,2,k,8.558647827821913e-27,73.18326379125887,6,6,0.007246376811594203
AN19-rec-0ee507e7dd37db68d0d8:phone:3,AN19-rec-0ee507e7dd37db68d0d8,AN19.KOR.kf2,Korean,Koreanic,bum,b ah m,2,m,5.72973237656586e-13,42.55643093892577,6,6,0.0072992700729927005
AN19-rec-0f067f5e8640446d8244:phone:3,AN19-rec-0f067f5e8640446d8244,AN19.MIX.im3,Russian,Slavic,death,d eh th,2,th,1.5148109118706697e-11,58.97569346575858,6,6,0.006756756756756757
AN19-rec-0f12178c55f7586d61f9:phone:2,AN19-rec-0f12178c55f7586d61f9,AN19.MIX.im4,Mandarin,Sino-Tibetan,long,l ao ng,1,ao,1.528770120736658e-06,34.500802837818604,6,6,0.006993006993006993
AN19-rec-0f12178c55f7586d61f9:phone:3,AN19-rec-0f12178c55f7586d61f9,AN19.MIX.im4,Mandarin,Sino-Tibetan,long,l ao ng,2,ng,2.1970993157556595e-08,24.11751571796151,6,6,0.006993006993006993
AN19-rec-0f2366f182d8abcccb52:phone:1,AN19-rec-0f2366f182d8abcccb52,AN19.MIX.if5,Japanese,Japonic,hid,hh ih d,0,hh,2.829113089936474e-19,71.61429545501024,6,6,0.006711409395973154
AN19-rec-0f2366f182d8abcccb52:phone:3,AN19-rec-0f2366f182d8abcccb52,AN19.MIX.if5,Japanese,Japonic,hid,hh ih d,2,d,7.635430628684499e-11,55.62453646863005,6,6,0.006711409395973154
AN19-rec-0f2bcf2b82e50d6a3df6:phone:1,AN19-rec-0f2bcf2b82e50d6a3df6,AN19.MIX.im3,Russian,Slavic,thick,th ih k,0,th,3.2950153485907377e-07,47.95917597759151,6,6,0.006756756756756757
AN19-rec-0f2bcf2b82e50d6a3df6:phone:2,AN19-rec-0f2bcf2b82e50d6a3df6,AN19.MIX.im3,Russian,Slavic,thick,th ih k,1,ih,8.587787754726213e-11,53.924071690994815,6,6,0.006756756756756757
AN19-rec-0f2bcf2b82e50d6a3df6:phone:3,AN19-rec-0f2bcf2b82e50d6a3df6,AN19.MIX.im3,Russian,Slavic,thick,th ih k,2,k,2.2537110762782582e-25,84.36418935587187,6,6,0.006756756756756757
AN19-rec-0f398239ea979adc4fa7:phone:1,AN19-rec-0f398239ea979adc4fa7,AN19.MIX.im3,Russian,Slavic,gave,g ey v,0,g,3.0330246253606932e-33,92.25718867671984,6,6,0.006756756756756757
AN19-rec-0f3f295dd0b8cf318f2d:phone:1,AN19-rec-0f3f295dd0b8cf318f2d,AN19.KOR.km2,Korean,Koreanic,move,m uw v,0,m,1.615966717655208e-08,27.63559585344084,6,6,0.006756756756756757
AN19-rec-0f3f295dd0b8cf318f2d:phone:3,AN19-rec-0f3f295dd0b8cf318f2d,AN19.KOR.km2,Korean,Koreanic,move,m uw v,2,v,3.0374341518726334e-10,26.716285390589007,6,6,0.006756756756756757
AN19-rec-0f464a156d3e1bbc788d:phone:2,AN19-rec-0f464a156d3e1bbc788d,AN19.MIX.if2,Dutch,Germanic,shall,sh ae l,1,ae,1.6200154969976267e-11,56.749416809385885,6,6,0.006944444444444444
AN19-rec-0f5ef8e07af40d9c59b9:phone:2,AN19-rec-0f5ef8e07af40d9c59b9,AN19.KOR.kf5,Korean,Koreanic,shape,sh ey p,1,ey,3.8532618211502114e-07,18.22191394877349,6,6,0.006993006993006993
AN19-rec-0f60995ad3f406bd4350:phone:3,AN19-rec-0f60995ad3f406bd4350,AN19.KOR.km7,Korean,Koreanic,beak,b iy k,2,k,6.220925992908455e-07,27.35501603593862,6,6,0.006711409395973154
AN19-rec-0f64f38ad7f4c9628e1c:phone:1,AN19-rec-0f64f38ad7f4c9628e1c,AN19.MIX.if1,Albanian,Albanian,lice,l ay s,0,l,3.503172708458617e-11,27.8240950733235,6,6,0.0070921985815602835
AN19-rec-0f64f38ad7f4c9628e1c:phone:2,AN19-rec-0f64f38ad7f4c9628e1c,AN19.MIX.if1,Albanian,Albanian,lice,l ay s,1,ay,0.0003460110123887593,19.991616553731102,6,6,0.0070921985815602835
AN19-rec-0f64f38ad7f4c9628e1c:phone:3,AN19-rec-0f64f38ad7f4c9628e1c,AN19.MIX.if1,Albanian,Albanian,lice,l ay s,2,s,5.997247662693576e-07,18.600610312627143,6,6,0.0070921985815602835
AN19-rec-0f8aaf90fce53fefd0bd:phone:1,AN19-rec-0f8aaf90fce53fefd0bd,AN19.KOR.km2,Korean,Koreanic,hid,hh ih d,0,hh,0.013969507867897836,42.42994047794635,6,6,0.006756756756756757
AN19-rec-0f8aaf90fce53fefd0bd:phone:3,AN19-rec-0f8aaf90fce53fefd0bd,AN19.KOR.km2,Korean,Koreanic,hid,hh ih d,2,d,9.891167155261056e-08,41.014258854460174,6,6,0.006756756756756757
AN19-rec-0f9cdacd1afbd2664110:phone:1,AN19-rec-0f9cdacd1afbd2664110,AN19.MIX.im3,Russian,Slavic,join,jh oy n,0,jh,2.207860030943227e-14,56.85241596335951,6,6,0.006756756756756757
AN19-rec-0fa1bdad607f5aeb5ba0:phone:2,AN19-rec-0fa1bdad607f5aeb5ba0,AN19.SPA.sm3,Spanish,Romance,caught,k aa t,1,aa,5.530395699502775e-13,44.80157391003013,6,6,0.0072992700729927005
AN19-rec-0fc2b3d7b7206014db75:phone:3,AN19-rec-0fc2b3d7b7206014db75,AN19.KOR.kf3,Korean,Koreanic,page,p ey jh,2,jh,9.415469464616311e-05,79.52999751050665,6,6,0.007246376811594203
AN19-rec-0fc4f91b22c1cf7794d1:phone:2,AN19-rec-0fc4f91b22c1cf7794d1,AN19.KOR.kf6,Korean,Koreanic,caught,k aa t,1,aa,2.9120665199760528e-05,54.396439526514406,6,6,0.007042253521126761
AN19-rec-0fdcc1ca00f962fbe50b:phone:1,AN19-rec-0fdcc1ca00f962fbe50b,AN19.SPA.sf6,Spanish,Romance,firm,f er m,0,f,1.3351200002966607e-15,58.683249079744336,6,6,0.007042253521126761
AN19-rec-0fe670beda9b2014907d:phone:1,AN19-rec-0fe670beda9b2014907d,AN19.KOR.kf2,Korean,Koreanic,jack,jh ae k,0,jh,0.0017377276018597872,16.07879139200305,6,6,0.0072992700729927005
AN19-rec-0fe670beda9b2014907d:phone:3,AN19-rec-0fe670beda9b2014907d,AN19.KOR.kf2,Korean,Koreanic,jack,jh ae k,2,k,1.3873991021487135e-45,113.0961235315558,6,6,0.0072992700729927005
AN19-rec-0ffd136bd6ee5a7bec14:phone:3,AN19-rec-0ffd136bd6ee5a7bec14,AN19.SPA.sm2,Spanish,Romance,bum,b ah m,2,m,2.0914729156175605e-19,71.31520990265177,6,6,0.007042253521126761
AN19-rec-1011fa46645d98f183bb:phone:1,AN19-rec-1011fa46645d98f183bb,AN19.SPA.sf6,Spanish,Romance,lice,l ay s,0,l,0.00015494185302748325,15.056200371709116,6,6,0.007042253521126761
AN19-rec-1011fa46645d98f183bb:phone:2,AN19-rec-1011fa46645d98f183bb,AN19.SPA.sf6,Spanish,Romance,lice,l ay s,1,ay,5.782668997691956e-08,24.665950780426044,6,6,0.007042253521126761
AN19-rec-1011fa46645d98f183bb:phone:3,AN19-rec-1011fa46645d98f183bb,AN19.SPA.sf6,Spanish,Romance,lice,l ay s,2,s,5.031156131951592e-10,34.43097992309373,6,6,0.007042253521126761
AN19-rec-1014566eb5aa54096a4c:phone:1,AN19-rec-1014566eb5aa54096a4c,AN19.SPA.sm6,Spanish,Romance,firm,f er m,0,f,6.395281101158666e-11,63.68535649148953,6,6,0.006756756756756757
AN19-rec-102ec9e6f9e3aab0508b:phone:1,AN19-rec-102ec9e6f9e3aab0508b,AN19.MIX.if1,Albanian,Albanian,con,k aa n,0,k,3.610876300427987e-18,56.92340302424298,6,6,0.0070921985815602835
AN19-rec-1045bd7020fd82fe5aaa:phone:2,AN19-rec-1045bd7020fd82fe5aaa,AN19.SPA.sm4,Spanish,Romance,suck,s ah k,1,ah,1.0304415008944522e-07,59.49273995694612,6,6,0.007194244604316547
AN19-rec-10505617874227d5311d:phone:1,AN19-rec-10505617874227d5311d,AN19.KOR.km2,Korean,Koreanic,bug,b ah g,0,b,9.783662181692108e-12,49.704212533653696,6,6,0.006756756756756757
AN19-rec-1066aab914def8678ff9:phone:3,AN19-rec-1066aab914def8678ff9,AN19.SPA.sf3,Spanish,Romance,faith,f ey th,2,th,4.919486895937324e-09,50.5222051259941,6,6,0.007246376811594203
AN19-rec-106f7cf99d114f0c8b35:phone:2,AN19-rec-106f7cf99d114f0c8b35,AN19.MIX.im4,Mandarin,Sino-Tibetan,kin,k ih n,1,ih,1.3690194161650582e-05,38.24319994473272,6,6,0.006993006993006993
AN19-rec-10786974f64de26856fe:phone:1,AN19-rec-10786974f64de26856fe,AN19.MIX.if3,French,Romance,mote,m ow t,0,m,0.0005117787381494427,32.3166596619395,6,6,0.006993006993006993
AN19-rec-10786974f64de26856fe:phone:2,AN19-rec-10786974f64de26856fe,AN19.MIX.if3,French,Romance,mote,m ow t,1,ow,1.4431448553826635e-05,19.103267067631837,6,6,0.006993006993006993
AN19-rec-10884a7e67cec9fec7dc:phone:1,AN19-rec-10884a7e67cec9fec7dc,AN19.SPA.sm3,Spanish,Romance,balm,b aa m,0,b,4.320705141589147e-14,69.58211066592037,6,6,0.0072992700729927005
AN19-rec-10a376f1948da13f9497:phone:1,AN19-rec-10a376f1948da13f9497,AN19.MIX.if2,Dutch,Germanic,pool,p uw l,0,p,0.0006213323439828067,31.23753706204195,6,6,0.006944444444444444
AN19-rec-10c5beb0b62faaadfa36:phone:1,AN19-rec-10c5beb0b62faaadfa36,AN19.SPA.sm7,Spanish,Romance,jack,jh ae k,0,jh,0.008183739183444736,12.649862084734156,6,6,0.007352941176470588
AN19-rec-10c5beb0b62faaadfa36:phone:3,AN19-rec-10c5beb0b62faaadfa36,AN19.SPA.sm7,Spanish,Romance,jack,jh ae k,2,k,0.00019247247703777884,12.63381771525595,6,6,0.007352941176470588
AN19-rec-10ce66037aa330c5257e:phone:2,AN19-rec-10ce66037aa330c5257e,AN19.KOR.kf2,Korean,Koreanic,sill,s ih l,1,ih,1.2453747447902432e-15,49.50688337342558,6,6,0.0072992700729927005
AN19-rec-10d90c3bfa500dba6889:phone:2,AN19-rec-10d90c3bfa500dba6889,AN19.MIX.if4,German,Germanic,mace,m ey s,1,ey,4.489033190066436e-12,41.84648986767804,6,6,0.0072992700729927005
AN19-rec-10d90c3bfa500dba6889:phone:3,AN19-rec-10d90c3bfa500dba6889,AN19.MIX.if4,German,Germanic,mace,m ey s,2,s,2.6012890894556665e-07,45.742991195331946,6,6,0.0072992700729927005
AN19-rec-10ef757408ea816011a4:phone:2,AN19-rec-10ef757408ea816011a4,AN19.KOR.km3,Korean,Koreanic,cod,k aa d,1,aa,2.143499620804291e-15,40.27067970648282,6,6,0.006666666666666667
AN19-rec-10f9e586307d81297852:phone:1,AN19-rec-10f9e586307d81297852,AN19.SPA.sm6,Spanish,Romance,hack,hh ae k,0,hh,0.033423138990289834,6.41553369655569,6,6,0.006756756756756757
AN19-rec-1134cdc9d5848a933836:phone:1,AN19-rec-1134cdc9d5848a933836,AN19.SPA.sf3,Spanish,Romance,league,l iy g,0,l,5.908054669850044e-19,53.24746008128941,6,6,0.007246376811594203
AN19-rec-1134cdc9d5848a933836:phone:2,AN19-rec-1134cdc9d5848a933836,AN19.SPA.sf3,Spanish,Romance,league,l iy g,1,iy,2.0862195384459477e-11,29.552482310276897,6,6,0.007246376811594203
AN19-rec-1134cdc9d5848a933836:phone:3,AN19-rec-1134cdc9d5848a933836,AN19.SPA.sf3,Spanish,Romance,league,l iy g,2,g,3.6240116732128724e-12,33.17259152783982,6,6,0.007246376811594203
AN19-rec-116daf39e797ab8a93d2:phone:3,AN19-rec-116daf39e797ab8a93d2,AN19.MIX.if2,Dutch,Germanic,pup,p ah p,2,p,1.2161962351560653e-16,77.96159370040917,6,6,0.006944444444444444
AN19-rec-118ebd329500f18573db:phone:2,AN19-rec-118ebd329500f18573db,AN19.MIX.im4,Mandarin,Sino-Tibetan,cod,k aa d,1,aa,5.812271861933509e-05,45.83236884817189,6,6,0.006993006993006993
AN19-rec-11ae60b5743a7ea6ec2f:phone:1,AN19-rec-11ae60b5743a7ea6ec2f,AN19.KOR.kf4,Korean,Koreanic,mote,m ow t,0,m,8.826463242821578e-11,38.63084026485976,6,6,0.0070921985815602835
AN19-rec-11ae60b5743a7ea6ec2f:phone:2,AN19-rec-11ae60b5743a7ea6ec2f,AN19.KOR.kf4,Korean,Koreanic,mote,m ow t,1,ow,3.6404069674417987e-06,16.28414735260585,6,6,0.0070921985815602835
AN19-rec-11b69c41d132a3caa4fb:phone:3,AN19-rec-11b69c41d132a3caa4fb,AN19.KOR.km2,Korean,Koreanic,beak,b iy k,2,k,2.631260837393438e-07,35.144087626540546,6,6,0.006756756756756757
AN19-rec-11be2bc3240cca1618de:phone:2,AN19-rec-11be2bc3240cca1618de,AN19.KOR.kf6,Korean,Koreanic,mace,m ey s,1,ey,1.1221977070386324e-07,21.818428272302317,6,6,0.007042253521126761
AN19-rec-11be2bc3240cca1618de:phone:3,AN19-rec-11be2bc3240cca1618de,AN19.KOR.kf6,Korean,Koreanic,mace,m ey s,2,s,0.00041803227370271987,46.0751203821245,6,6,0.007042253521126761
AN19-rec-11c2935f3bb1cf49208f:phone:3,AN19-rec-11c2935f3bb1cf49208f,AN19.KOR.km6,Korean,Koreanic,toot,t uw t,2,t,0.00022970186232541625,15.893580690172834,6,6,0.007042253521126761
AN19-rec-11c4384786419659e9d5:phone:1,AN19-rec-11c4384786419659e9d5,AN19.KOR.km2,Korean,Koreanic,doom,d uw m,0,d,2.412737131504182e-05,29.66788792373997,6,6,0.006756756756756757
AN19-rec-11c4384786419659e9d5:phone:3,AN19-rec-11c4384786419659e9d5,AN19.KOR.km2,Korean,Koreanic,doom,d uw m,2,m,4.2321810992550705e-06,17.122221709814102,6,6,0.006756756756756757
AN19-rec-11f394b3843d060f3b62:phone:1,AN19-rec-11f394b3843d060f3b62,AN19.MIX.im3,Russian,Slavic,firm,f er m,0,f,2.6340671282476454e-08,57.95244753132789,6,6,0.006756756756756757
AN19-rec-11fa026d81d5c3761f16:phone:3,AN19-rec-11fa026d81d5c3761f16,AN19.MIX.im5,Turkish,Turkic,route,r uw t,2,t,8.468940774719521e-11,52.321227433221615,6,6,0.007246376811594203
AN19-rec-11fb5123e2f51907bea3:phone:1,AN19-rec-11fb5123e2f51907bea3,AN19.SPA.sm2,Spanish,Romance,check,ch eh k,0,ch,0.0021527270690649162,19.68493407544882,6,6,0.007042253521126761
AN19-rec-1205a1fea9fab5e07c9f:phone:3,AN19-rec-1205a1fea9fab5e07c9f,AN19.KOR.km1,Korean,Koreanic,path,p ae th,2,th,2.172021146853711e-12,36.42576337710143,6,6,0.0072992700729927005
AN19-rec-12167cb5e9c5946eab6b:phone:1,AN19-rec-12167cb5e9c5946eab6b,AN19.MIX.if5,Japanese,Japonic,hack,hh ae k,0,hh,0.0003156724282211019,9.946846164537051,6,6,0.006711409395973154
AN19-rec-12167cb5e9c5946eab6b:phone:3,AN19-rec-12167cb5e9c5946eab6b,AN19.MIX.if5,Japanese,Japonic,hack,hh ae k,2,k,1.914730875668484e-12,50.320697688088266,6,6,0.006711409395973154
AN19-rec-12238d1b140e8d1beba2:phone:3,AN19-rec-12238d1b140e8d1beba2,AN19.MIX.if4,German,Germanic,gas,g ae s,2,s,0.00012080764939615409,27.79054643135596,6,6,0.0072992700729927005
AN19-rec-122c66bcc62217579a65:phone:3,AN19-rec-122c66bcc62217579a65,AN19.MIX.if4,German,Germanic,dog,d ao g,2,g,0.00010259955426918582,46.22982063905716,6,6,0.0072992700729927005
AN19-rec-12580b69f1b63b085b30:phone:1,AN19-rec-12580b69f1b63b085b30,AN19.KOR.km6,Korean,Koreanic,young,y ah ng,0,y,0.10997977996569451,33.56825879788014,6,6,0.007042253521126761
AN19-rec-1264cbca56346eb8ed10:phone:3,AN19-rec-1264cbca56346eb8ed10,AN19.KOR.km8,Korean,Koreanic,doom,d uw m,2,m,4.79724758732845e-10,35.39038072979039,6,6,0.006896551724137931
AN19-rec-1289ca04867ae15ebcb2:phone:3,AN19-rec-1289ca04867ae15ebcb2,AN19.MIX.im4,Mandarin,Sino-Tibetan,mouth,m aw th,2,th,9.738821769063233e-08,45.14206311877704,6,6,0.006993006993006993
AN19-rec-129c164716516388a6fb:phone:1,AN19-rec-129c164716516388a6fb,AN19.SPA.sm6,Spanish,Romance,fig,f ih g,0,f,7.402853910075344e-17,54.06965660073144,6,6,0.006756756756756757
AN19-rec-129c164716516388a6fb:phone:3,AN19-rec-129c164716516388a6fb,AN19.SPA.sm6,Spanish,Romance,fig,f ih g,2,g,4.834154302089864e-09,49.31030697043124,6,6,0.006756756756756757
AN19-rec-129f45b06a72768346cc:phone:3,AN19-rec-129f45b06a72768346cc,AN19.KOR.km7,Korean,Koreanic,death,d eh th,2,th,7.614338229928538e-09,53.45207248709989,6,6,0.006711409395973154
AN19-rec-12a59464d634bf47c71a:phone:1,AN19-rec-12a59464d634bf47c71a,AN19.MIX.im4,Mandarin,Sino-Tibetan,hid,hh ih d,0,hh,4.289483601261978e-08,58.82152243787405,6,6,0.006993006993006993
AN19-rec-12a59464d634bf47c71a:phone:3,AN19-rec-12a59464d634bf47c71a,AN19.MIX.im4,Mandarin,Sino-Tibetan,hid,hh ih d,2,d,1.0060436563096496e-10,47.24436013643043,6,6,0.006993006993006993
AN19-rec-12b051a159a7d8072021:phone:2,AN19-rec-12b051a159a7d8072021,AN19.MIX.if6,Somali,Afro-Asiatic,ban,b ae n,1,ae,0.03404723704889063,6.79421465148027,6,6,0.007246376811594203
AN19-rec-12e3e3c9cf58846efd45:phone:2,AN19-rec-12e3e3c9cf58846efd45,AN19.SPA.sm4,Spanish,Romance,mid,m ih d,1,ih,2.3692157198540342e-11,46.89595094800136,6,6,0.007194244604316547
AN19-rec-12e5f6b2c14e4e5c6b76:phone:2,AN19-rec-12e5f6b2c14e4e5c6b76,AN19.SPA.sm3,Spanish,Romance,ban,b ae n,1,ae,1.5688895211022515e-07,18.38757956927736,6,6,0.0072992700729927005
AN19-rec-130815f03260aabfc520:phone:2,AN19-rec-130815f03260aabfc520,AN19.SPA.sm6,Spanish,Romance,wash,w aa sh,1,aa,2.5651318449708587e-06,37.8192595667662,6,6,0.006756756756756757
AN19-rec-130b0b4a5f3bc77d66ae:phone:1,AN19-rec-130b0b4a5f3bc77d66ae,AN19.KOR.kf6,Korean,Koreanic,thick,th ih k,0,th,2.613163008866947e-10,41.090537496556536,6,6,0.007042253521126761
AN19-rec-130b0b4a5f3bc77d66ae:phone:3,AN19-rec-130b0b4a5f3bc77d66ae,AN19.KOR.kf6,Korean,Koreanic,thick,th ih k,2,k,6.356355880760399e-16,56.73915049225584,6,6,0.007042253521126761
AN19-rec-130f59f0a41214bc3ef4:phone:3,AN19-rec-130f59f0a41214bc3ef4,AN19.SPA.sf1,Spanish,Romance,serve,s er v,2,v,0.001664492865334209,15.24480850082814,6,6,0.006896551724137931
AN19-rec-132b5360c7eaab8cb6ac:phone:1,AN19-rec-132b5360c7eaab8cb6ac,AN19.SPA.sm5,Spanish,Romance,path,p ae th,0,p,3.227118720270464e-07,36.28617942797365,6,6,0.006896551724137931
AN19-rec-132b5360c7eaab8cb6ac:phone:3,AN19-rec-132b5360c7eaab8cb6ac,AN19.SPA.sm5,Spanish,Romance,path,p ae th,2,th,5.851338413853993e-12,32.87620142451744,6,6,0.006896551724137931
AN19-rec-13320c4924c629178c3a:phone:2,AN19-rec-13320c4924c629178c3a,AN19.SPA.sm4,Spanish,Romance,leg,l eh g,1,eh,8.923187016155445e-13,41.261575959258415,6,6,0.007194244604316547
AN19-rec-134da9872299c7daf5f2:phone:1,AN19-rec-134da9872299c7daf5f2,AN19.MIX.im4,Mandarin,Sino-Tibetan,five,f ay v,0,f,9.131420817135684e-10,46.92272786273968,6,6,0.006993006993006993
AN19-rec-1352b9a4c561f6859e23:phone:1,AN19-rec-1352b9a4c561f6859e23,AN19.MIX.im2,Bengali,Indo-Aryan,hid,hh ih d,0,hh,0.0006681467630097042,25.91937182902137,6,6,0.007246376811594203
AN19-rec-1352b9a4c561f6859e23:phone:3,AN19-rec-1352b9a4c561f6859e23,AN19.MIX.im2,Bengali,Indo-Aryan,hid,hh ih d,2,d,2.741513194661003e-08,37.04156459164117,6,6,0.007246376811594203
AN19-rec-135a8ebfb58f6f5b3e0d:phone:2,AN19-rec-135a8ebfb58f6f5b3e0d,AN19.KOR.km2,Korean,Koreanic,lace,l ey s,1,ey,1.2120802709444816e-05,20.34423837409829,6,6,0.006756756756756757
AN19-rec-13a7016e7cda9a1e43a2:phone:2,AN19-rec-13a7016e7cda9a1e43a2,AN19.KOR.km3,Korean,Koreanic,fool,f uw l,1,uw,0.0008492050115516007,18.573665869453425,6,6,0.006666666666666667
AN19-rec-13aa45d92bda5d069d9c:phone:2,AN19-rec-13aa45d92bda5d069d9c,AN19.MIX.if3,French,Romance,kin,k ih n,1,ih,8.205821624914276e-13,31.291140979222945,6,6,0.006993006993006993
AN19-rec-13bad085141c3822dbb8:phone:1,AN19-rec-13bad085141c3822dbb8,AN19.KOR.kf6,Korean,Koreanic,give,g ih v,0,g,8.20813012338865e-13,43.84238251391277,6,6,0.007042253521126761
AN19-rec-13bff756e17c9384d1ad:phone:1,AN19-rec-13bff756e17c9384d1ad,AN19.MIX.if4,German,Germanic,lice,l ay s,0,l,0.009802490322900991,16.212025852289326,6,6,0.0072992700729927005
AN19-rec-13bff756e17c9384d1ad:phone:2,AN19-rec-13bff756e17c9384d1ad,AN19.MIX.if4,German,Germanic,lice,l ay s,1,ay,0.0002106595910058306,22.68139087937512,6,6,0.0072992700729927005
AN19-rec-13bff756e17c9384d1ad:phone:3,AN19-rec-13bff756e17c9384d1ad,AN19.MIX.if4,German,Germanic,lice,l ay s,2,s,1.7004221499086185e-08,24.789710541557195,6,6,0.0072992700729927005
AN19-rec-13caf7abb65921fa1e57:phone:1,AN19-rec-13caf7abb65921fa1e57,AN19.KOR.km1,Korean,Koreanic,hag,hh ae g,0,hh,1.4921087545410876e-17,50.41204579288007,6,6,0.0072992700729927005
AN19-rec-13caf7abb65921fa1e57:phone:3,AN19-rec-13caf7abb65921fa1e57,AN19.KOR.km1,Korean,Koreanic,hag,hh ae g,2,g,6.975460877066526e-07,63.15820373494725,6,6,0.0072992700729927005
AN19-rec-13cfa13b8aa871faa099:phone:1,AN19-rec-13cfa13b8aa871faa099,AN19.MIX.if5,Japanese,Japonic,cheer,ch ih r,0,ch,9.612634020831915e-21,67.16273718949144,6,6,0.006711409395973154
AN19-rec-13cfa13b8aa871faa099:phone:3,AN19-rec-13cfa13b8aa871faa099,AN19.MIX.if5,Japanese,Japonic,cheer,ch ih r,2,r,5.432355729189216e-07,34.516813425748275,6,6,0.006711409395973154
AN19-rec-13dcd2eff0e4af3a4e0e:phone:1,AN19-rec-13dcd2eff0e4af3a4e0e,AN19.SPA.sm7,Spanish,Romance,young,y ah ng,0,y,0.0044772328228392,35.776143846259785,6,6,0.007352941176470588
AN19-rec-13ef3d41d620f3b68d9a:phone:1,AN19-rec-13ef3d41d620f3b68d9a,AN19.KOR.km1,Korean,Koreanic,con,k aa n,0,k,7.653751808955508e-37,90.31577291559664,6,6,0.0072992700729927005
AN19-rec-13ef3d41d620f3b68d9a:phone:2,AN19-rec-13ef3d41d620f3b68d9a,AN19.KOR.km1,Korean,Koreanic,con,k aa n,1,aa,5.8375811342024945e-33,92.8221019482047,6,6,0.0072992700729927005
AN19-rec-140a26dc8358ec9a05a2:phone:2,AN19-rec-140a26dc8358ec9a05a2,AN19.MIX.if2,Dutch,Germanic,caught,k aa t,1,aa,4.565367048568546e-05,66.47913048903516,6,6,0.006944444444444444
AN19-rec-1415589301c999fb8e97:phone:1,AN19-rec-1415589301c999fb8e97,AN19.MIX.im6,Hindi,Indo-Aryan,goat,g ow t,0,g,3.708080862785727e-13,47.50752560914386,6,6,0.006711409395973154
AN19-rec-1415589301c999fb8e97:phone:3,AN19-rec-1415589301c999fb8e97,AN19.MIX.im6,Hindi,Indo-Aryan,goat,g ow t,2,t,2.3289292042243958e-11,32.468555858289584,6,6,0.006711409395973154
AN19-rec-14216190719b6ad9ea77:phone:2,AN19-rec-14216190719b6ad9ea77,AN19.MIX.if6,Somali,Afro-Asiatic,wed,w eh d,1,eh,8.961036202218459e-33,85.22593483694716,6,6,0.007246376811594203
AN19-rec-1422adc0a409de97648c:phone:3,AN19-rec-1422adc0a409de97648c,AN19.MIX.im6,Hindi,Indo-Aryan,death,d eh th,2,th,1.4949586482667818e-11,47.34872485970579,6,6,0.006711409395973154
AN19-rec-142b1ad82eb9bc8b258a:phone:2,AN19-rec-142b1ad82eb9bc8b258a,AN19.MIX.if6,Somali,Afro-Asiatic,vice,v ay s,1,ay,3.7439041061614747e-06,31.04138486306825,6,6,0.007246376811594203
AN19-rec-143ba86d63edce4c836f:phone:2,AN19-rec-143ba86d63edce4c836f,AN19.MIX.im5,Turkish,Turkic,size,s ay z,1,ay,0.0012990908148930076,20.367091696879623,6,6,0.007246376811594203
AN19-rec-1445dacdda5535ddc382:phone:2,AN19-rec-1445dacdda5535ddc382,AN19.KOR.kf1,Korean,Koreanic,wash,w aa sh,1,aa,1.0699852372221225e-16,50.04660782964121,6,6,0.0072992700729927005
AN19-rec-144f15c498186885fb92:phone:1,AN19-rec-144f15c498186885fb92,AN19.SPA.sm5,Spanish,Romance,wick,w ih k,0,w,1.4957715533740799e-30,87.34083585147157,6,6,0.006896551724137931
AN19-rec-146eb786401f5e994e1e:phone:2,AN19-rec-146eb786401f5e994e1e,AN19.KOR.kf5,Korean,Koreanic,suck,s ah k,1,ah,1.4172710304518607e-07,34.31872923027661,6,6,0.006993006993006993
AN19-rec-146eb786401f5e994e1e:phone:3,AN19-rec-146eb786401f5e994e1e,AN19.KOR.kf5,Korean,Koreanic,suck,s ah k,2,k,2.405794082935272e-06,29.96216678439576,6,6,0.006993006993006993
AN19-rec-1475a6c89aca838677d3:phone:2,AN19-rec-1475a6c89aca838677d3,AN19.SPA.sf1,Spanish,Romance,long,l ao ng,1,ao,8.796963256464036e-18,70.02382505207011,6,6,0.006896551724137931
AN19-rec-1475a6c89aca838677d3:phone:3,AN19-rec-1475a6c89aca838677d3,AN19.SPA.sf1,Spanish,Romance,long,l ao ng,2,ng,3.324023675567287e-09,27.72717684998324,6,6,0.006896551724137931
AN19-rec-147731ef293cf81924cd:phone:2,AN19-rec-147731ef293cf81924cd,AN19.MIX.im1,Romanian,Romance,thing,th ih ng,1,ih,6.488748452972749e-06,31.89768387981218,6,6,0.006802721088435374
AN19-rec-147cbd531db24d85b9b4:phone:2,AN19-rec-147cbd531db24d85b9b4,AN19.KOR.kf1,Korean,Koreanic,roof,r uw f,1,uw,8.032643056062033e-14,46.59742381144464,6,6,0.0072992700729927005
AN19-rec-14824ec8c4c2511a2c87:phone:2,AN19-rec-14824ec8c4c2511a2c87,AN19.KOR.km7,Korean,Koreanic,bun,b ah n,1,ah,9.799587500617607e-22,61.34977466352051,6,6,0.006711409395973154
AN19-rec-14858caa24b74d8933f5:phone:1,AN19-rec-14858caa24b74d8933f5,AN19.MIX.im1,Romanian,Romance,ship,sh ih p,0,sh,5.549734433869369e-09,22.965711200497136,6,6,0.006802721088435374
AN19-rec-14858caa24b74d8933f5:phone:3,AN19-rec-14858caa24b74d8933f5,AN19.MIX.im1,Romanian,Romance,ship,sh ih p,2,p,3.7650298368764624e-20,54.13894267404652,6,6,0.006802721088435374
AN19-rec-14935c780c6a19278d4f:phone:1,AN19-rec-14935c780c6a19278d4f,AN19.MIX.im5,Turkish,Turkic,soil,s oy l,0,s,0.004572918057020083,19.72535419154813,6,6,0.007246376811594203
AN19-rec-14935c780c6a19278d4f:phone:2,AN19-rec-14935c780c6a19278d4f,AN19.MIX.im5,Turkish,Turkic,soil,s oy l,1,oy,9.388013359519216e-11,52.43549345608222,6,6,0.007246376811594203
AN19-rec-14966ceffe711a0cb09c:phone:1,AN19-rec-14966ceffe711a0cb09c,AN19.MIX.im1,Romanian,Romance,rim,r ih m,0,r,7.2518800983981e-06,53.587480545377765,6,6,0.006802721088435374
AN19-rec-14a02170f9add27b8085:phone:2,AN19-rec-14a02170f9add27b8085,AN19.KOR.kf6,Korean,Koreanic,shape,sh ey p,1,ey,2.643805224606822e-08,24.25783618029117,6,6,0.007042253521126761
AN19-rec-14d1ebd8a793f1ed0296:phone:1,AN19-rec-14d1ebd8a793f1ed0296,AN19.KOR.km3,Korean,Koreanic,gave,g ey v,0,g,7.2821367679462595e-40,107.40038562991616,6,6,0.006666666666666667
AN19-rec-14e18ae632505c9512d5:phone:2,AN19-rec-14e18ae632505c9512d5,AN19.SPA.sm3,Spanish,Romance,noise,n oy z,1,oy,1.462262737891896e-11,44.75673373779724,6,6,0.0072992700729927005
AN19-rec-14e64aa79c59e3658914:phone:2,AN19-rec-14e64aa79c59e3658914,AN19.KOR.kf1,Korean,Koreanic,thing,th ih ng,1,ih,5.6951612491572714e-12,35.943136866436134,6,6,0.0072992700729927005
AN19-rec-14f26713f6353d91f7a7:phone:2,AN19-rec-14f26713f6353d91f7a7,AN19.SPA.sf5,Spanish,Romance,wash,w aa sh,1,aa,6.542893603555664e-05,27.934980482696435,6,6,0.007194244604316547
AN19-rec-1506a9387ff294c3d7fc:phone:3,AN19-rec-1506a9387ff294c3d7fc,AN19.MIX.if1,Albanian,Albanian,pad,p ae d,2,d,0.000439203018372484,13.257877460460582,6,6,0.0070921985815602835
AN19-rec-150820e8d371dfe4c3de:phone:1,AN19-rec-150820e8d371dfe4c3de,AN19.SPA.sf2,Spanish,Romance,cheer,ch ih r,0,ch,4.1697229513456984e-05,23.864032911592687,6,6,0.007246376811594203
AN19-rec-150820e8d371dfe4c3de:phone:3,AN19-rec-150820e8d371dfe4c3de,AN19.SPA.sf2,Spanish,Romance,cheer,ch ih r,2,r,0.01962006769707474,16.031817842732504,6,6,0.007246376811594203
AN19-rec-152adaa61efa8810da9f:phone:2,AN19-rec-152adaa61efa8810da9f,AN19.SPA.sm3,Spanish,Romance,bun,b ah n,1,ah,3.685012714836014e-12,35.21305967665568,6,6,0.0072992700729927005
AN19-rec-15434bbc81e2358561d3:phone:3,AN19-rec-15434bbc81e2358561d3,AN19.KOR.km2,Korean,Koreanic,toot,t uw t,2,t,0.0007711187013125601,15.394139429058294,6,6,0.006756756756756757
AN19-rec-1561e9d40005a0e610db:phone:1,AN19-rec-1561e9d40005a0e610db,AN19.SPA.sf1,Spanish,Romance,hoot,hh uw t,0,hh,1.2957130205683671e-05,32.855208227906814,6,6,0.006896551724137931
AN19-rec-1561e9d40005a0e610db:phone:3,AN19-rec-1561e9d40005a0e610db,AN19.SPA.sf1,Spanish,Romance,hoot,hh uw t,2,t,1.693454010154464e-12,34.61634265590264,6,6,0.006896551724137931
AN19-rec-1575885c528a2566474c:phone:1,AN19-rec-1575885c528a2566474c,AN19.MIX.if6,Somali,Afro-Asiatic,pool,p uw l,0,p,2.091568242175062e-05,19.732196640098078,6,6,0.007246376811594203
AN19-rec-1578265250923add06fc:phone:1,AN19-rec-1578265250923add06fc,AN19.KOR.kf1,Korean,Koreanic,jack,jh ae k,0,jh,0.00029244104997531837,13.490482709803803,6,6,0.0072992700729927005
AN19-rec-1578265250923add06fc:phone:3,AN19-rec-1578265250923add06fc,AN19.KOR.kf1,Korean,Koreanic,jack,jh ae k,2,k,2.9111426968903433e-12,41.25045022526015,6,6,0.0072992700729927005
AN19-rec-157a9bda430c1c6f6318:phone:1,AN19-rec-157a9bda430c1c6f6318,AN19.MIX.im6,Hindi,Indo-Aryan,path,p ae th,0,p,9.005118821115929e-25,76.62041514070582,6,6,0.006711409395973154
AN19-rec-157a9bda430c1c6f6318:phone:3,AN19-rec-157a9bda430c1c6f6318,AN19.MIX.im6,Hindi,Indo-Aryan,path,p ae th,2,th,1.654782670316484e-11,40.84352462455482,6,6,0.006711409395973154
AN19-rec-1587381fc0794a89e121:phone:1,AN19-rec-1587381fc0794a89e121,AN19.SPA.sm2,Spanish,Romance,shall,sh ae l,0,sh,0.029970023893919385,11.365925333858394,6,6,0.007042253521126761
AN19-rec-1587381fc0794a89e121:phone:2,AN19-rec-1587381fc0794a89e121,AN19.SPA.sm2,Spanish,Romance,shall,sh ae l,1,ae,1.4923818391337842e-07,25.960086366452032,6,6,0.007042253521126761
AN19-rec-158e8ce651327bc0dd38:phone:3,AN19-rec-158e8ce651327bc0dd38,AN19.MIX.im3,Russian,Slavic,lame,l ey m,2,m,0.00010492503708870517,27.47878004588924,6,6,0.006756756756756757
AN19-rec-1595f8141426268947dd:phone:3,AN19-rec-1595f8141426268947dd,AN19.KOR.km1,Korean,Koreanic,hack,hh ae k,2,k,1.0334651443064206e-22,64.19870387103072,6,6,0.0072992700729927005
AN19-rec-15a526908b47a709b059:phone:1,AN19-rec-15a526908b47a709b059,AN19.KOR.kf3,Korean,Koreanic,shop,sh aa p,0,sh,0.008356713777297109,12.989435447568354,6,6,0.007246376811594203
AN19-rec-15a526908b47a709b059:phone:2,AN19-rec-15a526908b47a709b059,AN19.KOR.kf3,Korean,Koreanic,shop,sh aa p,1,aa,0.011780607771067765,19.036910355098456,6,6,0.007246376811594203
AN19-rec-15a526908b47a709b059:phone:3,AN19-rec-15a526908b47a709b059,AN19.KOR.kf3,Korean,Koreanic,shop,sh aa p,2,p,0.0006526718854923784,38.12137140194727,6,6,0.007246376811594203
AN19-rec-15cb045e8890699e9839:phone:2,AN19-rec-15cb045e8890699e9839,AN19.KOR.km7,Korean,Koreanic,fool,f uw l,1,uw,6.9265611104312055e-06,20.1659446107449,6,6,0.006711409395973154
AN19-rec-15dcdcc4c533e92ade76:phone:3,AN19-rec-15dcdcc4c533e92ade76,AN19.SPA.sf3,Spanish,Romance,route,r uw t,2,t,9.729659756439659e-08,41.97545206112494,6,6,0.007246376811594203
AN19-rec-15ed95c43fb1f7bb9bdb:phone:1,AN19-rec-15ed95c43fb1f7bb9bdb,AN19.MIX.im4,Mandarin,Sino-Tibetan,thick,th ih k,0,th,4.413629826842831e-17,63.45960876419604,6,6,0.006993006993006993
AN19-rec-15ed95c43fb1f7bb9bdb:phone:2,AN19-rec-15ed95c43fb1f7bb9bdb,AN19.MIX.im4,Mandarin,Sino-Tibetan,thick,th ih k,1,ih,3.3601462303449155e-24,65.97479133575824,6,6,0.006993006993006993
AN19-rec-15ed95c43fb1f7bb9bdb:phone:3,AN19-rec-15ed95c43fb1f7bb9bdb,AN19.MIX.im4,Mandarin,Sino-Tibetan,thick,th ih k,2,k,2.6731123357048963e-10,56.38023702893653,6,6,0.006993006993006993
AN19-rec-15fdd912b87737543d74:phone:3,AN19-rec-15fdd912b87737543d74,AN19.MIX.im2,Bengali,Indo-Aryan,bum,b ah m,2,m,2.3142470106061252e-12,39.995350768355046,6,6,0.007246376811594203
AN19-rec-165b57f6644ed1c068cf:phone:1,AN19-rec-165b57f6644ed1c068cf,AN19.KOR.km8,Korean,Koreanic,girl,g er l,0,g,0.032402667698744746,18.841258869433837,6,6,0.006896551724137931
AN19-rec-1662fccba8064a3534d9:phone:1,AN19-rec-1662fccba8064a3534d9,AN19.KOR.kf1,Korean,Koreanic,gut,g ah t,0,g,5.491114450699261e-17,70.6740579654699,6,6,0.0072992700729927005
AN19-rec-1691ce29fdc3171e4023:phone:2,AN19-rec-1691ce29fdc3171e4023,AN19.SPA.sf3,Spanish,Romance,lace,l ey s,1,ey,1.9340392736991564e-08,23.51384859417281,6,6,0.007246376811594203
AN19-rec-169fdd92ecd4a9b6f20f:phone:1,AN19-rec-169fdd92ecd4a9b6f20f,AN19.KOR.km7,Korean,Koreanic,gave,g ey v,0,g,0.0004574923916975716,17.498960167710354,6,6,0.006711409395973154
AN19-rec-16bdf85594f5224bb6b5:phone:2,AN19-rec-16bdf85594f5224bb6b5,AN19.MIX.if2,Dutch,Germanic,size,s ay z,1,ay,0.00019902621476467405,21.23666137828024,6,6,0.006944444444444444
AN19-rec-16c538ab3a7c0f2c3cb7:phone:3,AN19-rec-16c538ab3a7c0f2c3cb7,AN19.SPA.sf5,Spanish,Romance,peace,p iy s,2,s,0.00023735391625179418,21.451561489933045,6,6,0.007194244604316547
AN19-rec-16d11b9e600bfef9e9ea:phone:2,AN19-rec-16d11b9e600bfef9e9ea,AN19.SPA.sm6,Spanish,Romance,size,s ay z,1,ay,0.0003206792729610398,19.629149107795705,6,6,0.006756756756756757
AN19-rec-16e8d9e5583b7596d3ee:phone:3,AN19-rec-16e8d9e5583b7596d3ee,AN19.SPA.sf5,Spanish,Romance,mouth,m aw th,2,th,3.361316102217669e-06,38.161651773081886,6,6,0.007194244604316547
AN19-rec-174eb5bf87e54caca6ce:phone:1,AN19-rec-174eb5bf87e54caca6ce,AN19.KOR.km1,Korean,Koreanic,den,d eh n,0,d,0.01299780902827298,64.9762892682101,6,6,0.0072992700729927005
AN19-rec-174eb5bf87e54caca6ce:phone:2,AN19-rec-174eb5bf87e54caca6ce,AN19.KOR.km1,Korean,Koreanic,den,d eh n,1,eh,2.2561707619773e-10,33.398181790400365,6,6,0.0072992700729927005
AN19-rec-17534569990a43d177df:phone:1,AN19-rec-17534569990a43d177df,AN19.KOR.kf2,Korean,Koreanic,con,k aa n,0,k,0.003823551034582461,14.335784378594283,6,6,0.0072992700729927005
AN19-rec-17534569990a43d177df:phone:2,AN19-rec-17534569990a43d177df,AN19.KOR.kf2,Korean,Koreanic,con,k aa n,1,aa,1.3400953959486161e-09,36.78253526510221,6,6,0.0072992700729927005
AN19-rec-175a6a6844a68a8bc55b:phone:2,AN19-rec-175a6a6844a68a8bc55b,AN19.KOR.kf5,Korean,Koreanic,vice,v ay s,1,ay,1.1275216534444402e-07,33.554854658802974,6,6,0.006993006993006993
AN19-rec-1775295bdb4f6436ee7b:phone:1,AN19-rec-1775295bdb4f6436ee7b,AN19.MIX.if4,German,Germanic,king,k ih ng,0,k,2.442740748875641e-19,47.32223522618028,6,6,0.0072992700729927005
AN19-rec-179e734f26be570b0e6c:phone:2,AN19-rec-179e734f26be570b0e6c,AN19.KOR.km7,Korean,Koreanic,watch,w aa ch,1,aa,4.4425669617307514e-05,40.97097271782411,6,6,0.006711409395973154
AN19-rec-17ab7c3425653c3f89c9:phone:1,AN19-rec-17ab7c3425653c3f89c9,AN19.MIX.if4,German,Germanic,mote,m ow t,0,m,1.4643444012715823e-05,42.37393093686714,6,6,0.0072992700729927005
AN19-rec-17ab7c3425653c3f89c9:phone:2,AN19-rec-17ab7c3425653c3f89c9,AN19.MIX.if4,German,Germanic,mote,m ow t,1,ow,2.2231695642330232e-12,32.37905793954264,6,6,0.0072992700729927005
AN19-rec-17ace442f21ff4e73874:phone:3,AN19-rec-17ace442f21ff4e73874,AN19.KOR.kf2,Korean,Koreanic,thought,th ao t,2,t,1.5089944934645651e-15,52.57330242528894,6,6,0.0072992700729927005
AN19-rec-17ae001ef6bd2266250f:phone:1,AN19-rec-17ae001ef6bd2266250f,AN19.SPA.sm2,Spanish,Romance,king,k ih ng,0,k,5.322063493993798e-06,24.47597338984905,6,6,0.007042253521126761
AN19-rec-17b19b5e322043cb27d7:phone:1,AN19-rec-17b19b5e322043cb27d7,AN19.SPA.sf6,Spanish,Romance,goat,g ow t,0,g,5.551006311988996e-12,36.01731322972554,6,6,0.007042253521126761
AN19-rec-17b19b5e322043cb27d7:phone:3,AN19-rec-17b19b5e322043cb27d7,AN19.SPA.sf6,Spanish,Romance,goat,g ow t,2,t,1.9960903939648712e-09,27.01325754429344,6,6,0.007042253521126761
AN19-rec-17b6136908634a921a3c:phone:1,AN19-rec-17b6136908634a921a3c,AN19.KOR.km2,Korean,Koreanic,fig,f ih g,0,f,3.3149234072922085e-11,43.89485230228595,6,6,0.006756756756756757
AN19-rec-17b6136908634a921a3c:phone:3,AN19-rec-17b6136908634a921a3c,AN19.KOR.km2,Korean,Koreanic,fig,f ih g,2,g,8.548410231386606e-14,55.30558194719004,6,6,0.006756756756756757
AN19-rec-17c15f5ad855459cf250:phone:1,AN19-rec-17c15f5ad855459cf250,AN19.MIX.if4,German,Germanic,theme,th iy m,0,th,0.00033066662082501447,25.80998667623993,6,6,0.0072992700729927005
AN19-rec-17c15f5ad855459cf250:phone:2,AN19-rec-17c15f5ad855459cf250,AN19.MIX.if4,German,Germanic,theme,th iy m,1,iy,0.0011320091390387514,19.647853673345367,6,6,0.0072992700729927005
AN19-rec-17c15f5ad855459cf250:phone:3,AN19-rec-17c15f5ad855459cf250,AN19.MIX.if4,German,Germanic,theme,th iy m,2,m,3.3970236503655116e-10,32.25371920936846,6,6,0.0072992700729927005
AN19-rec-17c44dfc100ca7e6f369:phone:2,AN19-rec-17c44dfc100ca7e6f369,AN19.KOR.km3,Korean,Koreanic,kit,k ih t,1,ih,2.2629368731164887e-20,52.1638318068369,6,6,0.006666666666666667
AN19-rec-18019c9ae9dc80d52974:phone:1,AN19-rec-18019c9ae9dc80d52974,AN19.KOR.km3,Korean,Koreanic,sane,s ey n,0,s,1.1901870031755442e-07,18.99151754567404,6,6,0.006666666666666667
AN19-rec-18019c9ae9dc80d52974:phone:2,AN19-rec-18019c9ae9dc80d52974,AN19.KOR.km3,Korean,Koreanic,sane,s ey n,1,ey,0.0007366240796602227,21.99104363199665,6,6,0.006666666666666667
AN19-rec-18034d4f03cba2867825:phone:2,AN19-rec-18034d4f03cba2867825,AN19.MIX.if3,French,Romance,rhyme,r ay m,1,ay,1.0696943454704316e-07,39.9393711793982,6,6,0.006993006993006993
AN19-rec-1808171ccf3a568dd22e:phone:2,AN19-rec-1808171ccf3a568dd22e,AN19.SPA.sm7,Spanish,Romance,wrong,r ao ng,1,ao,1.1225687232275507e-12,38.16237915969322,6,8,0.007352941176470588
AN19-rec-180c40396a4c06bf2400:phone:2,AN19-rec-180c40396a4c06bf2400,AN19.MIX.im6,Hindi,Indo-Aryan,rhyme,r ay m,1,ay,0.00033195270195948115,25.53303796762148,6,6,0.006711409395973154
AN19-rec-180c40396a4c06bf2400:phone:3,AN19-rec-180c40396a4c06bf2400,AN19.MIX.im6,Hindi,Indo-Aryan,rhyme,r ay m,2,m,5.183355765054744e-08,31.309409719763035,6,6,0.006711409395973154
AN19-rec-18124338986947dcaa98:phone:3,AN19-rec-18124338986947dcaa98,AN19.KOR.km3,Korean,Koreanic,serve,s er v,2,v,0.007622465671584668,16.861447529278006,6,6,0.006666666666666667
AN19-rec-1816740d76512ffed0a1:phone:1,AN19-rec-1816740d76512ffed0a1,AN19.KOR.km7,Korean,Koreanic,hoot,hh uw t,0,hh,6.435138417392361e-09,45.456716808088935,6,6,0.006711409395973154
AN19-rec-1816740d76512ffed0a1:phone:3,AN19-rec-1816740d76512ffed0a1,AN19.KOR.km7,Korean,Koreanic,hoot,hh uw t,2,t,4.25251828756901e-18,43.91185606224616,6,6,0.006711409395973154
AN19-rec-18411ccc2fe8503a00d6:phone:2,AN19-rec-18411ccc2fe8503a00d6,AN19.SPA.sf2,Spanish,Romance,den,d eh n,1,eh,8.730752305327859e-13,44.763150382371386,6,6,0.007246376811594203
AN19-rec-185b5bdef253cf7f60e9:phone:2,AN19-rec-185b5bdef253cf7f60e9,AN19.KOR.kf6,Korean,Koreanic,fool,f uw l,1,uw,6.114959899666395e-16,47.38308316739546,6,6,0.007042253521126761
AN19-rec-1863d68a4ff0e2b16143:phone:2,AN19-rec-1863d68a4ff0e2b16143,AN19.KOR.kf3,Korean,Koreanic,pull,p uh l,1,uh,9.462357877560939e-08,26.164603208947497,6,6,0.007246376811594203
AN19-rec-188e4d244734728932b3:phone:3,AN19-rec-188e4d244734728932b3,AN19.MIX.if2,Dutch,Germanic,dog,d ao g,2,g,1.3614666910618106e-37,105.5814955512686,6,6,0.006944444444444444
AN19-rec-18a9d4f41335873eb070:phone:1,AN19-rec-18a9d4f41335873eb070,AN19.KOR.kf4,Korean,Koreanic,gut,g ah t,0,g,9.28627202921749e-06,36.18567986087783,6,6,0.0070921985815602835
AN19-rec-18a9d4f41335873eb070:phone:3,AN19-rec-18a9d4f41335873eb070,AN19.KOR.kf4,Korean,Koreanic,gut,g ah t,2,t,3.385995888268239e-12,58.31622171270791,6,6,0.0070921985815602835
AN19-rec-18a9e4ddd19ffe20d3b0:phone:1,AN19-rec-18a9e4ddd19ffe20d3b0,AN19.SPA.sf4,Spanish,Romance,path,p ae th,0,p,2.481685780371115e-11,44.68723622163317,6,6,0.0070921985815602835
AN19-rec-18a9e4ddd19ffe20d3b0:phone:3,AN19-rec-18a9e4ddd19ffe20d3b0,AN19.SPA.sf4,Spanish,Romance,path,p ae th,2,th,4.204594616412569e-14,41.22915779761959,6,6,0.0070921985815602835
AN19-rec-18ab82cf2f8d58c04c2c:phone:3,AN19-rec-18ab82cf2f8d58c04c2c,AN19.SPA.sf6,Spanish,Romance,hash,hh ae sh,2,sh,7.217701859901969e-07,37.02505430525166,6,6,0.007042253521126761
AN19-rec-18ab8c1288ee76fdff1e:phone:3,AN19-rec-18ab8c1288ee76fdff1e,AN19.MIX.if4,German,Germanic,mum,m ah m,2,m,9.990375460978215e-06,28.518974527986376,6,6,0.0072992700729927005
AN19-rec-18c2bd087624386ac579:phone:3,AN19-rec-18c2bd087624386ac579,AN19.MIX.if2,Dutch,Germanic,white,w ay t,2,t,0.0001818545404326958,54.357419473009024,6,6,0.006944444444444444
AN19-rec-18c7bcd8ac4772ebfff8:phone:1,AN19-rec-18c7bcd8ac4772ebfff8,AN19.SPA.sm5,Spanish,Romance,rough,r ah f,0,r,0.011127268231736832,22.201662317222656,6,6,0.006896551724137931
AN19-rec-18d58e18a7dfa71b4386:phone:2,AN19-rec-18d58e18a7dfa71b4386,AN19.SPA.sm4,Spanish,Romance,caught,k aa t,1,aa,4.0949613389423595e-05,37.10776718215696,6,6,0.007194244604316547
AN19-rec-18e204d8ae4419d8cbcd:phone:2,AN19-rec-18e204d8ae4419d8cbcd,AN19.SPA.sm3,Spanish,Romance,kin,k ih n,1,ih,6.787573231252726e-15,39.82009771539583,6,6,0.0072992700729927005
AN19-rec-1921adf43dba116d6f90:phone:2,AN19-rec-1921adf43dba116d6f90,AN19.KOR.kf5,Korean,Koreanic,lad,l ae d,1,ae,0.0003669017889929233,9.808029718633769,6,6,0.006993006993006993
AN19-rec-192949d31ca17961d2b6:phone:1,AN19-rec-192949d31ca17961d2b6,AN19.SPA.sm4,Spanish,Romance,balm,b aa m,0,b,2.9436064146232e-13,70.42713781628696,6,6,0.007194244604316547
AN19-rec-192dbb51a8515f141578:phone:2,AN19-rec-192dbb51a8515f141578,AN19.KOR.km6,Korean,Koreanic,wife,w ay f,1,ay,1.2798294475021489e-05,40.07237496529672,6,6,0.007042253521126761
AN19-rec-193221bd89a9e0c067c1:phone:3,AN19-rec-193221bd89a9e0c067c1,AN19.SPA.sm4,Spanish,Romance,fin,f ih n,2,n,2.7079503904929134e-06,32.1394210471067,6,6,0.007194244604316547
AN19-rec-194d900377384999ce19:phone:1,AN19-rec-194d900377384999ce19,AN19.SPA.sm2,Spanish,Romance,firm,f er m,0,f,7.699202778942575e-06,24.357035672725164,6,6,0.007042253521126761
AN19-rec-194dfd3e5a905667104a:phone:1,AN19-rec-194dfd3e5a905667104a,AN19.SPA.sm6,Spanish,Romance,move,m uw v,0,m,2.493884915365866e-09,30.216467988987397,6,6,0.006756756756756757
AN19-rec-194dfd3e5a905667104a:phone:3,AN19-rec-194dfd3e5a905667104a,AN19.SPA.sm6,Spanish,Romance,move,m uw v,2,v,1.128371355245638e-09,28.395091316999597,6,6,0.006756756756756757
AN19-rec-1953c374319dab74afcf:phone:3,AN19-rec-1953c374319dab74afcf,AN19.KOR.kf5,Korean,Koreanic,white,w ay t,2,t,0.005672391262374776,64.04271528181158,6,6,0.006993006993006993
AN19-rec-195569c0c6df6225e549:phone:1,AN19-rec-195569c0c6df6225e549,AN19.KOR.km1,Korean,Koreanic,bean,b iy n,0,b,1.1368541443445192e-05,24.039435877596954,6,6,0.0072992700729927005
AN19-rec-1959cb12d4da3245ee5e:phone:1,AN19-rec-1959cb12d4da3245ee5e,AN19.SPA.sm7,Spanish,Romance,god,g aa d,0,g,1.4426486055080808e-26,75.32677544928309,6,6,0.007352941176470588
AN19-rec-197c68c1ac0299e7c35a:phone:2,AN19-rec-197c68c1ac0299e7c35a,AN19.SPA.sm2,Spanish,Romance,kin,k ih n,1,ih,9.145694331771566e-18,49.68391312073421,6,6,0.007042253521126761
AN19-rec-19825f4a1ab29ec979b9:phone:1,AN19-rec-19825f4a1ab29ec979b9,AN19.KOR.kf4,Korean,Koreanic,rim,r ih m,0,r,1.1210080619509628e-16,66.66231274800377,6,6,0.0070921985815602835
AN19-rec-1983d39ac2c2b7b2861d:phone:2,AN19-rec-1983d39ac2c2b7b2861d,AN19.SPA.sf1,Spanish,Romance,mace,m ey s,1,ey,6.660216914125838e-06,25.80122774832973,6,6,0.006896551724137931
AN19-rec-1983d39ac2c2b7b2861d:phone:3,AN19-rec-1983d39ac2c2b7b2861d,AN19.SPA.sf1,Spanish,Romance,mace,m ey s,2,s,3.0934099414808114e-09,41.56152103319673,6,6,0.006896551724137931
AN19-rec-19909417524fbe5f9049:phone:2,AN19-rec-19909417524fbe5f9049,AN19.MIX.if3,French,Romance,vice,v ay s,1,ay,0.0006484161959459223,25.647660880465,6,6,0.006993006993006993
AN19-rec-1997bbc5733e86b34978:phone:3,AN19-rec-1997bbc5733e86b34978,AN19.MIX.if2,Dutch,Germanic,beak,b iy k,2,k,8.22494016601527e-16,49.989579219535976,6,6,0.006944444444444444
AN19-rec-19a76c1a3900158bd0bf:phone:3,AN19-rec-19a76c1a3900158bd0bf,AN19.MIX.if6,Somali,Afro-Asiatic,hurl,hh er l,2,l,3.6507562912337834e-06,32.85493920491424,6,6,0.007246376811594203
AN19-rec-19a875811d320c95e58b:phone:3,AN19-rec-19a875811d320c95e58b,AN19.MIX.if4,German,Germanic,white,w ay t,2,t,2.7006191384147985e-09,47.2978809515155,6,6,0.0072992700729927005
AN19-rec-19b6117c2fcabd0e7910:phone:1,AN19-rec-19b6117c2fcabd0e7910,AN19.KOR.kf6,Korean,Koreanic,hid,hh ih d,0,hh,8.097615703840259e-16,48.31754725487131,6,6,0.007042253521126761
AN19-rec-19baaedd77a2612eb6e8:phone:2,AN19-rec-19baaedd77a2612eb6e8,AN19.KOR.kf5,Korean,Koreanic,long,l ao ng,1,ao,5.8963651332472404e-05,34.676444161168284,6,6,0.006993006993006993
AN19-rec-19baaedd77a2612eb6e8:phone:3,AN19-rec-19baaedd77a2612eb6e8,AN19.KOR.kf5,Korean,Koreanic,long,l ao ng,2,ng,2.908113778773105e-07,19.65132343787536,6,6,0.006993006993006993
AN19-rec-19bd7d18013edb06350c:phone:3,AN19-rec-19bd7d18013edb06350c,AN19.MIX.im2,Bengali,Indo-Aryan,dog,d ao g,2,g,0.0016157421660845772,46.49221902117296,6,6,0.007246376811594203
AN19-rec-19d3ba037b4e14dae58e:phone:1,AN19-rec-19d3ba037b4e14dae58e,AN19.MIX.if2,Dutch,Germanic,god,g aa d,0,g,2.2722780857596157e-08,38.16987798796549,6,6,0.006944444444444444
AN19-rec-19d9ed663e584bf61795:phone:2,AN19-rec-19d9ed663e584bf61795,AN19.SPA.sm5,Spanish,Romance,deep,d iy p,1,iy,0.015669468726580347,16.764102463882022,6,6,0.006896551724137931
AN19-rec-19d9ed663e584bf61795:phone:3,AN19-rec-19d9ed663e584bf61795,AN19.SPA.sm5,Spanish,Romance,deep,d iy p,2,p,0.00015428606645063783,28.297854338782628,6,6,0.006896551724137931
AN19-rec-19f931bcbf8f776d81b6:phone:2,AN19-rec-19f931bcbf8f776d81b6,AN19.SPA.sm4,Spanish,Romance,ban,b ae n,1,ae,2.3059374885343557e-09,21.518492809544277,6,6,0.007194244604316547
AN19-rec-1a0baf5a427125f6af46:phone:3,AN19-rec-1a0baf5a427125f6af46,AN19.SPA.sm5,Spanish,Romance,hurl,hh er l,2,l,6.0224464394043335e-09,33.93358206375053,6,6,0.006896551724137931
AN19-rec-1a140452f710cdbf1297:phone:2,AN19-rec-1a140452f710cdbf1297,AN19.KOR.km8,Korean,Koreanic,wrong,r ao ng,1,ao,0.005489203989516195,26.835583564623647,6,8,0.006896551724137931
AN19-rec-1a266c866c0343802a90:phone:2,AN19-rec-1a266c866c0343802a90,AN19.KOR.kf6,Korean,Koreanic,bead,b iy d,1,iy,3.642953287128421e-09,28.211185120403723,6,6,0.007042253521126761
AN19-rec-1a266c866c0343802a90:phone:3,AN19-rec-1a266c866c0343802a90,AN19.KOR.kf6,Korean,Koreanic,bead,b iy d,2,d,0.0004232134578952438,23.33951814737415,6,6,0.007042253521126761
AN19-rec-1a2d94f64fb4f6234468:phone:2,AN19-rec-1a2d94f64fb4f6234468,AN19.SPA.sm7,Spanish,Romance,pull,p uh l,1,uh,4.4596431560958543e-11,32.89400010709614,6,6,0.007352941176470588
AN19-rec-1a2f802bafd7c38faa55:phone:2,AN19-rec-1a2f802bafd7c38faa55,AN19.KOR.km6,Korean,Koreanic,teat,t iy t,1,iy,2.6590447075427654e-08,30.5410232129575,6,6,0.007042253521126761
AN19-rec-1a2fb3bd3f308255ffa5:phone:1,AN19-rec-1a2fb3bd3f308255ffa5,AN19.MIX.im2,Bengali,Indo-Aryan,king,k ih ng,0,k,4.925838094740083e-08,27.887363867586743,6,6,0.007246376811594203
AN19-rec-1a3939a22d963c350b09:phone:2,AN19-rec-1a3939a22d963c350b09,AN19.SPA.sm2,Spanish,Romance,bead,b iy d,1,iy,7.501499022510405e-16,40.913444549942135,6,6,0.007042253521126761
AN19-rec-1a63bbaf82b03853b4b3:phone:1,AN19-rec-1a63bbaf82b03853b4b3,AN19.KOR.kf2,Korean,Koreanic,five,f ay v,0,f,1.7110253382412655e-09,52.78019247299644,6,6,0.0072992700729927005
AN19-rec-1a76e097b61e9b0303fa:phone:2,AN19-rec-1a76e097b61e9b0303fa,AN19.SPA.sf5,Spanish,Romance,shape,sh ey p,1,ey,0.016458633584403866,14.33689541877729,6,6,0.007194244604316547
AN19-rec-1a83c366d7439a349759:phone:1,AN19-rec-1a83c366d7439a349759,AN19.KOR.km1,Korean,Koreanic,hoot,hh uw t,0,hh,4.006049749680005e-12,41.7518368059184,6,6,0.0072992700729927005
AN19-rec-1a83c366d7439a349759:phone:3,AN19-rec-1a83c366d7439a349759,AN19.KOR.km1,Korean,Koreanic,hoot,hh uw t,2,t,1.0634410912013387e-09,39.76848066127917,6,6,0.0072992700729927005
AN19-rec-1a8fc56a8d61dd39efe1:phone:1,AN19-rec-1a8fc56a8d61dd39efe1,AN19.KOR.km7,Korean,Koreanic,cheer,ch ih r,0,ch,0.0002623147234971113,16.9189117476659,6,6,0.006711409395973154
AN19-rec-1a8fc56a8d61dd39efe1:phone:3,AN19-rec-1a8fc56a8d61dd39efe1,AN19.KOR.km7,Korean,Koreanic,cheer,ch ih r,2,r,0.0044864277327954505,17.955612584053295,6,6,0.006711409395973154
AN19-rec-1aae4e7435e2a7780dcb:phone:3,AN19-rec-1aae4e7435e2a7780dcb,AN19.MIX.if1,Albanian,Albanian,gas,g ae s,2,s,4.5742475525997857e-07,24.647196650233607,6,6,0.0070921985815602835
AN19-rec-1ac4d7054dbd539f3ae4:phone:3,AN19-rec-1ac4d7054dbd539f3ae4,AN19.MIX.im6,Hindi,Indo-Aryan,dog,d ao g,2,g,0.00022793092286044843,41.88919432904953,6,6,0.006711409395973154
AN19-rec-1ac52787dc53961896bc:phone:2,AN19-rec-1ac52787dc53961896bc,AN19.KOR.km8,Korean,Koreanic,ban,b ae n,1,ae,5.8009266776829665e-05,10.23426374196224,6,6,0.006896551724137931
AN19-rec-1acbc39eae64adf10713:phone:2,AN19-rec-1acbc39eae64adf10713,AN19.MIX.im4,Mandarin,Sino-Tibetan,size,s ay z,1,ay,0.001639591191559633,19.746896325856408,6,6,0.006993006993006993
AN19-rec-1af0583e3d39351f7815:phone:1,AN19-rec-1af0583e3d39351f7815,AN19.SPA.sm4,Spanish,Romance,pawn,p ao n,0,p,1.5170376279119077e-06,22.926363264528806,6,6,0.007194244604316547
AN19-rec-1af74ef5163dc86446b9:phone:1,AN19-rec-1af74ef5163dc86446b9,AN19.MIX.if1,Albanian,Albanian,rim,r ih m,0,r,5.439499596717693e-13,59.35929455049595,6,6,0.0070921985815602835
AN19-rec-1b1dfecbf74f2bb334f0:phone:1,AN19-rec-1b1dfecbf74f2bb334f0,AN19.KOR.km8,Korean,Koreanic,dune,d uw n,0,d,1.9270085590293293e-10,37.60362144699462,6,6,0.006896551724137931
AN19-rec-1b1f52b5fbbdd9e1af65:phone:3,AN19-rec-1b1f52b5fbbdd9e1af65,AN19.MIX.im1,Romanian,Romance,mouth,m aw th,2,th,3.2342743815214282e-09,48.14441294132053,6,6,0.006802721088435374
AN19-rec-1b20ff91b5df97e976dd:phone:3,AN19-rec-1b20ff91b5df97e976dd,AN19.KOR.kf6,Korean,Koreanic,thought,th ao t,2,t,8.368308709782344e-14,51.52306793144101,6,6,0.007042253521126761
AN19-rec-1b30ea66a1b7fe977985:phone:2,AN19-rec-1b30ea66a1b7fe977985,AN19.KOR.kf5,Korean,Koreanic,fade,f ey d,1,ey,0.001998318313700965,17.350034038596515,6,6,0.006993006993006993
AN19-rec-1b427e77920c0c642802:phone:1,AN19-rec-1b427e77920c0c642802,AN19.KOR.kf6,Korean,Koreanic,hoot,hh uw t,0,hh,0.0001530540757524355,32.188018162070385,6,6,0.007042253521126761
AN19-rec-1b427e77920c0c642802:phone:3,AN19-rec-1b427e77920c0c642802,AN19.KOR.kf6,Korean,Koreanic,hoot,hh uw t,2,t,7.666659725125796e-11,50.03925728489202,6,6,0.007042253521126761
AN19-rec-1b44af592bd69df44058:phone:1,AN19-rec-1b44af592bd69df44058,AN19.KOR.km3,Korean,Koreanic,mote,m ow t,0,m,1.2624345109294168e-10,33.658900716163295,6,6,0.006666666666666667
AN19-rec-1b549ae6d832b3821e06:phone:2,AN19-rec-1b549ae6d832b3821e06,AN19.SPA.sf1,Spanish,Romance,voice,v oy s,1,oy,7.165355746350627e-11,41.2650090000792,6,6,0.006896551724137931
AN19-rec-1b58b491d1dcae5cc979:phone:2,AN19-rec-1b58b491d1dcae5cc979,AN19.KOR.km3,Korean,Koreanic,kin,k ih n,1,ih,2.9474531276779025e-09,25.8668287767362,6,6,0.006666666666666667
AN19-rec-1b813aa404b1366e5366:phone:3,AN19-rec-1b813aa404b1366e5366,AN19.MIX.im5,Turkish,Turkic,thought,th ao t,2,t,6.910842892116791e-13,48.34672021469593,6,6,0.007246376811594203
AN19-rec-1b851827fa1fa8ba406a:phone:1,AN19-rec-1b851827fa1fa8ba406a,AN19.KOR.kf5,Korean,Koreanic,bean,b iy n,0,b,9.759299589543853e-08,37.47168157670228,6,6,0.006993006993006993
AN19-rec-1b851827fa1fa8ba406a:phone:2,AN19-rec-1b851827fa1fa8ba406a,AN19.KOR.kf5,Korean,Koreanic,bean,b iy n,1,iy,1.7057745888112454e-06,18.781776214423186,6,6,0.006993006993006993
AN19-rec-1b853469c23b16ebb51f:phone:1,AN19-rec-1b853469c23b16ebb51f,AN19.MIX.if5,Japanese,Japonic,goat,g ow t,0,g,8.670534940997279e-12,74.25386493078028,6,6,0.006711409395973154
AN19-rec-1b95fad7b552a65dcab6:phone:1,AN19-rec-1b95fad7b552a65dcab6,AN19.KOR.kf3,Korean,Koreanic,gave,g ey v,0,g,1.9639518245356463e-05,20.464039068246155,6,6,0.007246376811594203
AN19-rec-1b98377e63cfd4d4b42a:phone:3,AN19-rec-1b98377e63cfd4d4b42a,AN19.SPA.sm5,Spanish,Romance,beak,b iy k,2,k,4.07504922465666e-12,49.5606238267145,6,6,0.006896551724137931
AN19-rec-1ba8f28845a9a6e36c86:phone:1,AN19-rec-1ba8f28845a9a6e36c86,AN19.SPA.sm4,Spanish,Romance,ship,sh ih p,0,sh,0.016382993011691604,5.2551821331254365,6,6,0.007194244604316547
AN19-rec-1ba8f28845a9a6e36c86:phone:3,AN19-rec-1ba8f28845a9a6e36c86,AN19.SPA.sm4,Spanish,Romance,ship,sh ih p,2,p,1.2614854852525119e-18,74.93093644025818,6,6,0.007194244604316547
AN19-rec-1bac3fd4cdd48cb97058:phone:2,AN19-rec-1bac3fd4cdd48cb97058,AN19.SPA.sm4,Spanish,Romance,vice,v ay s,1,ay,9.355140126140282e-05,23.25876154300097,6,6,0.007194244604316547
AN19-rec-1bd87f6cf8ce14b2cb9c:phone:2,AN19-rec-1bd87f6cf8ce14b2cb9c,AN19.SPA.sm4,Spanish,Romance,was,w aa z,1,aa,1.398608430102879e-09,49.09031984725513,6,6,0.007194244604316547
AN19-rec-1bfbd91c5efb10206a0f:phone:1,AN19-rec-1bfbd91c5efb10206a0f,AN19.SPA.sf5,Spanish,Romance,food,f uw d,0,f,2.580919812090742e-07,30.085337527866702,6,6,0.007194244604316547
AN19-rec-1c0050d6b3745cf933e7:phone:1,AN19-rec-1c0050d6b3745cf933e7,AN19.KOR.km3,Korean,Koreanic,firm,f er m,0,f,2.020742927466399e-09,59.268426196703984,6,6,0.006666666666666667
AN19-rec-1c096866df805faf8b48:phone:2,AN19-rec-1c096866df805faf8b48,AN19.MIX.if3,French,Romance,rut,r ah t,1,ah,6.266810176496367e-24,80.0187595356444,6,6,0.006993006993006993
AN19-rec-1c30c2d4ae9179b0c578:phone:1,AN19-rec-1c30c2d4ae9179b0c578,AN19.SPA.sf6,Spanish,Romance,shop,sh aa p,0,sh,6.382006231516461e-05,20.035868030630848,6,6,0.007042253521126761
AN19-rec-1c30c2d4ae9179b0c578:phone:2,AN19-rec-1c30c2d4ae9179b0c578,AN19.SPA.sf6,Spanish,Romance,shop,sh aa p,1,aa,1.703488883554913e-06,36.43136707167722,6,6,0.007042253521126761
AN19-rec-1c30c2d4ae9179b0c578:phone:3,AN19-rec-1c30c2d4ae9179b0c578,AN19.SPA.sf6,Spanish,Romance,shop,sh aa p,2,p,0.009632119099762367,34.55541185371028,6,6,0.007042253521126761
AN19-rec-1c37313a43c144ee75a6:phone:1,AN19-rec-1c37313a43c144ee75a6,AN19.KOR.kf5,Korean,Koreanic,both,b ow th,0,b,2.0853352427807222e-05,25.23611020918693,6,6,0.006993006993006993
AN19-rec-1c37313a43c144ee75a6:phone:3,AN19-rec-1c37313a43c144ee75a6,AN19.KOR.kf5,Korean,Koreanic,both,b ow th,2,th,1.2564194208341784e-08,32.14584845060418,6,6,0.006993006993006993
AN19-rec-1c4452e9cf2b074e4f0e:phone:2,AN19-rec-1c4452e9cf2b074e4f0e,AN19.MIX.im6,Hindi,Indo-Aryan,wash,w aa sh,1,aa,3.5154131586004027e-06,25.608933688617245,6,6,0.006711409395973154
AN19-rec-1c4dab931b44252bf6cc:phone:2,AN19-rec-1c4dab931b44252bf6cc,AN19.MIX.im3,Russian,Slavic,ban,b ae n,1,ae,1.1688130934138581e-05,12.303776281872834,6,6,0.006756756756756757
AN19-rec-1c5b570aef8f332087a0:phone:2,AN19-rec-1c5b570aef8f332087a0,AN19.KOR.km1,Korean,Koreanic,neck,n eh k,1,eh,6.456244044945226e-15,69.44509696365328,6,6,0.0072992700729927005
AN19-rec-1c9de4303853b69d113b:phone:1,AN19-rec-1c9de4303853b69d113b,AN19.KOR.km3,Korean,Koreanic,job,jh aa b,0,jh,0.00021605182454284297,55.31073492695694,6,6,0.006666666666666667
AN19-rec-1c9de4303853b69d113b:phone:3,AN19-rec-1c9de4303853b69d113b,AN19.KOR.km3,Korean,Koreanic,job,jh aa b,2,b,8.236092765862611e-11,41.79340961831929,6,6,0.006666666666666667
AN19-rec-1cf04b407227fe826c15:phone:2,AN19-rec-1cf04b407227fe826c15,AN19.MIX.im4,Mandarin,Sino-Tibetan,kit,k ih t,1,ih,0.04051532242135481,25.8291011447504,6,6,0.006993006993006993
AN19-rec-1d08f87df72a63fb3ea9:phone:1,AN19-rec-1d08f87df72a63fb3ea9,AN19.KOR.km8,Korean,Koreanic,path,p ae th,0,p,0.026888571770127007,27.855588005669247,6,6,0.006896551724137931
AN19-rec-1d08f87df72a63fb3ea9:phone:3,AN19-rec-1d08f87df72a63fb3ea9,AN19.KOR.km8,Korean,Koreanic,path,p ae th,2,th,6.855363677466772e-09,22.93944656460773,6,6,0.006896551724137931
AN19-rec-1d19146be64fad14d96f:phone:2,AN19-rec-1d19146be64fad14d96f,AN19.SPA.sm4,Spanish,Romance,watch,w aa ch,1,aa,0.006490794869078362,33.67496997987106,6,6,0.007194244604316547
AN19-rec-1d1dc9e14284a56b2951:phone:2,AN19-rec-1d1dc9e14284a56b2951,AN19.KOR.km8,Korean,Koreanic,learn,l er n,1,er,2.8625680887748507e-06,21.65905235293188,6,6,0.006896551724137931
AN19-rec-1d21c79a16ac3b6e949f:phone:1,AN19-rec-1d21c79a16ac3b6e949f,AN19.KOR.kf6,Korean,Koreanic,shop,sh aa p,0,sh,0.009296975644391218,13.36712670086151,6,6,0.007042253521126761
AN19-rec-1d21c79a16ac3b6e949f:phone:2,AN19-rec-1d21c79a16ac3b6e949f,AN19.KOR.kf6,Korean,Koreanic,shop,sh aa p,1,aa,0.0009372160537620407,17.66583353761958,6,6,0.007042253521126761
AN19-rec-1d51c46a3fee0661050e:phone:1,AN19-rec-1d51c46a3fee0661050e,AN19.MIX.im2,Bengali,Indo-Aryan,rim,r ih m,0,r,8.732736628792038e-10,50.21120273974299,6,6,0.007246376811594203
AN19-rec-1d57928f4ce21bed47f8:phone:2,AN19-rec-1d57928f4ce21bed47f8,AN19.KOR.km8,Korean,Koreanic,shape,sh ey p,1,ey,7.956196208845256e-17,56.58920088373839,6,6,0.006896551724137931
AN19-rec-1d5c4256e4254b03d0a4:phone:2,AN19-rec-1d5c4256e4254b03d0a4,AN19.SPA.sf3,Spanish,Romance,mat,m ae t,1,ae,0.0009413171436152822,21.02178783033397,6,6,0.007246376811594203
AN19-rec-1d5dd813e8f28e32332e:phone:3,AN19-rec-1d5dd813e8f28e32332e,AN19.MIX.im4,Mandarin,Sino-Tibetan,route,r uw t,2,t,2.3413158898201438e-07,51.46812155466847,6,6,0.006993006993006993
AN19-rec-1d5ecdebb46c1e248336:phone:1,AN19-rec-1d5ecdebb46c1e248336,AN19.SPA.sf1,Spanish,Romance,shall,sh ae l,0,sh,2.390971242037117e-05,15.264369522309792,6,6,0.006896551724137931
AN19-rec-1d5ecdebb46c1e248336:phone:2,AN19-rec-1d5ecdebb46c1e248336,AN19.SPA.sf1,Spanish,Romance,shall,sh ae l,1,ae,4.96590709492585e-05,27.118814388898542,6,6,0.006896551724137931
AN19-rec-1d8517d6af00fe1fe4ed:phone:1,AN19-rec-1d8517d6af00fe1fe4ed,AN19.KOR.km6,Korean,Koreanic,cheer,ch ih r,0,ch,0.004890255127195992,16.509051668881483,6,6,0.007042253521126761
AN19-rec-1d8517d6af00fe1fe4ed:phone:3,AN19-rec-1d8517d6af00fe1fe4ed,AN19.KOR.km6,Korean,Koreanic,cheer,ch ih r,2,r,0.04366444152828086,16.64567285737344,6,6,0.007042253521126761
AN19-rec-1da81c7c86a057fdc834:phone:1,AN19-rec-1da81c7c86a057fdc834,AN19.KOR.kf5,Korean,Koreanic,thick,th ih k,0,th,1.2528598062240242e-14,79.77592503754566,6,6,0.006993006993006993
AN19-rec-1da81c7c86a057fdc834:phone:3,AN19-rec-1da81c7c86a057fdc834,AN19.KOR.kf5,Korean,Koreanic,thick,th ih k,2,k,1.8812542312139737e-12,71.0432394966041,6,6,0.006993006993006993
AN19-rec-1daf0044c7d01079e65f:phone:2,AN19-rec-1daf0044c7d01079e65f,AN19.MIX.im2,Bengali,Indo-Aryan,lace,l ey s,1,ey,0.0002066258784222563,27.464731853733024,6,6,0.007246376811594203
AN19-rec-1db46710e8155d2b97e7:phone:1,AN19-rec-1db46710e8155d2b97e7,AN19.SPA.sm4,Spanish,Romance,dune,d uw n,0,d,0.00028518525760224886,22.36700029879883,6,6,0.007194244604316547
AN19-rec-1dcd2a8eea27d4f177fc:phone:1,AN19-rec-1dcd2a8eea27d4f177fc,AN19.KOR.km7,Korean,Koreanic,hid,hh ih d,0,hh,5.7332693699072066e-30,89.29638700792343,6,6,0.006711409395973154
AN19-rec-1dd8c09147957c9ec444:phone:1,AN19-rec-1dd8c09147957c9ec444,AN19.MIX.im5,Turkish,Turkic,mote,m ow t,0,m,6.77947437386754e-07,51.25794904318576,6,6,0.007246376811594203
AN19-rec-1dda7ce6077eb3603adc:phone:3,AN19-rec-1dda7ce6077eb3603adc,AN19.MIX.im5,Turkish,Turkic,beak,b iy k,2,k,4.242604549187364e-10,34.492613455376194,6,6,0.007246376811594203
AN19-rec-1de899ecd8eb82f95bee:phone:2,AN19-rec-1de899ecd8eb82f95bee,AN19.MIX.im5,Turkish,Turkic,sill,s ih l,1,ih,4.417638205373656e-06,25.660611451955244,6,6,0.007246376811594203
AN19-rec-1dec3959c65aa2abe221:phone:1,AN19-rec-1dec3959c65aa2abe221,AN19.KOR.kf4,Korean,Koreanic,rough,r ah f,0,r,2.339353551995671e-11,32.99010649100973,6,6,0.0070921985815602835
AN19-rec-1e129a945ff076ddadb6:phone:2,AN19-rec-1e129a945ff076ddadb6,AN19.SPA.sf2,Spanish,Romance,caught,k aa t,1,aa,0.0010567961967358952,69.74225642691233,6,6,0.007246376811594203
AN19-rec-1e351e3bc28d8e76b24c:phone:2,AN19-rec-1e351e3bc28d8e76b24c,AN19.SPA.sm7,Spanish,Romance,thick,th ih k,1,ih,6.160445201030847e-13,57.701094553715386,6,6,0.007352941176470588
AN19-rec-1e4ab80f1f73fe5d1cdd:phone:1,AN19-rec-1e4ab80f1f73fe5d1cdd,AN19.SPA.sf1,Spanish,Romance,fig,f ih g,0,f,4.5076114850088544e-10,74.55023441321869,6,6,0.006896551724137931
AN19-rec-1e4ab80f1f73fe5d1cdd:phone:3,AN19-rec-1e4ab80f1f73fe5d1cdd,AN19.SPA.sf1,Spanish,Romance,fig,f ih g,2,g,3.071017786653538e-12,35.001001320886225,6,6,0.006896551724137931
AN19-rec-1e6e1390d3f30fed790f:phone:2,AN19-rec-1e6e1390d3f30fed790f,AN19.SPA.sm2,Spanish,Romance,vice,v ay s,1,ay,8.665269775671037e-05,27.613907846140137,6,6,0.007042253521126761
AN19-rec-1e7187c95ef35574358e:phone:2,AN19-rec-1e7187c95ef35574358e,AN19.SPA.sm6,Spanish,Romance,theme,th iy m,1,iy,4.9859464694229455e-06,20.92718991224427,6,6,0.006756756756756757
AN19-rec-1e84aef0e3f3d5245fb9:phone:1,AN19-rec-1e84aef0e3f3d5245fb9,AN19.MIX.if5,Japanese,Japonic,curve,k er v,0,k,2.553005328237262e-06,29.205616130828822,6,6,0.006711409395973154
AN19-rec-1e84aef0e3f3d5245fb9:phone:3,AN19-rec-1e84aef0e3f3d5245fb9,AN19.MIX.if5,Japanese,Japonic,curve,k er v,2,v,4.39175450370625e-05,14.843125564028616,6,6,0.006711409395973154
AN19-rec-1e8994c0cd851cfc0ba3:phone:2,AN19-rec-1e8994c0cd851cfc0ba3,AN19.MIX.im1,Romanian,Romance,wed,w eh d,1,eh,6.993845908379898e-19,65.93911000755237,6,6,0.006802721088435374
AN19-rec-1e909c2bacafb11bb52c:phone:2,AN19-rec-1e909c2bacafb11bb52c,AN19.SPA.sf1,Spanish,Romance,bean,b iy n,1,iy,5.152725704910575e-08,20.56320530337628,6,6,0.006896551724137931
AN19-rec-1e9d317a34dbaad341de:phone:2,AN19-rec-1e9d317a34dbaad341de,AN19.SPA.sf5,Spanish,Romance,live,l ay v,1,ay,3.982545700649404e-18,56.99362402233623,6,6,0.007194244604316547
AN19-rec-1eb25568ea72ba871779:phone:2,AN19-rec-1eb25568ea72ba871779,AN19.MIX.if5,Japanese,Japonic,lad,l ae d,1,ae,6.822626525561445e-05,14.492402803501166,6,6,0.006711409395973154
AN19-rec-1eb40ea3a30971554893:phone:1,AN19-rec-1eb40ea3a30971554893,AN19.MIX.if6,Somali,Afro-Asiatic,hid,hh ih d,0,hh,0.029642017415734637,27.418539058992184,6,6,0.007246376811594203
AN19-rec-1eb40ea3a30971554893:phone:3,AN19-rec-1eb40ea3a30971554893,AN19.MIX.if6,Somali,Afro-Asiatic,hid,hh ih d,2,d,0.0014674903881133083,40.03978319906014,6,6,0.007246376811594203
AN19-rec-1eb8b01f0936a2a422f5:phone:1,AN19-rec-1eb8b01f0936a2a422f5,AN19.SPA.sf6,Spanish,Romance,girl,g er l,0,g,9.74475266557954e-11,33.241840120773986,6,6,0.007042253521126761
AN19-rec-1edede626109073957de:phone:2,AN19-rec-1edede626109073957de,AN19.MIX.if1,Albanian,Albanian,wail,w ey l,1,ey,1.6249336086191812e-09,36.82096860959087,6,6,0.0070921985815602835
AN19-rec-1ee526fdc9342ac563a5:phone:1,AN19-rec-1ee526fdc9342ac563a5,AN19.SPA.sf5,Spanish,Romance,weed,w iy d,0,w,8.901228225380475e-06,48.23484943949533,6,6,0.007194244604316547
AN19-rec-1ee526fdc9342ac563a5:phone:2,AN19-rec-1ee526fdc9342ac563a5,AN19.SPA.sf5,Spanish,Romance,weed,w iy d,1,iy,5.39793606707645e-06,20.552727257991368,6,6,0.007194244604316547
AN19-rec-1effd65269aeb88d7a7f:phone:1,AN19-rec-1effd65269aeb88d7a7f,AN19.KOR.km8,Korean,Koreanic,pawn,p ao n,0,p,1.5161319882137846e-42,105.48611030239486,6,6,0.006896551724137931
AN19-rec-1f00dd1bc56e58ebed9e:phone:1,AN19-rec-1f00dd1bc56e58ebed9e,AN19.KOR.kf5,Korean,Koreanic,balm,b aa m,0,b,2.3228641765652326e-22,64.17463126282205,6,6,0.006993006993006993
AN19-rec-1f34aae57f87b0fa1d36:phone:1,AN19-rec-1f34aae57f87b0fa1d36,AN19.MIX.if6,Somali,Afro-Asiatic,goat,g ow t,0,g,1.7951700683933086e-13,32.70703079155966,6,6,0.007246376811594203
AN19-rec-1f34aae57f87b0fa1d36:phone:3,AN19-rec-1f34aae57f87b0fa1d36,AN19.MIX.if6,Somali,Afro-Asiatic,goat,g ow t,2,t,1.2420082512301431e-11,34.43690639310389,6,6,0.007246376811594203
AN19-rec-1f37c8d70d4a9acd2742:phone:2,AN19-rec-1f37c8d70d4a9acd2742,AN19.MIX.if6,Somali,Afro-Asiatic,deep,d iy p,1,iy,3.931013900372006e-06,19.19428785412215,6,6,0.007246376811594203
AN19-rec-1f37c8d70d4a9acd2742:phone:3,AN19-rec-1f37c8d70d4a9acd2742,AN19.MIX.if6,Somali,Afro-Asiatic,deep,d iy p,2,p,1.7304459822919987e-05,26.5764276909204,6,6,0.007246376811594203
AN19-rec-1f418b4bc92a918e40d8:phone:1,AN19-rec-1f418b4bc92a918e40d8,AN19.MIX.im2,Bengali,Indo-Aryan,bean,b iy n,0,b,5.407162421974051e-16,42.93531548351973,6,6,0.007246376811594203
AN19-rec-1f418b4bc92a918e40d8:phone:2,AN19-rec-1f418b4bc92a918e40d8,AN19.MIX.im2,Bengali,Indo-Aryan,bean,b iy n,1,iy,2.085470190443108e-09,33.74864819358233,6,6,0.007246376811594203
AN19-rec-1f4190f5149f45cbbb1d:phone:3,AN19-rec-1f4190f5149f45cbbb1d,AN19.MIX.im4,Mandarin,Sino-Tibetan,hurl,hh er l,2,l,1.172614461000789e-20,64.34036110662227,6,6,0.006993006993006993
AN19-rec-1f519e1f001cb184d5b6:phone:2,AN19-rec-1f519e1f001cb184d5b6,AN19.MIX.im5,Turkish,Turkic,lad,l ae d,1,ae,4.1927893295720485e-23,61.70301630556591,6,6,0.007246376811594203
AN19-rec-1f5b2118a64341509489:phone:2,AN19-rec-1f5b2118a64341509489,AN19.KOR.kf3,Korean,Koreanic,learn,l er n,1,er,3.4886795887478004e-05,22.084004389604548,6,6,0.007246376811594203
AN19-rec-1f642dd003bf30934cc4:phone:1,AN19-rec-1f642dd003bf30934cc4,AN19.MIX.if6,Somali,Afro-Asiatic,hack,hh ae k,0,hh,0.01985343574642158,7.549785613470013,6,6,0.007246376811594203
AN19-rec-1f642dd003bf30934cc4:phone:3,AN19-rec-1f642dd003bf30934cc4,AN19.MIX.if6,Somali,Afro-Asiatic,hack,hh ae k,2,k,1.6719970757505855e-05,20.133037557833664,6,6,0.007246376811594203
AN19-rec-1f7a983b0346e613ae45:phone:1,AN19-rec-1f7a983b0346e613ae45,AN19.MIX.if1,Albanian,Albanian,ship,sh ih p,0,sh,5.074378236835384e-05,14.161190206108207,6,6,0.0070921985815602835
AN19-rec-1f7a983b0346e613ae45:phone:3,AN19-rec-1f7a983b0346e613ae45,AN19.MIX.if1,Albanian,Albanian,ship,sh ih p,2,p,4.3452162904419296e-21,69.48638337912388,6,6,0.0070921985815602835
AN19-rec-1f816ea4b66dd8268eda:phone:2,AN19-rec-1f816ea4b66dd8268eda,AN19.MIX.im5,Turkish,Turkic,lace,l ey s,1,ey,0.0031445006004057006,18.53953134365332,6,6,0.007246376811594203
AN19-rec-1f8737975168c5f30c1a:phone:2,AN19-rec-1f8737975168c5f30c1a,AN19.SPA.sf3,Spanish,Romance,caught,k aa t,1,aa,7.982687722778228e-15,48.36194349460607,6,6,0.007246376811594203
AN19-rec-1f8d76a9df1613f25fa4:phone:3,AN19-rec-1f8d76a9df1613f25fa4,AN19.SPA.sm7,Spanish,Romance,serve,s er v,2,v,7.570974607333158e-06,17.8633208059199,6,6,0.007352941176470588
AN19-rec-1f8e81eb073fe6896c8a:phone:3,AN19-rec-1f8e81eb073fe6896c8a,AN19.MIX.im1,Romanian,Romance,fig,f ih g,2,g,4.311956416729162e-08,55.32206230930785,6,6,0.006802721088435374
AN19-rec-1f91b7954107f8b46f29:phone:3,AN19-rec-1f91b7954107f8b46f29,AN19.MIX.if6,Somali,Afro-Asiatic,lame,l ey m,2,m,2.5284900085781756e-05,24.2745644596334,6,6,0.007246376811594203
AN19-rec-1f96365f48cdadd67c6b:phone:3,AN19-rec-1f96365f48cdadd67c6b,AN19.KOR.kf6,Korean,Koreanic,lame,l ey m,2,m,1.2660535669919258e-05,25.203017401316725,6,6,0.007042253521126761
AN19-rec-1f966e67f790a3db4dfb:phone:3,AN19-rec-1f966e67f790a3db4dfb,AN19.MIX.im2,Bengali,Indo-Aryan,pad,p ae d,2,d,7.083802465330509e-49,124.48485694945354,6,6,0.007246376811594203
AN19-rec-1f9d77a35a41d485eaa5:phone:2,AN19-rec-1f9d77a35a41d485eaa5,AN19.KOR.kf6,Korean,Koreanic,live,l ay v,1,ay,5.56760411295431e-16,55.45321523917368,6,6,0.007042253521126761
AN19-rec-1f9da399e06038257d59:phone:2,AN19-rec-1f9da399e06038257d59,AN19.KOR.km2,Korean,Koreanic,weed,w iy d,1,iy,1.1575051326848404e-07,25.570249408910232,6,6,0.006756756756756757
AN19-rec-1f9fa0bb9f987afa8311:phone:1,AN19-rec-1f9fa0bb9f987afa8311,AN19.MIX.im6,Hindi,Indo-Aryan,league,l iy g,0,l,1.7056361324924722e-09,33.259198306110264,6,6,0.006711409395973154
AN19-rec-1f9fa0bb9f987afa8311:phone:2,AN19-rec-1f9fa0bb9f987afa8311,AN19.MIX.im6,Hindi,Indo-Aryan,league,l iy g,1,iy,1.8031422483033938e-13,39.17093658936395,6,6,0.006711409395973154
AN19-rec-1f9fa0bb9f987afa8311:phone:3,AN19-rec-1f9fa0bb9f987afa8311,AN19.MIX.im6,Hindi,Indo-Aryan,league,l iy g,2,g,6.76885615454365e-10,26.57569281314736,6,6,0.006711409395973154
AN19-rec-1fcbb3a4f7a1c3ba80b1:phone:2,AN19-rec-1fcbb3a4f7a1c3ba80b1,AN19.MIX.im3,Russian,Slavic,live,l ay v,1,ay,3.596820643050233e-08,53.474882943894784,6,6,0.006756756756756757
AN19-rec-1fd91fe25ff8b69a91c2:phone:1,AN19-rec-1fd91fe25ff8b69a91c2,AN19.MIX.if6,Somali,Afro-Asiatic,pawn,p ao n,0,p,0.16659824464066877,21.81179918182725,6,6,0.007246376811594203
AN19-rec-1fdb30e06349cc2cc54a:phone:1,AN19-rec-1fdb30e06349cc2cc54a,AN19.SPA.sm5,Spanish,Romance,rim,r ih m,0,r,5.901732867596413e-06,43.162227723136375,6,6,0.006896551724137931
AN19-rec-1ff3ab93d96a282de4cf:phone:1,AN19-rec-1ff3ab93d96a282de4cf,AN19.SPA.sf3,Spanish,Romance,chain,ch ey n,0,ch,1.2769025784724653e-08,39.11687140049555,6,6,0.007246376811594203
AN19-rec-1ffb46e69e39b7e95eba:phone:2,AN19-rec-1ffb46e69e39b7e95eba,AN19.MIX.if3,French,Romance,was,w aa z,1,aa,0.00023411694212217555,23.41636770771484,6,6,0.006993006993006993
AN19-rec-2003b2c74e53041fc528:phone:1,AN19-rec-2003b2c74e53041fc528,AN19.KOR.km6,Korean,Koreanic,dune,d uw n,0,d,1.837274857624834e-06,26.896882903680503,6,6,0.007042253521126761
AN19-rec-200bfe54dd1d7cc584e7:phone:3,AN19-rec-200bfe54dd1d7cc584e7,AN19.MIX.if1,Albanian,Albanian,white,w ay t,2,t,2.9585277853562034e-10,52.42341699500491,6,6,0.0070921985815602835
AN19-rec-2015b2257ded01216b22:phone:2,AN19-rec-2015b2257ded01216b22,AN19.SPA.sm3,Spanish,Romance,mace,m ey s,1,ey,1.570554061972967e-06,18.942392084575648,6,6,0.0072992700729927005
AN19-rec-2015b2257ded01216b22:phone:3,AN19-rec-2015b2257ded01216b22,AN19.SPA.sm3,Spanish,Romance,mace,m ey s,2,s,1.1487460761202462e-06,43.26891589082,6,6,0.0072992700729927005
AN19-rec-20243ed04a7e12541b7a:phone:1,AN19-rec-20243ed04a7e12541b7a,AN19.MIX.im4,Mandarin,Sino-Tibetan,join,jh oy n,0,jh,0.005402997012082669,34.532938824319466,6,6,0.006993006993006993
AN19-rec-20243ed04a7e12541b7a:phone:3,AN19-rec-20243ed04a7e12541b7a,AN19.MIX.im4,Mandarin,Sino-Tibetan,join,jh oy n,2,n,3.08885682254738e-21,67.54621715993532,6,6,0.006993006993006993
AN19-rec-20547d22ffffe101108b:phone:2,AN19-rec-20547d22ffffe101108b,AN19.SPA.sm5,Spanish,Romance,rut,r ah t,1,ah,4.877357499710416e-05,30.10194427645949,6,6,0.006896551724137931
AN19-rec-205a79148feb79e21a86:phone:1,AN19-rec-205a79148feb79e21a86,AN19.SPA.sf1,Spanish,Romance,both,b ow th,0,b,7.741667854496698e-14,46.51716300591082,6,6,0.006896551724137931
AN19-rec-205a79148feb79e21a86:phone:3,AN19-rec-205a79148feb79e21a86,AN19.SPA.sf1,Spanish,Romance,both,b ow th,2,th,2.8382225628171324e-25,71.21880736044129,6,6,0.006896551724137931
AN19-rec-205d432bb34d89cafdf0:phone:2,AN19-rec-205d432bb34d89cafdf0,AN19.MIX.if2,Dutch,Germanic,lad,l ae d,1,ae,2.486700569978425e-10,30.576285108142716,6,6,0.006944444444444444
AN19-rec-2070f9e311bf9a102c15:phone:2,AN19-rec-2070f9e311bf9a102c15,AN19.KOR.km3,Korean,Koreanic,rhyme,r ay m,1,ay,3.652438766840149e-05,22.955580757779675,6,6,0.006666666666666667
AN19-rec-2070f9e311bf9a102c15:phone:3,AN19-rec-2070f9e311bf9a102c15,AN19.KOR.km3,Korean,Koreanic,rhyme,r ay m,2,m,1.2761338445432324e-09,34.940763123852115,6,6,0.006666666666666667
AN19-rec-207161790ff043bbcd75:phone:1,AN19-rec-207161790ff043bbcd75,AN19.SPA.sf2,Spanish,Romance,mote,m ow t,0,m,0.0004885015690026178,45.889099532095855,6,6,0.007246376811594203
AN19-rec-207161790ff043bbcd75:phone:2,AN19-rec-207161790ff043bbcd75,AN19.SPA.sf2,Spanish,Romance,mote,m ow t,1,ow,8.173385995544912e-09,35.40712845838136,6,6,0.007246376811594203
AN19-rec-2072f6028703494a80d1:phone:1,AN19-rec-2072f6028703494a80d1,AN19.MIX.im5,Turkish,Turkic,food,f uw d,0,f,1.680957871049173e-05,27.34872515727464,6,6,0.007246376811594203
AN19-rec-2073a62cfbd08227d2d0:phone:2,AN19-rec-2073a62cfbd08227d2d0,AN19.KOR.kf5,Korean,Koreanic,chore,ch ao r,1,ao,5.647545371877485e-10,54.51942335097035,6,6,0.006993006993006993
AN19-rec-2078d3076746253f06a5:phone:1,AN19-rec-2078d3076746253f06a5,AN19.MIX.im3,Russian,Slavic,soak,s ow k,0,s,9.182477917963484e-05,13.520895654508593,6,6,0.006756756756756757
AN19-rec-2078d3076746253f06a5:phone:2,AN19-rec-2078d3076746253f06a5,AN19.MIX.im3,Russian,Slavic,soak,s ow k,1,ow,3.0411721408776335e-05,71.88312923475662,6,6,0.006756756756756757
AN19-rec-207dbd54dd38d59ca540:phone:1,AN19-rec-207dbd54dd38d59ca540,AN19.MIX.if3,French,Romance,young,y ah ng,0,y,8.661854360338418e-07,24.52847044544417,6,6,0.006993006993006993
AN19-rec-207dbd54dd38d59ca540:phone:3,AN19-rec-207dbd54dd38d59ca540,AN19.MIX.if3,French,Romance,young,y ah ng,2,ng,6.033860891552473e-22,65.62858820583536,6,6,0.006993006993006993
AN19-rec-2083ed813da5690ad2a6:phone:2,AN19-rec-2083ed813da5690ad2a6,AN19.KOR.kf1,Korean,Koreanic,bead,b iy d,1,iy,8.5105175385447e-09,26.76020111658184,6,6,0.0072992700729927005
AN19-rec-2083ed813da5690ad2a6:phone:3,AN19-rec-2083ed813da5690ad2a6,AN19.KOR.kf1,Korean,Koreanic,bead,b iy d,2,d,1.436644736885335e-05,22.15970415836048,6,6,0.0072992700729927005
AN19-rec-20a72e944b601cc0a3a9:phone:2,AN19-rec-20a72e944b601cc0a3a9,AN19.KOR.km7,Korean,Koreanic,rhyme,r ay m,1,ay,0.000355842171460711,40.32011296112855,6,6,0.006711409395973154
AN19-rec-20a72e944b601cc0a3a9:phone:3,AN19-rec-20a72e944b601cc0a3a9,AN19.KOR.km7,Korean,Koreanic,rhyme,r ay m,2,m,3.2984589414138863e-07,36.73475519431478,6,6,0.006711409395973154
AN19-rec-20b28482e262afcb1f01:phone:2,AN19-rec-20b28482e262afcb1f01,AN19.SPA.sm5,Spanish,Romance,rhyme,r ay m,1,ay,2.5694247958222714e-11,44.9481920085716,6,6,0.006896551724137931
AN19-rec-20b28482e262afcb1f01:phone:3,AN19-rec-20b28482e262afcb1f01,AN19.SPA.sm5,Spanish,Romance,rhyme,r ay m,2,m,5.152235809352122e-09,34.91841815066308,6,6,0.006896551724137931
AN19-rec-20bf70cde326459e746a:phone:1,AN19-rec-20bf70cde326459e746a,AN19.KOR.kf6,Korean,Koreanic,doom,d uw m,0,d,6.806796984078886e-10,35.079229481442056,6,6,0.007042253521126761
AN19-rec-20bf70cde326459e746a:phone:3,AN19-rec-20bf70cde326459e746a,AN19.KOR.kf6,Korean,Koreanic,doom,d uw m,2,m,1.2047492965395113e-06,20.48395582312574,6,6,0.007042253521126761
AN19-rec-20e3a3154d035fb83a65:phone:2,AN19-rec-20e3a3154d035fb83a65,AN19.MIX.im6,Hindi,Indo-Aryan,full,f uh l,1,uh,2.9276883778728787e-09,43.08234053504779,6,6,0.006711409395973154
AN19-rec-20eda706fc486f16ffe3:phone:2,AN19-rec-20eda706fc486f16ffe3,AN19.SPA.sf2,Spanish,Romance,sill,s ih l,1,ih,5.450335529129318e-22,75.11918316761266,6,6,0.007246376811594203
AN19-rec-20f4a5ee97dead3db72c:phone:2,AN19-rec-20f4a5ee97dead3db72c,AN19.KOR.km7,Korean,Koreanic,live,l ay v,1,ay,1.5752445342023786e-10,47.954176893794966,6,6,0.006711409395973154
AN19-rec-2106d4a45f36d0854b82:phone:3,AN19-rec-2106d4a45f36d0854b82,AN19.KOR.km6,Korean,Koreanic,peace,p iy s,2,s,0.004886895266892415,19.21040193662684,6,6,0.007042253521126761
AN19-rec-21101ce11354383c940c:phone:1,AN19-rec-21101ce11354383c940c,AN19.SPA.sm6,Spanish,Romance,gave,g ey v,0,g,7.565565300933516e-06,22.643102727132916,6,6,0.006756756756756757
AN19-rec-2125b9e55a816c00a003:phone:2,AN19-rec-2125b9e55a816c00a003,AN19.MIX.if5,Japanese,Japonic,teeth,t iy th,1,iy,1.0354894175345501e-08,51.30974651943743,6,6,0.006711409395973154
AN19-rec-212832509a7555bd973d:phone:1,AN19-rec-212832509a7555bd973d,AN19.SPA.sf3,Spanish,Romance,join,jh oy n,0,jh,3.1611764837321773e-13,38.73190957473337,6,6,0.007246376811594203
AN19-rec-21290f1bc3a28ec6aeb7:phone:1,AN19-rec-21290f1bc3a28ec6aeb7,AN19.SPA.sm5,Spanish,Romance,hid,hh ih d,0,hh,2.8973140649150067e-05,27.27370679651517,6,6,0.006896551724137931
AN19-rec-21290f1bc3a28ec6aeb7:phone:3,AN19-rec-21290f1bc3a28ec6aeb7,AN19.SPA.sm5,Spanish,Romance,hid,hh ih d,2,d,1.337735438532132e-13,63.22261379151633,6,6,0.006896551724137931
AN19-rec-2129dc457e386782d16c:phone:3,AN19-rec-2129dc457e386782d16c,AN19.KOR.km8,Korean,Koreanic,lame,l ey m,2,m,0.0014195683299116938,26.305604636986327,6,6,0.006896551724137931
AN19-rec-212bd059d217f0d7ca88:phone:1,AN19-rec-212bd059d217f0d7ca88,AN19.SPA.sf6,Spanish,Romance,balm,b aa m,0,b,1.8312432739526142e-09,36.14402935818355,6,6,0.007042253521126761
AN19-rec-212bfbecb4a2c2679a24:phone:3,AN19-rec-212bfbecb4a2c2679a24,AN19.MIX.im2,Bengali,Indo-Aryan,death,d eh th,2,th,2.601579678165343e-13,53.101908616244295,6,6,0.007246376811594203
AN19-rec-2139ac0eff96ff37961d:phone:1,AN19-rec-2139ac0eff96ff37961d,AN19.KOR.kf2,Korean,Koreanic,weed,w iy d,0,w,3.1860132629948486e-15,55.657287331026986,6,6,0.0072992700729927005
AN19-rec-2139ac0eff96ff37961d:phone:2,AN19-rec-2139ac0eff96ff37961d,AN19.KOR.kf2,Korean,Koreanic,weed,w iy d,1,iy,0.010475193789516557,14.636330927835845,6,6,0.0072992700729927005
AN19-rec-213b2af64db122893841:phone:2,AN19-rec-213b2af64db122893841,AN19.SPA.sf2,Spanish,Romance,shall,sh ae l,1,ae,1.640078972040592e-05,17.07934046377292,6,6,0.007246376811594203
AN19-rec-213c00a17ab9f1cb674b:phone:1,AN19-rec-213c00a17ab9f1cb674b,AN19.SPA.sf5,Spanish,Romance,mall,m ao l,0,m,0.15601064850213517,38.06065601909791,6,6,0.007194244604316547
AN19-rec-2140f140a9e04c5bc59e:phone:1,AN19-rec-2140f140a9e04c5bc59e,AN19.SPA.sm5,Spanish,Romance,hag,hh ae g,0,hh,1.0370046387241972e-20,50.61453290240672,6,6,0.006896551724137931
AN19-rec-2140f140a9e04c5bc59e:phone:3,AN19-rec-2140f140a9e04c5bc59e,AN19.SPA.sm5,Spanish,Romance,hag,hh ae g,2,g,1.7149648888866137e-11,49.122881575656585,6,6,0.006896551724137931
AN19-rec-215300255c8866eaecdf:phone:1,AN19-rec-215300255c8866eaecdf,AN19.MIX.if5,Japanese,Japonic,doom,d uw m,0,d,2.7552946308544295e-05,68.89229961780005,6,6,0.006711409395973154
AN19-rec-215300255c8866eaecdf:phone:3,AN19-rec-215300255c8866eaecdf,AN19.MIX.if5,Japanese,Japonic,doom,d uw m,2,m,1.4675334748037525e-12,42.29316311268602,6,6,0.006711409395973154
AN19-rec-2154239ce4f62360ce74:phone:1,AN19-rec-2154239ce4f62360ce74,AN19.KOR.km1,Korean,Koreanic,gave,g ey v,0,g,3.322690461455429e-32,89.93954079419092,6,6,0.0072992700729927005
AN19-rec-2156ce3cab2d0beab2cb:phone:1,AN19-rec-2156ce3cab2d0beab2cb,AN19.SPA.sm3,Spanish,Romance,bean,b iy n,0,b,0.04540054597000467,44.53938135691061,6,6,0.0072992700729927005
AN19-rec-2156ce3cab2d0beab2cb:phone:2,AN19-rec-2156ce3cab2d0beab2cb,AN19.SPA.sm3,Spanish,Romance,bean,b iy n,1,iy,2.0464794120809987e-07,22.78486590716159,6,6,0.0072992700729927005
AN19-rec-217891bdc1e1960daeb9:phone:2,AN19-rec-217891bdc1e1960daeb9,AN19.KOR.kf6,Korean,Koreanic,fade,f ey d,1,ey,2.1143180725933673e-05,18.94909787135784,6,6,0.007042253521126761
AN19-rec-217a3c56cdfa14c3f37f:phone:2,AN19-rec-217a3c56cdfa14c3f37f,AN19.SPA.sf2,Spanish,Romance,league,l iy g,1,iy,1.7870972607721935e-09,25.540056072112662,6,6,0.007246376811594203
AN19-rec-217a3c56cdfa14c3f37f:phone:3,AN19-rec-217a3c56cdfa14c3f37f,AN19.SPA.sf2,Spanish,Romance,league,l iy g,2,g,3.08873326956405e-07,18.262317339468883,6,6,0.007246376811594203
AN19-rec-2185b03a12a4fa59df92:phone:3,AN19-rec-2185b03a12a4fa59df92,AN19.SPA.sf2,Spanish,Romance,death,d eh th,2,th,2.9282433798677775e-13,45.54754070212661,6,6,0.007246376811594203
AN19-rec-21b23c7c2b1d6cfe80bf:phone:2,AN19-rec-21b23c7c2b1d6cfe80bf,AN19.KOR.km1,Korean,Koreanic,lace,l ey s,1,ey,1.0351228729588624e-14,41.1841030555772,6,6,0.0072992700729927005
AN19-rec-21bc2c67fac35d726ef9:phone:1,AN19-rec-21bc2c67fac35d726ef9,AN19.MIX.im3,Russian,Slavic,mall,m ao l,0,m,5.054079541601626e-06,26.775030936035748,6,6,0.006756756756756757
AN19-rec-21d5da27f7444038ee4b:phone:2,AN19-rec-21d5da27f7444038ee4b,AN19.MIX.if2,Dutch,Germanic,leg,l eh g,1,eh,6.374509124001421e-13,45.21081934546127,6,6,0.006944444444444444
AN19-rec-21d890ecc213d58e793f:phone:2,AN19-rec-21d890ecc213d58e793f,AN19.MIX.im2,Bengali,Indo-Aryan,wail,w ey l,1,ey,3.1969997704481776e-20,84.87479743412221,6,6,0.007246376811594203
AN19-rec-22066d8ffd74911a229e:phone:2,AN19-rec-22066d8ffd74911a229e,AN19.MIX.im3,Russian,Slavic,full,f uh l,1,uh,2.178282409484094e-08,30.090670873074544,6,6,0.006756756756756757
AN19-rec-220f6c377e49b4edc701:phone:3,AN19-rec-220f6c377e49b4edc701,AN19.MIX.im5,Turkish,Turkic,white,w ay t,2,t,0.00021974513903244615,42.83969845794135,6,6,0.007246376811594203
AN19-rec-22183dac2b15399b0db9:phone:2,AN19-rec-22183dac2b15399b0db9,AN19.SPA.sm6,Spanish,Romance,neck,n eh k,1,eh,9.250184611584565e-18,73.83770998652673,6,6,0.006756756756756757
AN19-rec-22469a70a6bac1d0a7f3:phone:3,AN19-rec-22469a70a6bac1d0a7f3,AN19.MIX.if5,Japanese,Japonic,fin,f ih n,2,n,2.197171197622597e-28,77.86637939020532,6,6,0.006711409395973154
AN19-rec-2256e1c1627ee8e2d323:phone:1,AN19-rec-2256e1c1627ee8e2d323,AN19.MIX.im5,Turkish,Turkic,god,g aa d,0,g,1.2697629391661548e-05,37.23587260039199,6,6,0.007246376811594203
AN19-rec-226f18e52729825ef856:phone:3,AN19-rec-226f18e52729825ef856,AN19.SPA.sm4,Spanish,Romance,serve,s er v,2,v,0.0013217169440606366,12.059739594772005,6,6,0.007194244604316547
AN19-rec-22899a3675b199e027c5:phone:3,AN19-rec-22899a3675b199e027c5,AN19.SPA.sm2,Spanish,Romance,hash,hh ae sh,2,sh,0.00758248186350164,25.47003333489427,6,6,0.007042253521126761
AN19-rec-2289dd8cdfa1170413dc:phone:1,AN19-rec-2289dd8cdfa1170413dc,AN19.SPA.sf4,Spanish,Romance,give,g ih v,0,g,2.507024518617996e-14,41.87440968949856,6,6,0.0070921985815602835
AN19-rec-22be23f68c6685801f9c:phone:1,AN19-rec-22be23f68c6685801f9c,AN19.SPA.sm6,Spanish,Romance,den,d eh n,0,d,1.6615438204516672e-10,79.58452561391289,6,6,0.006756756756756757
AN19-rec-22be23f68c6685801f9c:phone:2,AN19-rec-22be23f68c6685801f9c,AN19.SPA.sm6,Spanish,Romance,den,d eh n,1,eh,5.144260606391284e-09,37.03168492414293,6,6,0.006756756756756757
AN19-rec-22beb6c39c223046fb6e:phone:1,AN19-rec-22beb6c39c223046fb6e,AN19.SPA.sf5,Spanish,Romance,balm,b aa m,0,b,6.868376614442912e-14,54.627953122861065,6,6,0.007194244604316547
AN19-rec-22d767bd2e842732f02c:phone:1,AN19-rec-22d767bd2e842732f02c,AN19.MIX.if3,French,Romance,give,g ih v,0,g,1.791637728008184e-11,37.28973579324983,6,6,0.006993006993006993
AN19-rec-22da65f64a854ce449f5:phone:1,AN19-rec-22da65f64a854ce449f5,AN19.MIX.if3,French,Romance,chief,ch iy f,0,ch,0.04501809963715209,26.06779378265572,6,6,0.006993006993006993
AN19-rec-22da65f64a854ce449f5:phone:2,AN19-rec-22da65f64a854ce449f5,AN19.MIX.if3,French,Romance,chief,ch iy f,1,iy,3.3912151491492253e-15,52.65952777275618,6,6,0.006993006993006993
AN19-rec-22db5a0b397fd2d3589b:phone:3,AN19-rec-22db5a0b397fd2d3589b,AN19.MIX.if2,Dutch,Germanic,thought,th ao t,2,t,1.1631845580069658e-07,33.102763610959514,6,6,0.006944444444444444
AN19-rec-22f04b1540dfbb33490b:phone:2,AN19-rec-22f04b1540dfbb33490b,AN19.MIX.if5,Japanese,Japonic,size,s ay z,1,ay,0.0036860350247132196,20.953349680976107,6,6,0.006711409395973154
AN19-rec-22fbcdff2d11b83f901c:phone:1,AN19-rec-22fbcdff2d11b83f901c,AN19.SPA.sm2,Spanish,Romance,hid,hh ih d,0,hh,0.0001576696479820921,24.774535823402054,6,6,0.007042253521126761
AN19-rec-22fbcdff2d11b83f901c:phone:3,AN19-rec-22fbcdff2d11b83f901c,AN19.SPA.sm2,Spanish,Romance,hid,hh ih d,2,d,2.834612237423773e-15,57.73744050358101,6,6,0.007042253521126761
AN19-rec-23047391c8a607734aa6:phone:1,AN19-rec-23047391c8a607734aa6,AN19.KOR.kf6,Korean,Koreanic,page,p ey jh,0,p,1.99955534812746e-14,52.58122722925695,6,6,0.007042253521126761
AN19-rec-23047391c8a607734aa6:phone:3,AN19-rec-23047391c8a607734aa6,AN19.KOR.kf6,Korean,Koreanic,page,p ey jh,2,jh,6.917365139936966e-07,37.73215990466783,6,6,0.007042253521126761
AN19-rec-2320f4d34ab8fccc8a2a:phone:2,AN19-rec-2320f4d34ab8fccc8a2a,AN19.SPA.sm2,Spanish,Romance,thing,th ih ng,1,ih,4.275695564854639e-10,37.05340299778394,6,6,0.007042253521126761
AN19-rec-2367645fc44cf61e3b8c:phone:2,AN19-rec-2367645fc44cf61e3b8c,AN19.KOR.kf6,Korean,Koreanic,wail,w ey l,1,ey,1.4757734349024746e-09,39.98570757577435,6,6,0.007042253521126761
AN19-rec-2375380dfc224c19cd39:phone:1,AN19-rec-2375380dfc224c19cd39,AN19.SPA.sm4,Spanish,Romance,move,m uw v,0,m,7.595346422641526e-06,24.550241482933828,6,6,0.007194244604316547
AN19-rec-2375380dfc224c19cd39:phone:3,AN19-rec-2375380dfc224c19cd39,AN19.SPA.sm4,Spanish,Romance,move,m uw v,2,v,1.2521221750521109e-05,20.476281257881528,6,6,0.007194244604316547
AN19-rec-2375a84c437eeb1d71ce:phone:2,AN19-rec-2375a84c437eeb1d71ce,AN19.MIX.im5,Turkish,Turkic,voice,v oy s,1,oy,2.606919841611091e-07,31.94441780532915,6,6,0.007246376811594203
AN19-rec-2375dff46649e3ba3c8e:phone:1,AN19-rec-2375dff46649e3ba3c8e,AN19.KOR.kf3,Korean,Koreanic,chief,ch iy f,0,ch,2.4639075178546426e-06,28.316834161532423,6,6,0.007246376811594203
AN19-rec-238648493d39d0f933d8:phone:1,AN19-rec-238648493d39d0f933d8,AN19.SPA.sf1,Spanish,Romance,soak,s ow k,0,s,3.995124182545157e-07,19.24916649144861,6,6,0.006896551724137931
AN19-rec-238648493d39d0f933d8:phone:2,AN19-rec-238648493d39d0f933d8,AN19.SPA.sf1,Spanish,Romance,soak,s ow k,1,ow,2.382732308014371e-05,26.68242951015024,6,6,0.006896551724137931
AN19-rec-23a505145365113230c3:phone:1,AN19-rec-23a505145365113230c3,AN19.MIX.im4,Mandarin,Sino-Tibetan,pool,p uw l,0,p,0.00015297212582725532,20.513275542448824,6,6,0.006993006993006993
AN19-rec-23b3670adad2be2389e4:phone:2,AN19-rec-23b3670adad2be2389e4,AN19.MIX.if3,French,Romance,wife,w ay f,1,ay,0.06159310698019868,55.38186224544139,6,6,0.006993006993006993
AN19-rec-23d5569755be284aeb75:phone:1,AN19-rec-23d5569755be284aeb75,AN19.MIX.if5,Japanese,Japonic,ship,sh ih p,0,sh,0.0007198603132513989,9.315949117605818,6,6,0.006711409395973154
AN19-rec-23d5569755be284aeb75:phone:3,AN19-rec-23d5569755be284aeb75,AN19.MIX.if5,Japanese,Japonic,ship,sh ih p,2,p,4.5505976316225496e-05,18.82260235724692,6,6,0.006711409395973154
AN19-rec-23d64542d977386491c0:phone:1,AN19-rec-23d64542d977386491c0,AN19.SPA.sf4,Spanish,Romance,pawn,p ao n,0,p,0.005515193950573462,16.328196297075838,6,6,0.0070921985815602835
AN19-rec-23e4adbf71ced0c8c0e5:phone:2,AN19-rec-23e4adbf71ced0c8c0e5,AN19.SPA.sf3,Spanish,Romance,rat,r ae t,1,ae,0.0005716391838725401,22.871880824121437,6,6,0.007246376811594203
AN19-rec-2410dab020d558fd2bbe:phone:2,AN19-rec-2410dab020d558fd2bbe,AN19.KOR.km6,Korean,Koreanic,wed,w eh d,1,eh,5.8207811487519484e-09,38.86938084400591,6,6,0.007042253521126761
AN19-rec-243cfa9a110f96ee0b4b:phone:3,AN19-rec-243cfa9a110f96ee0b4b,AN19.SPA.sm4,Spanish,Romance,whore,hh ao r,2,r,4.2471215475271344e-20,61.0076345142341,6,6,0.007194244604316547
AN19-rec-243d8b8f185e3bd6c8ce:phone:1,AN19-rec-243d8b8f185e3bd6c8ce,AN19.KOR.km7,Korean,Koreanic,both,b ow th,0,b,0.011349256809732951,17.695187305006662,6,6,0.006711409395973154
AN19-rec-243d8b8f185e3bd6c8ce:phone:3,AN19-rec-243d8b8f185e3bd6c8ce,AN19.KOR.km7,Korean,Koreanic,both,b ow th,2,th,2.06222741160165e-10,33.47277722917014,6,6,0.006711409395973154
AN19-rec-2443b667fabb856240e2:phone:1,AN19-rec-2443b667fabb856240e2,AN19.MIX.if1,Albanian,Albanian,goat,g ow t,0,g,5.194775564284255e-10,69.01685482399999,6,6,0.0070921985815602835
AN19-rec-2443b667fabb856240e2:phone:3,AN19-rec-2443b667fabb856240e2,AN19.MIX.if1,Albanian,Albanian,goat,g ow t,2,t,1.2938971876279716e-17,45.046365752204025,6,6,0.0070921985815602835
AN19-rec-246231a355be131abab0:phone:2,AN19-rec-246231a355be131abab0,AN19.SPA.sm6,Spanish,Romance,lace,l ey s,1,ey,1.8053510997569224e-07,28.04270389539737,6,6,0.006756756756756757
AN19-rec-24840bd80dbc189e82ab:phone:2,AN19-rec-24840bd80dbc189e82ab,AN19.SPA.sf3,Spanish,Romance,noise,n oy z,1,oy,2.8682212712112963e-08,48.73904401541487,6,6,0.007246376811594203
AN19-rec-248fc5d20ceef462ea87:phone:3,AN19-rec-248fc5d20ceef462ea87,AN19.SPA.sf4,Spanish,Romance,fin,f ih n,2,n,5.2154847829759124e-11,34.57632485650613,6,6,0.0070921985815602835
AN19-rec-24b4f2a27cee5db0cc4c:phone:1,AN19-rec-24b4f2a27cee5db0cc4c,AN19.MIX.im2,Bengali,Indo-Aryan,bug,b ah g,0,b,0.06321865064699637,36.803446890848726,6,6,0.007246376811594203
AN19-rec-24d1456ff913215bb166:phone:1,AN19-rec-24d1456ff913215bb166,AN19.MIX.im5,Turkish,Turkic,king,k ih ng,0,k,7.890216885013274e-09,33.951452030876915,6,6,0.007246376811594203
AN19-rec-24d6bafb97d9116d9bb3:phone:3,AN19-rec-24d6bafb97d9116d9bb3,AN19.SPA.sf3,Spanish,Romance,toot,t uw t,2,t,2.032583841802073e-12,46.60719415959596,6,6,0.007246376811594203
AN19-rec-24f056487e1571ca6fec:phone:2,AN19-rec-24f056487e1571ca6fec,AN19.KOR.kf1,Korean,Koreanic,live,l ay v,1,ay,2.7520094284001206e-17,55.601452099865575,6,6,0.0072992700729927005
AN19-rec-24f3bd2053f3c6e147cf:phone:1,AN19-rec-24f3bd2053f3c6e147cf,AN19.SPA.sf2,Spanish,Romance,gut,g ah t,0,g,2.597038313153225e-17,71.25485959099397,6,6,0.007246376811594203
AN19-rec-24f3bd2053f3c6e147cf:phone:3,AN19-rec-24f3bd2053f3c6e147cf,AN19.SPA.sf2,Spanish,Romance,gut,g ah t,2,t,1.800056629936315e-20,54.88600174508772,6,6,0.007246376811594203
AN19-rec-250062763b3be5bb2693:phone:2,AN19-rec-250062763b3be5bb2693,AN19.MIX.if5,Japanese,Japonic,wed,w eh d,1,eh,1.2477416178846266e-06,18.28946218433491,6,6,0.006711409395973154
AN19-rec-250b0e0372c2a124286e:phone:3,AN19-rec-250b0e0372c2a124286e,AN19.KOR.km7,Korean,Koreanic,hurl,hh er l,2,l,2.2575806903500012e-11,40.13299850905809,6,6,0.006711409395973154
AN19-rec-251d58b981adf8832def:phone:2,AN19-rec-251d58b981adf8832def,AN19.KOR.km7,Korean,Koreanic,chore,ch ao r,1,ao,0.03316084662951501,42.95619064614277,6,6,0.006711409395973154
AN19-rec-25229e02edb311cb22b3:phone:1,AN19-rec-25229e02edb311cb22b3,AN19.MIX.im4,Mandarin,Sino-Tibetan,hag,hh ae g,0,hh,0.023607193226798464,16.078757091887162,6,6,0.006993006993006993
AN19-rec-25229e02edb311cb22b3:phone:3,AN19-rec-25229e02edb311cb22b3,AN19.MIX.im4,Mandarin,Sino-Tibetan,hag,hh ae g,2,g,8.50965536173951e-13,51.647706279764,6,6,0.006993006993006993
AN19-rec-2534bb7ee8028075ec3d:phone:2,AN19-rec-2534bb7ee8028075ec3d,AN19.SPA.sm7,Spanish,Romance,leg,l eh g,1,eh,3.510697079326329e-05,45.206611908114745,6,6,0.007352941176470588
AN19-rec-25394848c461b774ad66:phone:1,AN19-rec-25394848c461b774ad66,AN19.KOR.kf3,Korean,Koreanic,path,p ae th,0,p,8.8591633031118e-05,26.680999227223094,6,6,0.007246376811594203
AN19-rec-25394848c461b774ad66:phone:3,AN19-rec-25394848c461b774ad66,AN19.KOR.kf3,Korean,Koreanic,path,p ae th,2,th,1.4920797909429264e-06,29.67692799621027,6,6,0.007246376811594203
AN19-rec-253bc48d42a625fd9128:phone:1,AN19-rec-253bc48d42a625fd9128,AN19.MIX.im5,Turkish,Turkic,join,jh oy n,0,jh,1.7160144371716385e-17,46.35797669984512,6,6,0.007246376811594203
AN19-rec-253bc48d42a625fd9128:phone:3,AN19-rec-253bc48d42a625fd9128,AN19.MIX.im5,Turkish,Turkic,join,jh oy n,2,n,7.245913447528418e-20,52.23234679110211,6,6,0.007246376811594203
AN19-rec-255bf0eba6ac5bac0221:phone:1,AN19-rec-255bf0eba6ac5bac0221,AN19.KOR.km3,Korean,Koreanic,theme,th iy m,0,th,7.740249178230725e-11,32.11484399473599,6,6,0.006666666666666667
AN19-rec-255bf0eba6ac5bac0221:phone:2,AN19-rec-255bf0eba6ac5bac0221,AN19.KOR.km3,Korean,Koreanic,theme,th iy m,1,iy,1.7581466176731692e-06,28.073727686696035,6,6,0.006666666666666667
AN19-rec-255bf0eba6ac5bac0221:phone:3,AN19-rec-255bf0eba6ac5bac0221,AN19.KOR.km3,Korean,Koreanic,theme,th iy m,2,m,1.3155393815304332e-06,20.072062918322185,6,6,0.006666666666666667
AN19-rec-25b7e45bf1cc6c0d0980:phone:3,AN19-rec-25b7e45bf1cc6c0d0980,AN19.KOR.kf5,Korean,Koreanic,pad,p ae d,2,d,5.265444904956763e-08,18.07095376944748,6,6,0.006993006993006993
AN19-rec-25bc4d1739f7989e89fc:phone:1,AN19-rec-25bc4d1739f7989e89fc,AN19.MIX.if2,Dutch,Germanic,lice,l ay s,0,l,0.0019916863250307292,12.69493338383387,6,6,0.006944444444444444
AN19-rec-25bc4d1739f7989e89fc:phone:2,AN19-rec-25bc4d1739f7989e89fc,AN19.MIX.if2,Dutch,Germanic,lice,l ay s,1,ay,6.59428670327965e-06,17.59498498857156,6,6,0.006944444444444444
AN19-rec-25bc4d1739f7989e89fc:phone:3,AN19-rec-25bc4d1739f7989e89fc,AN19.MIX.if2,Dutch,Germanic,lice,l ay s,2,s,1.18541730014726e-06,21.468297231191443,6,6,0.006944444444444444
AN19-rec-25ca4e552247cfdc39d8:phone:3,AN19-rec-25ca4e552247cfdc39d8,AN19.KOR.kf3,Korean,Koreanic,lame,l ey m,2,m,3.9538673904439465e-09,35.573786494293095,6,6,0.007246376811594203
AN19-rec-25e417174637dcb8f04f:phone:2,AN19-rec-25e417174637dcb8f04f,AN19.SPA.sm3,Spanish,Romance,wife,w ay f,1,ay,3.768128659655389e-05,21.151200381445,6,6,0.0072992700729927005
AN19-rec-25fb4f434eac5e0b9707:phone:1,AN19-rec-25fb4f434eac5e0b9707,AN19.KOR.km1,Korean,Koreanic,wick,w ih k,0,w,1.1680899235526477e-08,40.43630099084093,6,6,0.0072992700729927005
AN19-rec-2606514def4ee7853171:phone:2,AN19-rec-2606514def4ee7853171,AN19.KOR.km1,Korean,Koreanic,teeth,t iy th,1,iy,3.248286589216065e-13,43.41918521128672,6,6,0.0072992700729927005
AN19-rec-2614bd893158ae4bafe0:phone:2,AN19-rec-2614bd893158ae4bafe0,AN19.SPA.sf6,Spanish,Romance,ban,b ae n,1,ae,0.00010816907130194051,13.17588646522227,6,6,0.007042253521126761
AN19-rec-261b773ebc5cb929c6bc:phone:2,AN19-rec-261b773ebc5cb929c6bc,AN19.SPA.sm5,Spanish,Romance,mace,m ey s,1,ey,0.00010740663869653,23.15450008026346,6,6,0.006896551724137931
AN19-rec-261b773ebc5cb929c6bc:phone:3,AN19-rec-261b773ebc5cb929c6bc,AN19.SPA.sm5,Spanish,Romance,mace,m ey s,2,s,2.8753932955327196e-07,46.47410666050365,6,6,0.006896551724137931
AN19-rec-2628e10b640836a6c7f2:phone:1,AN19-rec-2628e10b640836a6c7f2,AN19.SPA.sm3,Spanish,Romance,chief,ch iy f,0,ch,1.0311468389181653e-08,28.93915010492636,6,6,0.0072992700729927005
AN19-rec-264326cd8481f45192b4:phone:2,AN19-rec-264326cd8481f45192b4,AN19.MIX.if5,Japanese,Japonic,wash,w aa sh,1,aa,0.00014212757495456457,29.994984061340784,6,6,0.006711409395973154
AN19-rec-264b65cc5685f85cef93:phone:2,AN19-rec-264b65cc5685f85cef93,AN19.MIX.im5,Turkish,Turkic,teat,t iy t,1,iy,9.754206969163126e-12,50.67273682675091,6,6,0.007246376811594203
AN19-rec-26716fdcd4f0b45370e7:phone:1,AN19-rec-26716fdcd4f0b45370e7,AN19.SPA.sf3,Spanish,Romance,give,g ih v,0,g,3.566145524038155e-13,40.80599154013182,6,6,0.007246376811594203
AN19-rec-2671bb06cf7024e1d3e2:phone:2,AN19-rec-2671bb06cf7024e1d3e2,AN19.MIX.im3,Russian,Slavic,vice,v ay s,1,ay,9.412324247140788e-23,63.06957240397656,6,6,0.006756756756756757
AN19-rec-268b257987dcea6c4073:phone:1,AN19-rec-268b257987dcea6c4073,AN19.SPA.sf4,Spanish,Romance,fig,f ih g,0,f,5.043875329320592e-09,33.39224634464173,6,6,0.0070921985815602835
AN19-rec-268f63f5c1346e706987:phone:2,AN19-rec-268f63f5c1346e706987,AN19.SPA.sf3,Spanish,Romance,kit,k ih t,1,ih,9.782503504862647e-16,49.59148712986475,6,6,0.007246376811594203
AN19-rec-2698e85b2a7623630306:phone:1,AN19-rec-2698e85b2a7623630306,AN19.MIX.im6,Hindi,Indo-Aryan,rim,r ih m,0,r,0.0001254555237906422,47.80066062165046,6,6,0.006711409395973154
AN19-rec-269bdaa107d80d0536c7:phone:2,AN19-rec-269bdaa107d80d0536c7,AN19.MIX.if5,Japanese,Japonic,rat,r ae t,1,ae,8.04141981470867e-05,20.939430809528485,6,6,0.006711409395973154
AN19-rec-26a5c987fa4622b62f44:phone:1,AN19-rec-26a5c987fa4622b62f44,AN19.KOR.km1,Korean,Koreanic,ship,sh ih p,0,sh,0.0026846229198930465,8.479889118941946,6,6,0.0072992700729927005
AN19-rec-26a5c987fa4622b62f44:phone:3,AN19-rec-26a5c987fa4622b62f44,AN19.KOR.km1,Korean,Koreanic,ship,sh ih p,2,p,3.836885789681025e-08,24.008807721146457,6,6,0.0072992700729927005
AN19-rec-26bbe70aa14b8f58469e:phone:3,AN19-rec-26bbe70aa14b8f58469e,AN19.KOR.kf2,Korean,Koreanic,pad,p ae d,2,d,8.163571374969379e-05,20.828446228432835,6,6,0.0072992700729927005
AN19-rec-26c22b4c10ab8b9ede63:phone:2,AN19-rec-26c22b4c10ab8b9ede63,AN19.MIX.if3,French,Romance,long,l ao ng,1,ao,3.087006610430711e-07,31.62072828234156,6,6,0.006993006993006993
AN19-rec-26c22b4c10ab8b9ede63:phone:3,AN19-rec-26c22b4c10ab8b9ede63,AN19.MIX.if3,French,Romance,long,l ao ng,2,ng,3.432594777574225e-06,24.789339316952944,6,6,0.006993006993006993
AN19-rec-27188488287f1cd07f41:phone:1,AN19-rec-27188488287f1cd07f41,AN19.MIX.im1,Romanian,Romance,bug,b ah g,0,b,1.2254678153998679e-05,66.39053217535263,6,6,0.006802721088435374
AN19-rec-271d969db8afeb19364b:phone:1,AN19-rec-271d969db8afeb19364b,AN19.SPA.sm5,Spanish,Romance,pawn,p ao n,0,p,0.012859871898621157,14.635290980139002,6,6,0.006896551724137931
AN19-rec-2731523635da4da72f7b:phone:1,AN19-rec-2731523635da4da72f7b,AN19.KOR.kf1,Korean,Koreanic,food,f uw d,0,f,6.247792736042875e-07,31.00677967225193,6,6,0.0072992700729927005
AN19-rec-2740f03f48e22f78be74:phone:2,AN19-rec-2740f03f48e22f78be74,AN19.SPA.sm7,Spanish,Romance,teat,t iy t,1,iy,8.488418574757417e-06,30.27830617232484,6,6,0.007352941176470588
AN19-rec-27490c839764f4cc76da:phone:1,AN19-rec-27490c839764f4cc76da,AN19.MIX.im1,Romanian,Romance,doom,d uw m,0,d,4.8796791322217146e-20,53.30728370422622,6,6,0.006802721088435374
AN19-rec-27490c839764f4cc76da:phone:3,AN19-rec-27490c839764f4cc76da,AN19.MIX.im1,Romanian,Romance,doom,d uw m,2,m,2.3080875934423064e-11,40.23847424027373,6,6,0.006802721088435374
AN19-rec-278bca953e55d9b9264b:phone:1,AN19-rec-278bca953e55d9b9264b,AN19.MIX.im5,Turkish,Turkic,page,p ey jh,0,p,0.014576949965495979,11.745654836694362,6,6,0.007246376811594203
AN19-rec-278bca953e55d9b9264b:phone:3,AN19-rec-278bca953e55d9b9264b,AN19.MIX.im5,Turkish,Turkic,page,p ey jh,2,jh,9.391729058718438e-07,39.16504021492902,6,6,0.007246376811594203
AN19-rec-27b1b28ed1476223f282:phone:1,AN19-rec-27b1b28ed1476223f282,AN19.MIX.if5,Japanese,Japonic,balm,b aa m,0,b,2.292551329198402e-05,28.38306751657903,6,6,0.006711409395973154
AN19-rec-27b4824aed32d64a0a40:phone:1,AN19-rec-27b4824aed32d64a0a40,AN19.SPA.sf1,Spanish,Romance,lice,l ay s,0,l,0.00047330493144945237,13.884968673648316,6,6,0.006896551724137931
AN19-rec-27b4824aed32d64a0a40:phone:2,AN19-rec-27b4824aed32d64a0a40,AN19.SPA.sf1,Spanish,Romance,lice,l ay s,1,ay,3.736856759546032e-08,23.72088860029329,6,6,0.006896551724137931
AN19-rec-27b4824aed32d64a0a40:phone:3,AN19-rec-27b4824aed32d64a0a40,AN19.SPA.sf1,Spanish,Romance,lice,l ay s,2,s,1.814681147647432e-09,31.55209999388888,6,6,0.006896551724137931
AN19-rec-27c202789dbca40ce641:phone:2,AN19-rec-27c202789dbca40ce641,AN19.KOR.kf1,Korean,Koreanic,kin,k ih n,1,ih,1.0795445898380349e-11,35.2470702045542,6,6,0.0072992700729927005
AN19-rec-27efdecacdf19563f716:phone:2,AN19-rec-27efdecacdf19563f716,AN19.SPA.sf2,Spanish,Romance,mat,m ae t,1,ae,2.502150617162691e-09,37.06946615043282,6,6,0.007246376811594203
AN19-rec-280346fe83d8d518890e:phone:1,AN19-rec-280346fe83d8d518890e,AN19.MIX.im1,Romanian,Romance,chief,ch iy f,0,ch,5.093190636716796e-07,34.155051584926746,6,6,0.006802721088435374
AN19-rec-280346fe83d8d518890e:phone:2,AN19-rec-280346fe83d8d518890e,AN19.MIX.im1,Romanian,Romance,chief,ch iy f,1,iy,1.2842248718401777e-11,39.50190703951653,6,6,0.006802721088435374
AN19-rec-280921735ae671047e3e:phone:1,AN19-rec-280921735ae671047e3e,AN19.KOR.km6,Korean,Koreanic,hoot,hh uw t,0,hh,5.296359212365067e-08,40.93208842117499,6,6,0.007042253521126761
AN19-rec-280921735ae671047e3e:phone:3,AN19-rec-280921735ae671047e3e,AN19.KOR.km6,Korean,Koreanic,hoot,hh uw t,2,t,2.316856550602392e-13,37.16658722390079,6,6,0.007042253521126761
AN19-rec-282213c868e504d6b1c8:phone:1,AN19-rec-282213c868e504d6b1c8,AN19.MIX.if6,Somali,Afro-Asiatic,both,b ow th,0,b,0.004767946590558372,16.57076541696092,6,6,0.007246376811594203
AN19-rec-282213c868e504d6b1c8:phone:3,AN19-rec-282213c868e504d6b1c8,AN19.MIX.if6,Somali,Afro-Asiatic,both,b ow th,2,th,3.924112691580967e-18,49.03221119690659,6,6,0.007246376811594203
AN19-rec-2826522ec4d724a31cf4:phone:3,AN19-rec-2826522ec4d724a31cf4,AN19.MIX.im3,Russian,Slavic,pad,p ae d,2,d,5.1418967326063635e-21,49.66775083657657,6,6,0.006756756756756757
AN19-rec-2828cee2b0c4f8c55596:phone:3,AN19-rec-2828cee2b0c4f8c55596,AN19.KOR.kf1,Korean,Koreanic,peace,p iy s,2,s,0.0023379961842523484,20.583838424830105,6,6,0.0072992700729927005
AN19-rec-2834d286d53dbbe9feac:phone:1,AN19-rec-2834d286d53dbbe9feac,AN19.SPA.sf5,Spanish,Romance,five,f ay v,0,f,2.3518856653983415e-07,36.4420131376495,6,6,0.007194244604316547
AN19-rec-2853ec0390a124715d72:phone:2,AN19-rec-2853ec0390a124715d72,AN19.MIX.im3,Russian,Slavic,voice,v oy s,1,oy,0.0001857147858937108,30.981263978782284,6,6,0.006756756756756757
AN19-rec-2858bad0acf08ea7ffde:phone:2,AN19-rec-2858bad0acf08ea7ffde,AN19.KOR.kf6,Korean,Koreanic,chore,ch ao r,1,ao,3.884624168284441e-14,63.03782086462147,6,6,0.007042253521126761
AN19-rec-28756e69ed472782579f:phone:3,AN19-rec-28756e69ed472782579f,AN19.KOR.kf1,Korean,Koreanic,hash,hh ae sh,2,sh,9.54740106116966e-05,33.865698448115545,6,6,0.0072992700729927005
AN19-rec-28779b11e41c148bb6e2:phone:3,AN19-rec-28779b11e41c148bb6e2,AN19.KOR.km7,Korean,Koreanic,bum,b ah m,2,m,1.6692442307557365e-08,22.810416171879226,6,6,0.006711409395973154
AN19-rec-288974416912142af6d5:phone:3,AN19-rec-288974416912142af6d5,AN19.SPA.sm6,Spanish,Romance,gas,g ae s,2,s,4.892967972855966e-07,19.7616463944543,6,6,0.006756756756756757
AN19-rec-28990e8e7f9ca205983a:phone:2,AN19-rec-28990e8e7f9ca205983a,AN19.KOR.kf6,Korean,Koreanic,was,w aa z,1,aa,0.001877779648341415,22.869549714398545,6,6,0.007042253521126761
AN19-rec-28a575c3c3886bc2092b:phone:1,AN19-rec-28a575c3c3886bc2092b,AN19.SPA.sf4,Spanish,Romance,lice,l ay s,0,l,5.4505768038575854e-05,17.89863385336024,6,6,0.0070921985815602835
AN19-rec-28a575c3c3886bc2092b:phone:2,AN19-rec-28a575c3c3886bc2092b,AN19.SPA.sf4,Spanish,Romance,lice,l ay s,1,ay,8.015120313501118e-07,25.077703897834454,6,6,0.0070921985815602835
AN19-rec-28a575c3c3886bc2092b:phone:3,AN19-rec-28a575c3c3886bc2092b,AN19.SPA.sf4,Spanish,Romance,lice,l ay s,2,s,3.0058647517993623e-09,33.47297101409385,6,6,0.0070921985815602835
AN19-rec-28b728822aaabe19a530:phone:1,AN19-rec-28b728822aaabe19a530,AN19.KOR.km8,Korean,Koreanic,cheer,ch ih r,0,ch,6.014104972762641e-06,15.431449641908108,6,6,0.006896551724137931
AN19-rec-28b728822aaabe19a530:phone:3,AN19-rec-28b728822aaabe19a530,AN19.KOR.km8,Korean,Koreanic,cheer,ch ih r,2,r,0.0007521142832788959,17.056416722980305,6,6,0.006896551724137931
AN19-rec-28c9c31fcd66eddce123:phone:1,AN19-rec-28c9c31fcd66eddce123,AN19.SPA.sm4,Spanish,Romance,chain,ch ey n,0,ch,0.04040105277527275,25.23644289854845,6,6,0.007194244604316547
AN19-rec-28cfd01e27e206590b5a:phone:1,AN19-rec-28cfd01e27e206590b5a,AN19.MIX.im4,Mandarin,Sino-Tibetan,soak,s ow k,0,s,5.681011504217709e-09,23.72780105336076,6,6,0.006993006993006993
AN19-rec-28cfd01e27e206590b5a:phone:2,AN19-rec-28cfd01e27e206590b5a,AN19.MIX.im4,Mandarin,Sino-Tibetan,soak,s ow k,1,ow,3.995864503328359e-05,71.54661708121952,6,6,0.006993006993006993
AN19-rec-28da02ff21695f756a0c:phone:2,AN19-rec-28da02ff21695f756a0c,AN19.MIX.im6,Hindi,Indo-Aryan,rut,r ah t,1,ah,9.418787157412623e-12,55.12249920651583,6,6,0.006711409395973154
AN19-rec-28e9c25a11f8fb0b1731:phone:2,AN19-rec-28e9c25a11f8fb0b1731,AN19.KOR.km6,Korean,Koreanic,voice,v oy s,1,oy,0.00015741167647270073,35.86296730519704,6,6,0.007042253521126761
AN19-rec-28fca32738d15d60f6cf:phone:2,AN19-rec-28fca32738d15d60f6cf,AN19.MIX.im6,Hindi,Indo-Aryan,wife,w ay f,1,ay,0.01393504120924749,15.02195810158146,6,6,0.006711409395973154
AN19-rec-2930c09e38e4011d8713:phone:1,AN19-rec-2930c09e38e4011d8713,AN19.KOR.kf4,Korean,Koreanic,den,d eh n,0,d,2.749538546739244e-05,31.536845793051757,6,6,0.0070921985815602835
AN19-rec-2930c09e38e4011d8713:phone:2,AN19-rec-2930c09e38e4011d8713,AN19.KOR.kf4,Korean,Koreanic,den,d eh n,1,eh,5.405642155934607e-06,16.330512905156187,6,6,0.0070921985815602835
AN19-rec-29355fbb4e5eb0606348:phone:2,AN19-rec-29355fbb4e5eb0606348,AN19.MIX.im2,Bengali,Indo-Aryan,teeth,t iy th,1,iy,2.1690106097391384e-11,57.84149607222866,6,6,0.007246376811594203
AN19-rec-2940f58a388c6aa91ae0:phone:3,AN19-rec-2940f58a388c6aa91ae0,AN19.MIX.if3,French,Romance,goat,g ow t,2,t,2.282395660526594e-29,95.81130290461928,6,6,0.006993006993006993
AN19-rec-2991e094ee9a92a1b2a8:phone:1,AN19-rec-2991e094ee9a92a1b2a8,AN19.MIX.im2,Bengali,Indo-Aryan,jack,jh ae k,0,jh,5.632110753831345e-10,51.06807256212855,6,6,0.007246376811594203
AN19-rec-2991e094ee9a92a1b2a8:phone:3,AN19-rec-2991e094ee9a92a1b2a8,AN19.MIX.im2,Bengali,Indo-Aryan,jack,jh ae k,2,k,6.713145737540184e-10,25.965132378489887,6,6,0.007246376811594203
AN19-rec-299347833070ce4d84f7:phone:2,AN19-rec-299347833070ce4d84f7,AN19.MIX.if4,German,Germanic,kin,k ih n,1,ih,7.182798012007483e-08,29.69395812499809,6,6,0.0072992700729927005
AN19-rec-29a57ddce442964ba8a8:phone:2,AN19-rec-29a57ddce442964ba8a8,AN19.KOR.km2,Korean,Koreanic,league,l iy g,1,iy,9.715563726698008e-06,20.044770953467737,6,6,0.006756756756756757
AN19-rec-29a57ddce442964ba8a8:phone:3,AN19-rec-29a57ddce442964ba8a8,AN19.KOR.km2,Korean,Koreanic,league,l iy g,2,g,0.0002815330140143858,15.250365514706724,6,6,0.006756756756756757
AN19-rec-29b9050b538dac8c6d26:phone:1,AN19-rec-29b9050b538dac8c6d26,AN19.KOR.km1,Korean,Koreanic,food,f uw d,0,f,0.000112049189080477,34.88920275408406,6,6,0.0072992700729927005
AN19-rec-29df495a8af83fee2141:phone:2,AN19-rec-29df495a8af83fee2141,AN19.SPA.sf1,Spanish,Romance,lace,l ey s,1,ey,6.865416099369065e-08,19.27287834445072,6,6,0.006896551724137931
AN19-rec-29f18323184f5f8a6084:phone:3,AN19-rec-29f18323184f5f8a6084,AN19.SPA.sm2,Spanish,Romance,mouth,m aw th,2,th,3.8508875979916345e-15,42.89490009169731,6,6,0.007042253521126761
AN19-rec-2a09d52b248540bcdf27:phone:1,AN19-rec-2a09d52b248540bcdf27,AN19.MIX.if6,Somali,Afro-Asiatic,shop,sh aa p,0,sh,0.010601864370967226,13.116067488503928,6,6,0.007246376811594203
AN19-rec-2a09d52b248540bcdf27:phone:2,AN19-rec-2a09d52b248540bcdf27,AN19.MIX.if6,Somali,Afro-Asiatic,shop,sh aa p,1,aa,0.029186516623620515,18.34683814986125,6,6,0.007246376811594203
AN19-rec-2a09d52b248540bcdf27:phone:3,AN19-rec-2a09d52b248540bcdf27,AN19.MIX.if6,Somali,Afro-Asiatic,shop,sh aa p,2,p,6.571108044192723e-10,39.89069582957652,6,6,0.007246376811594203
AN19-rec-2a33a8ecb192e6c733ea:phone:3,AN19-rec-2a33a8ecb192e6c733ea,AN19.KOR.km2,Korean,Koreanic,hash,hh ae sh,2,sh,7.363616601764335e-06,32.45272132502206,6,6,0.006756756756756757
AN19-rec-2a5f581b57f59a52c973:phone:3,AN19-rec-2a5f581b57f59a52c973,AN19.MIX.if6,Somali,Afro-Asiatic,dog,d ao g,2,g,5.127774185577489e-09,38.28853185747396,6,6,0.007246376811594203
AN19-rec-2a6bd274c228c5776960:phone:3,AN19-rec-2a6bd274c228c5776960,AN19.MIX.if2,Dutch,Germanic,curve,k er v,2,v,1.3059144507057643e-08,30.7863424910248,6,6,0.006944444444444444
AN19-rec-2a74da7f20e656ad0805:phone:1,AN19-rec-2a74da7f20e656ad0805,AN19.MIX.im2,Bengali,Indo-Aryan,both,b ow th,0,b,1.4287551416434704e-09,33.317503746073434,6,6,0.007246376811594203
AN19-rec-2a74da7f20e656ad0805:phone:3,AN19-rec-2a74da7f20e656ad0805,AN19.MIX.im2,Bengali,Indo-Aryan,both,b ow th,2,th,8.250078621828807e-16,39.68612959689738,6,6,0.007246376811594203
AN19-rec-2a834f2a7c13512169f4:phone:2,AN19-rec-2a834f2a7c13512169f4,AN19.SPA.sm4,Spanish,Romance,long,l ao ng,1,ao,1.2951645003497113e-07,37.56838680798944,6,6,0.007194244604316547
AN19-rec-2a834f2a7c13512169f4:phone:3,AN19-rec-2a834f2a7c13512169f4,AN19.SPA.sm4,Spanish,Romance,long,l ao ng,2,ng,6.00317327823442e-12,30.81753772584319,6,6,0.007194244604316547
AN19-rec-2a896e35079c3f4ccb76:phone:3,AN19-rec-2a896e35079c3f4ccb76,AN19.SPA.sf2,Spanish,Romance,mum,m ah m,2,m,5.173969229667254e-10,33.1502544996274,6,6,0.007246376811594203
AN19-rec-2a93f84b4864a2b7a27c:phone:1,AN19-rec-2a93f84b4864a2b7a27c,AN19.SPA.sf5,Spanish,Romance,chain,ch ey n,0,ch,6.697134244531916e-06,24.957745045064588,6,6,0.007194244604316547
AN19-rec-2aab89a5dd61a25b6963:phone:3,AN19-rec-2aab89a5dd61a25b6963,AN19.SPA.sf4,Spanish,Romance,deep,d iy p,2,p,1.966450390637477e-26,101.88388596594696,6,6,0.0070921985815602835
AN19-rec-2ab95a0c76271cc4fc6f:phone:2,AN19-rec-2ab95a0c76271cc4fc6f,AN19.KOR.kf6,Korean,Koreanic,wrong,r ao ng,1,ao,4.464993238008354e-19,50.65122544626053,6,8,0.007042253521126761
AN19-rec-2ad4f5c0e6a9fe2edc6f:phone:2,AN19-rec-2ad4f5c0e6a9fe2edc6f,AN19.MIX.if1,Albanian,Albanian,size,s ay z,1,ay,0.002487336017846541,20.149056126020955,6,6,0.0070921985815602835
AN19-rec-2ad96dd41c5055ef5bed:phone:1,AN19-rec-2ad96dd41c5055ef5bed,AN19.MIX.im4,Mandarin,Sino-Tibetan,job,jh aa b,0,jh,0.1065593292602683,44.84260639052167,6,6,0.006993006993006993
AN19-rec-2ad96dd41c5055ef5bed:phone:3,AN19-rec-2ad96dd41c5055ef5bed,AN19.MIX.im4,Mandarin,Sino-Tibetan,job,jh aa b,2,b,3.9272897374703476e-07,37.69106893671875,6,6,0.006993006993006993
AN19-rec-2ada8ec03befb18580cc:phone:3,AN19-rec-2ada8ec03befb18580cc,AN19.KOR.km7,Korean,Koreanic,serve,s er v,2,v,1.0963414586789288e-07,23.5738688581461,6,6,0.006711409395973154
AN19-rec-2ae5812a893e0de4ed85:phone:2,AN19-rec-2ae5812a893e0de4ed85,AN19.MIX.if3,French,Romance,full,f uh l,1,uh,0.0008192223840973759,34.1948870522097,6,6,0.006993006993006993
AN19-rec-2afb63065f662670b69b:phone:2,AN19-rec-2afb63065f662670b69b,AN19.SPA.sm6,Spanish,Romance,mace,m ey s,1,ey,0.0005720864144378343,26.6238414161906,6,6,0.006756756756756757
AN19-rec-2afb63065f662670b69b:phone:3,AN19-rec-2afb63065f662670b69b,AN19.SPA.sm6,Spanish,Romance,mace,m ey s,2,s,9.42546620751602e-08,44.95391675682374,6,6,0.006756756756756757
AN19-rec-2b0ac9b5e0a9c319d0da:phone:2,AN19-rec-2b0ac9b5e0a9c319d0da,AN19.SPA.sm6,Spanish,Romance,chore,ch ao r,1,ao,1.3535933323859624e-06,48.5970573102934,6,6,0.006756756756756757
AN19-rec-2b0b2b7117b4943a5145:phone:2,AN19-rec-2b0b2b7117b4943a5145,AN19.KOR.kf6,Korean,Koreanic,wash,w aa sh,1,aa,1.0952387697026908e-07,38.48168241527895,6,6,0.007042253521126761
AN19-rec-2b45297e489f267ce8d0:phone:2,AN19-rec-2b45297e489f267ce8d0,AN19.KOR.km2,Korean,Koreanic,neck,n eh k,1,eh,1.534273354041704e-14,60.08430095361416,6,6,0.006756756756756757
AN19-rec-2b594247cf022b8f4693:phone:1,AN19-rec-2b594247cf022b8f4693,AN19.MIX.if2,Dutch,Germanic,pawn,p ao n,0,p,1.8364208997505796e-09,27.607494524018943,6,6,0.006944444444444444
AN19-rec-2b7ae9d61b38cc634682:phone:2,AN19-rec-2b7ae9d61b38cc634682,AN19.SPA.sf4,Spanish,Romance,wife,w ay f,1,ay,0.0020389481421325046,15.99140853349762,6,6,0.0070921985815602835
AN19-rec-2b7cfac60c586a1cf169:phone:3,AN19-rec-2b7cfac60c586a1cf169,AN19.KOR.kf6,Korean,Koreanic,serve,s er v,2,v,0.00019506404114814585,16.55109641467261,6,6,0.007042253521126761
AN19-rec-2b7d36f373eb1d1a0c29:phone:1,AN19-rec-2b7d36f373eb1d1a0c29,AN19.MIX.im5,Turkish,Turkic,girl,g er l,0,g,1.5639590942319216e-12,35.6754709349865,6,6,0.007246376811594203
AN19-rec-2b7db0fb3599637a9dc5:phone:2,AN19-rec-2b7db0fb3599637a9dc5,AN19.SPA.sf1,Spanish,Romance,fade,f ey d,1,ey,1.704323130394583e-14,42.6796417672878,6,6,0.006896551724137931
AN19-rec-2b8b6b4bacb90bc2affc:phone:2,AN19-rec-2b8b6b4bacb90bc2affc,AN19.SPA.sm2,Spanish,Romance,fade,f ey d,1,ey,1.1687159538039629e-06,16.934325038140624,6,6,0.007042253521126761
AN19-rec-2b8cd5687aeb6f6140a3:phone:1,AN19-rec-2b8cd5687aeb6f6140a3,AN19.MIX.if3,French,Romance,shall,sh ae l,0,sh,7.745172906305162e-05,16.08745656636862,6,6,0.006993006993006993
AN19-rec-2b8cd5687aeb6f6140a3:phone:2,AN19-rec-2b8cd5687aeb6f6140a3,AN19.MIX.if3,French,Romance,shall,sh ae l,1,ae,3.672744433185404e-11,37.50755367824881,6,6,0.006993006993006993
AN19-rec-2bb5e7faead153b1cfbf:phone:1,AN19-rec-2bb5e7faead153b1cfbf,AN19.KOR.km3,Korean,Koreanic,bug,b ah g,0,b,6.002537499103476e-13,44.29831444576292,6,6,0.006666666666666667
AN19-rec-2bd1ce20dfe20eeca9ac:phone:2,AN19-rec-2bd1ce20dfe20eeca9ac,AN19.SPA.sf5,Spanish,Romance,wrong,r ao ng,1,ao,2.8381910839181563e-06,26.78251849819389,6,8,0.007194244604316547
AN19-rec-2be31202cc6f4dc73e6b:phone:2,AN19-rec-2be31202cc6f4dc73e6b,AN19.KOR.kf5,Korean,Koreanic,caught,k aa t,1,aa,3.7942676769923684e-19,88.37251229568159,6,6,0.006993006993006993
AN19-rec-2be7dbb3bf7d6ef0c805:phone:1,AN19-rec-2be7dbb3bf7d6ef0c805,AN19.SPA.sm3,Spanish,Romance,firm,f er m,0,f,1.2294825589796046e-08,24.865505280750664,6,6,0.0072992700729927005
AN19-rec-2bf9a54a73f023eb0c3d:phone:1,AN19-rec-2bf9a54a73f023eb0c3d,AN19.MIX.if1,Albanian,Albanian,jack,jh ae k,0,jh,0.00015137042253102686,30.79483967036947,6,6,0.0070921985815602835
AN19-rec-2bf9a54a73f023eb0c3d:phone:3,AN19-rec-2bf9a54a73f023eb0c3d,AN19.MIX.if1,Albanian,Albanian,jack,jh ae k,2,k,0.00023372099900513052,13.158727282755535,6,6,0.0070921985815602835
AN19-rec-2c150ed7bf1c6aca61bb:phone:1,AN19-rec-2c150ed7bf1c6aca61bb,AN19.SPA.sm4,Spanish,Romance,goat,g ow t,0,g,1.328930038649359e-09,49.9238402005353,6,6,0.007194244604316547
AN19-rec-2c150ed7bf1c6aca61bb:phone:3,AN19-rec-2c150ed7bf1c6aca61bb,AN19.SPA.sm4,Spanish,Romance,goat,g ow t,2,t,1.4039982600291324e-12,33.51274668760956,6,6,0.007194244604316547
AN19-rec-2c3797c969fc7d394bcf:phone:2,AN19-rec-2c3797c969fc7d394bcf,AN19.SPA.sm2,Spanish,Romance,rut,r ah t,1,ah,7.157446433624501e-17,46.86239667405176,6,6,0.007042253521126761
AN19-rec-2c3d2f6ee0bf815c275f:phone:3,AN19-rec-2c3d2f6ee0bf815c275f,AN19.SPA.sm6,Spanish,Romance,hurl,hh er l,2,l,6.689863721558339e-10,33.11792473406923,6,6,0.006756756756756757
AN19-rec-2c4b3e924dc5ad96a475:phone:1,AN19-rec-2c4b3e924dc5ad96a475,AN19.KOR.km3,Korean,Koreanic,hack,hh ae k,0,hh,0.001593358305178526,11.206506251578231,6,6,0.006666666666666667
AN19-rec-2c604e3e1f479b533133:phone:1,AN19-rec-2c604e3e1f479b533133,AN19.KOR.km6,Korean,Koreanic,ship,sh ih p,0,sh,4.2209740660240315e-05,13.936494638897551,6,6,0.007042253521126761
AN19-rec-2c604e3e1f479b533133:phone:3,AN19-rec-2c604e3e1f479b533133,AN19.KOR.km6,Korean,Koreanic,ship,sh ih p,2,p,5.532827566991626e-13,40.89492389274158,6,6,0.007042253521126761
AN19-rec-2c9953130f9e2d228df7:phone:1,AN19-rec-2c9953130f9e2d228df7,AN19.SPA.sf1,Spanish,Romance,rim,r ih m,0,r,5.445235022520121e-20,58.16508926711119,6,6,0.006896551724137931
AN19-rec-2ca9f62c8df3cb351fd9:phone:2,AN19-rec-2ca9f62c8df3cb351fd9,AN19.SPA.sm3,Spanish,Romance,cod,k aa d,1,aa,6.165164189181667e-09,64.63888182864245,6,6,0.0072992700729927005
AN19-rec-2cad9bab6570bf34be24:phone:3,AN19-rec-2cad9bab6570bf34be24,AN19.MIX.im4,Mandarin,Sino-Tibetan,toot,t uw t,2,t,2.909995485316786e-17,62.27214225719407,6,6,0.006993006993006993
AN19-rec-2cb073c3de2706fca961:phone:3,AN19-rec-2cb073c3de2706fca961,AN19.KOR.km6,Korean,Koreanic,both,b ow th,2,th,4.5015540915112685e-11,33.82862937737978,6,6,0.007042253521126761
AN19-rec-2cc67df7049cd6fc1f9f:phone:2,AN19-rec-2cc67df7049cd6fc1f9f,AN19.KOR.km7,Korean,Koreanic,roof,r uw f,1,uw,1.0551778413936508e-09,47.05966122029543,6,6,0.006711409395973154
AN19-rec-2cd457a25ae485fbc2ca:phone:1,AN19-rec-2cd457a25ae485fbc2ca,AN19.SPA.sm5,Spanish,Romance,mote,m ow t,0,m,0.0005727556949538331,32.31472072200527,6,6,0.006896551724137931
AN19-rec-2cd457a25ae485fbc2ca:phone:2,AN19-rec-2cd457a25ae485fbc2ca,AN19.SPA.sm5,Spanish,Romance,mote,m ow t,1,ow,1.0916355088436345e-12,32.41391075976299,6,6,0.006896551724137931
AN19-rec-2cd6630fd1e720acd1f9:phone:2,AN19-rec-2cd6630fd1e720acd1f9,AN19.MIX.im1,Romanian,Romance,neck,n eh k,1,eh,2.0780806721367568e-17,57.082444318564,6,6,0.006802721088435374
AN19-rec-2cf43793fc9239642804:phone:2,AN19-rec-2cf43793fc9239642804,AN19.SPA.sf5,Spanish,Romance,kit,k ih t,1,ih,0.0006411350237931229,51.33465155196584,6,6,0.007194244604316547
AN19-rec-2d01978deb1e5dce57e3:phone:1,AN19-rec-2d01978deb1e5dce57e3,AN19.SPA.sm7,Spanish,Romance,doom,d uw m,0,d,1.0258902348334956e-20,58.87919417163285,6,6,0.007352941176470588
AN19-rec-2d01978deb1e5dce57e3:phone:3,AN19-rec-2d01978deb1e5dce57e3,AN19.SPA.sm7,Spanish,Romance,doom,d uw m,2,m,2.4037587085636592e-05,19.042699983465244,6,6,0.007352941176470588
AN19-rec-2d10aa96fb9548c0c93b:phone:2,AN19-rec-2d10aa96fb9548c0c93b,AN19.SPA.sf5,Spanish,Romance,vice,v ay s,1,ay,0.0005258523924589262,22.309333240838075,6,6,0.007194244604316547
AN19-rec-2d27cec4c0a0cfb568de:phone:2,AN19-rec-2d27cec4c0a0cfb568de,AN19.SPA.sf2,Spanish,Romance,bun,b ah n,1,ah,2.5919504821586867e-23,73.87447755730716,6,6,0.007246376811594203
AN19-rec-2d30c4a768d44ea256d1:phone:1,AN19-rec-2d30c4a768d44ea256d1,AN19.KOR.kf5,Korean,Koreanic,page,p ey jh,0,p,0.03321206536751445,12.364833616061224,6,6,0.006993006993006993
AN19-rec-2d30c4a768d44ea256d1:phone:3,AN19-rec-2d30c4a768d44ea256d1,AN19.KOR.kf5,Korean,Koreanic,page,p ey jh,2,jh,0.00342823130637499,31.49884791937929,6,6,0.006993006993006993
AN19-rec-2d408b07b5ade6c6df94:phone:1,AN19-rec-2d408b07b5ade6c6df94,AN19.SPA.sf4,Spanish,Romance,wick,w ih k,0,w,1.543952156256409e-06,38.10847815292672,6,6,0.0070921985815602835
AN19-rec-2d434751e9199285f70c:phone:1,AN19-rec-2d434751e9199285f70c,AN19.KOR.km8,Korean,Koreanic,hid,hh ih d,0,hh,0.014727847907710909,25.882756613659826,6,6,0.006896551724137931
AN19-rec-2d434751e9199285f70c:phone:3,AN19-rec-2d434751e9199285f70c,AN19.KOR.km8,Korean,Koreanic,hid,hh ih d,2,d,4.6186535485563017e-10,39.61574452720991,6,6,0.006896551724137931
AN19-rec-2d441b5ce81c4c51f912:phone:1,AN19-rec-2d441b5ce81c4c51f912,AN19.KOR.km7,Korean,Koreanic,gut,g ah t,0,g,2.606973929140556e-12,44.68014189625498,6,6,0.006711409395973154
AN19-rec-2d6d257d26fa579f25e5:phone:2,AN19-rec-2d6d257d26fa579f25e5,AN19.MIX.if5,Japanese,Japonic,bun,b ah n,1,ah,1.480153414460768e-29,79.87888728513788,6,6,0.006711409395973154
AN19-rec-2d7bc444d8b9db8b8506:phone:2,AN19-rec-2d7bc444d8b9db8b8506,AN19.SPA.sf3,Spanish,Romance,was,w aa z,1,aa,1.2939277088811795e-08,27.915836220203005,6,6,0.007246376811594203
AN19-rec-2d7dfee27457628e5029:phone:1,AN19-rec-2d7dfee27457628e5029,AN19.SPA.sm4,Spanish,Romance,page,p ey jh,0,p,6.469525285311387e-31,87.44530954492491,6,6,0.007194244604316547
AN19-rec-2d7fb83e4e0ed3e55fc6:phone:1,AN19-rec-2d7fb83e4e0ed3e55fc6,AN19.KOR.km2,Korean,Koreanic,shall,sh ae l,0,sh,0.0004085730593809734,14.779557919166628,6,6,0.006756756756756757
AN19-rec-2d7fb83e4e0ed3e55fc6:phone:2,AN19-rec-2d7fb83e4e0ed3e55fc6,AN19.KOR.km2,Korean,Koreanic,shall,sh ae l,1,ae,0.00022615280291356978,23.75267080474705,6,6,0.006756756756756757
AN19-rec-2d8f18155ac872427dfc:phone:2,AN19-rec-2d8f18155ac872427dfc,AN19.SPA.sm2,Spanish,Romance,wail,w ey l,1,ey,5.245755958041969e-20,51.40611441440684,6,6,0.007042253521126761
AN19-rec-2dbcb0c2035a4adb068c:phone:2,AN19-rec-2dbcb0c2035a4adb068c,AN19.MIX.im3,Russian,Slavic,shape,sh ey p,1,ey,0.015507516186776838,14.829640681669307,6,6,0.006756756756756757
AN19-rec-2dbee14a385d044c4111:phone:2,AN19-rec-2dbee14a385d044c4111,AN19.KOR.kf5,Korean,Koreanic,bun,b ah n,1,ah,4.095551281130982e-05,18.812221032422187,6,6,0.006993006993006993
AN19-rec-2dc38c44525000cdec5a:phone:1,AN19-rec-2dc38c44525000cdec5a,AN19.MIX.im2,Bengali,Indo-Aryan,shall,sh ae l,0,sh,7.267835709601299e-11,28.52348535407421,6,6,0.007246376811594203
AN19-rec-2dd3c7ba879bddacbcad:phone:3,AN19-rec-2dd3c7ba879bddacbcad,AN19.SPA.sf3,Spanish,Romance,hurl,hh er l,2,l,2.7333298550990063e-05,34.873914640824104,6,6,0.007246376811594203
AN19-rec-2ddef467c71a57a6cefe:phone:2,AN19-rec-2ddef467c71a57a6cefe,AN19.KOR.kf2,Korean,Koreanic,neck,n eh k,1,eh,3.721406854249727e-05,55.51741203528295,6,6,0.0072992700729927005
AN19-rec-2ddfa40a238d14b04518:phone:2,AN19-rec-2ddfa40a238d14b04518,AN19.SPA.sf5,Spanish,Romance,theme,th iy m,1,iy,1.8770195855893e-05,24.1496735885156,6,6,0.007194244604316547
AN19-rec-2ddfa40a238d14b04518:phone:3,AN19-rec-2ddfa40a238d14b04518,AN19.SPA.sf5,Spanish,Romance,theme,th iy m,2,m,6.506509324603166e-13,40.34352267791484,6,6,0.007194244604316547
AN19-rec-2df3776923f7fdb2357f:phone:3,AN19-rec-2df3776923f7fdb2357f,AN19.MIX.im2,Bengali,Indo-Aryan,hurl,hh er l,2,l,2.579884464978344e-15,62.21650302757209,6,6,0.007246376811594203
AN19-rec-2e30e526462bf3d45ab7:phone:1,AN19-rec-2e30e526462bf3d45ab7,AN19.MIX.im6,Hindi,Indo-Aryan,mote,m ow t,0,m,7.759865937581435e-21,68.33848343977702,6,6,0.006711409395973154
AN19-rec-2e30e526462bf3d45ab7:phone:2,AN19-rec-2e30e526462bf3d45ab7,AN19.MIX.im6,Hindi,Indo-Aryan,mote,m ow t,1,ow,5.387373937183767e-22,60.88921101040966,6,6,0.006711409395973154
AN19-rec-2e425c42e71e3fdbbfa3:phone:2,AN19-rec-2e425c42e71e3fdbbfa3,AN19.MIX.if4,German,Germanic,voice,v oy s,1,oy,1.0787807192036267e-07,36.668303386151415,6,6,0.0072992700729927005
AN19-rec-2e4e3ede2b5f0a98c9cd:phone:2,AN19-rec-2e4e3ede2b5f0a98c9cd,AN19.SPA.sm6,Spanish,Romance,ban,b ae n,1,ae,6.277029395674456e-08,20.12003161961253,6,6,0.006756756756756757
AN19-rec-2e636aede06668134b2f:phone:1,AN19-rec-2e636aede06668134b2f,AN19.MIX.if4,German,Germanic,soil,s oy l,0,s,0.00013504971137532216,16.666752132770988,6,6,0.0072992700729927005
AN19-rec-2e636aede06668134b2f:phone:2,AN19-rec-2e636aede06668134b2f,AN19.MIX.if4,German,Germanic,soil,s oy l,1,oy,0.02021804823429221,16.881849802241128,6,6,0.0072992700729927005
AN19-rec-2e7bcecb26cdd90fe2ca:phone:3,AN19-rec-2e7bcecb26cdd90fe2ca,AN19.MIX.if4,German,Germanic,bead,b iy d,2,d,1.7115963662019822e-05,23.709775188906637,6,6,0.0072992700729927005
AN19-rec-2e7d949cdaefa4298802:phone:3,AN19-rec-2e7d949cdaefa4298802,AN19.MIX.if3,French,Romance,dog,d ao g,2,g,2.297222636900194e-10,48.43002672097513,6,6,0.006993006993006993
AN19-rec-2e9a4b674ec0b90552c6:phone:3,AN19-rec-2e9a4b674ec0b90552c6,AN19.MIX.im1,Romanian,Romance,fin,f ih n,2,n,0.0017965811173698614,29.550828510187827,6,6,0.006802721088435374
AN19-rec-2e9ba98a994f0c72b7c7:phone:1,AN19-rec-2e9ba98a994f0c72b7c7,AN19.KOR.kf2,Korean,Koreanic,chief,ch iy f,0,ch,0.007431758995401979,28.505731085136755,6,6,0.0072992700729927005
AN19-rec-2e9ba98a994f0c72b7c7:phone:2,AN19-rec-2e9ba98a994f0c72b7c7,AN19.KOR.kf2,Korean,Koreanic,chief,ch iy f,1,iy,4.120231673457194e-08,36.57674470423339,6,6,0.0072992700729927005
AN19-rec-2e9de96f961d1dd09e8d:phone:2,AN19-rec-2e9de96f961d1dd09e8d,AN19.MIX.if5,Japanese,Japonic,neck,n eh k,1,eh,1.8540899682464772e-12,63.10408136998933,6,6,0.006711409395973154
AN19-rec-2ea58ae197d6eb4611a5:phone:3,AN19-rec-2ea58ae197d6eb4611a5,AN19.SPA.sm3,Spanish,Romance,lame,l ey m,2,m,5.789567191907182e-07,27.199465681110343,6,6,0.0072992700729927005
AN19-rec-2eb41ad202167867a9d5:phone:2,AN19-rec-2eb41ad202167867a9d5,AN19.SPA.sf1,Spanish,Romance,wrong,r ao ng,1,ao,1.5840750954854966e-08,30.58411037636436,6,8,0.006896551724137931
AN19-rec-2eb55c2a3bd8ac9b39ba:phone:2,AN19-rec-2eb55c2a3bd8ac9b39ba,AN19.SPA.sf5,Spanish,Romance,teeth,t iy th,1,iy,9.346295254881002e-21,50.3269971062106,6,6,0.007194244604316547
AN19-rec-2ecfc9454b3fdaa76d27:phone:2,AN19-rec-2ecfc9454b3fdaa76d27,AN19.KOR.km2,Korean,Koreanic,size,s ay z,1,ay,0.0005377048764750287,21.61677775942632,6,6,0.006756756756756757
AN19-rec-2ed0aa39f3f369eb0ed5:phone:1,AN19-rec-2ed0aa39f3f369eb0ed5,AN19.MIX.if4,German,Germanic,job,jh aa b,0,jh,0.0006562501318706143,77.27311951990684,6,6,0.0072992700729927005
AN19-rec-2ed88596187bb74a081c:phone:1,AN19-rec-2ed88596187bb74a081c,AN19.KOR.kf2,Korean,Koreanic,rim,r ih m,0,r,2.3187546791865763e-07,59.8054707628184,6,6,0.0072992700729927005
AN19-rec-2ede6c6eb50da41803b2:phone:2,AN19-rec-2ede6c6eb50da41803b2,AN19.SPA.sf5,Spanish,Romance,lad,l ae d,1,ae,1.0484132233699594e-23,60.47757064707528,6,6,0.007194244604316547
AN19-rec-2f0638cd28107b8baff3:phone:1,AN19-rec-2f0638cd28107b8baff3,AN19.KOR.km8,Korean,Koreanic,mall,m ao l,0,m,3.016204510775098e-11,43.19883080898165,6,6,0.006896551724137931
AN19-rec-2f0715d1a3c4a6a190ff:phone:3,AN19-rec-2f0715d1a3c4a6a190ff,AN19.SPA.sm6,Spanish,Romance,pup,p ah p,2,p,2.996435143816404e-05,37.92596196389229,6,6,0.006756756756756757
AN19-rec-2f0b70a0c43edfb048e3:phone:3,AN19-rec-2f0b70a0c43edfb048e3,AN19.SPA.sf4,Spanish,Romance,toot,t uw t,2,t,8.789178076309543e-11,25.273436621725622,6,6,0.0070921985815602835
AN19-rec-2f19d6596de38d6b54e7:phone:1,AN19-rec-2f19d6596de38d6b54e7,AN19.KOR.km6,Korean,Koreanic,soak,s ow k,0,s,5.268165692738858e-15,36.6661907057378,6,6,0.007042253521126761
AN19-rec-2f19d6596de38d6b54e7:phone:2,AN19-rec-2f19d6596de38d6b54e7,AN19.KOR.km6,Korean,Koreanic,soak,s ow k,1,ow,4.648752126221349e-24,68.16438762840845,6,6,0.007042253521126761
AN19-rec-2f3786547ffe96bcb9ac:phone:2,AN19-rec-2f3786547ffe96bcb9ac,AN19.KOR.km7,Korean,Koreanic,lace,l ey s,1,ey,0.016867098688185863,18.01515016584017,6,6,0.006711409395973154
AN19-rec-2f3a178f3b6a8e08fff0:phone:1,AN19-rec-2f3a178f3b6a8e08fff0,AN19.KOR.kf2,Korean,Koreanic,den,d eh n,0,d,0.0010942036409817104,26.312050781275847,6,6,0.0072992700729927005
AN19-rec-2f3a178f3b6a8e08fff0:phone:2,AN19-rec-2f3a178f3b6a8e08fff0,AN19.KOR.kf2,Korean,Koreanic,den,d eh n,1,eh,0.0003823913247748766,26.164370487921044,6,6,0.0072992700729927005
AN19-rec-2f5950e455f53041ea72:phone:3,AN19-rec-2f5950e455f53041ea72,AN19.KOR.km2,Korean,Koreanic,hurl,hh er l,2,l,2.6197127907916253e-05,30.244407623198228,6,6,0.006756756756756757
AN19-rec-2f627c6bda3c460ce27a:phone:3,AN19-rec-2f627c6bda3c460ce27a,AN19.SPA.sm4,Spanish,Romance,white,w ay t,2,t,1.1992399352470613e-06,60.543966087942486,6,6,0.007194244604316547
AN19-rec-2f66d2e5082411de9ea5:phone:2,AN19-rec-2f66d2e5082411de9ea5,AN19.SPA.sf3,Spanish,Romance,wash,w aa sh,1,aa,3.1518496078284864e-07,36.080771289566144,6,6,0.007246376811594203
AN19-rec-2f80fd756dd3326c936f:phone:3,AN19-rec-2f80fd756dd3326c936f,AN19.MIX.if4,German,Germanic,thought,th ao t,2,t,2.7257100554984874e-07,37.18233260827156,6,6,0.0072992700729927005
AN19-rec-2faa4efe1528b1c4cccd:phone:1,AN19-rec-2faa4efe1528b1c4cccd,AN19.KOR.kf5,Korean,Koreanic,lice,l ay s,0,l,0.004350581263378706,13.596994122964832,6,6,0.006993006993006993
AN19-rec-2faa4efe1528b1c4cccd:phone:2,AN19-rec-2faa4efe1528b1c4cccd,AN19.KOR.kf5,Korean,Koreanic,lice,l ay s,1,ay,5.292885793683496e-06,22.340144710558363,6,6,0.006993006993006993
AN19-rec-2fbda3ec74bc94151d5f:phone:3,AN19-rec-2fbda3ec74bc94151d5f,AN19.KOR.km1,Korean,Koreanic,hash,hh ae sh,2,sh,1.5398541431438895e-05,35.46279181192864,6,6,0.0072992700729927005
AN19-rec-2fd202cd6cc60299967e:phone:1,AN19-rec-2fd202cd6cc60299967e,AN19.KOR.km7,Korean,Koreanic,rim,r ih m,0,r,0.00030613997880898593,49.28972851234425,6,6,0.006711409395973154
AN19-rec-2fe565767a320399b8b9:phone:2,AN19-rec-2fe565767a320399b8b9,AN19.KOR.km2,Korean,Koreanic,leg,l eh g,1,eh,1.814622966947672e-05,60.96826920933336,6,6,0.006756756756756757
AN19-rec-2ff61eedbb7e0bbb4138:phone:2,AN19-rec-2ff61eedbb7e0bbb4138,AN19.SPA.sm5,Spanish,Romance,rat,r ae t,1,ae,0.001457091223058861,20.456692883359253,6,6,0.006896551724137931
AN19-rec-2ffcf1178b5f66e3e578:phone:2,AN19-rec-2ffcf1178b5f66e3e578,AN19.MIX.if2,Dutch,Germanic,mace,m ey s,1,ey,7.537174722822166e-05,34.934898522856905,6,6,0.006944444444444444
AN19-rec-2ffcf1178b5f66e3e578:phone:3,AN19-rec-2ffcf1178b5f66e3e578,AN19.MIX.if2,Dutch,Germanic,mace,m ey s,2,s,4.321088881074132e-06,39.93421736372248,6,6,0.006944444444444444
AN19-rec-2ffdcec4b79d7c3e681a:phone:1,AN19-rec-2ffdcec4b79d7c3e681a,AN19.MIX.if4,German,Germanic,dune,d uw n,0,d,3.587796362066995e-05,26.455395715105208,6,6,0.0072992700729927005
AN19-rec-300411033ae715c81333:phone:2,AN19-rec-300411033ae715c81333,AN19.SPA.sf6,Spanish,Romance,neck,n eh k,1,eh,4.75076273480003e-14,60.48346858869613,6,6,0.007042253521126761
AN19-rec-30052bd9a0326d95ea83:phone:3,AN19-rec-30052bd9a0326d95ea83,AN19.KOR.km1,Korean,Koreanic,both,b ow th,2,th,3.459741977625692e-10,30.597237202200212,6,6,0.0072992700729927005
AN19-rec-302c48724f3ac4db5b52:phone:3,AN19-rec-302c48724f3ac4db5b52,AN19.SPA.sf3,Spanish,Romance,pup,p ah p,2,p,1.9955177909732183e-10,43.016270217655965,6,6,0.007246376811594203
AN19-rec-3032e2c6b189e5baf8b5:phone:3,AN19-rec-3032e2c6b189e5baf8b5,AN19.KOR.km7,Korean,Koreanic,toot,t uw t,2,t,2.7329992689108146e-05,24.26823061468048,6,6,0.006711409395973154
AN19-rec-30443a1f9fb6df36f455:phone:2,AN19-rec-30443a1f9fb6df36f455,AN19.MIX.if5,Japanese,Japonic,fool,f uw l,1,uw,1.2165922402491485e-09,29.40780730745629,6,6,0.006711409395973154
AN19-rec-3070710bcc1dd28a7f5b:phone:1,AN19-rec-3070710bcc1dd28a7f5b,AN19.MIX.im1,Romanian,Romance,young,y ah ng,0,y,1.9427489797688454e-08,29.016582664020717,6,6,0.006802721088435374
AN19-rec-3070710bcc1dd28a7f5b:phone:3,AN19-rec-3070710bcc1dd28a7f5b,AN19.MIX.im1,Romanian,Romance,young,y ah ng,2,ng,1.9653335598475674e-07,46.71501192661895,6,6,0.006802721088435374
AN19-rec-307ece2b164ca8dff45b:phone:2,AN19-rec-307ece2b164ca8dff45b,AN19.SPA.sm5,Spanish,Romance,shape,sh ey p,1,ey,0.0019109149874471296,18.98939167575736,6,6,0.006896551724137931
AN19-rec-3080559301332bca08c6:phone:2,AN19-rec-3080559301332bca08c6,AN19.KOR.kf1,Korean,Koreanic,lad,l ae d,1,ae,1.4732694241820686e-11,29.76910310863995,6,6,0.0072992700729927005
AN19-rec-308135efde1b25a51062:phone:2,AN19-rec-308135efde1b25a51062,AN19.MIX.if6,Somali,Afro-Asiatic,teat,t iy t,1,iy,4.340131448497538e-06,22.369301745565952,6,6,0.007246376811594203
AN19-rec-30a0dc4c135a6c16730c:phone:1,AN19-rec-30a0dc4c135a6c16730c,AN19.SPA.sf6,Spanish,Romance,check,ch eh k,0,ch,0.005849631335937033,19.43218652979027,6,6,0.007042253521126761
AN19-rec-30af3d164777aeaf22b2:phone:1,AN19-rec-30af3d164777aeaf22b2,AN19.MIX.if5,Japanese,Japonic,rim,r ih m,0,r,3.376632837214283e-12,63.82209154094895,6,6,0.006711409395973154
AN19-rec-30b98f3b3c640be65b03:phone:1,AN19-rec-30b98f3b3c640be65b03,AN19.KOR.kf3,Korean,Koreanic,jack,jh ae k,0,jh,1.795572717975428e-05,13.924366792678953,6,6,0.007246376811594203
AN19-rec-30b98f3b3c640be65b03:phone:3,AN19-rec-30b98f3b3c640be65b03,AN19.KOR.kf3,Korean,Koreanic,jack,jh ae k,2,k,2.3584252767746826e-23,60.68253323272386,6,6,0.007246376811594203
AN19-rec-30e4e4638efc84348f6f:phone:1,AN19-rec-30e4e4638efc84348f6f,AN19.KOR.km6,Korean,Koreanic,girl,g er l,0,g,7.974732934847008e-05,40.95461263495712,6,6,0.007042253521126761
AN19-rec-30e67611f6074681f417:phone:2,AN19-rec-30e67611f6074681f417,AN19.SPA.sm3,Spanish,Romance,live,l ay v,1,ay,8.802824050310135e-17,53.01114112839743,6,6,0.0072992700729927005
AN19-rec-30f024fd6061d7e34308:phone:1,AN19-rec-30f024fd6061d7e34308,AN19.MIX.im3,Russian,Slavic,soil,s oy l,0,s,7.235975058987113e-05,14.655384432979716,6,6,0.006756756756756757
AN19-rec-30f024fd6061d7e34308:phone:2,AN19-rec-30f024fd6061d7e34308,AN19.MIX.im3,Russian,Slavic,soil,s oy l,1,oy,0.00010298765858438703,21.001936408162425,6,6,0.006756756756756757
AN19-rec-30f55076ddeb3c7d0468:phone:2,AN19-rec-30f55076ddeb3c7d0468,AN19.SPA.sf4,Spanish,Romance,rat,r ae t,1,ae,7.664279927219209e-24,80.44689753969956,6,6,0.0070921985815602835
AN19-rec-30fd781d3f06f8dfbc52:phone:2,AN19-rec-30fd781d3f06f8dfbc52,AN19.KOR.km8,Korean,Koreanic,roof,r uw f,1,uw,0.003219546991596777,21.002997603167497,6,6,0.006896551724137931
AN19-rec-310ae5523e9b7bfdff4d:phone:1,AN19-rec-310ae5523e9b7bfdff4d,AN19.KOR.km8,Korean,Koreanic,soil,s oy l,0,s,9.279813887499874e-05,13.640793123823023,6,6,0.006896551724137931
AN19-rec-310ae5523e9b7bfdff4d:phone:2,AN19-rec-310ae5523e9b7bfdff4d,AN19.KOR.km8,Korean,Koreanic,soil,s oy l,1,oy,0.00444175978506266,18.009279620748462,6,6,0.006896551724137931
AN19-rec-311f57c0504c071e0afa:phone:1,AN19-rec-311f57c0504c071e0afa,AN19.SPA.sf4,Spanish,Romance,gut,g ah t,0,g,1.056116244221828e-17,68.55394029117353,6,6,0.0070921985815602835
AN19-rec-311f57c0504c071e0afa:phone:3,AN19-rec-311f57c0504c071e0afa,AN19.SPA.sf4,Spanish,Romance,gut,g ah t,2,t,1.0350278300417417e-13,41.606785559046216,6,6,0.0070921985815602835
AN19-rec-312014782d01697617ad:phone:2,AN19-rec-312014782d01697617ad,AN19.SPA.sm3,Spanish,Romance,suck,s ah k,1,ah,2.247071306573698e-15,68.16126447539274,6,6,0.0072992700729927005
AN19-rec-312014782d01697617ad:phone:3,AN19-rec-312014782d01697617ad,AN19.SPA.sm3,Spanish,Romance,suck,s ah k,2,k,5.660002010675336e-05,31.4694537911646,6,6,0.0072992700729927005
AN19-rec-316fba2e70ef42d60ff8:phone:2,AN19-rec-316fba2e70ef42d60ff8,AN19.MIX.if1,Albanian,Albanian,pull,p uh l,1,uh,6.417662881415508e-07,42.40995497797985,6,6,0.0070921985815602835
AN19-rec-317199971604619bb24c:phone:2,AN19-rec-317199971604619bb24c,AN19.MIX.im4,Mandarin,Sino-Tibetan,teat,t iy t,1,iy,3.402431709096557e-07,26.98081224204136,6,6,0.006993006993006993
AN19-rec-317824a823257cf0a374:phone:2,AN19-rec-317824a823257cf0a374,AN19.KOR.km6,Korean,Koreanic,pull,p uh l,1,uh,2.8279705562191735e-07,30.99041595977579,6,6,0.007042253521126761
AN19-rec-317a8cfb70be52db11ac:phone:2,AN19-rec-317a8cfb70be52db11ac,AN19.SPA.sf3,Spanish,Romance,fool,f uw l,1,uw,9.31768023734039e-06,20.6174993136056,6,6,0.007246376811594203
AN19-rec-318c77695317580bfc82:phone:1,AN19-rec-318c77695317580bfc82,AN19.SPA.sm5,Spanish,Romance,league,l iy g,0,l,2.2887507980672324e-20,62.8288928097148,6,6,0.006896551724137931
AN19-rec-318c77695317580bfc82:phone:2,AN19-rec-318c77695317580bfc82,AN19.SPA.sm5,Spanish,Romance,league,l iy g,1,iy,3.466651452066756e-10,32.47080921355241,6,6,0.006896551724137931
AN19-rec-318c77695317580bfc82:phone:3,AN19-rec-318c77695317580bfc82,AN19.SPA.sm5,Spanish,Romance,league,l iy g,2,g,1.7572761419495045e-05,21.391335784695983,6,6,0.006896551724137931
AN19-rec-319d49340b89a5f6e8dc:phone:2,AN19-rec-319d49340b89a5f6e8dc,AN19.MIX.if6,Somali,Afro-Asiatic,caught,k aa t,1,aa,0.006741381476704218,72.25952070513458,6,6,0.007246376811594203
AN19-rec-31b38680e8da3d2f2c73:phone:3,AN19-rec-31b38680e8da3d2f2c73,AN19.SPA.sf6,Spanish,Romance,lame,l ey m,2,m,7.745679149811793e-10,29.303237439178695,6,6,0.007042253521126761
AN19-rec-31df69ae344fc221288f:phone:1,AN19-rec-31df69ae344fc221288f,AN19.MIX.if4,German,Germanic,weed,w iy d,0,w,1.1366531924392085e-08,56.32690452177575,6,6,0.0072992700729927005
AN19-rec-32146632d1d8a24938e6:phone:2,AN19-rec-32146632d1d8a24938e6,AN19.SPA.sm3,Spanish,Romance,size,s ay z,1,ay,3.5916565694192254e-05,21.600350722127903,6,6,0.0072992700729927005
AN19-rec-3217df072a8898f0d4ca:phone:3,AN19-rec-3217df072a8898f0d4ca,AN19.MIX.im4,Mandarin,Sino-Tibetan,fin,f ih n,2,n,1.936749810035617e-06,29.39416518297621,6,6,0.006993006993006993
AN19-rec-32391c7ee9ebaee66f13:phone:1,AN19-rec-32391c7ee9ebaee66f13,AN19.MIX.if4,German,Germanic,pool,p uw l,0,p,4.541064535236177e-06,23.220608163603345,6,6,0.0072992700729927005
AN19-rec-325443299ab42f3cbcc6:phone:1,AN19-rec-325443299ab42f3cbcc6,AN19.SPA.sm3,Spanish,Romance,league,l iy g,0,l,0.0022570784032605383,17.878418887179624,6,6,0.0072992700729927005
AN19-rec-325443299ab42f3cbcc6:phone:2,AN19-rec-325443299ab42f3cbcc6,AN19.SPA.sm3,Spanish,Romance,league,l iy g,1,iy,9.52582340339838e-06,19.33214449977006,6,6,0.0072992700729927005
AN19-rec-325443299ab42f3cbcc6:phone:3,AN19-rec-325443299ab42f3cbcc6,AN19.SPA.sm3,Spanish,Romance,league,l iy g,2,g,9.552483482081637e-08,28.391678618179316,6,6,0.0072992700729927005
AN19-rec-32756f55f1ac5d93febf:phone:1,AN19-rec-32756f55f1ac5d93febf,AN19.KOR.kf4,Korean,Koreanic,check,ch eh k,0,ch,1.9879264997551994e-14,68.66799682302108,6,6,0.0070921985815602835
AN19-rec-32aa7c22e06c6a0a96a3:phone:1,AN19-rec-32aa7c22e06c6a0a96a3,AN19.MIX.im1,Romanian,Romance,both,b ow th,0,b,2.3260195879852084e-06,20.865930034402272,6,6,0.006802721088435374
AN19-rec-32aa7c22e06c6a0a96a3:phone:3,AN19-rec-32aa7c22e06c6a0a96a3,AN19.MIX.im1,Romanian,Romance,both,b ow th,2,th,9.68949157464198e-12,32.79416005589051,6,6,0.006802721088435374
AN19-rec-32b216b0d106d15d3546:phone:3,AN19-rec-32b216b0d106d15d3546,AN19.MIX.if4,German,Germanic,peace,p iy s,2,s,0.004634082978111545,26.162983999325917,6,6,0.0072992700729927005
AN19-rec-32ccce2ef12a55bfa115:phone:1,AN19-rec-32ccce2ef12a55bfa115,AN19.MIX.if5,Japanese,Japonic,girl,g er l,0,g,1.5268407952682263e-09,34.55424988302871,6,6,0.006711409395973154
AN19-rec-32ddd1fa9314d07e3455:phone:3,AN19-rec-32ddd1fa9314d07e3455,AN19.MIX.im3,Russian,Slavic,dog,d ao g,2,g,1.0389985894665187e-05,47.304287731272815,6,6,0.006756756756756757
AN19-rec-32ee51d568f99bc79b76:phone:3,AN19-rec-32ee51d568f99bc79b76,AN19.SPA.sm5,Spanish,Romance,curve,k er v,2,v,2.0676063527502194e-05,18.457543835036528,6,6,0.006896551724137931
AN19-rec-32f566df4ee47466c6f4:phone:2,AN19-rec-32f566df4ee47466c6f4,AN19.MIX.im4,Mandarin,Sino-Tibetan,rat,r ae t,1,ae,0.052011044170107205,19.7676208130148,6,6,0.006993006993006993
AN19-rec-32fd80a8950217a8571e:phone:1,AN19-rec-32fd80a8950217a8571e,AN19.SPA.sm5,Spanish,Romance,give,g ih v,0,g,3.296962180588491e-07,24.46437001494125,6,6,0.006896551724137931
AN19-rec-33048b3e864c34ba746e:phone:3,AN19-rec-33048b3e864c34ba746e,AN19.KOR.kf4,Korean,Koreanic,peace,p iy s,2,s,5.049371257655831e-07,20.67001343538568,6,6,0.0070921985815602835
AN19-rec-330604e2b6912148eca1:phone:1,AN19-rec-330604e2b6912148eca1,AN19.MIX.if4,German,Germanic,hoot,hh uw t,0,hh,0.0011073959085237527,34.720623512112006,6,6,0.0072992700729927005
AN19-rec-330604e2b6912148eca1:phone:3,AN19-rec-330604e2b6912148eca1,AN19.MIX.if4,German,Germanic,hoot,hh uw t,2,t,1.108365634772054e-09,31.943175060361654,6,6,0.0072992700729927005
AN19-rec-3318290f012a5e99e6d1:phone:2,AN19-rec-3318290f012a5e99e6d1,AN19.SPA.sm4,Spanish,Romance,wrong,r ao ng,1,ao,6.812890982544453e-24,74.39667212718012,6,8,0.007194244604316547
AN19-rec-334af48cdd82d2979d1c:phone:1,AN19-rec-334af48cdd82d2979d1c,AN19.KOR.km2,Korean,Koreanic,balm,b aa m,0,b,0.0051442768779565015,50.13753013966925,6,6,0.006756756756756757
AN19-rec-33613a1696278291576c:phone:2,AN19-rec-33613a1696278291576c,AN19.SPA.sm2,Spanish,Romance,rat,r ae t,1,ae,0.0024771031135125726,19.27908598268601,6,6,0.007042253521126761
AN19-rec-336ac826080450be9c43:phone:1,AN19-rec-336ac826080450be9c43,AN19.MIX.if4,German,Germanic,thick,th ih k,0,th,1.6690723078654296e-19,73.77576287969985,6,6,0.0072992700729927005
AN19-rec-336ac826080450be9c43:phone:2,AN19-rec-336ac826080450be9c43,AN19.MIX.if4,German,Germanic,thick,th ih k,1,ih,2.1751715725212865e-21,60.63766476672739,6,6,0.0072992700729927005
AN19-rec-336d6c5012c968175cc5:phone:2,AN19-rec-336d6c5012c968175cc5,AN19.MIX.if4,German,Germanic,full,f uh l,1,uh,4.311399616793084e-07,24.704105064790884,6,6,0.0072992700729927005
AN19-rec-336e0970dec70fd52539:phone:2,AN19-rec-336e0970dec70fd52539,AN19.KOR.kf5,Korean,Koreanic,mat,m ae t,1,ae,4.912974347867863e-06,24.605637331924655,6,6,0.006993006993006993
AN19-rec-33747e7b102edf5a95d6:phone:2,AN19-rec-33747e7b102edf5a95d6,AN19.MIX.if1,Albanian,Albanian,long,l ao ng,1,ao,8.02935972383707e-06,32.79997186064912,6,6,0.0070921985815602835
AN19-rec-33747e7b102edf5a95d6:phone:3,AN19-rec-33747e7b102edf5a95d6,AN19.MIX.if1,Albanian,Albanian,long,l ao ng,2,ng,3.1608612326077072e-06,19.31604254244243,6,6,0.0070921985815602835
AN19-rec-33926ecbeb456339c1ab:phone:1,AN19-rec-33926ecbeb456339c1ab,AN19.SPA.sm2,Spanish,Romance,ship,sh ih p,0,sh,0.005822583874183031,8.007678816596346,6,6,0.007042253521126761
AN19-rec-33926ecbeb456339c1ab:phone:3,AN19-rec-33926ecbeb456339c1ab,AN19.SPA.sm2,Spanish,Romance,ship,sh ih p,2,p,1.3108939777089148e-06,17.158608578275434,6,6,0.007042253521126761
AN19-rec-3396401ca867c1de3453:phone:3,AN19-rec-3396401ca867c1de3453,AN19.MIX.im3,Russian,Slavic,faith,f ey th,2,th,6.913841951303678e-12,47.4435935619395,6,6,0.006756756756756757
AN19-rec-33b342326c6ac2804ea4:phone:2,AN19-rec-33b342326c6ac2804ea4,AN19.MIX.if6,Somali,Afro-Asiatic,suck,s ah k,1,ah,4.480833911007759e-24,76.58759313431456,6,6,0.007246376811594203
AN19-rec-33b76f3b6ea3669a6f8d:phone:1,AN19-rec-33b76f3b6ea3669a6f8d,AN19.KOR.km8,Korean,Koreanic,con,k aa n,0,k,0.031009198493012036,12.03338993834359,6,6,0.006896551724137931
AN19-rec-33b76f3b6ea3669a6f8d:phone:2,AN19-rec-33b76f3b6ea3669a6f8d,AN19.KOR.km8,Korean,Koreanic,con,k aa n,1,aa,4.157794435175214e-06,28.53915881704142,6,6,0.006896551724137931
AN19-rec-33c68580504396b5349e:phone:1,AN19-rec-33c68580504396b5349e,AN19.KOR.km6,Korean,Koreanic,hid,hh ih d,0,hh,8.944106277079875e-09,30.772231521040965,6,6,0.007042253521126761
AN19-rec-33c68580504396b5349e:phone:3,AN19-rec-33c68580504396b5349e,AN19.KOR.km6,Korean,Koreanic,hid,hh ih d,2,d,9.77574090925651e-07,33.642710089475514,6,6,0.007042253521126761
AN19-rec-33dba3a5048d1a1b08d7:phone:2,AN19-rec-33dba3a5048d1a1b08d7,AN19.KOR.km3,Korean,Koreanic,mace,m ey s,1,ey,0.0001182122636517588,22.53050561109534,6,6,0.006666666666666667
AN19-rec-33dba3a5048d1a1b08d7:phone:3,AN19-rec-33dba3a5048d1a1b08d7,AN19.KOR.km3,Korean,Koreanic,mace,m ey s,2,s,7.33192104579905e-12,49.12796112555025,6,6,0.006666666666666667
AN19-rec-33e6f501539ae7d4b245:phone:3,AN19-rec-33e6f501539ae7d4b245,AN19.MIX.if2,Dutch,Germanic,pad,p ae d,2,d,0.0008326055049933264,14.857151162084028,6,6,0.006944444444444444
AN19-rec-340251cc9426f87bc59a:phone:2,AN19-rec-340251cc9426f87bc59a,AN19.MIX.if2,Dutch,Germanic,was,w aa z,1,aa,5.5196771814099595e-05,21.202753521676048,6,6,0.006944444444444444
AN19-rec-3408704448c21713791f:phone:1,AN19-rec-3408704448c21713791f,AN19.MIX.if4,German,Germanic,gave,g ey v,0,g,5.872346183409169e-15,47.41329975567825,6,6,0.0072992700729927005
AN19-rec-341a6c32b1b9ed53e0e7:phone:3,AN19-rec-341a6c32b1b9ed53e0e7,AN19.KOR.km8,Korean,Koreanic,death,d eh th,2,th,5.660282078146097e-13,51.52009029525353,6,6,0.006896551724137931
AN19-rec-341f0cfaa393da9eed18:phone:3,AN19-rec-341f0cfaa393da9eed18,AN19.SPA.sm5,Spanish,Romance,serve,s er v,2,v,0.007460064502182603,12.685412427329116,6,6,0.006896551724137931
AN19-rec-343b2b02f27d99003aee:phone:3,AN19-rec-343b2b02f27d99003aee,AN19.SPA.sf4,Spanish,Romance,gas,g ae s,2,s,4.416496776995238e-09,43.60270259809615,6,6,0.0070921985815602835
AN19-rec-344a6e4092fea7b4a8fa:phone:1,AN19-rec-344a6e4092fea7b4a8fa,AN19.KOR.km7,Korean,Koreanic,chief,ch iy f,0,ch,6.015472187226849e-07,24.94529974527549,6,6,0.006711409395973154
AN19-rec-344a6e4092fea7b4a8fa:phone:2,AN19-rec-344a6e4092fea7b4a8fa,AN19.KOR.km7,Korean,Koreanic,chief,ch iy f,1,iy,0.00177644273676038,31.02295331183903,6,6,0.006711409395973154
AN19-rec-346eb82d1d425f4c9f2e:phone:2,AN19-rec-346eb82d1d425f4c9f2e,AN19.MIX.im6,Hindi,Indo-Aryan,mace,m ey s,1,ey,5.1469007900382664e-05,23.37097633100349,6,6,0.006711409395973154
AN19-rec-346eb82d1d425f4c9f2e:phone:3,AN19-rec-346eb82d1d425f4c9f2e,AN19.MIX.im6,Hindi,Indo-Aryan,mace,m ey s,2,s,8.738694147558367e-07,44.97895053790459,6,6,0.006711409395973154
AN19-rec-34757380fba731a00ff2:phone:1,AN19-rec-34757380fba731a00ff2,AN19.KOR.km3,Korean,Koreanic,soak,s ow k,0,s,6.688075373072407e-05,14.20407671204748,6,6,0.006666666666666667
AN19-rec-34757380fba731a00ff2:phone:2,AN19-rec-34757380fba731a00ff2,AN19.KOR.km3,Korean,Koreanic,soak,s ow k,1,ow,8.91000478796107e-07,29.32012954067795,6,6,0.006666666666666667
AN19-rec-3488ed5806bc55ea530e:phone:2,AN19-rec-3488ed5806bc55ea530e,AN19.SPA.sm6,Spanish,Romance,full,f uh l,1,uh,7.368671089662191e-06,30.92437021698065,6,6,0.006756756756756757
AN19-rec-348d75ea59a67da539fb:phone:2,AN19-rec-348d75ea59a67da539fb,AN19.KOR.kf5,Korean,Koreanic,rhyme,r ay m,1,ay,1.1024482023070323e-05,30.430198125534197,6,6,0.006993006993006993
AN19-rec-348d75ea59a67da539fb:phone:3,AN19-rec-348d75ea59a67da539fb,AN19.KOR.kf5,Korean,Koreanic,rhyme,r ay m,2,m,6.393093934353222e-11,41.282526228413126,6,6,0.006993006993006993
AN19-rec-34cbfcd9635cf5a70b90:phone:2,AN19-rec-34cbfcd9635cf5a70b90,AN19.MIX.if3,French,Romance,watch,w aa ch,1,aa,1.0840250416570924e-33,106.90260768633988,6,6,0.006993006993006993
AN19-rec-34d1be67987f33d9f12c:phone:1,AN19-rec-34d1be67987f33d9f12c,AN19.KOR.km3,Korean,Koreanic,page,p ey jh,0,p,0.03650680491471772,10.301903246836622,6,6,0.006666666666666667
AN19-rec-34d1be67987f33d9f12c:phone:3,AN19-rec-34d1be67987f33d9f12c,AN19.KOR.km3,Korean,Koreanic,page,p ey jh,2,jh,6.048090385257266e-14,58.70921472036466,6,6,0.006666666666666667
AN19-rec-34dc8d32a7f987fc9f50:phone:1,AN19-rec-34dc8d32a7f987fc9f50,AN19.KOR.km8,Korean,Koreanic,rough,r ah f,0,r,1.2506199124060758e-07,23.56137216931521,6,6,0.006896551724137931
AN19-rec-34eff15b0481c3577d5e:phone:1,AN19-rec-34eff15b0481c3577d5e,AN19.MIX.im3,Russian,Slavic,league,l iy g,0,l,1.2342670482539236e-07,30.53137818907042,6,6,0.006756756756756757
AN19-rec-34eff15b0481c3577d5e:phone:2,AN19-rec-34eff15b0481c3577d5e,AN19.MIX.im3,Russian,Slavic,league,l iy g,1,iy,3.1430184619075794e-05,16.823447039540998,6,6,0.006756756756756757
AN19-rec-34eff15b0481c3577d5e:phone:3,AN19-rec-34eff15b0481c3577d5e,AN19.MIX.im3,Russian,Slavic,league,l iy g,2,g,3.580722081830105e-07,28.77555954672626,6,6,0.006756756756756757
AN19-rec-34f163934fd7e9d92868:phone:1,AN19-rec-34f163934fd7e9d92868,AN19.KOR.kf5,Korean,Koreanic,cheer,ch ih r,0,ch,2.432715079501402e-06,43.16956921309316,6,6,0.006993006993006993
AN19-rec-34f163934fd7e9d92868:phone:3,AN19-rec-34f163934fd7e9d92868,AN19.KOR.kf5,Korean,Koreanic,cheer,ch ih r,2,r,0.0002745750237633956,17.363161565393074,6,6,0.006993006993006993
AN19-rec-34f7645ee44bc8accce6:phone:3,AN19-rec-34f7645ee44bc8accce6,AN19.SPA.sf4,Spanish,Romance,thought,th ao t,2,t,2.7170722503518463e-34,86.3352224049117,6,6,0.0070921985815602835
AN19-rec-3500efa9ec0d2ca94929:phone:2,AN19-rec-3500efa9ec0d2ca94929,AN19.KOR.kf3,Korean,Koreanic,lose,l uw z,1,uw,1.4816257218418178e-22,78.24769828021819,6,6,0.007246376811594203
AN19-rec-352491e454c58da41d3f:phone:2,AN19-rec-352491e454c58da41d3f,AN19.SPA.sf4,Spanish,Romance,shape,sh ey p,1,ey,0.0001720959358465162,18.47709246725402,6,6,0.0070921985815602835
AN19-rec-3527f72c9670ab3811c8:phone:2,AN19-rec-3527f72c9670ab3811c8,AN19.MIX.im2,Bengali,Indo-Aryan,sill,s ih l,1,ih,8.196841760653091e-05,13.383638756801831,6,6,0.007246376811594203
AN19-rec-352c5f6d6f4a50337e55:phone:1,AN19-rec-352c5f6d6f4a50337e55,AN19.SPA.sf1,Spanish,Romance,pool,p uw l,0,p,4.840246294283709e-12,33.16150580113387,6,6,0.006896551724137931
AN19-rec-3537a002d5ba66db42ae:phone:3,AN19-rec-3537a002d5ba66db42ae,AN19.KOR.kf6,Korean,Koreanic,job,jh aa b,2,b,2.057510613090602e-07,49.39367710015381,6,6,0.007042253521126761
AN19-rec-3541f43ba088ecdbc2c2:phone:1,AN19-rec-3541f43ba088ecdbc2c2,AN19.MIX.if6,Somali,Afro-Asiatic,league,l iy g,0,l,0.00018235827534167422,25.750496953379045,6,6,0.007246376811594203
AN19-rec-3541f43ba088ecdbc2c2:phone:2,AN19-rec-3541f43ba088ecdbc2c2,AN19.MIX.if6,Somali,Afro-Asiatic,league,l iy g,1,iy,2.8272904179828704e-19,52.24525319745137,6,6,0.007246376811594203
AN19-rec-3541f43ba088ecdbc2c2:phone:3,AN19-rec-3541f43ba088ecdbc2c2,AN19.MIX.if6,Somali,Afro-Asiatic,league,l iy g,2,g,4.008864457882506e-05,16.0960569322555,6,6,0.007246376811594203
AN19-rec-35556a089cf264655b06:phone:2,AN19-rec-35556a089cf264655b06,AN19.MIX.im1,Romanian,Romance,vice,v ay s,1,ay,8.443507812117113e-06,31.02908107700133,6,6,0.006802721088435374
AN19-rec-356668c905a6142a499e:phone:3,AN19-rec-356668c905a6142a499e,AN19.SPA.sm5,Spanish,Romance,mouth,m aw th,2,th,8.563284794334054e-08,39.884350936588135,6,6,0.006896551724137931
AN19-rec-357d89297cb0cacf7b33:phone:3,AN19-rec-357d89297cb0cacf7b33,AN19.KOR.km6,Korean,Koreanic,beak,b iy k,2,k,4.958149772501224e-07,39.3608574786848,6,6,0.007042253521126761
AN19-rec-3585eb17b40a23d6c34d:phone:2,AN19-rec-3585eb17b40a23d6c34d,AN19.SPA.sm7,Spanish,Romance,wail,w ey l,1,ey,5.0999876098509005e-20,51.99567531290535,6,6,0.007352941176470588
AN19-rec-359949100c6787636310:phone:2,AN19-rec-359949100c6787636310,AN19.MIX.if5,Japanese,Japonic,was,w aa z,1,aa,1.224094880542342e-38,123.43091138425932,6,6,0.006711409395973154
AN19-rec-35a494f26155e6d36ad9:phone:2,AN19-rec-35a494f26155e6d36ad9,AN19.KOR.km1,Korean,Koreanic,watch,w aa ch,1,aa,1.8877461270513907e-05,44.048977137784256,6,6,0.0072992700729927005
AN19-rec-35b21bebcacb4d300d9c:phone:2,AN19-rec-35b21bebcacb4d300d9c,AN19.MIX.if4,German,Germanic,wail,w ey l,1,ey,0.001924152580754069,28.07423723730216,6,6,0.0072992700729927005
AN19-rec-35b90e8de90f2837f1d0:phone:3,AN19-rec-35b90e8de90f2837f1d0,AN19.KOR.km1,Korean,Koreanic,lame,l ey m,2,m,1.4457710204183667e-12,37.89537563606761,6,6,0.0072992700729927005
AN19-rec-35c4d0270e24d7711b3f:phone:2,AN19-rec-35c4d0270e24d7711b3f,AN19.KOR.km1,Korean,Koreanic,thick,th ih k,1,ih,2.271890628380019e-22,62.15665187010588,6,6,0.0072992700729927005
AN19-rec-35c4d0270e24d7711b3f:phone:3,AN19-rec-35c4d0270e24d7711b3f,AN19.KOR.km1,Korean,Koreanic,thick,th ih k,2,k,3.335579850761569e-12,53.07143563271144,6,6,0.0072992700729927005
AN19-rec-35d6edfef139dad0e8de:phone:3,AN19-rec-35d6edfef139dad0e8de,AN19.KOR.kf3,Korean,Koreanic,hurl,hh er l,2,l,6.248631099253995e-07,29.165992966989148,6,6,0.007246376811594203
AN19-rec-35d8c32e6467946eb3fb:phone:3,AN19-rec-35d8c32e6467946eb3fb,AN19.SPA.sf6,Spanish,Romance,gas,g ae s,2,s,1.4459020685571414e-12,39.1825138820076,6,6,0.007042253521126761
AN19-rec-35dcdc3662ba825e7f63:phone:1,AN19-rec-35dcdc3662ba825e7f63,AN19.KOR.kf3,Korean,Koreanic,soil,s oy l,0,s,2.655162538815437e-06,20.64558220494475,6,6,0.007246376811594203
AN19-rec-35dcdc3662ba825e7f63:phone:2,AN19-rec-35dcdc3662ba825e7f63,AN19.KOR.kf3,Korean,Koreanic,soil,s oy l,1,oy,2.951501412814091e-07,23.73812121067496,6,6,0.007246376811594203
AN19-rec-35defb20c357584501af:phone:1,AN19-rec-35defb20c357584501af,AN19.SPA.sm5,Spanish,Romance,bean,b iy n,0,b,4.470089310933766e-08,36.32163100167043,6,6,0.006896551724137931
AN19-rec-35defb20c357584501af:phone:2,AN19-rec-35defb20c357584501af,AN19.SPA.sm5,Spanish,Romance,bean,b iy n,1,iy,3.3244456955973147e-06,22.837327108522445,6,6,0.006896551724137931
AN19-rec-35f0b35d72aa54673660:phone:1,AN19-rec-35f0b35d72aa54673660,AN19.KOR.kf5,Korean,Koreanic,jack,jh ae k,0,jh,0.005105624746860202,11.197772542291965,6,6,0.006993006993006993
AN19-rec-35f0b35d72aa54673660:phone:3,AN19-rec-35f0b35d72aa54673660,AN19.KOR.kf5,Korean,Koreanic,jack,jh ae k,2,k,0.00014452024349140643,10.953150675720076,6,6,0.006993006993006993
AN19-rec-35f50cd5549e961b957c:phone:1,AN19-rec-35f50cd5549e961b957c,AN19.SPA.sm3,Spanish,Romance,page,p ey jh,0,p,1.1178403005840736e-11,57.21584937199356,6,6,0.0072992700729927005
AN19-rec-35f50cd5549e961b957c:phone:3,AN19-rec-35f50cd5549e961b957c,AN19.SPA.sm3,Spanish,Romance,page,p ey jh,2,jh,8.464905448107866e-10,32.98815150872021,6,6,0.0072992700729927005
AN19-rec-35f90f51f32ef3d83b1a:phone:2,AN19-rec-35f90f51f32ef3d83b1a,AN19.SPA.sm2,Spanish,Romance,long,l ao ng,1,ao,7.452609386052289e-07,69.68563899477606,6,6,0.007042253521126761
AN19-rec-35f90f51f32ef3d83b1a:phone:3,AN19-rec-35f90f51f32ef3d83b1a,AN19.SPA.sm2,Spanish,Romance,long,l ao ng,2,ng,2.025338754228343e-07,19.727505072699888,6,6,0.007042253521126761
AN19-rec-3628f77332bba3274fb7:phone:2,AN19-rec-3628f77332bba3274fb7,AN19.KOR.km8,Korean,Koreanic,cod,k aa d,1,aa,1.8329557280300425e-08,57.90875263723882,6,6,0.006896551724137931
AN19-rec-363f5d1612caed0c5688:phone:2,AN19-rec-363f5d1612caed0c5688,AN19.MIX.if4,German,Germanic,learn,l er n,1,er,1.436368943858211e-07,24.60228494271368,6,6,0.0072992700729927005
AN19-rec-364459e858b481910bb3:phone:1,AN19-rec-364459e858b481910bb3,AN19.SPA.sm6,Spanish,Romance,con,k aa n,0,k,0.0033472310571260647,13.911409840895622,6,6,0.006756756756756757
AN19-rec-364459e858b481910bb3:phone:2,AN19-rec-364459e858b481910bb3,AN19.SPA.sm6,Spanish,Romance,con,k aa n,1,aa,7.73559483683731e-10,32.00699722065624,6,6,0.006756756756756757
AN19-rec-36589205ac45b5a21641:phone:2,AN19-rec-36589205ac45b5a21641,AN19.MIX.im1,Romanian,Romance,kit,k ih t,1,ih,4.3795471569703886e-11,38.73401117066344,6,6,0.006802721088435374
AN19-rec-3664efebfd4cff4553e1:phone:3,AN19-rec-3664efebfd4cff4553e1,AN19.KOR.km7,Korean,Koreanic,whore,hh ao r,2,r,0.005522920120082118,14.14252913985684,6,6,0.006711409395973154
AN19-rec-367ebb7df8bb36eb74ab:phone:1,AN19-rec-367ebb7df8bb36eb74ab,AN19.MIX.if5,Japanese,Japonic,rough,r ah f,0,r,0.0029928060706211276,21.02719224746063,6,6,0.006711409395973154
AN19-rec-368daaaae18b9ee2e5af:phone:2,AN19-rec-368daaaae18b9ee2e5af,AN19.KOR.kf2,Korean,Koreanic,full,f uh l,1,uh,2.0745094283657656e-10,36.57335922403717,6,6,0.0072992700729927005
AN19-rec-369bc516a7b20c63d86f:phone:1,AN19-rec-369bc516a7b20c63d86f,AN19.SPA.sm7,Spanish,Romance,goat,g ow t,0,g,3.4209829090073986e-12,74.01468500039032,6,6,0.007352941176470588
AN19-rec-369bc516a7b20c63d86f:phone:3,AN19-rec-369bc516a7b20c63d86f,AN19.SPA.sm7,Spanish,Romance,goat,g ow t,2,t,2.113479396801192e-24,71.63141494264556,6,6,0.007352941176470588
AN19-rec-36a0dbfe62cb8433483a:phone:3,AN19-rec-36a0dbfe62cb8433483a,AN19.MIX.im3,Russian,Slavic,beak,b iy k,2,k,4.290455576357877e-06,29.72602151221187,6,6,0.006756756756756757
AN19-rec-36a56f683c4327e84255:phone:1,AN19-rec-36a56f683c4327e84255,AN19.KOR.kf5,Korean,Koreanic,gave,g ey v,0,g,0.00023828007578688578,14.918819912491792,6,6,0.006993006993006993
AN19-rec-36a9bdfa59f37fd8d9ee:phone:1,AN19-rec-36a9bdfa59f37fd8d9ee,AN19.MIX.if5,Japanese,Japonic,thick,th ih k,0,th,7.223390178725349e-13,50.67418756629195,6,6,0.006711409395973154
AN19-rec-36a9bdfa59f37fd8d9ee:phone:2,AN19-rec-36a9bdfa59f37fd8d9ee,AN19.MIX.if5,Japanese,Japonic,thick,th ih k,1,ih,5.3287057005032526e-11,57.86539166967622,6,6,0.006711409395973154
AN19-rec-36a9bdfa59f37fd8d9ee:phone:3,AN19-rec-36a9bdfa59f37fd8d9ee,AN19.MIX.if5,Japanese,Japonic,thick,th ih k,2,k,3.2673549986269187e-26,79.08207547822597,6,6,0.006711409395973154
AN19-rec-36dd13a1c3fddc8dd66b:phone:1,AN19-rec-36dd13a1c3fddc8dd66b,AN19.SPA.sf4,Spanish,Romance,soil,s oy l,0,s,0.03792488509918334,14.964942375140048,6,6,0.0070921985815602835
AN19-rec-36dd13a1c3fddc8dd66b:phone:2,AN19-rec-36dd13a1c3fddc8dd66b,AN19.SPA.sf4,Spanish,Romance,soil,s oy l,1,oy,2.4068066804207646e-07,24.49519540840687,6,6,0.0070921985815602835
AN19-rec-36f8b91e785662c21e25:phone:3,AN19-rec-36f8b91e785662c21e25,AN19.KOR.km6,Korean,Koreanic,pup,p ah p,2,p,4.2191982535605985e-11,44.20902144346041,6,6,0.007042253521126761
AN19-rec-372956041dec0c0d2066:phone:1,AN19-rec-372956041dec0c0d2066,AN19.SPA.sf4,Spanish,Romance,young,y ah ng,0,y,1.70281216114652e-05,27.885518522235877,6,6,0.0070921985815602835
AN19-rec-372956041dec0c0d2066:phone:3,AN19-rec-372956041dec0c0d2066,AN19.SPA.sf4,Spanish,Romance,young,y ah ng,2,ng,2.7571184749183124e-08,36.80953662009646,6,6,0.0070921985815602835
AN19-rec-373256159c2494cc3b4d:phone:1,AN19-rec-373256159c2494cc3b4d,AN19.SPA.sm4,Spanish,Romance,bug,b ah g,0,b,7.047656466590423e-09,48.040329035359,6,6,0.007194244604316547
AN19-rec-373c8f4cdf7ccc0799f1:phone:1,AN19-rec-373c8f4cdf7ccc0799f1,AN19.SPA.sf4,Spanish,Romance,chain,ch ey n,0,ch,2.4198768528147226e-07,45.39783927093123,6,6,0.0070921985815602835
AN19-rec-375abc47355d936b16c8:phone:2,AN19-rec-375abc47355d936b16c8,AN19.SPA.sm6,Spanish,Romance,bun,b ah n,1,ah,0.00017635228652854683,22.941168351865876,6,6,0.006756756756756757
AN19-rec-377ad0a6b685a1a9b6a7:phone:1,AN19-rec-377ad0a6b685a1a9b6a7,AN19.SPA.sm5,Spanish,Romance,den,d eh n,0,d,7.569515438585677e-07,33.32372397668037,6,6,0.006896551724137931
AN19-rec-377ad0a6b685a1a9b6a7:phone:2,AN19-rec-377ad0a6b685a1a9b6a7,AN19.SPA.sm5,Spanish,Romance,den,d eh n,1,eh,2.507781720072357e-05,17.616592305222735,6,6,0.006896551724137931
AN19-rec-37978981598d3d5658e2:phone:2,AN19-rec-37978981598d3d5658e2,AN19.SPA.sf6,Spanish,Romance,teat,t iy t,1,iy,5.092412693793674e-09,27.08835850460619,6,6,0.007042253521126761
AN19-rec-3798a4617c2ece4c146a:phone:2,AN19-rec-3798a4617c2ece4c146a,AN19.KOR.km6,Korean,Koreanic,roof,r uw f,1,uw,2.835715790249222e-05,24.229905513314105,6,6,0.007042253521126761
AN19-rec-37ceae4be56879450c44:phone:1,AN19-rec-37ceae4be56879450c44,AN19.KOR.km2,Korean,Koreanic,curve,k er v,0,k,9.272290854976107e-05,34.57634666876766,6,6,0.006756756756756757
AN19-rec-37d618a35c98e3d699f3:phone:1,AN19-rec-37d618a35c98e3d699f3,AN19.MIX.if5,Japanese,Japonic,bean,b iy n,0,b,1.210265321719066e-13,48.945659272909786,6,6,0.006711409395973154
AN19-rec-37d618a35c98e3d699f3:phone:2,AN19-rec-37d618a35c98e3d699f3,AN19.MIX.if5,Japanese,Japonic,bean,b iy n,1,iy,5.769676237269046e-09,28.5140511094164,6,6,0.006711409395973154
AN19-rec-37f130621847b2ec4a8a:phone:2,AN19-rec-37f130621847b2ec4a8a,AN19.SPA.sf1,Spanish,Romance,wail,w ey l,1,ey,3.109738633287632e-19,66.14612741872777,6,6,0.006896551724137931
AN19-rec-37fe344fbba1606537f3:phone:2,AN19-rec-37fe344fbba1606537f3,AN19.MIX.if5,Japanese,Japonic,ban,b ae n,1,ae,3.2902465316024066e-30,76.0799915208512,6,6,0.006711409395973154
AN19-rec-37feb76fa09870bb2807:phone:1,AN19-rec-37feb76fa09870bb2807,AN19.SPA.sf5,Spanish,Romance,path,p ae th,0,p,4.857431031175046e-10,44.46561668155178,6,6,0.007194244604316547
AN19-rec-37feb76fa09870bb2807:phone:3,AN19-rec-37feb76fa09870bb2807,AN19.SPA.sf5,Spanish,Romance,path,p ae th,2,th,2.1623410462632487e-19,52.20018340598734,6,6,0.007194244604316547
AN19-rec-382f224084022d07a596:phone:2,AN19-rec-382f224084022d07a596,AN19.KOR.kf2,Korean,Koreanic,bean,b iy n,1,iy,0.00010870444913438517,12.67065709401779,6,6,0.0072992700729927005
AN19-rec-3847e0d7742f6ed64bdc:phone:2,AN19-rec-3847e0d7742f6ed64bdc,AN19.KOR.kf2,Korean,Koreanic,mace,m ey s,1,ey,0.0004710471709561974,16.63533602359515,6,6,0.0072992700729927005
AN19-rec-3847e0d7742f6ed64bdc:phone:3,AN19-rec-3847e0d7742f6ed64bdc,AN19.KOR.kf2,Korean,Koreanic,mace,m ey s,2,s,4.75930677177399e-07,49.11821028093033,6,6,0.0072992700729927005
AN19-rec-384f06361683145e0040:phone:2,AN19-rec-384f06361683145e0040,AN19.SPA.sm4,Spanish,Romance,shape,sh ey p,1,ey,0.0004038268792499418,18.04989698342983,6,6,0.007194244604316547
AN19-rec-3873ac1466bc63022c42:phone:2,AN19-rec-3873ac1466bc63022c42,AN19.MIX.if2,Dutch,Germanic,suck,s ah k,1,ah,9.289789398253638e-05,32.87415215866935,6,6,0.006944444444444444
AN19-rec-3873ac1466bc63022c42:phone:3,AN19-rec-3873ac1466bc63022c42,AN19.MIX.if2,Dutch,Germanic,suck,s ah k,2,k,8.942919797713721e-06,26.201421957541672,6,6,0.006944444444444444
AN19-rec-38917cc6990c7373518c:phone:1,AN19-rec-38917cc6990c7373518c,AN19.MIX.im2,Bengali,Indo-Aryan,den,d eh n,0,d,4.902544032414499e-16,75.47247376993008,6,6,0.007246376811594203
AN19-rec-38917cc6990c7373518c:phone:2,AN19-rec-38917cc6990c7373518c,AN19.MIX.im2,Bengali,Indo-Aryan,den,d eh n,1,eh,5.431290109524827e-28,92.52154813141443,6,6,0.007246376811594203
AN19-rec-3892e0ce14d71ad9ceb2:phone:3,AN19-rec-3892e0ce14d71ad9ceb2,AN19.SPA.sf4,Spanish,Romance,death,d eh th,2,th,3.2753796170685794e-14,69.40365094310906,6,6,0.0070921985815602835
AN19-rec-3896ca06bb4fb6c73445:phone:1,AN19-rec-3896ca06bb4fb6c73445,AN19.KOR.km7,Korean,Koreanic,girl,g er l,0,g,2.3800515797096384e-11,39.42895713121814,6,6,0.006711409395973154
AN19-rec-389ec1234e779e192eeb:phone:3,AN19-rec-389ec1234e779e192eeb,AN19.KOR.kf6,Korean,Koreanic,white,w ay t,2,t,2.3556824507931156e-10,64.05157925009117,6,6,0.007042253521126761
AN19-rec-38a459cfa634ea0d0f37:phone:1,AN19-rec-38a459cfa634ea0d0f37,AN19.MIX.im3,Russian,Slavic,hoot,hh uw t,0,hh,7.379322522970703e-07,42.16345473784019,6,6,0.006756756756756757
AN19-rec-38a459cfa634ea0d0f37:phone:3,AN19-rec-38a459cfa634ea0d0f37,AN19.MIX.im3,Russian,Slavic,hoot,hh uw t,2,t,1.2173053391382337e-15,50.992335776673166,6,6,0.006756756756756757
AN19-rec-38b98b3698265d1a30c6:phone:1,AN19-rec-38b98b3698265d1a30c6,AN19.SPA.sf1,Spanish,Romance,thick,th ih k,0,th,1.0639269822369748e-20,67.36340321040491,6,6,0.006896551724137931
AN19-rec-38b98b3698265d1a30c6:phone:2,AN19-rec-38b98b3698265d1a30c6,AN19.SPA.sf1,Spanish,Romance,thick,th ih k,1,ih,4.27728085131665e-16,55.48644548908061,6,6,0.006896551724137931
AN19-rec-38c1f135619180e8e4d0:phone:3,AN19-rec-38c1f135619180e8e4d0,AN19.MIX.if2,Dutch,Germanic,fin,f ih n,2,n,1.2754128258058278e-13,34.180388101713966,6,6,0.006944444444444444
AN19-rec-38c4f90de9503833d8a0:phone:1,AN19-rec-38c4f90de9503833d8a0,AN19.KOR.km7,Korean,Koreanic,rough,r ah f,0,r,0.00024216725923612223,21.56175500453819,6,6,0.006711409395973154
AN19-rec-38e93f5b93b48ae4264e:phone:3,AN19-rec-38e93f5b93b48ae4264e,AN19.KOR.kf6,Korean,Koreanic,beak,b iy k,2,k,1.3957935193574617e-08,28.21498050429209,6,6,0.007042253521126761
AN19-rec-38f2ad7c4c82ae1cbd58:phone:2,AN19-rec-38f2ad7c4c82ae1cbd58,AN19.KOR.km6,Korean,Koreanic,kin,k ih n,1,ih,7.904450136210835e-05,35.11872644399449,6,6,0.007042253521126761
AN19-rec-38fd6336e0bed2a28cb4:phone:1,AN19-rec-38fd6336e0bed2a28cb4,AN19.SPA.sf3,Spanish,Romance,rough,r ah f,0,r,0.001752860756547149,23.03382970879055,6,6,0.007246376811594203
AN19-rec-391ba5b2d7eda627b07b:phone:3,AN19-rec-391ba5b2d7eda627b07b,AN19.SPA.sm7,Spanish,Romance,pup,p ah p,2,p,9.957221547853501e-22,74.25509122328873,6,6,0.007352941176470588
AN19-rec-39297c20a353a02bb8d2:phone:2,AN19-rec-39297c20a353a02bb8d2,AN19.SPA.sm2,Spanish,Romance,cod,k aa d,1,aa,1.863179291439861e-17,74.59626859570129,6,6,0.007042253521126761
AN19-rec-3929c4522019a1fb732e:phone:2,AN19-rec-3929c4522019a1fb732e,AN19.KOR.kf6,Korean,Koreanic,pull,p uh l,1,uh,3.842132437482848e-06,30.49052546495029,6,6,0.007042253521126761
AN19-rec-3935c31cda9fa1a5bb55:phone:1,AN19-rec-3935c31cda9fa1a5bb55,AN19.SPA.sf6,Spanish,Romance,chief,ch iy f,0,ch,2.316320891528388e-05,22.706676823546697,6,6,0.007042253521126761
AN19-rec-3949a56f8fa2a2076dd9:phone:2,AN19-rec-3949a56f8fa2a2076dd9,AN19.SPA.sm4,Spanish,Romance,wed,w eh d,1,eh,6.337311691760572e-35,91.52494488281611,6,6,0.007194244604316547
AN19-rec-397a0784b095680c2305:phone:2,AN19-rec-397a0784b095680c2305,AN19.MIX.im6,Hindi,Indo-Aryan,mid,m ih d,1,ih,4.50397592750159e-26,82.86410214384578,6,6,0.006711409395973154
AN19-rec-397c78c48dde129d8a96:phone:1,AN19-rec-397c78c48dde129d8a96,AN19.SPA.sf6,Spanish,Romance,soil,s oy l,0,s,0.0030699987232906674,16.21746670971162,6,6,0.007042253521126761
AN19-rec-397c78c48dde129d8a96:phone:2,AN19-rec-397c78c48dde129d8a96,AN19.SPA.sf6,Spanish,Romance,soil,s oy l,1,oy,0.02490324182287491,16.002279468986938,6,6,0.007042253521126761
AN19-rec-3994f74c3f7f0bbc2879:phone:1,AN19-rec-3994f74c3f7f0bbc2879,AN19.SPA.sf2,Spanish,Romance,give,g ih v,0,g,1.7001483504117344e-15,48.825326755476574,6,6,0.007246376811594203
AN19-rec-39987dd42832bfafeeb7:phone:1,AN19-rec-39987dd42832bfafeeb7,AN19.MIX.if2,Dutch,Germanic,move,m uw v,0,m,3.702429041591318e-10,38.00903607968195,6,6,0.006944444444444444
AN19-rec-39987dd42832bfafeeb7:phone:3,AN19-rec-39987dd42832bfafeeb7,AN19.MIX.if2,Dutch,Germanic,move,m uw v,2,v,6.985655881050114e-10,40.24938877271557,6,6,0.006944444444444444
AN19-rec-39a6459cd4ed7ddeba3e:phone:2,AN19-rec-39a6459cd4ed7ddeba3e,AN19.KOR.kf4,Korean,Koreanic,voice,v oy s,1,oy,3.679168588691652e-05,31.340552479677257,6,6,0.0070921985815602835
AN19-rec-39a6a0cb472bb7cabb25:phone:2,AN19-rec-39a6a0cb472bb7cabb25,AN19.SPA.sm6,Spanish,Romance,rhyme,r ay m,1,ay,7.005612086284225e-10,47.32463804429644,6,6,0.006756756756756757
AN19-rec-39b6dc9839c5a39b0410:phone:1,AN19-rec-39b6dc9839c5a39b0410,AN19.SPA.sf2,Spanish,Romance,thick,th ih k,0,th,2.6991061055917102e-12,45.225170455232224,6,6,0.007246376811594203
AN19-rec-39b6dc9839c5a39b0410:phone:2,AN19-rec-39b6dc9839c5a39b0410,AN19.SPA.sf2,Spanish,Romance,thick,th ih k,1,ih,1.179897668984325e-13,56.01911000191481,6,6,0.007246376811594203
AN19-rec-39b6dc9839c5a39b0410:phone:3,AN19-rec-39b6dc9839c5a39b0410,AN19.SPA.sf2,Spanish,Romance,thick,th ih k,2,k,1.3175189065396525e-08,47.95191605589407,6,6,0.007246376811594203
AN19-rec-39ef8b65e510b212915c:phone:2,AN19-rec-39ef8b65e510b212915c,AN19.SPA.sf6,Spanish,Romance,shape,sh ey p,1,ey,0.00014522882002105812,19.71111326191934,6,6,0.007042253521126761
AN19-rec-39f95bfad8d9edc3534a:phone:2,AN19-rec-39f95bfad8d9edc3534a,AN19.KOR.kf1,Korean,Koreanic,cod,k aa d,1,aa,0.005334419538657763,50.58127347211774,6,6,0.0072992700729927005
AN19-rec-3a1ae4ff45790a86580c:phone:3,AN19-rec-3a1ae4ff45790a86580c,AN19.MIX.if5,Japanese,Japonic,mum,m ah m,2,m,8.359941381904321e-13,43.27682675231194,6,6,0.006711409395973154
AN19-rec-3a1cd3ec7b3c9b116075:phone:2,AN19-rec-3a1cd3ec7b3c9b116075,AN19.MIX.if4,German,Germanic,wash,w aa sh,1,aa,0.0014474247595941574,22.745165937372665,6,6,0.0072992700729927005
AN19-rec-3a3433bea349ec41b641:phone:3,AN19-rec-3a3433bea349ec41b641,AN19.MIX.if5,Japanese,Japonic,toot,t uw t,2,t,1.998981999756832e-12,49.98875341875976,6,6,0.006711409395973154
AN19-rec-3a5b81c5d38763f4cf6d:phone:1,AN19-rec-3a5b81c5d38763f4cf6d,AN19.MIX.if6,Somali,Afro-Asiatic,gave,g ey v,0,g,7.927420262208157e-28,74.53311564951765,6,6,0.007246376811594203
AN19-rec-3a9838ca07c2a91d6189:phone:1,AN19-rec-3a9838ca07c2a91d6189,AN19.KOR.kf1,Korean,Koreanic,chief,ch iy f,0,ch,4.792894039994708e-15,54.74331801564032,6,6,0.0072992700729927005
AN19-rec-3aac341c47dbba529e27:phone:1,AN19-rec-3aac341c47dbba529e27,AN19.KOR.km2,Korean,Koreanic,jack,jh ae k,0,jh,0.0003967705159536072,27.414888172765387,6,6,0.006756756756756757
AN19-rec-3aac341c47dbba529e27:phone:3,AN19-rec-3aac341c47dbba529e27,AN19.KOR.km2,Korean,Koreanic,jack,jh ae k,2,k,1.2415983271427008e-06,18.8561039399242,6,6,0.006756756756756757
AN19-rec-3ac1053415fab7eceaa7:phone:1,AN19-rec-3ac1053415fab7eceaa7,AN19.MIX.im1,Romanian,Romance,weed,w iy d,0,w,1.9819444209845527e-05,61.74586538610273,6,6,0.006802721088435374
AN19-rec-3ac1053415fab7eceaa7:phone:2,AN19-rec-3ac1053415fab7eceaa7,AN19.MIX.im1,Romanian,Romance,weed,w iy d,1,iy,0.0024218729571986665,26.399053291894887,6,6,0.006802721088435374
AN19-rec-3ac8f62c36b1ff1a490f:phone:1,AN19-rec-3ac8f62c36b1ff1a490f,AN19.KOR.kf3,Korean,Koreanic,sane,s ey n,0,s,1.3324358595853946e-07,19.24868769696354,6,6,0.007246376811594203
AN19-rec-3ac8f62c36b1ff1a490f:phone:2,AN19-rec-3ac8f62c36b1ff1a490f,AN19.KOR.kf3,Korean,Koreanic,sane,s ey n,1,ey,0.0014944968527417178,20.80887603607153,6,6,0.007246376811594203
AN19-rec-3ad4c29f5ece764f770f:phone:1,AN19-rec-3ad4c29f5ece764f770f,AN19.MIX.im4,Mandarin,Sino-Tibetan,king,k ih ng,0,k,3.1208275659482525e-10,33.496996408278214,6,6,0.006993006993006993
AN19-rec-3ad5b54fbd1a8e8e0585:phone:1,AN19-rec-3ad5b54fbd1a8e8e0585,AN19.KOR.kf6,Korean,Koreanic,mote,m ow t,0,m,1.6563840919483886e-09,59.35568040271414,6,6,0.007042253521126761
AN19-rec-3ad5b54fbd1a8e8e0585:phone:2,AN19-rec-3ad5b54fbd1a8e8e0585,AN19.KOR.kf6,Korean,Koreanic,mote,m ow t,1,ow,6.119223274774632e-16,50.55715884754937,6,6,0.007042253521126761
AN19-rec-3ae16fd80f0bf2fa0730:phone:3,AN19-rec-3ae16fd80f0bf2fa0730,AN19.KOR.km6,Korean,Koreanic,thought,th ao t,2,t,2.093330785558596e-07,40.4153902729399,6,6,0.007042253521126761
AN19-rec-3b03631b06314b9906d5:phone:3,AN19-rec-3b03631b06314b9906d5,AN19.SPA.sf4,Spanish,Romance,pup,p ah p,2,p,1.1019043689126109e-15,44.61258343442911,6,6,0.0070921985815602835
AN19-rec-3b07ca57fa6a0aa2b1ec:phone:2,AN19-rec-3b07ca57fa6a0aa2b1ec,AN19.SPA.sm4,Spanish,Romance,lose,l uw z,1,uw,0.0002872009545038226,11.632139355034566,6,6,0.007194244604316547
AN19-rec-3b18276cca98edd71b9a:phone:3,AN19-rec-3b18276cca98edd71b9a,AN19.SPA.sf3,Spanish,Romance,jack,jh ae k,2,k,0.0001983080241214363,13.63166693370269,6,6,0.007246376811594203
AN19-rec-3b4f5cd09d962c97371b:phone:1,AN19-rec-3b4f5cd09d962c97371b,AN19.SPA.sf2,Spanish,Romance,con,k aa n,0,k,0.009196577320839403,13.963334322699374,6,6,0.007246376811594203
AN19-rec-3b4f5cd09d962c97371b:phone:2,AN19-rec-3b4f5cd09d962c97371b,AN19.SPA.sf2,Spanish,Romance,con,k aa n,1,aa,4.446084360452941e-11,38.478069675867566,6,6,0.007246376811594203
AN19-rec-3b5bad9d1249dce1568b:phone:3,AN19-rec-3b5bad9d1249dce1568b,AN19.KOR.kf3,Korean,Koreanic,suck,s ah k,2,k,6.338357326373978e-14,50.39290782698772,6,6,0.007246376811594203
AN19-rec-3b908ce5d9e09712e3dc:phone:1,AN19-rec-3b908ce5d9e09712e3dc,AN19.MIX.if6,Somali,Afro-Asiatic,cheer,ch ih r,0,ch,1.0925935919290444e-10,27.42746211687326,6,6,0.007246376811594203
AN19-rec-3b908ce5d9e09712e3dc:phone:3,AN19-rec-3b908ce5d9e09712e3dc,AN19.MIX.if6,Somali,Afro-Asiatic,cheer,ch ih r,2,r,0.0006032807931047312,25.60594343021292,6,6,0.007246376811594203
AN19-rec-3bb26e35bbdd1d9e9853:phone:3,AN19-rec-3bb26e35bbdd1d9e9853,AN19.SPA.sm2,Spanish,Romance,goat,g ow t,2,t,5.449352601446176e-08,29.793168858721486,6,6,0.007042253521126761
AN19-rec-3bc21144b79fece78725:phone:2,AN19-rec-3bc21144b79fece78725,AN19.SPA.sm7,Spanish,Romance,kin,k ih n,1,ih,1.2440097296644843e-09,37.55671792998909,6,6,0.007352941176470588
AN19-rec-3bca6ea82673c8a7b37e:phone:1,AN19-rec-3bca6ea82673c8a7b37e,AN19.KOR.kf5,Korean,Koreanic,hag,hh ae g,0,hh,8.892229860142452e-21,57.02597657978805,6,6,0.006993006993006993
AN19-rec-3bca6ea82673c8a7b37e:phone:3,AN19-rec-3bca6ea82673c8a7b37e,AN19.KOR.kf5,Korean,Koreanic,hag,hh ae g,2,g,2.8044862618093636e-08,49.077129180425935,6,6,0.006993006993006993
AN19-rec-3bcd9fe04749b3d8eb8e:phone:2,AN19-rec-3bcd9fe04749b3d8eb8e,AN19.MIX.im1,Romanian,Romance,fool,f uw l,1,uw,0.0006340373370482486,23.98326472775039,6,6,0.006802721088435374
AN19-rec-3bdf33ac9bbc0552a3b9:phone:1,AN19-rec-3bdf33ac9bbc0552a3b9,AN19.KOR.km3,Korean,Koreanic,chain,ch ey n,0,ch,9.666288434446414e-07,28.556878174123067,6,6,0.006666666666666667
AN19-rec-3c01cba749b563d3df2d:phone:3,AN19-rec-3c01cba749b563d3df2d,AN19.KOR.km1,Korean,Koreanic,fin,f ih n,2,n,7.707366903504199e-06,32.633974096370906,6,6,0.0072992700729927005
AN19-rec-3c031ca475bab96c55d8:phone:1,AN19-rec-3c031ca475bab96c55d8,AN19.KOR.km8,Korean,Koreanic,mote,m ow t,0,m,1.571016123358824e-08,34.119642384393856,6,6,0.006896551724137931
AN19-rec-3c07a419a74cb10435b4:phone:2,AN19-rec-3c07a419a74cb10435b4,AN19.KOR.km8,Korean,Koreanic,voice,v oy s,1,oy,1.0874729922970654e-05,32.81393084970276,6,6,0.006896551724137931
AN19-rec-3c0a032ae965ed8f6238:phone:1,AN19-rec-3c0a032ae965ed8f6238,AN19.KOR.km7,Korean,Koreanic,curve,k er v,0,k,1.0413488663586031e-05,31.23937152390719,6,6,0.006711409395973154
AN19-rec-3c2846dac3f4d1bed8fe:phone:3,AN19-rec-3c2846dac3f4d1bed8fe,AN19.SPA.sf3,Spanish,Romance,hack,hh ae k,2,k,1.4461526881244274e-07,17.856416511989767,6,6,0.007246376811594203
AN19-rec-3c325c4d4a6bf10cb7f6:phone:2,AN19-rec-3c325c4d4a6bf10cb7f6,AN19.SPA.sf2,Spanish,Romance,lad,l ae d,1,ae,1.774878747291389e-18,45.336415554165335,6,6,0.007246376811594203
AN19-rec-3c347bc6e72fc051aea2:phone:2,AN19-rec-3c347bc6e72fc051aea2,AN19.SPA.sf1,Spanish,Romance,bun,b ah n,1,ah,5.979585215292797e-13,34.34223312908281,6,6,0.006896551724137931
AN19-rec-3c5d3d2b767e944dd279:phone:1,AN19-rec-3c5d3d2b767e944dd279,AN19.SPA.sm2,Spanish,Romance,hack,hh ae k,0,hh,2.1265884718390113e-13,36.281175789651904,6,6,0.007042253521126761
AN19-rec-3c5d3d2b767e944dd279:phone:3,AN19-rec-3c5d3d2b767e944dd279,AN19.SPA.sm2,Spanish,Romance,hack,hh ae k,2,k,0.0006128196451942119,19.7168075304816,6,6,0.007042253521126761
AN19-rec-3c5ef82e4c4af0869d39:phone:2,AN19-rec-3c5ef82e4c4af0869d39,AN19.KOR.km8,Korean,Koreanic,teeth,t iy th,1,iy,5.105394966961304e-06,44.96651969503927,6,6,0.006896551724137931
AN19-rec-3c7da322411eb53b52d7:phone:3,AN19-rec-3c7da322411eb53b52d7,AN19.SPA.sf3,Spanish,Romance,mouth,m aw th,2,th,0.00013688849336782247,37.027932172020265,6,6,0.007246376811594203
AN19-rec-3c92916a198d97ba77e8:phone:3,AN19-rec-3c92916a198d97ba77e8,AN19.KOR.kf3,Korean,Koreanic,pad,p ae d,2,d,1.6582818669031634e-06,17.818425182355764,6,6,0.007246376811594203
AN19-rec-3ca1099a901a6af41b31:phone:1,AN19-rec-3ca1099a901a6af41b31,AN19.SPA.sm2,Spanish,Romance,soil,s oy l,0,s,5.593855831173892e-05,17.57093356716005,6,6,0.007042253521126761
AN19-rec-3ca1099a901a6af41b31:phone:2,AN19-rec-3ca1099a901a6af41b31,AN19.SPA.sm2,Spanish,Romance,soil,s oy l,1,oy,1.22514159159725e-07,24.89263583958093,6,6,0.007042253521126761
AN19-rec-3ccd46b61ed931fb6817:phone:1,AN19-rec-3ccd46b61ed931fb6817,AN19.MIX.im4,Mandarin,Sino-Tibetan,check,ch eh k,0,ch,0.00020953569583821867,22.100394677917524,6,6,0.006993006993006993
AN19-rec-3cd1fda949f9edb07cc3:phone:3,AN19-rec-3cd1fda949f9edb07cc3,AN19.KOR.km6,Korean,Koreanic,love,l ah v,2,v,2.2482788317724615e-10,32.82647199039494,6,6,0.007042253521126761
AN19-rec-3cf184cec8dff71bdbdd:phone:1,AN19-rec-3cf184cec8dff71bdbdd,AN19.MIX.im6,Hindi,Indo-Aryan,gut,g ah t,0,g,0.012223099539352246,27.660412886338392,6,6,0.006711409395973154
AN19-rec-3cf184cec8dff71bdbdd:phone:3,AN19-rec-3cf184cec8dff71bdbdd,AN19.MIX.im6,Hindi,Indo-Aryan,gut,g ah t,2,t,1.878454408782789e-12,51.68157665937341,6,6,0.006711409395973154
AN19-rec-3d13d880fb0b2012cd0c:phone:3,AN19-rec-3d13d880fb0b2012cd0c,AN19.KOR.km7,Korean,Koreanic,fin,f ih n,2,n,0.005576685056315404,25.90492374772409,6,6,0.006711409395973154
AN19-rec-3d39722412d4cfdaf313:phone:1,AN19-rec-3d39722412d4cfdaf313,AN19.MIX.im1,Romanian,Romance,chain,ch ey n,0,ch,4.450190185976835e-11,36.70814520414702,6,6,0.006802721088435374
AN19-rec-3d48bae067ca2ea1bd8c:phone:1,AN19-rec-3d48bae067ca2ea1bd8c,AN19.SPA.sm6,Spanish,Romance,balm,b aa m,0,b,1.1362537486981494e-13,55.25296994848201,6,6,0.006756756756756757
AN19-rec-3d9ec5cd74af029b49cf:phone:1,AN19-rec-3d9ec5cd74af029b49cf,AN19.KOR.kf1,Korean,Koreanic,theme,th iy m,0,th,2.863160732570935e-07,24.316392271318676,6,6,0.0072992700729927005
AN19-rec-3d9ec5cd74af029b49cf:phone:2,AN19-rec-3d9ec5cd74af029b49cf,AN19.KOR.kf1,Korean,Koreanic,theme,th iy m,1,iy,0.0003187907343288013,18.55096559298678,6,6,0.0072992700729927005
AN19-rec-3d9ec5cd74af029b49cf:phone:3,AN19-rec-3d9ec5cd74af029b49cf,AN19.KOR.kf1,Korean,Koreanic,theme,th iy m,2,m,1.5022616844713856e-09,30.305448160693285,6,6,0.0072992700729927005
AN19-rec-3dc658d8529fa2c7c25d:phone:2,AN19-rec-3dc658d8529fa2c7c25d,AN19.SPA.sm4,Spanish,Romance,wrong,r ao ng,1,ao,1.6183282655967418e-07,26.287785553493848,6,8,0.007194244604316547
AN19-rec-3dce3e504278f0639f17:phone:2,AN19-rec-3dce3e504278f0639f17,AN19.KOR.kf4,Korean,Koreanic,rhyme,r ay m,1,ay,8.747288170208646e-06,31.7274013519668,6,6,0.0070921985815602835
AN19-rec-3dd7c3dbf2a9160a1b8b:phone:1,AN19-rec-3dd7c3dbf2a9160a1b8b,AN19.SPA.sf6,Spanish,Romance,rough,r ah f,0,r,4.140914480966907e-12,36.76892558521883,6,6,0.007042253521126761
AN19-rec-3de3462edca9bd0c6e72:phone:1,AN19-rec-3de3462edca9bd0c6e72,AN19.MIX.if6,Somali,Afro-Asiatic,job,jh aa b,0,jh,0.004561325688958156,45.34492433740747,6,6,0.007246376811594203
AN19-rec-3de3462edca9bd0c6e72:phone:3,AN19-rec-3de3462edca9bd0c6e72,AN19.MIX.if6,Somali,Afro-Asiatic,job,jh aa b,2,b,3.3120200197512836e-08,38.18696977034725,6,6,0.007246376811594203
AN19-rec-3e1c028956376fc37f05:phone:2,AN19-rec-3e1c028956376fc37f05,AN19.KOR.kf4,Korean,Koreanic,wife,w ay f,1,ay,0.030425684451885173,55.7629798018315,6,6,0.0070921985815602835
AN19-rec-3e292eaac875d9071a8f:phone:3,AN19-rec-3e292eaac875d9071a8f,AN19.KOR.kf6,Korean,Koreanic,route,r uw t,2,t,8.559739867093674e-12,53.62648058697223,6,6,0.007042253521126761
AN19-rec-3e351dc2bf65514dd131:phone:1,AN19-rec-3e351dc2bf65514dd131,AN19.MIX.im1,Romanian,Romance,check,ch eh k,0,ch,0.04992642548729254,20.31834149402685,6,6,0.006802721088435374
AN19-rec-3e5b12d6416c99e50958:phone:3,AN19-rec-3e5b12d6416c99e50958,AN19.SPA.sf3,Spanish,Romance,serve,s er v,2,v,0.00018847702454997798,15.267774860597369,6,6,0.007246376811594203
AN19-rec-3e744099e7f9fc492e30:phone:2,AN19-rec-3e744099e7f9fc492e30,AN19.MIX.if5,Japanese,Japonic,rut,r ah t,1,ah,3.316102094087279e-12,52.8550456796485,6,6,0.006711409395973154
AN19-rec-3e79c8c1e81a4bc0ee06:phone:1,AN19-rec-3e79c8c1e81a4bc0ee06,AN19.MIX.if1,Albanian,Albanian,shall,sh ae l,0,sh,0.0001763166292214679,17.878034266361563,6,6,0.0070921985815602835
AN19-rec-3e79c8c1e81a4bc0ee06:phone:2,AN19-rec-3e79c8c1e81a4bc0ee06,AN19.MIX.if1,Albanian,Albanian,shall,sh ae l,1,ae,1.6893839031899971e-07,27.05006594685618,6,6,0.0070921985815602835
AN19-rec-3e820cca339f1e2110c3:phone:2,AN19-rec-3e820cca339f1e2110c3,AN19.MIX.if3,French,Romance,lace,l ey s,1,ey,1.515231220669531e-08,26.287260070016178,6,6,0.006993006993006993
AN19-rec-3e95b0b717b32e956d1d:phone:1,AN19-rec-3e95b0b717b32e956d1d,AN19.KOR.km2,Korean,Koreanic,give,g ih v,0,g,8.267235921169606e-07,24.54473313986137,6,6,0.006756756756756757
AN19-rec-3e9685e06e3e3a6a92b8:phone:3,AN19-rec-3e9685e06e3e3a6a92b8,AN19.MIX.if2,Dutch,Germanic,death,d eh th,2,th,1.6396780799491187e-15,51.97880052961492,6,6,0.006944444444444444
AN19-rec-3ea0b1b5014e355a4b73:phone:3,AN19-rec-3ea0b1b5014e355a4b73,AN19.KOR.kf4,Korean,Koreanic,route,r uw t,2,t,0.0002087437394694122,37.26716267151781,6,6,0.0070921985815602835
AN19-rec-3ecbde275536c1749b7b:phone:2,AN19-rec-3ecbde275536c1749b7b,AN19.KOR.km8,Korean,Koreanic,mat,m ae t,1,ae,4.564978924672243e-05,20.577501978305232,6,6,0.006896551724137931
AN19-rec-3ecfb6ef428b24bb0530:phone:1,AN19-rec-3ecfb6ef428b24bb0530,AN19.MIX.im6,Hindi,Indo-Aryan,den,d eh n,0,d,3.580079312838789e-06,37.54117352169874,6,6,0.006711409395973154
AN19-rec-3ecfb6ef428b24bb0530:phone:2,AN19-rec-3ecfb6ef428b24bb0530,AN19.MIX.im6,Hindi,Indo-Aryan,den,d eh n,1,eh,0.01085683029481918,15.944134806421138,6,6,0.006711409395973154
AN19-rec-3ee093bebd683cae7785:phone:3,AN19-rec-3ee093bebd683cae7785,AN19.KOR.km6,Korean,Koreanic,lame,l ey m,2,m,4.839069483669479e-12,34.55640677753632,6,6,0.007042253521126761
AN19-rec-3eeae0c3ec856114c091:phone:1,AN19-rec-3eeae0c3ec856114c091,AN19.MIX.im2,Bengali,Indo-Aryan,rough,r ah f,0,r,5.604954166235095e-08,25.330719793800167,6,6,0.007246376811594203
AN19-rec-3ef96c1d8d1ec8907e7c:phone:1,AN19-rec-3ef96c1d8d1ec8907e7c,AN19.SPA.sf3,Spanish,Romance,both,b ow th,0,b,1.9390193982492545e-13,45.68977324961957,6,6,0.007246376811594203
AN19-rec-3ef96c1d8d1ec8907e7c:phone:3,AN19-rec-3ef96c1d8d1ec8907e7c,AN19.SPA.sf3,Spanish,Romance,both,b ow th,2,th,1.6927518786492059e-15,48.02838044916822,6,6,0.007246376811594203
AN19-rec-3efe7b80c53272af15e1:phone:1,AN19-rec-3efe7b80c53272af15e1,AN19.SPA.sf6,Spanish,Romance,dune,d uw n,0,d,0.00026290078259257266,30.076518310608776,6,6,0.007042253521126761
AN19-rec-3f4cb97f8dccb8b124d9:phone:1,AN19-rec-3f4cb97f8dccb8b124d9,AN19.KOR.km3,Korean,Koreanic,doom,d uw m,0,d,0.04717934288242879,65.46306350881731,6,6,0.006666666666666667
AN19-rec-3f65ad162a2977e0e729:phone:2,AN19-rec-3f65ad162a2977e0e729,AN19.SPA.sf1,Spanish,Romance,chore,ch ao r,1,ao,1.3896316208062864e-10,48.00263511767394,6,6,0.006896551724137931
AN19-rec-3fa2d2c615a5d93a3e3a:phone:2,AN19-rec-3fa2d2c615a5d93a3e3a,AN19.KOR.kf2,Korean,Koreanic,noise,n oy z,1,oy,0.009744467624188674,47.10485706820393,6,6,0.0072992700729927005
AN19-rec-3fa6dcff89fc71ac1599:phone:1,AN19-rec-3fa6dcff89fc71ac1599,AN19.SPA.sm4,Spanish,Romance,hid,hh ih d,0,hh,1.3948420536807762e-10,37.47386273528764,6,6,0.007194244604316547
AN19-rec-3fa6dcff89fc71ac1599:phone:3,AN19-rec-3fa6dcff89fc71ac1599,AN19.SPA.sm4,Spanish,Romance,hid,hh ih d,2,d,1.2103103279287658e-13,47.19930021206023,6,6,0.007194244604316547
AN19-rec-3faa093a18df4b677f86:phone:2,AN19-rec-3faa093a18df4b677f86,AN19.MIX.im2,Bengali,Indo-Aryan,deep,d iy p,1,iy,8.872858729224239e-10,26.39844093740994,6,6,0.007246376811594203
AN19-rec-3faa093a18df4b677f86:phone:3,AN19-rec-3faa093a18df4b677f86,AN19.MIX.im2,Bengali,Indo-Aryan,deep,d iy p,2,p,1.0871333945928e-09,46.78016208302282,6,6,0.007246376811594203
AN19-rec-3fb5f1e4f4b84101aa2f:phone:1,AN19-rec-3fb5f1e4f4b84101aa2f,AN19.SPA.sm5,Spanish,Romance,chief,ch iy f,0,ch,2.6377270417191555e-07,25.64087253817406,6,6,0.006896551724137931
AN19-rec-3fb5f1e4f4b84101aa2f:phone:2,AN19-rec-3fb5f1e4f4b84101aa2f,AN19.SPA.sm5,Spanish,Romance,chief,ch iy f,1,iy,0.0017160819326154152,19.134843478180606,6,6,0.006896551724137931
AN19-rec-3fb9077a345e0b8f144b:phone:2,AN19-rec-3fb9077a345e0b8f144b,AN19.KOR.kf6,Korean,Koreanic,chief,ch iy f,1,iy,7.591572561104621e-19,54.26364816702685,6,6,0.007042253521126761
AN19-rec-3fbab5c1cc79471e819f:phone:2,AN19-rec-3fbab5c1cc79471e819f,AN19.SPA.sf4,Spanish,Romance,vice,v ay s,1,ay,0.00013945850995213753,23.558250913384622,6,6,0.0070921985815602835
AN19-rec-3fe22b0c052cc71ad0b4:phone:1,AN19-rec-3fe22b0c052cc71ad0b4,AN19.MIX.im6,Hindi,Indo-Aryan,king,k ih ng,0,k,5.531744216402044e-10,37.02543431243832,6,6,0.006711409395973154
AN19-rec-3fe366b73ccc0a54ddc4:phone:2,AN19-rec-3fe366b73ccc0a54ddc4,AN19.SPA.sf6,Spanish,Romance,bead,b iy d,1,iy,2.9213655234840324e-06,25.297904809155863,6,6,0.007042253521126761
AN19-rec-3fe366b73ccc0a54ddc4:phone:3,AN19-rec-3fe366b73ccc0a54ddc4,AN19.SPA.sf6,Spanish,Romance,bead,b iy d,2,d,9.247546940295403e-08,23.21713775802285,6,6,0.007042253521126761
AN19-rec-3ff0d4cc89c2a9f30dca:phone:2,AN19-rec-3ff0d4cc89c2a9f30dca,AN19.KOR.kf6,Korean,Koreanic,cod,k aa d,1,aa,6.288640438735345e-17,55.46782414267523,6,6,0.007042253521126761
AN19-rec-4004ef90a6c18d8622b5:phone:1,AN19-rec-4004ef90a6c18d8622b5,AN19.KOR.km7,Korean,Koreanic,wick,w ih k,0,w,5.012388991109817e-05,35.26636076005064,6,6,0.006711409395973154
AN19-rec-4021b383269297b7b44f:phone:2,AN19-rec-4021b383269297b7b44f,AN19.KOR.kf6,Korean,Koreanic,long,l ao ng,1,ao,7.149731831572146e-05,35.09724675372923,6,6,0.007042253521126761
AN19-rec-4021b383269297b7b44f:phone:3,AN19-rec-4021b383269297b7b44f,AN19.KOR.kf6,Korean,Koreanic,long,l ao ng,2,ng,2.868850177831452e-07,18.551520682320657,6,6,0.007042253521126761
AN19-rec-403e239d263ed202f903:phone:2,AN19-rec-403e239d263ed202f903,AN19.KOR.km2,Korean,Koreanic,was,w aa z,1,aa,0.0010154647860847286,22.95196490479057,6,6,0.006756756756756757
AN19-rec-403fa73dbd4270bbfb13:phone:2,AN19-rec-403fa73dbd4270bbfb13,AN19.MIX.im5,Turkish,Turkic,mace,m ey s,1,ey,0.00014644324992660928,18.083616925986444,6,6,0.007246376811594203
AN19-rec-403fa73dbd4270bbfb13:phone:3,AN19-rec-403fa73dbd4270bbfb13,AN19.MIX.im5,Turkish,Turkic,mace,m ey s,2,s,3.7070084541687854e-07,45.0993905151855,6,6,0.007246376811594203
AN19-rec-4055e47c227c82fb3470:phone:3,AN19-rec-4055e47c227c82fb3470,AN19.KOR.kf2,Korean,Koreanic,white,w ay t,2,t,0.00019027316765098982,43.09055888387635,6,6,0.0072992700729927005
AN19-rec-405d11d4ca06c42e8bee:phone:2,AN19-rec-405d11d4ca06c42e8bee,AN19.KOR.km1,Korean,Koreanic,wife,w ay f,1,ay,0.00011313233633227799,17.365126635273686,6,6,0.0072992700729927005
AN19-rec-40652de8b5e66c65f8a5:phone:1,AN19-rec-40652de8b5e66c65f8a5,AN19.KOR.km1,Korean,Koreanic,job,jh aa b,0,jh,6.568665217458367e-08,82.43236346317453,6,6,0.0072992700729927005
AN19-rec-409adc6b3e88cfb6431a:phone:2,AN19-rec-409adc6b3e88cfb6431a,AN19.MIX.if1,Albanian,Albanian,watch,w aa ch,1,aa,0.002923942527358878,41.12948660183197,6,6,0.0070921985815602835
AN19-rec-40c2f93f12a573161d90:phone:1,AN19-rec-40c2f93f12a573161d90,AN19.KOR.km1,Korean,Koreanic,chain,ch ey n,0,ch,0.019354184661923002,19.846766168522,6,6,0.0072992700729927005
AN19-rec-41065c6aea376c2adb49:phone:1,AN19-rec-41065c6aea376c2adb49,AN19.MIX.im4,Mandarin,Sino-Tibetan,bean,b iy n,0,b,0.013594510883632413,28.26285068491752,6,6,0.006993006993006993
AN19-rec-41065c6aea376c2adb49:phone:2,AN19-rec-41065c6aea376c2adb49,AN19.MIX.im4,Mandarin,Sino-Tibetan,bean,b iy n,1,iy,9.469588554090127e-07,16.58633015899834,6,6,0.006993006993006993
AN19-rec-41261e2e8ff6e4540559:phone:3,AN19-rec-41261e2e8ff6e4540559,AN19.SPA.sf6,Spanish,Romance,love,l ah v,2,v,5.9860325252226555e-15,52.35258198109937,6,6,0.007042253521126761
AN19-rec-4139438b81fcb1d4ad47:phone:1,AN19-rec-4139438b81fcb1d4ad47,AN19.KOR.kf4,Korean,Koreanic,hag,hh ae g,0,hh,1.3763120528206578e-14,44.801305973924535,6,6,0.0070921985815602835
AN19-rec-4139438b81fcb1d4ad47:phone:3,AN19-rec-4139438b81fcb1d4ad47,AN19.KOR.kf4,Korean,Koreanic,hag,hh ae g,2,g,9.260431188034607e-10,50.074977137210446,6,6,0.0070921985815602835
AN19-rec-414dc9673e714ee70eb4:phone:1,AN19-rec-414dc9673e714ee70eb4,AN19.MIX.if2,Dutch,Germanic,goat,g ow t,0,g,9.263972880731817e-06,29.36588162648194,6,6,0.006944444444444444
AN19-rec-414dc9673e714ee70eb4:phone:3,AN19-rec-414dc9673e714ee70eb4,AN19.MIX.if2,Dutch,Germanic,goat,g ow t,2,t,4.817947858630522e-06,22.783059314014423,6,6,0.006944444444444444
AN19-rec-414f5dcee8c8e8dff3c9:phone:1,AN19-rec-414f5dcee8c8e8dff3c9,AN19.MIX.im4,Mandarin,Sino-Tibetan,page,p ey jh,0,p,0.024377113247343294,12.915081556244154,6,6,0.006993006993006993
AN19-rec-414f5dcee8c8e8dff3c9:phone:3,AN19-rec-414f5dcee8c8e8dff3c9,AN19.MIX.im4,Mandarin,Sino-Tibetan,page,p ey jh,2,jh,1.0002382624638703e-09,91.22890448013312,6,6,0.006993006993006993
AN19-rec-415338e208cbdd4c13e8:phone:3,AN19-rec-415338e208cbdd4c13e8,AN19.SPA.sm7,Spanish,Romance,pad,p ae d,2,d,1.5349196612390276e-08,23.43521526914343,6,6,0.007352941176470588
AN19-rec-416b521f5f2ed2c0d003:phone:1,AN19-rec-416b521f5f2ed2c0d003,AN19.SPA.sm5,Spanish,Romance,hoot,hh uw t,0,hh,0.00011260494201862906,32.73315194308041,6,6,0.006896551724137931
AN19-rec-416b521f5f2ed2c0d003:phone:3,AN19-rec-416b521f5f2ed2c0d003,AN19.SPA.sm5,Spanish,Romance,hoot,hh uw t,2,t,1.2786538273755606e-05,29.876977281422967,6,6,0.006896551724137931
AN19-rec-41731f78e62feb4e4d77:phone:3,AN19-rec-41731f78e62feb4e4d77,AN19.KOR.km3,Korean,Koreanic,pup,p ah p,2,p,6.862254167517584e-09,43.6821016859673,6,6,0.006666666666666667
AN19-rec-4196f7484871e4159a06:phone:1,AN19-rec-4196f7484871e4159a06,AN19.KOR.kf4,Korean,Koreanic,bean,b iy n,0,b,0.021326874694950607,27.48186863027119,6,6,0.0070921985815602835
AN19-rec-419e234d186bc37d535a:phone:3,AN19-rec-419e234d186bc37d535a,AN19.MIX.if1,Albanian,Albanian,bead,b iy d,2,d,0.00022141968393513017,21.68284947202672,6,6,0.0070921985815602835
AN19-rec-41a06b91d59ce8208b15:phone:1,AN19-rec-41a06b91d59ce8208b15,AN19.MIX.if1,Albanian,Albanian,gave,g ey v,0,g,6.577019904184148e-06,17.716260904308907,6,6,0.0070921985815602835
AN19-rec-41c22d7468242fba241c:phone:3,AN19-rec-41c22d7468242fba241c,AN19.MIX.if4,German,Germanic,beak,b iy k,2,k,6.287677405647133e-23,69.1668197859235,6,6,0.0072992700729927005
AN19-rec-41d4c309a16e74f454e1:phone:2,AN19-rec-41d4c309a16e74f454e1,AN19.KOR.km3,Korean,Koreanic,rut,r ah t,1,ah,6.657856712889381e-33,101.35311418421952,6,6,0.006666666666666667
AN19-rec-41d4fa841761e6158c6d:phone:2,AN19-rec-41d4fa841761e6158c6d,AN19.KOR.km1,Korean,Koreanic,wail,w ey l,1,ey,8.403502321809404e-23,90.3350676389242,6,6,0.0072992700729927005
AN19-rec-41ec33a0978c263d0ad1:phone:2,AN19-rec-41ec33a0978c263d0ad1,AN19.MIX.im6,Hindi,Indo-Aryan,voice,v oy s,1,oy,4.579659457112367e-14,50.02225871807557,6,6,0.006711409395973154
AN19-rec-41f4de41e439933453b9:phone:3,AN19-rec-41f4de41e439933453b9,AN19.MIX.if2,Dutch,Germanic,mouth,m aw th,2,th,1.5898705574991502e-16,87.03513018583799,6,6,0.006944444444444444
AN19-rec-41f899a657878894665d:phone:2,AN19-rec-41f899a657878894665d,AN19.MIX.im4,Mandarin,Sino-Tibetan,noise,n oy z,1,oy,2.948324527453188e-10,47.40925052904462,6,6,0.006993006993006993
AN19-rec-4225c86694d00df633c3:phone:3,AN19-rec-4225c86694d00df633c3,AN19.KOR.km7,Korean,Koreanic,love,l ah v,2,v,0.001778709876270851,32.048238770793375,6,6,0.006711409395973154
AN19-rec-4246377abdf44ccf0a02:phone:3,AN19-rec-4246377abdf44ccf0a02,AN19.SPA.sf4,Spanish,Romance,pad,p ae d,2,d,1.1359215382298756e-10,28.752419988247595,6,6,0.0070921985815602835
AN19-rec-42575cf9a7e09fb59a3f:phone:3,AN19-rec-42575cf9a7e09fb59a3f,AN19.MIX.im1,Romanian,Romance,dog,d ao g,2,g,1.2768391917196653e-14,83.78669346639607,6,6,0.006802721088435374
AN19-rec-4266fba07212ea74d7c5:phone:1,AN19-rec-4266fba07212ea74d7c5,AN19.KOR.km2,Korean,Koreanic,young,y ah ng,0,y,1.1389159840248585e-07,24.76116035902723,6,6,0.006756756756756757
AN19-rec-4266fba07212ea74d7c5:phone:3,AN19-rec-4266fba07212ea74d7c5,AN19.KOR.km2,Korean,Koreanic,young,y ah ng,2,ng,6.610610016092465e-10,33.81948972806059,6,6,0.006756756756756757
AN19-rec-42671c2af5b55d18c785:phone:2,AN19-rec-42671c2af5b55d18c785,AN19.SPA.sm3,Spanish,Romance,long,l ao ng,1,ao,3.630415627467626e-10,44.90489225013886,6,6,0.0072992700729927005
AN19-rec-427b614631b3ec1e1ae7:phone:3,AN19-rec-427b614631b3ec1e1ae7,AN19.KOR.km8,Korean,Koreanic,love,l ah v,2,v,4.3710379697236565e-22,65.69959730219846,6,6,0.006896551724137931
AN19-rec-427f8f3a1dfe84ac5f75:phone:3,AN19-rec-427f8f3a1dfe84ac5f75,AN19.SPA.sf2,Spanish,Romance,love,l ah v,2,v,1.3909418045638555e-19,66.22158007597089,6,6,0.007246376811594203
AN19-rec-428915ba8e8a5fc0e787:phone:3,AN19-rec-428915ba8e8a5fc0e787,AN19.SPA.sm5,Spanish,Romance,whore,hh ao r,2,r,1.675829287037049e-09,29.27918834077969,6,6,0.006896551724137931
AN19-rec-42b46938306dec0686d7:phone:2,AN19-rec-42b46938306dec0686d7,AN19.SPA.sm2,Spanish,Romance,voice,v oy s,1,oy,1.2488450860153185e-09,45.3221956422617,6,6,0.007042253521126761
AN19-rec-42b558bd5f1150edbb71:phone:3,AN19-rec-42b558bd5f1150edbb71,AN19.KOR.km6,Korean,Koreanic,bum,b ah m,2,m,1.8317190344251763e-10,27.029809033636624,6,6,0.007042253521126761
AN19-rec-42bb6ba448e17daf76a4:phone:2,AN19-rec-42bb6ba448e17daf76a4,AN19.KOR.kf1,Korean,Koreanic,lace,l ey s,1,ey,3.3405846424723155e-07,25.2430409069627,6,6,0.0072992700729927005
AN19-rec-42c45017f130cdff4f55:phone:1,AN19-rec-42c45017f130cdff4f55,AN19.SPA.sf3,Spanish,Romance,food,f uw d,0,f,1.3709168994001742e-07,31.85374968403396,6,6,0.007246376811594203
AN19-rec-42ccc7750788cf661b3c:phone:2,AN19-rec-42ccc7750788cf661b3c,AN19.KOR.km6,Korean,Koreanic,fool,f uw l,1,uw,0.0008839753017687429,21.05480401105893,6,6,0.007042253521126761
AN19-rec-42d7c77965953ffe3679:phone:2,AN19-rec-42d7c77965953ffe3679,AN19.MIX.im4,Mandarin,Sino-Tibetan,lose,l uw z,1,uw,1.406845013408119e-08,23.34958678339808,6,6,0.006993006993006993
AN19-rec-42f7f2f3f003e639728e:phone:1,AN19-rec-42f7f2f3f003e639728e,AN19.SPA.sm4,Spanish,Romance,hoot,hh uw t,0,hh,2.9301453120074853e-07,35.09836068219632,6,6,0.007194244604316547
AN19-rec-4302f29e2e732e320536:phone:1,AN19-rec-4302f29e2e732e320536,AN19.KOR.kf2,Korean,Koreanic,lice,l ay s,0,l,0.004395869666649819,12.96312518331936,6,6,0.0072992700729927005
AN19-rec-4302f29e2e732e320536:phone:2,AN19-rec-4302f29e2e732e320536,AN19.KOR.kf2,Korean,Koreanic,lice,l ay s,1,ay,0.0001635078761871184,23.49549556750306,6,6,0.0072992700729927005
AN19-rec-4321fc47673c5d2345be:phone:2,AN19-rec-4321fc47673c5d2345be,AN19.KOR.kf1,Korean,Koreanic,chore,ch ao r,1,ao,2.782848528909878e-21,68.58010914041402,6,6,0.0072992700729927005
AN19-rec-4344f729315a0b07cbf3:phone:1,AN19-rec-4344f729315a0b07cbf3,AN19.KOR.kf6,Korean,Koreanic,gave,g ey v,0,g,1.30845258043596e-05,17.36707608974819,6,6,0.007042253521126761
AN19-rec-436d0e6afc22e5ac06b7:phone:3,AN19-rec-436d0e6afc22e5ac06b7,AN19.KOR.kf4,Korean,Koreanic,pad,p ae d,2,d,4.241543668113941e-27,71.96600322999339,6,6,0.0070921985815602835
AN19-rec-43ae058c2e12d7e757f1:phone:1,AN19-rec-43ae058c2e12d7e757f1,AN19.MIX.im5,Turkish,Turkic,sane,s ey n,0,s,0.017077814034240565,12.88865930762703,6,6,0.007246376811594203
AN19-rec-43ae058c2e12d7e757f1:phone:2,AN19-rec-43ae058c2e12d7e757f1,AN19.MIX.im5,Turkish,Turkic,sane,s ey n,1,ey,0.0024283712788650117,22.06638429758992,6,6,0.007246376811594203
AN19-rec-43b678e53a3f7f37ca7b:phone:2,AN19-rec-43b678e53a3f7f37ca7b,AN19.SPA.sm7,Spanish,Romance,lad,l ae d,1,ae,2.4686060116210884e-41,100.6692670759226,6,6,0.007352941176470588
AN19-rec-43c2ea87e46df7814516:phone:1,AN19-rec-43c2ea87e46df7814516,AN19.SPA.sf3,Spanish,Romance,check,ch eh k,0,ch,3.9929783375084266e-12,58.69676625739224,6,6,0.007246376811594203
AN19-rec-43dbd58279afbad0b68c:phone:2,AN19-rec-43dbd58279afbad0b68c,AN19.SPA.sf2,Spanish,Romance,size,s ay z,1,ay,2.7104803369026982e-06,27.14033245283521,6,6,0.007246376811594203
AN19-rec-43e934e18b34f7490362:phone:1,AN19-rec-43e934e18b34f7490362,AN19.KOR.km8,Korean,Koreanic,hoot,hh uw t,0,hh,1.2277699934508256e-08,42.39982775582646,6,6,0.006896551724137931
AN19-rec-43e934e18b34f7490362:phone:3,AN19-rec-43e934e18b34f7490362,AN19.KOR.km8,Korean,Koreanic,hoot,hh uw t,2,t,0.013762332311823661,46.24760665654903,6,6,0.006896551724137931
AN19-rec-43ee9ce6735e55c06d34:phone:1,AN19-rec-43ee9ce6735e55c06d34,AN19.MIX.im4,Mandarin,Sino-Tibetan,food,f uw d,0,f,3.0026967755107863e-09,34.18565302981217,6,6,0.006993006993006993
AN19-rec-43f140e28caacd7710fb:phone:1,AN19-rec-43f140e28caacd7710fb,AN19.SPA.sf3,Spanish,Romance,god,g aa d,0,g,8.212222152972983e-24,82.39710296116583,6,6,0.007246376811594203
AN19-rec-440f7d6398647af9b45c:phone:3,AN19-rec-440f7d6398647af9b45c,AN19.KOR.km1,Korean,Koreanic,whore,hh ao r,2,r,9.246148483520354e-23,74.17683729797567,6,6,0.0072992700729927005
AN19-rec-441622b8b51033a0a528:phone:1,AN19-rec-441622b8b51033a0a528,AN19.MIX.if6,Somali,Afro-Asiatic,dune,d uw n,0,d,0.0011604004438297696,28.13588115245945,6,6,0.007246376811594203
AN19-rec-441d2675383bc426e0bd:phone:1,AN19-rec-441d2675383bc426e0bd,AN19.KOR.kf6,Korean,Koreanic,jack,jh ae k,0,jh,5.503233243919988e-06,37.53985883956333,6,6,0.007042253521126761
AN19-rec-441d2675383bc426e0bd:phone:3,AN19-rec-441d2675383bc426e0bd,AN19.KOR.kf6,Korean,Koreanic,jack,jh ae k,2,k,1.5014197228367277e-08,26.08068231989528,6,6,0.007042253521126761
AN19-rec-442a670195db1c0dfbca:phone:1,AN19-rec-442a670195db1c0dfbca,AN19.SPA.sm2,Spanish,Romance,con,k aa n,0,k,9.721852188318026e-06,32.861077953802855,6,6,0.007042253521126761
AN19-rec-442a670195db1c0dfbca:phone:2,AN19-rec-442a670195db1c0dfbca,AN19.SPA.sm2,Spanish,Romance,con,k aa n,1,aa,3.842810926932117e-10,36.15420208271123,6,6,0.007042253521126761
AN19-rec-4441f2cf7055c2d51cc1:phone:2,AN19-rec-4441f2cf7055c2d51cc1,AN19.MIX.im3,Russian,Slavic,fade,f ey d,1,ey,0.013062758633473094,23.75882093525505,6,6,0.006756756756756757
AN19-rec-444af64f826f7a93b5ff:phone:2,AN19-rec-444af64f826f7a93b5ff,AN19.MIX.if4,German,Germanic,wed,w eh d,1,eh,2.919987792374655e-30,74.28341156896941,6,6,0.0072992700729927005
AN19-rec-445647263e8165199cd7:phone:3,AN19-rec-445647263e8165199cd7,AN19.SPA.sf5,Spanish,Romance,hurl,hh er l,2,l,3.4870664837366934e-10,35.156025885835895,6,6,0.007194244604316547
AN19-rec-44587b964e7d41de6050:phone:2,AN19-rec-44587b964e7d41de6050,AN19.KOR.kf4,Korean,Koreanic,was,w aa z,1,aa,0.0004618876031015676,21.47377281554733,6,6,0.0070921985815602835
AN19-rec-445a23cf40776951d74d:phone:2,AN19-rec-445a23cf40776951d74d,AN19.MIX.im4,Mandarin,Sino-Tibetan,roof,r uw f,1,uw,2.2416590104311843e-08,48.569166665288265,6,6,0.006993006993006993
AN19-rec-447b1cd5459a09353b52:phone:2,AN19-rec-447b1cd5459a09353b52,AN19.KOR.kf4,Korean,Koreanic,fool,f uw l,1,uw,2.5431369799852935e-06,25.548662683657152,6,6,0.0070921985815602835
AN19-rec-4494a36a06977c976c40:phone:3,AN19-rec-4494a36a06977c976c40,AN19.KOR.km3,Korean,Koreanic,white,w ay t,2,t,2.5792456728966384e-05,51.25649907745024,6,6,0.006666666666666667
AN19-rec-44a0091e907b89af8a2b:phone:1,AN19-rec-44a0091e907b89af8a2b,AN19.KOR.kf5,Korean,Koreanic,weed,w iy d,0,w,7.275494584833518e-21,64.91856800453301,6,6,0.006993006993006993
AN19-rec-44a0091e907b89af8a2b:phone:2,AN19-rec-44a0091e907b89af8a2b,AN19.KOR.kf5,Korean,Koreanic,weed,w iy d,1,iy,3.019649551412269e-09,35.5164545929458,6,6,0.006993006993006993
AN19-rec-44a214d7c317a275e94d:phone:1,AN19-rec-44a214d7c317a275e94d,AN19.KOR.km3,Korean,Koreanic,ship,sh ih p,0,sh,0.03017835802903184,7.27666204022329,6,6,0.006666666666666667
AN19-rec-44a214d7c317a275e94d:phone:3,AN19-rec-44a214d7c317a275e94d,AN19.KOR.km3,Korean,Koreanic,ship,sh ih p,2,p,1.7196502934749528e-07,19.691539175168792,6,6,0.006666666666666667
AN19-rec-44c0183385016ae3f860:phone:1,AN19-rec-44c0183385016ae3f860,AN19.KOR.kf4,Korean,Koreanic,job,jh aa b,0,jh,3.847848509823522e-05,68.12998500221681,6,6,0.0070921985815602835
AN19-rec-44c0183385016ae3f860:phone:3,AN19-rec-44c0183385016ae3f860,AN19.KOR.kf4,Korean,Koreanic,job,jh aa b,2,b,6.361483765102e-07,35.336767308918574,6,6,0.0070921985815602835
AN19-rec-44c0cc0b426abdd42a9a:phone:2,AN19-rec-44c0cc0b426abdd42a9a,AN19.MIX.im4,Mandarin,Sino-Tibetan,live,l ay v,1,ay,2.961132446255216e-12,46.31226615901068,6,6,0.006993006993006993
AN19-rec-44ce7616d720b0b28270:phone:1,AN19-rec-44ce7616d720b0b28270,AN19.SPA.sm2,Spanish,Romance,fig,f ih g,0,f,1.5762457032165157e-10,41.710609244485305,6,6,0.007042253521126761
AN19-rec-44ce7616d720b0b28270:phone:3,AN19-rec-44ce7616d720b0b28270,AN19.SPA.sm2,Spanish,Romance,fig,f ih g,2,g,1.7269118887306407e-06,36.647110747040045,6,6,0.007042253521126761
AN19-rec-44f8b668ea4ef5d47822:phone:2,AN19-rec-44f8b668ea4ef5d47822,AN19.SPA.sm5,Spanish,Romance,mat,m ae t,1,ae,0.00010722693723706077,38.8125356300562,6,6,0.006896551724137931
AN19-rec-4509a6520af0948e9ee4:phone:1,AN19-rec-4509a6520af0948e9ee4,AN19.KOR.kf4,Korean,Koreanic,shop,sh aa p,0,sh,0.00922203715450482,12.91034301791217,6,6,0.0070921985815602835
AN19-rec-4509a6520af0948e9ee4:phone:2,AN19-rec-4509a6520af0948e9ee4,AN19.KOR.kf4,Korean,Koreanic,shop,sh aa p,1,aa,0.001586781367851488,21.665600996549117,6,6,0.0070921985815602835
AN19-rec-4509a6520af0948e9ee4:phone:3,AN19-rec-4509a6520af0948e9ee4,AN19.KOR.kf4,Korean,Koreanic,shop,sh aa p,2,p,6.7568194362927744e-06,32.8436738772162,6,6,0.0070921985815602835
AN19-rec-4514239d8e431c0e9fc3:phone:3,AN19-rec-4514239d8e431c0e9fc3,AN19.SPA.sf3,Spanish,Romance,mum,m ah m,2,m,1.0393831727646413e-11,36.7188917802377,6,6,0.007246376811594203
AN19-rec-45336265bd6a60662b0a:phone:1,AN19-rec-45336265bd6a60662b0a,AN19.SPA.sm7,Spanish,Romance,league,l iy g,0,l,4.5290431565990425e-05,23.942885532316485,6,6,0.007352941176470588
AN19-rec-45336265bd6a60662b0a:phone:2,AN19-rec-45336265bd6a60662b0a,AN19.SPA.sm7,Spanish,Romance,league,l iy g,1,iy,6.58520399989591e-20,58.12787926930096,6,6,0.007352941176470588
AN19-rec-45336265bd6a60662b0a:phone:3,AN19-rec-45336265bd6a60662b0a,AN19.SPA.sm7,Spanish,Romance,league,l iy g,2,g,5.399487411393899e-07,19.996746169210898,6,6,0.007352941176470588
AN19-rec-453b8d7b713c93accd98:phone:1,AN19-rec-453b8d7b713c93accd98,AN19.SPA.sm4,Spanish,Romance,bean,b iy n,0,b,5.29622396816639e-10,31.238672037108216,6,6,0.007194244604316547
AN19-rec-454529b79ce910711b4e:phone:2,AN19-rec-454529b79ce910711b4e,AN19.SPA.sf5,Spanish,Romance,shop,sh aa p,1,aa,2.393404253481538e-05,19.767332056679503,6,6,0.007194244604316547
AN19-rec-454529b79ce910711b4e:phone:3,AN19-rec-454529b79ce910711b4e,AN19.SPA.sf5,Spanish,Romance,shop,sh aa p,2,p,9.645949023985486e-11,33.57312394395883,6,6,0.007194244604316547
AN19-rec-4549dd3d48b81ce555f5:phone:3,AN19-rec-4549dd3d48b81ce555f5,AN19.KOR.kf4,Korean,Koreanic,mouth,m aw th,2,th,2.084554390000986e-05,42.96978637228285,6,6,0.0070921985815602835
AN19-rec-4587aafbf4ebe58fed41:phone:2,AN19-rec-4587aafbf4ebe58fed41,AN19.SPA.sm7,Spanish,Romance,chore,ch ao r,1,ao,9.827600781331711e-15,49.840091344845774,6,6,0.007352941176470588
AN19-rec-4587bae16dbcbc5f4129:phone:1,AN19-rec-4587bae16dbcbc5f4129,AN19.KOR.km6,Korean,Koreanic,sane,s ey n,0,s,0.00014805005283882787,13.768738957183826,6,6,0.007042253521126761
AN19-rec-4587bae16dbcbc5f4129:phone:2,AN19-rec-4587bae16dbcbc5f4129,AN19.KOR.km6,Korean,Koreanic,sane,s ey n,1,ey,0.00524898616609936,20.246500303212677,6,6,0.007042253521126761
AN19-rec-459b3f19e636b7e24fca:phone:2,AN19-rec-459b3f19e636b7e24fca,AN19.SPA.sm3,Spanish,Romance,shall,sh ae l,1,ae,2.054576605908886e-06,21.277930601213143,6,6,0.0072992700729927005
AN19-rec-45b44ff99c1732a43814:phone:1,AN19-rec-45b44ff99c1732a43814,AN19.MIX.im6,Hindi,Indo-Aryan,give,g ih v,0,g,3.335310278141805e-05,21.33340522992532,6,6,0.006711409395973154
AN19-rec-45b68f8a7d540ebd9504:phone:1,AN19-rec-45b68f8a7d540ebd9504,AN19.SPA.sm5,Spanish,Romance,shop,sh aa p,0,sh,0.006678085288973933,14.795092914485862,6,6,0.006896551724137931
AN19-rec-45b68f8a7d540ebd9504:phone:2,AN19-rec-45b68f8a7d540ebd9504,AN19.SPA.sm5,Spanish,Romance,shop,sh aa p,1,aa,2.2109416315515313e-15,76.33600618265632,6,6,0.006896551724137931
AN19-rec-45b68f8a7d540ebd9504:phone:3,AN19-rec-45b68f8a7d540ebd9504,AN19.SPA.sm5,Spanish,Romance,shop,sh aa p,2,p,1.251331907625044e-06,43.99455002927081,6,6,0.006896551724137931
AN19-rec-45b9051bfaeaa34a1d9a:phone:1,AN19-rec-45b9051bfaeaa34a1d9a,AN19.KOR.kf3,Korean,Koreanic,king,k ih ng,0,k,7.507839879805761e-05,23.4179878437536,6,6,0.007246376811594203
AN19-rec-45d11fca84c90181dbee:phone:2,AN19-rec-45d11fca84c90181dbee,AN19.MIX.if6,Somali,Afro-Asiatic,lace,l ey s,1,ey,1.2864043254643918e-08,30.384516594630245,6,6,0.007246376811594203
AN19-rec-45e89d9ced26a1a9ce5e:phone:2,AN19-rec-45e89d9ced26a1a9ce5e,AN19.SPA.sm3,Spanish,Romance,rut,r ah t,1,ah,1.0058899977238453e-18,53.72622194928999,6,6,0.0072992700729927005
AN19-rec-45f04dbc6179dcb3e73a:phone:3,AN19-rec-45f04dbc6179dcb3e73a,AN19.SPA.sf3,Spanish,Romance,peace,p iy s,2,s,0.008127603862032942,23.504183477616124,6,6,0.007246376811594203
AN19-rec-4601d36ca7b475ae2980:phone:1,AN19-rec-4601d36ca7b475ae2980,AN19.MIX.if6,Somali,Afro-Asiatic,shall,sh ae l,0,sh,0.013747775859673158,11.393978925044406,6,6,0.007246376811594203
AN19-rec-4601d36ca7b475ae2980:phone:2,AN19-rec-4601d36ca7b475ae2980,AN19.MIX.if6,Somali,Afro-Asiatic,shall,sh ae l,1,ae,0.0010941733128775311,15.072274131426068,6,6,0.007246376811594203
AN19-rec-461f4de150a0d15887e6:phone:1,AN19-rec-461f4de150a0d15887e6,AN19.SPA.sm3,Spanish,Romance,check,ch eh k,0,ch,1.7408960523409965e-10,39.80370203305361,6,6,0.0072992700729927005
AN19-rec-46245852a28efaca495a:phone:2,AN19-rec-46245852a28efaca495a,AN19.KOR.kf2,Korean,Koreanic,lose,l uw z,1,uw,2.550425199011207e-13,35.6914928681997,6,6,0.0072992700729927005
AN19-rec-4647268bcd63556244b7:phone:1,AN19-rec-4647268bcd63556244b7,AN19.KOR.km2,Korean,Koreanic,firm,f er m,0,f,1.189190433879386e-05,22.811387523550557,6,6,0.006756756756756757
AN19-rec-46521112e3697bb097fb:phone:3,AN19-rec-46521112e3697bb097fb,AN19.SPA.sf4,Spanish,Romance,route,r uw t,2,t,2.964884931438111e-20,73.09731819963265,6,6,0.0070921985815602835
AN19-rec-4653088147eb2b11af30:phone:3,AN19-rec-4653088147eb2b11af30,AN19.MIX.im3,Russian,Slavic,thought,th ao t,2,t,1.6264430123226435e-06,33.35666049490907,6,6,0.006756756756756757
AN19-rec-466ef5d6e4722b405524:phone:1,AN19-rec-466ef5d6e4722b405524,AN19.KOR.km1,Korean,Koreanic,theme,th iy m,0,th,1.726928855139409e-09,32.7804189577242,6,6,0.0072992700729927005
AN19-rec-466ef5d6e4722b405524:phone:3,AN19-rec-466ef5d6e4722b405524,AN19.KOR.km1,Korean,Koreanic,theme,th iy m,2,m,3.4626433875580975e-16,43.65216646755848,6,6,0.0072992700729927005
AN19-rec-468db8199acc7edd6484:phone:3,AN19-rec-468db8199acc7edd6484,AN19.KOR.kf1,Korean,Koreanic,beak,b iy k,2,k,7.055708323874895e-06,25.90307243582917,6,6,0.0072992700729927005
AN19-rec-46a0b5eb1b9c0d15fb88:phone:1,AN19-rec-46a0b5eb1b9c0d15fb88,AN19.MIX.im6,Hindi,Indo-Aryan,god,g aa d,0,g,2.4129590843766293e-23,79.84982680493111,6,6,0.006711409395973154
AN19-rec-46b4b4bdad079cff2d8b:phone:3,AN19-rec-46b4b4bdad079cff2d8b,AN19.MIX.if1,Albanian,Albanian,serve,s er v,2,v,0.0003701578365515322,18.94996248403296,6,6,0.0070921985815602835
AN19-rec-46b7ea5d4801ea7dc10b:phone:2,AN19-rec-46b7ea5d4801ea7dc10b,AN19.MIX.if1,Albanian,Albanian,rhyme,r ay m,1,ay,0.007002467931896437,24.274873529895405,6,6,0.0070921985815602835
AN19-rec-46b7ea5d4801ea7dc10b:phone:3,AN19-rec-46b7ea5d4801ea7dc10b,AN19.MIX.if1,Albanian,Albanian,rhyme,r ay m,2,m,9.347341089993247e-10,35.503181827383614,6,6,0.0070921985815602835
AN19-rec-46e8cc0d92c8bab04d2c:phone:3,AN19-rec-46e8cc0d92c8bab04d2c,AN19.KOR.km7,Korean,Koreanic,white,w ay t,2,t,0.0042719559322666285,42.4254737111493,6,6,0.006711409395973154
AN19-rec-46f4f67e34255ad822a6:phone:2,AN19-rec-46f4f67e34255ad822a6,AN19.SPA.sf6,Spanish,Romance,roof,r uw f,1,uw,3.0805446915488193e-13,51.86550777284054,6,6,0.007042253521126761
AN19-rec-470fc56d34d949b3a0db:phone:2,AN19-rec-470fc56d34d949b3a0db,AN19.KOR.kf2,Korean,Koreanic,kin,k ih n,1,ih,0.00017455029788284959,35.81831931990758,6,6,0.0072992700729927005
AN19-rec-47139fb69d5dd3a8ba26:phone:2,AN19-rec-47139fb69d5dd3a8ba26,AN19.KOR.kf4,Korean,Koreanic,leg,l eh g,1,eh,0.0025183532136800447,62.4714945143526,6,6,0.0070921985815602835
AN19-rec-4716046ea1ac08239c3f:phone:2,AN19-rec-4716046ea1ac08239c3f,AN19.MIX.if2,Dutch,Germanic,vice,v ay s,1,ay,0.0001312378296887347,28.725241383010367,6,6,0.006944444444444444
AN19-rec-47224910cf6660f8f338:phone:2,AN19-rec-47224910cf6660f8f338,AN19.KOR.km2,Korean,Koreanic,shape,sh ey p,1,ey,0.00012487011074717105,19.10455983506437,6,6,0.006756756756756757
AN19-rec-4728968e5073df231732:phone:2,AN19-rec-4728968e5073df231732,AN19.KOR.km2,Korean,Koreanic,bead,b iy d,1,iy,0.0013156662758306847,26.11491478833212,6,6,0.006756756756756757
AN19-rec-4728968e5073df231732:phone:3,AN19-rec-4728968e5073df231732,AN19.KOR.km2,Korean,Koreanic,bead,b iy d,2,d,1.6442903927306122e-07,33.316184779787456,6,6,0.006756756756756757
AN19-rec-473305fbb0af9d8d4d55:phone:1,AN19-rec-473305fbb0af9d8d4d55,AN19.KOR.km6,Korean,Koreanic,den,d eh n,0,d,3.273823841153082e-16,75.16935389787582,6,6,0.007042253521126761
AN19-rec-473dd879f0fa34109667:phone:1,AN19-rec-473dd879f0fa34109667,AN19.SPA.sf1,Spanish,Romance,mote,m ow t,0,m,3.009907761977569e-11,41.72470920096432,6,6,0.006896551724137931
AN19-rec-473dd879f0fa34109667:phone:2,AN19-rec-473dd879f0fa34109667,AN19.SPA.sf1,Spanish,Romance,mote,m ow t,1,ow,1.1099204148374546e-05,24.451501963439046,6,6,0.006896551724137931
AN19-rec-477230cd741577fb98ca:phone:3,AN19-rec-477230cd741577fb98ca,AN19.SPA.sf1,Spanish,Romance,pup,p ah p,2,p,6.538629472505214e-10,57.64416250343788,6,6,0.006896551724137931
AN19-rec-478d2a7f4f31479c05f5:phone:3,AN19-rec-478d2a7f4f31479c05f5,AN19.SPA.sm6,Spanish,Romance,mum,m ah m,2,m,0.002543827701638826,44.76049307676187,6,6,0.006756756756756757
AN19-rec-47930403b06f74913276:phone:3,AN19-rec-47930403b06f74913276,AN19.MIX.if2,Dutch,Germanic,toot,t uw t,2,t,8.448713774704079e-06,29.02512768875585,6,6,0.006944444444444444
AN19-rec-47a050f6c3ee4faaefc4:phone:1,AN19-rec-47a050f6c3ee4faaefc4,AN19.MIX.im5,Turkish,Turkic,den,d eh n,0,d,0.004021345833719416,30.463103288375283,6,6,0.007246376811594203
AN19-rec-47a050f6c3ee4faaefc4:phone:2,AN19-rec-47a050f6c3ee4faaefc4,AN19.MIX.im5,Turkish,Turkic,den,d eh n,1,eh,0.004305977296807339,16.348526120103443,6,6,0.007246376811594203
AN19-rec-47accca7160421e8786b:phone:3,AN19-rec-47accca7160421e8786b,AN19.MIX.if2,Dutch,Germanic,hurl,hh er l,2,l,0.0002809220629750451,32.393069298420826,6,6,0.006944444444444444
AN19-rec-47b7be5f0ad705e59ed0:phone:2,AN19-rec-47b7be5f0ad705e59ed0,AN19.SPA.sm5,Spanish,Romance,cod,k aa d,1,aa,4.127913191658116e-10,61.63649186586321,6,6,0.006896551724137931
AN19-rec-47c987727ca48e51399c:phone:1,AN19-rec-47c987727ca48e51399c,AN19.KOR.kf2,Korean,Koreanic,girl,g er l,0,g,6.747239703815897e-17,53.79582680570172,6,6,0.0072992700729927005
AN19-rec-47cd622e1a5f5ba39f9e:phone:2,AN19-rec-47cd622e1a5f5ba39f9e,AN19.KOR.km8,Korean,Koreanic,lace,l ey s,1,ey,4.299915086949072e-06,17.471587879341612,6,6,0.006896551724137931
AN19-rec-47d44879232f0ac04902:phone:2,AN19-rec-47d44879232f0ac04902,AN19.KOR.km6,Korean,Koreanic,bead,b iy d,1,iy,1.2276170168293512e-08,25.97302683539939,6,6,0.007042253521126761
AN19-rec-47d44879232f0ac04902:phone:3,AN19-rec-47d44879232f0ac04902,AN19.KOR.km6,Korean,Koreanic,bead,b iy d,2,d,5.349872580376101e-06,21.79023477962401,6,6,0.007042253521126761
AN19-rec-47f7b0be062037fdfbe4:phone:2,AN19-rec-47f7b0be062037fdfbe4,AN19.KOR.km3,Korean,Koreanic,suck,s ah k,1,ah,1.5252906426302989e-05,36.903770292879166,6,6,0.006666666666666667
AN19-rec-47f7b0be062037fdfbe4:phone:3,AN19-rec-47f7b0be062037fdfbe4,AN19.KOR.km3,Korean,Koreanic,suck,s ah k,2,k,4.595153623276561e-13,52.98993728386949,6,6,0.006666666666666667
AN19-rec-480ed6655e9d148269ee:phone:2,AN19-rec-480ed6655e9d148269ee,AN19.KOR.km2,Korean,Koreanic,rut,r ah t,1,ah,0.0008970605028452679,35.64860272869851,6,6,0.006756756756756757
AN19-rec-48252250abf6774913d2:phone:1,AN19-rec-48252250abf6774913d2,AN19.SPA.sf6,Spanish,Romance,five,f ay v,0,f,2.1196969953972e-12,60.63015416811575,6,6,0.007042253521126761
AN19-rec-48283221df4489b0cc34:phone:1,AN19-rec-48283221df4489b0cc34,AN19.SPA.sm7,Spanish,Romance,hoot,hh uw t,0,hh,6.374746459596604e-09,37.72336744267088,6,6,0.007352941176470588
AN19-rec-48283221df4489b0cc34:phone:3,AN19-rec-48283221df4489b0cc34,AN19.SPA.sm7,Spanish,Romance,hoot,hh uw t,2,t,0.0009868347920227974,40.7213485024727,6,6,0.007352941176470588
AN19-rec-482e72656ed426fdd2f4:phone:1,AN19-rec-482e72656ed426fdd2f4,AN19.MIX.im2,Bengali,Indo-Aryan,young,y ah ng,0,y,0.00010700564969921074,23.922017797748826,6,6,0.007246376811594203
AN19-rec-482e72656ed426fdd2f4:phone:3,AN19-rec-482e72656ed426fdd2f4,AN19.MIX.im2,Bengali,Indo-Aryan,young,y ah ng,2,ng,4.1846087983462536e-07,35.912359362378886,6,6,0.007246376811594203
AN19-rec-4848b075b7eebe62ed2a:phone:2,AN19-rec-4848b075b7eebe62ed2a,AN19.SPA.sm2,Spanish,Romance,wrong,r ao ng,1,ao,8.096143232093004e-15,45.23781396712194,6,8,0.007042253521126761
AN19-rec-48531b21790ee56d00e5:phone:2,AN19-rec-48531b21790ee56d00e5,AN19.SPA.sf2,Spanish,Romance,suck,s ah k,1,ah,2.8178983685298423e-09,65.18654247523521,6,6,0.007246376811594203
AN19-rec-48626c2a971cf55c2972:phone:3,AN19-rec-48626c2a971cf55c2972,AN19.MIX.im3,Russian,Slavic,mouth,m aw th,2,th,0.0018419989969321133,42.72098963977339,6,6,0.006756756756756757
AN19-rec-4863e79a6180aeec347c:phone:2,AN19-rec-4863e79a6180aeec347c,AN19.SPA.sf1,Spanish,Romance,full,f uh l,1,uh,9.96474455897418e-06,23.60019095867155,6,6,0.006896551724137931
AN19-rec-48661b46280f18393502:phone:1,AN19-rec-48661b46280f18393502,AN19.SPA.sm7,Spanish,Romance,soil,s oy l,0,s,0.0018288801919859841,15.649235284718108,6,6,0.007352941176470588
AN19-rec-48661b46280f18393502:phone:2,AN19-rec-48661b46280f18393502,AN19.SPA.sm7,Spanish,Romance,soil,s oy l,1,oy,0.015470342037796495,17.186683330821634,6,6,0.007352941176470588
AN19-rec-48a361a9ef64161f92f3:phone:1,AN19-rec-48a361a9ef64161f92f3,AN19.SPA.sm7,Spanish,Romance,bug,b ah g,0,b,8.554740851125474e-08,50.80708511423152,6,6,0.007352941176470588
AN19-rec-48c831285e879a656bf1:phone:3,AN19-rec-48c831285e879a656bf1,AN19.MIX.if4,German,Germanic,route,r uw t,2,t,3.2440872261903385e-14,54.17021816462786,6,6,0.0072992700729927005
AN19-rec-48d15936e5472e9c9213:phone:2,AN19-rec-48d15936e5472e9c9213,AN19.MIX.if2,Dutch,Germanic,ban,b ae n,1,ae,3.4057354929552745e-05,12.8647213785058,6,6,0.006944444444444444
AN19-rec-48db51c6901d6c180cff:phone:1,AN19-rec-48db51c6901d6c180cff,AN19.SPA.sf4,Spanish,Romance,chief,ch iy f,0,ch,0.03722267760874113,27.03044040192491,6,6,0.0070921985815602835
AN19-rec-48db51c6901d6c180cff:phone:2,AN19-rec-48db51c6901d6c180cff,AN19.SPA.sf4,Spanish,Romance,chief,ch iy f,1,iy,1.3692559171901786e-07,38.89310156540565,6,6,0.0070921985815602835
AN19-rec-493410ee2e14631fe318:phone:1,AN19-rec-493410ee2e14631fe318,AN19.MIX.im1,Romanian,Romance,hack,hh ae k,0,hh,1.9113431655330527e-31,93.26079796349592,6,6,0.006802721088435374
AN19-rec-493410ee2e14631fe318:phone:3,AN19-rec-493410ee2e14631fe318,AN19.MIX.im1,Romanian,Romance,hack,hh ae k,2,k,5.412736472041332e-32,93.63082201550822,6,6,0.006802721088435374
AN19-rec-4949a6ebb6978b91bb6a:phone:2,AN19-rec-4949a6ebb6978b91bb6a,AN19.KOR.km3,Korean,Koreanic,shape,sh ey p,1,ey,4.7452531072184665e-08,19.73037440200935,6,6,0.006666666666666667
AN19-rec-4951ce88b8620755fbb7:phone:1,AN19-rec-4951ce88b8620755fbb7,AN19.SPA.sm3,Spanish,Romance,shop,sh aa p,0,sh,0.006372858200542324,13.616580517384298,6,6,0.0072992700729927005
AN19-rec-4951ce88b8620755fbb7:phone:2,AN19-rec-4951ce88b8620755fbb7,AN19.SPA.sm3,Spanish,Romance,shop,sh aa p,1,aa,0.00024332603590350064,18.33566913791019,6,6,0.0072992700729927005
AN19-rec-4951ce88b8620755fbb7:phone:3,AN19-rec-4951ce88b8620755fbb7,AN19.SPA.sm3,Spanish,Romance,shop,sh aa p,2,p,0.001917225524529936,27.7928057152362,6,6,0.0072992700729927005
AN19-rec-4960c60b7f2f5cfc7f8f:phone:1,AN19-rec-4960c60b7f2f5cfc7f8f,AN19.KOR.km6,Korean,Koreanic,shop,sh aa p,0,sh,0.0003532988624317709,13.946042951820443,6,6,0.007042253521126761
AN19-rec-4960c60b7f2f5cfc7f8f:phone:2,AN19-rec-4960c60b7f2f5cfc7f8f,AN19.KOR.km6,Korean,Koreanic,shop,sh aa p,1,aa,1.1845531168502558e-05,18.912018327286507,6,6,0.007042253521126761
AN19-rec-496419fb7ec3c485a991:phone:2,AN19-rec-496419fb7ec3c485a991,AN19.MIX.if1,Albanian,Albanian,den,d eh n,1,eh,7.248066805612828e-06,20.78530756467508,6,6,0.0070921985815602835
AN19-rec-497f8d0cc8b0db81e1d1:phone:3,AN19-rec-497f8d0cc8b0db81e1d1,AN19.SPA.sm5,Spanish,Romance,mum,m ah m,2,m,7.361953243421773e-10,52.40315206453326,6,6,0.006896551724137931
AN19-rec-497f904f0a6a2295cf12:phone:2,AN19-rec-497f904f0a6a2295cf12,AN19.SPA.sf1,Spanish,Romance,teeth,t iy th,1,iy,9.505296682892101e-07,42.22547210256429,6,6,0.006896551724137931
AN19-rec-49911e80fd788c2678f1:phone:1,AN19-rec-49911e80fd788c2678f1,AN19.SPA.sf5,Spanish,Romance,job,jh aa b,0,jh,0.11341791393013173,45.05974000848384,6,6,0.007194244604316547
AN19-rec-49911e80fd788c2678f1:phone:3,AN19-rec-49911e80fd788c2678f1,AN19.SPA.sf5,Spanish,Romance,job,jh aa b,2,b,2.0088981616898354e-06,41.088670652694894,6,6,0.007194244604316547
AN19-rec-49d354e3f6f137f7b589:phone:1,AN19-rec-49d354e3f6f137f7b589,AN19.KOR.kf3,Korean,Koreanic,weed,w iy d,0,w,2.2487825364446976e-11,55.16521430393916,6,6,0.007246376811594203
AN19-rec-49d354e3f6f137f7b589:phone:2,AN19-rec-49d354e3f6f137f7b589,AN19.KOR.kf3,Korean,Koreanic,weed,w iy d,1,iy,1.4863969200354084e-06,36.11120806436337,6,6,0.007246376811594203
AN19-rec-49fe622d3780357ce227:phone:1,AN19-rec-49fe622d3780357ce227,AN19.SPA.sm6,Spanish,Romance,chain,ch ey n,0,ch,0.014456419454155415,17.188739655172288,6,6,0.006756756756756757
AN19-rec-4a0eaafde93b1b14d7c2:phone:2,AN19-rec-4a0eaafde93b1b14d7c2,AN19.SPA.sm5,Spanish,Romance,wrong,r ao ng,1,ao,5.271538694766529e-07,26.139988777180776,6,8,0.006896551724137931
AN19-rec-4a2156c7938935b4646e:phone:1,AN19-rec-4a2156c7938935b4646e,AN19.MIX.im2,Bengali,Indo-Aryan,food,f uw d,0,f,7.461415294191688e-08,28.05222300048557,6,6,0.007246376811594203
AN19-rec-4a2ee0806685f04792eb:phone:2,AN19-rec-4a2ee0806685f04792eb,AN19.KOR.km6,Korean,Koreanic,rut,r ah t,1,ah,1.6192329412017998e-15,45.95624548422917,6,6,0.007042253521126761
AN19-rec-4a2f8271f1cbe7923e2c:phone:3,AN19-rec-4a2f8271f1cbe7923e2c,AN19.SPA.sf2,Spanish,Romance,pad,p ae d,2,d,2.6462076149812206e-08,20.93198607288927,6,6,0.007246376811594203
AN19-rec-4a38e68f76edbbb7d9b6:phone:2,AN19-rec-4a38e68f76edbbb7d9b6,AN19.KOR.km8,Korean,Koreanic,leg,l eh g,1,eh,0.01170870354479317,61.23940421029405,6,6,0.006896551724137931
AN19-rec-4a69289201fae621baa7:phone:1,AN19-rec-4a69289201fae621baa7,AN19.MIX.im1,Romanian,Romance,cheer,ch ih r,0,ch,0.018734159320452044,18.879234239609804,6,6,0.006802721088435374
AN19-rec-4a9806bde5ecbae61619:phone:1,AN19-rec-4a9806bde5ecbae61619,AN19.SPA.sm5,Spanish,Romance,chain,ch ey n,0,ch,2.0474015386992956e-08,23.66979768472139,6,6,0.006896551724137931
AN19-rec-4a9caab24b20a93aace0:phone:2,AN19-rec-4a9caab24b20a93aace0,AN19.SPA.sm2,Spanish,Romance,suck,s ah k,1,ah,1.531377695358076e-14,48.892721381657736,6,6,0.007042253521126761
AN19-rec-4a9caab24b20a93aace0:phone:3,AN19-rec-4a9caab24b20a93aace0,AN19.SPA.sm2,Spanish,Romance,suck,s ah k,2,k,2.0217581170928513e-22,91.6109223937455,6,6,0.007042253521126761
AN19-rec-4a9fc45fc9140f1e211c:phone:1,AN19-rec-4a9fc45fc9140f1e211c,AN19.MIX.im1,Romanian,Romance,pool,p uw l,0,p,0.0003582106383983165,20.791353307356907,6,6,0.006802721088435374
AN19-rec-4aa1f3cdc92810d17614:phone:2,AN19-rec-4aa1f3cdc92810d17614,AN19.SPA.sm4,Spanish,Romance,den,d eh n,1,eh,1.2347056722300817e-05,29.428156174643537,6,6,0.007194244604316547
AN19-rec-4ac1263bd40961de342b:phone:1,AN19-rec-4ac1263bd40961de342b,AN19.MIX.if2,Dutch,Germanic,dune,d uw n,0,d,0.0002670053794695926,29.948778621275736,6,6,0.006944444444444444
AN19-rec-4ac7bda6a7baa4787421:phone:1,AN19-rec-4ac7bda6a7baa4787421,AN19.KOR.kf1,Korean,Koreanic,lice,l ay s,0,l,0.00024930015197270264,19.807047930744883,6,6,0.0072992700729927005
AN19-rec-4ac7bda6a7baa4787421:phone:2,AN19-rec-4ac7bda6a7baa4787421,AN19.KOR.kf1,Korean,Koreanic,lice,l ay s,1,ay,8.669365591690953e-09,22.41071793775426,6,6,0.0072992700729927005
AN19-rec-4ac7bda6a7baa4787421:phone:3,AN19-rec-4ac7bda6a7baa4787421,AN19.KOR.kf1,Korean,Koreanic,lice,l ay s,2,s,1.405894957556237e-08,32.65655761079477,6,6,0.0072992700729927005
AN19-rec-4ae8d8b97f5b2ac4522f:phone:3,AN19-rec-4ae8d8b97f5b2ac4522f,AN19.SPA.sf4,Spanish,Romance,serve,s er v,2,v,0.0027008355527580884,19.45069839964498,6,6,0.0070921985815602835
AN19-rec-4aed8d21fc2d5f31dd19:phone:1,AN19-rec-4aed8d21fc2d5f31dd19,AN19.MIX.im5,Turkish,Turkic,both,b ow th,0,b,2.3545408756152572e-05,20.627407572506858,6,6,0.007246376811594203
AN19-rec-4aed8d21fc2d5f31dd19:phone:3,AN19-rec-4aed8d21fc2d5f31dd19,AN19.MIX.im5,Turkish,Turkic,both,b ow th,2,th,9.600385172886659e-11,37.43598202688271,6,6,0.007246376811594203
AN19-rec-4af09c11fedd3afa6af7:phone:1,AN19-rec-4af09c11fedd3afa6af7,AN19.MIX.if3,French,Romance,girl,g er l,0,g,4.7241498541959685e-17,49.2508827202443,6,6,0.006993006993006993
AN19-rec-4b189d64e06080bae217:phone:2,AN19-rec-4b189d64e06080bae217,AN19.SPA.sf1,Spanish,Romance,live,l ay v,1,ay,1.6567911427103314e-19,61.04409250351092,6,6,0.006896551724137931
AN19-rec-4b33f713fd9999d4b940:phone:3,AN19-rec-4b33f713fd9999d4b940,AN19.KOR.km8,Korean,Koreanic,hash,hh ae sh,2,sh,3.816324536755109e-05,26.975738336536157,6,6,0.006896551724137931
AN19-rec-4b35d9d2c9d9de86606b:phone:2,AN19-rec-4b35d9d2c9d9de86606b,AN19.MIX.if6,Somali,Afro-Asiatic,wife,w ay f,1,ay,0.015335814261955821,56.40819102459034,6,6,0.007246376811594203
AN19-rec-4b4bfd9237f413724fea:phone:2,AN19-rec-4b4bfd9237f413724fea,AN19.KOR.km1,Korean,Koreanic,rat,r ae t,1,ae,2.438224871777352e-17,73.74119102216792,6,6,0.0072992700729927005
AN19-rec-4b845a4bb6c2e1391def:phone:2,AN19-rec-4b845a4bb6c2e1391def,AN19.SPA.sm2,Spanish,Romance,bun,b ah n,1,ah,6.501992707254604e-16,44.78119552272023,6,6,0.007042253521126761
AN19-rec-4b84ce0119586a29ed77:phone:2,AN19-rec-4b84ce0119586a29ed77,AN19.SPA.sf5,Spanish,Romance,roof,r uw f,1,uw,0.0007175326475172189,21.994638004942196,6,6,0.007194244604316547
AN19-rec-4b917777f8f7ebc476bd:phone:1,AN19-rec-4b917777f8f7ebc476bd,AN19.SPA.sm6,Spanish,Romance,rough,r ah f,0,r,0.012356101524352367,17.59413726077078,6,6,0.006756756756756757
AN19-rec-4b93ef37db74b45f4a7c:phone:3,AN19-rec-4b93ef37db74b45f4a7c,AN19.MIX.im2,Bengali,Indo-Aryan,white,w ay t,2,t,1.313392272508261e-11,63.92462668242792,6,6,0.007246376811594203
AN19-rec-4b94879a0602fa990b0b:phone:2,AN19-rec-4b94879a0602fa990b0b,AN19.KOR.kf2,Korean,Koreanic,rat,r ae t,1,ae,6.361363680476872e-06,27.314707324342987,6,6,0.0072992700729927005
AN19-rec-4ba968d1c758c6a39fe3:phone:2,AN19-rec-4ba968d1c758c6a39fe3,AN19.SPA.sm3,Spanish,Romance,con,k aa n,1,aa,1.8173302013167382e-09,35.01835038791936,6,6,0.0072992700729927005
AN19-rec-4bdee96df7dc64066068:phone:2,AN19-rec-4bdee96df7dc64066068,AN19.KOR.kf5,Korean,Koreanic,voice,v oy s,1,oy,3.3448202224893323e-25,77.02888086627398,6,6,0.006993006993006993
AN19-rec-4be736fa20108ffb4323:phone:1,AN19-rec-4be736fa20108ffb4323,AN19.SPA.sf1,Spanish,Romance,weed,w iy d,0,w,3.7647933529862217e-07,60.41659826722225,6,6,0.006896551724137931
AN19-rec-4c190522b7b3416c61c2:phone:1,AN19-rec-4c190522b7b3416c61c2,AN19.SPA.sf5,Spanish,Romance,check,ch eh k,0,ch,0.05115276006974993,20.539491382076108,6,6,0.007194244604316547
AN19-rec-4c20a1aee79bccacc30e:phone:3,AN19-rec-4c20a1aee79bccacc30e,AN19.KOR.km3,Korean,Koreanic,bum,b ah m,2,m,2.7325787009865843e-06,29.84556104252641,6,6,0.006666666666666667
AN19-rec-4c2ae3e2eced26aca2d9:phone:3,AN19-rec-4c2ae3e2eced26aca2d9,AN19.MIX.if3,French,Romance,route,r uw t,2,t,0.004342352461427079,43.61244650532056,6,6,0.006993006993006993
AN19-rec-4c31110fab8faf77ea73:phone:2,AN19-rec-4c31110fab8faf77ea73,AN19.KOR.kf2,Korean,Koreanic,theme,th iy m,1,iy,1.466559075344762e-06,23.146196862046114,6,6,0.0072992700729927005
AN19-rec-4c31110fab8faf77ea73:phone:3,AN19-rec-4c31110fab8faf77ea73,AN19.KOR.kf2,Korean,Koreanic,theme,th iy m,2,m,1.325198000865666e-08,27.928251578108934,6,6,0.0072992700729927005
AN19-rec-4c365839baffaff10070:phone:1,AN19-rec-4c365839baffaff10070,AN19.KOR.km2,Korean,Koreanic,check,ch eh k,0,ch,9.171314625749397e-05,20.758966315921622,6,6,0.006756756756756757
AN19-rec-4c41cb3dfbd8667e94e8:phone:1,AN19-rec-4c41cb3dfbd8667e94e8,AN19.KOR.km6,Korean,Koreanic,god,g aa d,0,g,3.4129725684215655e-06,38.81211679071174,6,6,0.007042253521126761
AN19-rec-4c52038b96979a0c01e7:phone:1,AN19-rec-4c52038b96979a0c01e7,AN19.SPA.sf4,Spanish,Romance,gave,g ey v,0,g,4.096695006210965e-09,32.95841707368151,6,6,0.0070921985815602835
AN19-rec-4c5ba1d4a41ed171802e:phone:2,AN19-rec-4c5ba1d4a41ed171802e,AN19.KOR.km3,Korean,Koreanic,mid,m ih d,1,ih,8.471275015257103e-17,41.25040207002663,6,6,0.006666666666666667
AN19-rec-4c6d8617630ae62ad6e9:phone:3,AN19-rec-4c6d8617630ae62ad6e9,AN19.SPA.sf2,Spanish,Romance,hash,hh ae sh,2,sh,6.380280407830008e-06,37.16554612968336,6,6,0.007246376811594203
AN19-rec-4c722e2cd3eede9e3c5d:phone:1,AN19-rec-4c722e2cd3eede9e3c5d,AN19.KOR.km8,Korean,Koreanic,king,k ih ng,0,k,3.728028466082642e-08,26.266072416382386,6,6,0.006896551724137931
AN19-rec-4c73096577215545bf1f:phone:1,AN19-rec-4c73096577215545bf1f,AN19.MIX.if2,Dutch,Germanic,hag,hh ae g,0,hh,0.045984592437810445,14.315449059118029,6,6,0.006944444444444444
AN19-rec-4c73096577215545bf1f:phone:3,AN19-rec-4c73096577215545bf1f,AN19.MIX.if2,Dutch,Germanic,hag,hh ae g,2,g,1.1977199858065462e-10,46.12459969554297,6,6,0.006944444444444444
AN19-rec-4c8a4775a0514b5f0609:phone:2,AN19-rec-4c8a4775a0514b5f0609,AN19.KOR.kf6,Korean,Koreanic,lace,l ey s,1,ey,8.011073931599839e-06,15.930025341625802,6,6,0.007042253521126761
AN19-rec-4c8ab556c46bce366da7:phone:3,AN19-rec-4c8ab556c46bce366da7,AN19.KOR.kf6,Korean,Koreanic,fin,f ih n,2,n,1.0218695869942684e-11,31.40330104710525,6,6,0.007042253521126761
AN19-rec-4c8afbeb6207b5fe7057:phone:1,AN19-rec-4c8afbeb6207b5fe7057,AN19.KOR.kf5,Korean,Koreanic,food,f uw d,0,f,7.033805925083242e-08,29.65257879730596,6,6,0.006993006993006993
AN19-rec-4c95df22c68cd307dd01:phone:1,AN19-rec-4c95df22c68cd307dd01,AN19.KOR.km8,Korean,Koreanic,food,f uw d,0,f,1.2399942252707451e-05,39.34028053904933,6,6,0.006896551724137931
AN19-rec-4cab2c3e42cd0db05541:phone:3,AN19-rec-4cab2c3e42cd0db05541,AN19.MIX.im6,Hindi,Indo-Aryan,join,jh oy n,2,n,1.6100367690236395e-06,38.67087905199392,6,6,0.006711409395973154
AN19-rec-4cbb4bfa2a27a2835086:phone:2,AN19-rec-4cbb4bfa2a27a2835086,AN19.SPA.sm6,Spanish,Romance,leg,l eh g,1,eh,2.2784738709296125e-07,58.806485749709616,6,6,0.006756756756756757
AN19-rec-4cc8b28a09800b75ef18:phone:3,AN19-rec-4cc8b28a09800b75ef18,AN19.MIX.im5,Turkish,Turkic,doom,d uw m,2,m,1.069106762072362e-06,30.656261425689163,6,6,0.007246376811594203
AN19-rec-4cd1ae59626634a4b0f4:phone:3,AN19-rec-4cd1ae59626634a4b0f4,AN19.KOR.km6,Korean,Koreanic,whore,hh ao r,2,r,0.000530091718156788,9.163329354895502,6,6,0.007042253521126761
AN19-rec-4cdac32d74c829204cfb:phone:1,AN19-rec-4cdac32d74c829204cfb,AN19.KOR.kf5,Korean,Koreanic,chain,ch ey n,0,ch,4.413315222412091e-08,48.259658753644295,6,6,0.006993006993006993
AN19-rec-4cfbb2dd458ef893010f:phone:1,AN19-rec-4cfbb2dd458ef893010f,AN19.KOR.km8,Korean,Koreanic,shop,sh aa p,0,sh,0.00044444743872628425,17.383707315787973,6,6,0.006896551724137931
AN19-rec-4cfbb2dd458ef893010f:phone:2,AN19-rec-4cfbb2dd458ef893010f,AN19.KOR.km8,Korean,Koreanic,shop,sh aa p,1,aa,1.8941033520599288e-14,74.26369529757066,6,6,0.006896551724137931
AN19-rec-4cfbb2dd458ef893010f:phone:3,AN19-rec-4cfbb2dd458ef893010f,AN19.KOR.km8,Korean,Koreanic,shop,sh aa p,2,p,1.0589622647094545e-05,35.66870315580631,6,6,0.006896551724137931
AN19-rec-4d429d12f3db54484baf:phone:2,AN19-rec-4d429d12f3db54484baf,AN19.SPA.sm3,Spanish,Romance,voice,v oy s,1,oy,2.001028163807734e-09,37.53947295791031,6,6,0.0072992700729927005
AN19-rec-4d4436d6c65ca89ce285:phone:2,AN19-rec-4d4436d6c65ca89ce285,AN19.MIX.if6,Somali,Afro-Asiatic,neck,n eh k,1,eh,1.077806005170354e-06,64.25169194527683,6,6,0.007246376811594203
AN19-rec-4d52c17a0bd444dd4c5e:phone:1,AN19-rec-4d52c17a0bd444dd4c5e,AN19.KOR.km3,Korean,Koreanic,five,f ay v,0,f,2.9607809900533757e-09,60.96418619636648,6,6,0.006666666666666667
AN19-rec-4d6c1e25c477679bd799:phone:1,AN19-rec-4d6c1e25c477679bd799,AN19.KOR.kf5,Korean,Koreanic,den,d eh n,0,d,6.808260110500922e-05,30.618763878832528,6,6,0.006993006993006993
AN19-rec-4d6c1e25c477679bd799:phone:2,AN19-rec-4d6c1e25c477679bd799,AN19.KOR.kf5,Korean,Koreanic,den,d eh n,1,eh,0.010453931316197798,13.05310755840212,6,6,0.006993006993006993
AN19-rec-4d79c8fb7e9c3100c449:phone:1,AN19-rec-4d79c8fb7e9c3100c449,AN19.MIX.im3,Russian,Slavic,path,p ae th,0,p,3.4877352589797705e-07,27.222604207394152,6,6,0.006756756756756757
AN19-rec-4d79c8fb7e9c3100c449:phone:3,AN19-rec-4d79c8fb7e9c3100c449,AN19.MIX.im3,Russian,Slavic,path,p ae th,2,th,0.0005641906967680175,24.302381592846437,6,6,0.006756756756756757
AN19-rec-4d7dd9170a4745fc96db:phone:3,AN19-rec-4d7dd9170a4745fc96db,AN19.KOR.km2,Korean,Koreanic,pad,p ae d,2,d,3.099498863917978e-35,88.32291381605965,6,6,0.006756756756756757
AN19-rec-4d851de03a135d6b99db:phone:2,AN19-rec-4d851de03a135d6b99db,AN19.KOR.kf6,Korean,Koreanic,lad,l ae d,1,ae,1.5627092812967857e-20,55.60738768340337,6,6,0.007042253521126761
AN19-rec-4dabf648a2a732fa7746:phone:1,AN19-rec-4dabf648a2a732fa7746,AN19.KOR.kf6,Korean,Koreanic,bug,b ah g,0,b,8.839500440272678e-15,44.60903581149646,6,6,0.007042253521126761
AN19-rec-4dbd4fa3a2aed94ab35c:phone:2,AN19-rec-4dbd4fa3a2aed94ab35c,AN19.MIX.im5,Turkish,Turkic,cod,k aa d,1,aa,1.1552911253502622e-10,45.3631078650093,6,6,0.007246376811594203
AN19-rec-4dbf303a03336e2e62b0:phone:2,AN19-rec-4dbf303a03336e2e62b0,AN19.MIX.if5,Japanese,Japonic,noise,n oy z,1,oy,0.023686251022401208,45.56205431756934,6,6,0.006711409395973154
AN19-rec-4dc074990e33ca20cb94:phone:2,AN19-rec-4dc074990e33ca20cb94,AN19.SPA.sm5,Spanish,Romance,bun,b ah n,1,ah,9.775170201415426e-08,25.102782384905712,6,6,0.006896551724137931
AN19-rec-4dc8e8d09cacc1dfec2b:phone:3,AN19-rec-4dc8e8d09cacc1dfec2b,AN19.SPA.sm4,Spanish,Romance,path,p ae th,2,th,5.98911876459064e-12,34.25545448607088,6,6,0.007194244604316547
AN19-rec-4de643e8279070076981:phone:1,AN19-rec-4de643e8279070076981,AN19.SPA.sm5,Spanish,Romance,girl,g er l,0,g,5.363583609294981e-06,25.205093707733283,6,6,0.006896551724137931
AN19-rec-4dec9d1c233b1a1d4a33:phone:1,AN19-rec-4dec9d1c233b1a1d4a33,AN19.KOR.kf2,Korean,Koreanic,curve,k er v,0,k,1.0502383750901193e-11,53.48269393803966,6,6,0.0072992700729927005
AN19-rec-4dff5de9afd3d77427c1:phone:2,AN19-rec-4dff5de9afd3d77427c1,AN19.KOR.km1,Korean,Koreanic,live,l ay v,1,ay,1.765302430527253e-12,47.59575960796979,6,6,0.0072992700729927005
AN19-rec-4e0187df1ec3615a5fbd:phone:1,AN19-rec-4e0187df1ec3615a5fbd,AN19.KOR.kf6,Korean,Koreanic,join,jh oy n,0,jh,1.0648598857335069e-15,42.546801998982765,6,6,0.007042253521126761
AN19-rec-4e168509f5f92f3a2e4e:phone:2,AN19-rec-4e168509f5f92f3a2e4e,AN19.SPA.sm7,Spanish,Romance,rat,r ae t,1,ae,4.387203121347384e-05,19.754920823737056,6,6,0.007352941176470588
AN19-rec-4e758c14aea5af9a473d:phone:3,AN19-rec-4e758c14aea5af9a473d,AN19.MIX.if5,Japanese,Japonic,job,jh aa b,2,b,1.4841972386092825e-05,62.443252270338526,6,6,0.006711409395973154
AN19-rec-4e78462d46e360ee0f7b:phone:1,AN19-rec-4e78462d46e360ee0f7b,AN19.MIX.im5,Turkish,Turkic,curve,k er v,0,k,1.7778877423332024e-05,36.6158849307262,6,6,0.007246376811594203
AN19-rec-4e78462d46e360ee0f7b:phone:3,AN19-rec-4e78462d46e360ee0f7b,AN19.MIX.im5,Turkish,Turkic,curve,k er v,2,v,1.905086596697594e-06,22.91632558705432,6,6,0.007246376811594203
AN19-rec-4e78ff3cf8a30926f2be:phone:1,AN19-rec-4e78ff3cf8a30926f2be,AN19.KOR.km7,Korean,Koreanic,lice,l ay s,0,l,0.00016364933717644345,13.62402926680172,6,6,0.006711409395973154
AN19-rec-4e78ff3cf8a30926f2be:phone:2,AN19-rec-4e78ff3cf8a30926f2be,AN19.KOR.km7,Korean,Koreanic,lice,l ay s,1,ay,1.6911950678881964e-06,24.21990914671356,6,6,0.006711409395973154
AN19-rec-4e78ff3cf8a30926f2be:phone:3,AN19-rec-4e78ff3cf8a30926f2be,AN19.KOR.km7,Korean,Koreanic,lice,l ay s,2,s,1.7702075213499033e-06,24.997220774475316,6,6,0.006711409395973154
AN19-rec-4e82406280e06ed3e1e5:phone:3,AN19-rec-4e82406280e06ed3e1e5,AN19.SPA.sm3,Spanish,Romance,route,r uw t,2,t,3.986659278557436e-09,50.51523208035987,6,6,0.0072992700729927005
AN19-rec-4e833cfcdc83f232d05c:phone:2,AN19-rec-4e833cfcdc83f232d05c,AN19.KOR.kf2,Korean,Koreanic,leg,l eh g,1,eh,1.2850886976921692e-05,58.8799517208826,6,6,0.0072992700729927005
AN19-rec-4e974c5b1c6d47ad029e:phone:3,AN19-rec-4e974c5b1c6d47ad029e,AN19.KOR.km3,Korean,Koreanic,death,d eh th,2,th,8.742786406676499e-12,44.170237808143874,6,6,0.006666666666666667
AN19-rec-4e99bc9f9c008b455598:phone:1,AN19-rec-4e99bc9f9c008b455598,AN19.KOR.km7,Korean,Koreanic,bean,b iy n,0,b,0.019661512540913962,27.47927261020756,6,6,0.006711409395973154
AN19-rec-4e99bc9f9c008b455598:phone:2,AN19-rec-4e99bc9f9c008b455598,AN19.KOR.km7,Korean,Koreanic,bean,b iy n,1,iy,0.0003334964109586237,12.210102767820928,6,6,0.006711409395973154
AN19-rec-4ee815132be13e649c77:phone:3,AN19-rec-4ee815132be13e649c77,AN19.MIX.im5,Turkish,Turkic,peace,p iy s,2,s,7.710116691399239e-08,25.539217714071388,6,6,0.007246376811594203
AN19-rec-4efb16a2960bede38fdb:phone:1,AN19-rec-4efb16a2960bede38fdb,AN19.MIX.if5,Japanese,Japonic,hag,hh ae g,0,hh,0.0010929730942041695,13.99168241967403,6,6,0.006711409395973154
AN19-rec-4efb16a2960bede38fdb:phone:3,AN19-rec-4efb16a2960bede38fdb,AN19.MIX.if5,Japanese,Japonic,hag,hh ae g,2,g,6.382680781920671e-11,59.47767310061522,6,6,0.006711409395973154
AN19-rec-4f010021d9bb15c1ff81:phone:1,AN19-rec-4f010021d9bb15c1ff81,AN19.SPA.sm2,Spanish,Romance,balm,b aa m,0,b,5.572636184405083e-14,70.16521196203988,6,6,0.007042253521126761
AN19-rec-4f03bb7bc78ef18a3a21:phone:2,AN19-rec-4f03bb7bc78ef18a3a21,AN19.MIX.if1,Albanian,Albanian,live,l ay v,1,ay,1.9591919170996554e-14,50.7905557076152,6,6,0.0070921985815602835
AN19-rec-4f46fbdde8ecb4888a9e:phone:1,AN19-rec-4f46fbdde8ecb4888a9e,AN19.MIX.im4,Mandarin,Sino-Tibetan,dune,d uw n,0,d,7.924329428030616e-06,26.81657278968488,6,6,0.006993006993006993
AN19-rec-4f5c2568834f3e322f5e:phone:1,AN19-rec-4f5c2568834f3e322f5e,AN19.SPA.sf3,Spanish,Romance,bug,b ah g,0,b,1.9772811679791712e-08,53.39409397776684,6,6,0.007246376811594203
AN19-rec-4f905d395b4afbbb23e3:phone:1,AN19-rec-4f905d395b4afbbb23e3,AN19.SPA.sm2,Spanish,Romance,weed,w iy d,0,w,4.807908798231155e-13,59.04147412342841,6,6,0.007042253521126761
AN19-rec-4f905d395b4afbbb23e3:phone:2,AN19-rec-4f905d395b4afbbb23e3,AN19.SPA.sm2,Spanish,Romance,weed,w iy d,1,iy,0.00043286537738611704,26.30391150252369,6,6,0.007042253521126761
AN19-rec-4f97b991f973c1805074:phone:2,AN19-rec-4f97b991f973c1805074,AN19.SPA.sf1,Spanish,Romance,kit,k ih t,1,ih,2.812596225479662e-15,59.57619060413234,6,6,0.006896551724137931
AN19-rec-4f9b6d31a217c4d84b60:phone:3,AN19-rec-4f9b6d31a217c4d84b60,AN19.SPA.sm3,Spanish,Romance,love,l ah v,2,v,7.37016753047372e-14,49.48179327989326,6,6,0.0072992700729927005
AN19-rec-4f9c8d040ee1b189f0e5:phone:1,AN19-rec-4f9c8d040ee1b189f0e5,AN19.MIX.im4,Mandarin,Sino-Tibetan,curve,k er v,0,k,0.01074243961657848,17.338678081406513,6,6,0.006993006993006993
AN19-rec-4f9c8d040ee1b189f0e5:phone:3,AN19-rec-4f9c8d040ee1b189f0e5,AN19.MIX.im4,Mandarin,Sino-Tibetan,curve,k er v,2,v,2.595091023179462e-05,21.584836979888976,6,6,0.006993006993006993
AN19-rec-4fd2e8c8edc1edceaf65:phone:2,AN19-rec-4fd2e8c8edc1edceaf65,AN19.KOR.kf2,Korean,Koreanic,vice,v ay s,1,ay,2.537825307477182e-05,20.04999041295319,6,6,0.0072992700729927005
AN19-rec-4fe5958a1e76172b0e07:phone:1,AN19-rec-4fe5958a1e76172b0e07,AN19.KOR.km6,Korean,Koreanic,rough,r ah f,0,r,5.353702650991241e-08,44.16140485099127,6,6,0.007042253521126761
AN19-rec-4ff2adc1a8dce5eb9089:phone:3,AN19-rec-4ff2adc1a8dce5eb9089,AN19.MIX.if6,Somali,Afro-Asiatic,serve,s er v,2,v,1.517510702060126e-14,50.78459699307748,6,6,0.007246376811594203
AN19-rec-5000a67347374b13d34e:phone:1,AN19-rec-5000a67347374b13d34e,AN19.KOR.kf6,Korean,Koreanic,ship,sh ih p,0,sh,2.1355112862224546e-07,18.5229741602824,6,6,0.007042253521126761
AN19-rec-5000a67347374b13d34e:phone:3,AN19-rec-5000a67347374b13d34e,AN19.KOR.kf6,Korean,Koreanic,ship,sh ih p,2,p,4.8521592628962575e-17,49.0683481072812,6,6,0.007042253521126761
AN19-rec-500e060ff9ffccb620ec:phone:1,AN19-rec-500e060ff9ffccb620ec,AN19.KOR.kf6,Korean,Koreanic,pawn,p ao n,0,p,1.4298877595584419e-38,98.40502840787788,6,6,0.007042253521126761
AN19-rec-506c0102d58293ddf6a7:phone:1,AN19-rec-506c0102d58293ddf6a7,AN19.MIX.if6,Somali,Afro-Asiatic,soak,s ow k,0,s,1.003550236079137e-05,15.31017867923927,6,6,0.007246376811594203
AN19-rec-506c0102d58293ddf6a7:phone:2,AN19-rec-506c0102d58293ddf6a7,AN19.MIX.if6,Somali,Afro-Asiatic,soak,s ow k,1,ow,0.002681230275186861,24.08856084887066,6,6,0.007246376811594203
AN19-rec-5076a5523838f1a1ceda:phone:1,AN19-rec-5076a5523838f1a1ceda,AN19.MIX.if5,Japanese,Japonic,weed,w iy d,0,w,1.789611144788738e-16,60.37392346503933,6,6,0.006711409395973154
AN19-rec-5076a5523838f1a1ceda:phone:2,AN19-rec-5076a5523838f1a1ceda,AN19.MIX.if5,Japanese,Japonic,weed,w iy d,1,iy,1.8664117713184003e-07,37.5823828214021,6,6,0.006711409395973154
AN19-rec-509594ff92dde9e575c4:phone:1,AN19-rec-509594ff92dde9e575c4,AN19.KOR.kf5,Korean,Koreanic,rough,r ah f,0,r,9.031764432460366e-19,69.11403024926283,6,6,0.006993006993006993
AN19-rec-509aed55379c0f22f7ec:phone:1,AN19-rec-509aed55379c0f22f7ec,AN19.KOR.km8,Korean,Koreanic,sane,s ey n,0,s,1.3830010244841406e-05,15.722765966927332,6,6,0.006896551724137931
AN19-rec-509aed55379c0f22f7ec:phone:2,AN19-rec-509aed55379c0f22f7ec,AN19.KOR.km8,Korean,Koreanic,sane,s ey n,1,ey,0.0008802329491138535,20.76043353494829,6,6,0.006896551724137931
AN19-rec-50a42bb99101eebdd3d6:phone:2,AN19-rec-50a42bb99101eebdd3d6,AN19.SPA.sf1,Spanish,Romance,size,s ay z,1,ay,0.004364468976975715,19.07353155357619,6,6,0.006896551724137931
AN19-rec-50ac36b0351571f7b9f7:phone:2,AN19-rec-50ac36b0351571f7b9f7,AN19.SPA.sf4,Spanish,Romance,suck,s ah k,1,ah,1.9754076815650624e-13,60.81402623302089,6,6,0.0070921985815602835
AN19-rec-50ac36b0351571f7b9f7:phone:3,AN19-rec-50ac36b0351571f7b9f7,AN19.SPA.sf4,Spanish,Romance,suck,s ah k,2,k,2.51325936735213e-23,109.44181398939952,6,6,0.0070921985815602835
AN19-rec-50b18b60d6e622a36dbf:phone:2,AN19-rec-50b18b60d6e622a36dbf,AN19.MIX.im4,Mandarin,Sino-Tibetan,rhyme,r ay m,1,ay,5.34194052691079e-05,31.423363935177672,6,6,0.006993006993006993
AN19-rec-50b18b60d6e622a36dbf:phone:3,AN19-rec-50b18b60d6e622a36dbf,AN19.MIX.im4,Mandarin,Sino-Tibetan,rhyme,r ay m,2,m,1.483883711706047e-07,29.121773400725715,6,6,0.006993006993006993
AN19-rec-50c74888c3fa58abb4b4:phone:2,AN19-rec-50c74888c3fa58abb4b4,AN19.SPA.sm2,Spanish,Romance,teeth,t iy th,1,iy,2.9066120366402954e-10,42.178344700463015,6,6,0.007042253521126761
AN19-rec-50d48bace1cabac69787:phone:2,AN19-rec-50d48bace1cabac69787,AN19.MIX.im3,Russian,Slavic,mat,m ae t,1,ae,1.0642668294218683e-05,36.97613303022224,6,6,0.006756756756756757
AN19-rec-50d4a746b03c2ea39cdd:phone:1,AN19-rec-50d4a746b03c2ea39cdd,AN19.KOR.km1,Korean,Koreanic,shall,sh ae l,0,sh,0.00994163153871464,12.156486412058152,6,6,0.0072992700729927005
AN19-rec-50d4a746b03c2ea39cdd:phone:2,AN19-rec-50d4a746b03c2ea39cdd,AN19.KOR.km1,Korean,Koreanic,shall,sh ae l,1,ae,2.3680495776794345e-07,23.782414627445736,6,6,0.0072992700729927005
AN19-rec-50de50a8b8f12f6b2908:phone:2,AN19-rec-50de50a8b8f12f6b2908,AN19.KOR.km3,Korean,Koreanic,rat,r ae t,1,ae,2.1521979798320354e-05,21.65649102665688,6,6,0.006666666666666667
AN19-rec-50de8c88d7d98de7be38:phone:1,AN19-rec-50de8c88d7d98de7be38,AN19.SPA.sf6,Spanish,Romance,bug,b ah g,0,b,7.61861300655388e-13,59.70365094294706,6,6,0.007042253521126761
AN19-rec-50dfc12a53cc0dfd8320:phone:1,AN19-rec-50dfc12a53cc0dfd8320,AN19.KOR.km6,Korean,Koreanic,league,l iy g,0,l,2.7495069090313006e-07,37.14430823076789,6,6,0.007042253521126761
AN19-rec-50dfc12a53cc0dfd8320:phone:2,AN19-rec-50dfc12a53cc0dfd8320,AN19.KOR.km6,Korean,Koreanic,league,l iy g,1,iy,0.0009161354004586943,16.739206664015747,6,6,0.007042253521126761
AN19-rec-50dfc12a53cc0dfd8320:phone:3,AN19-rec-50dfc12a53cc0dfd8320,AN19.KOR.km6,Korean,Koreanic,league,l iy g,2,g,5.01276509817174e-08,28.34736053378676,6,6,0.007042253521126761
AN19-rec-50ec952c7d6661c95548:phone:2,AN19-rec-50ec952c7d6661c95548,AN19.MIX.if1,Albanian,Albanian,lace,l ey s,1,ey,3.939291536402406e-06,25.842651704225403,6,6,0.0070921985815602835
AN19-rec-50fc53affa80198c417b:phone:1,AN19-rec-50fc53affa80198c417b,AN19.SPA.sm5,Spanish,Romance,move,m uw v,0,m,5.585324666088301e-05,27.07540095988867,6,6,0.006896551724137931
AN19-rec-50fc53affa80198c417b:phone:3,AN19-rec-50fc53affa80198c417b,AN19.SPA.sm5,Spanish,Romance,move,m uw v,2,v,1.2115877786198713e-09,28.99664027815397,6,6,0.006896551724137931
AN19-rec-5111063915d49c492298:phone:3,AN19-rec-5111063915d49c492298,AN19.SPA.sm3,Spanish,Romance,young,y ah ng,2,ng,1.5436428131602863e-09,37.59586813088063,6,6,0.0072992700729927005
AN19-rec-51173a5df1c9bec1adf0:phone:1,AN19-rec-51173a5df1c9bec1adf0,AN19.MIX.if1,Albanian,Albanian,cheer,ch ih r,0,ch,5.907459460566077e-05,20.866432761056,6,6,0.0070921985815602835
AN19-rec-51173a5df1c9bec1adf0:phone:3,AN19-rec-51173a5df1c9bec1adf0,AN19.MIX.if1,Albanian,Albanian,cheer,ch ih r,2,r,0.00011891081084265205,15.818667942895145,6,6,0.0070921985815602835
AN19-rec-512b1f6a47f6d3a6ecdc:phone:2,AN19-rec-512b1f6a47f6d3a6ecdc,AN19.KOR.km6,Korean,Koreanic,live,l ay v,1,ay,5.976329256141558e-16,48.27829915834217,6,6,0.007042253521126761
AN19-rec-514d222688cce18991f6:phone:1,AN19-rec-514d222688cce18991f6,AN19.KOR.km3,Korean,Koreanic,wick,w ih k,0,w,0.00027824801313018713,35.049150607664494,6,6,0.006666666666666667
AN19-rec-51597f75acb9f785e306:phone:2,AN19-rec-51597f75acb9f785e306,AN19.SPA.sm3,Spanish,Romance,full,f uh l,1,uh,2.859615625494277e-06,22.35292483943488,6,6,0.0072992700729927005
AN19-rec-516498a2c8954364b834:phone:2,AN19-rec-516498a2c8954364b834,AN19.KOR.kf1,Korean,Koreanic,fade,f ey d,1,ey,5.83005850466548e-05,15.138674355313825,6,6,0.0072992700729927005
AN19-rec-516a523569ea9836de4a:phone:2,AN19-rec-516a523569ea9836de4a,AN19.SPA.sf2,Spanish,Romance,kit,k ih t,1,ih,1.1928567723178287e-06,35.109414871551046,6,6,0.007246376811594203
AN19-rec-51814238c1f4af82b37a:phone:1,AN19-rec-51814238c1f4af82b37a,AN19.MIX.if4,German,Germanic,pawn,p ao n,0,p,6.953401089423761e-12,37.386784113090286,6,6,0.0072992700729927005
AN19-rec-51bd9cd6f010ff9b9b83:phone:2,AN19-rec-51bd9cd6f010ff9b9b83,AN19.KOR.km1,Korean,Koreanic,bun,b ah n,1,ah,1.4383282893769342e-35,96.14347894933512,6,6,0.0072992700729927005
AN19-rec-51e6fb4ed7c11a45f4e0:phone:2,AN19-rec-51e6fb4ed7c11a45f4e0,AN19.SPA.sm2,Spanish,Romance,deep,d iy p,1,iy,0.023743798192855006,16.616556789248204,6,6,0.007042253521126761
AN19-rec-51e6fb4ed7c11a45f4e0:phone:3,AN19-rec-51e6fb4ed7c11a45f4e0,AN19.SPA.sm2,Spanish,Romance,deep,d iy p,2,p,3.0640704792131286e-13,33.737491034242126,6,6,0.007042253521126761
AN19-rec-51ecb0823b6354e05ef7:phone:1,AN19-rec-51ecb0823b6354e05ef7,AN19.SPA.sf1,Spanish,Romance,league,l iy g,0,l,1.1665685534035407e-19,61.41333330070936,6,6,0.006896551724137931
AN19-rec-51ecb0823b6354e05ef7:phone:2,AN19-rec-51ecb0823b6354e05ef7,AN19.SPA.sf1,Spanish,Romance,league,l iy g,1,iy,2.6865259909165144e-17,50.93532432735839,6,6,0.006896551724137931
AN19-rec-51ecb0823b6354e05ef7:phone:3,AN19-rec-51ecb0823b6354e05ef7,AN19.SPA.sf1,Spanish,Romance,league,l iy g,2,g,5.323709844623349e-09,21.32030537498706,6,6,0.006896551724137931
AN19-rec-51edbfd544bf0a8c2ac7:phone:3,AN19-rec-51edbfd544bf0a8c2ac7,AN19.KOR.km8,Korean,Koreanic,gas,g ae s,2,s,7.201650326228633e-07,27.768721143731344,6,6,0.006896551724137931
AN19-rec-51fb2c232229f9ad4fd3:phone:1,AN19-rec-51fb2c232229f9ad4fd3,AN19.SPA.sf5,Spanish,Romance,hack,hh ae k,0,hh,0.00139648328307529,10.84129562750896,6,6,0.007194244604316547
AN19-rec-520320d429c9f66335fc:phone:1,AN19-rec-520320d429c9f66335fc,AN19.KOR.km1,Korean,Koreanic,king,k ih ng,0,k,3.6827356391382734e-08,27.59818479974724,6,6,0.0072992700729927005
AN19-rec-5207f52e04e8a025567c:phone:2,AN19-rec-5207f52e04e8a025567c,AN19.KOR.kf3,Korean,Koreanic,long,l ao ng,1,ao,2.5092824633072255e-13,40.94707624141565,6,6,0.007246376811594203
AN19-rec-5207f52e04e8a025567c:phone:3,AN19-rec-5207f52e04e8a025567c,AN19.KOR.kf3,Korean,Koreanic,long,l ao ng,2,ng,5.459936771982899e-09,23.41091189963529,6,6,0.007246376811594203
AN19-rec-5209845a3cfdc86547f9:phone:3,AN19-rec-5209845a3cfdc86547f9,AN19.MIX.if4,German,Germanic,death,d eh th,2,th,0.106687993239592,39.57813852382469,6,6,0.0072992700729927005
AN19-rec-521d159c7aefc58d2133:phone:1,AN19-rec-521d159c7aefc58d2133,AN19.KOR.km8,Korean,Koreanic,chief,ch iy f,0,ch,4.105095605912342e-06,26.530346801781626,6,6,0.006896551724137931
AN19-rec-522a53729e65c3e09072:phone:1,AN19-rec-522a53729e65c3e09072,AN19.MIX.if4,German,Germanic,balm,b aa m,0,b,0.00202231722193702,50.475976489445294,6,6,0.0072992700729927005
AN19-rec-522b13897268613333c9:phone:1,AN19-rec-522b13897268613333c9,AN19.MIX.if5,Japanese,Japonic,chief,ch iy f,0,ch,1.8269930302053227e-10,31.17818755563611,6,6,0.006711409395973154
AN19-rec-522b13897268613333c9:phone:2,AN19-rec-522b13897268613333c9,AN19.MIX.if5,Japanese,Japonic,chief,ch iy f,1,iy,1.8951057348741397e-09,40.30591869051296,6,6,0.006711409395973154
AN19-rec-522f5c32be69a6028636:phone:3,AN19-rec-522f5c32be69a6028636,AN19.MIX.if6,Somali,Afro-Asiatic,young,y ah ng,2,ng,9.458832511466662e-16,44.27649388313756,6,6,0.007246376811594203
AN19-rec-5234466808dc2e29c6c6:phone:1,AN19-rec-5234466808dc2e29c6c6,AN19.KOR.kf2,Korean,Koreanic,pool,p uw l,0,p,5.07747081396512e-09,28.07859156908733,6,6,0.0072992700729927005
AN19-rec-523c447dea2798fea78e:phone:1,AN19-rec-523c447dea2798fea78e,AN19.KOR.km8,Korean,Koreanic,ship,sh ih p,0,sh,0.012198523028558316,5.800417370255697,6,6,0.006896551724137931
AN19-rec-523c447dea2798fea78e:phone:3,AN19-rec-523c447dea2798fea78e,AN19.KOR.km8,Korean,Koreanic,ship,sh ih p,2,p,0.0002783823080019958,12.086696523514496,6,6,0.006896551724137931
AN19-rec-524e248c0945524594e5:phone:2,AN19-rec-524e248c0945524594e5,AN19.SPA.sf2,Spanish,Romance,was,w aa z,1,aa,1.3994160298881448e-08,28.61194391237288,6,6,0.007246376811594203
AN19-rec-524ecf7905289f2c7b77:phone:1,AN19-rec-524ecf7905289f2c7b77,AN19.MIX.if6,Somali,Afro-Asiatic,weed,w iy d,0,w,4.923262117131366e-12,54.166976945166105,6,6,0.007246376811594203
AN19-rec-524ecf7905289f2c7b77:phone:2,AN19-rec-524ecf7905289f2c7b77,AN19.MIX.if6,Somali,Afro-Asiatic,weed,w iy d,1,iy,2.136176841922279e-06,28.73685430732289,6,6,0.007246376811594203
AN19-rec-525d5e8d654e72badfa2:phone:1,AN19-rec-525d5e8d654e72badfa2,AN19.KOR.kf6,Korean,Koreanic,den,d eh n,0,d,3.6857311610895575e-14,76.13467676172695,6,6,0.007042253521126761
AN19-rec-525d5e8d654e72badfa2:phone:2,AN19-rec-525d5e8d654e72badfa2,AN19.KOR.kf6,Korean,Koreanic,den,d eh n,1,eh,7.069613092744577e-28,92.4291343398092,6,6,0.007042253521126761
AN19-rec-526857210ecf221dbc16:phone:1,AN19-rec-526857210ecf221dbc16,AN19.SPA.sm7,Spanish,Romance,hid,hh ih d,0,hh,6.948080512475191e-27,88.24375297676802,6,6,0.007352941176470588
AN19-rec-526857210ecf221dbc16:phone:3,AN19-rec-526857210ecf221dbc16,AN19.SPA.sm7,Spanish,Romance,hid,hh ih d,2,d,1.0563261542917505e-13,62.85216980081927,6,6,0.007352941176470588
AN19-rec-5280b8cec3e18d20dd4e:phone:3,AN19-rec-5280b8cec3e18d20dd4e,AN19.SPA.sf4,Spanish,Romance,mouth,m aw th,2,th,6.157127790251268e-12,43.37759862787362,6,6,0.0070921985815602835
AN19-rec-5281cf8d33c61b8282bc:phone:1,AN19-rec-5281cf8d33c61b8282bc,AN19.KOR.km3,Korean,Koreanic,league,l iy g,0,l,0.0006559069415908232,24.19830220318049,6,6,0.006666666666666667
AN19-rec-5281cf8d33c61b8282bc:phone:2,AN19-rec-5281cf8d33c61b8282bc,AN19.KOR.km3,Korean,Koreanic,league,l iy g,1,iy,1.0196912604584377e-13,77.93530377256356,6,6,0.006666666666666667
AN19-rec-5281cf8d33c61b8282bc:phone:3,AN19-rec-5281cf8d33c61b8282bc,AN19.KOR.km3,Korean,Koreanic,league,l iy g,2,g,1.0300780390448314e-09,28.91815266848599,6,6,0.006666666666666667
AN19-rec-529e0dbb4bbbba529fed:phone:2,AN19-rec-529e0dbb4bbbba529fed,AN19.MIX.if2,Dutch,Germanic,wail,w ey l,1,ey,2.3845108911434156e-20,55.29966634859522,6,6,0.006944444444444444
AN19-rec-52a0c837718fc59222c4:phone:3,AN19-rec-52a0c837718fc59222c4,AN19.SPA.sm7,Spanish,Romance,route,r uw t,2,t,3.8295994838750785e-14,64.01592320950209,6,6,0.007352941176470588
AN19-rec-52cfb9659eacf9b8e206:phone:2,AN19-rec-52cfb9659eacf9b8e206,AN19.SPA.sf2,Spanish,Romance,cod,k aa d,1,aa,1.5800801353189888e-11,55.33069585007994,6,6,0.007246376811594203
AN19-rec-52ee071703c486e07bb2:phone:2,AN19-rec-52ee071703c486e07bb2,AN19.MIX.im5,Turkish,Turkic,kit,k ih t,1,ih,0.005413940920316569,21.09196756570938,6,6,0.007246376811594203
AN19-rec-5308c9a2e12c359d48bc:phone:2,AN19-rec-5308c9a2e12c359d48bc,AN19.SPA.sm7,Spanish,Romance,sane,s ey n,1,ey,0.0007243461885475543,65.25259627666331,6,6,0.007352941176470588
AN19-rec-531ce437490966e486f0:phone:3,AN19-rec-531ce437490966e486f0,AN19.SPA.sm6,Spanish,Romance,pad,p ae d,2,d,4.119487889755664e-10,30.02777421792425,6,6,0.006756756756756757
AN19-rec-5325e6c0970a34165d24:phone:1,AN19-rec-5325e6c0970a34165d24,AN19.SPA.sf1,Spanish,Romance,chief,ch iy f,0,ch,1.4101563483554395e-06,25.6370374547226,6,6,0.006896551724137931
AN19-rec-5325e6c0970a34165d24:phone:2,AN19-rec-5325e6c0970a34165d24,AN19.SPA.sf1,Spanish,Romance,chief,ch iy f,1,iy,0.0001890963799194321,18.06670615447325,6,6,0.006896551724137931
AN19-rec-53279555157d35a4b054:phone:3,AN19-rec-53279555157d35a4b054,AN19.MIX.im1,Romanian,Romance,pad,p ae d,2,d,1.7180950436815832e-38,100.39119157682876,6,6,0.006802721088435374
AN19-rec-532ee9c36a87896c63f2:phone:3,AN19-rec-532ee9c36a87896c63f2,AN19.MIX.if4,German,Germanic,young,y ah ng,2,ng,0.002846714639983755,30.266589104641664,6,6,0.0072992700729927005
AN19-rec-5337173a9acfd830fa0c:phone:1,AN19-rec-5337173a9acfd830fa0c,AN19.SPA.sf4,Spanish,Romance,job,jh aa b,0,jh,4.585279215659974e-15,64.20381465145391,6,6,0.0070921985815602835
AN19-rec-5337173a9acfd830fa0c:phone:3,AN19-rec-5337173a9acfd830fa0c,AN19.SPA.sf4,Spanish,Romance,job,jh aa b,2,b,7.859808466985012e-17,48.88784203777205,6,6,0.0070921985815602835
AN19-rec-533bb995e32201f227a7:phone:1,AN19-rec-533bb995e32201f227a7,AN19.MIX.if2,Dutch,Germanic,food,f uw d,0,f,4.334917425039251e-07,29.95779295008943,6,6,0.006944444444444444
AN19-rec-5355668385effd1fb87b:phone:3,AN19-rec-5355668385effd1fb87b,AN19.MIX.im1,Romanian,Romance,goat,g ow t,2,t,1.1191214232709962e-15,40.75484020269023,6,6,0.006802721088435374
AN19-rec-53638cb2b909b438ce9b:phone:3,AN19-rec-53638cb2b909b438ce9b,AN19.KOR.kf4,Korean,Koreanic,hack,hh ae k,2,k,5.1135422811245806e-14,44.21839592863264,6,6,0.0070921985815602835
AN19-rec-537c393cc685ce45bc59:phone:1,AN19-rec-537c393cc685ce45bc59,AN19.SPA.sm6,Spanish,Romance,girl,g er l,0,g,1.1840641242882392e-12,38.567631068891885,6,6,0.006756756756756757
AN19-rec-538e698a70ad1784f6cf:phone:3,AN19-rec-538e698a70ad1784f6cf,AN19.MIX.if3,French,Romance,faith,f ey th,2,th,6.148022638996304e-12,38.520681714641945,6,6,0.006993006993006993
AN19-rec-53a8303dc1a6482087b4:phone:1,AN19-rec-53a8303dc1a6482087b4,AN19.KOR.kf5,Korean,Koreanic,girl,g er l,0,g,1.27719866155962e-10,37.44832041114452,6,6,0.006993006993006993
AN19-rec-53dc7aa15cc3b3bb3a04:phone:1,AN19-rec-53dc7aa15cc3b3bb3a04,AN19.KOR.km7,Korean,Koreanic,bug,b ah g,0,b,1.0420833492138527e-07,37.78542210555048,6,6,0.006711409395973154
AN19-rec-53f9f7ec278b469fe6e4:phone:2,AN19-rec-53f9f7ec278b469fe6e4,AN19.KOR.kf1,Korean,Koreanic,bean,b iy n,1,iy,0.003007325875684323,16.67315432292439,6,6,0.0072992700729927005
AN19-rec-540bd6d7e2c4db03e06d:phone:2,AN19-rec-540bd6d7e2c4db03e06d,AN19.MIX.im4,Mandarin,Sino-Tibetan,sill,s ih l,1,ih,5.789382078862802e-08,22.31401350497604,6,6,0.006993006993006993
AN19-rec-540e37f16e1b6b8edbcf:phone:2,AN19-rec-540e37f16e1b6b8edbcf,AN19.KOR.km3,Korean,Koreanic,neck,n eh k,1,eh,9.198342339606363e-16,56.201594717276016,6,6,0.006666666666666667
AN19-rec-541b210f5722a4c052b8:phone:2,AN19-rec-541b210f5722a4c052b8,AN19.SPA.sm2,Spanish,Romance,was,w aa z,1,aa,9.008867434818496e-06,23.676863820905243,6,6,0.007042253521126761
AN19-rec-542afa7850a50214d925:phone:1,AN19-rec-542afa7850a50214d925,AN19.SPA.sf4,Spanish,Romance,food,f uw d,0,f,2.091894943620192e-09,34.535601922910324,6,6,0.0070921985815602835
AN19-rec-5453d473b7b876c51c52:phone:3,AN19-rec-5453d473b7b876c51c52,AN19.KOR.kf4,Korean,Koreanic,gas,g ae s,2,s,1.2094839680245706e-07,32.38779044072681,6,6,0.0070921985815602835
AN19-rec-545dfeea805d3add4e80:phone:3,AN19-rec-545dfeea805d3add4e80,AN19.SPA.sf4,Spanish,Romance,beak,b iy k,2,k,2.4842397109533734e-08,28.94378241079174,6,6,0.0070921985815602835
AN19-rec-5464c173f383ffa88abf:phone:1,AN19-rec-5464c173f383ffa88abf,AN19.MIX.im1,Romanian,Romance,sane,s ey n,0,s,0.00013750361146825407,17.955053841531917,6,6,0.006802721088435374
AN19-rec-5464c173f383ffa88abf:phone:2,AN19-rec-5464c173f383ffa88abf,AN19.MIX.im1,Romanian,Romance,sane,s ey n,1,ey,0.003730141511115568,18.66939526646069,6,6,0.006802721088435374
AN19-rec-546b04e7bc302002a1d2:phone:2,AN19-rec-546b04e7bc302002a1d2,AN19.KOR.kf2,Korean,Koreanic,thing,th ih ng,1,ih,2.5496409226439167e-07,32.811145753709944,6,6,0.0072992700729927005
AN19-rec-546d782ff77559bdd27f:phone:2,AN19-rec-546d782ff77559bdd27f,AN19.KOR.kf2,Korean,Koreanic,size,s ay z,1,ay,0.0006290827357649313,18.725237706388334,6,6,0.0072992700729927005
AN19-rec-548786e64617be7b5ad3:phone:1,AN19-rec-548786e64617be7b5ad3,AN19.KOR.kf4,Korean,Koreanic,girl,g er l,0,g,2.6753333924496646e-15,46.08343611600446,6,6,0.0070921985815602835
AN19-rec-54a4c656ce4fb97b4a37:phone:1,AN19-rec-54a4c656ce4fb97b4a37,AN19.MIX.if2,Dutch,Germanic,page,p ey jh,0,p,0.0022716696392346795,15.62650615662936,6,6,0.006944444444444444
AN19-rec-54a4c656ce4fb97b4a37:phone:3,AN19-rec-54a4c656ce4fb97b4a37,AN19.MIX.if2,Dutch,Germanic,page,p ey jh,2,jh,3.3206103467105553e-06,53.62347944335787,6,6,0.006944444444444444
AN19-rec-54c6d5429c3a2ff2dcc2:phone:2,AN19-rec-54c6d5429c3a2ff2dcc2,AN19.KOR.kf3,Korean,Koreanic,mid,m ih d,1,ih,4.2381148701487004e-18,44.53352944456797,6,6,0.007246376811594203
AN19-rec-54d117913aa6b1806f40:phone:2,AN19-rec-54d117913aa6b1806f40,AN19.MIX.im2,Bengali,Indo-Aryan,fade,f ey d,1,ey,8.404710474331462e-07,17.74758422361036,6,6,0.007246376811594203
AN19-rec-54d95da3fafe2160281d:phone:1,AN19-rec-54d95da3fafe2160281d,AN19.SPA.sm3,Spanish,Romance,sane,s ey n,0,s,3.6516245643396834e-20,53.44410637370337,6,6,0.0072992700729927005
AN19-rec-54d95da3fafe2160281d:phone:2,AN19-rec-54d95da3fafe2160281d,AN19.SPA.sm3,Spanish,Romance,sane,s ey n,1,ey,1.3944188814991217e-13,37.75094897377836,6,6,0.0072992700729927005
AN19-rec-551f9f9a32a8227c124a:phone:1,AN19-rec-551f9f9a32a8227c124a,AN19.KOR.kf6,Korean,Koreanic,soil,s oy l,0,s,5.831087396730149e-06,17.98503827736762,6,6,0.007042253521126761
AN19-rec-551f9f9a32a8227c124a:phone:2,AN19-rec-551f9f9a32a8227c124a,AN19.KOR.kf6,Korean,Koreanic,soil,s oy l,1,oy,2.934248893724533e-12,35.40572359229448,6,6,0.007042253521126761
AN19-rec-552f3cbfb2d6085f58ea:phone:2,AN19-rec-552f3cbfb2d6085f58ea,AN19.SPA.sm2,Spanish,Romance,lose,l uw z,1,uw,1.3438570621291206e-05,13.191389068629412,6,6,0.007042253521126761
AN19-rec-554f6ea9f738b3a867e1:phone:2,AN19-rec-554f6ea9f738b3a867e1,AN19.MIX.if6,Somali,Afro-Asiatic,theme,th iy m,1,iy,7.037157794403054e-13,37.36994504534905,6,6,0.007246376811594203
AN19-rec-554f6ea9f738b3a867e1:phone:3,AN19-rec-554f6ea9f738b3a867e1,AN19.MIX.if6,Somali,Afro-Asiatic,theme,th iy m,2,m,2.9152934767629707e-10,29.60061504524728,6,6,0.007246376811594203
AN19-rec-556a1e48d4ecc8c521dc:phone:3,AN19-rec-556a1e48d4ecc8c521dc,AN19.SPA.sf6,Spanish,Romance,beak,b iy k,2,k,1.7678604844548424e-06,26.08598673700878,6,6,0.007042253521126761
AN19-rec-556a363a0614364af1d4:phone:1,AN19-rec-556a363a0614364af1d4,AN19.KOR.kf4,Korean,Koreanic,dune,d uw n,0,d,1.2950998323049415e-09,34.508023433410415,6,6,0.0070921985815602835
AN19-rec-5581f2fdd0e271b2ad46:phone:3,AN19-rec-5581f2fdd0e271b2ad46,AN19.SPA.sm3,Spanish,Romance,death,d eh th,2,th,3.764954982152019e-20,64.90560921998515,6,6,0.0072992700729927005
AN19-rec-5597a719b3a2eadfc9df:phone:1,AN19-rec-5597a719b3a2eadfc9df,AN19.MIX.im6,Hindi,Indo-Aryan,firm,f er m,0,f,1.297103746315848e-06,32.547452890282806,6,6,0.006711409395973154
AN19-rec-55aa3f89e60c99af1a44:phone:2,AN19-rec-55aa3f89e60c99af1a44,AN19.MIX.im2,Bengali,Indo-Aryan,kin,k ih n,1,ih,1.3765640909122563e-08,49.41836979480871,6,6,0.007246376811594203
AN19-rec-55b8ac25fde40551a870:phone:1,AN19-rec-55b8ac25fde40551a870,AN19.MIX.im1,Romanian,Romance,jack,jh ae k,0,jh,5.1098338090640625e-05,35.67443916256418,6,6,0.006802721088435374
AN19-rec-55b8ac25fde40551a870:phone:3,AN19-rec-55b8ac25fde40551a870,AN19.MIX.im1,Romanian,Romance,jack,jh ae k,2,k,1.8709200071848568e-11,27.948099759521185,6,6,0.006802721088435374
AN19-rec-55cd78055e705b163184:phone:2,AN19-rec-55cd78055e705b163184,AN19.KOR.kf5,Korean,Koreanic,roof,r uw f,1,uw,7.84188654989476e-06,25.77849147312719,6,6,0.006993006993006993
AN19-rec-55cea2d8b72ea35cbb80:phone:3,AN19-rec-55cea2d8b72ea35cbb80,AN19.MIX.im2,Bengali,Indo-Aryan,thought,th ao t,2,t,7.850859536294463e-10,46.101669509153055,6,6,0.007246376811594203
AN19-rec-55ff553961e54ad9a03f:phone:2,AN19-rec-55ff553961e54ad9a03f,AN19.MIX.im1,Romanian,Romance,full,f uh l,1,uh,1.880278843406068e-09,30.109778664737348,6,6,0.006802721088435374
AN19-rec-5607b9e59337bc030cd6:phone:1,AN19-rec-5607b9e59337bc030cd6,AN19.MIX.if4,German,Germanic,give,g ih v,0,g,6.633524221428385e-05,20.256621298953096,6,6,0.0072992700729927005
AN19-rec-560cad0166f7683fc1f7:phone:2,AN19-rec-560cad0166f7683fc1f7,AN19.KOR.km3,Korean,Koreanic,mat,m ae t,1,ae,0.00011934366101262658,37.20991823390445,6,6,0.006666666666666667
AN19-rec-561d2b4e7bff1b83219d:phone:3,AN19-rec-561d2b4e7bff1b83219d,AN19.MIX.im5,Turkish,Turkic,lame,l ey m,2,m,1.5585365509270786e-06,28.315028061187707,6,6,0.007246376811594203
AN19-rec-563a9c5a7251d1db09a1:phone:1,AN19-rec-563a9c5a7251d1db09a1,AN19.MIX.if4,German,Germanic,gut,g ah t,0,g,3.4742970977859925e-08,32.86836925493029,6,6,0.0072992700729927005
AN19-rec-563a9c5a7251d1db09a1:phone:3,AN19-rec-563a9c5a7251d1db09a1,AN19.MIX.if4,German,Germanic,gut,g ah t,2,t,5.989059786020534e-23,58.63635414602254,6,6,0.0072992700729927005
AN19-rec-564be298b92138baf6cb:phone:2,AN19-rec-564be298b92138baf6cb,AN19.KOR.kf4,Korean,Koreanic,caught,k aa t,1,aa,9.837888461026627e-09,41.49604425822762,6,6,0.0070921985815602835
AN19-rec-56635f6ec008253df16a:phone:2,AN19-rec-56635f6ec008253df16a,AN19.MIX.if1,Albanian,Albanian,kin,k ih n,1,ih,8.616246169042238e-12,29.76644982637636,6,6,0.0070921985815602835
AN19-rec-566f3c5fab7500e9c821:phone:3,AN19-rec-566f3c5fab7500e9c821,AN19.MIX.im4,Mandarin,Sino-Tibetan,young,y ah ng,2,ng,7.112286554958725e-15,46.49950717654574,6,6,0.006993006993006993
AN19-rec-5679a292edd944ae73c3:phone:1,AN19-rec-5679a292edd944ae73c3,AN19.SPA.sf2,Spanish,Romance,chain,ch ey n,0,ch,0.014862013167896789,20.46367476947602,6,6,0.007246376811594203
AN19-rec-567a231fb42b063918ba:phone:1,AN19-rec-567a231fb42b063918ba,AN19.MIX.im1,Romanian,Romance,gut,g ah t,0,g,2.5382922141856143e-10,55.09893861924534,6,6,0.006802721088435374
AN19-rec-567fb46361f37e405e7c:phone:2,AN19-rec-567fb46361f37e405e7c,AN19.KOR.km8,Korean,Koreanic,deep,d iy p,1,iy,0.00048200054738252473,11.517623050193214,6,6,0.006896551724137931
AN19-rec-567fb46361f37e405e7c:phone:3,AN19-rec-567fb46361f37e405e7c,AN19.KOR.km8,Korean,Koreanic,deep,d iy p,2,p,0.0001999612327214931,23.321787349322552,6,6,0.006896551724137931
AN19-rec-569394448a79f37de780:phone:3,AN19-rec-569394448a79f37de780,AN19.KOR.kf5,Korean,Koreanic,death,d eh th,2,th,3.9172568287953517e-13,72.30394688328893,6,6,0.006993006993006993
AN19-rec-56a42f34d577941e7664:phone:2,AN19-rec-56a42f34d577941e7664,AN19.MIX.if2,Dutch,Germanic,wed,w eh d,1,eh,1.3006271667172869e-09,49.360401157265066,6,6,0.006944444444444444
AN19-rec-56af154b0b6b2683f7a8:phone:1,AN19-rec-56af154b0b6b2683f7a8,AN19.SPA.sm5,Spanish,Romance,firm,f er m,0,f,2.887184311945496e-13,35.863990118544145,6,6,0.006896551724137931
AN19-rec-56c2837938a2f6557e37:phone:1,AN19-rec-56c2837938a2f6557e37,AN19.SPA.sf4,Spanish,Romance,move,m uw v,0,m,1.3092896432646495e-08,35.14525820739768,6,6,0.0070921985815602835
AN19-rec-56cb45f4812fbf76b332:phone:3,AN19-rec-56cb45f4812fbf76b332,AN19.MIX.if6,Somali,Afro-Asiatic,love,l ah v,2,v,1.0762197765924083e-09,32.57006916168648,6,6,0.007246376811594203
AN19-rec-56e4d55dfc502a76a69e:phone:3,AN19-rec-56e4d55dfc502a76a69e,AN19.MIX.im3,Russian,Slavic,young,y ah ng,2,ng,1.316845474798991e-10,39.50939579519252,6,6,0.006756756756756757
AN19-rec-56f130fb37ba32fdb619:phone:1,AN19-rec-56f130fb37ba32fdb619,AN19.SPA.sf1,Spanish,Romance,give,g ih v,0,g,1.5422714731959e-12,41.45445233972934,6,6,0.006896551724137931
AN19-rec-56f270ae01016309026c:phone:2,AN19-rec-56f270ae01016309026c,AN19.SPA.sf2,Spanish,Romance,teeth,t iy th,1,iy,0.0002331551626991462,39.69391191144073,6,6,0.007246376811594203
AN19-rec-56fbb35e3a80419c3fb0:phone:2,AN19-rec-56fbb35e3a80419c3fb0,AN19.MIX.im6,Hindi,Indo-Aryan,rat,r ae t,1,ae,0.011241932078379228,52.94282365458168,6,6,0.006711409395973154
AN19-rec-57024698f73adc1f5c31:phone:3,AN19-rec-57024698f73adc1f5c31,AN19.KOR.kf3,Korean,Koreanic,fin,f ih n,2,n,9.753712323967035e-14,44.67891372113177,6,6,0.007246376811594203
AN19-rec-570d02f72f706c6c0117:phone:1,AN19-rec-570d02f72f706c6c0117,AN19.MIX.im2,Bengali,Indo-Aryan,doom,d uw m,0,d,1.2723216969812126e-13,41.66500834975913,6,6,0.007246376811594203
AN19-rec-570d02f72f706c6c0117:phone:3,AN19-rec-570d02f72f706c6c0117,AN19.MIX.im2,Bengali,Indo-Aryan,doom,d uw m,2,m,4.9872168569512445e-14,42.61692928753291,6,6,0.007246376811594203
AN19-rec-57138e685518d423c964:phone:3,AN19-rec-57138e685518d423c964,AN19.SPA.sm7,Spanish,Romance,mouth,m aw th,2,th,1.9235859799015346e-07,38.45852501898791,6,6,0.007352941176470588
AN19-rec-5721b838eb3d20cc58f2:phone:1,AN19-rec-5721b838eb3d20cc58f2,AN19.MIX.im4,Mandarin,Sino-Tibetan,jack,jh ae k,0,jh,2.2230362503030897e-06,17.39446237469385,6,6,0.006993006993006993
AN19-rec-5721b838eb3d20cc58f2:phone:3,AN19-rec-5721b838eb3d20cc58f2,AN19.MIX.im4,Mandarin,Sino-Tibetan,jack,jh ae k,2,k,1.8524372611521906e-10,27.208724829007977,6,6,0.006993006993006993
AN19-rec-5740ba5d4d649078a335:phone:2,AN19-rec-5740ba5d4d649078a335,AN19.SPA.sf2,Spanish,Romance,vice,v ay s,1,ay,9.96549436838151e-07,29.88111325883611,6,6,0.007246376811594203
AN19-rec-574251f5227ccf587f6a:phone:2,AN19-rec-574251f5227ccf587f6a,AN19.KOR.kf1,Korean,Koreanic,voice,v oy s,1,oy,1.3492965434154284e-07,45.923473242912245,6,6,0.0072992700729927005
AN19-rec-57425cbbceb458a1fb26:phone:1,AN19-rec-57425cbbceb458a1fb26,AN19.KOR.km1,Korean,Koreanic,give,g ih v,0,g,1.2341212051784236e-10,36.78043543744284,6,6,0.0072992700729927005
AN19-rec-5749b26a011fbd228069:phone:1,AN19-rec-5749b26a011fbd228069,AN19.MIX.if1,Albanian,Albanian,gut,g ah t,0,g,1.8465273411842257e-08,37.37696019973398,6,6,0.0070921985815602835
AN19-rec-5749b26a011fbd228069:phone:3,AN19-rec-5749b26a011fbd228069,AN19.MIX.if1,Albanian,Albanian,gut,g ah t,2,t,1.674727602965701e-06,24.136902154588423,6,6,0.0070921985815602835
AN19-rec-5754cb480201fbc09c99:phone:3,AN19-rec-5754cb480201fbc09c99,AN19.MIX.if2,Dutch,Germanic,hash,hh ae sh,2,sh,7.207786427051265e-06,36.7622766280596,6,6,0.006944444444444444
AN19-rec-57562ac660e246066bb4:phone:3,AN19-rec-57562ac660e246066bb4,AN19.KOR.kf5,Korean,Koreanic,beak,b iy k,2,k,7.850025143949463e-07,38.24477359957317,6,6,0.006993006993006993
AN19-rec-57600f9d162e87a547c6:phone:1,AN19-rec-57600f9d162e87a547c6,AN19.MIX.if1,Albanian,Albanian,chief,ch iy f,0,ch,2.9337447768839653e-08,30.47937835396472,6,6,0.0070921985815602835
AN19-rec-576717bc1f5b4238b86b:phone:1,AN19-rec-576717bc1f5b4238b86b,AN19.SPA.sm2,Spanish,Romance,bean,b iy n,0,b,9.035868811695218e-11,36.601878794093984,6,6,0.007042253521126761
AN19-rec-576717bc1f5b4238b86b:phone:2,AN19-rec-576717bc1f5b4238b86b,AN19.SPA.sm2,Spanish,Romance,bean,b iy n,1,iy,1.1834668077076457e-12,42.45384287273516,6,6,0.007042253521126761
AN19-rec-576fcdfe554548452601:phone:1,AN19-rec-576fcdfe554548452601,AN19.KOR.kf5,Korean,Koreanic,shop,sh aa p,0,sh,0.031086139936138055,13.417550582494917,6,6,0.006993006993006993
AN19-rec-576fcdfe554548452601:phone:2,AN19-rec-576fcdfe554548452601,AN19.KOR.kf5,Korean,Koreanic,shop,sh aa p,1,aa,0.05181397971602129,18.457623437899738,6,6,0.006993006993006993
AN19-rec-576fcdfe554548452601:phone:3,AN19-rec-576fcdfe554548452601,AN19.KOR.kf5,Korean,Koreanic,shop,sh aa p,2,p,0.0010559319345968636,38.381273905720185,6,6,0.006993006993006993
AN19-rec-57792fd8ca924bc9efae:phone:1,AN19-rec-57792fd8ca924bc9efae,AN19.SPA.sm7,Spanish,Romance,chain,ch ey n,0,ch,0.008522146634025134,20.327466001673265,6,6,0.007352941176470588
AN19-rec-578bbcbbe12d14794eb3:phone:3,AN19-rec-578bbcbbe12d14794eb3,AN19.SPA.sm7,Spanish,Romance,toot,t uw t,2,t,7.761121240868324e-19,51.40812489094824,6,6,0.007352941176470588
AN19-rec-57ab205272693a5f4df2:phone:2,AN19-rec-57ab205272693a5f4df2,AN19.MIX.if5,Japanese,Japonic,roof,r uw f,1,uw,3.404143326359261e-07,26.675223646677555,6,6,0.006711409395973154
AN19-rec-57ba6066761d86d2cd34:phone:2,AN19-rec-57ba6066761d86d2cd34,AN19.SPA.sf1,Spanish,Romance,rat,r ae t,1,ae,7.078852490259927e-08,37.45787161055829,6,6,0.006896551724137931
AN19-rec-57c2e724c7bf6216cfec:phone:2,AN19-rec-57c2e724c7bf6216cfec,AN19.KOR.kf3,Korean,Koreanic,neck,n eh k,1,eh,2.5211841787304203e-06,57.49456294617119,6,6,0.007246376811594203
AN19-rec-57cbc96fe4a08ade590b:phone:1,AN19-rec-57cbc96fe4a08ade590b,AN19.SPA.sf4,Spanish,Romance,pool,p uw l,0,p,1.3038838524003618e-06,23.638490265588917,6,6,0.0070921985815602835
AN19-rec-57ea0b6269e64b06bf5a:phone:1,AN19-rec-57ea0b6269e64b06bf5a,AN19.MIX.im4,Mandarin,Sino-Tibetan,gut,g ah t,0,g,8.015830941310129e-06,26.37303057574529,6,6,0.006993006993006993
AN19-rec-57ea0b6269e64b06bf5a:phone:3,AN19-rec-57ea0b6269e64b06bf5a,AN19.MIX.im4,Mandarin,Sino-Tibetan,gut,g ah t,2,t,5.354053198822237e-19,48.43027364807128,6,6,0.006993006993006993
AN19-rec-5806e6728922c7303efb:phone:2,AN19-rec-5806e6728922c7303efb,AN19.KOR.km6,Korean,Koreanic,shape,sh ey p,1,ey,8.609535002076859e-07,23.439161356202607,6,6,0.007042253521126761
AN19-rec-5807341153f46cffb496:phone:3,AN19-rec-5807341153f46cffb496,AN19.SPA.sf1,Spanish,Romance,thought,th ao t,2,t,1.466286105166069e-11,47.91943575066788,6,6,0.006896551724137931
AN19-rec-581ed8da6b721e774037:phone:1,AN19-rec-581ed8da6b721e774037,AN19.MIX.im3,Russian,Slavic,dune,d uw n,0,d,8.425109117483892e-19,60.62172625692434,6,6,0.006756756756756757
AN19-rec-584ad90564658d03538c:phone:2,AN19-rec-584ad90564658d03538c,AN19.SPA.sm5,Spanish,Romance,teeth,t iy th,1,iy,1.918395897566172e-08,43.52694323420379,6,6,0.006896551724137931
AN19-rec-58652e9d53882e302a1e:phone:2,AN19-rec-58652e9d53882e302a1e,AN19.SPA.sf2,Spanish,Romance,pull,p uh l,1,uh,3.011142540279087e-07,26.25799358169159,6,6,0.007246376811594203
AN19-rec-586d280ae11e9916c5d2:phone:2,AN19-rec-586d280ae11e9916c5d2,AN19.MIX.im6,Hindi,Indo-Aryan,pull,p uh l,1,uh,1.3361002253304184e-14,56.66307609614219,6,6,0.006711409395973154
AN19-rec-586e7e6d7692a99a43ac:phone:1,AN19-rec-586e7e6d7692a99a43ac,AN19.KOR.kf3,Korean,Koreanic,girl,g er l,0,g,2.142856282702324e-15,46.230639285846166,6,6,0.007246376811594203
AN19-rec-5870661c4efd6a9844ad:phone:3,AN19-rec-5870661c4efd6a9844ad,AN19.MIX.if6,Somali,Afro-Asiatic,toot,t uw t,2,t,1.2516402066009255e-18,51.61626432082895,6,6,0.007246376811594203
AN19-rec-58a357b4bf9355b036c1:phone:1,AN19-rec-58a357b4bf9355b036c1,AN19.MIX.if2,Dutch,Germanic,king,k ih ng,0,k,9.094179640406526e-15,45.14619682157308,6,6,0.006944444444444444
AN19-rec-58b63b0297ec91e895dd:phone:2,AN19-rec-58b63b0297ec91e895dd,AN19.KOR.km6,Korean,Koreanic,vice,v ay s,1,ay,0.000543444583311835,27.080297245733608,6,6,0.007042253521126761
AN19-rec-58bb68e1907cf9dca2f6:phone:1,AN19-rec-58bb68e1907cf9dca2f6,AN19.MIX.if6,Somali,Afro-Asiatic,mall,m ao l,0,m,0.01506217084909397,37.99384870012988,6,6,0.007246376811594203
AN19-rec-58c337bc5cef4cf7b2bc:phone:1,AN19-rec-58c337bc5cef4cf7b2bc,AN19.SPA.sf3,Spanish,Romance,bean,b iy n,0,b,6.34274311148321e-12,41.42994823100401,6,6,0.007246376811594203
AN19-rec-58c337bc5cef4cf7b2bc:phone:2,AN19-rec-58c337bc5cef4cf7b2bc,AN19.SPA.sf3,Spanish,Romance,bean,b iy n,1,iy,1.415049123281412e-05,15.41256615191926,6,6,0.007246376811594203
AN19-rec-58d07f7bef995707d6be:phone:1,AN19-rec-58d07f7bef995707d6be,AN19.MIX.im1,Romanian,Romance,join,jh oy n,0,jh,1.7023499855854388e-10,32.570179980223344,6,6,0.006802721088435374
AN19-rec-58d07f7bef995707d6be:phone:3,AN19-rec-58d07f7bef995707d6be,AN19.MIX.im1,Romanian,Romance,join,jh oy n,2,n,6.032552098166409e-22,56.85603196726209,6,6,0.006802721088435374
AN19-rec-58f1d48b119c41553a4a:phone:1,AN19-rec-58f1d48b119c41553a4a,AN19.KOR.kf3,Korean,Koreanic,goat,g ow t,0,g,1.2144536776734978e-09,37.22127261141669,6,6,0.007246376811594203
AN19-rec-58f1d48b119c41553a4a:phone:3,AN19-rec-58f1d48b119c41553a4a,AN19.KOR.kf3,Korean,Koreanic,goat,g ow t,2,t,2.914879745606486e-07,20.8816196615653,6,6,0.007246376811594203
AN19-rec-5910f09dc87a384bc195:phone:1,AN19-rec-5910f09dc87a384bc195,AN19.SPA.sf6,Spanish,Romance,give,g ih v,0,g,9.222557664383364e-14,41.17756438848945,6,6,0.007042253521126761
AN19-rec-5932b98bc2fe8681c750:phone:1,AN19-rec-5932b98bc2fe8681c750,AN19.KOR.km6,Korean,Koreanic,bean,b iy n,0,b,0.019590283244486213,27.45550174569495,6,6,0.007042253521126761
AN19-rec-5938496785c497e882b2:phone:3,AN19-rec-5938496785c497e882b2,AN19.SPA.sf3,Spanish,Romance,pad,p ae d,2,d,5.490125093867091e-07,19.386172705009724,6,6,0.007246376811594203
AN19-rec-59389ac7ef6c6e2b7b57:phone:2,AN19-rec-59389ac7ef6c6e2b7b57,AN19.SPA.sf1,Spanish,Romance,lose,l uw z,1,uw,7.317365434776759e-07,15.078716002818146,6,6,0.006896551724137931
AN19-rec-5955e727a73725371f2c:phone:2,AN19-rec-5955e727a73725371f2c,AN19.KOR.kf4,Korean,Koreanic,rut,r ah t,1,ah,1.6499220244461919e-09,41.125612877275216,6,6,0.0070921985815602835
AN19-rec-596664b8d41f74b34a88:phone:3,AN19-rec-596664b8d41f74b34a88,AN19.SPA.sf6,Spanish,Romance,route,r uw t,2,t,1.4116013577419509e-18,60.05099086831903,6,6,0.007042253521126761
AN19-rec-596cd2ab81feac59e900:phone:2,AN19-rec-596cd2ab81feac59e900,AN19.SPA.sm2,Spanish,Romance,neck,n eh k,1,eh,1.1250038838886596e-21,71.14185434724696,6,6,0.007042253521126761
AN19-rec-598912725c3c45b33d1e:phone:2,AN19-rec-598912725c3c45b33d1e,AN19.SPA.sm3,Spanish,Romance,bead,b iy d,1,iy,2.4353749345549154e-20,66.25067545969638,6,6,0.0072992700729927005
AN19-rec-5991f4c4189b7a4d147a:phone:2,AN19-rec-5991f4c4189b7a4d147a,AN19.MIX.im2,Bengali,Indo-Aryan,vice,v ay s,1,ay,0.004620522538057907,23.691004187717,6,6,0.007246376811594203
AN19-rec-59b088f2dd301ce3cd17:phone:2,AN19-rec-59b088f2dd301ce3cd17,AN19.SPA.sm7,Spanish,Romance,teeth,t iy th,1,iy,4.853146500897271e-09,39.24798085341927,6,6,0.007352941176470588
AN19-rec-59b1153f99c862ef574d:phone:1,AN19-rec-59b1153f99c862ef574d,AN19.SPA.sf5,Spanish,Romance,ship,sh ih p,0,sh,0.006579302629614487,5.924934368723494,6,6,0.007194244604316547
AN19-rec-59b4508bf7b667bbfb52:phone:2,AN19-rec-59b4508bf7b667bbfb52,AN19.MIX.if5,Japanese,Japonic,mat,m ae t,1,ae,1.2292605416142642e-05,22.52006520956046,6,6,0.006711409395973154
AN19-rec-59c129970acae52e2fea:phone:1,AN19-rec-59c129970acae52e2fea,AN19.MIX.im4,Mandarin,Sino-Tibetan,wick,w ih k,0,w,0.006858603352204023,31.987894926699383,6,6,0.006993006993006993
AN19-rec-59ce8ca920811f208126:phone:2,AN19-rec-59ce8ca920811f208126,AN19.MIX.if5,Japanese,Japonic,teat,t iy t,1,iy,1.6357080449587696e-09,40.12807203144709,6,6,0.006711409395973154
AN19-rec-59eb49629f7e7187fce6:phone:3,AN19-rec-59eb49629f7e7187fce6,AN19.MIX.im4,Mandarin,Sino-Tibetan,gas,g ae s,2,s,0.0008144388714705005,21.90497547398361,6,6,0.006993006993006993
AN19-rec-59f3b2f7eadc697daacb:phone:2,AN19-rec-59f3b2f7eadc697daacb,AN19.SPA.sm7,Spanish,Romance,lose,l uw z,1,uw,6.250512372793365e-13,32.36023591151496,6,6,0.007352941176470588
AN19-rec-59f7b44b27f9d9351327:phone:2,AN19-rec-59f7b44b27f9d9351327,AN19.KOR.kf2,Korean,Koreanic,rhyme,r ay m,1,ay,0.0011887443378451902,21.390796900314623,6,6,0.0072992700729927005
AN19-rec-59f7b44b27f9d9351327:phone:3,AN19-rec-59f7b44b27f9d9351327,AN19.KOR.kf2,Korean,Koreanic,rhyme,r ay m,2,m,1.698830874779183e-09,32.49359838748683,6,6,0.0072992700729927005
AN19-rec-5a0f512e1354a4e41633:phone:1,AN19-rec-5a0f512e1354a4e41633,AN19.SPA.sm6,Spanish,Romance,young,y ah ng,0,y,3.6820062496330586e-07,29.772338436403192,6,6,0.006756756756756757
AN19-rec-5a1165c2d06c34fe69a3:phone:1,AN19-rec-5a1165c2d06c34fe69a3,AN19.KOR.km7,Korean,Koreanic,dune,d uw n,0,d,0.00011834096395250465,26.40255904672794,6,6,0.006711409395973154
AN19-rec-5a252265a814ef86ed11:phone:1,AN19-rec-5a252265a814ef86ed11,AN19.MIX.im1,Romanian,Romance,soil,s oy l,0,s,0.0016640220524742645,16.28113526203683,6,6,0.006802721088435374
AN19-rec-5a252265a814ef86ed11:phone:2,AN19-rec-5a252265a814ef86ed11,AN19.MIX.im1,Romanian,Romance,soil,s oy l,1,oy,5.726308579980036e-06,24.0129377622488,6,6,0.006802721088435374
AN19-rec-5a3329148c9b2de468f2:phone:2,AN19-rec-5a3329148c9b2de468f2,AN19.MIX.im6,Hindi,Indo-Aryan,theme,th iy m,1,iy,0.002535000704426329,19.71573496412849,6,6,0.006711409395973154
AN19-rec-5a3329148c9b2de468f2:phone:3,AN19-rec-5a3329148c9b2de468f2,AN19.MIX.im6,Hindi,Indo-Aryan,theme,th iy m,2,m,8.679117562022267e-07,21.78261759928732,6,6,0.006711409395973154
AN19-rec-5a56016a59ea064bfbd3:phone:3,AN19-rec-5a56016a59ea064bfbd3,AN19.SPA.sm6,Spanish,Romance,whore,hh ao r,2,r,3.067821428939734e-08,28.940157096603784,6,6,0.006756756756756757
AN19-rec-5a5ab1f5e48cbaa36c46:phone:1,AN19-rec-5a5ab1f5e48cbaa36c46,AN19.KOR.km6,Korean,Koreanic,goat,g ow t,0,g,2.8166540978314616e-08,40.8436907328249,6,6,0.007042253521126761
AN19-rec-5a5ab1f5e48cbaa36c46:phone:3,AN19-rec-5a5ab1f5e48cbaa36c46,AN19.KOR.km6,Korean,Koreanic,goat,g ow t,2,t,1.6321572290011675e-08,25.84813758016153,6,6,0.007042253521126761
AN19-rec-5a5f250cf286960a90b7:phone:3,AN19-rec-5a5f250cf286960a90b7,AN19.KOR.kf6,Korean,Koreanic,dog,d ao g,2,g,8.979478793263393e-06,47.00668653255255,6,6,0.007042253521126761
AN19-rec-5a7218030c59575f813b:phone:3,AN19-rec-5a7218030c59575f813b,AN19.SPA.sm3,Spanish,Romance,white,w ay t,2,t,3.684374975070449e-17,65.78635409328069,6,6,0.0072992700729927005
AN19-rec-5a76bdb93c40cca91589:phone:3,AN19-rec-5a76bdb93c40cca91589,AN19.SPA.sm2,Spanish,Romance,thought,th ao t,2,t,4.0015122674702004e-12,47.678040976013385,6,6,0.007042253521126761
AN19-rec-5a8928a582878049e66b:phone:1,AN19-rec-5a8928a582878049e66b,AN19.KOR.km2,Korean,Koreanic,king,k ih ng,0,k,5.401154658176464e-11,33.76732987085988,6,6,0.006756756756756757
AN19-rec-5a897de88b2be033cc67:phone:1,AN19-rec-5a897de88b2be033cc67,AN19.SPA.sf2,Spanish,Romance,dune,d uw n,0,d,7.243870963022093e-15,58.76513747422786,6,6,0.007246376811594203
AN19-rec-5aaa4a7e40b9153295ff:phone:1,AN19-rec-5aaa4a7e40b9153295ff,AN19.SPA.sf2,Spanish,Romance,hoot,hh uw t,0,hh,2.407300149819855e-10,46.36639385974684,6,6,0.007246376811594203
AN19-rec-5aaa4a7e40b9153295ff:phone:3,AN19-rec-5aaa4a7e40b9153295ff,AN19.SPA.sf2,Spanish,Romance,hoot,hh uw t,2,t,8.059077769824539e-13,37.55084339507694,6,6,0.007246376811594203
AN19-rec-5aac41cf7b483c3dfbe5:phone:1,AN19-rec-5aac41cf7b483c3dfbe5,AN19.KOR.km1,Korean,Koreanic,fig,f ih g,0,f,9.815590659128746e-06,49.59850735854488,6,6,0.0072992700729927005
AN19-rec-5ac737c534cdd9705cc3:phone:1,AN19-rec-5ac737c534cdd9705cc3,AN19.MIX.if2,Dutch,Germanic,balm,b aa m,0,b,2.291360008659466e-12,62.08266059041623,6,6,0.006944444444444444
AN19-rec-5ad2d29f4a6851a3f6fd:phone:3,AN19-rec-5ad2d29f4a6851a3f6fd,AN19.SPA.sf6,Spanish,Romance,peace,p iy s,2,s,1.0923213050456002e-07,33.31036019238197,6,6,0.007042253521126761
AN19-rec-5ad7c2e26642c800be82:phone:2,AN19-rec-5ad7c2e26642c800be82,AN19.SPA.sf1,Spanish,Romance,noise,n oy z,1,oy,0.00012194332049814682,44.90951999409407,6,6,0.006896551724137931
AN19-rec-5af872578b7b26ecbf2c:phone:2,AN19-rec-5af872578b7b26ecbf2c,AN19.MIX.if6,Somali,Afro-Asiatic,wail,w ey l,1,ey,0.0002343417937049838,29.158157050793,6,6,0.007246376811594203
AN19-rec-5b0e595e19c711c6b200:phone:2,AN19-rec-5b0e595e19c711c6b200,AN19.SPA.sf6,Spanish,Romance,fade,f ey d,1,ey,4.447857136655159e-08,28.263210312185127,6,6,0.007042253521126761
AN19-rec-5b140b00011cd31115d4:phone:2,AN19-rec-5b140b00011cd31115d4,AN19.KOR.kf4,Korean,Koreanic,noise,n oy z,1,oy,2.9417092354843016e-09,40.69265601614074,6,6,0.0070921985815602835
AN19-rec-5b167bf8b2c12bc7d3ce:phone:1,AN19-rec-5b167bf8b2c12bc7d3ce,AN19.KOR.km2,Korean,Koreanic,page,p ey jh,0,p,2.2068668419899495e-11,32.20650365447738,6,6,0.006756756756756757
AN19-rec-5b167bf8b2c12bc7d3ce:phone:3,AN19-rec-5b167bf8b2c12bc7d3ce,AN19.KOR.km2,Korean,Koreanic,page,p ey jh,2,jh,6.757112053216206e-06,34.41671677311669,6,6,0.006756756756756757
AN19-rec-5b4b7b4db215d90fcf70:phone:3,AN19-rec-5b4b7b4db215d90fcf70,AN19.MIX.if6,Somali,Afro-Asiatic,gas,g ae s,2,s,3.0999782311407858e-12,40.33273714214242,6,6,0.007246376811594203
AN19-rec-5b6da7193ac6ec81714a:phone:2,AN19-rec-5b6da7193ac6ec81714a,AN19.KOR.kf3,Korean,Koreanic,wash,w aa sh,1,aa,0.016763695632082416,24.43138072987604,6,6,0.007246376811594203
AN19-rec-5b76ec86c3b0f1ceadbd:phone:3,AN19-rec-5b76ec86c3b0f1ceadbd,AN19.SPA.sm2,Spanish,Romance,toot,t uw t,2,t,0.0004275426836308962,16.377255436579787,6,6,0.007042253521126761
AN19-rec-5b7744790280fa46b2d7:phone:1,AN19-rec-5b7744790280fa46b2d7,AN19.MIX.if3,French,Romance,lice,l ay s,0,l,0.00019302794808882568,19.375012801256936,6,6,0.006993006993006993
AN19-rec-5b7744790280fa46b2d7:phone:2,AN19-rec-5b7744790280fa46b2d7,AN19.MIX.if3,French,Romance,lice,l ay s,1,ay,5.162883398460534e-07,19.988935141872236,6,6,0.006993006993006993
AN19-rec-5b7744790280fa46b2d7:phone:3,AN19-rec-5b7744790280fa46b2d7,AN19.MIX.if3,French,Romance,lice,l ay s,2,s,0.002938695899706237,24.953660219536165,6,6,0.006993006993006993
AN19-rec-5b793c725cbaae67278f:phone:1,AN19-rec-5b793c725cbaae67278f,AN19.SPA.sf1,Spanish,Romance,con,k aa n,0,k,0.0015842980283057694,14.19381918845002,6,6,0.006896551724137931
AN19-rec-5b793c725cbaae67278f:phone:2,AN19-rec-5b793c725cbaae67278f,AN19.SPA.sf1,Spanish,Romance,con,k aa n,1,aa,1.1535588415272482e-08,30.625774867446648,6,6,0.006896551724137931
AN19-rec-5b7e1a0a9ce84d30ee06:phone:1,AN19-rec-5b7e1a0a9ce84d30ee06,AN19.SPA.sf5,Spanish,Romance,young,y ah ng,0,y,8.043592245849807e-06,29.492034321880624,6,6,0.007194244604316547
AN19-rec-5b7e1a0a9ce84d30ee06:phone:3,AN19-rec-5b7e1a0a9ce84d30ee06,AN19.SPA.sf5,Spanish,Romance,young,y ah ng,2,ng,7.077104646139213e-11,36.02000804136603,6,6,0.007194244604316547
AN19-rec-5b7e781637878b55ebe8:phone:1,AN19-rec-5b7e781637878b55ebe8,AN19.KOR.kf3,Korean,Koreanic,soak,s ow k,0,s,1.0090941221851533e-12,34.717323048408225,6,6,0.007246376811594203
AN19-rec-5b7e781637878b55ebe8:phone:2,AN19-rec-5b7e781637878b55ebe8,AN19.KOR.kf3,Korean,Koreanic,soak,s ow k,1,ow,2.3856793999201663e-10,31.890600820739067,6,6,0.007246376811594203
AN19-rec-5b9054ebd4406a95840b:phone:2,AN19-rec-5b9054ebd4406a95840b,AN19.SPA.sf3,Spanish,Romance,wail,w ey l,1,ey,3.100545663963915e-13,45.01090978306811,6,6,0.007246376811594203
AN19-rec-5b92268de29f288d4e98:phone:2,AN19-rec-5b92268de29f288d4e98,AN19.KOR.km3,Korean,Koreanic,pull,p uh l,1,uh,3.5448031966791653e-12,47.3763577250595,6,6,0.006666666666666667
AN19-rec-5b9305f224cb6653a498:phone:3,AN19-rec-5b9305f224cb6653a498,AN19.KOR.kf6,Korean,Koreanic,hash,hh ae sh,2,sh,0.00011818599552914024,31.529291082641965,6,6,0.007042253521126761
AN19-rec-5b9fa70cc937f47acf87:phone:2,AN19-rec-5b9fa70cc937f47acf87,AN19.MIX.im6,Hindi,Indo-Aryan,shape,sh ey p,1,ey,4.848151052399852e-13,45.88391504865057,6,6,0.006711409395973154
AN19-rec-5ba19dc10dcdfc7ab349:phone:2,AN19-rec-5ba19dc10dcdfc7ab349,AN19.MIX.im2,Bengali,Indo-Aryan,neck,n eh k,1,eh,7.5166226687533755e-06,62.60221378787296,6,6,0.007246376811594203
AN19-rec-5bb4863a795895e596d3:phone:3,AN19-rec-5bb4863a795895e596d3,AN19.KOR.km2,Korean,Koreanic,thought,th ao t,2,t,1.1685276279367277e-07,36.75402640795112,6,6,0.006756756756756757
AN19-rec-5bc08e53b14351500c6c:phone:3,AN19-rec-5bc08e53b14351500c6c,AN19.MIX.im1,Romanian,Romance,serve,s er v,2,v,0.0031856467568891146,11.336024196028434,6,6,0.006802721088435374
AN19-rec-5bd2a222a989c60f4c49:phone:2,AN19-rec-5bd2a222a989c60f4c49,AN19.KOR.kf6,Korean,Koreanic,rat,r ae t,1,ae,0.0018713093051503588,19.131324502203395,6,6,0.007042253521126761
AN19-rec-5beb4dd2ab1a3693f114:phone:2,AN19-rec-5beb4dd2ab1a3693f114,AN19.SPA.sf3,Spanish,Romance,wrong,r ao ng,1,ao,1.1175128171580147e-18,57.93202137659961,6,8,0.007246376811594203
AN19-rec-5beffb6ade420cdc4d41:phone:3,AN19-rec-5beffb6ade420cdc4d41,AN19.KOR.kf2,Korean,Koreanic,join,jh oy n,2,n,0.0007451152159016083,29.32583956442248,6,6,0.0072992700729927005
AN19-rec-5c228e0bde2cca248166:phone:1,AN19-rec-5c228e0bde2cca248166,AN19.SPA.sm3,Spanish,Romance,gut,g ah t,0,g,6.48393594230074e-10,58.522670340409626,6,6,0.0072992700729927005
AN19-rec-5c228e0bde2cca248166:phone:3,AN19-rec-5c228e0bde2cca248166,AN19.SPA.sm3,Spanish,Romance,gut,g ah t,2,t,1.7192991128267027e-13,39.55477350053001,6,6,0.0072992700729927005
AN19-rec-5c283d73f4bc9565f7dc:phone:1,AN19-rec-5c283d73f4bc9565f7dc,AN19.SPA.sf2,Spanish,Romance,mall,m ao l,0,m,1.1234689761890846e-18,57.83557944963368,6,6,0.007246376811594203
AN19-rec-5c2f3a8f1a52cf6e2c9d:phone:3,AN19-rec-5c2f3a8f1a52cf6e2c9d,AN19.SPA.sm7,Spanish,Romance,hack,hh ae k,2,k,4.302209675429739e-31,90.43560011114864,6,6,0.007352941176470588
AN19-rec-5c341c2f363ad601b24c:phone:1,AN19-rec-5c341c2f363ad601b24c,AN19.MIX.im5,Turkish,Turkic,pool,p uw l,0,p,1.478536028212869e-07,25.2497885376364,6,6,0.007246376811594203
AN19-rec-5c345a2cde48afb0befc:phone:2,AN19-rec-5c345a2cde48afb0befc,AN19.KOR.kf5,Korean,Koreanic,learn,l er n,1,er,1.1317252621270852e-05,26.776560481189545,6,6,0.006993006993006993
AN19-rec-5c49936657cc7825ff88:phone:1,AN19-rec-5c49936657cc7825ff88,AN19.MIX.if1,Albanian,Albanian,bug,b ah g,0,b,5.866116819022928e-09,59.19882051298064,6,6,0.0070921985815602835
AN19-rec-5c5aae612ec9b3aada53:phone:1,AN19-rec-5c5aae612ec9b3aada53,AN19.KOR.kf6,Korean,Koreanic,check,ch eh k,0,ch,4.209216875684889e-18,76.42887650974582,6,6,0.007042253521126761
AN19-rec-5c6a5ca6b9fd7595f4ed:phone:1,AN19-rec-5c6a5ca6b9fd7595f4ed,AN19.SPA.sm6,Spanish,Romance,thick,th ih k,0,th,1.1680072296175575e-21,72.1049479641153,6,6,0.006756756756756757
AN19-rec-5c6a5ca6b9fd7595f4ed:phone:3,AN19-rec-5c6a5ca6b9fd7595f4ed,AN19.SPA.sm6,Spanish,Romance,thick,th ih k,2,k,1.0031463420048789e-12,47.15024673927599,6,6,0.006756756756756757
AN19-rec-5c82475c10e2a363c411:phone:3,AN19-rec-5c82475c10e2a363c411,AN19.MIX.im2,Bengali,Indo-Aryan,mum,m ah m,2,m,4.4266335369687e-10,30.348379602593827,6,6,0.007246376811594203
AN19-rec-5c83c7ddff6d1e9b0821:phone:2,AN19-rec-5c83c7ddff6d1e9b0821,AN19.MIX.im2,Bengali,Indo-Aryan,leg,l eh g,1,eh,0.003273433315627151,60.78605208075928,6,6,0.007246376811594203
AN19-rec-5cbfa3d830d4a5cea51b:phone:3,AN19-rec-5cbfa3d830d4a5cea51b,AN19.SPA.sf3,Spanish,Romance,gas,g ae s,2,s,4.3781455580232616e-07,39.517137231714464,6,6,0.007246376811594203
AN19-rec-5cc1096c5be126f8f731:phone:1,AN19-rec-5cc1096c5be126f8f731,AN19.SPA.sm2,Spanish,Romance,page,p ey jh,0,p,3.927728428773295e-10,30.454575887870305,6,6,0.007042253521126761
AN19-rec-5cc1096c5be126f8f731:phone:3,AN19-rec-5cc1096c5be126f8f731,AN19.SPA.sm2,Spanish,Romance,page,p ey jh,2,jh,6.286127002336328e-18,59.534235503034544,6,6,0.007042253521126761
AN19-rec-5cc1ecb130a202c2c580:phone:1,AN19-rec-5cc1ecb130a202c2c580,AN19.KOR.kf3,Korean,Koreanic,chain,ch ey n,0,ch,5.501938490396595e-06,32.47676794326124,6,6,0.007246376811594203
AN19-rec-5ce46c4ee82bf036e10c:phone:1,AN19-rec-5ce46c4ee82bf036e10c,AN19.MIX.if3,French,Romance,mall,m ao l,0,m,0.06655159392752381,38.24561199618109,6,6,0.006993006993006993
AN19-rec-5d275f4025814bc4e865:phone:1,AN19-rec-5d275f4025814bc4e865,AN19.KOR.kf4,Korean,Koreanic,five,f ay v,0,f,8.948992680695953e-06,39.59382758319159,6,6,0.0070921985815602835
AN19-rec-5d5bb6bdd845a2fd5013:phone:2,AN19-rec-5d5bb6bdd845a2fd5013,AN19.SPA.sm6,Spanish,Romance,long,l ao ng,1,ao,8.545266711589287e-09,41.26328164125864,6,6,0.006756756756756757
AN19-rec-5d5bb6bdd845a2fd5013:phone:3,AN19-rec-5d5bb6bdd845a2fd5013,AN19.SPA.sm6,Spanish,Romance,long,l ao ng,2,ng,6.739946025343384e-09,23.941769014341123,6,6,0.006756756756756757
AN19-rec-5d71cf205a0077718789:phone:3,AN19-rec-5d71cf205a0077718789,AN19.SPA.sm7,Spanish,Romance,mum,m ah m,2,m,0.0024977643306576315,45.541356503511366,6,6,0.007352941176470588
AN19-rec-5d8199df0399964fdd63:phone:3,AN19-rec-5d8199df0399964fdd63,AN19.MIX.if5,Japanese,Japonic,hurl,hh er l,2,l,2.0885952338220234e-18,53.12778802423026,6,6,0.006711409395973154
AN19-rec-5d8d9c8ff441483b02b4:phone:2,AN19-rec-5d8d9c8ff441483b02b4,AN19.MIX.if4,German,Germanic,caught,k aa t,1,aa,3.870645295545585e-14,77.07173107931335,6,6,0.0072992700729927005
AN19-rec-5d8e0cb5fc41adb8efc0:phone:1,AN19-rec-5d8e0cb5fc41adb8efc0,AN19.MIX.im5,Turkish,Turkic,chief,ch iy f,0,ch,0.0046470432403009744,24.412494740535184,6,6,0.007246376811594203
AN19-rec-5d8e0cb5fc41adb8efc0:phone:2,AN19-rec-5d8e0cb5fc41adb8efc0,AN19.MIX.im5,Turkish,Turkic,chief,ch iy f,1,iy,0.020282001513709385,16.50052580004293,6,6,0.007246376811594203
AN19-rec-5da34d0c94f7fd4a09d6:phone:1,AN19-rec-5da34d0c94f7fd4a09d6,AN19.SPA.sf6,Spanish,Romance,wick,w ih k,0,w,0.00011948080905983615,34.38476126015053,6,6,0.007042253521126761
AN19-rec-5da5754c46c69f753f30:phone:1,AN19-rec-5da5754c46c69f753f30,AN19.MIX.im6,Hindi,Indo-Aryan,soil,s oy l,0,s,0.002117482751195891,15.80400510403292,6,6,0.006711409395973154
AN19-rec-5da5754c46c69f753f30:phone:2,AN19-rec-5da5754c46c69f753f30,AN19.MIX.im6,Hindi,Indo-Aryan,soil,s oy l,1,oy,7.187092655735243e-10,34.15837859065601,6,6,0.006711409395973154
AN19-rec-5dd4834b8680c20c3e35:phone:1,AN19-rec-5dd4834b8680c20c3e35,AN19.MIX.im1,Romanian,Romance,shop,sh aa p,0,sh,0.007390245658257227,12.388109636275928,6,6,0.006802721088435374
AN19-rec-5dd4834b8680c20c3e35:phone:2,AN19-rec-5dd4834b8680c20c3e35,AN19.MIX.im1,Romanian,Romance,shop,sh aa p,1,aa,5.020988427284959e-05,20.239955665115478,6,6,0.006802721088435374
AN19-rec-5dd4834b8680c20c3e35:phone:3,AN19-rec-5dd4834b8680c20c3e35,AN19.MIX.im1,Romanian,Romance,shop,sh aa p,2,p,1.4205570601081474e-06,31.34325622271485,6,6,0.006802721088435374
AN19-rec-5debc5607624b2218f64:phone:1,AN19-rec-5debc5607624b2218f64,AN19.MIX.if4,German,Germanic,rough,r ah f,0,r,8.555501991066077e-11,33.05087602970209,6,6,0.0072992700729927005
AN19-rec-5dfbb2ce7bcdbb2386e9:phone:3,AN19-rec-5dfbb2ce7bcdbb2386e9,AN19.KOR.km3,Korean,Koreanic,mouth,m aw th,2,th,5.9775472997717606e-21,80.87684156098227,6,6,0.006666666666666667
AN19-rec-5e0164b376ed9c3f9f85:phone:2,AN19-rec-5e0164b376ed9c3f9f85,AN19.KOR.kf3,Korean,Koreanic,lace,l ey s,1,ey,0.0004260308102074063,17.19786238525319,6,6,0.007246376811594203
AN19-rec-5e028ed5a82c05b04c53:phone:1,AN19-rec-5e028ed5a82c05b04c53,AN19.SPA.sm6,Spanish,Romance,soil,s oy l,0,s,2.6204303169430554e-06,20.241012780244287,6,6,0.006756756756756757
AN19-rec-5e028ed5a82c05b04c53:phone:2,AN19-rec-5e028ed5a82c05b04c53,AN19.SPA.sm6,Spanish,Romance,soil,s oy l,1,oy,0.0003344153153106672,20.561863339610778,6,6,0.006756756756756757
AN19-rec-5e12df5fc78b999177f5:phone:2,AN19-rec-5e12df5fc78b999177f5,AN19.SPA.sm5,Spanish,Romance,leg,l eh g,1,eh,3.933543562124563e-06,44.53127405419942,6,6,0.006896551724137931
AN19-rec-5e1a64b0f1290b1f0c67:phone:2,AN19-rec-5e1a64b0f1290b1f0c67,AN19.MIX.im1,Romanian,Romance,sill,s ih l,1,ih,8.788878057004652e-05,14.615032472678465,6,6,0.006802721088435374
AN19-rec-5e3c97ca46db1e0b580c:phone:2,AN19-rec-5e3c97ca46db1e0b580c,AN19.KOR.km1,Korean,Koreanic,deep,d iy p,1,iy,1.1972612826015961e-09,24.89814620409356,6,6,0.0072992700729927005
AN19-rec-5e3c97ca46db1e0b580c:phone:3,AN19-rec-5e3c97ca46db1e0b580c,AN19.KOR.km1,Korean,Koreanic,deep,d iy p,2,p,2.979452328529458e-09,30.8769354774808,6,6,0.0072992700729927005
AN19-rec-5e50b4eb7d99c15828cd:phone:1,AN19-rec-5e50b4eb7d99c15828cd,AN19.KOR.kf6,Korean,Koreanic,shall,sh ae l,0,sh,0.03386967044757327,11.575511967040931,6,6,0.007042253521126761
AN19-rec-5e50b4eb7d99c15828cd:phone:2,AN19-rec-5e50b4eb7d99c15828cd,AN19.KOR.kf6,Korean,Koreanic,shall,sh ae l,1,ae,1.309870967527554e-05,25.60751881140349,6,6,0.007042253521126761
AN19-rec-5e5de8e0eb946a090f8c:phone:1,AN19-rec-5e5de8e0eb946a090f8c,AN19.MIX.im5,Turkish,Turkic,five,f ay v,0,f,2.0911748065011254e-10,58.160969887105125,6,6,0.007246376811594203
AN19-rec-5e643f6b889692d54c63:phone:2,AN19-rec-5e643f6b889692d54c63,AN19.KOR.kf1,Korean,Koreanic,rhyme,r ay m,1,ay,2.7684900913762137e-10,49.55478666057096,6,6,0.0072992700729927005
AN19-rec-5e643f6b889692d54c63:phone:3,AN19-rec-5e643f6b889692d54c63,AN19.KOR.kf1,Korean,Koreanic,rhyme,r ay m,2,m,8.098771829307376e-07,31.852578506245667,6,6,0.0072992700729927005
AN19-rec-5e8d28d8989d7c59c3ef:phone:3,AN19-rec-5e8d28d8989d7c59c3ef,AN19.SPA.sm5,Spanish,Romance,gas,g ae s,2,s,3.5807050949113185e-05,27.15139253774957,6,6,0.006896551724137931
AN19-rec-5ead3afa78cdfc9d2b57:phone:1,AN19-rec-5ead3afa78cdfc9d2b57,AN19.MIX.im1,Romanian,Romance,league,l iy g,0,l,2.812886775333553e-17,49.6572790698069,6,6,0.006802721088435374
AN19-rec-5ead3afa78cdfc9d2b57:phone:2,AN19-rec-5ead3afa78cdfc9d2b57,AN19.MIX.im1,Romanian,Romance,league,l iy g,1,iy,8.729096018156858e-08,22.969325498791864,6,6,0.006802721088435374
AN19-rec-5ead3afa78cdfc9d2b57:phone:3,AN19-rec-5ead3afa78cdfc9d2b57,AN19.MIX.im1,Romanian,Romance,league,l iy g,2,g,2.8193683195256867e-09,24.03961362817649,6,6,0.006802721088435374
AN19-rec-5eae5b0822ceec10c624:phone:2,AN19-rec-5eae5b0822ceec10c624,AN19.MIX.im1,Romanian,Romance,suck,s ah k,1,ah,1.7748546539844638e-36,96.34360322276666,6,6,0.006802721088435374
AN19-rec-5eae5b0822ceec10c624:phone:3,AN19-rec-5eae5b0822ceec10c624,AN19.MIX.im1,Romanian,Romance,suck,s ah k,2,k,5.204845399602819e-28,91.44103882779844,6,6,0.006802721088435374
AN19-rec-5ebdb2f7ee85443ceb6f:phone:2,AN19-rec-5ebdb2f7ee85443ceb6f,AN19.SPA.sm7,Spanish,Romance,deep,d iy p,1,iy,1.5136091783704772e-06,16.91488519281885,6,6,0.007352941176470588
AN19-rec-5ebdb2f7ee85443ceb6f:phone:3,AN19-rec-5ebdb2f7ee85443ceb6f,AN19.SPA.sm7,Spanish,Romance,deep,d iy p,2,p,1.4788792817740001e-06,35.026443220125365,6,6,0.007352941176470588
AN19-rec-5ec1123c32653ba85a4c:phone:3,AN19-rec-5ec1123c32653ba85a4c,AN19.MIX.im4,Mandarin,Sino-Tibetan,dog,d ao g,2,g,3.7515901063802846e-07,41.39431148029583,6,6,0.006993006993006993
AN19-rec-5ec2a60d8f87bba92171:phone:3,AN19-rec-5ec2a60d8f87bba92171,AN19.KOR.km8,Korean,Koreanic,thought,th ao t,2,t,3.4076208940728976e-16,52.40014690245373,6,6,0.006896551724137931
AN19-rec-5ecff8f17e55eb809fa8:phone:3,AN19-rec-5ecff8f17e55eb809fa8,AN19.MIX.if5,Japanese,Japonic,faith,f ey th,2,th,2.1856682854664348e-11,37.59829246209627,6,6,0.006711409395973154
AN19-rec-5f254e54004213c30e06:phone:3,AN19-rec-5f254e54004213c30e06,AN19.SPA.sf3,Spanish,Romance,dog,d ao g,2,g,5.311981733997184e-07,45.17249239628418,6,6,0.007246376811594203
AN19-rec-5f2bd3210316443ab633:phone:2,AN19-rec-5f2bd3210316443ab633,AN19.SPA.sf3,Spanish,Romance,shape,sh ey p,1,ey,5.16126650215659e-05,16.899868507059676,6,6,0.007246376811594203
AN19-rec-5f4886fb6344385b4f56:phone:2,AN19-rec-5f4886fb6344385b4f56,AN19.MIX.im6,Hindi,Indo-Aryan,wail,w ey l,1,ey,0.0004181980908056144,30.68849594107273,6,6,0.006711409395973154
AN19-rec-5f4e1d63a5e026b2e679:phone:2,AN19-rec-5f4e1d63a5e026b2e679,AN19.MIX.if5,Japanese,Japonic,full,f uh l,1,uh,1.8413800500933943e-12,44.51286938251601,6,6,0.006711409395973154
AN19-rec-5f65f1b49a4de8e8dacc:phone:1,AN19-rec-5f65f1b49a4de8e8dacc,AN19.SPA.sf6,Spanish,Romance,rim,r ih m,0,r,5.138554918393261e-20,53.68848584343444,6,6,0.007042253521126761
AN19-rec-5f7f8d0563b143493726:phone:2,AN19-rec-5f7f8d0563b143493726,AN19.KOR.km1,Korean,Koreanic,bead,b iy d,1,iy,6.021720834180066e-11,34.29729636150845,6,6,0.0072992700729927005
AN19-rec-5f7f8d0563b143493726:phone:3,AN19-rec-5f7f8d0563b143493726,AN19.KOR.km1,Korean,Koreanic,bead,b iy d,2,d,2.2170666121759418e-10,37.4445271026036,6,6,0.0072992700729927005
AN19-rec-5fa1eb058dafa81532c8:phone:3,AN19-rec-5fa1eb058dafa81532c8,AN19.KOR.km3,Korean,Koreanic,bead,b iy d,2,d,1.6015468026863056e-09,35.0614182089142,6,6,0.006666666666666667
AN19-rec-5facf98f5ae3296c00d1:phone:1,AN19-rec-5facf98f5ae3296c00d1,AN19.KOR.kf5,Korean,Koreanic,god,g aa d,0,g,1.4282286829491655e-08,61.93077938130822,6,6,0.006993006993006993
AN19-rec-5fad2de90d339c8917d2:phone:2,AN19-rec-5fad2de90d339c8917d2,AN19.SPA.sf3,Spanish,Romance,mote,m ow t,1,ow,5.415559387287524e-15,38.63647618554515,6,6,0.007246376811594203
AN19-rec-5fb3c6423e04c424ce07:phone:2,AN19-rec-5fb3c6423e04c424ce07,AN19.KOR.km7,Korean,Koreanic,wrong,r ao ng,1,ao,4.58064248167543e-07,28.45862224235984,6,8,0.006711409395973154
AN19-rec-5fc4a76eeec42d9c6946:phone:1,AN19-rec-5fc4a76eeec42d9c6946,AN19.KOR.kf5,Korean,Koreanic,firm,f er m,0,f,3.65450260468514e-18,62.97600216977437,6,6,0.006993006993006993
AN19-rec-6002ff76d0f98c759744:phone:3,AN19-rec-6002ff76d0f98c759744,AN19.MIX.im1,Romanian,Romance,white,w ay t,2,t,0.028762322292190848,51.91248644809372,6,6,0.006802721088435374
AN19-rec-60054f7cac36150d687d:phone:2,AN19-rec-60054f7cac36150d687d,AN19.MIX.im2,Bengali,Indo-Aryan,mace,m ey s,1,ey,4.2776995999175e-05,36.013238948305975,6,6,0.007246376811594203
AN19-rec-60054f7cac36150d687d:phone:3,AN19-rec-60054f7cac36150d687d,AN19.MIX.im2,Bengali,Indo-Aryan,mace,m ey s,2,s,1.757342135300125e-09,41.6000280580999,6,6,0.007246376811594203
AN19-rec-60089ecd0b90b0f35751:phone:1,AN19-rec-60089ecd0b90b0f35751,AN19.SPA.sm2,Spanish,Romance,sane,s ey n,0,s,0.00019988041248209293,15.963058035020282,6,6,0.007042253521126761
AN19-rec-60218228afc49c3ba3a8:phone:2,AN19-rec-60218228afc49c3ba3a8,AN19.SPA.sf5,Spanish,Romance,fade,f ey d,1,ey,1.1934170575516378e-05,14.776657780948378,6,6,0.007194244604316547
AN19-rec-602d6c5c94e7c968745e:phone:2,AN19-rec-602d6c5c94e7c968745e,AN19.SPA.sm4,Spanish,Romance,thing,th ih ng,1,ih,6.819202541313093e-08,31.47122120036345,6,6,0.007194244604316547
AN19-rec-60390cd028139779d4b3:phone:2,AN19-rec-60390cd028139779d4b3,AN19.MIX.if2,Dutch,Germanic,con,k aa n,1,aa,2.8025769266545355e-11,41.20711522062269,6,6,0.006944444444444444
AN19-rec-604149589e9ebbd6595a:phone:2,AN19-rec-604149589e9ebbd6595a,AN19.KOR.kf3,Korean,Koreanic,rat,r ae t,1,ae,0.0013159061217406698,20.294252095137093,6,6,0.007246376811594203
AN19-rec-604b060bed2c6fcd766c:phone:1,AN19-rec-604b060bed2c6fcd766c,AN19.SPA.sf1,Spanish,Romance,move,m uw v,0,m,1.6755570204196094e-10,30.193247395613565,6,6,0.006896551724137931
AN19-rec-604b060bed2c6fcd766c:phone:3,AN19-rec-604b060bed2c6fcd766c,AN19.SPA.sf1,Spanish,Romance,move,m uw v,2,v,1.1008736128390507e-10,28.014499850827946,6,6,0.006896551724137931
AN19-rec-605096eed5908a218172:phone:2,AN19-rec-605096eed5908a218172,AN19.MIX.im5,Turkish,Turkic,roof,r uw f,1,uw,5.730760287528742e-12,42.32366887477308,6,6,0.007246376811594203
AN19-rec-6057826fdcfb9cca47a3:phone:1,AN19-rec-6057826fdcfb9cca47a3,AN19.KOR.kf6,Korean,Koreanic,move,m uw v,0,m,6.94470734596698e-08,31.925402828635857,6,6,0.007042253521126761
AN19-rec-6057826fdcfb9cca47a3:phone:3,AN19-rec-6057826fdcfb9cca47a3,AN19.KOR.kf6,Korean,Koreanic,move,m uw v,2,v,9.539654852274987e-08,23.9955491279223,6,6,0.007042253521126761
AN19-rec-6064f733366c24750efe:phone:2,AN19-rec-6064f733366c24750efe,AN19.KOR.kf3,Korean,Koreanic,sill,s ih l,1,ih,3.3379972764790087e-21,57.99959639424824,6,6,0.007246376811594203
AN19-rec-606760208aea8ee382c7:phone:1,AN19-rec-606760208aea8ee382c7,AN19.KOR.km3,Korean,Koreanic,shall,sh ae l,0,sh,0.0028710790960772537,12.201119839098624,6,6,0.006666666666666667
AN19-rec-606760208aea8ee382c7:phone:2,AN19-rec-606760208aea8ee382c7,AN19.KOR.km3,Korean,Koreanic,shall,sh ae l,1,ae,1.8451080107294997e-05,23.115360102730307,6,6,0.006666666666666667
AN19-rec-606ec8f179368b94b9cf:phone:2,AN19-rec-606ec8f179368b94b9cf,AN19.KOR.km2,Korean,Koreanic,watch,w aa ch,1,aa,1.787676261006897e-08,26.2954853958784,6,6,0.006756756756756757
AN19-rec-6074a37691c449c3ae7b:phone:2,AN19-rec-6074a37691c449c3ae7b,AN19.KOR.kf6,Korean,Koreanic,suck,s ah k,1,ah,1.8388249442132295e-06,33.040278355202936,6,6,0.007042253521126761
AN19-rec-6074a37691c449c3ae7b:phone:3,AN19-rec-6074a37691c449c3ae7b,AN19.KOR.kf6,Korean,Koreanic,suck,s ah k,2,k,0.00020626837790410353,29.420012516240018,6,6,0.007042253521126761
AN19-rec-6077a1b42cb6652d775b:phone:1,AN19-rec-6077a1b42cb6652d775b,AN19.SPA.sm7,Spanish,Romance,page,p ey jh,0,p,0.02502056204000017,12.725234111713908,6,6,0.007352941176470588
AN19-rec-6077a1b42cb6652d775b:phone:3,AN19-rec-6077a1b42cb6652d775b,AN19.SPA.sm7,Spanish,Romance,page,p ey jh,2,jh,3.832177437475019e-11,99.07903661376596,6,6,0.007352941176470588
AN19-rec-6099a360ec0aa69527e1:phone:2,AN19-rec-6099a360ec0aa69527e1,AN19.MIX.im1,Romanian,Romance,lose,l uw z,1,uw,2.0785440569482364e-12,31.69439750552634,6,6,0.006802721088435374
AN19-rec-60a36f9fb2e8a6a9bb2e:phone:1,AN19-rec-60a36f9fb2e8a6a9bb2e,AN19.KOR.kf5,Korean,Koreanic,young,y ah ng,0,y,5.501694040502205e-15,57.38278138928701,6,6,0.006993006993006993
AN19-rec-60b909a95d349c80148f:phone:1,AN19-rec-60b909a95d349c80148f,AN19.KOR.kf1,Korean,Koreanic,god,g aa d,0,g,1.4333873907699222e-09,37.63771328062607,6,6,0.0072992700729927005
AN19-rec-60cd24b4bf0105b4b3c8:phone:2,AN19-rec-60cd24b4bf0105b4b3c8,AN19.KOR.km7,Korean,Koreanic,mace,m ey s,1,ey,4.489973103075465e-06,30.801024446493404,6,6,0.006711409395973154
AN19-rec-60cd24b4bf0105b4b3c8:phone:3,AN19-rec-60cd24b4bf0105b4b3c8,AN19.KOR.km7,Korean,Koreanic,mace,m ey s,2,s,9.990660502635761e-06,32.86562551066902,6,6,0.006711409395973154
AN19-rec-60d5bd4ea44e80663e74:phone:1,AN19-rec-60d5bd4ea44e80663e74,AN19.SPA.sm4,Spanish,Romance,hack,hh ae k,0,hh,0.0018725204363897862,10.506377165261162,6,6,0.007194244604316547
AN19-rec-60d5bd4ea44e80663e74:phone:3,AN19-rec-60d5bd4ea44e80663e74,AN19.SPA.sm4,Spanish,Romance,hack,hh ae k,2,k,3.6391175148625957e-07,28.21534130848151,6,6,0.007194244604316547
AN19-rec-60e08f75cf5eca8901d9:phone:3,AN19-rec-60e08f75cf5eca8901d9,AN19.SPA.sf3,Spanish,Romance,love,l ah v,2,v,0.00047939339975480163,33.15589772500649,6,6,0.007246376811594203
AN19-rec-61064c0a9daa7f628c4e:phone:1,AN19-rec-61064c0a9daa7f628c4e,AN19.SPA.sm3,Spanish,Romance,doom,d uw m,0,d,1.2665190461925836e-15,47.78348157563588,6,6,0.0072992700729927005
AN19-rec-61064c0a9daa7f628c4e:phone:3,AN19-rec-61064c0a9daa7f628c4e,AN19.SPA.sm3,Spanish,Romance,doom,d uw m,2,m,2.881998211999359e-05,16.25060557153634,6,6,0.0072992700729927005
AN19-rec-6119d4313e651e19bec6:phone:3,AN19-rec-6119d4313e651e19bec6,AN19.SPA.sf5,Spanish,Romance,route,r uw t,2,t,5.730943409768217e-19,76.37538483603178,6,6,0.007194244604316547
AN19-rec-611dc201350b9a834dc3:phone:2,AN19-rec-611dc201350b9a834dc3,AN19.KOR.km1,Korean,Koreanic,noise,n oy z,1,oy,0.004331032044728403,34.90077843600444,6,6,0.0072992700729927005
AN19-rec-612da0630fb0f5bf2373:phone:2,AN19-rec-612da0630fb0f5bf2373,AN19.SPA.sm7,Spanish,Romance,fade,f ey d,1,ey,6.764117081129363e-06,20.71423313329144,6,6,0.007352941176470588
AN19-rec-613cf348e7e418587580:phone:2,AN19-rec-613cf348e7e418587580,AN19.MIX.im3,Russian,Slavic,wash,w aa sh,1,aa,5.6189675676006e-07,26.70818586421457,6,6,0.006756756756756757
AN19-rec-6141a6aeba8bdfe8cfd4:phone:2,AN19-rec-6141a6aeba8bdfe8cfd4,AN19.SPA.sf5,Spanish,Romance,mat,m ae t,1,ae,0.0001110089375459555,41.63403113887787,6,6,0.007194244604316547
AN19-rec-614c66c026eddd91c345:phone:1,AN19-rec-614c66c026eddd91c345,AN19.SPA.sf4,Spanish,Romance,firm,f er m,0,f,6.836637371478866e-13,36.12633885396041,6,6,0.0070921985815602835
AN19-rec-615d6181b0afba7a5ce0:phone:3,AN19-rec-615d6181b0afba7a5ce0,AN19.MIX.im5,Turkish,Turkic,hag,hh ae g,2,g,1.044818106355907e-09,49.06405092156015,6,6,0.007246376811594203
AN19-rec-616573b568dcea8dde88:phone:2,AN19-rec-616573b568dcea8dde88,AN19.KOR.km6,Korean,Koreanic,size,s ay z,1,ay,1.0148970919155498e-22,101.72061285843586,6,6,0.007042253521126761
AN19-rec-61777893d3044f16c38a:phone:1,AN19-rec-61777893d3044f16c38a,AN19.KOR.km2,Korean,Koreanic,path,p ae th,0,p,9.584519674061006e-07,50.1140268911262,6,6,0.006756756756756757
AN19-rec-61897f5350912ca00daf:phone:2,AN19-rec-61897f5350912ca00daf,AN19.SPA.sf3,Spanish,Romance,watch,w aa ch,1,aa,3.8752945206449473e-07,37.820642119790826,6,6,0.007246376811594203
AN19-rec-6194338af850ae090e4b:phone:2,AN19-rec-6194338af850ae090e4b,AN19.SPA.sm6,Spanish,Romance,fool,f uw l,1,uw,8.543340512755786e-05,17.814793902072413,6,6,0.006756756756756757
AN19-rec-61a327292e75df8b4801:phone:1,AN19-rec-61a327292e75df8b4801,AN19.SPA.sf2,Spanish,Romance,page,p ey jh,0,p,1.8415890427624338e-16,46.12864615466224,6,6,0.007246376811594203
AN19-rec-61a327292e75df8b4801:phone:3,AN19-rec-61a327292e75df8b4801,AN19.SPA.sf2,Spanish,Romance,page,p ey jh,2,jh,1.8465131268642766e-06,37.718923427480426,6,6,0.007246376811594203
AN19-rec-61b973c1386d7c952410:phone:2,AN19-rec-61b973c1386d7c952410,AN19.MIX.if5,Japanese,Japonic,kin,k ih n,1,ih,9.109096687121522e-31,85.4084063472309,6,6,0.006711409395973154
AN19-rec-61cfc6f2a5872bcb97de:phone:1,AN19-rec-61cfc6f2a5872bcb97de,AN19.MIX.im6,Hindi,Indo-Aryan,five,f ay v,0,f,1.6369790904477014e-08,59.388273870251645,6,6,0.006711409395973154
AN19-rec-62079abce0364cb53434:phone:2,AN19-rec-62079abce0364cb53434,AN19.MIX.im4,Mandarin,Sino-Tibetan,ban,b ae n,1,ae,0.00029634993377144206,9.152790002774209,6,6,0.006993006993006993
AN19-rec-621bf8b6c1f9ff7af0f0:phone:1,AN19-rec-621bf8b6c1f9ff7af0f0,AN19.MIX.if2,Dutch,Germanic,sane,s ey n,0,s,6.86230507867084e-07,19.93388184665554,6,6,0.006944444444444444
AN19-rec-621bf8b6c1f9ff7af0f0:phone:2,AN19-rec-621bf8b6c1f9ff7af0f0,AN19.MIX.if2,Dutch,Germanic,sane,s ey n,1,ey,8.741592868256183e-07,26.453635041920894,6,6,0.006944444444444444
AN19-rec-622b594f833d3580611c:phone:1,AN19-rec-622b594f833d3580611c,AN19.SPA.sm4,Spanish,Romance,soil,s oy l,0,s,0.0002558696820050487,19.14056114653319,6,6,0.007194244604316547
AN19-rec-622b594f833d3580611c:phone:2,AN19-rec-622b594f833d3580611c,AN19.SPA.sm4,Spanish,Romance,soil,s oy l,1,oy,0.004738420230900651,20.01086439731099,6,6,0.007194244604316547
AN19-rec-622ee10c45ea59025c31:phone:2,AN19-rec-622ee10c45ea59025c31,AN19.SPA.sm3,Spanish,Romance,lad,l ae d,1,ae,3.25360759395686e-18,46.07953069626984,6,6,0.0072992700729927005
AN19-rec-6236e97e7042f42e9b33:phone:2,AN19-rec-6236e97e7042f42e9b33,AN19.MIX.if6,Somali,Afro-Asiatic,cod,k aa d,1,aa,7.775400088135737e-06,49.66047056654424,6,6,0.007246376811594203
AN19-rec-625425af91283caaee00:phone:2,AN19-rec-625425af91283caaee00,AN19.MIX.if3,French,Romance,rat,r ae t,1,ae,2.541430895120719e-07,37.8731100281336,6,6,0.006993006993006993
AN19-rec-625d682f850d7988b1d3:phone:2,AN19-rec-625d682f850d7988b1d3,AN19.SPA.sf3,Spanish,Romance,deep,d iy p,1,iy,1.6423713890001445e-07,20.5284198570737,6,6,0.007246376811594203
AN19-rec-625d682f850d7988b1d3:phone:3,AN19-rec-625d682f850d7988b1d3,AN19.SPA.sf3,Spanish,Romance,deep,d iy p,2,p,3.4463864272559817e-07,47.62548262074517,6,6,0.007246376811594203
AN19-rec-6264ae46073614f3a485:phone:1,AN19-rec-6264ae46073614f3a485,AN19.MIX.if1,Albanian,Albanian,move,m uw v,0,m,7.739255042679526e-06,23.54927460503068,6,6,0.0070921985815602835
AN19-rec-6264ae46073614f3a485:phone:3,AN19-rec-6264ae46073614f3a485,AN19.MIX.if1,Albanian,Albanian,move,m uw v,2,v,3.118500338033719e-10,25.81106534231596,6,6,0.0070921985815602835
AN19-rec-6275bcea35b6748944bb:phone:3,AN19-rec-6275bcea35b6748944bb,AN19.MIX.im4,Mandarin,Sino-Tibetan,path,p ae th,2,th,1.7736873372384577e-08,23.056965135110733,6,6,0.006993006993006993
AN19-rec-629f5a773d0073d49ecb:phone:1,AN19-rec-629f5a773d0073d49ecb,AN19.KOR.km8,Korean,Koreanic,join,jh oy n,0,jh,6.484158717461303e-06,35.59924992336749,6,6,0.006896551724137931
AN19-rec-62a08060981331112ed6:phone:2,AN19-rec-62a08060981331112ed6,AN19.KOR.km8,Korean,Koreanic,rut,r ah t,1,ah,2.9977489064937197e-06,38.35917801904062,6,6,0.006896551724137931
AN19-rec-62b5b9d6fb90b11af0e1:phone:3,AN19-rec-62b5b9d6fb90b11af0e1,AN19.KOR.km3,Korean,Koreanic,gas,g ae s,2,s,5.577268615884811e-05,24.13215976015448,6,6,0.006666666666666667
AN19-rec-62f04b58b0cb8ba0cf0e:phone:2,AN19-rec-62f04b58b0cb8ba0cf0e,AN19.MIX.if4,German,Germanic,pull,p uh l,1,uh,7.515266452327231e-08,28.325420683944188,6,6,0.0072992700729927005
AN19-rec-62f4b6e762ff88f92e8d:phone:2,AN19-rec-62f4b6e762ff88f92e8d,AN19.KOR.km3,Korean,Koreanic,lace,l ey s,1,ey,0.003368276207965889,17.6985642656236,6,6,0.006666666666666667
AN19-rec-62f956c61031462f7fb8:phone:3,AN19-rec-62f956c61031462f7fb8,AN19.SPA.sm4,Spanish,Romance,lame,l ey m,2,m,5.579837095931684e-17,57.18610343022366,6,6,0.007194244604316547
AN19-rec-63026bbad60157cc533e:phone:2,AN19-rec-63026bbad60157cc533e,AN19.SPA.sm2,Spanish,Romance,mace,m ey s,1,ey,3.893216008961897e-08,20.106660556996637,6,6,0.007042253521126761
AN19-rec-63026bbad60157cc533e:phone:3,AN19-rec-63026bbad60157cc533e,AN19.SPA.sm2,Spanish,Romance,mace,m ey s,2,s,2.458701910173408e-05,41.76856951064439,6,6,0.007042253521126761
AN19-rec-630870b0bb5e87452efa:phone:2,AN19-rec-630870b0bb5e87452efa,AN19.SPA.sf1,Spanish,Romance,fool,f uw l,1,uw,0.001071165064962388,23.79261425366609,6,6,0.006896551724137931
AN19-rec-631b3efe1fe8e01189b2:phone:3,AN19-rec-631b3efe1fe8e01189b2,AN19.MIX.if3,French,Romance,toot,t uw t,2,t,0.00017683816797862297,14.348386926473244,6,6,0.006993006993006993
AN19-rec-632f941c7f3598c16e60:phone:1,AN19-rec-632f941c7f3598c16e60,AN19.MIX.if3,French,Romance,balm,b aa m,0,b,8.929302173589728e-10,34.70810233839607,6,6,0.006993006993006993
AN19-rec-6352ed34c3ef8b175645:phone:1,AN19-rec-6352ed34c3ef8b175645,AN19.MIX.im6,Hindi,Indo-Aryan,both,b ow th,0,b,1.7817397887823878e-08,27.956330090507645,6,6,0.006711409395973154
AN19-rec-6352ed34c3ef8b175645:phone:3,AN19-rec-6352ed34c3ef8b175645,AN19.MIX.im6,Hindi,Indo-Aryan,both,b ow th,2,th,7.189841755714869e-07,34.62886057570797,6,6,0.006711409395973154
AN19-rec-637617f0ee98e0003ccb:phone:1,AN19-rec-637617f0ee98e0003ccb,AN19.MIX.im2,Bengali,Indo-Aryan,fig,f ih g,0,f,1.6914490945709476e-09,30.402655012751683,6,6,0.007246376811594203
AN19-rec-637617f0ee98e0003ccb:phone:3,AN19-rec-637617f0ee98e0003ccb,AN19.MIX.im2,Bengali,Indo-Aryan,fig,f ih g,2,g,1.428444963153069e-16,44.28451940776592,6,6,0.007246376811594203
AN19-rec-637cb46434eeef14e228:phone:2,AN19-rec-637cb46434eeef14e228,AN19.MIX.if1,Albanian,Albanian,mat,m ae t,1,ae,3.464677160817604e-11,50.14918883308087,6,6,0.0070921985815602835
AN19-rec-639eb6d5c96d05756e10:phone:2,AN19-rec-639eb6d5c96d05756e10,AN19.KOR.km7,Korean,Koreanic,thing,th ih ng,1,ih,0.0021253393094599654,41.022722797310536,6,6,0.006711409395973154
AN19-rec-63a5f5a2877cb1ee4408:phone:1,AN19-rec-63a5f5a2877cb1ee4408,AN19.SPA.sf4,Spanish,Romance,five,f ay v,0,f,4.2214369892189704e-11,41.11157380311471,6,6,0.0070921985815602835
AN19-rec-63a78f3ff377ac6dbd18:phone:2,AN19-rec-63a78f3ff377ac6dbd18,AN19.MIX.if4,German,Germanic,vice,v ay s,1,ay,0.0004354683397200946,21.747536952368822,6,6,0.0072992700729927005
AN19-rec-63a7bc6571da9a7f2a6c:phone:3,AN19-rec-63a7bc6571da9a7f2a6c,AN19.KOR.kf1,Korean,Koreanic,toot,t uw t,2,t,1.0062868030229748e-06,17.128815594925175,6,6,0.0072992700729927005
AN19-rec-63c7205ead9f48a26eb1:phone:3,AN19-rec-63c7205ead9f48a26eb1,AN19.SPA.sf2,Spanish,Romance,fin,f ih n,2,n,4.928385836334141e-19,58.57224440657973,6,6,0.007246376811594203
AN19-rec-63ce1d4b2c072b83f9cb:phone:1,AN19-rec-63ce1d4b2c072b83f9cb,AN19.SPA.sf2,Spanish,Romance,path,p ae th,0,p,1.8399260621442924e-11,32.66132659550484,6,6,0.007246376811594203
AN19-rec-63ce1d4b2c072b83f9cb:phone:3,AN19-rec-63ce1d4b2c072b83f9cb,AN19.SPA.sf2,Spanish,Romance,path,p ae th,2,th,2.4288919333783045e-08,20.43036129323537,6,6,0.007246376811594203
AN19-rec-63e5a53bcc66d6348a95:phone:2,AN19-rec-63e5a53bcc66d6348a95,AN19.MIX.if2,Dutch,Germanic,rut,r ah t,1,ah,6.218568607000746e-20,48.73036603850429,6,6,0.006944444444444444
AN19-rec-63e8da9d49cf2e792377:phone:1,AN19-rec-63e8da9d49cf2e792377,AN19.KOR.kf4,Korean,Koreanic,fig,f ih g,0,f,7.580012827589981e-26,89.38130583752343,6,6,0.0070921985815602835
AN19-rec-63e8da9d49cf2e792377:phone:3,AN19-rec-63e8da9d49cf2e792377,AN19.KOR.kf4,Korean,Koreanic,fig,f ih g,2,g,8.624991981846899e-23,86.43332458285774,6,6,0.0070921985815602835
AN19-rec-63efa5e9784c7dd79a63:phone:2,AN19-rec-63efa5e9784c7dd79a63,AN19.KOR.kf3,Korean,Koreanic,shape,sh ey p,1,ey,4.572731010801321e-05,18.89191463013093,6,6,0.007246376811594203
AN19-rec-63f5a3716b055b27d540:phone:3,AN19-rec-63f5a3716b055b27d540,AN19.SPA.sm2,Spanish,Romance,death,d eh th,2,th,3.396743355467459e-12,49.86791755519511,6,6,0.007042253521126761
AN19-rec-640bd52ccafd3de287d9:phone:3,AN19-rec-640bd52ccafd3de287d9,AN19.KOR.km3,Korean,Koreanic,whore,hh ao r,2,r,1.8178139277469895e-15,51.73550544917868,6,6,0.006666666666666667
AN19-rec-6426e5d7ba889916a637:phone:1,AN19-rec-6426e5d7ba889916a637,AN19.SPA.sf5,Spanish,Romance,chief,ch iy f,0,ch,2.3594669140983526e-05,22.913560202848185,6,6,0.007194244604316547
AN19-rec-643e8e9e8b97e1377bfc:phone:1,AN19-rec-643e8e9e8b97e1377bfc,AN19.SPA.sf4,Spanish,Romance,hack,hh ae k,0,hh,5.8439387039193577e-08,22.2677432893917,6,6,0.0070921985815602835
AN19-rec-643e8e9e8b97e1377bfc:phone:3,AN19-rec-643e8e9e8b97e1377bfc,AN19.SPA.sf4,Spanish,Romance,hack,hh ae k,2,k,3.5495641191558896e-18,67.80965851445482,6,6,0.0070921985815602835
AN19-rec-64576993b4bb7f1ea135:phone:2,AN19-rec-64576993b4bb7f1ea135,AN19.MIX.im3,Russian,Slavic,rat,r ae t,1,ae,3.274969493129316e-05,48.79113425195106,6,6,0.006756756756756757
AN19-rec-6463b37460a46f88a7bc:phone:3,AN19-rec-6463b37460a46f88a7bc,AN19.KOR.kf6,Korean,Koreanic,toot,t uw t,2,t,7.815270111716311e-07,17.472202226874952,6,6,0.007042253521126761
AN19-rec-646d5e7142eb18d7b0a9:phone:2,AN19-rec-646d5e7142eb18d7b0a9,AN19.SPA.sm5,Spanish,Romance,lice,l ay s,1,ay,3.5763402173259434e-06,20.201405238013823,6,6,0.006896551724137931
AN19-rec-646d5e7142eb18d7b0a9:phone:3,AN19-rec-646d5e7142eb18d7b0a9,AN19.SPA.sm5,Spanish,Romance,lice,l ay s,2,s,0.013772438680030717,22.03083220449532,6,6,0.006896551724137931
AN19-rec-647156afa16c8e2239b4:phone:2,AN19-rec-647156afa16c8e2239b4,AN19.KOR.km7,Korean,Koreanic,pull,p uh l,1,uh,1.3137473894413536e-08,28.157858933381625,6,6,0.006711409395973154
AN19-rec-6472d8d35281b7e62be0:phone:3,AN19-rec-6472d8d35281b7e62be0,AN19.MIX.im6,Hindi,Indo-Aryan,hash,hh ae sh,2,sh,1.2113121125993768e-07,40.05232166381244,6,6,0.006711409395973154
AN19-rec-647ccbbe733b666de812:phone:2,AN19-rec-647ccbbe733b666de812,AN19.SPA.sf6,Spanish,Romance,kit,k ih t,1,ih,7.098854775291621e-13,38.94951368120206,6,6,0.007042253521126761
AN19-rec-648e05db94e570178cb3:phone:2,AN19-rec-648e05db94e570178cb3,AN19.SPA.sf6,Spanish,Romance,voice,v oy s,1,oy,1.7926794461017937e-08,55.2730925905085,6,6,0.007042253521126761
AN19-rec-64970ab236e53d2eccdd:phone:1,AN19-rec-64970ab236e53d2eccdd,AN19.KOR.kf5,Korean,Koreanic,job,jh aa b,0,jh,1.1043029604924727e-06,80.68341526760875,6,6,0.006993006993006993
AN19-rec-64970ab236e53d2eccdd:phone:3,AN19-rec-64970ab236e53d2eccdd,AN19.KOR.kf5,Korean,Koreanic,job,jh aa b,2,b,0.0009786901327831104,32.792428163823935,6,6,0.006993006993006993
AN19-rec-64977e9b1bfe61597322:phone:2,AN19-rec-64977e9b1bfe61597322,AN19.KOR.kf5,Korean,Koreanic,noise,n oy z,1,oy,3.161859804648255e-05,47.653352591628526,6,6,0.006993006993006993
AN19-rec-649794c0cc08e343d76a:phone:2,AN19-rec-649794c0cc08e343d76a,AN19.KOR.km8,Korean,Koreanic,lose,l uw z,1,uw,0.0002327064510459035,9.878159845753872,6,6,0.006896551724137931
AN19-rec-64a80efc9903f9d97a44:phone:1,AN19-rec-64a80efc9903f9d97a44,AN19.MIX.im6,Hindi,Indo-Aryan,balm,b aa m,0,b,4.156263888885736e-11,33.417742245845425,6,6,0.006711409395973154
AN19-rec-64a8631256ad6830f296:phone:1,AN19-rec-64a8631256ad6830f296,AN19.MIX.if4,German,Germanic,firm,f er m,0,f,0.002207809668199799,21.412687153447465,6,6,0.0072992700729927005
AN19-rec-64b54a580bb3b37ecf42:phone:1,AN19-rec-64b54a580bb3b37ecf42,AN19.MIX.if2,Dutch,Germanic,mall,m ao l,0,m,0.014400405659481535,36.3411391703922,6,6,0.006944444444444444
AN19-rec-64b71e3f44b4c9152c10:phone:2,AN19-rec-64b71e3f44b4c9152c10,AN19.SPA.sm3,Spanish,Romance,fool,f uw l,1,uw,2.2805654924423422e-05,24.86672612843065,6,6,0.0072992700729927005
AN19-rec-64d279e2f2b00430b746:phone:2,AN19-rec-64d279e2f2b00430b746,AN19.KOR.km2,Korean,Koreanic,vice,v ay s,1,ay,4.874282561818858e-07,35.05756712376396,6,6,0.006756756756756757
AN19-rec-64d777c052ba9569970c:phone:3,AN19-rec-64d777c052ba9569970c,AN19.KOR.kf1,Korean,Koreanic,hurl,hh er l,2,l,4.445210323573448e-09,31.05014131348929,6,6,0.0072992700729927005
AN19-rec-64dea01cbdec458a2d8c:phone:2,AN19-rec-64dea01cbdec458a2d8c,AN19.SPA.sm7,Spanish,Romance,lace,l ey s,1,ey,3.1419980319402124e-05,20.290392523252734,6,6,0.007352941176470588
AN19-rec-64e787cf6eb559d23d24:phone:1,AN19-rec-64e787cf6eb559d23d24,AN19.SPA.sm2,Spanish,Romance,dune,d uw n,0,d,0.00011285194525672952,23.24534404308089,6,6,0.007042253521126761
AN19-rec-64eb3cc74650a5157582:phone:2,AN19-rec-64eb3cc74650a5157582,AN19.KOR.kf6,Korean,Koreanic,leg,l eh g,1,eh,8.747378320754828e-05,67.00031745531885,6,6,0.007042253521126761
AN19-rec-64ed68d3cf0267cf0b06:phone:2,AN19-rec-64ed68d3cf0267cf0b06,AN19.KOR.kf3,Korean,Koreanic,bean,b iy n,1,iy,3.3441601038119694e-07,19.90707680792507,6,6,0.007246376811594203
AN19-rec-64f03edee3fd83440c9e:phone:2,AN19-rec-64f03edee3fd83440c9e,AN19.MIX.if3,French,Romance,shape,sh ey p,1,ey,4.447607345390826e-06,34.5890552095488,6,6,0.006993006993006993
AN19-rec-64f3c177c9e4e06b5c11:phone:2,AN19-rec-64f3c177c9e4e06b5c11,AN19.KOR.km1,Korean,Koreanic,lad,l ae d,1,ae,9.94500011688927e-41,99.15744976536833,6,6,0.0072992700729927005
AN19-rec-64f9bd1635ac1750f2e7:phone:2,AN19-rec-64f9bd1635ac1750f2e7,AN19.KOR.km3,Korean,Koreanic,caught,k aa t,1,aa,5.627576748420477e-17,56.78322610259835,6,6,0.006666666666666667
AN19-rec-65039a2e546f09d8ce97:phone:1,AN19-rec-65039a2e546f09d8ce97,AN19.MIX.im2,Bengali,Indo-Aryan,balm,b aa m,0,b,2.434381233713465e-12,38.1566605484086,6,6,0.007246376811594203
AN19-rec-652f086cfa6975185996:phone:2,AN19-rec-652f086cfa6975185996,AN19.SPA.sf6,Spanish,Romance,sane,s ey n,1,ey,2.4353943617072676e-06,24.806382534730144,6,6,0.007042253521126761
AN19-rec-653f45dfbf72dec94eb9:phone:1,AN19-rec-653f45dfbf72dec94eb9,AN19.KOR.kf4,Korean,Koreanic,thick,th ih k,0,th,7.058168837918383e-23,71.69661757744838,6,6,0.0070921985815602835
AN19-rec-653f45dfbf72dec94eb9:phone:2,AN19-rec-653f45dfbf72dec94eb9,AN19.KOR.kf4,Korean,Koreanic,thick,th ih k,1,ih,5.733641010482532e-16,52.50646476606147,6,6,0.0070921985815602835
AN19-rec-653f45dfbf72dec94eb9:phone:3,AN19-rec-653f45dfbf72dec94eb9,AN19.KOR.kf4,Korean,Koreanic,thick,th ih k,2,k,5.691388963115523e-09,51.12206443146612,6,6,0.0070921985815602835
AN19-rec-6548e5240a7765a8ef59:phone:1,AN19-rec-6548e5240a7765a8ef59,AN19.MIX.im6,Hindi,Indo-Aryan,thick,th ih k,0,th,2.5386261493535254e-25,84.89165674988034,6,6,0.006711409395973154
AN19-rec-6548e5240a7765a8ef59:phone:3,AN19-rec-6548e5240a7765a8ef59,AN19.MIX.im6,Hindi,Indo-Aryan,thick,th ih k,2,k,6.295553196405079e-08,44.76169534738249,6,6,0.006711409395973154
AN19-rec-65507c4a78fec0e4036f:phone:2,AN19-rec-65507c4a78fec0e4036f,AN19.KOR.kf4,Korean,Koreanic,cod,k aa d,1,aa,3.0869862450899934e-13,46.469104441162,6,6,0.0070921985815602835
AN19-rec-65594d615ee3893df24c:phone:1,AN19-rec-65594d615ee3893df24c,AN19.SPA.sf2,Spanish,Romance,food,f uw d,0,f,4.0937825857619165e-13,48.15015995930873,6,6,0.007246376811594203
AN19-rec-655e9dff7095564d0d15:phone:1,AN19-rec-655e9dff7095564d0d15,AN19.SPA.sf5,Spanish,Romance,soak,s ow k,0,s,0.0013186741245430208,11.609250860337482,6,6,0.007194244604316547
AN19-rec-655e9dff7095564d0d15:phone:2,AN19-rec-655e9dff7095564d0d15,AN19.SPA.sf5,Spanish,Romance,soak,s ow k,1,ow,0.002106689962668958,24.78442819808163,6,6,0.007194244604316547
AN19-rec-656270836858f30a259c:phone:1,AN19-rec-656270836858f30a259c,AN19.MIX.if3,French,Romance,pawn,p ao n,0,p,6.461534214965396e-13,41.063526991385366,6,6,0.006993006993006993
AN19-rec-6567e5cd7977c3a24632:phone:3,AN19-rec-6567e5cd7977c3a24632,AN19.SPA.sf3,Spanish,Romance,white,w ay t,2,t,0.0002735548340651262,44.07953099300408,6,6,0.007246376811594203
AN19-rec-6580e3815ba9f7326515:phone:1,AN19-rec-6580e3815ba9f7326515,AN19.SPA.sf6,Spanish,Romance,move,m uw v,0,m,1.4145755386430763e-13,36.33911091303321,6,6,0.007042253521126761
AN19-rec-6580e3815ba9f7326515:phone:3,AN19-rec-6580e3815ba9f7326515,AN19.SPA.sf6,Spanish,Romance,move,m uw v,2,v,8.836741909764124e-08,21.45008900457492,6,6,0.007042253521126761
AN19-rec-65836cddef83f89e36ad:phone:2,AN19-rec-65836cddef83f89e36ad,AN19.KOR.km2,Korean,Koreanic,lose,l uw z,1,uw,0.0006824210659273098,9.107551608416603,6,6,0.006756756756756757
AN19-rec-65985b965ce0e520a774:phone:1,AN19-rec-65985b965ce0e520a774,AN19.KOR.kf2,Korean,Koreanic,move,m uw v,0,m,1.0520843597482045e-05,30.53573021998299,6,6,0.0072992700729927005
AN19-rec-65985b965ce0e520a774:phone:3,AN19-rec-65985b965ce0e520a774,AN19.KOR.kf2,Korean,Koreanic,move,m uw v,2,v,7.702745051690692e-07,23.0860984610117,6,6,0.0072992700729927005
AN19-rec-65a47074b532e2ba5903:phone:3,AN19-rec-65a47074b532e2ba5903,AN19.SPA.sm3,Spanish,Romance,goat,g ow t,2,t,3.205652256428526e-11,35.08432726807477,6,6,0.0072992700729927005
AN19-rec-65a86da9dd3a86f798c6:phone:2,AN19-rec-65a86da9dd3a86f798c6,AN19.SPA.sf2,Spanish,Romance,wed,w eh d,1,eh,5.170943102272059e-12,44.951760657457065,6,6,0.007246376811594203
AN19-rec-65dbe40c1eb6d7a25401:phone:1,AN19-rec-65dbe40c1eb6d7a25401,AN19.KOR.km3,Korean,Koreanic,gut,g ah t,0,g,4.567274692355385e-08,50.77978837921521,6,6,0.006666666666666667
AN19-rec-65dbe40c1eb6d7a25401:phone:3,AN19-rec-65dbe40c1eb6d7a25401,AN19.KOR.km3,Korean,Koreanic,gut,g ah t,2,t,2.2269985421924175e-06,21.66413873348128,6,6,0.006666666666666667
AN19-rec-65e0047908483e83a073:phone:3,AN19-rec-65e0047908483e83a073,AN19.MIX.if2,Dutch,Germanic,gas,g ae s,2,s,4.300092589652963e-05,29.4181380838252,6,6,0.006944444444444444
AN19-rec-65f761656be8e1918e67:phone:2,AN19-rec-65f761656be8e1918e67,AN19.MIX.im1,Romanian,Romance,learn,l er n,1,er,6.933000819379605e-06,22.51878518066293,6,6,0.006802721088435374
AN19-rec-661060ff81108df82a0f:phone:1,AN19-rec-661060ff81108df82a0f,AN19.SPA.sf4,Spanish,Romance,king,k ih ng,0,k,6.738314578729443e-09,29.67527390076568,6,6,0.0070921985815602835
AN19-rec-6614a1ca1dc6e3c2d7e4:phone:3,AN19-rec-6614a1ca1dc6e3c2d7e4,AN19.KOR.km1,Korean,Koreanic,faith,f ey th,2,th,2.021451196838456e-13,60.78526185200152,6,6,0.0072992700729927005
AN19-rec-66158dae30f6635ccf0c:phone:2,AN19-rec-66158dae30f6635ccf0c,AN19.MIX.if5,Japanese,Japonic,vice,v ay s,1,ay,8.812416375535278e-12,41.54208630614743,6,6,0.006711409395973154
AN19-rec-66196ba43f53f42ea372:phone:2,AN19-rec-66196ba43f53f42ea372,AN19.MIX.if2,Dutch,Germanic,wash,w aa sh,1,aa,0.000659865989224313,41.67657244710902,6,6,0.006944444444444444
AN19-rec-6622c39b8c461545c502:phone:2,AN19-rec-6622c39b8c461545c502,AN19.SPA.sf3,Spanish,Romance,kin,k ih n,1,ih,4.150361447326339e-09,33.94974605880775,6,6,0.007246376811594203
AN19-rec-663850262aa9fd1329ec:phone:1,AN19-rec-663850262aa9fd1329ec,AN19.MIX.im1,Romanian,Romance,job,jh aa b,0,jh,9.96651500589151e-11,49.53501872990093,6,6,0.006802721088435374
AN19-rec-663850262aa9fd1329ec:phone:3,AN19-rec-663850262aa9fd1329ec,AN19.MIX.im1,Romanian,Romance,job,jh aa b,2,b,2.694856677384794e-07,33.87272045028526,6,6,0.006802721088435374
AN19-rec-663fa18f63a6b53bcda6:phone:3,AN19-rec-663fa18f63a6b53bcda6,AN19.KOR.kf1,Korean,Koreanic,mouth,m aw th,2,th,3.220188116985288e-13,78.17178974622188,6,6,0.0072992700729927005
AN19-rec-6655183e1f74ea21723b:phone:1,AN19-rec-6655183e1f74ea21723b,AN19.SPA.sf1,Spanish,Romance,job,jh aa b,0,jh,1.3734114421609168e-10,42.47279244190745,6,6,0.006896551724137931
AN19-rec-6655183e1f74ea21723b:phone:3,AN19-rec-6655183e1f74ea21723b,AN19.SPA.sf1,Spanish,Romance,job,jh aa b,2,b,1.0585870288392612e-10,41.653850794036,6,6,0.006896551724137931
AN19-rec-6658727492943798a175:phone:3,AN19-rec-6658727492943798a175,AN19.SPA.sm4,Spanish,Romance,love,l ah v,2,v,2.1830697917042843e-07,29.982701271941405,6,6,0.007194244604316547
AN19-rec-6665a1153a3762887cfa:phone:3,AN19-rec-6665a1153a3762887cfa,AN19.SPA.sm2,Spanish,Romance,love,l ah v,2,v,1.992992901435164e-07,34.56606613419746,6,6,0.007042253521126761
AN19-rec-667540e7c933a90d714a:phone:1,AN19-rec-667540e7c933a90d714a,AN19.MIX.im1,Romanian,Romance,page,p ey jh,0,p,1.2905748725108755e-09,24.707985929544105,6,6,0.006802721088435374
AN19-rec-667540e7c933a90d714a:phone:3,AN19-rec-667540e7c933a90d714a,AN19.MIX.im1,Romanian,Romance,page,p ey jh,2,jh,1.6270260731139988e-14,48.46349219019896,6,6,0.006802721088435374
AN19-rec-667799e5ba3571acfda3:phone:1,AN19-rec-667799e5ba3571acfda3,AN19.MIX.if5,Japanese,Japonic,move,m uw v,0,m,1.3915680787071891e-08,44.53839732124239,6,6,0.006711409395973154
AN19-rec-667799e5ba3571acfda3:phone:3,AN19-rec-667799e5ba3571acfda3,AN19.MIX.if5,Japanese,Japonic,move,m uw v,2,v,1.5975059175859599e-22,69.7410571046244,6,6,0.006711409395973154
AN19-rec-6683da4b7e8397a0f670:phone:2,AN19-rec-6683da4b7e8397a0f670,AN19.MIX.im6,Hindi,Indo-Aryan,kit,k ih t,1,ih,6.186200973068505e-07,36.87648116608757,6,6,0.006711409395973154
AN19-rec-66a7396743050ce57916:phone:1,AN19-rec-66a7396743050ce57916,AN19.MIX.im2,Bengali,Indo-Aryan,weed,w iy d,0,w,3.9545486577158295e-08,68.55381780624636,6,6,0.007246376811594203
AN19-rec-66d0424b036ddb5706ad:phone:1,AN19-rec-66d0424b036ddb5706ad,AN19.MIX.im2,Bengali,Indo-Aryan,move,m uw v,0,m,5.021200599547623e-13,40.87135759779634,6,6,0.007246376811594203
AN19-rec-66d0424b036ddb5706ad:phone:3,AN19-rec-66d0424b036ddb5706ad,AN19.MIX.im2,Bengali,Indo-Aryan,move,m uw v,2,v,2.3919986127771777e-08,23.710336281911072,6,6,0.007246376811594203
AN19-rec-66d56b4984c22e16af57:phone:2,AN19-rec-66d56b4984c22e16af57,AN19.SPA.sf2,Spanish,Romance,mid,m ih d,1,ih,1.4918139489258597e-12,49.888310882428506,6,6,0.007246376811594203
AN19-rec-66d6f86d275e7301eeef:phone:3,AN19-rec-66d6f86d275e7301eeef,AN19.SPA.sm7,Spanish,Romance,death,d eh th,2,th,0.00018405033797813054,68.5280528561948,6,6,0.007352941176470588
AN19-rec-66e9f7b4df1e81604863:phone:1,AN19-rec-66e9f7b4df1e81604863,AN19.MIX.im5,Turkish,Turkic,job,jh aa b,0,jh,1.6544800158284058e-11,82.72074882364812,6,6,0.007246376811594203
AN19-rec-66e9f7b4df1e81604863:phone:3,AN19-rec-66e9f7b4df1e81604863,AN19.MIX.im5,Turkish,Turkic,job,jh aa b,2,b,1.097775431265335e-09,36.76366458368904,6,6,0.007246376811594203
AN19-rec-66ed93b617124a8ff418:phone:2,AN19-rec-66ed93b617124a8ff418,AN19.MIX.if3,French,Romance,size,s ay z,1,ay,0.00028541050508660486,23.54339897742653,6,6,0.006993006993006993
AN19-rec-6718f6e2c4d990680cc3:phone:1,AN19-rec-6718f6e2c4d990680cc3,AN19.SPA.sm6,Spanish,Romance,mall,m ao l,0,m,1.507779723500183e-06,25.80099694598424,6,6,0.006756756756756757
AN19-rec-6729419997cb696d309a:phone:1,AN19-rec-6729419997cb696d309a,AN19.MIX.im1,Romanian,Romance,firm,f er m,0,f,3.153247875675608e-08,27.281029358754846,6,6,0.006802721088435374
AN19-rec-6743bf949a9fd2576816:phone:2,AN19-rec-6743bf949a9fd2576816,AN19.KOR.kf1,Korean,Koreanic,wife,w ay f,1,ay,1.5673823363913736e-23,64.70034732702989,6,6,0.0072992700729927005
AN19-rec-675ea54df21d1579426d:phone:2,AN19-rec-675ea54df21d1579426d,AN19.MIX.if2,Dutch,Germanic,fool,f uw l,1,uw,6.196865909971777e-09,25.828884275149296,6,6,0.006944444444444444
AN19-rec-676586cda4bd75807f08:phone:1,AN19-rec-676586cda4bd75807f08,AN19.KOR.kf2,Korean,Koreanic,check,ch eh k,0,ch,0.00041480740783891634,20.27428084584008,6,6,0.0072992700729927005
AN19-rec-677bb7e127c1a5757626:phone:2,AN19-rec-677bb7e127c1a5757626,AN19.MIX.if1,Albanian,Albanian,deep,d iy p,1,iy,0.000539171320691733,12.864596608170675,6,6,0.0070921985815602835
AN19-rec-677bb7e127c1a5757626:phone:3,AN19-rec-677bb7e127c1a5757626,AN19.MIX.if1,Albanian,Albanian,deep,d iy p,2,p,4.1819989770819463e-08,34.26539693665344,6,6,0.0070921985815602835
AN19-rec-6785d67f4da314c21ddd:phone:1,AN19-rec-6785d67f4da314c21ddd,AN19.MIX.if1,Albanian,Albanian,five,f ay v,0,f,5.114643252529597e-13,41.66293250917442,6,6,0.0070921985815602835
AN19-rec-679aa1583ad6e493884f:phone:1,AN19-rec-679aa1583ad6e493884f,AN19.MIX.im5,Turkish,Turkic,rim,r ih m,0,r,1.9081583575865677e-08,44.589116882118766,6,6,0.007246376811594203
AN19-rec-67c815ddf42064f04070:phone:2,AN19-rec-67c815ddf42064f04070,AN19.SPA.sf5,Spanish,Romance,caught,k aa t,1,aa,1.8396497097629483e-09,54.15878977847685,6,6,0.007194244604316547
AN19-rec-67e1d38dc09adf7f884f:phone:2,AN19-rec-67e1d38dc09adf7f884f,AN19.KOR.kf4,Korean,Koreanic,learn,l er n,1,er,8.932668802670259e-05,21.462403468867933,6,6,0.0070921985815602835
AN19-rec-6805a60f4d2fc65e021d:phone:2,AN19-rec-6805a60f4d2fc65e021d,AN19.SPA.sm2,Spanish,Romance,mid,m ih d,1,ih,0.0001703652853792203,31.04046541195068,6,6,0.007042253521126761
AN19-rec-6808e05daf33a990b3f4:phone:1,AN19-rec-6808e05daf33a990b3f4,AN19.SPA.sm6,Spanish,Romance,king,k ih ng,0,k,3.567499376392909e-09,30.42806848778081,6,6,0.006756756756756757
AN19-rec-681593973475614ca854:phone:3,AN19-rec-681593973475614ca854,AN19.KOR.kf1,Korean,Koreanic,pad,p ae d,2,d,4.5682706269031766e-11,31.87377503577221,6,6,0.0072992700729927005
AN19-rec-6839c924bd1b8804c801:phone:2,AN19-rec-6839c924bd1b8804c801,AN19.SPA.sm5,Spanish,Romance,long,l ao ng,1,ao,3.3013122287453476e-05,33.094053104613494,6,6,0.006896551724137931
AN19-rec-6839c924bd1b8804c801:phone:3,AN19-rec-6839c924bd1b8804c801,AN19.SPA.sm5,Spanish,Romance,long,l ao ng,2,ng,6.888799002068254e-08,22.23360216011211,6,6,0.006896551724137931
AN19-rec-683d07d87f59053483e2:phone:2,AN19-rec-683d07d87f59053483e2,AN19.MIX.if1,Albanian,Albanian,shape,sh ey p,1,ey,5.370401043837975e-13,34.72629077717618,6,6,0.0070921985815602835
AN19-rec-684b185a95bccf8b9b72:phone:2,AN19-rec-684b185a95bccf8b9b72,AN19.KOR.kf4,Korean,Koreanic,long,l ao ng,1,ao,2.601515827063674e-05,33.028642716093614,6,6,0.0070921985815602835
AN19-rec-684b185a95bccf8b9b72:phone:3,AN19-rec-684b185a95bccf8b9b72,AN19.KOR.kf4,Korean,Koreanic,long,l ao ng,2,ng,2.845100876956227e-06,21.552305973177894,6,6,0.0070921985815602835
AN19-rec-6868160bfc13c771093d:phone:2,AN19-rec-6868160bfc13c771093d,AN19.KOR.kf6,Korean,Koreanic,voice,v oy s,1,oy,3.316787154958648e-07,30.4575641639353,6,6,0.007042253521126761
AN19-rec-68707dfcba82172111bc:phone:2,AN19-rec-68707dfcba82172111bc,AN19.SPA.sf2,Spanish,Romance,wash,w aa sh,1,aa,5.321752933259267e-06,37.217294410661296,6,6,0.007246376811594203
AN19-rec-68775949773b48934ed9:phone:1,AN19-rec-68775949773b48934ed9,AN19.KOR.km1,Korean,Koreanic,move,m uw v,0,m,1.5443424659347954e-21,55.53053307327702,6,6,0.0072992700729927005
AN19-rec-687ef13cf1ac5eb6eff9:phone:1,AN19-rec-687ef13cf1ac5eb6eff9,AN19.KOR.kf5,Korean,Koreanic,goat,g ow t,0,g,3.4832157133705e-06,34.467703887816135,6,6,0.006993006993006993
AN19-rec-687ef13cf1ac5eb6eff9:phone:3,AN19-rec-687ef13cf1ac5eb6eff9,AN19.KOR.kf5,Korean,Koreanic,goat,g ow t,2,t,4.2391791008428197e-11,33.31544165704523,6,6,0.006993006993006993
AN19-rec-68cd024cc76e0b55d6c5:phone:2,AN19-rec-68cd024cc76e0b55d6c5,AN19.KOR.km1,Korean,Koreanic,vice,v ay s,1,ay,0.0008549301216663722,27.54851954198317,6,6,0.0072992700729927005
AN19-rec-68d614ea097c77eb43e1:phone:1,AN19-rec-68d614ea097c77eb43e1,AN19.KOR.kf4,Korean,Koreanic,doom,d uw m,0,d,2.324383103652356e-08,35.51388598725364,6,6,0.0070921985815602835
AN19-rec-68d614ea097c77eb43e1:phone:3,AN19-rec-68d614ea097c77eb43e1,AN19.KOR.kf4,Korean,Koreanic,doom,d uw m,2,m,7.821337473954712e-11,29.558586918914937,6,6,0.0070921985815602835
AN19-rec-68dd68f307bcb6fa3d3f:phone:1,AN19-rec-68dd68f307bcb6fa3d3f,AN19.SPA.sf6,Spanish,Romance,pool,p uw l,0,p,0.0003670450353166121,18.815574609777872,6,6,0.007042253521126761
AN19-rec-68f51145d69b789fdaee:phone:2,AN19-rec-68f51145d69b789fdaee,AN19.MIX.im5,Turkish,Turkic,deep,d iy p,1,iy,0.006558001737773722,17.45058958220271,6,6,0.007246376811594203
AN19-rec-68f51145d69b789fdaee:phone:3,AN19-rec-68f51145d69b789fdaee,AN19.MIX.im5,Turkish,Turkic,deep,d iy p,2,p,9.364339798939791e-07,25.449882696817355,6,6,0.007246376811594203
AN19-rec-68f7b8dcd337200a0b92:phone:2,AN19-rec-68f7b8dcd337200a0b92,AN19.SPA.sf4,Spanish,Romance,lace,l ey s,1,ey,3.9000339279682336e-08,23.393100254331436,6,6,0.0070921985815602835
AN19-rec-68f93a1e94268eb9e6f4:phone:1,AN19-rec-68f93a1e94268eb9e6f4,AN19.SPA.sm3,Spanish,Romance,both,b ow th,0,b,6.22596888221256e-13,40.18521794878508,6,6,0.0072992700729927005
AN19-rec-68f93a1e94268eb9e6f4:phone:3,AN19-rec-68f93a1e94268eb9e6f4,AN19.SPA.sm3,Spanish,Romance,both,b ow th,2,th,2.75395585809399e-18,44.82668649326007,6,6,0.0072992700729927005
AN19-rec-691378ed91a54ab610f8:phone:3,AN19-rec-691378ed91a54ab610f8,AN19.KOR.kf4,Korean,Koreanic,faith,f ey th,2,th,1.6957744467200545e-09,30.00290429326282,6,6,0.0070921985815602835
AN19-rec-6922811cfa26bad55156:phone:2,AN19-rec-6922811cfa26bad55156,AN19.KOR.km3,Korean,Koreanic,voice,v oy s,1,oy,2.6701166152211703e-08,36.06830977981763,6,6,0.006666666666666667
AN19-rec-692463ddb1a0a93dab36:phone:1,AN19-rec-692463ddb1a0a93dab36,AN19.MIX.im1,Romanian,Romance,rough,r ah f,0,r,4.854124533096682e-08,36.05670925485013,6,6,0.006802721088435374
AN19-rec-695c3934ab8437473e70:phone:1,AN19-rec-695c3934ab8437473e70,AN19.MIX.im2,Bengali,Indo-Aryan,hag,hh ae g,0,hh,2.3654940006369707e-09,27.086398403350127,6,6,0.007246376811594203
AN19-rec-6961b716ca0b8363b013:phone:3,AN19-rec-6961b716ca0b8363b013,AN19.KOR.km1,Korean,Koreanic,route,r uw t,2,t,4.586302369348841e-07,44.81296975730671,6,6,0.0072992700729927005
AN19-rec-696c0d09e226768947f6:phone:3,AN19-rec-696c0d09e226768947f6,AN19.MIX.im6,Hindi,Indo-Aryan,toot,t uw t,2,t,3.3814223312234586e-14,43.19816718293913,6,6,0.006711409395973154
AN19-rec-69743ac9c7c5e1deeac2:phone:1,AN19-rec-69743ac9c7c5e1deeac2,AN19.KOR.km6,Korean,Koreanic,pawn,p ao n,0,p,0.011139433134376672,15.67502137437014,6,6,0.007042253521126761
AN19-rec-698651513ca195502196:phone:2,AN19-rec-698651513ca195502196,AN19.SPA.sf2,Spanish,Romance,leg,l eh g,1,eh,4.404879477233204e-13,43.53270209370228,6,6,0.007246376811594203
AN19-rec-6999f0e82504a44d1d30:phone:1,AN19-rec-6999f0e82504a44d1d30,AN19.KOR.km6,Korean,Koreanic,food,f uw d,0,f,3.3568809679145104e-08,29.91779909450157,6,6,0.007042253521126761
AN19-rec-69af406e1c57af4e2c5b:phone:3,AN19-rec-69af406e1c57af4e2c5b,AN19.MIX.im2,Bengali,Indo-Aryan,pup,p ah p,2,p,4.755986551083525e-12,46.62624327336798,6,6,0.007246376811594203
AN19-rec-69bca4a48534003644e6:phone:1,AN19-rec-69bca4a48534003644e6,AN19.KOR.kf6,Korean,Koreanic,hack,hh ae k,0,hh,0.011793186061148238,8.399884653438036,6,6,0.007042253521126761
AN19-rec-69cba689f1295d936a12:phone:3,AN19-rec-69cba689f1295d936a12,AN19.MIX.if6,Somali,Afro-Asiatic,mum,m ah m,2,m,5.544233222463742e-06,27.471419196401317,6,6,0.007246376811594203
AN19-rec-69de48708ff0213c92af:phone:1,AN19-rec-69de48708ff0213c92af,AN19.SPA.sf5,Spanish,Romance,soil,s oy l,0,s,1.1407274664160135e-05,22.38568572849308,6,6,0.007194244604316547
AN19-rec-69de48708ff0213c92af:phone:2,AN19-rec-69de48708ff0213c92af,AN19.SPA.sf5,Spanish,Romance,soil,s oy l,1,oy,3.661651905480586e-07,30.644396257842843,6,6,0.007194244604316547
AN19-rec-69df51a6f3e1f04af421:phone:3,AN19-rec-69df51a6f3e1f04af421,AN19.KOR.kf3,Korean,Koreanic,gas,g ae s,2,s,9.24037656243081e-10,28.34992392223357,6,6,0.007246376811594203
AN19-rec-69e8c842c4a3978be2d2:phone:2,AN19-rec-69e8c842c4a3978be2d2,AN19.KOR.kf6,Korean,Koreanic,learn,l er n,1,er,3.189384651327202e-11,31.173761524445933,6,6,0.007042253521126761
AN19-rec-69ebed3381f6d4af2080:phone:2,AN19-rec-69ebed3381f6d4af2080,AN19.KOR.km1,Korean,Koreanic,lice,l ay s,1,ay,2.5565059548039657e-10,30.24185774766652,6,6,0.0072992700729927005
AN19-rec-69ebed3381f6d4af2080:phone:3,AN19-rec-69ebed3381f6d4af2080,AN19.KOR.km1,Korean,Koreanic,lice,l ay s,2,s,1.5859306314636064e-07,20.40414043323021,6,6,0.0072992700729927005
AN19-rec-69fb8a285ff0cc70875f:phone:2,AN19-rec-69fb8a285ff0cc70875f,AN19.KOR.km2,Korean,Koreanic,deep,d iy p,1,iy,0.021223845948827952,16.777756605877546,6,6,0.006756756756756757
AN19-rec-69fb8a285ff0cc70875f:phone:3,AN19-rec-69fb8a285ff0cc70875f,AN19.KOR.km2,Korean,Koreanic,deep,d iy p,2,p,3.093543204781087e-09,35.41546191404565,6,6,0.006756756756756757
AN19-rec-69ff45dd891af0431d88:phone:1,AN19-rec-69ff45dd891af0431d88,AN19.SPA.sm6,Spanish,Romance,page,p ey jh,0,p,0.00033875695434739105,43.10201843173703,6,6,0.006756756756756757
AN19-rec-69ff45dd891af0431d88:phone:3,AN19-rec-69ff45dd891af0431d88,AN19.SPA.sm6,Spanish,Romance,page,p ey jh,2,jh,1.9910071494083763e-05,35.20433943832484,6,6,0.006756756756756757
AN19-rec-6a040638ed0b312c3e59:phone:3,AN19-rec-6a040638ed0b312c3e59,AN19.KOR.kf2,Korean,Koreanic,lame,l ey m,2,m,1.4685763774566702e-15,40.56782748618772,6,6,0.0072992700729927005
AN19-rec-6a5e9dd2ac191214e4e6:phone:3,AN19-rec-6a5e9dd2ac191214e4e6,AN19.SPA.sm4,Spanish,Romance,death,d eh th,2,th,3.6329625127353515e-14,52.95157278549082,6,6,0.007194244604316547
AN19-rec-6a64fe25d4db7a5fb13d:phone:2,AN19-rec-6a64fe25d4db7a5fb13d,AN19.SPA.sf6,Spanish,Romance,sill,s ih l,1,ih,5.09264427972261e-09,22.14305672693362,6,6,0.007042253521126761
AN19-rec-6a76e7b7c5586b5281ef:phone:1,AN19-rec-6a76e7b7c5586b5281ef,AN19.SPA.sf6,Spanish,Romance,den,d eh n,0,d,3.5181936322514223e-10,69.21963047219431,6,6,0.007042253521126761
AN19-rec-6a76e7b7c5586b5281ef:phone:2,AN19-rec-6a76e7b7c5586b5281ef,AN19.SPA.sf6,Spanish,Romance,den,d eh n,1,eh,3.64990709289736e-14,48.36342914422577,6,6,0.007042253521126761
AN19-rec-6aa49692c6961cf7e278:phone:2,AN19-rec-6aa49692c6961cf7e278,AN19.MIX.if3,French,Romance,fool,f uw l,1,uw,2.1614821547216677e-06,21.450451404813915,6,6,0.006993006993006993
AN19-rec-6aa4e0bcfc85584f39d0:phone:2,AN19-rec-6aa4e0bcfc85584f39d0,AN19.SPA.sm3,Spanish,Romance,lace,l ey s,1,ey,9.448117194361789e-08,30.76600311627253,6,6,0.0072992700729927005
AN19-rec-6aa777fe95d2c5133cfd:phone:1,AN19-rec-6aa777fe95d2c5133cfd,AN19.SPA.sf6,Spanish,Romance,thick,th ih k,0,th,3.78026493997356e-14,47.12572514163708,6,6,0.007042253521126761
AN19-rec-6aa777fe95d2c5133cfd:phone:2,AN19-rec-6aa777fe95d2c5133cfd,AN19.SPA.sf6,Spanish,Romance,thick,th ih k,1,ih,2.0098593743106725e-09,56.21412769277708,6,6,0.007042253521126761
AN19-rec-6ab2bdefa21865467155:phone:1,AN19-rec-6ab2bdefa21865467155,AN19.KOR.km1,Korean,Koreanic,pawn,p ao n,0,p,1.933227012717673e-37,91.37333109541495,6,6,0.0072992700729927005
AN19-rec-6ac7715ff96c62d53b69:phone:1,AN19-rec-6ac7715ff96c62d53b69,AN19.MIX.im2,Bengali,Indo-Aryan,check,ch eh k,0,ch,0.00019320747689890102,23.77982937952664,6,6,0.007246376811594203
AN19-rec-6add637ab0c3046d7727:phone:2,AN19-rec-6add637ab0c3046d7727,AN19.MIX.im4,Mandarin,Sino-Tibetan,was,w aa z,1,aa,0.00034284434992434593,22.18235517732237,6,6,0.006993006993006993
AN19-rec-6ae0008d2a368e225e17:phone:2,AN19-rec-6ae0008d2a368e225e17,AN19.MIX.im4,Mandarin,Sino-Tibetan,pull,p uh l,1,uh,1.0067464095185409e-07,45.334308330778846,6,6,0.006993006993006993
AN19-rec-6aff5fadfac885c54b93:phone:2,AN19-rec-6aff5fadfac885c54b93,AN19.SPA.sm3,Spanish,Romance,leg,l eh g,1,eh,9.898387080165028e-07,42.36961393311562,6,6,0.0072992700729927005
AN19-rec-6b0ad386fe421db6edeb:phone:2,AN19-rec-6b0ad386fe421db6edeb,AN19.KOR.km2,Korean,Koreanic,mid,m ih d,1,ih,0.000432326881553262,30.906630748081994,6,6,0.006756756756756757
AN19-rec-6b10e1e236f89fbce22a:phone:1,AN19-rec-6b10e1e236f89fbce22a,AN19.MIX.if1,Albanian,Albanian,theme,th iy m,0,th,0.026355185851969748,29.278408252995423,6,6,0.0070921985815602835
AN19-rec-6b10e1e236f89fbce22a:phone:2,AN19-rec-6b10e1e236f89fbce22a,AN19.MIX.if1,Albanian,Albanian,theme,th iy m,1,iy,0.0006370434305905851,20.61095144914512,6,6,0.0070921985815602835
AN19-rec-6b10e1e236f89fbce22a:phone:3,AN19-rec-6b10e1e236f89fbce22a,AN19.MIX.if1,Albanian,Albanian,theme,th iy m,2,m,2.370441359129584e-07,24.800808864743587,6,6,0.0070921985815602835
AN19-rec-6b2ae622064ec5124b88:phone:2,AN19-rec-6b2ae622064ec5124b88,AN19.MIX.im6,Hindi,Indo-Aryan,sill,s ih l,1,ih,1.0523920635181254e-06,21.7953899159357,6,6,0.006711409395973154
AN19-rec-6b31fe69f83ce55caa19:phone:1,AN19-rec-6b31fe69f83ce55caa19,AN19.KOR.km1,Korean,Koreanic,dune,d uw n,0,d,3.08838472766718e-05,26.17357101718968,6,6,0.0072992700729927005
AN19-rec-6b3a5c91ed298e1e9d54:phone:2,AN19-rec-6b3a5c91ed298e1e9d54,AN19.MIX.if2,Dutch,Germanic,mat,m ae t,1,ae,0.0011045058554267826,20.943376733616308,6,6,0.006944444444444444
AN19-rec-6b540db0ff3217039c95:phone:2,AN19-rec-6b540db0ff3217039c95,AN19.KOR.kf6,Korean,Koreanic,wrong,r ao ng,1,ao,4.150417323572423e-11,31.04837619671453,6,8,0.007042253521126761
AN19-rec-6b5cc0f77330a6b7b3db:phone:1,AN19-rec-6b5cc0f77330a6b7b3db,AN19.MIX.if2,Dutch,Germanic,both,b ow th,0,b,8.606716349300623e-14,40.32873813970918,6,6,0.006944444444444444
AN19-rec-6b5cc0f77330a6b7b3db:phone:3,AN19-rec-6b5cc0f77330a6b7b3db,AN19.MIX.if2,Dutch,Germanic,both,b ow th,2,th,4.469328142826567e-12,31.438374681656487,6,6,0.006944444444444444
AN19-rec-6b5e8893a4cb6e245921:phone:1,AN19-rec-6b5e8893a4cb6e245921,AN19.KOR.km6,Korean,Koreanic,pool,p uw l,0,p,3.038005441699495e-09,30.498351485356785,6,6,0.007042253521126761
AN19-rec-6b82ea86aa04e871ee1d:phone:1,AN19-rec-6b82ea86aa04e871ee1d,AN19.MIX.im1,Romanian,Romance,bean,b iy n,0,b,5.15496749248373e-12,44.1968213363472,6,6,0.006802721088435374
AN19-rec-6b83d16c9b3794a9d149:phone:1,AN19-rec-6b83d16c9b3794a9d149,AN19.KOR.kf4,Korean,Koreanic,gave,g ey v,0,g,0.0002205663101199451,12.91383839757358,6,6,0.0070921985815602835
AN19-rec-6bb1b8d957bc22b2fc9f:phone:2,AN19-rec-6bb1b8d957bc22b2fc9f,AN19.MIX.if5,Japanese,Japonic,caught,k aa t,1,aa,1.6584954605552556e-09,41.903265709787526,6,6,0.006711409395973154
AN19-rec-6bcb2a973a6732f8f4d5:phone:1,AN19-rec-6bcb2a973a6732f8f4d5,AN19.SPA.sm4,Spanish,Romance,pool,p uw l,0,p,5.788343607339644e-05,22.059163801428667,6,6,0.007194244604316547
AN19-rec-6bcc42dcb368665a06b1:phone:3,AN19-rec-6bcc42dcb368665a06b1,AN19.SPA.sm3,Spanish,Romance,bum,b ah m,2,m,4.812426779276423e-14,42.72012038561039,6,6,0.0072992700729927005
AN19-rec-6bd41a133130ad11d840:phone:1,AN19-rec-6bd41a133130ad11d840,AN19.KOR.km3,Korean,Koreanic,rim,r ih m,0,r,4.862569890737928e-09,58.770254139154495,6,6,0.006666666666666667
AN19-rec-6bf84a1ece985f6a355d:phone:3,AN19-rec-6bf84a1ece985f6a355d,AN19.KOR.kf2,Korean,Koreanic,pup,p ah p,2,p,2.710138063235165e-10,45.310261034792056,6,6,0.0072992700729927005
AN19-rec-6bfc3d6df787231f6c13:phone:3,AN19-rec-6bfc3d6df787231f6c13,AN19.MIX.im2,Bengali,Indo-Aryan,love,l ah v,2,v,1.4017014473729817e-07,39.30050268115918,6,6,0.007246376811594203
AN19-rec-6c07a08947bb52276082:phone:1,AN19-rec-6c07a08947bb52276082,AN19.MIX.im4,Mandarin,Sino-Tibetan,rough,r ah f,0,r,0.0005441541865445673,25.1169101732084,6,6,0.006993006993006993
AN19-rec-6c0ae90d28e96fa0eb29:phone:2,AN19-rec-6c0ae90d28e96fa0eb29,AN19.KOR.kf3,Korean,Koreanic,leg,l eh g,1,eh,2.0793118918362696e-11,50.77921612316597,6,6,0.007246376811594203
AN19-rec-6c0ffa76be6127acad74:phone:2,AN19-rec-6c0ffa76be6127acad74,AN19.MIX.if4,German,Germanic,watch,w aa ch,1,aa,1.8524388318117744e-05,35.59830676256624,6,6,0.0072992700729927005
AN19-rec-6c169f53be9f077ff6a0:phone:2,AN19-rec-6c169f53be9f077ff6a0,AN19.KOR.km6,Korean,Koreanic,sill,s ih l,1,ih,8.359924047602023e-11,29.25570723295533,6,6,0.007042253521126761
AN19-rec-6c2dc050d5c31a384a23:phone:3,AN19-rec-6c2dc050d5c31a384a23,AN19.KOR.km1,Korean,Koreanic,peace,p iy s,2,s,8.558510454670415e-06,21.047635282657208,6,6,0.0072992700729927005
AN19-rec-6c2eeb56293bb1a2e5f2:phone:3,AN19-rec-6c2eeb56293bb1a2e5f2,AN19.SPA.sm4,Spanish,Romance,hurl,hh er l,2,l,1.493194621446377e-08,32.35907597742427,6,6,0.007194244604316547
AN19-rec-6c328eb30af0b2924039:phone:1,AN19-rec-6c328eb30af0b2924039,AN19.MIX.if2,Dutch,Germanic,wick,w ih k,0,w,1.174947298384561e-28,87.77338808911078,6,6,0.006944444444444444
AN19-rec-6c38b50774314b5329b0:phone:1,AN19-rec-6c38b50774314b5329b0,AN19.SPA.sm3,Spanish,Romance,rim,r ih m,0,r,5.974903582801463e-17,67.26894353267762,6,6,0.0072992700729927005
AN19-rec-6c5da09bf876b91a1052:phone:3,AN19-rec-6c5da09bf876b91a1052,AN19.MIX.if1,Albanian,Albanian,hash,hh ae sh,2,sh,8.749159359322363e-10,34.89470695124909,6,6,0.0070921985815602835
AN19-rec-6c6b50ba2744bd35217d:phone:2,AN19-rec-6c6b50ba2744bd35217d,AN19.MIX.if5,Japanese,Japonic,suck,s ah k,1,ah,1.6807469666167147e-07,55.82459681605157,6,6,0.006711409395973154
AN19-rec-6c6b50ba2744bd35217d:phone:3,AN19-rec-6c6b50ba2744bd35217d,AN19.MIX.if5,Japanese,Japonic,suck,s ah k,2,k,6.674843225760054e-22,90.07512444407988,6,6,0.006711409395973154
AN19-rec-6c71c2666e5eb344a94b:phone:1,AN19-rec-6c71c2666e5eb344a94b,AN19.SPA.sm6,Spanish,Romance,rim,r ih m,0,r,6.50564926586926e-14,49.60608193293108,6,6,0.006756756756756757
AN19-rec-6c777cf7c71869b1194c:phone:2,AN19-rec-6c777cf7c71869b1194c,AN19.KOR.kf5,Korean,Koreanic,lose,l uw z,1,uw,7.45764421824482e-05,10.916079589469264,6,6,0.006993006993006993
AN19-rec-6c7925382599c90f01d9:phone:1,AN19-rec-6c7925382599c90f01d9,AN19.MIX.im3,Russian,Slavic,rim,r ih m,0,r,1.6283049300979225e-08,48.20881322107854,6,6,0.006756756756756757
AN19-rec-6c79f1369b086fbde189:phone:2,AN19-rec-6c79f1369b086fbde189,AN19.MIX.if4,German,Germanic,size,s ay z,1,ay,0.008033325154592728,19.185674868435235,6,6,0.0072992700729927005
AN19-rec-6c84ed479348be5ab318:phone:1,AN19-rec-6c84ed479348be5ab318,AN19.SPA.sm5,Spanish,Romance,ship,sh ih p,0,sh,7.353925342803251e-06,14.63572734623052,6,6,0.006896551724137931
AN19-rec-6c84ed479348be5ab318:phone:3,AN19-rec-6c84ed479348be5ab318,AN19.SPA.sm5,Spanish,Romance,ship,sh ih p,2,p,1.5260233961056578e-24,64.17902377522176,6,6,0.006896551724137931
AN19-rec-6c9ddc9c0866fd5dcf3e:phone:1,AN19-rec-6c9ddc9c0866fd5dcf3e,AN19.MIX.if4,German,Germanic,hag,hh ae g,0,hh,0.00018353492442157025,16.767723408885207,6,6,0.0072992700729927005
AN19-rec-6c9ddc9c0866fd5dcf3e:phone:3,AN19-rec-6c9ddc9c0866fd5dcf3e,AN19.MIX.if4,German,Germanic,hag,hh ae g,2,g,1.5801266643023796e-09,55.41182830418578,6,6,0.0072992700729927005
AN19-rec-6cbb058e6b8fa7722b2c:phone:3,AN19-rec-6cbb058e6b8fa7722b2c,AN19.KOR.kf6,Korean,Koreanic,gas,g ae s,2,s,3.179833832601396e-07,27.58883695479427,6,6,0.007042253521126761
AN19-rec-6cc21baaa2363ab65066:phone:1,AN19-rec-6cc21baaa2363ab65066,AN19.KOR.kf4,Korean,Koreanic,bug,b ah g,0,b,2.639734332972743e-05,44.30197663912991,6,6,0.0070921985815602835
AN19-rec-6cc33c5b4efc02f2311d:phone:1,AN19-rec-6cc33c5b4efc02f2311d,AN19.MIX.if1,Albanian,Albanian,soak,s ow k,0,s,4.160370636901581e-09,23.532127668980223,6,6,0.0070921985815602835
AN19-rec-6cc33c5b4efc02f2311d:phone:2,AN19-rec-6cc33c5b4efc02f2311d,AN19.MIX.if1,Albanian,Albanian,soak,s ow k,1,ow,1.222771709191345e-17,53.07473353255269,6,6,0.0070921985815602835
AN19-rec-6cc6f5f1530b851005ba:phone:2,AN19-rec-6cc6f5f1530b851005ba,AN19.SPA.sf5,Spanish,Romance,kin,k ih n,1,ih,0.060252529543213085,27.39030734217617,6,6,0.007194244604316547
AN19-rec-6ccbd76b9abce0c00814:phone:1,AN19-rec-6ccbd76b9abce0c00814,AN19.SPA.sf3,Spanish,Romance,sane,s ey n,0,s,0.0004292656488041928,14.7700364016883,6,6,0.007246376811594203
AN19-rec-6ccbd76b9abce0c00814:phone:2,AN19-rec-6ccbd76b9abce0c00814,AN19.SPA.sf3,Spanish,Romance,sane,s ey n,1,ey,1.34740133782726e-11,60.621474425776285,6,6,0.007246376811594203
AN19-rec-6cd42ded499fe28c5e61:phone:2,AN19-rec-6cd42ded499fe28c5e61,AN19.KOR.kf1,Korean,Koreanic,lose,l uw z,1,uw,0.00012494876566937417,11.070657190259126,6,6,0.0072992700729927005
AN19-rec-6cdb746545f43f4b3aa1:phone:2,AN19-rec-6cdb746545f43f4b3aa1,AN19.KOR.km1,Korean,Koreanic,pull,p uh l,1,uh,0.00015948715533565323,28.10633341598364,6,6,0.0072992700729927005
AN19-rec-6cdd02996e6d75809952:phone:3,AN19-rec-6cdd02996e6d75809952,AN19.MIX.if5,Japanese,Japonic,white,w ay t,2,t,5.8671449584286854e-33,109.61866014758546,6,6,0.006711409395973154
AN19-rec-6cee6304409145e2b6ee:phone:3,AN19-rec-6cee6304409145e2b6ee,AN19.SPA.sm2,Spanish,Romance,route,r uw t,2,t,1.613334504874561e-18,65.56443558627376,6,6,0.007042253521126761
AN19-rec-6cf577efc073b8757190:phone:1,AN19-rec-6cf577efc073b8757190,AN19.MIX.if5,Japanese,Japonic,chain,ch ey n,0,ch,5.36807060820431e-10,50.68240414485922,6,6,0.006711409395973154
AN19-rec-6d0789bbf8669c5dc400:phone:3,AN19-rec-6d0789bbf8669c5dc400,AN19.KOR.km2,Korean,Koreanic,whore,hh ao r,2,r,1.4499326086906962e-09,24.350408127709283,6,6,0.006756756756756757
AN19-rec-6d181199b1541c9db86f:phone:1,AN19-rec-6d181199b1541c9db86f,AN19.MIX.if2,Dutch,Germanic,fig,f ih g,0,f,8.565758757891894e-08,38.76446457440623,6,6,0.006944444444444444
AN19-rec-6d181199b1541c9db86f:phone:3,AN19-rec-6d181199b1541c9db86f,AN19.MIX.if2,Dutch,Germanic,fig,f ih g,2,g,2.891494960492812e-06,43.09715105939871,6,6,0.006944444444444444
AN19-rec-6d1f9933bde17d6b24a1:phone:2,AN19-rec-6d1f9933bde17d6b24a1,AN19.SPA.sm4,Spanish,Romance,wash,w aa sh,1,aa,0.00494557546266261,36.053055797035135,6,6,0.007194244604316547
AN19-rec-6d22b71dca430b496414:phone:3,AN19-rec-6d22b71dca430b496414,AN19.KOR.kf6,Korean,Koreanic,bum,b ah m,2,m,3.4822114161090305e-19,70.18100428287572,6,6,0.007042253521126761
AN19-rec-6d32eee17a13416b0ecc:phone:1,AN19-rec-6d32eee17a13416b0ecc,AN19.MIX.if4,German,Germanic,curve,k er v,0,k,2.4008795678202475e-11,32.05538460824739,6,6,0.0072992700729927005
AN19-rec-6d32eee17a13416b0ecc:phone:3,AN19-rec-6d32eee17a13416b0ecc,AN19.MIX.if4,German,Germanic,curve,k er v,2,v,0.0011748195818689973,14.434883941530122,6,6,0.0072992700729927005
AN19-rec-6d557ef2e36361078d82:phone:1,AN19-rec-6d557ef2e36361078d82,AN19.SPA.sm5,Spanish,Romance,weed,w iy d,0,w,1.5742683172179421e-12,50.27849788677284,6,6,0.006896551724137931
AN19-rec-6d5687bd1b07501d9e4c:phone:3,AN19-rec-6d5687bd1b07501d9e4c,AN19.KOR.kf3,Korean,Koreanic,whore,hh ao r,2,r,0.0001540952660511143,18.111421691773483,6,6,0.007246376811594203
AN19-rec-6dbe10e8046c8cdd028c:phone:1,AN19-rec-6dbe10e8046c8cdd028c,AN19.MIX.im6,Hindi,Indo-Aryan,job,jh aa b,0,jh,3.9851443197648185e-09,44.64949958700541,6,6,0.006711409395973154
AN19-rec-6dbe10e8046c8cdd028c:phone:3,AN19-rec-6dbe10e8046c8cdd028c,AN19.MIX.im6,Hindi,Indo-Aryan,job,jh aa b,2,b,1.80166094058823e-09,37.45640171001454,6,6,0.006711409395973154
AN19-rec-6dd2c91e47b2f0f9d3d8:phone:1,AN19-rec-6dd2c91e47b2f0f9d3d8,AN19.MIX.im6,Hindi,Indo-Aryan,page,p ey jh,0,p,1.1791642840501734e-12,46.82392469622158,6,6,0.006711409395973154
AN19-rec-6dd2c91e47b2f0f9d3d8:phone:3,AN19-rec-6dd2c91e47b2f0f9d3d8,AN19.MIX.im6,Hindi,Indo-Aryan,page,p ey jh,2,jh,1.1439971588276108e-13,39.53996477069269,6,6,0.006711409395973154
AN19-rec-6ddda8da4cb402755f69:phone:1,AN19-rec-6ddda8da4cb402755f69,AN19.MIX.if4,German,Germanic,path,p ae th,0,p,0.00018701489512980935,42.8357914316735,6,6,0.0072992700729927005
AN19-rec-6ddda8da4cb402755f69:phone:3,AN19-rec-6ddda8da4cb402755f69,AN19.MIX.if4,German,Germanic,path,p ae th,2,th,1.2298382991163218e-08,24.875952608998684,6,6,0.0072992700729927005
AN19-rec-6dfe8e59bc154cb87744:phone:2,AN19-rec-6dfe8e59bc154cb87744,AN19.KOR.kf1,Korean,Koreanic,mid,m ih d,1,ih,1.1775168446486286e-13,59.7886314601227,6,6,0.0072992700729927005
AN19-rec-6e15e80a3785bd71ee4d:phone:2,AN19-rec-6e15e80a3785bd71ee4d,AN19.MIX.im6,Hindi,Indo-Aryan,deep,d iy p,1,iy,1.8985230486563765e-09,22.810655559302308,6,6,0.006711409395973154
AN19-rec-6e15e80a3785bd71ee4d:phone:3,AN19-rec-6e15e80a3785bd71ee4d,AN19.MIX.im6,Hindi,Indo-Aryan,deep,d iy p,2,p,1.1080585176079427e-07,35.004687369890945,6,6,0.006711409395973154
AN19-rec-6e2ea9bc0dfa032f013a:phone:1,AN19-rec-6e2ea9bc0dfa032f013a,AN19.SPA.sf6,Spanish,Romance,join,jh oy n,0,jh,2.8420656491241857e-06,35.33476923026476,6,6,0.007042253521126761
AN19-rec-6e680b973d518de65daf:phone:1,AN19-rec-6e680b973d518de65daf,AN19.KOR.km6,Korean,Koreanic,jack,jh ae k,0,jh,0.002168356049181356,10.436847608469504,6,6,0.007042253521126761
AN19-rec-6e680b973d518de65daf:phone:3,AN19-rec-6e680b973d518de65daf,AN19.KOR.km6,Korean,Koreanic,jack,jh ae k,2,k,2.1180597815889707e-54,137.22902432463704,6,6,0.007042253521126761
AN19-rec-6e7ede1ea503bf829ba0:phone:1,AN19-rec-6e7ede1ea503bf829ba0,AN19.MIX.im2,Bengali,Indo-Aryan,ship,sh ih p,0,sh,2.5211553974027395e-07,18.30680549427453,6,6,0.007246376811594203
AN19-rec-6e7ede1ea503bf829ba0:phone:3,AN19-rec-6e7ede1ea503bf829ba0,AN19.MIX.im2,Bengali,Indo-Aryan,ship,sh ih p,2,p,4.134345990049281e-06,22.758604066464503,6,6,0.007246376811594203
AN19-rec-6e8566c7c91e2d6859dd:phone:2,AN19-rec-6e8566c7c91e2d6859dd,AN19.MIX.im3,Russian,Slavic,den,d eh n,1,eh,1.720856695653339e-11,38.72551114151269,6,6,0.006756756756756757
AN19-rec-6e8f8188ac371ff8ba2e:phone:1,AN19-rec-6e8f8188ac371ff8ba2e,AN19.MIX.im3,Russian,Slavic,king,k ih ng,0,k,2.3226876685964433e-06,31.66336881565133,6,6,0.006756756756756757
AN19-rec-6e92be373e5c408d6ffb:phone:1,AN19-rec-6e92be373e5c408d6ffb,AN19.KOR.km8,Korean,Koreanic,move,m uw v,0,m,3.6667158802877194e-07,29.57854123336475,6,6,0.006896551724137931
AN19-rec-6e92be373e5c408d6ffb:phone:3,AN19-rec-6e92be373e5c408d6ffb,AN19.KOR.km8,Korean,Koreanic,move,m uw v,2,v,4.933285524895639e-11,25.69883273589427,6,6,0.006896551724137931
AN19-rec-6ea3bda052eb700eb02d:phone:1,AN19-rec-6ea3bda052eb700eb02d,AN19.MIX.im5,Turkish,Turkic,cheer,ch ih r,0,ch,0.00028381951447061367,14.873205297476522,6,6,0.007246376811594203
AN19-rec-6ea3bda052eb700eb02d:phone:3,AN19-rec-6ea3bda052eb700eb02d,AN19.MIX.im5,Turkish,Turkic,cheer,ch ih r,2,r,1.5682931028815373e-08,32.31608780155644,6,6,0.007246376811594203
AN19-rec-6eadc5b8d71bc4e66f1f:phone:3,AN19-rec-6eadc5b8d71bc4e66f1f,AN19.MIX.if3,French,Romance,deep,d iy p,2,p,2.0933402077795667e-05,25.16956229376201,6,6,0.006993006993006993
AN19-rec-6ec448b19b5618fe14bf:phone:2,AN19-rec-6ec448b19b5618fe14bf,AN19.MIX.if4,German,Germanic,rhyme,r ay m,1,ay,1.7569504661778656e-09,31.020491161124067,6,6,0.0072992700729927005
AN19-rec-6ec448b19b5618fe14bf:phone:3,AN19-rec-6ec448b19b5618fe14bf,AN19.MIX.if4,German,Germanic,rhyme,r ay m,2,m,0.002498301818901098,32.126287260795834,6,6,0.0072992700729927005
AN19-rec-6ed5f0844b107bd355ed:phone:1,AN19-rec-6ed5f0844b107bd355ed,AN19.MIX.if5,Japanese,Japonic,league,l iy g,0,l,1.965446459705627e-08,34.99353495380504,6,6,0.006711409395973154
AN19-rec-6ed5f0844b107bd355ed:phone:2,AN19-rec-6ed5f0844b107bd355ed,AN19.MIX.if5,Japanese,Japonic,league,l iy g,1,iy,0.0001997575108881106,15.380044671123173,6,6,0.006711409395973154
AN19-rec-6ed5f0844b107bd355ed:phone:3,AN19-rec-6ed5f0844b107bd355ed,AN19.MIX.if5,Japanese,Japonic,league,l iy g,2,g,1.5318178964770705e-05,14.998163134249303,6,6,0.006711409395973154
AN19-rec-6ee08fdcf948e3e77152:phone:2,AN19-rec-6ee08fdcf948e3e77152,AN19.KOR.kf5,Korean,Koreanic,sill,s ih l,1,ih,3.5269660971560163e-13,49.26402008994401,6,6,0.006993006993006993
AN19-rec-6f1e85ef79e5845e903d:phone:3,AN19-rec-6f1e85ef79e5845e903d,AN19.KOR.km2,Korean,Koreanic,love,l ah v,2,v,2.952763663237303e-13,44.49867751562076,6,6,0.006756756756756757
AN19-rec-6f43f4f02c022ddd7617:phone:1,AN19-rec-6f43f4f02c022ddd7617,AN19.KOR.kf2,Korean,Koreanic,hid,hh ih d,0,hh,0.0008940027611637325,26.444116618756173,6,6,0.0072992700729927005
AN19-rec-6f43f4f02c022ddd7617:phone:3,AN19-rec-6f43f4f02c022ddd7617,AN19.KOR.kf2,Korean,Koreanic,hid,hh ih d,2,d,1.4254870765144903e-08,43.89496204851838,6,6,0.0072992700729927005
AN19-rec-6f5b786a89c629ca72d9:phone:1,AN19-rec-6f5b786a89c629ca72d9,AN19.KOR.kf3,Korean,Koreanic,check,ch eh k,0,ch,0.00019436653541658573,20.52914347668423,6,6,0.007246376811594203
AN19-rec-6f663d1561749bb9502b:phone:1,AN19-rec-6f663d1561749bb9502b,AN19.SPA.sf4,Spanish,Romance,theme,th iy m,0,th,0.000525295357085847,41.44026343725108,6,6,0.0070921985815602835
AN19-rec-6f663d1561749bb9502b:phone:3,AN19-rec-6f663d1561749bb9502b,AN19.SPA.sf4,Spanish,Romance,theme,th iy m,2,m,3.366858546106551e-06,21.41115173223837,6,6,0.0070921985815602835
AN19-rec-6f66b323ac5baade7fe3:phone:3,AN19-rec-6f66b323ac5baade7fe3,AN19.MIX.im5,Turkish,Turkic,love,l ah v,2,v,4.124165839368895e-09,40.26863268095085,6,6,0.007246376811594203
AN19-rec-6f66eb0f3f3471dd5f51:phone:1,AN19-rec-6f66eb0f3f3471dd5f51,AN19.KOR.kf4,Korean,Koreanic,chain,ch ey n,0,ch,0.055032202730410325,19.424751917515696,6,6,0.0070921985815602835
AN19-rec-6f97e61ea28d620412b1:phone:1,AN19-rec-6f97e61ea28d620412b1,AN19.MIX.im6,Hindi,Indo-Aryan,hack,hh ae k,0,hh,1.2525956990698998e-18,53.73541191699033,6,6,0.006711409395973154
AN19-rec-6f97e61ea28d620412b1:phone:3,AN19-rec-6f97e61ea28d620412b1,AN19.MIX.im6,Hindi,Indo-Aryan,hack,hh ae k,2,k,2.747728162640947e-33,104.73562765196677,6,6,0.006711409395973154
AN19-rec-6fa973841bab3aa18bb3:phone:2,AN19-rec-6fa973841bab3aa18bb3,AN19.KOR.km8,Korean,Koreanic,live,l ay v,1,ay,0.0004203251813167059,27.82709088021548,6,6,0.006896551724137931
AN19-rec-6fab3949940ea2a74fe8:phone:2,AN19-rec-6fab3949940ea2a74fe8,AN19.KOR.kf5,Korean,Koreanic,teat,t iy t,1,iy,0.00023392722187687387,22.093195909112207,6,6,0.006993006993006993
AN19-rec-6fb2cd13ef121b07ec2c:phone:3,AN19-rec-6fb2cd13ef121b07ec2c,AN19.KOR.kf5,Korean,Koreanic,hurl,hh er l,2,l,9.533852680139209e-09,40.882347448592775,6,6,0.006993006993006993
AN19-rec-6fc7ab617a4c0c7298ff:phone:1,AN19-rec-6fc7ab617a4c0c7298ff,AN19.KOR.km6,Korean,Koreanic,bug,b ah g,0,b,4.446556604490306e-07,46.01467559178295,6,6,0.007042253521126761
AN19-rec-6fe5550175339b6a5e3e:phone:1,AN19-rec-6fe5550175339b6a5e3e,AN19.SPA.sm3,Spanish,Romance,theme,th iy m,0,th,4.110047645637518e-08,41.976961395608335,6,6,0.0072992700729927005
AN19-rec-6fe5550175339b6a5e3e:phone:2,AN19-rec-6fe5550175339b6a5e3e,AN19.SPA.sm3,Spanish,Romance,theme,th iy m,1,iy,7.383184992798367e-11,40.641705509268775,6,6,0.0072992700729927005
AN19-rec-6fe5550175339b6a5e3e:phone:3,AN19-rec-6fe5550175339b6a5e3e,AN19.SPA.sm3,Spanish,Romance,theme,th iy m,2,m,1.464718486062743e-11,42.1755332007196,6,6,0.0072992700729927005
AN19-rec-6ff0e45fdefeea97fc69:phone:2,AN19-rec-6ff0e45fdefeea97fc69,AN19.KOR.km1,Korean,Koreanic,teat,t iy t,1,iy,1.0173660015406145e-10,35.710590510955456,6,6,0.0072992700729927005
AN19-rec-6ff52dedc8f81b284c88:phone:1,AN19-rec-6ff52dedc8f81b284c88,AN19.MIX.if5,Japanese,Japonic,pawn,p ao n,0,p,1.4859445899630592e-08,18.91975367475461,6,6,0.006711409395973154
AN19-rec-6ffffb622a433bfa2143:phone:2,AN19-rec-6ffffb622a433bfa2143,AN19.MIX.if6,Somali,Afro-Asiatic,bead,b iy d,1,iy,3.520937262958378e-05,33.043841640823274,6,6,0.007246376811594203
AN19-rec-6ffffb622a433bfa2143:phone:3,AN19-rec-6ffffb622a433bfa2143,AN19.MIX.if6,Somali,Afro-Asiatic,bead,b iy d,2,d,7.558419600127491e-10,33.57377873421112,6,6,0.007246376811594203
AN19-rec-7016a14edd1d2c0a483b:phone:1,AN19-rec-7016a14edd1d2c0a483b,AN19.KOR.kf6,Korean,Koreanic,soak,s ow k,0,s,1.6513736495717587e-07,18.637093939850786,6,6,0.007042253521126761
AN19-rec-7016a14edd1d2c0a483b:phone:2,AN19-rec-7016a14edd1d2c0a483b,AN19.KOR.kf6,Korean,Koreanic,soak,s ow k,1,ow,0.00038125321006959775,65.40521305055285,6,6,0.007042253521126761
AN19-rec-7028e9406ab69d49a574:phone:2,AN19-rec-7028e9406ab69d49a574,AN19.KOR.kf4,Korean,Koreanic,vice,v ay s,1,ay,3.830503535521327e-29,83.38404636685367,6,6,0.0070921985815602835
AN19-rec-703423ea2971cc86f876:phone:3,AN19-rec-703423ea2971cc86f876,AN19.SPA.sm5,Spanish,Romance,toot,t uw t,2,t,7.053274130318415e-17,45.76810357817087,6,6,0.006896551724137931
AN19-rec-704b794eea6ad530a513:phone:3,AN19-rec-704b794eea6ad530a513,AN19.SPA.sm5,Spanish,Romance,bum,b ah m,2,m,6.1531056991612235e-09,27.07999924508711,6,6,0.006896551724137931
AN19-rec-70532acb64f87930aa4f:phone:1,AN19-rec-70532acb64f87930aa4f,AN19.MIX.im3,Russian,Slavic,sane,s ey n,0,s,0.001050636172334565,14.692298932280591,6,6,0.006756756756756757
AN19-rec-70532acb64f87930aa4f:phone:2,AN19-rec-70532acb64f87930aa4f,AN19.MIX.im3,Russian,Slavic,sane,s ey n,1,ey,0.013802036864719194,19.9179549887196,6,6,0.006756756756756757
AN19-rec-70578817ea2d86b3117d:phone:1,AN19-rec-70578817ea2d86b3117d,AN19.SPA.sf6,Spanish,Romance,bean,b iy n,0,b,2.0193013332847895e-08,41.689129642891054,6,6,0.007042253521126761
AN19-rec-70578817ea2d86b3117d:phone:2,AN19-rec-70578817ea2d86b3117d,AN19.SPA.sf6,Spanish,Romance,bean,b iy n,1,iy,6.120085930311956e-19,71.05693984796562,6,6,0.007042253521126761
AN19-rec-70579ed1598b0b790f71:phone:3,AN19-rec-70579ed1598b0b790f71,AN19.KOR.kf4,Korean,Koreanic,beak,b iy k,2,k,6.622479473674552e-07,26.78696677222264,6,6,0.0070921985815602835
AN19-rec-7060baf0811a538a25fe:phone:3,AN19-rec-7060baf0811a538a25fe,AN19.SPA.sm2,Spanish,Romance,beak,b iy k,2,k,3.755070422311824e-16,47.88882196871079,6,6,0.007042253521126761
AN19-rec-706318acb00a0bc423de:phone:3,AN19-rec-706318acb00a0bc423de,AN19.MIX.if3,French,Romance,hurl,hh er l,2,l,1.1707225242532655e-08,27.80289673051972,6,6,0.006993006993006993
AN19-rec-7064e0050f510766090d:phone:3,AN19-rec-7064e0050f510766090d,AN19.MIX.if1,Albanian,Albanian,dog,d ao g,2,g,2.2293058696427245e-07,48.639712031450976,6,6,0.0070921985815602835
AN19-rec-706a6df19b1253b545d5:phone:2,AN19-rec-706a6df19b1253b545d5,AN19.SPA.sf3,Spanish,Romance,lad,l ae d,1,ae,2.2529090978759968e-07,17.425241003744265,6,6,0.007246376811594203
AN19-rec-7076cfcc0e1356ee6e59:phone:2,AN19-rec-7076cfcc0e1356ee6e59,AN19.MIX.if3,French,Romance,live,l ay v,1,ay,4.4353178749768455e-16,49.425822631232485,6,6,0.006993006993006993
AN19-rec-70a1a0010b7d020020bd:phone:2,AN19-rec-70a1a0010b7d020020bd,AN19.SPA.sm6,Spanish,Romance,wrong,r ao ng,1,ao,6.065111667835044e-33,103.77521725939576,6,8,0.006756756756756757
AN19-rec-70a3b790b26a26f24ec0:phone:3,AN19-rec-70a3b790b26a26f24ec0,AN19.SPA.sm2,Spanish,Romance,dog,d ao g,2,g,2.6560219071871095e-10,49.65412359655693,6,6,0.007042253521126761
AN19-rec-70c0a9a35888d122332b:phone:2,AN19-rec-70c0a9a35888d122332b,AN19.KOR.km1,Korean,Koreanic,suck,s ah k,1,ah,3.259930374337611e-08,48.81687870448522,6,6,0.0072992700729927005
AN19-rec-70c0a9a35888d122332b:phone:3,AN19-rec-70c0a9a35888d122332b,AN19.KOR.km1,Korean,Koreanic,suck,s ah k,2,k,8.070241924164089e-22,76.04940356490611,6,6,0.0072992700729927005
AN19-rec-70d42d2a86e76a7416e0:phone:1,AN19-rec-70d42d2a86e76a7416e0,AN19.MIX.if4,German,Germanic,hid,hh ih d,0,hh,0.00478270635681027,42.7605700439134,6,6,0.0072992700729927005
AN19-rec-70d42d2a86e76a7416e0:phone:3,AN19-rec-70d42d2a86e76a7416e0,AN19.MIX.if4,German,Germanic,hid,hh ih d,2,d,6.113523370188338e-08,41.2945280116632,6,6,0.0072992700729927005
AN19-rec-70dab7dfc7375d3cbda4:phone:2,AN19-rec-70dab7dfc7375d3cbda4,AN19.SPA.sf3,Spanish,Romance,wed,w eh d,1,eh,7.856052922348104e-07,25.24541470532765,6,6,0.007246376811594203
AN19-rec-70dc2914dab52c100169:phone:2,AN19-rec-70dc2914dab52c100169,AN19.SPA.sm2,Spanish,Romance,pull,p uh l,1,uh,2.371245399597538e-08,26.943985112424134,6,6,0.007042253521126761
AN19-rec-70de04abc9c3d21277c5:phone:2,AN19-rec-70de04abc9c3d21277c5,AN19.MIX.im1,Romanian,Romance,caught,k aa t,1,aa,7.059967316602929e-06,64.69884101749965,6,6,0.006802721088435374
AN19-rec-70e3e5242a0578064959:phone:1,AN19-rec-70e3e5242a0578064959,AN19.KOR.km6,Korean,Koreanic,mote,m ow t,0,m,1.736404272882857e-11,33.53519610060521,6,6,0.007042253521126761
AN19-rec-70e3e5242a0578064959:phone:2,AN19-rec-70e3e5242a0578064959,AN19.KOR.km6,Korean,Koreanic,mote,m ow t,1,ow,9.589534874347326e-41,105.21560841134163,6,6,0.007042253521126761
AN19-rec-70ff926d768ca1474232:phone:2,AN19-rec-70ff926d768ca1474232,AN19.MIX.im6,Hindi,Indo-Aryan,sane,s ey n,1,ey,4.728794688188052e-05,21.9113914338491,6,6,0.006711409395973154
AN19-rec-710732d2aaa45fe449b7:phone:2,AN19-rec-710732d2aaa45fe449b7,AN19.MIX.if5,Japanese,Japonic,mace,m ey s,1,ey,0.0008218887843746809,22.782693434139816,6,6,0.006711409395973154
AN19-rec-710732d2aaa45fe449b7:phone:3,AN19-rec-710732d2aaa45fe449b7,AN19.MIX.if5,Japanese,Japonic,mace,m ey s,2,s,1.5163821981710872e-05,51.6256173281314,6,6,0.006711409395973154
AN19-rec-7107c2f322675e89edd2:phone:2,AN19-rec-7107c2f322675e89edd2,AN19.MIX.im1,Romanian,Romance,cod,k aa d,1,aa,5.404639769047207e-46,110.2656526102026,6,6,0.006802721088435374
AN19-rec-710d0d159f20f0eb2dc6:phone:1,AN19-rec-710d0d159f20f0eb2dc6,AN19.SPA.sf6,Spanish,Romance,curve,k er v,0,k,2.2604537323452648e-05,22.29530540857314,6,6,0.007042253521126761
AN19-rec-710d0d159f20f0eb2dc6:phone:3,AN19-rec-710d0d159f20f0eb2dc6,AN19.SPA.sf6,Spanish,Romance,curve,k er v,2,v,2.638662436040794e-05,17.099591352913166,6,6,0.007042253521126761
AN19-rec-711faa2dc6051d64c538:phone:1,AN19-rec-711faa2dc6051d64c538,AN19.MIX.im3,Russian,Slavic,weed,w iy d,0,w,6.870610413455576e-08,56.24158643604133,6,6,0.006756756756756757
AN19-rec-711faa2dc6051d64c538:phone:2,AN19-rec-711faa2dc6051d64c538,AN19.MIX.im3,Russian,Slavic,weed,w iy d,1,iy,0.0001838863452443627,18.934431985789345,6,6,0.006756756756756757
AN19-rec-7122557de1ebad29cab4:phone:1,AN19-rec-7122557de1ebad29cab4,AN19.MIX.im2,Bengali,Indo-Aryan,curve,k er v,0,k,0.0006243389214017902,27.706606873280293,6,6,0.007246376811594203
AN19-rec-7122557de1ebad29cab4:phone:3,AN19-rec-7122557de1ebad29cab4,AN19.MIX.im2,Bengali,Indo-Aryan,curve,k er v,2,v,1.9113629369062387e-06,18.9571407356401,6,6,0.007246376811594203
AN19-rec-71294cdf5022536ad008:phone:1,AN19-rec-71294cdf5022536ad008,AN19.MIX.if5,Japanese,Japonic,fig,f ih g,0,f,2.9342429174519666e-10,68.26727539821071,6,6,0.006711409395973154
AN19-rec-71294cdf5022536ad008:phone:3,AN19-rec-71294cdf5022536ad008,AN19.MIX.if5,Japanese,Japonic,fig,f ih g,2,g,5.706375365864575e-15,46.78695954966485,6,6,0.006711409395973154
AN19-rec-71317edddff12883f4ca:phone:1,AN19-rec-71317edddff12883f4ca,AN19.KOR.kf6,Korean,Koreanic,balm,b aa m,0,b,0.00028389378453516216,27.000024596264428,6,6,0.007042253521126761
AN19-rec-714cadd4b096430754a8:phone:2,AN19-rec-714cadd4b096430754a8,AN19.SPA.sf6,Spanish,Romance,long,l ao ng,1,ao,2.2754277981781602e-12,53.77953944630726,6,6,0.007042253521126761
AN19-rec-714cadd4b096430754a8:phone:3,AN19-rec-714cadd4b096430754a8,AN19.SPA.sf6,Spanish,Romance,long,l ao ng,2,ng,1.3540348614992141e-06,15.992263774091198,6,6,0.007042253521126761
AN19-rec-714f6530c2b48f3cf798:phone:2,AN19-rec-714f6530c2b48f3cf798,AN19.KOR.km7,Korean,Koreanic,fade,f ey d,1,ey,6.855078194047786e-05,24.50878796545112,6,6,0.006711409395973154
AN19-rec-71530cd9aca015e966bc:phone:2,AN19-rec-71530cd9aca015e966bc,AN19.KOR.kf4,Korean,Koreanic,mace,m ey s,1,ey,1.5043233087008279e-06,17.584495636420797,6,6,0.0070921985815602835
AN19-rec-71530cd9aca015e966bc:phone:3,AN19-rec-71530cd9aca015e966bc,AN19.KOR.kf4,Korean,Koreanic,mace,m ey s,2,s,1.3582593484152571e-13,39.06562860906455,6,6,0.0070921985815602835
AN19-rec-7156ed049983c1307916:phone:2,AN19-rec-7156ed049983c1307916,AN19.KOR.km2,Korean,Koreanic,voice,v oy s,1,oy,1.4591708567739598e-07,36.81405053038736,6,6,0.006756756756756757
AN19-rec-716a7e6409bbaee5efd9:phone:2,AN19-rec-716a7e6409bbaee5efd9,AN19.MIX.if3,French,Romance,lose,l uw z,1,uw,0.0001176608714740422,19.262118058561207,6,6,0.006993006993006993
AN19-rec-71759db131b856471d20:phone:1,AN19-rec-71759db131b856471d20,AN19.SPA.sf1,Spanish,Romance,join,jh oy n,0,jh,0.04346634475991665,33.53500364572312,6,6,0.006896551724137931
AN19-rec-71759db131b856471d20:phone:3,AN19-rec-71759db131b856471d20,AN19.SPA.sf1,Spanish,Romance,join,jh oy n,2,n,1.036901563261519e-08,32.71850043879994,6,6,0.006896551724137931
AN19-rec-717b97a267c3444c462f:phone:2,AN19-rec-717b97a267c3444c462f,AN19.SPA.sm7,Spanish,Romance,was,w aa z,1,aa,6.866836366375586e-12,52.62867022558876,6,6,0.007352941176470588
AN19-rec-7192841ead425fc083a0:phone:1,AN19-rec-7192841ead425fc083a0,AN19.SPA.sf6,Spanish,Romance,weed,w iy d,0,w,4.539801986345301e-07,48.766292672649485,6,6,0.007042253521126761
AN19-rec-7192841ead425fc083a0:phone:2,AN19-rec-7192841ead425fc083a0,AN19.SPA.sf6,Spanish,Romance,weed,w iy d,1,iy,5.218473768636221e-05,22.497942618076497,6,6,0.007042253521126761
AN19-rec-71bbc267cfcb141d07ab:phone:2,AN19-rec-71bbc267cfcb141d07ab,AN19.SPA.sf2,Spanish,Romance,noise,n oy z,1,oy,2.462320984814894e-16,51.26558722321649,6,6,0.007246376811594203
AN19-rec-71c32c61ba4702dcef1f:phone:2,AN19-rec-71c32c61ba4702dcef1f,AN19.KOR.kf5,Korean,Koreanic,neck,n eh k,1,eh,1.4761306766428384e-23,73.5792226555156,6,6,0.006993006993006993
AN19-rec-71f6f39e61183a56a35b:phone:2,AN19-rec-71f6f39e61183a56a35b,AN19.SPA.sm4,Spanish,Romance,teat,t iy t,1,iy,2.802855349334313e-22,70.32943187527832,6,6,0.007194244604316547
AN19-rec-71fa37166ce8e550a7bf:phone:3,AN19-rec-71fa37166ce8e550a7bf,AN19.KOR.km8,Korean,Koreanic,beak,b iy k,2,k,0.0007895625278104183,31.547357764703843,6,6,0.006896551724137931
AN19-rec-7201d1c10c5d2154d5a2:phone:2,AN19-rec-7201d1c10c5d2154d5a2,AN19.KOR.km8,Korean,Koreanic,bun,b ah n,1,ah,5.272529378106811e-08,24.95223754237118,6,6,0.006896551724137931
AN19-rec-72066d4e27539b68e551:phone:1,AN19-rec-72066d4e27539b68e551,AN19.SPA.sm3,Spanish,Romance,weed,w iy d,0,w,1.0774600246904207e-10,61.87452752536035,6,6,0.0072992700729927005
AN19-rec-72066d4e27539b68e551:phone:2,AN19-rec-72066d4e27539b68e551,AN19.SPA.sm3,Spanish,Romance,weed,w iy d,1,iy,5.3510028949456454e-21,86.32467109656396,6,6,0.0072992700729927005
AN19-rec-7209473d787eff6ffb03:phone:1,AN19-rec-7209473d787eff6ffb03,AN19.SPA.sm7,Spanish,Romance,balm,b aa m,0,b,0.004424340431261056,49.822848584762006,6,6,0.007352941176470588
AN19-rec-721719e8f8a7c5a08fdb:phone:2,AN19-rec-721719e8f8a7c5a08fdb,AN19.SPA.sm5,Spanish,Romance,ban,b ae n,1,ae,3.30638912535764e-06,15.297976971633496,6,6,0.006896551724137931
AN19-rec-721a2d5d83350d4c9003:phone:1,AN19-rec-721a2d5d83350d4c9003,AN19.SPA.sm2,Spanish,Romance,den,d eh n,0,d,0.026460064200220956,69.22823162566242,6,6,0.007042253521126761
AN19-rec-721a2d5d83350d4c9003:phone:2,AN19-rec-721a2d5d83350d4c9003,AN19.SPA.sm2,Spanish,Romance,den,d eh n,1,eh,1.0146854730177707e-06,23.91399146923169,6,6,0.007042253521126761
AN19-rec-723273582f418ee35c6d:phone:2,AN19-rec-723273582f418ee35c6d,AN19.MIX.if3,French,Romance,neck,n eh k,1,eh,1.8095993286667527e-06,69.76944025829407,6,6,0.006993006993006993
AN19-rec-725699503f5b521872c3:phone:3,AN19-rec-725699503f5b521872c3,AN19.SPA.sm3,Spanish,Romance,whore,hh ao r,2,r,5.592491110034655e-18,60.730768618412725,6,6,0.0072992700729927005
AN19-rec-7261425d3811086967e8:phone:2,AN19-rec-7261425d3811086967e8,AN19.MIX.im1,Romanian,Romance,was,w aa z,1,aa,2.3112685405267236e-06,38.82089583164553,6,6,0.006802721088435374
AN19-rec-72665993c9e42782b4fd:phone:2,AN19-rec-72665993c9e42782b4fd,AN19.MIX.im1,Romanian,Romance,fade,f ey d,1,ey,1.9995250793199332e-07,19.874920564086462,6,6,0.006802721088435374
AN19-rec-727903103d630cd6def2:phone:1,AN19-rec-727903103d630cd6def2,AN19.MIX.im2,Bengali,Indo-Aryan,gut,g ah t,0,g,9.82831995420831e-11,56.61005068604018,6,6,0.007246376811594203
AN19-rec-727903103d630cd6def2:phone:3,AN19-rec-727903103d630cd6def2,AN19.MIX.im2,Bengali,Indo-Aryan,gut,g ah t,2,t,2.7109616760765194e-11,35.465051199960364,6,6,0.007246376811594203
AN19-rec-728a2160a006319121a1:phone:2,AN19-rec-728a2160a006319121a1,AN19.SPA.sf4,Spanish,Romance,bun,b ah n,1,ah,5.7409738414742e-13,46.58014189500918,6,6,0.0070921985815602835
AN19-rec-728e96e168f4206b04df:phone:2,AN19-rec-728e96e168f4206b04df,AN19.KOR.km2,Korean,Koreanic,sill,s ih l,1,ih,9.138598206291487e-06,15.181736582764607,6,6,0.006756756756756757
AN19-rec-72ba13e38ff9ecc1c589:phone:1,AN19-rec-72ba13e38ff9ecc1c589,AN19.MIX.im4,Mandarin,Sino-Tibetan,sane,s ey n,0,s,5.889151721515843e-27,72.13912377182322,6,6,0.006993006993006993
AN19-rec-72c0b77121b00a22cead:phone:3,AN19-rec-72c0b77121b00a22cead,AN19.MIX.if2,Dutch,Germanic,bead,b iy d,2,d,1.5278235012163865e-05,22.718472715445746,6,6,0.006944444444444444
AN19-rec-7322d411b6cf597cf6f6:phone:3,AN19-rec-7322d411b6cf597cf6f6,AN19.SPA.sf2,Spanish,Romance,hid,hh ih d,2,d,1.1708660480091e-15,62.467298684408114,6,6,0.007246376811594203
AN19-rec-73352eb12a82404e787e:phone:3,AN19-rec-73352eb12a82404e787e,AN19.SPA.sf3,Spanish,Romance,lame,l ey m,2,m,7.735205852581735e-07,26.325153744502035,6,6,0.007246376811594203
AN19-rec-7336535139e29e794e53:phone:3,AN19-rec-7336535139e29e794e53,AN19.MIX.if5,Japanese,Japonic,peace,p iy s,2,s,3.830545370080898e-08,23.55999477411808,6,6,0.006711409395973154
AN19-rec-734e801c6a4745177722:phone:1,AN19-rec-734e801c6a4745177722,AN19.SPA.sm5,Spanish,Romance,king,k ih ng,0,k,1.6902869622737518e-08,30.71975594521709,6,6,0.006896551724137931
AN19-rec-735156d2f28f54b81328:phone:2,AN19-rec-735156d2f28f54b81328,AN19.SPA.sm3,Spanish,Romance,wash,w aa sh,1,aa,2.3538773812268808e-06,26.022046812469124,6,6,0.0072992700729927005
AN19-rec-7354c23908598bf10021:phone:3,AN19-rec-7354c23908598bf10021,AN19.SPA.sm2,Spanish,Romance,pad,p ae d,2,d,7.32827214428321e-07,19.24002111350776,6,6,0.007042253521126761
AN19-rec-735b080216a4382b6e96:phone:1,AN19-rec-735b080216a4382b6e96,AN19.SPA.sf2,Spanish,Romance,soak,s ow k,0,s,1.5500602779822842e-05,21.41173208269773,6,6,0.007246376811594203
AN19-rec-735b080216a4382b6e96:phone:2,AN19-rec-735b080216a4382b6e96,AN19.SPA.sf2,Spanish,Romance,soak,s ow k,1,ow,7.855079462656216e-06,31.68355511808802,6,6,0.007246376811594203
AN19-rec-735e22554ede75116cbb:phone:2,AN19-rec-735e22554ede75116cbb,AN19.KOR.kf6,Korean,Koreanic,sill,s ih l,1,ih,4.044279366326063e-07,24.910060031997077,6,6,0.007042253521126761
AN19-rec-736fa692c812ad44dd01:phone:1,AN19-rec-736fa692c812ad44dd01,AN19.MIX.if6,Somali,Afro-Asiatic,con,k aa n,0,k,0.011958963506829836,14.582470490671648,6,6,0.007246376811594203
AN19-rec-736fa692c812ad44dd01:phone:2,AN19-rec-736fa692c812ad44dd01,AN19.MIX.if6,Somali,Afro-Asiatic,con,k aa n,1,aa,0.00015002823743104322,87.47398663800804,6,6,0.007246376811594203
AN19-rec-7389f8497f84b79a5c29:phone:1,AN19-rec-7389f8497f84b79a5c29,AN19.KOR.km8,Korean,Koreanic,bean,b iy n,0,b,0.0025304812889823023,27.503494365217502,6,6,0.006896551724137931
AN19-rec-738e26c41fcf6785959e:phone:2,AN19-rec-738e26c41fcf6785959e,AN19.KOR.kf2,Korean,Koreanic,shape,sh ey p,1,ey,5.889381397783409e-12,44.90611921371408,6,6,0.0072992700729927005
AN19-rec-7395d1913a3604dcbdc5:phone:1,AN19-rec-7395d1913a3604dcbdc5,AN19.KOR.kf5,Korean,Koreanic,bug,b ah g,0,b,6.434440074387144e-10,36.3242119686546,6,6,0.006993006993006993
AN19-rec-73a7f4a83d9ac06bd570:phone:1,AN19-rec-73a7f4a83d9ac06bd570,AN19.SPA.sf2,Spanish,Romance,sane,s ey n,0,s,9.812620067212428e-06,17.566023236828954,6,6,0.007246376811594203
AN19-rec-73a7f4a83d9ac06bd570:phone:2,AN19-rec-73a7f4a83d9ac06bd570,AN19.SPA.sf2,Spanish,Romance,sane,s ey n,1,ey,6.520266243248226e-08,28.78517966580719,6,6,0.007246376811594203
AN19-rec-73a94b92deac7df7128d:phone:3,AN19-rec-73a94b92deac7df7128d,AN19.SPA.sf1,Spanish,Romance,faith,f ey th,2,th,3.900483001164943e-14,51.471089423338746,6,6,0.006896551724137931
AN19-rec-7408f1466955aad90d97:phone:2,AN19-rec-7408f1466955aad90d97,AN19.KOR.kf1,Korean,Koreanic,con,k aa n,1,aa,4.9395724360361135e-09,34.148731178922766,6,6,0.0072992700729927005
AN19-rec-7421a680d8d18c1d2d32:phone:1,AN19-rec-7421a680d8d18c1d2d32,AN19.SPA.sm7,Spanish,Romance,gut,g ah t,0,g,0.0011983276522662789,34.442590571645034,6,6,0.007352941176470588
AN19-rec-7421a680d8d18c1d2d32:phone:3,AN19-rec-7421a680d8d18c1d2d32,AN19.SPA.sm7,Spanish,Romance,gut,g ah t,2,t,2.193633319669536e-24,63.41034061772262,6,6,0.007352941176470588
AN19-rec-742de27e3f5706485fd2:phone:2,AN19-rec-742de27e3f5706485fd2,AN19.MIX.if3,French,Romance,noise,n oy z,1,oy,0.0073673546924723264,40.79629173723246,6,6,0.006993006993006993
AN19-rec-744adfc45fd03993948e:phone:1,AN19-rec-744adfc45fd03993948e,AN19.MIX.im1,Romanian,Romance,five,f ay v,0,f,3.2360205602316785e-11,62.13838278871365,6,6,0.006802721088435374
AN19-rec-7455a50b50dfcb0b3e44:phone:1,AN19-rec-7455a50b50dfcb0b3e44,AN19.KOR.kf2,Korean,Koreanic,league,l iy g,0,l,4.365364000344386e-24,62.42423149438215,6,6,0.0072992700729927005
AN19-rec-7455a50b50dfcb0b3e44:phone:2,AN19-rec-7455a50b50dfcb0b3e44,AN19.KOR.kf2,Korean,Koreanic,league,l iy g,1,iy,3.72299228067685e-18,50.90428849688015,6,6,0.0072992700729927005
AN19-rec-7455a50b50dfcb0b3e44:phone:3,AN19-rec-7455a50b50dfcb0b3e44,AN19.KOR.kf2,Korean,Koreanic,league,l iy g,2,g,4.4630555782968983e-10,26.864861575002944,6,6,0.0072992700729927005
AN19-rec-7461344e0b73a5583a96:phone:1,AN19-rec-7461344e0b73a5583a96,AN19.SPA.sf2,Spanish,Romance,move,m uw v,0,m,3.335014288994475e-09,26.919225812438597,6,6,0.007246376811594203
AN19-rec-7461344e0b73a5583a96:phone:3,AN19-rec-7461344e0b73a5583a96,AN19.SPA.sf2,Spanish,Romance,move,m uw v,2,v,3.450814666346817e-11,27.29369747573284,6,6,0.007246376811594203
AN19-rec-7468181c3fc17f956280:phone:3,AN19-rec-7468181c3fc17f956280,AN19.KOR.kf4,Korean,Koreanic,fin,f ih n,2,n,2.407184623857069e-12,34.46412395073754,6,6,0.0070921985815602835
AN19-rec-746a5e176ff8d1f0a400:phone:3,AN19-rec-746a5e176ff8d1f0a400,AN19.SPA.sf4,Spanish,Romance,hurl,hh er l,2,l,1.4840353432702649e-15,54.71189649875679,6,6,0.0070921985815602835
AN19-rec-7477a71d46a3857f8c8a:phone:1,AN19-rec-7477a71d46a3857f8c8a,AN19.MIX.im5,Turkish,Turkic,rough,r ah f,0,r,0.00403096297705079,20.679198715233166,6,6,0.007246376811594203
AN19-rec-747a2f67c6727c9a5e21:phone:1,AN19-rec-747a2f67c6727c9a5e21,AN19.KOR.kf1,Korean,Koreanic,league,l iy g,0,l,4.095241009372247e-11,35.242168593404195,6,6,0.0072992700729927005
AN19-rec-747a2f67c6727c9a5e21:phone:3,AN19-rec-747a2f67c6727c9a5e21,AN19.KOR.kf1,Korean,Koreanic,league,l iy g,2,g,2.5061030330374343e-08,29.505513855228344,6,6,0.0072992700729927005
AN19-rec-749734e83566a13053f7:phone:1,AN19-rec-749734e83566a13053f7,AN19.SPA.sm5,Spanish,Romance,sane,s ey n,0,s,0.0014926714542000926,14.21097437216122,6,6,0.006896551724137931
AN19-rec-749734e83566a13053f7:phone:2,AN19-rec-749734e83566a13053f7,AN19.SPA.sm5,Spanish,Romance,sane,s ey n,1,ey,7.273643657161367e-05,24.5000232323666,6,6,0.006896551724137931
AN19-rec-749f0d53d9914c666da9:phone:3,AN19-rec-749f0d53d9914c666da9,AN19.KOR.km3,Korean,Koreanic,fin,f ih n,2,n,0.0002715704494689547,27.536519348495123,6,6,0.006666666666666667
AN19-rec-74a7b53559882ba6e935:phone:2,AN19-rec-74a7b53559882ba6e935,AN19.KOR.km2,Korean,Koreanic,teat,t iy t,1,iy,3.0518895100221118e-09,33.89488694076241,6,6,0.006756756756756757
AN19-rec-74b2bda3a632d048f915:phone:1,AN19-rec-74b2bda3a632d048f915,AN19.SPA.sm3,Spanish,Romance,lice,l ay s,0,l,0.003569501817009336,15.7813313711171,6,6,0.0072992700729927005
AN19-rec-74b2bda3a632d048f915:phone:2,AN19-rec-74b2bda3a632d048f915,AN19.SPA.sm3,Spanish,Romance,lice,l ay s,1,ay,4.662695980817241e-12,34.68734655683209,6,6,0.0072992700729927005
AN19-rec-74b2bda3a632d048f915:phone:3,AN19-rec-74b2bda3a632d048f915,AN19.SPA.sm3,Spanish,Romance,lice,l ay s,2,s,2.6094262941880746e-06,26.34020771439248,6,6,0.0072992700729927005
AN19-rec-74dcf6c25d6aca3ecf91:phone:2,AN19-rec-74dcf6c25d6aca3ecf91,AN19.SPA.sm6,Spanish,Romance,wail,w ey l,1,ey,1.1854697838066112e-06,33.28941859505122,6,6,0.006756756756756757
AN19-rec-7502e1c36e83dbd4c24b:phone:1,AN19-rec-7502e1c36e83dbd4c24b,AN19.MIX.if6,Somali,Afro-Asiatic,den,d eh n,0,d,0.0018830335774404636,21.912562613830904,6,6,0.007246376811594203
AN19-rec-751a5e488c105e7a46ec:phone:2,AN19-rec-751a5e488c105e7a46ec,AN19.SPA.sf3,Spanish,Romance,sill,s ih l,1,ih,2.4783218225353776e-07,22.23573362216978,6,6,0.007246376811594203
AN19-rec-7545b674ffdb1f7acdaa:phone:1,AN19-rec-7545b674ffdb1f7acdaa,AN19.KOR.km3,Korean,Koreanic,hoot,hh uw t,0,hh,0.10109375553764087,32.197008753816206,6,6,0.006666666666666667
AN19-rec-7545b674ffdb1f7acdaa:phone:3,AN19-rec-7545b674ffdb1f7acdaa,AN19.KOR.km3,Korean,Koreanic,hoot,hh uw t,2,t,1.0602909742271297e-06,25.92047992034289,6,6,0.006666666666666667
AN19-rec-7576cd0abec305cadbeb:phone:3,AN19-rec-7576cd0abec305cadbeb,AN19.MIX.im3,Russian,Slavic,gas,g ae s,2,s,3.3842985245319042e-09,28.03312854404272,6,6,0.006756756756756757
AN19-rec-75792c685b94f10bb8af:phone:2,AN19-rec-75792c685b94f10bb8af,AN19.SPA.sf3,Spanish,Romance,wife,w ay f,1,ay,0.001681683714848955,16.566780424735466,6,6,0.007246376811594203
AN19-rec-7582c78b496c95c3ab12:phone:2,AN19-rec-7582c78b496c95c3ab12,AN19.KOR.km7,Korean,Koreanic,wail,w ey l,1,ey,0.007323102432043066,27.41969165656518,6,6,0.006711409395973154
AN19-rec-758b57dd79953df4867e:phone:1,AN19-rec-758b57dd79953df4867e,AN19.MIX.im1,Romanian,Romance,theme,th iy m,0,th,1.4638792690391039e-15,37.66073088500325,6,6,0.006802721088435374
AN19-rec-758b57dd79953df4867e:phone:2,AN19-rec-758b57dd79953df4867e,AN19.MIX.im1,Romanian,Romance,theme,th iy m,1,iy,7.410080881531337e-05,21.8917093712505,6,6,0.006802721088435374
AN19-rec-758b57dd79953df4867e:phone:3,AN19-rec-758b57dd79953df4867e,AN19.MIX.im1,Romanian,Romance,theme,th iy m,2,m,2.294613939832089e-07,24.70626652673023,6,6,0.006802721088435374
AN19-rec-758f98a5553c8d50ea26:phone:2,AN19-rec-758f98a5553c8d50ea26,AN19.SPA.sm5,Spanish,Romance,kin,k ih n,1,ih,3.8025415973921945e-09,28.82691981508509,6,6,0.006896551724137931
AN19-rec-75b6f5fbea72dfda0d2b:phone:2,AN19-rec-75b6f5fbea72dfda0d2b,AN19.MIX.im3,Russian,Slavic,suck,s ah k,1,ah,3.559707163869584e-08,52.66466358679829,6,6,0.006756756756756757
AN19-rec-75b6f5fbea72dfda0d2b:phone:3,AN19-rec-75b6f5fbea72dfda0d2b,AN19.MIX.im3,Russian,Slavic,suck,s ah k,2,k,3.897970025908326e-35,96.42782857523684,6,6,0.006756756756756757
AN19-rec-75bd69c2c6f096f06a72:phone:1,AN19-rec-75bd69c2c6f096f06a72,AN19.MIX.if2,Dutch,Germanic,rim,r ih m,0,r,2.1607017200202418e-20,70.23681296947588,6,6,0.006944444444444444
AN19-rec-760bd0799a865a3d4a87:phone:3,AN19-rec-760bd0799a865a3d4a87,AN19.KOR.km3,Korean,Koreanic,faith,f ey th,2,th,8.281225976458027e-09,37.35013273692245,6,6,0.006666666666666667
AN19-rec-764ee7571e89e92f27c6:phone:1,AN19-rec-764ee7571e89e92f27c6,AN19.KOR.km8,Korean,Koreanic,theme,th iy m,0,th,0.004430459521418653,28.44819700197153,6,6,0.006896551724137931
AN19-rec-764ee7571e89e92f27c6:phone:2,AN19-rec-764ee7571e89e92f27c6,AN19.KOR.km8,Korean,Koreanic,theme,th iy m,1,iy,0.00024682414977751334,22.634662568849365,6,6,0.006896551724137931
AN19-rec-764ee7571e89e92f27c6:phone:3,AN19-rec-764ee7571e89e92f27c6,AN19.KOR.km8,Korean,Koreanic,theme,th iy m,2,m,4.795713502418705e-06,21.93981759988185,6,6,0.006896551724137931
AN19-rec-7653ebce50a95e1db39b:phone:3,AN19-rec-7653ebce50a95e1db39b,AN19.MIX.im4,Mandarin,Sino-Tibetan,faith,f ey th,2,th,1.3852206497018885e-10,31.474230446553843,6,6,0.006993006993006993
AN19-rec-765e9fa5ebff3f73524d:phone:1,AN19-rec-765e9fa5ebff3f73524d,AN19.MIX.im1,Romanian,Romance,food,f uw d,0,f,1.2905012767133586e-07,36.93997086707791,6,6,0.006802721088435374
AN19-rec-7662cc3d48fd2533190c:phone:3,AN19-rec-7662cc3d48fd2533190c,AN19.KOR.km7,Korean,Koreanic,pad,p ae d,2,d,3.809052352876458e-06,27.49235796233951,6,6,0.006711409395973154
AN19-rec-766cf0d8f65fb366b50d:phone:2,AN19-rec-766cf0d8f65fb366b50d,AN19.KOR.km1,Korean,Koreanic,was,w aa z,1,aa,6.623827964482639e-10,47.13377410283866,6,6,0.0072992700729927005
AN19-rec-766fd14aa7b4a5553165:phone:3,AN19-rec-766fd14aa7b4a5553165,AN19.SPA.sf1,Spanish,Romance,death,d eh th,2,th,1.7257423734045856e-17,54.707900467849214,6,6,0.006896551724137931
AN19-rec-76769dc6584f33c7cb9a:phone:2,AN19-rec-76769dc6584f33c7cb9a,AN19.SPA.sm6,Spanish,Romance,roof,r uw f,1,uw,6.427322627021801e-11,46.79755924634106,6,6,0.006756756756756757
AN19-rec-767d943b9f84b4683133:phone:3,AN19-rec-767d943b9f84b4683133,AN19.KOR.kf1,Korean,Koreanic,deep,d iy p,2,p,9.386312184742453e-05,24.58530571759641,6,6,0.0072992700729927005
AN19-rec-767ec7ca7c15e33f0f23:phone:1,AN19-rec-767ec7ca7c15e33f0f23,AN19.SPA.sm7,Spanish,Romance,king,k ih ng,0,k,1.9307879700021666e-05,26.63274377704541,6,6,0.007352941176470588
AN19-rec-7692115e3d6c64819577:phone:1,AN19-rec-7692115e3d6c64819577,AN19.KOR.km2,Korean,Koreanic,mall,m ao l,0,m,7.937066452734109e-08,37.33781985670607,6,6,0.006756756756756757
AN19-rec-76ab5296b11826130646:phone:1,AN19-rec-76ab5296b11826130646,AN19.SPA.sf2,Spanish,Romance,soil,s oy l,0,s,2.3541515749668078e-06,23.177980767787364,6,6,0.007246376811594203
AN19-rec-76ab5296b11826130646:phone:2,AN19-rec-76ab5296b11826130646,AN19.SPA.sf2,Spanish,Romance,soil,s oy l,1,oy,4.7262626592772704e-06,20.29726074058686,6,6,0.007246376811594203
AN19-rec-76b910d996e075bf7938:phone:2,AN19-rec-76b910d996e075bf7938,AN19.SPA.sf5,Spanish,Romance,fool,f uw l,1,uw,0.00012317654203497193,16.183429213918057,6,6,0.007194244604316547
AN19-rec-76dec4d1880c55869389:phone:2,AN19-rec-76dec4d1880c55869389,AN19.MIX.if3,French,Romance,wed,w eh d,1,eh,4.598182059310898e-06,22.793297093802853,6,6,0.006993006993006993
AN19-rec-76eb7664ca7422f6923f:phone:3,AN19-rec-76eb7664ca7422f6923f,AN19.KOR.kf3,Korean,Koreanic,beak,b iy k,2,k,4.660029115269054e-05,28.26049222671504,6,6,0.007246376811594203
AN19-rec-76f388bcb51e32bd9f9e:phone:1,AN19-rec-76f388bcb51e32bd9f9e,AN19.MIX.if1,Albanian,Albanian,chain,ch ey n,0,ch,2.504894547062342e-12,43.726986110237554,6,6,0.0070921985815602835
AN19-rec-76ff55ea9705344daaaa:phone:3,AN19-rec-76ff55ea9705344daaaa,AN19.SPA.sf5,Spanish,Romance,hash,hh ae sh,2,sh,0.00018882245681098688,32.28251884573762,6,6,0.007194244604316547
AN19-rec-770ddeab7349d5e6ecf0:phone:3,AN19-rec-770ddeab7349d5e6ecf0,AN19.MIX.if2,Dutch,Germanic,hack,hh ae k,2,k,4.498952997458663e-08,25.204399570192194,6,6,0.006944444444444444
AN19-rec-7736587fd8b5eb98ecbb:phone:1,AN19-rec-7736587fd8b5eb98ecbb,AN19.SPA.sm3,Spanish,Romance,god,g aa d,0,g,4.1098152338827424e-08,56.88565071332977,6,6,0.0072992700729927005
AN19-rec-7740852badd57efbda75:phone:2,AN19-rec-7740852badd57efbda75,AN19.SPA.sf5,Spanish,Romance,leg,l eh g,1,eh,5.425458314325472e-12,74.95043137220378,6,6,0.007194244604316547
AN19-rec-7748694044188b822355:phone:2,AN19-rec-7748694044188b822355,AN19.MIX.if1,Albanian,Albanian,noise,n oy z,1,oy,1.6921875122878697e-05,43.30083437435713,6,6,0.0070921985815602835
AN19-rec-7780795651f5075440b5:phone:3,AN19-rec-7780795651f5075440b5,AN19.KOR.kf5,Korean,Koreanic,faith,f ey th,2,th,3.238488942933304e-21,76.86128657801912,6,6,0.006993006993006993
AN19-rec-77a776f3048a17faaa1d:phone:2,AN19-rec-77a776f3048a17faaa1d,AN19.SPA.sf5,Spanish,Romance,sill,s ih l,1,ih,5.733975833181805e-12,30.418712769276866,6,6,0.007194244604316547
AN19-rec-77bd20246dfe4316f031:phone:1,AN19-rec-77bd20246dfe4316f031,AN19.SPA.sf4,Spanish,Romance,rim,r ih m,0,r,2.2570065619758308e-12,58.19065666012921,6,6,0.0070921985815602835
AN19-rec-77eab98f7543eef6c441:phone:2,AN19-rec-77eab98f7543eef6c441,AN19.KOR.kf6,Korean,Koreanic,watch,w aa ch,1,aa,0.00018637715162675138,34.777493742349854,6,6,0.007042253521126761
AN19-rec-77ecccc9c4418f78b96d:phone:2,AN19-rec-77ecccc9c4418f78b96d,AN19.SPA.sf1,Spanish,Romance,shape,sh ey p,1,ey,9.323828006681586e-09,25.395081370336023,6,6,0.006896551724137931
AN19-rec-77f5ac1456df6874e5e1:phone:1,AN19-rec-77f5ac1456df6874e5e1,AN19.KOR.kf5,Korean,Koreanic,doom,d uw m,0,d,0.0002713120420542163,32.87834487310315,6,6,0.006993006993006993
AN19-rec-77f5ac1456df6874e5e1:phone:3,AN19-rec-77f5ac1456df6874e5e1,AN19.KOR.kf5,Korean,Koreanic,doom,d uw m,2,m,2.4402744002592944e-05,18.214939821290237,6,6,0.006993006993006993
AN19-rec-7813f8494f60eace78b7:phone:1,AN19-rec-7813f8494f60eace78b7,AN19.SPA.sm6,Spanish,Romance,check,ch eh k,0,ch,0.03190299582029807,20.714832537473423,6,6,0.006756756756756757
AN19-rec-78300585ca5a7f6e69f1:phone:2,AN19-rec-78300585ca5a7f6e69f1,AN19.MIX.if1,Albanian,Albanian,teeth,t iy th,1,iy,5.493418413398774e-07,39.27523282962759,6,6,0.0070921985815602835
AN19-rec-784536f5191f72d8c8b1:phone:2,AN19-rec-784536f5191f72d8c8b1,AN19.MIX.if6,Somali,Afro-Asiatic,sill,s ih l,1,ih,2.4996958708018954e-11,27.66544653774829,6,6,0.007246376811594203
AN19-rec-784bf2791dfe98a77f18:phone:2,AN19-rec-784bf2791dfe98a77f18,AN19.SPA.sm6,Spanish,Romance,cod,k aa d,1,aa,2.258826235109361e-17,56.897936275630656,6,6,0.006756756756756757
AN19-rec-785ece3c8efacc04d6cd:phone:2,AN19-rec-785ece3c8efacc04d6cd,AN19.KOR.km7,Korean,Koreanic,mid,m ih d,1,ih,7.598672628588855e-14,55.754843829441135,6,6,0.006711409395973154
AN19-rec-7867230c56fbcf477995:phone:1,AN19-rec-7867230c56fbcf477995,AN19.SPA.sf1,Spanish,Romance,king,k ih ng,0,k,0.00022984601702635376,21.949861864693432,6,6,0.006896551724137931
AN19-rec-78764a0a34f063808817:phone:1,AN19-rec-78764a0a34f063808817,AN19.MIX.im5,Turkish,Turkic,shall,sh ae l,0,sh,0.000972678945542841,16.934612947273155,6,6,0.007246376811594203
AN19-rec-78764a0a34f063808817:phone:2,AN19-rec-78764a0a34f063808817,AN19.MIX.im5,Turkish,Turkic,shall,sh ae l,1,ae,0.0016967113323290847,15.1211908420403,6,6,0.007246376811594203
AN19-rec-7878048f893c2a6284fe:phone:1,AN19-rec-7878048f893c2a6284fe,AN19.SPA.sf2,Spanish,Romance,job,jh aa b,0,jh,3.621963506449925e-18,55.00155396463396,6,6,0.007246376811594203
AN19-rec-7878048f893c2a6284fe:phone:3,AN19-rec-7878048f893c2a6284fe,AN19.SPA.sf2,Spanish,Romance,job,jh aa b,2,b,2.3511928412709822e-21,61.62121041278559,6,6,0.007246376811594203
AN19-rec-787ac805a15d7fdab0ad:phone:2,AN19-rec-787ac805a15d7fdab0ad,AN19.MIX.im3,Russian,Slavic,teeth,t iy th,1,iy,1.2492786464307824e-08,35.52872904476536,6,6,0.006756756756756757
AN19-rec-788d5c0eefa2ae7d2248:phone:2,AN19-rec-788d5c0eefa2ae7d2248,AN19.KOR.km2,Korean,Koreanic,wife,w ay f,1,ay,0.0009176257059654632,17.464480324813135,6,6,0.006756756756756757
AN19-rec-78935ae87ecc9ff95513:phone:1,AN19-rec-78935ae87ecc9ff95513,AN19.MIX.if4,German,Germanic,soak,s ow k,0,s,0.0015530911414893525,10.923421712880227,6,6,0.0072992700729927005
AN19-rec-78935ae87ecc9ff95513:phone:2,AN19-rec-78935ae87ecc9ff95513,AN19.MIX.if4,German,Germanic,soak,s ow k,1,ow,0.08460045286794214,21.618816397388247,6,6,0.0072992700729927005
AN19-rec-78a0f6c285e0222a7ee8:phone:1,AN19-rec-78a0f6c285e0222a7ee8,AN19.SPA.sf5,Spanish,Romance,pawn,p ao n,0,p,9.305256629152315e-17,41.89787227106207,6,6,0.007194244604316547
AN19-rec-78ab09e2b080e329ec7d:phone:2,AN19-rec-78ab09e2b080e329ec7d,AN19.MIX.im5,Turkish,Turkic,vice,v ay s,1,ay,1.583751292798333e-05,29.665818087884656,6,6,0.007246376811594203
AN19-rec-78c6e20193eee4a88870:phone:3,AN19-rec-78c6e20193eee4a88870,AN19.KOR.kf4,Korean,Koreanic,death,d eh th,2,th,9.007150632520708e-15,62.38067177140449,6,6,0.0070921985815602835
AN19-rec-78cc214681966651b605:phone:1,AN19-rec-78cc214681966651b605,AN19.KOR.kf2,Korean,Koreanic,food,f uw d,0,f,5.186759658723589e-07,45.56631148528741,6,6,0.0072992700729927005
AN19-rec-78d09c73dd52da58425e:phone:1,AN19-rec-78d09c73dd52da58425e,AN19.SPA.sf2,Spanish,Romance,balm,b aa m,0,b,3.628569078143588e-08,37.40410870477046,6,6,0.007246376811594203
AN19-rec-78dac7ab55156f7d2b1c:phone:1,AN19-rec-78dac7ab55156f7d2b1c,AN19.SPA.sm7,Spanish,Romance,curve,k er v,0,k,8.197541059752792e-09,38.80336649449536,6,6,0.007352941176470588
AN19-rec-78dac7ab55156f7d2b1c:phone:3,AN19-rec-78dac7ab55156f7d2b1c,AN19.SPA.sm7,Spanish,Romance,curve,k er v,2,v,9.962224088208383e-06,17.56489777295556,6,6,0.007352941176470588
AN19-rec-78f6135f97935f7f709b:phone:1,AN19-rec-78f6135f97935f7f709b,AN19.KOR.km3,Korean,Koreanic,bean,b iy n,0,b,4.977038943730569e-06,30.704310509485317,6,6,0.006666666666666667
AN19-rec-78f6135f97935f7f709b:phone:2,AN19-rec-78f6135f97935f7f709b,AN19.KOR.km3,Korean,Koreanic,bean,b iy n,1,iy,0.00036764206235453614,15.732533397280813,6,6,0.006666666666666667
AN19-rec-78fb62f553813c65ce17:phone:2,AN19-rec-78fb62f553813c65ce17,AN19.SPA.sm4,Spanish,Romance,league,l iy g,1,iy,2.0917766480491314e-13,33.63494956282609,6,6,0.007194244604316547
AN19-rec-78fb62f553813c65ce17:phone:3,AN19-rec-78fb62f553813c65ce17,AN19.SPA.sm4,Spanish,Romance,league,l iy g,2,g,5.0397441039024016e-33,83.46139047302442,6,6,0.007194244604316547
AN19-rec-78fe87b78c6286d97a81:phone:1,AN19-rec-78fe87b78c6286d97a81,AN19.KOR.kf6,Korean,Koreanic,curve,k er v,0,k,5.085013956789335e-13,52.07150226643199,6,6,0.007042253521126761
AN19-rec-78fe87b78c6286d97a81:phone:3,AN19-rec-78fe87b78c6286d97a81,AN19.KOR.kf6,Korean,Koreanic,curve,k er v,2,v,1.744833580134198e-11,29.827249850610475,6,6,0.007042253521126761
AN19-rec-791819931daadd9dea55:phone:1,AN19-rec-791819931daadd9dea55,AN19.MIX.if2,Dutch,Germanic,path,p ae th,0,p,4.269860652686043e-27,81.53903254868108,6,6,0.006944444444444444
AN19-rec-791819931daadd9dea55:phone:3,AN19-rec-791819931daadd9dea55,AN19.MIX.if2,Dutch,Germanic,path,p ae th,2,th,2.1472709817007334e-16,50.61329696593969,6,6,0.006944444444444444
AN19-rec-791e6815c9fbbe990e72:phone:1,AN19-rec-791e6815c9fbbe990e72,AN19.KOR.kf6,Korean,Koreanic,hag,hh ae g,0,hh,0.0488370873816038,11.89276303977885,6,6,0.007042253521126761
AN19-rec-791e6815c9fbbe990e72:phone:3,AN19-rec-791e6815c9fbbe990e72,AN19.KOR.kf6,Korean,Koreanic,hag,hh ae g,2,g,3.360746632522329e-08,48.37571190646043,6,6,0.007042253521126761
AN19-rec-793fe4a58053759107cb:phone:1,AN19-rec-793fe4a58053759107cb,AN19.MIX.if5,Japanese,Japonic,gave,g ey v,0,g,8.79936552167249e-06,38.83598393041928,6,6,0.006711409395973154
AN19-rec-794e7e2e5a953faa272e:phone:2,AN19-rec-794e7e2e5a953faa272e,AN19.SPA.sf5,Spanish,Romance,wrong,r ao ng,1,ao,1.3394911482606453e-14,45.53469577551606,6,8,0.007194244604316547
AN19-rec-7950972ba35b150ca61d:phone:1,AN19-rec-7950972ba35b150ca61d,AN19.KOR.km2,Korean,Koreanic,gave,g ey v,0,g,0.0069968415850673185,15.593656478898994,6,6,0.006756756756756757
AN19-rec-79667591970a900afc52:phone:1,AN19-rec-79667591970a900afc52,AN19.MIX.im6,Hindi,Indo-Aryan,check,ch eh k,0,ch,0.001706587566738295,22.0694748104814,6,6,0.006711409395973154
AN19-rec-7971c93decf352cc3e02:phone:2,AN19-rec-7971c93decf352cc3e02,AN19.SPA.sm4,Spanish,Romance,sill,s ih l,1,ih,2.6820485377876447e-32,88.33962791507304,6,6,0.007194244604316547
AN19-rec-7981a29d30fe8a17c647:phone:1,AN19-rec-7981a29d30fe8a17c647,AN19.KOR.kf1,Korean,Koreanic,balm,b aa m,0,b,1.3180008395132864e-16,52.845376701471935,6,6,0.0072992700729927005
AN19-rec-798e5a1ff2a700b37150:phone:2,AN19-rec-798e5a1ff2a700b37150,AN19.KOR.km2,Korean,Koreanic,ban,b ae n,1,ae,1.776380736078471e-05,19.085779895735456,6,6,0.006756756756756757
AN19-rec-79906b4229c5fbb2ff7b:phone:2,AN19-rec-79906b4229c5fbb2ff7b,AN19.SPA.sm5,Spanish,Romance,lad,l ae d,1,ae,5.127051492787215e-06,17.729007966328197,6,6,0.006896551724137931
AN19-rec-799122e2c79dac77c911:phone:1,AN19-rec-799122e2c79dac77c911,AN19.SPA.sf2,Spanish,Romance,both,b ow th,0,b,1.3816034121710725e-08,24.226570658682885,6,6,0.007246376811594203
AN19-rec-799122e2c79dac77c911:phone:3,AN19-rec-799122e2c79dac77c911,AN19.SPA.sf2,Spanish,Romance,both,b ow th,2,th,2.307776876599272e-06,24.2918305215768,6,6,0.007246376811594203
AN19-rec-79942c94ab66a384e77c:phone:2,AN19-rec-79942c94ab66a384e77c,AN19.MIX.im1,Romanian,Romance,mat,m ae t,1,ae,4.42928480212724e-06,37.65434907649255,6,6,0.006802721088435374
AN19-rec-799e153e095949ddd425:phone:1,AN19-rec-799e153e095949ddd425,AN19.KOR.km8,Korean,Koreanic,league,l iy g,0,l,1.1836342864566818e-16,50.526128462453386,6,6,0.006896551724137931
AN19-rec-799e153e095949ddd425:phone:2,AN19-rec-799e153e095949ddd425,AN19.KOR.km8,Korean,Koreanic,league,l iy g,1,iy,1.4542066983638512e-15,48.150381278734265,6,6,0.006896551724137931
AN19-rec-799e153e095949ddd425:phone:3,AN19-rec-799e153e095949ddd425,AN19.KOR.km8,Korean,Koreanic,league,l iy g,2,g,4.224189494932365e-09,27.46712462574173,6,6,0.006896551724137931
AN19-rec-79b8866ad0a1ae168501:phone:1,AN19-rec-79b8866ad0a1ae168501,AN19.MIX.im4,Mandarin,Sino-Tibetan,con,k aa n,0,k,1.366823921334009e-07,32.15960891984808,6,6,0.006993006993006993
AN19-rec-79b8866ad0a1ae168501:phone:2,AN19-rec-79b8866ad0a1ae168501,AN19.MIX.im4,Mandarin,Sino-Tibetan,con,k aa n,1,aa,3.530593533044782e-08,30.155609682806517,6,6,0.006993006993006993
AN19-rec-79c8db97c9869f2f66f0:phone:1,AN19-rec-79c8db97c9869f2f66f0,AN19.MIX.im4,Mandarin,Sino-Tibetan,firm,f er m,0,f,6.344308820400944e-08,56.38216909421106,6,6,0.006993006993006993
AN19-rec-79fc0eebd9bf5199f5e0:phone:3,AN19-rec-79fc0eebd9bf5199f5e0,AN19.KOR.kf3,Korean,Koreanic,serve,s er v,2,v,9.380222663958791e-09,35.58542613847701,6,6,0.007246376811594203
AN19-rec-7a0aa33cbaf2dd00d390:phone:1,AN19-rec-7a0aa33cbaf2dd00d390,AN19.SPA.sf6,Spanish,Romance,mote,m ow t,0,m,0.002052196864030655,47.144640006536726,6,6,0.007042253521126761
AN19-rec-7a0aa33cbaf2dd00d390:phone:2,AN19-rec-7a0aa33cbaf2dd00d390,AN19.SPA.sf6,Spanish,Romance,mote,m ow t,1,ow,3.551701173728272e-07,33.620714362679934,6,6,0.007042253521126761
AN19-rec-7a0f3838ffa299c68320:phone:1,AN19-rec-7a0f3838ffa299c68320,AN19.SPA.sf5,Spanish,Romance,firm,f er m,0,f,3.128692153354425e-09,40.48725027466283,6,6,0.007194244604316547
AN19-rec-7a292f03400868a28ae1:phone:2,AN19-rec-7a292f03400868a28ae1,AN19.SPA.sf4,Spanish,Romance,rhyme,r ay m,1,ay,0.000415684351477585,27.82640352549735,6,6,0.0070921985815602835
AN19-rec-7a292f03400868a28ae1:phone:3,AN19-rec-7a292f03400868a28ae1,AN19.SPA.sf4,Spanish,Romance,rhyme,r ay m,2,m,3.907805300583791e-08,30.008681430940488,6,6,0.0070921985815602835
AN19-rec-7a2efa43dbfb85d96877:phone:2,AN19-rec-7a2efa43dbfb85d96877,AN19.MIX.if1,Albanian,Albanian,rat,r ae t,1,ae,0.01140556706412777,21.689737390839746,6,6,0.0070921985815602835
AN19-rec-7a38561eb7037e5de675:phone:1,AN19-rec-7a38561eb7037e5de675,AN19.KOR.km3,Korean,Koreanic,shop,sh aa p,0,sh,0.006524375718338864,12.49496453608728,6,6,0.006666666666666667
AN19-rec-7a38561eb7037e5de675:phone:2,AN19-rec-7a38561eb7037e5de675,AN19.KOR.km3,Korean,Koreanic,shop,sh aa p,1,aa,0.0005679489295803299,18.466773539764574,6,6,0.006666666666666667
AN19-rec-7a38561eb7037e5de675:phone:3,AN19-rec-7a38561eb7037e5de675,AN19.KOR.km3,Korean,Koreanic,shop,sh aa p,2,p,1.3150560727680524e-16,47.66051588179217,6,6,0.006666666666666667
AN19-rec-7a3e1acb9ad1101364b5:phone:1,AN19-rec-7a3e1acb9ad1101364b5,AN19.KOR.km2,Korean,Koreanic,join,jh oy n,0,jh,1.308754404644393e-13,40.47411723473611,6,6,0.006756756756756757
AN19-rec-7a3e1acb9ad1101364b5:phone:3,AN19-rec-7a3e1acb9ad1101364b5,AN19.KOR.km2,Korean,Koreanic,join,jh oy n,2,n,2.4193091561979248e-11,87.42257638211022,6,6,0.006756756756756757
AN19-rec-7a65e30c3999a26bc085:phone:3,AN19-rec-7a65e30c3999a26bc085,AN19.MIX.im3,Russian,Slavic,hurl,hh er l,2,l,2.1625292195079558e-05,29.34221892228021,6,6,0.006756756756756757
AN19-rec-7a6768048d2a7a47ff54:phone:2,AN19-rec-7a6768048d2a7a47ff54,AN19.SPA.sm7,Spanish,Romance,live,l ay v,1,ay,2.7464335351747737e-11,44.73668590248551,6,6,0.007352941176470588
AN19-rec-7a77894163046a5cf248:phone:3,AN19-rec-7a77894163046a5cf248,AN19.MIX.im4,Mandarin,Sino-Tibetan,love,l ah v,2,v,1.1264371668806454e-19,65.58046264361023,6,6,0.006993006993006993
AN19-rec-7a853f65c3671dea833f:phone:2,AN19-rec-7a853f65c3671dea833f,AN19.SPA.sm3,Spanish,Romance,wail,w ey l,1,ey,1.8768413705350434e-20,60.50133717158718,6,6,0.0072992700729927005
AN19-rec-7a8c58c68de7502e2d9c:phone:3,AN19-rec-7a8c58c68de7502e2d9c,AN19.MIX.im5,Turkish,Turkic,bum,b ah m,2,m,6.067434153671232e-11,47.233119236244654,6,6,0.007246376811594203
AN19-rec-7a8e7cc5fc9279b1f0b4:phone:1,AN19-rec-7a8e7cc5fc9279b1f0b4,AN19.SPA.sf1,Spanish,Romance,ship,sh ih p,0,sh,4.34253971348588e-11,28.260243756218056,6,6,0.006896551724137931
AN19-rec-7a8e7cc5fc9279b1f0b4:phone:3,AN19-rec-7a8e7cc5fc9279b1f0b4,AN19.SPA.sf1,Spanish,Romance,ship,sh ih p,2,p,1.9110926958165145e-10,38.61416976626847,6,6,0.006896551724137931
AN19-rec-7aa0ba8d1da16556ff28:phone:1,AN19-rec-7aa0ba8d1da16556ff28,AN19.SPA.sf5,Spanish,Romance,bug,b ah g,0,b,6.399128760837886e-11,59.825146887904175,6,6,0.007194244604316547
AN19-rec-7ac7f9279fd1c6317fad:phone:2,AN19-rec-7ac7f9279fd1c6317fad,AN19.KOR.kf5,Korean,Koreanic,wrong,r ao ng,1,ao,2.754399769735243e-08,32.60958543214658,6,8,0.006993006993006993
AN19-rec-7ae07dc8cfb357c476bf:phone:1,AN19-rec-7ae07dc8cfb357c476bf,AN19.MIX.im2,Bengali,Indo-Aryan,lice,l ay s,0,l,0.005586456379907532,14.54500721420544,6,6,0.007246376811594203
AN19-rec-7ae07dc8cfb357c476bf:phone:2,AN19-rec-7ae07dc8cfb357c476bf,AN19.MIX.im2,Bengali,Indo-Aryan,lice,l ay s,1,ay,0.0004353165742975206,24.794399406095224,6,6,0.007246376811594203
AN19-rec-7b078aafc1ca9300ad93:phone:2,AN19-rec-7b078aafc1ca9300ad93,AN19.KOR.km8,Korean,Koreanic,chore,ch ao r,1,ao,2.264170092752753e-16,46.836023215372016,6,6,0.006896551724137931
AN19-rec-7b1015e852269bf32c31:phone:3,AN19-rec-7b1015e852269bf32c31,AN19.MIX.im6,Hindi,Indo-Aryan,serve,s er v,2,v,9.316410087722005e-22,50.96294785357906,6,6,0.006711409395973154
AN19-rec-7b13c14a050ee2cfc436:phone:2,AN19-rec-7b13c14a050ee2cfc436,AN19.SPA.sf2,Spanish,Romance,rhyme,r ay m,1,ay,1.2001792104625447e-15,47.80572790535266,6,6,0.007246376811594203
AN19-rec-7b13c14a050ee2cfc436:phone:3,AN19-rec-7b13c14a050ee2cfc436,AN19.SPA.sf2,Spanish,Romance,rhyme,r ay m,2,m,8.284341797272057e-12,36.50809039034234,6,6,0.007246376811594203
AN19-rec-7b25314eccbd77ab2ba1:phone:3,AN19-rec-7b25314eccbd77ab2ba1,AN19.MIX.im1,Romanian,Romance,death,d eh th,2,th,5.772696532975634e-12,71.9589619130353,6,6,0.006802721088435374
AN19-rec-7b51e5f00b3e3fe22c91:phone:1,AN19-rec-7b51e5f00b3e3fe22c91,AN19.KOR.km7,Korean,Koreanic,pawn,p ao n,0,p,1.2611828250700774e-14,41.50549554606426,6,6,0.006711409395973154
AN19-rec-7b555ff683f9cc87f8a0:phone:3,AN19-rec-7b555ff683f9cc87f8a0,AN19.MIX.if3,French,Romance,thought,th ao t,2,t,5.798975437556168e-17,69.25174595454503,6,6,0.006993006993006993
AN19-rec-7b82863daa1681f78502:phone:3,AN19-rec-7b82863daa1681f78502,AN19.KOR.km1,Korean,Koreanic,love,l ah v,2,v,0.00020802314793321299,34.55623613392351,6,6,0.0072992700729927005
AN19-rec-7ba46f9eb3ee4b165701:phone:1,AN19-rec-7ba46f9eb3ee4b165701,AN19.MIX.if4,German,Germanic,shall,sh ae l,0,sh,0.07623263754819727,12.23823148053251,6,6,0.0072992700729927005
AN19-rec-7ba46f9eb3ee4b165701:phone:2,AN19-rec-7ba46f9eb3ee4b165701,AN19.MIX.if4,German,Germanic,shall,sh ae l,1,ae,5.685603994053754e-24,63.44262998944296,6,6,0.0072992700729927005
AN19-rec-7ba58873e2199dec85b5:phone:3,AN19-rec-7ba58873e2199dec85b5,AN19.MIX.if6,Somali,Afro-Asiatic,pad,p ae d,2,d,2.2023838396612822e-07,26.930439984437736,6,6,0.007246376811594203
AN19-rec-7baf1e16ab0fd084e65b:phone:2,AN19-rec-7baf1e16ab0fd084e65b,AN19.KOR.km7,Korean,Koreanic,ban,b ae n,1,ae,0.0019560947707858256,7.546668924668258,6,6,0.006711409395973154
AN19-rec-7bca18f8bcf93dc5b45a:phone:3,AN19-rec-7bca18f8bcf93dc5b45a,AN19.MIX.im2,Bengali,Indo-Aryan,peace,p iy s,2,s,0.01088645362768535,19.552422800731023,6,6,0.007246376811594203
AN19-rec-7bcb5b5d6ecdfd63587d:phone:1,AN19-rec-7bcb5b5d6ecdfd63587d,AN19.MIX.im2,Bengali,Indo-Aryan,dune,d uw n,0,d,2.6954528293501726e-15,41.0622215938479,6,6,0.007246376811594203
AN19-rec-7beabdcc924a6702298b:phone:1,AN19-rec-7beabdcc924a6702298b,AN19.MIX.if4,German,Germanic,cheer,ch ih r,0,ch,0.009309237644344348,16.6424860042456,6,6,0.0072992700729927005
AN19-rec-7c08a9112ec28f72edc7:phone:3,AN19-rec-7c08a9112ec28f72edc7,AN19.KOR.kf3,Korean,Koreanic,bead,b iy d,2,d,1.3831418024173822e-21,72.27792266586823,6,6,0.007246376811594203
AN19-rec-7c11ada2a7f6bebaaf2a:phone:2,AN19-rec-7c11ada2a7f6bebaaf2a,AN19.KOR.kf4,Korean,Koreanic,bun,b ah n,1,ah,1.1141443678242322e-21,61.10531281858189,6,6,0.0070921985815602835
AN19-rec-7c50e477bd4b683d2e5b:phone:2,AN19-rec-7c50e477bd4b683d2e5b,AN19.SPA.sf2,Spanish,Romance,fool,f uw l,1,uw,7.545256117111685e-14,40.4448175315984,6,6,0.007246376811594203
AN19-rec-7c7dff4228c22e63b149:phone:3,AN19-rec-7c7dff4228c22e63b149,AN19.SPA.sf2,Spanish,Romance,whore,hh ao r,2,r,6.218537654034593e-10,23.994981438238323,6,6,0.007246376811594203
AN19-rec-7c856192b8fecac2ab85:phone:1,AN19-rec-7c856192b8fecac2ab85,AN19.SPA.sm5,Spanish,Romance,gave,g ey v,0,g,9.415019318691374e-07,18.74417429222509,6,6,0.006896551724137931
AN19-rec-7c86129c4758ab06a196:phone:2,AN19-rec-7c86129c4758ab06a196,AN19.MIX.if4,German,Germanic,fool,f uw l,1,uw,0.014434196323288804,20.721870543302728,6,6,0.0072992700729927005
AN19-rec-7c89b7a267ad834a4626:phone:1,AN19-rec-7c89b7a267ad834a4626,AN19.KOR.kf2,Korean,Koreanic,both,b ow th,0,b,1.8435209365239478e-07,25.754166249237013,6,6,0.0072992700729927005
AN19-rec-7c89b7a267ad834a4626:phone:3,AN19-rec-7c89b7a267ad834a4626,AN19.KOR.kf2,Korean,Koreanic,both,b ow th,2,th,1.782955574033918e-08,35.10368558859344,6,6,0.0072992700729927005
AN19-rec-7c9376d6156f3e159a6c:phone:1,AN19-rec-7c9376d6156f3e159a6c,AN19.KOR.kf2,Korean,Koreanic,fig,f ih g,0,f,4.0186825770370644e-25,75.66420558198168,6,6,0.0072992700729927005
AN19-rec-7c9376d6156f3e159a6c:phone:3,AN19-rec-7c9376d6156f3e159a6c,AN19.KOR.kf2,Korean,Koreanic,fig,f ih g,2,g,2.133849936097135e-17,67.19023619705693,6,6,0.0072992700729927005
AN19-rec-7c9728740e4481b5df15:phone:1,AN19-rec-7c9728740e4481b5df15,AN19.KOR.kf3,Korean,Koreanic,both,b ow th,0,b,6.062677216753663e-08,23.121195339378986,6,6,0.007246376811594203
AN19-rec-7c9728740e4481b5df15:phone:3,AN19-rec-7c9728740e4481b5df15,AN19.KOR.kf3,Korean,Koreanic,both,b ow th,2,th,1.911011600501503e-09,32.956350318891865,6,6,0.007246376811594203
AN19-rec-7ca28ddf78735985e9ae:phone:2,AN19-rec-7ca28ddf78735985e9ae,AN19.KOR.kf5,Korean,Koreanic,size,s ay z,1,ay,0.000813241675844493,20.482085274169588,6,6,0.006993006993006993
AN19-rec-7ca89782a25368a4e795:phone:2,AN19-rec-7ca89782a25368a4e795,AN19.MIX.if1,Albanian,Albanian,kit,k ih t,1,ih,1.3621274056348025e-06,28.86177495097965,6,6,0.0070921985815602835
AN19-rec-7caf6e004703844d8558:phone:3,AN19-rec-7caf6e004703844d8558,AN19.KOR.kf4,Korean,Koreanic,mum,m ah m,2,m,9.09054294420048e-11,34.714580728064625,6,6,0.0070921985815602835
AN19-rec-7ccf7a2f63a3166d4d33:phone:1,AN19-rec-7ccf7a2f63a3166d4d33,AN19.SPA.sm5,Spanish,Romance,god,g aa d,0,g,8.053220006667853e-12,68.59173192251914,6,6,0.006896551724137931
AN19-rec-7cd2df04aca0ffb514d6:phone:2,AN19-rec-7cd2df04aca0ffb514d6,AN19.SPA.sf5,Spanish,Romance,noise,n oy z,1,oy,1.015275962515639e-06,30.15029261848144,6,6,0.007194244604316547
AN19-rec-7ce41ad513b8c2dcada4:phone:2,AN19-rec-7ce41ad513b8c2dcada4,AN19.MIX.if4,German,Germanic,suck,s ah k,1,ah,3.378729782668555e-05,46.20563304200649,6,6,0.0072992700729927005
AN19-rec-7ce41ad513b8c2dcada4:phone:3,AN19-rec-7ce41ad513b8c2dcada4,AN19.MIX.if4,German,Germanic,suck,s ah k,2,k,1.2143814415317305e-34,89.57085332594897,6,6,0.0072992700729927005
AN19-rec-7ce57d2a86f0fc0b6aec:phone:3,AN19-rec-7ce57d2a86f0fc0b6aec,AN19.KOR.kf6,Korean,Koreanic,pup,p ah p,2,p,1.311015361631552e-07,47.03360308360346,6,6,0.007042253521126761
AN19-rec-7d0116bd7f1fac6cdd1b:phone:2,AN19-rec-7d0116bd7f1fac6cdd1b,AN19.SPA.sf6,Spanish,Romance,watch,w aa ch,1,aa,0.0001064018053864273,38.10761758617093,6,6,0.007042253521126761
AN19-rec-7d29d9636f386c27be05:phone:1,AN19-rec-7d29d9636f386c27be05,AN19.SPA.sf5,Spanish,Romance,god,g aa d,0,g,9.355235635714325e-23,80.09643489251198,6,6,0.007194244604316547
AN19-rec-7d45f168d6e5b254908d:phone:1,AN19-rec-7d45f168d6e5b254908d,AN19.SPA.sm7,Spanish,Romance,path,p ae th,0,p,2.8728036905425808e-05,32.906158407323886,6,6,0.007352941176470588
AN19-rec-7d45f168d6e5b254908d:phone:3,AN19-rec-7d45f168d6e5b254908d,AN19.SPA.sm7,Spanish,Romance,path,p ae th,2,th,4.158226496128317e-24,65.14188289481842,6,6,0.007352941176470588
AN19-rec-7d5e63de87e62c276db0:phone:1,AN19-rec-7d5e63de87e62c276db0,AN19.KOR.km2,Korean,Koreanic,dune,d uw n,0,d,0.0019512049485898798,22.537038429148662,6,6,0.006756756756756757
AN19-rec-7d7fac4555d9ab316601:phone:1,AN19-rec-7d7fac4555d9ab316601,AN19.KOR.km1,Korean,Koreanic,curve,k er v,0,k,1.4554735540017641e-13,44.42440393634223,6,6,0.0072992700729927005
AN19-rec-7d7fac4555d9ab316601:phone:3,AN19-rec-7d7fac4555d9ab316601,AN19.KOR.km1,Korean,Koreanic,curve,k er v,2,v,6.212399086805468e-28,64.16735530409524,6,6,0.0072992700729927005
AN19-rec-7d9b73f8cb5db570e148:phone:2,AN19-rec-7d9b73f8cb5db570e148,AN19.KOR.km1,Korean,Koreanic,wash,w aa sh,1,aa,1.3139495126003623e-05,28.210528922042567,6,6,0.0072992700729927005
AN19-rec-7daac2f8a467fe303242:phone:1,AN19-rec-7daac2f8a467fe303242,AN19.MIX.if1,Albanian,Albanian,dune,d uw n,0,d,2.1314420886602952e-09,36.35395439291565,6,6,0.0070921985815602835
AN19-rec-7db0eb263111afd334ad:phone:2,AN19-rec-7db0eb263111afd334ad,AN19.SPA.sm6,Spanish,Romance,teat,t iy t,1,iy,5.031749847671115e-08,29.09990434481684,6,6,0.006756756756756757
AN19-rec-7db3c596a1cc590e2990:phone:3,AN19-rec-7db3c596a1cc590e2990,AN19.SPA.sm3,Spanish,Romance,beak,b iy k,2,k,4.068004492653398e-07,31.04641918162501,6,6,0.0072992700729927005
AN19-rec-7db8c28a07f70d8e33a6:phone:2,AN19-rec-7db8c28a07f70d8e33a6,AN19.MIX.if6,Somali,Afro-Asiatic,shape,sh ey p,1,ey,6.7690499998293745e-09,24.63919882836801,6,6,0.007246376811594203
AN19-rec-7dc4df310ce6aba22314:phone:1,AN19-rec-7dc4df310ce6aba22314,AN19.MIX.if4,German,Germanic,doom,d uw m,0,d,2.2143287698013522e-06,34.02371588913835,6,6,0.0072992700729927005
AN19-rec-7dc4df310ce6aba22314:phone:3,AN19-rec-7dc4df310ce6aba22314,AN19.MIX.if4,German,Germanic,doom,d uw m,2,m,1.0016816935625892e-08,25.42420356087243,6,6,0.0072992700729927005
AN19-rec-7de0918ca5d0c86d2abc:phone:2,AN19-rec-7de0918ca5d0c86d2abc,AN19.MIX.if2,Dutch,Germanic,deep,d iy p,1,iy,3.065714505408374e-09,31.56004911955432,6,6,0.006944444444444444
AN19-rec-7de0918ca5d0c86d2abc:phone:3,AN19-rec-7de0918ca5d0c86d2abc,AN19.MIX.if2,Dutch,Germanic,deep,d iy p,2,p,2.464607434320321e-06,21.671651404452486,6,6,0.006944444444444444
AN19-rec-7dede20cb6af82c9bb6a:phone:1,AN19-rec-7dede20cb6af82c9bb6a,AN19.SPA.sm3,Spanish,Romance,soil,s oy l,0,s,0.004014415871290123,22.54444942479806,6,6,0.0072992700729927005
AN19-rec-7dede20cb6af82c9bb6a:phone:2,AN19-rec-7dede20cb6af82c9bb6a,AN19.SPA.sm3,Spanish,Romance,soil,s oy l,1,oy,4.286619367746428e-06,20.517427768055263,6,6,0.0072992700729927005
AN19-rec-7df7ea53f49879abb6ef:phone:1,AN19-rec-7df7ea53f49879abb6ef,AN19.MIX.im2,Bengali,Indo-Aryan,pawn,p ao n,0,p,0.03238801149706904,15.45900953126347,6,6,0.007246376811594203
AN19-rec-7e0d724f566ed0318bf0:phone:1,AN19-rec-7e0d724f566ed0318bf0,AN19.MIX.if3,French,Romance,soak,s ow k,0,s,3.831650548902006e-08,20.5267071379326,6,6,0.006993006993006993
AN19-rec-7e0d724f566ed0318bf0:phone:2,AN19-rec-7e0d724f566ed0318bf0,AN19.MIX.if3,French,Romance,soak,s ow k,1,ow,1.1793508945219352e-10,66.40907540081385,6,6,0.006993006993006993
AN19-rec-7e16f1ac63af899e9c2a:phone:3,AN19-rec-7e16f1ac63af899e9c2a,AN19.MIX.im5,Turkish,Turkic,mum,m ah m,2,m,1.9434870926759287e-05,33.96240774698044,6,6,0.007246376811594203
AN19-rec-7e39149a34e5498a759a:phone:2,AN19-rec-7e39149a34e5498a759a,AN19.KOR.km3,Korean,Koreanic,vice,v ay s,1,ay,6.767466547653934e-05,30.869109538625327,6,6,0.006666666666666667
AN19-rec-7e5f55df70da70ddbe71:phone:2,AN19-rec-7e5f55df70da70ddbe71,AN19.SPA.sm4,Spanish,Romance,shall,sh ae l,1,ae,1.3610754824652017e-09,33.03443615874425,6,6,0.007194244604316547
AN19-rec-7e632fa67f9f83b79ae8:phone:1,AN19-rec-7e632fa67f9f83b79ae8,AN19.MIX.im6,Hindi,Indo-Aryan,chief,ch iy f,0,ch,1.3000465503013895e-06,34.64190485327706,6,6,0.006711409395973154
AN19-rec-7e632fa67f9f83b79ae8:phone:2,AN19-rec-7e632fa67f9f83b79ae8,AN19.MIX.im6,Hindi,Indo-Aryan,chief,ch iy f,1,iy,1.6587064941579233e-17,47.77253893851059,6,6,0.006711409395973154
AN19-rec-7e9351beccf0133f6a3e:phone:2,AN19-rec-7e9351beccf0133f6a3e,AN19.MIX.im5,Turkish,Turkic,fool,f uw l,1,uw,2.865425477563647e-06,21.587800341928872,6,6,0.007246376811594203
AN19-rec-7eb5ceba6ce5963324b5:phone:2,AN19-rec-7eb5ceba6ce5963324b5,AN19.KOR.km6,Korean,Koreanic,wail,w ey l,1,ey,2.279883017617959e-06,26.677232790034168,6,6,0.007042253521126761
AN19-rec-7eb693a32c8cc91b0cc8:phone:3,AN19-rec-7eb693a32c8cc91b0cc8,AN19.MIX.im2,Bengali,Indo-Aryan,route,r uw t,2,t,1.5286644181802966e-14,64.13964060404687,6,6,0.007246376811594203
AN19-rec-7ebb0a1ff08c27cfd41b:phone:2,AN19-rec-7ebb0a1ff08c27cfd41b,AN19.SPA.sf5,Spanish,Romance,thing,th ih ng,1,ih,7.252938060283226e-06,35.66793621270427,6,6,0.007194244604316547
AN19-rec-7ec30ef7c3cfb6631dde:phone:2,AN19-rec-7ec30ef7c3cfb6631dde,AN19.MIX.im1,Romanian,Romance,voice,v oy s,1,oy,7.111787792077596e-06,37.14314637840476,6,6,0.006802721088435374
AN19-rec-7ec81062d1294360489c:phone:2,AN19-rec-7ec81062d1294360489c,AN19.KOR.km3,Korean,Koreanic,con,k aa n,1,aa,3.5557264161403124e-08,31.21337934145244,6,6,0.006666666666666667
AN19-rec-7f01c839a79c2e8de0d3:phone:2,AN19-rec-7f01c839a79c2e8de0d3,AN19.KOR.kf6,Korean,Koreanic,noise,n oy z,1,oy,1.3431421123294633e-07,45.686874967496,6,6,0.007042253521126761
AN19-rec-7f0244b79fd79e71e66e:phone:2,AN19-rec-7f0244b79fd79e71e66e,AN19.KOR.km3,Korean,Koreanic,teeth,t iy th,1,iy,7.453406414882808e-13,38.39477114506276,6,6,0.006666666666666667
AN19-rec-7f053ab9ac048e6c597d:phone:3,AN19-rec-7f053ab9ac048e6c597d,AN19.KOR.kf5,Korean,Koreanic,mum,m ah m,2,m,7.3839792531471e-12,41.42028881284583,6,6,0.006993006993006993
AN19-rec-7f061e7fa2451cdfc050:phone:2,AN19-rec-7f061e7fa2451cdfc050,AN19.KOR.km6,Korean,Koreanic,mace,m ey s,1,ey,7.045736003592946e-06,19.349137128773787,6,6,0.007042253521126761
AN19-rec-7f061e7fa2451cdfc050:phone:3,AN19-rec-7f061e7fa2451cdfc050,AN19.KOR.km6,Korean,Koreanic,mace,m ey s,2,s,7.745702369787675e-14,37.42359728208213,6,6,0.007042253521126761
AN19-rec-7f0c78a4e321a7ff2429:phone:1,AN19-rec-7f0c78a4e321a7ff2429,AN19.SPA.sm6,Spanish,Romance,mote,m ow t,0,m,5.296416208010471e-11,32.084170855657185,6,6,0.006756756756756757
AN19-rec-7f0c78a4e321a7ff2429:phone:2,AN19-rec-7f0c78a4e321a7ff2429,AN19.SPA.sm6,Spanish,Romance,mote,m ow t,1,ow,2.813207086523264e-15,45.45821176220707,6,6,0.006756756756756757
AN19-rec-7f209036703d210a1e57:phone:3,AN19-rec-7f209036703d210a1e57,AN19.MIX.if1,Albanian,Albanian,death,d eh th,2,th,2.255603862372728e-11,52.89746624453725,6,6,0.0070921985815602835
AN19-rec-7f298e99aaf8ad4d53a7:phone:1,AN19-rec-7f298e99aaf8ad4d53a7,AN19.KOR.kf3,Korean,Koreanic,move,m uw v,0,m,8.816072869251048e-07,38.08021557706496,6,6,0.007246376811594203
AN19-rec-7f438729c6a947218dc5:phone:2,AN19-rec-7f438729c6a947218dc5,AN19.MIX.if1,Albanian,Albanian,wash,w aa sh,1,aa,0.00017084968173883576,24.37077415285873,6,6,0.0070921985815602835
AN19-rec-7f4646a635df27834d5e:phone:2,AN19-rec-7f4646a635df27834d5e,AN19.KOR.km7,Korean,Koreanic,cod,k aa d,1,aa,4.389250632824206e-08,47.54774948713021,6,6,0.006711409395973154
AN19-rec-7f46679e15585dec35a4:phone:2,AN19-rec-7f46679e15585dec35a4,AN19.SPA.sf3,Spanish,Romance,bead,b iy d,1,iy,0.0018571990512451187,26.12670386902654,6,6,0.007246376811594203
AN19-rec-7f46679e15585dec35a4:phone:3,AN19-rec-7f46679e15585dec35a4,AN19.SPA.sf3,Spanish,Romance,bead,b iy d,2,d,0.0001355062815122431,29.063778584328197,6,6,0.007246376811594203
AN19-rec-7f4f12b5b6447c540711:phone:1,AN19-rec-7f4f12b5b6447c540711,AN19.SPA.sm4,Spanish,Romance,give,g ih v,0,g,4.025567297134792e-08,28.484761605093336,6,6,0.007194244604316547
AN19-rec-7f6ec7112883bf4aa447:phone:2,AN19-rec-7f6ec7112883bf4aa447,AN19.MIX.if3,French,Romance,mace,m ey s,1,ey,0.0051297131564126686,16.538171152275144,6,6,0.006993006993006993
AN19-rec-7f6ec7112883bf4aa447:phone:3,AN19-rec-7f6ec7112883bf4aa447,AN19.MIX.if3,French,Romance,mace,m ey s,2,s,1.3060412659734466e-06,46.983767751970106,6,6,0.006993006993006993
AN19-rec-7f7cbb1612dcd6425677:phone:3,AN19-rec-7f7cbb1612dcd6425677,AN19.MIX.im4,Mandarin,Sino-Tibetan,peace,p iy s,2,s,6.823252465068128e-05,25.979066121567502,6,6,0.006993006993006993
AN19-rec-7f80d09492700e80a959:phone:2,AN19-rec-7f80d09492700e80a959,AN19.MIX.if1,Albanian,Albanian,caught,k aa t,1,aa,0.0001062880335493595,67.86651860734888,6,6,0.0070921985815602835
AN19-rec-7f817961aa8a0e19b46e:phone:2,AN19-rec-7f817961aa8a0e19b46e,AN19.SPA.sf6,Spanish,Romance,size,s ay z,1,ay,5.60406015973695e-05,20.727887531609174,6,6,0.007042253521126761
AN19-rec-7f8c9518a0bb6430cd5d:phone:3,AN19-rec-7f8c9518a0bb6430cd5d,AN19.MIX.im1,Romanian,Romance,peace,p iy s,2,s,3.4858157851872834e-06,21.88041767064356,6,6,0.006802721088435374
AN19-rec-7fb1b1cfa8452a103d71:phone:1,AN19-rec-7fb1b1cfa8452a103d71,AN19.MIX.if4,German,Germanic,food,f uw d,0,f,3.786739764003988e-11,31.82921811440464,6,6,0.0072992700729927005
AN19-rec-7fc977daacf9ff35eb58:phone:1,AN19-rec-7fc977daacf9ff35eb58,AN19.SPA.sf5,Spanish,Romance,rim,r ih m,0,r,0.0004530007590480044,59.18035686251301,6,6,0.007194244604316547
AN19-rec-7fcead3a6343bbef8e50:phone:2,AN19-rec-7fcead3a6343bbef8e50,AN19.KOR.km2,Korean,Koreanic,rhyme,r ay m,1,ay,3.52751652705124e-08,35.58820105075726,6,6,0.006756756756756757
AN19-rec-7fd0dc5df2527fc68b23:phone:1,AN19-rec-7fd0dc5df2527fc68b23,AN19.SPA.sf1,Spanish,Romance,pawn,p ao n,0,p,2.736300465554349e-30,78.88233209489515,6,6,0.006896551724137931
AN19-rec-7fdcd8c0e14e5bcb8219:phone:1,AN19-rec-7fdcd8c0e14e5bcb8219,AN19.MIX.im2,Bengali,Indo-Aryan,thick,th ih k,0,th,1.6291880598061778e-09,58.373342220593685,6,6,0.007246376811594203
AN19-rec-7fdcd8c0e14e5bcb8219:phone:2,AN19-rec-7fdcd8c0e14e5bcb8219,AN19.MIX.im2,Bengali,Indo-Aryan,thick,th ih k,1,ih,9.305400534673721e-20,71.39770451782815,6,6,0.007246376811594203
AN19-rec-7fe07275608213756dec:phone:1,AN19-rec-7fe07275608213756dec,AN19.MIX.if5,Japanese,Japonic,soil,s oy l,0,s,4.001311815619025e-05,17.659405096811007,6,6,0.006711409395973154
AN19-rec-7fe07275608213756dec:phone:2,AN19-rec-7fe07275608213756dec,AN19.MIX.if5,Japanese,Japonic,soil,s oy l,1,oy,2.240701898230396e-13,37.52286438096694,6,6,0.006711409395973154
AN19-rec-7fe72ecd78f1341347ac:phone:2,AN19-rec-7fe72ecd78f1341347ac,AN19.MIX.if3,French,Romance,cod,k aa d,1,aa,4.871849761346644e-09,59.35434463371851,6,6,0.006993006993006993
AN19-rec-7fecf294a6b6f0f857ab:phone:3,AN19-rec-7fecf294a6b6f0f857ab,AN19.MIX.if3,French,Romance,bead,b iy d,2,d,6.2825027505627064e-06,22.471862257892408,6,6,0.006993006993006993
AN19-rec-7fede5ccff52bb17b8ef:phone:2,AN19-rec-7fede5ccff52bb17b8ef,AN19.SPA.sm2,Spanish,Romance,learn,l er n,1,er,0.0004912696716823262,24.879820702675392,6,6,0.007042253521126761
AN19-rec-8007cc761ced50590a2c:phone:3,AN19-rec-8007cc761ced50590a2c,AN19.KOR.km7,Korean,Koreanic,route,r uw t,2,t,2.9723594278252717e-05,46.32243765681528,6,6,0.006711409395973154
AN19-rec-801b119df6a7cf81ce74:phone:2,AN19-rec-801b119df6a7cf81ce74,AN19.MIX.if2,Dutch,Germanic,shape,sh ey p,1,ey,0.002482324044740922,16.82314668454075,6,6,0.006944444444444444
AN19-rec-802a3dda96160e506e84:phone:2,AN19-rec-802a3dda96160e506e84,AN19.MIX.im1,Romanian,Romance,shape,sh ey p,1,ey,2.3447971579626118e-08,21.28803153189575,6,6,0.006802721088435374
AN19-rec-80303cc786f11835bc89:phone:2,AN19-rec-80303cc786f11835bc89,AN19.MIX.if2,Dutch,Germanic,sill,s ih l,1,ih,3.808684924455863e-12,30.96227421117339,6,6,0.006944444444444444
AN19-rec-8033a265f1c9cc704267:phone:1,AN19-rec-8033a265f1c9cc704267,AN19.MIX.if4,German,Germanic,den,d eh n,0,d,2.2028304922335597e-12,39.16459562929318,6,6,0.0072992700729927005
AN19-rec-8033a265f1c9cc704267:phone:2,AN19-rec-8033a265f1c9cc704267,AN19.MIX.if4,German,Germanic,den,d eh n,1,eh,0.0006418628142346789,16.583975484666848,6,6,0.0072992700729927005
AN19-rec-8047504047c7e90014cd:phone:3,AN19-rec-8047504047c7e90014cd,AN19.MIX.im3,Russian,Slavic,pup,p ah p,2,p,5.234257348498789e-10,47.64815980737705,6,6,0.006756756756756757
AN19-rec-80588e35dd5db9ef5f29:phone:2,AN19-rec-80588e35dd5db9ef5f29,AN19.SPA.sm6,Spanish,Romance,rat,r ae t,1,ae,0.05567942122312983,19.02991535126907,6,6,0.006756756756756757
AN19-rec-8068dfa14fcba079e0d6:phone:1,AN19-rec-8068dfa14fcba079e0d6,AN19.MIX.if3,French,Romance,king,k ih ng,0,k,3.4772625770136984e-15,47.28804088665182,6,6,0.006993006993006993
AN19-rec-8075c0dd4b27792a890b:phone:1,AN19-rec-8075c0dd4b27792a890b,AN19.KOR.kf3,Korean,Koreanic,give,g ih v,0,g,1.4006103743313598e-12,39.04796055896358,6,6,0.007246376811594203
AN19-rec-808b23ea23d1d557187e:phone:1,AN19-rec-808b23ea23d1d557187e,AN19.SPA.sm5,Spanish,Romance,balm,b aa m,0,b,1.05045227461512e-12,40.44904138697181,6,6,0.006896551724137931
AN19-rec-8094cd60ecd33b600b60:phone:3,AN19-rec-8094cd60ecd33b600b60,AN19.KOR.kf3,Korean,Koreanic,death,d eh th,2,th,1.2977997918024358e-09,53.77075983164445,6,6,0.007246376811594203
AN19-rec-809526b9e5ee57170ddc:phone:2,AN19-rec-809526b9e5ee57170ddc,AN19.KOR.km3,Korean,Koreanic,watch,w aa ch,1,aa,3.949645477722133e-06,42.50274231484379,6,6,0.006666666666666667
AN19-rec-809676f0363f65e1b5fd:phone:2,AN19-rec-809676f0363f65e1b5fd,AN19.KOR.km1,Korean,Koreanic,wrong,r ao ng,1,ao,1.3439678045977054e-26,88.62028018176791,6,8,0.0072992700729927005
AN19-rec-809b7c01193e863edaaa:phone:3,AN19-rec-809b7c01193e863edaaa,AN19.KOR.km1,Korean,Koreanic,hurl,hh er l,2,l,1.0862989633434773e-11,39.499766944967774,6,6,0.0072992700729927005
AN19-rec-80a589b20bcc0b72d33d:phone:1,AN19-rec-80a589b20bcc0b72d33d,AN19.SPA.sm4,Spanish,Romance,chief,ch iy f,0,ch,0.009879339595082071,23.502452822873767,6,6,0.007194244604316547
AN19-rec-80a589b20bcc0b72d33d:phone:2,AN19-rec-80a589b20bcc0b72d33d,AN19.SPA.sm4,Spanish,Romance,chief,ch iy f,1,iy,0.0001575911876049597,21.154924909216216,6,6,0.007194244604316547
AN19-rec-80a862518662d11750a4:phone:1,AN19-rec-80a862518662d11750a4,AN19.SPA.sm4,Spanish,Romance,mote,m ow t,0,m,4.773806442605828e-05,31.86955529563293,6,6,0.007194244604316547
AN19-rec-80a862518662d11750a4:phone:2,AN19-rec-80a862518662d11750a4,AN19.SPA.sm4,Spanish,Romance,mote,m ow t,1,ow,2.8078272984891756e-05,18.393274370327607,6,6,0.007194244604316547
AN19-rec-80c453b9160a8179e9a5:phone:2,AN19-rec-80c453b9160a8179e9a5,AN19.SPA.sf5,Spanish,Romance,suck,s ah k,1,ah,3.6312227209746405e-08,40.78160787481562,6,6,0.007194244604316547
AN19-rec-80c82de5f11d18d9275f:phone:1,AN19-rec-80c82de5f11d18d9275f,AN19.KOR.km1,Korean,Koreanic,page,p ey jh,0,p,5.825600198428543e-07,27.063127410234404,6,6,0.0072992700729927005
AN19-rec-80c82de5f11d18d9275f:phone:3,AN19-rec-80c82de5f11d18d9275f,AN19.KOR.km1,Korean,Koreanic,page,p ey jh,2,jh,1.7964127845231628e-08,51.64910728211019,6,6,0.0072992700729927005
AN19-rec-80cb15a408b1f4859994:phone:3,AN19-rec-80cb15a408b1f4859994,AN19.MIX.im1,Romanian,Romance,thought,th ao t,2,t,1.9491280428660872e-15,53.89877069721094,6,6,0.006802721088435374
AN19-rec-80ccdd9a04323de91966:phone:3,AN19-rec-80ccdd9a04323de91966,AN19.KOR.kf2,Korean,Koreanic,beak,b iy k,2,k,1.3540179412142011e-17,57.14295661344158,6,6,0.0072992700729927005
AN19-rec-80e53292376612211394:phone:1,AN19-rec-80e53292376612211394,AN19.KOR.kf2,Korean,Koreanic,god,g aa d,0,g,3.1237990311915944e-07,46.30919231692696,6,6,0.0072992700729927005
AN19-rec-80e8f17efbae26157ee6:phone:1,AN19-rec-80e8f17efbae26157ee6,AN19.MIX.im3,Russian,Slavic,bean,b iy n,0,b,4.9535468397785965e-12,47.5918683359354,6,6,0.006756756756756757
AN19-rec-80e8f17efbae26157ee6:phone:2,AN19-rec-80e8f17efbae26157ee6,AN19.MIX.im3,Russian,Slavic,bean,b iy n,1,iy,0.00040943853777756963,25.704257985995586,6,6,0.006756756756756757
AN19-rec-8103875ab55a61f8b131:phone:1,AN19-rec-8103875ab55a61f8b131,AN19.MIX.if2,Dutch,Germanic,rough,r ah f,0,r,0.001786429838440327,19.49193208866916,6,6,0.006944444444444444
AN19-rec-8111112140764e522aff:phone:1,AN19-rec-8111112140764e522aff,AN19.MIX.im3,Russian,Slavic,wick,w ih k,0,w,0.002521399835178573,32.33958257425548,6,6,0.006756756756756757
AN19-rec-812e2ddd70e7934e3e07:phone:3,AN19-rec-812e2ddd70e7934e3e07,AN19.SPA.sf5,Spanish,Romance,beak,b iy k,2,k,4.199720674489182e-14,46.78613506882169,6,6,0.007194244604316547
AN19-rec-81308167f4489a6ac32d:phone:2,AN19-rec-81308167f4489a6ac32d,AN19.SPA.sm7,Spanish,Romance,fool,f uw l,1,uw,1.2032529190367244e-05,25.273795286300476,6,6,0.007352941176470588
AN19-rec-8136d66c305e8c972d06:phone:3,AN19-rec-8136d66c305e8c972d06,AN19.MIX.im2,Bengali,Indo-Aryan,toot,t uw t,2,t,7.919048409917726e-21,64.61073824605683,6,6,0.007246376811594203
AN19-rec-814517763a1ef5963065:phone:2,AN19-rec-814517763a1ef5963065,AN19.KOR.kf6,Korean,Koreanic,teeth,t iy th,1,iy,0.000515603433613786,39.75855725791181,6,6,0.007042253521126761
AN19-rec-814990cbef13ef409657:phone:3,AN19-rec-814990cbef13ef409657,AN19.MIX.im6,Hindi,Indo-Aryan,thought,th ao t,2,t,3.102230401536485e-07,37.24319293610464,6,6,0.006711409395973154
AN19-rec-817642c968586eabd025:phone:2,AN19-rec-817642c968586eabd025,AN19.SPA.sf1,Spanish,Romance,leg,l eh g,1,eh,2.5290333522670166e-12,47.38269334698245,6,6,0.006896551724137931
AN19-rec-818214a3577ef7d2572b:phone:1,AN19-rec-818214a3577ef7d2572b,AN19.KOR.kf6,Korean,Koreanic,bean,b iy n,0,b,3.651205422973887e-11,41.41417515793939,6,6,0.007042253521126761
AN19-rec-818214a3577ef7d2572b:phone:2,AN19-rec-818214a3577ef7d2572b,AN19.KOR.kf6,Korean,Koreanic,bean,b iy n,1,iy,7.01068144588022e-08,18.653452961070208,6,6,0.007042253521126761
AN19-rec-818e989f79c40809811d:phone:3,AN19-rec-818e989f79c40809811d,AN19.MIX.im4,Mandarin,Sino-Tibetan,death,d eh th,2,th,4.4196387688137746e-09,58.829985111234265,6,6,0.006993006993006993
AN19-rec-8190b09820a0625a9f2b:phone:3,AN19-rec-8190b09820a0625a9f2b,AN19.KOR.km1,Korean,Koreanic,young,y ah ng,2,ng,1.0678795250658476e-09,29.670843980022838,6,6,0.0072992700729927005
AN19-rec-81e9764e953a059f558e:phone:2,AN19-rec-81e9764e953a059f558e,AN19.MIX.if2,Dutch,Germanic,kin,k ih n,1,ih,6.259204223496561e-20,51.12119923119633,6,6,0.006944444444444444
AN19-rec-821b15dc43c087cdc133:phone:2,AN19-rec-821b15dc43c087cdc133,AN19.MIX.im4,Mandarin,Sino-Tibetan,rut,r ah t,1,ah,0.024622697312060415,29.695705246985742,6,6,0.006993006993006993
AN19-rec-822e9022c0b1fa76b008:phone:1,AN19-rec-822e9022c0b1fa76b008,AN19.SPA.sf3,Spanish,Romance,move,m uw v,0,m,1.149644677411144e-05,33.081688570153226,6,6,0.007246376811594203
AN19-rec-822e9022c0b1fa76b008:phone:3,AN19-rec-822e9022c0b1fa76b008,AN19.SPA.sf3,Spanish,Romance,move,m uw v,2,v,6.313639739892322e-09,25.793924673482664,6,6,0.007246376811594203
AN19-rec-8240014b5c612afaf614:phone:1,AN19-rec-8240014b5c612afaf614,AN19.SPA.sm4,Spanish,Romance,lice,l ay s,0,l,0.00017267355696659064,19.16823413150902,6,6,0.007194244604316547
AN19-rec-8240014b5c612afaf614:phone:2,AN19-rec-8240014b5c612afaf614,AN19.SPA.sm4,Spanish,Romance,lice,l ay s,1,ay,7.907665857590631e-07,17.960372763875338,6,6,0.007194244604316547
AN19-rec-8240014b5c612afaf614:phone:3,AN19-rec-8240014b5c612afaf614,AN19.SPA.sm4,Spanish,Romance,lice,l ay s,2,s,0.0004314054720815568,19.23993500245408,6,6,0.007194244604316547
AN19-rec-824888603fb6262646f7:phone:2,AN19-rec-824888603fb6262646f7,AN19.KOR.kf1,Korean,Koreanic,rat,r ae t,1,ae,2.8293089571217846e-15,56.49145922696162,6,6,0.0072992700729927005
AN19-rec-824ef04e62a8ba8c6783:phone:3,AN19-rec-824ef04e62a8ba8c6783,AN19.MIX.im5,Turkish,Turkic,mouth,m aw th,2,th,2.171452362989541e-16,57.406316565422095,6,6,0.007246376811594203
AN19-rec-825baaab969222d9ecf6:phone:1,AN19-rec-825baaab969222d9ecf6,AN19.SPA.sf1,Spanish,Romance,hag,hh ae g,0,hh,3.911760869003957e-11,33.195184134974674,6,6,0.006896551724137931
AN19-rec-825baaab969222d9ecf6:phone:3,AN19-rec-825baaab969222d9ecf6,AN19.SPA.sf1,Spanish,Romance,hag,hh ae g,2,g,2.0667547202660827e-11,48.54268378625832,6,6,0.006896551724137931
AN19-rec-826dddfd8a920555a750:phone:2,AN19-rec-826dddfd8a920555a750,AN19.KOR.km2,Korean,Koreanic,mace,m ey s,1,ey,1.0862365006344191e-06,22.79761915810228,6,6,0.006756756756756757
AN19-rec-826dddfd8a920555a750:phone:3,AN19-rec-826dddfd8a920555a750,AN19.KOR.km2,Korean,Koreanic,mace,m ey s,2,s,2.25074870060285e-05,44.47412080566614,6,6,0.006756756756756757
AN19-rec-82800982a99589781125:phone:2,AN19-rec-82800982a99589781125,AN19.MIX.im2,Bengali,Indo-Aryan,lad,l ae d,1,ae,2.3434401784368348e-21,57.90744849226152,6,6,0.007246376811594203
AN19-rec-828604555c1311672fc3:phone:2,AN19-rec-828604555c1311672fc3,AN19.KOR.km2,Korean,Koreanic,fool,f uw l,1,uw,7.337920439391964e-10,32.28051965409585,6,6,0.006756756756756757
AN19-rec-82a4e15f564bdfa9762c:phone:2,AN19-rec-82a4e15f564bdfa9762c,AN19.MIX.if4,German,Germanic,teat,t iy t,1,iy,3.405249983486898e-17,48.13202377278109,6,6,0.0072992700729927005
AN19-rec-82d307d5fe82b2983bde:phone:1,AN19-rec-82d307d5fe82b2983bde,AN19.MIX.if3,French,Romance,move,m uw v,0,m,1.990101228681858e-12,36.73288366243428,6,6,0.006993006993006993
AN19-rec-82d307d5fe82b2983bde:phone:3,AN19-rec-82d307d5fe82b2983bde,AN19.MIX.if3,French,Romance,move,m uw v,2,v,3.251912023773738e-06,20.920018657224823,6,6,0.006993006993006993
AN19-rec-82d4aa632e96e82849d3:phone:1,AN19-rec-82d4aa632e96e82849d3,AN19.SPA.sm7,Spanish,Romance,join,jh oy n,0,jh,0.0346905742327387,32.51886719668227,6,6,0.007352941176470588
AN19-rec-82de364e68c490ee8cca:phone:1,AN19-rec-82de364e68c490ee8cca,AN19.MIX.if3,French,Romance,curve,k er v,0,k,1.3395409241799124e-05,30.15557514823057,6,6,0.006993006993006993
AN19-rec-82de364e68c490ee8cca:phone:3,AN19-rec-82de364e68c490ee8cca,AN19.MIX.if3,French,Romance,curve,k er v,2,v,0.00019851464420850997,14.193159372960906,6,6,0.006993006993006993
AN19-rec-82e191b38495b7295251:phone:1,AN19-rec-82e191b38495b7295251,AN19.MIX.im1,Romanian,Romance,hag,hh ae g,0,hh,5.563983106864572e-31,79.46135714540189,6,6,0.006802721088435374
AN19-rec-82e191b38495b7295251:phone:3,AN19-rec-82e191b38495b7295251,AN19.MIX.im1,Romanian,Romance,hag,hh ae g,2,g,4.133589938959987e-21,86.75128309203201,6,6,0.006802721088435374
AN19-rec-83003f30fbc325cfee5f:phone:2,AN19-rec-83003f30fbc325cfee5f,AN19.SPA.sm5,Spanish,Romance,learn,l er n,1,er,3.578306414051025e-08,22.719806249528386,6,6,0.006896551724137931
AN19-rec-83058f5fba91e07f8ad9:phone:2,AN19-rec-83058f5fba91e07f8ad9,AN19.KOR.kf2,Korean,Koreanic,teeth,t iy th,1,iy,1.1778256762642455e-05,32.926057161321346,6,6,0.0072992700729927005
AN19-rec-8325f1aab62692ec6ec8:phone:3,AN19-rec-8325f1aab62692ec6ec8,AN19.MIX.if3,French,Romance,mum,m ah m,2,m,2.9678738353590333e-07,33.25623371208844,6,6,0.006993006993006993
AN19-rec-832aa23492d337c5306d:phone:2,AN19-rec-832aa23492d337c5306d,AN19.SPA.sm7,Spanish,Romance,soak,s ow k,1,ow,7.944922504821473e-06,28.33002621985733,6,6,0.007352941176470588
AN19-rec-832b1f9b5a45d3017f8b:phone:3,AN19-rec-832b1f9b5a45d3017f8b,AN19.MIX.im4,Mandarin,Sino-Tibetan,beak,b iy k,2,k,2.071656748340865e-07,29.270861953475105,6,6,0.006993006993006993
AN19-rec-83509063979d8f77fe2b:phone:2,AN19-rec-83509063979d8f77fe2b,AN19.KOR.kf3,Korean,Koreanic,mat,m ae t,1,ae,5.233274342241853e-10,30.9489982999024,6,6,0.007246376811594203
AN19-rec-835564d49cc02fb7b3bc:phone:2,AN19-rec-835564d49cc02fb7b3bc,AN19.KOR.km2,Korean,Koreanic,rat,r ae t,1,ae,1.3341729966512632e-05,24.819946781212327,6,6,0.006756756756756757
AN19-rec-83671c883a3854314016:phone:2,AN19-rec-83671c883a3854314016,AN19.SPA.sm5,Spanish,Romance,wrong,r ao ng,1,ao,8.442987737366546e-08,22.586264359677447,6,8,0.006896551724137931
AN19-rec-838b9d1ff9c3fa7bdfea:phone:3,AN19-rec-838b9d1ff9c3fa7bdfea,AN19.MIX.im6,Hindi,Indo-Aryan,faith,f ey th,2,th,5.0951086286563626e-08,30.54742733985209,6,6,0.006711409395973154
AN19-rec-83c53139c330831beca2:phone:2,AN19-rec-83c53139c330831beca2,AN19.KOR.km7,Korean,Koreanic,kit,k ih t,1,ih,0.0064061236391103615,21.33027845149921,6,6,0.006711409395973154
AN19-rec-83e63a7a1099b285541c:phone:2,AN19-rec-83e63a7a1099b285541c,AN19.MIX.im4,Mandarin,Sino-Tibetan,thing,th ih ng,1,ih,4.957619331955274e-14,68.12556139252118,6,6,0.006993006993006993
AN19-rec-83f00a8fcbfaf37d3505:phone:2,AN19-rec-83f00a8fcbfaf37d3505,AN19.KOR.km8,Korean,Koreanic,size,s ay z,1,ay,0.0018961926391371667,20.47911132383293,6,6,0.006896551724137931
AN19-rec-83f1e81f85eadd7c7181:phone:3,AN19-rec-83f1e81f85eadd7c7181,AN19.MIX.if5,Japanese,Japonic,pad,p ae d,2,d,4.192799134125759e-18,43.92657793754021,6,6,0.006711409395973154
AN19-rec-84071fd02cb3325a5c96:phone:1,AN19-rec-84071fd02cb3325a5c96,AN19.KOR.kf1,Korean,Koreanic,dune,d uw n,0,d,4.5108005129415163e-07,30.13044651148522,6,6,0.0072992700729927005
AN19-rec-84151716fdf0d156ac2f:phone:3,AN19-rec-84151716fdf0d156ac2f,AN19.MIX.if1,Albanian,Albanian,fig,f ih g,2,g,4.2933741640118683e-07,47.17396537005855,6,6,0.0070921985815602835
AN19-rec-841fefb82276bf64f347:phone:1,AN19-rec-841fefb82276bf64f347,AN19.SPA.sf4,Spanish,Romance,bean,b iy n,0,b,4.535065874732023e-13,47.12567461017566,6,6,0.0070921985815602835
AN19-rec-841fefb82276bf64f347:phone:2,AN19-rec-841fefb82276bf64f347,AN19.SPA.sf4,Spanish,Romance,bean,b iy n,1,iy,4.50990129468026e-08,21.143948372678825,6,6,0.0070921985815602835
AN19-rec-843868c56842494a2d80:phone:2,AN19-rec-843868c56842494a2d80,AN19.KOR.kf1,Korean,Koreanic,teeth,t iy th,1,iy,1.1033153791851758e-12,43.674028483572414,6,6,0.0072992700729927005
AN19-rec-843d7c088cbf01990b92:phone:1,AN19-rec-843d7c088cbf01990b92,AN19.MIX.if6,Somali,Afro-Asiatic,ship,sh ih p,0,sh,0.007425308133068558,9.136497444571528,6,6,0.007246376811594203
AN19-rec-843d7c088cbf01990b92:phone:3,AN19-rec-843d7c088cbf01990b92,AN19.MIX.if6,Somali,Afro-Asiatic,ship,sh ih p,2,p,0.03826215709383859,10.676633638532602,6,6,0.007246376811594203
AN19-rec-8468c44cd35d28c11171:phone:3,AN19-rec-8468c44cd35d28c11171,AN19.KOR.km3,Korean,Koreanic,lame,l ey m,2,m,3.4899098961651165e-06,33.35381805872478,6,6,0.006666666666666667
AN19-rec-847f17c64c0a6ea629f7:phone:3,AN19-rec-847f17c64c0a6ea629f7,AN19.MIX.if1,Albanian,Albanian,thought,th ao t,2,t,5.678105731919357e-09,33.41371666957966,6,6,0.0070921985815602835
AN19-rec-8481aa5ed725331fe19a:phone:3,AN19-rec-8481aa5ed725331fe19a,AN19.KOR.kf5,Korean,Koreanic,pup,p ah p,2,p,6.282787841402139e-15,50.51353130584824,6,6,0.006993006993006993
AN19-rec-848ae0d8db41f298ea96:phone:2,AN19-rec-848ae0d8db41f298ea96,AN19.MIX.if4,German,Germanic,noise,n oy z,1,oy,2.4465714741644248e-05,37.547221370758976,6,6,0.0072992700729927005
AN19-rec-8496756d74f23057f9a4:phone:2,AN19-rec-8496756d74f23057f9a4,AN19.KOR.km6,Korean,Koreanic,caught,k aa t,1,aa,8.42041186728803e-13,49.42075537327,6,6,0.007042253521126761
AN19-rec-84a451ad2e09f65e87b5:phone:1,AN19-rec-84a451ad2e09f65e87b5,AN19.SPA.sm4,Spanish,Romance,jack,jh ae k,0,jh,0.022077162999405275,8.561913701492577,6,6,0.007194244604316547
AN19-rec-84a451ad2e09f65e87b5:phone:3,AN19-rec-84a451ad2e09f65e87b5,AN19.SPA.sm4,Spanish,Romance,jack,jh ae k,2,k,1.2175389640439614e-49,120.23386172530188,6,6,0.007194244604316547
AN19-rec-84a53868083188bb2410:phone:1,AN19-rec-84a53868083188bb2410,AN19.MIX.if1,Albanian,Albanian,league,l iy g,0,l,6.721836999640469e-10,33.88467462280465,6,6,0.0070921985815602835
AN19-rec-84a53868083188bb2410:phone:2,AN19-rec-84a53868083188bb2410,AN19.MIX.if1,Albanian,Albanian,league,l iy g,1,iy,0.044269959386021525,10.917743056297317,6,6,0.0070921985815602835
AN19-rec-84a53868083188bb2410:phone:3,AN19-rec-84a53868083188bb2410,AN19.MIX.if1,Albanian,Albanian,league,l iy g,2,g,0.0034350597840121355,12.801047899932565,6,6,0.0070921985815602835
AN19-rec-84a79439a506ba1cc546:phone:1,AN19-rec-84a79439a506ba1cc546,AN19.KOR.kf4,Korean,Koreanic,move,m uw v,0,m,7.457101292360445e-07,33.815329611922515,6,6,0.0070921985815602835
AN19-rec-84a79439a506ba1cc546:phone:3,AN19-rec-84a79439a506ba1cc546,AN19.KOR.kf4,Korean,Koreanic,move,m uw v,2,v,4.711409884556746e-12,42.60348048675706,6,6,0.0070921985815602835
AN19-rec-84d680bb4550414f6e58:phone:1,AN19-rec-84d680bb4550414f6e58,AN19.SPA.sm2,Spanish,Romance,pool,p uw l,0,p,1.8503953188946598e-07,26.809785228902356,6,6,0.007042253521126761
AN19-rec-84e9b665ac1e145a8cfe:phone:1,AN19-rec-84e9b665ac1e145a8cfe,AN19.MIX.im6,Hindi,Indo-Aryan,shall,sh ae l,0,sh,0.00010651184944194762,16.055600007202873,6,6,0.006711409395973154
AN19-rec-84e9b665ac1e145a8cfe:phone:2,AN19-rec-84e9b665ac1e145a8cfe,AN19.MIX.im6,Hindi,Indo-Aryan,shall,sh ae l,1,ae,4.053117475745028e-07,24.04111884544662,6,6,0.006711409395973154
AN19-rec-84ea2e1c39d9e6a08371:phone:1,AN19-rec-84ea2e1c39d9e6a08371,AN19.KOR.km7,Korean,Koreanic,sane,s ey n,0,s,0.0005468451546191364,14.16713936345628,6,6,0.006711409395973154
AN19-rec-84ea2e1c39d9e6a08371:phone:2,AN19-rec-84ea2e1c39d9e6a08371,AN19.KOR.km7,Korean,Koreanic,sane,s ey n,1,ey,0.0428189025721554,19.26604197395346,6,6,0.006711409395973154
AN19-rec-85181b32cfa02037148c:phone:1,AN19-rec-85181b32cfa02037148c,AN19.KOR.kf1,Korean,Koreanic,pool,p uw l,0,p,3.8127112547666426e-06,25.13916497986949,6,6,0.0072992700729927005
AN19-rec-852160a3f031053792b7:phone:1,AN19-rec-852160a3f031053792b7,AN19.KOR.kf1,Korean,Koreanic,shop,sh aa p,0,sh,0.001742091166512112,15.146179979333908,6,6,0.0072992700729927005
AN19-rec-852160a3f031053792b7:phone:3,AN19-rec-852160a3f031053792b7,AN19.KOR.kf1,Korean,Koreanic,shop,sh aa p,2,p,3.41982510030518e-08,45.358375980300565,6,6,0.0072992700729927005
AN19-rec-855d13b0f1ff9000627d:phone:1,AN19-rec-855d13b0f1ff9000627d,AN19.MIX.if1,Albanian,Albanian,rough,r ah f,0,r,2.5318652266031663e-13,39.61012008146709,6,6,0.0070921985815602835
AN19-rec-8565592fdf2456e0439e:phone:1,AN19-rec-8565592fdf2456e0439e,AN19.KOR.km2,Korean,Koreanic,shop,sh aa p,0,sh,0.01218801042562945,13.014073082728844,6,6,0.006756756756756757
AN19-rec-8565592fdf2456e0439e:phone:2,AN19-rec-8565592fdf2456e0439e,AN19.KOR.km2,Korean,Koreanic,shop,sh aa p,1,aa,0.010638762945156794,19.620570539989437,6,6,0.006756756756756757
AN19-rec-8570b2ee3337668fe04c:phone:1,AN19-rec-8570b2ee3337668fe04c,AN19.SPA.sm2,Spanish,Romance,mote,m ow t,0,m,0.0028698960708098895,32.7640769476869,6,6,0.007042253521126761
AN19-rec-8570b2ee3337668fe04c:phone:2,AN19-rec-8570b2ee3337668fe04c,AN19.SPA.sm2,Spanish,Romance,mote,m ow t,1,ow,7.664967120712548e-07,17.231717178183985,6,6,0.007042253521126761
AN19-rec-8583d702d7afe1bde896:phone:1,AN19-rec-8583d702d7afe1bde896,AN19.SPA.sf6,Spanish,Romance,jack,jh ae k,0,jh,1.4578721189712584e-12,31.55484110458667,6,6,0.007042253521126761
AN19-rec-8583d702d7afe1bde896:phone:3,AN19-rec-8583d702d7afe1bde896,AN19.SPA.sf6,Spanish,Romance,jack,jh ae k,2,k,0.005139835876963148,13.434485204151889,6,6,0.007042253521126761
AN19-rec-85899ed04d1223e698ab:phone:1,AN19-rec-85899ed04d1223e698ab,AN19.KOR.km7,Korean,Koreanic,weed,w iy d,0,w,1.0422565178348134e-13,46.37854819502565,6,6,0.006711409395973154
AN19-rec-85899ed04d1223e698ab:phone:2,AN19-rec-85899ed04d1223e698ab,AN19.KOR.km7,Korean,Koreanic,weed,w iy d,1,iy,2.7885594606754226e-06,40.78163865021111,6,6,0.006711409395973154
AN19-rec-85a01f99910d192fbf65:phone:1,AN19-rec-85a01f99910d192fbf65,AN19.SPA.sm2,Spanish,Romance,pawn,p ao n,0,p,6.543881280069873e-09,25.53402248692022,6,6,0.007042253521126761
AN19-rec-85d869429b7042242703:phone:3,AN19-rec-85d869429b7042242703,AN19.MIX.if3,French,Romance,jack,jh ae k,2,k,2.4910704822013137e-47,119.57894043098192,6,6,0.006993006993006993
AN19-rec-85d928d6f197e764372f:phone:2,AN19-rec-85d928d6f197e764372f,AN19.KOR.kf2,Korean,Koreanic,lace,l ey s,1,ey,3.792248704886184e-05,20.215252242754385,6,6,0.0072992700729927005
AN19-rec-85e6855c8e500b1b9a8b:phone:2,AN19-rec-85e6855c8e500b1b9a8b,AN19.KOR.km7,Korean,Koreanic,voice,v oy s,1,oy,1.5886514373620794e-05,41.88774954070481,6,6,0.006711409395973154
AN19-rec-85fd581dfd1d69e3b520:phone:2,AN19-rec-85fd581dfd1d69e3b520,AN19.KOR.kf2,Korean,Koreanic,watch,w aa ch,1,aa,2.7908415017764224e-08,35.78523139535756,6,6,0.0072992700729927005
AN19-rec-8639c0da577215cfcb37:phone:2,AN19-rec-8639c0da577215cfcb37,AN19.SPA.sf3,Spanish,Romance,learn,l er n,1,er,6.709481527377325e-23,56.27548723741427,6,6,0.007246376811594203
AN19-rec-8645263b0e3b84157124:phone:1,AN19-rec-8645263b0e3b84157124,AN19.SPA.sm7,Spanish,Romance,both,b ow th,0,b,4.556512892584495e-11,33.84323463490927,6,6,0.007352941176470588
AN19-rec-8645263b0e3b84157124:phone:3,AN19-rec-8645263b0e3b84157124,AN19.SPA.sm7,Spanish,Romance,both,b ow th,2,th,1.3758973152471725e-07,33.19112849468936,6,6,0.007352941176470588
AN19-rec-8649b9c9fd0144f0bf3c:phone:1,AN19-rec-8649b9c9fd0144f0bf3c,AN19.SPA.sm6,Spanish,Romance,lice,l ay s,0,l,0.00010114534198989892,23.15769538610689,6,6,0.006756756756756757
AN19-rec-8649b9c9fd0144f0bf3c:phone:2,AN19-rec-8649b9c9fd0144f0bf3c,AN19.SPA.sm6,Spanish,Romance,lice,l ay s,1,ay,1.5664796012163735e-07,27.03648381993092,6,6,0.006756756756756757
AN19-rec-8649b9c9fd0144f0bf3c:phone:3,AN19-rec-8649b9c9fd0144f0bf3c,AN19.SPA.sm6,Spanish,Romance,lice,l ay s,2,s,0.0008997105370008203,23.078680155881568,6,6,0.006756756756756757
AN19-rec-864ba072a94206c48eae:phone:1,AN19-rec-864ba072a94206c48eae,AN19.KOR.kf1,Korean,Koreanic,hag,hh ae g,0,hh,1.4286441354789469e-16,51.17420201608553,6,6,0.0072992700729927005
AN19-rec-864ba072a94206c48eae:phone:3,AN19-rec-864ba072a94206c48eae,AN19.KOR.kf1,Korean,Koreanic,hag,hh ae g,2,g,3.679041715562485e-11,52.90647453364347,6,6,0.0072992700729927005
AN19-rec-865c114d52dd62948e4a:phone:3,AN19-rec-865c114d52dd62948e4a,AN19.SPA.sf5,Spanish,Romance,dog,d ao g,2,g,4.4578272487958334e-08,48.59468857294163,6,6,0.007194244604316547
AN19-rec-866175fd72defcb42bbe:phone:2,AN19-rec-866175fd72defcb42bbe,AN19.SPA.sf6,Spanish,Romance,cod,k aa d,1,aa,2.1024030526783256e-08,43.15526116292915,6,6,0.007042253521126761
AN19-rec-8672599f865f718111fb:phone:3,AN19-rec-8672599f865f718111fb,AN19.KOR.kf3,Korean,Koreanic,white,w ay t,2,t,1.788678445792762e-19,67.89521406660607,6,6,0.007246376811594203
AN19-rec-86809ebb7e8c8ec962f4:phone:1,AN19-rec-86809ebb7e8c8ec962f4,AN19.SPA.sm7,Spanish,Romance,mote,m ow t,0,m,6.5137679321963206e-06,47.51315335241839,6,6,0.007352941176470588
AN19-rec-86809ebb7e8c8ec962f4:phone:2,AN19-rec-86809ebb7e8c8ec962f4,AN19.SPA.sm7,Spanish,Romance,mote,m ow t,1,ow,4.957906191802569e-07,25.91320754748213,6,6,0.007352941176470588
AN19-rec-868375cd1a827db5fed3:phone:1,AN19-rec-868375cd1a827db5fed3,AN19.SPA.sf2,Spanish,Romance,ship,sh ih p,0,sh,5.4423444452616e-09,22.861010807213635,6,6,0.007246376811594203
AN19-rec-868375cd1a827db5fed3:phone:3,AN19-rec-868375cd1a827db5fed3,AN19.SPA.sf2,Spanish,Romance,ship,sh ih p,2,p,7.105555603515848e-24,70.60511621896602,6,6,0.007246376811594203
AN19-rec-869ab50699e0307fcb1b:phone:2,AN19-rec-869ab50699e0307fcb1b,AN19.MIX.im2,Bengali,Indo-Aryan,cod,k aa d,1,aa,2.1264254364969722e-05,50.24170696522967,6,6,0.007246376811594203
AN19-rec-86a7c2b24422a0c6afeb:phone:1,AN19-rec-86a7c2b24422a0c6afeb,AN19.SPA.sf3,Spanish,Romance,shop,sh aa p,0,sh,0.020197148041774023,13.889039575364116,6,6,0.007246376811594203
AN19-rec-86a7c2b24422a0c6afeb:phone:2,AN19-rec-86a7c2b24422a0c6afeb,AN19.SPA.sf3,Spanish,Romance,shop,sh aa p,1,aa,9.889542392400609e-07,20.80528572604189,6,6,0.007246376811594203
AN19-rec-86a7c2b24422a0c6afeb:phone:3,AN19-rec-86a7c2b24422a0c6afeb,AN19.SPA.sf3,Spanish,Romance,shop,sh aa p,2,p,0.004369995209316148,31.496265635319983,6,6,0.007246376811594203
AN19-rec-86acee5939f253bcb35d:phone:1,AN19-rec-86acee5939f253bcb35d,AN19.MIX.im6,Hindi,Indo-Aryan,gave,g ey v,0,g,2.068418793397143e-09,24.02056596906056,6,6,0.006711409395973154
AN19-rec-86b9bbfc9d6e65b4f722:phone:2,AN19-rec-86b9bbfc9d6e65b4f722,AN19.KOR.km1,Korean,Koreanic,learn,l er n,1,er,1.564310908776259e-09,29.013885130776675,6,6,0.0072992700729927005
AN19-rec-86be3e0697b13022cc19:phone:1,AN19-rec-86be3e0697b13022cc19,AN19.MIX.if6,Somali,Afro-Asiatic,bug,b ah g,0,b,2.128096603642965e-06,29.99422875722152,6,6,0.007246376811594203
AN19-rec-86bf37d3e938379220a5:phone:1,AN19-rec-86bf37d3e938379220a5,AN19.MIX.if6,Somali,Afro-Asiatic,food,f uw d,0,f,1.1225210867583562e-05,26.44334923133465,6,6,0.007246376811594203
AN19-rec-86c0daedad47c21470fc:phone:2,AN19-rec-86c0daedad47c21470fc,AN19.SPA.sf2,Spanish,Romance,fade,f ey d,1,ey,7.094144839417514e-17,49.935022538127015,6,6,0.007246376811594203
AN19-rec-86fbbe4d1c5bfdae115b:phone:1,AN19-rec-86fbbe4d1c5bfdae115b,AN19.KOR.kf5,Korean,Koreanic,league,l iy g,0,l,4.101840711739646e-09,34.99003431314342,6,6,0.006993006993006993
AN19-rec-86fbbe4d1c5bfdae115b:phone:2,AN19-rec-86fbbe4d1c5bfdae115b,AN19.KOR.kf5,Korean,Koreanic,league,l iy g,1,iy,2.715460361027239e-07,27.02704481419453,6,6,0.006993006993006993
AN19-rec-86fbbe4d1c5bfdae115b:phone:3,AN19-rec-86fbbe4d1c5bfdae115b,AN19.KOR.kf5,Korean,Koreanic,league,l iy g,2,g,2.2922813331531375e-08,28.053739657871148,6,6,0.006993006993006993
AN19-rec-87019e9007012639ada4:phone:2,AN19-rec-87019e9007012639ada4,AN19.KOR.kf3,Korean,Koreanic,bun,b ah n,1,ah,3.037593034931587e-20,64.95855480064357,6,6,0.007246376811594203
AN19-rec-870f26a65395a6a1c8ad:phone:3,AN19-rec-870f26a65395a6a1c8ad,AN19.KOR.km7,Korean,Koreanic,peace,p iy s,2,s,1.644410361273901e-06,24.013648816825583,6,6,0.006711409395973154
AN19-rec-8725fb73a0003295f705:phone:3,AN19-rec-8725fb73a0003295f705,AN19.SPA.sf1,Spanish,Romance,white,w ay t,2,t,5.329214969318771e-08,56.04453696838217,6,6,0.006896551724137931
AN19-rec-872b08aa311dc40b32e0:phone:1,AN19-rec-872b08aa311dc40b32e0,AN19.SPA.sm3,Spanish,Romance,fig,f ih g,0,f,1.6902197125276865e-11,40.34562035400926,6,6,0.0072992700729927005
AN19-rec-87376bfed8e945154c83:phone:2,AN19-rec-87376bfed8e945154c83,AN19.KOR.km6,Korean,Koreanic,lad,l ae d,1,ae,1.1803973876109586e-09,23.574015983052703,6,6,0.007042253521126761
AN19-rec-87392f343911f67f5c4b:phone:1,AN19-rec-87392f343911f67f5c4b,AN19.SPA.sf4,Spanish,Romance,bug,b ah g,0,b,2.5022309437779438e-20,62.033637227081975,6,6,0.0070921985815602835
AN19-rec-8742048598ac0b9e5aae:phone:3,AN19-rec-8742048598ac0b9e5aae,AN19.KOR.kf6,Korean,Koreanic,both,b ow th,2,th,3.511056177487282e-09,70.33145195635599,6,6,0.007042253521126761
AN19-rec-874cf54c2362b3d4b6df:phone:3,AN19-rec-874cf54c2362b3d4b6df,AN19.SPA.sf2,Spanish,Romance,gas,g ae s,2,s,5.198712575137685e-11,35.154167006062885,6,6,0.007246376811594203
AN19-rec-8780314029797fee9565:phone:1,AN19-rec-8780314029797fee9565,AN19.SPA.sf1,Spanish,Romance,young,y ah ng,0,y,0.00013057671877690893,26.36679941242045,6,6,0.006896551724137931
AN19-rec-8780314029797fee9565:phone:3,AN19-rec-8780314029797fee9565,AN19.SPA.sf1,Spanish,Romance,young,y ah ng,2,ng,0.000610275930996417,35.10781135329085,6,6,0.006896551724137931
AN19-rec-87973c7c41acb8fe6ebb:phone:1,AN19-rec-87973c7c41acb8fe6ebb,AN19.MIX.im4,Mandarin,Sino-Tibetan,chain,ch ey n,0,ch,9.077373348758397e-07,24.29444052928642,6,6,0.006993006993006993
AN19-rec-879822113724aaf5c950:phone:2,AN19-rec-879822113724aaf5c950,AN19.SPA.sf6,Spanish,Romance,fool,f uw l,1,uw,6.988447921600738e-07,22.98641944198087,6,6,0.007042253521126761
AN19-rec-87a9d0ed2867c1a576a6:phone:1,AN19-rec-87a9d0ed2867c1a576a6,AN19.MIX.im2,Bengali,Indo-Aryan,league,l iy g,0,l,1.4252971604892364e-10,35.36545119922732,6,6,0.007246376811594203
AN19-rec-87a9d0ed2867c1a576a6:phone:3,AN19-rec-87a9d0ed2867c1a576a6,AN19.MIX.im2,Bengali,Indo-Aryan,league,l iy g,2,g,6.424565781739021e-07,18.85162075683814,6,6,0.007246376811594203
AN19-rec-87cc358845eefa389ef5:phone:1,AN19-rec-87cc358845eefa389ef5,AN19.SPA.sf6,Spanish,Romance,hid,hh ih d,0,hh,4.639763836994752e-09,34.39203036161908,6,6,0.007042253521126761
AN19-rec-87d0f32ca42a58fd8a14:phone:1,AN19-rec-87d0f32ca42a58fd8a14,AN19.KOR.kf6,Korean,Koreanic,gut,g ah t,0,g,2.0789525001952673e-09,45.94178256090599,6,6,0.007042253521126761
AN19-rec-87d0f32ca42a58fd8a14:phone:3,AN19-rec-87d0f32ca42a58fd8a14,AN19.KOR.kf6,Korean,Koreanic,gut,g ah t,2,t,2.4177424475708616e-07,23.33218913452,6,6,0.007042253521126761
AN19-rec-87d32bac61206863d92d:phone:2,AN19-rec-87d32bac61206863d92d,AN19.SPA.sm4,Spanish,Romance,rat,r ae t,1,ae,2.737723115865366e-09,29.70493317193633,6,6,0.007194244604316547
AN19-rec-87dac30e3ec2b5298201:phone:2,AN19-rec-87dac30e3ec2b5298201,AN19.KOR.km3,Korean,Koreanic,size,s ay z,1,ay,1.2100106551936722e-08,30.565217174731384,6,6,0.006666666666666667
AN19-rec-87de5f2fc3f6c58cd2ff:phone:2,AN19-rec-87de5f2fc3f6c58cd2ff,AN19.SPA.sm2,Spanish,Romance,ban,b ae n,1,ae,1.1850105509110446e-24,56.01787225619094,6,6,0.007042253521126761
AN19-rec-8820dace011a45cb8e47:phone:1,AN19-rec-8820dace011a45cb8e47,AN19.SPA.sf3,Spanish,Romance,theme,th iy m,0,th,0.00410151863644683,28.448308658017567,6,6,0.007246376811594203
AN19-rec-8820dace011a45cb8e47:phone:2,AN19-rec-8820dace011a45cb8e47,AN19.SPA.sf3,Spanish,Romance,theme,th iy m,1,iy,2.2734095732389603e-06,20.97181822091021,6,6,0.007246376811594203
AN19-rec-8820dace011a45cb8e47:phone:3,AN19-rec-8820dace011a45cb8e47,AN19.SPA.sf3,Spanish,Romance,theme,th iy m,2,m,4.1422128675957165e-09,33.58992639337237,6,6,0.007246376811594203
AN19-rec-883cc7a2a8534fadbc1a:phone:2,AN19-rec-883cc7a2a8534fadbc1a,AN19.KOR.kf3,Korean,Koreanic,vice,v ay s,1,ay,4.547930687999008e-07,30.195695795511984,6,6,0.007246376811594203
AN19-rec-8847083eb5db6761d5bf:phone:3,AN19-rec-8847083eb5db6761d5bf,AN19.SPA.sm6,Spanish,Romance,fin,f ih n,2,n,6.616068154851855e-05,30.418368251193957,6,6,0.006756756756756757
AN19-rec-8851f9431bb53f3d1bcb:phone:3,AN19-rec-8851f9431bb53f3d1bcb,AN19.KOR.km8,Korean,Koreanic,white,w ay t,2,t,4.344079329994605e-13,69.4204766095794,6,6,0.006896551724137931
AN19-rec-8853cde5a5c947e97656:phone:1,AN19-rec-8853cde5a5c947e97656,AN19.SPA.sm7,Spanish,Romance,chief,ch iy f,0,ch,3.946218282259411e-06,24.2058695765026,6,6,0.007352941176470588
AN19-rec-8853cde5a5c947e97656:phone:2,AN19-rec-8853cde5a5c947e97656,AN19.SPA.sm7,Spanish,Romance,chief,ch iy f,1,iy,0.00023994441447391904,20.100814432134776,6,6,0.007352941176470588
AN19-rec-885fac05d3e603b3e899:phone:1,AN19-rec-885fac05d3e603b3e899,AN19.MIX.im3,Russian,Slavic,lice,l ay s,0,l,2.421728668889637e-10,29.00990297398306,6,6,0.006756756756756757
AN19-rec-885fac05d3e603b3e899:phone:2,AN19-rec-885fac05d3e603b3e899,AN19.MIX.im3,Russian,Slavic,lice,l ay s,1,ay,0.009690709312632832,12.462352278751522,6,6,0.006756756756756757
AN19-rec-885fac05d3e603b3e899:phone:3,AN19-rec-885fac05d3e603b3e899,AN19.MIX.im3,Russian,Slavic,lice,l ay s,2,s,0.00021285092641197979,24.408619458051884,6,6,0.006756756756756757
AN19-rec-88645e72561ed7e3a6bb:phone:1,AN19-rec-88645e72561ed7e3a6bb,AN19.KOR.kf4,Korean,Koreanic,theme,th iy m,0,th,0.033176022682831936,28.960114104431767,6,6,0.0070921985815602835
AN19-rec-88645e72561ed7e3a6bb:phone:2,AN19-rec-88645e72561ed7e3a6bb,AN19.KOR.kf4,Korean,Koreanic,theme,th iy m,1,iy,1.7807732082523573e-07,19.67099802569874,6,6,0.0070921985815602835
AN19-rec-886cf339e3b609f44526:phone:1,AN19-rec-886cf339e3b609f44526,AN19.MIX.if4,German,Germanic,goat,g ow t,0,g,6.22045181975867e-14,45.51488664826383,6,6,0.0072992700729927005
AN19-rec-886cf339e3b609f44526:phone:3,AN19-rec-886cf339e3b609f44526,AN19.MIX.if4,German,Germanic,goat,g ow t,2,t,8.186366576428784e-10,35.748160428923505,6,6,0.0072992700729927005
AN19-rec-88891cac33eef632d93d:phone:1,AN19-rec-88891cac33eef632d93d,AN19.SPA.sm4,Spanish,Romance,gave,g ey v,0,g,0.0003156336999376962,15.982065688718718,6,6,0.007194244604316547
AN19-rec-888b3a77359751a07974:phone:1,AN19-rec-888b3a77359751a07974,AN19.KOR.km1,Korean,Koreanic,god,g aa d,0,g,3.917912397230354e-08,50.26161126875248,6,6,0.0072992700729927005
AN19-rec-88bd61c4d63644908b1c:phone:2,AN19-rec-88bd61c4d63644908b1c,AN19.MIX.if6,Somali,Afro-Asiatic,voice,v oy s,1,oy,3.107099064108198e-08,52.64082110539457,6,6,0.007246376811594203
AN19-rec-88c77657d0e5c43f32cd:phone:2,AN19-rec-88c77657d0e5c43f32cd,AN19.MIX.im1,Romanian,Romance,rut,r ah t,1,ah,4.030104021980385e-17,59.41921824310995,6,6,0.006802721088435374
AN19-rec-88dce836371fbcd11c8f:phone:2,AN19-rec-88dce836371fbcd11c8f,AN19.KOR.km3,Korean,Koreanic,full,f uh l,1,uh,4.376350193203013e-06,34.16197707092572,6,6,0.006666666666666667
AN19-rec-88ed1343f743c64c3c5d:phone:3,AN19-rec-88ed1343f743c64c3c5d,AN19.SPA.sf3,Spanish,Romance,hash,hh ae sh,2,sh,0.00016051162309043985,32.79800597485416,6,6,0.007246376811594203
AN19-rec-890efeee4e307a171a1a:phone:2,AN19-rec-890efeee4e307a171a1a,AN19.MIX.if3,French,Romance,thing,th ih ng,1,ih,8.424172704292774e-06,30.221140078190388,6,6,0.006993006993006993
AN19-rec-891bb8835aeb7cbb3816:phone:2,AN19-rec-891bb8835aeb7cbb3816,AN19.MIX.im6,Hindi,Indo-Aryan,lace,l ey s,1,ey,8.268107346335533e-07,22.37091169049243,6,6,0.006711409395973154
AN19-rec-8920b52c8a78d441b09c:phone:2,AN19-rec-8920b52c8a78d441b09c,AN19.KOR.kf2,Korean,Koreanic,thick,th ih k,1,ih,2.328934919909765e-09,63.88261960656607,6,6,0.0072992700729927005
AN19-rec-8920b52c8a78d441b09c:phone:3,AN19-rec-8920b52c8a78d441b09c,AN19.KOR.kf2,Korean,Koreanic,thick,th ih k,2,k,4.3703973446048635e-11,55.5098695690142,6,6,0.0072992700729927005
AN19-rec-8924bdfc87961de407e1:phone:3,AN19-rec-8924bdfc87961de407e1,AN19.SPA.sm2,Spanish,Romance,mum,m ah m,2,m,3.770317597364805e-24,70.046498260778,6,6,0.007042253521126761
AN19-rec-8927453d578ab320e5a3:phone:3,AN19-rec-8927453d578ab320e5a3,AN19.MIX.if6,Somali,Afro-Asiatic,death,d eh th,2,th,5.853789473703215e-17,51.58156390225832,6,6,0.007246376811594203
AN19-rec-89585324a01595505d1e:phone:1,AN19-rec-89585324a01595505d1e,AN19.SPA.sf5,Spanish,Romance,pool,p uw l,0,p,0.00015041596488957722,24.73556029746709,6,6,0.007194244604316547
AN19-rec-896cd2d64f1b2333fac0:phone:1,AN19-rec-896cd2d64f1b2333fac0,AN19.KOR.km3,Korean,Koreanic,girl,g er l,0,g,4.005657220735171e-07,25.860723831019246,6,6,0.006666666666666667
AN19-rec-896d790857da454c0898:phone:2,AN19-rec-896d790857da454c0898,AN19.KOR.kf1,Korean,Koreanic,mace,m ey s,1,ey,9.291062794577861e-13,43.01314438990039,6,6,0.0072992700729927005
AN19-rec-896d790857da454c0898:phone:3,AN19-rec-896d790857da454c0898,AN19.KOR.kf1,Korean,Koreanic,mace,m ey s,2,s,2.064244372216708e-08,51.49741314028223,6,6,0.0072992700729927005
AN19-rec-898298bb163720001c82:phone:2,AN19-rec-898298bb163720001c82,AN19.MIX.im5,Turkish,Turkic,wed,w eh d,1,eh,6.3678051923382016e-18,61.81341895183038,6,6,0.007246376811594203
AN19-rec-898df3124931e197973a:phone:1,AN19-rec-898df3124931e197973a,AN19.KOR.kf3,Korean,Koreanic,league,l iy g,0,l,0.0016328205486920806,23.72559973077101,6,6,0.007246376811594203
AN19-rec-898df3124931e197973a:phone:2,AN19-rec-898df3124931e197973a,AN19.KOR.kf3,Korean,Koreanic,league,l iy g,1,iy,0.0006345849873100803,15.097461137446553,6,6,0.007246376811594203
AN19-rec-898df3124931e197973a:phone:3,AN19-rec-898df3124931e197973a,AN19.KOR.kf3,Korean,Koreanic,league,l iy g,2,g,2.1988533722834694e-06,16.540870595025567,6,6,0.007246376811594203
AN19-rec-8990e74c6fb9c59c951a:phone:1,AN19-rec-8990e74c6fb9c59c951a,AN19.MIX.if5,Japanese,Japonic,both,b ow th,0,b,1.4048058668532369e-09,29.104440955523376,6,6,0.006711409395973154
AN19-rec-8990e74c6fb9c59c951a:phone:3,AN19-rec-8990e74c6fb9c59c951a,AN19.MIX.if5,Japanese,Japonic,both,b ow th,2,th,5.131241567077441e-11,36.20739361221271,6,6,0.006711409395973154
AN19-rec-89b404d3ce3edef8a94d:phone:3,AN19-rec-89b404d3ce3edef8a94d,AN19.SPA.sm2,Spanish,Romance,pup,p ah p,2,p,7.812501026266836e-28,75.17068723044106,6,6,0.007042253521126761
AN19-rec-89b5e6dc015cd4a46733:phone:1,AN19-rec-89b5e6dc015cd4a46733,AN19.SPA.sf4,Spanish,Romance,ship,sh ih p,0,sh,5.285599066838316e-06,13.403873339690042,6,6,0.0070921985815602835
AN19-rec-89b5e6dc015cd4a46733:phone:3,AN19-rec-89b5e6dc015cd4a46733,AN19.SPA.sf4,Spanish,Romance,ship,sh ih p,2,p,2.0486553270371495e-24,64.14697815748512,6,6,0.0070921985815602835
AN19-rec-89c1184fb18540430224:phone:3,AN19-rec-89c1184fb18540430224,AN19.SPA.sm4,Spanish,Romance,faith,f ey th,2,th,1.1133839266065855e-13,52.03696107211953,6,6,0.007194244604316547
AN19-rec-89cb77ed6f10da0a25fa:phone:1,AN19-rec-89cb77ed6f10da0a25fa,AN19.SPA.sm2,Spanish,Romance,young,y ah ng,0,y,9.682924457450446e-17,55.49077328254025,6,6,0.007042253521126761
AN19-rec-89cb77ed6f10da0a25fa:phone:3,AN19-rec-89cb77ed6f10da0a25fa,AN19.SPA.sm2,Spanish,Romance,young,y ah ng,2,ng,1.4600618018823567e-27,79.73453604040607,6,6,0.007042253521126761
AN19-rec-89d15a3380619daa1d4a:phone:1,AN19-rec-89d15a3380619daa1d4a,AN19.SPA.sm3,Spanish,Romance,pool,p uw l,0,p,1.0520339073444747e-06,29.454282910999154,6,6,0.0072992700729927005
AN19-rec-8a0c7df55379a77bbfdc:phone:1,AN19-rec-8a0c7df55379a77bbfdc,AN19.MIX.im4,Mandarin,Sino-Tibetan,mall,m ao l,0,m,9.07355298111314e-06,31.10536433554351,6,6,0.006993006993006993
AN19-rec-8a0df411c35f1456cc2f:phone:1,AN19-rec-8a0df411c35f1456cc2f,AN19.MIX.if5,Japanese,Japonic,five,f ay v,0,f,7.256154482315028e-15,69.44272146836171,6,6,0.006711409395973154
AN19-rec-8a1ccbf2327576aa584a:phone:2,AN19-rec-8a1ccbf2327576aa584a,AN19.SPA.sf4,Spanish,Romance,watch,w aa ch,1,aa,0.0029366592134940695,41.97396285449173,6,6,0.0070921985815602835
AN19-rec-8a3508773cafc03cc5da:phone:1,AN19-rec-8a3508773cafc03cc5da,AN19.SPA.sm4,Spanish,Romance,curve,k er v,0,k,2.8735203934727772e-06,25.601846070317134,6,6,0.007194244604316547
AN19-rec-8a3508773cafc03cc5da:phone:3,AN19-rec-8a3508773cafc03cc5da,AN19.SPA.sm4,Spanish,Romance,curve,k er v,2,v,4.239689752133199e-05,15.505689109291042,6,6,0.007194244604316547
AN19-rec-8a55c959afb9885ad67e:phone:2,AN19-rec-8a55c959afb9885ad67e,AN19.KOR.kf1,Korean,Koreanic,pull,p uh l,1,uh,6.7427735484534065e-12,47.38589444402872,6,6,0.0072992700729927005
AN19-rec-8a6e4c791b498918dd48:phone:1,AN19-rec-8a6e4c791b498918dd48,AN19.SPA.sf2,Spanish,Romance,rough,r ah f,0,r,3.582196557671662e-16,63.717815747381565,6,6,0.007246376811594203
AN19-rec-8aa0d072741413aa9e08:phone:2,AN19-rec-8aa0d072741413aa9e08,AN19.SPA.sf2,Spanish,Romance,long,l ao ng,1,ao,1.555695738976294e-10,42.2483867502686,6,6,0.007246376811594203
AN19-rec-8aa12d364c378c188dc2:phone:1,AN19-rec-8aa12d364c378c188dc2,AN19.KOR.km7,Korean,Koreanic,theme,th iy m,0,th,0.012861187727648661,28.693445037083688,6,6,0.006711409395973154
AN19-rec-8aa12d364c378c188dc2:phone:2,AN19-rec-8aa12d364c378c188dc2,AN19.KOR.km7,Korean,Koreanic,theme,th iy m,1,iy,7.317830753089721e-07,23.27960051738165,6,6,0.006711409395973154
AN19-rec-8aa12d364c378c188dc2:phone:3,AN19-rec-8aa12d364c378c188dc2,AN19.KOR.km7,Korean,Koreanic,theme,th iy m,2,m,0.00014949744103855258,20.12867571486717,6,6,0.006711409395973154
AN19-rec-8aa5ff193eaa45ca0169:phone:2,AN19-rec-8aa5ff193eaa45ca0169,AN19.MIX.im5,Turkish,Turkic,wash,w aa sh,1,aa,3.075805202620358e-06,34.88801720594747,6,6,0.007246376811594203
AN19-rec-8ab86e79551adc8a9c9a:phone:3,AN19-rec-8ab86e79551adc8a9c9a,AN19.SPA.sf4,Spanish,Romance,peace,p iy s,2,s,4.0620463547999846e-10,37.79981161099231,6,6,0.0070921985815602835
AN19-rec-8abdc39ce62f81ff7062:phone:2,AN19-rec-8abdc39ce62f81ff7062,AN19.KOR.km8,Korean,Koreanic,was,w aa z,1,aa,0.004293020566798761,18.663788016141662,6,6,0.006896551724137931
AN19-rec-8ac9eedd5372a7267dbd:phone:2,AN19-rec-8ac9eedd5372a7267dbd,AN19.MIX.if3,French,Romance,suck,s ah k,1,ah,2.086915114210774e-08,36.54515897209349,6,6,0.006993006993006993
AN19-rec-8ac9eedd5372a7267dbd:phone:3,AN19-rec-8ac9eedd5372a7267dbd,AN19.MIX.if3,French,Romance,suck,s ah k,2,k,7.79408846429536e-14,38.91431293172695,6,6,0.006993006993006993
AN19-rec-8af1ba8b3fc4aac51057:phone:2,AN19-rec-8af1ba8b3fc4aac51057,AN19.SPA.sm7,Spanish,Romance,weed,w iy d,1,iy,6.575214133670995e-06,23.214540356300507,6,6,0.007352941176470588
AN19-rec-8b055c45ec90f373b0f1:phone:1,AN19-rec-8b055c45ec90f373b0f1,AN19.MIX.im4,Mandarin,Sino-Tibetan,move,m uw v,0,m,1.590961140952037e-07,30.244144937603615,6,6,0.006993006993006993
AN19-rec-8b055c45ec90f373b0f1:phone:3,AN19-rec-8b055c45ec90f373b0f1,AN19.MIX.im4,Mandarin,Sino-Tibetan,move,m uw v,2,v,1.2271434789139424e-09,27.65853131305955,6,6,0.006993006993006993
AN19-rec-8b0c7c1c421ccbfee756:phone:3,AN19-rec-8b0c7c1c421ccbfee756,AN19.MIX.im1,Romanian,Romance,hash,hh ae sh,2,sh,4.0364570487871793e-08,31.46741811892804,6,6,0.006802721088435374
AN19-rec-8b216651a94838e61607:phone:2,AN19-rec-8b216651a94838e61607,AN19.KOR.km3,Korean,Koreanic,teat,t iy t,1,iy,1.4931490474728085e-15,37.70497896174987,6,6,0.006666666666666667
AN19-rec-8b3e5d0a1f1edf0a8742:phone:1,AN19-rec-8b3e5d0a1f1edf0a8742,AN19.KOR.kf6,Korean,Koreanic,league,l iy g,0,l,0.0032737116675947975,25.20075911107841,6,6,0.007042253521126761
AN19-rec-8b3e5d0a1f1edf0a8742:phone:2,AN19-rec-8b3e5d0a1f1edf0a8742,AN19.KOR.kf6,Korean,Koreanic,league,l iy g,1,iy,2.8623840070264047e-08,21.618488038496007,6,6,0.007042253521126761
AN19-rec-8b3e5d0a1f1edf0a8742:phone:3,AN19-rec-8b3e5d0a1f1edf0a8742,AN19.KOR.kf6,Korean,Koreanic,league,l iy g,2,g,2.0961510910932203e-07,19.025250228298912,6,6,0.007042253521126761
AN19-rec-8b3f1025742d62d4b17c:phone:3,AN19-rec-8b3f1025742d62d4b17c,AN19.KOR.kf1,Korean,Koreanic,gas,g ae s,2,s,7.398082220407671e-05,20.559552269306742,6,6,0.0072992700729927005
AN19-rec-8b55ef2dcb8932166e40:phone:3,AN19-rec-8b55ef2dcb8932166e40,AN19.MIX.if5,Japanese,Japonic,gut,g ah t,2,t,2.1729131390085923e-21,63.338974966536654,6,6,0.006711409395973154
AN19-rec-8b68e2662320eb194174:phone:2,AN19-rec-8b68e2662320eb194174,AN19.SPA.sm3,Spanish,Romance,mat,m ae t,1,ae,2.6195306996027137e-05,21.56582948168848,6,6,0.0072992700729927005
AN19-rec-8b7f39477cdcc650184f:phone:1,AN19-rec-8b7f39477cdcc650184f,AN19.MIX.im4,Mandarin,Sino-Tibetan,ship,sh ih p,0,sh,0.00286059626827884,9.217120315333291,6,6,0.006993006993006993
AN19-rec-8b7f39477cdcc650184f:phone:3,AN19-rec-8b7f39477cdcc650184f,AN19.MIX.im4,Mandarin,Sino-Tibetan,ship,sh ih p,2,p,0.0004117953602526083,13.112997988387065,6,6,0.006993006993006993
AN19-rec-8ba356c2d2d8078a097a:phone:1,AN19-rec-8ba356c2d2d8078a097a,AN19.MIX.if4,German,Germanic,chief,ch iy f,0,ch,3.677622633661659e-08,31.392678179984063,6,6,0.0072992700729927005
AN19-rec-8ba356c2d2d8078a097a:phone:2,AN19-rec-8ba356c2d2d8078a097a,AN19.MIX.if4,German,Germanic,chief,ch iy f,1,iy,0.043464147214736674,16.387708414777435,6,6,0.0072992700729927005
AN19-rec-8ba820cb6c155c1600c3:phone:1,AN19-rec-8ba820cb6c155c1600c3,AN19.MIX.if2,Dutch,Germanic,hid,hh ih d,0,hh,1.7975352862890877e-10,39.03815821532842,6,6,0.006944444444444444
AN19-rec-8ba820cb6c155c1600c3:phone:3,AN19-rec-8ba820cb6c155c1600c3,AN19.MIX.if2,Dutch,Germanic,hid,hh ih d,2,d,1.7682138731949056e-08,48.0935841793439,6,6,0.006944444444444444
AN19-rec-8bc728d10ee870ce24d8:phone:2,AN19-rec-8bc728d10ee870ce24d8,AN19.SPA.sf6,Spanish,Romance,mid,m ih d,1,ih,3.9145193418725277e-10,42.81828745107185,6,6,0.007042253521126761
AN19-rec-8bf0ab6ac672d7de111b:phone:1,AN19-rec-8bf0ab6ac672d7de111b,AN19.SPA.sf4,Spanish,Romance,hid,hh ih d,0,hh,6.928847379175749e-15,42.92027696328245,6,6,0.0070921985815602835
AN19-rec-8bf959c51e6222ea1576:phone:1,AN19-rec-8bf959c51e6222ea1576,AN19.KOR.kf1,Korean,Koreanic,fig,f ih g,0,f,1.2632076350763752e-09,72.77777220678509,6,6,0.0072992700729927005
AN19-rec-8bf959c51e6222ea1576:phone:3,AN19-rec-8bf959c51e6222ea1576,AN19.KOR.kf1,Korean,Koreanic,fig,f ih g,2,g,4.319316748458358e-12,39.48431433045324,6,6,0.0072992700729927005
AN19-rec-8c187966d60718f0762f:phone:3,AN19-rec-8c187966d60718f0762f,AN19.KOR.kf6,Korean,Koreanic,love,l ah v,2,v,1.0252905193792942e-10,39.31552416653606,6,6,0.007042253521126761
AN19-rec-8c2d8e1b1b3246141612:phone:3,AN19-rec-8c2d8e1b1b3246141612,AN19.MIX.im1,Romanian,Romance,lame,l ey m,2,m,2.709942141130952e-07,31.47201935478461,6,6,0.006802721088435374
AN19-rec-8c2e56532b554401eec2:phone:1,AN19-rec-8c2e56532b554401eec2,AN19.MIX.if6,Somali,Afro-Asiatic,jack,jh ae k,0,jh,2.6155733802511807e-12,33.71577036988453,6,6,0.007246376811594203
AN19-rec-8c5999bdba40492af97b:phone:1,AN19-rec-8c5999bdba40492af97b,AN19.MIX.im5,Turkish,Turkic,thick,th ih k,0,th,2.6983928186342013e-11,44.89546172137975,6,6,0.007246376811594203
AN19-rec-8c5999bdba40492af97b:phone:2,AN19-rec-8c5999bdba40492af97b,AN19.MIX.im5,Turkish,Turkic,thick,th ih k,1,ih,6.869620616305087e-11,54.99179061370301,6,6,0.007246376811594203
AN19-rec-8c5999bdba40492af97b:phone:3,AN19-rec-8c5999bdba40492af97b,AN19.MIX.im5,Turkish,Turkic,thick,th ih k,2,k,0.00010343306172421309,44.663353353381865,6,6,0.007246376811594203
AN19-rec-8c62fd98307d3ea739d7:phone:1,AN19-rec-8c62fd98307d3ea739d7,AN19.KOR.kf1,Korean,Koreanic,weed,w iy d,0,w,1.674595812079948e-07,48.02116910401416,6,6,0.0072992700729927005
AN19-rec-8c62fd98307d3ea739d7:phone:2,AN19-rec-8c62fd98307d3ea739d7,AN19.KOR.kf1,Korean,Koreanic,weed,w iy d,1,iy,9.89431211784783e-06,21.673935273725977,6,6,0.0072992700729927005
AN19-rec-8c66dd2b2b42cf8f610d:phone:2,AN19-rec-8c66dd2b2b42cf8f610d,AN19.SPA.sm5,Spanish,Romance,full,f uh l,1,uh,5.351654111083006e-20,61.15183555693909,6,6,0.006896551724137931
AN19-rec-8c966ef3fd8e74230f30:phone:2,AN19-rec-8c966ef3fd8e74230f30,AN19.MIX.im1,Romanian,Romance,wife,w ay f,1,ay,0.009218429477643869,16.432904273041668,6,6,0.006802721088435374
AN19-rec-8c9834cd14c3780d156d:phone:1,AN19-rec-8c9834cd14c3780d156d,AN19.SPA.sm5,Spanish,Romance,theme,th iy m,0,th,2.1918722837223824e-13,34.501068559835524,6,6,0.006896551724137931
AN19-rec-8c9834cd14c3780d156d:phone:2,AN19-rec-8c9834cd14c3780d156d,AN19.SPA.sm5,Spanish,Romance,theme,th iy m,1,iy,1.573355433718298e-05,27.01341118405135,6,6,0.006896551724137931
AN19-rec-8ca01b4d2f1e9d6ae75d:phone:1,AN19-rec-8ca01b4d2f1e9d6ae75d,AN19.KOR.kf5,Korean,Koreanic,hoot,hh uw t,0,hh,0.002771118992173785,32.189824851168474,6,6,0.006993006993006993
AN19-rec-8ca01b4d2f1e9d6ae75d:phone:3,AN19-rec-8ca01b4d2f1e9d6ae75d,AN19.KOR.kf5,Korean,Koreanic,hoot,hh uw t,2,t,3.7610441207853714e-05,28.88790366185786,6,6,0.006993006993006993
AN19-rec-8cc19f9945c6b55d21ef:phone:1,AN19-rec-8cc19f9945c6b55d21ef,AN19.KOR.kf4,Korean,Koreanic,goat,g ow t,0,g,7.340227979073813e-13,35.04977687551409,6,6,0.0070921985815602835
AN19-rec-8cc19f9945c6b55d21ef:phone:3,AN19-rec-8cc19f9945c6b55d21ef,AN19.KOR.kf4,Korean,Koreanic,goat,g ow t,2,t,6.2818301049922294e-09,31.953472593636388,6,6,0.0070921985815602835
AN19-rec-8cc89454a9441a0c3a9e:phone:2,AN19-rec-8cc89454a9441a0c3a9e,AN19.MIX.im6,Hindi,Indo-Aryan,bead,b iy d,1,iy,3.6497702691691033e-09,32.90305814649395,6,6,0.006711409395973154
AN19-rec-8cc89454a9441a0c3a9e:phone:3,AN19-rec-8cc89454a9441a0c3a9e,AN19.MIX.im6,Hindi,Indo-Aryan,bead,b iy d,2,d,6.473272025172291e-08,28.28510595546273,6,6,0.006711409395973154
AN19-rec-8ccaad43957dc8381437:phone:1,AN19-rec-8ccaad43957dc8381437,AN19.KOR.km1,Korean,Koreanic,sane,s ey n,0,s,0.001686484678104512,14.142156800047902,6,6,0.0072992700729927005
AN19-rec-8ccaad43957dc8381437:phone:2,AN19-rec-8ccaad43957dc8381437,AN19.KOR.km1,Korean,Koreanic,sane,s ey n,1,ey,8.563217249851903e-07,29.38460802545732,6,6,0.0072992700729927005
AN19-rec-8ccf8d368cb63281390d:phone:1,AN19-rec-8ccf8d368cb63281390d,AN19.MIX.if3,French,Romance,hag,hh ae g,0,hh,0.0015792896906906475,12.623339284415623,6,6,0.006993006993006993
AN19-rec-8ccf8d368cb63281390d:phone:3,AN19-rec-8ccf8d368cb63281390d,AN19.MIX.if3,French,Romance,hag,hh ae g,2,g,1.0376522555911447e-15,67.57744552507928,6,6,0.006993006993006993
AN19-rec-8ce2a4fb28fd5dbde292:phone:1,AN19-rec-8ce2a4fb28fd5dbde292,AN19.KOR.kf4,Korean,Koreanic,balm,b aa m,0,b,0.000996765189579726,28.282808262543902,6,6,0.0070921985815602835
AN19-rec-8ce4318320d0ff63ebb1:phone:3,AN19-rec-8ce4318320d0ff63ebb1,AN19.SPA.sm6,Spanish,Romance,peace,p iy s,2,s,0.0034393272658860452,24.87728590286582,6,6,0.006756756756756757
AN19-rec-8cf17e5c8e3f1d04e249:phone:2,AN19-rec-8cf17e5c8e3f1d04e249,AN19.MIX.im2,Bengali,Indo-Aryan,mat,m ae t,1,ae,7.240061894490385e-37,91.44853616260993,6,6,0.007246376811594203
AN19-rec-8cf32c4597b66e7617bc:phone:2,AN19-rec-8cf32c4597b66e7617bc,AN19.KOR.km7,Korean,Koreanic,mat,m ae t,1,ae,1.5919548035645266e-10,48.39553340337244,6,6,0.006711409395973154
AN19-rec-8d2e90fac6f394eb022b:phone:2,AN19-rec-8d2e90fac6f394eb022b,AN19.SPA.sf4,Spanish,Romance,ban,b ae n,1,ae,1.1166574646447742e-09,21.80400476787955,6,6,0.0070921985815602835
AN19-rec-8d52960ed9124949f2d5:phone:3,AN19-rec-8d52960ed9124949f2d5,AN19.SPA.sm6,Spanish,Romance,beak,b iy k,2,k,4.146275830150563e-05,28.93244131912709,6,6,0.006756756756756757
AN19-rec-8d67105d7094e93e666a:phone:2,AN19-rec-8d67105d7094e93e666a,AN19.MIX.if4,German,Germanic,chore,ch ao r,1,ao,5.177670115440756e-16,68.28634476842683,6,6,0.0072992700729927005
AN19-rec-8d6795b099191d9f273c:phone:2,AN19-rec-8d6795b099191d9f273c,AN19.SPA.sm4,Spanish,Romance,lace,l ey s,1,ey,1.6424423335123123e-06,24.84781647652248,6,6,0.007194244604316547
AN19-rec-8d878d4f3867f5d0e7b0:phone:1,AN19-rec-8d878d4f3867f5d0e7b0,AN19.KOR.kf4,Korean,Koreanic,food,f uw d,0,f,0.00022973018319922024,23.18493358439413,6,6,0.0070921985815602835
AN19-rec-8d8cd9f0b48f0df93014:phone:1,AN19-rec-8d8cd9f0b48f0df93014,AN19.MIX.if3,French,Romance,rim,r ih m,0,r,9.136491632279727e-18,68.9214489625054,6,6,0.006993006993006993
AN19-rec-8db43023ae8b032b948b:phone:2,AN19-rec-8db43023ae8b032b948b,AN19.MIX.im3,Russian,Slavic,neck,n eh k,1,eh,7.613746996313494e-08,52.74820215359709,6,6,0.006756756756756757
AN19-rec-8db554f3e70f10a43ecc:phone:3,AN19-rec-8db554f3e70f10a43ecc,AN19.MIX.im6,Hindi,Indo-Aryan,love,l ah v,2,v,9.177424541708736e-10,42.5660145636731,6,6,0.006711409395973154
AN19-rec-8dc6d07054702aa9b1a9:phone:2,AN19-rec-8dc6d07054702aa9b1a9,AN19.SPA.sm7,Spanish,Romance,ban,b ae n,1,ae,7.391335648760448e-11,24.878824114245614,6,6,0.007352941176470588
AN19-rec-8dd571a2238ad146c9c7:phone:1,AN19-rec-8dd571a2238ad146c9c7,AN19.SPA.sm7,Spanish,Romance,give,g ih v,0,g,6.362995835120887e-07,25.187206130971045,6,6,0.007352941176470588
AN19-rec-8dddc84ead23ea22d914:phone:2,AN19-rec-8dddc84ead23ea22d914,AN19.SPA.sm2,Spanish,Romance,fool,f uw l,1,uw,7.166723801703357e-16,45.93591159876164,6,6,0.007042253521126761
AN19-rec-8de19ece0d088bcf69b9:phone:2,AN19-rec-8de19ece0d088bcf69b9,AN19.SPA.sf2,Spanish,Romance,wail,w ey l,1,ey,2.070475770317966e-06,33.52297323145455,6,6,0.007246376811594203
AN19-rec-8de81db21ec45a843e12:phone:1,AN19-rec-8de81db21ec45a843e12,AN19.MIX.if6,Somali,Afro-Asiatic,hoot,hh uw t,0,hh,9.256258412797067e-08,34.144060460831525,6,6,0.007246376811594203
AN19-rec-8de81db21ec45a843e12:phone:3,AN19-rec-8de81db21ec45a843e12,AN19.MIX.if6,Somali,Afro-Asiatic,hoot,hh uw t,2,t,7.483655303282299e-06,23.560600022697223,6,6,0.007246376811594203
AN19-rec-8dea511ded9ae9432b34:phone:2,AN19-rec-8dea511ded9ae9432b34,AN19.MIX.im1,Romanian,Romance,leg,l eh g,1,eh,2.8128914931036016e-07,53.079187165384205,6,6,0.006802721088435374
AN19-rec-8dfb7689743dbf4f9106:phone:1,AN19-rec-8dfb7689743dbf4f9106,AN19.KOR.kf4,Korean,Koreanic,path,p ae th,0,p,2.744283429354717e-08,32.447823844742494,6,6,0.0070921985815602835
AN19-rec-8dfb7689743dbf4f9106:phone:3,AN19-rec-8dfb7689743dbf4f9106,AN19.KOR.kf4,Korean,Koreanic,path,p ae th,2,th,2.2159655136397123e-14,43.82287360535414,6,6,0.0070921985815602835
AN19-rec-8e0547cacf1754745626:phone:2,AN19-rec-8e0547cacf1754745626,AN19.MIX.if4,German,Germanic,shape,sh ey p,1,ey,0.0001016855339236847,20.39612811090179,6,6,0.0072992700729927005
AN19-rec-8e248fadf2df1c181051:phone:2,AN19-rec-8e248fadf2df1c181051,AN19.MIX.if1,Albanian,Albanian,leg,l eh g,1,eh,0.10622872165140047,63.53301150616014,6,6,0.0070921985815602835
AN19-rec-8e27517ab272dd7468ae:phone:1,AN19-rec-8e27517ab272dd7468ae,AN19.MIX.if2,Dutch,Germanic,chain,ch ey n,0,ch,1.1598900556423209e-08,25.40495776324497,6,6,0.006944444444444444
AN19-rec-8e283cefa1511346ae15:phone:2,AN19-rec-8e283cefa1511346ae15,AN19.SPA.sm6,Spanish,Romance,weed,w iy d,1,iy,0.00024491724467401275,25.077874479296742,6,6,0.006756756756756757
AN19-rec-8e305016c3dcfb6d6bf2:phone:2,AN19-rec-8e305016c3dcfb6d6bf2,AN19.KOR.kf1,Korean,Koreanic,was,w aa z,1,aa,0.0002509720930110059,26.066417041084208,6,6,0.0072992700729927005
AN19-rec-8e319392dc6a10759721:phone:1,AN19-rec-8e319392dc6a10759721,AN19.MIX.if5,Japanese,Japonic,wick,w ih k,0,w,8.323832604755067e-17,54.87122505339698,6,6,0.006711409395973154
AN19-rec-8e353d1eb15daf7c535e:phone:2,AN19-rec-8e353d1eb15daf7c535e,AN19.KOR.kf5,Korean,Koreanic,ban,b ae n,1,ae,0.0044855772322095295,6.234243105974225,6,6,0.006993006993006993
AN19-rec-8e3796e488fb52ce8373:phone:2,AN19-rec-8e3796e488fb52ce8373,AN19.SPA.sf6,Spanish,Romance,vice,v ay s,1,ay,5.679527659434213e-24,70.88374249885499,6,6,0.007042253521126761
AN19-rec-8e3f45904b1c7069a76a:phone:2,AN19-rec-8e3f45904b1c7069a76a,AN19.MIX.im2,Bengali,Indo-Aryan,full,f uh l,1,uh,5.543319290190886e-06,33.28100602935506,6,6,0.007246376811594203
AN19-rec-8e58ef2609d146fc56aa:phone:1,AN19-rec-8e58ef2609d146fc56aa,AN19.SPA.sf6,Spanish,Romance,ship,sh ih p,0,sh,2.2125562020341072e-12,29.73148356175947,6,6,0.007042253521126761
AN19-rec-8e58ef2609d146fc56aa:phone:3,AN19-rec-8e58ef2609d146fc56aa,AN19.SPA.sf6,Spanish,Romance,ship,sh ih p,2,p,7.084337668953901e-25,63.28458216655684,6,6,0.007042253521126761
AN19-rec-8e6a6a760bf51879b75d:phone:1,AN19-rec-8e6a6a760bf51879b75d,AN19.MIX.im6,Hindi,Indo-Aryan,doom,d uw m,0,d,3.9520305039576163e-07,37.11750582248362,6,6,0.006711409395973154
AN19-rec-8e6a6a760bf51879b75d:phone:3,AN19-rec-8e6a6a760bf51879b75d,AN19.MIX.im6,Hindi,Indo-Aryan,doom,d uw m,2,m,7.017540218627442e-15,35.59573937292406,6,6,0.006711409395973154
AN19-rec-8e6d3ce2a4e3a0fde348:phone:2,AN19-rec-8e6d3ce2a4e3a0fde348,AN19.MIX.if5,Japanese,Japonic,wail,w ey l,1,ey,3.183880049629644e-26,81.4341547581641,6,6,0.006711409395973154
AN19-rec-8e809d61ba2e89cf7fd0:phone:3,AN19-rec-8e809d61ba2e89cf7fd0,AN19.KOR.km8,Korean,Koreanic,pup,p ah p,2,p,3.8303339870790726e-11,47.957708281506086,6,6,0.006896551724137931
AN19-rec-8e9966f83a326e885300:phone:2,AN19-rec-8e9966f83a326e885300,AN19.SPA.sf1,Spanish,Romance,wife,w ay f,1,ay,0.0006101498112365097,51.26164376286941,6,6,0.006896551724137931
AN19-rec-8e9bef81dfa5c7cc9d9a:phone:1,AN19-rec-8e9bef81dfa5c7cc9d9a,AN19.KOR.km1,Korean,Koreanic,shop,sh aa p,0,sh,9.731239980452561e-20,56.58330761309095,6,6,0.0072992700729927005
AN19-rec-8e9bef81dfa5c7cc9d9a:phone:2,AN19-rec-8e9bef81dfa5c7cc9d9a,AN19.KOR.km1,Korean,Koreanic,shop,sh aa p,1,aa,7.743266450991385e-24,63.924236443740654,6,6,0.0072992700729927005
AN19-rec-8ec9f33b6b87139e20e6:phone:1,AN19-rec-8ec9f33b6b87139e20e6,AN19.KOR.kf5,Korean,Koreanic,move,m uw v,0,m,5.7926986271903705e-06,28.18890723471755,6,6,0.006993006993006993
AN19-rec-8ec9f33b6b87139e20e6:phone:3,AN19-rec-8ec9f33b6b87139e20e6,AN19.KOR.kf5,Korean,Koreanic,move,m uw v,2,v,9.684081353058138e-11,27.643865975438786,6,6,0.006993006993006993
AN19-rec-8edf0eb8ccf0338d25eb:phone:2,AN19-rec-8edf0eb8ccf0338d25eb,AN19.MIX.im4,Mandarin,Sino-Tibetan,suck,s ah k,1,ah,0.00031549517710980816,31.585316991022356,6,6,0.006993006993006993
AN19-rec-8edf0eb8ccf0338d25eb:phone:3,AN19-rec-8edf0eb8ccf0338d25eb,AN19.MIX.im4,Mandarin,Sino-Tibetan,suck,s ah k,2,k,7.24866549850951e-12,53.121425654414026,6,6,0.006993006993006993
AN19-rec-8f025b2aafa3dab83266:phone:1,AN19-rec-8f025b2aafa3dab83266,AN19.SPA.sf2,Spanish,Romance,shop,sh aa p,0,sh,0.0002657559037284498,16.58972640053428,6,6,0.007246376811594203
AN19-rec-8f025b2aafa3dab83266:phone:3,AN19-rec-8f025b2aafa3dab83266,AN19.SPA.sf2,Spanish,Romance,shop,sh aa p,2,p,7.338061298837295e-11,49.91965752704581,6,6,0.007246376811594203
AN19-rec-8f1b5f0d0b23be2dc4f8:phone:2,AN19-rec-8f1b5f0d0b23be2dc4f8,AN19.MIX.if2,Dutch,Germanic,bean,b iy n,1,iy,3.9858339131302064e-10,39.97909964220808,6,6,0.006944444444444444
AN19-rec-8f3649157ed1a01393f4:phone:1,AN19-rec-8f3649157ed1a01393f4,AN19.SPA.sf6,Spanish,Romance,cheer,ch ih r,0,ch,4.776254514109965e-16,60.96036357780854,6,6,0.007042253521126761
AN19-rec-8f3649157ed1a01393f4:phone:3,AN19-rec-8f3649157ed1a01393f4,AN19.SPA.sf6,Spanish,Romance,cheer,ch ih r,2,r,9.436695414831908e-07,27.105031081730328,6,6,0.007042253521126761
AN19-rec-8f4570b7cf34e6b424e1:phone:1,AN19-rec-8f4570b7cf34e6b424e1,AN19.KOR.kf5,Korean,Koreanic,gut,g ah t,0,g,5.239976620371618e-11,32.36359739781396,6,6,0.006993006993006993
AN19-rec-8f45a1cfc246822d4be6:phone:2,AN19-rec-8f45a1cfc246822d4be6,AN19.KOR.km2,Korean,Koreanic,long,l ao ng,1,ao,0.008301028182537029,28.657637527221144,6,6,0.006756756756756757
AN19-rec-8f45a1cfc246822d4be6:phone:3,AN19-rec-8f45a1cfc246822d4be6,AN19.KOR.km2,Korean,Koreanic,long,l ao ng,2,ng,2.3229118360803834e-06,18.032164273701905,6,6,0.006756756756756757
AN19-rec-8f5a5f1438369eaca726:phone:1,AN19-rec-8f5a5f1438369eaca726,AN19.MIX.im4,Mandarin,Sino-Tibetan,den,d eh n,0,d,0.00010907048573843531,29.535511162538388,6,6,0.006993006993006993
AN19-rec-8f61a774bb70d30c554d:phone:2,AN19-rec-8f61a774bb70d30c554d,AN19.MIX.im5,Turkish,Turkic,wail,w ey l,1,ey,3.875086629997005e-17,52.45595802911404,6,6,0.007246376811594203
AN19-rec-8f6cebfc580c237f5f7b:phone:2,AN19-rec-8f6cebfc580c237f5f7b,AN19.KOR.kf5,Korean,Koreanic,kin,k ih n,1,ih,1.619348986153898e-05,39.22966160046506,6,6,0.006993006993006993
AN19-rec-8f72dabb41d838747447:phone:1,AN19-rec-8f72dabb41d838747447,AN19.MIX.if2,Dutch,Germanic,bug,b ah g,0,b,1.0067209167130632e-09,57.874892791233655,6,6,0.006944444444444444
AN19-rec-8f7c99db72d93775c225:phone:1,AN19-rec-8f7c99db72d93775c225,AN19.SPA.sf3,Spanish,Romance,path,p ae th,0,p,0.0037750705630625364,35.24502089766847,6,6,0.007246376811594203
AN19-rec-8f7c99db72d93775c225:phone:3,AN19-rec-8f7c99db72d93775c225,AN19.SPA.sf3,Spanish,Romance,path,p ae th,2,th,5.102756812528306e-07,19.76344051709968,6,6,0.007246376811594203
AN19-rec-8f7f721a69737fb57371:phone:1,AN19-rec-8f7f721a69737fb57371,AN19.MIX.im5,Turkish,Turkic,shop,sh aa p,0,sh,0.04817266968884046,12.399856774913047,6,6,0.007246376811594203
AN19-rec-8f7f721a69737fb57371:phone:3,AN19-rec-8f7f721a69737fb57371,AN19.MIX.im5,Turkish,Turkic,shop,sh aa p,2,p,3.0121010471032483e-06,44.50809455792639,6,6,0.007246376811594203
AN19-rec-8fa5394fafc3bf40e364:phone:1,AN19-rec-8fa5394fafc3bf40e364,AN19.MIX.if6,Somali,Afro-Asiatic,check,ch eh k,0,ch,5.792670794520275e-25,98.28779010116536,6,6,0.007246376811594203
AN19-rec-8fa7211da2274d94d1a3:phone:2,AN19-rec-8fa7211da2274d94d1a3,AN19.SPA.sf3,Spanish,Romance,rut,r ah t,1,ah,0.0005063073751799686,32.01473555564004,6,6,0.007246376811594203
AN19-rec-8fae9348bdc54d727c02:phone:2,AN19-rec-8fae9348bdc54d727c02,AN19.SPA.sf3,Spanish,Romance,mid,m ih d,1,ih,2.8466269532060416e-12,48.38107025834311,6,6,0.007246376811594203
AN19-rec-8fbae6cb725788753d79:phone:1,AN19-rec-8fbae6cb725788753d79,AN19.MIX.if5,Japanese,Japonic,shop,sh aa p,0,sh,0.0011138804871312225,18.08946302529709,6,6,0.006711409395973154
AN19-rec-8fbae6cb725788753d79:phone:2,AN19-rec-8fbae6cb725788753d79,AN19.MIX.if5,Japanese,Japonic,shop,sh aa p,1,aa,0.00016610417879508297,16.26496636486564,6,6,0.006711409395973154
AN19-rec-8fbae6cb725788753d79:phone:3,AN19-rec-8fbae6cb725788753d79,AN19.MIX.if5,Japanese,Japonic,shop,sh aa p,2,p,1.9508585046967526e-09,44.29477298764821,6,6,0.006711409395973154
AN19-rec-8fc25c5841af6cbce1f2:phone:1,AN19-rec-8fc25c5841af6cbce1f2,AN19.KOR.kf3,Korean,Koreanic,balm,b aa m,0,b,2.3184457030998533e-12,33.7967316429382,6,6,0.007246376811594203
AN19-rec-8fc8800cbb182ce9c85f:phone:2,AN19-rec-8fc8800cbb182ce9c85f,AN19.SPA.sf1,Spanish,Romance,rhyme,r ay m,1,ay,1.6813571616134437e-06,38.01703998310113,6,6,0.006896551724137931
AN19-rec-8fc8800cbb182ce9c85f:phone:3,AN19-rec-8fc8800cbb182ce9c85f,AN19.SPA.sf1,Spanish,Romance,rhyme,r ay m,2,m,4.262656834225407e-29,77.92847338380797,6,6,0.006896551724137931
AN19-rec-8fc88d3e435f168b28ac:phone:1,AN19-rec-8fc88d3e435f168b28ac,AN19.SPA.sm5,Spanish,Romance,pool,p uw l,0,p,2.932572242400375e-07,22.607466411229076,6,6,0.006896551724137931
AN19-rec-8fda87216d1fe1fc1951:phone:2,AN19-rec-8fda87216d1fe1fc1951,AN19.MIX.if6,Somali,Afro-Asiatic,size,s ay z,1,ay,0.001412579462487284,19.18941883253576,6,6,0.007246376811594203
AN19-rec-8fe3c4534fabe8410bd4:phone:2,AN19-rec-8fe3c4534fabe8410bd4,AN19.SPA.sm6,Spanish,Romance,lad,l ae d,1,ae,9.020765249627181e-12,31.08873851225015,6,6,0.006756756756756757
AN19-rec-8ff1296a789b8c2c4d1e:phone:3,AN19-rec-8ff1296a789b8c2c4d1e,AN19.MIX.if5,Japanese,Japonic,join,jh oy n,2,n,1.1789859404044496e-15,70.00911966727936,6,6,0.006711409395973154
AN19-rec-8ff15f86cbc6093b50da:phone:2,AN19-rec-8ff15f86cbc6093b50da,AN19.SPA.sm2,Spanish,Romance,size,s ay z,1,ay,3.2455776126974257e-13,39.01033197874734,6,6,0.007042253521126761
AN19-rec-8ff79e69eed90f37c9bb:phone:1,AN19-rec-8ff79e69eed90f37c9bb,AN19.KOR.kf3,Korean,Koreanic,den,d eh n,0,d,2.7398978982486133e-14,75.55041378414542,6,6,0.007246376811594203
AN19-rec-90283b854a72bdb1ebd1:phone:1,AN19-rec-90283b854a72bdb1ebd1,AN19.KOR.kf3,Korean,Koreanic,hag,hh ae g,0,hh,3.277863341689537e-28,76.74259968440276,6,6,0.007246376811594203
AN19-rec-90283b854a72bdb1ebd1:phone:3,AN19-rec-90283b854a72bdb1ebd1,AN19.KOR.kf3,Korean,Koreanic,hag,hh ae g,2,g,2.2426254470088586e-09,62.67354821740184,6,6,0.007246376811594203
AN19-rec-905541d7dfdca6b394a9:phone:2,AN19-rec-905541d7dfdca6b394a9,AN19.KOR.km7,Korean,Koreanic,sill,s ih l,1,ih,0.10821283882805437,29.76859684265353,6,6,0.006711409395973154
AN19-rec-90883cb467efb3c4edfe:phone:3,AN19-rec-90883cb467efb3c4edfe,AN19.MIX.if1,Albanian,Albanian,curve,k er v,2,v,4.432521605575316e-07,24.03504050671569,6,6,0.0070921985815602835
AN19-rec-9094cec8b2163366dabd:phone:2,AN19-rec-9094cec8b2163366dabd,AN19.MIX.im6,Hindi,Indo-Aryan,lad,l ae d,1,ae,3.149482609426176e-31,79.95179459411875,6,6,0.006711409395973154
AN19-rec-909940f4946773a5855b:phone:2,AN19-rec-909940f4946773a5855b,AN19.KOR.km1,Korean,Koreanic,chore,ch ao r,1,ao,3.9348296333377606e-23,71.84897294680889,6,6,0.0072992700729927005
AN19-rec-90dc29e239b7a972e658:phone:1,AN19-rec-90dc29e239b7a972e658,AN19.KOR.km8,Korean,Koreanic,weed,w iy d,0,w,0.07667033433171334,45.687240740895824,6,6,0.006896551724137931
AN19-rec-90dc29e239b7a972e658:phone:2,AN19-rec-90dc29e239b7a972e658,AN19.KOR.km8,Korean,Koreanic,weed,w iy d,1,iy,2.359596089712478e-06,30.31703263619548,6,6,0.006896551724137931
AN19-rec-90f400063f3c6feff569:phone:2,AN19-rec-90f400063f3c6feff569,AN19.KOR.kf1,Korean,Koreanic,shape,sh ey p,1,ey,1.3039325733336046e-05,15.888442244812154,6,6,0.0072992700729927005
AN19-rec-90fec6c1383c17b7781c:phone:3,AN19-rec-90fec6c1383c17b7781c,AN19.SPA.sf1,Spanish,Romance,toot,t uw t,2,t,4.548366990426563e-09,26.9401237987214,6,6,0.006896551724137931
AN19-rec-9117d85f524e67ffe0cf:phone:1,AN19-rec-9117d85f524e67ffe0cf,AN19.MIX.if3,French,Romance,bug,b ah g,0,b,1.2533436840916857e-10,55.710143480156326,6,6,0.006993006993006993
AN19-rec-91186dc89226c1b92690:phone:1,AN19-rec-91186dc89226c1b92690,AN19.MIX.if3,French,Romance,check,ch eh k,0,ch,1.499433007465424e-10,51.45256118968776,6,6,0.006993006993006993
AN19-rec-911df7cc43adb5fc4ecb:phone:2,AN19-rec-911df7cc43adb5fc4ecb,AN19.MIX.im5,Turkish,Turkic,fade,f ey d,1,ey,7.024774811920012e-06,15.972072140480488,6,6,0.007246376811594203
AN19-rec-912bebeebb155c59f33d:phone:2,AN19-rec-912bebeebb155c59f33d,AN19.MIX.if3,French,Romance,ban,b ae n,1,ae,1.739852162618201e-05,13.830148683084522,6,6,0.006993006993006993
AN19-rec-913561eb942bdf82915a:phone:1,AN19-rec-913561eb942bdf82915a,AN19.MIX.if3,French,Romance,weed,w iy d,0,w,8.426946484247616e-11,57.82638932221662,6,6,0.006993006993006993
AN19-rec-913561eb942bdf82915a:phone:2,AN19-rec-913561eb942bdf82915a,AN19.MIX.if3,French,Romance,weed,w iy d,1,iy,2.662740679520546e-21,84.65550389631794,6,6,0.006993006993006993
AN19-rec-914c5cff355a54d23bd1:phone:3,AN19-rec-914c5cff355a54d23bd1,AN19.SPA.sm4,Spanish,Romance,dog,d ao g,2,g,6.185630547645884e-06,43.52263603947333,6,6,0.007194244604316547
AN19-rec-9159ef2f5041f766a9e0:phone:3,AN19-rec-9159ef2f5041f766a9e0,AN19.MIX.im5,Turkish,Turkic,death,d eh th,2,th,0.0004021166061065165,38.80451916249233,6,6,0.007246376811594203
AN19-rec-915ed21e84b715d487f0:phone:2,AN19-rec-915ed21e84b715d487f0,AN19.MIX.im6,Hindi,Indo-Aryan,caught,k aa t,1,aa,8.203742887293831e-17,52.717747171545874,6,6,0.006711409395973154
AN19-rec-91661d28c3213270c317:phone:2,AN19-rec-91661d28c3213270c317,AN19.KOR.km2,Korean,Koreanic,lad,l ae d,1,ae,4.819739563172288e-27,73.16603416641449,6,6,0.006756756756756757
AN19-rec-916a7be75f8040e08c73:phone:2,AN19-rec-916a7be75f8040e08c73,AN19.KOR.kf5,Korean,Koreanic,rut,r ah t,1,ah,1.5811194526145427e-11,41.67022312287006,6,6,0.006993006993006993
AN19-rec-917bf6b2b4758b321ee9:phone:2,AN19-rec-917bf6b2b4758b321ee9,AN19.KOR.kf3,Korean,Koreanic,teeth,t iy th,1,iy,2.7473936046101682e-05,41.829874077849816,6,6,0.007246376811594203
AN19-rec-917cc6f4f6c5d9b01ff0:phone:1,AN19-rec-917cc6f4f6c5d9b01ff0,AN19.KOR.km7,Korean,Koreanic,goat,g ow t,0,g,1.5190025573531124e-08,31.85806545777937,6,6,0.006711409395973154
AN19-rec-917cc6f4f6c5d9b01ff0:phone:3,AN19-rec-917cc6f4f6c5d9b01ff0,AN19.KOR.km7,Korean,Koreanic,goat,g ow t,2,t,2.4972793782463394e-07,26.13949107611629,6,6,0.006711409395973154
AN19-rec-9196d5eef8080f582771:phone:2,AN19-rec-9196d5eef8080f582771,AN19.MIX.if1,Albanian,Albanian,rut,r ah t,1,ah,1.5472841263821577e-22,59.19801536209804,6,6,0.0070921985815602835
AN19-rec-91b71eec078030de6ecf:phone:1,AN19-rec-91b71eec078030de6ecf,AN19.MIX.if2,Dutch,Germanic,league,l iy g,0,l,2.67545552551857e-33,85.0810054953091,6,6,0.006944444444444444
AN19-rec-91b71eec078030de6ecf:phone:3,AN19-rec-91b71eec078030de6ecf,AN19.MIX.if2,Dutch,Germanic,league,l iy g,2,g,1.3427459002993974e-25,61.18538109007533,6,6,0.006944444444444444
AN19-rec-91d7c86e58446655c271:phone:3,AN19-rec-91d7c86e58446655c271,AN19.SPA.sm7,Spanish,Romance,love,l ah v,2,v,2.8650548597249927e-08,36.47028275824367,6,6,0.007352941176470588
AN19-rec-91d9e00f151692da6655:phone:3,AN19-rec-91d9e00f151692da6655,AN19.MIX.im3,Russian,Slavic,mum,m ah m,2,m,1.0826335548059986e-11,30.915738944129515,6,6,0.006756756756756757
AN19-rec-91db713cdae73396d335:phone:2,AN19-rec-91db713cdae73396d335,AN19.KOR.kf2,Korean,Koreanic,mat,m ae t,1,ae,2.737058935130013e-05,28.19323299417408,6,6,0.0072992700729927005
AN19-rec-91dbf07480b3e28215a8:phone:2,AN19-rec-91dbf07480b3e28215a8,AN19.SPA.sm5,Spanish,Romance,thing,th ih ng,1,ih,0.008630795431812633,39.9835260511279,6,6,0.006896551724137931
AN19-rec-91dbf6073e0eaef61a86:phone:2,AN19-rec-91dbf6073e0eaef61a86,AN19.MIX.if5,Japanese,Japonic,chore,ch ao r,1,ao,2.38723840460107e-18,60.48892793254544,6,6,0.006711409395973154
AN19-rec-91eab2999705b94d689b:phone:3,AN19-rec-91eab2999705b94d689b,AN19.MIX.if4,German,Germanic,bum,b ah m,2,m,4.6972683342567635e-18,54.0733405965716,6,6,0.0072992700729927005
AN19-rec-91fb857a0c462cb467d8:phone:2,AN19-rec-91fb857a0c462cb467d8,AN19.SPA.sf2,Spanish,Romance,learn,l er n,1,er,2.3588359451910892e-08,28.66691249573553,6,6,0.007246376811594203
AN19-rec-9209164ce8147ff82cdb:phone:2,AN19-rec-9209164ce8147ff82cdb,AN19.KOR.kf1,Korean,Koreanic,wed,w eh d,1,eh,5.158308260338185e-20,61.135925431310405,6,6,0.0072992700729927005
AN19-rec-9210c96ce71215178bd8:phone:1,AN19-rec-9210c96ce71215178bd8,AN19.MIX.im4,Mandarin,Sino-Tibetan,cheer,ch ih r,0,ch,4.839083473500219e-05,24.622328460537748,6,6,0.006993006993006993
AN19-rec-9210c96ce71215178bd8:phone:3,AN19-rec-9210c96ce71215178bd8,AN19.MIX.im4,Mandarin,Sino-Tibetan,cheer,ch ih r,2,r,0.020204901302651932,15.871455099067164,6,6,0.006993006993006993
AN19-rec-921921b88821238aec3a:phone:1,AN19-rec-921921b88821238aec3a,AN19.KOR.km2,Korean,Koreanic,rim,r ih m,0,r,1.595543328542521e-14,60.33807594004767,6,6,0.006756756756756757
AN19-rec-922198e5ca0fc3d5e9d5:phone:1,AN19-rec-922198e5ca0fc3d5e9d5,AN19.MIX.im4,Mandarin,Sino-Tibetan,chief,ch iy f,0,ch,0.0032860036427896154,21.638563756860734,6,6,0.006993006993006993
AN19-rec-922198e5ca0fc3d5e9d5:phone:2,AN19-rec-922198e5ca0fc3d5e9d5,AN19.MIX.im4,Mandarin,Sino-Tibetan,chief,ch iy f,1,iy,2.4601368493194285e-05,21.586014668259008,6,6,0.006993006993006993
AN19-rec-922c3e9a122be5f8e5c5:phone:2,AN19-rec-922c3e9a122be5f8e5c5,AN19.SPA.sf5,Spanish,Romance,wed,w eh d,1,eh,4.792036614684831e-07,21.89351253492817,6,6,0.007194244604316547
AN19-rec-9230d05738b8959e0880:phone:2,AN19-rec-9230d05738b8959e0880,AN19.SPA.sm6,Spanish,Romance,learn,l er n,1,er,1.6233552392382942e-07,28.02055139237416,6,6,0.006756756756756757
AN19-rec-923a46440ba1e0d50435:phone:2,AN19-rec-923a46440ba1e0d50435,AN19.MIX.if3,French,Romance,teeth,t iy th,1,iy,3.4790722744688876e-11,44.26043701468026,6,6,0.006993006993006993
AN19-rec-92632bf3f012b2f31e5a:phone:2,AN19-rec-92632bf3f012b2f31e5a,AN19.MIX.if5,Japanese,Japonic,sill,s ih l,1,ih,0.00016058298407469756,19.84035511033136,6,6,0.006711409395973154
AN19-rec-9286715903ffbbf56dc1:phone:3,AN19-rec-9286715903ffbbf56dc1,AN19.SPA.sf2,Spanish,Romance,lame,l ey m,2,m,4.882864659057156e-12,41.71145204310983,6,6,0.007246376811594203
AN19-rec-928affe2e5a81444dc48:phone:3,AN19-rec-928affe2e5a81444dc48,AN19.KOR.km7,Korean,Koreanic,young,y ah ng,2,ng,4.924729341816469e-10,38.2622375342215,6,6,0.006711409395973154
AN19-rec-929a05e7ee9acd3fc403:phone:2,AN19-rec-929a05e7ee9acd3fc403,AN19.KOR.km1,Korean,Koreanic,kin,k ih n,1,ih,3.331902691223435e-10,28.774270450240564,6,6,0.0072992700729927005
AN19-rec-929debe957b5867373a9:phone:1,AN19-rec-929debe957b5867373a9,AN19.KOR.kf6,Korean,Koreanic,cheer,ch ih r,0,ch,7.497889771633199e-15,43.01606336777473,6,6,0.007042253521126761
AN19-rec-929debe957b5867373a9:phone:3,AN19-rec-929debe957b5867373a9,AN19.KOR.kf6,Korean,Koreanic,cheer,ch ih r,2,r,0.00446862942211712,17.330088141101218,6,6,0.007042253521126761
AN19-rec-92b31e627f3388d0abb4:phone:2,AN19-rec-92b31e627f3388d0abb4,AN19.KOR.km7,Korean,Koreanic,learn,l er n,1,er,0.008434115956058894,19.12957946769279,6,6,0.006711409395973154
AN19-rec-92c6742a6d2f047f442a:phone:1,AN19-rec-92c6742a6d2f047f442a,AN19.KOR.kf1,Korean,Koreanic,hid,hh ih d,0,hh,1.9815367735818036e-17,42.597637251714126,6,6,0.0072992700729927005
AN19-rec-92c6742a6d2f047f442a:phone:3,AN19-rec-92c6742a6d2f047f442a,AN19.KOR.kf1,Korean,Koreanic,hid,hh ih d,2,d,1.3833446271850046e-10,51.6672845314366,6,6,0.0072992700729927005
AN19-rec-92c7ca6edc3ed94f8f8e:phone:2,AN19-rec-92c7ca6edc3ed94f8f8e,AN19.KOR.km1,Korean,Koreanic,fade,f ey d,1,ey,4.243262574061365e-09,30.06829326280787,6,6,0.0072992700729927005
AN19-rec-92cd999183181a32ff56:phone:2,AN19-rec-92cd999183181a32ff56,AN19.KOR.km8,Korean,Koreanic,pull,p uh l,1,uh,2.1203175626175267e-11,48.13767929258469,6,6,0.006896551724137931
AN19-rec-92d50a19b02416f38344:phone:3,AN19-rec-92d50a19b02416f38344,AN19.SPA.sf2,Spanish,Romance,route,r uw t,2,t,6.232038237834316e-14,55.745320824074376,6,6,0.007246376811594203
AN19-rec-9304d04f4802b5b29a92:phone:2,AN19-rec-9304d04f4802b5b29a92,AN19.SPA.sf3,Spanish,Romance,voice,v oy s,1,oy,8.48971907685706e-08,52.686945237871925,6,6,0.007246376811594203
AN19-rec-930dd3a13e3a9b03b04d:phone:1,AN19-rec-930dd3a13e3a9b03b04d,AN19.KOR.kf1,Korean,Koreanic,both,b ow th,0,b,1.942208563119655e-17,55.335096310090485,6,6,0.0072992700729927005
AN19-rec-930dd3a13e3a9b03b04d:phone:3,AN19-rec-930dd3a13e3a9b03b04d,AN19.KOR.kf1,Korean,Koreanic,both,b ow th,2,th,1.739875814019826e-14,72.70575650393816,6,6,0.0072992700729927005
AN19-rec-9313ee639981f4d57804:phone:2,AN19-rec-9313ee639981f4d57804,AN19.KOR.km1,Korean,Koreanic,long,l ao ng,1,ao,5.574872792023731e-15,38.08152727451665,6,6,0.0072992700729927005
AN19-rec-9313ee639981f4d57804:phone:3,AN19-rec-9313ee639981f4d57804,AN19.KOR.km1,Korean,Koreanic,long,l ao ng,2,ng,5.198929946894599e-06,16.053261794776354,6,6,0.0072992700729927005
AN19-rec-93216bc81a6b22edeef7:phone:2,AN19-rec-93216bc81a6b22edeef7,AN19.MIX.if6,Somali,Afro-Asiatic,fool,f uw l,1,uw,4.3865586931742135e-05,19.17712380378696,6,6,0.007246376811594203
AN19-rec-933cbbe08714c940c589:phone:2,AN19-rec-933cbbe08714c940c589,AN19.SPA.sf2,Spanish,Romance,voice,v oy s,1,oy,5.455214454720467e-06,32.19346877808557,6,6,0.007246376811594203
AN19-rec-93689adc0ca34ded6fbc:phone:1,AN19-rec-93689adc0ca34ded6fbc,AN19.SPA.sf6,Spanish,Romance,gut,g ah t,0,g,0.0010998939456553678,33.72972349692028,6,6,0.007042253521126761
AN19-rec-93689adc0ca34ded6fbc:phone:3,AN19-rec-93689adc0ca34ded6fbc,AN19.SPA.sf6,Spanish,Romance,gut,g ah t,2,t,2.988926319486057e-24,61.95202621689268,6,6,0.007042253521126761
AN19-rec-936ac3ff5066350a1045:phone:1,AN19-rec-936ac3ff5066350a1045,AN19.KOR.kf3,Korean,Koreanic,rim,r ih m,0,r,0.0004659576431234247,54.2625231415953,6,6,0.007246376811594203
AN19-rec-936d3ddb0731eb5ab7ff:phone:3,AN19-rec-936d3ddb0731eb5ab7ff,AN19.SPA.sm6,Spanish,Romance,hash,hh ae sh,2,sh,4.833112299971115e-07,36.389419566603046,6,6,0.006756756756756757
AN19-rec-93730c8fde25eb7e76f3:phone:1,AN19-rec-93730c8fde25eb7e76f3,AN19.MIX.if5,Japanese,Japonic,king,k ih ng,0,k,2.0501263864389955e-14,79.79576057358682,6,6,0.006711409395973154
AN19-rec-939cac771cb4bfa99865:phone:2,AN19-rec-939cac771cb4bfa99865,AN19.SPA.sm4,Spanish,Romance,kit,k ih t,1,ih,1.2013677829539019e-24,59.81090880250222,6,6,0.007194244604316547
AN19-rec-93c3bbe46b88f64bf9fb:phone:3,AN19-rec-93c3bbe46b88f64bf9fb,AN19.KOR.km8,Korean,Koreanic,peace,p iy s,2,s,1.2059577600786704e-05,21.665940979229504,6,6,0.006896551724137931
AN19-rec-93c5e9eff3f0fc34ea85:phone:1,AN19-rec-93c5e9eff3f0fc34ea85,AN19.SPA.sm3,Spanish,Romance,move,m uw v,0,m,2.5883234172883486e-06,20.946859333977887,6,6,0.0072992700729927005
AN19-rec-93c5e9eff3f0fc34ea85:phone:3,AN19-rec-93c5e9eff3f0fc34ea85,AN19.SPA.sm3,Spanish,Romance,move,m uw v,2,v,1.1027843110086913e-09,28.56263431923455,6,6,0.0072992700729927005
AN19-rec-93c75eb87dbe1418894c:phone:1,AN19-rec-93c75eb87dbe1418894c,AN19.KOR.kf6,Korean,Koreanic,theme,th iy m,0,th,5.081595635811053e-07,45.374317271812686,6,6,0.007042253521126761
AN19-rec-93c75eb87dbe1418894c:phone:2,AN19-rec-93c75eb87dbe1418894c,AN19.KOR.kf6,Korean,Koreanic,theme,th iy m,1,iy,2.841471653575861e-07,19.62140154738591,6,6,0.007042253521126761
AN19-rec-93c75eb87dbe1418894c:phone:3,AN19-rec-93c75eb87dbe1418894c,AN19.KOR.kf6,Korean,Koreanic,theme,th iy m,2,m,4.899732397060716e-10,33.27244431681859,6,6,0.007042253521126761
AN19-rec-93c8f9b8b9ff5947f79b:phone:2,AN19-rec-93c8f9b8b9ff5947f79b,AN19.KOR.kf5,Korean,Koreanic,wife,w ay f,1,ay,0.021831365282102454,54.06401959624633,6,6,0.006993006993006993
AN19-rec-93cdada63fefa202f6a5:phone:2,AN19-rec-93cdada63fefa202f6a5,AN19.MIX.im2,Bengali,Indo-Aryan,voice,v oy s,1,oy,2.9728782587359784e-05,31.830139205851008,6,6,0.007246376811594203
AN19-rec-93d36358a35417e69489:phone:1,AN19-rec-93d36358a35417e69489,AN19.MIX.if4,German,Germanic,join,jh oy n,0,jh,0.10730031321110473,32.88995391716459,6,6,0.0072992700729927005
AN19-rec-93d36358a35417e69489:phone:3,AN19-rec-93d36358a35417e69489,AN19.MIX.if4,German,Germanic,join,jh oy n,2,n,0.021352221540172297,32.495207778368226,6,6,0.0072992700729927005
AN19-rec-93da11a3521c2c6368a1:phone:1,AN19-rec-93da11a3521c2c6368a1,AN19.MIX.if3,French,Romance,league,l iy g,0,l,2.19876091728646e-20,60.74535669984066,6,6,0.006993006993006993
AN19-rec-93da11a3521c2c6368a1:phone:2,AN19-rec-93da11a3521c2c6368a1,AN19.MIX.if3,French,Romance,league,l iy g,1,iy,7.697266742697995e-17,45.19057324237851,6,6,0.006993006993006993
AN19-rec-93da11a3521c2c6368a1:phone:3,AN19-rec-93da11a3521c2c6368a1,AN19.MIX.if3,French,Romance,league,l iy g,2,g,1.5948361640209285e-05,18.84579250475369,6,6,0.006993006993006993
AN19-rec-93db44c49874a255ff9a:phone:2,AN19-rec-93db44c49874a255ff9a,AN19.KOR.km8,Korean,Koreanic,long,l ao ng,1,ao,0.0004737742559915898,28.239125207821484,6,6,0.006896551724137931
AN19-rec-93db44c49874a255ff9a:phone:3,AN19-rec-93db44c49874a255ff9a,AN19.KOR.km8,Korean,Koreanic,long,l ao ng,2,ng,1.7471785567823786e-06,14.824255109192729,6,6,0.006896551724137931
AN19-rec-94046c33210279284c3a:phone:1,AN19-rec-94046c33210279284c3a,AN19.MIX.if3,French,Romance,theme,th iy m,0,th,4.667782253830971e-12,45.86435918223038,6,6,0.006993006993006993
AN19-rec-94046c33210279284c3a:phone:2,AN19-rec-94046c33210279284c3a,AN19.MIX.if3,French,Romance,theme,th iy m,1,iy,1.1915179859200922e-10,36.02910724765122,6,6,0.006993006993006993
AN19-rec-94046c33210279284c3a:phone:3,AN19-rec-94046c33210279284c3a,AN19.MIX.if3,French,Romance,theme,th iy m,2,m,7.539825786888373e-15,51.19269505037997,6,6,0.006993006993006993
AN19-rec-941c97e8d5a8072c1629:phone:1,AN19-rec-941c97e8d5a8072c1629,AN19.KOR.km1,Korean,Koreanic,soak,s ow k,0,s,0.0002523420622687534,12.316507935820985,6,6,0.0072992700729927005
AN19-rec-941c97e8d5a8072c1629:phone:2,AN19-rec-941c97e8d5a8072c1629,AN19.KOR.km1,Korean,Koreanic,soak,s ow k,1,ow,1.232053703706375e-07,30.611998259534317,6,6,0.0072992700729927005
AN19-rec-9427ad67048c23c2df6b:phone:3,AN19-rec-9427ad67048c23c2df6b,AN19.MIX.if3,French,Romance,hash,hh ae sh,2,sh,8.822648093546538e-05,28.189480595751235,6,6,0.006993006993006993
AN19-rec-942c976cdf569ff2f6f6:phone:1,AN19-rec-942c976cdf569ff2f6f6,AN19.KOR.km6,Korean,Koreanic,balm,b aa m,0,b,3.8880483109750086e-10,32.48123917726558,6,6,0.007042253521126761
AN19-rec-9437c4bbf9cfcf6e5e65:phone:2,AN19-rec-9437c4bbf9cfcf6e5e65,AN19.MIX.im4,Mandarin,Sino-Tibetan,lice,l ay s,1,ay,2.6014767982108535e-06,31.049472780458743,6,6,0.006993006993006993
AN19-rec-9437c4bbf9cfcf6e5e65:phone:3,AN19-rec-9437c4bbf9cfcf6e5e65,AN19.MIX.im4,Mandarin,Sino-Tibetan,lice,l ay s,2,s,4.962129354393652e-27,85.96216778320688,6,6,0.006993006993006993
AN19-rec-943810d0ddff7e3c6f09:phone:2,AN19-rec-943810d0ddff7e3c6f09,AN19.SPA.sf4,Spanish,Romance,sane,s ey n,1,ey,7.539473549381917e-10,50.96919477080832,6,6,0.0070921985815602835
AN19-rec-946c07d7560eeda6cf6d:phone:2,AN19-rec-946c07d7560eeda6cf6d,AN19.MIX.if6,Somali,Afro-Asiatic,full,f uh l,1,uh,5.341260108740417e-09,39.65365614334716,6,6,0.007246376811594203
AN19-rec-947fb72b18dfe05657f0:phone:2,AN19-rec-947fb72b18dfe05657f0,AN19.SPA.sf4,Spanish,Romance,caught,k aa t,1,aa,1.3671656329613518e-07,61.14425079543761,6,6,0.0070921985815602835
AN19-rec-948e8035fcf82219d421:phone:3,AN19-rec-948e8035fcf82219d421,AN19.SPA.sf5,Spanish,Romance,gas,g ae s,2,s,1.6129812161891915e-06,24.8014355607145,6,6,0.007194244604316547
AN19-rec-9491a8f0a8e29a117c32:phone:2,AN19-rec-9491a8f0a8e29a117c32,AN19.MIX.if6,Somali,Afro-Asiatic,leg,l eh g,1,eh,1.776968646696372e-11,58.10541005641914,6,6,0.007246376811594203
AN19-rec-949611f0d6a8cc2db24c:phone:1,AN19-rec-949611f0d6a8cc2db24c,AN19.SPA.sm2,Spanish,Romance,gut,g ah t,0,g,1.6489396856135558e-18,68.26849232914047,6,6,0.007042253521126761
AN19-rec-949611f0d6a8cc2db24c:phone:3,AN19-rec-949611f0d6a8cc2db24c,AN19.SPA.sm2,Spanish,Romance,gut,g ah t,2,t,1.8076412815120504e-11,67.74383200950349,6,6,0.007042253521126761
AN19-rec-94a004e050c7315aadea:phone:1,AN19-rec-94a004e050c7315aadea,AN19.MIX.if6,Somali,Afro-Asiatic,move,m uw v,0,m,1.26111293995897e-07,31.661498791031917,6,6,0.007246376811594203
AN19-rec-94a004e050c7315aadea:phone:3,AN19-rec-94a004e050c7315aadea,AN19.MIX.if6,Somali,Afro-Asiatic,move,m uw v,2,v,1.6845778328708723e-11,30.37674838792585,6,6,0.007246376811594203
AN19-rec-94b885387e24386c0c17:phone:3,AN19-rec-94b885387e24386c0c17,AN19.KOR.km3,Korean,Koreanic,hash,hh ae sh,2,sh,1.3427598031700236e-05,31.16909402655647,6,6,0.006666666666666667
AN19-rec-94d2e57da432dcf4e5ed:phone:1,AN19-rec-94d2e57da432dcf4e5ed,AN19.MIX.if6,Somali,Afro-Asiatic,curve,k er v,0,k,0.02818311996869495,18.088366491229536,6,6,0.007246376811594203
AN19-rec-94d2e57da432dcf4e5ed:phone:3,AN19-rec-94d2e57da432dcf4e5ed,AN19.MIX.if6,Somali,Afro-Asiatic,curve,k er v,2,v,5.11982729451906e-07,19.380034352029742,6,6,0.007246376811594203
AN19-rec-94d68c541002411ad5b3:phone:3,AN19-rec-94d68c541002411ad5b3,AN19.SPA.sf4,Spanish,Romance,page,p ey jh,2,jh,0.00013040058754073563,66.9903336052915,6,6,0.0070921985815602835
AN19-rec-94de027d23e9195a48bc:phone:1,AN19-rec-94de027d23e9195a48bc,AN19.SPA.sm6,Spanish,Romance,food,f uw d,0,f,1.523988944867216e-07,31.43275394905039,6,6,0.006756756756756757
AN19-rec-94e44e2830139762f2b3:phone:2,AN19-rec-94e44e2830139762f2b3,AN19.SPA.sf5,Spanish,Romance,mace,m ey s,1,ey,4.660996520927073e-13,43.18226740893013,6,6,0.007194244604316547
AN19-rec-94e44e2830139762f2b3:phone:3,AN19-rec-94e44e2830139762f2b3,AN19.SPA.sf5,Spanish,Romance,mace,m ey s,2,s,4.1775236004892216e-05,35.11784881024778,6,6,0.007194244604316547
AN19-rec-94e9c2e0a20fc7bb8e03:phone:1,AN19-rec-94e9c2e0a20fc7bb8e03,AN19.KOR.kf3,Korean,Koreanic,god,g aa d,0,g,3.937194666214045e-08,58.53553882196481,6,6,0.007246376811594203
AN19-rec-94f94e2f5f9b8cb0672a:phone:1,AN19-rec-94f94e2f5f9b8cb0672a,AN19.KOR.kf1,Korean,Koreanic,cheer,ch ih r,0,ch,0.008268721213286279,16.317234700861054,6,6,0.0072992700729927005
AN19-rec-94f94e2f5f9b8cb0672a:phone:3,AN19-rec-94f94e2f5f9b8cb0672a,AN19.KOR.kf1,Korean,Koreanic,cheer,ch ih r,2,r,0.0015485673519064543,17.83328936639848,6,6,0.0072992700729927005
AN19-rec-9553bd74a00311d96a1f:phone:1,AN19-rec-9553bd74a00311d96a1f,AN19.MIX.im2,Bengali,Indo-Aryan,cheer,ch ih r,0,ch,0.0005867316907954633,15.616447454867531,6,6,0.007246376811594203
AN19-rec-9553bd74a00311d96a1f:phone:3,AN19-rec-9553bd74a00311d96a1f,AN19.MIX.im2,Bengali,Indo-Aryan,cheer,ch ih r,2,r,0.005439711635342233,17.875442649827885,6,6,0.007246376811594203
AN19-rec-9555672a480e753c8561:phone:1,AN19-rec-9555672a480e753c8561,AN19.KOR.km6,Korean,Koreanic,firm,f er m,0,f,3.735461629945461e-10,59.64441648717542,6,6,0.007042253521126761
AN19-rec-9557eb4ef2a6bc0095d8:phone:1,AN19-rec-9557eb4ef2a6bc0095d8,AN19.MIX.if6,Somali,Afro-Asiatic,mote,m ow t,0,m,3.3564557293155894e-07,42.280194679998296,6,6,0.007246376811594203
AN19-rec-9560198b00c018833091:phone:1,AN19-rec-9560198b00c018833091,AN19.SPA.sf4,Spanish,Romance,dune,d uw n,0,d,1.9795110361215389e-22,66.3007154979433,6,6,0.0070921985815602835
AN19-rec-9563b986fed86aca94e4:phone:1,AN19-rec-9563b986fed86aca94e4,AN19.SPA.sf2,Spanish,Romance,doom,d uw m,0,d,2.4682733011513017e-20,52.6239413172552,6,6,0.007246376811594203
AN19-rec-9563b986fed86aca94e4:phone:3,AN19-rec-9563b986fed86aca94e4,AN19.SPA.sf2,Spanish,Romance,doom,d uw m,2,m,4.334216854452641e-06,23.451132407478365,6,6,0.007246376811594203
AN19-rec-95681c181e95fcb909c0:phone:3,AN19-rec-95681c181e95fcb909c0,AN19.SPA.sf6,Spanish,Romance,pad,p ae d,2,d,3.32018935677718e-07,20.58107444819477,6,6,0.007042253521126761
AN19-rec-956d2338bbf2a2b2e073:phone:2,AN19-rec-956d2338bbf2a2b2e073,AN19.MIX.im6,Hindi,Indo-Aryan,suck,s ah k,1,ah,7.4089262644074e-06,29.279621669884392,6,6,0.006711409395973154
AN19-rec-956d2338bbf2a2b2e073:phone:3,AN19-rec-956d2338bbf2a2b2e073,AN19.MIX.im6,Hindi,Indo-Aryan,suck,s ah k,2,k,2.949130456015313e-11,47.589693943200245,6,6,0.006711409395973154
AN19-rec-956d2a77caefd20242da:phone:2,AN19-rec-956d2a77caefd20242da,AN19.MIX.im1,Romanian,Romance,mace,m ey s,1,ey,4.0045956637078994e-05,20.36095431062416,6,6,0.006802721088435374
AN19-rec-956d2a77caefd20242da:phone:3,AN19-rec-956d2a77caefd20242da,AN19.MIX.im1,Romanian,Romance,mace,m ey s,2,s,2.0846651599981718e-05,45.107943242176844,6,6,0.006802721088435374
AN19-rec-958c66482cb69fd75b8e:phone:3,AN19-rec-958c66482cb69fd75b8e,AN19.SPA.sm4,Spanish,Romance,beak,b iy k,2,k,3.0403769817331314e-05,28.08055639553908,6,6,0.007194244604316547
AN19-rec-958d1eec216dc6243d97:phone:3,AN19-rec-958d1eec216dc6243d97,AN19.KOR.kf2,Korean,Koreanic,love,l ah v,2,v,6.1127632415352575e-21,60.97266119409165,6,6,0.0072992700729927005
AN19-rec-959b536e6aeb661a6ffc:phone:2,AN19-rec-959b536e6aeb661a6ffc,AN19.SPA.sm6,Spanish,Romance,kit,k ih t,1,ih,1.6333061122910577e-30,77.35441887415193,6,6,0.006756756756756757
AN19-rec-95c658e3fe955e0a544f:phone:1,AN19-rec-95c658e3fe955e0a544f,AN19.KOR.kf2,Korean,Koreanic,soil,s oy l,0,s,0.00010559239648130954,15.76060140893326,6,6,0.0072992700729927005
AN19-rec-95c658e3fe955e0a544f:phone:2,AN19-rec-95c658e3fe955e0a544f,AN19.KOR.kf2,Korean,Koreanic,soil,s oy l,1,oy,1.1545509521891388e-05,26.763594298495548,6,6,0.0072992700729927005
AN19-rec-95c8d6660f1dda7e83f4:phone:3,AN19-rec-95c8d6660f1dda7e83f4,AN19.SPA.sf5,Spanish,Romance,serve,s er v,2,v,8.525243666792703e-08,21.9536468355311,6,6,0.007194244604316547
AN19-rec-95e18500c11d0688d844:phone:1,AN19-rec-95e18500c11d0688d844,AN19.SPA.sm6,Spanish,Romance,shop,sh aa p,0,sh,4.8583653857704815e-05,16.065540474548826,6,6,0.006756756756756757
AN19-rec-95e18500c11d0688d844:phone:2,AN19-rec-95e18500c11d0688d844,AN19.SPA.sm6,Spanish,Romance,shop,sh aa p,1,aa,5.990487294175269e-05,22.91988623529892,6,6,0.006756756756756757
AN19-rec-95e18500c11d0688d844:phone:3,AN19-rec-95e18500c11d0688d844,AN19.SPA.sm6,Spanish,Romance,shop,sh aa p,2,p,4.3289768545989764e-15,58.5169346189752,6,6,0.006756756756756757
AN19-rec-95fc7a4cbcd77b19cab9:phone:2,AN19-rec-95fc7a4cbcd77b19cab9,AN19.SPA.sm5,Spanish,Romance,mid,m ih d,1,ih,3.215855614563912e-11,41.16888415600189,6,6,0.006896551724137931
AN19-rec-9606b29a3bd5c12d1f07:phone:1,AN19-rec-9606b29a3bd5c12d1f07,AN19.KOR.km2,Korean,Koreanic,theme,th iy m,0,th,0.0033531181968183416,27.94099298001264,6,6,0.006756756756756757
AN19-rec-9606b29a3bd5c12d1f07:phone:2,AN19-rec-9606b29a3bd5c12d1f07,AN19.KOR.km2,Korean,Koreanic,theme,th iy m,1,iy,0.0003018239306983512,18.14973646391173,6,6,0.006756756756756757
AN19-rec-9606b29a3bd5c12d1f07:phone:3,AN19-rec-9606b29a3bd5c12d1f07,AN19.KOR.km2,Korean,Koreanic,theme,th iy m,2,m,1.654656528227033e-10,29.401618783119968,6,6,0.006756756756756757
AN19-rec-9633bb0e18b1d3486f5c:phone:1,AN19-rec-9633bb0e18b1d3486f5c,AN19.MIX.if6,Somali,Afro-Asiatic,balm,b aa m,0,b,1.8712085001633163e-06,41.29576218661952,6,6,0.007246376811594203
AN19-rec-96555cb89854cddb514d:phone:2,AN19-rec-96555cb89854cddb514d,AN19.SPA.sm4,Spanish,Romance,teeth,t iy th,1,iy,0.00311490964905472,44.00927426317188,6,6,0.007194244604316547
AN19-rec-968b93806c1854892a60:phone:3,AN19-rec-968b93806c1854892a60,AN19.MIX.im5,Turkish,Turkic,pup,p ah p,2,p,3.843169988351071e-08,44.59507449940235,6,6,0.007246376811594203
AN19-rec-969c785518047c9ef14f:phone:1,AN19-rec-969c785518047c9ef14f,AN19.KOR.kf5,Korean,Koreanic,con,k aa n,0,k,7.553765363997798e-16,40.01426407525644,6,6,0.006993006993006993
AN19-rec-969c785518047c9ef14f:phone:2,AN19-rec-969c785518047c9ef14f,AN19.KOR.kf5,Korean,Koreanic,con,k aa n,1,aa,3.3990156213930714e-10,37.64623290118352,6,6,0.006993006993006993
AN19-rec-969d0a360708c8174a55:phone:2,AN19-rec-969d0a360708c8174a55,AN19.SPA.sm5,Spanish,Romance,fade,f ey d,1,ey,1.4162817667282224e-09,26.146617161778934,6,6,0.006896551724137931
AN19-rec-96aa106203c04de63a99:phone:1,AN19-rec-96aa106203c04de63a99,AN19.SPA.sf5,Spanish,Romance,dune,d uw n,0,d,6.8657621857040435e-06,29.320698991676696,6,6,0.007194244604316547
AN19-rec-96b20c9507c5f58353db:phone:2,AN19-rec-96b20c9507c5f58353db,AN19.KOR.km3,Korean,Koreanic,lad,l ae d,1,ae,2.5664075459560716e-13,35.938049750335466,6,6,0.006666666666666667
AN19-rec-96b5cd0fef6caafbce22:phone:1,AN19-rec-96b5cd0fef6caafbce22,AN19.SPA.sf5,Spanish,Romance,gut,g ah t,0,g,3.0186212597756104e-11,56.83662068141476,6,6,0.007194244604316547
AN19-rec-96b5cd0fef6caafbce22:phone:3,AN19-rec-96b5cd0fef6caafbce22,AN19.SPA.sf5,Spanish,Romance,gut,g ah t,2,t,0.0003562455512599683,21.102216158888144,6,6,0.007194244604316547
AN19-rec-96e5e8e5970a9654171c:phone:1,AN19-rec-96e5e8e5970a9654171c,AN19.KOR.km8,Korean,Koreanic,gave,g ey v,0,g,9.403807347819126e-05,16.473036928191927,6,6,0.006896551724137931
AN19-rec-96fcc7fedb59bbe7b7b4:phone:2,AN19-rec-96fcc7fedb59bbe7b7b4,AN19.SPA.sf5,Spanish,Romance,con,k aa n,1,aa,2.697766911025224e-10,37.09133682662806,6,6,0.007194244604316547
AN19-rec-96fd947d02b469cfd5ff:phone:1,AN19-rec-96fd947d02b469cfd5ff,AN19.SPA.sf1,Spanish,Romance,bug,b ah g,0,b,9.461426610911201e-19,63.203550198023805,6,6,0.006896551724137931
AN19-rec-970bce7fe4af1d813ab3:phone:1,AN19-rec-970bce7fe4af1d813ab3,AN19.SPA.sf1,Spanish,Romance,hid,hh ih d,0,hh,3.710767150818264e-12,39.43326017288788,6,6,0.006896551724137931
AN19-rec-970bce7fe4af1d813ab3:phone:3,AN19-rec-970bce7fe4af1d813ab3,AN19.SPA.sf1,Spanish,Romance,hid,hh ih d,2,d,7.873444954537123e-18,52.61683530922642,6,6,0.006896551724137931
AN19-rec-97178109a1c8c90f39a2:phone:2,AN19-rec-97178109a1c8c90f39a2,AN19.KOR.km2,Korean,Koreanic,wed,w eh d,1,eh,0.0008696779276806087,22.882700277972003,6,6,0.006756756756756757
AN19-rec-971c1ee4a15848d495fa:phone:2,AN19-rec-971c1ee4a15848d495fa,AN19.KOR.km1,Korean,Koreanic,rut,r ah t,1,ah,2.8513558526926734e-09,31.69844887191161,6,6,0.0072992700729927005
AN19-rec-972502d65f94935d4ba4:phone:2,AN19-rec-972502d65f94935d4ba4,AN19.MIX.im5,Turkish,Turkic,kin,k ih n,1,ih,0.0019976952192905443,37.23000295003343,6,6,0.007246376811594203
AN19-rec-97282b0b631884da2461:phone:1,AN19-rec-97282b0b631884da2461,AN19.SPA.sf3,Spanish,Romance,den,d eh n,0,d,0.00015454699872865079,23.53911984597471,6,6,0.007246376811594203
AN19-rec-97282b0b631884da2461:phone:2,AN19-rec-97282b0b631884da2461,AN19.SPA.sf3,Spanish,Romance,den,d eh n,1,eh,0.0006579858799698114,15.302660077751646,6,6,0.007246376811594203
AN19-rec-9738655c4dd9ce190b12:phone:2,AN19-rec-9738655c4dd9ce190b12,AN19.MIX.if4,German,Germanic,cod,k aa d,1,aa,1.41009245977513e-18,77.80479842163635,6,6,0.0072992700729927005
AN19-rec-973c78614ce9f4e36056:phone:2,AN19-rec-973c78614ce9f4e36056,AN19.MIX.im6,Hindi,Indo-Aryan,vice,v ay s,1,ay,2.017096101233762e-05,27.6636376973444,6,6,0.006711409395973154
AN19-rec-97429e21833383cfc8a2:phone:2,AN19-rec-97429e21833383cfc8a2,AN19.MIX.if2,Dutch,Germanic,teeth,t iy th,1,iy,1.6171175214906002e-08,46.04483007682088,6,6,0.006944444444444444
AN19-rec-97502bb652e7cb5261d0:phone:1,AN19-rec-97502bb652e7cb5261d0,AN19.SPA.sf2,Spanish,Romance,chief,ch iy f,0,ch,6.133849259190429e-05,24.712336477579992,6,6,0.007246376811594203
AN19-rec-97502bb652e7cb5261d0:phone:2,AN19-rec-97502bb652e7cb5261d0,AN19.SPA.sf2,Spanish,Romance,chief,ch iy f,1,iy,2.0551569969978983e-05,17.77135056951732,6,6,0.007246376811594203
AN19-rec-97556b5999165ba7abba:phone:1,AN19-rec-97556b5999165ba7abba,AN19.SPA.sf6,Spanish,Romance,fig,f ih g,0,f,5.758765697463123e-14,39.94681976903169,6,6,0.007042253521126761
AN19-rec-977fbbfc0ab2c586c9b6:phone:3,AN19-rec-977fbbfc0ab2c586c9b6,AN19.MIX.if5,Japanese,Japonic,bum,b ah m,2,m,4.0055402499603636e-22,58.571019123200266,6,6,0.006711409395973154
AN19-rec-9780a4eee284f582b97a:phone:1,AN19-rec-9780a4eee284f582b97a,AN19.MIX.im3,Russian,Slavic,ship,sh ih p,0,sh,0.08594473685986194,6.613722876974677,6,6,0.006756756756756757
AN19-rec-9780a4eee284f582b97a:phone:3,AN19-rec-9780a4eee284f582b97a,AN19.MIX.im3,Russian,Slavic,ship,sh ih p,2,p,1.197841596945565e-07,38.37763621011694,6,6,0.006756756756756757
AN19-rec-97896acbe748c2d98482:phone:1,AN19-rec-97896acbe748c2d98482,AN19.SPA.sm3,Spanish,Romance,soak,s ow k,0,s,3.195699242731675e-06,17.527880766948847,6,6,0.0072992700729927005
AN19-rec-97896acbe748c2d98482:phone:2,AN19-rec-97896acbe748c2d98482,AN19.SPA.sm3,Spanish,Romance,soak,s ow k,1,ow,0.0004968836040282746,18.991431717547417,6,6,0.0072992700729927005
AN19-rec-978fd79094178d4bf89b:phone:1,AN19-rec-978fd79094178d4bf89b,AN19.SPA.sf3,Spanish,Romance,chief,ch iy f,0,ch,0.06249348197086149,26.786358722722383,6,6,0.007246376811594203
AN19-rec-978fd79094178d4bf89b:phone:2,AN19-rec-978fd79094178d4bf89b,AN19.SPA.sf3,Spanish,Romance,chief,ch iy f,1,iy,2.7794934094380954e-07,36.53613567810112,6,6,0.007246376811594203
AN19-rec-9798933334d75e1b81a5:phone:1,AN19-rec-9798933334d75e1b81a5,AN19.SPA.sm3,Spanish,Romance,food,f uw d,0,f,3.7745334056496624e-07,30.6487554885956,6,6,0.0072992700729927005
AN19-rec-97af691e0824074390b1:phone:2,AN19-rec-97af691e0824074390b1,AN19.MIX.if5,Japanese,Japonic,leg,l eh g,1,eh,8.518220977500193e-07,47.440381673191176,6,6,0.006711409395973154
AN19-rec-97fe28d03c6bb45c3487:phone:1,AN19-rec-97fe28d03c6bb45c3487,AN19.MIX.if3,French,Romance,dune,d uw n,0,d,2.0435422027816184e-08,32.69081757474124,6,6,0.006993006993006993
AN19-rec-980f915be2ca099c355a:phone:1,AN19-rec-980f915be2ca099c355a,AN19.SPA.sm6,Spanish,Romance,wick,w ih k,0,w,2.6393533537357036e-28,88.48892064489935,6,6,0.006756756756756757
AN19-rec-98185376c6362063d0fc:phone:1,AN19-rec-98185376c6362063d0fc,AN19.SPA.sm7,Spanish,Romance,firm,f er m,0,f,8.968873154840961e-06,23.150444257574588,6,6,0.007352941176470588
AN19-rec-9823bcd9db1d46b5d1c5:phone:1,AN19-rec-9823bcd9db1d46b5d1c5,AN19.KOR.kf6,Korean,Koreanic,god,g aa d,0,g,9.410418793445475e-05,40.02349695160167,6,6,0.007042253521126761
AN19-rec-982ec723d713aed9a90e:phone:3,AN19-rec-982ec723d713aed9a90e,AN19.MIX.if3,French,Romance,pad,p ae d,2,d,2.5112428616102853e-06,21.24596976918145,6,6,0.006993006993006993
AN19-rec-98384d3dae02e7b3dfa0:phone:3,AN19-rec-98384d3dae02e7b3dfa0,AN19.KOR.km8,Korean,Koreanic,fin,f ih n,2,n,2.0972168882473284e-06,37.7480633039221,6,6,0.006896551724137931
AN19-rec-983bd764ee7824d2a6ba:phone:1,AN19-rec-983bd764ee7824d2a6ba,AN19.SPA.sm7,Spanish,Romance,den,d eh n,0,d,2.2528528557180577e-15,71.32851668420375,6,6,0.007352941176470588
AN19-rec-983f08ab471aa956168f:phone:1,AN19-rec-983f08ab471aa956168f,AN19.MIX.if2,Dutch,Germanic,shop,sh aa p,0,sh,0.00023935815419570577,13.599416034694595,6,6,0.006944444444444444
AN19-rec-983f08ab471aa956168f:phone:2,AN19-rec-983f08ab471aa956168f,AN19.MIX.if2,Dutch,Germanic,shop,sh aa p,1,aa,2.2809431438482737e-25,68.96772951530413,6,6,0.006944444444444444
AN19-rec-983f08ab471aa956168f:phone:3,AN19-rec-983f08ab471aa956168f,AN19.MIX.if2,Dutch,Germanic,shop,sh aa p,2,p,1.3296869386990628e-07,42.69229397929979,6,6,0.006944444444444444
AN19-rec-984f498b936054d789b5:phone:1,AN19-rec-984f498b936054d789b5,AN19.SPA.sm4,Spanish,Romance,check,ch eh k,0,ch,7.94430023765954e-05,22.505044599785037,6,6,0.007194244604316547
AN19-rec-98714a3060028e773e03:phone:1,AN19-rec-98714a3060028e773e03,AN19.KOR.km2,Korean,Koreanic,pool,p uw l,0,p,1.4869790228447438e-05,22.12443412753271,6,6,0.006756756756756757
AN19-rec-98721bd6b63d1e8ed822:phone:3,AN19-rec-98721bd6b63d1e8ed822,AN19.KOR.kf2,Korean,Koreanic,mouth,m aw th,2,th,7.404717961277564e-11,69.99657022065252,6,6,0.0072992700729927005
AN19-rec-9883fb1a0ab6ac627efd:phone:1,AN19-rec-9883fb1a0ab6ac627efd,AN19.KOR.km7,Korean,Koreanic,pool,p uw l,0,p,4.4337405707846073e-08,30.84150661287549,6,6,0.006711409395973154
AN19-rec-9894997d902ddc97d340:phone:1,AN19-rec-9894997d902ddc97d340,AN19.MIX.im6,Hindi,Indo-Aryan,hoot,hh uw t,0,hh,3.7252212352728356e-06,33.39969648670209,6,6,0.006711409395973154
AN19-rec-9894997d902ddc97d340:phone:3,AN19-rec-9894997d902ddc97d340,AN19.MIX.im6,Hindi,Indo-Aryan,hoot,hh uw t,2,t,7.857335560798948e-08,24.973769378920117,6,6,0.006711409395973154
AN19-rec-98a15eb4c8b078c0ae72:phone:3,AN19-rec-98a15eb4c8b078c0ae72,AN19.SPA.sm4,Spanish,Romance,toot,t uw t,2,t,4.173562952881003e-15,56.10151846751909,6,6,0.007194244604316547
AN19-rec-98b767602e29c766d5e9:phone:1,AN19-rec-98b767602e29c766d5e9,AN19.SPA.sf5,Spanish,Romance,wick,w ih k,0,w,3.7181181669395925e-28,75.97190068471404,6,6,0.007194244604316547
AN19-rec-98c1f0ebe70944937a44:phone:3,AN19-rec-98c1f0ebe70944937a44,AN19.MIX.im4,Mandarin,Sino-Tibetan,white,w ay t,2,t,5.8499365027154785e-08,45.08964268705586,6,6,0.006993006993006993
AN19-rec-98d68f9418f4c8bc34f3:phone:1,AN19-rec-98d68f9418f4c8bc34f3,AN19.MIX.if3,French,Romance,sane,s ey n,0,s,0.00048478963624930716,13.36773759837156,6,6,0.006993006993006993
AN19-rec-98d68f9418f4c8bc34f3:phone:2,AN19-rec-98d68f9418f4c8bc34f3,AN19.MIX.if3,French,Romance,sane,s ey n,1,ey,0.0004623514211702311,21.492829808803688,6,6,0.006993006993006993
AN19-rec-98e182fc36b9665c3a95:phone:1,AN19-rec-98e182fc36b9665c3a95,AN19.KOR.kf4,Korean,Koreanic,wick,w ih k,0,w,7.816475574454924e-16,89.79559915058911,6,6,0.0070921985815602835
AN19-rec-98efb7a6af10e9c8bacf:phone:2,AN19-rec-98efb7a6af10e9c8bacf,AN19.KOR.kf3,Korean,Koreanic,thing,th ih ng,1,ih,2.889963018746843e-07,32.5361570616029,6,6,0.007246376811594203
AN19-rec-99054067c68c023489db:phone:3,AN19-rec-99054067c68c023489db,AN19.SPA.sm3,Spanish,Romance,hag,hh ae g,2,g,5.037692373819016e-10,54.26495764472173,6,6,0.0072992700729927005
AN19-rec-991a2cda18a4046f4155:phone:1,AN19-rec-991a2cda18a4046f4155,AN19.MIX.im5,Turkish,Turkic,bug,b ah g,0,b,0.00017732637283432345,46.12550271381707,6,6,0.007246376811594203
AN19-rec-9955b7a1ba76f83d2eb0:phone:2,AN19-rec-9955b7a1ba76f83d2eb0,AN19.MIX.im5,Turkish,Turkic,lose,l uw z,1,uw,7.558639507513467e-06,14.010542802879073,6,6,0.007246376811594203
AN19-rec-99622684f76e75c81846:phone:2,AN19-rec-99622684f76e75c81846,AN19.MIX.if4,German,Germanic,neck,n eh k,1,eh,3.1274717121524655e-06,64.1599228729463,6,6,0.0072992700729927005
AN19-rec-996874fb3073c4ddfc7d:phone:1,AN19-rec-996874fb3073c4ddfc7d,AN19.SPA.sf4,Spanish,Romance,weed,w iy d,0,w,1.6310539171504002e-06,51.38431137521767,6,6,0.0070921985815602835
AN19-rec-996874fb3073c4ddfc7d:phone:2,AN19-rec-996874fb3073c4ddfc7d,AN19.SPA.sf4,Spanish,Romance,weed,w iy d,1,iy,2.7960712298114627e-26,94.01323241161836,6,6,0.0070921985815602835
AN19-rec-99c248c825a596b33e6c:phone:1,AN19-rec-99c248c825a596b33e6c,AN19.MIX.if2,Dutch,Germanic,hoot,hh uw t,0,hh,1.829595302037189e-08,35.61617915034864,6,6,0.006944444444444444
AN19-rec-99c248c825a596b33e6c:phone:3,AN19-rec-99c248c825a596b33e6c,AN19.MIX.if2,Dutch,Germanic,hoot,hh uw t,2,t,1.1931009012315042e-09,25.70833861521124,6,6,0.006944444444444444
AN19-rec-99c6d3fcf44c21076cd2:phone:2,AN19-rec-99c6d3fcf44c21076cd2,AN19.SPA.sf6,Spanish,Romance,bun,b ah n,1,ah,2.881741667391007e-24,57.792902336381566,6,6,0.007042253521126761
AN19-rec-99cd1d308a8c03d2bb27:phone:1,AN19-rec-99cd1d308a8c03d2bb27,AN19.SPA.sf3,Spanish,Romance,soil,s oy l,0,s,8.033715944413105e-05,17.684082050287984,6,6,0.007246376811594203
AN19-rec-9a022ed86c47017fd651:phone:3,AN19-rec-9a022ed86c47017fd651,AN19.KOR.km1,Korean,Koreanic,pad,p ae d,2,d,8.223258866441936e-06,16.870548643597232,6,6,0.0072992700729927005
AN19-rec-9a0700f80fb28281ecf9:phone:1,AN19-rec-9a0700f80fb28281ecf9,AN19.MIX.im4,Mandarin,Sino-Tibetan,gave,g ey v,0,g,2.979756925564079e-07,19.60404730542184,6,6,0.006993006993006993
AN19-rec-9a1e021ad4de1ae12902:phone:2,AN19-rec-9a1e021ad4de1ae12902,AN19.MIX.im3,Russian,Slavic,size,s ay z,1,ay,7.765321334848917e-05,21.970922980796622,6,6,0.006756756756756757
AN19-rec-9a4eab0e5797323d65a5:phone:2,AN19-rec-9a4eab0e5797323d65a5,AN19.MIX.if5,Japanese,Japonic,deep,d iy p,1,iy,6.370898940574994e-08,20.272591646398297,6,6,0.006711409395973154
AN19-rec-9a4eab0e5797323d65a5:phone:3,AN19-rec-9a4eab0e5797323d65a5,AN19.MIX.if5,Japanese,Japonic,deep,d iy p,2,p,2.0099414909768746e-06,22.454091023128125,6,6,0.006711409395973154
AN19-rec-9a6004c7e08f37edc6b5:phone:2,AN19-rec-9a6004c7e08f37edc6b5,AN19.KOR.kf2,Korean,Koreanic,pull,p uh l,1,uh,9.6943883163603e-13,33.58023916033965,6,6,0.0072992700729927005
AN19-rec-9a6abc9b87d964296ed8:phone:1,AN19-rec-9a6abc9b87d964296ed8,AN19.MIX.if1,Albanian,Albanian,thick,th ih k,0,th,7.48784619710222e-17,75.35498379389848,6,6,0.0070921985815602835
AN19-rec-9a6abc9b87d964296ed8:phone:3,AN19-rec-9a6abc9b87d964296ed8,AN19.MIX.if1,Albanian,Albanian,thick,th ih k,2,k,6.369769841357633e-13,50.91269294154265,6,6,0.0070921985815602835
AN19-rec-9a6ed12e7cf84f98dabc:phone:1,AN19-rec-9a6ed12e7cf84f98dabc,AN19.MIX.if5,Japanese,Japonic,god,g aa d,0,g,2.0563671520503152e-18,64.99724866372786,6,6,0.006711409395973154
AN19-rec-9a75c795a2c74669ae78:phone:2,AN19-rec-9a75c795a2c74669ae78,AN19.MIX.if2,Dutch,Germanic,full,f uh l,1,uh,1.1469410559059606e-07,28.57078998982138,6,6,0.006944444444444444
AN19-rec-9a76bd3bf7a85924c38f:phone:2,AN19-rec-9a76bd3bf7a85924c38f,AN19.SPA.sf3,Spanish,Romance,lice,l ay s,1,ay,1.0723575001248014e-08,24.350870407137307,6,6,0.007246376811594203
AN19-rec-9a76bd3bf7a85924c38f:phone:3,AN19-rec-9a76bd3bf7a85924c38f,AN19.SPA.sf3,Spanish,Romance,lice,l ay s,2,s,3.845397636035517e-06,22.75083039650882,6,6,0.007246376811594203
AN19-rec-9a88e815e73cb35273bc:phone:2,AN19-rec-9a88e815e73cb35273bc,AN19.KOR.kf2,Korean,Koreanic,teat,t iy t,1,iy,2.3462789743441716e-14,44.789847625498965,6,6,0.0072992700729927005
AN19-rec-9a98902cf01a51e91241:phone:2,AN19-rec-9a98902cf01a51e91241,AN19.MIX.im3,Russian,Slavic,was,w aa z,1,aa,4.585872583716942e-06,22.36586122278645,6,6,0.006756756756756757
AN19-rec-9ab78981dbcd65ad362f:phone:2,AN19-rec-9ab78981dbcd65ad362f,AN19.MIX.if3,French,Romance,pull,p uh l,1,uh,3.1681861537759736e-05,27.49375968461112,6,6,0.006993006993006993
AN19-rec-9ab9493a7a3592fd74b1:phone:2,AN19-rec-9ab9493a7a3592fd74b1,AN19.SPA.sm3,Spanish,Romance,deep,d iy p,1,iy,0.0022363824060658683,8.802559982480822,6,6,0.0072992700729927005
AN19-rec-9ab9493a7a3592fd74b1:phone:3,AN19-rec-9ab9493a7a3592fd74b1,AN19.SPA.sm3,Spanish,Romance,deep,d iy p,2,p,5.6955723236311686e-05,22.85788266239873,6,6,0.0072992700729927005
AN19-rec-9ab95dc97cc064f9f4f1:phone:1,AN19-rec-9ab95dc97cc064f9f4f1,AN19.KOR.kf1,Korean,Koreanic,bug,b ah g,0,b,7.02616964969468e-18,65.72293043833557,6,6,0.0072992700729927005
AN19-rec-9abc6edbc399a5527aff:phone:1,AN19-rec-9abc6edbc399a5527aff,AN19.KOR.km8,Korean,Koreanic,pool,p uw l,0,p,1.264224104055719e-10,33.15919118957945,6,6,0.006896551724137931
AN19-rec-9acfb30da9cdf60fd97b:phone:1,AN19-rec-9acfb30da9cdf60fd97b,AN19.SPA.sf5,Spanish,Romance,curve,k er v,0,k,6.641927383375066e-25,64.15584501014627,6,6,0.007194244604316547
AN19-rec-9acfb30da9cdf60fd97b:phone:3,AN19-rec-9acfb30da9cdf60fd97b,AN19.SPA.sf5,Spanish,Romance,curve,k er v,2,v,3.102575579308514e-09,26.56464919341684,6,6,0.007194244604316547
AN19-rec-9af54c3900109132149b:phone:1,AN19-rec-9af54c3900109132149b,AN19.SPA.sf5,Spanish,Romance,bean,b iy n,0,b,0.003063452057869919,44.404391127121976,6,6,0.007194244604316547
AN19-rec-9af6d551fd0cc26f0cf3:phone:2,AN19-rec-9af6d551fd0cc26f0cf3,AN19.KOR.km7,Korean,Koreanic,full,f uh l,1,uh,1.0280738586033482e-05,28.01370334273108,6,6,0.006711409395973154
AN19-rec-9af98b6a38ba2717780f:phone:2,AN19-rec-9af98b6a38ba2717780f,AN19.SPA.sm3,Spanish,Romance,roof,r uw f,1,uw,0.007335620413612492,26.3509247771414,6,6,0.0072992700729927005
AN19-rec-9b1f92826b2df84ee5db:phone:2,AN19-rec-9b1f92826b2df84ee5db,AN19.SPA.sf3,Spanish,Romance,full,f uh l,1,uh,1.2197288160932344e-07,29.6533303885586,6,6,0.007246376811594203
AN19-rec-9b26e8dc95f9a877e6d8:phone:1,AN19-rec-9b26e8dc95f9a877e6d8,AN19.MIX.im2,Bengali,Indo-Aryan,wick,w ih k,0,w,5.296370234261684e-27,82.25091133391587,6,6,0.007246376811594203
AN19-rec-9b53144404f8fb4980b2:phone:2,AN19-rec-9b53144404f8fb4980b2,AN19.SPA.sm5,Spanish,Romance,wail,w ey l,1,ey,8.256396666161757e-12,69.91745830079817,6,6,0.006896551724137931
AN19-rec-9b6b739c3817e4a0df9b:phone:2,AN19-rec-9b6b739c3817e4a0df9b,AN19.MIX.im3,Russian,Slavic,cod,k aa d,1,aa,2.2148584919745658e-09,41.65301500039291,6,6,0.006756756756756757
AN19-rec-9b6ed036c1ae7becbdea:phone:1,AN19-rec-9b6ed036c1ae7becbdea,AN19.KOR.km3,Korean,Koreanic,join,jh oy n,0,jh,0.13872146899917023,32.819213869616114,6,6,0.006666666666666667
AN19-rec-9b6ed036c1ae7becbdea:phone:3,AN19-rec-9b6ed036c1ae7becbdea,AN19.KOR.km3,Korean,Koreanic,join,jh oy n,2,n,1.0770797237440052e-08,73.68415448639561,6,6,0.006666666666666667
AN19-rec-9b9a0a0ed13932283e5f:phone:2,AN19-rec-9b9a0a0ed13932283e5f,AN19.KOR.km3,Korean,Koreanic,chief,ch iy f,1,iy,1.0369036758987786e-18,50.085504464266826,6,6,0.006666666666666667
AN19-rec-9bc1cc9703dd838acb51:phone:3,AN19-rec-9bc1cc9703dd838acb51,AN19.MIX.if1,Albanian,Albanian,fin,f ih n,2,n,4.769815257268844e-07,28.905998995355755,6,6,0.0070921985815602835
AN19-rec-9bc5e4659f4cc05b4d1d:phone:2,AN19-rec-9bc5e4659f4cc05b4d1d,AN19.KOR.km3,Korean,Koreanic,roof,r uw f,1,uw,0.015838405024736248,19.712159459003708,6,6,0.006666666666666667
AN19-rec-9bcf801ba54649708bc7:phone:1,AN19-rec-9bcf801ba54649708bc7,AN19.SPA.sf4,Spanish,Romance,shop,sh aa p,0,sh,0.00029408440299871064,13.012398353166278,6,6,0.0070921985815602835
AN19-rec-9bcf801ba54649708bc7:phone:2,AN19-rec-9bcf801ba54649708bc7,AN19.SPA.sf4,Spanish,Romance,shop,sh aa p,1,aa,1.227625935435768e-05,21.91487941996181,6,6,0.0070921985815602835
AN19-rec-9bd290766f584ca25271:phone:2,AN19-rec-9bd290766f584ca25271,AN19.SPA.sm6,Spanish,Romance,sill,s ih l,1,ih,2.614393619488649e-33,91.02380175311517,6,6,0.006756756756756757
AN19-rec-9bda75ce095f55c74f72:phone:1,AN19-rec-9bda75ce095f55c74f72,AN19.KOR.km3,Korean,Koreanic,soil,s oy l,0,s,1.11318181669985e-05,21.963645120774032,6,6,0.006666666666666667
AN19-rec-9bda75ce095f55c74f72:phone:2,AN19-rec-9bda75ce095f55c74f72,AN19.KOR.km3,Korean,Koreanic,soil,s oy l,1,oy,0.009294844858834935,16.75999745105584,6,6,0.006666666666666667
AN19-rec-9bff74012e53794e1a9c:phone:1,AN19-rec-9bff74012e53794e1a9c,AN19.SPA.sf4,Spanish,Romance,hoot,hh uw t,0,hh,5.5116015043408035e-09,34.056592871632674,6,6,0.0070921985815602835
AN19-rec-9bff74012e53794e1a9c:phone:3,AN19-rec-9bff74012e53794e1a9c,AN19.SPA.sf4,Spanish,Romance,hoot,hh uw t,2,t,2.198177329725535e-07,32.563823093534175,6,6,0.0070921985815602835
AN19-rec-9c00844db37a582d175f:phone:1,AN19-rec-9c00844db37a582d175f,AN19.MIX.if3,French,Romance,con,k aa n,0,k,8.388067179480913e-05,18.510783003089745,6,6,0.006993006993006993
AN19-rec-9c00844db37a582d175f:phone:2,AN19-rec-9c00844db37a582d175f,AN19.MIX.if3,French,Romance,con,k aa n,1,aa,5.811616416877454e-18,56.04487177852292,6,6,0.006993006993006993
AN19-rec-9c1853ace7e4b77cd096:phone:2,AN19-rec-9c1853ace7e4b77cd096,AN19.SPA.sf5,Spanish,Romance,voice,v oy s,1,oy,4.780123647577858e-05,27.663293985397896,6,6,0.007194244604316547
AN19-rec-9c44f0164383c4b70255:phone:2,AN19-rec-9c44f0164383c4b70255,AN19.MIX.im6,Hindi,Indo-Aryan,was,w aa z,1,aa,2.910575246987509e-10,32.207635762386566,6,6,0.006711409395973154
AN19-rec-9c81a72896f80996fb1a:phone:2,AN19-rec-9c81a72896f80996fb1a,AN19.SPA.sf2,Spanish,Romance,watch,w aa ch,1,aa,6.189345009974341e-08,45.842301268879055,6,6,0.007246376811594203
AN19-rec-9c951b85869174900de5:phone:3,AN19-rec-9c951b85869174900de5,AN19.MIX.im4,Mandarin,Sino-Tibetan,thought,th ao t,2,t,1.1134240854405483e-16,52.51839177026972,6,6,0.006993006993006993
AN19-rec-9ca985fc74df71616393:phone:1,AN19-rec-9ca985fc74df71616393,AN19.KOR.kf6,Korean,Koreanic,con,k aa n,0,k,7.778654877231203e-12,51.0009244845801,6,6,0.007042253521126761
AN19-rec-9ca985fc74df71616393:phone:2,AN19-rec-9ca985fc74df71616393,AN19.KOR.kf6,Korean,Koreanic,con,k aa n,1,aa,8.619768018703083e-13,55.60154691762574,6,6,0.007042253521126761
AN19-rec-9cc01163482f9a4adeac:phone:1,AN19-rec-9cc01163482f9a4adeac,AN19.KOR.km3,Korean,Koreanic,both,b ow th,0,b,1.1033985936727393e-09,27.925336693061784,6,6,0.006666666666666667
AN19-rec-9cc01163482f9a4adeac:phone:3,AN19-rec-9cc01163482f9a4adeac,AN19.KOR.km3,Korean,Koreanic,both,b ow th,2,th,2.5608746461352267e-13,37.05216694453962,6,6,0.006666666666666667
AN19-rec-9cd506e71e0729ae2c80:phone:2,AN19-rec-9cd506e71e0729ae2c80,AN19.KOR.kf1,Korean,Koreanic,watch,w aa ch,1,aa,9.766167170025311e-11,36.08254031156184,6,6,0.0072992700729927005
AN19-rec-9d07eeffa7b6659c43aa:phone:1,AN19-rec-9d07eeffa7b6659c43aa,AN19.MIX.if2,Dutch,Germanic,soak,s ow k,0,s,0.001448458224429863,15.923364116552015,6,6,0.006944444444444444
AN19-rec-9d07eeffa7b6659c43aa:phone:2,AN19-rec-9d07eeffa7b6659c43aa,AN19.MIX.if2,Dutch,Germanic,soak,s ow k,1,ow,3.6064069326014837e-10,38.97242455077393,6,6,0.006944444444444444
AN19-rec-9d1e2a573c9fe4974df0:phone:2,AN19-rec-9d1e2a573c9fe4974df0,AN19.SPA.sf3,Spanish,Romance,roof,r uw f,1,uw,1.2686594961048931e-08,30.48816656433293,6,6,0.007246376811594203
AN19-rec-9d27a8eb2178effa3337:phone:1,AN19-rec-9d27a8eb2178effa3337,AN19.SPA.sf5,Spanish,Romance,hoot,hh uw t,0,hh,5.574232975732205e-05,36.90923834649828,6,6,0.007194244604316547
AN19-rec-9d27a8eb2178effa3337:phone:3,AN19-rec-9d27a8eb2178effa3337,AN19.SPA.sf5,Spanish,Romance,hoot,hh uw t,2,t,1.4243517298361957e-08,40.72671704742617,6,6,0.007194244604316547
AN19-rec-9d432221b7c455c66e8f:phone:1,AN19-rec-9d432221b7c455c66e8f,AN19.SPA.sm7,Spanish,Romance,pawn,p ao n,0,p,1.7036663682591474e-25,66.01351134426618,6,6,0.007352941176470588
AN19-rec-9d8de86818e7f79b7167:phone:3,AN19-rec-9d8de86818e7f79b7167,AN19.MIX.im6,Hindi,Indo-Aryan,white,w ay t,2,t,1.750928992184801e-10,62.23743947304697,6,6,0.006711409395973154
AN19-rec-9d99f956e956218a3bc6:phone:2,AN19-rec-9d99f956e956218a3bc6,AN19.KOR.km8,Korean,Koreanic,caught,k aa t,1,aa,3.130471496651486e-12,49.6239957165434,6,6,0.006896551724137931
AN19-rec-9db21c71f7b102f0f031:phone:2,AN19-rec-9db21c71f7b102f0f031,AN19.SPA.sm7,Spanish,Romance,rut,r ah t,1,ah,0.00039644366902327315,22.037135456291026,6,6,0.007352941176470588
AN19-rec-9dd1057e5287ef633f87:phone:1,AN19-rec-9dd1057e5287ef633f87,AN19.MIX.if4,German,Germanic,mall,m ao l,0,m,0.12317850383076952,37.95136215159969,6,6,0.0072992700729927005
AN19-rec-9dd4a13356d1b41dac60:phone:3,AN19-rec-9dd4a13356d1b41dac60,AN19.KOR.km7,Korean,Koreanic,hash,hh ae sh,2,sh,6.125089994559991e-06,25.522122498248468,6,6,0.006711409395973154
AN19-rec-9ddbedc73822a1c84dca:phone:2,AN19-rec-9ddbedc73822a1c84dca,AN19.SPA.sf6,Spanish,Romance,full,f uh l,1,uh,5.251021060401838e-05,19.626546613116947,6,6,0.007042253521126761
AN19-rec-9de51532c09eb43a1539:phone:2,AN19-rec-9de51532c09eb43a1539,AN19.KOR.kf1,Korean,Koreanic,suck,s ah k,1,ah,1.4886468178561264e-07,53.46703974527984,6,6,0.0072992700729927005
AN19-rec-9de51532c09eb43a1539:phone:3,AN19-rec-9de51532c09eb43a1539,AN19.KOR.kf1,Korean,Koreanic,suck,s ah k,2,k,8.912042358247187e-28,89.13307323732973,6,6,0.0072992700729927005
AN19-rec-9e12859f4710f54515a6:phone:1,AN19-rec-9e12859f4710f54515a6,AN19.SPA.sm5,Spanish,Romance,doom,d uw m,0,d,3.2681051128908975e-23,70.70277393631858,6,6,0.006896551724137931
AN19-rec-9e14b98b26cedcc44b38:phone:2,AN19-rec-9e14b98b26cedcc44b38,AN19.MIX.if6,Somali,Afro-Asiatic,mid,m ih d,1,ih,0.038602556115600914,27.966503296476677,6,6,0.007246376811594203
AN19-rec-9e1f172c722e82100a4e:phone:2,AN19-rec-9e1f172c722e82100a4e,AN19.MIX.im2,Bengali,Indo-Aryan,bun,b ah n,1,ah,5.62918950385792e-13,36.44133517617882,6,6,0.007246376811594203
AN19-rec-9e2a53aef3e2c106d0ea:phone:2,AN19-rec-9e2a53aef3e2c106d0ea,AN19.SPA.sm7,Spanish,Romance,wife,w ay f,1,ay,3.551039736239914e-10,32.92603359884874,6,6,0.007352941176470588
AN19-rec-9e3b1ab69cd2e4a4b168:phone:3,AN19-rec-9e3b1ab69cd2e4a4b168,AN19.KOR.kf3,Korean,Koreanic,peace,p iy s,2,s,2.2367687804583558e-20,66.34629009217997,6,6,0.007246376811594203
AN19-rec-9e706fb7a1d1613eb591:phone:3,AN19-rec-9e706fb7a1d1613eb591,AN19.SPA.sm3,Spanish,Romance,toot,t uw t,2,t,1.0830461231836379e-10,29.556922409459347,6,6,0.0072992700729927005
AN19-rec-9eac2bca2f7312c0ac03:phone:1,AN19-rec-9eac2bca2f7312c0ac03,AN19.KOR.km8,Korean,Koreanic,hag,hh ae g,0,hh,0.004097774124277115,13.596555860793387,6,6,0.006896551724137931
AN19-rec-9eac2bca2f7312c0ac03:phone:3,AN19-rec-9eac2bca2f7312c0ac03,AN19.KOR.km8,Korean,Koreanic,hag,hh ae g,2,g,8.123654580699469e-09,56.33598980837876,6,6,0.006896551724137931
AN19-rec-9eb0a32d2f2e3d4e9d01:phone:2,AN19-rec-9eb0a32d2f2e3d4e9d01,AN19.MIX.if3,French,Romance,roof,r uw f,1,uw,3.6583675563517306e-09,49.746245880171074,6,6,0.006993006993006993
AN19-rec-9ebd46a64d7bc33b5953:phone:2,AN19-rec-9ebd46a64d7bc33b5953,AN19.MIX.im3,Russian,Slavic,noise,n oy z,1,oy,0.0014103405393252819,49.09471094195717,6,6,0.006756756756756757
AN19-rec-9ece3ba7b5c743f3a39f:phone:3,AN19-rec-9ece3ba7b5c743f3a39f,AN19.SPA.sf5,Spanish,Romance,rhyme,r ay m,2,m,2.3797044896590552e-21,67.66496367451327,6,6,0.007194244604316547
AN19-rec-9ee4c6a03243ed7180e3:phone:1,AN19-rec-9ee4c6a03243ed7180e3,AN19.KOR.km6,Korean,Koreanic,curve,k er v,0,k,2.400061488564132e-07,20.460706320270116,6,6,0.007042253521126761
AN19-rec-9ee4c6a03243ed7180e3:phone:3,AN19-rec-9ee4c6a03243ed7180e3,AN19.KOR.km6,Korean,Koreanic,curve,k er v,2,v,0.00025668414364780087,14.093237852143906,6,6,0.007042253521126761
AN19-rec-9efea665c8251b2b26b5:phone:2,AN19-rec-9efea665c8251b2b26b5,AN19.SPA.sm3,Spanish,Romance,neck,n eh k,1,eh,1.0016646775478507e-16,58.80591451879184,6,6,0.0072992700729927005
AN19-rec-9f1b59a868ba03c179a5:phone:2,AN19-rec-9f1b59a868ba03c179a5,AN19.MIX.if2,Dutch,Germanic,cod,k aa d,1,aa,0.0001010362591856755,58.34544794103897,6,6,0.006944444444444444
AN19-rec-9f1fdeb46596e7a49f42:phone:3,AN19-rec-9f1fdeb46596e7a49f42,AN19.KOR.km1,Korean,Koreanic,death,d eh th,2,th,3.632328874266016e-07,52.52915208623648,6,6,0.0072992700729927005
AN19-rec-9f2211b45457a90bbc2c:phone:1,AN19-rec-9f2211b45457a90bbc2c,AN19.MIX.im6,Hindi,Indo-Aryan,hag,hh ae g,0,hh,0.025066984464196824,16.877675343278632,6,6,0.006711409395973154
AN19-rec-9f2211b45457a90bbc2c:phone:3,AN19-rec-9f2211b45457a90bbc2c,AN19.MIX.im6,Hindi,Indo-Aryan,hag,hh ae g,2,g,1.2291243610852088e-28,95.54534726864568,6,6,0.006711409395973154
AN19-rec-9f300ffe4af0bc83568b:phone:3,AN19-rec-9f300ffe4af0bc83568b,AN19.KOR.kf5,Korean,Koreanic,deep,d iy p,2,p,1.0800325137769216e-06,25.921298425848804,6,6,0.006993006993006993
AN19-rec-9f5176b372d910bbfa99:phone:2,AN19-rec-9f5176b372d910bbfa99,AN19.SPA.sf4,Spanish,Romance,live,l ay v,1,ay,6.3178099496897166e-15,49.60451718644708,6,6,0.0070921985815602835
AN19-rec-9f5409f605f126088fbc:phone:3,AN19-rec-9f5409f605f126088fbc,AN19.KOR.km7,Korean,Koreanic,pup,p ah p,2,p,6.546137003926344e-10,43.73268743567516,6,6,0.006711409395973154
AN19-rec-9f5700c7219fa1053ec2:phone:1,AN19-rec-9f5700c7219fa1053ec2,AN19.KOR.kf6,Korean,Koreanic,path,p ae th,0,p,7.024024892466766e-09,40.56926797877466,6,6,0.007042253521126761
AN19-rec-9f5700c7219fa1053ec2:phone:3,AN19-rec-9f5700c7219fa1053ec2,AN19.KOR.kf6,Korean,Koreanic,path,p ae th,2,th,1.0450211126743222e-09,37.491455292838175,6,6,0.007042253521126761
AN19-rec-9f804163a52a6b1921ef:phone:1,AN19-rec-9f804163a52a6b1921ef,AN19.KOR.kf1,Korean,Koreanic,king,k ih ng,0,k,1.934429164814868e-16,62.5162977925319,6,6,0.0072992700729927005
AN19-rec-9f886e6ea65b3b5a14bf:phone:1,AN19-rec-9f886e6ea65b3b5a14bf,AN19.KOR.kf4,Korean,Koreanic,league,l iy g,0,l,4.045163991691121e-06,29.31199930230649,6,6,0.0070921985815602835
AN19-rec-9f886e6ea65b3b5a14bf:phone:2,AN19-rec-9f886e6ea65b3b5a14bf,AN19.KOR.kf4,Korean,Koreanic,league,l iy g,1,iy,0.0019734939134908197,14.260385535216669,6,6,0.0070921985815602835
AN19-rec-9f886e6ea65b3b5a14bf:phone:3,AN19-rec-9f886e6ea65b3b5a14bf,AN19.KOR.kf4,Korean,Koreanic,league,l iy g,2,g,9.300612435996316e-08,25.98489865384403,6,6,0.0070921985815602835
AN19-rec-9f8cd519ee7a87cdf242:phone:3,AN19-rec-9f8cd519ee7a87cdf242,AN19.SPA.sm6,Spanish,Romance,mouth,m aw th,2,th,0.00018372070632247515,37.63793994520659,6,6,0.006756756756756757
AN19-rec-9f923435c5ae2d512ffe:phone:1,AN19-rec-9f923435c5ae2d512ffe,AN19.MIX.im2,Bengali,Indo-Aryan,give,g ih v,0,g,2.2437297987426104e-28,82.0554779050391,6,6,0.007246376811594203
AN19-rec-9f9e1ca74770603d6b65:phone:3,AN19-rec-9f9e1ca74770603d6b65,AN19.KOR.kf5,Korean,Koreanic,peace,p iy s,2,s,1.7894055820461404e-05,34.853779369492315,6,6,0.006993006993006993
AN19-rec-9fb35eb1a2124020d55e:phone:3,AN19-rec-9fb35eb1a2124020d55e,AN19.KOR.km2,Korean,Koreanic,white,w ay t,2,t,9.571756983819885e-06,55.31322917741938,6,6,0.006756756756756757
AN19-rec-9fcb60406e671aaa1b75:phone:1,AN19-rec-9fcb60406e671aaa1b75,AN19.MIX.if5,Japanese,Japonic,mall,m ao l,0,m,6.602264487297466e-08,29.62352923406883,6,6,0.006711409395973154
AN19-rec-9fd9e0851c3fb0d0a05f:phone:2,AN19-rec-9fd9e0851c3fb0d0a05f,AN19.MIX.if5,Japanese,Japonic,thing,th ih ng,1,ih,1.4167616597020378e-12,51.84999911664855,6,6,0.006711409395973154
AN19-rec-9fe344020918d5f888dd:phone:1,AN19-rec-9fe344020918d5f888dd,AN19.SPA.sf6,Spanish,Romance,page,p ey jh,0,p,7.424676230619938e-08,52.8402401293962,6,6,0.007042253521126761
AN19-rec-9fe344020918d5f888dd:phone:3,AN19-rec-9fe344020918d5f888dd,AN19.SPA.sf6,Spanish,Romance,page,p ey jh,2,jh,2.0083715109708324e-05,32.369525755620124,6,6,0.007042253521126761
AN19-rec-9fe6513eb6a828dd1b1b:phone:1,AN19-rec-9fe6513eb6a828dd1b1b,AN19.KOR.kf3,Korean,Koreanic,lice,l ay s,0,l,0.0010360981446435986,14.8500804906981,6,6,0.007246376811594203
AN19-rec-9fe6513eb6a828dd1b1b:phone:2,AN19-rec-9fe6513eb6a828dd1b1b,AN19.KOR.kf3,Korean,Koreanic,lice,l ay s,1,ay,0.003407224513817445,23.015098599100117,6,6,0.007246376811594203
AN19-rec-9fe6513eb6a828dd1b1b:phone:3,AN19-rec-9fe6513eb6a828dd1b1b,AN19.KOR.kf3,Korean,Koreanic,lice,l ay s,2,s,3.6303715151455366e-07,29.65536209339889,6,6,0.007246376811594203
AN19-rec-9ff3c89debf3e5c22edd:phone:3,AN19-rec-9ff3c89debf3e5c22edd,AN19.SPA.sm6,Spanish,Romance,white,w ay t,2,t,6.4484441189436e-11,53.60208872126534,6,6,0.006756756756756757
AN19-rec-9ffdc881ca085f1ff5bb:phone:1,AN19-rec-9ffdc881ca085f1ff5bb,AN19.MIX.im3,Russian,Slavic,theme,th iy m,0,th,2.7978961172127775e-10,54.50315386660301,6,6,0.006756756756756757
AN19-rec-9ffdc881ca085f1ff5bb:phone:2,AN19-rec-9ffdc881ca085f1ff5bb,AN19.MIX.im3,Russian,Slavic,theme,th iy m,1,iy,5.813452735555808e-09,27.193070612616623,6,6,0.006756756756756757
AN19-rec-9ffdc881ca085f1ff5bb:phone:3,AN19-rec-9ffdc881ca085f1ff5bb,AN19.MIX.im3,Russian,Slavic,theme,th iy m,2,m,2.819570146050243e-10,32.61703270712058,6,6,0.006756756756756757
AN19-rec-a015486a2645c08d9025:phone:1,AN19-rec-a015486a2645c08d9025,AN19.SPA.sm5,Spanish,Romance,jack,jh ae k,0,jh,2.2033165876229934e-12,31.315992277315548,6,6,0.006896551724137931
AN19-rec-a015486a2645c08d9025:phone:3,AN19-rec-a015486a2645c08d9025,AN19.SPA.sm5,Spanish,Romance,jack,jh ae k,2,k,1.4788061543136966e-08,19.780665558976796,6,6,0.006896551724137931
AN19-rec-a01add241da5f363dcb8:phone:3,AN19-rec-a01add241da5f363dcb8,AN19.SPA.sm7,Spanish,Romance,dog,d ao g,2,g,2.4470685467655333e-10,102.84110979466418,6,6,0.007352941176470588
AN19-rec-a03251783f111ffad1ce:phone:1,AN19-rec-a03251783f111ffad1ce,AN19.KOR.km6,Korean,Koreanic,chief,ch iy f,0,ch,1.015205610649975e-09,28.87559892010312,6,6,0.007042253521126761
AN19-rec-a046c30f0aeb994e504f:phone:2,AN19-rec-a046c30f0aeb994e504f,AN19.KOR.kf1,Korean,Koreanic,full,f uh l,1,uh,7.583749788154604e-08,28.046668413789217,6,6,0.0072992700729927005
AN19-rec-a05b622be1835d874412:phone:1,AN19-rec-a05b622be1835d874412,AN19.KOR.km1,Korean,Koreanic,join,jh oy n,0,jh,0.06095454465208409,32.441450096121535,6,6,0.0072992700729927005
AN19-rec-a05b622be1835d874412:phone:3,AN19-rec-a05b622be1835d874412,AN19.KOR.km1,Korean,Koreanic,join,jh oy n,2,n,1.5582129772198722e-07,33.158690194381506,6,6,0.0072992700729927005
AN19-rec-a05f9457ea99ba8b5e3d:phone:1,AN19-rec-a05f9457ea99ba8b5e3d,AN19.MIX.if5,Japanese,Japonic,con,k aa n,0,k,4.809670705564359e-08,32.29695355441442,6,6,0.006711409395973154
AN19-rec-a05f9457ea99ba8b5e3d:phone:2,AN19-rec-a05f9457ea99ba8b5e3d,AN19.MIX.if5,Japanese,Japonic,con,k aa n,1,aa,2.4624999819201132e-08,29.457283323909937,6,6,0.006711409395973154
AN19-rec-a060d4518a3c9fbae6c5:phone:2,AN19-rec-a060d4518a3c9fbae6c5,AN19.SPA.sm2,Spanish,Romance,rhyme,r ay m,1,ay,1.3283961264293934e-14,60.79804114066496,6,6,0.007042253521126761
AN19-rec-a060d4518a3c9fbae6c5:phone:3,AN19-rec-a060d4518a3c9fbae6c5,AN19.SPA.sm2,Spanish,Romance,rhyme,r ay m,2,m,2.4479889858665697e-08,60.63876627229542,6,6,0.007042253521126761
AN19-rec-a0627f0271275f8369b0:phone:1,AN19-rec-a0627f0271275f8369b0,AN19.MIX.if4,German,Germanic,bean,b iy n,0,b,0.0895047134444684,27.43934588876067,6,6,0.0072992700729927005
AN19-rec-a06d91478c75505a5237:phone:3,AN19-rec-a06d91478c75505a5237,AN19.KOR.kf4,Korean,Koreanic,thought,th ao t,2,t,1.1945302061181065e-11,37.16287102708476,6,6,0.0070921985815602835
AN19-rec-a06f4cf78a0179391f95:phone:2,AN19-rec-a06f4cf78a0179391f95,AN19.MIX.im2,Bengali,Indo-Aryan,lose,l uw z,1,uw,2.2109594360024997e-07,17.200565813358132,6,6,0.007246376811594203
AN19-rec-a07212e651a09f3badaf:phone:1,AN19-rec-a07212e651a09f3badaf,AN19.SPA.sf1,Spanish,Romance,den,d eh n,0,d,2.249389753823723e-08,62.50583318161629,6,6,0.006896551724137931
AN19-rec-a07212e651a09f3badaf:phone:2,AN19-rec-a07212e651a09f3badaf,AN19.SPA.sf1,Spanish,Romance,den,d eh n,1,eh,4.665571982025966e-09,28.4084092013196,6,6,0.006896551724137931
AN19-rec-a097e1b85c3d0f589d8c:phone:1,AN19-rec-a097e1b85c3d0f589d8c,AN19.SPA.sm6,Spanish,Romance,ship,sh ih p,0,sh,2.9177903812614734e-28,67.61404467846245,6,6,0.006756756756756757
AN19-rec-a0e59facbc9a1d75f2fa:phone:2,AN19-rec-a0e59facbc9a1d75f2fa,AN19.MIX.if6,Somali,Afro-Asiatic,fade,f ey d,1,ey,5.350759344103217e-08,22.278163654544937,6,6,0.007246376811594203
AN19-rec-a0e618569f1d6cb198c6:phone:2,AN19-rec-a0e618569f1d6cb198c6,AN19.SPA.sf4,Spanish,Romance,thing,th ih ng,1,ih,4.297698356314718e-08,36.99714375682321,6,6,0.0070921985815602835
AN19-rec-a0e74b60e2b79a180971:phone:3,AN19-rec-a0e74b60e2b79a180971,AN19.MIX.if6,Somali,Afro-Asiatic,mouth,m aw th,2,th,0.0008265311105745063,36.65529214341428,6,6,0.007246376811594203
AN19-rec-a0f3574c72ebb0c2040a:phone:2,AN19-rec-a0f3574c72ebb0c2040a,AN19.MIX.im2,Bengali,Indo-Aryan,live,l ay v,1,ay,0.009653692218919848,26.510847941450347,6,6,0.007246376811594203
AN19-rec-a10df4c9981450a27feb:phone:1,AN19-rec-a10df4c9981450a27feb,AN19.MIX.if6,Somali,Afro-Asiatic,give,g ih v,0,g,9.078014531179779e-06,22.29933419800543,6,6,0.007246376811594203
AN19-rec-a14a302e9cfb96799a25:phone:1,AN19-rec-a14a302e9cfb96799a25,AN19.KOR.km6,Korean,Koreanic,five,f ay v,0,f,3.4164018257504506e-06,52.066147518125184,6,6,0.007042253521126761
AN19-rec-a14adcac0871fe456628:phone:2,AN19-rec-a14adcac0871fe456628,AN19.SPA.sf1,Spanish,Romance,ban,b ae n,1,ae,3.5555163419744707e-47,112.89301235673678,6,6,0.006896551724137931
AN19-rec-a180baffcbd8a5e9da89:phone:1,AN19-rec-a180baffcbd8a5e9da89,AN19.KOR.km8,Korean,Koreanic,god,g aa d,0,g,5.2331831261118656e-11,33.984782986918695,6,6,0.006896551724137931
AN19-rec-a18b53155fc349851df8:phone:3,AN19-rec-a18b53155fc349851df8,AN19.KOR.kf2,Korean,Koreanic,long,l ao ng,2,ng,1.6203206362781262e-30,76.31305589968187,6,6,0.0072992700729927005
AN19-rec-a198200d416c2ffeddf3:phone:1,AN19-rec-a198200d416c2ffeddf3,AN19.SPA.sm4,Spanish,Romance,cheer,ch ih r,0,ch,0.011204295661380329,15.305830416393883,6,6,0.007194244604316547
AN19-rec-a198200d416c2ffeddf3:phone:3,AN19-rec-a198200d416c2ffeddf3,AN19.SPA.sm4,Spanish,Romance,cheer,ch ih r,2,r,0.001277970259974952,17.012781099259083,6,6,0.007194244604316547
AN19-rec-a19c88fa7c8bfa4945dc:phone:1,AN19-rec-a19c88fa7c8bfa4945dc,AN19.KOR.kf4,Korean,Koreanic,soil,s oy l,0,s,0.008446277423328064,22.852711904541607,6,6,0.0070921985815602835
AN19-rec-a19c88fa7c8bfa4945dc:phone:2,AN19-rec-a19c88fa7c8bfa4945dc,AN19.KOR.kf4,Korean,Koreanic,soil,s oy l,1,oy,1.169447035448462e-07,25.180498397663182,6,6,0.0070921985815602835
AN19-rec-a1a8a49004ae6b21fe95:phone:1,AN19-rec-a1a8a49004ae6b21fe95,AN19.KOR.kf5,Korean,Koreanic,hack,hh ae k,0,hh,6.491340235168924e-05,11.978070045565545,6,6,0.006993006993006993
AN19-rec-a1a8a49004ae6b21fe95:phone:3,AN19-rec-a1a8a49004ae6b21fe95,AN19.KOR.kf5,Korean,Koreanic,hack,hh ae k,2,k,5.628536067749608e-10,38.04290121575891,6,6,0.006993006993006993
AN19-rec-a1b96eea07c3c7f1514a:phone:2,AN19-rec-a1b96eea07c3c7f1514a,AN19.KOR.km8,Korean,Koreanic,mid,m ih d,1,ih,0.023191633061088016,27.77224002724743,6,6,0.006896551724137931
AN19-rec-a1cfd691421e1d597fbc:phone:3,AN19-rec-a1cfd691421e1d597fbc,AN19.KOR.km2,Korean,Koreanic,pup,p ah p,2,p,2.9842446155931774e-09,43.46129452958883,6,6,0.006756756756756757
AN19-rec-a1de45866c65589c48ef:phone:1,AN19-rec-a1de45866c65589c48ef,AN19.KOR.km6,Korean,Koreanic,gut,g ah t,0,g,7.812564758077139e-07,51.067577938268165,6,6,0.007042253521126761
AN19-rec-a1de45866c65589c48ef:phone:3,AN19-rec-a1de45866c65589c48ef,AN19.KOR.km6,Korean,Koreanic,gut,g ah t,2,t,8.179847557677293e-23,60.39267871861375,6,6,0.007042253521126761
AN19-rec-a1e7ff1014a64c4b0ba5:phone:2,AN19-rec-a1e7ff1014a64c4b0ba5,AN19.KOR.kf3,Korean,Koreanic,live,l ay v,1,ay,8.638167677895231e-17,56.92731338516435,6,6,0.007246376811594203
AN19-rec-a1fa719b74e0cd265f0a:phone:2,AN19-rec-a1fa719b74e0cd265f0a,AN19.KOR.km7,Korean,Koreanic,wed,w eh d,1,eh,5.267072200175782e-17,56.62476063274926,6,6,0.006711409395973154
AN19-rec-a1faabcf9e1041e0eb92:phone:2,AN19-rec-a1faabcf9e1041e0eb92,AN19.KOR.kf5,Korean,Koreanic,lace,l ey s,1,ey,2.1520897280202322e-05,34.53303831652873,6,6,0.006993006993006993
AN19-rec-a21d78bbaf6581bc6870:phone:3,AN19-rec-a21d78bbaf6581bc6870,AN19.SPA.sf3,Spanish,Romance,beak,b iy k,2,k,1.2623268245810799e-08,27.11479233888165,6,6,0.007246376811594203
AN19-rec-a2266d6abf34fd99a56d:phone:3,AN19-rec-a2266d6abf34fd99a56d,AN19.KOR.kf1,Korean,Koreanic,mum,m ah m,2,m,2.984919130549916e-06,30.898293704705736,6,6,0.0072992700729927005
AN19-rec-a22dc33903918bdfe68c:phone:3,AN19-rec-a22dc33903918bdfe68c,AN19.KOR.kf3,Korean,Koreanic,mum,m ah m,2,m,7.078474297527173e-10,41.31794000772037,6,6,0.007246376811594203
AN19-rec-a23a7068dbe7f624b681:phone:1,AN19-rec-a23a7068dbe7f624b681,AN19.KOR.kf1,Korean,Koreanic,doom,d uw m,0,d,9.672660306082355e-15,59.22967728629703,6,6,0.0072992700729927005
AN19-rec-a24461fcc85c6261c934:phone:2,AN19-rec-a24461fcc85c6261c934,AN19.MIX.if6,Somali,Afro-Asiatic,thing,th ih ng,1,ih,8.635511365950738e-06,30.844936867234285,6,6,0.007246376811594203
AN19-rec-a267cdc7262cbf4fdab8:phone:1,AN19-rec-a267cdc7262cbf4fdab8,AN19.MIX.if6,Somali,Afro-Asiatic,hag,hh ae g,0,hh,0.01024166107769816,11.714336202469177,6,6,0.007246376811594203
AN19-rec-a267cdc7262cbf4fdab8:phone:3,AN19-rec-a267cdc7262cbf4fdab8,AN19.MIX.if6,Somali,Afro-Asiatic,hag,hh ae g,2,g,1.6238651168179823e-09,51.457571867331886,6,6,0.007246376811594203
AN19-rec-a27bad4b352d98db8fb7:phone:1,AN19-rec-a27bad4b352d98db8fb7,AN19.KOR.km2,Korean,Koreanic,god,g aa d,0,g,1.3928911356237342e-13,41.23084877328699,6,6,0.006756756756756757
AN19-rec-a281a06f72f194cf033a:phone:2,AN19-rec-a281a06f72f194cf033a,AN19.KOR.kf4,Korean,Koreanic,pull,p uh l,1,uh,7.393617723252504e-07,25.710643007873085,6,6,0.0070921985815602835
AN19-rec-a2840dc5c6cb6fb7691c:phone:1,AN19-rec-a2840dc5c6cb6fb7691c,AN19.SPA.sf3,Spanish,Romance,mall,m ao l,0,m,5.847253974027444e-07,36.68539419085973,6,6,0.007246376811594203
AN19-rec-a286ccb376ed6ac8c261:phone:2,AN19-rec-a286ccb376ed6ac8c261,AN19.KOR.kf1,Korean,Koreanic,wail,w ey l,1,ey,1.19524113043803e-13,44.74608017644393,6,6,0.0072992700729927005
AN19-rec-a28dcc0fce9458ec4281:phone:1,AN19-rec-a28dcc0fce9458ec4281,AN19.KOR.km2,Korean,Koreanic,ship,sh ih p,0,sh,0.005197024037517939,6.322438758705552,6,6,0.006756756756756757
AN19-rec-a28dcc0fce9458ec4281:phone:3,AN19-rec-a28dcc0fce9458ec4281,AN19.KOR.km2,Korean,Koreanic,ship,sh ih p,2,p,4.6346602892474775e-09,39.40883575418325,6,6,0.006756756756756757
AN19-rec-a2c17d93ce5a8d62f428:phone:2,AN19-rec-a2c17d93ce5a8d62f428,AN19.MIX.im6,Hindi,Indo-Aryan,learn,l er n,1,er,4.413411962730928e-11,32.93445400944405,6,6,0.006711409395973154
AN19-rec-a2c20e2308558ca1996b:phone:1,AN19-rec-a2c20e2308558ca1996b,AN19.KOR.kf6,Korean,Koreanic,dune,d uw n,0,d,0.00043856586121544566,61.25360862152022,6,6,0.007042253521126761
AN19-rec-a2c94a8c4ccb4ff01924:phone:1,AN19-rec-a2c94a8c4ccb4ff01924,AN19.KOR.km6,Korean,Koreanic,theme,th iy m,0,th,0.000470158750488644,29.625499928948425,6,6,0.007042253521126761
AN19-rec-a2c94a8c4ccb4ff01924:phone:2,AN19-rec-a2c94a8c4ccb4ff01924,AN19.KOR.km6,Korean,Koreanic,theme,th iy m,1,iy,9.63094923039624e-06,19.858968379446925,6,6,0.007042253521126761
AN19-rec-a2c94a8c4ccb4ff01924:phone:3,AN19-rec-a2c94a8c4ccb4ff01924,AN19.KOR.km6,Korean,Koreanic,theme,th iy m,2,m,2.1180260907004665e-06,25.27531990181811,6,6,0.007042253521126761
AN19-rec-a2ce18999ab78f926aed:phone:2,AN19-rec-a2ce18999ab78f926aed,AN19.SPA.sf6,Spanish,Romance,mace,m ey s,1,ey,8.332400433688633e-14,53.61147971242039,6,6,0.007042253521126761
AN19-rec-a2ce18999ab78f926aed:phone:3,AN19-rec-a2ce18999ab78f926aed,AN19.SPA.sf6,Spanish,Romance,mace,m ey s,2,s,1.2087121049858168e-09,47.84215184383219,6,6,0.007042253521126761
AN19-rec-a2cff35ca4f41d1148ea:phone:1,AN19-rec-a2cff35ca4f41d1148ea,AN19.SPA.sm5,Spanish,Romance,soak,s ow k,0,s,6.253144482208071e-08,20.529065470396173,6,6,0.006896551724137931
AN19-rec-a2cff35ca4f41d1148ea:phone:2,AN19-rec-a2cff35ca4f41d1148ea,AN19.SPA.sm5,Spanish,Romance,soak,s ow k,1,ow,1.2552465893838402e-10,39.00506614737318,6,6,0.006896551724137931
AN19-rec-a2d4bb812f574e0d2a63:phone:1,AN19-rec-a2d4bb812f574e0d2a63,AN19.SPA.sm2,Spanish,Romance,job,jh aa b,0,jh,1.2628622359939604e-10,63.44724571871532,6,6,0.007042253521126761
AN19-rec-a2d4bb812f574e0d2a63:phone:3,AN19-rec-a2d4bb812f574e0d2a63,AN19.SPA.sm2,Spanish,Romance,job,jh aa b,2,b,1.4168407908183067e-08,39.71082246207074,6,6,0.007042253521126761
AN19-rec-a2dee91ae5f0220c1aa8:phone:2,AN19-rec-a2dee91ae5f0220c1aa8,AN19.SPA.sf4,Spanish,Romance,kit,k ih t,1,ih,7.356136893497716e-12,36.87151289996284,6,6,0.0070921985815602835
AN19-rec-a30618fb65313214017f:phone:2,AN19-rec-a30618fb65313214017f,AN19.KOR.kf4,Korean,Koreanic,lad,l ae d,1,ae,8.753537024388336e-05,16.38968029472743,6,6,0.0070921985815602835
AN19-rec-a310b16c40cc7cc6716f:phone:3,AN19-rec-a310b16c40cc7cc6716f,AN19.KOR.km3,Korean,Koreanic,dog,d ao g,2,g,5.702256559284612e-08,48.93776730583769,6,6,0.006666666666666667
AN19-rec-a3135271eb032397d798:phone:2,AN19-rec-a3135271eb032397d798,AN19.KOR.km8,Korean,Koreanic,rhyme,r ay m,1,ay,0.0004679539664968028,27.995363391579197,6,6,0.006896551724137931
AN19-rec-a3135271eb032397d798:phone:3,AN19-rec-a3135271eb032397d798,AN19.KOR.km8,Korean,Koreanic,rhyme,r ay m,2,m,1.900248366670481e-09,32.655761886489294,6,6,0.006896551724137931
AN19-rec-a33be1e82ea7c5fd428b:phone:2,AN19-rec-a33be1e82ea7c5fd428b,AN19.SPA.sf4,Spanish,Romance,wail,w ey l,1,ey,3.7384957401223807e-06,34.03951841003061,6,6,0.0070921985815602835
AN19-rec-a33ff81597677b359877:phone:2,AN19-rec-a33ff81597677b359877,AN19.SPA.sf1,Spanish,Romance,mat,m ae t,1,ae,3.129565279204351e-11,50.195286453194846,6,6,0.006896551724137931
AN19-rec-a346545e84af2830c66c:phone:3,AN19-rec-a346545e84af2830c66c,AN19.KOR.kf4,Korean,Koreanic,white,w ay t,2,t,3.352719078298834e-07,48.19176336615527,6,6,0.0070921985815602835
AN19-rec-a35e957dc2ce4e97895b:phone:1,AN19-rec-a35e957dc2ce4e97895b,AN19.SPA.sf3,Spanish,Romance,firm,f er m,0,f,5.214100818721515e-08,38.10009893791266,6,6,0.007246376811594203
AN19-rec-a3638e3cb7fafb7b4a03:phone:2,AN19-rec-a3638e3cb7fafb7b4a03,AN19.MIX.im1,Romanian,Romance,live,l ay v,1,ay,3.1003080690307616e-13,45.65200221358031,6,6,0.006802721088435374
AN19-rec-a37f973b0ef0084839b7:phone:1,AN19-rec-a37f973b0ef0084839b7,AN19.MIX.if2,Dutch,Germanic,job,jh aa b,0,jh,7.478116531501409e-13,61.73682593290656,6,6,0.006944444444444444
AN19-rec-a37f973b0ef0084839b7:phone:3,AN19-rec-a37f973b0ef0084839b7,AN19.MIX.if2,Dutch,Germanic,job,jh aa b,2,b,3.3746098220703264e-05,37.45662405219189,6,6,0.006944444444444444
AN19-rec-a38cbe3c8f0280d0d38a:phone:3,AN19-rec-a38cbe3c8f0280d0d38a,AN19.SPA.sm3,Spanish,Romance,fin,f ih n,2,n,2.93049071273584e-14,47.57613665556473,6,6,0.0072992700729927005
AN19-rec-a38f45f59de3f4fee476:phone:1,AN19-rec-a38f45f59de3f4fee476,AN19.SPA.sm2,Spanish,Romance,hoot,hh uw t,0,hh,6.719517288391104e-08,35.69747883683186,6,6,0.007042253521126761
AN19-rec-a38f45f59de3f4fee476:phone:3,AN19-rec-a38f45f59de3f4fee476,AN19.SPA.sm2,Spanish,Romance,hoot,hh uw t,2,t,2.968011334238581e-06,27.119554667348712,6,6,0.007042253521126761
AN19-rec-a397c797f00fdb459032:phone:2,AN19-rec-a397c797f00fdb459032,AN19.KOR.km8,Korean,Koreanic,kin,k ih n,1,ih,2.0444878708448785e-22,55.6986450626734,6,6,0.006896551724137931
AN19-rec-a3a1eeb0bbbfdec5086b:phone:2,AN19-rec-a3a1eeb0bbbfdec5086b,AN19.MIX.im1,Romanian,Romance,rhyme,r ay m,1,ay,0.0012544287805284027,23.674942019416477,6,6,0.006802721088435374
AN19-rec-a3a1eeb0bbbfdec5086b:phone:3,AN19-rec-a3a1eeb0bbbfdec5086b,AN19.MIX.im1,Romanian,Romance,rhyme,r ay m,2,m,7.577807723380197e-10,34.682817604663526,6,6,0.006802721088435374
AN19-rec-a3b62037869051c5b4c0:phone:1,AN19-rec-a3b62037869051c5b4c0,AN19.SPA.sf1,Spanish,Romance,balm,b aa m,0,b,1.5179022543738606e-18,55.5164062386259,6,6,0.006896551724137931
AN19-rec-a3bf743507136709c154:phone:3,AN19-rec-a3bf743507136709c154,AN19.SPA.sm5,Spanish,Romance,dog,d ao g,2,g,1.756205905638583e-05,35.68794628758156,6,6,0.006896551724137931
AN19-rec-a3e90d5bb4fd9c89c379:phone:2,AN19-rec-a3e90d5bb4fd9c89c379,AN19.SPA.sf2,Spanish,Romance,wife,w ay f,1,ay,2.1557762382327697e-08,58.95009555501854,6,6,0.007246376811594203
AN19-rec-a43af15ad5752eab4bd0:phone:2,AN19-rec-a43af15ad5752eab4bd0,AN19.MIX.im6,Hindi,Indo-Aryan,cod,k aa d,1,aa,6.82750425479303e-11,63.7409351127962,6,6,0.006711409395973154
AN19-rec-a45092db00c50b1a012f:phone:1,AN19-rec-a45092db00c50b1a012f,AN19.SPA.sf3,Spanish,Romance,thick,th ih k,0,th,4.9755614203820495e-11,68.15160816389265,6,6,0.007246376811594203
AN19-rec-a45092db00c50b1a012f:phone:3,AN19-rec-a45092db00c50b1a012f,AN19.SPA.sf3,Spanish,Romance,thick,th ih k,2,k,6.589294581218242e-19,71.2279496774873,6,6,0.007246376811594203
AN19-rec-a45c235e2bf65b2301f4:phone:2,AN19-rec-a45c235e2bf65b2301f4,AN19.MIX.im1,Romanian,Romance,chore,ch ao r,1,ao,1.9707943359941755e-10,49.22498304858079,6,6,0.006802721088435374
AN19-rec-a48e3b94f9f7641d7320:phone:1,AN19-rec-a48e3b94f9f7641d7320,AN19.SPA.sf4,Spanish,Romance,jack,jh ae k,0,jh,5.786588074218757e-12,35.65179390102181,6,6,0.0070921985815602835
AN19-rec-a48e3b94f9f7641d7320:phone:3,AN19-rec-a48e3b94f9f7641d7320,AN19.SPA.sf4,Spanish,Romance,jack,jh ae k,2,k,9.982457176845067e-09,21.380703432467385,6,6,0.0070921985815602835
AN19-rec-a49c3e5daf0f847f928b:phone:2,AN19-rec-a49c3e5daf0f847f928b,AN19.SPA.sf4,Spanish,Romance,fade,f ey d,1,ey,0.0007484496528356111,18.207469581130606,6,6,0.0070921985815602835
AN19-rec-a4d290c73a9abf7fec1a:phone:2,AN19-rec-a4d290c73a9abf7fec1a,AN19.SPA.sf4,Spanish,Romance,teat,t iy t,1,iy,4.069308414390131e-08,30.16297715120321,6,6,0.0070921985815602835
AN19-rec-a4da17c4f97003161f4f:phone:1,AN19-rec-a4da17c4f97003161f4f,AN19.MIX.if5,Japanese,Japonic,den,d eh n,0,d,1.6235639489117158e-13,74.92924227362194,6,6,0.006711409395973154
AN19-rec-a4da17c4f97003161f4f:phone:2,AN19-rec-a4da17c4f97003161f4f,AN19.MIX.if5,Japanese,Japonic,den,d eh n,1,eh,1.4424007313264406e-31,97.31889085581685,6,6,0.006711409395973154
AN19-rec-a4f1c3ca9d6e1b4e7cf1:phone:1,AN19-rec-a4f1c3ca9d6e1b4e7cf1,AN19.MIX.im5,Turkish,Turkic,path,p ae th,0,p,8.75348825743139e-06,49.976686870599984,6,6,0.007246376811594203
AN19-rec-a4f1c3ca9d6e1b4e7cf1:phone:3,AN19-rec-a4f1c3ca9d6e1b4e7cf1,AN19.MIX.im5,Turkish,Turkic,path,p ae th,2,th,2.214371516400709e-06,24.87324200419488,6,6,0.007246376811594203
AN19-rec-a50333d1ae95c96096ce:phone:1,AN19-rec-a50333d1ae95c96096ce,AN19.SPA.sm4,Spanish,Romance,hag,hh ae g,0,hh,0.0037754591489310564,13.08235319130922,6,6,0.007194244604316547
AN19-rec-a50333d1ae95c96096ce:phone:3,AN19-rec-a50333d1ae95c96096ce,AN19.SPA.sm4,Spanish,Romance,hag,hh ae g,2,g,2.2116483098946397e-07,49.46011966515554,6,6,0.007194244604316547
AN19-rec-a508d3ce0527c05c070b:phone:1,AN19-rec-a508d3ce0527c05c070b,AN19.MIX.im3,Russian,Slavic,goat,g ow t,0,g,5.469716836317287e-12,74.55737880040685,6,6,0.006756756756756757
AN19-rec-a508d3ce0527c05c070b:phone:3,AN19-rec-a508d3ce0527c05c070b,AN19.MIX.im3,Russian,Slavic,goat,g ow t,2,t,0.0013331708226095773,18.354386152843094,6,6,0.006756756756756757
AN19-rec-a50a85fd5791a200fb23:phone:3,AN19-rec-a50a85fd5791a200fb23,AN19.SPA.sf5,Spanish,Romance,white,w ay t,2,t,1.409597065714064e-07,48.28924837579095,6,6,0.007194244604316547
AN19-rec-a515c2091942d32076c2:phone:1,AN19-rec-a515c2091942d32076c2,AN19.SPA.sm4,Spanish,Romance,soak,s ow k,0,s,0.0034332447887598515,15.162236503526394,6,6,0.007194244604316547
AN19-rec-a515c2091942d32076c2:phone:2,AN19-rec-a515c2091942d32076c2,AN19.SPA.sm4,Spanish,Romance,soak,s ow k,1,ow,3.2154065541873e-05,30.53231303153611,6,6,0.007194244604316547
AN19-rec-a51c35c98efadf54be71:phone:1,AN19-rec-a51c35c98efadf54be71,AN19.MIX.if2,Dutch,Germanic,join,jh oy n,0,jh,0.001041444471728724,33.929012181819054,6,6,0.006944444444444444
AN19-rec-a51c35c98efadf54be71:phone:3,AN19-rec-a51c35c98efadf54be71,AN19.MIX.if2,Dutch,Germanic,join,jh oy n,2,n,4.7002230327610677e-23,55.69597396588245,6,6,0.006944444444444444
AN19-rec-a521b24f060d0c85f4a1:phone:1,AN19-rec-a521b24f060d0c85f4a1,AN19.SPA.sm2,Spanish,Romance,hag,hh ae g,0,hh,1.9461573439493527e-12,39.32456344492719,6,6,0.007042253521126761
AN19-rec-a521b24f060d0c85f4a1:phone:3,AN19-rec-a521b24f060d0c85f4a1,AN19.SPA.sm2,Spanish,Romance,hag,hh ae g,2,g,2.952468721106391e-11,49.65530365944493,6,6,0.007042253521126761
AN19-rec-a52517b0505dcedc2e37:phone:1,AN19-rec-a52517b0505dcedc2e37,AN19.KOR.km3,Korean,Koreanic,balm,b aa m,0,b,2.7556919703429612e-11,47.46128241642217,6,6,0.006666666666666667
AN19-rec-a528b1f4d05f0b1bf690:phone:1,AN19-rec-a528b1f4d05f0b1bf690,AN19.SPA.sm2,Spanish,Romance,doom,d uw m,0,d,1.648991267313867e-06,33.41487854931054,6,6,0.007042253521126761
AN19-rec-a528b1f4d05f0b1bf690:phone:3,AN19-rec-a528b1f4d05f0b1bf690,AN19.SPA.sm2,Spanish,Romance,doom,d uw m,2,m,1.3976195155351526e-06,22.004364012143952,6,6,0.007042253521126761
AN19-rec-a54add2ad4328927f955:phone:3,AN19-rec-a54add2ad4328927f955,AN19.SPA.sf4,Spanish,Romance,bead,b iy d,2,d,1.316236698053594e-09,41.612163079759945,6,6,0.0070921985815602835
AN19-rec-a553d3c97053fa4f8be1:phone:3,AN19-rec-a553d3c97053fa4f8be1,AN19.MIX.if3,French,Romance,death,d eh th,2,th,5.792140236582972e-14,54.909229880444656,6,6,0.006993006993006993
AN19-rec-a554ca51d947209cc669:phone:1,AN19-rec-a554ca51d947209cc669,AN19.MIX.im5,Turkish,Turkic,weed,w iy d,0,w,2.227063970940205e-11,53.82465417652702,6,6,0.007246376811594203
AN19-rec-a554ca51d947209cc669:phone:2,AN19-rec-a554ca51d947209cc669,AN19.MIX.im5,Turkish,Turkic,weed,w iy d,1,iy,1.8149513177627185e-05,42.77260559863036,6,6,0.007246376811594203
AN19-rec-a56a641986858eafeb5f:phone:1,AN19-rec-a56a641986858eafeb5f,AN19.MIX.if4,German,Germanic,god,g aa d,0,g,3.374733600201859e-09,31.54972087347996,6,6,0.0072992700729927005
AN19-rec-a58c1503789d2c4bdc12:phone:1,AN19-rec-a58c1503789d2c4bdc12,AN19.KOR.km1,Korean,Koreanic,jack,jh ae k,0,jh,0.00382733597156062,13.68995083258354,6,6,0.0072992700729927005
AN19-rec-a58c1503789d2c4bdc12:phone:3,AN19-rec-a58c1503789d2c4bdc12,AN19.KOR.km1,Korean,Koreanic,jack,jh ae k,2,k,4.95236193074349e-07,19.77254041944094,6,6,0.0072992700729927005
AN19-rec-a5a1ecd02905b8ad8b8b:phone:2,AN19-rec-a5a1ecd02905b8ad8b8b,AN19.MIX.im1,Romanian,Romance,lace,l ey s,1,ey,2.31064270282836e-06,17.590608551654952,6,6,0.006802721088435374
AN19-rec-a5bb989eee17e366627c:phone:2,AN19-rec-a5bb989eee17e366627c,AN19.MIX.if4,German,Germanic,lace,l ey s,1,ey,0.0001487889489586258,20.05534103451172,6,6,0.0072992700729927005
AN19-rec-a5c2e3a7a255c907be17:phone:1,AN19-rec-a5c2e3a7a255c907be17,AN19.SPA.sf1,Spanish,Romance,food,f uw d,0,f,8.24196280851135e-16,52.19810239818663,6,6,0.006896551724137931
AN19-rec-a5fa5cd079adf7afaa10:phone:3,AN19-rec-a5fa5cd079adf7afaa10,AN19.SPA.sf3,Spanish,Romance,ship,sh ih p,2,p,4.1330066773023306e-16,39.18677641787476,6,6,0.007246376811594203
AN19-rec-a5fe2c471795cbdcaa10:phone:1,AN19-rec-a5fe2c471795cbdcaa10,AN19.KOR.kf2,Korean,Koreanic,rough,r ah f,0,r,1.9626380354247912e-11,46.55272873495566,6,6,0.0072992700729927005
AN19-rec-a6009b4fc942916a0d84:phone:1,AN19-rec-a6009b4fc942916a0d84,AN19.MIX.if1,Albanian,Albanian,sane,s ey n,0,s,0.0024295344075731216,13.307379781758677,6,6,0.0070921985815602835
AN19-rec-a6009b4fc942916a0d84:phone:2,AN19-rec-a6009b4fc942916a0d84,AN19.MIX.if1,Albanian,Albanian,sane,s ey n,1,ey,7.212297847653235e-05,24.359934791309428,6,6,0.0070921985815602835
AN19-rec-a607827dfb391ed2cba8:phone:2,AN19-rec-a607827dfb391ed2cba8,AN19.KOR.kf6,Korean,Koreanic,full,f uh l,1,uh,1.424038676461099e-06,30.724709595630078,6,6,0.007042253521126761
AN19-rec-a607f02b1fc3e52579b3:phone:1,AN19-rec-a607f02b1fc3e52579b3,AN19.MIX.if3,French,Romance,food,f uw d,0,f,4.872872612669121e-07,30.37815361396584,6,6,0.006993006993006993
AN19-rec-a618f80e3b5dfa0ed4b7:phone:1,AN19-rec-a618f80e3b5dfa0ed4b7,AN19.SPA.sm2,Spanish,Romance,give,g ih v,0,g,1.821758990864848e-07,25.74794573770984,6,6,0.007042253521126761
AN19-rec-a633e45a3ff782425109:phone:1,AN19-rec-a633e45a3ff782425109,AN19.SPA.sf6,Spanish,Romance,theme,th iy m,0,th,1.4774146552154306e-07,29.11283527873948,6,6,0.007042253521126761
AN19-rec-a633e45a3ff782425109:phone:2,AN19-rec-a633e45a3ff782425109,AN19.SPA.sf6,Spanish,Romance,theme,th iy m,1,iy,0.00011055131464619699,25.67785888582636,6,6,0.007042253521126761
AN19-rec-a633e45a3ff782425109:phone:3,AN19-rec-a633e45a3ff782425109,AN19.SPA.sf6,Spanish,Romance,theme,th iy m,2,m,4.1981553185437127e-10,34.324873084840455,6,6,0.007042253521126761
AN19-rec-a633e6c4d69c6183a091:phone:1,AN19-rec-a633e6c4d69c6183a091,AN19.SPA.sf3,Spanish,Romance,cheer,ch ih r,0,ch,0.00028290936622965443,26.305624586054027,6,6,0.007246376811594203
AN19-rec-a6526174b92484067a25:phone:3,AN19-rec-a6526174b92484067a25,AN19.SPA.sf5,Spanish,Romance,love,l ah v,2,v,3.340173878481298e-27,87.37500679565494,6,6,0.007194244604316547
AN19-rec-a65ceb87ca7c91b8cb92:phone:1,AN19-rec-a65ceb87ca7c91b8cb92,AN19.SPA.sf1,Spanish,Romance,soil,s oy l,0,s,1.1314485713932257e-06,18.888446119008066,6,6,0.006896551724137931
AN19-rec-a65ceb87ca7c91b8cb92:phone:2,AN19-rec-a65ceb87ca7c91b8cb92,AN19.SPA.sf1,Spanish,Romance,soil,s oy l,1,oy,5.875546648012851e-09,29.12311072819323,6,6,0.006896551724137931
AN19-rec-a66c5f44fd989ad25ca7:phone:2,AN19-rec-a66c5f44fd989ad25ca7,AN19.KOR.km3,Korean,Koreanic,sill,s ih l,1,ih,4.615258509599025e-08,33.434414232750605,6,6,0.006666666666666667
AN19-rec-a67a4facd5ea5c781004:phone:1,AN19-rec-a67a4facd5ea5c781004,AN19.SPA.sm5,Spanish,Romance,thick,th ih k,0,th,1.5171517588772478e-30,78.17718542168728,6,6,0.006896551724137931
AN19-rec-a67a4facd5ea5c781004:phone:2,AN19-rec-a67a4facd5ea5c781004,AN19.SPA.sm5,Spanish,Romance,thick,th ih k,1,ih,5.241443004633374e-19,57.86692533798515,6,6,0.006896551724137931
AN19-rec-a6877ab382fa77e062df:phone:2,AN19-rec-a6877ab382fa77e062df,AN19.SPA.sm3,Spanish,Romance,wrong,r ao ng,1,ao,5.347673593797766e-18,58.76729071438254,6,8,0.0072992700729927005
AN19-rec-a68b1f4e3ba05d79a198:phone:1,AN19-rec-a68b1f4e3ba05d79a198,AN19.KOR.kf1,Korean,Koreanic,move,m uw v,0,m,1.7620622269772664e-05,35.14597636244222,6,6,0.0072992700729927005
AN19-rec-a68b1f4e3ba05d79a198:phone:3,AN19-rec-a68b1f4e3ba05d79a198,AN19.KOR.kf1,Korean,Koreanic,move,m uw v,2,v,1.0626394060139652e-10,36.775602016426895,6,6,0.0072992700729927005
AN19-rec-a6d4eb8d423b2d636e88:phone:1,AN19-rec-a6d4eb8d423b2d636e88,AN19.KOR.kf1,Korean,Koreanic,gave,g ey v,0,g,5.088392263569659e-05,16.8259385688399,6,6,0.0072992700729927005
AN19-rec-a6ed4fe87152a023689c:phone:1,AN19-rec-a6ed4fe87152a023689c,AN19.SPA.sf4,Spanish,Romance,join,jh oy n,0,jh,1.678699012872127e-19,57.56387104952818,6,6,0.0070921985815602835
AN19-rec-a6ed4fe87152a023689c:phone:3,AN19-rec-a6ed4fe87152a023689c,AN19.SPA.sf4,Spanish,Romance,join,jh oy n,2,n,9.546970818671388e-25,63.733929730958245,6,6,0.0070921985815602835
AN19-rec-a6f767820e4c6b758a08:phone:1,AN19-rec-a6f767820e4c6b758a08,AN19.SPA.sm2,Spanish,Romance,lice,l ay s,0,l,0.012627051824771182,20.39020521042261,6,6,0.007042253521126761
AN19-rec-a6f767820e4c6b758a08:phone:2,AN19-rec-a6f767820e4c6b758a08,AN19.SPA.sm2,Spanish,Romance,lice,l ay s,1,ay,3.142492967854685e-05,16.093601992445546,6,6,0.007042253521126761
AN19-rec-a6f767820e4c6b758a08:phone:3,AN19-rec-a6f767820e4c6b758a08,AN19.SPA.sm2,Spanish,Romance,lice,l ay s,2,s,0.0038477611721934,18.91520206740045,6,6,0.007042253521126761
AN19-rec-a6f926116cceda905609:phone:2,AN19-rec-a6f926116cceda905609,AN19.SPA.sm3,Spanish,Romance,shape,sh ey p,1,ey,0.00033993946749507785,20.05186874939004,6,6,0.0072992700729927005
AN19-rec-a6feebc9d800046f5993:phone:3,AN19-rec-a6feebc9d800046f5993,AN19.KOR.kf6,Korean,Koreanic,young,y ah ng,2,ng,1.0812683492014721e-09,36.82286139995915,6,6,0.007042253521126761
AN19-rec-a72158781315ea52e3b3:phone:2,AN19-rec-a72158781315ea52e3b3,AN19.SPA.sf3,Spanish,Romance,rhyme,r ay m,1,ay,0.004931321810786112,23.933314253025326,6,6,0.007246376811594203
AN19-rec-a72158781315ea52e3b3:phone:3,AN19-rec-a72158781315ea52e3b3,AN19.SPA.sf3,Spanish,Romance,rhyme,r ay m,2,m,3.141342639742304e-07,29.81201926002957,6,6,0.007246376811594203
AN19-rec-a72c37cb1518f7d33d7b:phone:1,AN19-rec-a72c37cb1518f7d33d7b,AN19.MIX.im2,Bengali,Indo-Aryan,path,p ae th,0,p,0.00044938438190602394,43.20674870170928,6,6,0.007246376811594203
AN19-rec-a72c37cb1518f7d33d7b:phone:3,AN19-rec-a72c37cb1518f7d33d7b,AN19.MIX.im2,Bengali,Indo-Aryan,path,p ae th,2,th,6.414797796990752e-07,22.24132907934769,6,6,0.007246376811594203
AN19-rec-a74548d7a9e936e89163:phone:1,AN19-rec-a74548d7a9e936e89163,AN19.KOR.km2,Korean,Koreanic,wick,w ih k,0,w,0.00398012590987325,31.47229117386688,6,6,0.006756756756756757
AN19-rec-a7468fe0edfa7ca10b69:phone:1,AN19-rec-a7468fe0edfa7ca10b69,AN19.SPA.sf4,Spanish,Romance,mote,m ow t,0,m,8.139533357767704e-07,46.33024929659831,6,6,0.0070921985815602835
AN19-rec-a7468fe0edfa7ca10b69:phone:2,AN19-rec-a7468fe0edfa7ca10b69,AN19.SPA.sf4,Spanish,Romance,mote,m ow t,1,ow,4.5559154177287704e-10,34.215636835603576,6,6,0.0070921985815602835
AN19-rec-a76243d872c749dbfc9b:phone:1,AN19-rec-a76243d872c749dbfc9b,AN19.KOR.km6,Korean,Koreanic,shall,sh ae l,0,sh,5.454226508312409e-07,17.37207696673191,6,6,0.007042253521126761
AN19-rec-a76243d872c749dbfc9b:phone:2,AN19-rec-a76243d872c749dbfc9b,AN19.KOR.km6,Korean,Koreanic,shall,sh ae l,1,ae,0.00010330529102103884,19.205795755283628,6,6,0.007042253521126761
AN19-rec-a76ac25ae15ec499f70e:phone:1,AN19-rec-a76ac25ae15ec499f70e,AN19.KOR.km1,Korean,Koreanic,goat,g ow t,0,g,2.5036109042092145e-09,33.45189795581376,6,6,0.0072992700729927005
AN19-rec-a77666c2e03e7d4ec504:phone:2,AN19-rec-a77666c2e03e7d4ec504,AN19.MIX.if1,Albanian,Albanian,bun,b ah n,1,ah,3.1052581329741185e-13,35.208005595449535,6,6,0.0070921985815602835
AN19-rec-a795aed77f826d9c5a0a:phone:2,AN19-rec-a795aed77f826d9c5a0a,AN19.MIX.if5,Japanese,Japonic,pull,p uh l,1,uh,2.505999587788332e-09,39.8885132066066,6,6,0.006711409395973154
AN19-rec-a7bbcf773c0ab670ee45:phone:1,AN19-rec-a7bbcf773c0ab670ee45,AN19.MIX.if6,Somali,Afro-Asiatic,five,f ay v,0,f,5.481714903863476e-13,60.2707973014042,6,6,0.007246376811594203
AN19-rec-a7e449196b3a38bd2fe1:phone:2,AN19-rec-a7e449196b3a38bd2fe1,AN19.SPA.sm6,Spanish,Romance,suck,s ah k,1,ah,2.753066142789764e-05,29.791255954507918,6,6,0.006756756756756757
AN19-rec-a7e449196b3a38bd2fe1:phone:3,AN19-rec-a7e449196b3a38bd2fe1,AN19.SPA.sm6,Spanish,Romance,suck,s ah k,2,k,3.919460469544499e-09,42.935427081909125,6,6,0.006756756756756757
AN19-rec-a7eae9ee9ddf0a0eff17:phone:2,AN19-rec-a7eae9ee9ddf0a0eff17,AN19.KOR.km7,Korean,Koreanic,suck,s ah k,1,ah,9.828479807609496e-10,56.28193876623328,6,6,0.006711409395973154
AN19-rec-a7eae9ee9ddf0a0eff17:phone:3,AN19-rec-a7eae9ee9ddf0a0eff17,AN19.KOR.km7,Korean,Koreanic,suck,s ah k,2,k,1.425742728682101e-09,43.08043308589788,6,6,0.006711409395973154
AN19-rec-a8075b8388fc46a636c4:phone:2,AN19-rec-a8075b8388fc46a636c4,AN19.SPA.sm7,Spanish,Romance,caught,k aa t,1,aa,0.0015838561934942892,68.76423727922172,6,6,0.007352941176470588
AN19-rec-a8445d8614e1502af216:phone:1,AN19-rec-a8445d8614e1502af216,AN19.MIX.if5,Japanese,Japonic,jack,jh ae k,0,jh,5.265197384620504e-19,58.330758830168186,6,6,0.006711409395973154
AN19-rec-a8445d8614e1502af216:phone:3,AN19-rec-a8445d8614e1502af216,AN19.MIX.if5,Japanese,Japonic,jack,jh ae k,2,k,1.625762808866582e-06,18.21988342490307,6,6,0.006711409395973154
AN19-rec-a854de6ae3836242d6ad:phone:3,AN19-rec-a854de6ae3836242d6ad,AN19.MIX.if3,French,Romance,peace,p iy s,2,s,4.0777206472441866e-07,20.709090030628428,6,6,0.006993006993006993
AN19-rec-a8734ce69ee70258a37a:phone:1,AN19-rec-a8734ce69ee70258a37a,AN19.SPA.sf4,Spanish,Romance,balm,b aa m,0,b,1.1769112016699243e-05,29.64164760090115,6,6,0.0070921985815602835
AN19-rec-a87973e79ee6f8d537c3:phone:1,AN19-rec-a87973e79ee6f8d537c3,AN19.SPA.sm6,Spanish,Romance,shall,sh ae l,0,sh,0.09212066055069514,27.702361876035397,6,6,0.006756756756756757
AN19-rec-a888047c5403c66e8068:phone:1,AN19-rec-a888047c5403c66e8068,AN19.SPA.sf3,Spanish,Romance,curve,k er v,0,k,5.650884339590155e-19,71.8381313370648,6,6,0.007246376811594203
AN19-rec-a888047c5403c66e8068:phone:3,AN19-rec-a888047c5403c66e8068,AN19.SPA.sf3,Spanish,Romance,curve,k er v,2,v,3.162448205286161e-12,27.846945929611383,6,6,0.007246376811594203
AN19-rec-a8b464f7836a40e2850d:phone:2,AN19-rec-a8b464f7836a40e2850d,AN19.KOR.km1,Korean,Koreanic,mace,m ey s,1,ey,4.2677831024320766e-12,30.308289787054147,6,6,0.0072992700729927005
AN19-rec-a8b464f7836a40e2850d:phone:3,AN19-rec-a8b464f7836a40e2850d,AN19.KOR.km1,Korean,Koreanic,mace,m ey s,2,s,0.0038034312408593857,42.51481726414757,6,6,0.0072992700729927005
AN19-rec-a8c3f764d5bbe5750099:phone:1,AN19-rec-a8c3f764d5bbe5750099,AN19.SPA.sf6,Spanish,Romance,job,jh aa b,0,jh,0.11276614322451477,44.76882388627868,6,6,0.007042253521126761
AN19-rec-a8c894df4a4218745901:phone:2,AN19-rec-a8c894df4a4218745901,AN19.SPA.sf6,Spanish,Romance,was,w aa z,1,aa,5.362932596300024e-06,24.32940684616677,6,6,0.007042253521126761
AN19-rec-a8c9d02aa8aa6c6c75fc:phone:3,AN19-rec-a8c9d02aa8aa6c6c75fc,AN19.KOR.kf1,Korean,Koreanic,dog,d ao g,2,g,1.2041619123451806e-37,105.3844031923816,6,6,0.0072992700729927005
AN19-rec-a8ccf0634ffef1a7e4cf:phone:3,AN19-rec-a8ccf0634ffef1a7e4cf,AN19.KOR.km6,Korean,Koreanic,hash,hh ae sh,2,sh,0.00014444982010077364,29.255129543680138,6,6,0.007042253521126761
AN19-rec-a8d6a384c64b15edc9e7:phone:3,AN19-rec-a8d6a384c64b15edc9e7,AN19.MIX.if1,Albanian,Albanian,bum,b ah m,2,m,5.160512682843786e-05,25.50266825704851,6,6,0.0070921985815602835
AN19-rec-a90005d4d27bfdd8e448:phone:1,AN19-rec-a90005d4d27bfdd8e448,AN19.KOR.kf2,Korean,Koreanic,ship,sh ih p,0,sh,0.0009496156679895078,8.223737018973658,6,6,0.0072992700729927005
AN19-rec-a90005d4d27bfdd8e448:phone:3,AN19-rec-a90005d4d27bfdd8e448,AN19.KOR.kf2,Korean,Koreanic,ship,sh ih p,2,p,4.3049437286404504e-13,38.07466624002348,6,6,0.0072992700729927005
AN19-rec-a93fcc7fc261fd8b73e3:phone:3,AN19-rec-a93fcc7fc261fd8b73e3,AN19.KOR.kf5,Korean,Koreanic,love,l ah v,2,v,2.0811671243200777e-05,33.57817044327876,6,6,0.006993006993006993
AN19-rec-a94c7156bf7116eef8c7:phone:2,AN19-rec-a94c7156bf7116eef8c7,AN19.MIX.if4,German,Germanic,lad,l ae d,1,ae,0.00015735123196612195,15.613806036209246,6,6,0.0072992700729927005
AN19-rec-a95ad698cf5c99f081e0:phone:2,AN19-rec-a95ad698cf5c99f081e0,AN19.KOR.kf1,Korean,Koreanic,vice,v ay s,1,ay,0.00026367058395747236,26.396156506105743,6,6,0.0072992700729927005
AN19-rec-a963c529aa738f339c3d:phone:2,AN19-rec-a963c529aa738f339c3d,AN19.KOR.km7,Korean,Koreanic,rut,r ah t,1,ah,1.3841634236329164e-12,57.481868841474,6,6,0.006711409395973154
AN19-rec-a97d240f4b1ef043efec:phone:2,AN19-rec-a97d240f4b1ef043efec,AN19.MIX.im4,Mandarin,Sino-Tibetan,teeth,t iy th,1,iy,2.5478677384317233e-12,35.60931510048683,6,6,0.006993006993006993
AN19-rec-a983f275914c49f519ff:phone:1,AN19-rec-a983f275914c49f519ff,AN19.MIX.im6,Hindi,Indo-Aryan,soak,s ow k,0,s,4.9123866410760575e-06,14.994152588820226,6,6,0.006711409395973154
AN19-rec-a983f275914c49f519ff:phone:2,AN19-rec-a983f275914c49f519ff,AN19.MIX.im6,Hindi,Indo-Aryan,soak,s ow k,1,ow,3.044643443636793e-07,29.107359306600788,6,6,0.006711409395973154
AN19-rec-a9a7cae2448a76857d6d:phone:3,AN19-rec-a9a7cae2448a76857d6d,AN19.MIX.if1,Albanian,Albanian,beak,b iy k,2,k,3.3798671501717777e-18,56.03569681356765,6,6,0.0070921985815602835
AN19-rec-a9b74bf303b7851a97c4:phone:1,AN19-rec-a9b74bf303b7851a97c4,AN19.SPA.sm3,Spanish,Romance,dune,d uw n,0,d,2.533648407138391e-15,37.60012413470192,6,6,0.0072992700729927005
AN19-rec-a9becb7ab124142afb88:phone:1,AN19-rec-a9becb7ab124142afb88,AN19.SPA.sf5,Spanish,Romance,fig,f ih g,0,f,4.977694479216979e-10,33.595952340638995,6,6,0.007194244604316547
AN19-rec-a9becb7ab124142afb88:phone:3,AN19-rec-a9becb7ab124142afb88,AN19.SPA.sf5,Spanish,Romance,fig,f ih g,2,g,7.124771405763177e-21,57.054052995927485,6,6,0.007194244604316547
AN19-rec-a9cc62f2b9f59756f192:phone:1,AN19-rec-a9cc62f2b9f59756f192,AN19.SPA.sf6,Spanish,Romance,king,k ih ng,0,k,4.249846321277558e-09,29.416985219413107,6,6,0.007042253521126761
AN19-rec-a9cef0a1edfa0a1dc6d0:phone:1,AN19-rec-a9cef0a1edfa0a1dc6d0,AN19.KOR.kf1,Korean,Koreanic,sane,s ey n,0,s,0.00017951800718085846,21.962662507046176,6,6,0.0072992700729927005
AN19-rec-a9cef0a1edfa0a1dc6d0:phone:2,AN19-rec-a9cef0a1edfa0a1dc6d0,AN19.KOR.kf1,Korean,Koreanic,sane,s ey n,1,ey,9.148640200122578e-07,26.21063064394256,6,6,0.0072992700729927005
AN19-rec-a9d3b1f0fd9086236cd2:phone:1,AN19-rec-a9d3b1f0fd9086236cd2,AN19.SPA.sf2,Spanish,Romance,curve,k er v,0,k,3.008935500174483e-07,39.48405044380214,6,6,0.007246376811594203
AN19-rec-a9d3b1f0fd9086236cd2:phone:3,AN19-rec-a9d3b1f0fd9086236cd2,AN19.SPA.sf2,Spanish,Romance,curve,k er v,2,v,1.6419315392374996e-27,67.60888850897233,6,6,0.007246376811594203
AN19-rec-a9e0866a0ea726cc110c:phone:1,AN19-rec-a9e0866a0ea726cc110c,AN19.KOR.km8,Korean,Koreanic,jack,jh ae k,0,jh,1.6754641007381583e-15,43.5236768769646,6,6,0.006896551724137931
AN19-rec-a9e0866a0ea726cc110c:phone:3,AN19-rec-a9e0866a0ea726cc110c,AN19.KOR.km8,Korean,Koreanic,jack,jh ae k,2,k,1.9951279216171813e-05,14.74285715090933,6,6,0.006896551724137931
AN19-rec-a9f47e150def741c458a:phone:1,AN19-rec-a9f47e150def741c458a,AN19.SPA.sm4,Spanish,Romance,shop,sh aa p,0,sh,0.005751639766819315,14.463747672458434,6,6,0.007194244604316547
AN19-rec-a9f47e150def741c458a:phone:2,AN19-rec-a9f47e150def741c458a,AN19.SPA.sm4,Spanish,Romance,shop,sh aa p,1,aa,3.471608784938273e-15,75.89843897424579,6,6,0.007194244604316547
AN19-rec-a9f47e150def741c458a:phone:3,AN19-rec-a9f47e150def741c458a,AN19.SPA.sm4,Spanish,Romance,shop,sh aa p,2,p,1.0015070541697126e-06,41.056781801698975,6,6,0.007194244604316547
AN19-rec-aa0f770ff17c2e038eae:phone:2,AN19-rec-aa0f770ff17c2e038eae,AN19.SPA.sf1,Spanish,Romance,rut,r ah t,1,ah,7.424059835189217e-26,83.91359572405177,6,6,0.006896551724137931
AN19-rec-aa2d37641ce18418e836:phone:1,AN19-rec-aa2d37641ce18418e836,AN19.MIX.im3,Russian,Slavic,both,b ow th,0,b,1.8719507550887945e-06,25.1731230951892,6,6,0.006756756756756757
AN19-rec-aa2d37641ce18418e836:phone:3,AN19-rec-aa2d37641ce18418e836,AN19.MIX.im3,Russian,Slavic,both,b ow th,2,th,1.3557265491273127e-07,21.94874448707274,6,6,0.006756756756756757
AN19-rec-aa5e54a0e6cb110559c1:phone:1,AN19-rec-aa5e54a0e6cb110559c1,AN19.KOR.km8,Korean,Koreanic,both,b ow th,0,b,3.628236502235853e-07,21.587434852684453,6,6,0.006896551724137931
AN19-rec-aa5e54a0e6cb110559c1:phone:3,AN19-rec-aa5e54a0e6cb110559c1,AN19.KOR.km8,Korean,Koreanic,both,b ow th,2,th,0.003034881178746701,23.539943038384028,6,6,0.006896551724137931
AN19-rec-aa62a24edffdcdc53bc3:phone:3,AN19-rec-aa62a24edffdcdc53bc3,AN19.MIX.im1,Romanian,Romance,route,r uw t,2,t,2.61683693390344e-25,80.04522327595274,6,6,0.006802721088435374
AN19-rec-aa68445f89369bc9e7a8:phone:3,AN19-rec-aa68445f89369bc9e7a8,AN19.SPA.sf5,Spanish,Romance,doom,d uw m,2,m,0.00023535560668361643,18.25812706114197,6,6,0.007194244604316547
AN19-rec-aa8ca2d7ae1beea673f9:phone:1,AN19-rec-aa8ca2d7ae1beea673f9,AN19.KOR.kf5,Korean,Koreanic,give,g ih v,0,g,1.7053783432273974e-05,25.980917745434272,6,6,0.006993006993006993
AN19-rec-aa933abad0fb7db749f5:phone:1,AN19-rec-aa933abad0fb7db749f5,AN19.MIX.im1,Romanian,Romance,dune,d uw n,0,d,2.5860843360144635e-05,25.37283742319528,6,6,0.006802721088435374
AN19-rec-aab023dcc5292585f59a:phone:1,AN19-rec-aab023dcc5292585f59a,AN19.MIX.im4,Mandarin,Sino-Tibetan,theme,th iy m,0,th,4.36324910267718e-16,60.16124010083512,6,6,0.006993006993006993
AN19-rec-aab023dcc5292585f59a:phone:3,AN19-rec-aab023dcc5292585f59a,AN19.MIX.im4,Mandarin,Sino-Tibetan,theme,th iy m,2,m,2.6836766924473376e-25,75.41881813446794,6,6,0.006993006993006993
AN19-rec-aab3af9e1a5cb49992ba:phone:1,AN19-rec-aab3af9e1a5cb49992ba,AN19.MIX.if3,French,Romance,chain,ch ey n,0,ch,2.2554062350866954e-06,39.97440182285595,6,6,0.006993006993006993
AN19-rec-aac08d7f7eb853c5c2e9:phone:2,AN19-rec-aac08d7f7eb853c5c2e9,AN19.SPA.sm7,Spanish,Romance,sill,s ih l,1,ih,3.0963074112400087e-12,31.784101206926213,6,6,0.007352941176470588
AN19-rec-aacab88de14ed46c6063:phone:1,AN19-rec-aacab88de14ed46c6063,AN19.MIX.im4,Mandarin,Sino-Tibetan,god,g aa d,0,g,0.024463510267932562,46.15627300385157,6,6,0.006993006993006993
AN19-rec-aacd4e29264591a47a72:phone:1,AN19-rec-aacd4e29264591a47a72,AN19.SPA.sm2,Spanish,Romance,rough,r ah f,0,r,1.6087081325378522e-22,63.96789854112546,6,6,0.007042253521126761
AN19-rec-aad2b0140936df8d662a:phone:2,AN19-rec-aad2b0140936df8d662a,AN19.MIX.if4,German,Germanic,sill,s ih l,1,ih,3.0374774936031368e-05,16.671973208977843,6,6,0.0072992700729927005
AN19-rec-ab06b8c8ffacd0a928cb:phone:2,AN19-rec-ab06b8c8ffacd0a928cb,AN19.SPA.sm2,Spanish,Romance,live,l ay v,1,ay,8.2332645393965e-11,48.38961221032711,6,6,0.007042253521126761
AN19-rec-ab30ddd2f01054839726:phone:2,AN19-rec-ab30ddd2f01054839726,AN19.MIX.if2,Dutch,Germanic,noise,n oy z,1,oy,6.95215673962656e-07,42.491861375340775,6,6,0.006944444444444444
AN19-rec-ab3ba9eae23f3d000fa0:phone:2,AN19-rec-ab3ba9eae23f3d000fa0,AN19.KOR.km6,Korean,Koreanic,lose,l uw z,1,uw,3.967223220754363e-05,15.05565165706137,6,6,0.007042253521126761
AN19-rec-ab3e05f6d58e2630eeaf:phone:2,AN19-rec-ab3e05f6d58e2630eeaf,AN19.SPA.sf3,Spanish,Romance,neck,n eh k,1,eh,8.454808003873053e-13,78.9751050153376,6,6,0.007246376811594203
AN19-rec-ab68d486bb6db245fda3:phone:2,AN19-rec-ab68d486bb6db245fda3,AN19.KOR.kf4,Korean,Koreanic,mat,m ae t,1,ae,3.4055421775557767e-06,21.805244614438816,6,6,0.0070921985815602835
AN19-rec-ab79e3ce8d60d26773fc:phone:1,AN19-rec-ab79e3ce8d60d26773fc,AN19.KOR.kf1,Korean,Koreanic,five,f ay v,0,f,9.568832152976624e-15,67.00894150112437,6,6,0.0072992700729927005
AN19-rec-ab7f7b01ad41d2d7ecfc:phone:3,AN19-rec-ab7f7b01ad41d2d7ecfc,AN19.KOR.kf6,Korean,Koreanic,pad,p ae d,2,d,0.00011485099910149191,15.785245895765492,6,6,0.007042253521126761
AN19-rec-aba115d0e349646b9ef1:phone:1,AN19-rec-aba115d0e349646b9ef1,AN19.KOR.kf4,Korean,Koreanic,page,p ey jh,0,p,5.780958219978721e-18,49.41840170542748,6,6,0.0070921985815602835
AN19-rec-aba115d0e349646b9ef1:phone:3,AN19-rec-aba115d0e349646b9ef1,AN19.KOR.kf4,Korean,Koreanic,page,p ey jh,2,jh,1.3613782500996791e-12,40.55084449384912,6,6,0.0070921985815602835
AN19-rec-aba95a6a834c49027b50:phone:2,AN19-rec-aba95a6a834c49027b50,AN19.SPA.sm5,Spanish,Romance,voice,v oy s,1,oy,0.0001604136842108399,31.17307006823278,6,6,0.006896551724137931
AN19-rec-abad6a08cb8858bd4b0e:phone:1,AN19-rec-abad6a08cb8858bd4b0e,AN19.KOR.km8,Korean,Koreanic,shall,sh ae l,0,sh,0.008191261838696935,12.573082019282907,6,6,0.006896551724137931
AN19-rec-abad6a08cb8858bd4b0e:phone:2,AN19-rec-abad6a08cb8858bd4b0e,AN19.KOR.km8,Korean,Koreanic,shall,sh ae l,1,ae,6.331971286605886e-05,12.345075449711915,6,6,0.006896551724137931
AN19-rec-abc6652f0d654b7a0a32:phone:1,AN19-rec-abc6652f0d654b7a0a32,AN19.MIX.im3,Russian,Slavic,mote,m ow t,0,m,0.000553657524374028,32.33100099922258,6,6,0.006756756756756757
AN19-rec-abc6652f0d654b7a0a32:phone:2,AN19-rec-abc6652f0d654b7a0a32,AN19.MIX.im3,Russian,Slavic,mote,m ow t,1,ow,1.1652387579921524e-05,15.72054793831405,6,6,0.006756756756756757
AN19-rec-abd4eda140757de82c52:phone:3,AN19-rec-abd4eda140757de82c52,AN19.MIX.im6,Hindi,Indo-Aryan,gas,g ae s,2,s,5.911224877016548e-08,27.46447984965286,6,6,0.006711409395973154
AN19-rec-abd7fb94d6f4d6f351e6:phone:1,AN19-rec-abd7fb94d6f4d6f351e6,AN19.SPA.sm6,Spanish,Romance,soak,s ow k,0,s,3.282746149531829e-13,32.957337550579844,6,6,0.006756756756756757
AN19-rec-abd7fb94d6f4d6f351e6:phone:2,AN19-rec-abd7fb94d6f4d6f351e6,AN19.SPA.sm6,Spanish,Romance,soak,s ow k,1,ow,3.404829954639195e-26,65.48514038023916,6,6,0.006756756756756757
AN19-rec-abd856dfe114791c5301:phone:2,AN19-rec-abd856dfe114791c5301,AN19.KOR.km7,Korean,Koreanic,was,w aa z,1,aa,1.2828637367196625e-05,37.1695133292957,6,6,0.006711409395973154
AN19-rec-abda19230e28358c6043:phone:2,AN19-rec-abda19230e28358c6043,AN19.SPA.sf5,Spanish,Romance,bead,b iy d,1,iy,3.0830880017155024e-11,30.36980605972033,6,6,0.007194244604316547
AN19-rec-abda19230e28358c6043:phone:3,AN19-rec-abda19230e28358c6043,AN19.SPA.sf5,Spanish,Romance,bead,b iy d,2,d,3.171887410405481e-07,31.05348031801964,6,6,0.007194244604316547
AN19-rec-abdb7de414a5c9898c15:phone:1,AN19-rec-abdb7de414a5c9898c15,AN19.MIX.if1,Albanian,Albanian,hag,hh ae g,0,hh,1.8965383019130333e-14,46.71855796324533,6,6,0.0070921985815602835
AN19-rec-abdb7de414a5c9898c15:phone:3,AN19-rec-abdb7de414a5c9898c15,AN19.MIX.if1,Albanian,Albanian,hag,hh ae g,2,g,9.402748189699304e-09,50.65035117997743,6,6,0.0070921985815602835
AN19-rec-abe011618aba3eaf58b4:phone:1,AN19-rec-abe011618aba3eaf58b4,AN19.MIX.im5,Turkish,Turkic,chain,ch ey n,0,ch,6.108014920813497e-10,30.85065845509496,6,6,0.007246376811594203
AN19-rec-abf853ad60873d1bcc0c:phone:1,AN19-rec-abf853ad60873d1bcc0c,AN19.MIX.im2,Bengali,Indo-Aryan,theme,th iy m,0,th,8.267192059346559e-14,33.867600976916854,6,6,0.007246376811594203
AN19-rec-abf853ad60873d1bcc0c:phone:2,AN19-rec-abf853ad60873d1bcc0c,AN19.MIX.im2,Bengali,Indo-Aryan,theme,th iy m,1,iy,2.1761556055850283e-08,27.53928632714471,6,6,0.007246376811594203
AN19-rec-abf853ad60873d1bcc0c:phone:3,AN19-rec-abf853ad60873d1bcc0c,AN19.MIX.im2,Bengali,Indo-Aryan,theme,th iy m,2,m,4.125575177116548e-10,42.34073438992071,6,6,0.007246376811594203
AN19-rec-ac21778d2ab2893d5231:phone:2,AN19-rec-ac21778d2ab2893d5231,AN19.SPA.sm2,Spanish,Romance,wash,w aa sh,1,aa,4.679408550430853e-07,37.32259034328028,6,6,0.007042253521126761
AN19-rec-ac2a218f6226957def4c:phone:3,AN19-rec-ac2a218f6226957def4c,AN19.KOR.kf1,Korean,Koreanic,white,w ay t,2,t,6.605157018660936e-08,47.46572031828188,6,6,0.0072992700729927005
AN19-rec-ac3273a40f3b02188b72:phone:2,AN19-rec-ac3273a40f3b02188b72,AN19.MIX.im2,Bengali,Indo-Aryan,rut,r ah t,1,ah,8.454758578685778e-12,57.93915288428911,6,6,0.007246376811594203
AN19-rec-ac4be1c5976dec9b208e:phone:1,AN19-rec-ac4be1c5976dec9b208e,AN19.MIX.if1,Albanian,Albanian,mall,m ao l,0,m,0.021664497641443747,38.03344945942795,6,6,0.0070921985815602835
AN19-rec-ac4cff07d9082da83b8c:phone:2,AN19-rec-ac4cff07d9082da83b8c,AN19.SPA.sm4,Spanish,Romance,learn,l er n,1,er,4.298039641418201e-06,27.347353803793325,6,6,0.007194244604316547
AN19-rec-ac63f3dc2f9ec870be95:phone:2,AN19-rec-ac63f3dc2f9ec870be95,AN19.KOR.km2,Korean,Koreanic,wrong,r ao ng,1,ao,8.330622557917984e-09,25.13973486243148,6,8,0.006756756756756757
AN19-rec-ac710c9225841a928c88:phone:1,AN19-rec-ac710c9225841a928c88,AN19.SPA.sf5,Spanish,Romance,jack,jh ae k,0,jh,0.0008729379690193862,32.023980535738,6,6,0.007194244604316547
AN19-rec-ac710c9225841a928c88:phone:3,AN19-rec-ac710c9225841a928c88,AN19.SPA.sf5,Spanish,Romance,jack,jh ae k,2,k,0.0025108867159979605,20.01019845667968,6,6,0.007194244604316547
AN19-rec-ac7224e51a0951c18649:phone:1,AN19-rec-ac7224e51a0951c18649,AN19.SPA.sm6,Spanish,Romance,job,jh aa b,0,jh,5.90648043733373e-13,40.87442511400946,6,6,0.006756756756756757
AN19-rec-ac7224e51a0951c18649:phone:3,AN19-rec-ac7224e51a0951c18649,AN19.SPA.sm6,Spanish,Romance,job,jh aa b,2,b,1.1022565838934626e-06,43.76832228936493,6,6,0.006756756756756757
AN19-rec-ac75f8d38f171bcd023e:phone:2,AN19-rec-ac75f8d38f171bcd023e,AN19.SPA.sf5,Spanish,Romance,neck,n eh k,1,eh,2.1135321157206464e-07,54.85657379324727,6,6,0.007194244604316547
AN19-rec-ac76164d2919e51c2ab6:phone:3,AN19-rec-ac76164d2919e51c2ab6,AN19.SPA.sm5,Spanish,Romance,thought,th ao t,2,t,8.489357339651696e-19,69.7901315045477,6,6,0.006896551724137931
AN19-rec-ac8308433413c09bb07b:phone:1,AN19-rec-ac8308433413c09bb07b,AN19.SPA.sf5,Spanish,Romance,both,b ow th,0,b,3.3094344747680074e-10,26.913315546927112,6,6,0.007194244604316547
AN19-rec-ac8308433413c09bb07b:phone:3,AN19-rec-ac8308433413c09bb07b,AN19.SPA.sf5,Spanish,Romance,both,b ow th,2,th,6.214726555412663e-06,26.5955829575094,6,6,0.007194244604316547
AN19-rec-ac863eba6aae817e35dd:phone:1,AN19-rec-ac863eba6aae817e35dd,AN19.KOR.km2,Korean,Koreanic,soak,s ow k,0,s,0.002852354132554998,10.523531182161848,6,6,0.006756756756756757
AN19-rec-ac863eba6aae817e35dd:phone:2,AN19-rec-ac863eba6aae817e35dd,AN19.KOR.km2,Korean,Koreanic,soak,s ow k,1,ow,0.0491871333377868,21.939430365943124,6,6,0.006756756756756757
AN19-rec-ac994a36cc1eda64cf5c:phone:2,AN19-rec-ac994a36cc1eda64cf5c,AN19.SPA.sm5,Spanish,Romance,was,w aa z,1,aa,0.00014072662138826876,19.991964863989523,6,6,0.006896551724137931
AN19-rec-acc144dd287bf93e714a:phone:3,AN19-rec-acc144dd287bf93e714a,AN19.MIX.im2,Bengali,Indo-Aryan,bead,b iy d,2,d,1.0078206762686376e-08,27.09708035497893,6,6,0.007246376811594203
AN19-rec-acccb0aba9cd4a7dc793:phone:1,AN19-rec-acccb0aba9cd4a7dc793,AN19.MIX.if1,Albanian,Albanian,both,b ow th,0,b,5.380237872199642e-14,51.11954335511089,6,6,0.0070921985815602835
AN19-rec-acccb0aba9cd4a7dc793:phone:3,AN19-rec-acccb0aba9cd4a7dc793,AN19.MIX.if1,Albanian,Albanian,both,b ow th,2,th,4.978305855221636e-26,67.60107562124482,6,6,0.0070921985815602835
AN19-rec-acd2279a0f632b7071ca:phone:1,AN19-rec-acd2279a0f632b7071ca,AN19.SPA.sm7,Spanish,Romance,food,f uw d,0,f,1.602679032574483e-06,32.466847438335314,6,6,0.007352941176470588
AN19-rec-ace0777b7f83667ad206:phone:1,AN19-rec-ace0777b7f83667ad206,AN19.MIX.if1,Albanian,Albanian,soil,s oy l,0,s,0.00048311074707903094,14.425192581521417,6,6,0.0070921985815602835
AN19-rec-ace0777b7f83667ad206:phone:2,AN19-rec-ace0777b7f83667ad206,AN19.MIX.if1,Albanian,Albanian,soil,s oy l,1,oy,1.0190911050405017e-12,41.18651601652103,6,6,0.0070921985815602835
AN19-rec-ace88af7599f1ced7e47:phone:3,AN19-rec-ace88af7599f1ced7e47,AN19.SPA.sm4,Spanish,Romance,peace,p iy s,2,s,1.249456167234411e-06,21.95712222985573,6,6,0.007194244604316547
AN19-rec-acf5ca10d27c92c6e611:phone:2,AN19-rec-acf5ca10d27c92c6e611,AN19.KOR.km8,Korean,Koreanic,lad,l ae d,1,ae,2.7008815877958244e-08,22.703640944156813,6,6,0.006896551724137931
AN19-rec-acfb7c62e7cf661a96bb:phone:2,AN19-rec-acfb7c62e7cf661a96bb,AN19.KOR.kf6,Korean,Koreanic,kin,k ih n,1,ih,1.7792384561584536e-08,29.5641695568156,6,6,0.007042253521126761
AN19-rec-acff13b12239fe020843:phone:3,AN19-rec-acff13b12239fe020843,AN19.SPA.sm4,Spanish,Romance,mum,m ah m,2,m,0.0009377229554794314,48.55255914773221,6,6,0.007194244604316547
AN19-rec-ad22f85af3746e93618c:phone:2,AN19-rec-ad22f85af3746e93618c,AN19.SPA.sm5,Spanish,Romance,neck,n eh k,1,eh,0.019497190781087952,46.679103144939205,6,6,0.006896551724137931
AN19-rec-ad67c1ff2533f4ce24b4:phone:1,AN19-rec-ad67c1ff2533f4ce24b4,AN19.SPA.sf2,Spanish,Romance,pawn,p ao n,0,p,0.10521103408348705,12.75466737394062,6,6,0.007246376811594203
AN19-rec-ad77a9e6d8aa2a0cb61a:phone:1,AN19-rec-ad77a9e6d8aa2a0cb61a,AN19.SPA.sm7,Spanish,Romance,lice,l ay s,0,l,0.00035712783229106874,19.55582605027281,6,6,0.007352941176470588
AN19-rec-ad77a9e6d8aa2a0cb61a:phone:2,AN19-rec-ad77a9e6d8aa2a0cb61a,AN19.SPA.sm7,Spanish,Romance,lice,l ay s,1,ay,2.01755935838179e-08,27.068280524447022,6,6,0.007352941176470588
AN19-rec-ad77a9e6d8aa2a0cb61a:phone:3,AN19-rec-ad77a9e6d8aa2a0cb61a,AN19.SPA.sm7,Spanish,Romance,lice,l ay s,2,s,0.0031202108922669027,26.243734698045632,6,6,0.007352941176470588
AN19-rec-adb0601b0bcc075e0024:phone:1,AN19-rec-adb0601b0bcc075e0024,AN19.SPA.sm6,Spanish,Romance,chief,ch iy f,0,ch,0.001116415892915446,36.88728343101683,6,6,0.006756756756756757
AN19-rec-adb0601b0bcc075e0024:phone:2,AN19-rec-adb0601b0bcc075e0024,AN19.SPA.sm6,Spanish,Romance,chief,ch iy f,1,iy,1.3094444711874468e-09,36.36258712655032,6,6,0.006756756756756757
AN19-rec-adbe71abaf0ae4db8fb8:phone:2,AN19-rec-adbe71abaf0ae4db8fb8,AN19.MIX.if4,German,Germanic,wife,w ay f,1,ay,2.6358207728174175e-06,44.08671144760428,6,6,0.0072992700729927005
AN19-rec-adca94096cb541d9a46d:phone:2,AN19-rec-adca94096cb541d9a46d,AN19.MIX.if6,Somali,Afro-Asiatic,chief,ch iy f,1,iy,6.057734648919293e-06,35.20238654494688,6,6,0.007246376811594203
AN19-rec-adcee0e95f7f5d988940:phone:3,AN19-rec-adcee0e95f7f5d988940,AN19.SPA.sf5,Spanish,Romance,goat,g ow t,2,t,1.2905684055531655e-17,54.8018023745509,6,6,0.007194244604316547
AN19-rec-add3204e1b5e8a0770dd:phone:2,AN19-rec-add3204e1b5e8a0770dd,AN19.MIX.im5,Turkish,Turkic,long,l ao ng,1,ao,6.6053707323519215e-06,27.34154404559584,6,6,0.007246376811594203
AN19-rec-add3204e1b5e8a0770dd:phone:3,AN19-rec-add3204e1b5e8a0770dd,AN19.MIX.im5,Turkish,Turkic,long,l ao ng,2,ng,3.172925617269692e-05,18.933338225548663,6,6,0.007246376811594203
AN19-rec-adda556e59609951de1f:phone:2,AN19-rec-adda556e59609951de1f,AN19.MIX.if2,Dutch,Germanic,rat,r ae t,1,ae,0.0008734486492222305,52.34937794421765,6,6,0.006944444444444444
AN19-rec-adee75be5d16a6f53f45:phone:1,AN19-rec-adee75be5d16a6f53f45,AN19.SPA.sm5,Spanish,Romance,shall,sh ae l,0,sh,0.017034475316856076,11.61473999050727,6,6,0.006896551724137931
AN19-rec-ae04de2986a96147f971:phone:1,AN19-rec-ae04de2986a96147f971,AN19.KOR.kf5,Korean,Koreanic,soil,s oy l,0,s,2.9099584897681975e-05,17.784558046253476,6,6,0.006993006993006993
AN19-rec-ae04de2986a96147f971:phone:2,AN19-rec-ae04de2986a96147f971,AN19.KOR.kf5,Korean,Koreanic,soil,s oy l,1,oy,0.00019655278299419713,23.64363204471629,6,6,0.006993006993006993
AN19-rec-ae0626756ff7aad48ffe:phone:1,AN19-rec-ae0626756ff7aad48ffe,AN19.KOR.kf5,Korean,Koreanic,mall,m ao l,0,m,8.50008546009438e-09,45.97919824820119,6,6,0.006993006993006993
AN19-rec-ae095a944c568a82442e:phone:3,AN19-rec-ae095a944c568a82442e,AN19.SPA.sf4,Spanish,Romance,lame,l ey m,2,m,4.221511033894241e-07,26.40652499315254,6,6,0.0070921985815602835
AN19-rec-ae441521cb7be3f4b00c:phone:1,AN19-rec-ae441521cb7be3f4b00c,AN19.SPA.sm3,Spanish,Romance,hoot,hh uw t,0,hh,3.749213571660219e-08,33.97711411525014,6,6,0.0072992700729927005
AN19-rec-ae441521cb7be3f4b00c:phone:3,AN19-rec-ae441521cb7be3f4b00c,AN19.SPA.sm3,Spanish,Romance,hoot,hh uw t,2,t,0.00015801408938141896,43.653819517384726,6,6,0.0072992700729927005
AN19-rec-ae590400938a7962dedf:phone:1,AN19-rec-ae590400938a7962dedf,AN19.SPA.sm3,Spanish,Romance,ship,sh ih p,0,sh,0.011435503561943743,5.537714436582246,6,6,0.0072992700729927005
AN19-rec-ae590400938a7962dedf:phone:3,AN19-rec-ae590400938a7962dedf,AN19.SPA.sm3,Spanish,Romance,ship,sh ih p,2,p,4.003445776694384e-34,92.766561754588,6,6,0.0072992700729927005
AN19-rec-ae5a0385f3219d092a3a:phone:2,AN19-rec-ae5a0385f3219d092a3a,AN19.MIX.im1,Romanian,Romance,size,s ay z,1,ay,5.0385445450173636e-11,69.30517201487254,6,6,0.006802721088435374
AN19-rec-ae5c59262fc9d3b5852c:phone:2,AN19-rec-ae5c59262fc9d3b5852c,AN19.MIX.if6,Somali,Afro-Asiatic,mace,m ey s,1,ey,0.0012600240698088553,24.86593778398438,6,6,0.007246376811594203
AN19-rec-ae5c59262fc9d3b5852c:phone:3,AN19-rec-ae5c59262fc9d3b5852c,AN19.MIX.if6,Somali,Afro-Asiatic,mace,m ey s,2,s,1.6946595157101587e-05,46.29384053216801,6,6,0.007246376811594203
AN19-rec-ae6320f7de33a8bb8d94:phone:2,AN19-rec-ae6320f7de33a8bb8d94,AN19.SPA.sm2,Spanish,Romance,roof,r uw f,1,uw,1.2247321609293732e-13,42.87438226062947,6,6,0.007042253521126761
AN19-rec-ae997022e8765ab387e7:phone:3,AN19-rec-ae997022e8765ab387e7,AN19.MIX.if6,Somali,Afro-Asiatic,doom,d uw m,2,m,3.697696219158709e-10,31.45284269352563,6,6,0.007246376811594203
AN19-rec-aeaadafc0b37c7fd9a50:phone:1,AN19-rec-aeaadafc0b37c7fd9a50,AN19.SPA.sm5,Spanish,Romance,soil,s oy l,0,s,0.001637539327978039,15.86115643439429,6,6,0.006896551724137931
AN19-rec-aeaadafc0b37c7fd9a50:phone:2,AN19-rec-aeaadafc0b37c7fd9a50,AN19.SPA.sm5,Spanish,Romance,soil,s oy l,1,oy,7.359699871709747e-05,21.18252972657509,6,6,0.006896551724137931
AN19-rec-aebb696d753843b64190:phone:3,AN19-rec-aebb696d753843b64190,AN19.KOR.km7,Korean,Koreanic,thought,th ao t,2,t,6.461790768991037e-07,38.050629025990894,6,6,0.006711409395973154
AN19-rec-aecc08e824b6ce7a5536:phone:2,AN19-rec-aecc08e824b6ce7a5536,AN19.MIX.if5,Japanese,Japonic,kit,k ih t,1,ih,0.0061131635880040435,26.91302505363688,6,6,0.006711409395973154
AN19-rec-aee1e7619d921e3e0613:phone:2,AN19-rec-aee1e7619d921e3e0613,AN19.KOR.km8,Korean,Koreanic,wrong,r ao ng,1,ao,4.322625713761087e-08,35.12722646766089,6,8,0.006896551724137931
AN19-rec-aef0ee2fb924464e3940:phone:2,AN19-rec-aef0ee2fb924464e3940,AN19.SPA.sm7,Spanish,Romance,long,l ao ng,1,ao,9.206545055330736e-09,37.31803541216391,6,6,0.007352941176470588
AN19-rec-aef7c6f3d3a60b499125:phone:1,AN19-rec-aef7c6f3d3a60b499125,AN19.SPA.sf5,Spanish,Romance,hag,hh ae g,0,hh,0.0014248663762049167,15.776943075510388,6,6,0.007194244604316547
AN19-rec-aef7c6f3d3a60b499125:phone:3,AN19-rec-aef7c6f3d3a60b499125,AN19.SPA.sf5,Spanish,Romance,hag,hh ae g,2,g,7.137138932979745e-11,61.54977027246175,6,6,0.007194244604316547
AN19-rec-af050c8469b271fb91ad:phone:1,AN19-rec-af050c8469b271fb91ad,AN19.SPA.sf5,Spanish,Romance,thick,th ih k,0,th,4.49010814207994e-15,55.65737983067292,6,6,0.007194244604316547
AN19-rec-af050c8469b271fb91ad:phone:2,AN19-rec-af050c8469b271fb91ad,AN19.SPA.sf5,Spanish,Romance,thick,th ih k,1,ih,1.1102074361879328e-05,52.1957283417457,6,6,0.007194244604316547
AN19-rec-af050c8469b271fb91ad:phone:3,AN19-rec-af050c8469b271fb91ad,AN19.SPA.sf5,Spanish,Romance,thick,th ih k,2,k,2.0629386251437767e-25,68.98496662880632,6,6,0.007194244604316547
AN19-rec-af0a40c7403ba44d7605:phone:1,AN19-rec-af0a40c7403ba44d7605,AN19.MIX.if3,French,Romance,pool,p uw l,0,p,0.0010143381829452768,25.150829469795426,6,6,0.006993006993006993
AN19-rec-af38ef1a64133054fda5:phone:1,AN19-rec-af38ef1a64133054fda5,AN19.KOR.km1,Korean,Koreanic,balm,b aa m,0,b,1.6933218478092212e-16,58.51546877142857,6,6,0.0072992700729927005
AN19-rec-af44c80dcf50ffc1c910:phone:1,AN19-rec-af44c80dcf50ffc1c910,AN19.KOR.km1,Korean,Koreanic,mall,m ao l,0,m,1.4029510457969932e-18,68.07526623487477,6,6,0.0072992700729927005
AN19-rec-af60ef88332335871536:phone:3,AN19-rec-af60ef88332335871536,AN19.SPA.sf1,Spanish,Romance,beak,b iy k,2,k,1.9697165395229987e-05,27.367229933737644,6,6,0.006896551724137931
AN19-rec-af6c5b90d82d92c97abc:phone:2,AN19-rec-af6c5b90d82d92c97abc,AN19.MIX.if4,German,Germanic,kit,k ih t,1,ih,8.99932945364294e-11,29.722713351812715,6,6,0.0072992700729927005
AN19-rec-af711b67fe5b7672ad16:phone:3,AN19-rec-af711b67fe5b7672ad16,AN19.SPA.sm3,Spanish,Romance,mum,m ah m,2,m,6.52391804883174e-11,41.63166536161945,6,6,0.0072992700729927005
AN19-rec-af81d23f3911c445f33b:phone:2,AN19-rec-af81d23f3911c445f33b,AN19.SPA.sf6,Spanish,Romance,teeth,t iy th,1,iy,1.0691827212038233e-07,27.07918070686686,6,6,0.007042253521126761
AN19-rec-af8d1ff1730f32ddef21:phone:2,AN19-rec-af8d1ff1730f32ddef21,AN19.KOR.kf5,Korean,Koreanic,thing,th ih ng,1,ih,1.8399696448210417e-12,48.341995446320944,6,6,0.006993006993006993
AN19-rec-afb2a7227d2064a2101a:phone:1,AN19-rec-afb2a7227d2064a2101a,AN19.SPA.sf6,Spanish,Romance,hoot,hh uw t,0,hh,1.9424463175742416e-07,40.51363038440003,6,6,0.007042253521126761
AN19-rec-afb2a7227d2064a2101a:phone:3,AN19-rec-afb2a7227d2064a2101a,AN19.SPA.sf6,Spanish,Romance,hoot,hh uw t,2,t,2.5627529550531425e-11,35.376582237180365,6,6,0.007042253521126761
AN19-rec-afbcad9f756114fdb7ce:phone:1,AN19-rec-afbcad9f756114fdb7ce,AN19.MIX.im1,Romanian,Romance,gave,g ey v,0,g,5.113590339812965e-31,86.57743871358224,6,6,0.006802721088435374
AN19-rec-afccf10d609a3e61b462:phone:2,AN19-rec-afccf10d609a3e61b462,AN19.KOR.km6,Korean,Koreanic,wash,w aa sh,1,aa,0.0005269247829457513,24.795439022644093,6,6,0.007042253521126761
AN19-rec-afe83b36c81695569c0f:phone:2,AN19-rec-afe83b36c81695569c0f,AN19.MIX.if4,German,Germanic,sane,s ey n,1,ey,0.05734989017038192,17.38428458969914,6,6,0.0072992700729927005
AN19-rec-afee16b04b032b3acd1a:phone:3,AN19-rec-afee16b04b032b3acd1a,AN19.MIX.im5,Turkish,Turkic,goat,g ow t,2,t,3.594756378012245e-07,30.33805863368245,6,6,0.007246376811594203
AN19-rec-aff6fff7a9bdfccd01c9:phone:1,AN19-rec-aff6fff7a9bdfccd01c9,AN19.SPA.sf6,Spanish,Romance,league,l iy g,0,l,1.2163730854615729e-05,22.65429227844528,6,6,0.007042253521126761
AN19-rec-aff6fff7a9bdfccd01c9:phone:2,AN19-rec-aff6fff7a9bdfccd01c9,AN19.SPA.sf6,Spanish,Romance,league,l iy g,1,iy,1.7216338216145805e-11,29.056036412582795,6,6,0.007042253521126761
AN19-rec-aff6fff7a9bdfccd01c9:phone:3,AN19-rec-aff6fff7a9bdfccd01c9,AN19.SPA.sf6,Spanish,Romance,league,l iy g,2,g,1.2788593454315692e-09,29.9459764765294,6,6,0.007042253521126761
AN19-rec-affbc3f45f89d171ea31:phone:1,AN19-rec-affbc3f45f89d171ea31,AN19.MIX.if2,Dutch,Germanic,doom,d uw m,0,d,0.00012061046653741565,28.983487677372803,6,6,0.006944444444444444
AN19-rec-affbc3f45f89d171ea31:phone:3,AN19-rec-affbc3f45f89d171ea31,AN19.MIX.if2,Dutch,Germanic,doom,d uw m,2,m,0.005564850833961801,20.224051089401893,6,6,0.006944444444444444
AN19-rec-afff7ae1c3a131ab1a15:phone:2,AN19-rec-afff7ae1c3a131ab1a15,AN19.MIX.if2,Dutch,Germanic,live,l ay v,1,ay,7.571141456637426e-15,43.61977381607455,6,6,0.006944444444444444
AN19-rec-b0044aa151d708cba382:phone:1,AN19-rec-b0044aa151d708cba382,AN19.SPA.sm7,Spanish,Romance,move,m uw v,0,m,0.11221981838275079,36.5400746203196,6,6,0.007352941176470588
AN19-rec-b00cc22d41408da851c8:phone:3,AN19-rec-b00cc22d41408da851c8,AN19.MIX.im5,Turkish,Turkic,dog,d ao g,2,g,9.165660919997177e-10,49.71587283669856,6,6,0.007246376811594203
AN19-rec-b021ef040eaa863ac918:phone:1,AN19-rec-b021ef040eaa863ac918,AN19.KOR.km8,Korean,Koreanic,goat,g ow t,0,g,6.530766566730509e-06,38.57732202590482,6,6,0.006896551724137931
AN19-rec-b021ef040eaa863ac918:phone:3,AN19-rec-b021ef040eaa863ac918,AN19.KOR.km8,Korean,Koreanic,goat,g ow t,2,t,4.6773726184579453e-07,26.227816674357328,6,6,0.006896551724137931
AN19-rec-b03b5a15cff6d889cc5a:phone:1,AN19-rec-b03b5a15cff6d889cc5a,AN19.SPA.sm6,Spanish,Romance,pool,p uw l,0,p,3.0031707100713603e-11,29.64268925738217,6,6,0.006756756756756757
AN19-rec-b03bcb9676d007bcea97:phone:3,AN19-rec-b03bcb9676d007bcea97,AN19.KOR.kf6,Korean,Koreanic,peace,p iy s,2,s,6.4499067274358404e-09,26.9033308740361,6,6,0.007042253521126761
AN19-rec-b05afb61bf9fc0046b34:phone:2,AN19-rec-b05afb61bf9fc0046b34,AN19.MIX.im2,Bengali,Indo-Aryan,con,k aa n,1,aa,2.7625959061176963e-06,28.84663698771409,6,6,0.007246376811594203
AN19-rec-b05c5abd7aef1d6598e8:phone:2,AN19-rec-b05c5abd7aef1d6598e8,AN19.MIX.im4,Mandarin,Sino-Tibetan,fool,f uw l,1,uw,3.8283381586605484e-07,25.323015605399014,6,6,0.006993006993006993
AN19-rec-b0782c7fa6e3a48782c2:phone:2,AN19-rec-b0782c7fa6e3a48782c2,AN19.MIX.if1,Albanian,Albanian,ban,b ae n,1,ae,6.487039246922523e-05,11.028247051301166,6,6,0.0070921985815602835
AN19-rec-b07ca8d6e93289ec7fbe:phone:2,AN19-rec-b07ca8d6e93289ec7fbe,AN19.KOR.km2,Korean,Koreanic,noise,n oy z,1,oy,0.0024267938297301023,46.72290839395168,6,6,0.006756756756756757
AN19-rec-b0a42463982a44bb76a1:phone:1,AN19-rec-b0a42463982a44bb76a1,AN19.KOR.kf4,Korean,Koreanic,pool,p uw l,0,p,6.514746655863479e-08,28.8255758521764,6,6,0.0070921985815602835
AN19-rec-b0a55f5539996e85250b:phone:1,AN19-rec-b0a55f5539996e85250b,AN19.KOR.km2,Korean,Koreanic,goat,g ow t,0,g,0.0003412403171903111,38.2345354078835,6,6,0.006756756756756757
AN19-rec-b0a55f5539996e85250b:phone:3,AN19-rec-b0a55f5539996e85250b,AN19.KOR.km2,Korean,Koreanic,goat,g ow t,2,t,5.614759442072617e-32,105.48889903054402,6,6,0.006756756756756757
AN19-rec-b0b09f11e3be524912e7:phone:1,AN19-rec-b0b09f11e3be524912e7,AN19.KOR.km7,Korean,Koreanic,league,l iy g,0,l,0.006770968332309702,17.9468684286667,6,6,0.006711409395973154
AN19-rec-b0b09f11e3be524912e7:phone:2,AN19-rec-b0b09f11e3be524912e7,AN19.KOR.km7,Korean,Koreanic,league,l iy g,1,iy,1.0303696419003098e-06,21.29426854810598,6,6,0.006711409395973154
AN19-rec-b0b09f11e3be524912e7:phone:3,AN19-rec-b0b09f11e3be524912e7,AN19.KOR.km7,Korean,Koreanic,league,l iy g,2,g,1.9884736760522326e-05,14.851813132693946,6,6,0.006711409395973154
AN19-rec-b0ca0977a99c87f58418:phone:1,AN19-rec-b0ca0977a99c87f58418,AN19.KOR.km7,Korean,Koreanic,king,k ih ng,0,k,3.576153532593925e-06,25.111258135849084,6,6,0.006711409395973154
AN19-rec-b0e12504289278f85b97:phone:2,AN19-rec-b0e12504289278f85b97,AN19.SPA.sm6,Spanish,Romance,mat,m ae t,1,ae,9.0935456086579e-07,24.50058903919091,6,6,0.006756756756756757
AN19-rec-b0ed8f355c5c72a7eedc:phone:1,AN19-rec-b0ed8f355c5c72a7eedc,AN19.MIX.im6,Hindi,Indo-Aryan,fig,f ih g,0,f,3.218279536877278e-08,55.99055099932999,6,6,0.006711409395973154
AN19-rec-b0ed8f355c5c72a7eedc:phone:3,AN19-rec-b0ed8f355c5c72a7eedc,AN19.MIX.im6,Hindi,Indo-Aryan,fig,f ih g,2,g,1.0215314132900464e-23,64.52176345781766,6,6,0.006711409395973154
AN19-rec-b108ae27ac55854b013f:phone:1,AN19-rec-b108ae27ac55854b013f,AN19.MIX.im4,Mandarin,Sino-Tibetan,give,g ih v,0,g,0.0005827225880348741,19.285119240957133,6,6,0.006993006993006993
AN19-rec-b109ca7c94c21266e02a:phone:2,AN19-rec-b109ca7c94c21266e02a,AN19.SPA.sm5,Spanish,Romance,kit,k ih t,1,ih,3.249145774539103e-23,56.89695532597032,6,6,0.006896551724137931
AN19-rec-b11e2e2a2e68309e4d1f:phone:1,AN19-rec-b11e2e2a2e68309e4d1f,AN19.SPA.sm6,Spanish,Romance,gut,g ah t,0,g,2.4283317915272037e-09,54.35202224521026,6,6,0.006756756756756757
AN19-rec-b11e2e2a2e68309e4d1f:phone:3,AN19-rec-b11e2e2a2e68309e4d1f,AN19.SPA.sm6,Spanish,Romance,gut,g ah t,2,t,3.1474642913850308e-06,24.379040281038915,6,6,0.006756756756756757
AN19-rec-b1435b2ce00c70c1ab64:phone:1,AN19-rec-b1435b2ce00c70c1ab64,AN19.KOR.km3,Korean,Koreanic,king,k ih ng,0,k,0.0003105028064723869,22.25286981982272,6,6,0.006666666666666667
AN19-rec-b143d2c183b34e312102:phone:3,AN19-rec-b143d2c183b34e312102,AN19.MIX.im6,Hindi,Indo-Aryan,young,y ah ng,2,ng,1.3071235735275422e-11,39.38394045103259,6,6,0.006711409395973154
AN19-rec-b15db71fb73911844b95:phone:1,AN19-rec-b15db71fb73911844b95,AN19.KOR.kf1,Korean,Koreanic,mall,m ao l,0,m,0.011530715816988453,37.37520710873545,6,6,0.0072992700729927005
AN19-rec-b15dfbeb9983107e72f5:phone:1,AN19-rec-b15dfbeb9983107e72f5,AN19.KOR.km8,Korean,Koreanic,thick,th ih k,0,th,0.00013952517421394504,41.33861995173261,6,6,0.006896551724137931
AN19-rec-b15dfbeb9983107e72f5:phone:2,AN19-rec-b15dfbeb9983107e72f5,AN19.KOR.km8,Korean,Koreanic,thick,th ih k,1,ih,4.3488686942701304e-13,57.81633266561442,6,6,0.006896551724137931
AN19-rec-b15dfbeb9983107e72f5:phone:3,AN19-rec-b15dfbeb9983107e72f5,AN19.KOR.km8,Korean,Koreanic,thick,th ih k,2,k,1.7199094203078407e-06,49.69364588943205,6,6,0.006896551724137931
AN19-rec-b17989e3821ccef8f983:phone:3,AN19-rec-b17989e3821ccef8f983,AN19.SPA.sm3,Spanish,Romance,serve,s er v,2,v,0.006138860258266705,11.480821963384486,6,6,0.0072992700729927005
AN19-rec-b1952562e365b3047409:phone:2,AN19-rec-b1952562e365b3047409,AN19.KOR.km7,Korean,Koreanic,noise,n oy z,1,oy,0.024584442136038224,46.96614195220773,6,6,0.006711409395973154
AN19-rec-b1a07ade50ba84ad5ccc:phone:2,AN19-rec-b1a07ade50ba84ad5ccc,AN19.MIX.im3,Russian,Slavic,lose,l uw z,1,uw,1.1752844400841856e-08,21.50464263196269,6,6,0.006756756756756757
AN19-rec-b1a395d67acc13dc4d7d:phone:1,AN19-rec-b1a395d67acc13dc4d7d,AN19.MIX.im2,Bengali,Indo-Aryan,chief,ch iy f,0,ch,2.675639893380599e-07,26.13104885039065,6,6,0.007246376811594203
AN19-rec-b1a395d67acc13dc4d7d:phone:2,AN19-rec-b1a395d67acc13dc4d7d,AN19.MIX.im2,Bengali,Indo-Aryan,chief,ch iy f,1,iy,5.336591671566509e-07,21.362360425772223,6,6,0.007246376811594203
AN19-rec-b1a5f816f8c4be960671:phone:2,AN19-rec-b1a5f816f8c4be960671,AN19.SPA.sf1,Spanish,Romance,mid,m ih d,1,ih,7.793738680841802e-11,44.78642513673707,6,6,0.006896551724137931
AN19-rec-b1a6c318294fe8f80c70:phone:1,AN19-rec-b1a6c318294fe8f80c70,AN19.MIX.im3,Russian,Slavic,five,f ay v,0,f,1.4536103361613688e-10,53.12048760763573,6,6,0.006756756756756757
AN19-rec-b1b5567e11ecc759dda0:phone:2,AN19-rec-b1b5567e11ecc759dda0,AN19.KOR.kf6,Korean,Koreanic,lose,l uw z,1,uw,1.498761811895228e-08,23.935290893003536,6,6,0.007042253521126761
AN19-rec-b1c44cf5e72abf1542df:phone:1,AN19-rec-b1c44cf5e72abf1542df,AN19.KOR.kf1,Korean,Koreanic,give,g ih v,0,g,3.873066696633544e-16,51.37075067341224,6,6,0.0072992700729927005
AN19-rec-b1d5faa55e98d17ffc9b:phone:2,AN19-rec-b1d5faa55e98d17ffc9b,AN19.SPA.sf3,Spanish,Romance,con,k aa n,1,aa,6.179443125247085e-05,86.24835265951776,6,6,0.007246376811594203
AN19-rec-b1d97900fca795ac725c:phone:1,AN19-rec-b1d97900fca795ac725c,AN19.MIX.if2,Dutch,Germanic,weed,w iy d,0,w,0.05858617376490885,46.512665737451584,6,6,0.006944444444444444
AN19-rec-b1d97900fca795ac725c:phone:2,AN19-rec-b1d97900fca795ac725c,AN19.MIX.if2,Dutch,Germanic,weed,w iy d,1,iy,1.175133781177448e-27,93.33273858331938,6,6,0.006944444444444444
AN19-rec-b1da88f6350d65d3e5b6:phone:2,AN19-rec-b1da88f6350d65d3e5b6,AN19.SPA.sm7,Spanish,Romance,shape,sh ey p,1,ey,6.302715614087534e-07,18.609401119453103,6,6,0.007352941176470588
AN19-rec-b1df9904d52d87c57c05:phone:3,AN19-rec-b1df9904d52d87c57c05,AN19.KOR.kf2,Korean,Koreanic,death,d eh th,2,th,2.4656262720598686e-12,47.50416795436132,6,6,0.0072992700729927005
AN19-rec-b23468940be9559c145f:phone:1,AN19-rec-b23468940be9559c145f,AN19.KOR.km3,Korean,Koreanic,lice,l ay s,0,l,0.00012991897076467692,14.255673122427403,6,6,0.006666666666666667
AN19-rec-b23468940be9559c145f:phone:2,AN19-rec-b23468940be9559c145f,AN19.KOR.km3,Korean,Koreanic,lice,l ay s,1,ay,3.456002236049652e-05,31.259402502449102,6,6,0.006666666666666667
AN19-rec-b23468940be9559c145f:phone:3,AN19-rec-b23468940be9559c145f,AN19.KOR.km3,Korean,Koreanic,lice,l ay s,2,s,1.9369968968871097e-09,43.58545146178138,6,6,0.006666666666666667
AN19-rec-b24cd5e78ccdacb385c8:phone:3,AN19-rec-b24cd5e78ccdacb385c8,AN19.KOR.km8,Korean,Koreanic,whore,hh ao r,2,r,0.004185954868277398,8.888310718177992,6,6,0.006896551724137931
AN19-rec-b24eaa33457f66c8997a:phone:1,AN19-rec-b24eaa33457f66c8997a,AN19.MIX.im6,Hindi,Indo-Aryan,curve,k er v,0,k,6.633960847883479e-10,26.42810913262324,6,6,0.006711409395973154
AN19-rec-b24eaa33457f66c8997a:phone:3,AN19-rec-b24eaa33457f66c8997a,AN19.MIX.im6,Hindi,Indo-Aryan,curve,k er v,2,v,2.4432298701070812e-15,41.14794804589015,6,6,0.006711409395973154
AN19-rec-b257eae3e2629cf2bcd4:phone:1,AN19-rec-b257eae3e2629cf2bcd4,AN19.KOR.kf5,Korean,Koreanic,soak,s ow k,0,s,1.643242631094173e-05,22.41781528002737,6,6,0.006993006993006993
AN19-rec-b257eae3e2629cf2bcd4:phone:2,AN19-rec-b257eae3e2629cf2bcd4,AN19.KOR.kf5,Korean,Koreanic,soak,s ow k,1,ow,9.231643303180169e-21,56.60070437425688,6,6,0.006993006993006993
AN19-rec-b25fd1bf60acaed76687:phone:2,AN19-rec-b25fd1bf60acaed76687,AN19.MIX.im4,Mandarin,Sino-Tibetan,deep,d iy p,1,iy,0.00034785500125338433,11.054302283350822,6,6,0.006993006993006993
AN19-rec-b25fd1bf60acaed76687:phone:3,AN19-rec-b25fd1bf60acaed76687,AN19.MIX.im4,Mandarin,Sino-Tibetan,deep,d iy p,2,p,3.638721628859573e-05,25.35624600976371,6,6,0.006993006993006993
AN19-rec-b2615f0e2097107a621e:phone:2,AN19-rec-b2615f0e2097107a621e,AN19.SPA.sf6,Spanish,Romance,lad,l ae d,1,ae,1.6924199876649632e-18,46.79070286766101,6,6,0.007042253521126761
AN19-rec-b2616c7655671aedb722:phone:1,AN19-rec-b2616c7655671aedb722,AN19.MIX.if2,Dutch,Germanic,soil,s oy l,0,s,7.029562759491574e-07,26.59300862517003,6,6,0.006944444444444444
AN19-rec-b2616c7655671aedb722:phone:2,AN19-rec-b2616c7655671aedb722,AN19.MIX.if2,Dutch,Germanic,soil,s oy l,1,oy,8.032984905819082e-15,43.96133058378072,6,6,0.006944444444444444
AN19-rec-b269596ec8c08fadcf55:phone:1,AN19-rec-b269596ec8c08fadcf55,AN19.KOR.kf1,Korean,Koreanic,goat,g ow t,0,g,5.284174345616454e-09,41.86832692904345,6,6,0.0072992700729927005
AN19-rec-b269596ec8c08fadcf55:phone:3,AN19-rec-b269596ec8c08fadcf55,AN19.KOR.kf1,Korean,Koreanic,goat,g ow t,2,t,1.3557164136437993e-11,34.52856945644498,6,6,0.0072992700729927005
AN19-rec-b26f7f6ad524d309fec8:phone:3,AN19-rec-b26f7f6ad524d309fec8,AN19.MIX.if4,German,Germanic,toot,t uw t,2,t,6.402745365686829e-05,14.357232801427047,6,6,0.0072992700729927005
AN19-rec-b26f9172a7bb926b9694:phone:2,AN19-rec-b26f9172a7bb926b9694,AN19.SPA.sm4,Spanish,Romance,pull,p uh l,1,uh,2.1496872665193427e-11,47.737177605192336,6,6,0.007194244604316547
AN19-rec-b2ada4bf41b8a03b0beb:phone:3,AN19-rec-b2ada4bf41b8a03b0beb,AN19.SPA.sm7,Spanish,Romance,fig,f ih g,2,g,2.7889222898959164e-06,37.65904611425608,6,6,0.007352941176470588
AN19-rec-b2ae155dc1b127de0691:phone:1,AN19-rec-b2ae155dc1b127de0691,AN19.MIX.im4,Mandarin,Sino-Tibetan,both,b ow th,0,b,2.4989384975629678e-12,46.052813586556645,6,6,0.006993006993006993
AN19-rec-b2ae155dc1b127de0691:phone:3,AN19-rec-b2ae155dc1b127de0691,AN19.MIX.im4,Mandarin,Sino-Tibetan,both,b ow th,2,th,8.348341007820697e-09,31.732056749383812,6,6,0.006993006993006993
AN19-rec-b2af0fedbf43563f13c1:phone:2,AN19-rec-b2af0fedbf43563f13c1,AN19.SPA.sm2,Spanish,Romance,wed,w eh d,1,eh,4.4046108301823823e-08,39.43585562887392,6,6,0.007042253521126761
AN19-rec-b2bec27954f2f7d51189:phone:1,AN19-rec-b2bec27954f2f7d51189,AN19.SPA.sm4,Spanish,Romance,join,jh oy n,0,jh,0.10062504030894572,32.998746433298265,6,6,0.007194244604316547
AN19-rec-b2bec27954f2f7d51189:phone:3,AN19-rec-b2bec27954f2f7d51189,AN19.SPA.sm4,Spanish,Romance,join,jh oy n,2,n,5.199456727085754e-25,70.16142326268401,6,6,0.007194244604316547
AN19-rec-b30b26948f6eb4766e18:phone:2,AN19-rec-b30b26948f6eb4766e18,AN19.SPA.sf5,Spanish,Romance,pull,p uh l,1,uh,5.7544197228230376e-08,23.418669399285815,6,6,0.007194244604316547
AN19-rec-b35c84f10b66ac214114:phone:2,AN19-rec-b35c84f10b66ac214114,AN19.MIX.im6,Hindi,Indo-Aryan,chore,ch ao r,1,ao,0.009268536319407482,57.66476118604087,6,6,0.006711409395973154
AN19-rec-b37a47b95b79a752adf1:phone:1,AN19-rec-b37a47b95b79a752adf1,AN19.MIX.im4,Mandarin,Sino-Tibetan,balm,b aa m,0,b,1.7312928990596526e-13,55.29929177535965,6,6,0.006993006993006993
AN19-rec-b3aaaaf5826b58c67382:phone:1,AN19-rec-b3aaaaf5826b58c67382,AN19.MIX.if2,Dutch,Germanic,firm,f er m,0,f,4.4044938061677827e-10,32.27450508491658,6,6,0.006944444444444444
AN19-rec-b3ae0536fa33d293a721:phone:3,AN19-rec-b3ae0536fa33d293a721,AN19.MIX.im6,Hindi,Indo-Aryan,mum,m ah m,2,m,0.05167664103795008,28.426237743062146,6,6,0.006711409395973154
AN19-rec-b3b5c14f86a377bba24e:phone:2,AN19-rec-b3b5c14f86a377bba24e,AN19.MIX.if3,French,Romance,fade,f ey d,1,ey,5.033969946690265e-06,18.553682534129724,6,6,0.006993006993006993
AN19-rec-b3b9923f5eed5cddc108:phone:1,AN19-rec-b3b9923f5eed5cddc108,AN19.KOR.kf2,Korean,Koreanic,wick,w ih k,0,w,1.1395932701522415e-24,66.72978980753125,6,6,0.0072992700729927005
AN19-rec-b3c15680fe9104fbbb5a:phone:1,AN19-rec-b3c15680fe9104fbbb5a,AN19.KOR.km7,Korean,Koreanic,hack,hh ae k,0,hh,0.009654204676491958,10.407295153040012,6,6,0.006711409395973154
AN19-rec-b3c15680fe9104fbbb5a:phone:3,AN19-rec-b3c15680fe9104fbbb5a,AN19.KOR.km7,Korean,Koreanic,hack,hh ae k,2,k,5.3825388210628795e-34,97.05142271718492,6,6,0.006711409395973154
AN19-rec-b3d1437f8de0414132f2:phone:1,AN19-rec-b3d1437f8de0414132f2,AN19.MIX.if5,Japanese,Japonic,bug,b ah g,0,b,1.950412343452818e-06,51.1260378642911,6,6,0.006711409395973154
AN19-rec-b3e615284d72db5ee4a3:phone:1,AN19-rec-b3e615284d72db5ee4a3,AN19.KOR.kf2,Korean,Koreanic,goat,g ow t,0,g,1.065426965244102e-10,32.63584250848543,6,6,0.0072992700729927005
AN19-rec-b3e615284d72db5ee4a3:phone:3,AN19-rec-b3e615284d72db5ee4a3,AN19.KOR.kf2,Korean,Koreanic,goat,g ow t,2,t,4.517701899552506e-11,34.73683120867815,6,6,0.0072992700729927005
AN19-rec-b3e6ed2326c2f9975844:phone:1,AN19-rec-b3e6ed2326c2f9975844,AN19.MIX.im1,Romanian,Romance,balm,b aa m,0,b,2.5639668181935126e-11,41.55895382482566,6,6,0.006802721088435374
AN19-rec-b3ec0b9b28ffe1b1aaa3:phone:3,AN19-rec-b3ec0b9b28ffe1b1aaa3,AN19.KOR.km6,Korean,Koreanic,dog,d ao g,2,g,3.214035568882679e-09,51.81501590995267,6,6,0.007042253521126761
AN19-rec-b3fdbd18ba8b7cb5207f:phone:2,AN19-rec-b3fdbd18ba8b7cb5207f,AN19.SPA.sm3,Spanish,Romance,thing,th ih ng,1,ih,7.757458984352914e-18,54.33902346622506,6,6,0.0072992700729927005
AN19-rec-b3fe2fe470f771e3d81f:phone:1,AN19-rec-b3fe2fe470f771e3d81f,AN19.MIX.im1,Romanian,Romance,god,g aa d,0,g,5.2982676086793214e-12,59.62288518956342,6,6,0.006802721088435374
AN19-rec-b4126597e4b3958d4254:phone:1,AN19-rec-b4126597e4b3958d4254,AN19.MIX.im3,Russian,Slavic,con,k aa n,0,k,1.2667900608937582e-12,40.48360657850102,6,6,0.006756756756756757
AN19-rec-b4126597e4b3958d4254:phone:2,AN19-rec-b4126597e4b3958d4254,AN19.MIX.im3,Russian,Slavic,con,k aa n,1,aa,8.663962781777086e-07,30.716786290562528,6,6,0.006756756756756757
AN19-rec-b417c62e1127c68bbc4a:phone:2,AN19-rec-b417c62e1127c68bbc4a,AN19.KOR.kf5,Korean,Koreanic,teeth,t iy th,1,iy,9.336047388772126e-13,72.37524935085527,6,6,0.006993006993006993
AN19-rec-b4219d4dc939ef5c633b:phone:1,AN19-rec-b4219d4dc939ef5c633b,AN19.KOR.kf6,Korean,Koreanic,chain,ch ey n,0,ch,5.808378932499053e-12,60.22507383524479,6,6,0.007042253521126761
AN19-rec-b43b1d28c52a02cbb232:phone:2,AN19-rec-b43b1d28c52a02cbb232,AN19.SPA.sm5,Spanish,Romance,wed,w eh d,1,eh,7.569920258723433e-25,63.02681612207471,6,6,0.006896551724137931
AN19-rec-b448429446bf574b4bc6:phone:3,AN19-rec-b448429446bf574b4bc6,AN19.KOR.km6,Korean,Koreanic,faith,f ey th,2,th,7.008842560871325e-15,43.42750202019229,6,6,0.007042253521126761
AN19-rec-b44d61231c66d982d1e0:phone:3,AN19-rec-b44d61231c66d982d1e0,AN19.SPA.sm3,Spanish,Romance,pad,p ae d,2,d,5.798308865311545e-08,21.08081021620121,6,6,0.0072992700729927005
AN19-rec-b4514af9cb61f072142e:phone:1,AN19-rec-b4514af9cb61f072142e,AN19.SPA.sf3,Spanish,Romance,shall,sh ae l,0,sh,0.02879698034899522,10.984705082302412,6,6,0.007246376811594203
AN19-rec-b4514af9cb61f072142e:phone:2,AN19-rec-b4514af9cb61f072142e,AN19.SPA.sf3,Spanish,Romance,shall,sh ae l,1,ae,0.00015992298556912304,25.75006297194143,6,6,0.007246376811594203
AN19-rec-b455c1a3c65e21bfacd0:phone:1,AN19-rec-b455c1a3c65e21bfacd0,AN19.KOR.kf4,Korean,Koreanic,cheer,ch ih r,0,ch,1.2060934444764432e-06,20.709869886453703,6,6,0.0070921985815602835
AN19-rec-b455c1a3c65e21bfacd0:phone:3,AN19-rec-b455c1a3c65e21bfacd0,AN19.KOR.kf4,Korean,Koreanic,cheer,ch ih r,2,r,0.00017249630641088666,15.470786681107455,6,6,0.0070921985815602835
AN19-rec-b46d07c5eb8c3b2abe0c:phone:2,AN19-rec-b46d07c5eb8c3b2abe0c,AN19.SPA.sf5,Spanish,Romance,wail,w ey l,1,ey,1.7812736899629599e-16,49.7861071147637,6,6,0.007194244604316547
AN19-rec-b47370b5d08f439fb926:phone:2,AN19-rec-b47370b5d08f439fb926,AN19.MIX.im6,Hindi,Indo-Aryan,watch,w aa ch,1,aa,2.2497188809755013e-06,39.96956133693023,6,6,0.006711409395973154
AN19-rec-b48f82d2a391748b1c61:phone:2,AN19-rec-b48f82d2a391748b1c61,AN19.SPA.sf1,Spanish,Romance,sill,s ih l,1,ih,1.5018069926238895e-07,21.405550619933305,6,6,0.006896551724137931
AN19-rec-b49115de5ce4b70b168f:phone:2,AN19-rec-b49115de5ce4b70b168f,AN19.SPA.sf3,Spanish,Romance,leg,l eh g,1,eh,3.023276916089028e-07,53.00646733642083,6,6,0.007246376811594203
AN19-rec-b49f5a7bc99f8bbce122:phone:1,AN19-rec-b49f5a7bc99f8bbce122,AN19.SPA.sf5,Spanish,Romance,move,m uw v,0,m,0.0002185458320970443,25.839712247506625,6,6,0.007194244604316547
AN19-rec-b49f5a7bc99f8bbce122:phone:3,AN19-rec-b49f5a7bc99f8bbce122,AN19.SPA.sf5,Spanish,Romance,move,m uw v,2,v,1.4191012018344413e-06,22.555452338397703,6,6,0.007194244604316547
AN19-rec-b4a76a1cd48191a904ab:phone:2,AN19-rec-b4a76a1cd48191a904ab,AN19.SPA.sm3,Spanish,Romance,pull,p uh l,1,uh,6.567563196544349e-08,27.856766997853512,6,6,0.0072992700729927005
AN19-rec-b4d4f7de894d838615d2:phone:1,AN19-rec-b4d4f7de894d838615d2,AN19.KOR.km2,Korean,Koreanic,lice,l ay s,0,l,0.001533765248833683,17.411133859615337,6,6,0.006756756756756757
AN19-rec-b4d4f7de894d838615d2:phone:2,AN19-rec-b4d4f7de894d838615d2,AN19.KOR.km2,Korean,Koreanic,lice,l ay s,1,ay,1.7470436981878246e-07,25.17519608024647,6,6,0.006756756756756757
AN19-rec-b4d4f7de894d838615d2:phone:3,AN19-rec-b4d4f7de894d838615d2,AN19.KOR.km2,Korean,Koreanic,lice,l ay s,2,s,3.576016074684517e-24,84.64779997101283,6,6,0.006756756756756757
AN19-rec-b4dd942d0c6e347b4744:phone:1,AN19-rec-b4dd942d0c6e347b4744,AN19.SPA.sf3,Spanish,Romance,hag,hh ae g,0,hh,0.0007830086740013369,17.688745350160932,6,6,0.007246376811594203
AN19-rec-b4dd942d0c6e347b4744:phone:3,AN19-rec-b4dd942d0c6e347b4744,AN19.SPA.sf3,Spanish,Romance,hag,hh ae g,2,g,6.125311821962766e-10,49.15212144796357,6,6,0.007246376811594203
AN19-rec-b4ea6888bfc41d69b3fd:phone:2,AN19-rec-b4ea6888bfc41d69b3fd,AN19.KOR.kf3,Korean,Koreanic,caught,k aa t,1,aa,2.2519160223160592e-11,46.33016610689526,6,6,0.007246376811594203
AN19-rec-b500050c351e1d60a5ba:phone:1,AN19-rec-b500050c351e1d60a5ba,AN19.KOR.km6,Korean,Koreanic,hack,hh ae k,0,hh,0.013300282332098684,6.562278671660849,6,6,0.007042253521126761
AN19-rec-b500050c351e1d60a5ba:phone:3,AN19-rec-b500050c351e1d60a5ba,AN19.KOR.km6,Korean,Koreanic,hack,hh ae k,2,k,6.332163346528016e-16,55.81108854910136,6,6,0.007042253521126761
AN19-rec-b525ba4bd43083de5541:phone:2,AN19-rec-b525ba4bd43083de5541,AN19.SPA.sf3,Spanish,Romance,cod,k aa d,1,aa,3.436511830874836e-19,57.59851760675367,6,6,0.007246376811594203
AN19-rec-b5273cd93da06b17e72b:phone:2,AN19-rec-b5273cd93da06b17e72b,AN19.MIX.im3,Russian,Slavic,deep,d iy p,1,iy,0.004916994507486612,8.862110912609369,6,6,0.006756756756756757
AN19-rec-b5273cd93da06b17e72b:phone:3,AN19-rec-b5273cd93da06b17e72b,AN19.MIX.im3,Russian,Slavic,deep,d iy p,2,p,5.340326768762348e-08,21.995253353814345,6,6,0.006756756756756757
AN19-rec-b533176260c5c1b08d40:phone:1,AN19-rec-b533176260c5c1b08d40,AN19.SPA.sm2,Spanish,Romance,cheer,ch ih r,0,ch,0.00026053639169706087,17.399851548525593,6,6,0.007042253521126761
AN19-rec-b533176260c5c1b08d40:phone:3,AN19-rec-b533176260c5c1b08d40,AN19.SPA.sm2,Spanish,Romance,cheer,ch ih r,2,r,0.03205820984991165,16.73649766243204,6,6,0.007042253521126761
AN19-rec-b53d3a55e551fc7e9b11:phone:1,AN19-rec-b53d3a55e551fc7e9b11,AN19.SPA.sm6,Spanish,Romance,path,p ae th,0,p,4.672528925519716e-09,41.20446293533669,6,6,0.006756756756756757
AN19-rec-b53d3a55e551fc7e9b11:phone:3,AN19-rec-b53d3a55e551fc7e9b11,AN19.SPA.sm6,Spanish,Romance,path,p ae th,2,th,4.987054040117616e-06,24.19186177508781,6,6,0.006756756756756757
AN19-rec-b547d3014f62c3ee8129:phone:2,AN19-rec-b547d3014f62c3ee8129,AN19.KOR.km7,Korean,Koreanic,long,l ao ng,1,ao,0.000828222334063636,32.364530233940336,6,6,0.006711409395973154
AN19-rec-b55794130577a6f8b70e:phone:2,AN19-rec-b55794130577a6f8b70e,AN19.MIX.if2,Dutch,Germanic,voice,v oy s,1,oy,3.878130887095792e-05,27.786466159462577,6,6,0.006944444444444444
AN19-rec-b55b5daa9aba1fada0e1:phone:3,AN19-rec-b55b5daa9aba1fada0e1,AN19.SPA.sm7,Spanish,Romance,beak,b iy k,2,k,1.556146782595474e-17,51.14980753871297,6,6,0.007352941176470588
AN19-rec-b5630050c47a0511d878:phone:2,AN19-rec-b5630050c47a0511d878,AN19.KOR.km6,Korean,Koreanic,full,f uh l,1,uh,1.9859512985010166e-12,49.4536075995804,6,6,0.007042253521126761
AN19-rec-b57c3c7ac957afa4e3da:phone:3,AN19-rec-b57c3c7ac957afa4e3da,AN19.KOR.km2,Korean,Koreanic,fin,f ih n,2,n,1.6089700574282197e-06,36.9155853392511,6,6,0.006756756756756757
AN19-rec-b59e64c3a74b64ffbd95:phone:3,AN19-rec-b59e64c3a74b64ffbd95,AN19.SPA.sf1,Spanish,Romance,whore,hh ao r,2,r,1.9766193357203475e-10,35.12657008718792,6,6,0.006896551724137931
AN19-rec-b5bb3bb28b8068da0365:phone:2,AN19-rec-b5bb3bb28b8068da0365,AN19.SPA.sm5,Spanish,Romance,pull,p uh l,1,uh,2.11500440388875e-12,38.31090275512155,6,6,0.006896551724137931
AN19-rec-b5de018d620ac2fa9ce3:phone:2,AN19-rec-b5de018d620ac2fa9ce3,AN19.SPA.sm2,Spanish,Romance,noise,n oy z,1,oy,9.581473119475127e-05,38.71683615168402,6,6,0.007042253521126761
AN19-rec-b5ec44e291ad009cc069:phone:2,AN19-rec-b5ec44e291ad009cc069,AN19.MIX.if3,French,Romance,thick,th ih k,1,ih,3.6541236115263045e-24,70.4916884440561,6,6,0.006993006993006993
AN19-rec-b5ec44e291ad009cc069:phone:3,AN19-rec-b5ec44e291ad009cc069,AN19.MIX.if3,French,Romance,thick,th ih k,2,k,1.060445297063504e-12,57.91008912735816,6,6,0.006993006993006993
AN19-rec-b5ee684b13f01dfd75b2:phone:2,AN19-rec-b5ee684b13f01dfd75b2,AN19.MIX.im3,Russian,Slavic,long,l ao ng,1,ao,3.874476575051554e-06,39.888709460051466,6,6,0.006756756756756757
AN19-rec-b5ee684b13f01dfd75b2:phone:3,AN19-rec-b5ee684b13f01dfd75b2,AN19.MIX.im3,Russian,Slavic,long,l ao ng,2,ng,4.057603998006984e-08,23.03354907565988,6,6,0.006756756756756757
AN19-rec-b5f3f7ef0328e26744f4:phone:2,AN19-rec-b5f3f7ef0328e26744f4,AN19.SPA.sm5,Spanish,Romance,vice,v ay s,1,ay,4.1236237834176594e-06,28.337118191591458,6,6,0.006896551724137931
AN19-rec-b601510ee096fed7dcc4:phone:3,AN19-rec-b601510ee096fed7dcc4,AN19.MIX.im6,Hindi,Indo-Aryan,hurl,hh er l,2,l,6.71096323180252e-05,30.66417879727703,6,6,0.006711409395973154
AN19-rec-b62095d05605fdea852a:phone:3,AN19-rec-b62095d05605fdea852a,AN19.SPA.sf1,Spanish,Romance,hurl,hh er l,2,l,3.8185910143570786e-19,79.72220773206084,6,6,0.006896551724137931
AN19-rec-b63c886ffdba6fa0631f:phone:1,AN19-rec-b63c886ffdba6fa0631f,AN19.MIX.im3,Russian,Slavic,page,p ey jh,0,p,1.925671861003149e-16,48.51478998041924,6,6,0.006756756756756757
AN19-rec-b63c886ffdba6fa0631f:phone:3,AN19-rec-b63c886ffdba6fa0631f,AN19.MIX.im3,Russian,Slavic,page,p ey jh,2,jh,0.00014371061200533328,33.873257654485634,6,6,0.006756756756756757
AN19-rec-b6536d4efb1db3c8a8d8:phone:3,AN19-rec-b6536d4efb1db3c8a8d8,AN19.MIX.if2,Dutch,Germanic,serve,s er v,2,v,3.8786367467023506e-07,26.327120874714623,6,6,0.006944444444444444
AN19-rec-b65eb5f84632c4ba684b:phone:1,AN19-rec-b65eb5f84632c4ba684b,AN19.KOR.km7,Korean,Koreanic,balm,b aa m,0,b,0.007550335264089426,48.72612698744408,6,6,0.006711409395973154
AN19-rec-b66208083dd6c8f174a5:phone:1,AN19-rec-b66208083dd6c8f174a5,AN19.KOR.kf5,Korean,Koreanic,pool,p uw l,0,p,9.606164613527598e-07,22.56266225994376,6,6,0.006993006993006993
AN19-rec-b667dff80ba6b54339b6:phone:3,AN19-rec-b667dff80ba6b54339b6,AN19.MIX.if5,Japanese,Japonic,lame,l ey m,2,m,2.057270046241267e-06,27.89979973376572,6,6,0.006711409395973154
AN19-rec-b6a455d467e0b20ec417:phone:2,AN19-rec-b6a455d467e0b20ec417,AN19.KOR.km3,Korean,Koreanic,chore,ch ao r,1,ao,7.238700968933832e-15,66.89431846898792,6,6,0.006666666666666667
AN19-rec-b6d58075e6c81454a4f8:phone:1,AN19-rec-b6d58075e6c81454a4f8,AN19.KOR.kf5,Korean,Koreanic,five,f ay v,0,f,4.001801081579338e-05,51.81461654240537,6,6,0.006993006993006993
AN19-rec-b6e05f519ba7d89c2553:phone:1,AN19-rec-b6e05f519ba7d89c2553,AN19.KOR.km8,Korean,Koreanic,give,g ih v,0,g,2.9725811108246394e-08,26.031885938632517,6,6,0.006896551724137931
AN19-rec-b6e9c3d4df8616f9703f:phone:2,AN19-rec-b6e9c3d4df8616f9703f,AN19.MIX.if2,Dutch,Germanic,roof,r uw f,1,uw,5.204811220916458e-11,50.28022449006215,6,6,0.006944444444444444
AN19-rec-b6f2edbfec5c16ad61ca:phone:1,AN19-rec-b6f2edbfec5c16ad61ca,AN19.MIX.if4,German,Germanic,con,k aa n,0,k,0.002105875591202871,15.597637758518074,6,6,0.0072992700729927005
AN19-rec-b6f2edbfec5c16ad61ca:phone:2,AN19-rec-b6f2edbfec5c16ad61ca,AN19.MIX.if4,German,Germanic,con,k aa n,1,aa,1.2517875878580767e-07,73.4464398966252,6,6,0.0072992700729927005
AN19-rec-b6fd97e5c4fb59d751b9:phone:3,AN19-rec-b6fd97e5c4fb59d751b9,AN19.MIX.if1,Albanian,Albanian,hurl,hh er l,2,l,0.0009281396565218358,26.72867090863941,6,6,0.0070921985815602835
AN19-rec-b70fa55e6e655fce54fd:phone:2,AN19-rec-b70fa55e6e655fce54fd,AN19.KOR.km2,Korean,Koreanic,pull,p uh l,1,uh,6.88970651540342e-14,38.78971144573951,6,6,0.006756756756756757
AN19-rec-b73c886c20fa10d3e6c4:phone:1,AN19-rec-b73c886c20fa10d3e6c4,AN19.KOR.km6,Korean,Koreanic,page,p ey jh,0,p,0.03434441004996717,11.30504200139539,6,6,0.007042253521126761
AN19-rec-b73c886c20fa10d3e6c4:phone:3,AN19-rec-b73c886c20fa10d3e6c4,AN19.KOR.km6,Korean,Koreanic,page,p ey jh,2,jh,2.9493114370706237e-15,37.78176100023121,6,6,0.007042253521126761
AN19-rec-b747b37108d7d2602b1f:phone:1,AN19-rec-b747b37108d7d2602b1f,AN19.SPA.sf5,Spanish,Romance,lice,l ay s,0,l,0.0007301117458597146,18.55845586825345,6,6,0.007194244604316547
AN19-rec-b747b37108d7d2602b1f:phone:2,AN19-rec-b747b37108d7d2602b1f,AN19.SPA.sf5,Spanish,Romance,lice,l ay s,1,ay,4.846147340140231e-06,25.1521159630634,6,6,0.007194244604316547
AN19-rec-b747b37108d7d2602b1f:phone:3,AN19-rec-b747b37108d7d2602b1f,AN19.SPA.sf5,Spanish,Romance,lice,l ay s,2,s,4.152047098160857e-07,22.938004187070067,6,6,0.007194244604316547
AN19-rec-b747bc9b0c1c5f9ccff6:phone:3,AN19-rec-b747bc9b0c1c5f9ccff6,AN19.SPA.sf6,Spanish,Romance,fin,f ih n,2,n,2.31785761357798e-06,27.32854440441771,6,6,0.007042253521126761
AN19-rec-b75cfba2818e265e85a5:phone:2,AN19-rec-b75cfba2818e265e85a5,AN19.KOR.kf1,Korean,Koreanic,ban,b ae n,1,ae,3.940492298519539e-06,14.961611095322688,6,6,0.0072992700729927005
AN19-rec-b75e63e3813922b9bb26:phone:2,AN19-rec-b75e63e3813922b9bb26,AN19.MIX.im6,Hindi,Indo-Aryan,fade,f ey d,1,ey,4.3572412714307403e-17,53.275099129250805,6,6,0.006711409395973154
AN19-rec-b77fb7575b3295263380:phone:1,AN19-rec-b77fb7575b3295263380,AN19.MIX.if2,Dutch,Germanic,theme,th iy m,0,th,6.569008531581099e-06,27.62620065311315,6,6,0.006944444444444444
AN19-rec-b77fb7575b3295263380:phone:3,AN19-rec-b77fb7575b3295263380,AN19.MIX.if2,Dutch,Germanic,theme,th iy m,2,m,0.00021876759451968546,20.920772545130685,6,6,0.006944444444444444
AN19-rec-b78379fdeb6be42722a0:phone:2,AN19-rec-b78379fdeb6be42722a0,AN19.KOR.kf4,Korean,Koreanic,wash,w aa sh,1,aa,0.01108172503667014,24.18966065835781,6,6,0.0070921985815602835
AN19-rec-b79917cd6937e69d136f:phone:2,AN19-rec-b79917cd6937e69d136f,AN19.MIX.im5,Turkish,Turkic,was,w aa z,1,aa,1.2211433770674467e-05,22.94140207123529,6,6,0.007246376811594203
AN19-rec-b79eaf532f014db09231:phone:2,AN19-rec-b79eaf532f014db09231,AN19.KOR.kf3,Korean,Koreanic,ban,b ae n,1,ae,2.3111972778544615e-11,25.968736864285603,6,6,0.007246376811594203
AN19-rec-b79ee2a7935491579219:phone:3,AN19-rec-b79ee2a7935491579219,AN19.MIX.if1,Albanian,Albanian,peace,p iy s,2,s,4.263574079316071e-06,17.250703103516027,6,6,0.0070921985815602835
AN19-rec-b7ac54c99b4bf02ad575:phone:2,AN19-rec-b7ac54c99b4bf02ad575,AN19.SPA.sf4,Spanish,Romance,roof,r uw f,1,uw,0.0013610369041131623,21.636244852302998,6,6,0.0070921985815602835
AN19-rec-b7b5a665a261078ba9db:phone:2,AN19-rec-b7b5a665a261078ba9db,AN19.SPA.sm4,Spanish,Romance,chore,ch ao r,1,ao,2.940873181031729e-07,41.42432841777357,6,6,0.007194244604316547
AN19-rec-b806425c3c3577e05747:phone:2,AN19-rec-b806425c3c3577e05747,AN19.SPA.sm6,Spanish,Romance,wrong,r ao ng,1,ao,1.9068237742760255e-15,46.52760010936301,6,8,0.006756756756756757
AN19-rec-b80c05882f5bb1f60530:phone:3,AN19-rec-b80c05882f5bb1f60530,AN19.MIX.if3,French,Romance,beak,b iy k,2,k,1.3701692845182073e-06,26.034760052379905,6,6,0.006993006993006993
AN19-rec-b827cf369cb681f33709:phone:2,AN19-rec-b827cf369cb681f33709,AN19.SPA.sm2,Spanish,Romance,sill,s ih l,1,ih,1.0686407238963828e-06,22.868618435044485,6,6,0.007042253521126761
AN19-rec-b827fbffd974ff54c01e:phone:2,AN19-rec-b827fbffd974ff54c01e,AN19.SPA.sf6,Spanish,Romance,learn,l er n,1,er,6.857653288615661e-07,29.35726188095309,6,6,0.007042253521126761
AN19-rec-b83786bbf903aba16423:phone:2,AN19-rec-b83786bbf903aba16423,AN19.KOR.km6,Korean,Koreanic,thick,th ih k,1,ih,9.128285917290627e-16,62.94789104110638,6,6,0.007042253521126761
AN19-rec-b84dbf28304efa1c9de0:phone:1,AN19-rec-b84dbf28304efa1c9de0,AN19.MIX.if5,Japanese,Japonic,soak,s ow k,0,s,0.0008608662295648033,12.849351574133811,6,6,0.006711409395973154
AN19-rec-b84dbf28304efa1c9de0:phone:2,AN19-rec-b84dbf28304efa1c9de0,AN19.MIX.if5,Japanese,Japonic,soak,s ow k,1,ow,0.0006332987260778242,75.26818082726359,6,6,0.006711409395973154
AN19-rec-b8564cc2fc5d3c9d6b7a:phone:2,AN19-rec-b8564cc2fc5d3c9d6b7a,AN19.MIX.im2,Bengali,Indo-Aryan,rhyme,r ay m,1,ay,0.005509802992685384,29.93253042819265,6,6,0.007246376811594203
AN19-rec-b8607e6cde34e673a7f9:phone:2,AN19-rec-b8607e6cde34e673a7f9,AN19.MIX.im4,Mandarin,Sino-Tibetan,bun,b ah n,1,ah,2.161776835445548e-09,24.053855193372403,6,6,0.006993006993006993
AN19-rec-b8607fe26281cc2d8106:phone:2,AN19-rec-b8607fe26281cc2d8106,AN19.MIX.im5,Turkish,Turkic,noise,n oy z,1,oy,1.5981591280422364e-06,46.400570201242544,6,6,0.007246376811594203
AN19-rec-b86fcb8f4e80fcf3acde:phone:2,AN19-rec-b86fcb8f4e80fcf3acde,AN19.KOR.kf3,Korean,Koreanic,wed,w eh d,1,eh,1.7839464754603783e-08,32.740243185023864,6,6,0.007246376811594203
AN19-rec-b890c8c4888b5d3c721e:phone:1,AN19-rec-b890c8c4888b5d3c721e,AN19.SPA.sf2,Spanish,Romance,weed,w iy d,0,w,5.077085284051528e-10,62.02427604746802,6,6,0.007246376811594203
AN19-rec-b890c8c4888b5d3c721e:phone:2,AN19-rec-b890c8c4888b5d3c721e,AN19.SPA.sf2,Spanish,Romance,weed,w iy d,1,iy,3.6890797643458286e-06,42.26694327853739,6,6,0.007246376811594203
AN19-rec-b891317e2e9cd1fa1cfb:phone:1,AN19-rec-b891317e2e9cd1fa1cfb,AN19.KOR.km7,Korean,Koreanic,job,jh aa b,0,jh,2.2260131584444215e-08,47.55488986874227,6,6,0.006711409395973154
AN19-rec-b891317e2e9cd1fa1cfb:phone:3,AN19-rec-b891317e2e9cd1fa1cfb,AN19.KOR.km7,Korean,Koreanic,job,jh aa b,2,b,4.878946504461148e-08,29.410798004712944,6,6,0.006711409395973154
AN19-rec-b8982644a7a8a332027a:phone:2,AN19-rec-b8982644a7a8a332027a,AN19.KOR.kf6,Korean,Koreanic,neck,n eh k,1,eh,3.05599122678207e-06,65.368177129846,6,6,0.007042253521126761
AN19-rec-b8e90eae0a78b77c5fdd:phone:1,AN19-rec-b8e90eae0a78b77c5fdd,AN19.SPA.sm5,Spanish,Romance,hack,hh ae k,0,hh,3.1621092934484623e-16,47.80619382962123,6,6,0.006896551724137931
AN19-rec-b8e90eae0a78b77c5fdd:phone:3,AN19-rec-b8e90eae0a78b77c5fdd,AN19.SPA.sm5,Spanish,Romance,hack,hh ae k,2,k,1.5182552874152129e-27,86.70532684236758,6,6,0.006896551724137931
AN19-rec-b8f74282104f62ac3051:phone:1,AN19-rec-b8f74282104f62ac3051,AN19.KOR.kf2,Korean,Koreanic,page,p ey jh,0,p,0.029045795699712374,10.586654693809283,6,6,0.0072992700729927005
AN19-rec-b8f74282104f62ac3051:phone:3,AN19-rec-b8f74282104f62ac3051,AN19.KOR.kf2,Korean,Koreanic,page,p ey jh,2,jh,1.2450090231075853e-17,42.21724253838524,6,6,0.0072992700729927005
AN19-rec-b9002b9fef600b9c0050:phone:2,AN19-rec-b9002b9fef600b9c0050,AN19.KOR.km7,Korean,Koreanic,teeth,t iy th,1,iy,1.5570553456310728e-06,42.481051828409086,6,6,0.006711409395973154
AN19-rec-b908d020849f92e50575:phone:1,AN19-rec-b908d020849f92e50575,AN19.KOR.kf3,Korean,Koreanic,join,jh oy n,0,jh,6.612401363292714e-26,63.17782257072125,6,6,0.007246376811594203
AN19-rec-b908d020849f92e50575:phone:3,AN19-rec-b908d020849f92e50575,AN19.KOR.kf3,Korean,Koreanic,join,jh oy n,2,n,4.124471518515164e-17,54.13932738115719,6,6,0.007246376811594203
AN19-rec-b90b20219cfdf3af9aad:phone:1,AN19-rec-b90b20219cfdf3af9aad,AN19.KOR.kf5,Korean,Koreanic,wick,w ih k,0,w,1.438442484461857e-25,65.28612088618347,6,6,0.006993006993006993
AN19-rec-b91cccf7b52bd25dc236:phone:1,AN19-rec-b91cccf7b52bd25dc236,AN19.SPA.sm5,Spanish,Romance,goat,g ow t,0,g,0.0006297479065134904,36.69148589039302,6,6,0.006896551724137931
AN19-rec-b91cccf7b52bd25dc236:phone:3,AN19-rec-b91cccf7b52bd25dc236,AN19.SPA.sm5,Spanish,Romance,goat,g ow t,2,t,2.820152481626213e-25,66.64210637882876,6,6,0.006896551724137931
AN19-rec-b92ae692561f8ab83879:phone:2,AN19-rec-b92ae692561f8ab83879,AN19.SPA.sm6,Spanish,Romance,kin,k ih n,1,ih,1.2835315773275786e-15,41.31401509564108,6,6,0.006756756756756757
AN19-rec-b9364ba083ad2ff6d86c:phone:2,AN19-rec-b9364ba083ad2ff6d86c,AN19.MIX.im1,Romanian,Romance,long,l ao ng,1,ao,6.9682311461821876e-15,52.34019836640945,6,6,0.006802721088435374
AN19-rec-b9364ba083ad2ff6d86c:phone:3,AN19-rec-b9364ba083ad2ff6d86c,AN19.MIX.im1,Romanian,Romance,long,l ao ng,2,ng,3.219856336662673e-20,58.91662187518599,6,6,0.006802721088435374
AN19-rec-b94c856986e11913b805:phone:1,AN19-rec-b94c856986e11913b805,AN19.SPA.sm3,Spanish,Romance,join,jh oy n,0,jh,2.356012251962469e-15,45.65703624837236,6,6,0.0072992700729927005
AN19-rec-b9521d17fdb9af33f130:phone:1,AN19-rec-b9521d17fdb9af33f130,AN19.MIX.if1,Albanian,Albanian,food,f uw d,0,f,2.9842046512868336e-08,31.35901284989033,6,6,0.0070921985815602835
AN19-rec-b975194555a2be684117:phone:2,AN19-rec-b975194555a2be684117,AN19.SPA.sm7,Spanish,Romance,shop,sh aa p,1,aa,2.6819475898869037e-10,26.88591768106747,6,6,0.007352941176470588
AN19-rec-b975194555a2be684117:phone:3,AN19-rec-b975194555a2be684117,AN19.SPA.sm7,Spanish,Romance,shop,sh aa p,2,p,1.152878027138418e-09,36.26644033270117,6,6,0.007352941176470588
AN19-rec-b9d35cfd3a4eedbc4473:phone:3,AN19-rec-b9d35cfd3a4eedbc4473,AN19.SPA.sf6,Spanish,Romance,dog,d ao g,2,g,2.1851603161020943e-09,46.245524958338684,6,6,0.007042253521126761
AN19-rec-b9dd8e290010df1b6089:phone:2,AN19-rec-b9dd8e290010df1b6089,AN19.MIX.if6,Somali,Afro-Asiatic,wash,w aa sh,1,aa,0.0001747780136460549,23.42714061389384,6,6,0.007246376811594203
AN19-rec-b9e1d0dd578e81165b57:phone:2,AN19-rec-b9e1d0dd578e81165b57,AN19.MIX.im5,Turkish,Turkic,leg,l eh g,1,eh,0.002355300436450516,67.28652926048314,6,6,0.007246376811594203
AN19-rec-b9eb08ea66dcacbcdeac:phone:1,AN19-rec-b9eb08ea66dcacbcdeac,AN19.KOR.kf4,Korean,Koreanic,chief,ch iy f,0,ch,5.021979014891452e-16,51.13087163801282,6,6,0.0070921985815602835
AN19-rec-b9f09c62cc2196d09317:phone:1,AN19-rec-b9f09c62cc2196d09317,AN19.MIX.if3,French,Romance,bean,b iy n,0,b,4.8064795410447e-21,56.76330539142771,6,6,0.006993006993006993
AN19-rec-b9f09c62cc2196d09317:phone:2,AN19-rec-b9f09c62cc2196d09317,AN19.MIX.if3,French,Romance,bean,b iy n,1,iy,1.3496383150632378e-07,18.79819565234146,6,6,0.006993006993006993
AN19-rec-b9f46863c5e0509003e8:phone:1,AN19-rec-b9f46863c5e0509003e8,AN19.KOR.km3,Korean,Koreanic,move,m uw v,0,m,1.0281348386961204e-05,22.8867484967689,6,6,0.006666666666666667
AN19-rec-b9f46863c5e0509003e8:phone:3,AN19-rec-b9f46863c5e0509003e8,AN19.KOR.km3,Korean,Koreanic,move,m uw v,2,v,4.887534440663496e-09,21.04745110720992,6,6,0.006666666666666667
AN19-rec-b9f50ac93fb6962b40db:phone:1,AN19-rec-b9f50ac93fb6962b40db,AN19.KOR.km8,Korean,Koreanic,firm,f er m,0,f,3.265784324854245e-07,57.01188316279365,6,6,0.006896551724137931
AN19-rec-b9f64a342850b949bea8:phone:3,AN19-rec-b9f64a342850b949bea8,AN19.MIX.if4,German,Germanic,love,l ah v,2,v,1.1810191750235102e-10,32.11952519758356,6,6,0.0072992700729927005
AN19-rec-ba15bb1b5d8084f27bbd:phone:2,AN19-rec-ba15bb1b5d8084f27bbd,AN19.KOR.kf6,Korean,Koreanic,teat,t iy t,1,iy,0.000540236035416693,21.257450882324065,6,6,0.007042253521126761
AN19-rec-ba5cce6918ebb50a27b1:phone:1,AN19-rec-ba5cce6918ebb50a27b1,AN19.KOR.kf2,Korean,Koreanic,bug,b ah g,0,b,0.00034827634104433856,28.99337892246771,6,6,0.0072992700729927005
AN19-rec-ba658efa7b6306d93b13:phone:1,AN19-rec-ba658efa7b6306d93b13,AN19.MIX.if5,Japanese,Japonic,pool,p uw l,0,p,3.8913661201527983e-07,26.08823022923024,6,6,0.006711409395973154
AN19-rec-baad2a49062d10c1b3c3:phone:2,AN19-rec-baad2a49062d10c1b3c3,AN19.KOR.km1,Korean,Koreanic,rhyme,r ay m,1,ay,0.0011554136638450506,22.20673373084472,6,6,0.0072992700729927005
AN19-rec-baad2a49062d10c1b3c3:phone:3,AN19-rec-baad2a49062d10c1b3c3,AN19.KOR.km1,Korean,Koreanic,rhyme,r ay m,2,m,9.69948320811488e-08,27.873023236523967,6,6,0.0072992700729927005
AN19-rec-bad12701c26a809b82bb:phone:2,AN19-rec-bad12701c26a809b82bb,AN19.KOR.kf3,Korean,Koreanic,voice,v oy s,1,oy,1.3600549824342466e-05,37.99183285931724,6,6,0.007246376811594203
AN19-rec-bae4ad437162a4880286:phone:3,AN19-rec-bae4ad437162a4880286,AN19.KOR.kf4,Korean,Koreanic,whore,hh ao r,2,r,5.841130052252137e-10,31.64146206009907,6,6,0.0070921985815602835
AN19-rec-baf7528b50204f121e73:phone:1,AN19-rec-baf7528b50204f121e73,AN19.MIX.if1,Albanian,Albanian,path,p ae th,0,p,1.3742683181495756e-07,30.67614719935442,6,6,0.0070921985815602835
AN19-rec-baf7528b50204f121e73:phone:3,AN19-rec-baf7528b50204f121e73,AN19.MIX.if1,Albanian,Albanian,path,p ae th,2,th,4.189111143047271e-09,23.06560744387404,6,6,0.0070921985815602835
AN19-rec-bb1ad2252be28e025ebb:phone:3,AN19-rec-bb1ad2252be28e025ebb,AN19.KOR.km7,Korean,Koreanic,dog,d ao g,2,g,5.8701992766144534e-06,37.3729758926904,6,6,0.006711409395973154
AN19-rec-bb5c5addc649220aa2db:phone:2,AN19-rec-bb5c5addc649220aa2db,AN19.SPA.sf1,Spanish,Romance,lad,l ae d,1,ae,6.97580609238483e-15,44.69253712074596,6,6,0.006896551724137931
AN19-rec-bb72f535dca29f028738:phone:3,AN19-rec-bb72f535dca29f028738,AN19.SPA.sm5,Spanish,Romance,hash,hh ae sh,2,sh,3.108051724191002e-06,31.27504889486094,6,6,0.006896551724137931
AN19-rec-bb78e41241f73f4e3a2a:phone:2,AN19-rec-bb78e41241f73f4e3a2a,AN19.MIX.if5,Japanese,Japonic,lose,l uw z,1,uw,1.402001341921637e-05,14.897125606310992,6,6,0.006711409395973154
AN19-rec-bb7ba0725640805b137c:phone:2,AN19-rec-bb7ba0725640805b137c,AN19.SPA.sf6,Spanish,Romance,noise,n oy z,1,oy,4.488601893565811e-09,35.606712042962386,6,6,0.007042253521126761
AN19-rec-bb9b1d2e3bfa8a170a7a:phone:2,AN19-rec-bb9b1d2e3bfa8a170a7a,AN19.SPA.sm4,Spanish,Romance,live,l ay v,1,ay,5.769287038295533e-11,43.65710197530179,6,6,0.007194244604316547
AN19-rec-bbb2cadde30089a07193:phone:1,AN19-rec-bbb2cadde30089a07193,AN19.MIX.im3,Russian,Slavic,job,jh aa b,0,jh,1.0822792868252674e-15,53.82149104020621,6,6,0.006756756756756757
AN19-rec-bbb2cadde30089a07193:phone:3,AN19-rec-bbb2cadde30089a07193,AN19.MIX.im3,Russian,Slavic,job,jh aa b,2,b,1.3766945728551692e-07,46.0638374395933,6,6,0.006756756756756757
AN19-rec-bbbe27148f118a31d51c:phone:1,AN19-rec-bbbe27148f118a31d51c,AN19.KOR.km1,Korean,Koreanic,five,f ay v,0,f,4.102472189293216e-15,63.16876639831583,6,6,0.0072992700729927005
AN19-rec-bbc00decaab820a74f8e:phone:2,AN19-rec-bbc00decaab820a74f8e,AN19.SPA.sf1,Spanish,Romance,wrong,r ao ng,1,ao,1.2954594869286047e-08,33.692664966225166,6,8,0.006896551724137931
AN19-rec-bbeceaa7a83e2596ca12:phone:2,AN19-rec-bbeceaa7a83e2596ca12,AN19.MIX.im3,Russian,Slavic,leg,l eh g,1,eh,7.622509699240353e-08,45.20225176681347,6,6,0.006756756756756757
AN19-rec-bc1f0d1d6f874cb9316e:phone:2,AN19-rec-bc1f0d1d6f874cb9316e,AN19.SPA.sf4,Spanish,Romance,sill,s ih l,1,ih,5.619166514167651e-10,25.765063900120293,6,6,0.0070921985815602835
AN19-rec-bc248852e74507109220:phone:2,AN19-rec-bc248852e74507109220,AN19.SPA.sm3,Spanish,Romance,watch,w aa ch,1,aa,0.00024657732804028205,29.982731290128413,6,6,0.0072992700729927005
AN19-rec-bc28669876c2d97922dd:phone:3,AN19-rec-bc28669876c2d97922dd,AN19.SPA.sf6,Spanish,Romance,death,d eh th,2,th,8.767814369648067e-12,48.01790856499508,6,6,0.007042253521126761
AN19-rec-bc289064a3540e9249c3:phone:1,AN19-rec-bc289064a3540e9249c3,AN19.SPA.sm4,Spanish,Romance,weed,w iy d,0,w,7.960924228959128e-07,49.90615054043363,6,6,0.007194244604316547
AN19-rec-bc289064a3540e9249c3:phone:2,AN19-rec-bc289064a3540e9249c3,AN19.SPA.sm4,Spanish,Romance,weed,w iy d,1,iy,2.9994599727556612e-05,31.045535136988637,6,6,0.007194244604316547
AN19-rec-bc3e40baefa1c302da49:phone:2,AN19-rec-bc3e40baefa1c302da49,AN19.MIX.im2,Bengali,Indo-Aryan,noise,n oy z,1,oy,1.648403179078553e-06,63.23432985380634,6,6,0.007246376811594203
AN19-rec-bc59f64a23bb6b962d4e:phone:1,AN19-rec-bc59f64a23bb6b962d4e,AN19.KOR.kf2,Korean,Koreanic,shop,sh aa p,0,sh,0.0008192704447260112,13.548596657709766,6,6,0.0072992700729927005
AN19-rec-bc59f64a23bb6b962d4e:phone:2,AN19-rec-bc59f64a23bb6b962d4e,AN19.KOR.kf2,Korean,Koreanic,shop,sh aa p,1,aa,2.2643047313672853e-06,20.131799301378063,6,6,0.0072992700729927005
AN19-rec-bc59f64a23bb6b962d4e:phone:3,AN19-rec-bc59f64a23bb6b962d4e,AN19.KOR.kf2,Korean,Koreanic,shop,sh aa p,2,p,7.21709864277395e-14,46.10010391251236,6,6,0.0072992700729927005
AN19-rec-bc5c0d433ddd3ca08ebc:phone:3,AN19-rec-bc5c0d433ddd3ca08ebc,AN19.KOR.km6,Korean,Koreanic,rhyme,r ay m,2,m,7.982301418940496e-08,38.27823185980201,6,6,0.007042253521126761
AN19-rec-bc865d0f52da7b406bd4:phone:2,AN19-rec-bc865d0f52da7b406bd4,AN19.SPA.sf4,Spanish,Romance,wrong,r ao ng,1,ao,4.6169110961621255e-08,29.552331370579896,6,8,0.0070921985815602835
AN19-rec-bc8a022c2ac92b6ba2b8:phone:2,AN19-rec-bc8a022c2ac92b6ba2b8,AN19.KOR.kf3,Korean,Koreanic,lad,l ae d,1,ae,1.3413373284926216e-40,98.8835424239049,6,6,0.007246376811594203
AN19-rec-bca0b148d229a135c8ce:phone:2,AN19-rec-bca0b148d229a135c8ce,AN19.MIX.im5,Turkish,Turkic,suck,s ah k,1,ah,1.6329721697256578e-06,38.15414166718438,6,6,0.007246376811594203
AN19-rec-bca0b148d229a135c8ce:phone:3,AN19-rec-bca0b148d229a135c8ce,AN19.MIX.im5,Turkish,Turkic,suck,s ah k,2,k,2.4461042090932166e-13,44.34859391364674,6,6,0.007246376811594203
AN19-rec-bca965a13654e0f61763:phone:1,AN19-rec-bca965a13654e0f61763,AN19.MIX.im1,Romanian,Romance,girl,g er l,0,g,5.670282135963818e-07,25.34982770691,6,6,0.006802721088435374
AN19-rec-bcae4e9cf6465238b35a:phone:2,AN19-rec-bcae4e9cf6465238b35a,AN19.SPA.sf5,Spanish,Romance,mid,m ih d,1,ih,2.1416069609166015e-25,86.44151204959957,6,6,0.007194244604316547
AN19-rec-bcc232333e23dfddc155:phone:2,AN19-rec-bcc232333e23dfddc155,AN19.KOR.km7,Korean,Koreanic,leg,l eh g,1,eh,1.1062867015466151e-05,41.03408618034192,6,6,0.006711409395973154
AN19-rec-bcd1078c71a3ab3a2898:phone:2,AN19-rec-bcd1078c71a3ab3a2898,AN19.SPA.sf6,Spanish,Romance,deep,d iy p,1,iy,0.004399565866756136,7.131051927372689,6,6,0.007042253521126761
AN19-rec-bcd1078c71a3ab3a2898:phone:3,AN19-rec-bcd1078c71a3ab3a2898,AN19.SPA.sf6,Spanish,Romance,deep,d iy p,2,p,2.750691037340192e-07,23.5668661388967,6,6,0.007042253521126761
AN19-rec-bcd6eaf81bd2cb949261:phone:2,AN19-rec-bcd6eaf81bd2cb949261,AN19.MIX.im1,Romanian,Romance,wash,w aa sh,1,aa,0.000914269076621703,41.27589973540268,6,6,0.006802721088435374
AN19-rec-bcdf613b6cea41c55f9d:phone:1,AN19-rec-bcdf613b6cea41c55f9d,AN19.SPA.sf6,Spanish,Romance,both,b ow th,0,b,3.7194717214198943e-13,35.95533779685249,6,6,0.007042253521126761
AN19-rec-bcdf613b6cea41c55f9d:phone:3,AN19-rec-bcdf613b6cea41c55f9d,AN19.SPA.sf6,Spanish,Romance,both,b ow th,2,th,6.54603048752806e-17,51.78503317529817,6,6,0.007042253521126761
AN19-rec-bd223d0b8d2e1282ab8c:phone:3,AN19-rec-bd223d0b8d2e1282ab8c,AN19.KOR.km2,Korean,Koreanic,mouth,m aw th,2,th,4.8613433744194004e-08,38.282430528969634,6,6,0.006756756756756757
AN19-rec-bd2c2954f69d4c429ebd:phone:1,AN19-rec-bd2c2954f69d4c429ebd,AN19.MIX.im4,Mandarin,Sino-Tibetan,goat,g ow t,0,g,3.971458877063624e-11,56.965120788800085,6,6,0.006993006993006993
AN19-rec-bd2c2954f69d4c429ebd:phone:3,AN19-rec-bd2c2954f69d4c429ebd,AN19.MIX.im4,Mandarin,Sino-Tibetan,goat,g ow t,2,t,1.4151834588228682e-07,29.92510988772146,6,6,0.006993006993006993
AN19-rec-bd5f65894b198d358dad:phone:1,AN19-rec-bd5f65894b198d358dad,AN19.MIX.if2,Dutch,Germanic,den,d eh n,0,d,0.08100043963149693,66.80218101025214,6,6,0.006944444444444444
AN19-rec-bd5f65894b198d358dad:phone:2,AN19-rec-bd5f65894b198d358dad,AN19.MIX.if2,Dutch,Germanic,den,d eh n,1,eh,0.0014860711022153447,18.57134252030601,6,6,0.006944444444444444
AN19-rec-bd74202c24b13eecdf82:phone:3,AN19-rec-bd74202c24b13eecdf82,AN19.KOR.kf1,Korean,Koreanic,fin,f ih n,2,n,7.04715387698822e-07,29.682619894908843,6,6,0.0072992700729927005
AN19-rec-bd7a8f98e197d70bf993:phone:2,AN19-rec-bd7a8f98e197d70bf993,AN19.MIX.im1,Romanian,Romance,noise,n oy z,1,oy,4.908979641650831e-08,47.1495724824359,6,6,0.006802721088435374
AN19-rec-bd82ef88b6f15a79a2bd:phone:1,AN19-rec-bd82ef88b6f15a79a2bd,AN19.MIX.if3,French,Romance,job,jh aa b,0,jh,6.177203044000251e-07,77.07779744309504,6,6,0.006993006993006993
AN19-rec-bd82ef88b6f15a79a2bd:phone:3,AN19-rec-bd82ef88b6f15a79a2bd,AN19.MIX.if3,French,Romance,job,jh aa b,2,b,6.445936902377053e-08,35.57426308534868,6,6,0.006993006993006993
AN19-rec-bd852d4d071a9e511aa2:phone:1,AN19-rec-bd852d4d071a9e511aa2,AN19.MIX.if5,Japanese,Japonic,path,p ae th,0,p,4.997851616717194e-12,49.36543416391542,6,6,0.006711409395973154
AN19-rec-bd852d4d071a9e511aa2:phone:3,AN19-rec-bd852d4d071a9e511aa2,AN19.MIX.if5,Japanese,Japonic,path,p ae th,2,th,2.0168438653300546e-11,28.43752494959081,6,6,0.006711409395973154
AN19-rec-bd86267dd3a1daf1a659:phone:1,AN19-rec-bd86267dd3a1daf1a659,AN19.SPA.sm6,Spanish,Romance,goat,g ow t,0,g,5.101344970774971e-10,40.103515464697125,6,6,0.006756756756756757
AN19-rec-bd86267dd3a1daf1a659:phone:3,AN19-rec-bd86267dd3a1daf1a659,AN19.SPA.sm6,Spanish,Romance,goat,g ow t,2,t,1.795612614248917e-05,28.366241338733563,6,6,0.006756756756756757
AN19-rec-bd95fdec80fbb80515e2:phone:1,AN19-rec-bd95fdec80fbb80515e2,AN19.KOR.km2,Korean,Koreanic,mote,m ow t,0,m,4.678333296277999e-10,51.13164295749115,6,6,0.006756756756756757
AN19-rec-bd95fdec80fbb80515e2:phone:2,AN19-rec-bd95fdec80fbb80515e2,AN19.KOR.km2,Korean,Koreanic,mote,m ow t,1,ow,8.742337202383382e-09,37.32931000186215,6,6,0.006756756756756757
AN19-rec-bdbbbd5357d27c6fa348:phone:2,AN19-rec-bdbbbd5357d27c6fa348,AN19.KOR.kf3,Korean,Koreanic,con,k aa n,1,aa,2.431042653551725e-12,35.23909175228205,6,6,0.007246376811594203
AN19-rec-bdc2e4d75e0be901cf75:phone:1,AN19-rec-bdc2e4d75e0be901cf75,AN19.MIX.if3,French,Romance,god,g aa d,0,g,0.0022424812639725137,39.33568568847182,6,6,0.006993006993006993
AN19-rec-bdec42430f05e1859644:phone:3,AN19-rec-bdec42430f05e1859644,AN19.KOR.km6,Korean,Koreanic,pad,p ae d,2,d,8.179115469122988e-08,28.5248604820978,6,6,0.007042253521126761
AN19-rec-bdf3105ac0f7bc465a59:phone:2,AN19-rec-bdf3105ac0f7bc465a59,AN19.MIX.if2,Dutch,Germanic,neck,n eh k,1,eh,1.169780978817303e-12,58.62318363358537,6,6,0.006944444444444444
AN19-rec-be2af87da6e93ade62fa:phone:1,AN19-rec-be2af87da6e93ade62fa,AN19.SPA.sf6,Spanish,Romance,shall,sh ae l,0,sh,0.017669173232202778,11.402382121850971,6,6,0.007042253521126761
AN19-rec-be2af87da6e93ade62fa:phone:2,AN19-rec-be2af87da6e93ade62fa,AN19.SPA.sf6,Spanish,Romance,shall,sh ae l,1,ae,2.8367806052522965e-08,21.953969832384484,6,6,0.007042253521126761
AN19-rec-be357c0215e43ce03593:phone:3,AN19-rec-be357c0215e43ce03593,AN19.KOR.km2,Korean,Koreanic,hag,hh ae g,2,g,1.61997523906421e-07,51.20796584196436,6,6,0.006756756756756757
AN19-rec-be3e0a137eddfe133dd3:phone:1,AN19-rec-be3e0a137eddfe133dd3,AN19.MIX.im2,Bengali,Indo-Aryan,sane,s ey n,0,s,9.692788368089123e-06,17.049328207646685,6,6,0.007246376811594203
AN19-rec-be3e0a137eddfe133dd3:phone:2,AN19-rec-be3e0a137eddfe133dd3,AN19.MIX.im2,Bengali,Indo-Aryan,sane,s ey n,1,ey,0.000611073000487332,21.536300972516717,6,6,0.007246376811594203
AN19-rec-be427d431d55aad97a22:phone:1,AN19-rec-be427d431d55aad97a22,AN19.KOR.kf2,Korean,Koreanic,mote,m ow t,0,m,5.274404959840852e-05,45.86366655826472,6,6,0.0072992700729927005
AN19-rec-be427d431d55aad97a22:phone:2,AN19-rec-be427d431d55aad97a22,AN19.KOR.kf2,Korean,Koreanic,mote,m ow t,1,ow,3.881927981776021e-09,36.20028327540067,6,6,0.0072992700729927005
AN19-rec-be43ab51862ecd1fd497:phone:2,AN19-rec-be43ab51862ecd1fd497,AN19.MIX.im6,Hindi,Indo-Aryan,size,s ay z,1,ay,0.00013231160555295926,23.183942180123854,6,6,0.006711409395973154
AN19-rec-be4b5c55f2a925fdbda3:phone:2,AN19-rec-be4b5c55f2a925fdbda3,AN19.SPA.sf6,Spanish,Romance,leg,l eh g,1,eh,7.294980925090648e-07,64.83820797177457,6,6,0.007042253521126761
AN19-rec-be6276afbfb77e054b75:phone:2,AN19-rec-be6276afbfb77e054b75,AN19.KOR.km7,Korean,Koreanic,teat,t iy t,1,iy,8.366634528219437e-20,65.06413302027491,6,6,0.006711409395973154
AN19-rec-be7bd9abf8de4cd0d0ab:phone:3,AN19-rec-be7bd9abf8de4cd0d0ab,AN19.MIX.if6,Somali,Afro-Asiatic,fin,f ih n,2,n,2.4010493804114995e-05,28.16361810330154,6,6,0.007246376811594203
AN19-rec-be82cc555e23fdcd51f9:phone:3,AN19-rec-be82cc555e23fdcd51f9,AN19.KOR.kf2,Korean,Koreanic,gas,g ae s,2,s,8.072315091932292e-30,83.91766691661108,6,6,0.0072992700729927005
AN19-rec-be947bcd09adade7bf7b:phone:1,AN19-rec-be947bcd09adade7bf7b,AN19.KOR.km8,Korean,Koreanic,wick,w ih k,0,w,0.00489177530759018,31.866097676103426,6,6,0.006896551724137931
AN19-rec-be9af4b0ebaf1f751053:phone:1,AN19-rec-be9af4b0ebaf1f751053,AN19.MIX.if4,German,Germanic,page,p ey jh,0,p,0.031339681636864535,10.822521912317816,6,6,0.0072992700729927005
AN19-rec-be9af4b0ebaf1f751053:phone:3,AN19-rec-be9af4b0ebaf1f751053,AN19.MIX.if4,German,Germanic,page,p ey jh,2,jh,2.0184220615897473e-08,38.87540612447008,6,6,0.0072992700729927005
AN19-rec-bedf43e54ddc8e0390a3:phone:3,AN19-rec-bedf43e54ddc8e0390a3,AN19.KOR.km7,Korean,Koreanic,mouth,m aw th,2,th,5.878955204034731e-10,46.063113867333705,6,6,0.006711409395973154
AN19-rec-bee021036ad6a9a95141:phone:2,AN19-rec-bee021036ad6a9a95141,AN19.MIX.if6,Somali,Afro-Asiatic,lose,l uw z,1,uw,0.00010926069541325906,12.013377238959286,6,6,0.007246376811594203
AN19-rec-beeca478ef37a315ddf8:phone:3,AN19-rec-beeca478ef37a315ddf8,AN19.KOR.km8,Korean,Koreanic,mum,m ah m,2,m,6.640558418666866e-09,42.6017914462619,6,6,0.006896551724137931
AN19-rec-beeefbfefb1bed88da4b:phone:1,AN19-rec-beeefbfefb1bed88da4b,AN19.KOR.km2,Korean,Koreanic,hack,hh ae k,0,hh,0.001713484418259851,11.084769152395202,6,6,0.006756756756756757
AN19-rec-beeefbfefb1bed88da4b:phone:3,AN19-rec-beeefbfefb1bed88da4b,AN19.KOR.km2,Korean,Koreanic,hack,hh ae k,2,k,5.7392052903859755e-05,18.60196711798548,6,6,0.006756756756756757
AN19-rec-bf057621a62a4ad129bc:phone:2,AN19-rec-bf057621a62a4ad129bc,AN19.SPA.sm7,Spanish,Romance,neck,n eh k,1,eh,1.3963499468737454e-11,54.53184225515,6,6,0.007352941176470588
AN19-rec-bf15222cfea88463587a:phone:1,AN19-rec-bf15222cfea88463587a,AN19.MIX.im6,Hindi,Indo-Aryan,pawn,p ao n,0,p,1.2345074093240707e-06,23.6594888918372,6,6,0.006711409395973154
AN19-rec-bf38ef04b405d5b9510e:phone:1,AN19-rec-bf38ef04b405d5b9510e,AN19.SPA.sf4,Spanish,Romance,league,l iy g,0,l,0.0011120185627983676,26.945606830218864,6,6,0.0070921985815602835
AN19-rec-bf38ef04b405d5b9510e:phone:2,AN19-rec-bf38ef04b405d5b9510e,AN19.SPA.sf4,Spanish,Romance,league,l iy g,1,iy,1.826079885277373e-05,18.689707533686345,6,6,0.0070921985815602835
AN19-rec-bf38ef04b405d5b9510e:phone:3,AN19-rec-bf38ef04b405d5b9510e,AN19.SPA.sf4,Spanish,Romance,league,l iy g,2,g,4.839936488581017e-05,18.07474679213565,6,6,0.0070921985815602835
AN19-rec-bf3eab3460151137fffe:phone:1,AN19-rec-bf3eab3460151137fffe,AN19.SPA.sm5,Spanish,Romance,food,f uw d,0,f,5.101310942618109e-05,28.56365283333965,6,6,0.006896551724137931
AN19-rec-bf4ef88ae324319530ac:phone:3,AN19-rec-bf4ef88ae324319530ac,AN19.SPA.sf2,Spanish,Romance,serve,s er v,2,v,7.046009858447004e-16,62.85677264382767,6,6,0.007246376811594203
AN19-rec-bf87a2c47d7b662354bc:phone:3,AN19-rec-bf87a2c47d7b662354bc,AN19.MIX.im1,Romanian,Romance,bum,b ah m,2,m,7.618030709922607e-19,69.61874109515992,6,6,0.006802721088435374
AN19-rec-bf8bc732fc998514b985:phone:1,AN19-rec-bf8bc732fc998514b985,AN19.MIX.im1,Romanian,Romance,con,k aa n,0,k,3.620252817695184e-05,18.635000550499253,6,6,0.006802721088435374
AN19-rec-bfcf3659f8528419aecf:phone:2,AN19-rec-bfcf3659f8528419aecf,AN19.KOR.kf2,Korean,Koreanic,live,l ay v,1,ay,6.159760732724087e-13,47.00222515186217,6,6,0.0072992700729927005
AN19-rec-bfdc0184f5d77b350b53:phone:3,AN19-rec-bfdc0184f5d77b350b53,AN19.MIX.if3,French,Romance,serve,s er v,2,v,2.7672635379944184e-07,30.154962793282653,6,6,0.006993006993006993
AN19-rec-bfe4b4160ae1178163aa:phone:2,AN19-rec-bfe4b4160ae1178163aa,AN19.KOR.km8,Korean,Koreanic,bead,b iy d,1,iy,4.255561949807346e-09,27.85924414426022,6,6,0.006896551724137931
AN19-rec-bfe4b4160ae1178163aa:phone:3,AN19-rec-bfe4b4160ae1178163aa,AN19.KOR.km8,Korean,Koreanic,bead,b iy d,2,d,1.5179882363025733e-07,24.2573083967986,6,6,0.006896551724137931
AN19-rec-bfe8837921fb4d70234e:phone:2,AN19-rec-bfe8837921fb4d70234e,AN19.KOR.km1,Korean,Koreanic,ban,b ae n,1,ae,2.167691293245122e-07,19.291577779241152,6,6,0.0072992700729927005
AN19-rec-bffb13d9465e51cc6d86:phone:3,AN19-rec-bffb13d9465e51cc6d86,AN19.MIX.im4,Mandarin,Sino-Tibetan,bead,b iy d,2,d,2.087616197828232e-10,28.001466769369816,6,6,0.006993006993006993
AN19-rec-c02d34b0c2a3a5dddc53:phone:1,AN19-rec-c02d34b0c2a3a5dddc53,AN19.KOR.km3,Korean,Koreanic,food,f uw d,0,f,1.5216632216215548e-09,34.94779809472754,6,6,0.006666666666666667
AN19-rec-c052c8f9976edd5a44ae:phone:2,AN19-rec-c052c8f9976edd5a44ae,AN19.SPA.sf5,Spanish,Romance,long,l ao ng,1,ao,1.5985372948030617e-10,44.68858459827143,6,6,0.007194244604316547
AN19-rec-c052c8f9976edd5a44ae:phone:3,AN19-rec-c052c8f9976edd5a44ae,AN19.SPA.sf5,Spanish,Romance,long,l ao ng,2,ng,3.7006429020264746e-07,19.207631665622543,6,6,0.007194244604316547
AN19-rec-c055e24f14708bade691:phone:3,AN19-rec-c055e24f14708bade691,AN19.MIX.im3,Russian,Slavic,serve,s er v,2,v,0.006185457813797,13.05453537197171,6,6,0.006756756756756757
AN19-rec-c0d33b2f42fa0188f8a1:phone:3,AN19-rec-c0d33b2f42fa0188f8a1,AN19.KOR.kf6,Korean,Koreanic,faith,f ey th,2,th,1.5433807329320658e-09,34.36368870270689,6,6,0.007042253521126761
AN19-rec-c0d4e6ab71f4900360cf:phone:2,AN19-rec-c0d4e6ab71f4900360cf,AN19.SPA.sf3,Spanish,Romance,size,s ay z,1,ay,0.00016287432940893546,20.25859278329661,6,6,0.007246376811594203
AN19-rec-c0dfca04b4a3dec2fe96:phone:2,AN19-rec-c0dfca04b4a3dec2fe96,AN19.MIX.im1,Romanian,Romance,teat,t iy t,1,iy,5.684567084743567e-25,68.01540655660034,6,6,0.006802721088435374
AN19-rec-c0e75349bd72d864d13e:phone:3,AN19-rec-c0e75349bd72d864d13e,AN19.MIX.if4,German,Germanic,pup,p ah p,2,p,1.404830353593439e-11,45.81492294726822,6,6,0.0072992700729927005
AN19-rec-c0ed7f6ce8890862f308:phone:2,AN19-rec-c0ed7f6ce8890862f308,AN19.MIX.if2,Dutch,Germanic,wife,w ay f,1,ay,0.03807082312289709,55.471959495557314,6,6,0.006944444444444444
AN19-rec-c10ee242e957fce65158:phone:3,AN19-rec-c10ee242e957fce65158,AN19.KOR.kf3,Korean,Koreanic,love,l ah v,2,v,6.554309702878457e-10,43.23965363288,6,6,0.007246376811594203
AN19-rec-c11735cce5f5361c35c7:phone:2,AN19-rec-c11735cce5f5361c35c7,AN19.MIX.im2,Bengali,Indo-Aryan,kit,k ih t,1,ih,5.02910193910638e-08,31.9672718949528,6,6,0.007246376811594203
AN19-rec-c12166606d838988d3d2:phone:1,AN19-rec-c12166606d838988d3d2,AN19.MIX.im6,Hindi,Indo-Aryan,jack,jh ae k,0,jh,6.894199741791417e-18,54.97611680979016,6,6,0.006711409395973154
AN19-rec-c12166606d838988d3d2:phone:3,AN19-rec-c12166606d838988d3d2,AN19.MIX.im6,Hindi,Indo-Aryan,jack,jh ae k,2,k,1.4006963594239737e-52,132.3606791097947,6,6,0.006711409395973154
AN19-rec-c12eba56bdb5d40deaff:phone:1,AN19-rec-c12eba56bdb5d40deaff,AN19.SPA.sm3,Spanish,Romance,give,g ih v,0,g,4.166220140592018e-14,52.43015115214904,6,6,0.0072992700729927005
AN19-rec-c130cc64e0b79f321e13:phone:3,AN19-rec-c130cc64e0b79f321e13,AN19.KOR.km7,Korean,Koreanic,doom,d uw m,2,m,1.1127871954411822e-06,25.028317130387748,6,6,0.006711409395973154
AN19-rec-c16637862352255fedfb:phone:2,AN19-rec-c16637862352255fedfb,AN19.SPA.sm3,Spanish,Romance,kit,k ih t,1,ih,1.4694887138000972e-14,40.71221047758653,6,6,0.0072992700729927005
AN19-rec-c16c5cb458821d8162fd:phone:1,AN19-rec-c16c5cb458821d8162fd,AN19.SPA.sf3,Spanish,Romance,doom,d uw m,0,d,0.0004197280150747297,57.50374062025011,6,6,0.007246376811594203
AN19-rec-c16c5cb458821d8162fd:phone:3,AN19-rec-c16c5cb458821d8162fd,AN19.SPA.sf3,Spanish,Romance,doom,d uw m,2,m,1.0086991080143354e-07,18.22016130201289,6,6,0.007246376811594203
AN19-rec-c176619f44ab557a208d:phone:1,AN19-rec-c176619f44ab557a208d,AN19.MIX.if2,Dutch,Germanic,mote,m ow t,0,m,1.933227219555343e-07,46.71484306866139,6,6,0.006944444444444444
AN19-rec-c176619f44ab557a208d:phone:2,AN19-rec-c176619f44ab557a208d,AN19.MIX.if2,Dutch,Germanic,mote,m ow t,1,ow,2.0819551073212356e-09,31.48539977127569,6,6,0.006944444444444444
AN19-rec-c17d4e1a9087a1934f59:phone:2,AN19-rec-c17d4e1a9087a1934f59,AN19.SPA.sf1,Spanish,Romance,thing,th ih ng,1,ih,4.1662028730683416e-15,54.80017648963415,6,6,0.006896551724137931
AN19-rec-c1959649c22cfcc76aab:phone:1,AN19-rec-c1959649c22cfcc76aab,AN19.SPA.sm7,Spanish,Romance,rough,r ah f,0,r,8.521090799167186e-14,44.39338108428262,6,6,0.007352941176470588
AN19-rec-c1a76178eaca78513e24:phone:2,AN19-rec-c1a76178eaca78513e24,AN19.SPA.sm7,Spanish,Romance,watch,w aa ch,1,aa,8.771197138238005e-06,46.20531796051201,6,6,0.007352941176470588
AN19-rec-c1aba438bdbcb924be3e:phone:1,AN19-rec-c1aba438bdbcb924be3e,AN19.MIX.if3,French,Romance,join,jh oy n,0,jh,0.00032604604989296576,37.14462341905071,6,6,0.006993006993006993
AN19-rec-c1aba438bdbcb924be3e:phone:3,AN19-rec-c1aba438bdbcb924be3e,AN19.MIX.if3,French,Romance,join,jh oy n,2,n,3.382439330197172e-07,29.104201395189133,6,6,0.006993006993006993
AN19-rec-c1ac53a1a372aecbec34:phone:2,AN19-rec-c1ac53a1a372aecbec34,AN19.MIX.im3,Russian,Slavic,chore,ch ao r,1,ao,1.1434227011249171e-07,65.40134184459966,6,6,0.006756756756756757
AN19-rec-c1c20834f122d9b6cb96:phone:2,AN19-rec-c1c20834f122d9b6cb96,AN19.KOR.km6,Korean,Koreanic,teeth,t iy th,1,iy,9.746146287008806e-13,35.60632453582452,6,6,0.007042253521126761
AN19-rec-c1c71c45d65b9dfb23cb:phone:1,AN19-rec-c1c71c45d65b9dfb23cb,AN19.SPA.sm2,Spanish,Romance,jack,jh ae k,0,jh,0.0034802788180190087,14.678672941705065,6,6,0.007042253521126761
AN19-rec-c1f7e5bb8ee12d7d96a1:phone:3,AN19-rec-c1f7e5bb8ee12d7d96a1,AN19.SPA.sm7,Spanish,Romance,faith,f ey th,2,th,2.1950944228590595e-05,45.29943040754373,6,6,0.007352941176470588
AN19-rec-c201881388e9ae822c87:phone:2,AN19-rec-c201881388e9ae822c87,AN19.SPA.sm4,Spanish,Romance,thick,th ih k,1,ih,1.9355264003693403e-17,62.93900461296236,6,6,0.007194244604316547
AN19-rec-c2223c0cc819196c8b38:phone:3,AN19-rec-c2223c0cc819196c8b38,AN19.SPA.sm6,Spanish,Romance,bum,b ah m,2,m,3.853827478078247e-18,67.0987967131042,6,6,0.006756756756756757
AN19-rec-c238b0545e97426a6e33:phone:3,AN19-rec-c238b0545e97426a6e33,AN19.SPA.sf6,Spanish,Romance,whore,hh ao r,2,r,0.0004567524546823353,30.614162173540404,6,6,0.007042253521126761
AN19-rec-c2715f98ffb14120ec83:phone:2,AN19-rec-c2715f98ffb14120ec83,AN19.MIX.if1,Albanian,Albanian,full,f uh l,1,uh,1.3844332678492644e-06,24.668532178575017,6,6,0.0070921985815602835
AN19-rec-c27980a8af8f2f97942d:phone:1,AN19-rec-c27980a8af8f2f97942d,AN19.SPA.sf3,Spanish,Romance,soak,s ow k,0,s,0.00017693502901042769,13.918921940131966,6,6,0.007246376811594203
AN19-rec-c27980a8af8f2f97942d:phone:2,AN19-rec-c27980a8af8f2f97942d,AN19.SPA.sf3,Spanish,Romance,soak,s ow k,1,ow,6.186660443658856e-09,36.14026023850565,6,6,0.007246376811594203
AN19-rec-c28572fd84a97577fef7:phone:1,AN19-rec-c28572fd84a97577fef7,AN19.SPA.sf1,Spanish,Romance,gave,g ey v,0,g,1.2630706687531737e-09,26.957748089151497,6,6,0.006896551724137931
AN19-rec-c2881f5e01a455fe0172:phone:2,AN19-rec-c2881f5e01a455fe0172,AN19.SPA.sm5,Spanish,Romance,size,s ay z,1,ay,0.0003096227392299434,19.84036794313385,6,6,0.006896551724137931
AN19-rec-c290263d79b4ff5cf52c:phone:2,AN19-rec-c290263d79b4ff5cf52c,AN19.KOR.km8,Korean,Koreanic,wash,w aa sh,1,aa,0.0015331326753763913,21.14286292351889,6,6,0.006896551724137931
AN19-rec-c2907f1005534bc3e482:phone:2,AN19-rec-c2907f1005534bc3e482,AN19.SPA.sf1,Spanish,Romance,bead,b iy d,1,iy,9.62142863194889e-06,24.864135357011826,6,6,0.006896551724137931
AN19-rec-c2907f1005534bc3e482:phone:3,AN19-rec-c2907f1005534bc3e482,AN19.SPA.sf1,Spanish,Romance,bead,b iy d,2,d,2.452281228956771e-07,25.72561207006507,6,6,0.006896551724137931
AN19-rec-c2b2c84961e146afa1bf:phone:1,AN19-rec-c2b2c84961e146afa1bf,AN19.KOR.kf1,Korean,Koreanic,check,ch eh k,0,ch,0.06755488190121955,20.226016584755765,6,6,0.0072992700729927005
AN19-rec-c2c310f725b2791c1004:phone:1,AN19-rec-c2c310f725b2791c1004,AN19.MIX.im4,Mandarin,Sino-Tibetan,soil,s oy l,0,s,3.6931211939174624e-06,20.78120260584972,6,6,0.006993006993006993
AN19-rec-c2c310f725b2791c1004:phone:2,AN19-rec-c2c310f725b2791c1004,AN19.MIX.im4,Mandarin,Sino-Tibetan,soil,s oy l,1,oy,8.104291535067708e-11,35.6904569421037,6,6,0.006993006993006993
AN19-rec-c2c39a0d4598d820040b:phone:2,AN19-rec-c2c39a0d4598d820040b,AN19.SPA.sf5,Spanish,Romance,ban,b ae n,1,ae,4.641963175013892e-22,50.916445316123,6,6,0.007194244604316547
AN19-rec-c2c5d0d2ddd7608aaa16:phone:2,AN19-rec-c2c5d0d2ddd7608aaa16,AN19.SPA.sf1,Spanish,Romance,vice,v ay s,1,ay,3.350006148695672e-06,25.29149464651293,6,6,0.006896551724137931
AN19-rec-c2ea4595340dbd9b698c:phone:1,AN19-rec-c2ea4595340dbd9b698c,AN19.MIX.im6,Hindi,Indo-Aryan,weed,w iy d,0,w,1.398256224581787e-18,59.08463776715704,6,6,0.006711409395973154
AN19-rec-c2ea4595340dbd9b698c:phone:2,AN19-rec-c2ea4595340dbd9b698c,AN19.MIX.im6,Hindi,Indo-Aryan,weed,w iy d,1,iy,0.00017694388413456357,27.808700583784887,6,6,0.006711409395973154
AN19-rec-c2f4285e89dfb122639c:phone:2,AN19-rec-c2f4285e89dfb122639c,AN19.MIX.if1,Albanian,Albanian,roof,r uw f,1,uw,0.00021164057898394672,28.69105357948536,6,6,0.0070921985815602835
AN19-rec-c3065e4b0c61faeb3ca3:phone:3,AN19-rec-c3065e4b0c61faeb3ca3,AN19.MIX.im1,Romanian,Romance,hid,hh ih d,2,d,0.022711822810061677,32.89296251887479,6,6,0.006802721088435374
AN19-rec-c334e477d0d147e02a73:phone:1,AN19-rec-c334e477d0d147e02a73,AN19.MIX.if1,Albanian,Albanian,mote,m ow t,0,m,2.192250903371949e-07,65.73670948406954,6,6,0.0070921985815602835
AN19-rec-c334e477d0d147e02a73:phone:2,AN19-rec-c334e477d0d147e02a73,AN19.MIX.if1,Albanian,Albanian,mote,m ow t,1,ow,5.4707632287151584e-14,45.46359767118421,6,6,0.0070921985815602835
AN19-rec-c33ed6bd5df2c3a56bfd:phone:1,AN19-rec-c33ed6bd5df2c3a56bfd,AN19.MIX.if2,Dutch,Germanic,five,f ay v,0,f,9.699770088204758e-12,59.12241126484563,6,6,0.006944444444444444
AN19-rec-c3724040069cf1e06ec1:phone:3,AN19-rec-c3724040069cf1e06ec1,AN19.SPA.sm7,Spanish,Romance,whore,hh ao r,2,r,2.7236100054786e-13,39.78331818269197,6,6,0.007352941176470588
AN19-rec-c3785b244572097a3fc6:phone:3,AN19-rec-c3785b244572097a3fc6,AN19.MIX.im1,Romanian,Romance,gas,g ae s,2,s,2.2893671702049247e-10,30.946512126391067,6,6,0.006802721088435374
AN19-rec-c3a46e4cd62a5c0d7bd3:phone:2,AN19-rec-c3a46e4cd62a5c0d7bd3,AN19.MIX.im6,Hindi,Indo-Aryan,live,l ay v,1,ay,9.193709447260297e-11,44.460622370837285,6,6,0.006711409395973154
AN19-rec-c3ae144c91e1c4655003:phone:2,AN19-rec-c3ae144c91e1c4655003,AN19.SPA.sf6,Spanish,Romance,wash,w aa sh,1,aa,2.381373771192965e-05,30.900950664891653,6,6,0.007042253521126761
AN19-rec-c3b0a2fcf80d814ce918:phone:1,AN19-rec-c3b0a2fcf80d814ce918,AN19.KOR.km1,Korean,Koreanic,league,l iy g,0,l,1.0449989493141931e-09,35.48710307934913,6,6,0.0072992700729927005
AN19-rec-c3b0a2fcf80d814ce918:phone:2,AN19-rec-c3b0a2fcf80d814ce918,AN19.KOR.km1,Korean,Koreanic,league,l iy g,1,iy,1.4431461364820774e-07,22.84740711137577,6,6,0.0072992700729927005
AN19-rec-c3b0a2fcf80d814ce918:phone:3,AN19-rec-c3b0a2fcf80d814ce918,AN19.KOR.km1,Korean,Koreanic,league,l iy g,2,g,1.6193965972933471e-07,20.44837752264838,6,6,0.0072992700729927005
AN19-rec-c3c4ad51ef8bac6a82a9:phone:2,AN19-rec-c3c4ad51ef8bac6a82a9,AN19.KOR.km2,Korean,Koreanic,chore,ch ao r,1,ao,2.179989509478167e-19,59.88151557716975,6,6,0.006756756756756757
AN19-rec-c3c8f8b3b3b963e2ed88:phone:2,AN19-rec-c3c8f8b3b3b963e2ed88,AN19.MIX.im5,Turkish,Turkic,bun,b ah n,1,ah,4.892516202600319e-13,34.425684743503524,6,6,0.007246376811594203
AN19-rec-c3d8778150137c0a0cb4:phone:1,AN19-rec-c3d8778150137c0a0cb4,AN19.MIX.if2,Dutch,Germanic,gut,g ah t,0,g,6.284908561598818e-11,57.20452528144319,6,6,0.006944444444444444
AN19-rec-c3d8778150137c0a0cb4:phone:3,AN19-rec-c3d8778150137c0a0cb4,AN19.MIX.if2,Dutch,Germanic,gut,g ah t,2,t,0.0006899466066861141,18.887412037621868,6,6,0.006944444444444444
AN19-rec-c3f1a8f0de5af9ff97f5:phone:1,AN19-rec-c3f1a8f0de5af9ff97f5,AN19.KOR.km7,Korean,Koreanic,mote,m ow t,0,m,7.359699010619068e-07,31.080104233717737,6,6,0.006711409395973154
AN19-rec-c3f1a8f0de5af9ff97f5:phone:2,AN19-rec-c3f1a8f0de5af9ff97f5,AN19.KOR.km7,Korean,Koreanic,mote,m ow t,1,ow,6.587237009732918e-09,28.207096745066902,6,6,0.006711409395973154
AN19-rec-c41729269492cf5c1fee:phone:1,AN19-rec-c41729269492cf5c1fee,AN19.MIX.im5,Turkish,Turkic,lice,l ay s,0,l,0.00016146883104679706,19.198949591241384,6,6,0.007246376811594203
AN19-rec-c41729269492cf5c1fee:phone:2,AN19-rec-c41729269492cf5c1fee,AN19.MIX.im5,Turkish,Turkic,lice,l ay s,1,ay,4.918522167998442e-05,28.86985516616264,6,6,0.007246376811594203
AN19-rec-c41729269492cf5c1fee:phone:3,AN19-rec-c41729269492cf5c1fee,AN19.MIX.im5,Turkish,Turkic,lice,l ay s,2,s,1.49216758929185e-08,22.76180517715279,6,6,0.007246376811594203
AN19-rec-c41d35a8efb03d38b6d1:phone:2,AN19-rec-c41d35a8efb03d38b6d1,AN19.SPA.sm4,Spanish,Romance,voice,v oy s,1,oy,3.5893746028522857e-06,30.03110146069818,6,6,0.007194244604316547
AN19-rec-c43426121957d843c823:phone:1,AN19-rec-c43426121957d843c823,AN19.MIX.if5,Japanese,Japonic,give,g ih v,0,g,9.250306835394689e-25,67.3167872074272,6,6,0.006711409395973154
AN19-rec-c43a8137e72b29a01ad4:phone:1,AN19-rec-c43a8137e72b29a01ad4,AN19.KOR.kf4,Korean,Koreanic,mall,m ao l,0,m,0.09404458569896464,38.12489230580785,6,6,0.0070921985815602835
AN19-rec-c43f5bd352bc419bb278:phone:3,AN19-rec-c43f5bd352bc419bb278,AN19.KOR.kf1,Korean,Koreanic,bum,b ah m,2,m,1.7563739782421703e-12,48.4939213071851,6,6,0.0072992700729927005
AN19-rec-c44f2c5c9511f0a15378:phone:1,AN19-rec-c44f2c5c9511f0a15378,AN19.KOR.kf1,Korean,Koreanic,job,jh aa b,0,jh,0.10716467295503129,45.26680958862685,6,6,0.0072992700729927005
AN19-rec-c44f2c5c9511f0a15378:phone:3,AN19-rec-c44f2c5c9511f0a15378,AN19.KOR.kf1,Korean,Koreanic,job,jh aa b,2,b,6.234322063299609e-07,44.75962517948897,6,6,0.0072992700729927005
AN19-rec-c455fc1ee9e656356f9f:phone:3,AN19-rec-c455fc1ee9e656356f9f,AN19.KOR.kf3,Korean,Koreanic,bum,b ah m,2,m,2.939706163071085e-10,37.203786663533286,6,6,0.007246376811594203
AN19-rec-c46436f08e8205bb5d52:phone:1,AN19-rec-c46436f08e8205bb5d52,AN19.SPA.sm3,Spanish,Romance,mote,m ow t,0,m,4.6291299124018e-14,44.406399272373854,6,6,0.0072992700729927005
AN19-rec-c46436f08e8205bb5d52:phone:2,AN19-rec-c46436f08e8205bb5d52,AN19.SPA.sm3,Spanish,Romance,mote,m ow t,1,ow,4.804741401098282e-19,56.67024133806938,6,6,0.0072992700729927005
AN19-rec-c46c7086b2342fd187ed:phone:1,AN19-rec-c46c7086b2342fd187ed,AN19.MIX.im3,Russian,Slavic,move,m uw v,0,m,2.054798952236074e-05,24.93672724877028,6,6,0.006756756756756757
AN19-rec-c46c7086b2342fd187ed:phone:3,AN19-rec-c46c7086b2342fd187ed,AN19.MIX.im3,Russian,Slavic,move,m uw v,2,v,3.456946702956852e-08,23.13384796324206,6,6,0.006756756756756757
AN19-rec-c488cdfa6be4e5d49791:phone:1,AN19-rec-c488cdfa6be4e5d49791,AN19.KOR.km8,Korean,Koreanic,soak,s ow k,0,s,2.28957639338261e-07,19.536393532862693,6,6,0.006896551724137931
AN19-rec-c488cdfa6be4e5d49791:phone:2,AN19-rec-c488cdfa6be4e5d49791,AN19.KOR.km8,Korean,Koreanic,soak,s ow k,1,ow,8.010733170401376e-08,31.56511849546084,6,6,0.006896551724137931
AN19-rec-c49a4d580f133c04620f:phone:2,AN19-rec-c49a4d580f133c04620f,AN19.SPA.sf2,Spanish,Romance,teat,t iy t,1,iy,0.0018695946316919095,21.33487556787639,6,6,0.007246376811594203
AN19-rec-c4a3bd70804e8316a6e9:phone:3,AN19-rec-c4a3bd70804e8316a6e9,AN19.MIX.if1,Albanian,Albanian,pup,p ah p,2,p,1.290054332881002e-05,40.60843317001885,6,6,0.0070921985815602835
AN19-rec-c4b391fbfedb4dab5b89:phone:2,AN19-rec-c4b391fbfedb4dab5b89,AN19.KOR.kf1,Korean,Koreanic,bun,b ah n,1,ah,5.6544918381628865e-14,53.28202364498016,6,6,0.0072992700729927005
AN19-rec-c4b55f1d3d72d11860e0:phone:2,AN19-rec-c4b55f1d3d72d11860e0,AN19.KOR.kf1,Korean,Koreanic,mat,m ae t,1,ae,3.7711022343003585e-17,75.71999472115017,6,6,0.0072992700729927005
AN19-rec-c4c0fa1c05d278e1cc75:phone:2,AN19-rec-c4c0fa1c05d278e1cc75,AN19.KOR.kf1,Korean,Koreanic,learn,l er n,1,er,2.5061641379865896e-07,26.354122348004022,6,6,0.0072992700729927005
AN19-rec-c4c8c6764649d90c0260:phone:1,AN19-rec-c4c8c6764649d90c0260,AN19.KOR.km3,Korean,Koreanic,goat,g ow t,0,g,1.8337153054003124e-09,54.82253475846076,6,6,0.006666666666666667
AN19-rec-c4c8c6764649d90c0260:phone:3,AN19-rec-c4c8c6764649d90c0260,AN19.KOR.km3,Korean,Koreanic,goat,g ow t,2,t,0.0013363813840861884,31.14675617482316,6,6,0.006666666666666667
AN19-rec-c4c91e503c3496e8602c:phone:1,AN19-rec-c4c91e503c3496e8602c,AN19.MIX.if5,Japanese,Japonic,firm,f er m,0,f,1.9753402177185763e-11,65.29523170996208,6,6,0.006711409395973154
AN19-rec-c4cf0c90b760419d95e5:phone:1,AN19-rec-c4cf0c90b760419d95e5,AN19.MIX.if6,Somali,Afro-Asiatic,soil,s oy l,0,s,1.3321859718828824e-20,51.93970944970599,6,6,0.007246376811594203
AN19-rec-c4cf0c90b760419d95e5:phone:2,AN19-rec-c4cf0c90b760419d95e5,AN19.MIX.if6,Somali,Afro-Asiatic,soil,s oy l,1,oy,5.578684187149751e-07,28.25535738980339,6,6,0.007246376811594203
AN19-rec-c4dd841460a609ca6c85:phone:3,AN19-rec-c4dd841460a609ca6c85,AN19.SPA.sm3,Spanish,Romance,faith,f ey th,2,th,5.153129181568684e-08,47.063776674600525,6,6,0.0072992700729927005
AN19-rec-c4df9a0b9873c4f4b2ed:phone:1,AN19-rec-c4df9a0b9873c4f4b2ed,AN19.SPA.sm2,Spanish,Romance,bug,b ah g,0,b,3.2808708140202647e-22,56.66354305249384,6,6,0.007042253521126761
AN19-rec-c4f0d07754d246c67c83:phone:1,AN19-rec-c4f0d07754d246c67c83,AN19.SPA.sf3,Spanish,Romance,dune,d uw n,0,d,3.897882289223834e-06,27.49614594352035,6,6,0.007246376811594203
AN19-rec-c4f65de4b4dc915082a1:phone:3,AN19-rec-c4f65de4b4dc915082a1,AN19.MIX.im3,Russian,Slavic,route,r uw t,2,t,0.003183552031699849,43.56805574478917,6,6,0.006756756756756757
AN19-rec-c4fb1a4b6640d8768c85:phone:2,AN19-rec-c4fb1a4b6640d8768c85,AN19.SPA.sm5,Spanish,Romance,live,l ay v,1,ay,6.391245512381759e-17,56.517222681401165,6,6,0.006896551724137931
AN19-rec-c4ff93f57597655ffe2f:phone:2,AN19-rec-c4ff93f57597655ffe2f,AN19.KOR.kf2,Korean,Koreanic,suck,s ah k,1,ah,1.4366991338782152e-05,49.17791308662715,6,6,0.0072992700729927005
AN19-rec-c501cadf59b1aec98145:phone:1,AN19-rec-c501cadf59b1aec98145,AN19.KOR.km7,Korean,Koreanic,hag,hh ae g,0,hh,0.13018866448605007,14.717091566285744,6,6,0.006711409395973154
AN19-rec-c501cadf59b1aec98145:phone:3,AN19-rec-c501cadf59b1aec98145,AN19.KOR.km7,Korean,Koreanic,hag,hh ae g,2,g,5.342785714804559e-12,50.71098540517536,6,6,0.006711409395973154
AN19-rec-c52d7162609ad9d9dd16:phone:3,AN19-rec-c52d7162609ad9d9dd16,AN19.KOR.kf2,Korean,Koreanic,route,r uw t,2,t,2.726834195867665e-06,36.35533551154875,6,6,0.0072992700729927005
AN19-rec-c53209929b807481a1c6:phone:1,AN19-rec-c53209929b807481a1c6,AN19.MIX.im3,Russian,Slavic,chief,ch iy f,0,ch,0.00970728437426287,26.880614682337068,6,6,0.006756756756756757
AN19-rec-c53209929b807481a1c6:phone:2,AN19-rec-c53209929b807481a1c6,AN19.MIX.im3,Russian,Slavic,chief,ch iy f,1,iy,3.7712433963685823e-07,28.713902078829715,6,6,0.006756756756756757
AN19-rec-c54ffd9ada4c289f7f41:phone:3,AN19-rec-c54ffd9ada4c289f7f41,AN19.KOR.km3,Korean,Koreanic,route,r uw t,2,t,1.053676875166917e-08,46.34372062249992,6,6,0.006666666666666667
AN19-rec-c550d4d0ffc6ad495e4d:phone:1,AN19-rec-c550d4d0ffc6ad495e4d,AN19.MIX.im6,Hindi,Indo-Aryan,rough,r ah f,0,r,2.30227880433964e-11,31.987091226167056,6,6,0.006711409395973154
AN19-rec-c56083d3c9d4c787fe76:phone:3,AN19-rec-c56083d3c9d4c787fe76,AN19.MIX.if4,German,Germanic,hurl,hh er l,2,l,7.261580560152007e-07,26.952967317622768,6,6,0.0072992700729927005
AN19-rec-c58c819aed359bbb7797:phone:3,AN19-rec-c58c819aed359bbb7797,AN19.KOR.kf2,Korean,Koreanic,deep,d iy p,2,p,0.0013322144064050019,23.840895190281906,6,6,0.0072992700729927005
AN19-rec-c58c969c48c89b40ba8e:phone:1,AN19-rec-c58c969c48c89b40ba8e,AN19.KOR.kf5,Korean,Koreanic,chief,ch iy f,0,ch,1.2129891845508044e-06,24.06977546537406,6,6,0.006993006993006993
AN19-rec-c58c969c48c89b40ba8e:phone:2,AN19-rec-c58c969c48c89b40ba8e,AN19.KOR.kf5,Korean,Koreanic,chief,ch iy f,1,iy,8.271247941707078e-06,21.54681817118857,6,6,0.006993006993006993
AN19-rec-c58f2a92afbda0694ff1:phone:1,AN19-rec-c58f2a92afbda0694ff1,AN19.KOR.kf6,Korean,Koreanic,firm,f er m,0,f,3.285499375260846e-07,55.02083398015059,6,6,0.007042253521126761
AN19-rec-c596bcf3dbb65c64c753:phone:1,AN19-rec-c596bcf3dbb65c64c753,AN19.KOR.kf2,Korean,Koreanic,hack,hh ae k,0,hh,0.02597768905347309,7.5664592638281185,6,6,0.0072992700729927005
AN19-rec-c596bcf3dbb65c64c753:phone:3,AN19-rec-c596bcf3dbb65c64c753,AN19.KOR.kf2,Korean,Koreanic,hack,hh ae k,2,k,1.3564380084560745e-05,31.542321351865866,6,6,0.0072992700729927005
AN19-rec-c59bb0e19396d4324df2:phone:2,AN19-rec-c59bb0e19396d4324df2,AN19.MIX.if3,French,Romance,learn,l er n,1,er,1.9877664221001527e-05,21.23460355541377,6,6,0.006993006993006993
AN19-rec-c5a74cd944dc3a78e6a9:phone:1,AN19-rec-c5a74cd944dc3a78e6a9,AN19.MIX.im6,Hindi,Indo-Aryan,mall,m ao l,0,m,1.3436378544062767e-12,40.4080003398189,6,6,0.006711409395973154
AN19-rec-c5c6c0350230b6e1b19b:phone:2,AN19-rec-c5c6c0350230b6e1b19b,AN19.MIX.if4,German,Germanic,long,l ao ng,1,ao,1.927245478011353e-05,29.51335162756688,6,6,0.0072992700729927005
AN19-rec-c5c6c0350230b6e1b19b:phone:3,AN19-rec-c5c6c0350230b6e1b19b,AN19.MIX.if4,German,Germanic,long,l ao ng,2,ng,4.0626475723583777e-08,23.876957955830942,6,6,0.0072992700729927005
AN19-rec-c5ced61c2af766237f53:phone:2,AN19-rec-c5ced61c2af766237f53,AN19.MIX.im5,Turkish,Turkic,soak,s ow k,1,ow,2.1758518198074626e-11,37.56380077750523,6,6,0.007246376811594203
AN19-rec-c5e9ac96abfabb0c7653:phone:1,AN19-rec-c5e9ac96abfabb0c7653,AN19.KOR.km3,Korean,Koreanic,cheer,ch ih r,0,ch,0.014228887716673471,17.25482181940747,6,6,0.006666666666666667
AN19-rec-c5e9ac96abfabb0c7653:phone:3,AN19-rec-c5e9ac96abfabb0c7653,AN19.KOR.km3,Korean,Koreanic,cheer,ch ih r,2,r,0.0011298192872203445,15.945711064737148,6,6,0.006666666666666667
AN19-rec-c5ead5fa499c10357332:phone:1,AN19-rec-c5ead5fa499c10357332,AN19.MIX.im5,Turkish,Turkic,con,k aa n,0,k,6.202704674403137e-16,40.09533842482916,6,6,0.007246376811594203
AN19-rec-c5ead5fa499c10357332:phone:2,AN19-rec-c5ead5fa499c10357332,AN19.MIX.im5,Turkish,Turkic,con,k aa n,1,aa,7.299737881503151e-14,37.36727388367657,6,6,0.007246376811594203
AN19-rec-c6028bc8f244dfc0ffd8:phone:2,AN19-rec-c6028bc8f244dfc0ffd8,AN19.SPA.sf4,Spanish,Romance,was,w aa z,1,aa,0.0002980761667570762,20.38759488382499,6,6,0.0070921985815602835
AN19-rec-c606b266d6035da6fa59:phone:2,AN19-rec-c606b266d6035da6fa59,AN19.KOR.kf4,Korean,Koreanic,wail,w ey l,1,ey,1.5074733928740573e-15,49.56772941763244,6,6,0.0070921985815602835
AN19-rec-c60d0c001d88d515b5ab:phone:2,AN19-rec-c60d0c001d88d515b5ab,AN19.SPA.sm4,Spanish,Romance,rut,r ah t,1,ah,6.006046928702886e-08,43.22145274549733,6,6,0.007194244604316547
AN19-rec-c61591163311c8ee7b26:phone:1,AN19-rec-c61591163311c8ee7b26,AN19.MIX.im4,Mandarin,Sino-Tibetan,doom,d uw m,0,d,5.014299868177522e-06,29.090905238615893,6,6,0.006993006993006993
AN19-rec-c61591163311c8ee7b26:phone:3,AN19-rec-c61591163311c8ee7b26,AN19.MIX.im4,Mandarin,Sino-Tibetan,doom,d uw m,2,m,8.180287696414557e-13,32.99488714929234,6,6,0.006993006993006993
AN19-rec-c626ee4b8971e99444b2:phone:2,AN19-rec-c626ee4b8971e99444b2,AN19.SPA.sf5,Spanish,Romance,learn,l er n,1,er,1.1764699937842635e-05,21.35795989870034,6,6,0.007194244604316547
AN19-rec-c646e5d02d7946c18db0:phone:3,AN19-rec-c646e5d02d7946c18db0,AN19.SPA.sm5,Spanish,Romance,pup,p ah p,2,p,2.0729107398912614e-11,39.37926876338886,6,6,0.006896551724137931
AN19-rec-c6543b4d2ec6af0d50d1:phone:1,AN19-rec-c6543b4d2ec6af0d50d1,AN19.KOR.kf2,Korean,Koreanic,dune,d uw n,0,d,0.0004838934518471485,24.38403419138621,6,6,0.0072992700729927005
AN19-rec-c669721e1464f295520e:phone:2,AN19-rec-c669721e1464f295520e,AN19.SPA.sm6,Spanish,Romance,caught,k aa t,1,aa,5.633059151580294e-15,66.2578701888159,6,6,0.006756756756756757
AN19-rec-c66e2c5508a04091f369:phone:1,AN19-rec-c66e2c5508a04091f369,AN19.SPA.sf1,Spanish,Romance,hack,hh ae k,0,hh,4.6942007501424186e-11,30.940861098739035,6,6,0.006896551724137931
AN19-rec-c66e2c5508a04091f369:phone:3,AN19-rec-c66e2c5508a04091f369,AN19.SPA.sf1,Spanish,Romance,hack,hh ae k,2,k,0.0002971627520884765,17.938271535835757,6,6,0.006896551724137931
AN19-rec-c684c03fa7874a1fcd32:phone:1,AN19-rec-c684c03fa7874a1fcd32,AN19.KOR.km1,Korean,Koreanic,pool,p uw l,0,p,9.156786902781495e-09,30.767167021227102,6,6,0.0072992700729927005
AN19-rec-c69ee4937b809a3a450f:phone:3,AN19-rec-c69ee4937b809a3a450f,AN19.MIX.im3,Russian,Slavic,white,w ay t,2,t,0.01762922762147683,49.986395320485904,6,6,0.006756756756756757
AN19-rec-c6a53f6644eab1ce6397:phone:1,AN19-rec-c6a53f6644eab1ce6397,AN19.KOR.km7,Korean,Koreanic,mall,m ao l,0,m,2.7750500447980843e-18,56.91343270000565,6,6,0.006711409395973154
AN19-rec-c6b19d10881be83c9843:phone:3,AN19-rec-c6b19d10881be83c9843,AN19.SPA.sf6,Spanish,Romance,mum,m ah m,2,m,1.1240599377463648e-12,40.95537059059543,6,6,0.007042253521126761
AN19-rec-c6c0e9b9fa2393823c13:phone:2,AN19-rec-c6c0e9b9fa2393823c13,AN19.MIX.im4,Mandarin,Sino-Tibetan,lad,l ae d,1,ae,3.832019310924723e-09,27.30908837777534,6,6,0.006993006993006993
AN19-rec-c6cac98f9e96b0fb6f4d:phone:1,AN19-rec-c6cac98f9e96b0fb6f4d,AN19.KOR.km8,Korean,Koreanic,young,y ah ng,0,y,0.01800214836320731,22.5799072806394,6,6,0.006896551724137931
AN19-rec-c6cb285efe41989ff031:phone:2,AN19-rec-c6cb285efe41989ff031,AN19.SPA.sf5,Spanish,Romance,lose,l uw z,1,uw,2.1679479119684013e-11,28.71417054341369,6,6,0.007194244604316547
AN19-rec-c6fb05b0fd2499210e29:phone:2,AN19-rec-c6fb05b0fd2499210e29,AN19.KOR.kf3,Korean,Koreanic,full,f uh l,1,uh,9.869075652221086e-07,27.66776386922463,6,6,0.007246376811594203
AN19-rec-c7135b75d0dfc8e6056e:phone:3,AN19-rec-c7135b75d0dfc8e6056e,AN19.KOR.km3,Korean,Koreanic,long,l ao ng,2,ng,7.873596760478763e-09,24.037706732370808,6,6,0.006666666666666667
AN19-rec-c71b20b39b86bdfeeff5:phone:2,AN19-rec-c71b20b39b86bdfeeff5,AN19.MIX.im4,Mandarin,Sino-Tibetan,wash,w aa sh,1,aa,6.374416319760433e-07,32.48794267274145,6,6,0.006993006993006993
AN19-rec-c732cf28d08f62782a4e:phone:1,AN19-rec-c732cf28d08f62782a4e,AN19.SPA.sm5,Spanish,Romance,check,ch eh k,0,ch,6.149210714390723e-09,34.16966701837663,6,6,0.006896551724137931
AN19-rec-c742d2d66002491be4e6:phone:3,AN19-rec-c742d2d66002491be4e6,AN19.SPA.sm3,Spanish,Romance,dog,d ao g,2,g,1.2246147300879642e-08,46.67473021418521,6,6,0.0072992700729927005
AN19-rec-c74656bf88181a7b6a46:phone:1,AN19-rec-c74656bf88181a7b6a46,AN19.KOR.km6,Korean,Koreanic,chain,ch ey n,0,ch,2.9774209121263898e-05,31.298034909324425,6,6,0.007042253521126761
AN19-rec-c7584ff22f9fca9e5ba8:phone:3,AN19-rec-c7584ff22f9fca9e5ba8,AN19.SPA.sf4,Spanish,Romance,mum,m ah m,2,m,1.798385844062173e-12,36.66659046870608,6,6,0.0070921985815602835
AN19-rec-c769de57e7f514ca59d2:phone:3,AN19-rec-c769de57e7f514ca59d2,AN19.SPA.sf4,Spanish,Romance,faith,f ey th,2,th,3.489574267031758e-07,41.44349130264408,6,6,0.0070921985815602835
AN19-rec-c76e0de202977c98bc50:phone:2,AN19-rec-c76e0de202977c98bc50,AN19.KOR.km6,Korean,Koreanic,wrong,r ao ng,1,ao,3.0561887141253444e-08,34.08407765907841,6,8,0.007042253521126761
AN19-rec-c770c5eed7f326641e97:phone:3,AN19-rec-c770c5eed7f326641e97,AN19.MIX.if5,Japanese,Japonic,death,d eh th,2,th,2.046013030598262e-06,50.65772506248204,6,6,0.006711409395973154
AN19-rec-c79860b3c23875d0bf61:phone:1,AN19-rec-c79860b3c23875d0bf61,AN19.KOR.kf4,Korean,Koreanic,pawn,p ao n,0,p,0.06035705536821142,13.72518145877966,6,6,0.0070921985815602835
AN19-rec-c7a5600bba1896455ec2:phone:2,AN19-rec-c7a5600bba1896455ec2,AN19.SPA.sf4,Spanish,Romance,full,f uh l,1,uh,2.2284831847637657e-06,31.977011765198025,6,6,0.0070921985815602835
AN19-rec-c7be5d49bc636a1c04d8:phone:2,AN19-rec-c7be5d49bc636a1c04d8,AN19.MIX.im2,Bengali,Indo-Aryan,size,s ay z,1,ay,5.056197612712643e-06,23.942418378188364,6,6,0.007246376811594203
AN19-rec-c7c67c9eb740a84c117d:phone:2,AN19-rec-c7c67c9eb740a84c117d,AN19.MIX.if1,Albanian,Albanian,learn,l er n,1,er,1.5748207757492874e-19,46.39833828233518,6,6,0.0070921985815602835
AN19-rec-c7c6f414019d11346b43:phone:3,AN19-rec-c7c6f414019d11346b43,AN19.KOR.km7,Korean,Koreanic,bead,b iy d,2,d,0.0002217683316082554,20.750088847938148,6,6,0.006711409395973154
AN19-rec-c7cdd8461a4be7205316:phone:3,AN19-rec-c7cdd8461a4be7205316,AN19.MIX.im1,Romanian,Romance,beak,b iy k,2,k,6.824702991682629e-06,42.07754718470954,6,6,0.006802721088435374
AN19-rec-c7e635ecb3599be5d32d:phone:1,AN19-rec-c7e635ecb3599be5d32d,AN19.MIX.im4,Mandarin,Sino-Tibetan,weed,w iy d,0,w,1.0580155338850318e-14,60.4744350564658,6,6,0.006993006993006993
AN19-rec-c7e635ecb3599be5d32d:phone:2,AN19-rec-c7e635ecb3599be5d32d,AN19.MIX.im4,Mandarin,Sino-Tibetan,weed,w iy d,1,iy,1.6846824152911217e-05,35.311366586188335,6,6,0.006993006993006993
AN19-rec-c80080dffd21e9e83d73:phone:2,AN19-rec-c80080dffd21e9e83d73,AN19.SPA.sm6,Spanish,Romance,shape,sh ey p,1,ey,0.0266909349229621,15.09201007434689,6,6,0.006756756756756757
AN19-rec-c826cd2564a5059d8d3d:phone:2,AN19-rec-c826cd2564a5059d8d3d,AN19.KOR.kf3,Korean,Koreanic,fool,f uw l,1,uw,1.5909646356431685e-12,41.20729554732192,6,6,0.007246376811594203
AN19-rec-c830fdbb909dead23299:phone:2,AN19-rec-c830fdbb909dead23299,AN19.KOR.kf3,Korean,Koreanic,mace,m ey s,1,ey,0.015955349805492607,16.869944966515945,6,6,0.007246376811594203
AN19-rec-c830fdbb909dead23299:phone:3,AN19-rec-c830fdbb909dead23299,AN19.KOR.kf3,Korean,Koreanic,mace,m ey s,2,s,1.3890428852916355e-09,45.482048344661145,6,6,0.007246376811594203
AN19-rec-c835eec5008105bfe15c:phone:1,AN19-rec-c835eec5008105bfe15c,AN19.MIX.if1,Albanian,Albanian,weed,w iy d,0,w,1.2791185498899766e-13,61.39516489819591,6,6,0.0070921985815602835
AN19-rec-c835eec5008105bfe15c:phone:2,AN19-rec-c835eec5008105bfe15c,AN19.MIX.if1,Albanian,Albanian,weed,w iy d,1,iy,3.5782748584570448e-06,28.209481647999606,6,6,0.0070921985815602835
AN19-rec-c83ac1c2e37690856a88:phone:1,AN19-rec-c83ac1c2e37690856a88,AN19.KOR.kf1,Korean,Koreanic,wick,w ih k,0,w,2.181028812053462e-05,35.628111340335415,6,6,0.0072992700729927005
AN19-rec-c84403410f22d3a2d4fb:phone:1,AN19-rec-c84403410f22d3a2d4fb,AN19.MIX.im3,Russian,Slavic,girl,g er l,0,g,5.948682713635814e-24,71.50862944787671,6,6,0.006756756756756757
AN19-rec-c84bbe550818eab6b19c:phone:1,AN19-rec-c84bbe550818eab6b19c,AN19.KOR.kf6,Korean,Koreanic,five,f ay v,0,f,1.693989546735615e-14,69.32479378433919,6,6,0.007042253521126761
AN19-rec-c8533a6bb0d9d5170211:phone:1,AN19-rec-c8533a6bb0d9d5170211,AN19.SPA.sf1,Spanish,Romance,jack,jh ae k,0,jh,0.003561341223765818,15.36735392365012,6,6,0.006896551724137931
AN19-rec-c8533a6bb0d9d5170211:phone:3,AN19-rec-c8533a6bb0d9d5170211,AN19.SPA.sf1,Spanish,Romance,jack,jh ae k,2,k,3.72750345002983e-08,27.06952300876614,6,6,0.006896551724137931
AN19-rec-c85934de5d1d9b392c45:phone:2,AN19-rec-c85934de5d1d9b392c45,AN19.MIX.im5,Turkish,Turkic,ban,b ae n,1,ae,1.5236910283878573e-08,18.9254816542543,6,6,0.007246376811594203
AN19-rec-c85d8ffeeca25d0f307b:phone:2,AN19-rec-c85d8ffeeca25d0f307b,AN19.KOR.km3,Korean,Koreanic,live,l ay v,1,ay,6.089795216897936e-23,63.95663459991652,6,6,0.006666666666666667
AN19-rec-c861bfb95d34e3214a28:phone:1,AN19-rec-c861bfb95d34e3214a28,AN19.MIX.if1,Albanian,Albanian,god,g aa d,0,g,1.3362088635994766e-11,39.71122587687696,6,6,0.0070921985815602835
AN19-rec-c8638a3ea5f9b0d507d9:phone:1,AN19-rec-c8638a3ea5f9b0d507d9,AN19.SPA.sf3,Spanish,Romance,job,jh aa b,0,jh,5.685486835960985e-07,74.63490686929512,6,6,0.007246376811594203
AN19-rec-c8638a3ea5f9b0d507d9:phone:3,AN19-rec-c8638a3ea5f9b0d507d9,AN19.SPA.sf3,Spanish,Romance,job,jh aa b,2,b,3.859846737192811e-17,49.88872761992561,6,6,0.007246376811594203
AN19-rec-c8672935c22b961352ca:phone:3,AN19-rec-c8672935c22b961352ca,AN19.MIX.im3,Russian,Slavic,hash,hh ae sh,2,sh,8.056734635409333e-06,29.57348150699735,6,6,0.006756756756756757
AN19-rec-c876e46ae5e612746ecd:phone:1,AN19-rec-c876e46ae5e612746ecd,AN19.KOR.km3,Korean,Koreanic,give,g ih v,0,g,2.577171210286142e-07,26.95362709894229,6,6,0.006666666666666667
AN19-rec-c87e927fc4170dce16fa:phone:3,AN19-rec-c87e927fc4170dce16fa,AN19.MIX.if3,French,Romance,gas,g ae s,2,s,4.9342843870232694e-05,24.13340570510614,6,6,0.006993006993006993
AN19-rec-c88c89826e33a76f4e71:phone:1,AN19-rec-c88c89826e33a76f4e71,AN19.KOR.kf6,Korean,Koreanic,goat,g ow t,0,g,1.2891123432777886e-08,64.48310065087153,6,6,0.007042253521126761
AN19-rec-c88c89826e33a76f4e71:phone:3,AN19-rec-c88c89826e33a76f4e71,AN19.KOR.kf6,Korean,Koreanic,goat,g ow t,2,t,6.348088943859235e-16,43.98020429043109,6,6,0.007042253521126761
AN19-rec-c8929ba16903c7f6aa83:phone:3,AN19-rec-c8929ba16903c7f6aa83,AN19.MIX.if6,Somali,Afro-Asiatic,beak,b iy k,2,k,4.943007120955963e-08,31.514371968923257,6,6,0.007246376811594203
AN19-rec-c8a659715de1f38f6d59:phone:1,AN19-rec-c8a659715de1f38f6d59,AN19.KOR.km3,Korean,Koreanic,jack,jh ae k,0,jh,3.9576513624186527e-07,31.829299166946985,6,6,0.006666666666666667
AN19-rec-c8a659715de1f38f6d59:phone:3,AN19-rec-c8a659715de1f38f6d59,AN19.KOR.km3,Korean,Koreanic,jack,jh ae k,2,k,3.7107699448677814e-10,30.04481942256214,6,6,0.006666666666666667
AN19-rec-c8ef21751ed552df2a28:phone:1,AN19-rec-c8ef21751ed552df2a28,AN19.KOR.kf1,Korean,Koreanic,hoot,hh uw t,0,hh,1.6701735139105914e-06,33.071652485000484,6,6,0.0072992700729927005
AN19-rec-c8ef21751ed552df2a28:phone:3,AN19-rec-c8ef21751ed552df2a28,AN19.KOR.kf1,Korean,Koreanic,hoot,hh uw t,2,t,0.0007329066116304045,44.168751381406544,6,6,0.0072992700729927005
AN19-rec-c909d9cb62f1b4ad7746:phone:2,AN19-rec-c909d9cb62f1b4ad7746,AN19.MIX.if4,German,Germanic,was,w aa z,1,aa,0.0013931400030109448,25.585295133253727,6,6,0.0072992700729927005
AN19-rec-c9176d1a804d38659c74:phone:1,AN19-rec-c9176d1a804d38659c74,AN19.MIX.im6,Hindi,Indo-Aryan,pool,p uw l,0,p,5.134914738804848e-12,32.815770253853714,6,6,0.006711409395973154
AN19-rec-c92265a0b80c15fc67bf:phone:2,AN19-rec-c92265a0b80c15fc67bf,AN19.KOR.km7,Korean,Koreanic,wife,w ay f,1,ay,3.854031247380451e-07,65.18895470985002,6,6,0.006711409395973154
AN19-rec-c92395b34d2dcf78ac8d:phone:2,AN19-rec-c92395b34d2dcf78ac8d,AN19.KOR.kf6,Korean,Koreanic,rut,r ah t,1,ah,2.6347857476235453e-23,59.92891294064114,6,6,0.007042253521126761
AN19-rec-c924da2917ca7bb4bd49:phone:2,AN19-rec-c924da2917ca7bb4bd49,AN19.KOR.kf6,Korean,Koreanic,size,s ay z,1,ay,0.0001300970260708478,20.651570882878204,6,6,0.007042253521126761
AN19-rec-c96bf3e690c970ac12d2:phone:1,AN19-rec-c96bf3e690c970ac12d2,AN19.MIX.im1,Romanian,Romance,den,d eh n,0,d,1.3740538409532836e-09,77.66581804266724,6,6,0.006802721088435374
AN19-rec-c97859c34f1c621ad4bf:phone:3,AN19-rec-c97859c34f1c621ad4bf,AN19.KOR.km2,Korean,Koreanic,dog,d ao g,2,g,1.7168681777172843e-08,38.62057303693436,6,6,0.006756756756756757
AN19-rec-c979a554ea803ea4b178:phone:2,AN19-rec-c979a554ea803ea4b178,AN19.MIX.im5,Turkish,Turkic,full,f uh l,1,uh,9.717651928367943e-07,30.81083916210584,6,6,0.007246376811594203
AN19-rec-c99683a91ec1f61ee016:phone:1,AN19-rec-c99683a91ec1f61ee016,AN19.SPA.sm4,Spanish,Romance,job,jh aa b,0,jh,2.7535330984195495e-16,56.90529960116909,6,6,0.007194244604316547
AN19-rec-c99683a91ec1f61ee016:phone:3,AN19-rec-c99683a91ec1f61ee016,AN19.SPA.sm4,Spanish,Romance,job,jh aa b,2,b,1.2431224629853677e-05,36.02573896128987,6,6,0.007194244604316547
AN19-rec-c99cd9c478dc90d0fe35:phone:2,AN19-rec-c99cd9c478dc90d0fe35,AN19.SPA.sm7,Spanish,Romance,learn,l er n,1,er,0.0003914044084992207,20.393109790783736,6,6,0.007352941176470588
AN19-rec-c99dd9d1db923e4e21f2:phone:2,AN19-rec-c99dd9d1db923e4e21f2,AN19.MIX.im2,Bengali,Indo-Aryan,learn,l er n,1,er,0.00014425899572054887,19.19078702621944,6,6,0.007246376811594203
AN19-rec-c9a9ba62882b25e48e15:phone:3,AN19-rec-c9a9ba62882b25e48e15,AN19.MIX.if6,Somali,Afro-Asiatic,faith,f ey th,2,th,5.527673106290343e-10,35.93501842601103,6,6,0.007246376811594203
AN19-rec-c9b16b75c8779e5f8225:phone:2,AN19-rec-c9b16b75c8779e5f8225,AN19.KOR.km3,Korean,Koreanic,was,w aa z,1,aa,1.2484604215067753e-11,39.81079591363836,6,6,0.006666666666666667
AN19-rec-c9ca8e39a9ec9f805b7a:phone:1,AN19-rec-c9ca8e39a9ec9f805b7a,AN19.KOR.kf1,Korean,Koreanic,ship,sh ih p,0,sh,6.281526406927267e-05,13.046052934195233,6,6,0.0072992700729927005
AN19-rec-c9ca8e39a9ec9f805b7a:phone:3,AN19-rec-c9ca8e39a9ec9f805b7a,AN19.KOR.kf1,Korean,Koreanic,ship,sh ih p,2,p,1.0620606152464342e-09,29.870090179641736,6,6,0.0072992700729927005
AN19-rec-c9cd1984953b60ea475e:phone:1,AN19-rec-c9cd1984953b60ea475e,AN19.MIX.if4,German,Germanic,fig,f ih g,0,f,9.838267128702374e-10,40.35934628491314,6,6,0.0072992700729927005
AN19-rec-c9cf21fb9f71668808aa:phone:1,AN19-rec-c9cf21fb9f71668808aa,AN19.SPA.sm4,Spanish,Romance,sane,s ey n,0,s,9.036036530998869e-07,20.46770458199653,6,6,0.007194244604316547
AN19-rec-c9cf21fb9f71668808aa:phone:2,AN19-rec-c9cf21fb9f71668808aa,AN19.SPA.sm4,Spanish,Romance,sane,s ey n,1,ey,0.002388718597054562,20.44982825625958,6,6,0.007194244604316547
AN19-rec-c9d4b048cd9a7af33962:phone:2,AN19-rec-c9d4b048cd9a7af33962,AN19.MIX.if4,German,Germanic,live,l ay v,1,ay,0.00011755222103806104,29.376692973405355,6,6,0.0072992700729927005
AN19-rec-ca0a289029a6240d2e02:phone:1,AN19-rec-ca0a289029a6240d2e02,AN19.KOR.km6,Korean,Koreanic,king,k ih ng,0,k,4.181214432640312e-08,29.225456913190957,6,6,0.007042253521126761
AN19-rec-ca0bba7bc8a03fbc83c6:phone:3,AN19-rec-ca0bba7bc8a03fbc83c6,AN19.MIX.if1,Albanian,Albanian,join,jh oy n,2,n,0.000719334987304425,29.384258364465012,6,6,0.0070921985815602835
AN19-rec-ca0e41dcc843d650129b:phone:1,AN19-rec-ca0e41dcc843d650129b,AN19.SPA.sf5,Spanish,Romance,join,jh oy n,0,jh,0.07900845486486896,33.14358607802691,6,6,0.007194244604316547
AN19-rec-ca0e41dcc843d650129b:phone:3,AN19-rec-ca0e41dcc843d650129b,AN19.SPA.sf5,Spanish,Romance,join,jh oy n,2,n,1.80901982423867e-18,47.15394988189801,6,6,0.007194244604316547
AN19-rec-ca1468ad9c89a56d70d1:phone:2,AN19-rec-ca1468ad9c89a56d70d1,AN19.SPA.sm6,Spanish,Romance,watch,w aa ch,1,aa,0.0009283310496827116,38.34140983996799,6,6,0.006756756756756757
AN19-rec-ca325685e1832f7b68f7:phone:2,AN19-rec-ca325685e1832f7b68f7,AN19.MIX.if6,Somali,Afro-Asiatic,live,l ay v,1,ay,5.231724565818995e-14,45.42212145195885,6,6,0.007246376811594203
AN19-rec-ca3318244cb95f1489b9:phone:1,AN19-rec-ca3318244cb95f1489b9,AN19.MIX.if3,French,Romance,page,p ey jh,0,p,6.829403213083403e-09,23.259695622585458,6,6,0.006993006993006993
AN19-rec-ca3318244cb95f1489b9:phone:3,AN19-rec-ca3318244cb95f1489b9,AN19.MIX.if3,French,Romance,page,p ey jh,2,jh,1.5778261553441827e-11,100.00908124293652,6,6,0.006993006993006993
AN19-rec-ca399572b606904471c3:phone:2,AN19-rec-ca399572b606904471c3,AN19.KOR.km1,Korean,Koreanic,shape,sh ey p,1,ey,8.705993614920322e-09,24.687720573428724,6,6,0.0072992700729927005
AN19-rec-ca56376e263d631570db:phone:3,AN19-rec-ca56376e263d631570db,AN19.KOR.kf2,Korean,Koreanic,toot,t uw t,2,t,4.554360249078576e-06,18.868808941334155,6,6,0.0072992700729927005
AN19-rec-ca5a8c64b0e0dbb7c5ef:phone:2,AN19-rec-ca5a8c64b0e0dbb7c5ef,AN19.KOR.kf5,Korean,Koreanic,full,f uh l,1,uh,1.8145520147527455e-08,43.168671094658215,6,6,0.006993006993006993
AN19-rec-ca613b92a997e29e66f9:phone:3,AN19-rec-ca613b92a997e29e66f9,AN19.KOR.kf2,Korean,Koreanic,peace,p iy s,2,s,9.231885660711976e-09,28.485754128394728,6,6,0.0072992700729927005
AN19-rec-ca766a74dd904397742c:phone:1,AN19-rec-ca766a74dd904397742c,AN19.SPA.sf5,Spanish,Romance,cheer,ch ih r,0,ch,0.014852998693534125,21.079271813989845,6,6,0.007194244604316547
AN19-rec-ca766a74dd904397742c:phone:3,AN19-rec-ca766a74dd904397742c,AN19.SPA.sf5,Spanish,Romance,cheer,ch ih r,2,r,0.019066263067688233,14.72270960464768,6,6,0.007194244604316547
AN19-rec-ca9e15fa01e5292e5121:phone:1,AN19-rec-ca9e15fa01e5292e5121,AN19.KOR.kf3,Korean,Koreanic,young,y ah ng,0,y,0.00022082659658520726,24.747588963081423,6,6,0.007246376811594203
AN19-rec-ca9e15fa01e5292e5121:phone:3,AN19-rec-ca9e15fa01e5292e5121,AN19.KOR.kf3,Korean,Koreanic,young,y ah ng,2,ng,4.0173849316651204e-33,96.90232168258471,6,6,0.007246376811594203
AN19-rec-ca9f9ee2f44be6435ee7:phone:2,AN19-rec-ca9f9ee2f44be6435ee7,AN19.KOR.kf3,Korean,Koreanic,wrong,r ao ng,1,ao,1.8422480449098675e-10,35.92072345840733,6,8,0.007246376811594203
AN19-rec-caa432093e8d2424e51b:phone:2,AN19-rec-caa432093e8d2424e51b,AN19.MIX.if2,Dutch,Germanic,rhyme,r ay m,1,ay,4.911510039711707e-11,47.250342009894666,6,6,0.006944444444444444
AN19-rec-cab500db190c47fac921:phone:3,AN19-rec-cab500db190c47fac921,AN19.KOR.km6,Korean,Koreanic,hurl,hh er l,2,l,3.769217774185927e-08,33.220015595219095,6,6,0.007042253521126761
AN19-rec-cab72fa5b4b99e09f390:phone:2,AN19-rec-cab72fa5b4b99e09f390,AN19.KOR.km3,Korean,Koreanic,wife,w ay f,1,ay,0.00013024870647395493,21.989474135101947,6,6,0.006666666666666667
AN19-rec-cabec6b1cf9c3db51324:phone:2,AN19-rec-cabec6b1cf9c3db51324,AN19.MIX.if5,Japanese,Japonic,shape,sh ey p,1,ey,0.0007835551162300307,20.60739415185439,6,6,0.006711409395973154
AN19-rec-cadb4884dd56724ce588:phone:1,AN19-rec-cadb4884dd56724ce588,AN19.KOR.km3,Korean,Koreanic,den,d eh n,0,d,3.92076892094714e-07,36.487177407951,6,6,0.006666666666666667
AN19-rec-cadb4884dd56724ce588:phone:2,AN19-rec-cadb4884dd56724ce588,AN19.KOR.km3,Korean,Koreanic,den,d eh n,1,eh,0.008573643337435653,14.88078145980768,6,6,0.006666666666666667
AN19-rec-cae5acd3a3fed4c875ec:phone:2,AN19-rec-cae5acd3a3fed4c875ec,AN19.MIX.if5,Japanese,Japonic,rhyme,r ay m,1,ay,0.03412649720622673,35.98479630173761,6,6,0.006711409395973154
AN19-rec-cae5acd3a3fed4c875ec:phone:3,AN19-rec-cae5acd3a3fed4c875ec,AN19.MIX.if5,Japanese,Japonic,rhyme,r ay m,2,m,1.5980854073344954e-05,29.96787047985957,6,6,0.006711409395973154
AN19-rec-cae6b8ea06e13f1b4f92:phone:1,AN19-rec-cae6b8ea06e13f1b4f92,AN19.MIX.im3,Russian,Slavic,shall,sh ae l,0,sh,0.005091124672746499,11.71130792554626,6,6,0.006756756756756757
AN19-rec-cae6b8ea06e13f1b4f92:phone:2,AN19-rec-cae6b8ea06e13f1b4f92,AN19.MIX.im3,Russian,Slavic,shall,sh ae l,1,ae,5.0003082130362314e-05,16.318198092479207,6,6,0.006756756756756757
AN19-rec-caefc65f355421032bb2:phone:3,AN19-rec-caefc65f355421032bb2,AN19.SPA.sf2,Spanish,Romance,hag,hh ae g,2,g,1.050131220510233e-09,50.173141049801416,6,6,0.007246376811594203
AN19-rec-cb07fb9cc47eec44ee2d:phone:1,AN19-rec-cb07fb9cc47eec44ee2d,AN19.SPA.sf1,Spanish,Romance,rough,r ah f,0,r,9.190779725468245e-26,75.24491543294043,6,6,0.006896551724137931
AN19-rec-cb0a6096d852c649a954:phone:2,AN19-rec-cb0a6096d852c649a954,AN19.MIX.if3,French,Romance,wail,w ey l,1,ey,6.51066817057742e-11,36.85947352940092,6,6,0.006993006993006993
AN19-rec-cb1420e973d05e6ddfe9:phone:3,AN19-rec-cb1420e973d05e6ddfe9,AN19.SPA.sf6,Spanish,Romance,rhyme,r ay m,2,m,1.5006600560463817e-07,33.57107802420699,6,6,0.007042253521126761
AN19-rec-cb18b6bf4bd4075c83f4:phone:3,AN19-rec-cb18b6bf4bd4075c83f4,AN19.KOR.km2,Korean,Koreanic,route,r uw t,2,t,8.630683280379649e-15,66.42777559171692,6,6,0.006756756756756757
AN19-rec-cb200226bde3203d292a:phone:2,AN19-rec-cb200226bde3203d292a,AN19.MIX.if6,Somali,Afro-Asiatic,long,l ao ng,1,ao,9.759624120973264e-11,31.724723770541345,6,6,0.007246376811594203
AN19-rec-cb200226bde3203d292a:phone:3,AN19-rec-cb200226bde3203d292a,AN19.MIX.if6,Somali,Afro-Asiatic,long,l ao ng,2,ng,1.0907505589552445e-05,13.63414809281828,6,6,0.007246376811594203
AN19-rec-cb2b44fa8606315b8200:phone:1,AN19-rec-cb2b44fa8606315b8200,AN19.KOR.kf6,Korean,Koreanic,lice,l ay s,0,l,0.0001540727337154533,15.049690581178451,6,6,0.007042253521126761
AN19-rec-cb2b44fa8606315b8200:phone:2,AN19-rec-cb2b44fa8606315b8200,AN19.KOR.kf6,Korean,Koreanic,lice,l ay s,1,ay,5.216987812206206e-06,21.18013726854233,6,6,0.007042253521126761
AN19-rec-cb2b44fa8606315b8200:phone:3,AN19-rec-cb2b44fa8606315b8200,AN19.KOR.kf6,Korean,Koreanic,lice,l ay s,2,s,0.00010311650335558877,26.11033242169732,6,6,0.007042253521126761
AN19-rec-cb42d7ad99118d2e0743:phone:1,AN19-rec-cb42d7ad99118d2e0743,AN19.KOR.km3,Korean,Koreanic,check,ch eh k,0,ch,8.53643262704407e-06,48.48951192084567,6,6,0.006666666666666667
AN19-rec-cb42db8f47a682cffbde:phone:1,AN19-rec-cb42db8f47a682cffbde,AN19.KOR.km8,Korean,Koreanic,fig,f ih g,0,f,1.4840117235966054e-43,113.1652928651566,6,6,0.006896551724137931
AN19-rec-cb42db8f47a682cffbde:phone:3,AN19-rec-cb42db8f47a682cffbde,AN19.KOR.km8,Korean,Koreanic,fig,f ih g,2,g,1.087775741512056e-24,91.37359876348977,6,6,0.006896551724137931
AN19-rec-cb48d2a432b2a809095e:phone:1,AN19-rec-cb48d2a432b2a809095e,AN19.MIX.if4,German,Germanic,chain,ch ey n,0,ch,2.708514317339013e-06,45.16385407906369,6,6,0.0072992700729927005
AN19-rec-cb58a0525a18c76e627a:phone:1,AN19-rec-cb58a0525a18c76e627a,AN19.KOR.kf5,Korean,Koreanic,theme,th iy m,0,th,0.016212773063562877,29.25803710311258,6,6,0.006993006993006993
AN19-rec-cb58a0525a18c76e627a:phone:2,AN19-rec-cb58a0525a18c76e627a,AN19.KOR.kf5,Korean,Koreanic,theme,th iy m,1,iy,0.0010024872321712872,21.581009147301547,6,6,0.006993006993006993
AN19-rec-cb58a0525a18c76e627a:phone:3,AN19-rec-cb58a0525a18c76e627a,AN19.KOR.kf5,Korean,Koreanic,theme,th iy m,2,m,2.7701552795167645e-06,24.46185598421708,6,6,0.006993006993006993
AN19-rec-cb677fa706834b56a24a:phone:2,AN19-rec-cb677fa706834b56a24a,AN19.MIX.im4,Mandarin,Sino-Tibetan,watch,w aa ch,1,aa,1.1584872342649869e-10,42.544640677164686,6,6,0.006993006993006993
AN19-rec-cb7a9ff9ae3a328a7394:phone:3,AN19-rec-cb7a9ff9ae3a328a7394,AN19.MIX.im6,Hindi,Indo-Aryan,long,l ao ng,2,ng,3.8804904879367275e-17,53.25633414503551,6,6,0.006711409395973154
AN19-rec-cbbc667e7162279600dc:phone:1,AN19-rec-cbbc667e7162279600dc,AN19.MIX.if1,Albanian,Albanian,young,y ah ng,0,y,2.6720155683761073e-08,27.33368278949347,6,6,0.0070921985815602835
AN19-rec-cbbdd17ec1e00ba54fd8:phone:1,AN19-rec-cbbdd17ec1e00ba54fd8,AN19.KOR.km2,Korean,Koreanic,thick,th ih k,0,th,0.017663437992655375,29.323708833977157,6,6,0.006756756756756757
AN19-rec-cbbdd17ec1e00ba54fd8:phone:2,AN19-rec-cbbdd17ec1e00ba54fd8,AN19.KOR.km2,Korean,Koreanic,thick,th ih k,1,ih,0.03448200761599953,55.16628379828586,6,6,0.006756756756756757
AN19-rec-cbbdd17ec1e00ba54fd8:phone:3,AN19-rec-cbbdd17ec1e00ba54fd8,AN19.KOR.km2,Korean,Koreanic,thick,th ih k,2,k,0.01907552018075032,49.61957738065252,6,6,0.006756756756756757
AN19-rec-cbbe3c85526228503fdf:phone:1,AN19-rec-cbbe3c85526228503fdf,AN19.MIX.if6,Somali,Afro-Asiatic,wick,w ih k,0,w,2.6560060772424237e-19,60.05026035147255,6,6,0.007246376811594203
AN19-rec-cbd4d4647280ec87f419:phone:1,AN19-rec-cbd4d4647280ec87f419,AN19.MIX.im2,Bengali,Indo-Aryan,girl,g er l,0,g,1.984925305482208e-10,31.79567935049357,6,6,0.007246376811594203
AN19-rec-cbdce8b68ab565b507a5:phone:1,AN19-rec-cbdce8b68ab565b507a5,AN19.MIX.im4,Mandarin,Sino-Tibetan,shall,sh ae l,0,sh,0.012008391996987227,11.281812798686673,6,6,0.006993006993006993
AN19-rec-cbdce8b68ab565b507a5:phone:2,AN19-rec-cbdce8b68ab565b507a5,AN19.MIX.im4,Mandarin,Sino-Tibetan,shall,sh ae l,1,ae,7.677268596358546e-07,19.227962856387524,6,6,0.006993006993006993
AN19-rec-cbdd2b334bdf5308cf2e:phone:1,AN19-rec-cbdd2b334bdf5308cf2e,AN19.KOR.kf3,Korean,Koreanic,shall,sh ae l,0,sh,0.02216047047492913,11.723240901224337,6,6,0.007246376811594203
AN19-rec-cbdd2b334bdf5308cf2e:phone:2,AN19-rec-cbdd2b334bdf5308cf2e,AN19.KOR.kf3,Korean,Koreanic,shall,sh ae l,1,ae,5.598448092517864e-24,63.45778583293245,6,6,0.007246376811594203
AN19-rec-cbe1a08b33340453f883:phone:1,AN19-rec-cbe1a08b33340453f883,AN19.MIX.im3,Russian,Slavic,rough,r ah f,0,r,8.953178942609486e-06,18.729725111935743,6,6,0.006756756756756757
AN19-rec-cbfa21afc1a4c09f94d7:phone:2,AN19-rec-cbfa21afc1a4c09f94d7,AN19.KOR.km8,Korean,Koreanic,kit,k ih t,1,ih,0.01510001934735686,25.14390658598793,6,6,0.006896551724137931
AN19-rec-cc26b7c519757d2aa3bf:phone:2,AN19-rec-cc26b7c519757d2aa3bf,AN19.SPA.sf4,Spanish,Romance,chore,ch ao r,1,ao,9.806770594989701e-22,70.63155842366682,6,6,0.0070921985815602835
AN19-rec-cc31b52643f697390b10:phone:1,AN19-rec-cc31b52643f697390b10,AN19.MIX.if3,French,Romance,hoot,hh uw t,0,hh,2.4548299371737936e-05,32.82296631728346,6,6,0.006993006993006993
AN19-rec-cc48f5dd0af4b6e3dd37:phone:2,AN19-rec-cc48f5dd0af4b6e3dd37,AN19.SPA.sf5,Spanish,Romance,den,d eh n,1,eh,5.819545945910816e-07,25.713988985815515,6,6,0.007194244604316547
AN19-rec-cc6e96800b99711ad111:phone:2,AN19-rec-cc6e96800b99711ad111,AN19.KOR.kf4,Korean,Koreanic,rat,r ae t,1,ae,0.00015246398020564458,21.69645619341576,6,6,0.0070921985815602835
AN19-rec-cc724b731fdf536ea07c:phone:1,AN19-rec-cc724b731fdf536ea07c,AN19.KOR.km7,Korean,Koreanic,path,p ae th,0,p,1.6789310260968845e-06,25.970069554825752,6,6,0.006711409395973154
AN19-rec-cc724b731fdf536ea07c:phone:3,AN19-rec-cc724b731fdf536ea07c,AN19.KOR.km7,Korean,Koreanic,path,p ae th,2,th,8.957788337612281e-14,39.59012599197106,6,6,0.006711409395973154
AN19-rec-cc83e9edf196e642396a:phone:2,AN19-rec-cc83e9edf196e642396a,AN19.SPA.sm3,Spanish,Romance,teat,t iy t,1,iy,1.0436245914518446e-08,27.677811534191623,6,6,0.0072992700729927005
AN19-rec-cc953c07201b63ac1f56:phone:2,AN19-rec-cc953c07201b63ac1f56,AN19.SPA.sm4,Spanish,Romance,fool,f uw l,1,uw,1.5005467705924365e-05,22.013717705142824,6,6,0.007194244604316547
AN19-rec-ccb5ed35724f0eb15f72:phone:3,AN19-rec-ccb5ed35724f0eb15f72,AN19.MIX.im4,Mandarin,Sino-Tibetan,pad,p ae d,2,d,1.5230571187845347e-12,31.893554360919524,6,6,0.006993006993006993
AN19-rec-ccc09cbac43366443d72:phone:1,AN19-rec-ccc09cbac43366443d72,AN19.SPA.sm3,Spanish,Romance,den,d eh n,0,d,4.722589332658775e-08,40.71704082324993,6,6,0.0072992700729927005
AN19-rec-ccc09cbac43366443d72:phone:2,AN19-rec-ccc09cbac43366443d72,AN19.SPA.sm3,Spanish,Romance,den,d eh n,1,eh,8.922382170695e-06,21.423697621222757,6,6,0.0072992700729927005
AN19-rec-ccd35139862a9634a593:phone:1,AN19-rec-ccd35139862a9634a593,AN19.SPA.sm7,Spanish,Romance,wick,w ih k,0,w,2.2181778197071928e-29,86.41565940338819,6,6,0.007352941176470588
AN19-rec-ccdd41c5c2272a26f9f2:phone:1,AN19-rec-ccdd41c5c2272a26f9f2,AN19.SPA.sf1,Spanish,Romance,shop,sh aa p,0,sh,1.2629532708217048e-05,18.8670515506912,6,6,0.006896551724137931
AN19-rec-ccdd41c5c2272a26f9f2:phone:2,AN19-rec-ccdd41c5c2272a26f9f2,AN19.SPA.sf1,Spanish,Romance,shop,sh aa p,1,aa,1.0523407554765976e-08,40.46229278877115,6,6,0.006896551724137931
AN19-rec-ccdd41c5c2272a26f9f2:phone:3,AN19-rec-ccdd41c5c2272a26f9f2,AN19.SPA.sf1,Spanish,Romance,shop,sh aa p,2,p,1.7380391072482614e-05,33.046840948986244,6,6,0.006896551724137931
AN19-rec-cceb4e6395d30f5a98c6:phone:1,AN19-rec-cceb4e6395d30f5a98c6,AN19.MIX.im5,Turkish,Turkic,fig,f ih g,0,f,3.4410807053582977e-06,40.348424169977584,6,6,0.007246376811594203
AN19-rec-cceb4e6395d30f5a98c6:phone:3,AN19-rec-cceb4e6395d30f5a98c6,AN19.MIX.im5,Turkish,Turkic,fig,f ih g,2,g,2.4954877648311406e-14,49.53647902445024,6,6,0.007246376811594203
AN19-rec-ccf56e9d1f34a5a76359:phone:1,AN19-rec-ccf56e9d1f34a5a76359,AN19.SPA.sf6,Spanish,Romance,food,f uw d,0,f,4.475543844620505e-08,31.43249935869024,6,6,0.007042253521126761
AN19-rec-ccf7765cca3420d2e0b9:phone:3,AN19-rec-ccf7765cca3420d2e0b9,AN19.SPA.sf6,Spanish,Romance,pup,p ah p,2,p,5.0617048699441656e-08,40.15939260841202,6,6,0.007042253521126761
AN19-rec-cd0960bed84747e32372:phone:1,AN19-rec-cd0960bed84747e32372,AN19.KOR.km2,Korean,Koreanic,five,f ay v,0,f,0.01810422503087778,55.6027495636034,6,6,0.006756756756756757
AN19-rec-cd104170f060e4a87a7c:phone:3,AN19-rec-cd104170f060e4a87a7c,AN19.MIX.im5,Turkish,Turkic,toot,t uw t,2,t,1.6039885439932296e-06,18.228422349624378,6,6,0.007246376811594203
AN19-rec-cd519c630dfec9580e74:phone:2,AN19-rec-cd519c630dfec9580e74,AN19.SPA.sm6,Spanish,Romance,fade,f ey d,1,ey,1.3737715444755688e-05,15.355743222706474,6,6,0.006756756756756757
AN19-rec-cd656cb31aa0d43dc98e:phone:2,AN19-rec-cd656cb31aa0d43dc98e,AN19.MIX.im6,Hindi,Indo-Aryan,teeth,t iy th,1,iy,3.2855463016577497e-12,35.589124246496084,6,6,0.006711409395973154
AN19-rec-cd7ab574de4ce69b6dec:phone:1,AN19-rec-cd7ab574de4ce69b6dec,AN19.SPA.sm7,Spanish,Romance,rim,r ih m,0,r,1.9548633635320413e-14,49.85434493410907,6,6,0.007352941176470588
AN19-rec-cd8f064414ec25793410:phone:1,AN19-rec-cd8f064414ec25793410,AN19.KOR.km6,Korean,Koreanic,hag,hh ae g,0,hh,5.378204685572972e-07,33.58845996185274,6,6,0.007042253521126761
AN19-rec-cdc42a6b139579467626:phone:2,AN19-rec-cdc42a6b139579467626,AN19.SPA.sf2,Spanish,Romance,rat,r ae t,1,ae,2.1685068225484392e-11,37.60691131157916,6,6,0.007246376811594203
AN19-rec-cdf99da642a16ec8821c:phone:1,AN19-rec-cdf99da642a16ec8821c,AN19.MIX.im5,Turkish,Turkic,hoot,hh uw t,0,hh,0.0009308899293711726,33.0461701121695,6,6,0.007246376811594203
AN19-rec-cdf99da642a16ec8821c:phone:3,AN19-rec-cdf99da642a16ec8821c,AN19.MIX.im5,Turkish,Turkic,hoot,hh uw t,2,t,7.211174641341751e-11,35.41370586507224,6,6,0.007246376811594203
AN19-rec-cdfabb932dd31636c186:phone:1,AN19-rec-cdfabb932dd31636c186,AN19.SPA.sf1,Spanish,Romance,page,p ey jh,0,p,0.0003464925174087845,49.04901523502846,6,6,0.006896551724137931
AN19-rec-cdfabb932dd31636c186:phone:3,AN19-rec-cdfabb932dd31636c186,AN19.SPA.sf1,Spanish,Romance,page,p ey jh,2,jh,8.300736356663669e-16,45.27394979491297,6,6,0.006896551724137931
AN19-rec-ce002057fa9521a149ea:phone:1,AN19-rec-ce002057fa9521a149ea,AN19.SPA.sf4,Spanish,Romance,shall,sh ae l,0,sh,0.009603233848700576,11.253874271423948,6,6,0.0070921985815602835
AN19-rec-ce002057fa9521a149ea:phone:2,AN19-rec-ce002057fa9521a149ea,AN19.SPA.sf4,Spanish,Romance,shall,sh ae l,1,ae,1.7625818146964246e-08,39.86631701905063,6,6,0.0070921985815602835
AN19-rec-ce079e845d8bb80b001f:phone:2,AN19-rec-ce079e845d8bb80b001f,AN19.KOR.km7,Korean,Koreanic,lad,l ae d,1,ae,1.2151364055506409e-08,21.955872889577197,6,6,0.006711409395973154
AN19-rec-ce219c12ae2f59b1b67d:phone:1,AN19-rec-ce219c12ae2f59b1b67d,AN19.MIX.im3,Russian,Slavic,bug,b ah g,0,b,1.4054409000769616e-13,60.60608553299367,6,6,0.006756756756756757
AN19-rec-ce59b17667357a0da182:phone:2,AN19-rec-ce59b17667357a0da182,AN19.KOR.km2,Korean,Koreanic,fade,f ey d,1,ey,3.987941057332845e-06,17.21501307570485,6,6,0.006756756756756757
AN19-rec-ce84e1a7a1ffa2416d3b:phone:2,AN19-rec-ce84e1a7a1ffa2416d3b,AN19.KOR.km7,Korean,Koreanic,neck,n eh k,1,eh,2.495541433229598e-10,53.3478287500548,6,6,0.006711409395973154
AN19-rec-ce8b3f6a0a96530bbcd0:phone:1,AN19-rec-ce8b3f6a0a96530bbcd0,AN19.MIX.if5,Japanese,Japonic,shall,sh ae l,0,sh,0.0010713987053136422,16.85675759841694,6,6,0.006711409395973154
AN19-rec-ce8b3f6a0a96530bbcd0:phone:2,AN19-rec-ce8b3f6a0a96530bbcd0,AN19.MIX.if5,Japanese,Japonic,shall,sh ae l,1,ae,0.00022245827864620954,23.736517391933315,6,6,0.006711409395973154
AN19-rec-ceb6f534eb2fc0ac3513:phone:2,AN19-rec-ceb6f534eb2fc0ac3513,AN19.SPA.sf2,Spanish,Romance,chore,ch ao r,1,ao,5.7753303581012954e-08,36.71774076645247,6,6,0.007246376811594203
AN19-rec-cec40a9fd7a337580292:phone:2,AN19-rec-cec40a9fd7a337580292,AN19.KOR.km6,Korean,Koreanic,kit,k ih t,1,ih,4.984472385418261e-07,25.369212381287426,6,6,0.007042253521126761
AN19-rec-ced05d83227e0356e579:phone:3,AN19-rec-ced05d83227e0356e579,AN19.KOR.km8,Korean,Koreanic,gut,g ah t,2,t,3.644639831428337e-16,52.5321553147221,6,6,0.006896551724137931
AN19-rec-ced6a0f10fb34368eabc:phone:1,AN19-rec-ced6a0f10fb34368eabc,AN19.SPA.sf5,Spanish,Romance,king,k ih ng,0,k,1.041297410364746e-08,29.45264774286427,6,6,0.007194244604316547
AN19-rec-cf269ff1a6b6e95ea02d:phone:2,AN19-rec-cf269ff1a6b6e95ea02d,AN19.KOR.kf4,Korean,Koreanic,lace,l ey s,1,ey,2.5370061365844514e-05,20.73625371377961,6,6,0.0070921985815602835
AN19-rec-cf2cfaf0ebf6edb32c7c:phone:2,AN19-rec-cf2cfaf0ebf6edb32c7c,AN19.KOR.kf1,Korean,Koreanic,leg,l eh g,1,eh,7.160042836994964e-08,42.008347607237575,6,6,0.0072992700729927005
AN19-rec-cf6f342ca1427a900914:phone:1,AN19-rec-cf6f342ca1427a900914,AN19.KOR.kf2,Korean,Koreanic,doom,d uw m,0,d,2.2168361371430348e-11,48.81116476620134,6,6,0.0072992700729927005
AN19-rec-cf6f342ca1427a900914:phone:3,AN19-rec-cf6f342ca1427a900914,AN19.KOR.kf2,Korean,Koreanic,doom,d uw m,2,m,2.931174619612079e-12,35.93748242600609,6,6,0.0072992700729927005
AN19-rec-cf966502374e4a5c5a98:phone:1,AN19-rec-cf966502374e4a5c5a98,AN19.MIX.if2,Dutch,Germanic,gave,g ey v,0,g,1.321698739459724e-05,15.43446137296253,6,6,0.006944444444444444
AN19-rec-cfa03d35d0eee7e8c013:phone:2,AN19-rec-cfa03d35d0eee7e8c013,AN19.MIX.im3,Russian,Slavic,roof,r uw f,1,uw,2.272528137760208e-09,45.42700685319963,6,6,0.006756756756756757
AN19-rec-cfa6e4d19f4beb8f97e8:phone:1,AN19-rec-cfa6e4d19f4beb8f97e8,AN19.SPA.sf6,Spanish,Romance,soak,s ow k,0,s,0.00024048948597626182,13.55710164585345,6,6,0.007042253521126761
AN19-rec-cfa6e4d19f4beb8f97e8:phone:2,AN19-rec-cfa6e4d19f4beb8f97e8,AN19.SPA.sf6,Spanish,Romance,soak,s ow k,1,ow,3.454781002031887e-07,31.23682779602173,6,6,0.007042253521126761
AN19-rec-cfa715d2a3b219a5cf42:phone:1,AN19-rec-cfa715d2a3b219a5cf42,AN19.SPA.sm6,Spanish,Romance,give,g ih v,0,g,2.6129068176771514e-16,45.8358632537611,6,6,0.006756756756756757
AN19-rec-cfb0e828ec0e832f947e:phone:1,AN19-rec-cfb0e828ec0e832f947e,AN19.SPA.sf2,Spanish,Romance,fig,f ih g,0,f,1.902396449967654e-19,89.4306377994809,6,6,0.007246376811594203
AN19-rec-cfbb9592671f270fbf74:phone:2,AN19-rec-cfbb9592671f270fbf74,AN19.SPA.sm4,Spanish,Romance,deep,d iy p,1,iy,2.448335186822235e-09,31.70938832689264,6,6,0.007194244604316547
AN19-rec-cfbb9592671f270fbf74:phone:3,AN19-rec-cfbb9592671f270fbf74,AN19.SPA.sm4,Spanish,Romance,deep,d iy p,2,p,2.1872738750122663e-09,25.738381876549123,6,6,0.007194244604316547
AN19-rec-cfc719a4245162284183:phone:1,AN19-rec-cfc719a4245162284183,AN19.MIX.if5,Japanese,Japonic,sane,s ey n,0,s,0.00048589211634172735,16.068047273689633,6,6,0.006711409395973154
AN19-rec-cfc719a4245162284183:phone:2,AN19-rec-cfc719a4245162284183,AN19.MIX.if5,Japanese,Japonic,sane,s ey n,1,ey,0.0031077430178821455,22.66287889207671,6,6,0.006711409395973154
AN19-rec-cfc980b8fb8cfd397675:phone:2,AN19-rec-cfc980b8fb8cfd397675,AN19.MIX.im4,Mandarin,Sino-Tibetan,mace,m ey s,1,ey,0.0004339011804215113,18.394934440227782,6,6,0.006993006993006993
AN19-rec-cfc980b8fb8cfd397675:phone:3,AN19-rec-cfc980b8fb8cfd397675,AN19.MIX.im4,Mandarin,Sino-Tibetan,mace,m ey s,2,s,0.0004102108122913746,62.16646437955041,6,6,0.006993006993006993
AN19-rec-cfd352fd653f22001fc8:phone:2,AN19-rec-cfd352fd653f22001fc8,AN19.KOR.kf3,Korean,Koreanic,rhyme,r ay m,1,ay,3.732790502993771e-26,87.96829932014145,6,6,0.007246376811594203
AN19-rec-cfd352fd653f22001fc8:phone:3,AN19-rec-cfd352fd653f22001fc8,AN19.KOR.kf3,Korean,Koreanic,rhyme,r ay m,2,m,9.834873050234187e-14,44.59733392331491,6,6,0.007246376811594203
AN19-rec-cfe8d1df50d5595dd81a:phone:2,AN19-rec-cfe8d1df50d5595dd81a,AN19.KOR.km1,Korean,Koreanic,caught,k aa t,1,aa,2.476660790193666e-31,94.41060638696692,6,6,0.0072992700729927005
AN19-rec-d0069af319e7eb3ab3ca:phone:2,AN19-rec-d0069af319e7eb3ab3ca,AN19.MIX.im1,Romanian,Romance,bead,b iy d,1,iy,3.5342638089289665e-08,48.61803672825534,6,6,0.006802721088435374
AN19-rec-d0069af319e7eb3ab3ca:phone:3,AN19-rec-d0069af319e7eb3ab3ca,AN19.MIX.im1,Romanian,Romance,bead,b iy d,2,d,7.931630790841384e-09,29.44720949176425,6,6,0.006802721088435374
AN19-rec-d00bb8908727853d8c8d:phone:3,AN19-rec-d00bb8908727853d8c8d,AN19.MIX.im5,Turkish,Turkic,hurl,hh er l,2,l,5.219733420211205e-15,41.060817495847,6,6,0.007246376811594203
AN19-rec-d0214f9e24d14db62f64:phone:2,AN19-rec-d0214f9e24d14db62f64,AN19.KOR.kf4,Korean,Koreanic,neck,n eh k,1,eh,3.410875056381803e-25,81.02949049231489,6,6,0.0070921985815602835
AN19-rec-d0232f2e75971519cb74:phone:2,AN19-rec-d0232f2e75971519cb74,AN19.SPA.sm3,Spanish,Romance,learn,l er n,1,er,1.8807748862078864e-13,31.705558614746312,6,6,0.0072992700729927005
AN19-rec-d03cd94513481209d80c:phone:1,AN19-rec-d03cd94513481209d80c,AN19.MIX.im5,Turkish,Turkic,move,m uw v,0,m,0.003931439475690852,32.92737875238759,6,6,0.007246376811594203
AN19-rec-d041a2a80fce03e5f42d:phone:1,AN19-rec-d041a2a80fce03e5f42d,AN19.KOR.kf4,Korean,Koreanic,young,y ah ng,0,y,5.277389020211128e-18,62.52210611048613,6,6,0.0070921985815602835
AN19-rec-d041a2a80fce03e5f42d:phone:3,AN19-rec-d041a2a80fce03e5f42d,AN19.KOR.kf4,Korean,Koreanic,young,y ah ng,2,ng,0.0029151390248419867,29.836156411792203,6,6,0.0070921985815602835
AN19-rec-d041b66d7a915f41e57d:phone:2,AN19-rec-d041b66d7a915f41e57d,AN19.KOR.kf5,Korean,Koreanic,mid,m ih d,1,ih,1.7307585200910275e-11,27.44532401139089,6,6,0.006993006993006993
AN19-rec-d065c13ff9e87f3593a4:phone:2,AN19-rec-d065c13ff9e87f3593a4,AN19.MIX.im6,Hindi,Indo-Aryan,roof,r uw f,1,uw,1.0921281557669609e-08,37.00119452801127,6,6,0.006711409395973154
AN19-rec-d07757c231a4d6f8b3e9:phone:2,AN19-rec-d07757c231a4d6f8b3e9,AN19.MIX.if1,Albanian,Albanian,vice,v ay s,1,ay,4.9887122186679255e-06,23.849263653866924,6,6,0.0070921985815602835
AN19-rec-d09b69f70e4cc1c1b755:phone:2,AN19-rec-d09b69f70e4cc1c1b755,AN19.MIX.if4,German,Germanic,leg,l eh g,1,eh,4.795363642949626e-25,70.95931646297058,6,6,0.0072992700729927005
AN19-rec-d0d6db491f0825d8e49a:phone:2,AN19-rec-d0d6db491f0825d8e49a,AN19.KOR.km2,Korean,Koreanic,kin,k ih n,1,ih,3.9773809490608e-07,36.73850376779833,6,6,0.006756756756756757
AN19-rec-d0e43c349ee3cbb0729d:phone:1,AN19-rec-d0e43c349ee3cbb0729d,AN19.KOR.kf3,Korean,Koreanic,hack,hh ae k,0,hh,0.00022243347542997137,13.824853911832228,6,6,0.007246376811594203
AN19-rec-d0e43c349ee3cbb0729d:phone:3,AN19-rec-d0e43c349ee3cbb0729d,AN19.KOR.kf3,Korean,Koreanic,hack,hh ae k,2,k,2.2516211003318213e-36,114.58801228673008,6,6,0.007246376811594203
AN19-rec-d0e7e60c85a08cec8926:phone:1,AN19-rec-d0e7e60c85a08cec8926,AN19.SPA.sf3,Spanish,Romance,hoot,hh uw t,0,hh,3.889870052272495e-08,35.67545327962651,6,6,0.007246376811594203
AN19-rec-d0e7e60c85a08cec8926:phone:3,AN19-rec-d0e7e60c85a08cec8926,AN19.SPA.sf3,Spanish,Romance,hoot,hh uw t,2,t,5.862320141000947e-11,35.95823345172809,6,6,0.007246376811594203
AN19-rec-d0e956fe1a653395549a:phone:1,AN19-rec-d0e956fe1a653395549a,AN19.KOR.kf2,Korean,Koreanic,cheer,ch ih r,0,ch,0.00032989831020584746,16.6858775111231,6,6,0.0072992700729927005
AN19-rec-d0e956fe1a653395549a:phone:3,AN19-rec-d0e956fe1a653395549a,AN19.KOR.kf2,Korean,Koreanic,cheer,ch ih r,2,r,1.7425100979196397e-07,22.721107895776004,6,6,0.0072992700729927005
AN19-rec-d101868336db169f4b8d:phone:1,AN19-rec-d101868336db169f4b8d,AN19.KOR.kf3,Korean,Koreanic,ship,sh ih p,0,sh,0.044006671134012604,6.637864940099881,6,6,0.007246376811594203
AN19-rec-d101868336db169f4b8d:phone:3,AN19-rec-d101868336db169f4b8d,AN19.KOR.kf3,Korean,Koreanic,ship,sh ih p,2,p,4.889402436385287e-13,35.570109073822586,6,6,0.007246376811594203
AN19-rec-d104d690b41ae8252dfc:phone:1,AN19-rec-d104d690b41ae8252dfc,AN19.KOR.km6,Korean,Koreanic,check,ch eh k,0,ch,3.651160000925225e-05,21.94021121303327,6,6,0.007042253521126761
AN19-rec-d107b205185629136b70:phone:2,AN19-rec-d107b205185629136b70,AN19.MIX.im2,Bengali,Indo-Aryan,pull,p uh l,1,uh,6.829216203835273e-08,37.68979477285891,6,6,0.007246376811594203
AN19-rec-d10810dc58f06bc4220d:phone:1,AN19-rec-d10810dc58f06bc4220d,AN19.SPA.sm5,Spanish,Romance,fig,f ih g,0,f,9.757417530118282e-10,69.77296530429413,6,6,0.006896551724137931
AN19-rec-d10810dc58f06bc4220d:phone:3,AN19-rec-d10810dc58f06bc4220d,AN19.SPA.sm5,Spanish,Romance,fig,f ih g,2,g,3.5506356233518104e-08,30.60720735847397,6,6,0.006896551724137931
AN19-rec-d10a32a7bfa23a168f5c:phone:2,AN19-rec-d10a32a7bfa23a168f5c,AN19.SPA.sf4,Spanish,Romance,fool,f uw l,1,uw,9.747844162468705e-05,17.17834659762988,6,6,0.0070921985815602835
AN19-rec-d10af95a1c82bd683506:phone:2,AN19-rec-d10af95a1c82bd683506,AN19.MIX.im3,Russian,Slavic,mid,m ih d,1,ih,0.042706448927122796,27.155404095076342,6,6,0.006756756756756757
AN19-rec-d119ab8f4c9a5eb48aed:phone:3,AN19-rec-d119ab8f4c9a5eb48aed,AN19.KOR.kf1,Korean,Koreanic,serve,s er v,2,v,9.215494602193185e-05,13.81854365294368,6,6,0.0072992700729927005
AN19-rec-d1222048af868cdb4838:phone:2,AN19-rec-d1222048af868cdb4838,AN19.KOR.kf4,Korean,Koreanic,suck,s ah k,1,ah,1.644814616186772e-06,50.73606216865462,6,6,0.0070921985815602835
AN19-rec-d1222048af868cdb4838:phone:3,AN19-rec-d1222048af868cdb4838,AN19.KOR.kf4,Korean,Koreanic,suck,s ah k,2,k,2.790086122932196e-23,91.21805047254166,6,6,0.0070921985815602835
AN19-rec-d12612d83a34891d67fa:phone:1,AN19-rec-d12612d83a34891d67fa,AN19.MIX.im3,Russian,Slavic,doom,d uw m,0,d,1.446184533226766e-07,39.55301792093215,6,6,0.006756756756756757
AN19-rec-d12612d83a34891d67fa:phone:3,AN19-rec-d12612d83a34891d67fa,AN19.MIX.im3,Russian,Slavic,doom,d uw m,2,m,8.089517581849898e-29,82.39767332859311,6,6,0.006756756756756757
AN19-rec-d12ab42d293aa37811d5:phone:1,AN19-rec-d12ab42d293aa37811d5,AN19.SPA.sf5,Spanish,Romance,gave,g ey v,0,g,1.4577400656559366e-06,25.241463674317803,6,6,0.007194244604316547
AN19-rec-d12cc5b85c6eaf3624b8:phone:1,AN19-rec-d12cc5b85c6eaf3624b8,AN19.SPA.sf2,Spanish,Romance,wick,w ih k,0,w,6.255978627991455e-08,40.26559582075876,6,6,0.007246376811594203
AN19-rec-d1317c9c9643acd179fb:phone:1,AN19-rec-d1317c9c9643acd179fb,AN19.KOR.km2,Korean,Koreanic,job,jh aa b,0,jh,0.10497933033132163,44.06686315576053,6,6,0.006756756756756757
AN19-rec-d1317c9c9643acd179fb:phone:3,AN19-rec-d1317c9c9643acd179fb,AN19.KOR.km2,Korean,Koreanic,job,jh aa b,2,b,1.899092390794768e-09,33.70344435721509,6,6,0.006756756756756757
AN19-rec-d1786429ffe377f5ac0b:phone:2,AN19-rec-d1786429ffe377f5ac0b,AN19.KOR.km1,Korean,Koreanic,lose,l uw z,1,uw,2.2766710770418793e-13,35.62807237442489,6,6,0.0072992700729927005
AN19-rec-d17b84b89e6f5cf4e722:phone:1,AN19-rec-d17b84b89e6f5cf4e722,AN19.MIX.if3,French,Romance,doom,d uw m,0,d,2.1645994435668573e-11,37.229254935344514,6,6,0.006993006993006993
AN19-rec-d17b84b89e6f5cf4e722:phone:3,AN19-rec-d17b84b89e6f5cf4e722,AN19.MIX.if3,French,Romance,doom,d uw m,2,m,2.93792518665328e-10,28.21997852376913,6,6,0.006993006993006993
AN19-rec-d180518b2f276f181805:phone:2,AN19-rec-d180518b2f276f181805,AN19.SPA.sm7,Spanish,Romance,voice,v oy s,1,oy,3.075068090628414e-10,35.877189971764714,6,6,0.007352941176470588
AN19-rec-d192578f948b6743e2c6:phone:2,AN19-rec-d192578f948b6743e2c6,AN19.MIX.if5,Japanese,Japonic,live,l ay v,1,ay,1.383973196165729e-11,50.01053790420068,6,6,0.006711409395973154
AN19-rec-d19ea583170efe6e4bdb:phone:1,AN19-rec-d19ea583170efe6e4bdb,AN19.KOR.kf4,Korean,Koreanic,firm,f er m,0,f,0.00025850113438574473,41.46157325698935,6,6,0.0070921985815602835
AN19-rec-d1aa102b25b41dd3052b:phone:1,AN19-rec-d1aa102b25b41dd3052b,AN19.SPA.sm3,Spanish,Romance,king,k ih ng,0,k,2.1281035357572548e-08,33.240257594760045,6,6,0.0072992700729927005
AN19-rec-d1ae1c39e79e97f7a754:phone:3,AN19-rec-d1ae1c39e79e97f7a754,AN19.SPA.sf5,Spanish,Romance,pup,p ah p,2,p,1.8622778443515113e-23,79.14803021245875,6,6,0.007194244604316547
AN19-rec-d1b3d590401db8a54e9f:phone:2,AN19-rec-d1b3d590401db8a54e9f,AN19.KOR.kf6,Korean,Koreanic,rhyme,r ay m,1,ay,4.32623163766036e-06,28.81263311132292,6,6,0.007042253521126761
AN19-rec-d1b3d590401db8a54e9f:phone:3,AN19-rec-d1b3d590401db8a54e9f,AN19.KOR.kf6,Korean,Koreanic,rhyme,r ay m,2,m,5.881716118059867e-10,34.81944161913221,6,6,0.007042253521126761
AN19-rec-d1b9fb25122c664d4d3f:phone:1,AN19-rec-d1b9fb25122c664d4d3f,AN19.SPA.sf1,Spanish,Romance,theme,th iy m,0,th,1.3524685060618213e-17,65.31396329269181,6,6,0.006896551724137931
AN19-rec-d1b9fb25122c664d4d3f:phone:2,AN19-rec-d1b9fb25122c664d4d3f,AN19.SPA.sf1,Spanish,Romance,theme,th iy m,1,iy,2.084832005173678e-17,59.843071463226856,6,6,0.006896551724137931
AN19-rec-d1b9fb25122c664d4d3f:phone:3,AN19-rec-d1b9fb25122c664d4d3f,AN19.SPA.sf1,Spanish,Romance,theme,th iy m,2,m,5.773396525856977e-16,61.55072735206517,6,6,0.006896551724137931
AN19-rec-d1d695604d20eac455a1:phone:2,AN19-rec-d1d695604d20eac455a1,AN19.SPA.sf3,Spanish,Romance,suck,s ah k,1,ah,8.258675881981924e-14,55.12708176589592,6,6,0.007246376811594203
AN19-rec-d1d695604d20eac455a1:phone:3,AN19-rec-d1d695604d20eac455a1,AN19.SPA.sf3,Spanish,Romance,suck,s ah k,2,k,1.7051027949584084e-15,46.49926815819631,6,6,0.007246376811594203
AN19-rec-d1e04783fbd1dfb22df0:phone:2,AN19-rec-d1e04783fbd1dfb22df0,AN19.SPA.sf5,Spanish,Romance,rat,r ae t,1,ae,6.103102092913607e-09,38.12553183600636,6,6,0.007194244604316547
AN19-rec-d1e485555dfeaab714ac:phone:2,AN19-rec-d1e485555dfeaab714ac,AN19.KOR.km6,Korean,Koreanic,noise,n oy z,1,oy,4.11974922872695e-05,43.13885352768404,6,6,0.007042253521126761
AN19-rec-d1fa9e1ed6ed7ecc1bdc:phone:3,AN19-rec-d1fa9e1ed6ed7ecc1bdc,AN19.KOR.km3,Korean,Koreanic,beak,b iy k,2,k,3.7517796935135775e-15,55.84844895317997,6,6,0.006666666666666667
AN19-rec-d2088b235a4016e7e6ec:phone:1,AN19-rec-d2088b235a4016e7e6ec,AN19.SPA.sm2,Spanish,Romance,move,m uw v,0,m,0.02281145062525591,33.6104460028972,6,6,0.007042253521126761
AN19-rec-d2088b235a4016e7e6ec:phone:3,AN19-rec-d2088b235a4016e7e6ec,AN19.SPA.sm2,Spanish,Romance,move,m uw v,2,v,3.841410152990544e-14,40.00239499735459,6,6,0.007042253521126761
AN19-rec-d2339ba50dce1a07316c:phone:1,AN19-rec-d2339ba50dce1a07316c,AN19.MIX.if6,Somali,Afro-Asiatic,king,k ih ng,0,k,4.386045051702194e-08,26.92104916350485,6,6,0.007246376811594203
AN19-rec-d25b05f7c87b1632df04:phone:3,AN19-rec-d25b05f7c87b1632df04,AN19.KOR.kf4,Korean,Koreanic,dog,d ao g,2,g,4.6899088152559293e-07,37.626934215547415,6,6,0.0070921985815602835
AN19-rec-d278e834ef9ea0f30510:phone:2,AN19-rec-d278e834ef9ea0f30510,AN19.KOR.kf1,Korean,Koreanic,teat,t iy t,1,iy,2.5071580788560568e-09,42.61147289027985,6,6,0.0072992700729927005
AN19-rec-d28687f6362601da813d:phone:1,AN19-rec-d28687f6362601da813d,AN19.SPA.sf4,Spanish,Romance,girl,g er l,0,g,1.837133997161461e-11,36.37533370806623,6,6,0.0070921985815602835
AN19-rec-d28cd36aa11698ec4d80:phone:2,AN19-rec-d28cd36aa11698ec4d80,AN19.SPA.sf5,Spanish,Romance,was,w aa z,1,aa,7.264960433005347e-06,25.03396897087934,6,6,0.007194244604316547
AN19-rec-d2a648605415dfd9e97c:phone:2,AN19-rec-d2a648605415dfd9e97c,AN19.SPA.sf4,Spanish,Romance,noise,n oy z,1,oy,1.7558078836308206e-05,49.00746060363975,6,6,0.0070921985815602835
AN19-rec-d2afe011e5e8a05ab82a:phone:2,AN19-rec-d2afe011e5e8a05ab82a,AN19.SPA.sm6,Spanish,Romance,voice,v oy s,1,oy,6.59840698733757e-05,30.81143595824827,6,6,0.006756756756756757
AN19-rec-d2b27a7b2a486eccef61:phone:2,AN19-rec-d2b27a7b2a486eccef61,AN19.KOR.kf1,Korean,Koreanic,soak,s ow k,1,ow,0.00019881333932705172,25.57497254555366,6,6,0.0072992700729927005
AN19-rec-d2c193ccfa848cbd6e87:phone:3,AN19-rec-d2c193ccfa848cbd6e87,AN19.KOR.km2,Korean,Koreanic,bum,b ah m,2,m,0.00033280215721334444,24.225752781229147,6,6,0.006756756756756757
AN19-rec-d2d59067a6cee64ea762:phone:1,AN19-rec-d2d59067a6cee64ea762,AN19.KOR.km1,Korean,Koreanic,hid,hh ih d,0,hh,1.2117396513489066e-05,24.79535249361219,6,6,0.0072992700729927005
AN19-rec-d2d59067a6cee64ea762:phone:3,AN19-rec-d2d59067a6cee64ea762,AN19.KOR.km1,Korean,Koreanic,hid,hh ih d,2,d,3.839671280043513e-08,39.45869970106759,6,6,0.0072992700729927005
AN19-rec-d2fc51d03e76279d5116:phone:3,AN19-rec-d2fc51d03e76279d5116,AN19.SPA.sf1,Spanish,Romance,deep,d iy p,2,p,8.086911426334683e-06,26.55856138937497,6,6,0.006896551724137931
AN19-rec-d2fd4b11fb847fe8cd79:phone:2,AN19-rec-d2fd4b11fb847fe8cd79,AN19.SPA.sf2,Spanish,Romance,roof,r uw f,1,uw,1.3092450048409392e-10,34.97089116313688,6,6,0.007246376811594203
AN19-rec-d2fd5c4cf4c94d210d17:phone:1,AN19-rec-d2fd5c4cf4c94d210d17,AN19.MIX.if6,Somali,Afro-Asiatic,rough,r ah f,0,r,0.0033420050247860507,20.80131016470786,6,6,0.007246376811594203
AN19-rec-d306aeaeee5c144af673:phone:1,AN19-rec-d306aeaeee5c144af673,AN19.MIX.im3,Russian,Slavic,hid,hh ih d,0,hh,6.2564115733433e-05,28.5845047259094,6,6,0.006756756756756757
AN19-rec-d306aeaeee5c144af673:phone:3,AN19-rec-d306aeaeee5c144af673,AN19.MIX.im3,Russian,Slavic,hid,hh ih d,2,d,0.0625760538488876,28.70091349653842,6,6,0.006756756756756757
AN19-rec-d33c2f72bddd121b9e8c:phone:2,AN19-rec-d33c2f72bddd121b9e8c,AN19.KOR.km7,Korean,Koreanic,lose,l uw z,1,uw,1.4629431721311835e-06,16.22062704289354,6,6,0.006711409395973154
AN19-rec-d34ad7606416b034b9a8:phone:2,AN19-rec-d34ad7606416b034b9a8,AN19.KOR.km8,Korean,Koreanic,wife,w ay f,1,ay,0.0003704936527225097,50.26123223536597,6,6,0.006896551724137931
AN19-rec-d34e3b0720c6a2ee22e3:phone:3,AN19-rec-d34e3b0720c6a2ee22e3,AN19.SPA.sm6,Spanish,Romance,faith,f ey th,2,th,0.0006054559299177069,30.45810305006741,6,6,0.006756756756756757
AN19-rec-d353aa6c6045ed1743b4:phone:2,AN19-rec-d353aa6c6045ed1743b4,AN19.SPA.sm7,Spanish,Romance,theme,th iy m,1,iy,0.00010496003668491708,23.836345025301146,6,6,0.007352941176470588
AN19-rec-d353aa6c6045ed1743b4:phone:3,AN19-rec-d353aa6c6045ed1743b4,AN19.SPA.sm7,Spanish,Romance,theme,th iy m,2,m,7.551653066134738e-07,22.740929269482127,6,6,0.007352941176470588
AN19-rec-d3787f476a4d22ee3a89:phone:1,AN19-rec-d3787f476a4d22ee3a89,AN19.SPA.sm6,Spanish,Romance,league,l iy g,0,l,3.867955827981907e-15,46.71696747641068,6,6,0.006756756756756757
AN19-rec-d3787f476a4d22ee3a89:phone:2,AN19-rec-d3787f476a4d22ee3a89,AN19.SPA.sm6,Spanish,Romance,league,l iy g,1,iy,6.573903769326841e-09,26.41541067148702,6,6,0.006756756756756757
AN19-rec-d3787f476a4d22ee3a89:phone:3,AN19-rec-d3787f476a4d22ee3a89,AN19.SPA.sm6,Spanish,Romance,league,l iy g,2,g,1.6329861303815496e-10,38.260787361095296,6,6,0.006756756756756757
AN19-rec-d37d77535df438b501ab:phone:3,AN19-rec-d37d77535df438b501ab,AN19.SPA.sf1,Spanish,Romance,bum,b ah m,2,m,6.993204503568337e-31,79.73884283341546,6,6,0.006896551724137931
AN19-rec-d37deae27298dac5a390:phone:1,AN19-rec-d37deae27298dac5a390,AN19.KOR.kf1,Korean,Koreanic,path,p ae th,0,p,1.2803224984456458e-06,29.89942816403493,6,6,0.0072992700729927005
AN19-rec-d38f96bd99f506b5c69f:phone:1,AN19-rec-d38f96bd99f506b5c69f,AN19.SPA.sf6,Spanish,Romance,chain,ch ey n,0,ch,0.01832883619539953,19.63907654438613,6,6,0.007042253521126761
AN19-rec-d39caffcb3000765502b:phone:3,AN19-rec-d39caffcb3000765502b,AN19.KOR.km8,Korean,Koreanic,mouth,m aw th,2,th,2.2167724120421875e-11,44.77164249380547,6,6,0.006896551724137931
AN19-rec-d39f85172847b8d81647:phone:2,AN19-rec-d39f85172847b8d81647,AN19.KOR.km2,Korean,Koreanic,caught,k aa t,1,aa,7.237854198126833e-08,61.34009744582494,6,6,0.006756756756756757
AN19-rec-d3aefd210f492d85c7ff:phone:1,AN19-rec-d3aefd210f492d85c7ff,AN19.MIX.if2,Dutch,Germanic,young,y ah ng,0,y,0.0005077927759315693,23.381615729258584,6,6,0.006944444444444444
AN19-rec-d3aefd210f492d85c7ff:phone:3,AN19-rec-d3aefd210f492d85c7ff,AN19.MIX.if2,Dutch,Germanic,young,y ah ng,2,ng,8.28051161270827e-08,26.784733905723566,6,6,0.006944444444444444
AN19-rec-d3bdfef3c2758f3761bd:phone:1,AN19-rec-d3bdfef3c2758f3761bd,AN19.KOR.kf4,Korean,Koreanic,curve,k er v,0,k,3.987327763777299e-07,21.83590658872899,6,6,0.0070921985815602835
AN19-rec-d3bdfef3c2758f3761bd:phone:3,AN19-rec-d3bdfef3c2758f3761bd,AN19.KOR.kf4,Korean,Koreanic,curve,k er v,2,v,0.00045735489825952155,12.278848594344955,6,6,0.0070921985815602835
AN19-rec-d3da49b9f5bb3a3c449c:phone:2,AN19-rec-d3da49b9f5bb3a3c449c,AN19.SPA.sm7,Spanish,Romance,cod,k aa d,1,aa,2.78043675703371e-07,58.60813299447242,6,6,0.007352941176470588
AN19-rec-d3e70d9824e2083ff776:phone:2,AN19-rec-d3e70d9824e2083ff776,AN19.SPA.sm5,Spanish,Romance,caught,k aa t,1,aa,2.780446405447133e-22,62.11221873713591,6,6,0.006896551724137931
AN19-rec-d4013fa47442c86b8646:phone:3,AN19-rec-d4013fa47442c86b8646,AN19.SPA.sf5,Spanish,Romance,lame,l ey m,2,m,1.1881297019718791e-07,29.23389139305516,6,6,0.007194244604316547
AN19-rec-d40964a6eebc3ac48c8a:phone:3,AN19-rec-d40964a6eebc3ac48c8a,AN19.KOR.km6,Korean,Koreanic,death,d eh th,2,th,2.0962847532088467e-08,51.8495982624689,6,6,0.007042253521126761
AN19-rec-d4132010019da5c26186:phone:1,AN19-rec-d4132010019da5c26186,AN19.MIX.im1,Romanian,Romance,mote,m ow t,0,m,2.4052703935547712e-09,56.42040119186836,6,6,0.006802721088435374
AN19-rec-d4132010019da5c26186:phone:2,AN19-rec-d4132010019da5c26186,AN19.MIX.im1,Romanian,Romance,mote,m ow t,1,ow,1.6565647452422577e-09,36.383251417530495,6,6,0.006802721088435374
AN19-rec-d426768f2ad30f78b964:phone:1,AN19-rec-d426768f2ad30f78b964,AN19.SPA.sf5,Spanish,Romance,give,g ih v,0,g,1.7642717625567815e-16,39.988238233391385,6,6,0.007194244604316547
AN19-rec-d464524212561eeb7993:phone:2,AN19-rec-d464524212561eeb7993,AN19.KOR.km3,Korean,Koreanic,bun,b ah n,1,ah,3.0310782894981277e-15,41.13609153427482,6,6,0.006666666666666667
AN19-rec-d4668eb90cf2ca0781c1:phone:1,AN19-rec-d4668eb90cf2ca0781c1,AN19.KOR.km1,Korean,Koreanic,doom,d uw m,0,d,7.343625946673287e-14,52.58521428692065,6,6,0.0072992700729927005
AN19-rec-d4668eb90cf2ca0781c1:phone:3,AN19-rec-d4668eb90cf2ca0781c1,AN19.KOR.km1,Korean,Koreanic,doom,d uw m,2,m,5.07888360970554e-14,42.526075464876186,6,6,0.0072992700729927005
AN19-rec-d4845af9deb9264eddb9:phone:1,AN19-rec-d4845af9deb9264eddb9,AN19.MIX.im6,Hindi,Indo-Aryan,move,m uw v,0,m,1.0558130935002284e-05,24.75470893420456,6,6,0.006711409395973154
AN19-rec-d4845af9deb9264eddb9:phone:3,AN19-rec-d4845af9deb9264eddb9,AN19.MIX.im6,Hindi,Indo-Aryan,move,m uw v,2,v,5.382955393750513e-11,26.259103138663438,6,6,0.006711409395973154
AN19-rec-d4af078c108737f6d8b9:phone:3,AN19-rec-d4af078c108737f6d8b9,AN19.KOR.kf4,Korean,Koreanic,bum,b ah m,2,m,0.00023312181544468647,28.39406864372348,6,6,0.0070921985815602835
AN19-rec-d4b48834ef5fb1cf973e:phone:2,AN19-rec-d4b48834ef5fb1cf973e,AN19.KOR.kf6,Korean,Koreanic,wife,w ay f,1,ay,4.087909868247222e-06,22.905806512055207,6,6,0.007042253521126761
AN19-rec-d4c09ce41b686d56c4e4:phone:2,AN19-rec-d4c09ce41b686d56c4e4,AN19.MIX.if6,Somali,Afro-Asiatic,pull,p uh l,1,uh,0.0004351095384303552,23.75539111539287,6,6,0.007246376811594203
AN19-rec-d4c641be87d5633c6c46:phone:1,AN19-rec-d4c641be87d5633c6c46,AN19.MIX.im2,Bengali,Indo-Aryan,god,g aa d,0,g,1.3249874645501184e-10,53.51640715085215,6,6,0.007246376811594203
AN19-rec-d4c75ff5d906a9b5ad67:phone:2,AN19-rec-d4c75ff5d906a9b5ad67,AN19.MIX.if1,Albanian,Albanian,lose,l uw z,1,uw,9.26617606591808e-18,45.77266931934142,6,6,0.0070921985815602835
AN19-rec-d4cb8f147f3c9af98826:phone:1,AN19-rec-d4cb8f147f3c9af98826,AN19.SPA.sf5,Spanish,Romance,hid,hh ih d,0,hh,3.2216498488676206e-21,80.96512889094996,6,6,0.007194244604316547
AN19-rec-d4cb8f147f3c9af98826:phone:3,AN19-rec-d4cb8f147f3c9af98826,AN19.SPA.sf5,Spanish,Romance,hid,hh ih d,2,d,7.435398541842838e-10,55.25163439966368,6,6,0.007194244604316547
AN19-rec-d4da0960807926324618:phone:2,AN19-rec-d4da0960807926324618,AN19.KOR.km8,Korean,Koreanic,thing,th ih ng,1,ih,0.008067960919083248,39.862537274881326,6,6,0.006896551724137931
AN19-rec-d4db05d1da084adcd6a8:phone:3,AN19-rec-d4db05d1da084adcd6a8,AN19.KOR.km2,Korean,Koreanic,lame,l ey m,2,m,1.0537941315585978e-09,37.03383962464318,6,6,0.006756756756756757
AN19-rec-d4dd52a8b4cc1d717fcd:phone:2,AN19-rec-d4dd52a8b4cc1d717fcd,AN19.KOR.kf2,Korean,Koreanic,fool,f uw l,1,uw,3.289030439710571e-14,36.733602692914246,6,6,0.0072992700729927005
AN19-rec-d4f746c1d7d2fc2c7a70:phone:2,AN19-rec-d4f746c1d7d2fc2c7a70,AN19.MIX.im3,Russian,Slavic,wed,w eh d,1,eh,6.455634671420411e-28,72.34759767717087,6,6,0.006756756756756757
AN19-rec-d4f978ed458bde4bb7da:phone:1,AN19-rec-d4f978ed458bde4bb7da,AN19.KOR.kf4,Korean,Koreanic,weed,w iy d,0,w,1.5778955202405783e-07,60.38887729084064,6,6,0.0070921985815602835
AN19-rec-d4f978ed458bde4bb7da:phone:2,AN19-rec-d4f978ed458bde4bb7da,AN19.KOR.kf4,Korean,Koreanic,weed,w iy d,1,iy,0.0022874109951918757,17.219834425386267,6,6,0.0070921985815602835
AN19-rec-d51cae02ee5d3568769c:phone:1,AN19-rec-d51cae02ee5d3568769c,AN19.KOR.kf5,Korean,Koreanic,join,jh oy n,0,jh,0.034097273498000485,32.46568510956217,6,6,0.006993006993006993
AN19-rec-d51cae02ee5d3568769c:phone:3,AN19-rec-d51cae02ee5d3568769c,AN19.KOR.kf5,Korean,Koreanic,join,jh oy n,2,n,0.01000652438862333,28.25640355674699,6,6,0.006993006993006993
AN19-rec-d525a692ae13e7d0c483:phone:3,AN19-rec-d525a692ae13e7d0c483,AN19.SPA.sm4,Spanish,Romance,pup,p ah p,2,p,2.763627396316651e-08,49.74830450258671,6,6,0.007194244604316547
AN19-rec-d546f794247e1ffcaef9:phone:1,AN19-rec-d546f794247e1ffcaef9,AN19.MIX.im5,Turkish,Turkic,young,y ah ng,0,y,0.16954050115097927,33.6883010222763,6,6,0.007246376811594203
AN19-rec-d5641f50c61331025610:phone:1,AN19-rec-d5641f50c61331025610,AN19.SPA.sf4,Spanish,Romance,god,g aa d,0,g,0.02737081347264572,45.93155772757259,6,6,0.0070921985815602835
AN19-rec-d5654a67e72c6cb2078b:phone:3,AN19-rec-d5654a67e72c6cb2078b,AN19.KOR.km2,Korean,Koreanic,faith,f ey th,2,th,6.363249490897364e-09,31.49526358602776,6,6,0.006756756756756757
AN19-rec-d5715ae01866be7fde3a:phone:1,AN19-rec-d5715ae01866be7fde3a,AN19.MIX.im3,Russian,Slavic,fig,f ih g,0,f,2.433776880041908e-07,33.264934158681704,6,6,0.006756756756756757
AN19-rec-d5715ae01866be7fde3a:phone:3,AN19-rec-d5715ae01866be7fde3a,AN19.MIX.im3,Russian,Slavic,fig,f ih g,2,g,3.391110233470261e-05,34.49148980572297,6,6,0.006756756756756757
AN19-rec-d586950c44ccf3fd89ab:phone:2,AN19-rec-d586950c44ccf3fd89ab,AN19.MIX.im2,Bengali,Indo-Aryan,long,l ao ng,1,ao,1.5604512387966388e-17,59.85858075295559,6,6,0.007246376811594203
AN19-rec-d586950c44ccf3fd89ab:phone:3,AN19-rec-d586950c44ccf3fd89ab,AN19.MIX.im2,Bengali,Indo-Aryan,long,l ao ng,2,ng,3.2941878344321866e-23,70.70720973232746,6,6,0.007246376811594203
AN19-rec-d5899ef54a6e12579de0:phone:2,AN19-rec-d5899ef54a6e12579de0,AN19.MIX.if5,Japanese,Japonic,bead,b iy d,1,iy,2.1133362611079607e-05,38.25788941173472,6,6,0.006711409395973154
AN19-rec-d5899ef54a6e12579de0:phone:3,AN19-rec-d5899ef54a6e12579de0,AN19.MIX.if5,Japanese,Japonic,bead,b iy d,2,d,2.3227459621016843e-10,37.148191943585765,6,6,0.006711409395973154
AN19-rec-d596d63141d6731d6939:phone:1,AN19-rec-d596d63141d6731d6939,AN19.SPA.sm4,Spanish,Romance,doom,d uw m,0,d,0.00012953920279341758,27.613962216736866,6,6,0.007194244604316547
AN19-rec-d596d63141d6731d6939:phone:3,AN19-rec-d596d63141d6731d6939,AN19.SPA.sm4,Spanish,Romance,doom,d uw m,2,m,5.041476601673914e-08,23.982340239492373,6,6,0.007194244604316547
AN19-rec-d5b043a94ca509cfa082:phone:3,AN19-rec-d5b043a94ca509cfa082,AN19.SPA.sm5,Spanish,Romance,pad,p ae d,2,d,0.003590253849369221,12.626974732694398,6,6,0.006896551724137931
AN19-rec-d5b7cd42ff5ae77760a5:phone:2,AN19-rec-d5b7cd42ff5ae77760a5,AN19.SPA.sf5,Spanish,Romance,full,f uh l,1,uh,2.159331913101255e-07,25.719646568740487,6,6,0.007194244604316547
AN19-rec-d5bad0954e8021818baf:phone:2,AN19-rec-d5bad0954e8021818baf,AN19.SPA.sm6,Spanish,Romance,bead,b iy d,1,iy,0.009333906450760142,24.882249646055,6,6,0.006756756756756757
AN19-rec-d5bad0954e8021818baf:phone:3,AN19-rec-d5bad0954e8021818baf,AN19.SPA.sm6,Spanish,Romance,bead,b iy d,2,d,3.873492532225464e-05,22.658126254957512,6,6,0.006756756756756757
AN19-rec-d5bb64c7fd210b0d93ea:phone:1,AN19-rec-d5bb64c7fd210b0d93ea,AN19.KOR.km7,Korean,Koreanic,god,g aa d,0,g,6.2891173724026255e-09,39.05900258501991,6,6,0.006711409395973154
AN19-rec-d5c0788a879172a8c13f:phone:1,AN19-rec-d5c0788a879172a8c13f,AN19.MIX.if5,Japanese,Japonic,young,y ah ng,0,y,1.4816140748983178e-08,28.84974475624364,6,6,0.006711409395973154
AN19-rec-d5c0788a879172a8c13f:phone:3,AN19-rec-d5c0788a879172a8c13f,AN19.MIX.if5,Japanese,Japonic,young,y ah ng,2,ng,2.465083731986156e-09,51.83526251203791,6,6,0.006711409395973154
AN19-rec-d5d9ee38ec8a21a6ea4e:phone:2,AN19-rec-d5d9ee38ec8a21a6ea4e,AN19.SPA.sf6,Spanish,Romance,live,l ay v,1,ay,6.140844065049038e-20,61.51966154672679,6,6,0.007042253521126761
AN19-rec-d5edeb24f532000cc37e:phone:3,AN19-rec-d5edeb24f532000cc37e,AN19.MIX.im4,Mandarin,Sino-Tibetan,mum,m ah m,2,m,2.139102531785102e-05,31.88491671160773,6,6,0.006993006993006993
AN19-rec-d6169ee74345408cab48:phone:2,AN19-rec-d6169ee74345408cab48,AN19.KOR.kf3,Korean,Koreanic,noise,n oy z,1,oy,1.4221883644745563e-12,71.30101429863677,6,6,0.007246376811594203
AN19-rec-d6198f391147d4648679:phone:1,AN19-rec-d6198f391147d4648679,AN19.MIX.if1,Albanian,Albanian,shop,sh aa p,0,sh,0.0002651884221109783,13.890234028646413,6,6,0.0070921985815602835
AN19-rec-d6198f391147d4648679:phone:2,AN19-rec-d6198f391147d4648679,AN19.MIX.if1,Albanian,Albanian,shop,sh aa p,1,aa,5.377649119804205e-05,18.152407164101188,6,6,0.0070921985815602835
AN19-rec-d619bec54969f755deb2:phone:1,AN19-rec-d619bec54969f755deb2,AN19.MIX.if4,German,Germanic,wick,w ih k,0,w,8.553414422990203e-05,34.538826431938546,6,6,0.0072992700729927005
AN19-rec-d621de8b89a4b944d2fb:phone:1,AN19-rec-d621de8b89a4b944d2fb,AN19.SPA.sm5,Spanish,Romance,join,jh oy n,0,jh,3.306034637900886e-20,50.72511620904124,6,6,0.006896551724137931
AN19-rec-d6377cf9b2721ce637f5:phone:2,AN19-rec-d6377cf9b2721ce637f5,AN19.SPA.sf1,Spanish,Romance,learn,l er n,1,er,5.298612492238926e-15,47.8492218753968,6,6,0.006896551724137931
AN19-rec-d63ae1ad172687440a75:phone:1,AN19-rec-d63ae1ad172687440a75,AN19.KOR.km3,Korean,Koreanic,weed,w iy d,0,w,3.0542045452480075e-07,41.38892076564982,6,6,0.006666666666666667
AN19-rec-d63ae1ad172687440a75:phone:2,AN19-rec-d63ae1ad172687440a75,AN19.KOR.km3,Korean,Koreanic,weed,w iy d,1,iy,3.356942907552652e-07,27.968221379456622,6,6,0.006666666666666667
AN19-rec-d63ccc5c20e103160d5b:phone:1,AN19-rec-d63ccc5c20e103160d5b,AN19.MIX.im6,Hindi,Indo-Aryan,girl,g er l,0,g,2.503314810018711e-18,60.525692681811336,6,6,0.006711409395973154
AN19-rec-d6448bb24a1d11111a13:phone:1,AN19-rec-d6448bb24a1d11111a13,AN19.KOR.kf3,Korean,Koreanic,theme,th iy m,0,th,1.040775647330237e-07,45.35760911669717,6,6,0.007246376811594203
AN19-rec-d6448bb24a1d11111a13:phone:2,AN19-rec-d6448bb24a1d11111a13,AN19.KOR.kf3,Korean,Koreanic,theme,th iy m,1,iy,0.008484702923013865,21.11716128291856,6,6,0.007246376811594203
AN19-rec-d6448bb24a1d11111a13:phone:3,AN19-rec-d6448bb24a1d11111a13,AN19.KOR.kf3,Korean,Koreanic,theme,th iy m,2,m,3.9422315424391225e-10,27.802890503149104,6,6,0.007246376811594203
AN19-rec-d64755ee42634b2df291:phone:2,AN19-rec-d64755ee42634b2df291,AN19.MIX.im3,Russian,Slavic,fool,f uw l,1,uw,0.00010809960497983245,18.78263243586944,6,6,0.006756756756756757
AN19-rec-d65b18c4cc9b5ce1827e:phone:1,AN19-rec-d65b18c4cc9b5ce1827e,AN19.KOR.kf6,Korean,Koreanic,fig,f ih g,0,f,3.928064599239008e-11,31.53701829923201,6,6,0.007042253521126761
AN19-rec-d65b18c4cc9b5ce1827e:phone:3,AN19-rec-d65b18c4cc9b5ce1827e,AN19.KOR.kf6,Korean,Koreanic,fig,f ih g,2,g,2.6206247176355363e-13,33.648621011431594,6,6,0.007042253521126761
AN19-rec-d661aa019f89939edb9f:phone:1,AN19-rec-d661aa019f89939edb9f,AN19.SPA.sf2,Spanish,Romance,jack,jh ae k,0,jh,3.823090236637334e-24,82.68736028980732,6,6,0.007246376811594203
AN19-rec-d661aa019f89939edb9f:phone:3,AN19-rec-d661aa019f89939edb9f,AN19.SPA.sf2,Spanish,Romance,jack,jh ae k,2,k,3.174917151434393e-53,134.1687834423309,6,6,0.007246376811594203
AN19-rec-d66325f1c7427af2209c:phone:3,AN19-rec-d66325f1c7427af2209c,AN19.MIX.if5,Japanese,Japonic,gas,g ae s,2,s,3.48361819330127e-08,25.120001456120665,6,6,0.006711409395973154
AN19-rec-d66cdbc27ffffd791e83:phone:2,AN19-rec-d66cdbc27ffffd791e83,AN19.MIX.if6,Somali,Afro-Asiatic,rhyme,r ay m,1,ay,1.671413116676844e-06,32.417115006338385,6,6,0.007246376811594203
AN19-rec-d66cdbc27ffffd791e83:phone:3,AN19-rec-d66cdbc27ffffd791e83,AN19.MIX.if6,Somali,Afro-Asiatic,rhyme,r ay m,2,m,4.143011955866768e-08,31.61721236271814,6,6,0.007246376811594203
AN19-rec-d678b9be9bc0df19ed90:phone:1,AN19-rec-d678b9be9bc0df19ed90,AN19.SPA.sf3,Spanish,Romance,balm,b aa m,0,b,4.420990819040025e-08,28.09963982880714,6,6,0.007246376811594203
AN19-rec-d68cc1e408d2c64d4cc9:phone:3,AN19-rec-d68cc1e408d2c64d4cc9,AN19.KOR.kf2,Korean,Koreanic,mum,m ah m,2,m,1.461243912652666e-09,44.44784543856365,6,6,0.0072992700729927005
AN19-rec-d69b29850d681b9f3f86:phone:1,AN19-rec-d69b29850d681b9f3f86,AN19.MIX.im4,Mandarin,Sino-Tibetan,bug,b ah g,0,b,0.0007448590153641871,41.30895337419125,6,6,0.006993006993006993
AN19-rec-d69f3c7da40c91bffefa:phone:1,AN19-rec-d69f3c7da40c91bffefa,AN19.KOR.km1,Korean,Koreanic,chief,ch iy f,0,ch,0.005643058900378723,28.714119128277744,6,6,0.0072992700729927005
AN19-rec-d69f3c7da40c91bffefa:phone:2,AN19-rec-d69f3c7da40c91bffefa,AN19.KOR.km1,Korean,Koreanic,chief,ch iy f,1,iy,9.93135945667149e-06,26.09791565404426,6,6,0.0072992700729927005
AN19-rec-d6a8cc909ab11b4c40ec:phone:2,AN19-rec-d6a8cc909ab11b4c40ec,AN19.SPA.sm6,Spanish,Romance,deep,d iy p,1,iy,4.010795909571415e-08,23.346526708515952,6,6,0.006756756756756757
AN19-rec-d6a8cc909ab11b4c40ec:phone:3,AN19-rec-d6a8cc909ab11b4c40ec,AN19.SPA.sm6,Spanish,Romance,deep,d iy p,2,p,1.2817566255934305e-08,27.270006854579343,6,6,0.006756756756756757
AN19-rec-d6b5a7185effd2cd78bd:phone:2,AN19-rec-d6b5a7185effd2cd78bd,AN19.KOR.kf5,Korean,Koreanic,was,w aa z,1,aa,1.52221958645998e-08,36.533399807679245,6,6,0.006993006993006993
AN19-rec-d6cdd40323f184fecd14:phone:2,AN19-rec-d6cdd40323f184fecd14,AN19.MIX.im5,Turkish,Turkic,shape,sh ey p,1,ey,9.7255000847816e-05,16.434103513883784,6,6,0.007246376811594203
AN19-rec-d6d7b221bb6e2886f238:phone:1,AN19-rec-d6d7b221bb6e2886f238,AN19.MIX.im4,Mandarin,Sino-Tibetan,girl,g er l,0,g,1.2476833028183225e-10,35.22479987839687,6,6,0.006993006993006993
AN19-rec-d6f339c77e063517791a:phone:1,AN19-rec-d6f339c77e063517791a,AN19.SPA.sf6,Spanish,Romance,young,y ah ng,0,y,4.372405412187622e-13,51.40130660848712,6,6,0.007042253521126761
AN19-rec-d6f339c77e063517791a:phone:3,AN19-rec-d6f339c77e063517791a,AN19.SPA.sf6,Spanish,Romance,young,y ah ng,2,ng,0.0002074653551082092,31.05449310428424,6,6,0.007042253521126761
AN19-rec-d6fdeccaa6e7ab45be48:phone:3,AN19-rec-d6fdeccaa6e7ab45be48,AN19.SPA.sf3,Spanish,Romance,whore,hh ao r,2,r,0.0009306613830069925,13.541632053121043,6,6,0.007246376811594203
AN19-rec-d713212c01ad57365e63:phone:2,AN19-rec-d713212c01ad57365e63,AN19.SPA.sf1,Spanish,Romance,was,w aa z,1,aa,3.4701627770114786e-20,57.16794114594682,6,6,0.006896551724137931
AN19-rec-d7166eca0c9939db0f4a:phone:2,AN19-rec-d7166eca0c9939db0f4a,AN19.SPA.sm5,Spanish,Romance,suck,s ah k,1,ah,1.6016777489695455e-05,32.516637653357485,6,6,0.006896551724137931
AN19-rec-d7166eca0c9939db0f4a:phone:3,AN19-rec-d7166eca0c9939db0f4a,AN19.SPA.sm5,Spanish,Romance,suck,s ah k,2,k,1.4363780686739703e-25,72.72824027267366,6,6,0.006896551724137931
AN19-rec-d72137f128bca231dace:phone:1,AN19-rec-d72137f128bca231dace,AN19.KOR.km3,Korean,Koreanic,mall,m ao l,0,m,0.07495110412301818,37.730373776680416,6,6,0.006666666666666667
AN19-rec-d7216d9979b9fd2d838e:phone:2,AN19-rec-d7216d9979b9fd2d838e,AN19.MIX.im1,Romanian,Romance,pull,p uh l,1,uh,1.290366160643383e-08,29.67951428064826,6,6,0.006802721088435374
AN19-rec-d72db07bd1bb4a5dd58e:phone:2,AN19-rec-d72db07bd1bb4a5dd58e,AN19.MIX.im3,Russian,Slavic,learn,l er n,1,er,1.2609125176572313e-07,29.44633234933445,6,6,0.006756756756756757
AN19-rec-d7486013b45667824ce5:phone:1,AN19-rec-d7486013b45667824ce5,AN19.MIX.if1,Albanian,Albanian,doom,d uw m,0,d,4.878641899341135e-15,59.04570603145728,6,6,0.0070921985815602835
AN19-rec-d7486013b45667824ce5:phone:3,AN19-rec-d7486013b45667824ce5,AN19.MIX.if1,Albanian,Albanian,doom,d uw m,2,m,5.242323462773632e-13,35.14432499801779,6,6,0.0070921985815602835
AN19-rec-d74c7fcddbb74b71b989:phone:1,AN19-rec-d74c7fcddbb74b71b989,AN19.KOR.kf3,Korean,Koreanic,wick,w ih k,0,w,2.2065714240881595e-23,64.3504765899671,6,6,0.007246376811594203
AN19-rec-d74d5a7655b1260909c4:phone:2,AN19-rec-d74d5a7655b1260909c4,AN19.KOR.kf2,Korean,Koreanic,lad,l ae d,1,ae,2.8397761146358734e-41,100.37010906594408,6,6,0.0072992700729927005
AN19-rec-d7533a78b25b74840165:phone:3,AN19-rec-d7533a78b25b74840165,AN19.KOR.km8,Korean,Koreanic,dog,d ao g,2,g,9.853538476274934e-06,38.75223762830152,6,6,0.006896551724137931
AN19-rec-d76fecc47c46d3294222:phone:1,AN19-rec-d76fecc47c46d3294222,AN19.SPA.sf4,Spanish,Romance,den,d eh n,0,d,3.8731899073071865e-11,42.40025910186832,6,6,0.0070921985815602835
AN19-rec-d76fecc47c46d3294222:phone:2,AN19-rec-d76fecc47c46d3294222,AN19.SPA.sf4,Spanish,Romance,den,d eh n,1,eh,5.566876318667894e-13,34.36222123004543,6,6,0.0070921985815602835
AN19-rec-d7869940fa34a539a0ae:phone:2,AN19-rec-d7869940fa34a539a0ae,AN19.MIX.if6,Somali,Afro-Asiatic,kin,k ih n,1,ih,1.8389146609771172e-06,36.32639845533853,6,6,0.007246376811594203
AN19-rec-d79dc54e959469de8d12:phone:1,AN19-rec-d79dc54e959469de8d12,AN19.KOR.km3,Korean,Koreanic,pawn,p ao n,0,p,1.6891785861380892e-09,37.27288649833306,6,6,0.006666666666666667
AN19-rec-d7b25b28f64342acf574:phone:1,AN19-rec-d7b25b28f64342acf574,AN19.MIX.if5,Japanese,Japonic,theme,th iy m,0,th,5.686876156729334e-17,47.97775289514342,6,6,0.006711409395973154
AN19-rec-d7b25b28f64342acf574:phone:3,AN19-rec-d7b25b28f64342acf574,AN19.MIX.if5,Japanese,Japonic,theme,th iy m,2,m,3.1289796153448454e-08,24.363178860930976,6,6,0.006711409395973154
AN19-rec-d7bae3517bd058968f53:phone:2,AN19-rec-d7bae3517bd058968f53,AN19.KOR.kf5,Korean,Koreanic,wash,w aa sh,1,aa,0.04386836648684375,21.39321341296828,6,6,0.006993006993006993
AN19-rec-d7bb56eb07af43a5232b:phone:2,AN19-rec-d7bb56eb07af43a5232b,AN19.SPA.sf2,Spanish,Romance,deep,d iy p,1,iy,2.512603245737959e-10,25.92192772957236,6,6,0.007246376811594203
AN19-rec-d7bb56eb07af43a5232b:phone:3,AN19-rec-d7bb56eb07af43a5232b,AN19.SPA.sf2,Spanish,Romance,deep,d iy p,2,p,4.924921021367956e-05,25.777260664976183,6,6,0.007246376811594203
AN19-rec-d7e801eb53eb57565c6f:phone:2,AN19-rec-d7e801eb53eb57565c6f,AN19.MIX.im1,Romanian,Romance,thick,th ih k,1,ih,1.0961501433560708e-13,57.20897587251172,6,6,0.006802721088435374
AN19-rec-d7e801eb53eb57565c6f:phone:3,AN19-rec-d7e801eb53eb57565c6f,AN19.MIX.im1,Romanian,Romance,thick,th ih k,2,k,1.5716198971507193e-11,63.046128831929394,6,6,0.006802721088435374
AN19-rec-d7f1f7a96062d48dfab9:phone:2,AN19-rec-d7f1f7a96062d48dfab9,AN19.SPA.sm2,Spanish,Romance,mat,m ae t,1,ae,2.7191562783787492e-06,26.909790754395416,6,6,0.007042253521126761
AN19-rec-d7f9ed69357cbfccd22f:phone:2,AN19-rec-d7f9ed69357cbfccd22f,AN19.MIX.im6,Hindi,Indo-Aryan,lose,l uw z,1,uw,4.707205410785292e-14,37.68994224452969,6,6,0.006711409395973154
AN19-rec-d81644f81f16a6b263c2:phone:2,AN19-rec-d81644f81f16a6b263c2,AN19.SPA.sm6,Spanish,Romance,wife,w ay f,1,ay,0.001881909013470808,17.918105298745502,6,6,0.006756756756756757
AN19-rec-d847cec2740532adebaa:phone:2,AN19-rec-d847cec2740532adebaa,AN19.SPA.sf3,Spanish,Romance,live,l ay v,1,ay,1.224314038388189e-12,49.1870105303039,6,6,0.007246376811594203
AN19-rec-d8491309216ef4a65a96:phone:1,AN19-rec-d8491309216ef4a65a96,AN19.SPA.sf2,Spanish,Romance,young,y ah ng,0,y,0.0017142837458361806,34.739337957949225,6,6,0.007246376811594203
AN19-rec-d8491309216ef4a65a96:phone:3,AN19-rec-d8491309216ef4a65a96,AN19.SPA.sf2,Spanish,Romance,young,y ah ng,2,ng,8.394757338224627e-09,47.34077241168254,6,6,0.007246376811594203
AN19-rec-d860ec596efdd646a57e:phone:2,AN19-rec-d860ec596efdd646a57e,AN19.KOR.km6,Korean,Koreanic,long,l ao ng,1,ao,5.7636717578396e-07,35.887650311232555,6,6,0.007042253521126761
AN19-rec-d860ec596efdd646a57e:phone:3,AN19-rec-d860ec596efdd646a57e,AN19.KOR.km6,Korean,Koreanic,long,l ao ng,2,ng,1.8986891298137924e-07,20.1518287237405,6,6,0.007042253521126761
AN19-rec-d8648bae6aef12650923:phone:2,AN19-rec-d8648bae6aef12650923,AN19.MIX.im4,Mandarin,Sino-Tibetan,learn,l er n,1,er,0.0001941873241737696,22.297117861916025,6,6,0.006993006993006993
AN19-rec-d86dc148cf80110fad6e:phone:2,AN19-rec-d86dc148cf80110fad6e,AN19.MIX.im3,Russian,Slavic,rhyme,r ay m,1,ay,3.960784755894778e-07,39.227878152707625,6,6,0.006756756756756757
AN19-rec-d86dc148cf80110fad6e:phone:3,AN19-rec-d86dc148cf80110fad6e,AN19.MIX.im3,Russian,Slavic,rhyme,r ay m,2,m,6.849949550781847e-22,67.5343913257097,6,6,0.006756756756756757
AN19-rec-d870bc5cd494e56c7d03:phone:1,AN19-rec-d870bc5cd494e56c7d03,AN19.SPA.sm2,Spanish,Romance,food,f uw d,0,f,1.861987886281648e-08,32.43738106002915,6,6,0.007042253521126761
AN19-rec-d8834d5d5e5a03a117dd:phone:3,AN19-rec-d8834d5d5e5a03a117dd,AN19.SPA.sf3,Spanish,Romance,thought,th ao t,2,t,2.5745672371287715e-13,55.46760519340452,6,6,0.007246376811594203
AN19-rec-d88509d257619017296b:phone:3,AN19-rec-d88509d257619017296b,AN19.MIX.if2,Dutch,Germanic,ship,sh ih p,2,p,4.0832182770035713e-25,69.86703434497745,6,6,0.006944444444444444
AN19-rec-d89985c55b274917102b:phone:1,AN19-rec-d89985c55b274917102b,AN19.SPA.sm4,Spanish,Romance,king,k ih ng,0,k,1.3836902791286135e-16,47.802935366502965,6,6,0.007194244604316547
AN19-rec-d8ac413538d7cc3a3542:phone:2,AN19-rec-d8ac413538d7cc3a3542,AN19.MIX.im3,Russian,Slavic,teat,t iy t,1,iy,0.0003522936095980709,26.71457187279344,6,6,0.006756756756756757
AN19-rec-d8b1b6ce125b8f403709:phone:1,AN19-rec-d8b1b6ce125b8f403709,AN19.KOR.km2,Korean,Koreanic,food,f uw d,0,f,0.0002010126776022514,26.31523177810766,6,6,0.006756756756756757
AN19-rec-d8b80a6b71893427393a:phone:2,AN19-rec-d8b80a6b71893427393a,AN19.KOR.kf3,Korean,Koreanic,watch,w aa ch,1,aa,3.450863052306924e-05,47.674802448795454,6,6,0.007246376811594203
AN19-rec-d8bc84d4f50e3af2408c:phone:3,AN19-rec-d8bc84d4f50e3af2408c,AN19.MIX.im5,Turkish,Turkic,serve,s er v,2,v,3.7005123258397875e-05,14.533025362318153,6,6,0.007246376811594203
AN19-rec-d8eac30ca9a794b53ce5:phone:1,AN19-rec-d8eac30ca9a794b53ce5,AN19.KOR.kf5,Korean,Koreanic,pawn,p ao n,0,p,2.2855031918212295e-39,102.0984578922742,6,6,0.006993006993006993
AN19-rec-d8ed0a8302edea657416:phone:3,AN19-rec-d8ed0a8302edea657416,AN19.MIX.im5,Turkish,Turkic,faith,f ey th,2,th,1.1867635389760527e-05,40.67704219958488,6,6,0.007246376811594203
AN19-rec-d91305473d1498bc176f:phone:1,AN19-rec-d91305473d1498bc176f,AN19.MIX.im4,Mandarin,Sino-Tibetan,league,l iy g,0,l,1.0661816858413754e-06,25.239176143546427,6,6,0.006993006993006993
AN19-rec-d91305473d1498bc176f:phone:2,AN19-rec-d91305473d1498bc176f,AN19.MIX.im4,Mandarin,Sino-Tibetan,league,l iy g,1,iy,5.113475296026588e-15,45.495802723267445,6,6,0.006993006993006993
AN19-rec-d91305473d1498bc176f:phone:3,AN19-rec-d91305473d1498bc176f,AN19.MIX.im4,Mandarin,Sino-Tibetan,league,l iy g,2,g,4.57540431132449e-09,22.954405439735503,6,6,0.006993006993006993
AN19-rec-d92bcb29f7731a54a449:phone:1,AN19-rec-d92bcb29f7731a54a449,AN19.MIX.im3,Russian,Slavic,hack,hh ae k,0,hh,0.0009199496924230414,7.681585857392812,6,6,0.006756756756756757
AN19-rec-d92bcb29f7731a54a449:phone:3,AN19-rec-d92bcb29f7731a54a449,AN19.MIX.im3,Russian,Slavic,hack,hh ae k,2,k,8.67358586358706e-35,101.1252742525436,6,6,0.006756756756756757
AN19-rec-d930bc8516bca5b5499c:phone:1,AN19-rec-d930bc8516bca5b5499c,AN19.SPA.sm7,Spanish,Romance,dune,d uw n,0,d,1.0877361172849821e-06,32.561699994859744,6,6,0.007352941176470588
AN19-rec-d941e518bde738978f1e:phone:2,AN19-rec-d941e518bde738978f1e,AN19.KOR.kf3,Korean,Koreanic,roof,r uw f,1,uw,3.703172005279054e-14,51.81790566769238,6,6,0.007246376811594203
AN19-rec-d942eb71537f96dd6b18:phone:3,AN19-rec-d942eb71537f96dd6b18,AN19.MIX.im6,Hindi,Indo-Aryan,beak,b iy k,2,k,2.8340799361255513e-08,34.5116150945523,6,6,0.006711409395973154
AN19-rec-d9447cd3f7a12c8e5afd:phone:1,AN19-rec-d9447cd3f7a12c8e5afd,AN19.SPA.sm2,Spanish,Romance,shop,sh aa p,0,sh,1.602726811431524e-19,57.58945597905872,6,6,0.007042253521126761
AN19-rec-d9447cd3f7a12c8e5afd:phone:2,AN19-rec-d9447cd3f7a12c8e5afd,AN19.SPA.sm2,Spanish,Romance,shop,sh aa p,1,aa,2.4649640186813103e-22,60.44636787404568,6,6,0.007042253521126761
AN19-rec-d94c514f141f8546ccd3:phone:1,AN19-rec-d94c514f141f8546ccd3,AN19.SPA.sm7,Spanish,Romance,ship,sh ih p,0,sh,1.6148469158662798e-05,14.919457057621685,6,6,0.007352941176470588
AN19-rec-d96448a9fc61186371aa:phone:2,AN19-rec-d96448a9fc61186371aa,AN19.MIX.im3,Russian,Slavic,bun,b ah n,1,ah,2.5908660826059864e-07,22.987169530273224,6,6,0.006756756756756757
AN19-rec-d984ac63fd46cfecf4ec:phone:1,AN19-rec-d984ac63fd46cfecf4ec,AN19.KOR.km8,Korean,Koreanic,bug,b ah g,0,b,1.5783925066299122e-08,37.710014780791305,6,6,0.006896551724137931
AN19-rec-d9923a7ec5955e603280:phone:2,AN19-rec-d9923a7ec5955e603280,AN19.SPA.sm3,Spanish,Romance,rat,r ae t,1,ae,1.8313957436481675e-06,37.412158577065526,6,6,0.0072992700729927005
AN19-rec-d9fe24bace629868b33d:phone:1,AN19-rec-d9fe24bace629868b33d,AN19.SPA.sf6,Spanish,Romance,hack,hh ae k,0,hh,0.009870132422185818,7.161131552973586,6,6,0.007042253521126761
AN19-rec-d9fe24bace629868b33d:phone:3,AN19-rec-d9fe24bace629868b33d,AN19.SPA.sf6,Spanish,Romance,hack,hh ae k,2,k,4.8720582695901385e-05,19.913100703616823,6,6,0.007042253521126761
AN19-rec-da013b5a237dbc96026f:phone:3,AN19-rec-da013b5a237dbc96026f,AN19.KOR.km2,Korean,Koreanic,serve,s er v,2,v,0.0008250239176620582,13.32856866931624,6,6,0.006756756756756757
AN19-rec-da08f7de5763fd5683b2:phone:2,AN19-rec-da08f7de5763fd5683b2,AN19.KOR.kf4,Korean,Koreanic,size,s ay z,1,ay,0.00012394734143196052,21.814774248167456,6,6,0.0070921985815602835
AN19-rec-da62081e61fd8fa1ba4d:phone:1,AN19-rec-da62081e61fd8fa1ba4d,AN19.SPA.sf3,Spanish,Romance,pawn,p ao n,0,p,4.318702735703541e-30,81.35971468586915,6,6,0.007246376811594203
AN19-rec-da6e5c41e87accea3b83:phone:2,AN19-rec-da6e5c41e87accea3b83,AN19.SPA.sm2,Spanish,Romance,watch,w aa ch,1,aa,8.744773245675198e-08,54.39249187279,6,6,0.007042253521126761
AN19-rec-daa630a684842ee266d9:phone:2,AN19-rec-daa630a684842ee266d9,AN19.SPA.sf5,Spanish,Romance,deep,d iy p,1,iy,7.745473243420786e-06,17.77507777040724,6,6,0.007194244604316547
AN19-rec-daa630a684842ee266d9:phone:3,AN19-rec-daa630a684842ee266d9,AN19.SPA.sf5,Spanish,Romance,deep,d iy p,2,p,6.360860711655909e-06,23.89084830668997,6,6,0.007194244604316547
AN19-rec-daaedb421bfc3d00b1ad:phone:1,AN19-rec-daaedb421bfc3d00b1ad,AN19.MIX.im1,Romanian,Romance,lice,l ay s,0,l,1.2920552828528982e-20,59.83653071600264,6,6,0.006802721088435374
AN19-rec-daaedb421bfc3d00b1ad:phone:2,AN19-rec-daaedb421bfc3d00b1ad,AN19.MIX.im1,Romanian,Romance,lice,l ay s,1,ay,3.5589977993677786e-06,14.433813311225784,6,6,0.006802721088435374
AN19-rec-dab3dd49f7b728eb49bb:phone:3,AN19-rec-dab3dd49f7b728eb49bb,AN19.KOR.km3,Korean,Koreanic,hurl,hh er l,2,l,9.176051823805394e-05,29.8414752214598,6,6,0.006666666666666667
AN19-rec-dab51e99088a6fc47d72:phone:2,AN19-rec-dab51e99088a6fc47d72,AN19.KOR.kf5,Korean,Koreanic,mace,m ey s,1,ey,1.3553410983223589e-08,23.99277962501085,6,6,0.006993006993006993
AN19-rec-dab51e99088a6fc47d72:phone:3,AN19-rec-dab51e99088a6fc47d72,AN19.KOR.kf5,Korean,Koreanic,mace,m ey s,2,s,5.002344458637649e-15,52.96956438559042,6,6,0.006993006993006993
AN19-rec-dab6e7b40ddd4f7f7002:phone:3,AN19-rec-dab6e7b40ddd4f7f7002,AN19.MIX.if3,French,Romance,lame,l ey m,2,m,5.38099137373048e-06,25.342812118500444,6,6,0.006993006993006993
AN19-rec-dad106d8dd7408d1afe6:phone:2,AN19-rec-dad106d8dd7408d1afe6,AN19.KOR.km2,Korean,Koreanic,wrong,r ao ng,1,ao,2.1280297882893493e-07,22.918951484180283,6,8,0.006756756756756757
AN19-rec-daf0f0eb75695c3e50ed:phone:2,AN19-rec-daf0f0eb75695c3e50ed,AN19.SPA.sm7,Spanish,Romance,bun,b ah n,1,ah,5.722807140428896e-10,33.432175356047324,6,6,0.007352941176470588
AN19-rec-db0467aadec052fd844f:phone:2,AN19-rec-db0467aadec052fd844f,AN19.MIX.im5,Turkish,Turkic,learn,l er n,1,er,4.204352004129417e-06,23.0221972271718,6,6,0.007246376811594203
AN19-rec-db2e895e4ae605c3a7f1:phone:2,AN19-rec-db2e895e4ae605c3a7f1,AN19.SPA.sf6,Spanish,Romance,con,k aa n,1,aa,1.311900178600149e-10,35.23922862388546,6,6,0.007042253521126761
AN19-rec-db3723f153e4f64a6eff:phone:1,AN19-rec-db3723f153e4f64a6eff,AN19.KOR.km6,Korean,Koreanic,rim,r ih m,0,r,0.0005408121372987792,59.13943976550339,6,6,0.007042253521126761
AN19-rec-db3c6e76f778b5340a88:phone:1,AN19-rec-db3c6e76f778b5340a88,AN19.KOR.km7,Korean,Koreanic,thick,th ih k,0,th,6.001759490219827e-20,70.7312221201888,6,6,0.006711409395973154
AN19-rec-db3c6e76f778b5340a88:phone:2,AN19-rec-db3c6e76f778b5340a88,AN19.KOR.km7,Korean,Koreanic,thick,th ih k,1,ih,7.880276676638606e-20,58.86730182588322,6,6,0.006711409395973154
AN19-rec-db3c6e76f778b5340a88:phone:3,AN19-rec-db3c6e76f778b5340a88,AN19.KOR.km7,Korean,Koreanic,thick,th ih k,2,k,1.1690503359994063e-12,45.308513067083,6,6,0.006711409395973154
AN19-rec-db3eb0f69a7897a3169a:phone:1,AN19-rec-db3eb0f69a7897a3169a,AN19.KOR.km8,Korean,Koreanic,five,f ay v,0,f,9.68702085739592e-10,46.50842986141893,6,6,0.006896551724137931
AN19-rec-db3f524737075f8655c5:phone:3,AN19-rec-db3f524737075f8655c5,AN19.SPA.sf2,Spanish,Romance,pup,p ah p,2,p,0.005217438504502639,42.01411314619376,6,6,0.007246376811594203
AN19-rec-db497ad1a9594e347d86:phone:1,AN19-rec-db497ad1a9594e347d86,AN19.KOR.kf6,Korean,Koreanic,food,f uw d,0,f,0.00023257240840217418,26.52827031359628,6,6,0.007042253521126761
AN19-rec-db92be4f495f2821b8b7:phone:1,AN19-rec-db92be4f495f2821b8b7,AN19.MIX.im2,Bengali,Indo-Aryan,job,jh aa b,0,jh,6.03699309501935e-13,51.81631002836829,6,6,0.007246376811594203
AN19-rec-dba4be25a95c71a4238c:phone:1,AN19-rec-dba4be25a95c71a4238c,AN19.KOR.km3,Korean,Koreanic,curve,k er v,0,k,0.03396330612109021,18.04714414052299,6,6,0.006666666666666667
AN19-rec-dba4be25a95c71a4238c:phone:3,AN19-rec-dba4be25a95c71a4238c,AN19.KOR.km3,Korean,Koreanic,curve,k er v,2,v,1.8320780516428656e-24,60.85303594182492,6,6,0.006666666666666667
AN19-rec-dbbe87ce40afa1580fea:phone:1,AN19-rec-dbbe87ce40afa1580fea,AN19.KOR.kf1,Korean,Koreanic,page,p ey jh,0,p,0.0022827409636799307,15.05040119367033,6,6,0.0072992700729927005
AN19-rec-dbbe87ce40afa1580fea:phone:3,AN19-rec-dbbe87ce40afa1580fea,AN19.KOR.kf1,Korean,Koreanic,page,p ey jh,2,jh,8.764712817489599e-07,37.966810589061645,6,6,0.0072992700729927005
AN19-rec-dc0e57aaa40c6356b0f8:phone:3,AN19-rec-dc0e57aaa40c6356b0f8,AN19.SPA.sm6,Spanish,Romance,toot,t uw t,2,t,9.199687908459747e-16,57.13819377857328,6,6,0.006756756756756757
AN19-rec-dc1ee8b99690db4b5776:phone:2,AN19-rec-dc1ee8b99690db4b5776,AN19.SPA.sm3,Spanish,Romance,vice,v ay s,1,ay,1.6326368934193211e-09,39.00022999172327,6,6,0.0072992700729927005
AN19-rec-dc2b878717fe210ffc7b:phone:2,AN19-rec-dc2b878717fe210ffc7b,AN19.KOR.km2,Korean,Koreanic,wail,w ey l,1,ey,4.625269397937676e-16,50.103052516584285,6,6,0.006756756756756757
AN19-rec-dc37eca6ef6dd70722e1:phone:1,AN19-rec-dc37eca6ef6dd70722e1,AN19.KOR.km6,Korean,Koreanic,join,jh oy n,0,jh,7.833820518691266e-13,38.14608551513631,6,6,0.007042253521126761
AN19-rec-dc48d5577465160c2b21:phone:2,AN19-rec-dc48d5577465160c2b21,AN19.SPA.sf6,Spanish,Romance,chore,ch ao r,1,ao,5.188081338849714e-21,72.1050533057841,6,6,0.007042253521126761
AN19-rec-dc88f713cb48076aa6aa:phone:1,AN19-rec-dc88f713cb48076aa6aa,AN19.MIX.im5,Turkish,Turkic,jack,jh ae k,0,jh,0.00949182012210885,21.456755559586544,6,6,0.007246376811594203
AN19-rec-dc88f713cb48076aa6aa:phone:3,AN19-rec-dc88f713cb48076aa6aa,AN19.MIX.im5,Turkish,Turkic,jack,jh ae k,2,k,5.933247167514652e-08,21.34939293997064,6,6,0.007246376811594203
AN19-rec-dcb28ac691fef713dda2:phone:1,AN19-rec-dcb28ac691fef713dda2,AN19.MIX.if1,Albanian,Albanian,page,p ey jh,0,p,2.2755702004298163e-12,37.00585553472633,6,6,0.0070921985815602835
AN19-rec-dcb28ac691fef713dda2:phone:3,AN19-rec-dcb28ac691fef713dda2,AN19.MIX.if1,Albanian,Albanian,page,p ey jh,2,jh,0.00021871622545903546,33.56055992973868,6,6,0.0070921985815602835
AN19-rec-dcc241f3d4fb5551e941:phone:3,AN19-rec-dcc241f3d4fb5551e941,AN19.MIX.im5,Turkish,Turkic,gas,g ae s,2,s,1.1532194681807246e-05,25.574523145895142,6,6,0.007246376811594203
AN19-rec-dccc8fea54942b716cc6:phone:2,AN19-rec-dccc8fea54942b716cc6,AN19.MIX.if1,Albanian,Albanian,lad,l ae d,1,ae,3.976273436374925e-05,15.74529628804128,6,6,0.0070921985815602835
AN19-rec-dcda136ddaf672bcfe9d:phone:2,AN19-rec-dcda136ddaf672bcfe9d,AN19.SPA.sm6,Spanish,Romance,wed,w eh d,1,eh,3.118281387721118e-38,99.1067721568221,6,6,0.006756756756756757
AN19-rec-dcdf39c6fc6c3bd79dd8:phone:2,AN19-rec-dcdf39c6fc6c3bd79dd8,AN19.KOR.kf3,Korean,Koreanic,rut,r ah t,1,ah,2.4509705511306587e-09,27.05661449302977,6,6,0.007246376811594203
AN19-rec-dcea4811323883ccecb8:phone:1,AN19-rec-dcea4811323883ccecb8,AN19.SPA.sm6,Spanish,Romance,curve,k er v,0,k,5.9982635188405255e-30,86.51944390492157,6,6,0.006756756756756757
AN19-rec-dcea4811323883ccecb8:phone:3,AN19-rec-dcea4811323883ccecb8,AN19.SPA.sm6,Spanish,Romance,curve,k er v,2,v,8.835839188635644e-35,82.5157580814254,6,6,0.006756756756756757
AN19-rec-dcee290612000da2b14b:phone:1,AN19-rec-dcee290612000da2b14b,AN19.MIX.im5,Turkish,Turkic,balm,b aa m,0,b,0.00928713577366983,50.338323356969575,6,6,0.007246376811594203
AN19-rec-dd1047a979853d668b48:phone:2,AN19-rec-dd1047a979853d668b48,AN19.SPA.sf3,Spanish,Romance,vice,v ay s,1,ay,0.00011061577548620827,25.67436531190179,6,6,0.007246376811594203
AN19-rec-dd1b83f0913504486b3f:phone:2,AN19-rec-dd1b83f0913504486b3f,AN19.MIX.if2,Dutch,Germanic,fade,f ey d,1,ey,4.8072853262058765e-06,17.493080890054063,6,6,0.006944444444444444
AN19-rec-dd4fb66863414014c46f:phone:3,AN19-rec-dd4fb66863414014c46f,AN19.MIX.if3,French,Romance,white,w ay t,2,t,3.275609114570285e-08,47.58819833704021,6,6,0.006993006993006993
AN19-rec-dd520bc25cef6424fbda:phone:1,AN19-rec-dd520bc25cef6424fbda,AN19.MIX.im2,Bengali,Indo-Aryan,goat,g ow t,0,g,2.0816881321816575e-08,63.8363868093986,6,6,0.007246376811594203
AN19-rec-dd520bc25cef6424fbda:phone:3,AN19-rec-dd520bc25cef6424fbda,AN19.MIX.im2,Bengali,Indo-Aryan,goat,g ow t,2,t,5.289390789655798e-32,102.40980960284736,6,6,0.007246376811594203
AN19-rec-dd5e2f935ba28f6d47c1:phone:1,AN19-rec-dd5e2f935ba28f6d47c1,AN19.KOR.km1,Korean,Koreanic,check,ch eh k,0,ch,0.07766531992138158,20.267816962333644,6,6,0.0072992700729927005
AN19-rec-dd5f1415e7379f20b407:phone:1,AN19-rec-dd5f1415e7379f20b407,AN19.MIX.if3,French,Romance,gut,g ah t,0,g,1.5016935346654054e-27,74.78208729733882,6,6,0.006993006993006993
AN19-rec-dd5f1415e7379f20b407:phone:3,AN19-rec-dd5f1415e7379f20b407,AN19.MIX.if3,French,Romance,gut,g ah t,2,t,1.027535060756193e-12,68.65739321695428,6,6,0.006993006993006993
AN19-rec-dd85eb8af11eb02aa02e:phone:1,AN19-rec-dd85eb8af11eb02aa02e,AN19.SPA.sm2,Spanish,Romance,path,p ae th,0,p,2.944599505079179e-10,40.523363231106735,6,6,0.007042253521126761
AN19-rec-dd85eb8af11eb02aa02e:phone:3,AN19-rec-dd85eb8af11eb02aa02e,AN19.SPA.sm2,Spanish,Romance,path,p ae th,2,th,1.640113708993983e-08,24.425974447543684,6,6,0.007042253521126761
AN19-rec-dd87a3df3236f006c5c4:phone:2,AN19-rec-dd87a3df3236f006c5c4,AN19.MIX.im4,Mandarin,Sino-Tibetan,wail,w ey l,1,ey,1.4732069719559528e-16,48.63754082887616,6,6,0.006993006993006993
AN19-rec-ddaa7e57187354081ba9:phone:2,AN19-rec-ddaa7e57187354081ba9,AN19.MIX.im2,Bengali,Indo-Aryan,wife,w ay f,1,ay,0.013779902186407856,17.58676233024595,6,6,0.007246376811594203
AN19-rec-ddaabcab40f7af1d847e:phone:2,AN19-rec-ddaabcab40f7af1d847e,AN19.MIX.im2,Bengali,Indo-Aryan,fool,f uw l,1,uw,0.0001562348331475552,19.504589153611363,6,6,0.007246376811594203
AN19-rec-ddadb57da0b5b2d95a82:phone:3,AN19-rec-ddadb57da0b5b2d95a82,AN19.SPA.sm5,Spanish,Romance,peace,p iy s,2,s,2.168305330792328e-05,25.24542867249509,6,6,0.006896551724137931
AN19-rec-ddc659a09dd51ee13971:phone:1,AN19-rec-ddc659a09dd51ee13971,AN19.SPA.sm2,Spanish,Romance,curve,k er v,0,k,3.618084803044868e-05,26.666219432190903,6,6,0.007042253521126761
AN19-rec-dde98f5e98bb35a1b2e8:phone:1,AN19-rec-dde98f5e98bb35a1b2e8,AN19.SPA.sf1,Spanish,Romance,check,ch eh k,0,ch,1.223408361107576e-12,58.10725903732441,6,6,0.006896551724137931
AN19-rec-ddec8b2f0b175729ab0e:phone:2,AN19-rec-ddec8b2f0b175729ab0e,AN19.KOR.km6,Korean,Koreanic,ban,b ae n,1,ae,0.0004173861585830426,10.039535578427431,6,6,0.007042253521126761
AN19-rec-de023bec62f296f633f2:phone:1,AN19-rec-de023bec62f296f633f2,AN19.SPA.sm4,Spanish,Romance,theme,th iy m,0,th,1.9368148333888075e-11,32.200242100537615,6,6,0.007194244604316547
AN19-rec-de023bec62f296f633f2:phone:2,AN19-rec-de023bec62f296f633f2,AN19.SPA.sm4,Spanish,Romance,theme,th iy m,1,iy,1.9453049037293038e-06,27.99695973753077,6,6,0.007194244604316547
AN19-rec-de023bec62f296f633f2:phone:3,AN19-rec-de023bec62f296f633f2,AN19.SPA.sm4,Spanish,Romance,theme,th iy m,2,m,3.753612629493992e-08,26.505175353021876,6,6,0.007194244604316547
AN19-rec-de23cd4e4b008107d470:phone:1,AN19-rec-de23cd4e4b008107d470,AN19.MIX.im3,Russian,Slavic,hag,hh ae g,0,hh,5.6493860755366525e-09,34.28324198978077,6,6,0.006756756756756757
AN19-rec-de23cd4e4b008107d470:phone:3,AN19-rec-de23cd4e4b008107d470,AN19.MIX.im3,Russian,Slavic,hag,hh ae g,2,g,2.3425234847678216e-20,67.21989105496885,6,6,0.006756756756756757
AN19-rec-de46e2641598283303f8:phone:2,AN19-rec-de46e2641598283303f8,AN19.KOR.kf5,Korean,Koreanic,wrong,r ao ng,1,ao,4.170923896421358e-06,23.34100267917381,6,8,0.006993006993006993
AN19-rec-de6a09a4fe3d16f81639:phone:3,AN19-rec-de6a09a4fe3d16f81639,AN19.MIX.if3,French,Romance,mouth,m aw th,2,th,8.50032933446921e-15,47.96857647419687,6,6,0.006993006993006993
AN19-rec-de80a9d51112682031c9:phone:2,AN19-rec-de80a9d51112682031c9,AN19.KOR.kf3,Korean,Koreanic,size,s ay z,1,ay,0.0007180566108595032,20.401447963227955,6,6,0.007246376811594203
AN19-rec-de95ca1bcd1cf24a2865:phone:2,AN19-rec-de95ca1bcd1cf24a2865,AN19.MIX.im2,Bengali,Indo-Aryan,wed,w eh d,1,eh,0.0004874661190743434,18.60086298243852,6,6,0.007246376811594203
AN19-rec-dea293b79938c1772c38:phone:3,AN19-rec-dea293b79938c1772c38,AN19.KOR.km1,Korean,Koreanic,pup,p ah p,2,p,7.289459538025133e-10,43.280844646324965,6,6,0.0072992700729927005
AN19-rec-dea3b318b204faf34c56:phone:1,AN19-rec-dea3b318b204faf34c56,AN19.KOR.km1,Korean,Koreanic,soil,s oy l,0,s,2.0840978714759973e-05,18.336679338139565,6,6,0.0072992700729927005
AN19-rec-dea3b318b204faf34c56:phone:2,AN19-rec-dea3b318b204faf34c56,AN19.KOR.km1,Korean,Koreanic,soil,s oy l,1,oy,5.180265611976426e-07,23.857966234870265,6,6,0.0072992700729927005
AN19-rec-debf913960101c973bab:phone:1,AN19-rec-debf913960101c973bab,AN19.MIX.if1,Albanian,Albanian,king,k ih ng,0,k,1.0330384274908034e-18,45.33334372458887,6,6,0.0070921985815602835
AN19-rec-decc5eaa71c71b0a1d59:phone:3,AN19-rec-decc5eaa71c71b0a1d59,AN19.SPA.sm2,Spanish,Romance,peace,p iy s,2,s,1.4617489991023016e-06,24.96867276511096,6,6,0.007042253521126761
AN19-rec-dece1e80a05e275ceb73:phone:2,AN19-rec-dece1e80a05e275ceb73,AN19.SPA.sm6,Spanish,Romance,vice,v ay s,1,ay,7.533488141365557e-05,26.055689767932364,6,6,0.006756756756756757
AN19-rec-dee0df02287f74fb1b0f:phone:2,AN19-rec-dee0df02287f74fb1b0f,AN19.SPA.sf4,Spanish,Romance,wrong,r ao ng,1,ao,6.566446886516938e-15,46.27975304753424,6,8,0.0070921985815602835
AN19-rec-dee92b1218be5f2a8dd8:phone:1,AN19-rec-dee92b1218be5f2a8dd8,AN19.MIX.if1,Albanian,Albanian,firm,f er m,0,f,1.1019147520870702e-09,31.304306269799444,6,6,0.0070921985815602835
AN19-rec-defa97ff56847071fcda:phone:1,AN19-rec-defa97ff56847071fcda,AN19.MIX.im6,Hindi,Indo-Aryan,chain,ch ey n,0,ch,0.01712374399009803,20.825223147534224,6,6,0.006711409395973154
AN19-rec-df07f5f94ff8552071c9:phone:3,AN19-rec-df07f5f94ff8552071c9,AN19.SPA.sm3,Spanish,Romance,peace,p iy s,2,s,6.808828613888791e-06,25.59683375818574,6,6,0.0072992700729927005
AN19-rec-df1cca1cbf38b20bf2a5:phone:2,AN19-rec-df1cca1cbf38b20bf2a5,AN19.KOR.kf4,Korean,Koreanic,roof,r uw f,1,uw,0.01743246560983323,19.78094332939393,6,6,0.0070921985815602835
AN19-rec-df3e610e13d38ce6c589:phone:1,AN19-rec-df3e610e13d38ce6c589,AN19.KOR.km7,Korean,Koreanic,jack,jh ae k,0,jh,0.08628076012842184,10.434830554109835,6,6,0.006711409395973154
AN19-rec-df3e610e13d38ce6c589:phone:3,AN19-rec-df3e610e13d38ce6c589,AN19.KOR.km7,Korean,Koreanic,jack,jh ae k,2,k,1.3868703447218908e-06,16.2029221891236,6,6,0.006711409395973154
AN19-rec-df4a4bdfd31aa8caf75c:phone:1,AN19-rec-df4a4bdfd31aa8caf75c,AN19.MIX.im1,Romanian,Romance,path,p ae th,0,p,2.5302043477748477e-08,40.49621057249268,6,6,0.006802721088435374
AN19-rec-df4a4bdfd31aa8caf75c:phone:3,AN19-rec-df4a4bdfd31aa8caf75c,AN19.MIX.im1,Romanian,Romance,path,p ae th,2,th,2.670720920230501e-08,26.884840957621037,6,6,0.006802721088435374
AN19-rec-df78ba068897897b0f3c:phone:2,AN19-rec-df78ba068897897b0f3c,AN19.KOR.km3,Korean,Koreanic,wrong,r ao ng,1,ao,7.656018655191662e-15,46.77202227208986,6,8,0.006666666666666667
AN19-rec-df83e641345e3a4496c0:phone:2,AN19-rec-df83e641345e3a4496c0,AN19.MIX.im6,Hindi,Indo-Aryan,wed,w eh d,1,eh,2.259616474829276e-16,56.95757130094956,6,6,0.006711409395973154
AN19-rec-df8af332c47a16b226ae:phone:3,AN19-rec-df8af332c47a16b226ae,AN19.SPA.sf3,Spanish,Romance,long,l ao ng,2,ng,2.0336557509437166e-06,17.444612502958734,6,6,0.007246376811594203
AN19-rec-dfa98cd0eea21b0a8bd0:phone:2,AN19-rec-dfa98cd0eea21b0a8bd0,AN19.MIX.if5,Japanese,Japonic,lace,l ey s,1,ey,1.647612861334163e-05,25.760729431336557,6,6,0.006711409395973154
AN19-rec-dface6671b286c31e94a:phone:1,AN19-rec-dface6671b286c31e94a,AN19.KOR.kf1,Korean,Koreanic,den,d eh n,0,d,1.4450590935207521e-06,36.6790744749369,6,6,0.0072992700729927005
AN19-rec-dface6671b286c31e94a:phone:2,AN19-rec-dface6671b286c31e94a,AN19.KOR.kf1,Korean,Koreanic,den,d eh n,1,eh,1.4270851368068476e-05,14.699903264900463,6,6,0.0072992700729927005
AN19-rec-dfcdf3677812fb558c51:phone:1,AN19-rec-dfcdf3677812fb558c51,AN19.MIX.im3,Russian,Slavic,gut,g ah t,0,g,2.010196633890767e-18,66.94510083360255,6,6,0.006756756756756757
AN19-rec-dfcdf3677812fb558c51:phone:3,AN19-rec-dfcdf3677812fb558c51,AN19.MIX.im3,Russian,Slavic,gut,g ah t,2,t,6.164797170047028e-29,73.0216612381119,6,6,0.006756756756756757
AN19-rec-dfd5263e424178bf62ed:phone:1,AN19-rec-dfd5263e424178bf62ed,AN19.MIX.im5,Turkish,Turkic,check,ch eh k,0,ch,0.0035186937283987903,20.094607059721337,6,6,0.007246376811594203
AN19-rec-dfef5e17931bf2b56d9b:phone:3,AN19-rec-dfef5e17931bf2b56d9b,AN19.SPA.sm3,Spanish,Romance,hash,hh ae sh,2,sh,3.2548376760349567e-06,35.427676512224004,6,6,0.0072992700729927005
AN19-rec-e008fee30ddc27ecbd68:phone:1,AN19-rec-e008fee30ddc27ecbd68,AN19.SPA.sm5,Spanish,Romance,five,f ay v,0,f,3.5824119210221017e-10,47.08825223984584,6,6,0.006896551724137931
AN19-rec-e02b1a8442e935a6cb51:phone:1,AN19-rec-e02b1a8442e935a6cb51,AN19.SPA.sm7,Spanish,Romance,bean,b iy n,0,b,4.4375058191086594e-14,50.23184420406229,6,6,0.007352941176470588
AN19-rec-e02b1a8442e935a6cb51:phone:2,AN19-rec-e02b1a8442e935a6cb51,AN19.SPA.sm7,Spanish,Romance,bean,b iy n,1,iy,3.547728695612999e-09,24.57908386847247,6,6,0.007352941176470588
AN19-rec-e02bec87e611c6418b30:phone:2,AN19-rec-e02bec87e611c6418b30,AN19.MIX.im2,Bengali,Indo-Aryan,suck,s ah k,1,ah,1.1719167473111835e-09,49.36537380709755,6,6,0.007246376811594203
AN19-rec-e02bec87e611c6418b30:phone:3,AN19-rec-e02bec87e611c6418b30,AN19.MIX.im2,Bengali,Indo-Aryan,suck,s ah k,2,k,5.855794281086771e-18,53.43696919917903,6,6,0.007246376811594203
AN19-rec-e03226f5724cca399fc9:phone:2,AN19-rec-e03226f5724cca399fc9,AN19.KOR.km7,Korean,Koreanic,rat,r ae t,1,ae,0.00449075139808727,21.898384635036557,6,6,0.006711409395973154
AN19-rec-e0383da0556220f0ff40:phone:1,AN19-rec-e0383da0556220f0ff40,AN19.SPA.sm3,Spanish,Romance,mall,m ao l,0,m,4.316720153373555e-06,37.89021850073049,6,6,0.0072992700729927005
AN19-rec-e03e9976ac37c4c44aa1:phone:3,AN19-rec-e03e9976ac37c4c44aa1,AN19.KOR.km3,Korean,Koreanic,thought,th ao t,2,t,3.92228464655534e-06,38.17767689203569,6,6,0.006666666666666667
AN19-rec-e03efd18799c37ba11a1:phone:2,AN19-rec-e03efd18799c37ba11a1,AN19.SPA.sm6,Spanish,Romance,rut,r ah t,1,ah,0.0024829156121581922,36.86625792908327,6,6,0.006756756756756757
AN19-rec-e0555298116c5502be4f:phone:1,AN19-rec-e0555298116c5502be4f,AN19.KOR.kf3,Korean,Koreanic,fig,f ih g,0,f,1.974675748420408e-06,36.07988208005772,6,6,0.007246376811594203
AN19-rec-e0555298116c5502be4f:phone:3,AN19-rec-e0555298116c5502be4f,AN19.KOR.kf3,Korean,Koreanic,fig,f ih g,2,g,6.824129698690888e-11,46.74614976293392,6,6,0.007246376811594203
AN19-rec-e063b27adecb649daae1:phone:2,AN19-rec-e063b27adecb649daae1,AN19.MIX.im6,Hindi,Indo-Aryan,mat,m ae t,1,ae,3.6533103861944934e-05,40.49693547851622,6,6,0.006711409395973154
AN19-rec-e06a3a533ac37ce7889a:phone:3,AN19-rec-e06a3a533ac37ce7889a,AN19.MIX.if5,Japanese,Japonic,mouth,m aw th,2,th,4.640621311731417e-11,59.1252839927656,6,6,0.006711409395973154
AN19-rec-e06db3bca8ed98b6efe3:phone:1,AN19-rec-e06db3bca8ed98b6efe3,AN19.KOR.km3,Korean,Koreanic,pool,p uw l,0,p,0.00024664406444749846,20.56413225301894,6,6,0.006666666666666667
AN19-rec-e06e03e34fa579546d63:phone:2,AN19-rec-e06e03e34fa579546d63,AN19.KOR.km6,Korean,Koreanic,lace,l ey s,1,ey,0.00046794137126858655,19.31104400293734,6,6,0.007042253521126761
AN19-rec-e0720bf6a0e726459da3:phone:1,AN19-rec-e0720bf6a0e726459da3,AN19.MIX.im5,Turkish,Turkic,wick,w ih k,0,w,3.2263563306389896e-08,39.436884573765504,6,6,0.007246376811594203
AN19-rec-e09d6acd8d6526a46983:phone:3,AN19-rec-e09d6acd8d6526a46983,AN19.SPA.sm2,Spanish,Romance,gas,g ae s,2,s,0.0001499017060586381,22.199629403120053,6,6,0.007042253521126761
AN19-rec-e0aff6ca3661dd472c2b:phone:3,AN19-rec-e0aff6ca3661dd472c2b,AN19.KOR.kf5,Korean,Koreanic,serve,s er v,2,v,7.811713309594252e-14,38.61719350964188,6,6,0.006993006993006993
AN19-rec-e0c57c11b40f7b4eb942:phone:2,AN19-rec-e0c57c11b40f7b4eb942,AN19.SPA.sf2,Spanish,Romance,lice,l ay s,1,ay,2.6566713772605886e-11,29.51679752848894,6,6,0.007246376811594203
AN19-rec-e0c57c11b40f7b4eb942:phone:3,AN19-rec-e0c57c11b40f7b4eb942,AN19.SPA.sf2,Spanish,Romance,lice,l ay s,2,s,0.0004252062477855723,22.924637298236814,6,6,0.007246376811594203
AN19-rec-e0ef565bc4e43f9ec4f0:phone:1,AN19-rec-e0ef565bc4e43f9ec4f0,AN19.KOR.kf2,Korean,Koreanic,shall,sh ae l,0,sh,0.004193738295183474,11.726115614722955,6,6,0.0072992700729927005
AN19-rec-e0ef565bc4e43f9ec4f0:phone:2,AN19-rec-e0ef565bc4e43f9ec4f0,AN19.KOR.kf2,Korean,Koreanic,shall,sh ae l,1,ae,1.4760236039032374e-05,13.849003705281776,6,6,0.0072992700729927005
AN19-rec-e10cfe36c9b1ff0c4a70:phone:1,AN19-rec-e10cfe36c9b1ff0c4a70,AN19.SPA.sf3,Spanish,Romance,weed,w iy d,0,w,0.00013808664005111318,47.7526947496656,6,6,0.007246376811594203
AN19-rec-e10cfe36c9b1ff0c4a70:phone:2,AN19-rec-e10cfe36c9b1ff0c4a70,AN19.SPA.sf3,Spanish,Romance,weed,w iy d,1,iy,2.31785295904818e-15,80.13685694292388,6,6,0.007246376811594203
AN19-rec-e112f3987d4e674f86bc:phone:2,AN19-rec-e112f3987d4e674f86bc,AN19.MIX.if2,Dutch,Germanic,thing,th ih ng,1,ih,3.534049745063228e-07,25.094710779925737,6,6,0.006944444444444444
AN19-rec-e119055144a5a50a7bbd:phone:3,AN19-rec-e119055144a5a50a7bbd,AN19.SPA.sm7,Spanish,Romance,hash,hh ae sh,2,sh,1.0919922951427664e-07,40.622139643727984,6,6,0.007352941176470588
AN19-rec-e11cb0ea8dcdae3e37ae:phone:2,AN19-rec-e11cb0ea8dcdae3e37ae,AN19.KOR.km1,Korean,Koreanic,fool,f uw l,1,uw,5.212002683522627e-06,20.246396040015885,6,6,0.0072992700729927005
AN19-rec-e13eb8113a498ffd9c54:phone:2,AN19-rec-e13eb8113a498ffd9c54,AN19.SPA.sm5,Spanish,Romance,chore,ch ao r,1,ao,9.766995493573934e-10,50.96747557476184,6,6,0.006896551724137931
AN19-rec-e14a4617ce2c0d905df9:phone:2,AN19-rec-e14a4617ce2c0d905df9,AN19.MIX.if5,Japanese,Japonic,voice,v oy s,1,oy,1.0658084354852159e-08,38.90958379274471,6,6,0.006711409395973154
AN19-rec-e159c845714f057006fd:phone:3,AN19-rec-e159c845714f057006fd,AN19.KOR.km1,Korean,Koreanic,bum,b ah m,2,m,8.623254797333425e-11,29.603883821361435,6,6,0.0072992700729927005
AN19-rec-e17092e71885b7d272c4:phone:1,AN19-rec-e17092e71885b7d272c4,AN19.MIX.if4,German,Germanic,league,l iy g,0,l,6.510570250422101e-13,39.041440576561605,6,6,0.0072992700729927005
AN19-rec-e17092e71885b7d272c4:phone:2,AN19-rec-e17092e71885b7d272c4,AN19.MIX.if4,German,Germanic,league,l iy g,1,iy,0.055613940901621334,10.88033149506721,6,6,0.0072992700729927005
AN19-rec-e17092e71885b7d272c4:phone:3,AN19-rec-e17092e71885b7d272c4,AN19.MIX.if4,German,Germanic,league,l iy g,2,g,0.0005692740179480298,15.872959363688045,6,6,0.0072992700729927005
AN19-rec-e1f7f64072f53b72904f:phone:2,AN19-rec-e1f7f64072f53b72904f,AN19.SPA.sf6,Spanish,Romance,mat,m ae t,1,ae,8.023819503728527e-07,30.85982658342469,6,6,0.007042253521126761
AN19-rec-e1fb3d21dbfd91b31dc7:phone:2,AN19-rec-e1fb3d21dbfd91b31dc7,AN19.MIX.im3,Russian,Slavic,kin,k ih n,1,ih,4.051472413049806e-07,34.510554687608824,6,6,0.006756756756756757
AN19-rec-e20909325f6cad639abf:phone:1,AN19-rec-e20909325f6cad639abf,AN19.KOR.kf2,Korean,Koreanic,gut,g ah t,0,g,3.357126771306933e-08,28.300939326530607,6,6,0.0072992700729927005
AN19-rec-e20909325f6cad639abf:phone:3,AN19-rec-e20909325f6cad639abf,AN19.KOR.kf2,Korean,Koreanic,gut,g ah t,2,t,5.1908004045413576e-11,36.87295770460556,6,6,0.0072992700729927005
AN19-rec-e20aeee22dd6d3202d72:phone:1,AN19-rec-e20aeee22dd6d3202d72,AN19.SPA.sf4,Spanish,Romance,curve,k er v,0,k,1.957879528614956e-13,36.649177652977365,6,6,0.0070921985815602835
AN19-rec-e20aeee22dd6d3202d72:phone:3,AN19-rec-e20aeee22dd6d3202d72,AN19.SPA.sf4,Spanish,Romance,curve,k er v,2,v,4.9485395107836644e-08,21.82712842340108,6,6,0.0070921985815602835
AN19-rec-e20bddd5e4ff43baa911:phone:2,AN19-rec-e20bddd5e4ff43baa911,AN19.SPA.sf6,Spanish,Romance,wail,w ey l,1,ey,0.0004603803500791991,29.591667609164944,6,6,0.007042253521126761
AN19-rec-e219eba386c821173be4:phone:1,AN19-rec-e219eba386c821173be4,AN19.MIX.im1,Romanian,Romance,shall,sh ae l,0,sh,0.009876748502146532,11.440055585154028,6,6,0.006802721088435374
AN19-rec-e219eba386c821173be4:phone:2,AN19-rec-e219eba386c821173be4,AN19.MIX.im1,Romanian,Romance,shall,sh ae l,1,ae,3.786203423633097e-06,19.32235324874112,6,6,0.006802721088435374
AN19-rec-e223a2bed3887cc3f337:phone:3,AN19-rec-e223a2bed3887cc3f337,AN19.SPA.sm7,Spanish,Romance,thought,th ao t,2,t,1.5016460154207582e-14,86.16397265062172,6,6,0.007352941176470588
AN19-rec-e2255a24ed55402999e8:phone:3,AN19-rec-e2255a24ed55402999e8,AN19.SPA.sf1,Spanish,Romance,route,r uw t,2,t,1.757693657995412e-11,52.079313110062,6,6,0.006896551724137931
AN19-rec-e2478c6d1e0877163636:phone:1,AN19-rec-e2478c6d1e0877163636,AN19.MIX.if3,French,Romance,shop,sh aa p,0,sh,0.007181520241838348,15.003841513719005,6,6,0.006993006993006993
AN19-rec-e2478c6d1e0877163636:phone:2,AN19-rec-e2478c6d1e0877163636,AN19.MIX.if3,French,Romance,shop,sh aa p,1,aa,2.46940809615845e-05,23.72954408955912,6,6,0.006993006993006993
AN19-rec-e2478c6d1e0877163636:phone:3,AN19-rec-e2478c6d1e0877163636,AN19.MIX.if3,French,Romance,shop,sh aa p,2,p,4.845442885873395e-31,89.69080515333081,6,6,0.006993006993006993
AN19-rec-e24a9717f68df6dbe6f3:phone:2,AN19-rec-e24a9717f68df6dbe6f3,AN19.SPA.sm2,Spanish,Romance,shape,sh ey p,1,ey,3.041227292265267e-06,16.871494018038394,6,6,0.007042253521126761
AN19-rec-e24e17cd283acaad5efa:phone:3,AN19-rec-e24e17cd283acaad5efa,AN19.SPA.sf2,Spanish,Romance,bum,b ah m,2,m,2.1337819162249256e-16,46.58339314426076,6,6,0.007246376811594203
AN19-rec-e261f011de7c284d6cf7:phone:2,AN19-rec-e261f011de7c284d6cf7,AN19.SPA.sm2,Spanish,Romance,lace,l ey s,1,ey,1.6326326341468852e-05,23.193759390731653,6,6,0.007042253521126761
AN19-rec-e263da4864d37945f0bc:phone:2,AN19-rec-e263da4864d37945f0bc,AN19.SPA.sf2,Spanish,Romance,lace,l ey s,1,ey,1.654054352933664e-12,32.12660224574589,6,6,0.007246376811594203
AN19-rec-e27a0d0a6422de4af66b:phone:1,AN19-rec-e27a0d0a6422de4af66b,AN19.MIX.if2,Dutch,Germanic,chief,ch iy f,0,ch,2.8631155041405912e-08,30.69290728285274,6,6,0.006944444444444444
AN19-rec-e27a0d0a6422de4af66b:phone:2,AN19-rec-e27a0d0a6422de4af66b,AN19.MIX.if2,Dutch,Germanic,chief,ch iy f,1,iy,1.9546150282672924e-06,26.0665669076768,6,6,0.006944444444444444
AN19-rec-e290e4c1a5798af287d5:phone:3,AN19-rec-e290e4c1a5798af287d5,AN19.KOR.kf2,Korean,Koreanic,bead,b iy d,2,d,4.645715466277786e-08,24.48458641543706,6,6,0.0072992700729927005
AN19-rec-e2abf70ecaa3711081da:phone:2,AN19-rec-e2abf70ecaa3711081da,AN19.SPA.sf2,Spanish,Romance,full,f uh l,1,uh,2.8886396775635497e-09,30.46312786891363,6,6,0.007246376811594203
AN19-rec-e2d26097e038e5499761:phone:1,AN19-rec-e2d26097e038e5499761,AN19.KOR.kf3,Korean,Koreanic,pawn,p ao n,0,p,2.3380904181925458e-35,89.12849812472604,6,6,0.007246376811594203
AN19-rec-e2dc62b79e48e831cce4:phone:1,AN19-rec-e2dc62b79e48e831cce4,AN19.KOR.kf3,Korean,Koreanic,doom,d uw m,0,d,2.165661393008002e-09,43.213980403592615,6,6,0.007246376811594203
AN19-rec-e2dc62b79e48e831cce4:phone:3,AN19-rec-e2dc62b79e48e831cce4,AN19.KOR.kf3,Korean,Koreanic,doom,d uw m,2,m,4.407302821219225e-13,38.75470748880046,6,6,0.007246376811594203
AN19-rec-e2dd6dcd289797e77fe8:phone:1,AN19-rec-e2dd6dcd289797e77fe8,AN19.KOR.kf5,Korean,Koreanic,king,k ih ng,0,k,0.004952637928459915,20.5219807009514,6,6,0.006993006993006993
AN19-rec-e308f05f4ebe765e1fc9:phone:1,AN19-rec-e308f05f4ebe765e1fc9,AN19.MIX.im3,Russian,Slavic,pawn,p ao n,0,p,1.2967392855143927e-27,66.94966959935685,6,6,0.006756756756756757
AN19-rec-e30d2d01abb16a756ab9:phone:1,AN19-rec-e30d2d01abb16a756ab9,AN19.MIX.im4,Mandarin,Sino-Tibetan,hack,hh ae k,0,hh,2.1950517671051765e-05,16.357910953768087,6,6,0.006993006993006993
AN19-rec-e30d2d01abb16a756ab9:phone:3,AN19-rec-e30d2d01abb16a756ab9,AN19.MIX.im4,Mandarin,Sino-Tibetan,hack,hh ae k,2,k,5.202413176293761e-09,39.81724876920788,6,6,0.006993006993006993
AN19-rec-e31505f185bf1d1f35b5:phone:3,AN19-rec-e31505f185bf1d1f35b5,AN19.KOR.kf5,Korean,Koreanic,thought,th ao t,2,t,1.3762698577899852e-09,45.50081000755583,6,6,0.006993006993006993
AN19-rec-e33c8a137f0ee4fa2214:phone:3,AN19-rec-e33c8a137f0ee4fa2214,AN19.KOR.kf5,Korean,Koreanic,bead,b iy d,2,d,0.0001054961730047374,26.775396519110583,6,6,0.006993006993006993
AN19-rec-e3831114ee9fb5e3dd1e:phone:1,AN19-rec-e3831114ee9fb5e3dd1e,AN19.MIX.im5,Turkish,Turkic,mall,m ao l,0,m,6.408723989892405e-09,37.70022664815706,6,6,0.007246376811594203
AN19-rec-e385326c5a57ef451ec5:phone:1,AN19-rec-e385326c5a57ef451ec5,AN19.KOR.km2,Korean,Koreanic,sane,s ey n,0,s,0.00011529283760527356,14.070587486302877,6,6,0.006756756756756757
AN19-rec-e385326c5a57ef451ec5:phone:2,AN19-rec-e385326c5a57ef451ec5,AN19.KOR.km2,Korean,Koreanic,sane,s ey n,1,ey,0.0003915244302648162,22.357034791154195,6,6,0.006756756756756757
AN19-rec-e390501c1832ac491836:phone:1,AN19-rec-e390501c1832ac491836,AN19.KOR.km7,Korean,Koreanic,soak,s ow k,0,s,0.00030388006355745826,12.797535488287949,6,6,0.006711409395973154
AN19-rec-e390501c1832ac491836:phone:2,AN19-rec-e390501c1832ac491836,AN19.KOR.km7,Korean,Koreanic,soak,s ow k,1,ow,0.03859093877953023,23.0452876418496,6,6,0.006711409395973154
AN19-rec-e3949d4c00bf54f00ee2:phone:1,AN19-rec-e3949d4c00bf54f00ee2,AN19.KOR.kf1,Korean,Koreanic,mote,m ow t,0,m,6.131770876021282e-10,55.3328974493632,6,6,0.0072992700729927005
AN19-rec-e3949d4c00bf54f00ee2:phone:2,AN19-rec-e3949d4c00bf54f00ee2,AN19.KOR.kf1,Korean,Koreanic,mote,m ow t,1,ow,1.1180098292119713e-18,53.07272335792647,6,6,0.0072992700729927005
AN19-rec-e39636860c1d421a0665:phone:1,AN19-rec-e39636860c1d421a0665,AN19.KOR.km6,Korean,Koreanic,gave,g ey v,0,g,5.310136731804435e-07,18.661417120153786,6,6,0.007042253521126761
AN19-rec-e3ded13affb3088d84ad:phone:2,AN19-rec-e3ded13affb3088d84ad,AN19.MIX.if6,Somali,Afro-Asiatic,noise,n oy z,1,oy,0.07096151957624476,46.307686614246336,6,6,0.007246376811594203
AN19-rec-e3f4f3003ba4d40f4997:phone:1,AN19-rec-e3f4f3003ba4d40f4997,AN19.MIX.if2,Dutch,Germanic,give,g ih v,0,g,1.1798125087476204e-05,21.155713352475143,6,6,0.006944444444444444
AN19-rec-e3fbcffa467a0e515e9e:phone:1,AN19-rec-e3fbcffa467a0e515e9e,AN19.KOR.km8,Korean,Koreanic,balm,b aa m,0,b,0.015709669191482176,52.4446931844845,6,6,0.006896551724137931
AN19-rec-e3fc8e0cdc67bb84e331:phone:2,AN19-rec-e3fc8e0cdc67bb84e331,AN19.SPA.sm3,Spanish,Romance,thick,th ih k,1,ih,4.297161749654596e-21,57.57251577080897,6,6,0.0072992700729927005
AN19-rec-e3fc8e0cdc67bb84e331:phone:3,AN19-rec-e3fc8e0cdc67bb84e331,AN19.SPA.sm3,Spanish,Romance,thick,th ih k,2,k,6.768272637580759e-09,49.37132817256949,6,6,0.0072992700729927005
AN19-rec-e442a485b2409fe13171:phone:1,AN19-rec-e442a485b2409fe13171,AN19.MIX.if5,Japanese,Japonic,mote,m ow t,0,m,0.0004124637936776969,48.94406563086002,6,6,0.006711409395973154
AN19-rec-e442a485b2409fe13171:phone:2,AN19-rec-e442a485b2409fe13171,AN19.MIX.if5,Japanese,Japonic,mote,m ow t,1,ow,5.560521590529834e-09,35.81087894013541,6,6,0.006711409395973154
AN19-rec-e4583704f13d5ae339ff:phone:3,AN19-rec-e4583704f13d5ae339ff,AN19.SPA.sf1,Spanish,Romance,peace,p iy s,2,s,8.212221486636555e-10,36.45757178629766,6,6,0.006896551724137931
AN19-rec-e46032c71ab6b1e68f86:phone:2,AN19-rec-e46032c71ab6b1e68f86,AN19.SPA.sf5,Spanish,Romance,lace,l ey s,1,ey,1.1077057579925191e-06,23.051656398566067,6,6,0.007194244604316547
AN19-rec-e4610c9de7bd5fb781a5:phone:2,AN19-rec-e4610c9de7bd5fb781a5,AN19.KOR.km3,Korean,Koreanic,learn,l er n,1,er,7.124467893547496e-06,21.51390970697261,6,6,0.006666666666666667
AN19-rec-e49ad8b272aa288b7589:phone:1,AN19-rec-e49ad8b272aa288b7589,AN19.MIX.im5,Turkish,Turkic,gave,g ey v,0,g,0.0005939061880851044,14.211471539783943,6,6,0.007246376811594203
AN19-rec-e49bf511244d415d2af6:phone:3,AN19-rec-e49bf511244d415d2af6,AN19.KOR.kf2,Korean,Koreanic,faith,f ey th,2,th,6.0093356799289825e-09,29.40102059928265,6,6,0.0072992700729927005
AN19-rec-e4a582330f3a9c34e780:phone:2,AN19-rec-e4a582330f3a9c34e780,AN19.MIX.if2,Dutch,Germanic,lace,l ey s,1,ey,9.201307372417429e-09,30.652319978205952,6,6,0.006944444444444444
AN19-rec-e4b432a0fd73052b978c:phone:2,AN19-rec-e4b432a0fd73052b978c,AN19.MIX.im2,Bengali,Indo-Aryan,watch,w aa ch,1,aa,5.485122599553798e-08,31.994778597030844,6,6,0.007246376811594203
AN19-rec-e4ee782eaecdf6f6e7e5:phone:1,AN19-rec-e4ee782eaecdf6f6e7e5,AN19.MIX.im6,Hindi,Indo-Aryan,wick,w ih k,0,w,0.0010997422753502128,34.84540092671116,6,6,0.006711409395973154
AN19-rec-e4f226fb05b9e0ce99ca:phone:1,AN19-rec-e4f226fb05b9e0ce99ca,AN19.MIX.im2,Bengali,Indo-Aryan,soak,s ow k,0,s,0.006016458935451419,10.894110305102169,6,6,0.007246376811594203
AN19-rec-e4f226fb05b9e0ce99ca:phone:2,AN19-rec-e4f226fb05b9e0ce99ca,AN19.MIX.im2,Bengali,Indo-Aryan,soak,s ow k,1,ow,0.0006937188386325882,73.4606861613294,6,6,0.007246376811594203
AN19-rec-e4f519d519a098041853:phone:1,AN19-rec-e4f519d519a098041853,AN19.KOR.kf5,Korean,Koreanic,fig,f ih g,0,f,6.495876813305215e-14,58.32643974676589,6,6,0.006993006993006993
AN19-rec-e50033e6344550f2a4f7:phone:1,AN19-rec-e50033e6344550f2a4f7,AN19.MIX.im6,Hindi,Indo-Aryan,bean,b iy n,0,b,2.6404043870410665e-16,43.87870464231304,6,6,0.006711409395973154
AN19-rec-e50033e6344550f2a4f7:phone:2,AN19-rec-e50033e6344550f2a4f7,AN19.MIX.im6,Hindi,Indo-Aryan,bean,b iy n,1,iy,5.36794085062039e-12,41.39967016733171,6,6,0.006711409395973154
AN19-rec-e50cefed99c4527fea80:phone:2,AN19-rec-e50cefed99c4527fea80,AN19.SPA.sm4,Spanish,Romance,rhyme,r ay m,1,ay,1.7164734724740775e-08,47.14402922663788,6,6,0.007194244604316547
AN19-rec-e50cefed99c4527fea80:phone:3,AN19-rec-e50cefed99c4527fea80,AN19.SPA.sm4,Spanish,Romance,rhyme,r ay m,2,m,1.8545064470119446e-06,37.31768420820344,6,6,0.007194244604316547
AN19-rec-e538908358c9cf950d38:phone:1,AN19-rec-e538908358c9cf950d38,AN19.KOR.km7,Korean,Koreanic,check,ch eh k,0,ch,2.6126958076500093e-05,23.13868285525264,6,6,0.006711409395973154
AN19-rec-e53a76394418174fdf9b:phone:1,AN19-rec-e53a76394418174fdf9b,AN19.KOR.kf2,Korean,Koreanic,gave,g ey v,0,g,7.524310087983122e-07,19.42522720778868,6,6,0.0072992700729927005
AN19-rec-e551106f802f1ca2550b:phone:1,AN19-rec-e551106f802f1ca2550b,AN19.MIX.im1,Romanian,Romance,mall,m ao l,0,m,0.007510613646754555,39.67403909756596,6,6,0.006802721088435374
AN19-rec-e551a2c0bba6e9942a0a:phone:1,AN19-rec-e551a2c0bba6e9942a0a,AN19.KOR.kf4,Korean,Koreanic,both,b ow th,0,b,1.0737173169454855e-07,23.00263707640335,6,6,0.0070921985815602835
AN19-rec-e551a2c0bba6e9942a0a:phone:3,AN19-rec-e551a2c0bba6e9942a0a,AN19.KOR.kf4,Korean,Koreanic,both,b ow th,2,th,2.3850571283466213e-07,32.02384742092514,6,6,0.0070921985815602835
AN19-rec-e55445e18d28e55e98b5:phone:2,AN19-rec-e55445e18d28e55e98b5,AN19.MIX.im2,Bengali,Indo-Aryan,wash,w aa sh,1,aa,0.00013496535070145027,38.3527233172371,6,6,0.007246376811594203
AN19-rec-e55b4ad0ab2ae4625310:phone:3,AN19-rec-e55b4ad0ab2ae4625310,AN19.KOR.kf1,Korean,Koreanic,curve,k er v,2,v,4.315448704119984e-09,24.801386718352788,6,6,0.0072992700729927005
AN19-rec-e5719b24ee4181832826:phone:1,AN19-rec-e5719b24ee4181832826,AN19.SPA.sf3,Spanish,Romance,page,p ey jh,0,p,0.014370161531940671,47.63648463167518,6,6,0.007246376811594203
AN19-rec-e5719b24ee4181832826:phone:3,AN19-rec-e5719b24ee4181832826,AN19.SPA.sf3,Spanish,Romance,page,p ey jh,2,jh,6.980381403466648e-06,34.02867954132983,6,6,0.007246376811594203
AN19-rec-e5764fe60441e6187a52:phone:3,AN19-rec-e5764fe60441e6187a52,AN19.MIX.im6,Hindi,Indo-Aryan,mouth,m aw th,2,th,1.6737537020007755e-16,46.84224380568396,6,6,0.006711409395973154
AN19-rec-e58536034ae7f348f4fc:phone:3,AN19-rec-e58536034ae7f348f4fc,AN19.SPA.sf6,Spanish,Romance,mouth,m aw th,2,th,1.141803499212746e-05,37.11525191178399,6,6,0.007042253521126761
AN19-rec-e58e2c624e9ce3f5a208:phone:2,AN19-rec-e58e2c624e9ce3f5a208,AN19.SPA.sm6,Spanish,Romance,was,w aa z,1,aa,4.240435576173242e-06,26.30972798920757,6,6,0.006756756756756757
AN19-rec-e5950e37a0328fa695a1:phone:1,AN19-rec-e5950e37a0328fa695a1,AN19.SPA.sf4,Spanish,Romance,doom,d uw m,0,d,1.583701901078509e-14,47.45537298115945,6,6,0.0070921985815602835
AN19-rec-e5950e37a0328fa695a1:phone:3,AN19-rec-e5950e37a0328fa695a1,AN19.SPA.sf4,Spanish,Romance,doom,d uw m,2,m,2.0298593943862656e-09,29.022494745220445,6,6,0.0070921985815602835
AN19-rec-e5ad390f31d70f9b6c5c:phone:3,AN19-rec-e5ad390f31d70f9b6c5c,AN19.SPA.sf6,Spanish,Romance,serve,s er v,2,v,0.0028310743334535363,19.339353304970533,6,6,0.007042253521126761
AN19-rec-e5c0e0c411ab2e877a06:phone:3,AN19-rec-e5c0e0c411ab2e877a06,AN19.SPA.sm2,Spanish,Romance,lame,l ey m,2,m,4.6369815021827866e-07,33.29872015342982,6,6,0.007042253521126761
AN19-rec-e5c7222ce4be5b258873:phone:2,AN19-rec-e5c7222ce4be5b258873,AN19.MIX.im6,Hindi,Indo-Aryan,neck,n eh k,1,eh,1.1041082223946307e-26,83.17888226510608,6,6,0.006711409395973154
AN19-rec-e5eb2fea13c36c4999f7:phone:1,AN19-rec-e5eb2fea13c36c4999f7,AN19.KOR.kf2,Korean,Koreanic,give,g ih v,0,g,4.442876877491532e-13,40.543696812875616,6,6,0.0072992700729927005
AN19-rec-e5ec55f83fd517a6d1b1:phone:3,AN19-rec-e5ec55f83fd517a6d1b1,AN19.KOR.kf2,Korean,Koreanic,dog,d ao g,2,g,1.7111249373439657e-18,61.95223144716389,6,6,0.0072992700729927005
AN19-rec-e5f18b1924cb1af00d6a:phone:1,AN19-rec-e5f18b1924cb1af00d6a,AN19.MIX.im1,Romanian,Romance,king,k ih ng,0,k,9.765545392828224e-17,45.28325697479789,6,6,0.006802721088435374
AN19-rec-e5f84efcc6e8613acc77:phone:1,AN19-rec-e5f84efcc6e8613acc77,AN19.SPA.sf2,Spanish,Romance,five,f ay v,0,f,1.9941736106820774e-12,60.7615542373232,6,6,0.007246376811594203
AN19-rec-e5f93ed719ec1f23f4bd:phone:3,AN19-rec-e5f93ed719ec1f23f4bd,AN19.SPA.sf1,Spanish,Romance,dog,d ao g,2,g,5.169588855543529e-16,91.75927050110636,6,6,0.006896551724137931
AN19-rec-e6150427e8f4bf646032:phone:2,AN19-rec-e6150427e8f4bf646032,AN19.MIX.if4,German,Germanic,fade,f ey d,1,ey,3.549805847743703e-13,69.12958740254311,6,6,0.0072992700729927005
AN19-rec-e618b1679903039f7a72:phone:2,AN19-rec-e618b1679903039f7a72,AN19.KOR.kf6,Korean,Koreanic,kit,k ih t,1,ih,0.0012992683940526,25.444510470255786,6,6,0.007042253521126761
AN19-rec-e64783ffc0170446de04:phone:1,AN19-rec-e64783ffc0170446de04,AN19.KOR.kf3,Korean,Koreanic,curve,k er v,0,k,4.213570459655558e-09,37.93945232348828,6,6,0.007246376811594203
AN19-rec-e64783ffc0170446de04:phone:3,AN19-rec-e64783ffc0170446de04,AN19.KOR.kf3,Korean,Koreanic,curve,k er v,2,v,4.455269177184348e-06,17.51830696329721,6,6,0.007246376811594203
AN19-rec-e65ef0819548d8cfb0e0:phone:1,AN19-rec-e65ef0819548d8cfb0e0,AN19.MIX.if6,Somali,Afro-Asiatic,page,p ey jh,0,p,0.0006432965033378771,13.13944060769689,6,6,0.007246376811594203
AN19-rec-e65ef0819548d8cfb0e0:phone:3,AN19-rec-e65ef0819548d8cfb0e0,AN19.MIX.if6,Somali,Afro-Asiatic,page,p ey jh,2,jh,1.6939909675665796e-09,36.6336618630372,6,6,0.007246376811594203
AN19-rec-e66e8df1e45a2bd21ef1:phone:1,AN19-rec-e66e8df1e45a2bd21ef1,AN19.MIX.im5,Turkish,Turkic,hid,hh ih d,0,hh,0.005836093459643304,42.86687240959558,6,6,0.007246376811594203
AN19-rec-e66e8df1e45a2bd21ef1:phone:3,AN19-rec-e66e8df1e45a2bd21ef1,AN19.MIX.im5,Turkish,Turkic,hid,hh ih d,2,d,1.1443637905541355e-07,38.440235924278376,6,6,0.007246376811594203
AN19-rec-e68ed59f130fac1b1836:phone:2,AN19-rec-e68ed59f130fac1b1836,AN19.KOR.km6,Korean,Koreanic,suck,s ah k,1,ah,1.59278056756016e-05,36.52505124508115,6,6,0.007042253521126761
AN19-rec-e68ed59f130fac1b1836:phone:3,AN19-rec-e68ed59f130fac1b1836,AN19.KOR.km6,Korean,Koreanic,suck,s ah k,2,k,4.811500896214599e-22,61.457904722566205,6,6,0.007042253521126761
AN19-rec-e68ffc8155fc270cc1ab:phone:3,AN19-rec-e68ffc8155fc270cc1ab,AN19.KOR.kf4,Korean,Koreanic,serve,s er v,2,v,0.0015970358617622574,12.910346141213047,6,6,0.0070921985815602835
AN19-rec-e69859d4924c19c123aa:phone:3,AN19-rec-e69859d4924c19c123aa,AN19.KOR.km1,Korean,Koreanic,serve,s er v,2,v,1.2418873801931774e-10,28.32679430693284,6,6,0.0072992700729927005
AN19-rec-e6a40ef78da6811888be:phone:1,AN19-rec-e6a40ef78da6811888be,AN19.KOR.kf1,Korean,Koreanic,soil,s oy l,0,s,0.0027696933007199383,16.633472222753138,6,6,0.0072992700729927005
AN19-rec-e6a40ef78da6811888be:phone:2,AN19-rec-e6a40ef78da6811888be,AN19.KOR.kf1,Korean,Koreanic,soil,s oy l,1,oy,9.82448999486015e-09,23.814882878995064,6,6,0.0072992700729927005
AN19-rec-e6ba6a1bead0598eaaed:phone:3,AN19-rec-e6ba6a1bead0598eaaed,AN19.MIX.if6,Somali,Afro-Asiatic,peace,p iy s,2,s,2.947490881411591e-07,20.259575673218038,6,6,0.007246376811594203
AN19-rec-e6c6949660b4fdc104e6:phone:2,AN19-rec-e6c6949660b4fdc104e6,AN19.SPA.sm4,Spanish,Romance,bun,b ah n,1,ah,1.0652359552739659e-06,20.26839577785805,6,6,0.007194244604316547
AN19-rec-e6da2af81e1f8eb0fb58:phone:1,AN19-rec-e6da2af81e1f8eb0fb58,AN19.SPA.sf5,Spanish,Romance,page,p ey jh,0,p,0.0011235079211788519,48.54912853873113,6,6,0.007194244604316547
AN19-rec-e6da2af81e1f8eb0fb58:phone:3,AN19-rec-e6da2af81e1f8eb0fb58,AN19.SPA.sf5,Spanish,Romance,page,p ey jh,2,jh,1.8139584323879299e-12,40.046897466504696,6,6,0.007194244604316547
AN19-rec-e6dea4c3e2da296c9d6c:phone:1,AN19-rec-e6dea4c3e2da296c9d6c,AN19.MIX.if1,Albanian,Albanian,balm,b aa m,0,b,8.332967354953863e-08,27.67888806809294,6,6,0.0070921985815602835
AN19-rec-e6e42f72d5331dbaf47c:phone:2,AN19-rec-e6e42f72d5331dbaf47c,AN19.KOR.kf2,Korean,Koreanic,fade,f ey d,1,ey,5.6280560320073236e-06,16.668943104074106,6,6,0.0072992700729927005
AN19-rec-e6eda9542c1ef68a0a89:phone:2,AN19-rec-e6eda9542c1ef68a0a89,AN19.SPA.sf2,Spanish,Romance,live,l ay v,1,ay,9.856512510924865e-17,53.55498157855669,6,6,0.007246376811594203
AN19-rec-e6fc642879d595ab4f30:phone:2,AN19-rec-e6fc642879d595ab4f30,AN19.MIX.if1,Albanian,Albanian,cod,k aa d,1,aa,1.3080526202588651e-08,47.37066555872408,6,6,0.0070921985815602835
AN19-rec-e71d5469340fbfb27479:phone:3,AN19-rec-e71d5469340fbfb27479,AN19.KOR.kf5,Korean,Koreanic,route,r uw t,2,t,6.119741603296748e-05,37.55595130830452,6,6,0.006993006993006993
AN19-rec-e721ba0fa0ce5fb22e72:phone:2,AN19-rec-e721ba0fa0ce5fb22e72,AN19.MIX.im4,Mandarin,Sino-Tibetan,voice,v oy s,1,oy,1.5318951976480327e-05,31.620547578823885,6,6,0.006993006993006993
AN19-rec-e7255f9c5cca38ab8ff8:phone:2,AN19-rec-e7255f9c5cca38ab8ff8,AN19.MIX.if2,Dutch,Germanic,lose,l uw z,1,uw,0.00040391673290205115,10.27685010724332,6,6,0.006944444444444444
AN19-rec-e75617fda83e3d74692e:phone:1,AN19-rec-e75617fda83e3d74692e,AN19.SPA.sf2,Spanish,Romance,hack,hh ae k,0,hh,0.0013444060624589447,11.639973038648469,6,6,0.007246376811594203
AN19-rec-e75617fda83e3d74692e:phone:3,AN19-rec-e75617fda83e3d74692e,AN19.SPA.sf2,Spanish,Romance,hack,hh ae k,2,k,1.0297826509191726e-24,68.30105144677708,6,6,0.007246376811594203
AN19-rec-e7595fe28416d9c7e02f:phone:1,AN19-rec-e7595fe28416d9c7e02f,AN19.KOR.kf3,Korean,Koreanic,cheer,ch ih r,0,ch,0.014889203746159095,15.562307637348928,6,6,0.007246376811594203
AN19-rec-e7595fe28416d9c7e02f:phone:3,AN19-rec-e7595fe28416d9c7e02f,AN19.KOR.kf3,Korean,Koreanic,cheer,ch ih r,2,r,0.007095671502561879,16.403304473872264,6,6,0.007246376811594203
AN19-rec-e76285acb3fa7c8f9342:phone:1,AN19-rec-e76285acb3fa7c8f9342,AN19.MIX.if6,Somali,Afro-Asiatic,bean,b iy n,0,b,0.12632202860212532,27.35473861791,6,6,0.007246376811594203
AN19-rec-e76285acb3fa7c8f9342:phone:2,AN19-rec-e76285acb3fa7c8f9342,AN19.MIX.if6,Somali,Afro-Asiatic,bean,b iy n,1,iy,0.016157565004523148,8.24370654051492,6,6,0.007246376811594203
AN19-rec-e779afd08e2b40479204:phone:1,AN19-rec-e779afd08e2b40479204,AN19.SPA.sm6,Spanish,Romance,hoot,hh uw t,0,hh,3.1000919522943534e-07,29.87845266027644,6,6,0.006756756756756757
AN19-rec-e779afd08e2b40479204:phone:3,AN19-rec-e779afd08e2b40479204,AN19.SPA.sm6,Spanish,Romance,hoot,hh uw t,2,t,4.8737089869673184e-05,22.87986918901215,6,6,0.006756756756756757
AN19-rec-e783f580f6465b9fb169:phone:1,AN19-rec-e783f580f6465b9fb169,AN19.MIX.if3,French,Romance,both,b ow th,0,b,2.0619768807658325e-21,77.28215374277043,6,6,0.006993006993006993
AN19-rec-e783f580f6465b9fb169:phone:3,AN19-rec-e783f580f6465b9fb169,AN19.MIX.if3,French,Romance,both,b ow th,2,th,2.4913638923576406e-12,34.503886489400784,6,6,0.006993006993006993
AN19-rec-e78f403e9c753613cb24:phone:1,AN19-rec-e78f403e9c753613cb24,AN19.KOR.kf4,Korean,Koreanic,hoot,hh uw t,0,hh,8.964971148343354e-08,30.90553762196652,6,6,0.0070921985815602835
AN19-rec-e78f403e9c753613cb24:phone:3,AN19-rec-e78f403e9c753613cb24,AN19.KOR.kf4,Korean,Koreanic,hoot,hh uw t,2,t,9.949298109163641e-12,37.214905349203605,6,6,0.0070921985815602835
AN19-rec-e78ff826a3d7b109408d:phone:1,AN19-rec-e78ff826a3d7b109408d,AN19.MIX.if3,French,Romance,five,f ay v,0,f,9.450085206215807e-11,64.4087940470349,6,6,0.006993006993006993
AN19-rec-e79b9a76cc988af8e98e:phone:2,AN19-rec-e79b9a76cc988af8e98e,AN19.SPA.sm7,Spanish,Romance,noise,n oy z,1,oy,1.3902928643852642e-05,38.30154416463673,6,6,0.007352941176470588
AN19-rec-e7b271304ff9b63397e7:phone:1,AN19-rec-e7b271304ff9b63397e7,AN19.KOR.km8,Korean,Koreanic,lice,l ay s,0,l,1.1808056988675048e-09,25.157592530848472,6,6,0.006896551724137931
AN19-rec-e7b271304ff9b63397e7:phone:2,AN19-rec-e7b271304ff9b63397e7,AN19.KOR.km8,Korean,Koreanic,lice,l ay s,1,ay,0.0003030455854094479,29.01980713410388,6,6,0.006896551724137931
AN19-rec-e7b271304ff9b63397e7:phone:3,AN19-rec-e7b271304ff9b63397e7,AN19.KOR.km8,Korean,Koreanic,lice,l ay s,2,s,0.0008263680989254641,42.2868247286029,6,6,0.006896551724137931
AN19-rec-e7b690f7564880784817:phone:2,AN19-rec-e7b690f7564880784817,AN19.KOR.km6,Korean,Koreanic,fade,f ey d,1,ey,1.899011941518498e-07,18.354263973273067,6,6,0.007042253521126761
AN19-rec-e7bc0f21de4dc28120ff:phone:3,AN19-rec-e7bc0f21de4dc28120ff,AN19.MIX.if6,Somali,Afro-Asiatic,gut,g ah t,2,t,2.509719866131574e-22,54.046668540533,6,6,0.007246376811594203
AN19-rec-e7bf7284667eb0536ef0:phone:1,AN19-rec-e7bf7284667eb0536ef0,AN19.KOR.kf5,Korean,Koreanic,dune,d uw n,0,d,0.004037141762568181,25.454918705864326,6,6,0.006993006993006993
AN19-rec-e7c2b526a19fbadde193:phone:2,AN19-rec-e7c2b526a19fbadde193,AN19.KOR.kf3,Korean,Koreanic,fade,f ey d,1,ey,2.143603544202941e-06,29.62645315428966,6,6,0.007246376811594203
AN19-rec-e7c65cd4aca6962669af:phone:3,AN19-rec-e7c65cd4aca6962669af,AN19.MIX.im3,Russian,Slavic,toot,t uw t,2,t,3.293201176654923e-06,21.99232843051845,6,6,0.006756756756756757
AN19-rec-e7f9d44a54f1cf961838:phone:1,AN19-rec-e7f9d44a54f1cf961838,AN19.KOR.km1,Korean,Koreanic,mote,m ow t,0,m,7.729965423714538e-09,59.84834269662544,6,6,0.0072992700729927005
AN19-rec-e80d321b55a83c47831c:phone:3,AN19-rec-e80d321b55a83c47831c,AN19.MIX.if2,Dutch,Germanic,route,r uw t,2,t,1.8384730668216085e-05,46.47307605537849,6,6,0.006944444444444444
AN19-rec-e8126358ece7e3549fc6:phone:1,AN19-rec-e8126358ece7e3549fc6,AN19.KOR.kf1,Korean,Koreanic,chain,ch ey n,0,ch,0.0213516281767412,19.162716688970853,6,6,0.0072992700729927005
AN19-rec-e825e4d6adee125e7d19:phone:1,AN19-rec-e825e4d6adee125e7d19,AN19.SPA.sm5,Spanish,Romance,dune,d uw n,0,d,7.07648616837419e-11,35.85579198808372,6,6,0.006896551724137931
AN19-rec-e829b1389e2749133adb:phone:2,AN19-rec-e829b1389e2749133adb,AN19.SPA.sm7,Spanish,Romance,mace,m ey s,1,ey,1.949362631568467e-06,28.27226316596389,6,6,0.007352941176470588
AN19-rec-e829b1389e2749133adb:phone:3,AN19-rec-e829b1389e2749133adb,AN19.SPA.sm7,Spanish,Romance,mace,m ey s,2,s,4.037526726734966e-07,41.08004336449718,6,6,0.007352941176470588
AN19-rec-e82b6be5ab3d7de37f77:phone:1,AN19-rec-e82b6be5ab3d7de37f77,AN19.SPA.sf3,Spanish,Romance,pool,p uw l,0,p,0.0002943103327853821,20.03903645822714,6,6,0.007246376811594203
AN19-rec-e83098e9f0f6f6996152:phone:3,AN19-rec-e83098e9f0f6f6996152,AN19.KOR.km3,Korean,Koreanic,toot,t uw t,2,t,4.655272324928623e-15,57.450183103466905,6,6,0.006666666666666667
AN19-rec-e83a9d8ee71a3abd6877:phone:2,AN19-rec-e83a9d8ee71a3abd6877,AN19.MIX.if1,Albanian,Albanian,neck,n eh k,1,eh,2.6219064742371405e-17,71.65728239279599,6,6,0.0070921985815602835
AN19-rec-e84738e26443507c7c00:phone:3,AN19-rec-e84738e26443507c7c00,AN19.MIX.im1,Romanian,Romance,love,l ah v,2,v,1.1637294641291616e-10,40.01867638079005,6,6,0.006802721088435374
AN19-rec-e84f71f3f96d4634fefd:phone:2,AN19-rec-e84f71f3f96d4634fefd,AN19.MIX.im5,Turkish,Turkic,wife,w ay f,1,ay,0.0052907892862952355,14.877769128476698,6,6,0.007246376811594203
AN19-rec-e85eb4ed4580213746d2:phone:3,AN19-rec-e85eb4ed4580213746d2,AN19.KOR.kf4,Korean,Koreanic,jack,jh ae k,2,k,5.766867652557433e-20,60.03876784120478,6,6,0.0070921985815602835
AN19-rec-e864952c42c01b7b016a:phone:3,AN19-rec-e864952c42c01b7b016a,AN19.KOR.kf5,Korean,Koreanic,mouth,m aw th,2,th,1.825533429395843e-09,43.33237210619666,6,6,0.006993006993006993
AN19-rec-e86e6b7d2d8e06953b7f:phone:3,AN19-rec-e86e6b7d2d8e06953b7f,AN19.MIX.im6,Hindi,Indo-Aryan,fin,f ih n,2,n,9.510415996870639e-06,34.262072211095855,6,6,0.006711409395973154
AN19-rec-e87bb779e6fed6c91c57:phone:1,AN19-rec-e87bb779e6fed6c91c57,AN19.SPA.sm4,Spanish,Romance,young,y ah ng,0,y,0.008233638958202939,34.03448774616947,6,6,0.007194244604316547
AN19-rec-e87bb779e6fed6c91c57:phone:3,AN19-rec-e87bb779e6fed6c91c57,AN19.SPA.sm4,Spanish,Romance,young,y ah ng,2,ng,1.5651570974925539e-09,45.75887896421629,6,6,0.007194244604316547
AN19-rec-e87f3463f21b0dc00dc8:phone:3,AN19-rec-e87f3463f21b0dc00dc8,AN19.SPA.sm5,Spanish,Romance,lame,l ey m,2,m,2.9827660369857763e-05,27.25337305823365,6,6,0.006896551724137931
AN19-rec-e89d62e41750d9913e21:phone:3,AN19-rec-e89d62e41750d9913e21,AN19.KOR.kf4,Korean,Koreanic,hash,hh ae sh,2,sh,0.00084689225346036,27.96097852515163,6,6,0.0070921985815602835
AN19-rec-e8a5e987c566cd245e5c:phone:2,AN19-rec-e8a5e987c566cd245e5c,AN19.SPA.sm4,Spanish,Romance,mace,m ey s,1,ey,0.0001087351496844622,27.02930552806434,6,6,0.007194244604316547
AN19-rec-e8a68405735cd29c29fc:phone:1,AN19-rec-e8a68405735cd29c29fc,AN19.SPA.sm2,Spanish,Romance,chain,ch ey n,0,ch,0.08041807532842123,24.604145816364355,6,6,0.007042253521126761
AN19-rec-e8a9737c167c5386f202:phone:1,AN19-rec-e8a9737c167c5386f202,AN19.KOR.kf4,Korean,Koreanic,soak,s ow k,0,s,2.6507853643321665e-05,13.081116890576864,6,6,0.0070921985815602835
AN19-rec-e8a9737c167c5386f202:phone:2,AN19-rec-e8a9737c167c5386f202,AN19.KOR.kf4,Korean,Koreanic,soak,s ow k,1,ow,5.034115670561642e-08,35.05414625939412,6,6,0.0070921985815602835
AN19-rec-e8b7ab1c80bb8191a499:phone:1,AN19-rec-e8b7ab1c80bb8191a499,AN19.KOR.kf6,Korean,Koreanic,weed,w iy d,0,w,0.00021791537655000692,46.64258935192925,6,6,0.007042253521126761
AN19-rec-e8b7ab1c80bb8191a499:phone:2,AN19-rec-e8b7ab1c80bb8191a499,AN19.KOR.kf6,Korean,Koreanic,weed,w iy d,1,iy,0.0014589719197645827,26.607336240890188,6,6,0.007042253521126761
AN19-rec-e8be37d915e96d339981:phone:1,AN19-rec-e8be37d915e96d339981,AN19.SPA.sf1,Spanish,Romance,god,g aa d,0,g,2.6094858214957583e-20,75.11492385061662,6,6,0.006896551724137931
AN19-rec-e8c76269bd7a45eecc28:phone:3,AN19-rec-e8c76269bd7a45eecc28,AN19.MIX.if6,Somali,Afro-Asiatic,white,w ay t,2,t,0.00026955545654052266,44.28896032686382,6,6,0.007246376811594203
AN19-rec-e905885fbf8938f0b61b:phone:1,AN19-rec-e905885fbf8938f0b61b,AN19.MIX.if1,Albanian,Albanian,bean,b iy n,0,b,0.15892473834470602,40.902000651642176,6,6,0.0070921985815602835
AN19-rec-e905885fbf8938f0b61b:phone:2,AN19-rec-e905885fbf8938f0b61b,AN19.MIX.if1,Albanian,Albanian,bean,b iy n,1,iy,0.006305288760014043,14.863196616788183,6,6,0.0070921985815602835
AN19-rec-e91958e34684c2d384d2:phone:2,AN19-rec-e91958e34684c2d384d2,AN19.MIX.if6,Somali,Afro-Asiatic,teeth,t iy th,1,iy,0.045320764906649824,41.83000335792431,6,6,0.007246376811594203
AN19-rec-e937d36cf37634268af3:phone:1,AN19-rec-e937d36cf37634268af3,AN19.SPA.sf4,Spanish,Romance,check,ch eh k,0,ch,3.370496665876141e-06,30.428409584761454,6,6,0.0070921985815602835
AN19-rec-e93b024ec7b312dfc0d3:phone:1,AN19-rec-e93b024ec7b312dfc0d3,AN19.KOR.km8,Korean,Koreanic,curve,k er v,0,k,0.00014963483247819946,26.597745088038653,6,6,0.006896551724137931
AN19-rec-e93b024ec7b312dfc0d3:phone:3,AN19-rec-e93b024ec7b312dfc0d3,AN19.KOR.km8,Korean,Koreanic,curve,k er v,2,v,2.6960073570607346e-05,16.003863825999634,6,6,0.006896551724137931
AN19-rec-e93d5334c45f8ad49b2e:phone:3,AN19-rec-e93d5334c45f8ad49b2e,AN19.MIX.if3,French,Romance,bum,b ah m,2,m,4.7351720587353746e-17,48.8965763120347,6,6,0.006993006993006993
AN19-rec-e9500b2fafb813583fa3:phone:2,AN19-rec-e9500b2fafb813583fa3,AN19.SPA.sf3,Spanish,Romance,fade,f ey d,1,ey,0.0071759779449206374,17.336910396609266,6,6,0.007246376811594203
AN19-rec-e95ed8993b048d9ad3ee:phone:2,AN19-rec-e95ed8993b048d9ad3ee,AN19.SPA.sf2,Spanish,Romance,neck,n eh k,1,eh,2.3534082495195807e-16,53.52121982283848,6,6,0.007246376811594203
AN19-rec-e963e6746e6242a94f0f:phone:1,AN19-rec-e963e6746e6242a94f0f,AN19.KOR.kf2,Korean,Koreanic,path,p ae th,0,p,0.0002515639383131127,37.64437007372408,6,6,0.0072992700729927005
AN19-rec-e963e6746e6242a94f0f:phone:3,AN19-rec-e963e6746e6242a94f0f,AN19.KOR.kf2,Korean,Koreanic,path,p ae th,2,th,1.9725720386306006e-10,25.60845548638903,6,6,0.0072992700729927005
AN19-rec-e965031e7e5b2ebc9bdf:phone:2,AN19-rec-e965031e7e5b2ebc9bdf,AN19.SPA.sm7,Spanish,Romance,mat,m ae t,1,ae,6.043220983823799e-12,41.72938540229448,6,6,0.007352941176470588
AN19-rec-e972b8271ceec6e78005:phone:1,AN19-rec-e972b8271ceec6e78005,AN19.SPA.sf2,Spanish,Romance,king,k ih ng,0,k,3.023048974973264e-08,29.122046244212864,6,6,0.007246376811594203
AN19-rec-e97df77fda75f14f2cea:phone:1,AN19-rec-e97df77fda75f14f2cea,AN19.MIX.im2,Bengali,Indo-Aryan,shop,sh aa p,0,sh,2.123487849354793e-24,67.38620275174567,6,6,0.007246376811594203
AN19-rec-e97df77fda75f14f2cea:phone:2,AN19-rec-e97df77fda75f14f2cea,AN19.MIX.im2,Bengali,Indo-Aryan,shop,sh aa p,1,aa,6.250590739452376e-27,86.45521856525396,6,6,0.007246376811594203
AN19-rec-e97df77fda75f14f2cea:phone:3,AN19-rec-e97df77fda75f14f2cea,AN19.MIX.im2,Bengali,Indo-Aryan,shop,sh aa p,2,p,1.8292322729533106e-26,75.65688534510818,6,6,0.007246376811594203
AN19-rec-e99095f1c19e6989658a:phone:1,AN19-rec-e99095f1c19e6989658a,AN19.MIX.if3,French,Romance,cheer,ch ih r,0,ch,0.0001761142207950566,29.80942870036921,6,6,0.006993006993006993
AN19-rec-e99095f1c19e6989658a:phone:3,AN19-rec-e99095f1c19e6989658a,AN19.MIX.if3,French,Romance,cheer,ch ih r,2,r,1.3578828199779234e-17,60.467647490395,6,6,0.006993006993006993
AN19-rec-e9a61659c2535e318e4f:phone:1,AN19-rec-e9a61659c2535e318e4f,AN19.MIX.if6,Somali,Afro-Asiatic,sane,s ey n,0,s,4.461015888711683e-05,15.012230230904493,6,6,0.007246376811594203
AN19-rec-e9a61659c2535e318e4f:phone:2,AN19-rec-e9a61659c2535e318e4f,AN19.MIX.if6,Somali,Afro-Asiatic,sane,s ey n,1,ey,0.01399408103937768,18.76035892890725,6,6,0.007246376811594203
AN19-rec-e9b0aca58302977a4c00:phone:3,AN19-rec-e9b0aca58302977a4c00,AN19.KOR.kf3,Korean,Koreanic,hash,hh ae sh,2,sh,2.8219057531866097e-05,25.33640642514231,6,6,0.007246376811594203
AN19-rec-e9c4cd4a535cb1171e50:phone:1,AN19-rec-e9c4cd4a535cb1171e50,AN19.MIX.if2,Dutch,Germanic,thick,th ih k,0,th,1.8168004048424846e-31,86.0362392294219,6,6,0.006944444444444444
AN19-rec-e9c4cd4a535cb1171e50:phone:2,AN19-rec-e9c4cd4a535cb1171e50,AN19.MIX.if2,Dutch,Germanic,thick,th ih k,1,ih,9.449809066540526e-22,61.24649600928095,6,6,0.006944444444444444
AN19-rec-e9c4cd4a535cb1171e50:phone:3,AN19-rec-e9c4cd4a535cb1171e50,AN19.MIX.if2,Dutch,Germanic,thick,th ih k,2,k,1.4501122604920938e-06,50.36527613693644,6,6,0.006944444444444444
AN19-rec-e9f8809116272ed4c7ce:phone:2,AN19-rec-e9f8809116272ed4c7ce,AN19.KOR.km8,Korean,Koreanic,teat,t iy t,1,iy,5.7707380801854185e-21,59.15446939255864,6,6,0.006896551724137931
AN19-rec-ea0aac3235d06709ca68:phone:1,AN19-rec-ea0aac3235d06709ca68,AN19.KOR.km3,Korean,Koreanic,path,p ae th,0,p,0.00012099097129291627,26.885750214949194,6,6,0.006666666666666667
AN19-rec-ea0aac3235d06709ca68:phone:3,AN19-rec-ea0aac3235d06709ca68,AN19.KOR.km3,Korean,Koreanic,path,p ae th,2,th,1.2983045878532055e-07,22.567837792715864,6,6,0.006666666666666667
AN19-rec-ea22f4c94b2c007cfb71:phone:2,AN19-rec-ea22f4c94b2c007cfb71,AN19.MIX.if4,German,Germanic,mat,m ae t,1,ae,0.0010693927821001157,37.03416497207164,6,6,0.0072992700729927005
AN19-rec-ea27998a87e6fbae4ce4:phone:2,AN19-rec-ea27998a87e6fbae4ce4,AN19.KOR.km1,Korean,Koreanic,sill,s ih l,1,ih,3.5029467166629066e-06,18.249345723125558,6,6,0.0072992700729927005
AN19-rec-ea378129fd7f0dc106cb:phone:3,AN19-rec-ea378129fd7f0dc106cb,AN19.SPA.sm5,Spanish,Romance,death,d eh th,2,th,3.123064151365591e-21,79.80897659896718,6,6,0.006896551724137931
AN19-rec-ea3f66958795555e2253:phone:2,AN19-rec-ea3f66958795555e2253,AN19.MIX.if1,Albanian,Albanian,wife,w ay f,1,ay,0.026503919627797478,54.67369643258765,6,6,0.0070921985815602835
AN19-rec-ea421a4386a33611f2d2:phone:1,AN19-rec-ea421a4386a33611f2d2,AN19.MIX.im3,Russian,Slavic,pool,p uw l,0,p,1.3976968550363852e-07,27.774588896674075,6,6,0.006756756756756757
AN19-rec-ea4c3e6495904f0dcf4c:phone:3,AN19-rec-ea4c3e6495904f0dcf4c,AN19.SPA.sm3,Spanish,Romance,gas,g ae s,2,s,5.41856732008238e-08,42.80299193855384,6,6,0.0072992700729927005
AN19-rec-ea4e22db8c2e2a3533b8:phone:1,AN19-rec-ea4e22db8c2e2a3533b8,AN19.KOR.kf5,Korean,Koreanic,hid,hh ih d,0,hh,7.072864236706122e-06,36.702621196730426,6,6,0.006993006993006993
AN19-rec-ea4e22db8c2e2a3533b8:phone:3,AN19-rec-ea4e22db8c2e2a3533b8,AN19.KOR.kf5,Korean,Koreanic,hid,hh ih d,2,d,1.0080390779688554e-11,45.39198571011472,6,6,0.006993006993006993
AN19-rec-ea5ad27c4085eea9d4af:phone:2,AN19-rec-ea5ad27c4085eea9d4af,AN19.KOR.km6,Korean,Koreanic,mat,m ae t,1,ae,1.8360921886607894e-07,30.96125231587537,6,6,0.007042253521126761
AN19-rec-ea5e2375715ef0f31b36:phone:1,AN19-rec-ea5e2375715ef0f31b36,AN19.MIX.if6,Somali,Afro-Asiatic,fig,f ih g,0,f,1.9114532524976092e-10,34.627145993962394,6,6,0.007246376811594203
AN19-rec-ea5e2375715ef0f31b36:phone:3,AN19-rec-ea5e2375715ef0f31b36,AN19.MIX.if6,Somali,Afro-Asiatic,fig,f ih g,2,g,0.002580407751292133,34.28707439376144,6,6,0.007246376811594203
AN19-rec-ea6b829890218fb6b1ca:phone:3,AN19-rec-ea6b829890218fb6b1ca,AN19.KOR.kf3,Korean,Koreanic,route,r uw t,2,t,3.669549628709396e-11,54.50222781027664,6,6,0.007246376811594203
AN19-rec-ea7d4166e51cd714f355:phone:2,AN19-rec-ea7d4166e51cd714f355,AN19.MIX.if5,Japanese,Japonic,fade,f ey d,1,ey,5.269631586264016e-08,22.89741426822784,6,6,0.006711409395973154
AN19-rec-ea8526b77236ce224ddf:phone:1,AN19-rec-ea8526b77236ce224ddf,AN19.SPA.sm5,Spanish,Romance,cheer,ch ih r,0,ch,0.001672500906845685,13.542053832266244,6,6,0.006896551724137931
AN19-rec-ea8526b77236ce224ddf:phone:3,AN19-rec-ea8526b77236ce224ddf,AN19.SPA.sm5,Spanish,Romance,cheer,ch ih r,2,r,0.0006258221755860925,15.427948953332894,6,6,0.006896551724137931
AN19-rec-ea87a40d81da3e4f1f1a:phone:2,AN19-rec-ea87a40d81da3e4f1f1a,AN19.MIX.if2,Dutch,Germanic,pull,p uh l,1,uh,7.356321656473816e-09,39.14900694251415,6,6,0.006944444444444444
AN19-rec-ea8b65fb6797f573ec7b:phone:3,AN19-rec-ea8b65fb6797f573ec7b,AN19.KOR.km1,Korean,Koreanic,white,w ay t,2,t,1.4912284233557364e-06,43.68347052861048,6,6,0.0072992700729927005
AN19-rec-eaa6cac384065ab43845:phone:3,AN19-rec-eaa6cac384065ab43845,AN19.KOR.kf6,Korean,Koreanic,mouth,m aw th,2,th,5.2379099236659166e-11,45.44348046721051,6,6,0.007042253521126761
AN19-rec-eab27c8facbd1f95210d:phone:3,AN19-rec-eab27c8facbd1f95210d,AN19.MIX.im3,Russian,Slavic,fin,f ih n,2,n,2.968451830753512e-06,32.65465371334695,6,6,0.006756756756756757
AN19-rec-eb0e75c0c89f4dc691c3:phone:3,AN19-rec-eb0e75c0c89f4dc691c3,AN19.MIX.if2,Dutch,Germanic,lame,l ey m,2,m,1.754234202746089e-05,25.60909413467648,6,6,0.006944444444444444
AN19-rec-eb1b2f7932d5404161be:phone:2,AN19-rec-eb1b2f7932d5404161be,AN19.KOR.km6,Korean,Koreanic,bun,b ah n,1,ah,3.741769341850832e-14,40.828422968622135,6,6,0.007042253521126761
AN19-rec-eb370337017ee8c5324b:phone:1,AN19-rec-eb370337017ee8c5324b,AN19.KOR.kf1,Korean,Koreanic,thick,th ih k,0,th,7.959515326914353e-16,47.31521362227335,6,6,0.0072992700729927005
AN19-rec-eb370337017ee8c5324b:phone:2,AN19-rec-eb370337017ee8c5324b,AN19.KOR.kf1,Korean,Koreanic,thick,th ih k,1,ih,0.00020372054734502107,57.20621205414695,6,6,0.0072992700729927005
AN19-rec-eb370337017ee8c5324b:phone:3,AN19-rec-eb370337017ee8c5324b,AN19.KOR.kf1,Korean,Koreanic,thick,th ih k,2,k,0.0002189572074316758,44.05574239639032,6,6,0.0072992700729927005
AN19-rec-eb3a08909f7c217b915f:phone:1,AN19-rec-eb3a08909f7c217b915f,AN19.KOR.kf5,Korean,Koreanic,ship,sh ih p,0,sh,0.013330064719928326,5.372222017882859,6,6,0.006993006993006993
AN19-rec-eb3a08909f7c217b915f:phone:3,AN19-rec-eb3a08909f7c217b915f,AN19.KOR.kf5,Korean,Koreanic,ship,sh ih p,2,p,0.028913934378222844,10.964626131254098,6,6,0.006993006993006993
AN19-rec-eb5b9f051361153b81b1:phone:2,AN19-rec-eb5b9f051361153b81b1,AN19.SPA.sm4,Spanish,Romance,size,s ay z,1,ay,0.00034468370565450676,20.454461030796327,6,6,0.007194244604316547
AN19-rec-eb661631ad29d7d2b575:phone:1,AN19-rec-eb661631ad29d7d2b575,AN19.SPA.sf1,Spanish,Romance,sane,s ey n,0,s,9.684389736357351e-08,21.23013835911588,6,6,0.006896551724137931
AN19-rec-eb661631ad29d7d2b575:phone:2,AN19-rec-eb661631ad29d7d2b575,AN19.SPA.sf1,Spanish,Romance,sane,s ey n,1,ey,0.00019568024026832417,21.433056333566643,6,6,0.006896551724137931
AN19-rec-eb6d6ec6de485aac34b4:phone:1,AN19-rec-eb6d6ec6de485aac34b4,AN19.MIX.im6,Hindi,Indo-Aryan,bug,b ah g,0,b,0.00016907287508206368,31.36081820120049,6,6,0.006711409395973154
AN19-rec-eb6f5ac749c9b73abccf:phone:1,AN19-rec-eb6f5ac749c9b73abccf,AN19.MIX.if2,Dutch,Germanic,cheer,ch ih r,0,ch,1.312457763760431e-05,34.500599088709194,6,6,0.006944444444444444
AN19-rec-eb6f5ac749c9b73abccf:phone:3,AN19-rec-eb6f5ac749c9b73abccf,AN19.MIX.if2,Dutch,Germanic,cheer,ch ih r,2,r,8.818883279195687e-16,54.474333578015575,6,6,0.006944444444444444
AN19-rec-eb797e2c02f91d2f1228:phone:1,AN19-rec-eb797e2c02f91d2f1228,AN19.SPA.sf1,Spanish,Romance,dune,d uw n,0,d,2.3607612000188564e-07,30.77981423081444,6,6,0.006896551724137931
AN19-rec-eba37b4278628ca88136:phone:2,AN19-rec-eba37b4278628ca88136,AN19.MIX.im3,Russian,Slavic,watch,w aa ch,1,aa,0.004683788286903974,29.768245138001664,6,6,0.006756756756756757
AN19-rec-ebacdfceaf71cc9b2462:phone:2,AN19-rec-ebacdfceaf71cc9b2462,AN19.KOR.km3,Korean,Koreanic,wrong,r ao ng,1,ao,9.038621196370578e-10,29.69392604589898,6,8,0.006666666666666667
AN19-rec-ebae4cca5f66b290862a:phone:3,AN19-rec-ebae4cca5f66b290862a,AN19.SPA.sf5,Spanish,Romance,mum,m ah m,2,m,0.0010472030865010288,32.01413621122499,6,6,0.007194244604316547
AN19-rec-ebb99a6d69d8ba3a6720:phone:2,AN19-rec-ebb99a6d69d8ba3a6720,AN19.KOR.km8,Korean,Koreanic,fool,f uw l,1,uw,0.0008298334760045495,24.10791555830029,6,6,0.006896551724137931
AN19-rec-ebc46b4b36b48ccb94cf:phone:1,AN19-rec-ebc46b4b36b48ccb94cf,AN19.KOR.km6,Korean,Koreanic,doom,d uw m,0,d,3.296370550321326e-06,31.63489895836513,6,6,0.007042253521126761
AN19-rec-ebc46b4b36b48ccb94cf:phone:3,AN19-rec-ebc46b4b36b48ccb94cf,AN19.KOR.km6,Korean,Koreanic,doom,d uw m,2,m,1.298201494629074e-06,23.531550916311204,6,6,0.007042253521126761
AN19-rec-ebcd10bdcf9b3af38182:phone:2,AN19-rec-ebcd10bdcf9b3af38182,AN19.SPA.sf4,Spanish,Romance,mace,m ey s,1,ey,3.947629330112875e-05,19.389191379086057,6,6,0.0070921985815602835
AN19-rec-ebcd10bdcf9b3af38182:phone:3,AN19-rec-ebcd10bdcf9b3af38182,AN19.SPA.sf4,Spanish,Romance,mace,m ey s,2,s,1.198743770925588e-11,35.3790121789536,6,6,0.0070921985815602835
AN19-rec-ebef2ebf00f2ca4d5c2d:phone:1,AN19-rec-ebef2ebf00f2ca4d5c2d,AN19.MIX.im3,Russian,Slavic,cheer,ch ih r,0,ch,0.016003883493296515,17.559921500998616,6,6,0.006756756756756757
AN19-rec-ebef2ebf00f2ca4d5c2d:phone:3,AN19-rec-ebef2ebf00f2ca4d5c2d,AN19.MIX.im3,Russian,Slavic,cheer,ch ih r,2,r,0.024210850010235176,16.102990966410143,6,6,0.006756756756756757
AN19-rec-ebf86d48d9b7115a395f:phone:1,AN19-rec-ebf86d48d9b7115a395f,AN19.SPA.sf6,Spanish,Romance,doom,d uw m,0,d,1.9636885344547216e-05,32.23676854188128,6,6,0.007042253521126761
AN19-rec-ebf86d48d9b7115a395f:phone:3,AN19-rec-ebf86d48d9b7115a395f,AN19.SPA.sf6,Spanish,Romance,doom,d uw m,2,m,3.4941515590542847e-19,57.42990715277923,6,6,0.007042253521126761
AN19-rec-ec0a66b9b1a736b2e131:phone:1,AN19-rec-ec0a66b9b1a736b2e131,AN19.KOR.kf1,Korean,Koreanic,shall,sh ae l,0,sh,0.007266310697074812,11.478736351791042,6,6,0.0072992700729927005
AN19-rec-ec0a66b9b1a736b2e131:phone:2,AN19-rec-ec0a66b9b1a736b2e131,AN19.KOR.kf1,Korean,Koreanic,shall,sh ae l,1,ae,2.3993697019262766e-12,66.70405756932978,6,6,0.0072992700729927005
AN19-rec-ec20de0d37b4c8ba967c:phone:1,AN19-rec-ec20de0d37b4c8ba967c,AN19.SPA.sf1,Spanish,Romance,chain,ch ey n,0,ch,0.0009593803172378424,20.09936166365121,6,6,0.006896551724137931
AN19-rec-ec2479900879bb0b7a91:phone:1,AN19-rec-ec2479900879bb0b7a91,AN19.SPA.sf1,Spanish,Romance,firm,f er m,0,f,2.4350004831070575e-09,56.62200496970044,6,6,0.006896551724137931
AN19-rec-ec486b9b33d12e190ff7:phone:1,AN19-rec-ec486b9b33d12e190ff7,AN19.SPA.sf2,Spanish,Romance,goat,g ow t,0,g,2.2816610476602447e-08,63.90761698800055,6,6,0.007246376811594203
AN19-rec-ec486b9b33d12e190ff7:phone:3,AN19-rec-ec486b9b33d12e190ff7,AN19.SPA.sf2,Spanish,Romance,goat,g ow t,2,t,2.1472392856477294e-11,44.2637971173959,6,6,0.007246376811594203
AN19-rec-ec5708889437a9e808a3:phone:2,AN19-rec-ec5708889437a9e808a3,AN19.KOR.km2,Korean,Koreanic,teeth,t iy th,1,iy,4.2859852319573513e-10,44.88839970177501,6,6,0.006756756756756757
AN19-rec-ec60de99b8734b0dc335:phone:2,AN19-rec-ec60de99b8734b0dc335,AN19.MIX.if1,Albanian,Albanian,suck,s ah k,1,ah,5.928037215226674e-07,30.83160781369934,6,6,0.0070921985815602835
AN19-rec-ec60de99b8734b0dc335:phone:3,AN19-rec-ec60de99b8734b0dc335,AN19.MIX.if1,Albanian,Albanian,suck,s ah k,2,k,1.5072469952166965e-05,27.42049220691599,6,6,0.0070921985815602835
AN19-rec-ec78e9669d4f5083bbd5:phone:3,AN19-rec-ec78e9669d4f5083bbd5,AN19.SPA.sm2,Spanish,Romance,white,w ay t,2,t,3.154949611791747e-08,49.42944795011698,6,6,0.007042253521126761
AN19-rec-ecbf8571ab10ae026bdc:phone:1,AN19-rec-ecbf8571ab10ae026bdc,AN19.SPA.sf2,Spanish,Romance,bug,b ah g,0,b,2.531235117932922e-07,52.79458707957173,6,6,0.007246376811594203
AN19-rec-ecc233fc658b77b89902:phone:1,AN19-rec-ecc233fc658b77b89902,AN19.SPA.sm4,Spanish,Romance,fig,f ih g,0,f,4.313314637736416e-11,37.93169571006453,6,6,0.007194244604316547
AN19-rec-ecc233fc658b77b89902:phone:3,AN19-rec-ecc233fc658b77b89902,AN19.SPA.sm4,Spanish,Romance,fig,f ih g,2,g,4.9233413571683605e-09,56.62443945103873,6,6,0.007194244604316547
AN19-rec-ecd82261c23e7fc42de3:phone:2,AN19-rec-ecd82261c23e7fc42de3,AN19.KOR.km8,Korean,Koreanic,neck,n eh k,1,eh,1.0302508099840897e-06,50.39646248206847,6,6,0.006896551724137931
AN19-rec-eceef1f82a42c729b351:phone:1,AN19-rec-eceef1f82a42c729b351,AN19.MIX.if1,Albanian,Albanian,hoot,hh uw t,0,hh,7.798509214830883e-09,39.78599831257677,6,6,0.0070921985815602835
AN19-rec-eceef1f82a42c729b351:phone:3,AN19-rec-eceef1f82a42c729b351,AN19.MIX.if1,Albanian,Albanian,hoot,hh uw t,2,t,1.9029403083696667e-09,41.7921760117002,6,6,0.0070921985815602835
AN19-rec-ed0ad17142bce08eb209:phone:2,AN19-rec-ed0ad17142bce08eb209,AN19.SPA.sm7,Spanish,Romance,full,f uh l,1,uh,0.00038371055191796055,33.55957778653842,6,6,0.007352941176470588
AN19-rec-ed1bce0b0d5bd8b8bf37:phone:3,AN19-rec-ed1bce0b0d5bd8b8bf37,AN19.SPA.sf5,Spanish,Romance,bum,b ah m,2,m,8.033353406720702e-11,46.88264173431431,6,6,0.007194244604316547
AN19-rec-ed24df4cdf97f2464574:phone:2,AN19-rec-ed24df4cdf97f2464574,AN19.KOR.kf2,Korean,Koreanic,voice,v oy s,1,oy,2.6051545308023456e-05,31.77873038294177,6,6,0.0072992700729927005
AN19-rec-ed2f59bac6d7651058bd:phone:2,AN19-rec-ed2f59bac6d7651058bd,AN19.KOR.kf1,Korean,Koreanic,rut,r ah t,1,ah,0.005410178544346081,38.65675100539236,6,6,0.0072992700729927005
AN19-rec-ed2f7adda5767271386d:phone:2,AN19-rec-ed2f7adda5767271386d,AN19.KOR.km8,Korean,Koreanic,mace,m ey s,1,ey,0.0007598841811617065,28.847713444232703,6,6,0.006896551724137931
AN19-rec-ed2f7adda5767271386d:phone:3,AN19-rec-ed2f7adda5767271386d,AN19.KOR.km8,Korean,Koreanic,mace,m ey s,2,s,0.00023390154668855254,36.79621475069754,6,6,0.006896551724137931
AN19-rec-ed3cf19d8076e4089859:phone:1,AN19-rec-ed3cf19d8076e4089859,AN19.KOR.kf2,Korean,Koreanic,king,k ih ng,0,k,1.1884446107485334e-05,24.494784971728556,6,6,0.0072992700729927005
AN19-rec-ed3e0762c9f837a7a228:phone:1,AN19-rec-ed3e0762c9f837a7a228,AN19.MIX.if5,Japanese,Japonic,hoot,hh uw t,0,hh,1.4993777297652772e-13,64.4403076047182,6,6,0.006711409395973154
AN19-rec-ed3e0762c9f837a7a228:phone:3,AN19-rec-ed3e0762c9f837a7a228,AN19.MIX.if5,Japanese,Japonic,hoot,hh uw t,2,t,1.555328748106435e-09,57.7846285444296,6,6,0.006711409395973154
AN19-rec-ed45c8a8c3f25a5c93ea:phone:1,AN19-rec-ed45c8a8c3f25a5c93ea,AN19.KOR.kf4,Korean,Koreanic,hid,hh ih d,0,hh,1.719315948720209e-17,58.56554757111896,6,6,0.0070921985815602835
AN19-rec-ed46c3e6b0e68c8ad7b0:phone:1,AN19-rec-ed46c3e6b0e68c8ad7b0,AN19.MIX.im3,Russian,Slavic,give,g ih v,0,g,1.3676452225785603e-11,34.26437490512986,6,6,0.006756756756756757
AN19-rec-ed47c986e9dbfa7ed2fd:phone:2,AN19-rec-ed47c986e9dbfa7ed2fd,AN19.KOR.km6,Korean,Koreanic,was,w aa z,1,aa,0.0010428292367665466,20.40875959593572,6,6,0.007042253521126761
AN19-rec-ed48e60b8183458af0dd:phone:3,AN19-rec-ed48e60b8183458af0dd,AN19.SPA.sm4,Spanish,Romance,route,r uw t,2,t,3.623151577583148e-17,64.43921544522017,6,6,0.007194244604316547
AN19-rec-ed512fd188eaa15206f2:phone:1,AN19-rec-ed512fd188eaa15206f2,AN19.MIX.im6,Hindi,Indo-Aryan,cheer,ch ih r,0,ch,0.0053396229252630914,21.08797256908601,6,6,0.006711409395973154
AN19-rec-ed6be72ee84663c51c27:phone:1,AN19-rec-ed6be72ee84663c51c27,AN19.KOR.kf6,Korean,Koreanic,pool,p uw l,0,p,0.00015753067472450418,24.12902285111615,6,6,0.007042253521126761
AN19-rec-ed759054d05044263845:phone:2,AN19-rec-ed759054d05044263845,AN19.KOR.kf4,Korean,Koreanic,lose,l uw z,1,uw,0.0018903409619974451,11.719444939953275,6,6,0.0070921985815602835
AN19-rec-ed8a553b900ce0992805:phone:2,AN19-rec-ed8a553b900ce0992805,AN19.SPA.sm5,Spanish,Romance,sill,s ih l,1,ih,4.0820846091994444e-08,22.82755527785766,6,6,0.006896551724137931
AN19-rec-ed8f3be61baaf05635ad:phone:3,AN19-rec-ed8f3be61baaf05635ad,AN19.MIX.if5,Japanese,Japonic,beak,b iy k,2,k,0.0001345092789383169,35.29338297602654,6,6,0.006711409395973154
AN19-rec-ed9b6ce87c81508882ee:phone:2,AN19-rec-ed9b6ce87c81508882ee,AN19.KOR.km2,Korean,Koreanic,suck,s ah k,1,ah,4.268346606246704e-05,30.07192549259689,6,6,0.006756756756756757
AN19-rec-ed9b6ce87c81508882ee:phone:3,AN19-rec-ed9b6ce87c81508882ee,AN19.KOR.km2,Korean,Koreanic,suck,s ah k,2,k,0.0308796412291473,24.70659475647234,6,6,0.006756756756756757
AN19-rec-edc1c0214e9e03e24d7a:phone:3,AN19-rec-edc1c0214e9e03e24d7a,AN19.KOR.kf1,Korean,Koreanic,long,l ao ng,2,ng,1.787906636676336e-08,24.478775894317945,6,6,0.0072992700729927005
AN19-rec-edcf6302779901f8447a:phone:2,AN19-rec-edcf6302779901f8447a,AN19.MIX.im2,Bengali,Indo-Aryan,ban,b ae n,1,ae,1.664450849832088e-09,21.510266781809356,6,6,0.007246376811594203
AN19-rec-edd6a76807a7e94e48b1:phone:1,AN19-rec-edd6a76807a7e94e48b1,AN19.SPA.sf3,Spanish,Romance,gut,g ah t,0,g,7.723233496226468e-24,70.12982796529212,6,6,0.007246376811594203
AN19-rec-edd6a76807a7e94e48b1:phone:3,AN19-rec-edd6a76807a7e94e48b1,AN19.SPA.sf3,Spanish,Romance,gut,g ah t,2,t,4.978429852475577e-23,68.16446467662706,6,6,0.007246376811594203
AN19-rec-edd73b0e2d697bb60503:phone:2,AN19-rec-edd73b0e2d697bb60503,AN19.MIX.im2,Bengali,Indo-Aryan,rat,r ae t,1,ae,3.137034938217474e-06,21.35724883126436,6,6,0.007246376811594203
AN19-rec-edece136058e9c1551e6:phone:2,AN19-rec-edece136058e9c1551e6,AN19.MIX.im3,Russian,Slavic,lace,l ey s,1,ey,2.3343656462648123e-06,21.034908626172697,6,6,0.006756756756756757
AN19-rec-ee0029b5c1d77127470c:phone:2,AN19-rec-ee0029b5c1d77127470c,AN19.MIX.if3,French,Romance,soil,s oy l,1,oy,1.7548054263046145e-06,19.44319744737223,6,6,0.006993006993006993
AN19-rec-ee0119c96040b5f954ce:phone:2,AN19-rec-ee0119c96040b5f954ce,AN19.MIX.if4,German,Germanic,lose,l uw z,1,uw,0.0012132446167557535,9.480344680342895,6,6,0.0072992700729927005
AN19-rec-ee168da013c0a60a4aa2:phone:1,AN19-rec-ee168da013c0a60a4aa2,AN19.KOR.km6,Korean,Koreanic,fig,f ih g,0,f,4.99947699510165e-13,40.697416862083664,6,6,0.007042253521126761
AN19-rec-ee168da013c0a60a4aa2:phone:3,AN19-rec-ee168da013c0a60a4aa2,AN19.KOR.km6,Korean,Koreanic,fig,f ih g,2,g,3.14403123566609e-08,28.190765367378415,6,6,0.007042253521126761
AN19-rec-ee1c8b36825edde8034a:phone:1,AN19-rec-ee1c8b36825edde8034a,AN19.KOR.km6,Korean,Koreanic,wick,w ih k,0,w,2.3191077861449542e-30,79.19868133327894,6,6,0.007042253521126761
AN19-rec-ee2acb46da2245e64e91:phone:3,AN19-rec-ee2acb46da2245e64e91,AN19.SPA.sf4,Spanish,Romance,goat,g ow t,2,t,8.30124870616103e-27,68.80149713682546,6,6,0.0070921985815602835
AN19-rec-ee3a6ceed3c841baec8c:phone:1,AN19-rec-ee3a6ceed3c841baec8c,AN19.KOR.km1,Korean,Koreanic,cheer,ch ih r,0,ch,0.00015458505843243513,17.036964999410284,6,6,0.0072992700729927005
AN19-rec-ee3a6ceed3c841baec8c:phone:3,AN19-rec-ee3a6ceed3c841baec8c,AN19.KOR.km1,Korean,Koreanic,cheer,ch ih r,2,r,0.0009702624876997486,16.232469108514884,6,6,0.0072992700729927005
AN19-rec-ee4860db9c8f790c6284:phone:2,AN19-rec-ee4860db9c8f790c6284,AN19.KOR.km8,Korean,Koreanic,vice,v ay s,1,ay,1.6513528840283437e-05,27.77237136164616,6,6,0.006896551724137931
AN19-rec-ee5895726a30cf6f55aa:phone:2,AN19-rec-ee5895726a30cf6f55aa,AN19.MIX.im4,Mandarin,Sino-Tibetan,shape,sh ey p,1,ey,3.0411377643335417e-05,16.16949920952103,6,6,0.006993006993006993
AN19-rec-ee715d51d30d4f90e20f:phone:2,AN19-rec-ee715d51d30d4f90e20f,AN19.MIX.im1,Romanian,Romance,ban,b ae n,1,ae,4.33603825767301e-12,28.693590498118244,6,6,0.006802721088435374
AN19-rec-ee7ac91ca8756020de56:phone:1,AN19-rec-ee7ac91ca8756020de56,AN19.KOR.km2,Korean,Koreanic,soil,s oy l,0,s,0.0033051052306313513,15.193003380162695,6,6,0.006756756756756757
AN19-rec-ee7ac91ca8756020de56:phone:2,AN19-rec-ee7ac91ca8756020de56,AN19.KOR.km2,Korean,Koreanic,soil,s oy l,1,oy,5.732964809815184e-05,28.563874446820872,6,6,0.006756756756756757
AN19-rec-ee86a4b045a0f97379d5:phone:2,AN19-rec-ee86a4b045a0f97379d5,AN19.MIX.if1,Albanian,Albanian,wed,w eh d,1,eh,3.7603820512345963e-38,99.28673387674854,6,6,0.0070921985815602835
AN19-rec-eea4e63c78b5baebe63d:phone:1,AN19-rec-eea4e63c78b5baebe63d,AN19.MIX.im5,Turkish,Turkic,ship,sh ih p,0,sh,0.00014234443371377353,10.143193742394311,6,6,0.007246376811594203
AN19-rec-eea4e63c78b5baebe63d:phone:3,AN19-rec-eea4e63c78b5baebe63d,AN19.MIX.im5,Turkish,Turkic,ship,sh ih p,2,p,1.027278726977414e-06,33.00790014172944,6,6,0.007246376811594203
AN19-rec-eeafe4251b4297816f0e:phone:3,AN19-rec-eeafe4251b4297816f0e,AN19.SPA.sm7,Spanish,Romance,bum,b ah m,2,m,6.483257806348965e-17,41.35167606609402,6,6,0.007352941176470588
AN19-rec-eeb8fc3a4444210cc8b2:phone:2,AN19-rec-eeb8fc3a4444210cc8b2,AN19.KOR.km3,Korean,Koreanic,fade,f ey d,1,ey,0.0007536717600675509,26.754134985588248,6,6,0.006666666666666667
AN19-rec-eebf347317a7d98920ce:phone:1,AN19-rec-eebf347317a7d98920ce,AN19.SPA.sf5,Spanish,Romance,league,l iy g,0,l,7.061807462800906e-10,34.52536944241058,6,6,0.007194244604316547
AN19-rec-eebf347317a7d98920ce:phone:2,AN19-rec-eebf347317a7d98920ce,AN19.SPA.sf5,Spanish,Romance,league,l iy g,1,iy,3.0158367081297905e-11,36.07989035130251,6,6,0.007194244604316547
AN19-rec-eebf347317a7d98920ce:phone:3,AN19-rec-eebf347317a7d98920ce,AN19.SPA.sf5,Spanish,Romance,league,l iy g,2,g,7.293952807219701e-13,29.45776815484501,6,6,0.007194244604316547
AN19-rec-eec66d47e1c960733a40:phone:3,AN19-rec-eec66d47e1c960733a40,AN19.SPA.sm2,Spanish,Romance,faith,f ey th,2,th,4.6570679145223956e-27,65.32219645738756,6,6,0.007042253521126761
AN19-rec-eecd1efdc621bc51fd64:phone:1,AN19-rec-eecd1efdc621bc51fd64,AN19.MIX.if1,Albanian,Albanian,job,jh aa b,0,jh,1.4280445117102266e-19,56.32080805149708,6,6,0.0070921985815602835
AN19-rec-eecd1efdc621bc51fd64:phone:3,AN19-rec-eecd1efdc621bc51fd64,AN19.MIX.if1,Albanian,Albanian,job,jh aa b,2,b,5.576144446343131e-06,40.93090558155911,6,6,0.0070921985815602835
AN19-rec-eed0329b99d75b243785:phone:1,AN19-rec-eed0329b99d75b243785,AN19.KOR.km7,Korean,Koreanic,den,d eh n,0,d,0.008296949517159365,28.914695025697057,6,6,0.006711409395973154
AN19-rec-eed0329b99d75b243785:phone:2,AN19-rec-eed0329b99d75b243785,AN19.KOR.km7,Korean,Koreanic,den,d eh n,1,eh,0.0033517669862750104,15.713567536448329,6,6,0.006711409395973154
AN19-rec-eee0dbfba240ee289d02:phone:2,AN19-rec-eee0dbfba240ee289d02,AN19.SPA.sf6,Spanish,Romance,lose,l uw z,1,uw,9.72919124216009e-05,10.37972304069532,6,6,0.007042253521126761
AN19-rec-eee54d0a1c54d3110630:phone:1,AN19-rec-eee54d0a1c54d3110630,AN19.KOR.km2,Korean,Koreanic,hoot,hh uw t,0,hh,0.0008996712485797309,31.291336748270258,6,6,0.006756756756756757
AN19-rec-eeecaf67178f2e0db377:phone:1,AN19-rec-eeecaf67178f2e0db377,AN19.MIX.im4,Mandarin,Sino-Tibetan,mote,m ow t,0,m,2.3618726185744506e-10,55.047105723678776,6,6,0.006993006993006993
AN19-rec-ef04fa0ce9e911d139b6:phone:2,AN19-rec-ef04fa0ce9e911d139b6,AN19.MIX.if5,Japanese,Japonic,learn,l er n,1,er,3.2596859394572462e-15,73.13851061532283,6,6,0.006711409395973154
AN19-rec-ef2d0222230594021c7d:phone:1,AN19-rec-ef2d0222230594021c7d,AN19.KOR.kf2,Korean,Koreanic,soak,s ow k,0,s,4.073904055258313e-05,13.55294358058053,6,6,0.0072992700729927005
AN19-rec-ef2d0222230594021c7d:phone:2,AN19-rec-ef2d0222230594021c7d,AN19.KOR.kf2,Korean,Koreanic,soak,s ow k,1,ow,9.015448991181018e-05,28.18748922585464,6,6,0.0072992700729927005
AN19-rec-ef35434a1efc81fd95e8:phone:1,AN19-rec-ef35434a1efc81fd95e8,AN19.KOR.kf5,Korean,Koreanic,mote,m ow t,0,m,3.0119345259793647e-12,45.07310121470689,6,6,0.006993006993006993
AN19-rec-ef4183f35890aea91c03:phone:2,AN19-rec-ef4183f35890aea91c03,AN19.SPA.sf4,Spanish,Romance,lad,l ae d,1,ae,2.6668800938436054e-26,69.75637287057089,6,6,0.0070921985815602835
AN19-rec-ef4dcb250c96375c63a0:phone:2,AN19-rec-ef4dcb250c96375c63a0,AN19.KOR.kf4,Korean,Koreanic,shall,sh ae l,1,ae,7.865030012574939e-07,27.557189052860707,6,6,0.0070921985815602835
AN19-rec-ef4de629c18848da84c1:phone:2,AN19-rec-ef4de629c18848da84c1,AN19.KOR.km6,Korean,Koreanic,leg,l eh g,1,eh,1.3964291843746208e-10,42.34006949409179,6,6,0.007042253521126761
AN19-rec-ef692a8c4f4d8cbe627b:phone:1,AN19-rec-ef692a8c4f4d8cbe627b,AN19.KOR.km7,Korean,Koreanic,ship,sh ih p,0,sh,0.014105579227389095,7.324777849452743,6,6,0.006711409395973154
AN19-rec-ef692a8c4f4d8cbe627b:phone:3,AN19-rec-ef692a8c4f4d8cbe627b,AN19.KOR.km7,Korean,Koreanic,ship,sh ih p,2,p,1.7294598326677665e-10,26.68784564901985,6,6,0.006711409395973154
AN19-rec-ef6c1f61ebc791b25a81:phone:3,AN19-rec-ef6c1f61ebc791b25a81,AN19.KOR.km2,Korean,Koreanic,death,d eh th,2,th,9.618094003535056e-10,67.47588730314544,6,6,0.006756756756756757
AN19-rec-ef7de357697628349610:phone:1,AN19-rec-ef7de357697628349610,AN19.SPA.sm3,Spanish,Romance,pawn,p ao n,0,p,7.281146502138675e-25,63.18136224463118,6,6,0.0072992700729927005
AN19-rec-ef7e479e02ee260fb6e4:phone:1,AN19-rec-ef7e479e02ee260fb6e4,AN19.SPA.sm2,Spanish,Romance,league,l iy g,0,l,2.514816035261299e-05,24.91480442684557,6,6,0.007042253521126761
AN19-rec-ef7e479e02ee260fb6e4:phone:2,AN19-rec-ef7e479e02ee260fb6e4,AN19.SPA.sm2,Spanish,Romance,league,l iy g,1,iy,0.00016835220705319848,17.93753994007732,6,6,0.007042253521126761
AN19-rec-ef92c89819bbe0062053:phone:3,AN19-rec-ef92c89819bbe0062053,AN19.SPA.sm6,Spanish,Romance,route,r uw t,2,t,0.009503137084835295,41.45724031387846,6,6,0.006756756756756757
AN19-rec-efa3983c5dbf0ed44ad1:phone:2,AN19-rec-efa3983c5dbf0ed44ad1,AN19.SPA.sf1,Spanish,Romance,watch,w aa ch,1,aa,9.529270493833189e-07,47.73694451663874,6,6,0.006896551724137931
AN19-rec-efb7aa9988e752a037ac:phone:2,AN19-rec-efb7aa9988e752a037ac,AN19.KOR.km3,Korean,Koreanic,ban,b ae n,1,ae,0.0001655861316668156,11.094925168906682,6,6,0.006666666666666667
AN19-rec-efbf4c5245c9c8f0c266:phone:2,AN19-rec-efbf4c5245c9c8f0c266,AN19.SPA.sf4,Spanish,Romance,long,l ao ng,1,ao,1.5143961415278796e-13,36.93263063988597,6,6,0.0070921985815602835
AN19-rec-efbf4c5245c9c8f0c266:phone:3,AN19-rec-efbf4c5245c9c8f0c266,AN19.SPA.sf4,Spanish,Romance,long,l ao ng,2,ng,7.6984916201842e-06,16.714449139531677,6,6,0.0070921985815602835
AN19-rec-efc7afc4abab02f9490d:phone:3,AN19-rec-efc7afc4abab02f9490d,AN19.SPA.sm5,Spanish,Romance,fin,f ih n,2,n,5.076942313031969e-05,32.41607248414048,6,6,0.006896551724137931
AN19-rec-efd099b2f54ff4d4cb62:phone:2,AN19-rec-efd099b2f54ff4d4cb62,AN19.KOR.kf6,Korean,Koreanic,vice,v ay s,1,ay,1.6223479582969171e-09,38.72724697233008,6,6,0.007042253521126761
AN19-rec-efe5e25bc439c3e1e8a1:phone:2,AN19-rec-efe5e25bc439c3e1e8a1,AN19.MIX.if1,Albanian,Albanian,mace,m ey s,1,ey,4.020665873648863e-05,25.340308034396752,6,6,0.0070921985815602835
AN19-rec-efe5e25bc439c3e1e8a1:phone:3,AN19-rec-efe5e25bc439c3e1e8a1,AN19.MIX.if1,Albanian,Albanian,mace,m ey s,2,s,4.549324513040452e-07,47.183477479021,6,6,0.0070921985815602835
AN19-rec-efea081127ada557849b:phone:2,AN19-rec-efea081127ada557849b,AN19.SPA.sf1,Spanish,Romance,caught,k aa t,1,aa,2.7591005394727745e-11,53.25833261719435,6,6,0.006896551724137931
AN19-rec-efffbd460819028b20b2:phone:3,AN19-rec-efffbd460819028b20b2,AN19.KOR.km6,Korean,Koreanic,gas,g ae s,2,s,6.00286548468691e-09,28.894977171654528,6,6,0.007042253521126761
AN19-rec-f016ded5972c336bc705:phone:2,AN19-rec-f016ded5972c336bc705,AN19.SPA.sf3,Spanish,Romance,mace,m ey s,1,ey,3.4669508913227883e-07,31.179685845446475,6,6,0.007246376811594203
AN19-rec-f016ded5972c336bc705:phone:3,AN19-rec-f016ded5972c336bc705,AN19.SPA.sf3,Spanish,Romance,mace,m ey s,2,s,2.3083623705923044e-08,42.76389857071015,6,6,0.007246376811594203
AN19-rec-f024dbfa0c2a2788be17:phone:2,AN19-rec-f024dbfa0c2a2788be17,AN19.KOR.km8,Korean,Koreanic,watch,w aa ch,1,aa,7.059991083388337e-07,38.50814202060179,6,6,0.006896551724137931
AN19-rec-f026d7b5ba34e1f019ee:phone:2,AN19-rec-f026d7b5ba34e1f019ee,AN19.SPA.sf2,Spanish,Romance,lose,l uw z,1,uw,3.5878845496847594e-06,14.539438768060336,6,6,0.007246376811594203
AN19-rec-f03990e4f54520ddf8a0:phone:1,AN19-rec-f03990e4f54520ddf8a0,AN19.KOR.km7,Korean,Koreanic,con,k aa n,0,k,4.119765547783554e-05,16.532188194017667,6,6,0.006711409395973154
AN19-rec-f03990e4f54520ddf8a0:phone:2,AN19-rec-f03990e4f54520ddf8a0,AN19.KOR.km7,Korean,Koreanic,con,k aa n,1,aa,4.0600090727615664e-06,28.641077769361782,6,6,0.006711409395973154
AN19-rec-f03f03d8f75f7c7da103:phone:1,AN19-rec-f03f03d8f75f7c7da103,AN19.MIX.im4,Mandarin,Sino-Tibetan,fig,f ih g,0,f,4.5404026496050856e-13,59.54473621343168,6,6,0.006993006993006993
AN19-rec-f03f03d8f75f7c7da103:phone:3,AN19-rec-f03f03d8f75f7c7da103,AN19.MIX.im4,Mandarin,Sino-Tibetan,fig,f ih g,2,g,1.3312033802279816e-11,42.02161236863284,6,6,0.006993006993006993
AN19-rec-f076d0cc4007a31bc223:phone:2,AN19-rec-f076d0cc4007a31bc223,AN19.MIX.if3,French,Romance,leg,l eh g,1,eh,4.5855910378204827e-10,57.78267303057502,6,6,0.006993006993006993
AN19-rec-f08a156dca99a7b10fa0:phone:2,AN19-rec-f08a156dca99a7b10fa0,AN19.KOR.kf3,Korean,Koreanic,wife,w ay f,1,ay,0.0008181572864595987,18.190346894088275,6,6,0.007246376811594203
AN19-rec-f0925990f2e4fec6a1fd:phone:2,AN19-rec-f0925990f2e4fec6a1fd,AN19.SPA.sf5,Spanish,Romance,wife,w ay f,1,ay,1.2808981391326397e-06,57.54988420553284,6,6,0.007194244604316547
AN19-rec-f09ecbd71c29bf9eff66:phone:3,AN19-rec-f09ecbd71c29bf9eff66,AN19.MIX.im1,Romanian,Romance,pup,p ah p,2,p,8.782832888872703e-13,47.54700444941727,6,6,0.006802721088435374
AN19-rec-f09ef4df90d095ce20bb:phone:2,AN19-rec-f09ef4df90d095ce20bb,AN19.MIX.im1,Romanian,Romance,teeth,t iy th,1,iy,1.338546549570722e-10,56.45436533784535,6,6,0.006802721088435374
AN19-rec-f0ad27b383ff78f27c7c:phone:1,AN19-rec-f0ad27b383ff78f27c7c,AN19.SPA.sm2,Spanish,Romance,both,b ow th,0,b,5.3208795546250315e-17,60.15926859284093,6,6,0.007042253521126761
AN19-rec-f0ad27b383ff78f27c7c:phone:3,AN19-rec-f0ad27b383ff78f27c7c,AN19.SPA.sm2,Spanish,Romance,both,b ow th,2,th,2.8088884405319924e-28,67.44573302930014,6,6,0.007042253521126761
AN19-rec-f0b7ef35b940b0854744:phone:2,AN19-rec-f0b7ef35b940b0854744,AN19.SPA.sf4,Spanish,Romance,size,s ay z,1,ay,9.530804636071492e-06,21.9110530542022,6,6,0.0070921985815602835
AN19-rec-f0b8aa3e03df618db140:phone:1,AN19-rec-f0b8aa3e03df618db140,AN19.MIX.if1,Albanian,Albanian,wick,w ih k,0,w,1.565975981872915e-29,94.05902334615485,6,6,0.0070921985815602835
AN19-rec-f0e69a44d52a280e66c5:phone:3,AN19-rec-f0e69a44d52a280e66c5,AN19.KOR.km7,Korean,Koreanic,page,p ey jh,2,jh,8.457841471699478e-14,38.06782354895864,6,6,0.006711409395973154
AN19-rec-f0f1a2d7e8edbabb6ea8:phone:2,AN19-rec-f0f1a2d7e8edbabb6ea8,AN19.MIX.im4,Mandarin,Sino-Tibetan,wed,w eh d,1,eh,5.148857795218817e-41,102.76657318961868,6,6,0.006993006993006993
AN19-rec-f1026d7da72285943f23:phone:1,AN19-rec-f1026d7da72285943f23,AN19.MIX.im2,Bengali,Indo-Aryan,chain,ch ey n,0,ch,0.020520694078794022,19.169238279989628,6,6,0.007246376811594203
AN19-rec-f15a35fe9c1db2a756de:phone:1,AN19-rec-f15a35fe9c1db2a756de,AN19.SPA.sm6,Spanish,Romance,both,b ow th,0,b,6.73004735409456e-17,44.153788571038895,6,6,0.006756756756756757
AN19-rec-f15a35fe9c1db2a756de:phone:3,AN19-rec-f15a35fe9c1db2a756de,AN19.SPA.sm6,Spanish,Romance,both,b ow th,2,th,3.5116726639791753e-16,47.79311546799392,6,6,0.006756756756756757
AN19-rec-f16d03789d7d8ca02478:phone:2,AN19-rec-f16d03789d7d8ca02478,AN19.SPA.sm2,Spanish,Romance,teat,t iy t,1,iy,1.0119267131776618e-07,34.04823400338687,6,6,0.007042253521126761
AN19-rec-f189030ab7848007b6a5:phone:1,AN19-rec-f189030ab7848007b6a5,AN19.MIX.im6,Hindi,Indo-Aryan,shop,sh aa p,0,sh,0.00018052716047843297,14.932440396375304,6,6,0.006711409395973154
AN19-rec-f189030ab7848007b6a5:phone:2,AN19-rec-f189030ab7848007b6a5,AN19.MIX.im6,Hindi,Indo-Aryan,shop,sh aa p,1,aa,7.876077787826667e-05,21.49069397839621,6,6,0.006711409395973154
AN19-rec-f18b3dcbcc597825bc17:phone:1,AN19-rec-f18b3dcbcc597825bc17,AN19.KOR.km6,Korean,Koreanic,job,jh aa b,0,jh,0.006808572369105641,47.54342534905556,6,6,0.007042253521126761
AN19-rec-f18e09df4b22ca8ad89a:phone:2,AN19-rec-f18e09df4b22ca8ad89a,AN19.KOR.km2,Korean,Koreanic,bun,b ah n,1,ah,1.9264318039024377e-05,14.31729687884359,6,6,0.006756756756756757
AN19-rec-f1a76e17e393e7b0fe2e:phone:2,AN19-rec-f1a76e17e393e7b0fe2e,AN19.SPA.sm5,Spanish,Romance,fool,f uw l,1,uw,4.846142070822939e-08,22.32437227760945,6,6,0.006896551724137931
AN19-rec-f1a7cf2955baa7666793:phone:1,AN19-rec-f1a7cf2955baa7666793,AN19.MIX.if4,German,Germanic,girl,g er l,0,g,0.0002024506932797349,21.28910576687549,6,6,0.0072992700729927005
AN19-rec-f1b9235f05f4e00b8e47:phone:1,AN19-rec-f1b9235f05f4e00b8e47,AN19.KOR.km2,Korean,Koreanic,bean,b iy n,0,b,0.0009094498635071065,36.25596518111903,6,6,0.006756756756756757
AN19-rec-f1b9235f05f4e00b8e47:phone:2,AN19-rec-f1b9235f05f4e00b8e47,AN19.KOR.km2,Korean,Koreanic,bean,b iy n,1,iy,0.0019198713313405612,13.381168786566912,6,6,0.006756756756756757
AN19-rec-f1bb88841c4128163845:phone:1,AN19-rec-f1bb88841c4128163845,AN19.MIX.if4,German,Germanic,both,b ow th,0,b,8.000170274980779e-11,34.32674090111065,6,6,0.0072992700729927005
AN19-rec-f1bb88841c4128163845:phone:3,AN19-rec-f1bb88841c4128163845,AN19.MIX.if4,German,Germanic,both,b ow th,2,th,3.29609849097943e-14,39.70175261026463,6,6,0.0072992700729927005
AN19-rec-f1c45277e4336c8a772f:phone:2,AN19-rec-f1c45277e4336c8a772f,AN19.KOR.km8,Korean,Koreanic,wed,w eh d,1,eh,5.049686573884883e-07,28.793008029649585,6,6,0.006896551724137931
AN19-rec-f1c87571ad773f28776c:phone:1,AN19-rec-f1c87571ad773f28776c,AN19.SPA.sm6,Spanish,Romance,bean,b iy n,0,b,1.3775239420647998e-09,35.072274478900134,6,6,0.006756756756756757
AN19-rec-f1c87571ad773f28776c:phone:2,AN19-rec-f1c87571ad773f28776c,AN19.SPA.sm6,Spanish,Romance,bean,b iy n,1,iy,9.533957685463149e-09,31.6467985656366,6,6,0.006756756756756757
AN19-rec-f1d19fdd03e405b61c37:phone:3,AN19-rec-f1d19fdd03e405b61c37,AN19.KOR.km1,Korean,Koreanic,thought,th ao t,2,t,1.3067631528404662e-13,56.69852279326674,6,6,0.0072992700729927005
AN19-rec-f1f270db6ff535d947d5:phone:1,AN19-rec-f1f270db6ff535d947d5,AN19.KOR.km6,Korean,Koreanic,weed,w iy d,0,w,3.8329007271235866e-07,56.15277205914422,6,6,0.007042253521126761
AN19-rec-f1f270db6ff535d947d5:phone:2,AN19-rec-f1f270db6ff535d947d5,AN19.KOR.km6,Korean,Koreanic,weed,w iy d,1,iy,0.0008340651291642607,21.10264315445119,6,6,0.007042253521126761
AN19-rec-f1ffe7bcc3a1109f5d40:phone:2,AN19-rec-f1ffe7bcc3a1109f5d40,AN19.KOR.km1,Korean,Koreanic,voice,v oy s,1,oy,4.130505243831624e-05,30.94460384170158,6,6,0.0072992700729927005
AN19-rec-f2045887a726d8e614bf:phone:1,AN19-rec-f2045887a726d8e614bf,AN19.MIX.im1,Romanian,Romance,pawn,p ao n,0,p,9.33395993094689e-30,74.4537354012926,6,6,0.006802721088435374
AN19-rec-f21a7c4548db3e7c949e:phone:1,AN19-rec-f21a7c4548db3e7c949e,AN19.SPA.sf4,Spanish,Romance,cheer,ch ih r,0,ch,0.002677874390853112,15.335511101379316,6,6,0.0070921985815602835
AN19-rec-f21a7c4548db3e7c949e:phone:3,AN19-rec-f21a7c4548db3e7c949e,AN19.SPA.sf4,Spanish,Romance,cheer,ch ih r,2,r,0.006906836650544607,17.371086924279126,6,6,0.0070921985815602835
AN19-rec-f21e968599cad4f62b89:phone:2,AN19-rec-f21e968599cad4f62b89,AN19.KOR.km1,Korean,Koreanic,wrong,r ao ng,1,ao,8.695831934963352e-25,81.82496734408318,6,8,0.0072992700729927005
AN19-rec-f23414306a653849b15b:phone:1,AN19-rec-f23414306a653849b15b,AN19.MIX.im5,Turkish,Turkic,bean,b iy n,0,b,0.0416725391408898,27.36406108163128,6,6,0.007246376811594203
AN19-rec-f23414306a653849b15b:phone:2,AN19-rec-f23414306a653849b15b,AN19.MIX.im5,Turkish,Turkic,bean,b iy n,1,iy,1.0742737533530664e-06,17.30683810770773,6,6,0.007246376811594203
AN19-rec-f23525cc8ec1560f3532:phone:1,AN19-rec-f23525cc8ec1560f3532,AN19.SPA.sm6,Spanish,Romance,jack,jh ae k,0,jh,2.3460233615620183e-09,27.599064046517935,6,6,0.006756756756756757
AN19-rec-f23525cc8ec1560f3532:phone:3,AN19-rec-f23525cc8ec1560f3532,AN19.SPA.sm6,Spanish,Romance,jack,jh ae k,2,k,7.714900788401809e-10,26.518026872803077,6,6,0.006756756756756757
AN19-rec-f2475772c52f81d7a1de:phone:2,AN19-rec-f2475772c52f81d7a1de,AN19.KOR.km8,Korean,Koreanic,suck,s ah k,1,ah,8.058065036448528e-06,46.36000715453434,6,6,0.006896551724137931
AN19-rec-f2570ce4a85614a7c4c8:phone:1,AN19-rec-f2570ce4a85614a7c4c8,AN19.MIX.im3,Russian,Slavic,shop,sh aa p,0,sh,0.005934750728325295,13.11946553764149,6,6,0.006756756756756757
AN19-rec-f2570ce4a85614a7c4c8:phone:2,AN19-rec-f2570ce4a85614a7c4c8,AN19.MIX.im3,Russian,Slavic,shop,sh aa p,1,aa,0.0001510110495849288,22.25038130253259,6,6,0.006756756756756757
AN19-rec-f2570ce4a85614a7c4c8:phone:3,AN19-rec-f2570ce4a85614a7c4c8,AN19.MIX.im3,Russian,Slavic,shop,sh aa p,2,p,1.470300491141702e-10,50.37338284836495,6,6,0.006756756756756757
AN19-rec-f260d274a3e56772c8ac:phone:2,AN19-rec-f260d274a3e56772c8ac,AN19.MIX.im2,Bengali,Indo-Aryan,chore,ch ao r,1,ao,9.488664128088762e-05,60.87309762673802,6,6,0.007246376811594203
AN19-rec-f26cd88dabfeca6d6c68:phone:2,AN19-rec-f26cd88dabfeca6d6c68,AN19.KOR.km8,Korean,Koreanic,den,d eh n,1,eh,8.235994673222027e-10,36.805377992133145,6,6,0.006896551724137931
AN19-rec-f2a23dc4315347214291:phone:1,AN19-rec-f2a23dc4315347214291,AN19.SPA.sf1,Spanish,Romance,path,p ae th,0,p,5.918257089749132e-13,54.07211721748907,6,6,0.006896551724137931
AN19-rec-f2ce7a32df1feb5918a4:phone:2,AN19-rec-f2ce7a32df1feb5918a4,AN19.KOR.km3,Korean,Koreanic,deep,d iy p,1,iy,6.219819280504836e-25,74.7007533678924,6,6,0.006666666666666667
AN19-rec-f2ce7a32df1feb5918a4:phone:3,AN19-rec-f2ce7a32df1feb5918a4,AN19.KOR.km3,Korean,Koreanic,deep,d iy p,2,p,6.182701325755243e-20,58.28392303178822,6,6,0.006666666666666667
AN19-rec-f2d8f5adac270387d0be:phone:1,AN19-rec-f2d8f5adac270387d0be,AN19.KOR.km7,Korean,Koreanic,five,f ay v,0,f,3.2628975101218997e-06,52.2780988306486,6,6,0.006711409395973154
AN19-rec-f2ec9f9ff6558ff95af0:phone:2,AN19-rec-f2ec9f9ff6558ff95af0,AN19.SPA.sm6,Spanish,Romance,pull,p uh l,1,uh,2.0093963415239498e-27,75.63688499532135,6,6,0.006756756756756757
AN19-rec-f2eec837420413fd7b35:phone:1,AN19-rec-f2eec837420413fd7b35,AN19.MIX.im2,Bengali,Indo-Aryan,mote,m ow t,0,m,3.1395711958737846e-09,29.81787582667492,6,6,0.007246376811594203
AN19-rec-f2eec837420413fd7b35:phone:2,AN19-rec-f2eec837420413fd7b35,AN19.MIX.im2,Bengali,Indo-Aryan,mote,m ow t,1,ow,3.5674932100370094e-07,22.246192417742236,6,6,0.007246376811594203
AN19-rec-f2f0291aff2b12b70b18:phone:1,AN19-rec-f2f0291aff2b12b70b18,AN19.SPA.sm7,Spanish,Romance,five,f ay v,0,f,2.246678389370441e-09,61.86848346489007,6,6,0.007352941176470588
AN19-rec-f30cacd38e827edffe2a:phone:3,AN19-rec-f30cacd38e827edffe2a,AN19.MIX.if1,Albanian,Albanian,lame,l ey m,2,m,0.002636050576138627,33.45974547319117,6,6,0.0070921985815602835
AN19-rec-f3251019cdd397a5534e:phone:1,AN19-rec-f3251019cdd397a5534e,AN19.MIX.if3,French,Romance,hack,hh ae k,0,hh,0.03423013719893608,8.060327655005679,6,6,0.006993006993006993
AN19-rec-f354e84cc4f72666a83e:phone:2,AN19-rec-f354e84cc4f72666a83e,AN19.KOR.km3,Korean,Koreanic,noise,n oy z,1,oy,0.0003051425944169595,42.98539874268761,6,6,0.006666666666666667
AN19-rec-f36144fcd48ce8a4c32a:phone:2,AN19-rec-f36144fcd48ce8a4c32a,AN19.KOR.km3,Korean,Koreanic,lose,l uw z,1,uw,1.669934851454269e-18,45.68635420243485,6,6,0.006666666666666667
AN19-rec-f39d0bf02194adad8a82:phone:1,AN19-rec-f39d0bf02194adad8a82,AN19.KOR.kf4,Korean,Koreanic,con,k aa n,0,k,8.21760037271861e-17,54.6856361961106,6,6,0.0070921985815602835
AN19-rec-f39d0bf02194adad8a82:phone:2,AN19-rec-f39d0bf02194adad8a82,AN19.KOR.kf4,Korean,Koreanic,con,k aa n,1,aa,1.5060667982675868e-17,51.557761567359215,6,6,0.0070921985815602835
AN19-rec-f3a133140836ab3eeffd:phone:2,AN19-rec-f3a133140836ab3eeffd,AN19.KOR.km6,Korean,Koreanic,watch,w aa ch,1,aa,7.323703300540403e-09,36.83765662422413,6,6,0.007042253521126761
AN19-rec-f3c4c96fcb47b1f6b4fd:phone:1,AN19-rec-f3c4c96fcb47b1f6b4fd,AN19.KOR.kf2,Korean,Koreanic,hag,hh ae g,0,hh,0.05515486286953177,12.158723019046064,6,6,0.0072992700729927005
AN19-rec-f3c4c96fcb47b1f6b4fd:phone:3,AN19-rec-f3c4c96fcb47b1f6b4fd,AN19.KOR.kf2,Korean,Koreanic,hag,hh ae g,2,g,1.577789123122598e-10,50.92332191919407,6,6,0.0072992700729927005
AN19-rec-f3c87305b36f24a7658d:phone:3,AN19-rec-f3c87305b36f24a7658d,AN19.MIX.if5,Japanese,Japonic,serve,s er v,2,v,8.043240519792771e-12,30.835690340867227,6,6,0.006711409395973154
AN19-rec-f3cf84c4e1e83324c9d1:phone:2,AN19-rec-f3cf84c4e1e83324c9d1,AN19.KOR.km8,Korean,Koreanic,noise,n oy z,1,oy,1.3636127451827834e-05,29.00233470251864,6,6,0.006896551724137931
AN19-rec-f3d4e867c7e21f206a7d:phone:1,AN19-rec-f3d4e867c7e21f206a7d,AN19.MIX.if3,French,Romance,firm,f er m,0,f,7.511145303026863e-09,32.7770767749057,6,6,0.006993006993006993
AN19-rec-f3fb1638f21d81dc3211:phone:1,AN19-rec-f3fb1638f21d81dc3211,AN19.MIX.im3,Russian,Slavic,chain,ch ey n,0,ch,0.08414930514509418,22.25870092731843,6,6,0.006756756756756757
AN19-rec-f3fda73607e72b05282b:phone:1,AN19-rec-f3fda73607e72b05282b,AN19.MIX.im6,Hindi,Indo-Aryan,ship,sh ih p,0,sh,7.056014126477155e-08,20.97240765325048,6,6,0.006711409395973154
AN19-rec-f3fda73607e72b05282b:phone:3,AN19-rec-f3fda73607e72b05282b,AN19.MIX.im6,Hindi,Indo-Aryan,ship,sh ih p,2,p,7.362703848687416e-14,65.61468219482525,6,6,0.006711409395973154
AN19-rec-f40ad6337b66a7b458ba:phone:2,AN19-rec-f40ad6337b66a7b458ba,AN19.KOR.kf2,Korean,Koreanic,wed,w eh d,1,eh,0.003504088436273697,18.522373732986622,6,6,0.0072992700729927005
AN19-rec-f41619f06edb8a3393f6:phone:1,AN19-rec-f41619f06edb8a3393f6,AN19.MIX.im5,Turkish,Turkic,dune,d uw n,0,d,0.00171306540980647,21.77982132781733,6,6,0.007246376811594203
AN19-rec-f41a691a9ce572988e5f:phone:1,AN19-rec-f41a691a9ce572988e5f,AN19.KOR.kf2,Korean,Koreanic,hoot,hh uw t,0,hh,0.0003257543870523814,36.05460688751708,6,6,0.0072992700729927005
AN19-rec-f41a691a9ce572988e5f:phone:3,AN19-rec-f41a691a9ce572988e5f,AN19.KOR.kf2,Korean,Koreanic,hoot,hh uw t,2,t,1.4999021784289877e-05,44.95226768937045,6,6,0.0072992700729927005
AN19-rec-f44c2e942f81a2bb6963:phone:2,AN19-rec-f44c2e942f81a2bb6963,AN19.MIX.im2,Bengali,Indo-Aryan,roof,r uw f,1,uw,0.0022766768095006423,29.166359798178124,6,6,0.007246376811594203
AN19-rec-f474611b67c4856b0a4c:phone:2,AN19-rec-f474611b67c4856b0a4c,AN19.MIX.im5,Turkish,Turkic,rhyme,r ay m,1,ay,0.0013173869587659959,38.71508199473519,6,6,0.007246376811594203
AN19-rec-f474611b67c4856b0a4c:phone:3,AN19-rec-f474611b67c4856b0a4c,AN19.MIX.im5,Turkish,Turkic,rhyme,r ay m,2,m,7.92015238327886e-10,31.36500442703104,6,6,0.007246376811594203
AN19-rec-f475f6b38a2d1271c149:phone:2,AN19-rec-f475f6b38a2d1271c149,AN19.SPA.sf4,Spanish,Romance,neck,n eh k,1,eh,7.696155411081623e-14,61.747456979486,6,6,0.0070921985815602835
AN19-rec-f47694d3e859e22ea839:phone:1,AN19-rec-f47694d3e859e22ea839,AN19.SPA.sf4,Spanish,Romance,thick,th ih k,0,th,4.168243624654106e-14,49.91488232092748,6,6,0.0070921985815602835
AN19-rec-f47694d3e859e22ea839:phone:3,AN19-rec-f47694d3e859e22ea839,AN19.SPA.sf4,Spanish,Romance,thick,th ih k,2,k,7.69452098824883e-21,65.74629819359275,6,6,0.0070921985815602835
AN19-rec-f47c07e7febdadf6566e:phone:2,AN19-rec-f47c07e7febdadf6566e,AN19.SPA.sm7,Spanish,Romance,wed,w eh d,1,eh,6.213617958102063e-10,42.221155157659176,6,6,0.007352941176470588
AN19-rec-f4818b86c2dd9af01dbd:phone:3,AN19-rec-f4818b86c2dd9af01dbd,AN19.KOR.kf1,Korean,Koreanic,death,d eh th,2,th,1.0841363810118849e-15,49.52659814299653,6,6,0.0072992700729927005
AN19-rec-f487e7d9b6a191512b69:phone:2,AN19-rec-f487e7d9b6a191512b69,AN19.KOR.kf3,Korean,Koreanic,deep,d iy p,1,iy,4.046973184912839e-11,27.49335009326863,6,6,0.007246376811594203
AN19-rec-f487e7d9b6a191512b69:phone:3,AN19-rec-f487e7d9b6a191512b69,AN19.KOR.kf3,Korean,Koreanic,deep,d iy p,2,p,1.0640410004887484e-09,34.79276406835376,6,6,0.007246376811594203
AN19-rec-f49bdd7c3ce910f8edcc:phone:3,AN19-rec-f49bdd7c3ce910f8edcc,AN19.KOR.km3,Korean,Koreanic,pad,p ae d,2,d,0.002004290832950969,15.40217534239001,6,6,0.006666666666666667
AN19-rec-f4dca73475edd9a37966:phone:1,AN19-rec-f4dca73475edd9a37966,AN19.KOR.kf3,Korean,Koreanic,gut,g ah t,0,g,3.6841120598596735e-13,55.46673363765103,6,6,0.007246376811594203
AN19-rec-f4dca73475edd9a37966:phone:3,AN19-rec-f4dca73475edd9a37966,AN19.KOR.kf3,Korean,Koreanic,gut,g ah t,2,t,4.973703152651431e-07,26.117404749381024,6,6,0.007246376811594203
AN19-rec-f4f5ebba6373f99f716b:phone:2,AN19-rec-f4f5ebba6373f99f716b,AN19.MIX.im4,Mandarin,Sino-Tibetan,vice,v ay s,1,ay,7.203397787815738e-13,71.0454740249078,6,6,0.006993006993006993
AN19-rec-f52e90b22450981c57d3:phone:1,AN19-rec-f52e90b22450981c57d3,AN19.SPA.sf2,Spanish,Romance,theme,th iy m,0,th,6.433091270875403e-12,46.60376438421383,6,6,0.007246376811594203
AN19-rec-f52e90b22450981c57d3:phone:3,AN19-rec-f52e90b22450981c57d3,AN19.SPA.sf2,Spanish,Romance,theme,th iy m,2,m,1.0675764991916073e-06,25.987039765628,6,6,0.007246376811594203
AN19-rec-f5327b1ed10400c49fe6:phone:1,AN19-rec-f5327b1ed10400c49fe6,AN19.MIX.im1,Romanian,Romance,hoot,hh uw t,0,hh,6.592123393677072e-13,35.89613445698919,6,6,0.006802721088435374
AN19-rec-f5327b1ed10400c49fe6:phone:3,AN19-rec-f5327b1ed10400c49fe6,AN19.MIX.im1,Romanian,Romance,hoot,hh uw t,2,t,1.2795166047780736e-14,37.18545826455257,6,6,0.006802721088435374
AN19-rec-f539871d2f71fbe0c0ad:phone:3,AN19-rec-f539871d2f71fbe0c0ad,AN19.MIX.im6,Hindi,Indo-Aryan,route,r uw t,2,t,5.30181370143596e-09,50.626732151530526,6,6,0.006711409395973154
AN19-rec-f577debc438728d3fafd:phone:1,AN19-rec-f577debc438728d3fafd,AN19.SPA.sm4,Spanish,Romance,con,k aa n,0,k,1.1786800765234022e-19,50.72963633515523,6,6,0.007194244604316547
AN19-rec-f577debc438728d3fafd:phone:2,AN19-rec-f577debc438728d3fafd,AN19.SPA.sm4,Spanish,Romance,con,k aa n,1,aa,5.21246111684404e-10,40.77054342092463,6,6,0.007194244604316547
AN19-rec-f585199827ef0ddf843b:phone:1,AN19-rec-f585199827ef0ddf843b,AN19.MIX.if6,Somali,Afro-Asiatic,lice,l ay s,0,l,0.037026044076823965,11.832671549988383,6,6,0.007246376811594203
AN19-rec-f585199827ef0ddf843b:phone:2,AN19-rec-f585199827ef0ddf843b,AN19.MIX.if6,Somali,Afro-Asiatic,lice,l ay s,1,ay,4.785236602563657e-18,63.72798659588416,6,6,0.007246376811594203
AN19-rec-f585199827ef0ddf843b:phone:3,AN19-rec-f585199827ef0ddf843b,AN19.MIX.if6,Somali,Afro-Asiatic,lice,l ay s,2,s,6.499760865933988e-07,46.41198516095667,6,6,0.007246376811594203
AN19-rec-f59e70d593b07df7fbe6:phone:1,AN19-rec-f59e70d593b07df7fbe6,AN19.SPA.sm2,Spanish,Romance,rim,r ih m,0,r,6.09198379743113e-13,55.43470146202864,6,6,0.007042253521126761
AN19-rec-f5a3348e50fc20a17b6c:phone:2,AN19-rec-f5a3348e50fc20a17b6c,AN19.MIX.im1,Romanian,Romance,bun,b ah n,1,ah,2.1960215161745816e-14,40.14873490574502,6,6,0.006802721088435374
AN19-rec-f5cb410d61964cdf3e81:phone:1,AN19-rec-f5cb410d61964cdf3e81,AN19.SPA.sf3,Spanish,Romance,king,k ih ng,0,k,1.7252628028036748e-06,26.404141629036484,6,6,0.007246376811594203
AN19-rec-f5cbdaa74d622277be21:phone:2,AN19-rec-f5cbdaa74d622277be21,AN19.SPA.sf2,Spanish,Romance,bead,b iy d,1,iy,3.0419682515827544e-05,39.79051796314361,6,6,0.007246376811594203
AN19-rec-f5cbdaa74d622277be21:phone:3,AN19-rec-f5cbdaa74d622277be21,AN19.SPA.sf2,Spanish,Romance,bead,b iy d,2,d,2.1614779239963336e-06,23.10626687726378,6,6,0.007246376811594203
AN19-rec-f5e141905621db9b1362:phone:2,AN19-rec-f5e141905621db9b1362,AN19.SPA.sf1,Spanish,Romance,suck,s ah k,1,ah,3.0361241404971492e-05,35.88023094681129,6,6,0.006896551724137931
AN19-rec-f5e141905621db9b1362:phone:3,AN19-rec-f5e141905621db9b1362,AN19.SPA.sf1,Spanish,Romance,suck,s ah k,2,k,9.29856243291756e-10,37.2760439166448,6,6,0.006896551724137931
AN19-rec-f5ecfb3808a6b18c73c1:phone:1,AN19-rec-f5ecfb3808a6b18c73c1,AN19.SPA.sf4,Spanish,Romance,con,k aa n,0,k,2.5335240900604433e-19,54.37395862857525,6,6,0.0070921985815602835
AN19-rec-f5ecfb3808a6b18c73c1:phone:2,AN19-rec-f5ecfb3808a6b18c73c1,AN19.SPA.sf4,Spanish,Romance,con,k aa n,1,aa,1.3912265452507626e-10,48.80473545280203,6,6,0.0070921985815602835
AN19-rec-f5f08ddeef0c46aee1e0:phone:3,AN19-rec-f5f08ddeef0c46aee1e0,AN19.SPA.sf2,Spanish,Romance,thought,th ao t,2,t,5.244623074913443e-10,38.90964505357777,6,6,0.007246376811594203
AN19-rec-f5f561e2bb36d29d3cca:phone:2,AN19-rec-f5f561e2bb36d29d3cca,AN19.SPA.sm3,Spanish,Romance,wrong,r ao ng,1,ao,9.45741909386738e-17,50.73100713443423,6,8,0.0072992700729927005
AN19-rec-f5f5db211fb949721d3f:phone:3,AN19-rec-f5f5db211fb949721d3f,AN19.KOR.kf4,Korean,Koreanic,deep,d iy p,2,p,2.118664084420231e-12,30.698147861315643,6,6,0.0070921985815602835
AN19-rec-f60f9bb61d9cff374d7b:phone:2,AN19-rec-f60f9bb61d9cff374d7b,AN19.KOR.km7,Korean,Koreanic,deep,d iy p,1,iy,0.024519238815801772,8.580649722363171,6,6,0.006711409395973154
AN19-rec-f60f9bb61d9cff374d7b:phone:3,AN19-rec-f60f9bb61d9cff374d7b,AN19.KOR.km7,Korean,Koreanic,deep,d iy p,2,p,3.817679398806398e-07,27.16699186296601,6,6,0.006711409395973154
AN19-rec-f6258dd803468cbe1f1a:phone:2,AN19-rec-f6258dd803468cbe1f1a,AN19.KOR.kf4,Korean,Koreanic,ban,b ae n,1,ae,4.248570734184386e-05,14.928340554092085,6,6,0.0070921985815602835
AN19-rec-f627fd174ddbd0ce65de:phone:1,AN19-rec-f627fd174ddbd0ce65de,AN19.SPA.sf6,Spanish,Romance,gave,g ey v,0,g,1.986768464217966e-11,32.41474150089816,6,6,0.007042253521126761
AN19-rec-f629505e3d2d96ad15db:phone:3,AN19-rec-f629505e3d2d96ad15db,AN19.KOR.km2,Korean,Koreanic,gas,g ae s,2,s,4.963154907879673e-06,34.28244282528616,6,6,0.006756756756756757
AN19-rec-f62bb14bf9efcb40a72b:phone:2,AN19-rec-f62bb14bf9efcb40a72b,AN19.KOR.kf6,Korean,Koreanic,mat,m ae t,1,ae,0.00020134175751450987,20.158391754891635,6,6,0.007042253521126761
AN19-rec-f63e803477416fad52eb:phone:3,AN19-rec-f63e803477416fad52eb,AN19.KOR.km6,Korean,Koreanic,mum,m ah m,2,m,2.830139463186599e-07,32.43001206820833,6,6,0.007042253521126761
AN19-rec-f64e29207042827bffe6:phone:2,AN19-rec-f64e29207042827bffe6,AN19.KOR.km6,Korean,Koreanic,learn,l er n,1,er,1.0952623435971025e-09,29.120549690264124,6,6,0.007042253521126761
AN19-rec-f679c68a26b659acf461:phone:2,AN19-rec-f679c68a26b659acf461,AN19.KOR.kf5,Korean,Koreanic,fool,f uw l,1,uw,1.7362425459032607e-07,26.996859442156804,6,6,0.006993006993006993
AN19-rec-f67d0a4fda9ff7d806f2:phone:1,AN19-rec-f67d0a4fda9ff7d806f2,AN19.MIX.im2,Bengali,Indo-Aryan,page,p ey jh,0,p,0.004032119155138629,14.228954855006856,6,6,0.007246376811594203
AN19-rec-f67d0a4fda9ff7d806f2:phone:3,AN19-rec-f67d0a4fda9ff7d806f2,AN19.MIX.im2,Bengali,Indo-Aryan,page,p ey jh,2,jh,4.403630789408559e-17,80.11570156251804,6,6,0.007246376811594203
AN19-rec-f686a5a370757429ff52:phone:1,AN19-rec-f686a5a370757429ff52,AN19.MIX.if3,French,Romance,ship,sh ih p,0,sh,0.0052607817201826765,7.74931697178869,6,6,0.006993006993006993
AN19-rec-f686a5a370757429ff52:phone:3,AN19-rec-f686a5a370757429ff52,AN19.MIX.if3,French,Romance,ship,sh ih p,2,p,1.5041029424206477e-17,52.33402252654863,6,6,0.006993006993006993
AN19-rec-f68ad87d01df4c80f630:phone:1,AN19-rec-f68ad87d01df4c80f630,AN19.KOR.kf3,Korean,Koreanic,hoot,hh uw t,0,hh,3.870261021695367e-05,35.60167616509174,6,6,0.007246376811594203
AN19-rec-f6b151a434550646a276:phone:1,AN19-rec-f6b151a434550646a276,AN19.KOR.kf3,Korean,Koreanic,bug,b ah g,0,b,7.694779957507465e-09,49.34865177959461,6,6,0.007246376811594203
AN19-rec-f6c0ccb3fe74490387b1:phone:3,AN19-rec-f6c0ccb3fe74490387b1,AN19.MIX.im6,Hindi,Indo-Aryan,pup,p ah p,2,p,5.4254448988965556e-11,40.45954199587516,6,6,0.006711409395973154
AN19-rec-f6d33c09f08e307d4f4b:phone:2,AN19-rec-f6d33c09f08e307d4f4b,AN19.MIX.if3,French,Romance,voice,v oy s,1,oy,4.2198159388240206e-07,48.01782793973183,6,6,0.006993006993006993
AN19-rec-f6d56ca713fe7074f91a:phone:1,AN19-rec-f6d56ca713fe7074f91a,AN19.MIX.im1,Romanian,Romance,wick,w ih k,0,w,1.2888557315886152e-24,67.95908889841236,6,6,0.006802721088435374
AN19-rec-f6e1e081439106beaee5:phone:2,AN19-rec-f6e1e081439106beaee5,AN19.SPA.sm7,Spanish,Romance,size,s ay z,1,ay,1.457708638388107e-06,23.790010136226048,6,6,0.007352941176470588
AN19-rec-f6eaddf9de37f1afe81e:phone:3,AN19-rec-f6eaddf9de37f1afe81e,AN19.MIX.im3,Russian,Slavic,peace,p iy s,2,s,0.0022864686820453454,20.276617676428653,6,6,0.006756756756756757
AN19-rec-f70e2da292177eac35de:phone:2,AN19-rec-f70e2da292177eac35de,AN19.MIX.if1,Albanian,Albanian,voice,v oy s,1,oy,3.4784624466881683e-06,33.33461807042149,6,6,0.0070921985815602835
AN19-rec-f719c51ff5a1d1237a26:phone:1,AN19-rec-f719c51ff5a1d1237a26,AN19.MIX.if1,Albanian,Albanian,pool,p uw l,0,p,1.1491598526719759e-05,22.0744487337771,6,6,0.0070921985815602835
AN19-rec-f71efd4e0832f19ce1ab:phone:3,AN19-rec-f71efd4e0832f19ce1ab,AN19.KOR.kf1,Korean,Koreanic,pup,p ah p,2,p,6.605976966860152e-09,45.72086934828775,6,6,0.0072992700729927005
AN19-rec-f727b3f4e465c66e682d:phone:2,AN19-rec-f727b3f4e465c66e682d,AN19.KOR.kf2,Korean,Koreanic,wail,w ey l,1,ey,1.2882236578562937e-17,52.91708710191903,6,6,0.0072992700729927005
AN19-rec-f7354bbfe8f01b7e29a3:phone:3,AN19-rec-f7354bbfe8f01b7e29a3,AN19.KOR.kf2,Korean,Koreanic,young,y ah ng,2,ng,7.197128732267031e-31,90.21247570296735,6,6,0.0072992700729927005
AN19-rec-f75b3415578be63af6d7:phone:2,AN19-rec-f75b3415578be63af6d7,AN19.SPA.sf4,Spanish,Romance,lose,l uw z,1,uw,6.159667914934397e-19,48.16198319387188,6,6,0.0070921985815602835
AN19-rec-f76c8395bfb6ce4491d3:phone:1,AN19-rec-f76c8395bfb6ce4491d3,AN19.KOR.km7,Korean,Koreanic,move,m uw v,0,m,1.3152498029262813e-13,37.91770329351333,6,6,0.006711409395973154
AN19-rec-f76c8395bfb6ce4491d3:phone:3,AN19-rec-f76c8395bfb6ce4491d3,AN19.KOR.km7,Korean,Koreanic,move,m uw v,2,v,1.878161881330075e-12,38.9580580967045,6,6,0.006711409395973154
AN19-rec-f78a2fee7711f6544756:phone:2,AN19-rec-f78a2fee7711f6544756,AN19.MIX.im1,Romanian,Romance,roof,r uw f,1,uw,0.02460508377657102,27.055023797664848,6,6,0.006802721088435374
AN19-rec-f7bb276788604c2e4282:phone:2,AN19-rec-f7bb276788604c2e4282,AN19.SPA.sf4,Spanish,Romance,learn,l er n,1,er,1.2629106853374685e-10,35.45534235452488,6,6,0.0070921985815602835
AN19-rec-f7f98fa0d9989b86b91e:phone:1,AN19-rec-f7f98fa0d9989b86b91e,AN19.SPA.sm4,Spanish,Romance,gut,g ah t,0,g,5.468800252364324e-11,57.29378324271092,6,6,0.007194244604316547
AN19-rec-f7f98fa0d9989b86b91e:phone:3,AN19-rec-f7f98fa0d9989b86b91e,AN19.SPA.sm4,Spanish,Romance,gut,g ah t,2,t,1.0213061750915157e-15,60.8738988822837,6,6,0.007194244604316547
AN19-rec-f802cbfd828783d904a2:phone:2,AN19-rec-f802cbfd828783d904a2,AN19.KOR.km3,Korean,Koreanic,wed,w eh d,1,eh,4.289614073806553e-25,65.86966989256057,6,6,0.006666666666666667
AN19-rec-f8147aa24b17f555ce2c:phone:2,AN19-rec-f8147aa24b17f555ce2c,AN19.MIX.if3,French,Romance,sill,s ih l,1,ih,1.958662185087134e-21,58.92599512837301,6,6,0.006993006993006993
AN19-rec-f816ff1618918c6b08d0:phone:3,AN19-rec-f816ff1618918c6b08d0,AN19.KOR.kf1,Korean,Koreanic,route,r uw t,2,t,1.32128196665486e-09,38.26077340194655,6,6,0.0072992700729927005
AN19-rec-f8191db6d759e5e32a0d:phone:1,AN19-rec-f8191db6d759e5e32a0d,AN19.KOR.kf4,Korean,Koreanic,give,g ih v,0,g,8.844876753986128e-13,46.37740175854333,6,6,0.0070921985815602835
AN19-rec-f8342988d74d15697119:phone:1,AN19-rec-f8342988d74d15697119,AN19.KOR.kf1,Korean,Koreanic,join,jh oy n,0,jh,0.00013036385973860776,35.489863022999465,6,6,0.0072992700729927005
AN19-rec-f83dc766319daaad6804:phone:2,AN19-rec-f83dc766319daaad6804,AN19.MIX.im3,Russian,Slavic,rut,r ah t,1,ah,3.4044635114844093e-06,33.139171349540376,6,6,0.006756756756756757
AN19-rec-f8439d0a7af8da900213:phone:3,AN19-rec-f8439d0a7af8da900213,AN19.KOR.kf4,Korean,Koreanic,love,l ah v,2,v,7.70654839586887e-13,69.15590946813215,6,6,0.0070921985815602835
AN19-rec-f85ead48f7cf72ff36cf:phone:1,AN19-rec-f85ead48f7cf72ff36cf,AN19.MIX.if4,German,Germanic,shop,sh aa p,0,sh,0.008406417498610184,14.877129193935051,6,6,0.0072992700729927005
AN19-rec-f85ead48f7cf72ff36cf:phone:2,AN19-rec-f85ead48f7cf72ff36cf,AN19.MIX.if4,German,Germanic,shop,sh aa p,1,aa,3.9979437047937576e-12,34.32621323484191,6,6,0.0072992700729927005
AN19-rec-f85ead48f7cf72ff36cf:phone:3,AN19-rec-f85ead48f7cf72ff36cf,AN19.MIX.if4,German,Germanic,shop,sh aa p,2,p,6.739039932065173e-06,33.198655898906715,6,6,0.0072992700729927005
AN19-rec-f85fb3ffdf3c1ab7fce3:phone:2,AN19-rec-f85fb3ffdf3c1ab7fce3,AN19.MIX.if1,Albanian,Albanian,fool,f uw l,1,uw,7.416982628935061e-07,22.79740038400031,6,6,0.0070921985815602835
AN19-rec-f87889275bdd7e3f2ac4:phone:2,AN19-rec-f87889275bdd7e3f2ac4,AN19.SPA.sm2,Spanish,Romance,kit,k ih t,1,ih,0.10455273148414503,23.46394383044056,6,6,0.007042253521126761
AN19-rec-f87abcb6345026070459:phone:1,AN19-rec-f87abcb6345026070459,AN19.KOR.km6,Korean,Koreanic,con,k aa n,0,k,0.0027472073543349236,14.94977921212193,6,6,0.007042253521126761
AN19-rec-f8851f009f3666e81226:phone:2,AN19-rec-f8851f009f3666e81226,AN19.MIX.im2,Bengali,Indo-Aryan,teat,t iy t,1,iy,1.0982614737516931e-20,70.04050611698513,6,6,0.007246376811594203
AN19-rec-f88ebe29665455ff3397:phone:2,AN19-rec-f88ebe29665455ff3397,AN19.MIX.if5,Japanese,Japonic,lice,l ay s,1,ay,0.023773586104360544,26.863962262327178,6,6,0.006711409395973154
AN19-rec-f88ebe29665455ff3397:phone:3,AN19-rec-f88ebe29665455ff3397,AN19.MIX.if5,Japanese,Japonic,lice,l ay s,2,s,0.00016174705366295993,33.78530095273185,6,6,0.006711409395973154
AN19-rec-f8a2da146f7e6d78681a:phone:1,AN19-rec-f8a2da146f7e6d78681a,AN19.KOR.kf5,Korean,Koreanic,shall,sh ae l,0,sh,0.01937158532155796,10.973604075263175,6,6,0.006993006993006993
AN19-rec-f8a2da146f7e6d78681a:phone:2,AN19-rec-f8a2da146f7e6d78681a,AN19.KOR.kf5,Korean,Koreanic,shall,sh ae l,1,ae,0.003994231264725466,23.808954296923638,6,6,0.006993006993006993
AN19-rec-f8a326b11caaebcf4ebc:phone:1,AN19-rec-f8a326b11caaebcf4ebc,AN19.SPA.sf3,Spanish,Romance,five,f ay v,0,f,4.000004124040623e-12,65.02602429732535,6,6,0.007246376811594203
AN19-rec-f8a9be3c16f0df36cb58:phone:2,AN19-rec-f8a9be3c16f0df36cb58,AN19.SPA.sm4,Spanish,Romance,full,f uh l,1,uh,9.331182774442571e-06,24.993849316438983,6,6,0.007194244604316547
AN19-rec-f8ba816ab2972f0f1a6b:phone:2,AN19-rec-f8ba816ab2972f0f1a6b,AN19.SPA.sf2,Spanish,Romance,mace,m ey s,1,ey,5.40196616133725e-10,33.15480554031668,6,6,0.007246376811594203
AN19-rec-f8ba816ab2972f0f1a6b:phone:3,AN19-rec-f8ba816ab2972f0f1a6b,AN19.SPA.sf2,Spanish,Romance,mace,m ey s,2,s,7.975963525775942e-12,46.98256108828201,6,6,0.007246376811594203
AN19-rec-f8e9c43af1e09375ac07:phone:1,AN19-rec-f8e9c43af1e09375ac07,AN19.KOR.kf2,Korean,Koreanic,pawn,p ao n,0,p,4.6051916484940586e-12,39.47279951829629,6,6,0.0072992700729927005
AN19-rec-f9056e6eae9c261c7b27:phone:3,AN19-rec-f9056e6eae9c261c7b27,AN19.MIX.im2,Bengali,Indo-Aryan,beak,b iy k,2,k,4.402130869779207e-15,44.71174415375655,6,6,0.007246376811594203
AN19-rec-f918fbfd174d589ea1d7:phone:2,AN19-rec-f918fbfd174d589ea1d7,AN19.MIX.im2,Bengali,Indo-Aryan,shape,sh ey p,1,ey,3.555204858437505e-13,38.579258758957685,6,6,0.007246376811594203
AN19-rec-f92f76f9dff98e7633b8:phone:3,AN19-rec-f92f76f9dff98e7633b8,AN19.SPA.sm6,Spanish,Romance,thought,th ao t,2,t,2.7407973562743114e-06,65.4346752798702,6,6,0.006756756756756757
AN19-rec-f948a2ec525a55ed4009:phone:1,AN19-rec-f948a2ec525a55ed4009,AN19.SPA.sf1,Spanish,Romance,doom,d uw m,0,d,4.095292177230799e-06,34.537823838364886,6,6,0.006896551724137931
AN19-rec-f948a2ec525a55ed4009:phone:3,AN19-rec-f948a2ec525a55ed4009,AN19.SPA.sf1,Spanish,Romance,doom,d uw m,2,m,5.902141445112464e-09,20.922345594478927,6,6,0.006896551724137931
AN19-rec-f96679aeda78534842a6:phone:2,AN19-rec-f96679aeda78534842a6,AN19.KOR.km1,Korean,Koreanic,size,s ay z,1,ay,0.004200240880533754,19.598780704216257,6,6,0.0072992700729927005
AN19-rec-f980fe2776f0d0be6f7f:phone:3,AN19-rec-f980fe2776f0d0be6f7f,AN19.MIX.if6,Somali,Afro-Asiatic,thought,th ao t,2,t,1.98332196115286e-10,37.90463188197055,6,6,0.007246376811594203
AN19-rec-f98fdf0a218c8c488908:phone:3,AN19-rec-f98fdf0a218c8c488908,AN19.SPA.sm6,Spanish,Romance,doom,d uw m,2,m,2.5937577236300025e-13,34.22613639775942,6,6,0.006756756756756757
AN19-rec-f9c6ddf77cc2f4732f3f:phone:2,AN19-rec-f9c6ddf77cc2f4732f3f,AN19.KOR.km2,Korean,Koreanic,learn,l er n,1,er,0.00018643214337102322,19.86655052557714,6,6,0.006756756756756757
AN19-rec-fa0cd76408dd8ca50136:phone:2,AN19-rec-fa0cd76408dd8ca50136,AN19.KOR.kf4,Korean,Koreanic,live,l ay v,1,ay,2.5199243632244005e-17,59.519518249656464,6,6,0.0070921985815602835
AN19-rec-fa1034b91bfc9138a3b3:phone:3,AN19-rec-fa1034b91bfc9138a3b3,AN19.KOR.km8,Korean,Koreanic,bum,b ah m,2,m,5.231013988811775e-11,28.90854307593195,6,6,0.006896551724137931
AN19-rec-fa194234c3536f7da8b5:phone:3,AN19-rec-fa194234c3536f7da8b5,AN19.KOR.kf4,Korean,Koreanic,pup,p ah p,2,p,1.483415566900462e-09,44.57871582823588,6,6,0.0070921985815602835
AN19-rec-fa200985e6ab4e652d01:phone:3,AN19-rec-fa200985e6ab4e652d01,AN19.KOR.kf4,Korean,Koreanic,hurl,hh er l,2,l,1.3356134559387515e-05,31.59079488885728,6,6,0.0070921985815602835
AN19-rec-fa2babe5c6c2c010c3a9:phone:2,AN19-rec-fa2babe5c6c2c010c3a9,AN19.KOR.kf6,Korean,Koreanic,deep,d iy p,1,iy,0.003991089065899255,8.17877857511439,6,6,0.007042253521126761
AN19-rec-fa2babe5c6c2c010c3a9:phone:3,AN19-rec-fa2babe5c6c2c010c3a9,AN19.KOR.kf6,Korean,Koreanic,deep,d iy p,2,p,7.727548042843379e-06,22.671409062152406,6,6,0.007042253521126761
AN19-rec-fa46a5c9694239681ebc:phone:2,AN19-rec-fa46a5c9694239681ebc,AN19.KOR.kf1,Korean,Koreanic,fool,f uw l,1,uw,5.720823637574379e-05,28.834685964879515,6,6,0.0072992700729927005
AN19-rec-fa5844ded7adfac344d4:phone:1,AN19-rec-fa5844ded7adfac344d4,AN19.MIX.if3,French,Romance,den,d eh n,0,d,1.0061460383830238e-15,46.488956070688346,6,6,0.006993006993006993
AN19-rec-fa5844ded7adfac344d4:phone:2,AN19-rec-fa5844ded7adfac344d4,AN19.MIX.if3,French,Romance,den,d eh n,1,eh,0.0001209548017146999,24.873817345603587,6,6,0.006993006993006993
AN19-rec-fa65abd2d754e3b9be43:phone:2,AN19-rec-fa65abd2d754e3b9be43,AN19.KOR.km1,Korean,Koreanic,roof,r uw f,1,uw,0.00036847954716973363,22.64881434501825,6,6,0.0072992700729927005
AN19-rec-fa73753a17f0c1283c31:phone:2,AN19-rec-fa73753a17f0c1283c31,AN19.KOR.kf3,Korean,Koreanic,cod,k aa d,1,aa,1.2812170629655046e-18,71.14103567925595,6,6,0.007246376811594203
AN19-rec-fa7b22dd99f16243ec6d:phone:2,AN19-rec-fa7b22dd99f16243ec6d,AN19.SPA.sm7,Spanish,Romance,bead,b iy d,1,iy,8.533702982846805e-10,42.47803984878514,6,6,0.007352941176470588
AN19-rec-fa7b22dd99f16243ec6d:phone:3,AN19-rec-fa7b22dd99f16243ec6d,AN19.SPA.sm7,Spanish,Romance,bead,b iy d,2,d,1.4658048042721888e-14,50.292284102540656,6,6,0.007352941176470588
AN19-rec-fa86bf33cd0ace1176c3:phone:3,AN19-rec-fa86bf33cd0ace1176c3,AN19.KOR.km7,Korean,Koreanic,gas,g ae s,2,s,1.8540889717886206e-09,43.57549892673136,6,6,0.006711409395973154
AN19-rec-fa9c8d6a64c0ff4fe8bd:phone:2,AN19-rec-fa9c8d6a64c0ff4fe8bd,AN19.SPA.sf6,Spanish,Romance,lace,l ey s,1,ey,3.994004126529352e-10,30.576244818095244,6,6,0.007042253521126761
AN19-rec-fa9fd02270e81534fbf8:phone:3,AN19-rec-fa9fd02270e81534fbf8,AN19.SPA.sm7,Spanish,Romance,hurl,hh er l,2,l,7.639160265383502e-09,33.286600483457434,6,6,0.007352941176470588
AN19-rec-faa6cdbd1489fc78cce7:phone:2,AN19-rec-faa6cdbd1489fc78cce7,AN19.SPA.sf1,Spanish,Romance,roof,r uw f,1,uw,8.482751143007235e-10,41.71651543430577,6,6,0.006896551724137931
AN19-rec-fabeb9b421e9a5b77a59:phone:2,AN19-rec-fabeb9b421e9a5b77a59,AN19.KOR.kf4,Korean,Koreanic,full,f uh l,1,uh,7.742588248636815e-06,34.76267358804103,6,6,0.0070921985815602835
AN19-rec-facd949a24b62dc3b8e6:phone:3,AN19-rec-facd949a24b62dc3b8e6,AN19.KOR.km2,Korean,Koreanic,peace,p iy s,2,s,6.372064634049709e-07,23.02932530449197,6,6,0.006756756756756757
AN19-rec-fad57bc2d491c344c449:phone:1,AN19-rec-fad57bc2d491c344c449,AN19.KOR.kf4,Korean,Koreanic,god,g aa d,0,g,6.85744838801338e-07,50.53029269758147,6,6,0.0070921985815602835
AN19-rec-fad7a10d7b8948bd1f5f:phone:3,AN19-rec-fad7a10d7b8948bd1f5f,AN19.KOR.kf3,Korean,Koreanic,dog,d ao g,2,g,4.046963262584409e-07,53.93664162602576,6,6,0.007246376811594203
AN19-rec-fada5c35a3a00877f8b4:phone:2,AN19-rec-fada5c35a3a00877f8b4,AN19.SPA.sm4,Spanish,Romance,lad,l ae d,1,ae,0.000321844768396507,17.022936345231496,6,6,0.007194244604316547
AN19-rec-fafb6eccf431819ebcba:phone:3,AN19-rec-fafb6eccf431819ebcba,AN19.MIX.if1,Albanian,Albanian,route,r uw t,2,t,7.30084865027048e-11,42.78538400049698,6,6,0.0070921985815602835
AN19-rec-fafc716423fdbb44f33b:phone:2,AN19-rec-fafc716423fdbb44f33b,AN19.KOR.km6,Korean,Koreanic,thing,th ih ng,1,ih,5.42832927821328e-08,46.10352523465295,6,6,0.007042253521126761
AN19-rec-fb05e42902cf3a637205:phone:3,AN19-rec-fb05e42902cf3a637205,AN19.KOR.kf1,Korean,Koreanic,whore,hh ao r,2,r,2.0938787812160984e-20,69.34681744625966,6,6,0.0072992700729927005
AN19-rec-fb1aff48ca4343d9ca4f:phone:2,AN19-rec-fb1aff48ca4343d9ca4f,AN19.MIX.if5,Japanese,Japonic,long,l ao ng,1,ao,1.166282166874074e-05,34.6326142814499,6,6,0.006711409395973154
AN19-rec-fb1aff48ca4343d9ca4f:phone:3,AN19-rec-fb1aff48ca4343d9ca4f,AN19.MIX.if5,Japanese,Japonic,long,l ao ng,2,ng,1.2613187815957694e-10,31.17515101660038,6,6,0.006711409395973154
AN19-rec-fb1d42e89063bfcbdb4f:phone:2,AN19-rec-fb1d42e89063bfcbdb4f,AN19.MIX.im6,Hindi,Indo-Aryan,thing,th ih ng,1,ih,8.888630932421586e-11,42.10273922339926,6,6,0.006711409395973154
AN19-rec-fb37c7fd4319598d2f83:phone:3,AN19-rec-fb37c7fd4319598d2f83,AN19.KOR.km6,Korean,Koreanic,white,w ay t,2,t,2.0906419370842626e-12,48.8608679803603,6,6,0.007042253521126761
AN19-rec-fb3da7da03251a1c3625:phone:2,AN19-rec-fb3da7da03251a1c3625,AN19.MIX.im3,Russian,Slavic,pull,p uh l,1,uh,1.2006874710412774e-08,29.79264653640104,6,6,0.006756756756756757
AN19-rec-fb3fa8c937ef55ee7b37:phone:2,AN19-rec-fb3fa8c937ef55ee7b37,AN19.MIX.if4,German,Germanic,bun,b ah n,1,ah,2.724255131028051e-12,31.920594948009647,6,6,0.0072992700729927005
AN19-rec-fb4c0d80d2e133abd87b:phone:1,AN19-rec-fb4c0d80d2e133abd87b,AN19.SPA.sf4,Spanish,Romance,both,b ow th,0,b,3.138445563450424e-13,35.63089668428922,6,6,0.0070921985815602835
AN19-rec-fb4c0d80d2e133abd87b:phone:3,AN19-rec-fb4c0d80d2e133abd87b,AN19.SPA.sf4,Spanish,Romance,both,b ow th,2,th,2.747176157739917e-16,41.54684338112634,6,6,0.0070921985815602835
AN19-rec-fb90f235771962256b1f:phone:2,AN19-rec-fb90f235771962256b1f,AN19.MIX.im4,Mandarin,Sino-Tibetan,wife,w ay f,1,ay,0.0011382478695886884,17.719379147364897,6,6,0.006993006993006993
AN19-rec-fbd0e48c6e2b7c0fc9f1:phone:1,AN19-rec-fbd0e48c6e2b7c0fc9f1,AN19.SPA.sm2,Spanish,Romance,chief,ch iy f,0,ch,1.2187674816568941e-09,28.70763147194253,6,6,0.007042253521126761
AN19-rec-fbdb5a908162487d5f7d:phone:3,AN19-rec-fbdb5a908162487d5f7d,AN19.SPA.sm2,Spanish,Romance,hurl,hh er l,2,l,1.6580334279306876e-09,35.805344058915914,6,6,0.007042253521126761
AN19-rec-fbe999018f45e2ace019:phone:1,AN19-rec-fbe999018f45e2ace019,AN19.KOR.km2,Korean,Koreanic,gut,g ah t,0,g,2.8507585281016057e-08,40.26304211715766,6,6,0.006756756756756757
AN19-rec-fbe999018f45e2ace019:phone:3,AN19-rec-fbe999018f45e2ace019,AN19.KOR.km2,Korean,Koreanic,gut,g ah t,2,t,5.104549098293378e-17,48.52890380360015,6,6,0.006756756756756757
AN19-rec-fbf5de4140b793099fc2:phone:1,AN19-rec-fbf5de4140b793099fc2,AN19.SPA.sf5,Spanish,Romance,sane,s ey n,0,s,0.000606970868093185,13.999028087315123,6,6,0.007194244604316547
AN19-rec-fbf5de4140b793099fc2:phone:2,AN19-rec-fbf5de4140b793099fc2,AN19.SPA.sf5,Spanish,Romance,sane,s ey n,1,ey,0.020331798819753413,17.923215330529555,6,6,0.007194244604316547
AN19-rec-fbf80d2d9e846eae690a:phone:1,AN19-rec-fbf80d2d9e846eae690a,AN19.SPA.sf6,Spanish,Romance,hag,hh ae g,0,hh,0.0030349495902849077,14.356306112441525,6,6,0.007042253521126761
AN19-rec-fbf80d2d9e846eae690a:phone:3,AN19-rec-fbf80d2d9e846eae690a,AN19.SPA.sf6,Spanish,Romance,hag,hh ae g,2,g,1.673230835820096e-07,50.82982951177183,6,6,0.007042253521126761
AN19-rec-fc02a567dc53c1f90368:phone:2,AN19-rec-fc02a567dc53c1f90368,AN19.SPA.sm5,Spanish,Romance,lose,l uw z,1,uw,0.001555641719356741,9.274607316915043,6,6,0.006896551724137931
AN19-rec-fc265103db6a8adf86ed:phone:1,AN19-rec-fc265103db6a8adf86ed,AN19.MIX.if1,Albanian,Albanian,pawn,p ao n,0,p,4.196797914413675e-06,22.196070978436925,6,6,0.0070921985815602835
AN19-rec-fc26e37a2cabefe7eb8d:phone:1,AN19-rec-fc26e37a2cabefe7eb8d,AN19.KOR.kf1,Korean,Koreanic,girl,g er l,0,g,3.049411093047537e-07,24.25342280497431,6,6,0.0072992700729927005
AN19-rec-fc332a461a4a1cda634b:phone:2,AN19-rec-fc332a461a4a1cda634b,AN19.MIX.if3,French,Romance,bun,b ah n,1,ah,2.9888816559138354e-07,23.15616556505969,6,6,0.006993006993006993
AN19-rec-fc3cdbb90ba6c76cb802:phone:2,AN19-rec-fc3cdbb90ba6c76cb802,AN19.KOR.kf2,Korean,Koreanic,ban,b ae n,1,ae,2.7494889304031995e-07,17.243281460150957,6,6,0.0072992700729927005
AN19-rec-fc4f201d95ca4854e3a1:phone:2,AN19-rec-fc4f201d95ca4854e3a1,AN19.SPA.sf3,Spanish,Romance,teat,t iy t,1,iy,4.926268731942664e-06,20.28422989990685,6,6,0.007246376811594203
AN19-rec-fc6ef5b232e704832b68:phone:1,AN19-rec-fc6ef5b232e704832b68,AN19.MIX.im6,Hindi,Indo-Aryan,hid,hh ih d,0,hh,4.790244563079749e-05,35.217425552062544,6,6,0.006711409395973154
AN19-rec-fc6ef5b232e704832b68:phone:3,AN19-rec-fc6ef5b232e704832b68,AN19.MIX.im6,Hindi,Indo-Aryan,hid,hh ih d,2,d,2.7428397213115643e-08,44.52554654578508,6,6,0.006711409395973154
AN19-rec-fc73719c90231ee12a18:phone:3,AN19-rec-fc73719c90231ee12a18,AN19.MIX.im4,Mandarin,Sino-Tibetan,lame,l ey m,2,m,4.026176174868953e-07,28.84819233789007,6,6,0.006993006993006993
AN19-rec-fc81d37d7f17f221edc6:phone:1,AN19-rec-fc81d37d7f17f221edc6,AN19.KOR.km2,Korean,Koreanic,both,b ow th,0,b,8.28440842442092e-17,59.37517552455262,6,6,0.006756756756756757
AN19-rec-fc81d37d7f17f221edc6:phone:3,AN19-rec-fc81d37d7f17f221edc6,AN19.KOR.km2,Korean,Koreanic,both,b ow th,2,th,1.0422884640881126e-20,65.58913335519034,6,6,0.006756756756756757
AN19-rec-fcab62c69a45a378ea9a:phone:3,AN19-rec-fcab62c69a45a378ea9a,AN19.KOR.km7,Korean,Koreanic,lame,l ey m,2,m,9.285336744651418e-06,27.55086620699066,6,6,0.006711409395973154
AN19-rec-fcb114a993a204659632:phone:1,AN19-rec-fcb114a993a204659632,AN19.SPA.sm6,Spanish,Romance,cheer,ch ih r,0,ch,0.0017039370979446834,14.699872770289936,6,6,0.006756756756756757
AN19-rec-fcb114a993a204659632:phone:3,AN19-rec-fcb114a993a204659632,AN19.SPA.sm6,Spanish,Romance,cheer,ch ih r,2,r,2.7708585362235595e-06,24.88549422090341,6,6,0.006756756756756757
AN19-rec-fcbd1cc0df8f3529c94b:phone:3,AN19-rec-fcbd1cc0df8f3529c94b,AN19.KOR.kf5,Korean,Koreanic,whore,hh ao r,2,r,3.406202676152669e-05,20.446635506899515,6,6,0.006993006993006993
AN19-rec-fcc67be181b2619e8608:phone:2,AN19-rec-fcc67be181b2619e8608,AN19.SPA.sm7,Spanish,Romance,thing,th ih ng,1,ih,1.882305505169519e-09,31.044437683506327,6,6,0.007352941176470588
AN19-rec-fce47b24ef7a25011cde:phone:1,AN19-rec-fce47b24ef7a25011cde,AN19.KOR.km2,Korean,Koreanic,pawn,p ao n,0,p,1.6180311232907913e-34,87.64529743064567,6,6,0.006756756756756757
AN19-rec-fce83886a4a968c20299:phone:3,AN19-rec-fce83886a4a968c20299,AN19.MIX.if2,Dutch,Germanic,peace,p iy s,2,s,0.06446929366671868,25.751339051129644,6,6,0.006944444444444444
AN19-rec-fce839031e66b9799491:phone:1,AN19-rec-fce839031e66b9799491,AN19.KOR.kf2,Korean,Koreanic,sane,s ey n,0,s,0.0005790588625173638,13.921972160770808,6,6,0.0072992700729927005
AN19-rec-fce839031e66b9799491:phone:2,AN19-rec-fce839031e66b9799491,AN19.KOR.kf2,Korean,Koreanic,sane,s ey n,1,ey,8.193161232755834e-07,27.070869293207625,6,6,0.0072992700729927005
AN19-rec-fd0d4b21348601b871c9:phone:2,AN19-rec-fd0d4b21348601b871c9,AN19.SPA.sf6,Spanish,Romance,wife,w ay f,1,ay,2.819781196145436e-11,36.40006504430276,6,6,0.007042253521126761
AN19-rec-fd0dcddd9be46278442e:phone:3,AN19-rec-fd0dcddd9be46278442e,AN19.SPA.sf2,Spanish,Romance,beak,b iy k,2,k,1.8960030451392447e-06,28.653825494486476,6,6,0.007246376811594203
AN19-rec-fd1e850acec41daab414:phone:1,AN19-rec-fd1e850acec41daab414,AN19.SPA.sf5,Spanish,Romance,shall,sh ae l,0,sh,0.003467706182476276,11.402519133578735,6,6,0.007194244604316547
AN19-rec-fd1e850acec41daab414:phone:2,AN19-rec-fd1e850acec41daab414,AN19.SPA.sf5,Spanish,Romance,shall,sh ae l,1,ae,6.233929562232263e-05,15.021379178769411,6,6,0.007194244604316547
AN19-rec-fd20ef18615b63e09f34:phone:1,AN19-rec-fd20ef18615b63e09f34,AN19.KOR.kf5,Korean,Koreanic,curve,k er v,0,k,8.092944047365454e-06,28.595345957931908,6,6,0.006993006993006993
AN19-rec-fd20ef18615b63e09f34:phone:3,AN19-rec-fd20ef18615b63e09f34,AN19.KOR.kf5,Korean,Koreanic,curve,k er v,2,v,4.437295939344505e-12,31.79999343774554,6,6,0.006993006993006993
AN19-rec-fd3496974588a2537c9d:phone:1,AN19-rec-fd3496974588a2537c9d,AN19.SPA.sm7,Spanish,Romance,mall,m ao l,0,m,0.025935772146351014,37.22384991343085,6,6,0.007352941176470588
AN19-rec-fd422dafbd66cdb7f855:phone:1,AN19-rec-fd422dafbd66cdb7f855,AN19.SPA.sm6,Spanish,Romance,god,g aa d,0,g,1.4495722517694916e-09,43.15306550798454,6,6,0.006756756756756757
AN19-rec-fd54dcc7dbd0e796f86e:phone:1,AN19-rec-fd54dcc7dbd0e796f86e,AN19.SPA.sm6,Spanish,Romance,sane,s ey n,0,s,0.005982409678245366,13.049658906780056,6,6,0.006756756756756757
AN19-rec-fd54dcc7dbd0e796f86e:phone:2,AN19-rec-fd54dcc7dbd0e796f86e,AN19.SPA.sm6,Spanish,Romance,sane,s ey n,1,ey,0.016223559827442283,19.00314146594357,6,6,0.006756756756756757
AN19-rec-fd59d68ad97fc6f9f876:phone:2,AN19-rec-fd59d68ad97fc6f9f876,AN19.KOR.kf3,Korean,Koreanic,wrong,r ao ng,1,ao,4.240341945666973e-08,41.272495200080535,6,8,0.007246376811594203
AN19-rec-fd691902c33571404e73:phone:1,AN19-rec-fd691902c33571404e73,AN19.SPA.sf3,Spanish,Romance,fig,f ih g,0,f,4.421040558446661e-11,75.46416255204352,6,6,0.007246376811594203
AN19-rec-fd691902c33571404e73:phone:3,AN19-rec-fd691902c33571404e73,AN19.SPA.sf3,Spanish,Romance,fig,f ih g,2,g,8.050588197985388e-27,88.97736539650988,6,6,0.007246376811594203
AN19-rec-fd6a5d2535e6b015061a:phone:2,AN19-rec-fd6a5d2535e6b015061a,AN19.MIX.if2,Dutch,Germanic,long,l ao ng,1,ao,7.887956340018886e-07,28.88018422544852,6,6,0.006944444444444444
AN19-rec-fd6a5d2535e6b015061a:phone:3,AN19-rec-fd6a5d2535e6b015061a,AN19.MIX.if2,Dutch,Germanic,long,l ao ng,2,ng,3.113016796250982e-05,15.13682035418686,6,6,0.006944444444444444
AN19-rec-fd6dcef8e8676630aa68:phone:1,AN19-rec-fd6dcef8e8676630aa68,AN19.KOR.km7,Korean,Koreanic,chain,ch ey n,0,ch,1.3953690696603752e-06,50.13789436596653,6,6,0.006711409395973154
AN19-rec-fd9b070c08b2a22aa330:phone:1,AN19-rec-fd9b070c08b2a22aa330,AN19.MIX.im2,Bengali,Indo-Aryan,hack,hh ae k,0,hh,0.0013174654003815084,10.402682177656748,6,6,0.007246376811594203
AN19-rec-fd9b070c08b2a22aa330:phone:3,AN19-rec-fd9b070c08b2a22aa330,AN19.MIX.im2,Bengali,Indo-Aryan,hack,hh ae k,2,k,1.3137140186565227e-23,66.95457598000749,6,6,0.007246376811594203
AN19-rec-fd9bd0cdc559f489d105:phone:1,AN19-rec-fd9bd0cdc559f489d105,AN19.MIX.if6,Somali,Afro-Asiatic,path,p ae th,0,p,2.326718458906332e-08,43.79486569453419,6,6,0.007246376811594203
AN19-rec-fda2eb31f655dcd2442e:phone:1,AN19-rec-fda2eb31f655dcd2442e,AN19.MIX.if1,Albanian,Albanian,girl,g er l,0,g,1.25426352996978e-07,29.776638793338964,6,6,0.0070921985815602835
AN19-rec-fdd30f50bc8c8da00b5e:phone:3,AN19-rec-fdd30f50bc8c8da00b5e,AN19.SPA.sf2,Spanish,Romance,white,w ay t,2,t,8.169637858825521e-26,94.98745093208872,6,6,0.007246376811594203
AN19-rec-fdedd7f4e2cd66a2691f:phone:1,AN19-rec-fdedd7f4e2cd66a2691f,AN19.MIX.if5,Japanese,Japonic,check,ch eh k,0,ch,2.5579471828174717e-15,47.11997033442936,6,6,0.006711409395973154
AN19-rec-fdf25fe3e8bc67aec3c6:phone:2,AN19-rec-fdf25fe3e8bc67aec3c6,AN19.SPA.sf6,Spanish,Romance,kin,k ih n,1,ih,9.649932174617123e-24,57.97899707222074,6,6,0.007042253521126761
AN19-rec-fe4ab5d9a5845c95ccba:phone:1,AN19-rec-fe4ab5d9a5845c95ccba,AN19.KOR.km8,Korean,Koreanic,page,p ey jh,0,p,1.4133348351063461e-11,33.795320678579934,6,6,0.006896551724137931
AN19-rec-fe4ab5d9a5845c95ccba:phone:3,AN19-rec-fe4ab5d9a5845c95ccba,AN19.KOR.km8,Korean,Koreanic,page,p ey jh,2,jh,9.477344312382672e-09,37.43939790311428,6,6,0.006896551724137931
AN19-rec-fe523c671481c7901877:phone:3,AN19-rec-fe523c671481c7901877,AN19.SPA.sm7,Spanish,Romance,peace,p iy s,2,s,8.646099285103767e-06,25.163698461793604,6,6,0.007352941176470588
AN19-rec-fe7bf0a64e0c78200bb9:phone:2,AN19-rec-fe7bf0a64e0c78200bb9,AN19.MIX.if6,Somali,Afro-Asiatic,chore,ch ao r,1,ao,2.1854262676097746e-18,65.54857517882402,6,6,0.007246376811594203
AN19-rec-fe9496fd9aa95d2594de:phone:2,AN19-rec-fe9496fd9aa95d2594de,AN19.KOR.kf2,Korean,Koreanic,wife,w ay f,1,ay,0.024247417518628207,18.07117324909782,6,6,0.0072992700729927005
AN19-rec-fe95889ad90be0458af2:phone:2,AN19-rec-fe95889ad90be0458af2,AN19.MIX.im6,Hindi,Indo-Aryan,kin,k ih n,1,ih,0.00010335566048517228,33.129641811378896,6,6,0.006711409395973154
AN19-rec-fe968747d1dac2e1309c:phone:1,AN19-rec-fe968747d1dac2e1309c,AN19.SPA.sm5,Spanish,Romance,gut,g ah t,0,g,0.019561848243103915,36.67907640779672,6,6,0.006896551724137931
AN19-rec-fe968747d1dac2e1309c:phone:3,AN19-rec-fe968747d1dac2e1309c,AN19.SPA.sm5,Spanish,Romance,gut,g ah t,2,t,1.1387167095612446e-31,76.86829778652437,6,6,0.006896551724137931
AN19-rec-fe9aadf91eac2dcbb38d:phone:1,AN19-rec-fe9aadf91eac2dcbb38d,AN19.SPA.sm3,Spanish,Romance,jack,jh ae k,0,jh,1.0245116795816251e-09,43.72937417647529,6,6,0.0072992700729927005
AN19-rec-fe9aadf91eac2dcbb38d:phone:3,AN19-rec-fe9aadf91eac2dcbb38d,AN19.SPA.sm3,Spanish,Romance,jack,jh ae k,2,k,5.02778531832849e-11,25.805886090438246,6,6,0.0072992700729927005
AN19-rec-fead67fd57cfbb2058e4:phone:2,AN19-rec-fead67fd57cfbb2058e4,AN19.KOR.kf6,Korean,Koreanic,wed,w eh d,1,eh,4.7727419230732755e-23,68.26408825882773,6,6,0.007042253521126761
AN19-rec-fec099352bb8408d42de:phone:1,AN19-rec-fec099352bb8408d42de,AN19.KOR.kf4,Korean,Koreanic,sane,s ey n,0,s,1.8047907774179143e-07,19.90923541309647,6,6,0.0070921985815602835
AN19-rec-fec099352bb8408d42de:phone:2,AN19-rec-fec099352bb8408d42de,AN19.KOR.kf4,Korean,Koreanic,sane,s ey n,1,ey,1.3681587776762817e-05,24.42096986414876,6,6,0.0070921985815602835
AN19-rec-fed2ac8a47c671d9210d:phone:1,AN19-rec-fed2ac8a47c671d9210d,AN19.KOR.km3,Korean,Koreanic,young,y ah ng,0,y,0.00017216747810384694,24.78655672053593,6,6,0.006666666666666667
AN19-rec-fed2ac8a47c671d9210d:phone:3,AN19-rec-fed2ac8a47c671d9210d,AN19.KOR.km3,Korean,Koreanic,young,y ah ng,2,ng,1.8044993814080452e-06,31.455706263295667,6,6,0.006666666666666667
AN19-rec-ff0b646aeae154310ed9:phone:3,AN19-rec-ff0b646aeae154310ed9,AN19.MIX.if2,Dutch,Germanic,mum,m ah m,2,m,3.681651859267324e-10,38.31426102176338,6,6,0.006944444444444444
AN19-rec-ff0bc1a65c2e5c04b7c7:phone:2,AN19-rec-ff0bc1a65c2e5c04b7c7,AN19.MIX.im3,Russian,Slavic,bead,b iy d,1,iy,1.6403049707916942e-09,27.000119544805926,6,6,0.006756756756756757
AN19-rec-ff0bc1a65c2e5c04b7c7:phone:3,AN19-rec-ff0bc1a65c2e5c04b7c7,AN19.MIX.im3,Russian,Slavic,bead,b iy d,2,d,1.8715160954126308e-05,24.50433726815368,6,6,0.006756756756756757
AN19-rec-ff0c2e1b3d44b51c43ad:phone:1,AN19-rec-ff0c2e1b3d44b51c43ad,AN19.MIX.im1,Romanian,Romance,soak,s ow k,0,s,0.0007120725949500047,12.86614162057412,6,6,0.006802721088435374
AN19-rec-ff0c2e1b3d44b51c43ad:phone:2,AN19-rec-ff0c2e1b3d44b51c43ad,AN19.MIX.im1,Romanian,Romance,soak,s ow k,1,ow,0.033447607045914554,22.03150815668548,6,6,0.006802721088435374
AN19-rec-ff3b81d462caeb269c0a:phone:3,AN19-rec-ff3b81d462caeb269c0a,AN19.SPA.sf1,Spanish,Romance,lame,l ey m,2,m,4.514304354308894e-06,25.32030633970542,6,6,0.006896551724137931
AN19-rec-ff454df7ec673ff278ab:phone:1,AN19-rec-ff454df7ec673ff278ab,AN19.SPA.sm7,Spanish,Romance,cheer,ch ih r,0,ch,0.00017211597762695807,15.870255629749076,6,6,0.007352941176470588
AN19-rec-ff454df7ec673ff278ab:phone:3,AN19-rec-ff454df7ec673ff278ab,AN19.SPA.sm7,Spanish,Romance,cheer,ch ih r,2,r,8.286104189472014e-07,22.671967360946255,6,6,0.007352941176470588
AN19-rec-ff52db025e841617bca4:phone:1,AN19-rec-ff52db025e841617bca4,AN19.KOR.km7,Korean,Koreanic,firm,f er m,0,f,0.0009767072762071978,33.609498414607025,6,6,0.006711409395973154
AN19-rec-ff5aec6db55cab2a70f7:phone:3,AN19-rec-ff5aec6db55cab2a70f7,AN19.KOR.kf2,Korean,Koreanic,hurl,hh er l,2,l,6.6336374696490256e-09,42.57119203830516,6,6,0.0072992700729927005
AN19-rec-ff734f5405e500bb2e39:phone:1,AN19-rec-ff734f5405e500bb2e39,AN19.SPA.sm2,Spanish,Romance,thick,th ih k,0,th,6.200479788678568e-08,49.12197124118732,6,6,0.007042253521126761
AN19-rec-ff734f5405e500bb2e39:phone:2,AN19-rec-ff734f5405e500bb2e39,AN19.SPA.sm2,Spanish,Romance,thick,th ih k,1,ih,3.524747754101284e-14,57.11293199831325,6,6,0.007042253521126761
AN19-rec-ff734f5405e500bb2e39:phone:3,AN19-rec-ff734f5405e500bb2e39,AN19.SPA.sm2,Spanish,Romance,thick,th ih k,2,k,2.923170483346845e-06,51.32368053846204,6,6,0.007042253521126761
AN19-rec-ff8070c897eca9d0d9f9:phone:3,AN19-rec-ff8070c897eca9d0d9f9,AN19.MIX.im1,Romanian,Romance,faith,f ey th,2,th,2.6171757205207116e-11,39.499431963781575,6,6,0.006802721088435374
AN19-rec-ff90b181b055bb145bd7:phone:3,AN19-rec-ff90b181b055bb145bd7,AN19.MIX.if5,Japanese,Japonic,thought,th ao t,2,t,8.7458499011424e-21,79.3218392921684,6,6,0.006711409395973154
AN19-rec-ffb78b450d98db59a947:phone:3,AN19-rec-ffb78b450d98db59a947,AN19.KOR.kf4,Korean,Koreanic,join,jh oy n,2,n,0.013943768652943988,32.42396134528746,6,6,0.0070921985815602835
AN19-rec-ffbf165b6dd0cf814e82:phone:1,AN19-rec-ffbf165b6dd0cf814e82,AN19.SPA.sm2,Spanish,Romance,soak,s ow k,0,s,0.020929476500333385,10.697438562810794,6,6,0.007042253521126761
AN19-rec-ffbf165b6dd0cf814e82:phone:2,AN19-rec-ffbf165b6dd0cf814e82,AN19.SPA.sm2,Spanish,Romance,soak,s ow k,1,ow,0.002065134132711773,24.335606982013967,6,6,0.007042253521126761
AN19-rec-ffd7e82a096ce17c8661:phone:3,AN19-rec-ffd7e82a096ce17c8661,AN19.SPA.sm3,Spanish,Romance,pup,p ah p,2,p,2.8546644338989178e-24,91.73342914056792,6,6,0.0072992700729927005
