recording_id,speaker_id,accent,intended_word_metadata,source_filename,external_filename,mapping_method,status,processed_transcript,predicted_transcript,ipa_tokens_json,n_ipa_tokens,empty_hypothesis,mean_token_max_posterior,emitted_token_posteriors_finite,emitted_token_posteriors_in_0_1,all_logits_finite,ipa_tokens_match_utf8_vocabulary,decoded_source_samples,source_sampling_rate,decoded_duration_seconds,recorded_decoded_length_matches_source_audit,model_input_samples_16khz,model_input_duration_seconds,resampled_length_matches_decoded_audio,wav_header_duration_seconds,audio_sha256,source_hash_matches,interpretation
AN19-rec-0a243f22f9cde94de798,AN19.ENG.ef2,ENG,five,ef2ew14 five.WAV,ef2ew14 five.WAV,exact_filename_case_insensitive,ok,,,[],0,True,,True,True,True,True,8704,22050,0.3947392290249433,True,6316,0.39475,True,0.3947392290249433,2b49b7f288fc91de0f7cad2678ad5dcc6f0a9719f1caf8eabd1b518cc6f9e0df,True,automatic unconstrained IPA hypothesis; not ground truth or automatic relabeling
AN19-rec-f0bd71104d655da6b376,AN19.ENG.ef2,ENG,job,ef2ew20 job.WAV,ef2ew20 job.WAV,exact_filename_case_insensitive,ok,,,[],0,True,,True,True,True,True,10368,22050,0.47020408163265304,True,7524,0.47025,True,0.47020408163265304,3d635f1b3baad93a73a25ca874bcb82432a0f566c87b68fe98c9b3e99b3373ae,True,automatic unconstrained IPA hypothesis; not ground truth or automatic relabeling
AN19-rec-652588f37690d975e458,AN19.ENG.ef2,ENG,thick,ef2ew54 thick.WAV,ef2ew54 thick.WAV,exact_filename_case_insensitive,ok,,,[],0,True,,True,True,True,True,6400,22050,0.29024943310657597,True,4644,0.29025,True,0.29024943310657597,544da62fcecfb7abfef2eb2191d9f7f03d26ca2ff33b7fccaea59c05592fc799,True,automatic unconstrained IPA hypothesis; not ground truth or automatic relabeling
AN19-rec-4166169b833280e74d11,AN19.ENG.ef2,ENG,path,ef2ew67 path.WAV,ef2ew67 path.WAV,exact_filename_case_insensitive,ok,,,[],0,True,,True,True,True,True,8352,22050,0.3787755102040816,True,6061,0.3788125,True,0.3787755102040816,daffde4a5479386485b0635a95be016459af5dea4631912d7125e8da27ef770c,True,automatic unconstrained IPA hypothesis; not ground truth or automatic relabeling
AN19-rec-0bca3f33b236437ddc13,AN19.ENG.ef2,ENG,chat,ef2hw06 chat.WAV,ef2hw06 chat.WAV,exact_filename_case_insensitive,ok,,,[],0,True,,True,True,True,True,8032,22050,0.36426303854875286,True,5829,0.3643125,True,0.36426303854875286,7c148acc0612fc10a15d3d353f08c1a810ce407276cbc0031676b7e47db40af3,True,automatic unconstrained IPA hypothesis; not ground truth or automatic relabeling
AN19-rec-ceb8e3ab158e67a8d9b8,AN19.ENG.ef2,ENG,hick,ef2hw37 hick.WAV,ef2hw37 hick.WAV,exact_filename_case_insensitive,ok,,,[],0,True,,True,True,True,True,7488,22050,0.3395918367346939,True,5434,0.339625,True,0.3395918367346939,4d40f138d9de59cb49e8913bf198e8b4a81fd94040f75446fff7775539fc9610,True,automatic unconstrained IPA hypothesis; not ground truth or automatic relabeling
AN19-rec-8a5241df9d7b46fce6b8,AN19.ENG.ef3,ENG,thought,ef3ew06 thought.WAV,ef3ew06 thought.WAV,exact_filename_case_insensitive,ok,,,[],0,True,,True,True,True,True,7968,22050,0.3613605442176871,True,5782,0.361375,True,0.3613605442176871,daf34723330167bb7a1ef3461f5ae1c14d071db8245e59fcb10aa62ae16f71bc,True,automatic unconstrained IPA hypothesis; not ground truth or automatic relabeling
AN19-rec-b347764304c1eb385609,AN19.ENG.ef3,ENG,put,ef3ew08 put.WAV,ef3ew08 put.WAV,exact_filename_case_insensitive,ok,,,[],0,True,,True,True,True,True,6496,22050,0.2946031746031746,True,4714,0.294625,True,0.2946031746031746,aac2c48ba3959aed77934694b40709a16e24a62784859fc06d6b42bdfb7d1247,True,automatic unconstrained IPA hypothesis; not ground truth or automatic relabeling
AN19-rec-6c7fb9785842e6d752ad,AN19.ENG.ef3,ENG,young,ef3ew10 young.WAV,ef3ew10 young.WAV,exact_filename_case_insensitive,ok,,,[],0,True,,True,True,True,True,9792,22050,0.4440816326530612,True,7106,0.444125,True,0.4440816326530612,e953eb62b5c122021f6309b49b2e2756f8d2c3ab1f82c1f3adaf209e01664fdd,True,automatic unconstrained IPA hypothesis; not ground truth or automatic relabeling
AN19-rec-57ac1ae6c2423ccd8ed6,AN19.ENG.ef3,ENG,thing,ef3ew11 thing.WAV,ef3ew11 thing.WAV,exact_filename_case_insensitive,ok,,,[],0,True,,True,True,True,True,7520,22050,0.34104308390022675,True,5457,0.3410625,True,0.34104308390022675,9b2467aff28672c73a40b3e23fac36d441f3ef76b11f068a2ecd54447f15bd3d,True,automatic unconstrained IPA hypothesis; not ground truth or automatic relabeling
AN19-rec-279c8b12cbf26caa6f59,AN19.ENG.ef3,ENG,death,ef3ew16 death.WAV,ef3ew16 death.WAV,exact_filename_case_insensitive,ok,,,[],0,True,,True,True,True,True,8128,22050,0.3686167800453515,True,5898,0.368625,True,0.3686167800453515,9cb4141092313b100491ce96116c7da3dbb219c4fb84c1e1cbfc320394300a82,True,automatic unconstrained IPA hypothesis; not ground truth or automatic relabeling
AN19-rec-6f73d19364d12aa9852d,AN19.ENG.ef3,ENG,full,ef3ew22 full.WAV,ef3ew22 full.WAV,exact_filename_case_insensitive,ok,,,[],0,True,,True,True,True,True,6656,22050,0.301859410430839,True,4830,0.301875,True,0.301859410430839,01920e6122cdee2daf5b29d2a59117f21099c7640086ca5e5f8b7cae4c880b00,True,automatic unconstrained IPA hypothesis; not ground truth or automatic relabeling
AN19-rec-3fe983a9623217c521ea,AN19.ENG.ef3,ENG,chief,ef3ew32 chief.WAV,ef3ew32 chief.WAV,exact_filename_case_insensitive,ok,,,[],0,True,,True,True,True,True,7712,22050,0.34975056689342404,True,5597,0.3498125,True,0.34975056689342404,4ad4851b664ffb2baad65b34f58cd7738741dd5850bd3d2a2b25bd5af6ae0c8e,True,automatic unconstrained IPA hypothesis; not ground truth or automatic relabeling
AN19-rec-cc9d9242f0a4272a91aa,AN19.ENG.ef3,ENG,faith,ef3ew33 faith.WAV,ef3ew33 faith.WAV,exact_filename_case_insensitive,ok,,,[],0,True,,True,True,True,True,7520,22050,0.34104308390022675,True,5457,0.3410625,True,0.34104308390022675,e5e16a7e856504213136ab1ddbb2f5e319780aec59ae416238bbe6f9290dfd6d,True,automatic unconstrained IPA hypothesis; not ground truth or automatic relabeling
AN19-rec-91c0b13ba9780d3420b2,AN19.ENG.ef3,ENG,check,ef3ew43 check.WAV,ef3ew43 check.WAV,exact_filename_case_insensitive,ok,,,[],0,True,,True,True,True,True,8448,22050,0.3831292517006803,True,6131,0.3831875,True,0.3831292517006803,0353f77455ae0e59a0230d11a1c3e6305f8741b1e7324f96797d211c95070556,True,automatic unconstrained IPA hypothesis; not ground truth or automatic relabeling
AN19-rec-336dd5db4b33b2594352,AN19.ENG.ef3,ENG,shape,ef3ew45 shape.WAV,ef3ew45 shape.WAV,exact_filename_case_insensitive,ok,,,[],0,True,,True,True,True,True,9568,22050,0.4339229024943311,True,6943,0.4339375,True,0.4339229024943311,afb99c1c4990ac6ccf3ba8bfd6c1c229355fad77256e8154852be6cbe7c2be7c,True,automatic unconstrained IPA hypothesis; not ground truth or automatic relabeling
AN19-rec-6ee349c7ad625499a3ac,AN19.ENG.ef3,ENG,thick,ef3ew54 thick.WAV,ef3ew54 thick.WAV,exact_filename_case_insensitive,ok,,,[],0,True,,True,True,True,True,6400,22050,0.29024943310657597,True,4644,0.29025,True,0.29024943310657597,d0ea27328ff7bd1eff80a599354fa807c2a8b6a14d4b58c9ab5b332db9e06b9f,True,automatic unconstrained IPA hypothesis; not ground truth or automatic relabeling
AN19-rec-6d479a7333925c91548f,AN19.ENG.ef3,ENG,bead,ef3hw02 bead.WAV,ef3hw02 bead.WAV,exact_filename_case_insensitive,ok,,,[],0,True,,True,True,True,True,7856,22050,0.35628117913832197,True,5701,0.3563125,True,0.35628117913832197,7f0b8753485267dad80c1a684d874cb6108f60b42de5bca3f45f849e9853d00a,True,automatic unconstrained IPA hypothesis; not ground truth or automatic relabeling
AN19-rec-7e55d12d8118e548f9d1,AN19.ENG.ef3,ENG,pup,ef3hw23 pup.WAV,ef3hw23 pup.WAV,exact_filename_case_insensitive,ok,,,[],0,True,,True,True,True,True,7008,22050,0.3178231292517007,True,5086,0.317875,True,0.3178231292517007,fafddf263ab34cf9be956e1e180663d694be8458b6a7a45818f90b690cfff54e,True,automatic unconstrained IPA hypothesis; not ground truth or automatic relabeling
AN19-rec-9baed181426984d86dfc,AN19.ENG.ef3,ENG,whore,ef3hw33 whore.WAV,ef3hw33 whore.WAV,exact_filename_case_insensitive,ok,,,[],0,True,,True,True,True,True,7808,22050,0.35410430839002266,True,5666,0.354125,True,0.35410430839002266,240e2ede87bb12f16e6606e1dcc36054a1782f7ee9715ca48fa6ec368deaa6ad,True,automatic unconstrained IPA hypothesis; not ground truth or automatic relabeling
AN19-rec-a3f71989bea2927ba80c,AN19.ENG.ef3,ENG,hick,ef3hw37 hick.WAV,ef3hw37 hick.WAV,exact_filename_case_insensitive,ok,,,[],0,True,,True,True,True,True,6624,22050,0.3004081632653061,True,4807,0.3004375,True,0.3004081632653061,edf7b8f6b8dd9f5f88baf3b3e3f441524e7f183d619efd168e795f9d12676fc4,True,automatic unconstrained IPA hypothesis; not ground truth or automatic relabeling
AN19-rec-689bcd4fe7b360221b99,AN19.ENG.ef3,ENG,rut,ef3hw38 rut.WAV,ef3hw38 rut.WAV,exact_filename_case_insensitive,ok,,,[],0,True,,True,True,True,True,9664,22050,0.4382766439909297,True,7013,0.4383125,True,0.4382766439909297,8ae85a8938784e0dca511d59dadcea601159d8bd798d1600abce1ce62cd5f745,True,automatic unconstrained IPA hypothesis; not ground truth or automatic relabeling
AN19-rec-0c75ab1f60b961753735,AN19.ENG.ef3,ENG,toot,ef3hw39 toot.WAV,ef3hw39 toot.WAV,exact_filename_case_insensitive,ok,,,[],0,True,,True,True,True,True,6208,22050,0.2815419501133787,True,4505,0.2815625,True,0.2815419501133787,47aca02d7de7eb78153a2dc7dda156612748fd995b827114f2a6a27c8015096d,True,automatic unconstrained IPA hypothesis; not ground truth or automatic relabeling
AN19-rec-e0b9f313dce42b0a7725,AN19.ENG.ef3,ENG,kit,ef3hw50 kit.WAV,ef3hw50 kit.WAV,exact_filename_case_insensitive,ok,,,[],0,True,,True,True,True,True,6496,22050,0.2946031746031746,True,4714,0.294625,True,0.2946031746031746,15233ef137da8911c9c3587023cb0abed8cda8f955ee4506585a744a2eb9f8ff,True,automatic unconstrained IPA hypothesis; not ground truth or automatic relabeling
AN19-rec-b13dfddf58d594780c44,AN19.ENG.ef3,ENG,gut,ef3hw53 gut.WAV,ef3hw53 gut.WAV,exact_filename_case_insensitive,ok,,,[],0,True,,True,True,True,True,6464,22050,0.29315192743764173,True,4691,0.2931875,True,0.29315192743764173,7a6c0170384b135ad5e77a7c02d1837eec419f810eef514fd923f305e59f2b0d,True,automatic unconstrained IPA hypothesis; not ground truth or automatic relabeling
AN19-rec-464c6646fef70a7d7ac1,AN19.ENG.ef3,ENG,hurl,ef3hw57 hurl.WAV,ef3hw57 hurl.WAV,exact_filename_case_insensitive,ok,,,[],0,True,,True,True,True,True,8000,22050,0.36281179138321995,True,5805,0.3628125,True,0.36281179138321995,54bd5a7ffb6346be8603acd11e710f959c368a0fcc21dd32c682e31f10197313,True,automatic unconstrained IPA hypothesis; not ground truth or automatic relabeling
AN19-rec-9cafd6930aad2f7301f9,AN19.ENG.ef3,ENG,beak,ef3hw72 beak.WAV,ef3hw72 beak.WAV,exact_filename_case_insensitive,ok,,,[],0,True,,True,True,True,True,5984,22050,0.27138321995464854,True,4343,0.2714375,True,0.27138321995464854,be43bb3d8697552a2caacd383e787e0246f9d2cbbe4b19021305a868b8ead70f,True,automatic unconstrained IPA hypothesis; not ground truth or automatic relabeling
AN19-rec-019e8787df74ad3e5a1f,AN19.ENG.em1,ENG,thought,em1ew06 thought.WAV,em1ew06 thought.WAV,exact_filename_case_insensitive,ok,,,[],0,True,,True,True,True,True,6336,22050,0.2873469387755102,True,4598,0.287375,True,0.2873469387755102,e7f5ec1d3cdd0e8f328429caa5bca7d74db0cb7db78b60f12d6362a57ec79494,True,automatic unconstrained IPA hypothesis; not ground truth or automatic relabeling
AN19-rec-82a51df31b7e67ef63e1,AN19.ENG.em1,ENG,put,em1ew08 put.WAV,em1ew08 put.WAV,exact_filename_case_insensitive,ok,,,[],0,True,,True,True,True,True,5664,22050,0.2568707482993197,True,4110,0.256875,True,0.2568707482993197,a3b6f9743d624615bbf8eadd736973b5bcc9f4a93317008f97e43dc91afa5451,True,automatic unconstrained IPA hypothesis; not ground truth or automatic relabeling
AN19-rec-6b61ad8dc11382308df3,AN19.ENG.em1,ENG,dirt,em1ew68 dirt.WAV,em1ew68 dirt.WAV,exact_filename_case_insensitive,ok,,,[],0,True,,True,True,True,True,8192,22050,0.37151927437641724,True,5945,0.3715625,True,0.37151927437641724,2819ee0087b0cfd56e216b6390233d03c282f4d5add84399368a74cba3ba1c48,True,automatic unconstrained IPA hypothesis; not ground truth or automatic relabeling
AN19-rec-8bb25933080b91cbbc85,AN19.ENG.em1,ENG,chat,em1hw06 chat.WAV,em1hw06 chat.WAV,exact_filename_case_insensitive,ok,,,[],0,True,,True,True,True,True,8256,22050,0.374421768707483,True,5991,0.3744375,True,0.374421768707483,686bf20dace65d4ccb70e647105234095252974c7229e420ca2bad30984ac126,True,automatic unconstrained IPA hypothesis; not ground truth or automatic relabeling
AN19-rec-556e065a0f96d90c6583,AN19.ENG.em1,ENG,pat,em1hw21 pat.WAV,em1hw21 pat.WAV,exact_filename_case_insensitive,ok,,,[],0,True,,True,True,True,True,7616,22050,0.3453968253968254,True,5527,0.3454375,True,0.3453968253968254,49bba43d8ec7707bfe243ec089d436df3780901122b1afd7fb5daccf26583e22,True,automatic unconstrained IPA hypothesis; not ground truth or automatic relabeling
AN19-rec-729fc18cf7398339ed49,AN19.ENG.em1,ENG,pet,em1hw22 pet.WAV,em1hw22 pet.WAV,exact_filename_case_insensitive,ok,,,[],0,True,,True,True,True,True,6336,22050,0.2873469387755102,True,4598,0.287375,True,0.2873469387755102,6110de11c4c02ef7c528139b929cdeb3229e593e19344df5b92dc04bbeab8dae,True,automatic unconstrained IPA hypothesis; not ground truth or automatic relabeling
AN19-rec-a3fcbc4fa58327e899d2,AN19.ENG.em1,ENG,pup,em1hw23 pup.WAV,em1hw23 pup.WAV,exact_filename_case_insensitive,ok,,,[],0,True,,True,True,True,True,5120,22050,0.23219954648526078,True,3716,0.23225,True,0.23219954648526078,1ab2c5dae021529ea3f1de5508ac011add62239d21b73ee200e5cb12c8c871f8,True,automatic unconstrained IPA hypothesis; not ground truth or automatic relabeling
AN19-rec-2abaaa11670277ffe517,AN19.ENG.em1,ENG,rat,em1hw24 rat.WAV,em1hw24 rat.WAV,exact_filename_case_insensitive,ok,,,[],0,True,,True,True,True,True,7136,22050,0.3236281179138322,True,5179,0.3236875,True,0.3236281179138322,db81aea489b19d522ccddc0e5866acb4aa3f4436b2e690d12380ca0d77f80065,True,automatic unconstrained IPA hypothesis; not ground truth or automatic relabeling
AN19-rec-c89654c3d32092d2d270,AN19.ENG.em1,ENG,rut,em1hw38 rut.WAV,em1hw38 rut.WAV,exact_filename_case_insensitive,ok,,,[],0,True,,True,True,True,True,5440,22050,0.24671201814058957,True,3948,0.24675,True,0.24671201814058957,2d569b3147680f875c7b00cff212847e5ee357a7ea84944c12cf8bfe64efca7a,True,automatic unconstrained IPA hypothesis; not ground truth or automatic relabeling
AN19-rec-f5bf467634c5e40f0e67,AN19.ENG.em1,ENG,bud,em1hw41 bud.WAV,em1hw41 bud.WAV,exact_filename_case_insensitive,ok,,,[],0,True,,True,True,True,True,6272,22050,0.28444444444444444,True,4552,0.2845,True,0.28444444444444444,999a0ba2d9baa878efe209f8657a831009a9fb75eab097649844e7f3d71d5dcb,True,automatic unconstrained IPA hypothesis; not ground truth or automatic relabeling
AN19-rec-012e7455d7487b150d3a,AN19.ENG.em1,ENG,kit,em1hw50 kit.WAV,em1hw50 kit.WAV,exact_filename_case_insensitive,ok,,,[],0,True,,True,True,True,True,5696,22050,0.2583219954648526,True,4134,0.258375,True,0.2583219954648526,0a1d53921ff1fcce6a88afd8df488ba0e29bcc8d308f8cc7eb86022f7dad05c3,True,automatic unconstrained IPA hypothesis; not ground truth or automatic relabeling
AN19-rec-8dae3297c07fe9492c17,AN19.ENG.em1,ENG,gut,em1hw53 gut.WAV,em1hw53 gut.WAV,exact_filename_case_insensitive,ok,,,[],0,True,,True,True,True,True,5184,22050,0.23510204081632652,True,3762,0.235125,True,0.23510204081632652,5fe28fa1375800587c32bd0b8e137540778b1611ef5b797591139c7b802f8a99,True,automatic unconstrained IPA hypothesis; not ground truth or automatic relabeling
AN19-rec-9d7dc78ba5ec8d28baf9,AN19.ENG.em1,ENG,weed,em1hw75 weed.WAV,em1hw75 weed.WAV,exact_filename_case_insensitive,ok,,,[],0,True,,True,True,True,True,8640,22050,0.39183673469387753,True,6270,0.391875,True,0.39183673469387753,37833e1cf90c81693e11f6cdfdc5300634d8073be29cb74d19a26ffb161ffdc8,True,automatic unconstrained IPA hypothesis; not ground truth or automatic relabeling
AN19-rec-1ae57bb186e2ca9c68f3,AN19.ENG.em2,ENG,death,em2ew16 death.WAV,em2ew16 death.WAV,exact_filename_case_insensitive,ok,,,[],0,True,,True,True,True,True,9088,22050,0.4121541950113379,True,6595,0.4121875,True,0.4121541950113379,8e705a17600a2517ec1e63c6c8131b276594ac458b7c27849d6f752c336f899f,True,automatic unconstrained IPA hypothesis; not ground truth or automatic relabeling
AN19-rec-7448d9bb6380e341e2ea,AN19.ENG.em2,ENG,deep,em2ew35 deep.WAV,em2ew35 deep.WAV,exact_filename_case_insensitive,ok,,,[],0,True,,True,True,True,True,6976,22050,0.3163718820861678,True,5062,0.316375,True,0.3163718820861678,0354412caf0ff9485976a8fcf48c1a0afff3279fec50c9bd31abc3bb46a59651,True,automatic unconstrained IPA hypothesis; not ground truth or automatic relabeling
AN19-rec-06268e2c2bc1d0155ecc,AN19.ENG.em2,ENG,dirt,em2ew68 dirt.WAV,em2ew68 dirt.WAV,exact_filename_case_insensitive,ok,,,[],0,True,,True,True,True,True,7584,22050,0.3439455782312925,True,5504,0.344,True,0.3439455782312925,cfc577ef66be4fe7ad00c59d1d85a8531652024b64f10a2e4aca91b829fbed44,True,automatic unconstrained IPA hypothesis; not ground truth or automatic relabeling
AN19-rec-809c908a09416b93f6c6,AN19.ENG.em2,ENG,pet,em2hw22 pet.WAV,em2hw22 pet.WAV,exact_filename_case_insensitive,ok,,,[],0,True,,True,True,True,True,7744,22050,0.3512018140589569,True,5620,0.35125,True,0.3512018140589569,4934db03e8ec9017570a80c5163771fc022d26ee5addfa3328c6bada827434a7,True,automatic unconstrained IPA hypothesis; not ground truth or automatic relabeling
AN19-rec-ae25977623ca095f4650,AN19.ENG.em2,ENG,wick,em2hw56 wick.WAV,em2hw56 wick.WAV,exact_filename_case_insensitive,ok,,,[],0,True,,True,True,True,True,7296,22050,0.3308843537414966,True,5295,0.3309375,True,0.3308843537414966,282d30c867ca1c56be5c0b033f8c1bc4f110ecd66ad700b638442f0188baa849,True,automatic unconstrained IPA hypothesis; not ground truth or automatic relabeling
AN19-rec-4143854c668271ba3d22,AN19.ENG.em2,ENG,teat,em2hw59 teat.WAV,em2hw59 teat.WAV,exact_filename_case_insensitive,ok,,,[],0,True,,True,True,True,True,9056,22050,0.41070294784580497,True,6572,0.41075,True,0.41070294784580497,d09c5d994693751522eb37ca9d1a9e436bfda47af37c4eb5e5a6d5a94dd0658c,True,automatic unconstrained IPA hypothesis; not ground truth or automatic relabeling
AN19-rec-b1c7466725e95efe7a19,AN19.ENG.em3,ENG,both,em3ew05 both.WAV,em3ew05 both.WAV,exact_filename_case_insensitive,ok,,,[],0,True,,True,True,True,True,6304,22050,0.2858956916099773,True,4575,0.2859375,True,0.2858956916099773,36877baa9ce0b0ee3be5a202a3bd16e77871219c9a5844b024ae8939969b988a,True,automatic unconstrained IPA hypothesis; not ground truth or automatic relabeling
AN19-rec-bebb124fe6f7639ce570,AN19.ENG.em3,ENG,thought,em3ew06 thought.WAV,em3ew06 thought.WAV,exact_filename_case_insensitive,ok,,,[],0,True,,True,True,True,True,6720,22050,0.3047619047619048,True,4877,0.3048125,True,0.3047619047619048,f9ff8c7d0fd50fee54ba238fedad63f749f0c868c57593d0fbfe25273f68b076,True,automatic unconstrained IPA hypothesis; not ground truth or automatic relabeling
AN19-rec-a417cc89e2251c46e983,AN19.ENG.em3,ENG,put,em3ew08 put.wav,em3ew08 put.wav,exact_filename_case_insensitive,ok,,,[],0,True,,True,True,True,True,3725,22050,0.1689342403628118,True,2703,0.1689375,True,0.1689342403628118,448788f203a2cf8756eb26b2c01d56c1eb4e53aa2ae4ba8c058d0aed5670f456,True,automatic unconstrained IPA hypothesis; not ground truth or automatic relabeling
AN19-rec-0b9ecf3a16ab928c3223,AN19.ENG.em3,ENG,pool,em3ew34 pool.WAV,em3ew34 pool.WAV,exact_filename_case_insensitive,ok,,,[],0,True,,True,True,True,True,7181,22050,0.3256689342403628,True,5211,0.3256875,True,0.3256689342403628,788b0fd0b22b2ba4a46df611f4e3d48766da4a036b6f7b29b309d488764fc5bd,True,automatic unconstrained IPA hypothesis; not ground truth or automatic relabeling
AN19-rec-7cc91ff09265b06e14d2,AN19.ENG.em3,ENG,path,em3ew67 path.WAV,em3ew67 path.WAV,exact_filename_case_insensitive,ok,,,[],0,True,,True,True,True,True,6073,22050,0.2754195011337868,True,4407,0.2754375,True,0.2754195011337868,4f0e62d4ad7f8ef7743e1468e5c46b892dcaad48a5a523d5022958d7e4b8f5e3,True,automatic unconstrained IPA hypothesis; not ground truth or automatic relabeling
AN19-rec-67dc17185998ea5d8782,AN19.ENG.em3,ENG,pat,em3hw21 pat.WAV,em3hw21 pat.WAV,exact_filename_case_insensitive,ok,,,[],0,True,,True,True,True,True,5248,22050,0.23800453514739228,True,3809,0.2380625,True,0.23800453514739228,cdd85511ab6c4f51e4d9f188587b9b3dfbbd25f1c4e62265311b30d2b2f6591b,True,automatic unconstrained IPA hypothesis; not ground truth or automatic relabeling
AN19-rec-b41333d5f98ad583d5ec,AN19.ENG.em3,ENG,pet,em3hw22 pet.WAV,em3hw22 pet.WAV,exact_filename_case_insensitive,ok,,,[],0,True,,True,True,True,True,5559,22050,0.252108843537415,True,4034,0.252125,True,0.252108843537415,f3c9651cbb55aa1870e8fc1eaa700cb495d64677fcc5d3725ac56cd2d35ae008,True,automatic unconstrained IPA hypothesis; not ground truth or automatic relabeling
AN19-rec-1d7fecc5928189b8f454,AN19.ENG.em3,ENG,pup,em3hw23 pup.WAV,em3hw23 pup.WAV,exact_filename_case_insensitive,ok,,,[],0,True,,True,True,True,True,6656,22050,0.301859410430839,True,4830,0.301875,True,0.301859410430839,64f5c63d87cc03cf035ff07b5a1afb76c99efb5e94a6b8af16919090da314489,True,automatic unconstrained IPA hypothesis; not ground truth or automatic relabeling
AN19-rec-c59389a2f77eac2f3366,AN19.ENG.em3,ENG,hick,em3hw37 hick.WAV,em3hw37 hick.WAV,exact_filename_case_insensitive,ok,,,[],0,True,,True,True,True,True,6400,22050,0.29024943310657597,True,4644,0.29025,True,0.29024943310657597,61e42526bc203f7ac27ac0e7f1dd073179bbdddb3cb7dd9431bd51517924b57c,True,automatic unconstrained IPA hypothesis; not ground truth or automatic relabeling
AN19-rec-4f22463cc0de7eb39f09,AN19.ENG.em3,ENG,pad,em3hw45 pad.WAV,em3hw45 pad.WAV,exact_filename_case_insensitive,ok,,,[],0,True,,True,True,True,True,8640,22050,0.39183673469387753,True,6270,0.391875,True,0.39183673469387753,236fa75cca173ef6669d3d21f3256b268af65d936b7dcb1d055e1400630b7f95,True,automatic unconstrained IPA hypothesis; not ground truth or automatic relabeling
AN19-rec-4367cb79797cef0be351,AN19.ENG.em3,ENG,hack,em3hw48 hack.WAV,em3hw48 hack.WAV,exact_filename_case_insensitive,ok,,,[],0,True,,True,True,True,True,8032,22050,0.36426303854875286,True,5829,0.3643125,True,0.36426303854875286,baa36456e63166e00a90f5d35a9d39ec22fe6970f0202e4c623970e30c88a33f,True,automatic unconstrained IPA hypothesis; not ground truth or automatic relabeling
AN19-rec-0a467390e1caed8d371e,AN19.ENG.em3,ENG,kit,em3hw50 kit.WAV,em3hw50 kit.WAV,exact_filename_case_insensitive,ok,,,[],0,True,,True,True,True,True,6112,22050,0.27718820861678006,True,4436,0.27725,True,0.27718820861678006,da49b32f2a9998815f30b39e9c1cfacf20455ffb6bb47b5cbbd979e374331a0a,True,automatic unconstrained IPA hypothesis; not ground truth or automatic relabeling
AN19-rec-b157908fae4c1bfc7c25,AN19.ENG.em3,ENG,gut,em3hw53 gut.WAV,em3hw53 gut.WAV,exact_filename_case_insensitive,ok,,,[],0,True,,True,True,True,True,5440,22050,0.24671201814058957,True,3948,0.24675,True,0.24671201814058957,7a83652785de326890679dd28f957975a622cf817f9663f36fdafc698d7521b3,True,automatic unconstrained IPA hypothesis; not ground truth or automatic relabeling
AN19-rec-9b96ad6858a548f86a03,AN19.ENG.em3,ENG,wick,em3hw56 wick.WAV,em3hw56 wick.WAV,exact_filename_case_insensitive,ok,,,[],0,True,,True,True,True,True,6144,22050,0.2786394557823129,True,4459,0.2786875,True,0.2786394557823129,3c861156ddf2a1648c148d9f54b9cfbfa12fe376cdd8313bfcd224e7c3ed6333,True,automatic unconstrained IPA hypothesis; not ground truth or automatic relabeling
AN19-rec-1ee9cc27d3263ee3ac16,AN19.ENG.em3,ENG,hurl,em3hw57 hurl.WAV,em3hw57 hurl.WAV,exact_filename_case_insensitive,ok,,,[],0,True,,True,True,True,True,9088,22050,0.4121541950113379,True,6595,0.4121875,True,0.4121541950113379,7b4a8b8c1cc2ff9864efe3b08b046351d2750e80fb8e2fd342ea14ef2d28a198,True,automatic unconstrained IPA hypothesis; not ground truth or automatic relabeling
AN19-rec-990bed26edd4fdb145ca,AN19.ENG.em3,ENG,teat,em3hw59 teat.WAV,em3hw59 teat.WAV,exact_filename_case_insensitive,ok,,,[],0,True,,True,True,True,True,5920,22050,0.26848072562358277,True,4296,0.2685,True,0.26848072562358277,8145d2daf8f581804b58c0dca178ff0e5fe2ec031c586b23f5b0002a4bef7fbc,True,automatic unconstrained IPA hypothesis; not ground truth or automatic relabeling
AN19-rec-5cade90bd4eb557782c0,AN19.ENG.em3,ENG,beak,em3hw72 beak.WAV,em3hw72 beak.WAV,exact_filename_case_insensitive,ok,,,[],0,True,,True,True,True,True,5312,22050,0.24090702947845805,True,3855,0.2409375,True,0.24090702947845805,5d8431aed296508d4ff74f9828713c6e04111ba744888dd92021b33bbe7713cf,True,automatic unconstrained IPA hypothesis; not ground truth or automatic relabeling
AN19-rec-c44f2c5c9511f0a15378,AN19.KOR.kf1,KOR,job,kf1ew20 job.wav,kf1ew20 job.wav,exact_filename_case_insensitive,ok,,,[],0,True,,True,True,True,True,7315,22050,0.33174603174603173,True,5308,0.33175,True,0.33174603174603173,82f6e0788373e67bb879b3388b9132e20a6449212be15b42bf6f5199d96f7884,True,automatic unconstrained IPA hypothesis; not ground truth or automatic relabeling
AN19-rec-c9ca8e39a9ec9f805b7a,AN19.KOR.kf1,KOR,ship,kf1ew47 ship.wav,kf1ew47 ship.wav,exact_filename_case_insensitive,ok,,,[],0,True,,True,True,True,True,6688,22050,0.3033106575963719,True,4853,0.3033125,True,0.3033106575963719,21f5a4cf403f6258212f79785715aa1a1bef4da22a4b2e33a9d7c08114fc9201,True,automatic unconstrained IPA hypothesis; not ground truth or automatic relabeling
AN19-rec-852160a3f031053792b7,AN19.KOR.kf1,KOR,shop,kf1ew58 shop.wav,kf1ew58 shop.wav,exact_filename_case_insensitive,ok,,,[],0,True,,True,True,True,True,7733,22050,0.35070294784580497,True,5612,0.35075,True,0.35070294784580497,c4cb478d5913d065390faf4e968b22cf788f4604857570472c64e6880ab5d6da,True,automatic unconstrained IPA hypothesis; not ground truth or automatic relabeling
AN19-rec-b18e83404a2e3e86ccb7,AN19.KOR.kf1,KOR,knob,kf1hw15 knob.wav,kf1hw15 knob.wav,exact_filename_case_insensitive,ok,,,[],0,True,,True,True,True,True,5782,22050,0.26222222222222225,True,4196,0.26225,True,0.26222222222222225,540c2df2f1edc9692569ca3f82e99d73f3bf69e8dd0b696039d5981074ab4a5e,True,automatic unconstrained IPA hypothesis; not ground truth or automatic relabeling
AN19-rec-e903f516ea77754007a1,AN19.KOR.kf1,KOR,pet,kf1hw22 pet.wav,kf1hw22 pet.wav,exact_filename_case_insensitive,ok,,,[],0,True,,True,True,True,True,10080,22050,0.45714285714285713,True,7315,0.4571875,True,0.45714285714285713,72cb3f16ae6af4f1afad86265e06438d4b76981230b6f08ddeeb98d7145f2507,True,automatic unconstrained IPA hypothesis; not ground truth or automatic relabeling
AN19-rec-d278e834ef9ea0f30510,AN19.KOR.kf1,KOR,teat,kf1hw59 teat.wav,kf1hw59 teat.wav,exact_filename_case_insensitive,ok,,,[],0,True,,True,True,True,True,10397,22050,0.4715192743764172,True,7545,0.4715625,True,0.4715192743764172,2ddda7f96e710a5124a23c4b4e3f584e051a9f4616b5089c03f5f4e785876e29,True,automatic unconstrained IPA hypothesis; not ground truth or automatic relabeling
AN19-rec-6a8d7eb7215d82cb81bc,AN19.KOR.kf1,KOR,hum,kf1hw70 hum.wav,kf1hw70 hum.wav,exact_filename_case_insensitive,ok,,,[],0,True,,True,True,True,True,9792,22050,0.4440816326530612,True,7106,0.444125,True,0.4440816326530612,9c21063a168602df299a5dd09b14bcffb693a0e4acefc586e606ca00105c81c2,True,automatic unconstrained IPA hypothesis; not ground truth or automatic relabeling
AN19-rec-e0ef565bc4e43f9ec4f0,AN19.KOR.kf2,KOR,shall,Kf2ew17 shall.wav,Kf2ew17 shall.wav,exact_filename_case_insensitive,ok,,,[],0,True,,True,True,True,True,9663,22050,0.4382312925170068,True,7012,0.43825,True,0.4382312925170068,9ed73d4263f1fd57b00f51db41146456cf6531038ba36ec5b771b8f044ce226c,True,automatic unconstrained IPA hypothesis; not ground truth or automatic relabeling
AN19-rec-7076c8580ce1097e9477,AN19.KOR.kf2,KOR,job,Kf2ew20 job.wav,Kf2ew20 job.wav,exact_filename_case_insensitive,ok,,,[],0,True,,True,True,True,True,7146,22050,0.3240816326530612,True,5186,0.324125,True,0.3240816326530612,f2beca455cd05a9eb29a7c07a385ab9f19be81e8e433b2912a2525e4eef14dba,True,automatic unconstrained IPA hypothesis; not ground truth or automatic relabeling
AN19-rec-e5ec55f83fd517a6d1b1,AN19.KOR.kf2,KOR,dog,kf2ew51 dog.wav,kf2ew51 dog.wav,exact_filename_case_insensitive,ok,,,[],0,True,,True,True,True,True,9053,22050,0.4105668934240363,True,6570,0.410625,True,0.4105668934240363,b8eb7954a4a56d3e5859c31b01ab4f012118e5c5f29aa63bcb2b1f67cd0354c4,True,automatic unconstrained IPA hypothesis; not ground truth or automatic relabeling
AN19-rec-bc59f64a23bb6b962d4e,AN19.KOR.kf2,KOR,shop,kf2ew58 shop.wav,kf2ew58 shop.wav,exact_filename_case_insensitive,ok,,,[],0,True,,True,True,True,True,8031,22050,0.36421768707482993,True,5828,0.36425,True,0.36421768707482993,73c66b134822aa6a4613316cf0750c202632f20ec9fe6c6c0d74fffbbddbd527,True,automatic unconstrained IPA hypothesis; not ground truth or automatic relabeling
AN19-rec-edac53a2cbafbe36c0a9,AN19.KOR.kf2,KOR,knob,kf2hw15 knob.wav,kf2hw15 knob.wav,exact_filename_case_insensitive,ok,,,[],0,True,,True,True,True,True,8268,22050,0.3749659863945578,True,6000,0.375,True,0.3749659863945578,8d8d87edb1b678fa6439a8be1d7c754c0cecc2e226fbd0d9bb8d6d798b5b6c13,True,automatic unconstrained IPA hypothesis; not ground truth or automatic relabeling
AN19-rec-c01705e3c8783c282e22,AN19.KOR.kf2,KOR,hick,Kf2hw37 hick.wav,Kf2hw37 hick.wav,exact_filename_case_insensitive,ok,,,[],0,True,,True,True,True,True,7546,22050,0.3422222222222222,True,5476,0.34225,True,0.3422222222222222,841c545213256b30f720824314a096a3e2361cd3477aae53c39b70c989207860,True,automatic unconstrained IPA hypothesis; not ground truth or automatic relabeling
AN19-rec-bc645df15e212e2a490d,AN19.KOR.kf2,KOR,wad,Kf2hw40 wad.wav,Kf2hw40 wad.wav,exact_filename_case_insensitive,ok,,,[],0,True,,True,True,True,True,7022,22050,0.3184580498866213,True,5096,0.3185,True,0.3184580498866213,94952656b622e83556f5f9b9c7ac461faacc85c6d63cdac63a2ffae0e64ad942,True,automatic unconstrained IPA hypothesis; not ground truth or automatic relabeling
AN19-rec-6f43f4f02c022ddd7617,AN19.KOR.kf2,KOR,hid,Kf2hw61 hid.wav,Kf2hw61 hid.wav,exact_filename_case_insensitive,ok,,,[],0,True,,True,True,True,True,9199,22050,0.41718820861678,True,6676,0.41725,True,0.41718820861678,f9d59988ba242c24cdf942b0f6cdcb81507376bb80d5a738114683247736d281,True,automatic unconstrained IPA hypothesis; not ground truth or automatic relabeling
AN19-rec-de09dba4e339b6655dc2,AN19.KOR.kf3,KOR,pup,kf3hw23 pup.wav,kf3hw23 pup.wav,exact_filename_case_insensitive,ok,,,[],0,True,,True,True,True,True,5504,22050,0.24961451247165534,True,3994,0.249625,True,0.24961451247165534,bf1d6ad912de6e0a0f9b875e39913a78694802f4aa54829a4f4fea9db6aeb03d,True,automatic unconstrained IPA hypothesis; not ground truth or automatic relabeling
AN19-rec-b86fcb8f4e80fcf3acde,AN19.KOR.kf3,KOR,wed,kf3hw31 wed.wav,kf3hw31 wed.wav,exact_filename_case_insensitive,ok,,,[],0,True,,True,True,True,True,12256,22050,0.5558276643990929,True,8894,0.555875,True,0.5558276643990929,f2e2b7e5d759bc5fbe60577958eeab1a68ecdd4ba7bc4aec50d92c10f30fc849,True,automatic unconstrained IPA hypothesis; not ground truth or automatic relabeling
AN19-rec-d74c7fcddbb74b71b989,AN19.KOR.kf3,KOR,wick,kf3hw56 wick.wav,kf3hw56 wick.wav,exact_filename_case_insensitive,ok,,,[],0,True,,True,True,True,True,8182,22050,0.3710657596371882,True,5938,0.371125,True,0.3710657596371882,8cb008ac41a603bcb71a1e8a09872b9713ab8a807725bb7e459dbc156792ea5a,True,automatic unconstrained IPA hypothesis; not ground truth or automatic relabeling
AN19-rec-b9eb08ea66dcacbcdeac,AN19.KOR.kf4,KOR,chief,kf4ew32 chief.wav,kf4ew32 chief.wav,exact_filename_case_insensitive,ok,,,[],0,True,,True,True,True,True,12896,22050,0.5848526077097506,True,9358,0.584875,True,0.5848526077097506,d77614de999d4161913bb76fd14216fa07d9f6736d9fda5db4127e60c1b38bc9,True,automatic unconstrained IPA hypothesis; not ground truth or automatic relabeling
AN19-rec-b0a42463982a44bb76a1,AN19.KOR.kf4,KOR,pool,kf4ew34 pool.wav,kf4ew34 pool.wav,exact_filename_case_insensitive,ok,,,[],0,True,,True,True,True,True,7993,22050,0.3624943310657596,True,5800,0.3625,True,0.3624943310657596,a22342fefafa7c790c8f708e2303828408e6878431d38e9f0d0c8f80d8c174ef,True,automatic unconstrained IPA hypothesis; not ground truth or automatic relabeling
AN19-rec-f5f5db211fb949721d3f,AN19.KOR.kf4,KOR,deep,kf4ew35 deep.wav,kf4ew35 deep.wav,exact_filename_case_insensitive,ok,,,[],0,True,,True,True,True,True,8448,22050,0.3831292517006803,True,6131,0.3831875,True,0.3831292517006803,65e00034de9f7ceecdd30757dc1553bda5f2781bffca58d79c994da7399f1887,True,automatic unconstrained IPA hypothesis; not ground truth or automatic relabeling
AN19-rec-32756f55f1ac5d93febf,AN19.KOR.kf4,KOR,check,kf4ew43 check.wav,kf4ew43 check.wav,exact_filename_case_insensitive,ok,,,[],0,True,,True,True,True,True,7501,22050,0.3401814058956916,True,5443,0.3401875,True,0.3401814058956916,2389ae1f3ab896fd734e71b6bf218359da31d74f5bb629c71d38eee2b9e848da,True,automatic unconstrained IPA hypothesis; not ground truth or automatic relabeling
AN19-rec-a30618fb65313214017f,AN19.KOR.kf4,KOR,lad,kf4hw16 lad.wav,kf4hw16 lad.wav,exact_filename_case_insensitive,ok,,,[],0,True,,True,True,True,True,10784,22050,0.4890702947845805,True,7826,0.489125,True,0.4890702947845805,f78cf283efb0b509587de19ce12c88308059f789b5dd49fb5daf8853d015918e,True,automatic unconstrained IPA hypothesis; not ground truth or automatic relabeling
AN19-rec-cdc4ed01ce481f85d099,AN19.KOR.kf4,KOR,pat,kf4hw21 pat.wav,kf4hw21 pat.wav,exact_filename_case_insensitive,ok,,,[],0,True,,True,True,True,True,7360,22050,0.33378684807256237,True,5341,0.3338125,True,0.33378684807256237,e3c1d5aec5c4f442e2322801789d991207e0e7c0b12f2a31cb401933a3edc676,True,automatic unconstrained IPA hypothesis; not ground truth or automatic relabeling
AN19-rec-d4f978ed458bde4bb7da,AN19.KOR.kf4,KOR,weed,kf4hw75 weed.wav,kf4hw75 weed.wav,exact_filename_case_insensitive,ok,,,[],0,True,,True,True,True,True,10099,22050,0.4580045351473923,True,7329,0.4580625,True,0.4580045351473923,75e8aba5ef3767ac50461043ff950bd2a209838f4909a9b9032c8ebdc260cb90,True,automatic unconstrained IPA hypothesis; not ground truth or automatic relabeling
AN19-rec-8c0d73b646f3bb59d722,AN19.KOR.kf5,KOR,put,kf5ew08 put.wav,kf5ew08 put.wav,exact_filename_case_insensitive,ok,,,[],0,True,,True,True,True,True,7368,22050,0.33414965986394557,True,5347,0.3341875,True,0.33414965986394557,88e06cfa43077f461267a4e93021ed0c392af16b62e4fd38cc5d98f45aa03c4f,True,automatic unconstrained IPA hypothesis; not ground truth or automatic relabeling
AN19-rec-af8d1ff1730f32ddef21,AN19.KOR.kf5,KOR,thing,kf5ew11 thing.wav,kf5ew11 thing.wav,exact_filename_case_insensitive,ok,,,[],0,True,,True,True,True,True,9254,22050,0.41968253968253966,True,6715,0.4196875,True,0.41968253968253966,3a84025ed774a4dac158d7085ee5cd9548ab5458d30a438a3eae436526fea4ff,True,automatic unconstrained IPA hypothesis; not ground truth or automatic relabeling
AN19-rec-64970ab236e53d2eccdd,AN19.KOR.kf5,KOR,job,kf5ew20 job.wav,kf5ew20 job.wav,exact_filename_case_insensitive,ok,,,[],0,True,,True,True,True,True,12755,22050,0.5784580498866213,True,9256,0.5785,True,0.5784580498866213,41d2fa205eab4ed170d7fef65b72632a87bd175627321d849a505eb9fb776b99,True,automatic unconstrained IPA hypothesis; not ground truth or automatic relabeling
AN19-rec-b66208083dd6c8f174a5,AN19.KOR.kf5,KOR,pool,kf5ew34 pool.wav,kf5ew34 pool.wav,exact_filename_case_insensitive,ok,,,[],0,True,,True,True,True,True,10197,22050,0.46244897959183673,True,7400,0.4625,True,0.46244897959183673,336464a3ac3331eaf737ed423c7009a9589a115d1d28de67685b2b2a249b422f,True,automatic unconstrained IPA hypothesis; not ground truth or automatic relabeling
AN19-rec-111ecb515ddc7ddc8db0,AN19.KOR.kf5,KOR,vote,kf5ew52 vote.wav,kf5ew52 vote.wav,exact_filename_case_insensitive,ok,,,[],0,True,,True,True,True,True,6931,22050,0.3143310657596372,True,5030,0.314375,True,0.3143310657596372,67e35d8bd5fdc1f863069efb20a38c538776bc7daf5902fe960e455ff312e77c,True,automatic unconstrained IPA hypothesis; not ground truth or automatic relabeling
AN19-rec-3da3da227c60de476f80,AN19.KOR.kf5,KOR,chat,kf5hw06 chat.wav,kf5hw06 chat.wav,exact_filename_case_insensitive,ok,,,[],0,True,,True,True,True,True,8955,22050,0.4061224489795918,True,6498,0.406125,True,0.4061224489795918,6e2ccb1ac8b07d6bc34e36477e5a759ad0e3a10f10a3e083d83244314dfa2074,True,automatic unconstrained IPA hypothesis; not ground truth or automatic relabeling
AN19-rec-2be31202cc6f4dc73e6b,AN19.KOR.kf5,KOR,caught,kf5hw09 caught.wav,kf5hw09 caught.wav,exact_filename_case_insensitive,ok,,,[],0,True,,True,True,True,True,9732,22050,0.44136054421768706,True,7062,0.441375,True,0.44136054421768706,76134101ef1db946c25e913e8c4953620a783f2a358b0cd0fe617bcccbe4070d,True,automatic unconstrained IPA hypothesis; not ground truth or automatic relabeling
AN19-rec-350678c28d0083955b78,AN19.KOR.kf5,KOR,pet,kf5hw22 pet.wav,kf5hw22 pet.wav,exact_filename_case_insensitive,ok,,,[],0,True,,True,True,True,True,12102,22050,0.5488435374149659,True,8782,0.548875,True,0.5488435374149659,90b67bf363fa82169ecf3df5b9dc18d59c938303f90db56e5646cadc72daa835,True,automatic unconstrained IPA hypothesis; not ground truth or automatic relabeling
AN19-rec-fcbd1cc0df8f3529c94b,AN19.KOR.kf5,KOR,whore,kf5hw33 whore.wav,kf5hw33 whore.wav,exact_filename_case_insensitive,ok,,,[],0,True,,True,True,True,True,7837,22050,0.35541950113378684,True,5687,0.3554375,True,0.35541950113378684,e3e93742f4e059337d53383b4e533726a1d4d360a1c1f04d2f12970b07cafc0c,True,automatic unconstrained IPA hypothesis; not ground truth or automatic relabeling
AN19-rec-44a0091e907b89af8a2b,AN19.KOR.kf5,KOR,weed,kf5hw75 weed.wav,kf5hw75 weed.wav,exact_filename_case_insensitive,ok,,,[],0,True,,True,True,True,True,8189,22050,0.3713832199546485,True,5943,0.3714375,True,0.3713832199546485,a41cbeb5b45f496a4d350e694ec34a18df3d79613c30fb810b2f28f397550454,True,automatic unconstrained IPA hypothesis; not ground truth or automatic relabeling
AN19-rec-db3e5df7d8292e5d5c0a,AN19.KOR.kf6,KOR,put,kf6ew08 put.wav,kf6ew08 put.wav,exact_filename_case_insensitive,ok,,,[],0,True,,True,True,True,True,9072,22050,0.4114285714285714,True,6583,0.4114375,True,0.4114285714285714,831bff1071480d5962d11c051404a5806b484a533a9011e5f85b99eb8f8126c1,True,automatic unconstrained IPA hypothesis; not ground truth or automatic relabeling
AN19-rec-db497ad1a9594e347d86,AN19.KOR.kf6,KOR,food,kf6ew28 food.wav,kf6ew28 food.wav,exact_filename_case_insensitive,ok,,,[],0,True,,True,True,True,True,11408,22050,0.5173696145124717,True,8278,0.517375,True,0.5173696145124717,8679fec54cb965e61698d8bceac33fda8a429a28317e67143d93beb61c762b41,True,automatic unconstrained IPA hypothesis; not ground truth or automatic relabeling
AN19-rec-3fb9077a345e0b8f144b,AN19.KOR.kf6,KOR,chief,kf6ew32 chief.wav,kf6ew32 chief.wav,exact_filename_case_insensitive,ok,,,[],0,True,,True,True,True,True,11423,22050,0.5180498866213152,True,8289,0.5180625,True,0.5180498866213152,04a825a59a5db1498e98247ae1a7fc912906c761cfb4db95f46ca4d36bd5adf2,True,automatic unconstrained IPA hypothesis; not ground truth or automatic relabeling
AN19-rec-441d2675383bc426e0bd,AN19.KOR.kf6,KOR,jack,kf6ew42 jack.wav,kf6ew42 jack.wav,exact_filename_case_insensitive,ok,,,[],0,True,,True,True,True,True,7114,22050,0.32263038548752837,True,5163,0.3226875,True,0.32263038548752837,2fd718840e4a673381c110f28a62807ae53efe50bccb041916e5f7f755b095c6,True,automatic unconstrained IPA hypothesis; not ground truth or automatic relabeling
AN19-rec-5000a67347374b13d34e,AN19.KOR.kf6,KOR,ship,kf6ew47 ship.wav,kf6ew47 ship.wav,exact_filename_case_insensitive,ok,,,[],0,True,,True,True,True,True,10292,22050,0.4667573696145125,True,7469,0.4668125,True,0.4667573696145125,df91b91c28f1e4c23414816a4f773c952074fbdd1ea988b434bb35a10c85d8c0,True,automatic unconstrained IPA hypothesis; not ground truth or automatic relabeling
AN19-rec-0f7322b95a21fbb98bc1,AN19.KOR.kf6,KOR,vote,kf6ew52 vote.wav,kf6ew52 vote.wav,exact_filename_case_insensitive,ok,,,[],0,True,,True,True,True,True,7104,22050,0.3221768707482993,True,5155,0.3221875,True,0.3221768707482993,2f4796fd729555c10cefbe0fe124ec1471937fdc82f12ffd67b1d10dba9eb2cf,True,automatic unconstrained IPA hypothesis; not ground truth or automatic relabeling
AN19-rec-1d21c79a16ac3b6e949f,AN19.KOR.kf6,KOR,shop,kf6ew58 shop.wav,kf6ew58 shop.wav,exact_filename_case_insensitive,ok,,,[],0,True,,True,True,True,True,8815,22050,0.3997732426303855,True,6397,0.3998125,True,0.3997732426303855,3b0543f71a0b0c26479aa85139ddac5ecfc7337e48e3b7962d2cd8ee0edf0472,True,automatic unconstrained IPA hypothesis; not ground truth or automatic relabeling
AN19-rec-21574fe772cdd4fa5dcd,AN19.KOR.kf6,KOR,ten,kf6hw30 ten.wav,kf6hw30 ten.wav,exact_filename_case_insensitive,ok,,,[],0,True,,True,True,True,True,11021,22050,0.4998185941043084,True,7998,0.499875,True,0.4998185941043084,ab3e006e1a3886b06098f03454ee18192966d99ed6c040cd3faa63cf89463f53,True,automatic unconstrained IPA hypothesis; not ground truth or automatic relabeling
AN19-rec-d69f3c7da40c91bffefa,AN19.KOR.km1,KOR,chief,km1ew32 chief.wav,km1ew32 chief.wav,exact_filename_case_insensitive,ok,,,[],0,True,,True,True,True,True,9975,22050,0.4523809523809524,True,7239,0.4524375,True,0.4523809523809524,af1c5b201f553f772aa8a5923ec3f730b78e99ea574c7d696bdd8560fb80d53e,True,automatic unconstrained IPA hypothesis; not ground truth or automatic relabeling
AN19-rec-138f814f72813f4ab57a,AN19.KOR.km1,KOR,pat,km1hw21 pat.wav,km1hw21 pat.wav,exact_filename_case_insensitive,ok,,,[],0,True,,True,True,True,True,10614,22050,0.4813605442176871,True,7702,0.481375,True,0.4813605442176871,f261bd7b99e190d0aaa6cedfe7245585e7e50253f0ee7c08c4323ff6e893ef38,True,automatic unconstrained IPA hypothesis; not ground truth or automatic relabeling
AN19-rec-b2ed4e7dd11d17edda1f,AN19.KOR.km1,KOR,pet,km1hw22 pet.wav,km1hw22 pet.wav,exact_filename_case_insensitive,ok,,,[],0,True,,True,True,True,True,11730,22050,0.5319727891156463,True,8512,0.532,True,0.5319727891156463,9779741ffe13592dcec0ce67b0ca8bfa9d459d599824f07bb1b4ed451b269fcd,True,automatic unconstrained IPA hypothesis; not ground truth or automatic relabeling
AN19-rec-9a022ed86c47017fd651,AN19.KOR.km1,KOR,pad,km1hw45 pad.wav,km1hw45 pad.wav,exact_filename_case_insensitive,ok,,,[],0,True,,True,True,True,True,7387,22050,0.33501133786848075,True,5361,0.3350625,True,0.33501133786848075,94038dcae431b8a674ab2ffc32478a16521ade228505ca601964da5272d99cff,True,automatic unconstrained IPA hypothesis; not ground truth or automatic relabeling
AN19-rec-ef6c1f61ebc791b25a81,AN19.KOR.km2,KOR,death,km2ew16 death.wav,km2ew16 death.wav,exact_filename_case_insensitive,ok,,,[],0,True,,True,True,True,True,11569,22050,0.5246712018140589,True,8395,0.5246875,True,0.5246712018140589,8122f2c4f4b1e2e538d53c1bbaa40fd699dba5c7a01a138e4de7a90138dc26a5,True,automatic unconstrained IPA hypothesis; not ground truth or automatic relabeling
AN19-rec-4728968e5073df231732,AN19.KOR.km2,KOR,bead,km2hw02 bead.wav,km2hw02 bead.wav,exact_filename_case_insensitive,ok,,,[],0,True,,True,True,True,True,10816,22050,0.4905215419501134,True,7849,0.4905625,True,0.4905215419501134,dbb9f3b43e4c3dff0ae6c11cac915e8fb3b725aef3366673dd173d7630e8eb90,True,automatic unconstrained IPA hypothesis; not ground truth or automatic relabeling
AN19-rec-0f8aaf90fce53fefd0bd,AN19.KOR.km2,KOR,hid,km2hw61 hid.wav,km2hw61 hid.wav,exact_filename_case_insensitive,ok,,,[],0,True,,True,True,True,True,7164,22050,0.3248979591836735,True,5199,0.3249375,True,0.3248979591836735,d468b5c8b1ab1f8382a0279b772005f058d0406b99ad232e693c8c9d34197ae7,True,automatic unconstrained IPA hypothesis; not ground truth or automatic relabeling
AN19-rec-91d538d08106ffe5fc15,AN19.KOR.km3,KOR,put,km3ew08 put.wav,km3ew08 put.wav,exact_filename_case_insensitive,ok,,,[],0,True,,True,True,True,True,7936,22050,0.3599092970521542,True,5759,0.3599375,True,0.3599092970521542,ad13152b3f3d97f1af5e31e39a15c2710def7c5ef2e6d643da4cb5aeaab4d2cd,True,automatic unconstrained IPA hypothesis; not ground truth or automatic relabeling
AN19-rec-fed2ac8a47c671d9210d,AN19.KOR.km3,KOR,young,km3ew10 young.wav,km3ew10 young.wav,exact_filename_case_insensitive,ok,,,[],0,True,,True,True,True,True,12672,22050,0.5746938775510204,True,9196,0.57475,True,0.5746938775510204,f27dfe157709f82d4e348afefcec5db5f89c76bc3c2f4921665bbec776c13420,True,automatic unconstrained IPA hypothesis; not ground truth or automatic relabeling
AN19-rec-1c9de4303853b69d113b,AN19.KOR.km3,KOR,job,km3ew20 job.wav,km3ew20 job.wav,exact_filename_case_insensitive,ok,,,[],0,True,,True,True,True,True,8256,22050,0.374421768707483,True,5991,0.3744375,True,0.374421768707483,5ce8d47a21ea55cf09a23e86d9edc0c4552764094dc4bd838db6a90a119fda3b,True,automatic unconstrained IPA hypothesis; not ground truth or automatic relabeling
AN19-rec-d1b3face3a1db8878925,AN19.KOR.km3,KOR,judge,km3ew50 judge.wav,km3ew50 judge.wav,exact_filename_case_insensitive,ok,,,[],0,True,,True,True,True,True,8156,22050,0.36988662131519273,True,5919,0.3699375,True,0.36988662131519273,dda2dec47bf4e192396c58648305dd50971082c466a95ae26fe085218e725714,True,automatic unconstrained IPA hypothesis; not ground truth or automatic relabeling
AN19-rec-c6f3660890df8182564d,AN19.KOR.km3,KOR,fig,km3ew75 fig.wav,km3ew75 fig.wav,exact_filename_case_insensitive,ok,,,[],0,True,,True,True,True,True,7040,22050,0.31927437641723355,True,5109,0.3193125,True,0.31927437641723355,818bdce5459bf0ce5d3bd3dd89057b8dcd1d409e559bd6fd0b729247a49863bd,True,automatic unconstrained IPA hypothesis; not ground truth or automatic relabeling
AN19-rec-5fa1eb058dafa81532c8,AN19.KOR.km3,KOR,bead,km3hw02 bead.wav,km3hw02 bead.wav,exact_filename_case_insensitive,ok,,,[],0,True,,True,True,True,True,6816,22050,0.3091156462585034,True,4946,0.309125,True,0.3091156462585034,9398dd6100152fbc2bd3335323f7264fd53700c3f5ce146b1c7b0cf2cf332f40,True,automatic unconstrained IPA hypothesis; not ground truth or automatic relabeling
AN19-rec-496a61b83eba82a05f18,AN19.KOR.km3,KOR,chat,km3hw06 chat.wav,km3hw06 chat.wav,exact_filename_case_insensitive,ok,,,[],0,True,,True,True,True,True,7712,22050,0.34975056689342404,True,5597,0.3498125,True,0.34975056689342404,698aa551a3ba4baf2b068e617cebca80e9778d95b660aafe88cf57a35c8b66b1,True,automatic unconstrained IPA hypothesis; not ground truth or automatic relabeling
AN19-rec-64f9bd1635ac1750f2e7,AN19.KOR.km3,KOR,caught,km3hw09 caught.wav,km3hw09 caught.wav,exact_filename_case_insensitive,ok,,,[],0,True,,True,True,True,True,7552,22050,0.34249433106575966,True,5480,0.3425,True,0.34249433106575966,10ffd4ef4b43e2d4a9df1fd0873160dadf09a83f1248ca056e9e0fb8c54b2d82,True,automatic unconstrained IPA hypothesis; not ground truth or automatic relabeling
AN19-rec-ca3b00069d8e17a28b0f,AN19.KOR.km3,KOR,pet,km3hw22 pet.wav,km3hw22 pet.wav,exact_filename_case_insensitive,ok,,,[],0,True,,True,True,True,True,6688,22050,0.3033106575963719,True,4853,0.3033125,True,0.3033106575963719,6d6ac1a4fe177f789b322d7c5e442982747114291379ce265133e429da4e653b,True,automatic unconstrained IPA hypothesis; not ground truth or automatic relabeling
AN19-rec-17c44dfc100ca7e6f369,AN19.KOR.km3,KOR,kit,km3hw50 kit.wav,km3hw50 kit.wav,exact_filename_case_insensitive,ok,,,[],0,True,,True,True,True,True,6624,22050,0.3004081632653061,True,4807,0.3004375,True,0.3004081632653061,537aa52109082fffc9b68f46f418b1605a9b6ba4e7f7d7117bc39a3b2a057d54,True,automatic unconstrained IPA hypothesis; not ground truth or automatic relabeling
AN19-rec-514d222688cce18991f6,AN19.KOR.km3,KOR,wick,km3hw56 wick.wav,km3hw56 wick.wav,exact_filename_case_insensitive,ok,,,[],0,True,,True,True,True,True,7488,22050,0.3395918367346939,True,5434,0.339625,True,0.3395918367346939,471e7ecd1c4775fbc4a5593fbd46e7a54962f483ad87b9726831c36d26e793e6,True,automatic unconstrained IPA hypothesis; not ground truth or automatic relabeling
AN19-rec-04ea092946808bec91da,AN19.KOR.km3,KOR,hid,km3hw61 hid.wav,km3hw61 hid.wav,exact_filename_case_insensitive,ok,,,[],0,True,,True,True,True,True,7232,22050,0.32798185941043084,True,5248,0.328,True,0.32798185941043084,04d5c02590ee767b936264709b2a401dbece5a9556a9800516968f1fbd241b99,True,automatic unconstrained IPA hypothesis; not ground truth or automatic relabeling
AN19-rec-7c73731cbd763834a319,AN19.KOR.km6,KOR,does,km6ew07 does.wav,km6ew07 does.wav,exact_filename_case_insensitive,ok,,,[],0,True,,True,True,True,True,8157,22050,0.36993197278911566,True,5919,0.3699375,True,0.36993197278911566,18860a4f278172523c0feae6e858e41ddc358e0a9c89a31a8951edfac9bb1f68,True,automatic unconstrained IPA hypothesis; not ground truth or automatic relabeling
AN19-rec-6ae9e8e34d26041a7168,AN19.KOR.km6,KOR,put,km6ew08 put.wav,km6ew08 put.wav,exact_filename_case_insensitive,ok,,,[],0,True,,True,True,True,True,5398,22050,0.24480725623582766,True,3917,0.2448125,True,0.24480725623582766,b0f1f079269cd2ddedaa944e40dc70b03af627e1580b4e8f393dafb05306f16a,True,automatic unconstrained IPA hypothesis; not ground truth or automatic relabeling
AN19-rec-4c41cb3dfbd8667e94e8,AN19.KOR.km6,KOR,god,km6ew13 god.wav,km6ew13 god.wav,exact_filename_case_insensitive,ok,,,[],0,True,,True,True,True,True,6582,22050,0.2985034013605442,True,4777,0.2985625,True,0.2985034013605442,bae7b64239e500ad4f562699235c981f6e1aa3fce9f95c29415083c0ba8031f1,True,automatic unconstrained IPA hypothesis; not ground truth or automatic relabeling
AN19-rec-f18b3dcbcc597825bc17,AN19.KOR.km6,KOR,job,km6ew20 job.wav,km6ew20 job.wav,exact_filename_case_insensitive,ok,,,[],0,True,,True,True,True,True,9151,22050,0.4150113378684807,True,6641,0.4150625,True,0.4150113378684807,a1e54d8906d6ad9c09ae5baa67ae262224b2136dcc203cee8b2256c1eb5ac003,True,automatic unconstrained IPA hypothesis; not ground truth or automatic relabeling
AN19-rec-b448429446bf574b4bc6,AN19.KOR.km6,KOR,faith,km6ew33 faith.wav,km6ew33 faith.wav,exact_filename_case_insensitive,ok,,,[],0,True,,True,True,True,True,9705,22050,0.44013605442176873,True,7043,0.4401875,True,0.44013605442176873,c307c019363e880711b3c4e58d720ae673bb6d1c6e818eb58251711d46c8f8dc,True,automatic unconstrained IPA hypothesis; not ground truth or automatic relabeling
AN19-rec-c1c20834f122d9b6cb96,AN19.KOR.km6,KOR,teeth,km6ew40 teeth.wav,km6ew40 teeth.wav,exact_filename_case_insensitive,ok,,,[],0,True,,True,True,True,True,6832,22050,0.30984126984126986,True,4958,0.309875,True,0.30984126984126986,67d34cc291f4ae5fa461be4b76b6be21fd137b3c92c9d6a98e120fc916509c51,True,automatic unconstrained IPA hypothesis; not ground truth or automatic relabeling
AN19-rec-5806e6728922c7303efb,AN19.KOR.km6,KOR,shape,km6ew45 shape.wav,km6ew45 shape.wav,exact_filename_case_insensitive,ok,,,[],0,True,,True,True,True,True,10630,22050,0.4820861678004535,True,7714,0.482125,True,0.4820861678004535,690ec76a05246d5e5134c33a7bd738d42a18809c81837fbfc451148c6213e1a3,True,automatic unconstrained IPA hypothesis; not ground truth or automatic relabeling
AN19-rec-2c604e3e1f479b533133,AN19.KOR.km6,KOR,ship,km6ew47 ship.wav,km6ew47 ship.wav,exact_filename_case_insensitive,ok,,,[],0,True,,True,True,True,True,7212,22050,0.3270748299319728,True,5234,0.327125,True,0.3270748299319728,24b67fdc090f60f4da40bfa2ba284a0b4deeea9f48f3b98d35b6b223a11670ac,True,automatic unconstrained IPA hypothesis; not ground truth or automatic relabeling
AN19-rec-4960c60b7f2f5cfc7f8f,AN19.KOR.km6,KOR,shop,km6ew58 shop.wav,km6ew58 shop.wav,exact_filename_case_insensitive,ok,,,[],0,True,,True,True,True,True,7118,22050,0.32281179138321997,True,5165,0.3228125,True,0.32281179138321997,38388695c91cd0cf991fdf63151437c46dbe27e1c51e9b2294355e4b6837510b,True,automatic unconstrained IPA hypothesis; not ground truth or automatic relabeling
AN19-rec-3ceb80d46a8041d98287,AN19.KOR.km6,KOR,rat,km6hw24 rat.wav,km6hw24 rat.wav,exact_filename_case_insensitive,ok,,,[],0,True,,True,True,True,True,7544,22050,0.3421315192743764,True,5475,0.3421875,True,0.3421315192743764,ee62894bc9f6fa18b9f3f9445b9dfe4a234253550d179972ce72cd73b74f51b8,True,automatic unconstrained IPA hypothesis; not ground truth or automatic relabeling
AN19-rec-fb37c7fd4319598d2f83,AN19.KOR.km6,KOR,white,km6hw32 white.wav,km6hw32 white.wav,exact_filename_case_insensitive,ok,,,[],0,True,,True,True,True,True,5473,22050,0.24820861678004535,True,3972,0.24825,True,0.24820861678004535,a1670d31b4fdf25196086b7978997991816c751f9aacdc0a83aa24df589a3fae,True,automatic unconstrained IPA hypothesis; not ground truth or automatic relabeling
AN19-rec-4a2ee0806685f04792eb,AN19.KOR.km6,KOR,rut,km6hw38 rut.wav,km6hw38 rut.wav,exact_filename_case_insensitive,ok,,,[],0,True,,True,True,True,True,6519,22050,0.29564625850340137,True,4731,0.2956875,True,0.29564625850340137,6c969b96b30ef82df3875e470331757f378ef8acb42a4a9848209ed0490c36f5,True,automatic unconstrained IPA hypothesis; not ground truth or automatic relabeling
AN19-rec-11c2935f3bb1cf49208f,AN19.KOR.km6,KOR,toot,km6hw39 toot.wav,km6hw39 toot.wav,exact_filename_case_insensitive,ok,,,[],0,True,,True,True,True,True,5649,22050,0.2561904761904762,True,4100,0.25625,True,0.2561904761904762,c636645da6ded14885f8769105dc3d974899699fc9d26cd75e9add80b3e8b22f,True,automatic unconstrained IPA hypothesis; not ground truth or automatic relabeling
AN19-rec-3a193d0f3feee6d4b11e,AN19.KOR.km6,KOR,wad,km6hw40 wad.wav,km6hw40 wad.wav,exact_filename_case_insensitive,ok,,,[],0,True,,True,True,True,True,6727,22050,0.30507936507936506,True,4882,0.305125,True,0.30507936507936506,dccbfac45a232fe75973f822cffd4e1e92e4122c3998cbbcdeaf4d8d0527506f,True,automatic unconstrained IPA hypothesis; not ground truth or automatic relabeling
AN19-rec-bdec42430f05e1859644,AN19.KOR.km6,KOR,pad,km6hw45 pad.wav,km6hw45 pad.wav,exact_filename_case_insensitive,ok,,,[],0,True,,True,True,True,True,6305,22050,0.2859410430839002,True,4576,0.286,True,0.2859410430839002,a5878f85083b57a03bd89c7d603516cd583ff48b33b202b6ab9da7ad2dd059c0,True,automatic unconstrained IPA hypothesis; not ground truth or automatic relabeling
AN19-rec-ccd0e90c7c6a0836ded2,AN19.KOR.km6,KOR,chore,km6hw46 chore.wav,km6hw46 chore.wav,exact_filename_case_insensitive,ok,,,[],0,True,,True,True,True,True,7994,22050,0.36253968253968255,True,5801,0.3625625,True,0.36253968253968255,d6ed066033cfa273ae81515eaa7684c4ca73650143ecde420c86386d3e29ce7a,True,automatic unconstrained IPA hypothesis; not ground truth or automatic relabeling
AN19-rec-a1de45866c65589c48ef,AN19.KOR.km6,KOR,gut,km6hw53 gut.wav,km6hw53 gut.wav,exact_filename_case_insensitive,ok,,,[],0,True,,True,True,True,True,5034,22050,0.22829931972789116,True,3653,0.2283125,True,0.22829931972789116,f87d0323953ab86487f840568643491bdca7f35700afcead214700ac989b1cd1,True,automatic unconstrained IPA hypothesis; not ground truth or automatic relabeling
AN19-rec-1a2f802bafd7c38faa55,AN19.KOR.km6,KOR,teat,km6hw59 teat.wav,km6hw59 teat.wav,exact_filename_case_insensitive,ok,,,[],0,True,,True,True,True,True,6260,22050,0.2839002267573696,True,4543,0.2839375,True,0.2839002267573696,6faab492fad30e8784499ae4513f7ccdc30de432e97d609f22073b518837bbcd,True,automatic unconstrained IPA hypothesis; not ground truth or automatic relabeling
AN19-rec-33c68580504396b5349e,AN19.KOR.km6,KOR,hid,km6hw61 hid.wav,km6hw61 hid.wav,exact_filename_case_insensitive,ok,,,[],0,True,,True,True,True,True,7970,22050,0.3614512471655329,True,5784,0.3615,True,0.3614512471655329,ba68b4642751a6cd5db7bb651eaf9d41496fbe116f6997a5f8edc6e4141dab8d,True,automatic unconstrained IPA hypothesis; not ground truth or automatic relabeling
AN19-rec-e635c99cc3fc2497a9a2,AN19.KOR.km6,KOR,route,km6hw68 route.wav,km6hw68 route.wav,exact_filename_case_insensitive,ok,,,[],0,True,,True,True,True,True,7279,22050,0.3301133786848073,True,5282,0.330125,True,0.3301133786848073,aee06b7b152a13023f66d2a638634c8b22f2a6be7b07bdf73f6906eb98746c87,True,automatic unconstrained IPA hypothesis; not ground truth or automatic relabeling
AN19-rec-cd8f064414ec25793410,AN19.KOR.km6,KOR,hag,km6hw73 hag.wav,km6hw73 hag.wav,exact_filename_case_insensitive,ok,,,[],0,True,,True,True,True,True,7844,22050,0.35573696145124717,True,5692,0.35575,True,0.35573696145124717,c8520e82e684f961b7967afbd1372cfcf9d5a58c9fb2897fd735e10cdefa4505,True,automatic unconstrained IPA hypothesis; not ground truth or automatic relabeling
AN19-rec-b891317e2e9cd1fa1cfb,AN19.KOR.km7,KOR,job,km7ew20 job.wav,km7ew20 job.wav,exact_filename_case_insensitive,ok,,,[],0,True,,True,True,True,True,8152,22050,0.36970521541950113,True,5916,0.36975,True,0.36970521541950113,b58c78260a4137a36c0e03eba44a809bea51e66b591ee96c47eebb238ce1b019,True,automatic unconstrained IPA hypothesis; not ground truth or automatic relabeling
AN19-rec-df3e610e13d38ce6c589,AN19.KOR.km7,KOR,jack,km7ew42 jack.wav,km7ew42 jack.wav,exact_filename_case_insensitive,ok,,,[],0,True,,True,True,True,True,6580,22050,0.2984126984126984,True,4775,0.2984375,True,0.2984126984126984,1fbfc4676af125a1a1669066050604e0dd00acf104d390af62cb8180b0fc03ff,True,automatic unconstrained IPA hypothesis; not ground truth or automatic relabeling
AN19-rec-bb1ad2252be28e025ebb,AN19.KOR.km7,KOR,dog,km7ew51 dog.wav,km7ew51 dog.wav,exact_filename_case_insensitive,ok,,,[],0,True,,True,True,True,True,7609,22050,0.3450793650793651,True,5522,0.345125,True,0.3450793650793651,46dc2d9028c9d18e837d68f2013d3b867d8a10e757755e99d576aecb0d729da7,True,automatic unconstrained IPA hypothesis; not ground truth or automatic relabeling
AN19-rec-cc724b731fdf536ea07c,AN19.KOR.km7,KOR,path,km7ew67 path.wav,km7ew67 path.wav,exact_filename_case_insensitive,ok,,,[],0,True,,True,True,True,True,8874,22050,0.40244897959183673,True,6440,0.4025,True,0.40244897959183673,4ca88c2aee3c425e57ce0d9e032c8cab55b06171f0c9b13b9fefbe6c3259498a,True,automatic unconstrained IPA hypothesis; not ground truth or automatic relabeling
AN19-rec-7baf1e16ab0fd084e65b,AN19.KOR.km7,KOR,ban,km7hw01 ban.wav,km7hw01 ban.wav,exact_filename_case_insensitive,ok,,,[],0,True,,True,True,True,True,9181,22050,0.4163718820861678,True,6662,0.416375,True,0.4163718820861678,38416201b2f0558c20d6f736fc1678fbf4206a976577690d6c85b7f94acfc6bd,True,automatic unconstrained IPA hypothesis; not ground truth or automatic relabeling
AN19-rec-e03226f5724cca399fc9,AN19.KOR.km7,KOR,rat,km7hw24 rat.wav,km7hw24 rat.wav,exact_filename_case_insensitive,ok,,,[],0,True,,True,True,True,True,6875,22050,0.31179138321995464,True,4989,0.3118125,True,0.31179138321995464,46003d10c8201e023acaea0142b3df61dd0ff9f985e9bec2f7c97c84a1c839e4,True,automatic unconstrained IPA hypothesis; not ground truth or automatic relabeling
AN19-rec-a963c529aa738f339c3d,AN19.KOR.km7,KOR,rut,km7hw38 rut.wav,km7hw38 rut.wav,exact_filename_case_insensitive,ok,,,[],0,True,,True,True,True,True,6169,22050,0.2797732426303855,True,4477,0.2798125,True,0.2797732426303855,68d2a14c71a5dc7931e18c66f97a94dbe562a7aec02ca44aa994ac0b88700a73,True,automatic unconstrained IPA hypothesis; not ground truth or automatic relabeling
AN19-rec-3032e2c6b189e5baf8b5,AN19.KOR.km7,KOR,toot,km7hw39 toot.wav,km7hw39 toot.wav,exact_filename_case_insensitive,ok,,,[],0,True,,True,True,True,True,7880,22050,0.3573696145124717,True,5718,0.357375,True,0.3573696145124717,cc89301a60f1edc44ed1f2da53b056dae8a6810b5ab8420e0932ff6f82bb4ef1,True,automatic unconstrained IPA hypothesis; not ground truth or automatic relabeling
AN19-rec-7f4646a635df27834d5e,AN19.KOR.km7,KOR,cod,km7hw47 cod.wav,km7hw47 cod.wav,exact_filename_case_insensitive,ok,,,[],0,True,,True,True,True,True,7185,22050,0.3258503401360544,True,5214,0.325875,True,0.3258503401360544,f6537fa8380d400814f405472f9dce2b6ca111c2702f2ae81acf3670c7e14528,True,automatic unconstrained IPA hypothesis; not ground truth or automatic relabeling
AN19-rec-aa5e54a0e6cb110559c1,AN19.KOR.km8,KOR,both,km8ew05 both.wav,km8ew05 both.wav,exact_filename_case_insensitive,ok,,,[],0,True,,True,True,True,True,7227,22050,0.3277551020408163,True,5245,0.3278125,True,0.3277551020408163,7f644cf957ec91cb961a3e89c538392d0714e3f9b26c06adc54f7e480f93dc19,True,automatic unconstrained IPA hypothesis; not ground truth or automatic relabeling
AN19-rec-cff3c857f1d287bc3534,AN19.KOR.km8,KOR,put,km8ew08 put.wav,km8ew08 put.wav,exact_filename_case_insensitive,ok,,,[],0,True,,True,True,True,True,5938,22050,0.269297052154195,True,4309,0.2693125,True,0.269297052154195,1e4bfaeff34cbe47e46b56e8f8fd159111ea54f702fe2c89eb80188a0c8b61ec,True,automatic unconstrained IPA hypothesis; not ground truth or automatic relabeling
AN19-rec-a180baffcbd8a5e9da89,AN19.KOR.km8,KOR,god,km8ew13 god.wav,km8ew13 god.wav,exact_filename_case_insensitive,ok,,,[],0,True,,True,True,True,True,6958,22050,0.31555555555555553,True,5049,0.3155625,True,0.31555555555555553,ddcc18480a642bec9ed031aa4839b5c006ec27f9cccf0d03411ac19fd2d63838,True,automatic unconstrained IPA hypothesis; not ground truth or automatic relabeling
AN19-rec-96e5e8e5970a9654171c,AN19.KOR.km8,KOR,gave,km8ew15 gave.wav,km8ew15 gave.wav,exact_filename_case_insensitive,ok,,,[],0,True,,True,True,True,True,9164,22050,0.41560090702947844,True,6650,0.415625,True,0.41560090702947844,970bf80ee323add44f82f303148d47801ab51a19a49c7b27d4abe32e382f7cab,True,automatic unconstrained IPA hypothesis; not ground truth or automatic relabeling
AN19-rec-341a6c32b1b9ed53e0e7,AN19.KOR.km8,KOR,death,km8ew16 death.wav,km8ew16 death.wav,exact_filename_case_insensitive,ok,,,[],0,True,,True,True,True,True,6680,22050,0.3029478458049887,True,4848,0.303,True,0.3029478458049887,e2d4cb870b7c5f8f2f9a498d462a7d00bd5940bb27eb1d1f3dad72fd48436caf,True,automatic unconstrained IPA hypothesis; not ground truth or automatic relabeling
AN19-rec-fa9608af30243298f1bd,AN19.KOR.km8,KOR,full,km8ew22 full.wav,km8ew22 full.wav,exact_filename_case_insensitive,ok,,,[],0,True,,True,True,True,True,8969,22050,0.4067573696145125,True,6509,0.4068125,True,0.4067573696145125,e515f3732ab7fb0a647394d4a5979ddd5edd49c90ecc5dc1f1a74f83d579adee,True,automatic unconstrained IPA hypothesis; not ground truth or automatic relabeling
AN19-rec-a9e0866a0ea726cc110c,AN19.KOR.km8,KOR,jack,km8ew42 jack.wav,km8ew42 jack.wav,exact_filename_case_insensitive,ok,,,[],0,True,,True,True,True,True,7409,22050,0.3360090702947846,True,5377,0.3360625,True,0.3360090702947846,086b137a5ebd4c36d3d73a766232a3020a0261d870fcf53a68c2819f0ab4b2cf,True,automatic unconstrained IPA hypothesis; not ground truth or automatic relabeling
AN19-rec-8dbb8230b2db8f2fd432,AN19.KOR.km8,KOR,judge,km8ew50 judge.wav,km8ew50 judge.wav,exact_filename_case_insensitive,ok,,,[],0,True,,True,True,True,True,9490,22050,0.43038548752834466,True,6887,0.4304375,True,0.43038548752834466,fb6def9efc8ca91129acf1a8844bfc8f319a0a3d8c118054deb68f28e8a3b393,True,automatic unconstrained IPA hypothesis; not ground truth or automatic relabeling
AN19-rec-b15dfbeb9983107e72f5,AN19.KOR.km8,KOR,thick,km8ew54 thick.wav,km8ew54 thick.wav,exact_filename_case_insensitive,ok,,,[],0,True,,True,True,True,True,5495,22050,0.2492063492063492,True,3988,0.24925,True,0.2492063492063492,fc3a4e2a4731ea8dc550d2a6ea50ec38374c49350bc5d94b1af519281bc0e11d,True,automatic unconstrained IPA hypothesis; not ground truth or automatic relabeling
AN19-rec-30fd781d3f06f8dfbc52,AN19.KOR.km8,KOR,roof,km8ew59 roof.wav,km8ew59 roof.wav,exact_filename_case_insensitive,ok,,,[],0,True,,True,True,True,True,7208,22050,0.3268934240362812,True,5231,0.3269375,True,0.3268934240362812,4bd9e8369f037a30e9e6287d6b6993b83aa35e7205cc08388c043315b893486c,True,automatic unconstrained IPA hypothesis; not ground truth or automatic relabeling
AN19-rec-1d08f87df72a63fb3ea9,AN19.KOR.km8,KOR,path,km8ew67 path.wav,km8ew67 path.wav,exact_filename_case_insensitive,ok,,,[],0,True,,True,True,True,True,7611,22050,0.3451700680272109,True,5523,0.3451875,True,0.3451700680272109,edfccb21e1d4e5c2b5b2fbe734198b95b799157551de7bf5b9a66b9c89e7c4b8,True,automatic unconstrained IPA hypothesis; not ground truth or automatic relabeling
AN19-rec-6846aa179caf273d92ee,AN19.KOR.km8,KOR,dirt,km8ew68 dirt.wav,km8ew68 dirt.wav,exact_filename_case_insensitive,ok,,,[],0,True,,True,True,True,True,9177,22050,0.41619047619047617,True,6660,0.41625,True,0.41619047619047617,3d206775836f627a030cf19b918ad7fc2c2fad5371b8add017854d6ddef5b5d9,True,automatic unconstrained IPA hypothesis; not ground truth or automatic relabeling
AN19-rec-b40c104da5fabf51757c,AN19.KOR.km8,KOR,chat,km8hw06 chat.wav,km8hw06 chat.wav,exact_filename_case_insensitive,ok,,,[],0,True,,True,True,True,True,10239,22050,0.46435374149659864,True,7430,0.464375,True,0.46435374149659864,0aaf81aca85f9eb2b32799dc18fe1d5dcc897b22cc49b2e23369e34c33b436ae,True,automatic unconstrained IPA hypothesis; not ground truth or automatic relabeling
AN19-rec-f26cd88dabfeca6d6c68,AN19.KOR.km8,KOR,den,km8hw10 den.wav,km8hw10 den.wav,exact_filename_case_insensitive,ok,,,[],0,True,,True,True,True,True,8397,22050,0.38081632653061226,True,6094,0.380875,True,0.38081632653061226,284441a82735b3397b3e607ff3663cc3192c0ec50cd28ad76eeca80ac13a8366,True,automatic unconstrained IPA hypothesis; not ground truth or automatic relabeling
AN19-rec-0bc088a6f15fbb10e30b,AN19.KOR.km8,KOR,bud,km8hw41 bud.wav,km8hw41 bud.wav,exact_filename_case_insensitive,ok,,,[],0,True,,True,True,True,True,6243,22050,0.28312925170068026,True,4531,0.2831875,True,0.28312925170068026,337b78e00e8e0ee919bfc7d4813dd82a2c079273a8c00c6e0dc9d356e1bc55eb,True,automatic unconstrained IPA hypothesis; not ground truth or automatic relabeling
AN19-rec-cbfa21afc1a4c09f94d7,AN19.KOR.km8,KOR,kit,km8hw50 kit.wav,km8hw50 kit.wav,exact_filename_case_insensitive,ok,,,[],0,True,,True,True,True,True,5938,22050,0.269297052154195,True,4309,0.2693125,True,0.269297052154195,df610e8a659423a9fdd486a6f710df70cf1f07a9e7ac8f359fc2780e5b5c0e46,True,automatic unconstrained IPA hypothesis; not ground truth or automatic relabeling
AN19-rec-05c35819f275fe0c3593,AN19.KOR.km8,KOR,hurl,km8hw57 hurl.wav,km8hw57 hurl.wav,exact_filename_case_insensitive,ok,,,[],0,True,,True,True,True,True,9075,22050,0.41156462585034015,True,6586,0.411625,True,0.41156462585034015,2d93173476ec4cffcc63908fe30ebf34bcfabdf9f18a8b32a9b63830d49676db,True,automatic unconstrained IPA hypothesis; not ground truth or automatic relabeling
AN19-rec-9eac2bca2f7312c0ac03,AN19.KOR.km8,KOR,hag,km8hw73 hag.wav,km8hw73 hag.wav,exact_filename_case_insensitive,ok,,,[],0,True,,True,True,True,True,9649,22050,0.43759637188208617,True,7002,0.437625,True,0.43759637188208617,e34a60c90feb4db43c750bf370efef417d3fbb91bf682e1186edfeee462745a9,True,automatic unconstrained IPA hypothesis; not ground truth or automatic relabeling
AN19-rec-05512867d53d70192c0b,AN19.MIX.if1,MIX,give,If1ew09 give.wav,If1ew09 give.wav,exact_filename_case_insensitive,ok,,,[],0,True,,True,True,True,True,9983,22050,0.4527437641723356,True,7244,0.45275,True,0.4527437641723356,1b641ff8364d89b7bf338c95db1051df6299955dba9fb719d684ac9ba54ab056,True,automatic unconstrained IPA hypothesis; not ground truth or automatic relabeling
AN19-rec-7f209036703d210a1e57,AN19.MIX.if1,MIX,death,If1ew16 death.wav,If1ew16 death.wav,exact_filename_case_insensitive,ok,,,[],0,True,,True,True,True,True,8709,22050,0.3949659863945578,True,6320,0.395,True,0.3949659863945578,d3a5f22e9b77a77d352729b09620094d149daa1fb850e8b5acf40e8ffd253ce3,True,automatic unconstrained IPA hypothesis; not ground truth or automatic relabeling
AN19-rec-b9521d17fdb9af33f130,AN19.MIX.if1,MIX,food,If1ew28 food.wav,If1ew28 food.wav,exact_filename_case_insensitive,ok,,,[],0,True,,True,True,True,True,11678,22050,0.5296145124716554,True,8474,0.529625,True,0.5296145124716554,835107c63245efe8fe7db623458c9c036348fdb84a4cfb8052a8d952e47c9009,True,automatic unconstrained IPA hypothesis; not ground truth or automatic relabeling
AN19-rec-57600f9d162e87a547c6,AN19.MIX.if1,MIX,chief,If1ew32 chief.wav,If1ew32 chief.wav,exact_filename_case_insensitive,ok,,,[],0,True,,True,True,True,True,7580,22050,0.3437641723356009,True,5501,0.3438125,True,0.3437641723356009,ae0b0b00070389a4a18a8a97d907c6c4ac5bdb7cce205c9f06b3cb3dd1ce8ab6,True,automatic unconstrained IPA hypothesis; not ground truth or automatic relabeling
AN19-rec-677bb7e127c1a5757626,AN19.MIX.if1,MIX,deep,If1ew35 deep.wav,If1ew35 deep.wav,exact_filename_case_insensitive,ok,,,[],0,True,,True,True,True,True,5532,22050,0.2508843537414966,True,4015,0.2509375,True,0.2508843537414966,163f7ea3608b3596425b768cfce779ea1f9db004a811703d4bfbb580757f5082,True,automatic unconstrained IPA hypothesis; not ground truth or automatic relabeling
AN19-rec-dee92b1218be5f2a8dd8,AN19.MIX.if1,MIX,firm,If1ew36 firm.wav,If1ew36 firm.wav,exact_filename_case_insensitive,ok,,,[],0,True,,True,True,True,True,8192,22050,0.37151927437641724,True,5945,0.3715625,True,0.37151927437641724,f675d9068b341343041131e4a21068e1f858a875f0505cba70424730dca9125a,True,automatic unconstrained IPA hypothesis; not ground truth or automatic relabeling
AN19-rec-63eda7800749fa895b35,AN19.MIX.if1,MIX,reach,If1ew38 reach.wav,If1ew38 reach.wav,exact_filename_case_insensitive,ok,,,[],0,True,,True,True,True,True,10858,22050,0.4924263038548753,True,7879,0.4924375,True,0.4924263038548753,10926078ab5dbeccddabef3553b8244c61d3f9759abaf498f7c31601de72c2bf,True,automatic unconstrained IPA hypothesis; not ground truth or automatic relabeling
AN19-rec-2bf9a54a73f023eb0c3d,AN19.MIX.if1,MIX,jack,If1ew42 jack.wav,If1ew42 jack.wav,exact_filename_case_insensitive,ok,,,[],0,True,,True,True,True,True,7376,22050,0.3345124716553288,True,5353,0.3345625,True,0.3345124716553288,5194f25814aa96dda8c6e6c2aa74c34b4431a1b64717468f12cf1eef812abac3,True,automatic unconstrained IPA hypothesis; not ground truth or automatic relabeling
AN19-rec-1f84fc1d3503f19352b3,AN19.MIX.if1,MIX,check,If1ew43 check.wav,If1ew43 check.wav,exact_filename_case_insensitive,ok,,,[],0,True,,True,True,True,True,8170,22050,0.3705215419501134,True,5929,0.3705625,True,0.3705215419501134,ee26e3145385c360150fe437e9170e6e786245c7152e036256419ee92dbf2f05,True,automatic unconstrained IPA hypothesis; not ground truth or automatic relabeling
AN19-rec-1f7a983b0346e613ae45,AN19.MIX.if1,MIX,ship,If1ew47 ship.wav,If1ew47 ship.wav,exact_filename_case_insensitive,ok,,,[],0,True,,True,True,True,True,6931,22050,0.3143310657596372,True,5030,0.314375,True,0.3143310657596372,f2aed6811c684be6f08decb799c14fef5c3805ab584b7c7abcafb9d82252b22b,True,automatic unconstrained IPA hypothesis; not ground truth or automatic relabeling
AN19-rec-9a6abc9b87d964296ed8,AN19.MIX.if1,MIX,thick,If1ew54 thick.wav,If1ew54 thick.wav,exact_filename_case_insensitive,ok,,,[],0,True,,True,True,True,True,8918,22050,0.40444444444444444,True,6472,0.4045,True,0.40444444444444444,56fde97474126f9acc3d26bab5f2ecd9f45257d3820f2ba4a1d4e02c1d190f20,True,automatic unconstrained IPA hypothesis; not ground truth or automatic relabeling
AN19-rec-d6198f391147d4648679,AN19.MIX.if1,MIX,shop,If1ew58 shop.wav,If1ew58 shop.wav,exact_filename_case_insensitive,ok,,,[],0,True,,True,True,True,True,8030,22050,0.364172335600907,True,5827,0.3641875,True,0.364172335600907,3a22a34d882c3b41e914e7ac8dac0936b169f8cc4ce3c5892cc031c827f3f5fc,True,automatic unconstrained IPA hypothesis; not ground truth or automatic relabeling
AN19-rec-ee86a4b045a0f97379d5,AN19.MIX.if1,MIX,wed,If1hw31 wed.wav,If1hw31 wed.wav,exact_filename_case_insensitive,ok,,,[],0,True,,True,True,True,True,12432,22050,0.5638095238095238,True,9021,0.5638125,True,0.5638095238095238,9ca83e739ea328df65daaa4ebf167f97ce79ee59e6a5206f1163bcc4f4cd4311,True,automatic unconstrained IPA hypothesis; not ground truth or automatic relabeling
AN19-rec-fafb6eccf431819ebcba,AN19.MIX.if1,MIX,route,If1hw68 route.wav,If1hw68 route.wav,exact_filename_case_insensitive,ok,,,[],0,True,,True,True,True,True,12916,22050,0.5857596371882087,True,9373,0.5858125,True,0.5857596371882087,e63e97a289e5773d3672e4a88171302aeccc558d06f04584e2358b84c1db5b24,True,automatic unconstrained IPA hypothesis; not ground truth or automatic relabeling
AN19-rec-6cdfdbaa7dede2e0fba2,AN19.MIX.if1,MIX,wave,If1hw74 wave.wav,If1hw74 wave.wav,exact_filename_case_insensitive,ok,,,[],0,True,,True,True,True,True,11036,22050,0.500498866213152,True,8008,0.5005,True,0.500498866213152,884434249fcf20bd10c2e1b8924d94f0f6270f2b6125cb4b9f3dc10f6ffa77d3,True,automatic unconstrained IPA hypothesis; not ground truth or automatic relabeling
AN19-rec-c835eec5008105bfe15c,AN19.MIX.if1,MIX,weed,If1hw75 weed.wav,If1hw75 weed.wav,exact_filename_case_insensitive,ok,,,[],0,True,,True,True,True,True,10695,22050,0.4850340136054422,True,7761,0.4850625,True,0.4850340136054422,eb20f39ab17c2dcb1080c3ec0c5c9f20b0ce895c9a28b5ed5e95f32ad8d93ecc,True,automatic unconstrained IPA hypothesis; not ground truth or automatic relabeling
AN19-rec-e3f4f3003ba4d40f4997,AN19.MIX.if2,MIX,give,IF2ew09 give.wav,IF2ew09 give.wav,exact_filename_case_insensitive,ok,,,[],0,True,,True,True,True,True,6112,22050,0.27718820861678006,True,4436,0.27725,True,0.27718820861678006,43198476b7376f3ebcf839b7092f4369b2ffb162b79a84ee6667bc9e52759c43,True,automatic unconstrained IPA hypothesis; not ground truth or automatic relabeling
AN19-rec-a37f973b0ef0084839b7,AN19.MIX.if2,MIX,job,IF2ew20 job.wav,IF2ew20 job.wav,exact_filename_case_insensitive,ok,,,[],0,True,,True,True,True,True,8144,22050,0.36934240362811793,True,5910,0.369375,True,0.36934240362811793,28906e16279227fb05014cf342d04deed6319d2b476dbf51956dc5421a5fea1b,True,automatic unconstrained IPA hypothesis; not ground truth or automatic relabeling
AN19-rec-fd06aa8faa1ea31034e6,AN19.MIX.if2,MIX,dirt,IF2ew68 dirt.wav,IF2ew68 dirt.wav,exact_filename_case_insensitive,ok,,,[],0,True,,True,True,True,True,12809,22050,0.5809070294784581,True,9295,0.5809375,True,0.5809070294784581,a48c45baf538740ef8ec5055d450a0491bd4bd5fcd86bfafbafe391e42c39c87,True,automatic unconstrained IPA hypothesis; not ground truth or automatic relabeling
AN19-rec-6d181199b1541c9db86f,AN19.MIX.if2,MIX,fig,IF2ew75 fig.wav,IF2ew75 fig.wav,exact_filename_case_insensitive,ok,,,[],0,True,,True,True,True,True,12240,22050,0.5551020408163265,True,8882,0.555125,True,0.5551020408163265,2b0ec359ed0d4357633b43bac6f828ec173d9edd6c482b2e6c6f358985728eb6,True,automatic unconstrained IPA hypothesis; not ground truth or automatic relabeling
AN19-rec-08d457f35ccdd73268d5,AN19.MIX.if4,MIX,work,IF4ew03 work.wav,IF4ew03 work.wav,exact_filename_case_insensitive,ok,,,[],0,True,,True,True,True,True,6868,22050,0.3114739229024943,True,4984,0.3115,True,0.3114739229024943,9785ad6619b1f696b93e7897ea28ded343984a5eb0fb6156b2432b83f3092c7e,True,automatic unconstrained IPA hypothesis; not ground truth or automatic relabeling
AN19-rec-2f80fd756dd3326c936f,AN19.MIX.if4,MIX,thought,IF4ew06 thought.wav,IF4ew06 thought.wav,exact_filename_case_insensitive,ok,,,[],0,True,,True,True,True,True,6495,22050,0.2945578231292517,True,4713,0.2945625,True,0.2945578231292517,bff3b01f805e4308a6c52611b3638fa7900f707a9fc53f31db452c9284a0a89d,True,automatic unconstrained IPA hypothesis; not ground truth or automatic relabeling
AN19-rec-d90a65ab40a0d83771a7,AN19.MIX.if4,MIX,put,IF4ew08 put.wav,IF4ew08 put.wav,exact_filename_case_insensitive,ok,,,[],0,True,,True,True,True,True,6355,22050,0.28820861678004533,True,4612,0.28825,True,0.28820861678004533,a655d387b699af004e913554af10b0d72b8f1c20512993d97bd7e438f114d802,True,automatic unconstrained IPA hypothesis; not ground truth or automatic relabeling
AN19-rec-5607b9e59337bc030cd6,AN19.MIX.if4,MIX,give,IF4ew09 give.wav,IF4ew09 give.wav,exact_filename_case_insensitive,ok,,,[],0,True,,True,True,True,True,6222,22050,0.28217687074829934,True,4515,0.2821875,True,0.28217687074829934,c8e087ba3b343e93565dafe414d33b013d3bcc0047f859c5bf7f153895024c67,True,automatic unconstrained IPA hypothesis; not ground truth or automatic relabeling
AN19-rec-fab56ddb47bd8d54b7c0,AN19.MIX.if4,MIX,thing,IF4ew11 thing.wav,IF4ew11 thing.wav,exact_filename_case_insensitive,ok,,,[],0,True,,True,True,True,True,8064,22050,0.3657142857142857,True,5852,0.36575,True,0.3657142857142857,7dacdb6587f036da6a0b3544cf5f0929a8564d8a5025fae72c871eafd880959c,True,automatic unconstrained IPA hypothesis; not ground truth or automatic relabeling
AN19-rec-336ac826080450be9c43,AN19.MIX.if4,MIX,thick,IF4ew54 thick.wav,IF4ew54 thick.wav,exact_filename_case_insensitive,ok,,,[],0,True,,True,True,True,True,6728,22050,0.305124716553288,True,4882,0.305125,True,0.305124716553288,3bb51c749e09c6475caa52c57a0f9ce15236e28dba047ba6ad10f4c67d952ea6,True,automatic unconstrained IPA hypothesis; not ground truth or automatic relabeling
AN19-rec-d09b69f70e4cc1c1b755,AN19.MIX.if4,MIX,leg,IF4ew60 leg.wav,IF4ew60 leg.wav,exact_filename_case_insensitive,ok,,,[],0,True,,True,True,True,True,10133,22050,0.45954648526077096,True,7353,0.4595625,True,0.45954648526077096,4fc7c41b7ab0f4510d4093ea200f31a0dd0e5f528cfc0b5a5286518cd7ecc082,True,automatic unconstrained IPA hypothesis; not ground truth or automatic relabeling
AN19-rec-0b8e87f6ecb1fa97a1b1,AN19.MIX.if4,MIX,dirt,IF4ew68 dirt.wav,IF4ew68 dirt.wav,exact_filename_case_insensitive,ok,,,[],0,True,,True,True,True,True,6319,22050,0.2865759637188209,True,4586,0.286625,True,0.2865759637188209,e578229b7bac06764522ab195b26600e0afccf70eee6f64831d36e2fd24b2068,True,automatic unconstrained IPA hypothesis; not ground truth or automatic relabeling
AN19-rec-c9cd1984953b60ea475e,AN19.MIX.if4,MIX,fig,IF4ew75 fig.wav,IF4ew75 fig.wav,exact_filename_case_insensitive,ok,,,[],0,True,,True,True,True,True,8638,22050,0.39174603174603173,True,6268,0.39175,True,0.39174603174603173,a64a844172f6824bde96e2723ec0b8fa390c843ab525482bad909d80d2316c96,True,automatic unconstrained IPA hypothesis; not ground truth or automatic relabeling
AN19-rec-91eab2999705b94d689b,AN19.MIX.if4,MIX,bum,IF4hw05 bum.wav,IF4hw05 bum.wav,exact_filename_case_insensitive,ok,,,[],0,True,,True,True,True,True,4354,22050,0.19746031746031745,True,3160,0.1975,True,0.19746031746031745,ba06a17aee3f63b660dcfaf7b8a70ebd65be7737e9cea64e18663ee8920840fe,True,automatic unconstrained IPA hypothesis; not ground truth or automatic relabeling
AN19-rec-6c74e227249fea1377d2,AN19.MIX.if4,MIX,chat,IF4hw06 chat.wav,IF4hw06 chat.wav,exact_filename_case_insensitive,ok,,,[],0,True,,True,True,True,True,7493,22050,0.33981859410430837,True,5438,0.339875,True,0.33981859410430837,1e246432b45a9037be579b5514c9526ae4d6a18446f97d2e78d8916336e5e175,True,automatic unconstrained IPA hypothesis; not ground truth or automatic relabeling
AN19-rec-8033a265f1c9cc704267,AN19.MIX.if4,MIX,den,IF4hw10 den.wav,IF4hw10 den.wav,exact_filename_case_insensitive,ok,,,[],0,True,,True,True,True,True,7185,22050,0.3258503401360544,True,5214,0.325875,True,0.3258503401360544,d5305a394e03208dba09506af416710e60781bad898aa7de42093a0c51958069,True,automatic unconstrained IPA hypothesis; not ground truth or automatic relabeling
AN19-rec-99bb451bbe944be2be57,AN19.MIX.if4,MIX,knob,IF4hw15 knob.wav,IF4hw15 knob.wav,exact_filename_case_insensitive,ok,,,[],0,True,,True,True,True,True,7747,22050,0.3513378684807256,True,5622,0.351375,True,0.3513378684807256,2142a19adb60515c8fc6c2ebd9634a5c28abe9b15ab632b7038e09ae54724981,True,automatic unconstrained IPA hypothesis; not ground truth or automatic relabeling
AN19-rec-a94c7156bf7116eef8c7,AN19.MIX.if4,MIX,lad,IF4hw16 lad.wav,IF4hw16 lad.wav,exact_filename_case_insensitive,ok,,,[],0,True,,True,True,True,True,8448,22050,0.3831292517006803,True,6131,0.3831875,True,0.3831292517006803,a476a6c94cfa50b1a00c722fe9a3c79955e5b8719d8b6986d8795e3ea6b693b8,True,automatic unconstrained IPA hypothesis; not ground truth or automatic relabeling
AN19-rec-6ac8a1f0639e8d0504dc,AN19.MIX.if4,MIX,mitt,IF4hw19 mitt.wav,IF4hw19 mitt.wav,exact_filename_case_insensitive,ok,,,[],0,True,,True,True,True,True,5041,22050,0.22861678004535146,True,3658,0.228625,True,0.22861678004535146,ee7dad2b2037400d6c63faad888f56bc2389ebfcf6aa974c4053a09d72447a7b,True,automatic unconstrained IPA hypothesis; not ground truth or automatic relabeling
AN19-rec-96a6129691ee29c288d8,AN19.MIX.if4,MIX,pat,IF4hw21 pat.wav,IF4hw21 pat.wav,exact_filename_case_insensitive,ok,,,[],0,True,,True,True,True,True,8590,22050,0.3895691609977324,True,6234,0.389625,True,0.3895691609977324,b3dc03b9fe576fc5d9b0e8356c695a6b5fe4858292431cce2b4616c7f28fcd84,True,automatic unconstrained IPA hypothesis; not ground truth or automatic relabeling
AN19-rec-bbee0277074d155d8f16,AN19.MIX.if4,MIX,pet,IF4hw22 pet.wav,IF4hw22 pet.wav,exact_filename_case_insensitive,ok,,,[],0,True,,True,True,True,True,6092,22050,0.276281179138322,True,4421,0.2763125,True,0.276281179138322,cbba2178f8d672b7bfaa19063f80ff08aef2940747a5260fc17dd0a16d181421,True,automatic unconstrained IPA hypothesis; not ground truth or automatic relabeling
AN19-rec-b1ac9b9fa8442d884325,AN19.MIX.if4,MIX,rat,IF4hw24 rat.wav,IF4hw24 rat.wav,exact_filename_case_insensitive,ok,,,[],0,True,,True,True,True,True,7515,22050,0.3408163265306122,True,5454,0.340875,True,0.3408163265306122,7b6ad36dfbc369b1ccb98156bd542453e0e791d4c52dd3bdb0125cc4b76fa5bc,True,automatic unconstrained IPA hypothesis; not ground truth or automatic relabeling
AN19-rec-444af64f826f7a93b5ff,AN19.MIX.if4,MIX,wed,IF4hw31 wed.wav,IF4hw31 wed.wav,exact_filename_case_insensitive,ok,,,[],0,True,,True,True,True,True,7652,22050,0.3470294784580499,True,5553,0.3470625,True,0.3470294784580499,fb98b16dad5d3e58e8b6b74fb30ee79950a4e161cabd9563735d36517f69018a,True,automatic unconstrained IPA hypothesis; not ground truth or automatic relabeling
AN19-rec-c1e51b355008a715ce77,AN19.MIX.if4,MIX,rut,IF4hw38 rut.wav,IF4hw38 rut.wav,exact_filename_case_insensitive,ok,,,[],0,True,,True,True,True,True,7329,22050,0.3323809523809524,True,5319,0.3324375,True,0.3323809523809524,f9ad14895c7bc92bb751e264b9e43f1be5aedcfc0ee057c23bf08af0019c550b,True,automatic unconstrained IPA hypothesis; not ground truth or automatic relabeling
AN19-rec-bef1866e0cec53676f72,AN19.MIX.if4,MIX,bud,IF4hw41 bud.wav,IF4hw41 bud.wav,exact_filename_case_insensitive,ok,,,[],0,True,,True,True,True,True,5163,22050,0.2341496598639456,True,3747,0.2341875,True,0.2341496598639456,40fc12c562487aadbac8f6680bcbdd1d2d32f09fce3bf68cf1b014c60ead5c7c,True,automatic unconstrained IPA hypothesis; not ground truth or automatic relabeling
AN19-rec-af6c5b90d82d92c97abc,AN19.MIX.if4,MIX,kit,IF4hw50 kit.wav,IF4hw50 kit.wav,exact_filename_case_insensitive,ok,,,[],0,True,,True,True,True,True,6402,22050,0.29034013605442177,True,4646,0.290375,True,0.29034013605442177,de9cd50150226d474707d76e3fa06341b23c457b040829103a3f194336a78b38,True,automatic unconstrained IPA hypothesis; not ground truth or automatic relabeling
AN19-rec-563a9c5a7251d1db09a1,AN19.MIX.if4,MIX,gut,IF4hw53 gut.wav,IF4hw53 gut.wav,exact_filename_case_insensitive,ok,,,[],0,True,,True,True,True,True,5789,22050,0.2625396825396825,True,4201,0.2625625,True,0.2625396825396825,011b83cf48f8d1395d04cbfa72364364af99340dad7a5d250aff63bd98846aff,True,automatic unconstrained IPA hypothesis; not ground truth or automatic relabeling
AN19-rec-d619bec54969f755deb2,AN19.MIX.if4,MIX,wick,IF4hw56 wick.wav,IF4hw56 wick.wav,exact_filename_case_insensitive,ok,,,[],0,True,,True,True,True,True,8686,22050,0.39392290249433104,True,6303,0.3939375,True,0.39392290249433104,6b8e01220b14b1e173d47959b426ff9bebae097c7cdd4c6c866ca506f0dc7ec5,True,automatic unconstrained IPA hypothesis; not ground truth or automatic relabeling
AN19-rec-31df69ae344fc221288f,AN19.MIX.if4,MIX,weed,IF4hw75 weed.wav,IF4hw75 weed.wav,exact_filename_case_insensitive,ok,,,[],0,True,,True,True,True,True,7959,22050,0.36095238095238097,True,5776,0.361,True,0.36095238095238097,685396d998ebe5688efd06231a1bff35b82d1007214697182c13df3625767d02,True,automatic unconstrained IPA hypothesis; not ground truth or automatic relabeling
AN19-rec-f980fe2776f0d0be6f7f,AN19.MIX.if6,MIX,thought,IF6ew06 thought.wav,IF6ew06 thought.wav,exact_filename_case_insensitive,ok,,,[],0,True,,True,True,True,True,6497,22050,0.2946485260770975,True,4715,0.2946875,True,0.2946485260770975,b8dad0ce39f3827ffa96b7199a210fbd8c01f66824b7720d634e26c41e9cbee8,True,automatic unconstrained IPA hypothesis; not ground truth or automatic relabeling
AN19-rec-57dc5878b658bd9475f7,AN19.MIX.if6,MIX,put,IF6ew08 put.wav,IF6ew08 put.wav,exact_filename_case_insensitive,ok,,,[],0,True,,True,True,True,True,5852,22050,0.2653968253968254,True,4247,0.2654375,True,0.2653968253968254,32686bdaa4f37ad53e009be0577b7916934c1bc3de7cdc40af472642d3b0185e,True,automatic unconstrained IPA hypothesis; not ground truth or automatic relabeling
AN19-rec-0dcb48517d2933410b69,AN19.MIX.if6,MIX,real,IF6ew18 real.wav,IF6ew18 real.wav,exact_filename_case_insensitive,ok,,,[],0,True,,True,True,True,True,8071,22050,0.36603174603174604,True,5857,0.3660625,True,0.36603174603174604,40c01f7b19ead0f72acc137efc6979530ef0699bc346ba003c44f4e339676a7c,True,automatic unconstrained IPA hypothesis; not ground truth or automatic relabeling
AN19-rec-3de3462edca9bd0c6e72,AN19.MIX.if6,MIX,job,IF6ew20 job.wav,IF6ew20 job.wav,exact_filename_case_insensitive,ok,,,[],0,True,,True,True,True,True,9378,22050,0.4253061224489796,True,6805,0.4253125,True,0.4253061224489796,072fd17be2474acd40d15121fec3439fc510ce4625ed2b1b58c97d73d8064f43,True,automatic unconstrained IPA hypothesis; not ground truth or automatic relabeling
AN19-rec-c9a9ba62882b25e48e15,AN19.MIX.if6,MIX,faith,IF6ew33 faith.wav,IF6ew33 faith.wav,exact_filename_case_insensitive,ok,,,[],0,True,,True,True,True,True,8114,22050,0.3679818594104308,True,5888,0.368,True,0.3679818594104308,3425d51ebeb144da4754c4a72bf566bb716ff2eac7c42a6f5018c5c693826902,True,automatic unconstrained IPA hypothesis; not ground truth or automatic relabeling
AN19-rec-7db8c28a07f70d8e33a6,AN19.MIX.if6,MIX,shape,IF6ew45 shape.wav,IF6ew45 shape.wav,exact_filename_case_insensitive,ok,,,[],0,True,,True,True,True,True,8671,22050,0.3932426303854875,True,6292,0.39325,True,0.3932426303854875,242eee3596150f4bbdc9e6f7694381d47810b82dc51a146071a4cb850123afb7,True,automatic unconstrained IPA hypothesis; not ground truth or automatic relabeling
AN19-rec-0ec760c0a4198d6e30b4,AN19.MIX.if6,MIX,thick,IF6ew54 thick.wav,IF6ew54 thick.wav,exact_filename_case_insensitive,ok,,,[],0,True,,True,True,True,True,6259,22050,0.2838548752834467,True,4542,0.283875,True,0.2838548752834467,95bbba4322d1ae2dc39caab6bb33ec2615ec4d4f331940f9cac1c90965266f8f,True,automatic unconstrained IPA hypothesis; not ground truth or automatic relabeling
AN19-rec-fa8e7aae42e4dcd568c8,AN19.MIX.if6,MIX,dirt,IF6ew68 dirt.wav,IF6ew68 dirt.wav,exact_filename_case_insensitive,ok,,,[],0,True,,True,True,True,True,6152,22050,0.27900226757369617,True,4465,0.2790625,True,0.27900226757369617,cdf29ded23318e4e502e9eb8c58bde745b1a24c16242be0d78de9a483623a655,True,automatic unconstrained IPA hypothesis; not ground truth or automatic relabeling
AN19-rec-cb75987413bd8f3c5fe6,AN19.MIX.if6,MIX,chat,IF6hw06 chat.wav,IF6hw06 chat.wav,exact_filename_case_insensitive,ok,,,[],0,True,,True,True,True,True,8715,22050,0.3952380952380952,True,6324,0.39525,True,0.3952380952380952,1b72736ed4e40c041fd5b851d627aac1dab786b496b42048948899adfac57560,True,automatic unconstrained IPA hypothesis; not ground truth or automatic relabeling
AN19-rec-1f34aae57f87b0fa1d36,AN19.MIX.if6,MIX,goat,IF6hw14 goat.wav,IF6hw14 goat.wav,exact_filename_case_insensitive,ok,,,[],0,True,,True,True,True,True,6533,22050,0.29628117913832197,True,4741,0.2963125,True,0.29628117913832197,a6ebaca15b3d8d85f061bcbfcedd708d5451c2e3f58e3a4c293655eedae615a8,True,automatic unconstrained IPA hypothesis; not ground truth or automatic relabeling
AN19-rec-65a33704758ec953810b,AN19.MIX.if6,MIX,mat,IF6hw18 mat.wav,IF6hw18 mat.wav,exact_filename_case_insensitive,ok,,,[],0,True,,True,True,True,True,7283,22050,0.3302947845804989,True,5285,0.3303125,True,0.3302947845804989,88c19fc683d85dd98759e99384ab057279447feffe976ceebb95d5d0206e6b64,True,automatic unconstrained IPA hypothesis; not ground truth or automatic relabeling
AN19-rec-19d29ca30865add72d7e,AN19.MIX.if6,MIX,pat,IF6hw21 pat.wav,IF6hw21 pat.wav,exact_filename_case_insensitive,ok,,,[],0,True,,True,True,True,True,7801,22050,0.35378684807256233,True,5661,0.3538125,True,0.35378684807256233,0362e94ba53a7dbf771457c199f15d9473592b07f13d048ab351d8d85329f529,True,automatic unconstrained IPA hypothesis; not ground truth or automatic relabeling
AN19-rec-ea936912a045aa595db7,AN19.MIX.if6,MIX,pet,IF6hw22 pet.wav,IF6hw22 pet.wav,exact_filename_case_insensitive,ok,,,[],0,True,,True,True,True,True,5874,22050,0.26639455782312926,True,4263,0.2664375,True,0.26639455782312926,98c5e334f197eb32910c42e43af25e44f3a619263776bd2258a96889d8abc619,True,automatic unconstrained IPA hypothesis; not ground truth or automatic relabeling
AN19-rec-0acba673f06d59c46e02,AN19.MIX.if6,MIX,pup,IF6hw23 pup.wav,IF6hw23 pup.wav,exact_filename_case_insensitive,ok,,,[],0,True,,True,True,True,True,4376,22050,0.1984580498866213,True,3176,0.1985,True,0.1984580498866213,5374249e96edf01d42d524ae978c0af2ccc918e855a53699e636ee4c01c94ca8,True,automatic unconstrained IPA hypothesis; not ground truth or automatic relabeling
AN19-rec-8759514d4fa2e68c796f,AN19.MIX.if6,MIX,rut,IF6hw38 rut.wav,IF6hw38 rut.wav,exact_filename_case_insensitive,ok,,,[],0,True,,True,True,True,True,6273,22050,0.28448979591836737,True,4552,0.2845,True,0.28448979591836737,8db6314b9c75618fd7ccd3d7a0420f6a2f0855f77451f8c432c7462648737d89,True,automatic unconstrained IPA hypothesis; not ground truth or automatic relabeling
AN19-rec-e7bc0f21de4dc28120ff,AN19.MIX.if6,MIX,gut,IF6hw53 gut.wav,IF6hw53 gut.wav,exact_filename_case_insensitive,ok,,,[],0,True,,True,True,True,True,7947,22050,0.3604081632653061,True,5767,0.3604375,True,0.3604081632653061,81ccb2c9fc488933f94e88703a8b3add6a33083ba5644e62f6de06a93aed8a79,True,automatic unconstrained IPA hypothesis; not ground truth or automatic relabeling
AN19-rec-8de81db21ec45a843e12,AN19.MIX.if6,MIX,hoot,IF6hw62 hoot.wav,IF6hw62 hoot.wav,exact_filename_case_insensitive,ok,,,[],0,True,,True,True,True,True,7997,22050,0.3626757369614512,True,5803,0.3626875,True,0.3626757369614512,b3f301efa4872b4d2c549436f50375b1334f660bd935d007e85bf97cf3f0dd0b,True,automatic unconstrained IPA hypothesis; not ground truth or automatic relabeling
AN19-rec-08f75208f1a12692c210,AN19.MIX.if6,MIX,route,IF6hw68 route.wav,IF6hw68 route.wav,exact_filename_case_insensitive,ok,,,[],0,True,,True,True,True,True,6540,22050,0.2965986394557823,True,4746,0.296625,True,0.2965986394557823,cf6503345908ea197b95835d4092aa36a6538e46668b2d8e4fb132bb03d6f137,True,automatic unconstrained IPA hypothesis; not ground truth or automatic relabeling
AN19-rec-7b25314eccbd77ab2ba1,AN19.MIX.im1,MIX,death,im1ew16 death.wav,im1ew16 death.wav,exact_filename_case_insensitive,ok,,,[],0,True,,True,True,True,True,8919,22050,0.40448979591836737,True,6472,0.4045,True,0.40448979591836737,6fabbfe6a3b376b7f15ef3d8482f92e6e7d9f4f5d77d6d28f549f4a21cc3a7ba,True,automatic unconstrained IPA hypothesis; not ground truth or automatic relabeling
AN19-rec-692463ddb1a0a93dab36,AN19.MIX.im1,MIX,rough,im1ew70 rough.wav,im1ew70 rough.wav,exact_filename_case_insensitive,ok,,,[],0,True,,True,True,True,True,10363,22050,0.46997732426303857,True,7520,0.47,True,0.46997732426303857,63faaf9521d4ec346a334c4c708cad1fcb1f0e431cce7a6388a4427d8829336d,True,automatic unconstrained IPA hypothesis; not ground truth or automatic relabeling
AN19-rec-03da0619e7d995eac994,AN19.MIX.im2,MIX,caught,im2hw09 caught.wav,im2hw09 caught.wav,exact_filename_case_insensitive,ok,,,[],0,True,,True,True,True,True,7109,22050,0.32240362811791384,True,5159,0.3224375,True,0.32240362811791384,bd93bd1fd2929d9bcd8c190a88e9f8f195529284f321cd8722824bfee31b0b1a,True,automatic unconstrained IPA hypothesis; not ground truth or automatic relabeling
AN19-rec-8136d66c305e8c972d06,AN19.MIX.im2,MIX,toot,im2hw39 toot.wav,im2hw39 toot.wav,exact_filename_case_insensitive,ok,,,[],0,True,,True,True,True,True,7350,22050,0.3333333333333333,True,5334,0.333375,True,0.3333333333333333,445c9b4ae8104df3cc0cee31b387f4d3b6fa13f093d5a568cb0e367f949fb847,True,automatic unconstrained IPA hypothesis; not ground truth or automatic relabeling
AN19-rec-008ce5ae86ba1aead5d2,AN19.MIX.im2,MIX,hoot,im2hw62 hoot.wav,im2hw62 hoot.wav,exact_filename_case_insensitive,ok,,,[],0,True,,True,True,True,True,7427,22050,0.3368253968253968,True,5390,0.336875,True,0.3368253968253968,350c9cb7aecf5298e7bc578d73586407ff7bbcd0444d54d0fdfe402416206b11,True,automatic unconstrained IPA hypothesis; not ground truth or automatic relabeling
AN19-rec-7eb693a32c8cc91b0cc8,AN19.MIX.im2,MIX,route,im2hw68 route.wav,im2hw68 route.wav,exact_filename_case_insensitive,ok,,,[],0,True,,True,True,True,True,5385,22050,0.24421768707482994,True,3908,0.24425,True,0.24421768707482994,192cbcd5b27fd28b30e3b6c2f0f93d138ada8bf541934cf6f3986beddcc65a16,True,automatic unconstrained IPA hypothesis; not ground truth or automatic relabeling
AN19-rec-1a493d7b537d3e17b592,AN19.MIX.im3,MIX,chat,im3hw06 chat.wav,im3hw06 chat.wav,exact_filename_case_insensitive,ok,,,[],0,True,,True,True,True,True,11104,22050,0.5035827664399093,True,8058,0.503625,True,0.5035827664399093,35168844ae2ee154578f158ed88c3dd9ee8c86e114128321c06d38483d6a2646,True,automatic unconstrained IPA hypothesis; not ground truth or automatic relabeling
AN19-rec-8111112140764e522aff,AN19.MIX.im3,MIX,wick,im3hw56 wick.wav,im3hw56 wick.wav,exact_filename_case_insensitive,ok,,,[],0,True,,True,True,True,True,8397,22050,0.38081632653061226,True,6094,0.380875,True,0.38081632653061226,477f5eeab2c936f1d5a9ccb23a59160bb769852227dab38ecd27bef3e7b8ac10,True,automatic unconstrained IPA hypothesis; not ground truth or automatic relabeling
AN19-rec-df87efc6d894a62d0e4c,AN19.MIX.im3,MIX,wave,im3hw74 wave.wav,im3hw74 wave.wav,exact_filename_case_insensitive,ok,,,[],0,True,,True,True,True,True,8920,22050,0.40453514739229024,True,6473,0.4045625,True,0.40453514739229024,3d2fdafef3004dd61f2a620f03959a1952f15ea7f17c7737fbe6a19e28b8f761,True,automatic unconstrained IPA hypothesis; not ground truth or automatic relabeling
AN19-rec-9c951b85869174900de5,AN19.MIX.im4,MIX,thought,im4ew06 thought.wav,im4ew06 thought.wav,exact_filename_case_insensitive,ok,,,[],0,True,,True,True,True,True,8475,22050,0.3843537414965986,True,6150,0.384375,True,0.3843537414965986,2504f6baf9bc6bf64d9ee1ca1786a2ab6badf821b0cb4c27f3cbcc8c91691548,True,automatic unconstrained IPA hypothesis; not ground truth or automatic relabeling
AN19-rec-aacab88de14ed46c6063,AN19.MIX.im4,MIX,god,im4ew13 god.wav,im4ew13 god.wav,exact_filename_case_insensitive,ok,,,[],0,True,,True,True,True,True,7325,22050,0.3321995464852608,True,5316,0.33225,True,0.3321995464852608,e49ef5b5941c012e0b4c2b4f4c4c827617faacaa256ca7a4356c7907b0356e71,True,automatic unconstrained IPA hypothesis; not ground truth or automatic relabeling
AN19-rec-2ad96dd41c5055ef5bed,AN19.MIX.im4,MIX,job,im4ew20 job.wav,im4ew20 job.wav,exact_filename_case_insensitive,ok,,,[],0,True,,True,True,True,True,6783,22050,0.3076190476190476,True,4922,0.307625,True,0.3076190476190476,f264a9806a42432d148b9db6baf72dc9788771b4c656972d351aa56a2bf29559,True,automatic unconstrained IPA hypothesis; not ground truth or automatic relabeling
AN19-rec-e339426ae32d78c40fcd,AN19.MIX.im4,MIX,leg,im4ew60 leg.wav,im4ew60 leg.wav,exact_filename_case_insensitive,ok,,,[],0,True,,True,True,True,True,7972,22050,0.3615419501133787,True,5785,0.3615625,True,0.3615419501133787,0b5e8c61dc6e63a5ce98c4c88eaef10488dc533221f72648098fdd6c06e809d9,True,automatic unconstrained IPA hypothesis; not ground truth or automatic relabeling
AN19-rec-eb1cbe188b6ee48b423d,AN19.MIX.im4,MIX,dirt,im4ew68 dirt.wav,im4ew68 dirt.wav,exact_filename_case_insensitive,ok,,,[],0,True,,True,True,True,True,8449,22050,0.38317460317460317,True,6131,0.3831875,True,0.38317460317460317,ab5fdfc85ef0d1e31c17a3475edf30cabedfb42c165815c929989e4ae38850d1,True,automatic unconstrained IPA hypothesis; not ground truth or automatic relabeling
AN19-rec-6c07a08947bb52276082,AN19.MIX.im4,MIX,rough,im4ew70 rough.wav,im4ew70 rough.wav,exact_filename_case_insensitive,ok,,,[],0,True,,True,True,True,True,7399,22050,0.33555555555555555,True,5369,0.3355625,True,0.33555555555555555,8c5984094a96f6f2df13ce0920afa1c22bb7946eee82689e00e000006807d3bd,True,automatic unconstrained IPA hypothesis; not ground truth or automatic relabeling
AN19-rec-f03f03d8f75f7c7da103,AN19.MIX.im4,MIX,fig,im4ew75 fig.wav,im4ew75 fig.wav,exact_filename_case_insensitive,ok,,,[],0,True,,True,True,True,True,6231,22050,0.28258503401360546,True,4522,0.282625,True,0.28258503401360546,0050869af672329cd7f4200f4261fca0db4c168fdabe788a01639f5452672792,True,automatic unconstrained IPA hypothesis; not ground truth or automatic relabeling
AN19-rec-bffb13d9465e51cc6d86,AN19.MIX.im4,MIX,bead,im4hw02 bead.wav,im4hw02 bead.wav,exact_filename_case_insensitive,ok,,,[],0,True,,True,True,True,True,6695,22050,0.3036281179138322,True,4859,0.3036875,True,0.3036281179138322,48615d1bebc1460146b64ce1c1f8c184bc828c2ab0b25cd9099b5e947d12f879,True,automatic unconstrained IPA hypothesis; not ground truth or automatic relabeling
AN19-rec-41065c6aea376c2adb49,AN19.MIX.im4,MIX,bean,im4hw03 bean.wav,im4hw03 bean.wav,exact_filename_case_insensitive,ok,,,[],0,True,,True,True,True,True,8100,22050,0.3673469387755102,True,5878,0.367375,True,0.3673469387755102,b1e20f10046cc1e4ade4df0e6d6f80f0aa1e44622386764f4b3708422f1ba4a9,True,automatic unconstrained IPA hypothesis; not ground truth or automatic relabeling
AN19-rec-321aaf39118694c59daa,AN19.MIX.im4,MIX,chat,im4hw06 chat.wav,im4hw06 chat.wav,exact_filename_case_insensitive,ok,,,[],0,True,,True,True,True,True,8438,22050,0.38267573696145124,True,6123,0.3826875,True,0.38267573696145124,95223d601047eb29f5d5b76bc799590efb679c57e9720b341a73514f8f9d95d4,True,automatic unconstrained IPA hypothesis; not ground truth or automatic relabeling
AN19-rec-9210c96ce71215178bd8,AN19.MIX.im4,MIX,cheer,im4hw07 cheer.wav,im4hw07 cheer.wav,exact_filename_case_insensitive,ok,,,[],0,True,,True,True,True,True,10236,22050,0.4642176870748299,True,7428,0.46425,True,0.4642176870748299,225267a79eaeabda6dbed55313671eedba31e78d1f38191539e5cb86a6f0659b,True,automatic unconstrained IPA hypothesis; not ground truth or automatic relabeling
AN19-rec-71ef03fff1204153ebb7,AN19.MIX.im4,MIX,fade,im4hw12 fade.wav,im4hw12 fade.wav,exact_filename_case_insensitive,ok,,,[],0,True,,True,True,True,True,7062,22050,0.3202721088435374,True,5125,0.3203125,True,0.3202721088435374,782fe2b95e8b75fdfa26a8ea9541ab4306864e891c8fae4d14865ce675eaeb77,True,automatic unconstrained IPA hypothesis; not ground truth or automatic relabeling
AN19-rec-476aace99e54432e3483,AN19.MIX.im4,MIX,pat,im4hw21 pat.wav,im4hw21 pat.wav,exact_filename_case_insensitive,ok,,,[],0,True,,True,True,True,True,7322,22050,0.33206349206349206,True,5314,0.332125,True,0.33206349206349206,e8d9aef1aa10ca87997e1a5c0e9eea1f19c1fa05db06b28840e113e7be6fa2d2,True,automatic unconstrained IPA hypothesis; not ground truth or automatic relabeling
AN19-rec-15cbe0d3f561706015c4,AN19.MIX.im4,MIX,pet,im4hw22 pet.wav,im4hw22 pet.wav,exact_filename_case_insensitive,ok,,,[],0,True,,True,True,True,True,5972,22050,0.2708390022675737,True,4334,0.270875,True,0.2708390022675737,0371f1b4ae3ab44b24f10193585b1f4ceb26bac18d1a6d4cb20a21d6e6e17a14,True,automatic unconstrained IPA hypothesis; not ground truth or automatic relabeling
AN19-rec-2cad9bab6570bf34be24,AN19.MIX.im4,MIX,toot,im4hw39 toot.wav,im4hw39 toot.wav,exact_filename_case_insensitive,ok,,,[],0,True,,True,True,True,True,7082,22050,0.32117913832199546,True,5139,0.3211875,True,0.32117913832199546,4d830a57a6712300cbfab27b5a9ab03f96cc5bf42a2127c7a0114be943ced0d2,True,automatic unconstrained IPA hypothesis; not ground truth or automatic relabeling
AN19-rec-34f8d76b165b0088a7be,AN19.MIX.im4,MIX,wad,im4hw40 wad.wav,im4hw40 wad.wav,exact_filename_case_insensitive,ok,,,[],0,True,,True,True,True,True,7121,22050,0.32294784580498864,True,5168,0.323,True,0.32294784580498864,4cd33edabfbd6c82ce6ca3d7f50ee3a672cb05554a60a4e2e76df4c973ed82ca,True,automatic unconstrained IPA hypothesis; not ground truth or automatic relabeling
AN19-rec-53d40a195fb525968001,AN19.MIX.im4,MIX,bud,im4hw41 bud.wav,im4hw41 bud.wav,exact_filename_case_insensitive,ok,,,[],0,True,,True,True,True,True,5539,22050,0.2512018140589569,True,4020,0.25125,True,0.2512018140589569,bacc8ce39ec287fbe63ccb2ed55f93a32923a330a3a8d587ffa213a74d5c46ff,True,automatic unconstrained IPA hypothesis; not ground truth or automatic relabeling
AN19-rec-ccb5ed35724f0eb15f72,AN19.MIX.im4,MIX,pad,im4hw45 pad.wav,im4hw45 pad.wav,exact_filename_case_insensitive,ok,,,[],0,True,,True,True,True,True,7504,22050,0.3403174603174603,True,5446,0.340375,True,0.3403174603174603,569cbade60a3e5f528609eb5915683ab3036726fa1444857b2a5384f8b2465a3,True,automatic unconstrained IPA hypothesis; not ground truth or automatic relabeling
AN19-rec-e30d2d01abb16a756ab9,AN19.MIX.im4,MIX,hack,im4hw48 hack.wav,im4hw48 hack.wav,exact_filename_case_insensitive,ok,,,[],0,True,,True,True,True,True,7554,22050,0.34258503401360546,True,5482,0.342625,True,0.34258503401360546,9eb4b165eb4526c9c053edbf99d3524d50ce9eeb7829977363bd5f0eb62cadf7,True,automatic unconstrained IPA hypothesis; not ground truth or automatic relabeling
AN19-rec-57ea0b6269e64b06bf5a,AN19.MIX.im4,MIX,gut,im4hw53 gut.wav,im4hw53 gut.wav,exact_filename_case_insensitive,ok,,,[],0,True,,True,True,True,True,6960,22050,0.31564625850340133,True,5051,0.3156875,True,0.31564625850340133,ead30a6d72b3947db5bc167e5ecb1dd2b13964767492706cf384030a042ea219,True,automatic unconstrained IPA hypothesis; not ground truth or automatic relabeling
AN19-rec-1f4190f5149f45cbbb1d,AN19.MIX.im4,MIX,hurl,im4hw57 hurl.wav,im4hw57 hurl.wav,exact_filename_case_insensitive,ok,,,[],0,True,,True,True,True,True,13535,22050,0.6138321995464853,True,9822,0.613875,True,0.6138321995464853,2042150bbcf869d0c57657458db002db283f1f891578b85714134b5d1f92e8aa,True,automatic unconstrained IPA hypothesis; not ground truth or automatic relabeling
AN19-rec-12a59464d634bf47c71a,AN19.MIX.im4,MIX,hid,im4hw61 hid.wav,im4hw61 hid.wav,exact_filename_case_insensitive,ok,,,[],0,True,,True,True,True,True,6093,22050,0.2763265306122449,True,4422,0.276375,True,0.2763265306122449,093ec5f4b195fbc6eadf36aa751c3a041737b8471bc07ec62dcc6825c772d667,True,automatic unconstrained IPA hypothesis; not ground truth or automatic relabeling
AN19-rec-9159ef2f5041f766a9e0,AN19.MIX.im5,MIX,death,im5ew16 death.wav,im5ew16 death.wav,exact_filename_case_insensitive,ok,,,[],0,True,,True,True,True,True,8755,22050,0.39705215419501133,True,6353,0.3970625,True,0.39705215419501133,7ae1afe585c7de173ee5a495fe4ed780db5c5038fe4976403c8c38f78984ff11,True,automatic unconstrained IPA hypothesis; not ground truth or automatic relabeling
AN19-rec-2b7d36f373eb1d1a0c29,AN19.MIX.im5,MIX,girl,im5ew25 girl.wav,im5ew25 girl.wav,exact_filename_case_insensitive,ok,,,[],0,True,,True,True,True,True,9262,22050,0.4200453514739229,True,6721,0.4200625,True,0.4200453514739229,48e3c9b03468ae995a19f5d94e2b9b91dc5f236186b0f177287a206269684264,True,automatic unconstrained IPA hypothesis; not ground truth or automatic relabeling
AN19-rec-dfd5263e424178bf62ed,AN19.MIX.im5,MIX,check,im5ew43 check.wav,im5ew43 check.wav,exact_filename_case_insensitive,ok,,,[],0,True,,True,True,True,True,8854,22050,0.4015419501133787,True,6425,0.4015625,True,0.4015419501133787,852cd30c6935f3effe1a2bc1c74173143946980b34c8af4e0e13083acffe9490,True,automatic unconstrained IPA hypothesis; not ground truth or automatic relabeling
AN19-rec-eea4e63c78b5baebe63d,AN19.MIX.im5,MIX,ship,im5ew47 ship.wav,im5ew47 ship.wav,exact_filename_case_insensitive,ok,,,[],0,True,,True,True,True,True,7305,22050,0.33129251700680273,True,5301,0.3313125,True,0.33129251700680273,64ddf9bfb39e9dd47603516ed4a57a0f8f8b1e6fc0308fd89bb31f73ec623b85,True,automatic unconstrained IPA hypothesis; not ground truth or automatic relabeling
AN19-rec-1f519e1f001cb184d5b6,AN19.MIX.im5,MIX,lad,im5hw16 lad.wav,im5hw16 lad.wav,exact_filename_case_insensitive,ok,,,[],0,True,,True,True,True,True,7129,22050,0.3233106575963719,True,5173,0.3233125,True,0.3233106575963719,1c89b6e7d6f80042f96ce417f24e5b1fce58c76de5a998874facf624fa1170ce,True,automatic unconstrained IPA hypothesis; not ground truth or automatic relabeling
AN19-rec-8b7874c8c38c68b898b2,AN19.MIX.im5,MIX,pet,im5hw22 pet.wav,im5hw22 pet.wav,exact_filename_case_insensitive,ok,,,[],0,True,,True,True,True,True,8850,22050,0.4013605442176871,True,6422,0.401375,True,0.4013605442176871,d5afe13f3ca90198d1cccc8845e80e28ca8ddfd157f9e597b9c063113cca47ad,True,automatic unconstrained IPA hypothesis; not ground truth or automatic relabeling
AN19-rec-898298bb163720001c82,AN19.MIX.im5,MIX,wed,im5hw31 wed.wav,im5hw31 wed.wav,exact_filename_case_insensitive,ok,,,[],0,True,,True,True,True,True,5804,22050,0.2632199546485261,True,4212,0.26325,True,0.2632199546485261,922fc43a698bd35827b4c6db7b014d38e44887066e3b39cff57310d0e89cccab,True,automatic unconstrained IPA hypothesis; not ground truth or automatic relabeling
AN19-rec-5cb3f94a1e76ab1b8cf1,AN19.MIX.im5,MIX,wad,im5hw40 wad.wav,im5hw40 wad.wav,exact_filename_case_insensitive,ok,,,[],0,True,,True,True,True,True,8449,22050,0.38317460317460317,True,6131,0.3831875,True,0.38317460317460317,2c81b4f787e14146865d30ef8b0c82aaf9b010e9ee3ed91384615c7b975687ad,True,automatic unconstrained IPA hypothesis; not ground truth or automatic relabeling
AN19-rec-9bec14ffc52477dcef9f,AN19.MIX.im5,MIX,pad,im5hw45 pad.wav,im5hw45 pad.wav,exact_filename_case_insensitive,ok,,,[],0,True,,True,True,True,True,7078,22050,0.32099773242630386,True,5136,0.321,True,0.32099773242630386,f5329ceb4f2167c76962eda8edb3bcccf3581d1e69409524e8b4f436d9f61f5b,True,automatic unconstrained IPA hypothesis; not ground truth or automatic relabeling
AN19-rec-d00bb8908727853d8c8d,AN19.MIX.im5,MIX,hurl,im5hw57 hurl.wav,im5hw57 hurl.wav,exact_filename_case_insensitive,ok,,,[],0,True,,True,True,True,True,8528,22050,0.38675736961451246,True,6189,0.3868125,True,0.38675736961451246,ea274248109701c4a3d723133ba76c49056868741cf759ca23e80be8d66a948f,True,automatic unconstrained IPA hypothesis; not ground truth or automatic relabeling
AN19-rec-e66e8df1e45a2bd21ef1,AN19.MIX.im5,MIX,hid,im5hw61 hid.wav,im5hw61 hid.wav,exact_filename_case_insensitive,ok,,,[],0,True,,True,True,True,True,5891,22050,0.2671655328798186,True,4275,0.2671875,True,0.2671655328798186,a9b6aa53a90b7583260686c0bf7daeb2652ac90570d8b72d342448bcb98052aa,True,automatic unconstrained IPA hypothesis; not ground truth or automatic relabeling
AN19-rec-8f61a774bb70d30c554d,AN19.MIX.im5,MIX,wail,im5hw69 wail.wav,im5hw69 wail.wav,exact_filename_case_insensitive,ok,,,[],0,True,,True,True,True,True,8032,22050,0.36426303854875286,True,5829,0.3643125,True,0.36426303854875286,a9b04bd559a5a110638eccd67250bf7445f336c4a5d37a852d76543fbf4b115f,True,automatic unconstrained IPA hypothesis; not ground truth or automatic relabeling
AN19-rec-f3fda73607e72b05282b,AN19.MIX.im6,MIX,ship,im6ew47 ship.wav,im6ew47 ship.wav,exact_filename_case_insensitive,ok,,,[],0,True,,True,True,True,True,9110,22050,0.41315192743764173,True,6611,0.4131875,True,0.41315192743764173,ba96428d73fa81ba9539e98fd887c73e7d606098f6016d5771a3001354df1bba,True,automatic unconstrained IPA hypothesis; not ground truth or automatic relabeling
AN19-rec-6548e5240a7765a8ef59,AN19.MIX.im6,MIX,thick,im6ew54 thick.wav,im6ew54 thick.wav,exact_filename_case_insensitive,ok,,,[],0,True,,True,True,True,True,6532,22050,0.2962358276643991,True,4740,0.29625,True,0.2962358276643991,5f27ea8ea54fac894f93e225f9edbe4fa40610c32b50a71bf266b489443c3a5e,True,automatic unconstrained IPA hypothesis; not ground truth or automatic relabeling
AN19-rec-eb6d6ec6de485aac34b4,AN19.MIX.im6,MIX,bug,im6hw04 bug.wav,im6hw04 bug.wav,exact_filename_case_insensitive,ok,,,[],0,True,,True,True,True,True,7580,22050,0.3437641723356009,True,5501,0.3438125,True,0.3437641723356009,39a71117e88ce7c7e1058bafc7af25cb2a48a68c7dff62e76d525f2d8f01b9b7,True,automatic unconstrained IPA hypothesis; not ground truth or automatic relabeling
AN19-rec-a983f275914c49f519ff,AN19.MIX.im6,MIX,soak,im6hw28 soak.wav,im6hw28 soak.wav,exact_filename_case_insensitive,ok,,,[],0,True,,True,True,True,True,7450,22050,0.3378684807256236,True,5406,0.337875,True,0.3378684807256236,67417c49f977ac7f9346c21e5f850c019c99a3d152e27b508a4ccccd8ff60cbd,True,automatic unconstrained IPA hypothesis; not ground truth or automatic relabeling
AN19-rec-956d2338bbf2a2b2e073,AN19.MIX.im6,MIX,suck,im6hw29 suck.wav,im6hw29 suck.wav,exact_filename_case_insensitive,ok,,,[],0,True,,True,True,True,True,6905,22050,0.3131519274376417,True,5011,0.3131875,True,0.3131519274376417,728fc8d5b9a051e9d52beab37ddd17069a111d0a75365993b6342eb325f25535,True,automatic unconstrained IPA hypothesis; not ground truth or automatic relabeling
AN19-rec-5c10510cc39fbdf45e53,AN19.MIX.im6,MIX,ten,im6hw30 ten.wav,im6hw30 ten.wav,exact_filename_case_insensitive,ok,,,[],0,True,,True,True,True,True,7946,22050,0.36036281179138324,True,5766,0.360375,True,0.36036281179138324,1c16362ae969b8fde8cdbc574b2862b0cf028a540d041eae454449977652ebaa,True,automatic unconstrained IPA hypothesis; not ground truth or automatic relabeling
AN19-rec-235d53edfeea40950f16,AN19.MIX.im6,MIX,hick,im6hw37 hick.wav,im6hw37 hick.wav,exact_filename_case_insensitive,ok,,,[],0,True,,True,True,True,True,5935,22050,0.2691609977324263,True,4307,0.2691875,True,0.2691609977324263,cf90553d0d9de58914695fb051e714109c602b7b020fa0d7424256ce74cc607a,True,automatic unconstrained IPA hypothesis; not ground truth or automatic relabeling
AN19-rec-696c0d09e226768947f6,AN19.MIX.im6,MIX,toot,im6hw39 toot.wav,im6hw39 toot.wav,exact_filename_case_insensitive,ok,,,[],0,True,,True,True,True,True,5858,22050,0.2656689342403628,True,4251,0.2656875,True,0.2656689342403628,a1986b39135e43b169a94f479928cd9e7919650be4495ab821413fcbe7d7c07a,True,automatic unconstrained IPA hypothesis; not ground truth or automatic relabeling
AN19-rec-b35c84f10b66ac214114,AN19.MIX.im6,MIX,chore,im6hw46 chore.wav,im6hw46 chore.wav,exact_filename_case_insensitive,ok,,,[],0,True,,True,True,True,True,6700,22050,0.30385487528344673,True,4862,0.303875,True,0.30385487528344673,2035aa973181111512a66e4ac455cfbd5650ee4c19ff3b6ac2e8df512b2d5c51,True,automatic unconstrained IPA hypothesis; not ground truth or automatic relabeling
AN19-rec-fc6ef5b232e704832b68,AN19.MIX.im6,MIX,hid,im6hw61 hid.wav,im6hw61 hid.wav,exact_filename_case_insensitive,ok,,,[],0,True,,True,True,True,True,7910,22050,0.35873015873015873,True,5740,0.35875,True,0.35873015873015873,3b6259e3dba7072625f12cb3293b1fad41099631bc3003ca36aee5b6c09f7e5d,True,automatic unconstrained IPA hypothesis; not ground truth or automatic relabeling
AN19-rec-9f2211b45457a90bbc2c,AN19.MIX.im6,MIX,hag,im6hw73 hag.wav,im6hw73 hag.wav,exact_filename_case_insensitive,ok,,,[],0,True,,True,True,True,True,11122,22050,0.5043990929705215,True,8071,0.5044375,True,0.5043990929705215,b53d6023f75366603a2a1ee3d4d1cf4f27de4c2163e74de0fe47f219cc96f36d,True,automatic unconstrained IPA hypothesis; not ground truth or automatic relabeling
AN19-rec-766fd14aa7b4a5553165,AN19.SPA.sf1,SPA,death,sf1ew16 death.wav,sf1ew16 death.wav,exact_filename_case_insensitive,ok,,,[],0,True,,True,True,True,True,7701,22050,0.3492517006802721,True,5589,0.3493125,True,0.3492517006802721,0fb35814fdf3931c97ed9e17a843690f0d28ac8aa5b24289dc6ec0a70f4cc658,True,automatic unconstrained IPA hypothesis; not ground truth or automatic relabeling
AN19-rec-a5c2e3a7a255c907be17,AN19.SPA.sf1,SPA,food,sf1ew28 food.wav,sf1ew28 food.wav,exact_filename_case_insensitive,ok,,,[],0,True,,True,True,True,True,6757,22050,0.30643990929705217,True,4904,0.3065,True,0.30643990929705217,f9c382ffc565c4aee663c5cd633cf40c97d10dc906082e0ebc9f60025fe89e6f,True,automatic unconstrained IPA hypothesis; not ground truth or automatic relabeling
AN19-rec-d2fc51d03e76279d5116,AN19.SPA.sf1,SPA,deep,sf1ew35 deep.wav,sf1ew35 deep.wav,exact_filename_case_insensitive,ok,,,[],0,True,,True,True,True,True,5942,22050,0.2694784580498866,True,4312,0.2695,True,0.2694784580498866,29912627abf6f5ccda9f02bac0c446af5b7fefd0153981a594b792b5c6a19db1,True,automatic unconstrained IPA hypothesis; not ground truth or automatic relabeling
AN19-rec-630870b0bb5e87452efa,AN19.SPA.sf1,SPA,fool,sf1ew71 fool.wav,sf1ew71 fool.wav,exact_filename_case_insensitive,ok,,,[],0,True,,True,True,True,True,8823,22050,0.4001360544217687,True,6403,0.4001875,True,0.4001360544217687,7644b6003c31b7cb54466d542004dea3284665fe5b262da047631a17f3b0cf9b,True,automatic unconstrained IPA hypothesis; not ground truth or automatic relabeling
AN19-rec-2b7db0fb3599637a9dc5,AN19.SPA.sf1,SPA,fade,sf1hw12 fade.wav,sf1hw12 fade.wav,exact_filename_case_insensitive,ok,,,[],0,True,,True,True,True,True,8212,22050,0.3724263038548753,True,5959,0.3724375,True,0.3724263038548753,dfbb0688312713166ca76103ddc51c04e24c1c7698d591ea6caef47fa889f64c,True,automatic unconstrained IPA hypothesis; not ground truth or automatic relabeling
AN19-rec-1a91d007b7360c883b55,AN19.SPA.sf1,SPA,mitt,sf1hw19 mitt.wav,sf1hw19 mitt.wav,exact_filename_case_insensitive,ok,,,[],0,True,,True,True,True,True,7375,22050,0.3344671201814059,True,5352,0.3345,True,0.3344671201814059,8c7685dd1a94e484cc5c155ad3f56afdcb5b3eab8469583433ec94abf0ee8b04,True,automatic unconstrained IPA hypothesis; not ground truth or automatic relabeling
AN19-rec-0650af8d758d9b8543c3,AN19.SPA.sf1,SPA,pat,sf1hw21 pat.wav,sf1hw21 pat.wav,exact_filename_case_insensitive,ok,,,[],0,True,,True,True,True,True,6348,22050,0.287891156462585,True,4607,0.2879375,True,0.287891156462585,67b48ae98d4f6b0215790b25d8c93cb049c11bdeccdac1250a284e9482721265,True,automatic unconstrained IPA hypothesis; not ground truth or automatic relabeling
AN19-rec-477230cd741577fb98ca,AN19.SPA.sf1,SPA,pup,sf1hw23 pup.wav,sf1hw23 pup.wav,exact_filename_case_insensitive,ok,,,[],0,True,,True,True,True,True,4863,22050,0.22054421768707483,True,3529,0.2205625,True,0.22054421768707483,3bf80b258f294fdebfcc4201c771fdb80b2056a1d3d1d995f7068e9298119870,True,automatic unconstrained IPA hypothesis; not ground truth or automatic relabeling
AN19-rec-57ba6066761d86d2cd34,AN19.SPA.sf1,SPA,rat,sf1hw24 rat.wav,sf1hw24 rat.wav,exact_filename_case_insensitive,ok,,,[],0,True,,True,True,True,True,8605,22050,0.39024943310657595,True,6244,0.39025,True,0.39024943310657595,1406bcc9eefd77f708f93cdd9b4c77f0bbeb1f55789325d3855a21c89b563819,True,automatic unconstrained IPA hypothesis; not ground truth or automatic relabeling
AN19-rec-041e2e8682f39d76d522,AN19.SPA.sf1,SPA,wed,sf1hw31 wed.wav,sf1hw31 wed.wav,exact_filename_case_insensitive,ok,,,[],0,True,,True,True,True,True,8913,22050,0.4042176870748299,True,6468,0.40425,True,0.4042176870748299,8921369b9154539532fa7a160bd32854f4017c46fee0b80e239728cb3db49bf5,True,automatic unconstrained IPA hypothesis; not ground truth or automatic relabeling
AN19-rec-5dafb80200256823a1b5,AN19.SPA.sf1,SPA,wad,sf1hw40 wad.wav,sf1hw40 wad.wav,exact_filename_case_insensitive,ok,,,[],0,True,,True,True,True,True,8730,22050,0.39591836734693875,True,6335,0.3959375,True,0.39591836734693875,16bf1ba51871cbbf73b6d391ef0bd5f38dea02ca1aa28bb4148ec81e894852ec,True,automatic unconstrained IPA hypothesis; not ground truth or automatic relabeling
AN19-rec-051ee5bae748dbe028d9,AN19.SPA.sf1,SPA,wick,sf1hw56 wick.wav,sf1hw56 wick.wav,exact_filename_case_insensitive,ok,,,[],0,True,,True,True,True,True,8275,22050,0.37528344671201813,True,6005,0.3753125,True,0.37528344671201813,be3f9f5bd0d8833a6c26f0fd2c916b643513dae04ca0e296e08008d51d4108cb,True,automatic unconstrained IPA hypothesis; not ground truth or automatic relabeling
AN19-rec-b62095d05605fdea852a,AN19.SPA.sf1,SPA,hurl,sf1hw57 hurl.wav,sf1hw57 hurl.wav,exact_filename_case_insensitive,ok,,,[],0,True,,True,True,True,True,10757,22050,0.48784580498866215,True,7806,0.487875,True,0.48784580498866215,3e5b3706a3a6f77b1bfea9ed55b5895f0656aa38045da90d1a718f44cc50662b,True,automatic unconstrained IPA hypothesis; not ground truth or automatic relabeling
AN19-rec-3994f74c3f7f0bbc2879,AN19.SPA.sf2,SPA,give,sf2ew09 give.wav,sf2ew09 give.wav,exact_filename_case_insensitive,ok,,,[],0,True,,True,True,True,True,8382,22050,0.38013605442176873,True,6083,0.3801875,True,0.38013605442176873,8d14f53d45f11a5b937f284d8c3bbf368f9dfef87d5cca6dee6b1540064607f0,True,automatic unconstrained IPA hypothesis; not ground truth or automatic relabeling
AN19-rec-2185b03a12a4fa59df92,AN19.SPA.sf2,SPA,death,sf2ew16 death.wav,sf2ew16 death.wav,exact_filename_case_insensitive,ok,,,[],0,True,,True,True,True,True,7417,22050,0.3363718820861678,True,5382,0.336375,True,0.3363718820861678,e66286e86d5dc7298b487f9ca676034b6a3551217aa0f9611dd1283b8af70ff8,True,automatic unconstrained IPA hypothesis; not ground truth or automatic relabeling
AN19-rec-d7bb56eb07af43a5232b,AN19.SPA.sf2,SPA,deep,sf2ew35 deep.wav,sf2ew35 deep.wav,exact_filename_case_insensitive,ok,,,[],0,True,,True,True,True,True,7376,22050,0.3345124716553288,True,5353,0.3345625,True,0.3345124716553288,e566db19fab32560449aa517bad6cf166b6547fb1c583efb2405b98e0545800b,True,automatic unconstrained IPA hypothesis; not ground truth or automatic relabeling
AN19-rec-868375cd1a827db5fed3,AN19.SPA.sf2,SPA,ship,sf2ew47 ship.wav,sf2ew47 ship.wav,exact_filename_case_insensitive,ok,,,[],0,True,,True,True,True,True,9096,22050,0.4125170068027211,True,6601,0.4125625,True,0.4125170068027211,45e1185c1233af7e31631537c2fc015c10c1feefef768e123de278199d8a33b9,True,automatic unconstrained IPA hypothesis; not ground truth or automatic relabeling
AN19-rec-e95ed8993b048d9ad3ee,AN19.SPA.sf2,SPA,neck,sf2ew48 neck.wav,sf2ew48 neck.wav,exact_filename_case_insensitive,ok,,,[],0,True,,True,True,True,True,8528,22050,0.38675736961451246,True,6189,0.3868125,True,0.38675736961451246,6a544e94088863272b4662a73d72fabc014f9766e59641e3ddb0ea4e0d0c3b05,True,automatic unconstrained IPA hypothesis; not ground truth or automatic relabeling
AN19-rec-0c0f4bd6a0fbc21ff025,AN19.SPA.sf2,SPA,dog,sf2ew51 dog.wav,sf2ew51 dog.wav,exact_filename_case_insensitive,ok,,,[],0,True,,True,True,True,True,8822,22050,0.4000907029478458,True,6402,0.400125,True,0.4000907029478458,ccd55c4b9079565c88545cab9faea46d7cefad157e20fecb06b7a03c4b621620,True,automatic unconstrained IPA hypothesis; not ground truth or automatic relabeling
AN19-rec-01a4870fd3f1c7be6f36,AN19.SPA.sf2,SPA,hung,sf2ew56 hung.wav,sf2ew56 hung.wav,exact_filename_case_insensitive,ok,,,[],0,True,,True,True,True,True,10292,22050,0.4667573696145125,True,7469,0.4668125,True,0.4667573696145125,55c05203c83bd45fdd7f19c3422d4b1eb050ee2500258ed5c2d88d262db98fe4,True,automatic unconstrained IPA hypothesis; not ground truth or automatic relabeling
AN19-rec-8f025b2aafa3dab83266,AN19.SPA.sf2,SPA,shop,sf2ew58 shop.wav,sf2ew58 shop.wav,exact_filename_case_insensitive,ok,,,[],0,True,,True,True,True,True,9613,22050,0.43596371882086166,True,6976,0.436,True,0.43596371882086166,8e34b90c5824579111ba78a41483e2bc5b0fbb9581875fe7e14cd2546da7861d,True,automatic unconstrained IPA hypothesis; not ground truth or automatic relabeling
AN19-rec-63ce1d4b2c072b83f9cb,AN19.SPA.sf2,SPA,path,sf2ew67 path.wav,sf2ew67 path.wav,exact_filename_case_insensitive,ok,,,[],0,True,,True,True,True,True,7238,22050,0.32825396825396824,True,5253,0.3283125,True,0.32825396825396824,f824be5df6c12a917a5f504e51a44a0c94da24e9ae25cd68dc25107047d2c235,True,automatic unconstrained IPA hypothesis; not ground truth or automatic relabeling
AN19-rec-db3f524737075f8655c5,AN19.SPA.sf2,SPA,pup,sf2hw23 pup.wav,sf2hw23 pup.wav,exact_filename_case_insensitive,ok,,,[],0,True,,True,True,True,True,5298,22050,0.24027210884353742,True,3845,0.2403125,True,0.24027210884353742,8165733794c25bbe9f76ec4af5726e98ed5c1df70a4dc0569c1ea4c8f3f292e0,True,automatic unconstrained IPA hypothesis; not ground truth or automatic relabeling
AN19-rec-5f2bd3210316443ab633,AN19.SPA.sf3,SPA,shape,sf3ew45 shape.wav,sf3ew45 shape.wav,exact_filename_case_insensitive,ok,,,[],0,True,,True,True,True,True,7763,22050,0.3520634920634921,True,5634,0.352125,True,0.3520634920634921,ad35ce83739a1be3c50b33bae2a4241af8c651c3d52a0362d00aacc956dc00a2,True,automatic unconstrained IPA hypothesis; not ground truth or automatic relabeling
AN19-rec-a5fa5cd079adf7afaa10,AN19.SPA.sf3,SPA,ship,sf3ew47 ship.wav,sf3ew47 ship.wav,exact_filename_case_insensitive,ok,,,[],0,True,,True,True,True,True,7611,22050,0.3451700680272109,True,5523,0.3451875,True,0.3451700680272109,8add61ddc97ad08f8d3e545e9a4b4f89b114e8ba2e737f1df22c6aaf74310b9f,True,automatic unconstrained IPA hypothesis; not ground truth or automatic relabeling
AN19-rec-86a7c2b24422a0c6afeb,AN19.SPA.sf3,SPA,shop,sf3ew58 shop.wav,sf3ew58 shop.wav,exact_filename_case_insensitive,ok,,,[],0,True,,True,True,True,True,9054,22050,0.41061224489795917,True,6570,0.410625,True,0.41061224489795917,028389ba31cf8eed3e9aca0a5132edd56ef5b92d53e94b686efbfef2c9413162,True,automatic unconstrained IPA hypothesis; not ground truth or automatic relabeling
AN19-rec-fd691902c33571404e73,AN19.SPA.sf3,SPA,fig,sf3ew75 fig.wav,sf3ew75 fig.wav,exact_filename_case_insensitive,ok,,,[],0,True,,True,True,True,True,11016,22050,0.4995918367346939,True,7994,0.499625,True,0.4995918367346939,97cae8b865ea5f6172ef38312e6df5e8f1ad8add4af74361fc9f8f8003574c44,True,automatic unconstrained IPA hypothesis; not ground truth or automatic relabeling
AN19-rec-7f46679e15585dec35a4,AN19.SPA.sf3,SPA,bead,sf3hw02 bead.wav,sf3hw02 bead.wav,exact_filename_case_insensitive,ok,,,[],0,True,,True,True,True,True,7395,22050,0.33537414965986395,True,5366,0.335375,True,0.33537414965986395,a67944a83965677243a66022df90132b9691d90f4780e3829ea589404964238c,True,automatic unconstrained IPA hypothesis; not ground truth or automatic relabeling
AN19-rec-d6fdeccaa6e7ab45be48,AN19.SPA.sf3,SPA,whore,sf3hw33 whore.wav,sf3hw33 whore.wav,exact_filename_case_insensitive,ok,,,[],0,True,,True,True,True,True,6565,22050,0.2977324263038549,True,4764,0.29775,True,0.2977324263038549,cc079ef8ff0278c060988bb7a63791a1f916ec19254a088dde6620dd2ae12d3b,True,automatic unconstrained IPA hypothesis; not ground truth or automatic relabeling
AN19-rec-1710f46fa1d81ea5663c,AN19.SPA.sf3,SPA,hid,sf3hw61 hid.wav,sf3hw61 hid.wav,exact_filename_case_insensitive,ok,,,[],0,True,,True,True,True,True,11883,22050,0.5389115646258503,True,8623,0.5389375,True,0.5389115646258503,4cd5d775296127900e57ad19b1757d3948a95dc3450723467b92708169e2fceb,True,automatic unconstrained IPA hypothesis; not ground truth or automatic relabeling
AN19-rec-e10cfe36c9b1ff0c4a70,AN19.SPA.sf3,SPA,weed,sf3hw75 weed.wav,sf3hw75 weed.wav,exact_filename_case_insensitive,ok,,,[],0,True,,True,True,True,True,4507,22050,0.20439909297052153,True,3271,0.2044375,True,0.20439909297052153,9a3510673127be4a8aa2b9b37c184b4726bb4ffc647b2024e2cd8d461c2ddf04,True,automatic unconstrained IPA hypothesis; not ground truth or automatic relabeling
AN19-rec-372956041dec0c0d2066,AN19.SPA.sf4,SPA,young,sf4ew10 young.wav,sf4ew10 young.wav,exact_filename_case_insensitive,ok,,,[],0,True,,True,True,True,True,11917,22050,0.540453514739229,True,8648,0.5405,True,0.540453514739229,bc5074eaf2c2e95707e32930bdd7e2be438671cc3aeda09cdf94f9b476979646,True,automatic unconstrained IPA hypothesis; not ground truth or automatic relabeling
AN19-rec-89b5e6dc015cd4a46733,AN19.SPA.sf4,SPA,ship,sf4ew47 ship.wav,sf4ew47 ship.wav,exact_filename_case_insensitive,ok,,,[],0,True,,True,True,True,True,8859,22050,0.4017687074829932,True,6429,0.4018125,True,0.4017687074829932,1b6d9ca969bef7d83aa5974cabcfee4abc2e93adc989a1d333c660c93051ada1,True,automatic unconstrained IPA hypothesis; not ground truth or automatic relabeling
AN19-rec-9bcf801ba54649708bc7,AN19.SPA.sf4,SPA,shop,sf4ew58 shop.wav,sf4ew58 shop.wav,exact_filename_case_insensitive,ok,,,[],0,True,,True,True,True,True,7536,22050,0.3417687074829932,True,5469,0.3418125,True,0.3417687074829932,2c1b387db071d1c40e9a84b3ed614ed0617b9812571ba92d8dde239454077015,True,automatic unconstrained IPA hypothesis; not ground truth or automatic relabeling
AN19-rec-3b03631b06314b9906d5,AN19.SPA.sf4,SPA,pup,sf4hw23 pup.wav,sf4hw23 pup.wav,exact_filename_case_insensitive,ok,,,[],0,True,,True,True,True,True,9457,22050,0.4288888888888889,True,6863,0.4289375,True,0.4288888888888889,6b4732a889c8e43a652f3d64eb8f0d6bbab9de7e9c6c47e3a6f77a6aee06934a,True,automatic unconstrained IPA hypothesis; not ground truth or automatic relabeling
AN19-rec-0627c4603a201fffd24a,AN19.SPA.sf4,SPA,wed,sf4hw31 wed.wav,sf4hw31 wed.wav,exact_filename_case_insensitive,ok,,,[],0,True,,True,True,True,True,12116,22050,0.5494784580498866,True,8792,0.5495,True,0.5494784580498866,c45927781653d9d4057f23789e3ebec5df517544b0a4a65b57975149880023a8,True,automatic unconstrained IPA hypothesis; not ground truth or automatic relabeling
AN19-rec-011d47b710ba9c61308f,AN19.SPA.sf4,SPA,whore,sf4hw33 whore.wav,sf4hw33 whore.wav,exact_filename_case_insensitive,ok,,,[],0,True,,True,True,True,True,11118,22050,0.50421768707483,True,8068,0.50425,True,0.50421768707483,4383157eb06d8684e5de3a343627928673a9dd34adde295ff5075fec277a9487,True,automatic unconstrained IPA hypothesis; not ground truth or automatic relabeling
AN19-rec-dee0df02287f74fb1b0f,AN19.SPA.sf4,SPA,wrong,sf4hw34 wrong.wav,sf4hw34 wrong.wav,exact_filename_case_insensitive,ok,,,[],0,True,,True,True,True,True,13586,22050,0.6161451247165532,True,9859,0.6161875,True,0.6161451247165532,1d1d0904ebbca23a81fa1b6491d13182b939accd8a3fb56cbb2285f65a5195c7,True,automatic unconstrained IPA hypothesis; not ground truth or automatic relabeling
AN19-rec-75cfff6bcefc36be9ce6,AN19.SPA.sf4,SPA,wad,sf4hw40 wad.wav,sf4hw40 wad.wav,exact_filename_case_insensitive,ok,,,[],0,True,,True,True,True,True,10246,22050,0.46467120181405897,True,7435,0.4646875,True,0.46467120181405897,cb1805f63b50129bbf1af36bbfe5ad8ab12a8e6ecb1787891de90bd8b10ac0b8,True,automatic unconstrained IPA hypothesis; not ground truth or automatic relabeling
AN19-rec-2d408b07b5ade6c6df94,AN19.SPA.sf4,SPA,wick,sf4hw56 wick.wav,sf4hw56 wick.wav,exact_filename_case_insensitive,ok,,,[],0,True,,True,True,True,True,8629,22050,0.3913378684807256,True,6262,0.391375,True,0.3913378684807256,ef8e7bb241c6307e73d8f912f2a41708cc27d69b86f50c164266719dfc38bc65,True,automatic unconstrained IPA hypothesis; not ground truth or automatic relabeling
AN19-rec-2bca8d526322df415e13,AN19.SPA.sf4,SPA,wave,sf4hw74 wave.wav,sf4hw74 wave.wav,exact_filename_case_insensitive,ok,,,[],0,True,,True,True,True,True,11133,22050,0.5048979591836734,True,8079,0.5049375,True,0.5048979591836734,3fdc446cbfa073e7c8c366e4faccab392b7c924c72f14202cf4e20abb70c8842,True,automatic unconstrained IPA hypothesis; not ground truth or automatic relabeling
AN19-rec-996874fb3073c4ddfc7d,AN19.SPA.sf4,SPA,weed,sf4hw75 weed.wav,sf4hw75 weed.wav,exact_filename_case_insensitive,ok,,,[],0,True,,True,True,True,True,7364,22050,0.33396825396825397,True,5344,0.334,True,0.33396825396825397,cd018d9dad9c76fef6f375c29f99c057ecb3cc9ba5cf8f0cb7bdd0c189985251,True,automatic unconstrained IPA hypothesis; not ground truth or automatic relabeling
AN19-rec-bcdf613b6cea41c55f9d,AN19.SPA.sf6,SPA,both,sf6ew05 both.wav,sf6ew05 both.wav,exact_filename_case_insensitive,ok,,,[],0,True,,True,True,True,True,7590,22050,0.3442176870748299,True,5508,0.34425,True,0.3442176870748299,1307caad63504a89a1beb24732f84ad1439180243d8007d64c35a23abe332df1,True,automatic unconstrained IPA hypothesis; not ground truth or automatic relabeling
AN19-rec-83d8a6d73dffa23deeeb,AN19.SPA.sf6,SPA,put,sf6ew08 put.wav,sf6ew08 put.wav,exact_filename_case_insensitive,ok,,,[],0,True,,True,True,True,True,6875,22050,0.31179138321995464,True,4989,0.3118125,True,0.31179138321995464,35ea14d6ca0131e85a562e9a6c535385aa354c14c114eae3041dc02dd6940e4d,True,automatic unconstrained IPA hypothesis; not ground truth or automatic relabeling
AN19-rec-a8c3f764d5bbe5750099,AN19.SPA.sf6,SPA,job,sf6ew20 job.wav,sf6ew20 job.wav,exact_filename_case_insensitive,ok,,,[],0,True,,True,True,True,True,5871,22050,0.26625850340136054,True,4261,0.2663125,True,0.26625850340136054,9f7f46b517d882c9c093b1e03f784ca03f2024500a1cb40f621aae01bb6ce113,True,automatic unconstrained IPA hypothesis; not ground truth or automatic relabeling
AN19-rec-8e58ef2609d146fc56aa,AN19.SPA.sf6,SPA,ship,sf6ew47 ship.wav,sf6ew47 ship.wav,exact_filename_case_insensitive,ok,,,[],0,True,,True,True,True,True,6361,22050,0.2884807256235828,True,4616,0.2885,True,0.2884807256235828,941ae879d9f4c47ad544bc35db7824717b73dcabcaddf2a27a5f115235b99f2e,True,automatic unconstrained IPA hypothesis; not ground truth or automatic relabeling
AN19-rec-5913d0148bc4ce05257e,AN19.SPA.sf6,SPA,bud,sf6hw41 bud.wav,sf6hw41 bud.wav,exact_filename_case_insensitive,ok,,,[],0,True,,True,True,True,True,8185,22050,0.3712018140589569,True,5940,0.37125,True,0.3712018140589569,b9e21583bedf74faca5e699b49bdcc76ea0736d5e9ba0c83a9c2e02d4935b9ef,True,automatic unconstrained IPA hypothesis; not ground truth or automatic relabeling
AN19-rec-95681c181e95fcb909c0,AN19.SPA.sf6,SPA,pad,sf6hw45 pad.wav,sf6hw45 pad.wav,exact_filename_case_insensitive,ok,,,[],0,True,,True,True,True,True,9601,22050,0.43541950113378686,True,6967,0.4354375,True,0.43541950113378686,9bcc26d6c9c92196bc166256f43075290ff79020e857a06f5356338eea3fad57,True,automatic unconstrained IPA hypothesis; not ground truth or automatic relabeling
AN19-rec-202dd0dbdb2d0f1500db,AN19.SPA.sf6,SPA,hurl,sf6hw57 hurl.wav,sf6hw57 hurl.wav,exact_filename_case_insensitive,ok,,,[],0,True,,True,True,True,True,10607,22050,0.48104308390022676,True,7697,0.4810625,True,0.48104308390022676,c1007f07acbe7448071fc35c2de125f47cdca5ad2c39231193e44d700bcb3786,True,automatic unconstrained IPA hypothesis; not ground truth or automatic relabeling
AN19-rec-7192841ead425fc083a0,AN19.SPA.sf6,SPA,weed,sf6hw75 weed.wav,sf6hw75 weed.wav,exact_filename_case_insensitive,ok,,,[],0,True,,True,True,True,True,8339,22050,0.3781859410430839,True,6051,0.3781875,True,0.3781859410430839,cea9ba841d0ac20ea17841537362c20fd0dbbb0e3f757c1a70384e9961d3c8ef,True,automatic unconstrained IPA hypothesis; not ground truth or automatic relabeling
AN19-rec-88cb3423188bb4e5ee63,AN19.SPA.sm2,SPA,down,sm2ew02 down.wav,sm2ew02 down.wav,exact_filename_case_insensitive,ok,,,[],0,True,,True,True,True,True,8336,22050,0.37804988662131517,True,6049,0.3780625,True,0.37804988662131517,96a86f680dfcdd7dc3757acf5b254c3327afe4073ce600e353bc71e67f2090ed,True,automatic unconstrained IPA hypothesis; not ground truth or automatic relabeling
AN19-rec-f0ad27b383ff78f27c7c,AN19.SPA.sm2,SPA,both,sm2ew05 both.wav,sm2ew05 both.wav,exact_filename_case_insensitive,ok,,,[],0,True,,True,True,True,True,8896,22050,0.4034467120181406,True,6456,0.4035,True,0.4034467120181406,b03b366c9d64a404de76befb467b054505db6a6be762912220b3f3b7189f7319,True,automatic unconstrained IPA hypothesis; not ground truth or automatic relabeling
AN19-rec-5a76bdb93c40cca91589,AN19.SPA.sm2,SPA,thought,sm2ew06 thought.wav,sm2ew06 thought.wav,exact_filename_case_insensitive,ok,,,[],0,True,,True,True,True,True,7528,22050,0.34140589569160995,True,5463,0.3414375,True,0.34140589569160995,c7836565613b98030630253cfe8a080a69cd982d354aacb1fe9e1259dd39cfcc,True,automatic unconstrained IPA hypothesis; not ground truth or automatic relabeling
AN19-rec-d7e77d51a8691923862c,AN19.SPA.sm2,SPA,put,sm2ew08 put.wav,sm2ew08 put.wav,exact_filename_case_insensitive,ok,,,[],0,True,,True,True,True,True,6168,22050,0.27972789115646257,True,4476,0.27975,True,0.27972789115646257,7e2c377f4b7b9c16b678f5da7282c3ec17b7e682089cc582e23f1b85ef8683f2,True,automatic unconstrained IPA hypothesis; not ground truth or automatic relabeling
AN19-rec-f3683ef92868852e80c5,AN19.SPA.sm2,SPA,god,sm2ew13 god.wav,sm2ew13 god.wav,exact_filename_case_insensitive,ok,,,[],0,True,,True,True,True,True,8472,22050,0.38421768707482995,True,6148,0.38425,True,0.38421768707482995,c37a1169549e08a58d235d134742eb11ecb050a5aca50c842ea6bd23e7988399,True,automatic unconstrained IPA hypothesis; not ground truth or automatic relabeling
AN19-rec-a2d4bb812f574e0d2a63,AN19.SPA.sm2,SPA,job,sm2ew20 job.wav,sm2ew20 job.wav,exact_filename_case_insensitive,ok,,,[],0,True,,True,True,True,True,6528,22050,0.2960544217687075,True,4737,0.2960625,True,0.2960544217687075,02559284e7be69c40e1e6e62b97b96602d34ea83706f50f91e49bde7a4d58fb9,True,automatic unconstrained IPA hypothesis; not ground truth or automatic relabeling
AN19-rec-194d900377384999ce19,AN19.SPA.sm2,SPA,firm,sm2ew36 firm.wav,sm2ew36 firm.wav,exact_filename_case_insensitive,ok,,,[],0,True,,True,True,True,True,9065,22050,0.4111111111111111,True,6578,0.411125,True,0.4111111111111111,a6b4f9e61bd0c4941557e4c06e48bf288ab1b647129c2365b33395bdadf98993,True,automatic unconstrained IPA hypothesis; not ground truth or automatic relabeling
AN19-rec-50c74888c3fa58abb4b4,AN19.SPA.sm2,SPA,teeth,sm2ew40 teeth.wav,sm2ew40 teeth.wav,exact_filename_case_insensitive,ok,,,[],0,True,,True,True,True,True,7240,22050,0.32834467120181404,True,5254,0.328375,True,0.32834467120181404,f0617361fc966fd7678233db21a7b94b2aed321643759494e51e07a94860141d,True,automatic unconstrained IPA hypothesis; not ground truth or automatic relabeling
AN19-rec-ae6320f7de33a8bb8d94,AN19.SPA.sm2,SPA,roof,sm2ew59 roof.wav,sm2ew59 roof.wav,exact_filename_case_insensitive,ok,,,[],0,True,,True,True,True,True,9747,22050,0.44204081632653064,True,7073,0.4420625,True,0.44204081632653064,92995fe59fc48b584670bd10bc6bb30cb673080c01f712f647c2a5f6f7509c88,True,automatic unconstrained IPA hypothesis; not ground truth or automatic relabeling
AN19-rec-ddc659a09dd51ee13971,AN19.SPA.sm2,SPA,curve,sm2ew66 curve.wav,sm2ew66 curve.wav,exact_filename_case_insensitive,ok,,,[],0,True,,True,True,True,True,9832,22050,0.44589569160997733,True,7135,0.4459375,True,0.44589569160997733,e01379fd6a33af21fd279ef5945c3f357120015c1786c84865e80db68e66f16d,True,automatic unconstrained IPA hypothesis; not ground truth or automatic relabeling
AN19-rec-dd85eb8af11eb02aa02e,AN19.SPA.sm2,SPA,path,sm2ew67 path.wav,sm2ew67 path.wav,exact_filename_case_insensitive,ok,,,[],0,True,,True,True,True,True,7707,22050,0.3495238095238095,True,5593,0.3495625,True,0.3495238095238095,a04743ebb016c5d169d78600abf87da98d42dbb82574d132ff90fe9e4d63c5c2,True,automatic unconstrained IPA hypothesis; not ground truth or automatic relabeling
AN19-rec-1fc4536e2e6a41a30e40,AN19.SPA.sm2,SPA,dirt,sm2ew68 dirt.wav,sm2ew68 dirt.wav,exact_filename_case_insensitive,ok,,,[],0,True,,True,True,True,True,9508,22050,0.4312018140589569,True,6900,0.43125,True,0.4312018140589569,852ee2a2b007dbc6999bff99535134d2a98516baaa76da091cc1a0407509df26,True,automatic unconstrained IPA hypothesis; not ground truth or automatic relabeling
AN19-rec-aacd4e29264591a47a72,AN19.SPA.sm2,SPA,rough,sm2ew70 rough.wav,sm2ew70 rough.wav,exact_filename_case_insensitive,ok,,,[],0,True,,True,True,True,True,11919,22050,0.5405442176870748,True,8649,0.5405625,True,0.5405442176870748,91a2b195e5053143ec56bc6943d6c8402f48d4dcd1d25bb304eed511ef523a81,True,automatic unconstrained IPA hypothesis; not ground truth or automatic relabeling
AN19-rec-44ce7616d720b0b28270,AN19.SPA.sm2,SPA,fig,sm2ew75 fig.wav,sm2ew75 fig.wav,exact_filename_case_insensitive,ok,,,[],0,True,,True,True,True,True,9145,22050,0.4147392290249433,True,6636,0.41475,True,0.4147392290249433,1f730628aac6d5ab80a65ec839d3162d4351f13aa185c8111f81299391fea71f,True,automatic unconstrained IPA hypothesis; not ground truth or automatic relabeling
AN19-rec-1a3939a22d963c350b09,AN19.SPA.sm2,SPA,bead,sm2hw02 bead.wav,sm2hw02 bead.wav,exact_filename_case_insensitive,ok,,,[],0,True,,True,True,True,True,6617,22050,0.3000907029478458,True,4802,0.300125,True,0.3000907029478458,0d63a30a3657487a386c2d66a4a909a024aff7cd7a54d38b22310b7dfcadda42,True,automatic unconstrained IPA hypothesis; not ground truth or automatic relabeling
AN19-rec-707736189d4023820911,AN19.SPA.sm2,SPA,chat,sm2hw06 chat.wav,sm2hw06 chat.wav,exact_filename_case_insensitive,ok,,,[],0,True,,True,True,True,True,10063,22050,0.4563718820861678,True,7302,0.456375,True,0.4563718820861678,43d41211b3c51ce442d2763b43af6b344b4b388cc9a60362fc0ef2e02fe49e5a,True,automatic unconstrained IPA hypothesis; not ground truth or automatic relabeling
AN19-rec-7b1d923d45e03d91a55f,AN19.SPA.sm2,SPA,caught,sm2hw09 caught.wav,sm2hw09 caught.wav,exact_filename_case_insensitive,ok,,,[],0,True,,True,True,True,True,4129,22050,0.1872562358276644,True,2997,0.1873125,True,0.1872562358276644,11fe4e03591edfa015df175732e5f77d6b8d74a7c93d260ec079b22d03c3076d,True,automatic unconstrained IPA hypothesis; not ground truth or automatic relabeling
AN19-rec-89b404d3ce3edef8a94d,AN19.SPA.sm2,SPA,pup,sm2hw23 pup.wav,sm2hw23 pup.wav,exact_filename_case_insensitive,ok,,,[],0,True,,True,True,True,True,3511,22050,0.15922902494331065,True,2548,0.15925,True,0.15922902494331065,bd8f93fa8a3e67e05a38759bb92892a16512f8cb7d2647ce4b1ef7a31d733b5d,True,automatic unconstrained IPA hypothesis; not ground truth or automatic relabeling
AN19-rec-b2af0fedbf43563f13c1,AN19.SPA.sm2,SPA,wed,sm2hw31 wed.wav,sm2hw31 wed.wav,exact_filename_case_insensitive,ok,,,[],0,True,,True,True,True,True,7237,22050,0.32820861678004537,True,5252,0.32825,True,0.32820861678004537,f66e7093783bce1eee33d7b2430d76962caa0fbe1d535eba010e9bb506162680,True,automatic unconstrained IPA hypothesis; not ground truth or automatic relabeling
AN19-rec-f3f4fc89bed55fb3b2f1,AN19.SPA.sm2,SPA,whore,sm2hw33 whore.wav,sm2hw33 whore.wav,exact_filename_case_insensitive,ok,,,[],0,True,,True,True,True,True,6183,22050,0.2804081632653061,True,4487,0.2804375,True,0.2804081632653061,e68fb42f0921616f48345dedc1001fc0aef6117d9ca1e8354d5a801513c07c62,True,automatic unconstrained IPA hypothesis; not ground truth or automatic relabeling
AN19-rec-5b76ec86c3b0f1ceadbd,AN19.SPA.sm2,SPA,toot,sm2hw39 toot.wav,sm2hw39 toot.wav,exact_filename_case_insensitive,ok,,,[],0,True,,True,True,True,True,4609,22050,0.2090249433106576,True,3345,0.2090625,True,0.2090249433106576,6a24caac07bbf24e2370f816fdf776fa7a98a73f42038bbc55089c423a6d4549,True,automatic unconstrained IPA hypothesis; not ground truth or automatic relabeling
AN19-rec-7354c23908598bf10021,AN19.SPA.sm2,SPA,pad,sm2hw45 pad.wav,sm2hw45 pad.wav,exact_filename_case_insensitive,ok,,,[],0,True,,True,True,True,True,7648,22050,0.3468480725623583,True,5550,0.346875,True,0.3468480725623583,e942561f5b75cd8afce9141da468ba7dae5371b6ed1313d2f545531ce08fb059,True,automatic unconstrained IPA hypothesis; not ground truth or automatic relabeling
AN19-rec-39297c20a353a02bb8d2,AN19.SPA.sm2,SPA,cod,sm2hw47 cod.wav,sm2hw47 cod.wav,exact_filename_case_insensitive,ok,,,[],0,True,,True,True,True,True,5804,22050,0.2632199546485261,True,4212,0.26325,True,0.2632199546485261,8078f67ab1627e8599e26980f2cf1ae557ed7aa82edcecf143be829a029560dc,True,automatic unconstrained IPA hypothesis; not ground truth or automatic relabeling
AN19-rec-6805a60f4d2fc65e021d,AN19.SPA.sm2,SPA,mid,sm2hw55 mid.wav,sm2hw55 mid.wav,exact_filename_case_insensitive,ok,,,[],0,True,,True,True,True,True,6683,22050,0.30308390022675735,True,4850,0.303125,True,0.30308390022675735,86c7c111268f58ed8cea12ef6f37d97c4f3dcdf187123e6f3c2e42ff0e804f2e,True,automatic unconstrained IPA hypothesis; not ground truth or automatic relabeling
AN19-rec-fbdb5a908162487d5f7d,AN19.SPA.sm2,SPA,hurl,sm2hw57 hurl.wav,sm2hw57 hurl.wav,exact_filename_case_insensitive,ok,,,[],0,True,,True,True,True,True,9926,22050,0.45015873015873015,True,7203,0.4501875,True,0.45015873015873015,a77b4f573fdbf8e6fa54b945f5a42dc5860976c9b6284fc2cfe0d1b3b209a3c4,True,automatic unconstrained IPA hypothesis; not ground truth or automatic relabeling
AN19-rec-6cee6304409145e2b6ee,AN19.SPA.sm2,SPA,route,sm2hw68 route.wav,sm2hw68 route.wav,exact_filename_case_insensitive,ok,,,[],0,True,,True,True,True,True,8922,22050,0.40462585034013604,True,6475,0.4046875,True,0.40462585034013604,61a84f18f1e83b982d44475ce35f233417e587ea9f913db24326f06500c1585f,True,automatic unconstrained IPA hypothesis; not ground truth or automatic relabeling
AN19-rec-03d6a7c3958fba5bf210,AN19.SPA.sm3,SPA,job,sm3ew20 job.wav,sm3ew20 job.wav,exact_filename_case_insensitive,ok,,,[],0,True,,True,True,True,True,9344,22050,0.42376417233560093,True,6781,0.4238125,True,0.42376417233560093,99ba597c2753128bbcc17a277f0bf7b7a70090292984fa07917df0cbdbb11a91,True,automatic unconstrained IPA hypothesis; not ground truth or automatic relabeling
AN19-rec-f5f561e2bb36d29d3cca,AN19.SPA.sm3,SPA,wrong,sm3ew31 wrong.wav,sm3ew31 wrong.wav,exact_filename_case_insensitive,ok,,,[],0,True,,True,True,True,True,8702,22050,0.3946485260770975,True,6315,0.3946875,True,0.3946485260770975,478e47d8df91344d1d42d3532e5e3e86611fe36ed60ac94e866214d5c4095659,True,automatic unconstrained IPA hypothesis; not ground truth or automatic relabeling
AN19-rec-e4ce0b2b6eb5f9a1016f,AN19.SPA.sm3,SPA,ten,sm3hw30 ten.wav,sm3hw30 ten.wav,exact_filename_case_insensitive,ok,,,[],0,True,,True,True,True,True,9672,22050,0.43863945578231295,True,7019,0.4386875,True,0.43863945578231295,cd6ff4f484d950176d56c9047b1a2b49bedbc65ce3583ec2e8478cf052683801,True,automatic unconstrained IPA hypothesis; not ground truth or automatic relabeling
AN19-rec-af711b67fe5b7672ad16,AN19.SPA.sm3,SPA,mum,sm3hw66 mum.wav,sm3hw66 mum.wav,exact_filename_case_insensitive,ok,,,[],0,True,,True,True,True,True,11616,22050,0.5268027210884354,True,8429,0.5268125,True,0.5268027210884354,c92e1ea8660c9131ae1debee16b1795f2e5127f8b8d97518dc3210c98424f0f3,True,automatic unconstrained IPA hypothesis; not ground truth or automatic relabeling
AN19-rec-8d6f5e313324dfc189b9,AN19.SPA.sm3,SPA,hum,sm3hw70 hum.wav,sm3hw70 hum.wav,exact_filename_case_insensitive,ok,,,[],0,True,,True,True,True,True,12640,22050,0.5732426303854875,True,9172,0.57325,True,0.5732426303854875,066f183a0aa804cb92ecd2f52380e175eebf2c050f9fc0845216ba2866352bfb,True,automatic unconstrained IPA hypothesis; not ground truth or automatic relabeling
AN19-rec-837631edd2f4856ca044,AN19.SPA.sm4,SPA,god,sm4ew13 god.wav,sm4ew13 god.wav,exact_filename_case_insensitive,ok,,,[],0,True,,True,True,True,True,8314,22050,0.3770521541950113,True,6033,0.3770625,True,0.3770521541950113,24ae8b0f2df28748c642e41172e3dad9f3705dd36e709996f7a30fd6a659e40a,True,automatic unconstrained IPA hypothesis; not ground truth or automatic relabeling
AN19-rec-6658727492943798a175,AN19.SPA.sm4,SPA,love,sm4ew21 love.wav,sm4ew21 love.wav,exact_filename_case_insensitive,ok,,,[],0,True,,True,True,True,True,9249,22050,0.4194557823129252,True,6712,0.4195,True,0.4194557823129252,f9f2044575b62f5ac26573c6cfd6c5a4d86aac016d3ce6eb1b445ba0d73d4004,True,automatic unconstrained IPA hypothesis; not ground truth or automatic relabeling
AN19-rec-a9f47e150def741c458a,AN19.SPA.sm4,SPA,shop,sm4ew58 shop.wav,sm4ew58 shop.wav,exact_filename_case_insensitive,ok,,,[],0,True,,True,True,True,True,8591,22050,0.38961451247165535,True,6234,0.389625,True,0.38961451247165535,01adab705c098f6dcc90a962ac0f068dc7e8c3b966db41c92bc90f52f9e46e56,True,automatic unconstrained IPA hypothesis; not ground truth or automatic relabeling
AN19-rec-0750883e4da6098a6a61,AN19.SPA.sm4,SPA,bead,sm4hw02 bead.wav,sm4hw02 bead.wav,exact_filename_case_insensitive,ok,,,[],0,True,,True,True,True,True,4728,22050,0.214421768707483,True,3431,0.2144375,True,0.214421768707483,d6c8523270d4efa1b7d517d567c71df97f1c2666786105da5b6a7ae1a2de3794,True,automatic unconstrained IPA hypothesis; not ground truth or automatic relabeling
AN19-rec-3949a56f8fa2a2076dd9,AN19.SPA.sm4,SPA,wed,sm4hw31 wed.wav,sm4hw31 wed.wav,exact_filename_case_insensitive,ok,,,[],0,True,,True,True,True,True,6796,22050,0.30820861678004535,True,4932,0.30825,True,0.30820861678004535,faadca36746c4759958a19ddb2e9729e04bccc313b2e708f5fb865995ad30fe7,True,automatic unconstrained IPA hypothesis; not ground truth or automatic relabeling
AN19-rec-2a390c4d6ea80e574947,AN19.SPA.sm4,SPA,bud,sm4hw41 bud.wav,sm4hw41 bud.wav,exact_filename_case_insensitive,ok,,,[],0,True,,True,True,True,True,4690,22050,0.2126984126984127,True,3404,0.21275,True,0.2126984126984127,4a1c1033b468ca671f91b283c12e5d6e6ccc89759289f2c61a5f3765b0d1351c,True,automatic unconstrained IPA hypothesis; not ground truth or automatic relabeling
AN19-rec-04891b92375269e28386,AN19.SPA.sm4,SPA,pad,sm4hw45 pad.wav,sm4hw45 pad.wav,exact_filename_case_insensitive,ok,,,[],0,True,,True,True,True,True,7979,22050,0.361859410430839,True,5790,0.361875,True,0.361859410430839,ee68c868e261bcf372f9e77ba4a5649ec62a68b2e93f488a5f30a60c1abbdba8,True,automatic unconstrained IPA hypothesis; not ground truth or automatic relabeling
AN19-rec-0eb8e8b802af35e46619,AN19.SPA.sm4,SPA,cod,sm4hw47 cod.wav,sm4hw47 cod.wav,exact_filename_case_insensitive,ok,,,[],0,True,,True,True,True,True,7495,22050,0.33990929705215417,True,5439,0.3399375,True,0.33990929705215417,21ab55a42f9c9fd4e7145f4d4892ee65fcf6283c0ee025f89d967c08aa410bcd,True,automatic unconstrained IPA hypothesis; not ground truth or automatic relabeling
AN19-rec-3fa6dcff89fc71ac1599,AN19.SPA.sm4,SPA,hid,sm4hw61 hid.wav,sm4hw61 hid.wav,exact_filename_case_insensitive,ok,,,[],0,True,,True,True,True,True,7995,22050,0.3625850340136054,True,5802,0.362625,True,0.3625850340136054,151e99302ccdf9f6816fc4de2e11dd76cd8b79dcd8461d25710dd5cac3fde291,True,automatic unconstrained IPA hypothesis; not ground truth or automatic relabeling
AN19-rec-bc289064a3540e9249c3,AN19.SPA.sm4,SPA,weed,sm4hw75 weed.wav,sm4hw75 weed.wav,exact_filename_case_insensitive,ok,,,[],0,True,,True,True,True,True,5852,22050,0.2653968253968254,True,4247,0.2654375,True,0.2653968253968254,1f7ae959ecb7b0f22cccedb729711c2f5528dff24fb678d8ae5c257869d8bba9,True,automatic unconstrained IPA hypothesis; not ground truth or automatic relabeling
AN19-rec-6c84ed479348be5ab318,AN19.SPA.sm5,SPA,ship,sm5ew47 ship.wav,sm5ew47 ship.wav,exact_filename_case_insensitive,ok,,,[],0,True,,True,True,True,True,13248,22050,0.6008163265306122,True,9614,0.600875,True,0.6008163265306122,809a8988454a3e60b4c2e8c84b3287a50b691c29693939c464ff1081d3f82829,True,automatic unconstrained IPA hypothesis; not ground truth or automatic relabeling
AN19-rec-df37f7a65ddded2142ca,AN19.SPA.sm5,SPA,roof,sm5ew59 roof.wav,sm5ew59 roof.wav,exact_filename_case_insensitive,ok,,,[],0,True,,True,True,True,True,12864,22050,0.5834013605442177,True,9335,0.5834375,True,0.5834013605442177,455478166e54bc406a40148cfc41310b230285411c68110d69e8bbbaceda0607,True,automatic unconstrained IPA hypothesis; not ground truth or automatic relabeling
AN19-rec-fd422dafbd66cdb7f855,AN19.SPA.sm6,SPA,god,sm6ew13 god.wav,sm6ew13 god.wav,exact_filename_case_insensitive,ok,,,[],0,True,,True,True,True,True,7034,22050,0.31900226757369615,True,5105,0.3190625,True,0.31900226757369615,ebe5327a231beaec624de67489a59d97b991759ac322d2a007ae85a3cc172ec8,True,automatic unconstrained IPA hypothesis; not ground truth or automatic relabeling
AN19-rec-66d6f86d275e7301eeef,AN19.SPA.sm7,SPA,death,sm7ew16 death.wav,sm7ew16 death.wav,exact_filename_case_insensitive,ok,,,[],0,True,,True,True,True,True,10210,22050,0.46303854875283446,True,7409,0.4630625,True,0.46303854875283446,cadbcd77e9702bfd469727dbe2a7b7204af3968a9039638366e95963b609c60f,True,automatic unconstrained IPA hypothesis; not ground truth or automatic relabeling
AN19-rec-5ebdb2f7ee85443ceb6f,AN19.SPA.sm7,SPA,deep,sm7ew35 deep.wav,sm7ew35 deep.wav,exact_filename_case_insensitive,ok,,,[],0,True,,True,True,True,True,5281,22050,0.23950113378684806,True,3833,0.2395625,True,0.23950113378684806,0cbf997854baddcc10fb72024733d763f51c02cd33df0310068fb1f007326932,True,automatic unconstrained IPA hypothesis; not ground truth or automatic relabeling
AN19-rec-b975194555a2be684117,AN19.SPA.sm7,SPA,shop,sm7ew58 shop.wav,sm7ew58 shop.wav,exact_filename_case_insensitive,ok,,,[],0,True,,True,True,True,True,9725,22050,0.4410430839002268,True,7057,0.4410625,True,0.4410430839002268,4d37a0e2bed19ebe6ae354eba8897043f8186ac08661e0aea0082dea957b207d,True,automatic unconstrained IPA hypothesis; not ground truth or automatic relabeling
AN19-rec-07f8f2012af3aae0c476,AN19.SPA.sm7,SPA,roof,sm7ew59 roof.wav,sm7ew59 roof.wav,exact_filename_case_insensitive,ok,,,[],0,True,,True,True,True,True,9762,22050,0.44272108843537417,True,7084,0.44275,True,0.44272108843537417,b57732fdbb976708c0d3e6a4b519fb1cba992e37ffb952a541a4903342ed89d0,True,automatic unconstrained IPA hypothesis; not ground truth or automatic relabeling
AN19-rec-2740f03f48e22f78be74,AN19.SPA.sm7,SPA,teat,sm7hw59 teat.wav,sm7hw59 teat.wav,exact_filename_case_insensitive,ok,,,[],0,True,,True,True,True,True,8272,22050,0.37514739229024946,True,6003,0.3751875,True,0.37514739229024946,0fbecfb5e7dcf2ac5ea3d9b2f24b7bec2ca864b2d63007906d07edf051a4df4f,True,automatic unconstrained IPA hypothesis; not ground truth or automatic relabeling
