dataset_id,feature_key,scope,fold,model_id,formula,optimizer,random_structure,random_policy,selection_reason,n_rows,fit_ok,singular,convergence,warnings,error,log_likelihood,deviance,AIC,n_observations
AN19,cnn_2::overall,cv_train,0.0,M_condition,"cbind(response_correct, response_incorrect) ~ condition_id + (1 | participant_id) + (1 | analysis_item_id) + (1 | test_talker_id)",bobyqa,participant_item_talker_intercepts,registered,primary registered structure accepted,3840,True,False,ok,,,-1561.06126707956,2418.47879657187,3140.12253415913,3840
AN19,cnn_2::overall,cv_train,0.0,M_joint,"cbind(response_correct, response_incorrect) ~ condition_id + variability_z + (1 | participant_id) + (1 | analysis_item_id) + (1 | test_talker_id)",bobyqa,participant_item_talker_intercepts,registered,primary registered structure accepted,3840,True,False,ok,,,-1561.03434350234,2418.54920143579,3142.06868700467,3840
AN19,cnn_2::overall,cv_train,0.0,M_null,"cbind(response_correct, response_incorrect) ~ (1 | participant_id) + (1 | analysis_item_id) + (1 | test_talker_id)",bobyqa,participant_item_talker_intercepts,registered,primary registered structure accepted,3840,True,False,ok,,,-1568.30421734261,2413.0588026804,3144.60843468522,3840
AN19,cnn_2::overall,cv_train,0.0,M_predictor,"cbind(response_correct, response_incorrect) ~ variability_z + (1 | participant_id) + (1 | analysis_item_id) + (1 | test_talker_id)",bobyqa,participant_item_talker_intercepts,registered,primary registered structure accepted,3840,True,False,ok,,,-1568.22418509076,2413.19645422059,3146.44837018151,3840
AN19,cnn_2::overall,cv_train,1.0,M_condition,"cbind(response_correct, response_incorrect) ~ condition_id + (1 | participant_id) + (1 | analysis_item_id) + (1 | test_talker_id)",bobyqa,participant_item_talker_intercepts,registered,primary registered structure accepted,3840,True,False,ok,,,-1514.69464298543,2352.94341229064,3047.38928597087,3840
AN19,cnn_2::overall,cv_train,1.0,M_joint,"cbind(response_correct, response_incorrect) ~ condition_id + variability_z + (1 | participant_id) + (1 | analysis_item_id) + (1 | test_talker_id)",bobyqa,participant_item_talker_intercepts,registered,primary registered structure accepted,3840,True,False,ok,,,-1514.24450210401,2353.76865839298,3048.48900420801,3840
AN19,cnn_2::overall,cv_train,1.0,M_null,"cbind(response_correct, response_incorrect) ~ (1 | participant_id) + (1 | analysis_item_id) + (1 | test_talker_id)",bobyqa,participant_item_talker_intercepts,registered,primary registered structure accepted,3840,True,False,ok,,,-1522.69888377006,2345.58806576079,3053.39776754012,3840
AN19,cnn_2::overall,cv_train,1.0,M_predictor,"cbind(response_correct, response_incorrect) ~ variability_z + (1 | participant_id) + (1 | analysis_item_id) + (1 | test_talker_id)",bobyqa,participant_item_talker_intercepts,registered,primary registered structure accepted,3840,True,False,ok,,,-1522.24733115276,2345.70043023101,3054.49466230552,3840
AN19,cnn_2::overall,cv_train,2.0,M_condition,"cbind(response_correct, response_incorrect) ~ condition_id + (1 | participant_id) + (1 | analysis_item_id) + (1 | test_talker_id)",bobyqa,participant_item_talker_intercepts,registered,primary registered structure accepted,3840,True,False,ok,,,-1507.79624057507,2315.34809790291,3033.59248115014,3840
AN19,cnn_2::overall,cv_train,2.0,M_joint,"cbind(response_correct, response_incorrect) ~ condition_id + variability_z + (1 | participant_id) + (1 | analysis_item_id) + (1 | test_talker_id)",bobyqa,participant_item_talker_intercepts,registered,primary registered structure accepted,3840,True,False,ok,,,-1507.28508998651,2316.02217751788,3034.57017997301,3840
AN19,cnn_2::overall,cv_train,2.0,M_null,"cbind(response_correct, response_incorrect) ~ (1 | participant_id) + (1 | analysis_item_id) + (1 | test_talker_id)",bobyqa,participant_item_talker_intercepts,registered,primary registered structure accepted,3840,True,False,ok,,,-1519.38868263103,2304.33260308376,3046.77736526205,3840
AN19,cnn_2::overall,cv_train,2.0,M_predictor,"cbind(response_correct, response_incorrect) ~ variability_z + (1 | participant_id) + (1 | analysis_item_id) + (1 | test_talker_id)",bobyqa,participant_item_talker_intercepts,registered,primary registered structure accepted,3840,True,False,ok,,,-1519.36623301922,2304.36158158082,3048.73246603844,3840
AN19,cnn_2::overall,full,,M_condition,"cbind(response_correct, response_incorrect) ~ condition_id + (1 | participant_id) + (1 | analysis_item_id) + (1 | test_talker_id)",bobyqa,participant_item_talker_intercepts,registered,primary registered structure accepted,5760,True,False,ok,,,-2193.74056405627,3589.3649423815,4405.48112811254,5760
AN19,cnn_2::overall,full,,M_joint,"cbind(response_correct, response_incorrect) ~ condition_id + variability_z + (1 | participant_id) + (1 | analysis_item_id) + (1 | test_talker_id)",bobyqa,participant_item_talker_intercepts,registered,primary registered structure accepted,5760,True,False,ok,,,-2193.27226341669,3590.07983112834,4406.54452683338,5760
AN19,cnn_2::overall,full,,M_null,"cbind(response_correct, response_incorrect) ~ (1 | participant_id) + (1 | analysis_item_id) + (1 | test_talker_id)",bobyqa,participant_item_talker_intercepts,registered,primary registered structure accepted,5760,True,False,ok,,,-2203.24396227639,3580.4982873344,4414.48792455278,5760
AN19,cnn_2::overall,full,,M_predictor,"cbind(response_correct, response_incorrect) ~ variability_z + (1 | participant_id) + (1 | analysis_item_id) + (1 | test_talker_id)",bobyqa,participant_item_talker_intercepts,registered,primary registered structure accepted,5760,True,False,ok,,,-2203.23473668005,3580.47220206955,4416.46947336009,5760
AN19,cnn_2::overall_order_sensitive,cv_train,0.0,M_condition,"cbind(response_correct, response_incorrect) ~ condition_id + (1 | participant_id) + (1 | analysis_item_id) + (1 | test_talker_id)",bobyqa,participant_item_talker_intercepts,registered,primary registered structure accepted,3840,True,False,ok,,,-1561.06126707956,2418.47879657187,3140.12253415913,3840
AN19,cnn_2::overall_order_sensitive,cv_train,0.0,M_joint,"cbind(response_correct, response_incorrect) ~ condition_id + variability_z + (1 | participant_id) + (1 | analysis_item_id) + (1 | test_talker_id)",bobyqa,participant_item_talker_intercepts,registered,primary registered structure accepted,3840,True,False,ok,,,-1560.41920953109,2419.06673681986,3140.83841906217,3840
AN19,cnn_2::overall_order_sensitive,cv_train,0.0,M_null,"cbind(response_correct, response_incorrect) ~ (1 | participant_id) + (1 | analysis_item_id) + (1 | test_talker_id)",bobyqa,participant_item_talker_intercepts,registered,primary registered structure accepted,3840,True,False,ok,,,-1568.30421734261,2413.0588026804,3144.60843468522,3840
AN19,cnn_2::overall_order_sensitive,cv_train,0.0,M_predictor,"cbind(response_correct, response_incorrect) ~ variability_z + (1 | participant_id) + (1 | analysis_item_id) + (1 | test_talker_id)",bobyqa,participant_item_talker_intercepts,registered,primary registered structure accepted,3840,True,False,ok,,,-1567.45232850701,2414.12669438001,3144.90465701403,3840
AN19,cnn_2::overall_order_sensitive,cv_train,1.0,M_condition,"cbind(response_correct, response_incorrect) ~ condition_id + (1 | participant_id) + (1 | analysis_item_id) + (1 | test_talker_id)",bobyqa,participant_item_talker_intercepts,registered,primary registered structure accepted,3840,True,False,ok,,,-1514.69464298543,2352.94341229064,3047.38928597087,3840
AN19,cnn_2::overall_order_sensitive,cv_train,1.0,M_joint,"cbind(response_correct, response_incorrect) ~ condition_id + variability_z + (1 | participant_id) + (1 | analysis_item_id) + (1 | test_talker_id)",bobyqa,participant_item_talker_intercepts,registered,primary registered structure accepted,3840,True,False,ok,,,-1514.02303298022,2354.06708941312,3048.04606596043,3840
AN19,cnn_2::overall_order_sensitive,cv_train,1.0,M_null,"cbind(response_correct, response_incorrect) ~ (1 | participant_id) + (1 | analysis_item_id) + (1 | test_talker_id)",bobyqa,participant_item_talker_intercepts,registered,primary registered structure accepted,3840,True,False,ok,,,-1522.69888377006,2345.58806576079,3053.39776754012,3840
AN19,cnn_2::overall_order_sensitive,cv_train,1.0,M_predictor,"cbind(response_correct, response_incorrect) ~ variability_z + (1 | participant_id) + (1 | analysis_item_id) + (1 | test_talker_id)",bobyqa,participant_item_talker_intercepts,registered,primary registered structure accepted,3840,True,False,ok,,,-1522.25745600906,2346.4813248281,3054.51491201811,3840
AN19,cnn_2::overall_order_sensitive,cv_train,2.0,M_condition,"cbind(response_correct, response_incorrect) ~ condition_id + (1 | participant_id) + (1 | analysis_item_id) + (1 | test_talker_id)",bobyqa,participant_item_talker_intercepts,registered,primary registered structure accepted,3840,True,False,ok,,,-1507.79624057507,2315.34809790291,3033.59248115014,3840
AN19,cnn_2::overall_order_sensitive,cv_train,2.0,M_joint,"cbind(response_correct, response_incorrect) ~ condition_id + variability_z + (1 | participant_id) + (1 | analysis_item_id) + (1 | test_talker_id)",bobyqa,participant_item_talker_intercepts,registered,primary registered structure accepted,3840,True,False,ok,,,-1507.73827241687,2315.28614057667,3035.47654483374,3840
AN19,cnn_2::overall_order_sensitive,cv_train,2.0,M_null,"cbind(response_correct, response_incorrect) ~ (1 | participant_id) + (1 | analysis_item_id) + (1 | test_talker_id)",bobyqa,participant_item_talker_intercepts,registered,primary registered structure accepted,3840,True,False,ok,,,-1519.38868263103,2304.33260308376,3046.77736526205,3840
AN19,cnn_2::overall_order_sensitive,cv_train,2.0,M_predictor,"cbind(response_correct, response_incorrect) ~ variability_z + (1 | participant_id) + (1 | analysis_item_id) + (1 | test_talker_id)",bobyqa,participant_item_talker_intercepts,registered,primary registered structure accepted,3840,True,False,ok,,,-1518.44668374202,2305.238839429,3046.89336748403,3840
AN19,cnn_2::overall_order_sensitive,full,,M_condition,"cbind(response_correct, response_incorrect) ~ condition_id + (1 | participant_id) + (1 | analysis_item_id) + (1 | test_talker_id)",bobyqa,participant_item_talker_intercepts,registered,primary registered structure accepted,5760,True,False,ok,,,-2193.74056405627,3589.3649423815,4405.48112811254,5760
AN19,cnn_2::overall_order_sensitive,full,,M_joint,"cbind(response_correct, response_incorrect) ~ condition_id + variability_z + (1 | participant_id) + (1 | analysis_item_id) + (1 | test_talker_id)",bobyqa,participant_item_talker_intercepts,registered,primary registered structure accepted,5760,True,False,ok,,,-2193.19360048712,3589.76375074348,4406.38720097425,5760
AN19,cnn_2::overall_order_sensitive,full,,M_null,"cbind(response_correct, response_incorrect) ~ (1 | participant_id) + (1 | analysis_item_id) + (1 | test_talker_id)",bobyqa,participant_item_talker_intercepts,registered,primary registered structure accepted,5760,True,False,ok,,,-2203.24396227639,3580.4982873344,4414.48792455278,5760
AN19,cnn_2::overall_order_sensitive,full,,M_predictor,"cbind(response_correct, response_incorrect) ~ variability_z + (1 | participant_id) + (1 | analysis_item_id) + (1 | test_talker_id)",bobyqa,participant_item_talker_intercepts,registered,primary registered structure accepted,5760,True,False,ok,,,-2202.19265138448,3581.86628012809,4414.38530276895,5760
AN19,cnn_3::overall,cv_train,0.0,M_condition,"cbind(response_correct, response_incorrect) ~ condition_id + (1 | participant_id) + (1 | analysis_item_id) + (1 | test_talker_id)",bobyqa,participant_item_talker_intercepts,registered,primary registered structure accepted,3840,True,False,ok,,,-1561.06126707956,2418.47879657187,3140.12253415913,3840
AN19,cnn_3::overall,cv_train,0.0,M_joint,"cbind(response_correct, response_incorrect) ~ condition_id + variability_z + (1 | participant_id) + (1 | analysis_item_id) + (1 | test_talker_id)",bobyqa,participant_item_talker_intercepts,registered,primary registered structure accepted,3840,True,False,ok,,,-1560.58769420342,2418.72170369721,3141.17538840684,3840
AN19,cnn_3::overall,cv_train,0.0,M_null,"cbind(response_correct, response_incorrect) ~ (1 | participant_id) + (1 | analysis_item_id) + (1 | test_talker_id)",bobyqa,participant_item_talker_intercepts,registered,primary registered structure accepted,3840,True,False,ok,,,-1568.30421734261,2413.0588026804,3144.60843468522,3840
AN19,cnn_3::overall,cv_train,0.0,M_predictor,"cbind(response_correct, response_incorrect) ~ variability_z + (1 | participant_id) + (1 | analysis_item_id) + (1 | test_talker_id)",bobyqa,participant_item_talker_intercepts,registered,primary registered structure accepted,3840,True,False,ok,,,-1568.30118688167,2413.02975125042,3146.60237376335,3840
AN19,cnn_3::overall,cv_train,1.0,M_condition,"cbind(response_correct, response_incorrect) ~ condition_id + (1 | participant_id) + (1 | analysis_item_id) + (1 | test_talker_id)",bobyqa,participant_item_talker_intercepts,registered,primary registered structure accepted,3840,True,False,ok,,,-1514.69464298543,2352.94341229064,3047.38928597087,3840
AN19,cnn_3::overall,cv_train,1.0,M_joint,"cbind(response_correct, response_incorrect) ~ condition_id + variability_z + (1 | participant_id) + (1 | analysis_item_id) + (1 | test_talker_id)",bobyqa,participant_item_talker_intercepts,registered,primary registered structure accepted,3840,True,False,ok,,,-1512.39022259502,2356.37124004361,3044.78044519004,3840
AN19,cnn_3::overall,cv_train,1.0,M_null,"cbind(response_correct, response_incorrect) ~ (1 | participant_id) + (1 | analysis_item_id) + (1 | test_talker_id)",bobyqa,participant_item_talker_intercepts,registered,primary registered structure accepted,3840,True,False,ok,,,-1522.69888377006,2345.58806576079,3053.39776754012,3840
AN19,cnn_3::overall,cv_train,1.0,M_predictor,"cbind(response_correct, response_incorrect) ~ variability_z + (1 | participant_id) + (1 | analysis_item_id) + (1 | test_talker_id)",bobyqa,participant_item_talker_intercepts,registered,primary registered structure accepted,3840,True,False,ok,,,-1521.48477099917,2346.21140230869,3052.96954199835,3840
AN19,cnn_3::overall,cv_train,2.0,M_condition,"cbind(response_correct, response_incorrect) ~ condition_id + (1 | participant_id) + (1 | analysis_item_id) + (1 | test_talker_id)",bobyqa,participant_item_talker_intercepts,registered,primary registered structure accepted,3840,True,False,ok,,,-1507.79624057507,2315.34809790291,3033.59248115014,3840
AN19,cnn_3::overall,cv_train,2.0,M_joint,"cbind(response_correct, response_incorrect) ~ condition_id + variability_z + (1 | participant_id) + (1 | analysis_item_id) + (1 | test_talker_id)",bobyqa,participant_item_talker_intercepts,registered,primary registered structure accepted,3840,True,False,ok,,,-1507.50056843728,2315.37846640082,3035.00113687455,3840
AN19,cnn_3::overall,cv_train,2.0,M_null,"cbind(response_correct, response_incorrect) ~ (1 | participant_id) + (1 | analysis_item_id) + (1 | test_talker_id)",bobyqa,participant_item_talker_intercepts,registered,primary registered structure accepted,3840,True,False,ok,,,-1519.38868263103,2304.33260308376,3046.77736526205,3840
AN19,cnn_3::overall,cv_train,2.0,M_predictor,"cbind(response_correct, response_incorrect) ~ variability_z + (1 | participant_id) + (1 | analysis_item_id) + (1 | test_talker_id)",bobyqa,participant_item_talker_intercepts,registered,primary registered structure accepted,3840,True,False,ok,,,-1519.244745144,2304.63766173842,3048.489490288,3840
AN19,cnn_3::overall,full,,M_condition,"cbind(response_correct, response_incorrect) ~ condition_id + (1 | participant_id) + (1 | analysis_item_id) + (1 | test_talker_id)",bobyqa,participant_item_talker_intercepts,registered,primary registered structure accepted,5760,True,False,ok,,,-2193.74056405627,3589.3649423815,4405.48112811254,5760
AN19,cnn_3::overall,full,,M_joint,"cbind(response_correct, response_incorrect) ~ condition_id + variability_z + (1 | participant_id) + (1 | analysis_item_id) + (1 | test_talker_id)",bobyqa,participant_item_talker_intercepts,registered,primary registered structure accepted,5760,True,False,ok,,,-2192.51272021216,3590.25952092638,4405.02544042432,5760
AN19,cnn_3::overall,full,,M_null,"cbind(response_correct, response_incorrect) ~ (1 | participant_id) + (1 | analysis_item_id) + (1 | test_talker_id)",bobyqa,participant_item_talker_intercepts,registered,primary registered structure accepted,5760,True,False,ok,,,-2203.24396227639,3580.4982873344,4414.48792455278,5760
AN19,cnn_3::overall,full,,M_predictor,"cbind(response_correct, response_incorrect) ~ variability_z + (1 | participant_id) + (1 | analysis_item_id) + (1 | test_talker_id)",bobyqa,participant_item_talker_intercepts,registered,primary registered structure accepted,5760,True,False,ok,,,-2203.16270810246,3580.33400227359,4416.32541620492,5760
AN19,cnn_3::overall_order_sensitive,cv_train,0.0,M_condition,"cbind(response_correct, response_incorrect) ~ condition_id + (1 | participant_id) + (1 | analysis_item_id) + (1 | test_talker_id)",bobyqa,participant_item_talker_intercepts,registered,primary registered structure accepted,3840,True,False,ok,,,-1561.06126707956,2418.47879657187,3140.12253415913,3840
AN19,cnn_3::overall_order_sensitive,cv_train,0.0,M_joint,"cbind(response_correct, response_incorrect) ~ condition_id + variability_z + (1 | participant_id) + (1 | analysis_item_id) + (1 | test_talker_id)",bobyqa,participant_item_talker_intercepts,registered,primary registered structure accepted,3840,True,False,ok,,,-1560.74741852054,2418.94961561865,3141.49483704107,3840
AN19,cnn_3::overall_order_sensitive,cv_train,0.0,M_null,"cbind(response_correct, response_incorrect) ~ (1 | participant_id) + (1 | analysis_item_id) + (1 | test_talker_id)",bobyqa,participant_item_talker_intercepts,registered,primary registered structure accepted,3840,True,False,ok,,,-1568.30421734261,2413.0588026804,3144.60843468522,3840
AN19,cnn_3::overall_order_sensitive,cv_train,0.0,M_predictor,"cbind(response_correct, response_incorrect) ~ variability_z + (1 | participant_id) + (1 | analysis_item_id) + (1 | test_talker_id)",bobyqa,participant_item_talker_intercepts,registered,primary registered structure accepted,3840,True,False,ok,,,-1567.99410252585,2413.42473360162,3145.9882050517,3840
AN19,cnn_3::overall_order_sensitive,cv_train,1.0,M_condition,"cbind(response_correct, response_incorrect) ~ condition_id + (1 | participant_id) + (1 | analysis_item_id) + (1 | test_talker_id)",bobyqa,participant_item_talker_intercepts,registered,primary registered structure accepted,3840,True,False,ok,,,-1514.69464298543,2352.94341229064,3047.38928597087,3840
AN19,cnn_3::overall_order_sensitive,cv_train,1.0,M_joint,"cbind(response_correct, response_incorrect) ~ condition_id + variability_z + (1 | participant_id) + (1 | analysis_item_id) + (1 | test_talker_id)",bobyqa,participant_item_talker_intercepts,registered,primary registered structure accepted,3840,True,False,ok,,,-1513.60291122459,2354.8301868169,3047.20582244918,3840
AN19,cnn_3::overall_order_sensitive,cv_train,1.0,M_null,"cbind(response_correct, response_incorrect) ~ (1 | participant_id) + (1 | analysis_item_id) + (1 | test_talker_id)",bobyqa,participant_item_talker_intercepts,registered,primary registered structure accepted,3840,True,False,ok,,,-1522.69888377006,2345.58806576079,3053.39776754012,3840
AN19,cnn_3::overall_order_sensitive,cv_train,1.0,M_predictor,"cbind(response_correct, response_incorrect) ~ variability_z + (1 | participant_id) + (1 | analysis_item_id) + (1 | test_talker_id)",bobyqa,participant_item_talker_intercepts,registered,primary registered structure accepted,3840,True,False,ok,,,-1521.11976986782,2347.54451167611,3052.23953973565,3840
AN19,cnn_3::overall_order_sensitive,cv_train,2.0,M_condition,"cbind(response_correct, response_incorrect) ~ condition_id + (1 | participant_id) + (1 | analysis_item_id) + (1 | test_talker_id)",bobyqa,participant_item_talker_intercepts,registered,primary registered structure accepted,3840,True,False,ok,,,-1507.79624057507,2315.34809790291,3033.59248115014,3840
AN19,cnn_3::overall_order_sensitive,cv_train,2.0,M_joint,"cbind(response_correct, response_incorrect) ~ condition_id + variability_z + (1 | participant_id) + (1 | analysis_item_id) + (1 | test_talker_id)",bobyqa,participant_item_talker_intercepts,registered,primary registered structure accepted,3840,True,False,ok,,,-1507.10037038044,2316.02555231082,3034.20074076088,3840
AN19,cnn_3::overall_order_sensitive,cv_train,2.0,M_null,"cbind(response_correct, response_incorrect) ~ (1 | participant_id) + (1 | analysis_item_id) + (1 | test_talker_id)",bobyqa,participant_item_talker_intercepts,registered,primary registered structure accepted,3840,True,False,ok,,,-1519.38868263103,2304.33260308376,3046.77736526205,3840
AN19,cnn_3::overall_order_sensitive,cv_train,2.0,M_predictor,"cbind(response_correct, response_incorrect) ~ variability_z + (1 | participant_id) + (1 | analysis_item_id) + (1 | test_talker_id)",bobyqa,participant_item_talker_intercepts,registered,primary registered structure accepted,3840,True,False,ok,,,-1518.53539906579,2305.19139297102,3047.07079813159,3840
AN19,cnn_3::overall_order_sensitive,full,,M_condition,"cbind(response_correct, response_incorrect) ~ condition_id + (1 | participant_id) + (1 | analysis_item_id) + (1 | test_talker_id)",bobyqa,participant_item_talker_intercepts,registered,primary registered structure accepted,5760,True,False,ok,,,-2193.74056405627,3589.3649423815,4405.48112811254,5760
AN19,cnn_3::overall_order_sensitive,full,,M_joint,"cbind(response_correct, response_incorrect) ~ condition_id + variability_z + (1 | participant_id) + (1 | analysis_item_id) + (1 | test_talker_id)",bobyqa,participant_item_talker_intercepts,registered,primary registered structure accepted,5760,True,False,ok,,,-2192.67230964476,3590.70517807698,4405.34461928952,5760
AN19,cnn_3::overall_order_sensitive,full,,M_null,"cbind(response_correct, response_incorrect) ~ (1 | participant_id) + (1 | analysis_item_id) + (1 | test_talker_id)",bobyqa,participant_item_talker_intercepts,registered,primary registered structure accepted,5760,True,False,ok,,,-2203.24396227639,3580.4982873344,4414.48792455278,5760
AN19,cnn_3::overall_order_sensitive,full,,M_predictor,"cbind(response_correct, response_incorrect) ~ variability_z + (1 | participant_id) + (1 | analysis_item_id) + (1 | test_talker_id)",bobyqa,participant_item_talker_intercepts,registered,primary registered structure accepted,5760,True,False,ok,,,-2202.01533413939,3581.82436047373,4414.03066827878,5760
AN19,cnn_4::overall,cv_train,0.0,M_condition,"cbind(response_correct, response_incorrect) ~ condition_id + (1 | participant_id) + (1 | analysis_item_id) + (1 | test_talker_id)",bobyqa,participant_item_talker_intercepts,registered,primary registered structure accepted,3840,True,False,ok,,,-1561.06126707956,2418.47879657187,3140.12253415913,3840
AN19,cnn_4::overall,cv_train,0.0,M_joint,"cbind(response_correct, response_incorrect) ~ condition_id + variability_z + (1 | participant_id) + (1 | analysis_item_id) + (1 | test_talker_id)",bobyqa,participant_item_talker_intercepts,registered,primary registered structure accepted,3840,True,False,ok,,,-1560.96004454782,2418.70295383559,3141.92008909564,3840
AN19,cnn_4::overall,cv_train,0.0,M_null,"cbind(response_correct, response_incorrect) ~ (1 | participant_id) + (1 | analysis_item_id) + (1 | test_talker_id)",bobyqa,participant_item_talker_intercepts,registered,primary registered structure accepted,3840,True,False,ok,,,-1568.30421734261,2413.0588026804,3144.60843468522,3840
AN19,cnn_4::overall,cv_train,0.0,M_predictor,"cbind(response_correct, response_incorrect) ~ variability_z + (1 | participant_id) + (1 | analysis_item_id) + (1 | test_talker_id)",bobyqa,participant_item_talker_intercepts,registered,primary registered structure accepted,3840,True,False,ok,,,-1568.28624310165,2413.07742574849,3146.5724862033,3840
AN19,cnn_4::overall,cv_train,1.0,M_condition,"cbind(response_correct, response_incorrect) ~ condition_id + (1 | participant_id) + (1 | analysis_item_id) + (1 | test_talker_id)",bobyqa,participant_item_talker_intercepts,registered,primary registered structure accepted,3840,True,False,ok,,,-1514.69464298543,2352.94341229064,3047.38928597087,3840
AN19,cnn_4::overall,cv_train,1.0,M_joint,"cbind(response_correct, response_incorrect) ~ condition_id + variability_z + (1 | participant_id) + (1 | analysis_item_id) + (1 | test_talker_id)",bobyqa,participant_item_talker_intercepts,registered,primary registered structure accepted,3840,True,False,ok,,,-1514.55669126605,2353.26919903684,3049.1133825321,3840
AN19,cnn_4::overall,cv_train,1.0,M_null,"cbind(response_correct, response_incorrect) ~ (1 | participant_id) + (1 | analysis_item_id) + (1 | test_talker_id)",bobyqa,participant_item_talker_intercepts,registered,primary registered structure accepted,3840,True,False,ok,,,-1522.69888377006,2345.58806576079,3053.39776754012,3840
AN19,cnn_4::overall,cv_train,1.0,M_predictor,"cbind(response_correct, response_incorrect) ~ variability_z + (1 | participant_id) + (1 | analysis_item_id) + (1 | test_talker_id)",bobyqa,participant_item_talker_intercepts,registered,primary registered structure accepted,3840,True,False,ok,,,-1522.55659946758,2345.65380564701,3055.11319893516,3840
AN19,cnn_4::overall,cv_train,2.0,M_condition,"cbind(response_correct, response_incorrect) ~ condition_id + (1 | participant_id) + (1 | analysis_item_id) + (1 | test_talker_id)",bobyqa,participant_item_talker_intercepts,registered,primary registered structure accepted,3840,True,False,ok,,,-1507.79624057507,2315.34809790291,3033.59248115014,3840
AN19,cnn_4::overall,cv_train,2.0,M_joint,"cbind(response_correct, response_incorrect) ~ condition_id + variability_z + (1 | participant_id) + (1 | analysis_item_id) + (1 | test_talker_id)",bobyqa,participant_item_talker_intercepts,registered,primary registered structure accepted,3840,True,False,ok,,,-1507.3575806512,2315.89743719258,3034.71516130239,3840
AN19,cnn_4::overall,cv_train,2.0,M_null,"cbind(response_correct, response_incorrect) ~ (1 | participant_id) + (1 | analysis_item_id) + (1 | test_talker_id)",bobyqa,participant_item_talker_intercepts,registered,primary registered structure accepted,3840,True,False,ok,,,-1519.38868263103,2304.33260308376,3046.77736526205,3840
AN19,cnn_4::overall,cv_train,2.0,M_predictor,"cbind(response_correct, response_incorrect) ~ variability_z + (1 | participant_id) + (1 | analysis_item_id) + (1 | test_talker_id)",bobyqa,participant_item_talker_intercepts,registered,primary registered structure accepted,3840,True,False,ok,,,-1519.38810516066,2304.33496437877,3048.77621032133,3840
AN19,cnn_4::overall,full,,M_condition,"cbind(response_correct, response_incorrect) ~ condition_id + (1 | participant_id) + (1 | analysis_item_id) + (1 | test_talker_id)",bobyqa,participant_item_talker_intercepts,registered,primary registered structure accepted,5760,True,False,ok,,,-2193.74056405627,3589.3649423815,4405.48112811254,5760
AN19,cnn_4::overall,full,,M_joint,"cbind(response_correct, response_incorrect) ~ condition_id + variability_z + (1 | participant_id) + (1 | analysis_item_id) + (1 | test_talker_id)",bobyqa,participant_item_talker_intercepts,registered,primary registered structure accepted,5760,True,False,ok,,,-2193.37024696265,3589.94882024486,4406.7404939253,5760
AN19,cnn_4::overall,full,,M_null,"cbind(response_correct, response_incorrect) ~ (1 | participant_id) + (1 | analysis_item_id) + (1 | test_talker_id)",bobyqa,participant_item_talker_intercepts,registered,primary registered structure accepted,5760,True,False,ok,,,-2203.24396227639,3580.4982873344,4414.48792455278,5760
AN19,cnn_4::overall,full,,M_predictor,"cbind(response_correct, response_incorrect) ~ variability_z + (1 | participant_id) + (1 | analysis_item_id) + (1 | test_talker_id)",bobyqa,participant_item_talker_intercepts,registered,primary registered structure accepted,5760,True,False,ok,,,-2203.23469149771,3580.48992993874,4416.46938299543,5760
AN19,cnn_4::overall_order_sensitive,cv_train,0.0,M_condition,"cbind(response_correct, response_incorrect) ~ condition_id + (1 | participant_id) + (1 | analysis_item_id) + (1 | test_talker_id)",bobyqa,participant_item_talker_intercepts,registered,primary registered structure accepted,3840,True,False,ok,,,-1561.06126707956,2418.47879657187,3140.12253415913,3840
AN19,cnn_4::overall_order_sensitive,cv_train,0.0,M_joint,"cbind(response_correct, response_incorrect) ~ condition_id + variability_z + (1 | participant_id) + (1 | analysis_item_id) + (1 | test_talker_id)",bobyqa,participant_item_talker_intercepts,registered,primary registered structure accepted,3840,True,False,ok,,,-1560.91723528942,2418.76864575407,3141.83447057884,3840
AN19,cnn_4::overall_order_sensitive,cv_train,0.0,M_null,"cbind(response_correct, response_incorrect) ~ (1 | participant_id) + (1 | analysis_item_id) + (1 | test_talker_id)",bobyqa,participant_item_talker_intercepts,registered,primary registered structure accepted,3840,True,False,ok,,,-1568.30421734261,2413.0588026804,3144.60843468522,3840
AN19,cnn_4::overall_order_sensitive,cv_train,0.0,M_predictor,"cbind(response_correct, response_incorrect) ~ variability_z + (1 | participant_id) + (1 | analysis_item_id) + (1 | test_talker_id)",bobyqa,participant_item_talker_intercepts,registered,primary registered structure accepted,3840,True,False,ok,,,-1567.70978618177,2414.1146790619,3145.41957236355,3840
AN19,cnn_4::overall_order_sensitive,cv_train,1.0,M_condition,"cbind(response_correct, response_incorrect) ~ condition_id + (1 | participant_id) + (1 | analysis_item_id) + (1 | test_talker_id)",bobyqa,participant_item_talker_intercepts,registered,primary registered structure accepted,3840,True,False,ok,,,-1514.69464298543,2352.94341229064,3047.38928597087,3840
AN19,cnn_4::overall_order_sensitive,cv_train,1.0,M_joint,"cbind(response_correct, response_incorrect) ~ condition_id + variability_z + (1 | participant_id) + (1 | analysis_item_id) + (1 | test_talker_id)",bobyqa,participant_item_talker_intercepts,registered,primary registered structure accepted,3840,True,False,ok,,,-1514.50985705097,2353.33172488231,3049.01971410193,3840
AN19,cnn_4::overall_order_sensitive,cv_train,1.0,M_null,"cbind(response_correct, response_incorrect) ~ (1 | participant_id) + (1 | analysis_item_id) + (1 | test_talker_id)",bobyqa,participant_item_talker_intercepts,registered,primary registered structure accepted,3840,True,False,ok,,,-1522.69888377006,2345.58806576079,3053.39776754012,3840
AN19,cnn_4::overall_order_sensitive,cv_train,1.0,M_predictor,"cbind(response_correct, response_incorrect) ~ variability_z + (1 | participant_id) + (1 | analysis_item_id) + (1 | test_talker_id)",bobyqa,participant_item_talker_intercepts,registered,primary registered structure accepted,3840,True,False,ok,,,-1522.35519342294,2346.34096879792,3054.71038684588,3840
AN19,cnn_4::overall_order_sensitive,cv_train,2.0,M_condition,"cbind(response_correct, response_incorrect) ~ condition_id + (1 | participant_id) + (1 | analysis_item_id) + (1 | test_talker_id)",bobyqa,participant_item_talker_intercepts,registered,primary registered structure accepted,3840,True,False,ok,,,-1507.79624057507,2315.34809790291,3033.59248115014,3840
AN19,cnn_4::overall_order_sensitive,cv_train,2.0,M_joint,"cbind(response_correct, response_incorrect) ~ condition_id + variability_z + (1 | participant_id) + (1 | analysis_item_id) + (1 | test_talker_id)",bobyqa,participant_item_talker_intercepts,registered,primary registered structure accepted,3840,True,False,ok,,,-1507.14225406773,2316.17394667076,3034.28450813547,3840
AN19,cnn_4::overall_order_sensitive,cv_train,2.0,M_null,"cbind(response_correct, response_incorrect) ~ (1 | participant_id) + (1 | analysis_item_id) + (1 | test_talker_id)",bobyqa,participant_item_talker_intercepts,registered,primary registered structure accepted,3840,True,False,ok,,,-1519.38868263103,2304.33260308376,3046.77736526205,3840
AN19,cnn_4::overall_order_sensitive,cv_train,2.0,M_predictor,"cbind(response_correct, response_incorrect) ~ variability_z + (1 | participant_id) + (1 | analysis_item_id) + (1 | test_talker_id)",bobyqa,participant_item_talker_intercepts,registered,primary registered structure accepted,3840,True,False,ok,,,-1516.20667683266,2308.50530894035,3042.41335366531,3840
AN19,cnn_4::overall_order_sensitive,full,,M_condition,"cbind(response_correct, response_incorrect) ~ condition_id + (1 | participant_id) + (1 | analysis_item_id) + (1 | test_talker_id)",bobyqa,participant_item_talker_intercepts,registered,primary registered structure accepted,5760,True,False,ok,,,-2193.74056405627,3589.3649423815,4405.48112811254,5760
AN19,cnn_4::overall_order_sensitive,full,,M_joint,"cbind(response_correct, response_incorrect) ~ condition_id + variability_z + (1 | participant_id) + (1 | analysis_item_id) + (1 | test_talker_id)",bobyqa,participant_item_talker_intercepts,registered,primary registered structure accepted,5760,True,False,ok,,,-2193.22561623931,3590.14634606074,4406.45123247863,5760
AN19,cnn_4::overall_order_sensitive,full,,M_null,"cbind(response_correct, response_incorrect) ~ (1 | participant_id) + (1 | analysis_item_id) + (1 | test_talker_id)",bobyqa,participant_item_talker_intercepts,registered,primary registered structure accepted,5760,True,False,ok,,,-2203.24396227639,3580.4982873344,4414.48792455278,5760
AN19,cnn_4::overall_order_sensitive,full,,M_predictor,"cbind(response_correct, response_incorrect) ~ variability_z + (1 | participant_id) + (1 | analysis_item_id) + (1 | test_talker_id)",bobyqa,participant_item_talker_intercepts,registered,primary registered structure accepted,5760,True,False,ok,,,-2201.54218572239,3583.28615861875,4413.08437144478,5760
AN19,cnn_5::overall,cv_train,0.0,M_condition,"cbind(response_correct, response_incorrect) ~ condition_id + (1 | participant_id) + (1 | analysis_item_id) + (1 | test_talker_id)",bobyqa,participant_item_talker_intercepts,registered,primary registered structure accepted,3840,True,False,ok,,,-1561.06126707956,2418.47879657187,3140.12253415913,3840
AN19,cnn_5::overall,cv_train,0.0,M_joint,"cbind(response_correct, response_incorrect) ~ condition_id + variability_z + (1 | participant_id) + (1 | analysis_item_id) + (1 | test_talker_id)",bobyqa,participant_item_talker_intercepts,registered,primary registered structure accepted,3840,True,False,ok,,,-1560.87099949123,2418.53033677552,3141.74199898247,3840
AN19,cnn_5::overall,cv_train,0.0,M_null,"cbind(response_correct, response_incorrect) ~ (1 | participant_id) + (1 | analysis_item_id) + (1 | test_talker_id)",bobyqa,participant_item_talker_intercepts,registered,primary registered structure accepted,3840,True,False,ok,,,-1568.30421734261,2413.0588026804,3144.60843468522,3840
AN19,cnn_5::overall,cv_train,0.0,M_predictor,"cbind(response_correct, response_incorrect) ~ variability_z + (1 | participant_id) + (1 | analysis_item_id) + (1 | test_talker_id)",bobyqa,participant_item_talker_intercepts,registered,primary registered structure accepted,3840,True,False,ok,,,-1567.71482195326,2413.80570557881,3145.42964390652,3840
AN19,cnn_5::overall,cv_train,1.0,M_condition,"cbind(response_correct, response_incorrect) ~ condition_id + (1 | participant_id) + (1 | analysis_item_id) + (1 | test_talker_id)",bobyqa,participant_item_talker_intercepts,registered,primary registered structure accepted,3840,True,False,ok,,,-1514.69464298543,2352.94341229064,3047.38928597087,3840
AN19,cnn_5::overall,cv_train,1.0,M_joint,"cbind(response_correct, response_incorrect) ~ condition_id + variability_z + (1 | participant_id) + (1 | analysis_item_id) + (1 | test_talker_id)",bobyqa,participant_item_talker_intercepts,registered,primary registered structure accepted,3840,True,False,ok,,,-1514.62888857685,2353.0221599062,3049.2577771537,3840
AN19,cnn_5::overall,cv_train,1.0,M_null,"cbind(response_correct, response_incorrect) ~ (1 | participant_id) + (1 | analysis_item_id) + (1 | test_talker_id)",bobyqa,participant_item_talker_intercepts,registered,primary registered structure accepted,3840,True,False,ok,,,-1522.69888377006,2345.58806576079,3053.39776754012,3840
AN19,cnn_5::overall,cv_train,1.0,M_predictor,"cbind(response_correct, response_incorrect) ~ variability_z + (1 | participant_id) + (1 | analysis_item_id) + (1 | test_talker_id)",bobyqa,participant_item_talker_intercepts,registered,primary registered structure accepted,3840,True,False,ok,,,-1522.6974536102,2345.56001275052,3055.3949072204,3840
AN19,cnn_5::overall,cv_train,2.0,M_condition,"cbind(response_correct, response_incorrect) ~ condition_id + (1 | participant_id) + (1 | analysis_item_id) + (1 | test_talker_id)",bobyqa,participant_item_talker_intercepts,registered,primary registered structure accepted,3840,True,False,ok,,,-1507.79624057507,2315.34809790291,3033.59248115014,3840
AN19,cnn_5::overall,cv_train,2.0,M_joint,"cbind(response_correct, response_incorrect) ~ condition_id + variability_z + (1 | participant_id) + (1 | analysis_item_id) + (1 | test_talker_id)",bobyqa,participant_item_talker_intercepts,registered,primary registered structure accepted,3840,True,False,ok,,,-1507.74757078823,2315.49912413194,3035.49514157646,3840
AN19,cnn_5::overall,cv_train,2.0,M_null,"cbind(response_correct, response_incorrect) ~ (1 | participant_id) + (1 | analysis_item_id) + (1 | test_talker_id)",bobyqa,participant_item_talker_intercepts,registered,primary registered structure accepted,3840,True,False,ok,,,-1519.38868263103,2304.33260308376,3046.77736526205,3840
AN19,cnn_5::overall,cv_train,2.0,M_predictor,"cbind(response_correct, response_incorrect) ~ variability_z + (1 | participant_id) + (1 | analysis_item_id) + (1 | test_talker_id)",bobyqa,participant_item_talker_intercepts,registered,primary registered structure accepted,3840,True,False,ok,,,-1518.91318873112,2304.79269203714,3047.82637746224,3840
AN19,cnn_5::overall,full,,M_condition,"cbind(response_correct, response_incorrect) ~ condition_id + (1 | participant_id) + (1 | analysis_item_id) + (1 | test_talker_id)",bobyqa,participant_item_talker_intercepts,registered,primary registered structure accepted,5760,True,False,ok,,,-2193.74056405627,3589.3649423815,4405.48112811254,5760
AN19,cnn_5::overall,full,,M_joint,"cbind(response_correct, response_incorrect) ~ condition_id + variability_z + (1 | participant_id) + (1 | analysis_item_id) + (1 | test_talker_id)",bobyqa,participant_item_talker_intercepts,registered,primary registered structure accepted,5760,True,False,ok,,,-2193.71794984793,3589.3258686494,4407.43589969587,5760
AN19,cnn_5::overall,full,,M_null,"cbind(response_correct, response_incorrect) ~ (1 | participant_id) + (1 | analysis_item_id) + (1 | test_talker_id)",bobyqa,participant_item_talker_intercepts,registered,primary registered structure accepted,5760,True,False,ok,,,-2203.24396227639,3580.4982873344,4414.48792455278,5760
AN19,cnn_5::overall,full,,M_predictor,"cbind(response_correct, response_incorrect) ~ variability_z + (1 | participant_id) + (1 | analysis_item_id) + (1 | test_talker_id)",bobyqa,participant_item_talker_intercepts,registered,primary registered structure accepted,5760,True,False,ok,,,-2202.90999925556,3581.06308925852,4415.81999851112,5760
AN19,cnn_5::overall_order_sensitive,cv_train,0.0,M_condition,"cbind(response_correct, response_incorrect) ~ condition_id + (1 | participant_id) + (1 | analysis_item_id) + (1 | test_talker_id)",bobyqa,participant_item_talker_intercepts,registered,primary registered structure accepted,3840,True,False,ok,,,-1561.06126707956,2418.47879657187,3140.12253415913,3840
AN19,cnn_5::overall_order_sensitive,cv_train,0.0,M_joint,"cbind(response_correct, response_incorrect) ~ condition_id + variability_z + (1 | participant_id) + (1 | analysis_item_id) + (1 | test_talker_id)",bobyqa,participant_item_talker_intercepts,registered,primary registered structure accepted,3840,True,False,ok,,,-1560.19069730193,2419.49610736728,3140.38139460385,3840
AN19,cnn_5::overall_order_sensitive,cv_train,0.0,M_null,"cbind(response_correct, response_incorrect) ~ (1 | participant_id) + (1 | analysis_item_id) + (1 | test_talker_id)",bobyqa,participant_item_talker_intercepts,registered,primary registered structure accepted,3840,True,False,ok,,,-1568.30421734261,2413.0588026804,3144.60843468522,3840
AN19,cnn_5::overall_order_sensitive,cv_train,0.0,M_predictor,"cbind(response_correct, response_incorrect) ~ variability_z + (1 | participant_id) + (1 | analysis_item_id) + (1 | test_talker_id)",bobyqa,participant_item_talker_intercepts,registered,primary registered structure accepted,3840,True,False,ok,,,-1567.39137567442,2414.35204541684,3144.78275134884,3840
AN19,cnn_5::overall_order_sensitive,cv_train,1.0,M_condition,"cbind(response_correct, response_incorrect) ~ condition_id + (1 | participant_id) + (1 | analysis_item_id) + (1 | test_talker_id)",bobyqa,participant_item_talker_intercepts,registered,primary registered structure accepted,3840,True,False,ok,,,-1514.69464298543,2352.94341229064,3047.38928597087,3840
AN19,cnn_5::overall_order_sensitive,cv_train,1.0,M_joint,"cbind(response_correct, response_incorrect) ~ condition_id + variability_z + (1 | participant_id) + (1 | analysis_item_id) + (1 | test_talker_id)",bobyqa,participant_item_talker_intercepts,registered,primary registered structure accepted,3840,True,False,ok,,,-1513.79511507461,2354.47988915103,3047.59023014922,3840
AN19,cnn_5::overall_order_sensitive,cv_train,1.0,M_null,"cbind(response_correct, response_incorrect) ~ (1 | participant_id) + (1 | analysis_item_id) + (1 | test_talker_id)",bobyqa,participant_item_talker_intercepts,registered,primary registered structure accepted,3840,True,False,ok,,,-1522.69888377006,2345.58806576079,3053.39776754012,3840
AN19,cnn_5::overall_order_sensitive,cv_train,1.0,M_predictor,"cbind(response_correct, response_incorrect) ~ variability_z + (1 | participant_id) + (1 | analysis_item_id) + (1 | test_talker_id)",bobyqa,participant_item_talker_intercepts,registered,primary registered structure accepted,3840,True,False,ok,,,-1521.75781792127,2347.00769234657,3053.51563584253,3840
AN19,cnn_5::overall_order_sensitive,cv_train,2.0,M_condition,"cbind(response_correct, response_incorrect) ~ condition_id + (1 | participant_id) + (1 | analysis_item_id) + (1 | test_talker_id)",bobyqa,participant_item_talker_intercepts,registered,primary registered structure accepted,3840,True,False,ok,,,-1507.79624057507,2315.34809790291,3033.59248115014,3840
AN19,cnn_5::overall_order_sensitive,cv_train,2.0,M_joint,"cbind(response_correct, response_incorrect) ~ condition_id + variability_z + (1 | participant_id) + (1 | analysis_item_id) + (1 | test_talker_id)",bobyqa,participant_item_talker_intercepts,registered,primary registered structure accepted,3840,True,False,ok,,,-1507.36518654041,2315.61291512076,3034.73037308081,3840
AN19,cnn_5::overall_order_sensitive,cv_train,2.0,M_null,"cbind(response_correct, response_incorrect) ~ (1 | participant_id) + (1 | analysis_item_id) + (1 | test_talker_id)",bobyqa,participant_item_talker_intercepts,registered,primary registered structure accepted,3840,True,False,ok,,,-1519.38868263103,2304.33260308376,3046.77736526205,3840
AN19,cnn_5::overall_order_sensitive,cv_train,2.0,M_predictor,"cbind(response_correct, response_incorrect) ~ variability_z + (1 | participant_id) + (1 | analysis_item_id) + (1 | test_talker_id)",bobyqa,participant_item_talker_intercepts,registered,primary registered structure accepted,3840,True,False,ok,,,-1517.32985916181,2306.85066208978,3044.65971832362,3840
AN19,cnn_5::overall_order_sensitive,full,,M_condition,"cbind(response_correct, response_incorrect) ~ condition_id + (1 | participant_id) + (1 | analysis_item_id) + (1 | test_talker_id)",bobyqa,participant_item_talker_intercepts,registered,primary registered structure accepted,5760,True,False,ok,,,-2193.74056405627,3589.3649423815,4405.48112811254,5760
AN19,cnn_5::overall_order_sensitive,full,,M_joint,"cbind(response_correct, response_incorrect) ~ condition_id + variability_z + (1 | participant_id) + (1 | analysis_item_id) + (1 | test_talker_id)",bobyqa,participant_item_talker_intercepts,registered,primary registered structure accepted,5760,True,False,ok,,,-2192.61892580467,3590.52679668945,4405.23785160934,5760
AN19,cnn_5::overall_order_sensitive,full,,M_null,"cbind(response_correct, response_incorrect) ~ (1 | participant_id) + (1 | analysis_item_id) + (1 | test_talker_id)",bobyqa,participant_item_talker_intercepts,registered,primary registered structure accepted,5760,True,False,ok,,,-2203.24396227639,3580.4982873344,4414.48792455278,5760
AN19,cnn_5::overall_order_sensitive,full,,M_predictor,"cbind(response_correct, response_incorrect) ~ variability_z + (1 | participant_id) + (1 | analysis_item_id) + (1 | test_talker_id)",bobyqa,participant_item_talker_intercepts,registered,primary registered structure accepted,5760,True,False,ok,,,-2201.35909040301,3583.0533340743,4412.71818080601,5760
AN19,cnn_6::overall,cv_train,0.0,M_condition,"cbind(response_correct, response_incorrect) ~ condition_id + (1 | participant_id) + (1 | analysis_item_id) + (1 | test_talker_id)",bobyqa,participant_item_talker_intercepts,registered,primary registered structure accepted,3840,True,False,ok,,,-1561.06126707956,2418.47879657187,3140.12253415913,3840
AN19,cnn_6::overall,cv_train,0.0,M_joint,"cbind(response_correct, response_incorrect) ~ condition_id + variability_z + (1 | participant_id) + (1 | analysis_item_id) + (1 | test_talker_id)",bobyqa,participant_item_talker_intercepts,registered,primary registered structure accepted,3840,True,False,ok,,,-1560.68410202389,2418.96337398183,3141.36820404779,3840
AN19,cnn_6::overall,cv_train,0.0,M_null,"cbind(response_correct, response_incorrect) ~ (1 | participant_id) + (1 | analysis_item_id) + (1 | test_talker_id)",bobyqa,participant_item_talker_intercepts,registered,primary registered structure accepted,3840,True,False,ok,,,-1568.30421734261,2413.0588026804,3144.60843468522,3840
AN19,cnn_6::overall,cv_train,0.0,M_predictor,"cbind(response_correct, response_incorrect) ~ variability_z + (1 | participant_id) + (1 | analysis_item_id) + (1 | test_talker_id)",bobyqa,participant_item_talker_intercepts,registered,primary registered structure accepted,3840,True,False,ok,,,-1568.30392013015,2413.06278177755,3146.60784026031,3840
AN19,cnn_6::overall,cv_train,1.0,M_condition,"cbind(response_correct, response_incorrect) ~ condition_id + (1 | participant_id) + (1 | analysis_item_id) + (1 | test_talker_id)",bobyqa,participant_item_talker_intercepts,registered,primary registered structure accepted,3840,True,False,ok,,,-1514.69464298543,2352.94341229064,3047.38928597087,3840
AN19,cnn_6::overall,cv_train,1.0,M_joint,"cbind(response_correct, response_incorrect) ~ condition_id + variability_z + (1 | participant_id) + (1 | analysis_item_id) + (1 | test_talker_id)",bobyqa,participant_item_talker_intercepts,registered,primary registered structure accepted,3840,True,False,ok,,,-1513.32582501967,2355.27837140153,3046.65165003934,3840
AN19,cnn_6::overall,cv_train,1.0,M_null,"cbind(response_correct, response_incorrect) ~ (1 | participant_id) + (1 | analysis_item_id) + (1 | test_talker_id)",bobyqa,participant_item_talker_intercepts,registered,primary registered structure accepted,3840,True,False,ok,,,-1522.69888377006,2345.58806576079,3053.39776754012,3840
AN19,cnn_6::overall,cv_train,1.0,M_predictor,"cbind(response_correct, response_incorrect) ~ variability_z + (1 | participant_id) + (1 | analysis_item_id) + (1 | test_talker_id)",bobyqa,participant_item_talker_intercepts,registered,primary registered structure accepted,3840,True,False,ok,,,-1521.77386743508,2346.08086029746,3053.54773487016,3840
AN19,cnn_6::overall,cv_train,2.0,M_condition,"cbind(response_correct, response_incorrect) ~ condition_id + (1 | participant_id) + (1 | analysis_item_id) + (1 | test_talker_id)",bobyqa,participant_item_talker_intercepts,registered,primary registered structure accepted,3840,True,False,ok,,,-1507.79624057507,2315.34809790291,3033.59248115014,3840
AN19,cnn_6::overall,cv_train,2.0,M_joint,"cbind(response_correct, response_incorrect) ~ condition_id + variability_z + (1 | participant_id) + (1 | analysis_item_id) + (1 | test_talker_id)",bobyqa,participant_item_talker_intercepts,registered,primary registered structure accepted,3840,True,False,ok,,,-1507.03605413547,2316.08208855103,3034.07210827093,3840
AN19,cnn_6::overall,cv_train,2.0,M_null,"cbind(response_correct, response_incorrect) ~ (1 | participant_id) + (1 | analysis_item_id) + (1 | test_talker_id)",bobyqa,participant_item_talker_intercepts,registered,primary registered structure accepted,3840,True,False,ok,,,-1519.38868263103,2304.33260308376,3046.77736526205,3840
AN19,cnn_6::overall,cv_train,2.0,M_predictor,"cbind(response_correct, response_incorrect) ~ variability_z + (1 | participant_id) + (1 | analysis_item_id) + (1 | test_talker_id)",bobyqa,participant_item_talker_intercepts,registered,primary registered structure accepted,3840,True,False,ok,,,-1519.38484770682,2304.33153638158,3048.76969541364,3840
AN19,cnn_6::overall,full,,M_condition,"cbind(response_correct, response_incorrect) ~ condition_id + (1 | participant_id) + (1 | analysis_item_id) + (1 | test_talker_id)",bobyqa,participant_item_talker_intercepts,registered,primary registered structure accepted,5760,True,False,ok,,,-2193.74056405627,3589.3649423815,4405.48112811254,5760
AN19,cnn_6::overall,full,,M_joint,"cbind(response_correct, response_incorrect) ~ condition_id + variability_z + (1 | participant_id) + (1 | analysis_item_id) + (1 | test_talker_id)",bobyqa,participant_item_talker_intercepts,registered,primary registered structure accepted,5760,True,False,ok,,,-2192.46195415788,3590.88497022696,4404.92390831576,5760
AN19,cnn_6::overall,full,,M_null,"cbind(response_correct, response_incorrect) ~ (1 | participant_id) + (1 | analysis_item_id) + (1 | test_talker_id)",bobyqa,participant_item_talker_intercepts,registered,primary registered structure accepted,5760,True,False,ok,,,-2203.24396227639,3580.4982873344,4414.48792455278,5760
AN19,cnn_6::overall,full,,M_predictor,"cbind(response_correct, response_incorrect) ~ variability_z + (1 | participant_id) + (1 | analysis_item_id) + (1 | test_talker_id)",bobyqa,participant_item_talker_intercepts,registered,primary registered structure accepted,5760,True,False,ok,,,-2203.07842177909,3580.5025109684,4416.15684355819,5760
AN19,cnn_6::overall_order_sensitive,cv_train,0.0,M_condition,"cbind(response_correct, response_incorrect) ~ condition_id + (1 | participant_id) + (1 | analysis_item_id) + (1 | test_talker_id)",bobyqa,participant_item_talker_intercepts,registered,primary registered structure accepted,3840,True,False,ok,,,-1561.06126707956,2418.47879657187,3140.12253415913,3840
AN19,cnn_6::overall_order_sensitive,cv_train,0.0,M_joint,"cbind(response_correct, response_incorrect) ~ condition_id + variability_z + (1 | participant_id) + (1 | analysis_item_id) + (1 | test_talker_id)",bobyqa,participant_item_talker_intercepts,registered,primary registered structure accepted,3840,True,False,ok,,,-1560.98412601641,2418.65164599428,3141.96825203282,3840
AN19,cnn_6::overall_order_sensitive,cv_train,0.0,M_null,"cbind(response_correct, response_incorrect) ~ (1 | participant_id) + (1 | analysis_item_id) + (1 | test_talker_id)",bobyqa,participant_item_talker_intercepts,registered,primary registered structure accepted,3840,True,False,ok,,,-1568.30421734261,2413.0588026804,3144.60843468522,3840
AN19,cnn_6::overall_order_sensitive,cv_train,0.0,M_predictor,"cbind(response_correct, response_incorrect) ~ variability_z + (1 | participant_id) + (1 | analysis_item_id) + (1 | test_talker_id)",bobyqa,participant_item_talker_intercepts,registered,primary registered structure accepted,3840,True,False,ok,,,-1567.85431232981,2413.84302206444,3145.70862465961,3840
AN19,cnn_6::overall_order_sensitive,cv_train,1.0,M_condition,"cbind(response_correct, response_incorrect) ~ condition_id + (1 | participant_id) + (1 | analysis_item_id) + (1 | test_talker_id)",bobyqa,participant_item_talker_intercepts,registered,primary registered structure accepted,3840,True,False,ok,,,-1514.69464298543,2352.94341229064,3047.38928597087,3840
AN19,cnn_6::overall_order_sensitive,cv_train,1.0,M_joint,"cbind(response_correct, response_incorrect) ~ condition_id + variability_z + (1 | participant_id) + (1 | analysis_item_id) + (1 | test_talker_id)",bobyqa,participant_item_talker_intercepts,registered,primary registered structure accepted,3840,True,False,ok,,,-1514.22317644654,2353.79548641295,3048.44635289309,3840
AN19,cnn_6::overall_order_sensitive,cv_train,1.0,M_null,"cbind(response_correct, response_incorrect) ~ (1 | participant_id) + (1 | analysis_item_id) + (1 | test_talker_id)",bobyqa,participant_item_talker_intercepts,registered,primary registered structure accepted,3840,True,False,ok,,,-1522.69888377006,2345.58806576079,3053.39776754012,3840
AN19,cnn_6::overall_order_sensitive,cv_train,1.0,M_predictor,"cbind(response_correct, response_incorrect) ~ variability_z + (1 | participant_id) + (1 | analysis_item_id) + (1 | test_talker_id)",bobyqa,participant_item_talker_intercepts,registered,primary registered structure accepted,3840,True,False,ok,,,-1521.58376758128,2347.25682230476,3053.16753516256,3840
AN19,cnn_6::overall_order_sensitive,cv_train,2.0,M_condition,"cbind(response_correct, response_incorrect) ~ condition_id + (1 | participant_id) + (1 | analysis_item_id) + (1 | test_talker_id)",bobyqa,participant_item_talker_intercepts,registered,primary registered structure accepted,3840,True,False,ok,,,-1507.79624057507,2315.34809790291,3033.59248115014,3840
AN19,cnn_6::overall_order_sensitive,cv_train,2.0,M_joint,"cbind(response_correct, response_incorrect) ~ condition_id + variability_z + (1 | participant_id) + (1 | analysis_item_id) + (1 | test_talker_id)",bobyqa,participant_item_talker_intercepts,registered,primary registered structure accepted,3840,True,False,ok,,,-1507.09075407927,2316.32886111552,3034.18150815854,3840
AN19,cnn_6::overall_order_sensitive,cv_train,2.0,M_null,"cbind(response_correct, response_incorrect) ~ (1 | participant_id) + (1 | analysis_item_id) + (1 | test_talker_id)",bobyqa,participant_item_talker_intercepts,registered,primary registered structure accepted,3840,True,False,ok,,,-1519.38868263103,2304.33260308376,3046.77736526205,3840
AN19,cnn_6::overall_order_sensitive,cv_train,2.0,M_predictor,"cbind(response_correct, response_incorrect) ~ variability_z + (1 | participant_id) + (1 | analysis_item_id) + (1 | test_talker_id)",bobyqa,participant_item_talker_intercepts,registered,primary registered structure accepted,3840,True,False,ok,,,-1516.69335191045,2307.95077339315,3043.38670382091,3840
AN19,cnn_6::overall_order_sensitive,full,,M_condition,"cbind(response_correct, response_incorrect) ~ condition_id + (1 | participant_id) + (1 | analysis_item_id) + (1 | test_talker_id)",bobyqa,participant_item_talker_intercepts,registered,primary registered structure accepted,5760,True,False,ok,,,-2193.74056405627,3589.3649423815,4405.48112811254,5760
AN19,cnn_6::overall_order_sensitive,full,,M_joint,"cbind(response_correct, response_incorrect) ~ condition_id + variability_z + (1 | participant_id) + (1 | analysis_item_id) + (1 | test_talker_id)",bobyqa,participant_item_talker_intercepts,registered,primary registered structure accepted,5760,True,False,ok,,,-2193.12906491582,3590.31254418459,4406.25812983163,5760
AN19,cnn_6::overall_order_sensitive,full,,M_null,"cbind(response_correct, response_incorrect) ~ (1 | participant_id) + (1 | analysis_item_id) + (1 | test_talker_id)",bobyqa,participant_item_talker_intercepts,registered,primary registered structure accepted,5760,True,False,ok,,,-2203.24396227639,3580.4982873344,4414.48792455278,5760
AN19,cnn_6::overall_order_sensitive,full,,M_predictor,"cbind(response_correct, response_incorrect) ~ variability_z + (1 | participant_id) + (1 | analysis_item_id) + (1 | test_talker_id)",bobyqa,participant_item_talker_intercepts,registered,primary registered structure accepted,5760,True,False,ok,,,-2201.2923362547,3583.43378838134,4412.5846725094,5760
AN19,tr_0::overall,cv_train,0.0,M_condition,"cbind(response_correct, response_incorrect) ~ condition_id + (1 | participant_id) + (1 | analysis_item_id) + (1 | test_talker_id)",bobyqa,participant_item_talker_intercepts,registered,primary registered structure accepted,3840,True,False,ok,,,-1561.06126707956,2418.47879657187,3140.12253415913,3840
AN19,tr_0::overall,cv_train,0.0,M_joint,"cbind(response_correct, response_incorrect) ~ condition_id + variability_z + (1 | participant_id) + (1 | analysis_item_id) + (1 | test_talker_id)",bobyqa,participant_item_talker_intercepts,registered,primary registered structure accepted,3840,True,False,ok,,,-1560.99217844789,2418.60886152288,3141.98435689577,3840
AN19,tr_0::overall,cv_train,0.0,M_null,"cbind(response_correct, response_incorrect) ~ (1 | participant_id) + (1 | analysis_item_id) + (1 | test_talker_id)",bobyqa,participant_item_talker_intercepts,registered,primary registered structure accepted,3840,True,False,ok,,,-1568.30421734261,2413.0588026804,3144.60843468522,3840
AN19,tr_0::overall,cv_train,0.0,M_predictor,"cbind(response_correct, response_incorrect) ~ variability_z + (1 | participant_id) + (1 | analysis_item_id) + (1 | test_talker_id)",bobyqa,participant_item_talker_intercepts,registered,primary registered structure accepted,3840,True,False,ok,,,-1568.30327252801,2413.06646411251,3146.60654505601,3840
AN19,tr_0::overall,cv_train,1.0,M_condition,"cbind(response_correct, response_incorrect) ~ condition_id + (1 | participant_id) + (1 | analysis_item_id) + (1 | test_talker_id)",bobyqa,participant_item_talker_intercepts,registered,primary registered structure accepted,3840,True,False,ok,,,-1514.69464298543,2352.94341229064,3047.38928597087,3840
AN19,tr_0::overall,cv_train,1.0,M_joint,"cbind(response_correct, response_incorrect) ~ condition_id + variability_z + (1 | participant_id) + (1 | analysis_item_id) + (1 | test_talker_id)",bobyqa,participant_item_talker_intercepts,registered,primary registered structure accepted,3840,True,False,ok,,,-1513.99560477315,2354.18802163572,3047.9912095463,3840
AN19,tr_0::overall,cv_train,1.0,M_null,"cbind(response_correct, response_incorrect) ~ (1 | participant_id) + (1 | analysis_item_id) + (1 | test_talker_id)",bobyqa,participant_item_talker_intercepts,registered,primary registered structure accepted,3840,True,False,ok,,,-1522.69888377006,2345.58806576079,3053.39776754012,3840
AN19,tr_0::overall,cv_train,1.0,M_predictor,"cbind(response_correct, response_incorrect) ~ variability_z + (1 | participant_id) + (1 | analysis_item_id) + (1 | test_talker_id)",bobyqa,participant_item_talker_intercepts,registered,primary registered structure accepted,3840,True,False,ok,,,-1521.98817869194,2346.11037122482,3053.97635738388,3840
AN19,tr_0::overall,cv_train,2.0,M_condition,"cbind(response_correct, response_incorrect) ~ condition_id + (1 | participant_id) + (1 | analysis_item_id) + (1 | test_talker_id)",bobyqa,participant_item_talker_intercepts,registered,primary registered structure accepted,3840,True,False,ok,,,-1507.79624057507,2315.34809790291,3033.59248115014,3840
AN19,tr_0::overall,cv_train,2.0,M_joint,"cbind(response_correct, response_incorrect) ~ condition_id + variability_z + (1 | participant_id) + (1 | analysis_item_id) + (1 | test_talker_id)",bobyqa,participant_item_talker_intercepts,registered,primary registered structure accepted,3840,True,False,ok,,,-1507.20912783276,2316.06752133448,3034.41825566552,3840
AN19,tr_0::overall,cv_train,2.0,M_null,"cbind(response_correct, response_incorrect) ~ (1 | participant_id) + (1 | analysis_item_id) + (1 | test_talker_id)",bobyqa,participant_item_talker_intercepts,registered,primary registered structure accepted,3840,True,False,ok,,,-1519.38868263103,2304.33260308376,3046.77736526205,3840
AN19,tr_0::overall,cv_train,2.0,M_predictor,"cbind(response_correct, response_incorrect) ~ variability_z + (1 | participant_id) + (1 | analysis_item_id) + (1 | test_talker_id)",bobyqa,participant_item_talker_intercepts,registered,primary registered structure accepted,3840,True,False,ok,,,-1519.38507542069,2304.32776864086,3048.77015084137,3840
AN19,tr_0::overall,full,,M_condition,"cbind(response_correct, response_incorrect) ~ condition_id + (1 | participant_id) + (1 | analysis_item_id) + (1 | test_talker_id)",bobyqa,participant_item_talker_intercepts,registered,primary registered structure accepted,5760,True,False,ok,,,-2193.74056405627,3589.3649423815,4405.48112811254,5760
AN19,tr_0::overall,full,,M_joint,"cbind(response_correct, response_incorrect) ~ condition_id + variability_z + (1 | participant_id) + (1 | analysis_item_id) + (1 | test_talker_id)",bobyqa,participant_item_talker_intercepts,registered,primary registered structure accepted,5760,True,False,ok,,,-2193.08298505467,3590.29132004054,4406.16597010934,5760
AN19,tr_0::overall,full,,M_null,"cbind(response_correct, response_incorrect) ~ (1 | participant_id) + (1 | analysis_item_id) + (1 | test_talker_id)",bobyqa,participant_item_talker_intercepts,registered,primary registered structure accepted,5760,True,False,ok,,,-2203.24396227639,3580.4982873344,4414.48792455278,5760
AN19,tr_0::overall,full,,M_predictor,"cbind(response_correct, response_incorrect) ~ variability_z + (1 | participant_id) + (1 | analysis_item_id) + (1 | test_talker_id)",bobyqa,participant_item_talker_intercepts,registered,primary registered structure accepted,5760,True,False,ok,,,-2203.12157151887,3580.50857059302,4416.24314303775,5760
AN19,tr_0::overall_order_sensitive,cv_train,0.0,M_condition,"cbind(response_correct, response_incorrect) ~ condition_id + (1 | participant_id) + (1 | analysis_item_id) + (1 | test_talker_id)",bobyqa,participant_item_talker_intercepts,registered,primary registered structure accepted,3840,True,False,ok,,,-1561.06126707956,2418.47879657187,3140.12253415913,3840
AN19,tr_0::overall_order_sensitive,cv_train,0.0,M_joint,"cbind(response_correct, response_incorrect) ~ condition_id + variability_z + (1 | participant_id) + (1 | analysis_item_id) + (1 | test_talker_id)",bobyqa,participant_item_talker_intercepts,registered,primary registered structure accepted,3840,True,False,ok,,,-1560.45363177148,2419.07071508898,3140.90726354296,3840
AN19,tr_0::overall_order_sensitive,cv_train,0.0,M_null,"cbind(response_correct, response_incorrect) ~ (1 | participant_id) + (1 | analysis_item_id) + (1 | test_talker_id)",bobyqa,participant_item_talker_intercepts,registered,primary registered structure accepted,3840,True,False,ok,,,-1568.30421734261,2413.0588026804,3144.60843468522,3840
AN19,tr_0::overall_order_sensitive,cv_train,0.0,M_predictor,"cbind(response_correct, response_incorrect) ~ variability_z + (1 | participant_id) + (1 | analysis_item_id) + (1 | test_talker_id)",bobyqa,participant_item_talker_intercepts,registered,primary registered structure accepted,3840,True,False,ok,,,-1567.45848941833,2414.2842473502,3144.91697883666,3840
AN19,tr_0::overall_order_sensitive,cv_train,1.0,M_condition,"cbind(response_correct, response_incorrect) ~ condition_id + (1 | participant_id) + (1 | analysis_item_id) + (1 | test_talker_id)",bobyqa,participant_item_talker_intercepts,registered,primary registered structure accepted,3840,True,False,ok,,,-1514.69464298543,2352.94341229064,3047.38928597087,3840
AN19,tr_0::overall_order_sensitive,cv_train,1.0,M_joint,"cbind(response_correct, response_incorrect) ~ condition_id + variability_z + (1 | participant_id) + (1 | analysis_item_id) + (1 | test_talker_id)",bobyqa,participant_item_talker_intercepts,registered,primary registered structure accepted,3840,True,False,ok,,,-1514.31671891563,2353.61250109731,3048.63343783126,3840
AN19,tr_0::overall_order_sensitive,cv_train,1.0,M_null,"cbind(response_correct, response_incorrect) ~ (1 | participant_id) + (1 | analysis_item_id) + (1 | test_talker_id)",bobyqa,participant_item_talker_intercepts,registered,primary registered structure accepted,3840,True,False,ok,,,-1522.69888377006,2345.58806576079,3053.39776754012,3840
AN19,tr_0::overall_order_sensitive,cv_train,1.0,M_predictor,"cbind(response_correct, response_incorrect) ~ variability_z + (1 | participant_id) + (1 | analysis_item_id) + (1 | test_talker_id)",bobyqa,participant_item_talker_intercepts,registered,primary registered structure accepted,3840,True,False,ok,,,-1522.45454614889,2346.17432438352,3054.90909229778,3840
AN19,tr_0::overall_order_sensitive,cv_train,2.0,M_condition,"cbind(response_correct, response_incorrect) ~ condition_id + (1 | participant_id) + (1 | analysis_item_id) + (1 | test_talker_id)",bobyqa,participant_item_talker_intercepts,registered,primary registered structure accepted,3840,True,False,ok,,,-1507.79624057507,2315.34809790291,3033.59248115014,3840
AN19,tr_0::overall_order_sensitive,cv_train,2.0,M_joint,"cbind(response_correct, response_incorrect) ~ condition_id + variability_z + (1 | participant_id) + (1 | analysis_item_id) + (1 | test_talker_id)",bobyqa,participant_item_talker_intercepts,registered,primary registered structure accepted,3840,True,False,ok,,,-1507.68874639105,2315.33746266092,3035.3774927821,3840
AN19,tr_0::overall_order_sensitive,cv_train,2.0,M_null,"cbind(response_correct, response_incorrect) ~ (1 | participant_id) + (1 | analysis_item_id) + (1 | test_talker_id)",bobyqa,participant_item_talker_intercepts,registered,primary registered structure accepted,3840,True,False,ok,,,-1519.38868263103,2304.33260308376,3046.77736526205,3840
AN19,tr_0::overall_order_sensitive,cv_train,2.0,M_predictor,"cbind(response_correct, response_incorrect) ~ variability_z + (1 | participant_id) + (1 | analysis_item_id) + (1 | test_talker_id)",bobyqa,participant_item_talker_intercepts,registered,primary registered structure accepted,3840,True,False,ok,,,-1517.74522488436,2306.30497222675,3045.49044976873,3840
AN19,tr_0::overall_order_sensitive,full,,M_condition,"cbind(response_correct, response_incorrect) ~ condition_id + (1 | participant_id) + (1 | analysis_item_id) + (1 | test_talker_id)",bobyqa,participant_item_talker_intercepts,registered,primary registered structure accepted,5760,True,False,ok,,,-2193.74056405627,3589.3649423815,4405.48112811254,5760
AN19,tr_0::overall_order_sensitive,full,,M_joint,"cbind(response_correct, response_incorrect) ~ condition_id + variability_z + (1 | participant_id) + (1 | analysis_item_id) + (1 | test_talker_id)",bobyqa,participant_item_talker_intercepts,registered,primary registered structure accepted,5760,True,False,ok,,,-2193.25155042626,3589.75461646639,4406.50310085252,5760
AN19,tr_0::overall_order_sensitive,full,,M_null,"cbind(response_correct, response_incorrect) ~ (1 | participant_id) + (1 | analysis_item_id) + (1 | test_talker_id)",bobyqa,participant_item_talker_intercepts,registered,primary registered structure accepted,5760,True,False,ok,,,-2203.24396227639,3580.4982873344,4414.48792455278,5760
AN19,tr_0::overall_order_sensitive,full,,M_predictor,"cbind(response_correct, response_incorrect) ~ variability_z + (1 | participant_id) + (1 | analysis_item_id) + (1 | test_talker_id)",bobyqa,participant_item_talker_intercepts,registered,primary registered structure accepted,5760,True,False,ok,,,-2202.02356110737,3582.3455345553,4414.04712221475,5760
AN19,tr_10::overall,cv_train,0.0,M_condition,"cbind(response_correct, response_incorrect) ~ condition_id + (1 | participant_id) + (1 | analysis_item_id) + (1 | test_talker_id)",bobyqa,participant_item_talker_intercepts,registered,primary registered structure accepted,3840,True,False,ok,,,-1561.06126707956,2418.47879657187,3140.12253415913,3840
AN19,tr_10::overall,cv_train,0.0,M_joint,"cbind(response_correct, response_incorrect) ~ condition_id + variability_z + (1 | participant_id) + (1 | analysis_item_id) + (1 | test_talker_id)",bobyqa,participant_item_talker_intercepts,registered,primary registered structure accepted,3840,True,False,ok,,,-1560.35256253825,2419.25662159871,3140.7051250765,3840
AN19,tr_10::overall,cv_train,0.0,M_null,"cbind(response_correct, response_incorrect) ~ (1 | participant_id) + (1 | analysis_item_id) + (1 | test_talker_id)",bobyqa,participant_item_talker_intercepts,registered,primary registered structure accepted,3840,True,False,ok,,,-1568.30421734261,2413.0588026804,3144.60843468522,3840
AN19,tr_10::overall,cv_train,0.0,M_predictor,"cbind(response_correct, response_incorrect) ~ variability_z + (1 | participant_id) + (1 | analysis_item_id) + (1 | test_talker_id)",bobyqa,participant_item_talker_intercepts,registered,primary registered structure accepted,3840,True,False,ok,,,-1567.58306576946,2413.60966721993,3145.16613153893,3840
AN19,tr_10::overall,cv_train,1.0,M_condition,"cbind(response_correct, response_incorrect) ~ condition_id + (1 | participant_id) + (1 | analysis_item_id) + (1 | test_talker_id)",bobyqa,participant_item_talker_intercepts,registered,primary registered structure accepted,3840,True,False,ok,,,-1514.69464298543,2352.94341229064,3047.38928597087,3840
AN19,tr_10::overall,cv_train,1.0,M_joint,"cbind(response_correct, response_incorrect) ~ condition_id + variability_z + (1 | participant_id) + (1 | analysis_item_id) + (1 | test_talker_id)",bobyqa,participant_item_talker_intercepts,registered,primary registered structure accepted,3840,True,False,ok,,,-1513.23518214382,2355.34914042271,3046.47036428765,3840
AN19,tr_10::overall,cv_train,1.0,M_null,"cbind(response_correct, response_incorrect) ~ (1 | participant_id) + (1 | analysis_item_id) + (1 | test_talker_id)",bobyqa,participant_item_talker_intercepts,registered,primary registered structure accepted,3840,True,False,ok,,,-1522.69888377006,2345.58806576079,3053.39776754012,3840
AN19,tr_10::overall,cv_train,1.0,M_predictor,"cbind(response_correct, response_incorrect) ~ variability_z + (1 | participant_id) + (1 | analysis_item_id) + (1 | test_talker_id)",bobyqa,participant_item_talker_intercepts,registered,primary registered structure accepted,3840,True,False,ok,,,-1521.40078749459,2347.5340953346,3052.80157498918,3840
AN19,tr_10::overall,cv_train,2.0,M_condition,"cbind(response_correct, response_incorrect) ~ condition_id + (1 | participant_id) + (1 | analysis_item_id) + (1 | test_talker_id)",bobyqa,participant_item_talker_intercepts,registered,primary registered structure accepted,3840,True,False,ok,,,-1507.79624057507,2315.34809790291,3033.59248115014,3840
AN19,tr_10::overall,cv_train,2.0,M_joint,"cbind(response_correct, response_incorrect) ~ condition_id + variability_z + (1 | participant_id) + (1 | analysis_item_id) + (1 | test_talker_id)",bobyqa,participant_item_talker_intercepts,registered,primary registered structure accepted,3840,True,False,ok,,,-1507.14335447956,2315.82634963475,3034.28670895912,3840
AN19,tr_10::overall,cv_train,2.0,M_null,"cbind(response_correct, response_incorrect) ~ (1 | participant_id) + (1 | analysis_item_id) + (1 | test_talker_id)",bobyqa,participant_item_talker_intercepts,registered,primary registered structure accepted,3840,True,False,ok,,,-1519.38868263103,2304.33260308376,3046.77736526205,3840
AN19,tr_10::overall,cv_train,2.0,M_predictor,"cbind(response_correct, response_incorrect) ~ variability_z + (1 | participant_id) + (1 | analysis_item_id) + (1 | test_talker_id)",bobyqa,participant_item_talker_intercepts,registered,primary registered structure accepted,3840,True,False,ok,,,-1519.01675701529,2304.42789527856,3048.03351403059,3840
AN19,tr_10::overall,full,,M_condition,"cbind(response_correct, response_incorrect) ~ condition_id + (1 | participant_id) + (1 | analysis_item_id) + (1 | test_talker_id)",bobyqa,participant_item_talker_intercepts,registered,primary registered structure accepted,5760,True,False,ok,,,-2193.74056405627,3589.3649423815,4405.48112811254,5760
AN19,tr_10::overall,full,,M_joint,"cbind(response_correct, response_incorrect) ~ condition_id + variability_z + (1 | participant_id) + (1 | analysis_item_id) + (1 | test_talker_id)",bobyqa,participant_item_talker_intercepts,registered,primary registered structure accepted,5760,True,False,ok,,,-2192.29666227775,3590.86682183844,4404.5933245555,5760
AN19,tr_10::overall,full,,M_null,"cbind(response_correct, response_incorrect) ~ (1 | participant_id) + (1 | analysis_item_id) + (1 | test_talker_id)",bobyqa,participant_item_talker_intercepts,registered,primary registered structure accepted,5760,True,False,ok,,,-2203.24396227639,3580.4982873344,4414.48792455278,5760
AN19,tr_10::overall,full,,M_predictor,"cbind(response_correct, response_incorrect) ~ variability_z + (1 | participant_id) + (1 | analysis_item_id) + (1 | test_talker_id)",bobyqa,participant_item_talker_intercepts,registered,primary registered structure accepted,5760,True,False,ok,,,-2202.15552982106,3581.35917769453,4414.31105964212,5760
AN19,tr_10::overall_order_sensitive,cv_train,0.0,M_condition,"cbind(response_correct, response_incorrect) ~ condition_id + (1 | participant_id) + (1 | analysis_item_id) + (1 | test_talker_id)",bobyqa,participant_item_talker_intercepts,registered,primary registered structure accepted,3840,True,False,ok,,,-1561.06126707956,2418.47879657187,3140.12253415913,3840
AN19,tr_10::overall_order_sensitive,cv_train,0.0,M_joint,"cbind(response_correct, response_incorrect) ~ condition_id + variability_z + (1 | participant_id) + (1 | analysis_item_id) + (1 | test_talker_id)",bobyqa,participant_item_talker_intercepts,registered,primary registered structure accepted,3840,True,False,ok,,,-1560.53262936632,2419.14578553561,3141.06525873265,3840
AN19,tr_10::overall_order_sensitive,cv_train,0.0,M_null,"cbind(response_correct, response_incorrect) ~ (1 | participant_id) + (1 | analysis_item_id) + (1 | test_talker_id)",bobyqa,participant_item_talker_intercepts,registered,primary registered structure accepted,3840,True,False,ok,,,-1568.30421734261,2413.0588026804,3144.60843468522,3840
AN19,tr_10::overall_order_sensitive,cv_train,0.0,M_predictor,"cbind(response_correct, response_incorrect) ~ variability_z + (1 | participant_id) + (1 | analysis_item_id) + (1 | test_talker_id)",bobyqa,participant_item_talker_intercepts,registered,primary registered structure accepted,3840,True,False,ok,,,-1567.34710609556,2414.18928127907,3144.69421219112,3840
AN19,tr_10::overall_order_sensitive,cv_train,1.0,M_condition,"cbind(response_correct, response_incorrect) ~ condition_id + (1 | participant_id) + (1 | analysis_item_id) + (1 | test_talker_id)",bobyqa,participant_item_talker_intercepts,registered,primary registered structure accepted,3840,True,False,ok,,,-1514.69464298543,2352.94341229064,3047.38928597087,3840
AN19,tr_10::overall_order_sensitive,cv_train,1.0,M_joint,"cbind(response_correct, response_incorrect) ~ condition_id + variability_z + (1 | participant_id) + (1 | analysis_item_id) + (1 | test_talker_id)",bobyqa,participant_item_talker_intercepts,registered,primary registered structure accepted,3840,True,False,ok,,,-1513.68384599874,2354.68488777903,3047.36769199747,3840
AN19,tr_10::overall_order_sensitive,cv_train,1.0,M_null,"cbind(response_correct, response_incorrect) ~ (1 | participant_id) + (1 | analysis_item_id) + (1 | test_talker_id)",bobyqa,participant_item_talker_intercepts,registered,primary registered structure accepted,3840,True,False,ok,,,-1522.69888377006,2345.58806576079,3053.39776754012,3840
AN19,tr_10::overall_order_sensitive,cv_train,1.0,M_predictor,"cbind(response_correct, response_incorrect) ~ variability_z + (1 | participant_id) + (1 | analysis_item_id) + (1 | test_talker_id)",bobyqa,participant_item_talker_intercepts,registered,primary registered structure accepted,3840,True,False,ok,,,-1521.51904513774,2347.61398322653,3053.03809027547,3840
AN19,tr_10::overall_order_sensitive,cv_train,2.0,M_condition,"cbind(response_correct, response_incorrect) ~ condition_id + (1 | participant_id) + (1 | analysis_item_id) + (1 | test_talker_id)",bobyqa,participant_item_talker_intercepts,registered,primary registered structure accepted,3840,True,False,ok,,,-1507.79624057507,2315.34809790291,3033.59248115014,3840
AN19,tr_10::overall_order_sensitive,cv_train,2.0,M_joint,"cbind(response_correct, response_incorrect) ~ condition_id + variability_z + (1 | participant_id) + (1 | analysis_item_id) + (1 | test_talker_id)",bobyqa,participant_item_talker_intercepts,registered,primary registered structure accepted,3840,True,False,ok,,,-1507.17063688668,2315.8761603011,3034.34127377337,3840
AN19,tr_10::overall_order_sensitive,cv_train,2.0,M_null,"cbind(response_correct, response_incorrect) ~ (1 | participant_id) + (1 | analysis_item_id) + (1 | test_talker_id)",bobyqa,participant_item_talker_intercepts,registered,primary registered structure accepted,3840,True,False,ok,,,-1519.38868263103,2304.33260308376,3046.77736526205,3840
AN19,tr_10::overall_order_sensitive,cv_train,2.0,M_predictor,"cbind(response_correct, response_incorrect) ~ variability_z + (1 | participant_id) + (1 | analysis_item_id) + (1 | test_talker_id)",bobyqa,participant_item_talker_intercepts,registered,primary registered structure accepted,3840,True,False,ok,,,-1517.88994238027,2305.70031875236,3045.77988476053,3840
AN19,tr_10::overall_order_sensitive,full,,M_condition,"cbind(response_correct, response_incorrect) ~ condition_id + (1 | participant_id) + (1 | analysis_item_id) + (1 | test_talker_id)",bobyqa,participant_item_talker_intercepts,registered,primary registered structure accepted,5760,True,False,ok,,,-2193.74056405627,3589.3649423815,4405.48112811254,5760
AN19,tr_10::overall_order_sensitive,full,,M_joint,"cbind(response_correct, response_incorrect) ~ condition_id + variability_z + (1 | participant_id) + (1 | analysis_item_id) + (1 | test_talker_id)",bobyqa,participant_item_talker_intercepts,registered,primary registered structure accepted,5760,True,False,ok,,,-2192.59164659956,3590.65916971476,4405.18329319912,5760
AN19,tr_10::overall_order_sensitive,full,,M_null,"cbind(response_correct, response_incorrect) ~ (1 | participant_id) + (1 | analysis_item_id) + (1 | test_talker_id)",bobyqa,participant_item_talker_intercepts,registered,primary registered structure accepted,5760,True,False,ok,,,-2203.24396227639,3580.4982873344,4414.48792455278,5760
AN19,tr_10::overall_order_sensitive,full,,M_predictor,"cbind(response_correct, response_incorrect) ~ variability_z + (1 | participant_id) + (1 | analysis_item_id) + (1 | test_talker_id)",bobyqa,participant_item_talker_intercepts,registered,primary registered structure accepted,5760,True,False,ok,,,-2201.43577166392,3582.64277350386,4412.87154332784,5760
AN19,tr_12::overall,cv_train,0.0,M_condition,"cbind(response_correct, response_incorrect) ~ condition_id + (1 | participant_id) + (1 | analysis_item_id) + (1 | test_talker_id)",bobyqa,participant_item_talker_intercepts,registered,primary registered structure accepted,3840,True,False,ok,,,-1561.06126707956,2418.47879657187,3140.12253415913,3840
AN19,tr_12::overall,cv_train,0.0,M_joint,"cbind(response_correct, response_incorrect) ~ condition_id + variability_z + (1 | participant_id) + (1 | analysis_item_id) + (1 | test_talker_id)",bobyqa,participant_item_talker_intercepts,registered,primary registered structure accepted,3840,True,False,ok,,,-1560.22794531127,2419.28831439079,3140.45589062254,3840
AN19,tr_12::overall,cv_train,0.0,M_null,"cbind(response_correct, response_incorrect) ~ (1 | participant_id) + (1 | analysis_item_id) + (1 | test_talker_id)",bobyqa,participant_item_talker_intercepts,registered,primary registered structure accepted,3840,True,False,ok,,,-1568.30421734261,2413.0588026804,3144.60843468522,3840
AN19,tr_12::overall,cv_train,0.0,M_predictor,"cbind(response_correct, response_incorrect) ~ variability_z + (1 | participant_id) + (1 | analysis_item_id) + (1 | test_talker_id)",bobyqa,participant_item_talker_intercepts,registered,primary registered structure accepted,3840,True,False,ok,,,-1567.36391371566,2413.84840311834,3144.72782743133,3840
AN19,tr_12::overall,cv_train,1.0,M_condition,"cbind(response_correct, response_incorrect) ~ condition_id + (1 | participant_id) + (1 | analysis_item_id) + (1 | test_talker_id)",bobyqa,participant_item_talker_intercepts,registered,primary registered structure accepted,3840,True,False,ok,,,-1514.69464298543,2352.94341229064,3047.38928597087,3840
AN19,tr_12::overall,cv_train,1.0,M_joint,"cbind(response_correct, response_incorrect) ~ condition_id + variability_z + (1 | participant_id) + (1 | analysis_item_id) + (1 | test_talker_id)",bobyqa,participant_item_talker_intercepts,registered,primary registered structure accepted,3840,True,False,ok,,,-1513.54519682577,2354.80396258522,3047.09039365155,3840
AN19,tr_12::overall,cv_train,1.0,M_null,"cbind(response_correct, response_incorrect) ~ (1 | participant_id) + (1 | analysis_item_id) + (1 | test_talker_id)",bobyqa,participant_item_talker_intercepts,registered,primary registered structure accepted,3840,True,False,ok,,,-1522.69888377006,2345.58806576079,3053.39776754012,3840
AN19,tr_12::overall,cv_train,1.0,M_predictor,"cbind(response_correct, response_incorrect) ~ variability_z + (1 | participant_id) + (1 | analysis_item_id) + (1 | test_talker_id)",bobyqa,participant_item_talker_intercepts,registered,primary registered structure accepted,3840,True,False,ok,,,-1521.80782955875,2347.08710805935,3053.61565911749,3840
AN19,tr_12::overall,cv_train,2.0,M_condition,"cbind(response_correct, response_incorrect) ~ condition_id + (1 | participant_id) + (1 | analysis_item_id) + (1 | test_talker_id)",bobyqa,participant_item_talker_intercepts,registered,primary registered structure accepted,3840,True,False,ok,,,-1507.79624057507,2315.34809790291,3033.59248115014,3840
AN19,tr_12::overall,cv_train,2.0,M_joint,"cbind(response_correct, response_incorrect) ~ condition_id + variability_z + (1 | participant_id) + (1 | analysis_item_id) + (1 | test_talker_id)",bobyqa,participant_item_talker_intercepts,registered,primary registered structure accepted,3840,True,False,ok,,,-1507.40796086829,2315.51783468331,3034.81592173658,3840
AN19,tr_12::overall,cv_train,2.0,M_null,"cbind(response_correct, response_incorrect) ~ (1 | participant_id) + (1 | analysis_item_id) + (1 | test_talker_id)",bobyqa,participant_item_talker_intercepts,registered,primary registered structure accepted,3840,True,False,ok,,,-1519.38868263103,2304.33260308376,3046.77736526205,3840
AN19,tr_12::overall,cv_train,2.0,M_predictor,"cbind(response_correct, response_incorrect) ~ variability_z + (1 | participant_id) + (1 | analysis_item_id) + (1 | test_talker_id)",bobyqa,participant_item_talker_intercepts,registered,primary registered structure accepted,3840,True,False,ok,,,-1519.01461415953,2304.41962702693,3048.02922831907,3840
AN19,tr_12::overall,full,,M_condition,"cbind(response_correct, response_incorrect) ~ condition_id + (1 | participant_id) + (1 | analysis_item_id) + (1 | test_talker_id)",bobyqa,participant_item_talker_intercepts,registered,primary registered structure accepted,5760,True,False,ok,,,-2193.74056405627,3589.3649423815,4405.48112811254,5760
AN19,tr_12::overall,full,,M_joint,"cbind(response_correct, response_incorrect) ~ condition_id + variability_z + (1 | participant_id) + (1 | analysis_item_id) + (1 | test_talker_id)",bobyqa,participant_item_talker_intercepts,registered,primary registered structure accepted,5760,True,False,ok,,,-2192.5767539964,3590.41464247755,4405.1535079928,5760
AN19,tr_12::overall,full,,M_null,"cbind(response_correct, response_incorrect) ~ (1 | participant_id) + (1 | analysis_item_id) + (1 | test_talker_id)",bobyqa,participant_item_talker_intercepts,registered,primary registered structure accepted,5760,True,False,ok,,,-2203.24396227639,3580.4982873344,4414.48792455278,5760
AN19,tr_12::overall,full,,M_predictor,"cbind(response_correct, response_incorrect) ~ variability_z + (1 | participant_id) + (1 | analysis_item_id) + (1 | test_talker_id)",bobyqa,participant_item_talker_intercepts,registered,primary registered structure accepted,5760,True,False,ok,,,-2202.22041814403,3581.35411093124,4414.44083628806,5760
AN19,tr_12::overall_order_sensitive,cv_train,0.0,M_condition,"cbind(response_correct, response_incorrect) ~ condition_id + (1 | participant_id) + (1 | analysis_item_id) + (1 | test_talker_id)",bobyqa,participant_item_talker_intercepts,registered,primary registered structure accepted,3840,True,False,ok,,,-1561.06126707956,2418.47879657187,3140.12253415913,3840
AN19,tr_12::overall_order_sensitive,cv_train,0.0,M_joint,"cbind(response_correct, response_incorrect) ~ condition_id + variability_z + (1 | participant_id) + (1 | analysis_item_id) + (1 | test_talker_id)",bobyqa,participant_item_talker_intercepts,registered,primary registered structure accepted,3840,True,False,ok,,,-1560.73840220783,2418.93990005106,3141.47680441565,3840
AN19,tr_12::overall_order_sensitive,cv_train,0.0,M_null,"cbind(response_correct, response_incorrect) ~ (1 | participant_id) + (1 | analysis_item_id) + (1 | test_talker_id)",bobyqa,participant_item_talker_intercepts,registered,primary registered structure accepted,3840,True,False,ok,,,-1568.30421734261,2413.0588026804,3144.60843468522,3840
AN19,tr_12::overall_order_sensitive,cv_train,0.0,M_predictor,"cbind(response_correct, response_incorrect) ~ variability_z + (1 | participant_id) + (1 | analysis_item_id) + (1 | test_talker_id)",bobyqa,participant_item_talker_intercepts,registered,primary registered structure accepted,3840,True,False,ok,,,-1567.55750032775,2413.97084286156,3145.11500065549,3840
AN19,tr_12::overall_order_sensitive,cv_train,1.0,M_condition,"cbind(response_correct, response_incorrect) ~ condition_id + (1 | participant_id) + (1 | analysis_item_id) + (1 | test_talker_id)",bobyqa,participant_item_talker_intercepts,registered,primary registered structure accepted,3840,True,False,ok,,,-1514.69464298543,2352.94341229064,3047.38928597087,3840
AN19,tr_12::overall_order_sensitive,cv_train,1.0,M_joint,"cbind(response_correct, response_incorrect) ~ condition_id + variability_z + (1 | participant_id) + (1 | analysis_item_id) + (1 | test_talker_id)",bobyqa,participant_item_talker_intercepts,registered,primary registered structure accepted,3840,True,False,ok,,,-1513.8689620171,2354.42309080742,3047.7379240342,3840
AN19,tr_12::overall_order_sensitive,cv_train,1.0,M_null,"cbind(response_correct, response_incorrect) ~ (1 | participant_id) + (1 | analysis_item_id) + (1 | test_talker_id)",bobyqa,participant_item_talker_intercepts,registered,primary registered structure accepted,3840,True,False,ok,,,-1522.69888377006,2345.58806576079,3053.39776754012,3840
AN19,tr_12::overall_order_sensitive,cv_train,1.0,M_predictor,"cbind(response_correct, response_incorrect) ~ variability_z + (1 | participant_id) + (1 | analysis_item_id) + (1 | test_talker_id)",bobyqa,participant_item_talker_intercepts,registered,primary registered structure accepted,3840,True,False,ok,,,-1521.72037008315,2347.37040540843,3053.4407401663,3840
AN19,tr_12::overall_order_sensitive,cv_train,2.0,M_condition,"cbind(response_correct, response_incorrect) ~ condition_id + (1 | participant_id) + (1 | analysis_item_id) + (1 | test_talker_id)",bobyqa,participant_item_talker_intercepts,registered,primary registered structure accepted,3840,True,False,ok,,,-1507.79624057507,2315.34809790291,3033.59248115014,3840
AN19,tr_12::overall_order_sensitive,cv_train,2.0,M_joint,"cbind(response_correct, response_incorrect) ~ condition_id + variability_z + (1 | participant_id) + (1 | analysis_item_id) + (1 | test_talker_id)",bobyqa,participant_item_talker_intercepts,registered,primary registered structure accepted,3840,True,False,ok,,,-1507.14804025389,2315.98157966672,3034.29608050777,3840
AN19,tr_12::overall_order_sensitive,cv_train,2.0,M_null,"cbind(response_correct, response_incorrect) ~ (1 | participant_id) + (1 | analysis_item_id) + (1 | test_talker_id)",bobyqa,participant_item_talker_intercepts,registered,primary registered structure accepted,3840,True,False,ok,,,-1519.38868263103,2304.33260308376,3046.77736526205,3840
AN19,tr_12::overall_order_sensitive,cv_train,2.0,M_predictor,"cbind(response_correct, response_incorrect) ~ variability_z + (1 | participant_id) + (1 | analysis_item_id) + (1 | test_talker_id)",bobyqa,participant_item_talker_intercepts,registered,primary registered structure accepted,3840,True,False,ok,,,-1517.90089946722,2305.73409846344,3045.80179893444,3840
AN19,tr_12::overall_order_sensitive,full,,M_condition,"cbind(response_correct, response_incorrect) ~ condition_id + (1 | participant_id) + (1 | analysis_item_id) + (1 | test_talker_id)",bobyqa,participant_item_talker_intercepts,registered,primary registered structure accepted,5760,True,False,ok,,,-2193.74056405627,3589.3649423815,4405.48112811254,5760
AN19,tr_12::overall_order_sensitive,full,,M_joint,"cbind(response_correct, response_incorrect) ~ condition_id + variability_z + (1 | participant_id) + (1 | analysis_item_id) + (1 | test_talker_id)",bobyqa,participant_item_talker_intercepts,registered,primary registered structure accepted,5760,True,False,ok,,,-2192.7782408058,3590.54775139597,4405.5564816116,5760
AN19,tr_12::overall_order_sensitive,full,,M_null,"cbind(response_correct, response_incorrect) ~ (1 | participant_id) + (1 | analysis_item_id) + (1 | test_talker_id)",bobyqa,participant_item_talker_intercepts,registered,primary registered structure accepted,5760,True,False,ok,,,-2203.24396227639,3580.4982873344,4414.48792455278,5760
AN19,tr_12::overall_order_sensitive,full,,M_predictor,"cbind(response_correct, response_incorrect) ~ variability_z + (1 | participant_id) + (1 | analysis_item_id) + (1 | test_talker_id)",bobyqa,participant_item_talker_intercepts,registered,primary registered structure accepted,5760,True,False,ok,,,-2201.65403756035,3582.47324891212,4413.30807512071,5760
AN19,tr_14::overall,cv_train,0.0,M_condition,"cbind(response_correct, response_incorrect) ~ condition_id + (1 | participant_id) + (1 | analysis_item_id) + (1 | test_talker_id)",bobyqa,participant_item_talker_intercepts,registered,primary registered structure accepted,3840,True,False,ok,,,-1561.06126707956,2418.47879657187,3140.12253415913,3840
AN19,tr_14::overall,cv_train,0.0,M_joint,"cbind(response_correct, response_incorrect) ~ condition_id + variability_z + (1 | participant_id) + (1 | analysis_item_id) + (1 | test_talker_id)",bobyqa,participant_item_talker_intercepts,registered,primary registered structure accepted,3840,True,False,ok,,,-1560.29804583711,2419.28932323644,3140.59609167421,3840
AN19,tr_14::overall,cv_train,0.0,M_null,"cbind(response_correct, response_incorrect) ~ (1 | participant_id) + (1 | analysis_item_id) + (1 | test_talker_id)",bobyqa,participant_item_talker_intercepts,registered,primary registered structure accepted,3840,True,False,ok,,,-1568.30421734261,2413.0588026804,3144.60843468522,3840
AN19,tr_14::overall,cv_train,0.0,M_predictor,"cbind(response_correct, response_incorrect) ~ variability_z + (1 | participant_id) + (1 | analysis_item_id) + (1 | test_talker_id)",bobyqa,participant_item_talker_intercepts,registered,primary registered structure accepted,3840,True,False,ok,,,-1567.18867936101,2414.09998891808,3144.37735872202,3840
AN19,tr_14::overall,cv_train,1.0,M_condition,"cbind(response_correct, response_incorrect) ~ condition_id + (1 | participant_id) + (1 | analysis_item_id) + (1 | test_talker_id)",bobyqa,participant_item_talker_intercepts,registered,primary registered structure accepted,3840,True,False,ok,,,-1514.69464298543,2352.94341229064,3047.38928597087,3840
AN19,tr_14::overall,cv_train,1.0,M_joint,"cbind(response_correct, response_incorrect) ~ condition_id + variability_z + (1 | participant_id) + (1 | analysis_item_id) + (1 | test_talker_id)",bobyqa,participant_item_talker_intercepts,registered,primary registered structure accepted,3840,True,False,ok,,,-1513.2538639442,2355.30143761335,3046.50772788839,3840
AN19,tr_14::overall,cv_train,1.0,M_null,"cbind(response_correct, response_incorrect) ~ (1 | participant_id) + (1 | analysis_item_id) + (1 | test_talker_id)",bobyqa,participant_item_talker_intercepts,registered,primary registered structure accepted,3840,True,False,ok,,,-1522.69888377006,2345.58806576079,3053.39776754012,3840
AN19,tr_14::overall,cv_train,1.0,M_predictor,"cbind(response_correct, response_incorrect) ~ variability_z + (1 | participant_id) + (1 | analysis_item_id) + (1 | test_talker_id)",bobyqa,participant_item_talker_intercepts,registered,primary registered structure accepted,3840,True,False,ok,,,-1521.33899077246,2347.85318227816,3052.67798154493,3840
AN19,tr_14::overall,cv_train,2.0,M_condition,"cbind(response_correct, response_incorrect) ~ condition_id + (1 | participant_id) + (1 | analysis_item_id) + (1 | test_talker_id)",bobyqa,participant_item_talker_intercepts,registered,primary registered structure accepted,3840,True,False,ok,,,-1507.79624057507,2315.34809790291,3033.59248115014,3840
AN19,tr_14::overall,cv_train,2.0,M_joint,"cbind(response_correct, response_incorrect) ~ condition_id + variability_z + (1 | participant_id) + (1 | analysis_item_id) + (1 | test_talker_id)",bobyqa,participant_item_talker_intercepts,registered,primary registered structure accepted,3840,True,False,ok,,,-1507.19214068332,2315.75459138847,3034.38428136663,3840
AN19,tr_14::overall,cv_train,2.0,M_null,"cbind(response_correct, response_incorrect) ~ (1 | participant_id) + (1 | analysis_item_id) + (1 | test_talker_id)",bobyqa,participant_item_talker_intercepts,registered,primary registered structure accepted,3840,True,False,ok,,,-1519.38868263103,2304.33260308376,3046.77736526205,3840
AN19,tr_14::overall,cv_train,2.0,M_predictor,"cbind(response_correct, response_incorrect) ~ variability_z + (1 | participant_id) + (1 | analysis_item_id) + (1 | test_talker_id)",bobyqa,participant_item_talker_intercepts,registered,primary registered structure accepted,3840,True,False,ok,,,-1518.52224441325,2304.84721470964,3047.0444888265,3840
AN19,tr_14::overall,full,,M_condition,"cbind(response_correct, response_incorrect) ~ condition_id + (1 | participant_id) + (1 | analysis_item_id) + (1 | test_talker_id)",bobyqa,participant_item_talker_intercepts,registered,primary registered structure accepted,5760,True,False,ok,,,-2193.74056405627,3589.3649423815,4405.48112811254,5760
AN19,tr_14::overall,full,,M_joint,"cbind(response_correct, response_incorrect) ~ condition_id + variability_z + (1 | participant_id) + (1 | analysis_item_id) + (1 | test_talker_id)",bobyqa,participant_item_talker_intercepts,registered,primary registered structure accepted,5760,True,False,ok,,,-2192.31365980921,3590.80265647328,4404.62731961843,5760
AN19,tr_14::overall,full,,M_null,"cbind(response_correct, response_incorrect) ~ (1 | participant_id) + (1 | analysis_item_id) + (1 | test_talker_id)",bobyqa,participant_item_talker_intercepts,registered,primary registered structure accepted,5760,True,False,ok,,,-2203.24396227639,3580.4982873344,4414.48792455278,5760
AN19,tr_14::overall,full,,M_predictor,"cbind(response_correct, response_incorrect) ~ variability_z + (1 | participant_id) + (1 | analysis_item_id) + (1 | test_talker_id)",bobyqa,participant_item_talker_intercepts,registered,primary registered structure accepted,5760,True,False,ok,,,-2201.62011760762,3582.0835792391,4413.24023521525,5760
AN19,tr_14::overall_order_sensitive,cv_train,0.0,M_condition,"cbind(response_correct, response_incorrect) ~ condition_id + (1 | participant_id) + (1 | analysis_item_id) + (1 | test_talker_id)",bobyqa,participant_item_talker_intercepts,registered,primary registered structure accepted,3840,True,False,ok,,,-1561.06126707956,2418.47879657187,3140.12253415913,3840
AN19,tr_14::overall_order_sensitive,cv_train,0.0,M_joint,"cbind(response_correct, response_incorrect) ~ condition_id + variability_z + (1 | participant_id) + (1 | analysis_item_id) + (1 | test_talker_id)",bobyqa,participant_item_talker_intercepts,registered,primary registered structure accepted,3840,True,False,ok,,,-1560.95082796012,2418.72225454127,3141.90165592024,3840
AN19,tr_14::overall_order_sensitive,cv_train,0.0,M_null,"cbind(response_correct, response_incorrect) ~ (1 | participant_id) + (1 | analysis_item_id) + (1 | test_talker_id)",bobyqa,participant_item_talker_intercepts,registered,primary registered structure accepted,3840,True,False,ok,,,-1568.30421734261,2413.0588026804,3144.60843468522,3840
AN19,tr_14::overall_order_sensitive,cv_train,0.0,M_predictor,"cbind(response_correct, response_incorrect) ~ variability_z + (1 | participant_id) + (1 | analysis_item_id) + (1 | test_talker_id)",bobyqa,participant_item_talker_intercepts,registered,primary registered structure accepted,3840,True,False,ok,,,-1568.28621067156,2413.09756040394,3146.57242134311,3840
AN19,tr_14::overall_order_sensitive,cv_train,1.0,M_condition,"cbind(response_correct, response_incorrect) ~ condition_id + (1 | participant_id) + (1 | analysis_item_id) + (1 | test_talker_id)",bobyqa,participant_item_talker_intercepts,registered,primary registered structure accepted,3840,True,False,ok,,,-1514.69464298543,2352.94341229064,3047.38928597087,3840
AN19,tr_14::overall_order_sensitive,cv_train,1.0,M_joint,"cbind(response_correct, response_incorrect) ~ condition_id + variability_z + (1 | participant_id) + (1 | analysis_item_id) + (1 | test_talker_id)",bobyqa,participant_item_talker_intercepts,registered,primary registered structure accepted,3840,True,False,ok,,,-1514.60148728536,2353.18452331504,3049.20297457072,3840
AN19,tr_14::overall_order_sensitive,cv_train,1.0,M_null,"cbind(response_correct, response_incorrect) ~ (1 | participant_id) + (1 | analysis_item_id) + (1 | test_talker_id)",bobyqa,participant_item_talker_intercepts,registered,primary registered structure accepted,3840,True,False,ok,,,-1522.69888377006,2345.58806576079,3053.39776754012,3840
AN19,tr_14::overall_order_sensitive,cv_train,1.0,M_predictor,"cbind(response_correct, response_incorrect) ~ variability_z + (1 | participant_id) + (1 | analysis_item_id) + (1 | test_talker_id)",bobyqa,participant_item_talker_intercepts,registered,primary registered structure accepted,3840,True,False,ok,,,-1522.60689128855,2345.72788905282,3055.2137825771,3840
AN19,tr_14::overall_order_sensitive,cv_train,2.0,M_condition,"cbind(response_correct, response_incorrect) ~ condition_id + (1 | participant_id) + (1 | analysis_item_id) + (1 | test_talker_id)",bobyqa,participant_item_talker_intercepts,registered,primary registered structure accepted,3840,True,False,ok,,,-1507.79624057507,2315.34809790291,3033.59248115014,3840
AN19,tr_14::overall_order_sensitive,cv_train,2.0,M_joint,"cbind(response_correct, response_incorrect) ~ condition_id + variability_z + (1 | participant_id) + (1 | analysis_item_id) + (1 | test_talker_id)",bobyqa,participant_item_talker_intercepts,registered,primary registered structure accepted,3840,True,False,ok,,,-1507.39391377819,2315.87126321247,3034.78782755638,3840
AN19,tr_14::overall_order_sensitive,cv_train,2.0,M_null,"cbind(response_correct, response_incorrect) ~ (1 | participant_id) + (1 | analysis_item_id) + (1 | test_talker_id)",bobyqa,participant_item_talker_intercepts,registered,primary registered structure accepted,3840,True,False,ok,,,-1519.38868263103,2304.33260308376,3046.77736526205,3840
AN19,tr_14::overall_order_sensitive,cv_train,2.0,M_predictor,"cbind(response_correct, response_incorrect) ~ variability_z + (1 | participant_id) + (1 | analysis_item_id) + (1 | test_talker_id)",bobyqa,participant_item_talker_intercepts,registered,primary registered structure accepted,3840,True,False,ok,,,-1519.26120298026,2304.45472226365,3048.52240596053,3840
AN19,tr_14::overall_order_sensitive,full,,M_condition,"cbind(response_correct, response_incorrect) ~ condition_id + (1 | participant_id) + (1 | analysis_item_id) + (1 | test_talker_id)",bobyqa,participant_item_talker_intercepts,registered,primary registered structure accepted,5760,True,False,ok,,,-2193.74056405627,3589.3649423815,4405.48112811254,5760
AN19,tr_14::overall_order_sensitive,full,,M_joint,"cbind(response_correct, response_incorrect) ~ condition_id + variability_z + (1 | participant_id) + (1 | analysis_item_id) + (1 | test_talker_id)",bobyqa,participant_item_talker_intercepts,registered,primary registered structure accepted,5760,True,False,ok,,,-2193.40618111693,3589.91084917083,4406.81236223385,5760
AN19,tr_14::overall_order_sensitive,full,,M_null,"cbind(response_correct, response_incorrect) ~ (1 | participant_id) + (1 | analysis_item_id) + (1 | test_talker_id)",bobyqa,participant_item_talker_intercepts,registered,primary registered structure accepted,5760,True,False,ok,,,-2203.24396227639,3580.4982873344,4414.48792455278,5760
AN19,tr_14::overall_order_sensitive,full,,M_predictor,"cbind(response_correct, response_incorrect) ~ variability_z + (1 | participant_id) + (1 | analysis_item_id) + (1 | test_talker_id)",bobyqa,participant_item_talker_intercepts,registered,primary registered structure accepted,5760,True,False,ok,,,-2203.12784422063,3580.64199481178,4416.25568844127,5760
AN19,tr_16::overall,cv_train,0.0,M_condition,"cbind(response_correct, response_incorrect) ~ condition_id + (1 | participant_id) + (1 | analysis_item_id) + (1 | test_talker_id)",bobyqa,participant_item_talker_intercepts,registered,primary registered structure accepted,3840,True,False,ok,,,-1561.06126707956,2418.47879657187,3140.12253415913,3840
AN19,tr_16::overall,cv_train,0.0,M_joint,"cbind(response_correct, response_incorrect) ~ condition_id + variability_z + (1 | participant_id) + (1 | analysis_item_id) + (1 | test_talker_id)",bobyqa,participant_item_talker_intercepts,registered,primary registered structure accepted,3840,True,False,ok,,,-1560.90687837056,2418.51031305848,3141.81375674111,3840
AN19,tr_16::overall,cv_train,0.0,M_null,"cbind(response_correct, response_incorrect) ~ (1 | participant_id) + (1 | analysis_item_id) + (1 | test_talker_id)",bobyqa,participant_item_talker_intercepts,registered,primary registered structure accepted,3840,True,False,ok,,,-1568.30421734261,2413.0588026804,3144.60843468522,3840
AN19,tr_16::overall,cv_train,0.0,M_predictor,"cbind(response_correct, response_incorrect) ~ variability_z + (1 | participant_id) + (1 | analysis_item_id) + (1 | test_talker_id)",bobyqa,participant_item_talker_intercepts,registered,primary registered structure accepted,3840,True,False,ok,,,-1567.62897867216,2413.51481476544,3145.25795734432,3840
AN19,tr_16::overall,cv_train,1.0,M_condition,"cbind(response_correct, response_incorrect) ~ condition_id + (1 | participant_id) + (1 | analysis_item_id) + (1 | test_talker_id)",bobyqa,participant_item_talker_intercepts,registered,primary registered structure accepted,3840,True,False,ok,,,-1514.69464298543,2352.94341229064,3047.38928597087,3840
AN19,tr_16::overall,cv_train,1.0,M_joint,"cbind(response_correct, response_incorrect) ~ condition_id + variability_z + (1 | participant_id) + (1 | analysis_item_id) + (1 | test_talker_id)",bobyqa,participant_item_talker_intercepts,registered,primary registered structure accepted,3840,True,False,ok,,,-1513.03906373476,2355.35828425827,3046.07812746952,3840
AN19,tr_16::overall,cv_train,1.0,M_null,"cbind(response_correct, response_incorrect) ~ (1 | participant_id) + (1 | analysis_item_id) + (1 | test_talker_id)",bobyqa,participant_item_talker_intercepts,registered,primary registered structure accepted,3840,True,False,ok,,,-1522.69888377006,2345.58806576079,3053.39776754012,3840
AN19,tr_16::overall,cv_train,1.0,M_predictor,"cbind(response_correct, response_incorrect) ~ variability_z + (1 | participant_id) + (1 | analysis_item_id) + (1 | test_talker_id)",bobyqa,participant_item_talker_intercepts,registered,primary registered structure accepted,3840,True,False,ok,,,-1521.96983057816,2346.96023853582,3053.93966115633,3840
AN19,tr_16::overall,cv_train,2.0,M_condition,"cbind(response_correct, response_incorrect) ~ condition_id + (1 | participant_id) + (1 | analysis_item_id) + (1 | test_talker_id)",bobyqa,participant_item_talker_intercepts,registered,primary registered structure accepted,3840,True,False,ok,,,-1507.79624057507,2315.34809790291,3033.59248115014,3840
AN19,tr_16::overall,cv_train,2.0,M_joint,"cbind(response_correct, response_incorrect) ~ condition_id + variability_z + (1 | participant_id) + (1 | analysis_item_id) + (1 | test_talker_id)",bobyqa,participant_item_talker_intercepts,registered,primary registered structure accepted,3840,True,False,ok,,,-1507.61437632683,2315.38018706927,3035.22875265366,3840
AN19,tr_16::overall,cv_train,2.0,M_null,"cbind(response_correct, response_incorrect) ~ (1 | participant_id) + (1 | analysis_item_id) + (1 | test_talker_id)",bobyqa,participant_item_talker_intercepts,registered,primary registered structure accepted,3840,True,False,ok,,,-1519.38868263103,2304.33260308376,3046.77736526205,3840
AN19,tr_16::overall,cv_train,2.0,M_predictor,"cbind(response_correct, response_incorrect) ~ variability_z + (1 | participant_id) + (1 | analysis_item_id) + (1 | test_talker_id)",bobyqa,participant_item_talker_intercepts,registered,primary registered structure accepted,3840,True,False,ok,,,-1519.01621659314,2304.47510747138,3048.03243318629,3840
AN19,tr_16::overall,full,,M_condition,"cbind(response_correct, response_incorrect) ~ condition_id + (1 | participant_id) + (1 | analysis_item_id) + (1 | test_talker_id)",bobyqa,participant_item_talker_intercepts,registered,primary registered structure accepted,5760,True,False,ok,,,-2193.74056405627,3589.3649423815,4405.48112811254,5760
AN19,tr_16::overall,full,,M_joint,"cbind(response_correct, response_incorrect) ~ condition_id + variability_z + (1 | participant_id) + (1 | analysis_item_id) + (1 | test_talker_id)",bobyqa,participant_item_talker_intercepts,registered,primary registered structure accepted,5760,True,False,ok,,,-2193.0310878739,3589.88250356986,4406.06217574781,5760
AN19,tr_16::overall,full,,M_null,"cbind(response_correct, response_incorrect) ~ (1 | participant_id) + (1 | analysis_item_id) + (1 | test_talker_id)",bobyqa,participant_item_talker_intercepts,registered,primary registered structure accepted,5760,True,False,ok,,,-2203.24396227639,3580.4982873344,4414.48792455278,5760
AN19,tr_16::overall,full,,M_predictor,"cbind(response_correct, response_incorrect) ~ variability_z + (1 | participant_id) + (1 | analysis_item_id) + (1 | test_talker_id)",bobyqa,participant_item_talker_intercepts,registered,primary registered structure accepted,5760,True,False,ok,,,-2202.41203440189,3581.26716829348,4414.82406880377,5760
AN19,tr_16::overall_order_sensitive,cv_train,0.0,M_condition,"cbind(response_correct, response_incorrect) ~ condition_id + (1 | participant_id) + (1 | analysis_item_id) + (1 | test_talker_id)",bobyqa,participant_item_talker_intercepts,registered,primary registered structure accepted,3840,True,False,ok,,,-1561.06126707956,2418.47879657187,3140.12253415913,3840
AN19,tr_16::overall_order_sensitive,cv_train,0.0,M_joint,"cbind(response_correct, response_incorrect) ~ condition_id + variability_z + (1 | participant_id) + (1 | analysis_item_id) + (1 | test_talker_id)",bobyqa,participant_item_talker_intercepts,registered,primary registered structure accepted,3840,True,False,ok,,,-1560.68926961131,2419.01105963443,3141.37853922261,3840
AN19,tr_16::overall_order_sensitive,cv_train,0.0,M_null,"cbind(response_correct, response_incorrect) ~ (1 | participant_id) + (1 | analysis_item_id) + (1 | test_talker_id)",bobyqa,participant_item_talker_intercepts,registered,primary registered structure accepted,3840,True,False,ok,,,-1568.30421734261,2413.0588026804,3144.60843468522,3840
AN19,tr_16::overall_order_sensitive,cv_train,0.0,M_predictor,"cbind(response_correct, response_incorrect) ~ variability_z + (1 | participant_id) + (1 | analysis_item_id) + (1 | test_talker_id)",bobyqa,participant_item_talker_intercepts,registered,primary registered structure accepted,3840,True,False,ok,,,-1567.61777100751,2413.94509158236,3145.23554201501,3840
AN19,tr_16::overall_order_sensitive,cv_train,1.0,M_condition,"cbind(response_correct, response_incorrect) ~ condition_id + (1 | participant_id) + (1 | analysis_item_id) + (1 | test_talker_id)",bobyqa,participant_item_talker_intercepts,registered,primary registered structure accepted,3840,True,False,ok,,,-1514.69464298543,2352.94341229064,3047.38928597087,3840
AN19,tr_16::overall_order_sensitive,cv_train,1.0,M_joint,"cbind(response_correct, response_incorrect) ~ condition_id + variability_z + (1 | participant_id) + (1 | analysis_item_id) + (1 | test_talker_id)",bobyqa,participant_item_talker_intercepts,registered,primary registered structure accepted,3840,True,False,ok,,,-1514.10791116058,2354.02983100292,3048.21582232116,3840
AN19,tr_16::overall_order_sensitive,cv_train,1.0,M_null,"cbind(response_correct, response_incorrect) ~ (1 | participant_id) + (1 | analysis_item_id) + (1 | test_talker_id)",bobyqa,participant_item_talker_intercepts,registered,primary registered structure accepted,3840,True,False,ok,,,-1522.69888377006,2345.58806576079,3053.39776754012,3840
AN19,tr_16::overall_order_sensitive,cv_train,1.0,M_predictor,"cbind(response_correct, response_incorrect) ~ variability_z + (1 | participant_id) + (1 | analysis_item_id) + (1 | test_talker_id)",bobyqa,participant_item_talker_intercepts,registered,primary registered structure accepted,3840,True,False,ok,,,-1522.03322091219,2346.85537965994,3054.06644182438,3840
AN19,tr_16::overall_order_sensitive,cv_train,2.0,M_condition,"cbind(response_correct, response_incorrect) ~ condition_id + (1 | participant_id) + (1 | analysis_item_id) + (1 | test_talker_id)",bobyqa,participant_item_talker_intercepts,registered,primary registered structure accepted,3840,True,False,ok,,,-1507.79624057507,2315.34809790291,3033.59248115014,3840
AN19,tr_16::overall_order_sensitive,cv_train,2.0,M_joint,"cbind(response_correct, response_incorrect) ~ condition_id + variability_z + (1 | participant_id) + (1 | analysis_item_id) + (1 | test_talker_id)",bobyqa,participant_item_talker_intercepts,registered,primary registered structure accepted,3840,True,False,ok,,,-1507.18857843667,2315.95338195283,3034.37715687335,3840
AN19,tr_16::overall_order_sensitive,cv_train,2.0,M_null,"cbind(response_correct, response_incorrect) ~ (1 | participant_id) + (1 | analysis_item_id) + (1 | test_talker_id)",bobyqa,participant_item_talker_intercepts,registered,primary registered structure accepted,3840,True,False,ok,,,-1519.38868263103,2304.33260308376,3046.77736526205,3840
AN19,tr_16::overall_order_sensitive,cv_train,2.0,M_predictor,"cbind(response_correct, response_incorrect) ~ variability_z + (1 | participant_id) + (1 | analysis_item_id) + (1 | test_talker_id)",bobyqa,participant_item_talker_intercepts,registered,primary registered structure accepted,3840,True,False,ok,,,-1518.01786632779,2305.66808636336,3046.03573265558,3840
AN19,tr_16::overall_order_sensitive,full,,M_condition,"cbind(response_correct, response_incorrect) ~ condition_id + (1 | participant_id) + (1 | analysis_item_id) + (1 | test_talker_id)",bobyqa,participant_item_talker_intercepts,registered,primary registered structure accepted,5760,True,False,ok,,,-2193.74056405627,3589.3649423815,4405.48112811254,5760
AN19,tr_16::overall_order_sensitive,full,,M_joint,"cbind(response_correct, response_incorrect) ~ condition_id + variability_z + (1 | participant_id) + (1 | analysis_item_id) + (1 | test_talker_id)",bobyqa,participant_item_talker_intercepts,registered,primary registered structure accepted,5760,True,False,ok,,,-2192.86800337182,3590.44266500356,4405.73600674363,5760
AN19,tr_16::overall_order_sensitive,full,,M_null,"cbind(response_correct, response_incorrect) ~ (1 | participant_id) + (1 | analysis_item_id) + (1 | test_talker_id)",bobyqa,participant_item_talker_intercepts,registered,primary registered structure accepted,5760,True,False,ok,,,-2203.24396227639,3580.4982873344,4414.48792455278,5760
AN19,tr_16::overall_order_sensitive,full,,M_predictor,"cbind(response_correct, response_incorrect) ~ variability_z + (1 | participant_id) + (1 | analysis_item_id) + (1 | test_talker_id)",bobyqa,participant_item_talker_intercepts,registered,primary registered structure accepted,5760,True,False,ok,,,-2201.89164161691,3582.22909023567,4413.78328323382,5760
AN19,tr_18::overall,cv_train,0.0,M_condition,"cbind(response_correct, response_incorrect) ~ condition_id + (1 | participant_id) + (1 | analysis_item_id) + (1 | test_talker_id)",bobyqa,participant_item_talker_intercepts,registered,primary registered structure accepted,3840,True,False,ok,,,-1561.06126707956,2418.47879657187,3140.12253415913,3840
AN19,tr_18::overall,cv_train,0.0,M_joint,"cbind(response_correct, response_incorrect) ~ condition_id + variability_z + (1 | participant_id) + (1 | analysis_item_id) + (1 | test_talker_id)",bobyqa,participant_item_talker_intercepts,registered,primary registered structure accepted,3840,True,False,ok,,,-1560.82022063322,2418.66368071834,3141.64044126645,3840
AN19,tr_18::overall,cv_train,0.0,M_null,"cbind(response_correct, response_incorrect) ~ (1 | participant_id) + (1 | analysis_item_id) + (1 | test_talker_id)",bobyqa,participant_item_talker_intercepts,registered,primary registered structure accepted,3840,True,False,ok,,,-1568.30421734261,2413.0588026804,3144.60843468522,3840
AN19,tr_18::overall,cv_train,0.0,M_predictor,"cbind(response_correct, response_incorrect) ~ variability_z + (1 | participant_id) + (1 | analysis_item_id) + (1 | test_talker_id)",Nelder_Mead,participant_item_talker_intercepts,registered,primary registered structure accepted,3840,True,False,ok,,,-1567.61097408307,2413.65252219935,3145.22194816614,3840
AN19,tr_18::overall,cv_train,1.0,M_condition,"cbind(response_correct, response_incorrect) ~ condition_id + (1 | participant_id) + (1 | analysis_item_id) + (1 | test_talker_id)",bobyqa,participant_item_talker_intercepts,registered,primary registered structure accepted,3840,True,False,ok,,,-1514.69464298543,2352.94341229064,3047.38928597087,3840
AN19,tr_18::overall,cv_train,1.0,M_joint,"cbind(response_correct, response_incorrect) ~ condition_id + variability_z + (1 | participant_id) + (1 | analysis_item_id) + (1 | test_talker_id)",bobyqa,participant_item_talker_intercepts,registered,primary registered structure accepted,3840,True,False,ok,,,-1512.70765738588,2356.12176368095,3045.41531477176,3840
AN19,tr_18::overall,cv_train,1.0,M_null,"cbind(response_correct, response_incorrect) ~ (1 | participant_id) + (1 | analysis_item_id) + (1 | test_talker_id)",bobyqa,participant_item_talker_intercepts,registered,primary registered structure accepted,3840,True,False,ok,,,-1522.69888377006,2345.58806576079,3053.39776754012,3840
AN19,tr_18::overall,cv_train,1.0,M_predictor,"cbind(response_correct, response_incorrect) ~ variability_z + (1 | participant_id) + (1 | analysis_item_id) + (1 | test_talker_id)",bobyqa,participant_item_talker_intercepts,registered,primary registered structure accepted,3840,True,False,ok,,,-1522.27107839592,2346.60739713077,3054.54215679183,3840
AN19,tr_18::overall,cv_train,2.0,M_condition,"cbind(response_correct, response_incorrect) ~ condition_id + (1 | participant_id) + (1 | analysis_item_id) + (1 | test_talker_id)",bobyqa,participant_item_talker_intercepts,registered,primary registered structure accepted,3840,True,False,ok,,,-1507.79624057507,2315.34809790291,3033.59248115014,3840
AN19,tr_18::overall,cv_train,2.0,M_joint,"cbind(response_correct, response_incorrect) ~ condition_id + variability_z + (1 | participant_id) + (1 | analysis_item_id) + (1 | test_talker_id)",bobyqa,participant_item_talker_intercepts,registered,primary registered structure accepted,3840,True,False,ok,,,-1507.31810153533,2315.70289886958,3034.63620307067,3840
AN19,tr_18::overall,cv_train,2.0,M_null,"cbind(response_correct, response_incorrect) ~ (1 | participant_id) + (1 | analysis_item_id) + (1 | test_talker_id)",bobyqa,participant_item_talker_intercepts,registered,primary registered structure accepted,3840,True,False,ok,,,-1519.38868263103,2304.33260308376,3046.77736526205,3840
AN19,tr_18::overall,cv_train,2.0,M_predictor,"cbind(response_correct, response_incorrect) ~ variability_z + (1 | participant_id) + (1 | analysis_item_id) + (1 | test_talker_id)",bobyqa,participant_item_talker_intercepts,registered,primary registered structure accepted,3840,True,False,ok,,,-1518.86218156839,2304.61652123994,3047.72436313678,3840
AN19,tr_18::overall,full,,M_condition,"cbind(response_correct, response_incorrect) ~ condition_id + (1 | participant_id) + (1 | analysis_item_id) + (1 | test_talker_id)",bobyqa,participant_item_talker_intercepts,registered,primary registered structure accepted,5760,True,False,ok,,,-2193.74056405627,3589.3649423815,4405.48112811254,5760
AN19,tr_18::overall,full,,M_joint,"cbind(response_correct, response_incorrect) ~ condition_id + variability_z + (1 | participant_id) + (1 | analysis_item_id) + (1 | test_talker_id)",bobyqa,participant_item_talker_intercepts,registered,primary registered structure accepted,5760,True,False,ok,,,-2192.60340610051,3590.51931927941,4405.20681220102,5760
AN19,tr_18::overall,full,,M_null,"cbind(response_correct, response_incorrect) ~ (1 | participant_id) + (1 | analysis_item_id) + (1 | test_talker_id)",bobyqa,participant_item_talker_intercepts,registered,primary registered structure accepted,5760,True,False,ok,,,-2203.24396227639,3580.4982873344,4414.48792455278,5760
AN19,tr_18::overall,full,,M_predictor,"cbind(response_correct, response_incorrect) ~ variability_z + (1 | participant_id) + (1 | analysis_item_id) + (1 | test_talker_id)",bobyqa,participant_item_talker_intercepts,registered,primary registered structure accepted,5760,True,False,ok,,,-2202.44284617163,3581.38753876778,4414.88569234327,5760
AN19,tr_18::overall_order_sensitive,cv_train,0.0,M_condition,"cbind(response_correct, response_incorrect) ~ condition_id + (1 | participant_id) + (1 | analysis_item_id) + (1 | test_talker_id)",bobyqa,participant_item_talker_intercepts,registered,primary registered structure accepted,3840,True,False,ok,,,-1561.06126707956,2418.47879657187,3140.12253415913,3840
AN19,tr_18::overall_order_sensitive,cv_train,0.0,M_joint,"cbind(response_correct, response_incorrect) ~ condition_id + variability_z + (1 | participant_id) + (1 | analysis_item_id) + (1 | test_talker_id)",bobyqa,participant_item_talker_intercepts,registered,primary registered structure accepted,3840,True,False,ok,,,-1560.5525910881,2419.13431311136,3141.1051821762,3840
AN19,tr_18::overall_order_sensitive,cv_train,0.0,M_null,"cbind(response_correct, response_incorrect) ~ (1 | participant_id) + (1 | analysis_item_id) + (1 | test_talker_id)",bobyqa,participant_item_talker_intercepts,registered,primary registered structure accepted,3840,True,False,ok,,,-1568.30421734261,2413.0588026804,3144.60843468522,3840
AN19,tr_18::overall_order_sensitive,cv_train,0.0,M_predictor,"cbind(response_correct, response_incorrect) ~ variability_z + (1 | participant_id) + (1 | analysis_item_id) + (1 | test_talker_id)",bobyqa,participant_item_talker_intercepts,registered,primary registered structure accepted,3840,True,False,ok,,,-1567.38160010773,2414.25065757681,3144.76320021546,3840
AN19,tr_18::overall_order_sensitive,cv_train,1.0,M_condition,"cbind(response_correct, response_incorrect) ~ condition_id + (1 | participant_id) + (1 | analysis_item_id) + (1 | test_talker_id)",bobyqa,participant_item_talker_intercepts,registered,primary registered structure accepted,3840,True,False,ok,,,-1514.69464298543,2352.94341229064,3047.38928597087,3840
AN19,tr_18::overall_order_sensitive,cv_train,1.0,M_joint,"cbind(response_correct, response_incorrect) ~ condition_id + variability_z + (1 | participant_id) + (1 | analysis_item_id) + (1 | test_talker_id)",bobyqa,participant_item_talker_intercepts,registered,primary registered structure accepted,3840,True,False,ok,,,-1513.96167284274,2354.24949924152,3047.92334568547,3840
AN19,tr_18::overall_order_sensitive,cv_train,1.0,M_null,"cbind(response_correct, response_incorrect) ~ (1 | participant_id) + (1 | analysis_item_id) + (1 | test_talker_id)",bobyqa,participant_item_talker_intercepts,registered,primary registered structure accepted,3840,True,False,ok,,,-1522.69888377006,2345.58806576079,3053.39776754012,3840
AN19,tr_18::overall_order_sensitive,cv_train,1.0,M_predictor,"cbind(response_correct, response_incorrect) ~ variability_z + (1 | participant_id) + (1 | analysis_item_id) + (1 | test_talker_id)",bobyqa,participant_item_talker_intercepts,registered,primary registered structure accepted,3840,True,False,ok,,,-1521.90188458343,2347.09254816566,3053.80376916686,3840
AN19,tr_18::overall_order_sensitive,cv_train,2.0,M_condition,"cbind(response_correct, response_incorrect) ~ condition_id + (1 | participant_id) + (1 | analysis_item_id) + (1 | test_talker_id)",bobyqa,participant_item_talker_intercepts,registered,primary registered structure accepted,3840,True,False,ok,,,-1507.79624057507,2315.34809790291,3033.59248115014,3840
AN19,tr_18::overall_order_sensitive,cv_train,2.0,M_joint,"cbind(response_correct, response_incorrect) ~ condition_id + variability_z + (1 | participant_id) + (1 | analysis_item_id) + (1 | test_talker_id)",bobyqa,participant_item_talker_intercepts,registered,primary registered structure accepted,3840,True,False,ok,,,-1507.25363775531,2315.81031993649,3034.50727551062,3840
AN19,tr_18::overall_order_sensitive,cv_train,2.0,M_null,"cbind(response_correct, response_incorrect) ~ (1 | participant_id) + (1 | analysis_item_id) + (1 | test_talker_id)",bobyqa,participant_item_talker_intercepts,registered,primary registered structure accepted,3840,True,False,ok,,,-1519.38868263103,2304.33260308376,3046.77736526205,3840
AN19,tr_18::overall_order_sensitive,cv_train,2.0,M_predictor,"cbind(response_correct, response_incorrect) ~ variability_z + (1 | participant_id) + (1 | analysis_item_id) + (1 | test_talker_id)",bobyqa,participant_item_talker_intercepts,registered,primary registered structure accepted,3840,True,False,ok,,,-1517.7459246043,2305.96226031666,3045.49184920861,3840
AN19,tr_18::overall_order_sensitive,full,,M_condition,"cbind(response_correct, response_incorrect) ~ condition_id + (1 | participant_id) + (1 | analysis_item_id) + (1 | test_talker_id)",bobyqa,participant_item_talker_intercepts,registered,primary registered structure accepted,5760,True,False,ok,,,-2193.74056405627,3589.3649423815,4405.48112811254,5760
AN19,tr_18::overall_order_sensitive,full,,M_joint,"cbind(response_correct, response_incorrect) ~ condition_id + variability_z + (1 | participant_id) + (1 | analysis_item_id) + (1 | test_talker_id)",bobyqa,participant_item_talker_intercepts,registered,primary registered structure accepted,5760,True,False,ok,,,-2192.77497080111,3590.46315414925,4405.54994160221,5760
AN19,tr_18::overall_order_sensitive,full,,M_null,"cbind(response_correct, response_incorrect) ~ (1 | participant_id) + (1 | analysis_item_id) + (1 | test_talker_id)",bobyqa,participant_item_talker_intercepts,registered,primary registered structure accepted,5760,True,False,ok,,,-2203.24396227639,3580.4982873344,4414.48792455278,5760
AN19,tr_18::overall_order_sensitive,full,,M_predictor,"cbind(response_correct, response_incorrect) ~ variability_z + (1 | participant_id) + (1 | analysis_item_id) + (1 | test_talker_id)",bobyqa,participant_item_talker_intercepts,registered,primary registered structure accepted,5760,True,False,ok,,,-2201.58308495522,3582.6353028071,4413.16616991044,5760
AN19,tr_20::overall,cv_train,0.0,M_condition,"cbind(response_correct, response_incorrect) ~ condition_id + (1 | participant_id) + (1 | analysis_item_id) + (1 | test_talker_id)",bobyqa,participant_item_talker_intercepts,registered,primary registered structure accepted,3840,True,False,ok,,,-1561.06126707956,2418.47879657187,3140.12253415913,3840
AN19,tr_20::overall,cv_train,0.0,M_joint,"cbind(response_correct, response_incorrect) ~ condition_id + variability_z + (1 | participant_id) + (1 | analysis_item_id) + (1 | test_talker_id)",bobyqa,participant_item_talker_intercepts,registered,primary registered structure accepted,3840,True,False,ok,,,-1560.72491603837,2418.77380856591,3141.44983207674,3840
AN19,tr_20::overall,cv_train,0.0,M_null,"cbind(response_correct, response_incorrect) ~ (1 | participant_id) + (1 | analysis_item_id) + (1 | test_talker_id)",bobyqa,participant_item_talker_intercepts,registered,primary registered structure accepted,3840,True,False,ok,,,-1568.30421734261,2413.0588026804,3144.60843468522,3840
AN19,tr_20::overall,cv_train,0.0,M_predictor,"cbind(response_correct, response_incorrect) ~ variability_z + (1 | participant_id) + (1 | analysis_item_id) + (1 | test_talker_id)",bobyqa,participant_item_talker_intercepts,registered,primary registered structure accepted,3840,True,False,ok,,,-1567.80498380137,2413.46126149478,3145.60996760274,3840
AN19,tr_20::overall,cv_train,1.0,M_condition,"cbind(response_correct, response_incorrect) ~ condition_id + (1 | participant_id) + (1 | analysis_item_id) + (1 | test_talker_id)",bobyqa,participant_item_talker_intercepts,registered,primary registered structure accepted,3840,True,False,ok,,,-1514.69464298543,2352.94341229064,3047.38928597087,3840
AN19,tr_20::overall,cv_train,1.0,M_joint,"cbind(response_correct, response_incorrect) ~ condition_id + variability_z + (1 | participant_id) + (1 | analysis_item_id) + (1 | test_talker_id)",bobyqa,participant_item_talker_intercepts,registered,primary registered structure accepted,3840,True,False,ok,,,-1512.54419494459,2356.42285169238,3045.08838988919,3840
AN19,tr_20::overall,cv_train,1.0,M_null,"cbind(response_correct, response_incorrect) ~ (1 | participant_id) + (1 | analysis_item_id) + (1 | test_talker_id)",bobyqa,participant_item_talker_intercepts,registered,primary registered structure accepted,3840,True,False,ok,,,-1522.69888377006,2345.58806576079,3053.39776754012,3840
AN19,tr_20::overall,cv_train,1.0,M_predictor,"cbind(response_correct, response_incorrect) ~ variability_z + (1 | participant_id) + (1 | analysis_item_id) + (1 | test_talker_id)",bobyqa,participant_item_talker_intercepts,registered,primary registered structure accepted,3840,True,False,ok,,,-1522.5506966095,2346.06599556998,3055.10139321901,3840
AN19,tr_20::overall,cv_train,2.0,M_condition,"cbind(response_correct, response_incorrect) ~ condition_id + (1 | participant_id) + (1 | analysis_item_id) + (1 | test_talker_id)",bobyqa,participant_item_talker_intercepts,registered,primary registered structure accepted,3840,True,False,ok,,,-1507.79624057507,2315.34809790291,3033.59248115014,3840
AN19,tr_20::overall,cv_train,2.0,M_joint,"cbind(response_correct, response_incorrect) ~ condition_id + variability_z + (1 | participant_id) + (1 | analysis_item_id) + (1 | test_talker_id)",bobyqa,participant_item_talker_intercepts,registered,primary registered structure accepted,3840,True,False,ok,,,-1507.21560545383,2315.79277714638,3034.43121090766,3840
AN19,tr_20::overall,cv_train,2.0,M_null,"cbind(response_correct, response_incorrect) ~ (1 | participant_id) + (1 | analysis_item_id) + (1 | test_talker_id)",bobyqa,participant_item_talker_intercepts,registered,primary registered structure accepted,3840,True,False,ok,,,-1519.38868263103,2304.33260308376,3046.77736526205,3840
AN19,tr_20::overall,cv_train,2.0,M_predictor,"cbind(response_correct, response_incorrect) ~ variability_z + (1 | participant_id) + (1 | analysis_item_id) + (1 | test_talker_id)",bobyqa,participant_item_talker_intercepts,registered,primary registered structure accepted,3840,True,False,ok,,,-1519.16830713129,2304.37167904627,3048.33661426258,3840
AN19,tr_20::overall,full,,M_condition,"cbind(response_correct, response_incorrect) ~ condition_id + (1 | participant_id) + (1 | analysis_item_id) + (1 | test_talker_id)",bobyqa,participant_item_talker_intercepts,registered,primary registered structure accepted,5760,True,False,ok,,,-2193.74056405627,3589.3649423815,4405.48112811254,5760
AN19,tr_20::overall,full,,M_joint,"cbind(response_correct, response_incorrect) ~ condition_id + variability_z + (1 | participant_id) + (1 | analysis_item_id) + (1 | test_talker_id)",bobyqa,participant_item_talker_intercepts,registered,primary registered structure accepted,5760,True,False,ok,,,-2192.39189663509,3590.76635024839,4404.78379327018,5760
AN19,tr_20::overall,full,,M_null,"cbind(response_correct, response_incorrect) ~ (1 | participant_id) + (1 | analysis_item_id) + (1 | test_talker_id)",bobyqa,participant_item_talker_intercepts,registered,primary registered structure accepted,5760,True,False,ok,,,-2203.24396227639,3580.4982873344,4414.48792455278,5760
AN19,tr_20::overall,full,,M_predictor,"cbind(response_correct, response_incorrect) ~ variability_z + (1 | participant_id) + (1 | analysis_item_id) + (1 | test_talker_id)",bobyqa,participant_item_talker_intercepts,registered,primary registered structure accepted,5760,True,False,ok,,,-2202.84706751276,3580.92899380669,4415.69413502551,5760
AN19,tr_20::overall_order_sensitive,cv_train,0.0,M_condition,"cbind(response_correct, response_incorrect) ~ condition_id + (1 | participant_id) + (1 | analysis_item_id) + (1 | test_talker_id)",bobyqa,participant_item_talker_intercepts,registered,primary registered structure accepted,3840,True,False,ok,,,-1561.06126707956,2418.47879657187,3140.12253415913,3840
AN19,tr_20::overall_order_sensitive,cv_train,0.0,M_joint,"cbind(response_correct, response_incorrect) ~ condition_id + variability_z + (1 | participant_id) + (1 | analysis_item_id) + (1 | test_talker_id)",bobyqa,participant_item_talker_intercepts,registered,primary registered structure accepted,3840,True,False,ok,,,-1560.50518579771,2419.16554501051,3141.01037159542,3840
AN19,tr_20::overall_order_sensitive,cv_train,0.0,M_null,"cbind(response_correct, response_incorrect) ~ (1 | participant_id) + (1 | analysis_item_id) + (1 | test_talker_id)",bobyqa,participant_item_talker_intercepts,registered,primary registered structure accepted,3840,True,False,ok,,,-1568.30421734261,2413.0588026804,3144.60843468522,3840
AN19,tr_20::overall_order_sensitive,cv_train,0.0,M_predictor,"cbind(response_correct, response_incorrect) ~ variability_z + (1 | participant_id) + (1 | analysis_item_id) + (1 | test_talker_id)",bobyqa,participant_item_talker_intercepts,registered,primary registered structure accepted,3840,True,False,ok,,,-1567.24357880568,2414.45749919909,3144.48715761136,3840
AN19,tr_20::overall_order_sensitive,cv_train,1.0,M_condition,"cbind(response_correct, response_incorrect) ~ condition_id + (1 | participant_id) + (1 | analysis_item_id) + (1 | test_talker_id)",bobyqa,participant_item_talker_intercepts,registered,primary registered structure accepted,3840,True,False,ok,,,-1514.69464298543,2352.94341229064,3047.38928597087,3840
AN19,tr_20::overall_order_sensitive,cv_train,1.0,M_joint,"cbind(response_correct, response_incorrect) ~ condition_id + variability_z + (1 | participant_id) + (1 | analysis_item_id) + (1 | test_talker_id)",bobyqa,participant_item_talker_intercepts,registered,primary registered structure accepted,3840,True,False,ok,,,-1513.78805109129,2354.50830621688,3047.57610218259,3840
AN19,tr_20::overall_order_sensitive,cv_train,1.0,M_null,"cbind(response_correct, response_incorrect) ~ (1 | participant_id) + (1 | analysis_item_id) + (1 | test_talker_id)",bobyqa,participant_item_talker_intercepts,registered,primary registered structure accepted,3840,True,False,ok,,,-1522.69888377006,2345.58806576079,3053.39776754012,3840
AN19,tr_20::overall_order_sensitive,cv_train,1.0,M_predictor,"cbind(response_correct, response_incorrect) ~ variability_z + (1 | participant_id) + (1 | analysis_item_id) + (1 | test_talker_id)",bobyqa,participant_item_talker_intercepts,registered,primary registered structure accepted,3840,True,False,ok,,,-1521.67224114765,2347.42860059795,3053.34448229531,3840
AN19,tr_20::overall_order_sensitive,cv_train,2.0,M_condition,"cbind(response_correct, response_incorrect) ~ condition_id + (1 | participant_id) + (1 | analysis_item_id) + (1 | test_talker_id)",bobyqa,participant_item_talker_intercepts,registered,primary registered structure accepted,3840,True,False,ok,,,-1507.79624057507,2315.34809790291,3033.59248115014,3840
AN19,tr_20::overall_order_sensitive,cv_train,2.0,M_joint,"cbind(response_correct, response_incorrect) ~ condition_id + variability_z + (1 | participant_id) + (1 | analysis_item_id) + (1 | test_talker_id)",bobyqa,participant_item_talker_intercepts,registered,primary registered structure accepted,3840,True,False,ok,,,-1507.20387392502,2315.83699962373,3034.40774785005,3840
AN19,tr_20::overall_order_sensitive,cv_train,2.0,M_null,"cbind(response_correct, response_incorrect) ~ (1 | participant_id) + (1 | analysis_item_id) + (1 | test_talker_id)",bobyqa,participant_item_talker_intercepts,registered,primary registered structure accepted,3840,True,False,ok,,,-1519.38868263103,2304.33260308376,3046.77736526205,3840
AN19,tr_20::overall_order_sensitive,cv_train,2.0,M_predictor,"cbind(response_correct, response_incorrect) ~ variability_z + (1 | participant_id) + (1 | analysis_item_id) + (1 | test_talker_id)",bobyqa,participant_item_talker_intercepts,registered,primary registered structure accepted,3840,True,False,ok,,,-1517.2430237957,2306.60565628588,3044.48604759141,3840
AN19,tr_20::overall_order_sensitive,full,,M_condition,"cbind(response_correct, response_incorrect) ~ condition_id + (1 | participant_id) + (1 | analysis_item_id) + (1 | test_talker_id)",bobyqa,participant_item_talker_intercepts,registered,primary registered structure accepted,5760,True,False,ok,,,-2193.74056405627,3589.3649423815,4405.48112811254,5760
AN19,tr_20::overall_order_sensitive,full,,M_joint,"cbind(response_correct, response_incorrect) ~ condition_id + variability_z + (1 | participant_id) + (1 | analysis_item_id) + (1 | test_talker_id)",bobyqa,participant_item_talker_intercepts,registered,primary registered structure accepted,5760,True,False,ok,,,-2192.64127190298,3590.57833192165,4405.28254380596,5760
AN19,tr_20::overall_order_sensitive,full,,M_null,"cbind(response_correct, response_incorrect) ~ (1 | participant_id) + (1 | analysis_item_id) + (1 | test_talker_id)",bobyqa,participant_item_talker_intercepts,registered,primary registered structure accepted,5760,True,False,ok,,,-2203.24396227639,3580.4982873344,4414.48792455278,5760
AN19,tr_20::overall_order_sensitive,full,,M_predictor,"cbind(response_correct, response_incorrect) ~ variability_z + (1 | participant_id) + (1 | analysis_item_id) + (1 | test_talker_id)",bobyqa,participant_item_talker_intercepts,registered,primary registered structure accepted,5760,True,False,ok,,,-2201.16154819217,3583.22362955339,4412.32309638434,5760
AN19,tr_22::overall,cv_train,0.0,M_condition,"cbind(response_correct, response_incorrect) ~ condition_id + (1 | participant_id) + (1 | analysis_item_id) + (1 | test_talker_id)",bobyqa,participant_item_talker_intercepts,registered,primary registered structure accepted,3840,True,False,ok,,,-1561.06126707956,2418.47879657187,3140.12253415913,3840
AN19,tr_22::overall,cv_train,0.0,M_joint,"cbind(response_correct, response_incorrect) ~ condition_id + variability_z + (1 | participant_id) + (1 | analysis_item_id) + (1 | test_talker_id)",bobyqa,participant_item_talker_intercepts,registered,primary registered structure accepted,3840,True,False,ok,,,-1560.60820264854,2418.98599773033,3141.21640529708,3840
AN19,tr_22::overall,cv_train,0.0,M_null,"cbind(response_correct, response_incorrect) ~ (1 | participant_id) + (1 | analysis_item_id) + (1 | test_talker_id)",bobyqa,participant_item_talker_intercepts,registered,primary registered structure accepted,3840,True,False,ok,,,-1568.30421734261,2413.0588026804,3144.60843468522,3840
AN19,tr_22::overall,cv_train,0.0,M_predictor,"cbind(response_correct, response_incorrect) ~ variability_z + (1 | participant_id) + (1 | analysis_item_id) + (1 | test_talker_id)",bobyqa,participant_item_talker_intercepts,registered,primary registered structure accepted,3840,True,False,ok,,,-1567.66590589548,2413.7566859309,3145.33181179096,3840
AN19,tr_22::overall,cv_train,1.0,M_condition,"cbind(response_correct, response_incorrect) ~ condition_id + (1 | participant_id) + (1 | analysis_item_id) + (1 | test_talker_id)",bobyqa,participant_item_talker_intercepts,registered,primary registered structure accepted,3840,True,False,ok,,,-1514.69464298543,2352.94341229064,3047.38928597087,3840
AN19,tr_22::overall,cv_train,1.0,M_joint,"cbind(response_correct, response_incorrect) ~ condition_id + variability_z + (1 | participant_id) + (1 | analysis_item_id) + (1 | test_talker_id)",bobyqa,participant_item_talker_intercepts,registered,primary registered structure accepted,3840,True,False,ok,,,-1512.83652115771,2356.0270854332,3045.67304231543,3840
AN19,tr_22::overall,cv_train,1.0,M_null,"cbind(response_correct, response_incorrect) ~ (1 | participant_id) + (1 | analysis_item_id) + (1 | test_talker_id)",bobyqa,participant_item_talker_intercepts,registered,primary registered structure accepted,3840,True,False,ok,,,-1522.69888377006,2345.58806576079,3053.39776754012,3840
AN19,tr_22::overall,cv_train,1.0,M_predictor,"cbind(response_correct, response_incorrect) ~ variability_z + (1 | participant_id) + (1 | analysis_item_id) + (1 | test_talker_id)",bobyqa,participant_item_talker_intercepts,registered,primary registered structure accepted,3840,True,False,ok,,,-1522.64310207436,2345.88254333809,3055.28620414872,3840
AN19,tr_22::overall,cv_train,2.0,M_condition,"cbind(response_correct, response_incorrect) ~ condition_id + (1 | participant_id) + (1 | analysis_item_id) + (1 | test_talker_id)",bobyqa,participant_item_talker_intercepts,registered,primary registered structure accepted,3840,True,False,ok,,,-1507.79624057507,2315.34809790291,3033.59248115014,3840
AN19,tr_22::overall,cv_train,2.0,M_joint,"cbind(response_correct, response_incorrect) ~ condition_id + variability_z + (1 | participant_id) + (1 | analysis_item_id) + (1 | test_talker_id)",bobyqa,participant_item_talker_intercepts,registered,primary registered structure accepted,3840,True,False,ok,,,-1507.04296367145,2316.00703727076,3034.0859273429,3840
AN19,tr_22::overall,cv_train,2.0,M_null,"cbind(response_correct, response_incorrect) ~ (1 | participant_id) + (1 | analysis_item_id) + (1 | test_talker_id)",bobyqa,participant_item_talker_intercepts,registered,primary registered structure accepted,3840,True,False,ok,,,-1519.38868263103,2304.33260308376,3046.77736526205,3840
AN19,tr_22::overall,cv_train,2.0,M_predictor,"cbind(response_correct, response_incorrect) ~ variability_z + (1 | participant_id) + (1 | analysis_item_id) + (1 | test_talker_id)",bobyqa,participant_item_talker_intercepts,registered,primary registered structure accepted,3840,True,False,ok,,,-1518.80176652923,2304.74101162916,3047.60353305845,3840
AN19,tr_22::overall,full,,M_condition,"cbind(response_correct, response_incorrect) ~ condition_id + (1 | participant_id) + (1 | analysis_item_id) + (1 | test_talker_id)",bobyqa,participant_item_talker_intercepts,registered,primary registered structure accepted,5760,True,False,ok,,,-2193.74056405627,3589.3649423815,4405.48112811254,5760
AN19,tr_22::overall,full,,M_joint,"cbind(response_correct, response_incorrect) ~ condition_id + variability_z + (1 | participant_id) + (1 | analysis_item_id) + (1 | test_talker_id)",bobyqa,participant_item_talker_intercepts,registered,primary registered structure accepted,5760,True,False,ok,,,-2192.24815697913,3591.03537916192,4404.49631395826,5760
AN19,tr_22::overall,full,,M_null,"cbind(response_correct, response_incorrect) ~ (1 | participant_id) + (1 | analysis_item_id) + (1 | test_talker_id)",bobyqa,participant_item_talker_intercepts,registered,primary registered structure accepted,5760,True,False,ok,,,-2203.24396227639,3580.4982873344,4414.48792455278,5760
AN19,tr_22::overall,full,,M_predictor,"cbind(response_correct, response_incorrect) ~ variability_z + (1 | participant_id) + (1 | analysis_item_id) + (1 | test_talker_id)",bobyqa,participant_item_talker_intercepts,registered,primary registered structure accepted,5760,True,False,ok,,,-2202.69728018473,3581.27730302739,4415.39456036945,5760
AN19,tr_22::overall_order_sensitive,cv_train,0.0,M_condition,"cbind(response_correct, response_incorrect) ~ condition_id + (1 | participant_id) + (1 | analysis_item_id) + (1 | test_talker_id)",bobyqa,participant_item_talker_intercepts,registered,primary registered structure accepted,3840,True,False,ok,,,-1561.06126707956,2418.47879657187,3140.12253415913,3840
AN19,tr_22::overall_order_sensitive,cv_train,0.0,M_joint,"cbind(response_correct, response_incorrect) ~ condition_id + variability_z + (1 | participant_id) + (1 | analysis_item_id) + (1 | test_talker_id)",bobyqa,participant_item_talker_intercepts,registered,primary registered structure accepted,3840,True,False,ok,,,-1560.90753879867,2418.77665701913,3141.81507759734,3840
AN19,tr_22::overall_order_sensitive,cv_train,0.0,M_null,"cbind(response_correct, response_incorrect) ~ (1 | participant_id) + (1 | analysis_item_id) + (1 | test_talker_id)",bobyqa,participant_item_talker_intercepts,registered,primary registered structure accepted,3840,True,False,ok,,,-1568.30421734261,2413.0588026804,3144.60843468522,3840
AN19,tr_22::overall_order_sensitive,cv_train,0.0,M_predictor,"cbind(response_correct, response_incorrect) ~ variability_z + (1 | participant_id) + (1 | analysis_item_id) + (1 | test_talker_id)",bobyqa,participant_item_talker_intercepts,registered,primary registered structure accepted,3840,True,False,ok,,,-1568.30004838539,2413.05925139124,3146.60009677078,3840
AN19,tr_22::overall_order_sensitive,cv_train,1.0,M_condition,"cbind(response_correct, response_incorrect) ~ condition_id + (1 | participant_id) + (1 | analysis_item_id) + (1 | test_talker_id)",bobyqa,participant_item_talker_intercepts,registered,primary registered structure accepted,3840,True,False,ok,,,-1514.69464298543,2352.94341229064,3047.38928597087,3840
AN19,tr_22::overall_order_sensitive,cv_train,1.0,M_joint,"cbind(response_correct, response_incorrect) ~ condition_id + variability_z + (1 | participant_id) + (1 | analysis_item_id) + (1 | test_talker_id)",nloptwrap,participant_item_talker_intercepts,registered,primary registered structure accepted,3840,True,False,ok,,,-1514.43487791322,2353.4865076805,3048.86975582644,3840
AN19,tr_22::overall_order_sensitive,cv_train,1.0,M_null,"cbind(response_correct, response_incorrect) ~ (1 | participant_id) + (1 | analysis_item_id) + (1 | test_talker_id)",bobyqa,participant_item_talker_intercepts,registered,primary registered structure accepted,3840,True,False,ok,,,-1522.69888377006,2345.58806576079,3053.39776754012,3840
AN19,tr_22::overall_order_sensitive,cv_train,1.0,M_predictor,"cbind(response_correct, response_incorrect) ~ variability_z + (1 | participant_id) + (1 | analysis_item_id) + (1 | test_talker_id)",bobyqa,participant_item_talker_intercepts,registered,primary registered structure accepted,3840,True,False,ok,,,-1522.32406239814,2345.77481599932,3054.64812479629,3840
AN19,tr_22::overall_order_sensitive,cv_train,2.0,M_condition,"cbind(response_correct, response_incorrect) ~ condition_id + (1 | participant_id) + (1 | analysis_item_id) + (1 | test_talker_id)",bobyqa,participant_item_talker_intercepts,registered,primary registered structure accepted,3840,True,False,ok,,,-1507.79624057507,2315.34809790291,3033.59248115014,3840
AN19,tr_22::overall_order_sensitive,cv_train,2.0,M_joint,"cbind(response_correct, response_incorrect) ~ condition_id + variability_z + (1 | participant_id) + (1 | analysis_item_id) + (1 | test_talker_id)",bobyqa,participant_item_talker_intercepts,registered,primary registered structure accepted,3840,True,False,ok,,,-1507.30896977208,2315.92065868033,3034.61793954416,3840
AN19,tr_22::overall_order_sensitive,cv_train,2.0,M_null,"cbind(response_correct, response_incorrect) ~ (1 | participant_id) + (1 | analysis_item_id) + (1 | test_talker_id)",bobyqa,participant_item_talker_intercepts,registered,primary registered structure accepted,3840,True,False,ok,,,-1519.38868263103,2304.33260308376,3046.77736526205,3840
AN19,tr_22::overall_order_sensitive,cv_train,2.0,M_predictor,"cbind(response_correct, response_incorrect) ~ variability_z + (1 | participant_id) + (1 | analysis_item_id) + (1 | test_talker_id)",bobyqa,participant_item_talker_intercepts,registered,primary registered structure accepted,3840,True,False,ok,,,-1519.3513212722,2304.38350269799,3048.70264254441,3840
AN19,tr_22::overall_order_sensitive,full,,M_condition,"cbind(response_correct, response_incorrect) ~ condition_id + (1 | participant_id) + (1 | analysis_item_id) + (1 | test_talker_id)",bobyqa,participant_item_talker_intercepts,registered,primary registered structure accepted,5760,True,False,ok,,,-2193.74056405627,3589.3649423815,4405.48112811254,5760
AN19,tr_22::overall_order_sensitive,full,,M_joint,"cbind(response_correct, response_incorrect) ~ condition_id + variability_z + (1 | participant_id) + (1 | analysis_item_id) + (1 | test_talker_id)",bobyqa,participant_item_talker_intercepts,registered,primary registered structure accepted,5760,True,False,ok,,,-2193.23784771594,3590.10095973363,4406.47569543188,5760
AN19,tr_22::overall_order_sensitive,full,,M_null,"cbind(response_correct, response_incorrect) ~ (1 | participant_id) + (1 | analysis_item_id) + (1 | test_talker_id)",bobyqa,participant_item_talker_intercepts,registered,primary registered structure accepted,5760,True,False,ok,,,-2203.24396227639,3580.4982873344,4414.48792455278,5760
AN19,tr_22::overall_order_sensitive,full,,M_predictor,"cbind(response_correct, response_incorrect) ~ variability_z + (1 | participant_id) + (1 | analysis_item_id) + (1 | test_talker_id)",bobyqa,participant_item_talker_intercepts,registered,primary registered structure accepted,5760,True,False,ok,,,-2203.14704389063,3580.55644950387,4416.29408778126,5760
AN19,tr_2::overall,cv_train,0.0,M_condition,"cbind(response_correct, response_incorrect) ~ condition_id + (1 | participant_id) + (1 | analysis_item_id) + (1 | test_talker_id)",bobyqa,participant_item_talker_intercepts,registered,primary registered structure accepted,3840,True,False,ok,,,-1561.06126707956,2418.47879657187,3140.12253415913,3840
AN19,tr_2::overall,cv_train,0.0,M_joint,"cbind(response_correct, response_incorrect) ~ condition_id + variability_z + (1 | participant_id) + (1 | analysis_item_id) + (1 | test_talker_id)",bobyqa,participant_item_talker_intercepts,registered,primary registered structure accepted,3840,True,False,ok,,,-1560.44110320109,2419.19460907993,3140.88220640218,3840
AN19,tr_2::overall,cv_train,0.0,M_null,"cbind(response_correct, response_incorrect) ~ (1 | participant_id) + (1 | analysis_item_id) + (1 | test_talker_id)",bobyqa,participant_item_talker_intercepts,registered,primary registered structure accepted,3840,True,False,ok,,,-1568.30421734261,2413.0588026804,3144.60843468522,3840
AN19,tr_2::overall,cv_train,0.0,M_predictor,"cbind(response_correct, response_incorrect) ~ variability_z + (1 | participant_id) + (1 | analysis_item_id) + (1 | test_talker_id)",bobyqa,participant_item_talker_intercepts,registered,primary registered structure accepted,3840,True,False,ok,,,-1567.53081144676,2413.86210689826,3145.06162289352,3840
AN19,tr_2::overall,cv_train,1.0,M_condition,"cbind(response_correct, response_incorrect) ~ condition_id + (1 | participant_id) + (1 | analysis_item_id) + (1 | test_talker_id)",bobyqa,participant_item_talker_intercepts,registered,primary registered structure accepted,3840,True,False,ok,,,-1514.69464298543,2352.94341229064,3047.38928597087,3840
AN19,tr_2::overall,cv_train,1.0,M_joint,"cbind(response_correct, response_incorrect) ~ condition_id + variability_z + (1 | participant_id) + (1 | analysis_item_id) + (1 | test_talker_id)",bobyqa,participant_item_talker_intercepts,registered,primary registered structure accepted,3840,True,False,ok,,,-1513.2401744231,2355.36681594369,3046.4803488462,3840
AN19,tr_2::overall,cv_train,1.0,M_null,"cbind(response_correct, response_incorrect) ~ (1 | participant_id) + (1 | analysis_item_id) + (1 | test_talker_id)",bobyqa,participant_item_talker_intercepts,registered,primary registered structure accepted,3840,True,False,ok,,,-1522.69888377006,2345.58806576079,3053.39776754012,3840
AN19,tr_2::overall,cv_train,1.0,M_predictor,"cbind(response_correct, response_incorrect) ~ variability_z + (1 | participant_id) + (1 | analysis_item_id) + (1 | test_talker_id)",bobyqa,participant_item_talker_intercepts,registered,primary registered structure accepted,3840,True,False,ok,,,-1520.67438666611,2348.21586731395,3051.34877333222,3840
AN19,tr_2::overall,cv_train,2.0,M_condition,"cbind(response_correct, response_incorrect) ~ condition_id + (1 | participant_id) + (1 | analysis_item_id) + (1 | test_talker_id)",bobyqa,participant_item_talker_intercepts,registered,primary registered structure accepted,3840,True,False,ok,,,-1507.79624057507,2315.34809790291,3033.59248115014,3840
AN19,tr_2::overall,cv_train,2.0,M_joint,"cbind(response_correct, response_incorrect) ~ condition_id + variability_z + (1 | participant_id) + (1 | analysis_item_id) + (1 | test_talker_id)",bobyqa,participant_item_talker_intercepts,registered,primary registered structure accepted,3840,True,False,ok,,,-1507.08943749809,2315.9193200385,3034.17887499619,3840
AN19,tr_2::overall,cv_train,2.0,M_null,"cbind(response_correct, response_incorrect) ~ (1 | participant_id) + (1 | analysis_item_id) + (1 | test_talker_id)",bobyqa,participant_item_talker_intercepts,registered,primary registered structure accepted,3840,True,False,ok,,,-1519.38868263103,2304.33260308376,3046.77736526205,3840
AN19,tr_2::overall,cv_train,2.0,M_predictor,"cbind(response_correct, response_incorrect) ~ variability_z + (1 | participant_id) + (1 | analysis_item_id) + (1 | test_talker_id)",bobyqa,participant_item_talker_intercepts,registered,primary registered structure accepted,3840,True,False,ok,,,-1518.17277350572,2305.48694084338,3046.34554701144,3840
AN19,tr_2::overall,full,,M_condition,"cbind(response_correct, response_incorrect) ~ condition_id + (1 | participant_id) + (1 | analysis_item_id) + (1 | test_talker_id)",bobyqa,participant_item_talker_intercepts,registered,primary registered structure accepted,5760,True,False,ok,,,-2193.74056405627,3589.3649423815,4405.48112811254,5760
AN19,tr_2::overall,full,,M_joint,"cbind(response_correct, response_incorrect) ~ condition_id + variability_z + (1 | participant_id) + (1 | analysis_item_id) + (1 | test_talker_id)",bobyqa,participant_item_talker_intercepts,registered,primary registered structure accepted,5760,True,False,ok,,,-2192.30821942936,3590.91915844071,4404.61643885873,5760
AN19,tr_2::overall,full,,M_null,"cbind(response_correct, response_incorrect) ~ (1 | participant_id) + (1 | analysis_item_id) + (1 | test_talker_id)",bobyqa,participant_item_talker_intercepts,registered,primary registered structure accepted,5760,True,False,ok,,,-2203.24396227639,3580.4982873344,4414.48792455278,5760
AN19,tr_2::overall,full,,M_predictor,"cbind(response_correct, response_incorrect) ~ variability_z + (1 | participant_id) + (1 | analysis_item_id) + (1 | test_talker_id)",bobyqa,participant_item_talker_intercepts,registered,primary registered structure accepted,5760,True,False,ok,,,-2201.32197087228,3582.48728212867,4412.64394174456,5760
AN19,tr_2::overall_order_sensitive,cv_train,0.0,M_condition,"cbind(response_correct, response_incorrect) ~ condition_id + (1 | participant_id) + (1 | analysis_item_id) + (1 | test_talker_id)",bobyqa,participant_item_talker_intercepts,registered,primary registered structure accepted,3840,True,False,ok,,,-1561.06126707956,2418.47879657187,3140.12253415913,3840
AN19,tr_2::overall_order_sensitive,cv_train,0.0,M_joint,"cbind(response_correct, response_incorrect) ~ condition_id + variability_z + (1 | participant_id) + (1 | analysis_item_id) + (1 | test_talker_id)",bobyqa,participant_item_talker_intercepts,registered,primary registered structure accepted,3840,True,False,ok,,,-1560.54199997762,2419.12099842313,3141.08399995523,3840
AN19,tr_2::overall_order_sensitive,cv_train,0.0,M_null,"cbind(response_correct, response_incorrect) ~ (1 | participant_id) + (1 | analysis_item_id) + (1 | test_talker_id)",bobyqa,participant_item_talker_intercepts,registered,primary registered structure accepted,3840,True,False,ok,,,-1568.30421734261,2413.0588026804,3144.60843468522,3840
AN19,tr_2::overall_order_sensitive,cv_train,0.0,M_predictor,"cbind(response_correct, response_incorrect) ~ variability_z + (1 | participant_id) + (1 | analysis_item_id) + (1 | test_talker_id)",bobyqa,participant_item_talker_intercepts,registered,primary registered structure accepted,3840,True,False,ok,,,-1567.12565379687,2414.43114337946,3144.25130759373,3840
AN19,tr_2::overall_order_sensitive,cv_train,1.0,M_condition,"cbind(response_correct, response_incorrect) ~ condition_id + (1 | participant_id) + (1 | analysis_item_id) + (1 | test_talker_id)",bobyqa,participant_item_talker_intercepts,registered,primary registered structure accepted,3840,True,False,ok,,,-1514.69464298543,2352.94341229064,3047.38928597087,3840
AN19,tr_2::overall_order_sensitive,cv_train,1.0,M_joint,"cbind(response_correct, response_incorrect) ~ condition_id + variability_z + (1 | participant_id) + (1 | analysis_item_id) + (1 | test_talker_id)",bobyqa,participant_item_talker_intercepts,registered,primary registered structure accepted,3840,True,False,ok,,,-1513.39883984868,2355.15757020142,3046.79767969736,3840
AN19,tr_2::overall_order_sensitive,cv_train,1.0,M_null,"cbind(response_correct, response_incorrect) ~ (1 | participant_id) + (1 | analysis_item_id) + (1 | test_talker_id)",bobyqa,participant_item_talker_intercepts,registered,primary registered structure accepted,3840,True,False,ok,,,-1522.69888377006,2345.58806576079,3053.39776754012,3840
AN19,tr_2::overall_order_sensitive,cv_train,1.0,M_predictor,"cbind(response_correct, response_incorrect) ~ variability_z + (1 | participant_id) + (1 | analysis_item_id) + (1 | test_talker_id)",bobyqa,participant_item_talker_intercepts,registered,primary registered structure accepted,3840,True,False,ok,,,-1521.17072601234,2348.24892890856,3052.34145202467,3840
AN19,tr_2::overall_order_sensitive,cv_train,2.0,M_condition,"cbind(response_correct, response_incorrect) ~ condition_id + (1 | participant_id) + (1 | analysis_item_id) + (1 | test_talker_id)",bobyqa,participant_item_talker_intercepts,registered,primary registered structure accepted,3840,True,False,ok,,,-1507.79624057507,2315.34809790291,3033.59248115014,3840
AN19,tr_2::overall_order_sensitive,cv_train,2.0,M_joint,"cbind(response_correct, response_incorrect) ~ condition_id + variability_z + (1 | participant_id) + (1 | analysis_item_id) + (1 | test_talker_id)",bobyqa,participant_item_talker_intercepts,registered,primary registered structure accepted,3840,True,False,ok,,,-1507.08710039631,2315.9678453242,3034.17420079262,3840
AN19,tr_2::overall_order_sensitive,cv_train,2.0,M_null,"cbind(response_correct, response_incorrect) ~ (1 | participant_id) + (1 | analysis_item_id) + (1 | test_talker_id)",bobyqa,participant_item_talker_intercepts,registered,primary registered structure accepted,3840,True,False,ok,,,-1519.38868263103,2304.33260308376,3046.77736526205,3840
AN19,tr_2::overall_order_sensitive,cv_train,2.0,M_predictor,"cbind(response_correct, response_incorrect) ~ variability_z + (1 | participant_id) + (1 | analysis_item_id) + (1 | test_talker_id)",bobyqa,participant_item_talker_intercepts,registered,primary registered structure accepted,3840,True,False,ok,,,-1517.43276420861,2306.1604751243,3044.86552841722,3840
AN19,tr_2::overall_order_sensitive,full,,M_condition,"cbind(response_correct, response_incorrect) ~ condition_id + (1 | participant_id) + (1 | analysis_item_id) + (1 | test_talker_id)",bobyqa,participant_item_talker_intercepts,registered,primary registered structure accepted,5760,True,False,ok,,,-2193.74056405627,3589.3649423815,4405.48112811254,5760
AN19,tr_2::overall_order_sensitive,full,,M_joint,"cbind(response_correct, response_incorrect) ~ condition_id + variability_z + (1 | participant_id) + (1 | analysis_item_id) + (1 | test_talker_id)",bobyqa,participant_item_talker_intercepts,registered,primary registered structure accepted,5760,True,False,ok,,,-2192.43042832459,3590.84349922007,4404.86085664919,5760
AN19,tr_2::overall_order_sensitive,full,,M_null,"cbind(response_correct, response_incorrect) ~ (1 | participant_id) + (1 | analysis_item_id) + (1 | test_talker_id)",bobyqa,participant_item_talker_intercepts,registered,primary registered structure accepted,5760,True,False,ok,,,-2203.24396227639,3580.4982873344,4414.48792455278,5760
AN19,tr_2::overall_order_sensitive,full,,M_predictor,"cbind(response_correct, response_incorrect) ~ variability_z + (1 | participant_id) + (1 | analysis_item_id) + (1 | test_talker_id)",bobyqa,participant_item_talker_intercepts,registered,primary registered structure accepted,5760,True,False,ok,,,-2200.93127803598,3583.28827852573,4411.86255607195,5760
AN19,tr_4::overall,cv_train,0.0,M_condition,"cbind(response_correct, response_incorrect) ~ condition_id + (1 | participant_id) + (1 | analysis_item_id) + (1 | test_talker_id)",bobyqa,participant_item_talker_intercepts,registered,primary registered structure accepted,3840,True,False,ok,,,-1561.06126707956,2418.47879657187,3140.12253415913,3840
AN19,tr_4::overall,cv_train,0.0,M_joint,"cbind(response_correct, response_incorrect) ~ condition_id + variability_z + (1 | participant_id) + (1 | analysis_item_id) + (1 | test_talker_id)",bobyqa,participant_item_talker_intercepts,registered,primary registered structure accepted,3840,True,False,ok,,,-1560.24279176839,2419.28860043486,3140.48558353679,3840
AN19,tr_4::overall,cv_train,0.0,M_null,"cbind(response_correct, response_incorrect) ~ (1 | participant_id) + (1 | analysis_item_id) + (1 | test_talker_id)",bobyqa,participant_item_talker_intercepts,registered,primary registered structure accepted,3840,True,False,ok,,,-1568.30421734261,2413.0588026804,3144.60843468522,3840
AN19,tr_4::overall,cv_train,0.0,M_predictor,"cbind(response_correct, response_incorrect) ~ variability_z + (1 | participant_id) + (1 | analysis_item_id) + (1 | test_talker_id)",bobyqa,participant_item_talker_intercepts,registered,primary registered structure accepted,3840,True,False,ok,,,-1566.92466701297,2414.42861278859,3143.84933402594,3840
AN19,tr_4::overall,cv_train,1.0,M_condition,"cbind(response_correct, response_incorrect) ~ condition_id + (1 | participant_id) + (1 | analysis_item_id) + (1 | test_talker_id)",bobyqa,participant_item_talker_intercepts,registered,primary registered structure accepted,3840,True,False,ok,,,-1514.69464298543,2352.94341229064,3047.38928597087,3840
AN19,tr_4::overall,cv_train,1.0,M_joint,"cbind(response_correct, response_incorrect) ~ condition_id + variability_z + (1 | participant_id) + (1 | analysis_item_id) + (1 | test_talker_id)",bobyqa,participant_item_talker_intercepts,registered,primary registered structure accepted,3840,True,False,ok,,,-1512.91519081494,2355.79241629884,3045.83038162989,3840
AN19,tr_4::overall,cv_train,1.0,M_null,"cbind(response_correct, response_incorrect) ~ (1 | participant_id) + (1 | analysis_item_id) + (1 | test_talker_id)",bobyqa,participant_item_talker_intercepts,registered,primary registered structure accepted,3840,True,False,ok,,,-1522.69888377006,2345.58806576079,3053.39776754012,3840
AN19,tr_4::overall,cv_train,1.0,M_predictor,"cbind(response_correct, response_incorrect) ~ variability_z + (1 | participant_id) + (1 | analysis_item_id) + (1 | test_talker_id)",bobyqa,participant_item_talker_intercepts,registered,primary registered structure accepted,3840,True,False,ok,,,-1520.40126889444,2348.95831966721,3050.80253778888,3840
AN19,tr_4::overall,cv_train,2.0,M_condition,"cbind(response_correct, response_incorrect) ~ condition_id + (1 | participant_id) + (1 | analysis_item_id) + (1 | test_talker_id)",bobyqa,participant_item_talker_intercepts,registered,primary registered structure accepted,3840,True,False,ok,,,-1507.79624057507,2315.34809790291,3033.59248115014,3840
AN19,tr_4::overall,cv_train,2.0,M_joint,"cbind(response_correct, response_incorrect) ~ condition_id + variability_z + (1 | participant_id) + (1 | analysis_item_id) + (1 | test_talker_id)",bobyqa,participant_item_talker_intercepts,registered,primary registered structure accepted,3840,True,False,ok,,,-1507.18675112048,2315.71714531068,3034.37350224096,3840
AN19,tr_4::overall,cv_train,2.0,M_null,"cbind(response_correct, response_incorrect) ~ (1 | participant_id) + (1 | analysis_item_id) + (1 | test_talker_id)",bobyqa,participant_item_talker_intercepts,registered,primary registered structure accepted,3840,True,False,ok,,,-1519.38868263103,2304.33260308376,3046.77736526205,3840
AN19,tr_4::overall,cv_train,2.0,M_predictor,"cbind(response_correct, response_incorrect) ~ variability_z + (1 | participant_id) + (1 | analysis_item_id) + (1 | test_talker_id)",bobyqa,participant_item_talker_intercepts,registered,primary registered structure accepted,3840,True,False,ok,,,-1517.84131438123,2305.63597480204,3045.68262876246,3840
AN19,tr_4::overall,full,,M_condition,"cbind(response_correct, response_incorrect) ~ condition_id + (1 | participant_id) + (1 | analysis_item_id) + (1 | test_talker_id)",bobyqa,participant_item_talker_intercepts,registered,primary registered structure accepted,5760,True,False,ok,,,-2193.74056405627,3589.3649423815,4405.48112811254,5760
AN19,tr_4::overall,full,,M_joint,"cbind(response_correct, response_incorrect) ~ condition_id + variability_z + (1 | participant_id) + (1 | analysis_item_id) + (1 | test_talker_id)",bobyqa,participant_item_talker_intercepts,registered,primary registered structure accepted,5760,True,False,ok,,,-2192.16247203693,3590.87588737225,4404.32494407385,5760
AN19,tr_4::overall,full,,M_null,"cbind(response_correct, response_incorrect) ~ (1 | participant_id) + (1 | analysis_item_id) + (1 | test_talker_id)",bobyqa,participant_item_talker_intercepts,registered,primary registered structure accepted,5760,True,False,ok,,,-2203.24396227639,3580.4982873344,4414.48792455278,5760
AN19,tr_4::overall,full,,M_predictor,"cbind(response_correct, response_incorrect) ~ variability_z + (1 | participant_id) + (1 | analysis_item_id) + (1 | test_talker_id)",bobyqa,participant_item_talker_intercepts,registered,primary registered structure accepted,5760,True,False,ok,,,-2200.70756869165,3583.1235939591,4411.41513738329,5760
AN19,tr_4::overall_order_sensitive,cv_train,0.0,M_condition,"cbind(response_correct, response_incorrect) ~ condition_id + (1 | participant_id) + (1 | analysis_item_id) + (1 | test_talker_id)",bobyqa,participant_item_talker_intercepts,registered,primary registered structure accepted,3840,True,False,ok,,,-1561.06126707956,2418.47879657187,3140.12253415913,3840
AN19,tr_4::overall_order_sensitive,cv_train,0.0,M_joint,"cbind(response_correct, response_incorrect) ~ condition_id + variability_z + (1 | participant_id) + (1 | analysis_item_id) + (1 | test_talker_id)",bobyqa,participant_item_talker_intercepts,registered,primary registered structure accepted,3840,True,False,ok,,,-1560.57652078911,2419.07061291609,3141.15304157822,3840
AN19,tr_4::overall_order_sensitive,cv_train,0.0,M_null,"cbind(response_correct, response_incorrect) ~ (1 | participant_id) + (1 | analysis_item_id) + (1 | test_talker_id)",bobyqa,participant_item_talker_intercepts,registered,primary registered structure accepted,3840,True,False,ok,,,-1568.30421734261,2413.0588026804,3144.60843468522,3840
AN19,tr_4::overall_order_sensitive,cv_train,0.0,M_predictor,"cbind(response_correct, response_incorrect) ~ variability_z + (1 | participant_id) + (1 | analysis_item_id) + (1 | test_talker_id)",bobyqa,participant_item_talker_intercepts,registered,primary registered structure accepted,3840,True,False,ok,,,-1567.17832461233,2414.32580926844,3144.35664922466,3840
AN19,tr_4::overall_order_sensitive,cv_train,1.0,M_condition,"cbind(response_correct, response_incorrect) ~ condition_id + (1 | participant_id) + (1 | analysis_item_id) + (1 | test_talker_id)",bobyqa,participant_item_talker_intercepts,registered,primary registered structure accepted,3840,True,False,ok,,,-1514.69464298543,2352.94341229064,3047.38928597087,3840
AN19,tr_4::overall_order_sensitive,cv_train,1.0,M_joint,"cbind(response_correct, response_incorrect) ~ condition_id + variability_z + (1 | participant_id) + (1 | analysis_item_id) + (1 | test_talker_id)",bobyqa,participant_item_talker_intercepts,registered,primary registered structure accepted,3840,True,False,ok,,,-1513.3749659535,2355.17674244008,3046.749931907,3840
AN19,tr_4::overall_order_sensitive,cv_train,1.0,M_null,"cbind(response_correct, response_incorrect) ~ (1 | participant_id) + (1 | analysis_item_id) + (1 | test_talker_id)",bobyqa,participant_item_talker_intercepts,registered,primary registered structure accepted,3840,True,False,ok,,,-1522.69888377006,2345.58806576079,3053.39776754012,3840
AN19,tr_4::overall_order_sensitive,cv_train,1.0,M_predictor,"cbind(response_correct, response_incorrect) ~ variability_z + (1 | participant_id) + (1 | analysis_item_id) + (1 | test_talker_id)",bobyqa,participant_item_talker_intercepts,registered,primary registered structure accepted,3840,True,False,ok,,,-1521.27658758794,2348.12093444138,3052.55317517589,3840
AN19,tr_4::overall_order_sensitive,cv_train,2.0,M_condition,"cbind(response_correct, response_incorrect) ~ condition_id + (1 | participant_id) + (1 | analysis_item_id) + (1 | test_talker_id)",bobyqa,participant_item_talker_intercepts,registered,primary registered structure accepted,3840,True,False,ok,,,-1507.79624057507,2315.34809790291,3033.59248115014,3840
AN19,tr_4::overall_order_sensitive,cv_train,2.0,M_joint,"cbind(response_correct, response_incorrect) ~ condition_id + variability_z + (1 | participant_id) + (1 | analysis_item_id) + (1 | test_talker_id)",bobyqa,participant_item_talker_intercepts,registered,primary registered structure accepted,3840,True,False,ok,,,-1507.13026527229,2315.9061480485,3034.26053054458,3840
AN19,tr_4::overall_order_sensitive,cv_train,2.0,M_null,"cbind(response_correct, response_incorrect) ~ (1 | participant_id) + (1 | analysis_item_id) + (1 | test_talker_id)",bobyqa,participant_item_talker_intercepts,registered,primary registered structure accepted,3840,True,False,ok,,,-1519.38868263103,2304.33260308376,3046.77736526205,3840
AN19,tr_4::overall_order_sensitive,cv_train,2.0,M_predictor,"cbind(response_correct, response_incorrect) ~ variability_z + (1 | participant_id) + (1 | analysis_item_id) + (1 | test_talker_id)",bobyqa,participant_item_talker_intercepts,registered,primary registered structure accepted,3840,True,False,ok,,,-1517.68474244335,2305.82324794745,3045.36948488669,3840
AN19,tr_4::overall_order_sensitive,full,,M_condition,"cbind(response_correct, response_incorrect) ~ condition_id + (1 | participant_id) + (1 | analysis_item_id) + (1 | test_talker_id)",bobyqa,participant_item_talker_intercepts,registered,primary registered structure accepted,5760,True,False,ok,,,-2193.74056405627,3589.3649423815,4405.48112811254,5760
AN19,tr_4::overall_order_sensitive,full,,M_joint,"cbind(response_correct, response_incorrect) ~ condition_id + variability_z + (1 | participant_id) + (1 | analysis_item_id) + (1 | test_talker_id)",bobyqa,participant_item_talker_intercepts,registered,primary registered structure accepted,5760,True,False,ok,,,-2192.47266180759,3590.76923741065,4404.94532361518,5760
AN19,tr_4::overall_order_sensitive,full,,M_null,"cbind(response_correct, response_incorrect) ~ (1 | participant_id) + (1 | analysis_item_id) + (1 | test_talker_id)",bobyqa,participant_item_talker_intercepts,registered,primary registered structure accepted,5760,True,False,ok,,,-2203.24396227639,3580.4982873344,4414.48792455278,5760
AN19,tr_4::overall_order_sensitive,full,,M_predictor,"cbind(response_correct, response_incorrect) ~ variability_z + (1 | participant_id) + (1 | analysis_item_id) + (1 | test_talker_id)",bobyqa,participant_item_talker_intercepts,registered,primary registered structure accepted,5760,True,False,ok,,,-2201.13568165349,3582.98533949714,4412.27136330698,5760
AN19,tr_6::overall,cv_train,0.0,M_condition,"cbind(response_correct, response_incorrect) ~ condition_id + (1 | participant_id) + (1 | analysis_item_id) + (1 | test_talker_id)",bobyqa,participant_item_talker_intercepts,registered,primary registered structure accepted,3840,True,False,ok,,,-1561.06126707956,2418.47879657187,3140.12253415913,3840
AN19,tr_6::overall,cv_train,0.0,M_joint,"cbind(response_correct, response_incorrect) ~ condition_id + variability_z + (1 | participant_id) + (1 | analysis_item_id) + (1 | test_talker_id)",bobyqa,participant_item_talker_intercepts,registered,primary registered structure accepted,3840,True,False,ok,,,-1560.26160634907,2418.99356105946,3140.52321269815,3840
AN19,tr_6::overall,cv_train,0.0,M_null,"cbind(response_correct, response_incorrect) ~ (1 | participant_id) + (1 | analysis_item_id) + (1 | test_talker_id)",bobyqa,participant_item_talker_intercepts,registered,primary registered structure accepted,3840,True,False,ok,,,-1568.30421734261,2413.0588026804,3144.60843468522,3840
AN19,tr_6::overall,cv_train,0.0,M_predictor,"cbind(response_correct, response_incorrect) ~ variability_z + (1 | participant_id) + (1 | analysis_item_id) + (1 | test_talker_id)",bobyqa,participant_item_talker_intercepts,registered,primary registered structure accepted,3840,True,False,ok,,,-1568.13506164381,2412.96017823123,3146.27012328762,3840
AN19,tr_6::overall,cv_train,1.0,M_condition,"cbind(response_correct, response_incorrect) ~ condition_id + (1 | participant_id) + (1 | analysis_item_id) + (1 | test_talker_id)",bobyqa,participant_item_talker_intercepts,registered,primary registered structure accepted,3840,True,False,ok,,,-1514.69464298543,2352.94341229064,3047.38928597087,3840
AN19,tr_6::overall,cv_train,1.0,M_joint,"cbind(response_correct, response_incorrect) ~ condition_id + variability_z + (1 | participant_id) + (1 | analysis_item_id) + (1 | test_talker_id)",bobyqa,participant_item_talker_intercepts,registered,primary registered structure accepted,3840,True,False,ok,,,-1512.88704636908,2355.61687938877,3045.77409273815,3840
AN19,tr_6::overall,cv_train,1.0,M_null,"cbind(response_correct, response_incorrect) ~ (1 | participant_id) + (1 | analysis_item_id) + (1 | test_talker_id)",bobyqa,participant_item_talker_intercepts,registered,primary registered structure accepted,3840,True,False,ok,,,-1522.69888377006,2345.58806576079,3053.39776754012,3840
AN19,tr_6::overall,cv_train,1.0,M_predictor,"cbind(response_correct, response_incorrect) ~ variability_z + (1 | participant_id) + (1 | analysis_item_id) + (1 | test_talker_id)",bobyqa,participant_item_talker_intercepts,registered,primary registered structure accepted,3840,True,False,ok,,,-1521.51595831959,2346.53351585684,3053.03191663919,3840
AN19,tr_6::overall,cv_train,2.0,M_condition,"cbind(response_correct, response_incorrect) ~ condition_id + (1 | participant_id) + (1 | analysis_item_id) + (1 | test_talker_id)",bobyqa,participant_item_talker_intercepts,registered,primary registered structure accepted,3840,True,False,ok,,,-1507.79624057507,2315.34809790291,3033.59248115014,3840
AN19,tr_6::overall,cv_train,2.0,M_joint,"cbind(response_correct, response_incorrect) ~ condition_id + variability_z + (1 | participant_id) + (1 | analysis_item_id) + (1 | test_talker_id)",bobyqa,participant_item_talker_intercepts,registered,primary registered structure accepted,3840,True,False,ok,,,-1507.55949052964,2315.28376975201,3035.11898105928,3840
AN19,tr_6::overall,cv_train,2.0,M_null,"cbind(response_correct, response_incorrect) ~ (1 | participant_id) + (1 | analysis_item_id) + (1 | test_talker_id)",bobyqa,participant_item_talker_intercepts,registered,primary registered structure accepted,3840,True,False,ok,,,-1519.38868263103,2304.33260308376,3046.77736526205,3840
AN19,tr_6::overall,cv_train,2.0,M_predictor,"cbind(response_correct, response_incorrect) ~ variability_z + (1 | participant_id) + (1 | analysis_item_id) + (1 | test_talker_id)",bobyqa,participant_item_talker_intercepts,registered,primary registered structure accepted,3840,True,False,ok,,,-1519.27082647614,2304.68089958338,3048.54165295228,3840
AN19,tr_6::overall,full,,M_condition,"cbind(response_correct, response_incorrect) ~ condition_id + (1 | participant_id) + (1 | analysis_item_id) + (1 | test_talker_id)",bobyqa,participant_item_talker_intercepts,registered,primary registered structure accepted,5760,True,False,ok,,,-2193.74056405627,3589.3649423815,4405.48112811254,5760
AN19,tr_6::overall,full,,M_joint,"cbind(response_correct, response_incorrect) ~ condition_id + variability_z + (1 | participant_id) + (1 | analysis_item_id) + (1 | test_talker_id)",bobyqa,participant_item_talker_intercepts,registered,primary registered structure accepted,5760,True,False,ok,,,-2192.51732650522,3590.18802000441,4405.03465301043,5760
AN19,tr_6::overall,full,,M_null,"cbind(response_correct, response_incorrect) ~ (1 | participant_id) + (1 | analysis_item_id) + (1 | test_talker_id)",bobyqa,participant_item_talker_intercepts,registered,primary registered structure accepted,5760,True,False,ok,,,-2203.24396227639,3580.4982873344,4414.48792455278,5760
AN19,tr_6::overall,full,,M_predictor,"cbind(response_correct, response_incorrect) ~ variability_z + (1 | participant_id) + (1 | analysis_item_id) + (1 | test_talker_id)",bobyqa,participant_item_talker_intercepts,registered,primary registered structure accepted,5760,True,False,ok,,,-2203.06197658239,3580.32885886681,4416.12395316478,5760
AN19,tr_6::overall_order_sensitive,cv_train,0.0,M_condition,"cbind(response_correct, response_incorrect) ~ condition_id + (1 | participant_id) + (1 | analysis_item_id) + (1 | test_talker_id)",bobyqa,participant_item_talker_intercepts,registered,primary registered structure accepted,3840,True,False,ok,,,-1561.06126707956,2418.47879657187,3140.12253415913,3840
AN19,tr_6::overall_order_sensitive,cv_train,0.0,M_joint,"cbind(response_correct, response_incorrect) ~ condition_id + variability_z + (1 | participant_id) + (1 | analysis_item_id) + (1 | test_talker_id)",bobyqa,participant_item_talker_intercepts,registered,primary registered structure accepted,3840,True,False,ok,,,-1560.62234559246,2419.04788215635,3141.24469118492,3840
AN19,tr_6::overall_order_sensitive,cv_train,0.0,M_null,"cbind(response_correct, response_incorrect) ~ (1 | participant_id) + (1 | analysis_item_id) + (1 | test_talker_id)",bobyqa,participant_item_talker_intercepts,registered,primary registered structure accepted,3840,True,False,ok,,,-1568.30421734261,2413.0588026804,3144.60843468522,3840
AN19,tr_6::overall_order_sensitive,cv_train,0.0,M_predictor,"cbind(response_correct, response_incorrect) ~ variability_z + (1 | participant_id) + (1 | analysis_item_id) + (1 | test_talker_id)",bobyqa,participant_item_talker_intercepts,registered,primary registered structure accepted,3840,True,False,ok,,,-1567.14276217445,2414.63109809215,3144.28552434891,3840
AN19,tr_6::overall_order_sensitive,cv_train,1.0,M_condition,"cbind(response_correct, response_incorrect) ~ condition_id + (1 | participant_id) + (1 | analysis_item_id) + (1 | test_talker_id)",bobyqa,participant_item_talker_intercepts,registered,primary registered structure accepted,3840,True,False,ok,,,-1514.69464298543,2352.94341229064,3047.38928597087,3840
AN19,tr_6::overall_order_sensitive,cv_train,1.0,M_joint,"cbind(response_correct, response_incorrect) ~ condition_id + variability_z + (1 | participant_id) + (1 | analysis_item_id) + (1 | test_talker_id)",bobyqa,participant_item_talker_intercepts,registered,primary registered structure accepted,3840,True,False,ok,,,-1513.55163023645,2354.92582270406,3047.1032604729,3840
AN19,tr_6::overall_order_sensitive,cv_train,1.0,M_null,"cbind(response_correct, response_incorrect) ~ (1 | participant_id) + (1 | analysis_item_id) + (1 | test_talker_id)",bobyqa,participant_item_talker_intercepts,registered,primary registered structure accepted,3840,True,False,ok,,,-1522.69888377006,2345.58806576079,3053.39776754012,3840
AN19,tr_6::overall_order_sensitive,cv_train,1.0,M_predictor,"cbind(response_correct, response_incorrect) ~ variability_z + (1 | participant_id) + (1 | analysis_item_id) + (1 | test_talker_id)",bobyqa,participant_item_talker_intercepts,registered,primary registered structure accepted,3840,True,False,ok,,,-1521.30755746958,2348.06941754737,3052.61511493916,3840
AN19,tr_6::overall_order_sensitive,cv_train,2.0,M_condition,"cbind(response_correct, response_incorrect) ~ condition_id + (1 | participant_id) + (1 | analysis_item_id) + (1 | test_talker_id)",bobyqa,participant_item_talker_intercepts,registered,primary registered structure accepted,3840,True,False,ok,,,-1507.79624057507,2315.34809790291,3033.59248115014,3840
AN19,tr_6::overall_order_sensitive,cv_train,2.0,M_joint,"cbind(response_correct, response_incorrect) ~ condition_id + variability_z + (1 | participant_id) + (1 | analysis_item_id) + (1 | test_talker_id)",bobyqa,participant_item_talker_intercepts,registered,primary registered structure accepted,3840,True,False,ok,,,-1507.13031777694,2315.94724802143,3034.26063555387,3840
AN19,tr_6::overall_order_sensitive,cv_train,2.0,M_null,"cbind(response_correct, response_incorrect) ~ (1 | participant_id) + (1 | analysis_item_id) + (1 | test_talker_id)",bobyqa,participant_item_talker_intercepts,registered,primary registered structure accepted,3840,True,False,ok,,,-1519.38868263103,2304.33260308376,3046.77736526205,3840
AN19,tr_6::overall_order_sensitive,cv_train,2.0,M_predictor,"cbind(response_correct, response_incorrect) ~ variability_z + (1 | participant_id) + (1 | analysis_item_id) + (1 | test_talker_id)",bobyqa,participant_item_talker_intercepts,registered,primary registered structure accepted,3840,True,False,ok,,,-1516.53147856425,2307.5131336124,3043.06295712851,3840
AN19,tr_6::overall_order_sensitive,full,,M_condition,"cbind(response_correct, response_incorrect) ~ condition_id + (1 | participant_id) + (1 | analysis_item_id) + (1 | test_talker_id)",bobyqa,participant_item_talker_intercepts,registered,primary registered structure accepted,5760,True,False,ok,,,-2193.74056405627,3589.3649423815,4405.48112811254,5760
AN19,tr_6::overall_order_sensitive,full,,M_joint,"cbind(response_correct, response_incorrect) ~ condition_id + variability_z + (1 | participant_id) + (1 | analysis_item_id) + (1 | test_talker_id)",bobyqa,participant_item_talker_intercepts,registered,primary registered structure accepted,5760,True,False,ok,,,-2192.56902923088,3590.73001650722,4405.13805846175,5760
AN19,tr_6::overall_order_sensitive,full,,M_null,"cbind(response_correct, response_incorrect) ~ (1 | participant_id) + (1 | analysis_item_id) + (1 | test_talker_id)",bobyqa,participant_item_talker_intercepts,registered,primary registered structure accepted,5760,True,False,ok,,,-2203.24396227639,3580.4982873344,4414.48792455278,5760
AN19,tr_6::overall_order_sensitive,full,,M_predictor,"cbind(response_correct, response_incorrect) ~ variability_z + (1 | participant_id) + (1 | analysis_item_id) + (1 | test_talker_id)",bobyqa,participant_item_talker_intercepts,registered,primary registered structure accepted,5760,True,False,ok,,,-2200.60874790389,3584.07217714621,4411.21749580778,5760
AN19,tr_8::overall,cv_train,0.0,M_condition,"cbind(response_correct, response_incorrect) ~ condition_id + (1 | participant_id) + (1 | analysis_item_id) + (1 | test_talker_id)",bobyqa,participant_item_talker_intercepts,registered,primary registered structure accepted,3840,True,False,ok,,,-1561.06126707956,2418.47879657187,3140.12253415913,3840
AN19,tr_8::overall,cv_train,0.0,M_joint,"cbind(response_correct, response_incorrect) ~ condition_id + variability_z + (1 | participant_id) + (1 | analysis_item_id) + (1 | test_talker_id)",bobyqa,participant_item_talker_intercepts,registered,primary registered structure accepted,3840,True,False,ok,,,-1560.35479471922,2419.24147115579,3140.70958943845,3840
AN19,tr_8::overall,cv_train,0.0,M_null,"cbind(response_correct, response_incorrect) ~ (1 | participant_id) + (1 | analysis_item_id) + (1 | test_talker_id)",bobyqa,participant_item_talker_intercepts,registered,primary registered structure accepted,3840,True,False,ok,,,-1568.30421734261,2413.0588026804,3144.60843468522,3840
AN19,tr_8::overall,cv_train,0.0,M_predictor,"cbind(response_correct, response_incorrect) ~ variability_z + (1 | participant_id) + (1 | analysis_item_id) + (1 | test_talker_id)",bobyqa,participant_item_talker_intercepts,registered,primary registered structure accepted,3840,True,False,ok,,,-1567.87630292993,2413.26727782897,3145.75260585986,3840
AN19,tr_8::overall,cv_train,1.0,M_condition,"cbind(response_correct, response_incorrect) ~ condition_id + (1 | participant_id) + (1 | analysis_item_id) + (1 | test_talker_id)",bobyqa,participant_item_talker_intercepts,registered,primary registered structure accepted,3840,True,False,ok,,,-1514.69464298543,2352.94341229064,3047.38928597087,3840
AN19,tr_8::overall,cv_train,1.0,M_joint,"cbind(response_correct, response_incorrect) ~ condition_id + variability_z + (1 | participant_id) + (1 | analysis_item_id) + (1 | test_talker_id)",bobyqa,participant_item_talker_intercepts,registered,primary registered structure accepted,3840,True,False,ok,,,-1513.03343885446,2355.66056706673,3046.06687770892,3840
AN19,tr_8::overall,cv_train,1.0,M_null,"cbind(response_correct, response_incorrect) ~ (1 | participant_id) + (1 | analysis_item_id) + (1 | test_talker_id)",bobyqa,participant_item_talker_intercepts,registered,primary registered structure accepted,3840,True,False,ok,,,-1522.69888377006,2345.58806576079,3053.39776754012,3840
AN19,tr_8::overall,cv_train,1.0,M_predictor,"cbind(response_correct, response_incorrect) ~ variability_z + (1 | participant_id) + (1 | analysis_item_id) + (1 | test_talker_id)",bobyqa,participant_item_talker_intercepts,registered,primary registered structure accepted,3840,True,False,ok,,,-1521.28135508775,2347.35797433191,3052.56271017549,3840
AN19,tr_8::overall,cv_train,2.0,M_condition,"cbind(response_correct, response_incorrect) ~ condition_id + (1 | participant_id) + (1 | analysis_item_id) + (1 | test_talker_id)",bobyqa,participant_item_talker_intercepts,registered,primary registered structure accepted,3840,True,False,ok,,,-1507.79624057507,2315.34809790291,3033.59248115014,3840
AN19,tr_8::overall,cv_train,2.0,M_joint,"cbind(response_correct, response_incorrect) ~ condition_id + variability_z + (1 | participant_id) + (1 | analysis_item_id) + (1 | test_talker_id)",bobyqa,participant_item_talker_intercepts,registered,primary registered structure accepted,3840,True,False,ok,,,-1507.10900543301,2315.85257105519,3034.21801086601,3840
AN19,tr_8::overall,cv_train,2.0,M_null,"cbind(response_correct, response_incorrect) ~ (1 | participant_id) + (1 | analysis_item_id) + (1 | test_talker_id)",bobyqa,participant_item_talker_intercepts,registered,primary registered structure accepted,3840,True,False,ok,,,-1519.38868263103,2304.33260308376,3046.77736526205,3840
AN19,tr_8::overall,cv_train,2.0,M_predictor,"cbind(response_correct, response_incorrect) ~ variability_z + (1 | participant_id) + (1 | analysis_item_id) + (1 | test_talker_id)",bobyqa,participant_item_talker_intercepts,registered,primary registered structure accepted,3840,True,False,ok,,,-1519.28180252319,2304.27865962043,3048.56360504639,3840
AN19,tr_8::overall,full,,M_condition,"cbind(response_correct, response_incorrect) ~ condition_id + (1 | participant_id) + (1 | analysis_item_id) + (1 | test_talker_id)",bobyqa,participant_item_talker_intercepts,registered,primary registered structure accepted,5760,True,False,ok,,,-2193.74056405627,3589.3649423815,4405.48112811254,5760
AN19,tr_8::overall,full,,M_joint,"cbind(response_correct, response_incorrect) ~ condition_id + variability_z + (1 | participant_id) + (1 | analysis_item_id) + (1 | test_talker_id)",bobyqa,participant_item_talker_intercepts,registered,primary registered structure accepted,5760,True,False,ok,,,-2192.19843227358,3590.96616056787,4404.39686454715,5760
AN19,tr_8::overall,full,,M_null,"cbind(response_correct, response_incorrect) ~ (1 | participant_id) + (1 | analysis_item_id) + (1 | test_talker_id)",bobyqa,participant_item_talker_intercepts,registered,primary registered structure accepted,5760,True,False,ok,,,-2203.24396227639,3580.4982873344,4414.48792455278,5760
AN19,tr_8::overall,full,,M_predictor,"cbind(response_correct, response_incorrect) ~ variability_z + (1 | participant_id) + (1 | analysis_item_id) + (1 | test_talker_id)",bobyqa,participant_item_talker_intercepts,registered,primary registered structure accepted,5760,True,False,ok,,,-2202.49912817819,3580.88784686975,4414.99825635638,5760
AN19,tr_8::overall_order_sensitive,cv_train,0.0,M_condition,"cbind(response_correct, response_incorrect) ~ condition_id + (1 | participant_id) + (1 | analysis_item_id) + (1 | test_talker_id)",bobyqa,participant_item_talker_intercepts,registered,primary registered structure accepted,3840,True,False,ok,,,-1561.06126707956,2418.47879657187,3140.12253415913,3840
AN19,tr_8::overall_order_sensitive,cv_train,0.0,M_joint,"cbind(response_correct, response_incorrect) ~ condition_id + variability_z + (1 | participant_id) + (1 | analysis_item_id) + (1 | test_talker_id)",bobyqa,participant_item_talker_intercepts,registered,primary registered structure accepted,3840,True,False,ok,,,-1560.34803697111,2419.25458826873,3140.69607394222,3840
AN19,tr_8::overall_order_sensitive,cv_train,0.0,M_null,"cbind(response_correct, response_incorrect) ~ (1 | participant_id) + (1 | analysis_item_id) + (1 | test_talker_id)",bobyqa,participant_item_talker_intercepts,registered,primary registered structure accepted,3840,True,False,ok,,,-1568.30421734261,2413.0588026804,3144.60843468522,3840
AN19,tr_8::overall_order_sensitive,cv_train,0.0,M_predictor,"cbind(response_correct, response_incorrect) ~ variability_z + (1 | participant_id) + (1 | analysis_item_id) + (1 | test_talker_id)",bobyqa,participant_item_talker_intercepts,registered,primary registered structure accepted,3840,True,False,ok,,,-1566.89076707584,2414.94141342815,3143.78153415168,3840
AN19,tr_8::overall_order_sensitive,cv_train,1.0,M_condition,"cbind(response_correct, response_incorrect) ~ condition_id + (1 | participant_id) + (1 | analysis_item_id) + (1 | test_talker_id)",bobyqa,participant_item_talker_intercepts,registered,primary registered structure accepted,3840,True,False,ok,,,-1514.69464298543,2352.94341229064,3047.38928597087,3840
AN19,tr_8::overall_order_sensitive,cv_train,1.0,M_joint,"cbind(response_correct, response_incorrect) ~ condition_id + variability_z + (1 | participant_id) + (1 | analysis_item_id) + (1 | test_talker_id)",bobyqa,participant_item_talker_intercepts,registered,primary registered structure accepted,3840,True,False,ok,,,-1513.35172905686,2355.17406108202,3046.70345811371,3840
AN19,tr_8::overall_order_sensitive,cv_train,1.0,M_null,"cbind(response_correct, response_incorrect) ~ (1 | participant_id) + (1 | analysis_item_id) + (1 | test_talker_id)",bobyqa,participant_item_talker_intercepts,registered,primary registered structure accepted,3840,True,False,ok,,,-1522.69888377006,2345.58806576079,3053.39776754012,3840
AN19,tr_8::overall_order_sensitive,cv_train,1.0,M_predictor,"cbind(response_correct, response_incorrect) ~ variability_z + (1 | participant_id) + (1 | analysis_item_id) + (1 | test_talker_id)",bobyqa,participant_item_talker_intercepts,registered,primary registered structure accepted,3840,True,False,ok,,,-1521.56109300109,2347.7633402457,3053.12218600218,3840
AN19,tr_8::overall_order_sensitive,cv_train,2.0,M_condition,"cbind(response_correct, response_incorrect) ~ condition_id + (1 | participant_id) + (1 | analysis_item_id) + (1 | test_talker_id)",bobyqa,participant_item_talker_intercepts,registered,primary registered structure accepted,3840,True,False,ok,,,-1507.79624057507,2315.34809790291,3033.59248115014,3840
AN19,tr_8::overall_order_sensitive,cv_train,2.0,M_joint,"cbind(response_correct, response_incorrect) ~ condition_id + variability_z + (1 | participant_id) + (1 | analysis_item_id) + (1 | test_talker_id)",bobyqa,participant_item_talker_intercepts,registered,primary registered structure accepted,3840,True,False,ok,,,-1507.22786004,2315.72364971737,3034.45572008,3840
AN19,tr_8::overall_order_sensitive,cv_train,2.0,M_null,"cbind(response_correct, response_incorrect) ~ (1 | participant_id) + (1 | analysis_item_id) + (1 | test_talker_id)",bobyqa,participant_item_talker_intercepts,registered,primary registered structure accepted,3840,True,False,ok,,,-1519.38868263103,2304.33260308376,3046.77736526205,3840
AN19,tr_8::overall_order_sensitive,cv_train,2.0,M_predictor,"cbind(response_correct, response_incorrect) ~ variability_z + (1 | participant_id) + (1 | analysis_item_id) + (1 | test_talker_id)",bobyqa,participant_item_talker_intercepts,registered,primary registered structure accepted,3840,True,False,ok,,,-1516.43881095139,2307.60901020366,3042.87762190278,3840
AN19,tr_8::overall_order_sensitive,full,,M_condition,"cbind(response_correct, response_incorrect) ~ condition_id + (1 | participant_id) + (1 | analysis_item_id) + (1 | test_talker_id)",bobyqa,participant_item_talker_intercepts,registered,primary registered structure accepted,5760,True,False,ok,,,-2193.74056405627,3589.3649423815,4405.48112811254,5760
AN19,tr_8::overall_order_sensitive,full,,M_joint,"cbind(response_correct, response_incorrect) ~ condition_id + variability_z + (1 | participant_id) + (1 | analysis_item_id) + (1 | test_talker_id)",bobyqa,participant_item_talker_intercepts,registered,primary registered structure accepted,5760,True,False,ok,,,-2192.41383222199,3590.71509613071,4404.82766444398,5760
AN19,tr_8::overall_order_sensitive,full,,M_null,"cbind(response_correct, response_incorrect) ~ (1 | participant_id) + (1 | analysis_item_id) + (1 | test_talker_id)",bobyqa,participant_item_talker_intercepts,registered,primary registered structure accepted,5760,True,False,ok,,,-2203.24396227639,3580.4982873344,4414.48792455278,5760
AN19,tr_8::overall_order_sensitive,full,,M_predictor,"cbind(response_correct, response_incorrect) ~ variability_z + (1 | participant_id) + (1 | analysis_item_id) + (1 | test_talker_id)",bobyqa,participant_item_talker_intercepts,registered,primary registered structure accepted,5760,True,False,ok,,,-2200.59219390119,3584.14396508855,4411.18438780238,5760
