dataset_id,feature_key,scope,fold,model_id,term,estimate,std_error,z_value,p_value,conf_low,conf_high
B23,cnn_2,cv_train,0.0,M_condition,(Intercept),2.00748489855931,0.342756884363664,5.85687695897414,4.71652291020682e-09,1.33568140520652,2.67928839191209
B23,cnn_2,cv_train,0.0,M_condition,condition_idB23.b_FAR,0.386983691503391,0.238994404892281,1.61921653219376,0.10540068214423,-0.0814453420854793,0.855412725092262
B23,cnn_2,cv_train,0.0,M_condition,condition_idB23.b_SPA,0.343234271771975,0.239072918682451,1.43568863283874,0.151090961213782,-0.125348648845629,0.811817192389579
B23,cnn_2,cv_train,0.0,M_condition,condition_idB23.b_TUR,-0.181478345976765,0.243097187673419,-0.746525896550338,0.455349793999303,-0.657948833816666,0.294992141863136
B23,cnn_2,cv_train,0.0,M_condition,condition_idB23.c_noBRP,0.211358408383549,0.234912581651848,0.899732176528511,0.368262795621399,-0.249070251654074,0.671787068421172
B23,cnn_2,cv_train,0.0,M_condition,condition_idB23.c_noFAR,0.227840232438111,0.238999663172525,0.953307755390607,0.340434163220042,-0.240599107380038,0.69627957225626
B23,cnn_2,cv_train,0.0,M_condition,condition_idB23.c_noSPA,-0.025597509651364,0.238806415266908,-0.107189371871582,0.914638746869281,-0.493658083574504,0.442463064271776
B23,cnn_2,cv_train,0.0,M_condition,condition_idB23.c_noTUR,0.461894153641182,0.239182784218596,1.93113461384848,0.0534664074399966,-0.0069041034272661,0.93069241070963
B23,cnn_2,cv_train,0.0,M_condition,test_talker_idB23.FAR.FAR,-0.760446494286919,0.421331710660541,-1.80486413684537,0.0710959450002022,-1.58625664718158,0.0653636586077416
B23,cnn_2,cv_train,0.0,M_condition,test_talker_idB23.SPA.SPA,-0.765126993980093,0.421683371414569,-1.81445853891135,0.0696071603680536,-1.59162640195265,0.0613724139924636
B23,cnn_2,cv_train,0.0,M_condition,test_talker_idB23.TUR.TUR,-1.70062953509264,0.421121006537777,-4.03833935778761,5.38309386714887e-05,-2.52602670790668,-0.875232362278597
B23,cnn_2,cv_train,0.0,M_joint,(Intercept),2.00203358806295,0.343213529853067,5.83320124040577,5.43739223371858e-09,1.32933506955094,2.67473210657497
B23,cnn_2,cv_train,0.0,M_joint,condition_idB23.b_FAR,0.385103890327782,0.239009382593726,1.61125009465587,0.107125223238083,-0.0833544995559203,0.853562280211484
B23,cnn_2,cv_train,0.0,M_joint,condition_idB23.b_SPA,0.351240786901704,0.239137616164976,1.46878099955379,0.141892199235604,-0.117468940781649,0.819950514585057
B23,cnn_2,cv_train,0.0,M_joint,condition_idB23.b_TUR,-0.187389332059501,0.243116768047038,-0.770779134507274,0.440837856924709,-0.663898197431695,0.289119533312693
B23,cnn_2,cv_train,0.0,M_joint,condition_idB23.c_noBRP,0.210398862869779,0.234909889662825,0.895657748474414,0.370435582832013,-0.250024520869358,0.670822246608916
B23,cnn_2,cv_train,0.0,M_joint,condition_idB23.c_noFAR,0.227833158408655,0.238997446219238,0.953286999559229,0.340444676591717,-0.240601836181051,0.696268152998362
B23,cnn_2,cv_train,0.0,M_joint,condition_idB23.c_noSPA,-0.0288210844753955,0.238832330901917,-0.120674970455452,0.903948484770735,-0.496932453043153,0.439290284092362
B23,cnn_2,cv_train,0.0,M_joint,condition_idB23.c_noTUR,0.464180643106126,0.239218598626069,1.94040365495036,0.0523306527624808,-0.004687810200968,0.93304909641322
B23,cnn_2,cv_train,0.0,M_joint,similarity_z,0.0325236763503289,0.0143562817083357,2.26546657491714,0.0234840629330424,0.0043853642019909,0.060661988498667
B23,cnn_2,cv_train,0.0,M_joint,test_talker_idB23.FAR.FAR,-0.755307103929424,0.421540656255459,-1.79177759658774,0.0731685988910201,-1.58152679019012,0.0709125823312746
B23,cnn_2,cv_train,0.0,M_joint,test_talker_idB23.SPA.SPA,-0.749178105518144,0.422138401842788,-1.77472151845866,0.0759438804570959,-1.57656937313001,0.07821316209372
B23,cnn_2,cv_train,0.0,M_joint,test_talker_idB23.TUR.TUR,-1.69712632578503,0.421387651633296,-4.02747047571751,5.63801445112875e-05,-2.52304612298629,-0.871206528583775
B23,cnn_2,cv_train,0.0,M_null,(Intercept),2.18907379585421,0.305726684513404,7.16023136592851,8.05410117158341e-13,1.58984949420793,2.78829809750048
B23,cnn_2,cv_train,0.0,M_null,test_talker_idB23.FAR.FAR,-0.760447190620079,0.421975714644283,-1.80211126903623,0.0715279010723657,-1.58751959132287,0.0666252100827158
B23,cnn_2,cv_train,0.0,M_null,test_talker_idB23.SPA.SPA,-0.76511909673249,0.422439758126726,-1.81119102076317,0.0701112876717585,-1.59310102266087,0.0628628291958923
B23,cnn_2,cv_train,0.0,M_null,test_talker_idB23.TUR.TUR,-1.7006432473343,0.421876448779009,-4.03114052053933,5.55068435571194e-05,-2.52752108694115,-0.873765407727439
B23,cnn_2,cv_train,0.0,M_predictor,(Intercept),2.18368654533394,0.30531616673378,7.1522139449563,8.53893430741161e-13,1.58526685853573,2.78210623213215
B23,cnn_2,cv_train,0.0,M_predictor,similarity_z,0.0316577110039504,0.0143440033073717,2.20703455831474,0.0273116450789444,0.0035434645215017,0.059771957486399
B23,cnn_2,cv_train,0.0,M_predictor,test_talker_idB23.FAR.FAR,-0.755536688226755,0.42145490563801,-1.79268689987842,0.0730230023761127,-1.58158830327725,0.0705149268237444
B23,cnn_2,cv_train,0.0,M_predictor,test_talker_idB23.SPA.SPA,-0.749784690239626,0.422033734553585,-1.77659895134385,0.0756342483118186,-1.57697080996465,0.0774014294854002
B23,cnn_2,cv_train,0.0,M_predictor,test_talker_idB23.TUR.TUR,-1.69727193561056,0.421089014429542,-4.03067255960093,5.56174795119942e-05,-2.52260640389246,-0.871937467328653
B23,cnn_2,cv_train,1.0,M_condition,(Intercept),2.25440598016249,0.350937368872758,6.42395532685461,1.32778184538988e-10,1.56656873717189,2.9422432231531
B23,cnn_2,cv_train,1.0,M_condition,condition_idB23.b_FAR,0.145322203100781,0.273879580126126,0.530606199388279,0.595691698805146,-0.391481773946425,0.682126180147988
B23,cnn_2,cv_train,1.0,M_condition,condition_idB23.b_SPA,-0.130528084296681,0.269278050278999,-0.484733472191442,0.627865419680558,-0.65831306284352,0.397256894250158
B23,cnn_2,cv_train,1.0,M_condition,condition_idB23.b_TUR,-0.321196305355225,0.278923507764818,-1.15155695527123,0.249503178166237,-0.867886380574268,0.225493769863818
B23,cnn_2,cv_train,1.0,M_condition,condition_idB23.c_noBRP,-0.0131030674369056,0.269197428319519,-0.0486745639388247,0.961178646877878,-0.540730026943162,0.514523892069351
B23,cnn_2,cv_train,1.0,M_condition,condition_idB23.c_noFAR,0.0043706281280715,0.279165474273703,0.0156560482253132,0.987508791130466,-0.542793701448386,0.551534957704529
B23,cnn_2,cv_train,1.0,M_condition,condition_idB23.c_noSPA,-0.102219854912487,0.273754749293229,-0.373399384581985,0.70885121746611,-0.638779163527217,0.434339453702242
B23,cnn_2,cv_train,1.0,M_condition,condition_idB23.c_noTUR,0.0605123201125062,0.273796731376744,0.221011842647754,0.825083211880674,-0.476129273385912,0.597153913610924
B23,cnn_2,cv_train,1.0,M_condition,test_talker_idB23.FAR.FAR,-0.853410726870499,0.412799109536467,-2.06737540647507,0.0386987938054192,-1.66249698156197,-0.0443244721790241
B23,cnn_2,cv_train,1.0,M_condition,test_talker_idB23.SPA.SPA,-0.818457175674713,0.413257767448686,-1.98050040469316,0.047647327916087,-1.62844239987414,-0.0084719514752886
B23,cnn_2,cv_train,1.0,M_condition,test_talker_idB23.TUR.TUR,-1.74918314778374,0.412796931608843,-4.23739377365631,2.26129346321337e-05,-2.55826513373707,-0.940101161830411
B23,cnn_2,cv_train,1.0,M_joint,(Intercept),2.25372424950899,0.351107005299683,6.41890994907765,1.3725356393699001e-10,1.56555451912161,2.94189397989637
B23,cnn_2,cv_train,1.0,M_joint,condition_idB23.b_FAR,0.144683709685007,0.273952805569486,0.528133703118107,0.597406539980765,-0.392263789231185,0.681631208601199
B23,cnn_2,cv_train,1.0,M_joint,condition_idB23.b_SPA,-0.129221877323154,0.269334102022947,-0.479782828659939,0.63138182403151,-0.65711671728813,0.398672962641822
B23,cnn_2,cv_train,1.0,M_joint,condition_idB23.b_TUR,-0.322520738907976,0.278982841418719,-1.1560594094886,0.247656857377452,-0.869327108088665,0.224285630272712
B23,cnn_2,cv_train,1.0,M_joint,condition_idB23.c_noBRP,-0.0134535660507203,0.269233501810202,-0.0499698810150472,0.96014638979383,-0.541151229598716,0.514244097497275
B23,cnn_2,cv_train,1.0,M_joint,condition_idB23.c_noFAR,0.0042544757993017,0.2791914316041,0.0152385614947335,0.987841857604314,-0.542960730144734,0.551469681743337
B23,cnn_2,cv_train,1.0,M_joint,condition_idB23.c_noSPA,-0.102970024248812,0.273815216560449,-0.376056617825253,0.706874805021865,-0.639647848707292,0.433707800209669
B23,cnn_2,cv_train,1.0,M_joint,condition_idB23.c_noTUR,0.0607218349454423,0.273793727657761,0.221779496064073,0.824485541766465,-0.475913871263769,0.597357541154653
B23,cnn_2,cv_train,1.0,M_joint,similarity_z,0.006139272260759,0.0143038885169192,0.429203027798859,0.667775479735981,-0.0218963492324025,0.0341748937539206
B23,cnn_2,cv_train,1.0,M_joint,test_talker_idB23.FAR.FAR,-0.852613008429002,0.412979990254553,-2.06453830342596,0.0389667060918761,-1.66205378932793,-0.0431722275300785
B23,cnn_2,cv_train,1.0,M_joint,test_talker_idB23.SPA.SPA,-0.81618138205467,0.41331537076366,-1.97471819290596,0.0483001371729462,-1.62627950875144,-0.0060832553578961
B23,cnn_2,cv_train,1.0,M_joint,test_talker_idB23.TUR.TUR,-1.74859346660136,0.413065160433094,-4.23321459686403,2.30374486588331e-05,-2.55820118105022,-0.938985752152494
B23,cnn_2,cv_train,1.0,M_null,(Intercept),2.21137986358032,0.30107111269375,7.34504165409497,2.05695029820999e-13,1.62128048270057,2.80147924446007
B23,cnn_2,cv_train,1.0,M_null,test_talker_idB23.FAR.FAR,-0.853347171730907,0.413217215040087,-2.0651297687298,0.0389107234363262,-1.66325291320948,-0.0434414302523362
B23,cnn_2,cv_train,1.0,M_null,test_talker_idB23.SPA.SPA,-0.818407797937475,0.413407027139635,-1.97966590843905,0.0477410817287982,-1.62868557113116,-0.0081300247437899
B23,cnn_2,cv_train,1.0,M_null,test_talker_idB23.TUR.TUR,-1.74912813156434,0.412908432822166,-4.23611627306646,2.27419045650166e-05,-2.55842865989579,-0.939827603232899
B23,cnn_2,cv_train,1.0,M_predictor,(Intercept),2.21059904207761,0.300769219687439,7.34981805776161,1.98476832251494e-13,1.62109137149023,2.80010671266499
B23,cnn_2,cv_train,1.0,M_predictor,similarity_z,0.0059953505273596,0.0142995651418407,0.419268031432449,0.675020257441554,-0.0220317971506481,0.0340224982053673
B23,cnn_2,cv_train,1.0,M_predictor,test_talker_idB23.FAR.FAR,-0.852680846651612,0.412764597945107,-2.06577998911866,0.0388492584219099,-1.66169945862402,-0.0436622346792019
B23,cnn_2,cv_train,1.0,M_predictor,test_talker_idB23.SPA.SPA,-0.816232072162029,0.413055132679994,-1.97608504914618,0.048145145443378,-1.62582013221482,-0.0066440121092413
B23,cnn_2,cv_train,1.0,M_predictor,test_talker_idB23.TUR.TUR,-1.74862924519252,0.412597081772598,-4.23810376379801,2.25415588908196e-05,-2.55731952546682,-0.939938964918232
B23,cnn_2,cv_train,2.0,M_condition,(Intercept),2.25956318922655,0.36988033873519,6.1089032116526,1.00318139371422e-09,1.53459772530558,2.98452865314753
B23,cnn_2,cv_train,2.0,M_condition,condition_idB23.b_FAR,0.126385312005064,0.284240311851811,0.44464246180167,0.656578156479811,-0.430725699224486,0.683496323234614
B23,cnn_2,cv_train,2.0,M_condition,condition_idB23.b_SPA,-0.106944748617129,0.279462373504611,-0.382680313188439,0.701956813144138,-0.654691000686166,0.440801503451908
B23,cnn_2,cv_train,2.0,M_condition,condition_idB23.b_TUR,-0.129749549641328,0.284177660761746,-0.456578991091457,0.647973682577587,-0.686737764734351,0.427238665451694
B23,cnn_2,cv_train,2.0,M_condition,condition_idB23.c_noBRP,0.200493365665119,0.284314120414612,0.705182582464572,0.480696619098274,-0.35676231034752,0.757749041677758
B23,cnn_2,cv_train,2.0,M_condition,condition_idB23.c_noFAR,-0.0643104247359493,0.28976610251685,-0.221939088724878,0.824361300847866,-0.632251985668976,0.503631136197077
B23,cnn_2,cv_train,2.0,M_condition,condition_idB23.c_noSPA,-0.0318180958021801,0.284263991097178,-0.111931503105164,0.910877717686124,-0.588975518352648,0.525339326748288
B23,cnn_2,cv_train,2.0,M_condition,condition_idB23.c_noTUR,0.351659945192766,0.284515615279904,1.23599523648924,0.21646033431962,-0.205990660755845,0.909310551141378
B23,cnn_2,cv_train,2.0,M_condition,test_talker_idB23.FAR.FAR,-0.953238894680362,0.43761256038328,-2.17827133171286,0.0293858421923343,-1.81095951303159,-0.095518276329134
B23,cnn_2,cv_train,2.0,M_condition,test_talker_idB23.SPA.SPA,-0.897517081197998,0.437925108522126,-2.0494761860695,0.0404155741415428,-1.75585029390137,-0.0391838684946312
B23,cnn_2,cv_train,2.0,M_condition,test_talker_idB23.TUR.TUR,-1.8301009522651,0.437479942747255,-4.18327967397216,2.87333552174783e-05,-2.68756164004972,-0.972640264480478
B23,cnn_2,cv_train,2.0,M_joint,(Intercept),2.25908666227505,0.369170701666617,6.11935522531022,9.39547471873872e-10,1.53551208700848,2.98266123754162
B23,cnn_2,cv_train,2.0,M_joint,condition_idB23.b_FAR,0.125886266062392,0.284165640672161,0.443003122279747,0.657763476328002,-0.431078389655044,0.682850921779828
B23,cnn_2,cv_train,2.0,M_joint,condition_idB23.b_SPA,-0.105938582411955,0.279417181080197,-0.379141261115039,0.704582967627994,-0.65359625732914,0.44171909250523
B23,cnn_2,cv_train,2.0,M_joint,condition_idB23.b_TUR,-0.130870092827042,0.284090782780092,-0.46066293156841,0.645040453674385,-0.687688027076023,0.425947841421939
B23,cnn_2,cv_train,2.0,M_joint,condition_idB23.c_noBRP,0.200198472567308,0.284247997464059,0.704309174922584,0.481240253807443,-0.356927602462247,0.757324547596863
B23,cnn_2,cv_train,2.0,M_joint,condition_idB23.c_noFAR,-0.0643801079183385,0.289598148027232,-0.22230842412806,0.824073794671427,-0.631992478051713,0.503232262215036
B23,cnn_2,cv_train,2.0,M_joint,condition_idB23.c_noSPA,-0.0323840308726066,0.284118045695565,-0.1139809011192,0.909252933463113,-0.589255400435915,0.524487338690702
B23,cnn_2,cv_train,2.0,M_joint,condition_idB23.c_noTUR,0.351886798561826,0.284351032320356,1.23750842643463,0.215898387960068,-0.205441224786072,0.909214821909724
B23,cnn_2,cv_train,2.0,M_joint,similarity_z,0.0048695799455467,0.0142169945323214,0.342518240017332,0.731960919661225,-0.0229957293378031,0.0327348892288966
B23,cnn_2,cv_train,2.0,M_joint,test_talker_idB23.FAR.FAR,-0.95265988014942,0.43694692932823,-2.18026450400752,0.0292378606272989,-1.80907586163275,-0.0962438986660898
B23,cnn_2,cv_train,2.0,M_joint,test_talker_idB23.SPA.SPA,-0.89575832253808,0.437307239478343,-2.04835008815911,0.0405257083890659,-1.75288051191563,-0.0386361331605268
B23,cnn_2,cv_train,2.0,M_joint,test_talker_idB23.TUR.TUR,-1.82979158843586,0.436646158280134,-4.19055922910912,2.78267761857878e-05,-2.68561805866492,-0.973965118206796
B23,cnn_2,cv_train,2.0,M_null,(Intercept),2.30246861745784,0.319605296451439,7.20410031692851,5.84283396432581e-13,1.67604223641302,2.92889499850267
B23,cnn_2,cv_train,2.0,M_null,test_talker_idB23.FAR.FAR,-0.953195504564811,0.438381672310799,-2.17435071940924,0.0296788060711275,-1.81242358229398,-0.0939674268356454
B23,cnn_2,cv_train,2.0,M_null,test_talker_idB23.SPA.SPA,-0.897463323070555,0.438695014092122,-2.04575683388573,0.0407803009449926,-1.75730555069111,-0.0376210954499965
B23,cnn_2,cv_train,2.0,M_null,test_talker_idB23.TUR.TUR,-1.83005815454503,0.438097534047239,-4.17728476496673,2.95009598261522e-05,-2.68872932127762,-0.971386987812439
B23,cnn_2,cv_train,2.0,M_predictor,(Intercept),2.3017755965848,0.319296294030276,7.20890169920526,5.64049603008834e-13,1.67595486028546,2.92759633288414
B23,cnn_2,cv_train,2.0,M_predictor,similarity_z,0.0048026018547151,0.0142180774996096,0.337781381121816,0.735527941788076,-0.0230648300445197,0.0326700337539501
B23,cnn_2,cv_train,2.0,M_predictor,test_talker_idB23.FAR.FAR,-0.952543993783002,0.437799129252557,-2.17575579789127,0.0295735254829261,-1.81063028711801,-0.0944577004479905
B23,cnn_2,cv_train,2.0,M_predictor,test_talker_idB23.SPA.SPA,-0.895629092528775,0.438365989248149,-2.04310807520649,0.0410417407151643,-1.75482643145515,-0.0364317536024027
B23,cnn_2,cv_train,2.0,M_predictor,test_talker_idB23.TUR.TUR,-1.82965303887578,0.437808582981744,-4.17911642210102,2.92643854841701e-05,-2.68775786152,-0.971548216231565
B23,cnn_2,full,,M_condition,(Intercept),2.18060578382736,0.337183932182613,6.4671106055148,9.98945339572343e-11,1.51972527674944,2.84148629090528
B23,cnn_2,full,,M_condition,condition_idB23.b_FAR,0.219459773419322,0.21863077333374,1.00379178133499,0.315478986660558,-0.209056542314809,0.647976089153453
B23,cnn_2,full,,M_condition,condition_idB23.b_SPA,0.0306613427995432,0.216062874661327,0.141909353226944,0.887151606284051,-0.392821891536658,0.454144577135745
B23,cnn_2,full,,M_condition,condition_idB23.b_TUR,-0.208652787773096,0.221102742744799,-0.943691539882556,0.345327298496538,-0.642014163552901,0.224708588006709
B23,cnn_2,full,,M_condition,condition_idB23.c_noBRP,0.131172469169352,0.216087517532169,0.607033995611637,0.543828351534706,-0.292359065193699,0.554704003532403
B23,cnn_2,full,,M_condition,condition_idB23.c_noFAR,0.0577975298705554,0.22136041238186,0.261101473604283,0.79401425531638,-0.37606887839789,0.491663938139001
B23,cnn_2,full,,M_condition,condition_idB23.c_noSPA,-0.0528976613758024,0.218461354897239,-0.24213738581217,0.80867371027617,-0.481081916974392,0.375286594222787
B23,cnn_2,full,,M_condition,condition_idB23.c_noTUR,0.291153405376378,0.218634789709233,1.3316883637942,0.182962614526647,-0.137370782453718,0.719677593206475
B23,cnn_2,full,,M_condition,test_talker_idB23.FAR.FAR,-0.864653890122331,0.423351602657195,-2.04240136259146,0.0411117347058313,-1.69442303133043,-0.0348847489142297
B23,cnn_2,full,,M_condition,test_talker_idB23.SPA.SPA,-0.833439361276816,0.423682527639182,-1.96713177180295,0.049168021249077,-1.66385711544961,-0.0030216071040195
B23,cnn_2,full,,M_condition,test_talker_idB23.TUR.TUR,-1.76721241428133,0.423052861762388,-4.17728509605001,2.95009169000889e-05,-2.59639602333561,-0.93802880522705
B23,cnn_2,full,,M_joint,(Intercept),2.1788093975476,0.338170248742177,6.44293637790927,1.17183827653879e-10,1.51599571001293,2.84162308508227
B23,cnn_2,full,,M_joint,condition_idB23.b_FAR,0.218160654571845,0.218689505830028,0.99758172548712,0.318482226190757,-0.21047077685501,0.6467920859987
B23,cnn_2,full,,M_joint,condition_idB23.b_SPA,0.0337677324278856,0.216193438302583,0.156192216993304,0.875881511383971,-0.389971406645177,0.457506871500948
B23,cnn_2,full,,M_joint,condition_idB23.b_TUR,-0.211684700173751,0.221223917784089,-0.95687980890182,0.33862792350643,-0.645283579030566,0.221914178683064
B23,cnn_2,full,,M_joint,condition_idB23.c_noBRP,0.13042697147139,0.216189802628491,0.60329844370838,0.546310168092645,-0.293305041680452,0.554158984623233
B23,cnn_2,full,,M_joint,condition_idB23.c_noFAR,0.0575905245100015,0.221419142451899,0.260097315310091,0.794788708752907,-0.376390994695721,0.491572043715724
B23,cnn_2,full,,M_joint,condition_idB23.c_noSPA,-0.0545452670825592,0.218565685127447,-0.249560067266522,0.802927583256026,-0.482934009932355,0.373843475767237
B23,cnn_2,full,,M_joint,condition_idB23.c_noTUR,0.291839173091472,0.218800624996218,1.33381325166012,0.182265066932556,-0.137010051901116,0.72068839808406
B23,cnn_2,full,,M_joint,similarity_z,0.0142382007470067,0.0116630573214369,1.22079488718937,0.222163690133422,-0.0086213916030095,0.0370977930970231
B23,cnn_2,full,,M_joint,test_talker_idB23.FAR.FAR,-0.862638213770434,0.424303994473598,-2.0330664452986,0.0420458104742555,-1.69427404293869,-0.0310023846021812
B23,cnn_2,full,,M_joint,test_talker_idB23.SPA.SPA,-0.827572861414938,0.424555098211035,-1.94927081291007,0.0512630922357418,-1.65970085390857,0.0045551310786901
B23,cnn_2,full,,M_joint,test_talker_idB23.TUR.TUR,-1.76590988271728,0.42404596620519,-4.16443032938269,3.12130918667699e-05,-2.59703997647946,-0.934779788955109
B23,cnn_2,full,,M_null,(Intercept),2.24108979059246,0.305979867196128,7.32430473654646,2.4014043763118797e-13,1.64136925088805,2.84081033029687
B23,cnn_2,full,,M_null,test_talker_idB23.FAR.FAR,-0.864602202509169,0.424336893261325,-2.03753719329964,0.041596238694903,-1.69630251330137,-0.0329018917169729
B23,cnn_2,full,,M_null,test_talker_idB23.SPA.SPA,-0.833382686419152,0.424839017949634,-1.96164347248809,0.0498040072666257,-1.66606716160043,-0.0006982112378695
B23,cnn_2,full,,M_null,test_talker_idB23.TUR.TUR,-1.76718310194618,0.424271418135367,-4.16521836354846,3.11054698894217e-05,-2.5987550814915,-0.935611122400858
B23,cnn_2,full,,M_predictor,(Intercept),2.23901776654714,0.306242435009134,7.31125902417922,2.64650802393695e-13,1.63878259392924,2.83925293916505
B23,cnn_2,full,,M_predictor,similarity_z,0.0139333247102716,0.0116600093525404,1.19496685542846,0.232099980104502,-0.0089202936207074,0.0367869430412508
B23,cnn_2,full,,M_predictor,test_talker_idB23.FAR.FAR,-0.862725060374253,0.424984010578327,-2.03001769219562,0.0423547409448242,-1.69569372110777,-0.0297563996407321
B23,cnn_2,full,,M_predictor,test_talker_idB23.SPA.SPA,-0.82770915448258,0.425104218732933,-1.94707348929552,0.0515259248033735,-1.66091342319913,0.0054951142339695
B23,cnn_2,full,,M_predictor,test_talker_idB23.TUR.TUR,-1.765897137223,0.424515119862877,-4.15979797796932,3.1852921082129e-05,-2.59794677215424,-0.93384750229176
B23,cnn_3,cv_train,0.0,M_condition,(Intercept),2.00748489855931,0.342756884363664,5.85687695897414,4.71652291020682e-09,1.33568140520652,2.67928839191209
B23,cnn_3,cv_train,0.0,M_condition,condition_idB23.b_FAR,0.386983691503391,0.238994404892281,1.61921653219376,0.10540068214423,-0.0814453420854793,0.855412725092262
B23,cnn_3,cv_train,0.0,M_condition,condition_idB23.b_SPA,0.343234271771975,0.239072918682451,1.43568863283874,0.151090961213782,-0.125348648845629,0.811817192389579
B23,cnn_3,cv_train,0.0,M_condition,condition_idB23.b_TUR,-0.181478345976765,0.243097187673419,-0.746525896550338,0.455349793999303,-0.657948833816666,0.294992141863136
B23,cnn_3,cv_train,0.0,M_condition,condition_idB23.c_noBRP,0.211358408383549,0.234912581651848,0.899732176528511,0.368262795621399,-0.249070251654074,0.671787068421172
B23,cnn_3,cv_train,0.0,M_condition,condition_idB23.c_noFAR,0.227840232438111,0.238999663172525,0.953307755390607,0.340434163220042,-0.240599107380038,0.69627957225626
B23,cnn_3,cv_train,0.0,M_condition,condition_idB23.c_noSPA,-0.025597509651364,0.238806415266908,-0.107189371871582,0.914638746869281,-0.493658083574504,0.442463064271776
B23,cnn_3,cv_train,0.0,M_condition,condition_idB23.c_noTUR,0.461894153641182,0.239182784218596,1.93113461384848,0.0534664074399966,-0.0069041034272661,0.93069241070963
B23,cnn_3,cv_train,0.0,M_condition,test_talker_idB23.FAR.FAR,-0.760446494286919,0.421331710660541,-1.80486413684537,0.0710959450002022,-1.58625664718158,0.0653636586077416
B23,cnn_3,cv_train,0.0,M_condition,test_talker_idB23.SPA.SPA,-0.765126993980093,0.421683371414569,-1.81445853891135,0.0696071603680536,-1.59162640195265,0.0613724139924636
B23,cnn_3,cv_train,0.0,M_condition,test_talker_idB23.TUR.TUR,-1.70062953509264,0.421121006537777,-4.03833935778761,5.38309386714887e-05,-2.52602670790668,-0.875232362278597
B23,cnn_3,cv_train,0.0,M_joint,(Intercept),1.99703438116886,0.342810748709762,5.8254718928304,5.69514442801537e-09,1.32512531369773,2.66894344864
B23,cnn_3,cv_train,0.0,M_joint,condition_idB23.b_FAR,0.380623130316848,0.239008090677539,1.59251148878625,0.111269823742923,-0.0878327274111291,0.849078988044825
B23,cnn_3,cv_train,0.0,M_joint,condition_idB23.b_SPA,0.3553533799422,0.239128951925094,1.48603244016021,0.137270540571209,-0.113339365830983,0.824046125715383
B23,cnn_3,cv_train,0.0,M_joint,condition_idB23.b_TUR,-0.181594487660005,0.243102836691578,-0.746986296545738,0.455071832676768,-0.658076047575498,0.294887072255488
B23,cnn_3,cv_train,0.0,M_joint,condition_idB23.c_noBRP,0.211991186018276,0.234905603907519,0.902452655415306,0.366816460659068,-0.24842379764046,0.672406169677012
B23,cnn_3,cv_train,0.0,M_joint,condition_idB23.c_noFAR,0.23096359896821,0.238966423261781,0.966510674661587,0.333788708048874,-0.237410590624881,0.699337788561301
B23,cnn_3,cv_train,0.0,M_joint,condition_idB23.c_noSPA,-0.0284377261700556,0.238781517890878,-0.119095172948233,0.905199954956104,-0.496449501236177,0.439574048896065
B23,cnn_3,cv_train,0.0,M_joint,condition_idB23.c_noTUR,0.464164487941794,0.23919195330135,1.94055226998798,0.0523126082682237,-0.0046517405288525,0.93298071641244
B23,cnn_3,cv_train,0.0,M_joint,similarity_z,0.0358883932880164,0.0144192327313779,2.48892530945278,0.0128129880642638,0.0076266971345157,0.0641500894415171
B23,cnn_3,cv_train,0.0,M_joint,test_talker_idB23.FAR.FAR,-0.756418422967433,0.421323305770428,-1.79533961831106,0.0725996064538412,-1.58221210227747,0.0693752563426057
B23,cnn_3,cv_train,0.0,M_joint,test_talker_idB23.SPA.SPA,-0.741796332605717,0.421464462002404,-1.76004479495471,0.0784002117678254,-1.56786667813043,0.0842740129189937
B23,cnn_3,cv_train,0.0,M_joint,test_talker_idB23.TUR.TUR,-1.68789136292427,0.420931481933722,-4.00989575588466,6.0745560089298e-05,-2.51291706751436,-0.862865658334176
B23,cnn_3,cv_train,0.0,M_null,(Intercept),2.18907379585421,0.305726684513404,7.16023136592851,8.05410117158341e-13,1.58984949420793,2.78829809750048
B23,cnn_3,cv_train,0.0,M_null,test_talker_idB23.FAR.FAR,-0.760447190620079,0.421975714644283,-1.80211126903623,0.0715279010723657,-1.58751959132287,0.0666252100827158
B23,cnn_3,cv_train,0.0,M_null,test_talker_idB23.SPA.SPA,-0.76511909673249,0.422439758126726,-1.81119102076317,0.0701112876717585,-1.59310102266087,0.0628628291958923
B23,cnn_3,cv_train,0.0,M_null,test_talker_idB23.TUR.TUR,-1.7006432473343,0.421876448779009,-4.03114052053933,5.55068435571194e-05,-2.52752108694115,-0.873765407727439
B23,cnn_3,cv_train,0.0,M_predictor,(Intercept),2.17978245273765,0.305377787174994,7.13798627235628,9.47080870818064e-13,1.58124198987466,2.77832291560064
B23,cnn_3,cv_train,0.0,M_predictor,similarity_z,0.0354690411855272,0.0144078442868289,2.46178682108272,0.0138246810111567,0.0072296663833426,0.0637084159877118
B23,cnn_3,cv_train,0.0,M_predictor,test_talker_idB23.FAR.FAR,-0.756376577154283,0.421471979220705,-1.79460703070418,0.0727163321859321,-1.58246165642686,0.0697085021182982
B23,cnn_3,cv_train,0.0,M_predictor,test_talker_idB23.SPA.SPA,-0.742081967722265,0.421893318981201,-1.75893273094313,0.0785889349769045,-1.56899287292542,0.0848289374808894
B23,cnn_3,cv_train,0.0,M_predictor,test_talker_idB23.TUR.TUR,-1.6879525601304,0.421336690129064,-4.00618460170972,6.17074285819932e-05,-2.51377247278336,-0.862132647477431
B23,cnn_3,cv_train,1.0,M_condition,(Intercept),2.25440598016249,0.350937368872758,6.42395532685461,1.32778184538988e-10,1.56656873717189,2.9422432231531
B23,cnn_3,cv_train,1.0,M_condition,condition_idB23.b_FAR,0.145322203100781,0.273879580126126,0.530606199388279,0.595691698805146,-0.391481773946425,0.682126180147988
B23,cnn_3,cv_train,1.0,M_condition,condition_idB23.b_SPA,-0.130528084296681,0.269278050278999,-0.484733472191442,0.627865419680558,-0.65831306284352,0.397256894250158
B23,cnn_3,cv_train,1.0,M_condition,condition_idB23.b_TUR,-0.321196305355225,0.278923507764818,-1.15155695527123,0.249503178166237,-0.867886380574268,0.225493769863818
B23,cnn_3,cv_train,1.0,M_condition,condition_idB23.c_noBRP,-0.0131030674369056,0.269197428319519,-0.0486745639388247,0.961178646877878,-0.540730026943162,0.514523892069351
B23,cnn_3,cv_train,1.0,M_condition,condition_idB23.c_noFAR,0.0043706281280715,0.279165474273703,0.0156560482253132,0.987508791130466,-0.542793701448386,0.551534957704529
B23,cnn_3,cv_train,1.0,M_condition,condition_idB23.c_noSPA,-0.102219854912487,0.273754749293229,-0.373399384581985,0.70885121746611,-0.638779163527217,0.434339453702242
B23,cnn_3,cv_train,1.0,M_condition,condition_idB23.c_noTUR,0.0605123201125062,0.273796731376744,0.221011842647754,0.825083211880674,-0.476129273385912,0.597153913610924
B23,cnn_3,cv_train,1.0,M_condition,test_talker_idB23.FAR.FAR,-0.853410726870499,0.412799109536467,-2.06737540647507,0.0386987938054192,-1.66249698156197,-0.0443244721790241
B23,cnn_3,cv_train,1.0,M_condition,test_talker_idB23.SPA.SPA,-0.818457175674713,0.413257767448686,-1.98050040469316,0.047647327916087,-1.62844239987414,-0.0084719514752886
B23,cnn_3,cv_train,1.0,M_condition,test_talker_idB23.TUR.TUR,-1.74918314778374,0.412796931608843,-4.23739377365631,2.26129346321337e-05,-2.55826513373707,-0.940101161830411
B23,cnn_3,cv_train,1.0,M_joint,(Intercept),2.25294300046806,0.351173585158584,6.41546829170159,1.4039063431002001e-10,1.56464277355724,2.94124322737889
B23,cnn_3,cv_train,1.0,M_joint,condition_idB23.b_FAR,0.143946842733993,0.273941140993871,0.525466318099382,0.599259061892545,-0.392977793613994,0.680871479081981
B23,cnn_3,cv_train,1.0,M_joint,condition_idB23.b_SPA,-0.128697244633519,0.269254787577416,-0.477975696519475,0.632667503058357,-0.656436628285255,0.399042139018217
B23,cnn_3,cv_train,1.0,M_joint,condition_idB23.b_TUR,-0.321490056559342,0.278845534884246,-1.15293241719936,0.248938125090483,-0.868027304932464,0.22504719181378
B23,cnn_3,cv_train,1.0,M_joint,condition_idB23.c_noBRP,-0.0131594289541721,0.269256030548548,-0.048873293301408,0.961020272278392,-0.540901248829327,0.514582390920983
B23,cnn_3,cv_train,1.0,M_joint,condition_idB23.c_noFAR,0.0047644860617408,0.279173995954538,0.0170663676803077,0.986383669706222,-0.542416546009153,0.551945518132635
B23,cnn_3,cv_train,1.0,M_joint,condition_idB23.c_noSPA,-0.102875088806374,0.273739342649439,-0.375814041966631,0.707055147813832,-0.639404200399275,0.433654022786527
B23,cnn_3,cv_train,1.0,M_joint,condition_idB23.c_noTUR,0.0606539444916724,0.273791819733805,0.221533077761941,0.824677384012146,-0.475978022186584,0.597285911169929
B23,cnn_3,cv_train,1.0,M_joint,similarity_z,0.0062219493891252,0.0143889452600882,0.432411777003809,0.665442160089868,-0.0219803833206476,0.0344242820988981
B23,cnn_3,cv_train,1.0,M_joint,test_talker_idB23.FAR.FAR,-0.852837859611944,0.413080686264304,-2.0645793617818,0.0389628176776173,-1.66247600468998,-0.0431997145339084
B23,cnn_3,cv_train,1.0,M_joint,test_talker_idB23.SPA.SPA,-0.815110785460587,0.413449998741796,-1.97148576113464,0.0486683400948354,-1.62547278299451,-0.0047487879266672
B23,cnn_3,cv_train,1.0,M_joint,test_talker_idB23.TUR.TUR,-1.74705651633148,0.413054280634865,-4.22960515902716,2.34101828869807e-05,-2.55664290637581,-0.937470126287142
B23,cnn_3,cv_train,1.0,M_null,(Intercept),2.21137986358032,0.30107111269375,7.34504165409497,2.05695029820999e-13,1.62128048270057,2.80147924446007
B23,cnn_3,cv_train,1.0,M_null,test_talker_idB23.FAR.FAR,-0.853347171730907,0.413217215040087,-2.0651297687298,0.0389107234363262,-1.66325291320948,-0.0434414302523362
B23,cnn_3,cv_train,1.0,M_null,test_talker_idB23.SPA.SPA,-0.818407797937475,0.413407027139635,-1.97966590843905,0.0477410817287982,-1.62868557113116,-0.0081300247437899
B23,cnn_3,cv_train,1.0,M_null,test_talker_idB23.TUR.TUR,-1.74912813156434,0.412908432822166,-4.23611627306646,2.27419045650166e-05,-2.55842865989579,-0.939827603232899
B23,cnn_3,cv_train,1.0,M_predictor,(Intercept),2.20984925107664,0.301250911332638,7.3355769823267,2.2076829703761799e-13,1.61939746486467,2.80030103728861
B23,cnn_3,cv_train,1.0,M_predictor,similarity_z,0.0064565067195998,0.0143862355434326,0.448797512045968,0.653577733659253,-0.021740514945528,0.0346535283847277
B23,cnn_3,cv_train,1.0,M_predictor,test_talker_idB23.FAR.FAR,-0.852739286675507,0.413256389434271,-2.06346304250218,0.0390686556381274,-1.66272180996668,-0.0427567633843349
B23,cnn_3,cv_train,1.0,M_predictor,test_talker_idB23.SPA.SPA,-0.81492161756033,0.413662155158857,-1.97001733757196,0.0488363835772501,-1.62569944167169,-0.0041437934489709
B23,cnn_3,cv_train,1.0,M_predictor,test_talker_idB23.TUR.TUR,-1.74685926849004,0.413154798831919,-4.22809870157338,2.35674408156342e-05,-2.5566426742006,-0.937075862779484
B23,cnn_3,cv_train,2.0,M_condition,(Intercept),2.25956318922655,0.36988033873519,6.1089032116526,1.00318139371422e-09,1.53459772530558,2.98452865314753
B23,cnn_3,cv_train,2.0,M_condition,condition_idB23.b_FAR,0.126385312005064,0.284240311851811,0.44464246180167,0.656578156479811,-0.430725699224486,0.683496323234614
B23,cnn_3,cv_train,2.0,M_condition,condition_idB23.b_SPA,-0.106944748617129,0.279462373504611,-0.382680313188439,0.701956813144138,-0.654691000686166,0.440801503451908
B23,cnn_3,cv_train,2.0,M_condition,condition_idB23.b_TUR,-0.129749549641328,0.284177660761746,-0.456578991091457,0.647973682577587,-0.686737764734351,0.427238665451694
B23,cnn_3,cv_train,2.0,M_condition,condition_idB23.c_noBRP,0.200493365665119,0.284314120414612,0.705182582464572,0.480696619098274,-0.35676231034752,0.757749041677758
B23,cnn_3,cv_train,2.0,M_condition,condition_idB23.c_noFAR,-0.0643104247359493,0.28976610251685,-0.221939088724878,0.824361300847866,-0.632251985668976,0.503631136197077
B23,cnn_3,cv_train,2.0,M_condition,condition_idB23.c_noSPA,-0.0318180958021801,0.284263991097178,-0.111931503105164,0.910877717686124,-0.588975518352648,0.525339326748288
B23,cnn_3,cv_train,2.0,M_condition,condition_idB23.c_noTUR,0.351659945192766,0.284515615279904,1.23599523648924,0.21646033431962,-0.205990660755845,0.909310551141378
B23,cnn_3,cv_train,2.0,M_condition,test_talker_idB23.FAR.FAR,-0.953238894680362,0.43761256038328,-2.17827133171286,0.0293858421923343,-1.81095951303159,-0.095518276329134
B23,cnn_3,cv_train,2.0,M_condition,test_talker_idB23.SPA.SPA,-0.897517081197998,0.437925108522126,-2.0494761860695,0.0404155741415428,-1.75585029390137,-0.0391838684946312
B23,cnn_3,cv_train,2.0,M_condition,test_talker_idB23.TUR.TUR,-1.8301009522651,0.437479942747255,-4.18327967397216,2.87333552174783e-05,-2.68756164004972,-0.972640264480478
B23,cnn_3,cv_train,2.0,M_joint,(Intercept),2.25775090584175,0.369889594226726,6.10385082760087,1.03542930092369e-09,1.53276730115737,2.98273451052613
B23,cnn_3,cv_train,2.0,M_joint,condition_idB23.b_FAR,0.124745587008946,0.284300873167138,0.438780175450286,0.660820826276652,-0.432484124398644,0.681975298416537
B23,cnn_3,cv_train,2.0,M_joint,condition_idB23.b_SPA,-0.104784209265829,0.279560988141645,-0.374816994182102,0.707796574615279,-0.652723746023453,0.443155327491794
B23,cnn_3,cv_train,2.0,M_joint,condition_idB23.b_TUR,-0.130254242280812,0.284280369938439,-0.458189365340345,0.646816399569517,-0.687443767360153,0.426935282798529
B23,cnn_3,cv_train,2.0,M_joint,condition_idB23.c_noBRP,0.200354234111049,0.284443827734482,0.704371881460098,0.481201212253438,-0.357155668248536,0.757864136470634
B23,cnn_3,cv_train,2.0,M_joint,condition_idB23.c_noFAR,-0.0638354224081917,0.289821966049692,-0.220257364471976,0.825670722994522,-0.631886475865588,0.504215631049205
B23,cnn_3,cv_train,2.0,M_joint,condition_idB23.c_noSPA,-0.0325953631687975,0.284340329949286,-0.114635033217451,0.908734410253203,-0.589902409869398,0.524711683531803
B23,cnn_3,cv_train,2.0,M_joint,condition_idB23.c_noTUR,0.351929956369343,0.284575186336638,1.23668532348083,0.216203929459959,-0.205837408850467,0.909697321589153
B23,cnn_3,cv_train,2.0,M_joint,similarity_z,0.007456493637727,0.0143174734458798,0.52079674992328,0.602508367409051,-0.0206057543161973,0.0355187415916514
B23,cnn_3,cv_train,2.0,M_joint,test_talker_idB23.FAR.FAR,-0.952437955483585,0.437384901803195,-2.17757392072062,0.029437772892269,-1.80971236301785,-0.0951635479493235
B23,cnn_3,cv_train,2.0,M_joint,test_talker_idB23.SPA.SPA,-0.893407984475227,0.437809783076077,-2.04063047243506,0.0412875709362609,-1.75151515930434,-0.0353008096461158
B23,cnn_3,cv_train,2.0,M_joint,test_talker_idB23.TUR.TUR,-1.82757461674366,0.43727293070132,-4.17948262613125,2.92173038778889e-05,-2.68462956091825,-0.970519672569072
B23,cnn_3,cv_train,2.0,M_null,(Intercept),2.30246861745784,0.319605296451439,7.20410031692851,5.84283396432581e-13,1.67604223641302,2.92889499850267
B23,cnn_3,cv_train,2.0,M_null,test_talker_idB23.FAR.FAR,-0.953195504564811,0.438381672310799,-2.17435071940924,0.0296788060711275,-1.81242358229398,-0.0939674268356454
B23,cnn_3,cv_train,2.0,M_null,test_talker_idB23.SPA.SPA,-0.897463323070555,0.438695014092122,-2.04575683388573,0.0407803009449926,-1.75730555069111,-0.0376210954499965
B23,cnn_3,cv_train,2.0,M_null,test_talker_idB23.TUR.TUR,-1.83005815454503,0.438097534047239,-4.17728476496673,2.95009598261522e-05,-2.68872932127762,-0.971386987812439
B23,cnn_3,cv_train,2.0,M_predictor,(Intercept),2.30057598004274,0.319257700781526,7.20601562440329,5.76127953604949e-13,1.67483088651095,2.92632107357453
B23,cnn_3,cv_train,2.0,M_predictor,similarity_z,0.0076623658650598,0.014318759575496,0.535127768900643,0.592561509145651,-0.0204024029029122,0.035727134633032
B23,cnn_3,cv_train,2.0,M_predictor,test_talker_idB23.FAR.FAR,-0.952326250019226,0.437915535055421,-2.17468021521252,0.0296540885210036,-1.81064069872785,-0.0940118013106021
B23,cnn_3,cv_train,2.0,M_predictor,test_talker_idB23.SPA.SPA,-0.893204297221908,0.438293650264951,-2.03791293047928,0.041558641221153,-1.75225985174121,-0.0341487427026045
B23,cnn_3,cv_train,2.0,M_predictor,test_talker_idB23.TUR.TUR,-1.82742861922894,0.437634983190902,-4.17569136247911,2.97082389544408e-05,-2.68519318628311,-0.969664052174772
B23,cnn_3,full,,M_condition,(Intercept),2.18060578382736,0.337183932182613,6.4671106055148,9.98945339572343e-11,1.51972527674944,2.84148629090528
B23,cnn_3,full,,M_condition,condition_idB23.b_FAR,0.219459773419322,0.21863077333374,1.00379178133499,0.315478986660558,-0.209056542314809,0.647976089153453
B23,cnn_3,full,,M_condition,condition_idB23.b_SPA,0.0306613427995432,0.216062874661327,0.141909353226944,0.887151606284051,-0.392821891536658,0.454144577135745
B23,cnn_3,full,,M_condition,condition_idB23.b_TUR,-0.208652787773096,0.221102742744799,-0.943691539882556,0.345327298496538,-0.642014163552901,0.224708588006709
B23,cnn_3,full,,M_condition,condition_idB23.c_noBRP,0.131172469169352,0.216087517532169,0.607033995611637,0.543828351534706,-0.292359065193699,0.554704003532403
B23,cnn_3,full,,M_condition,condition_idB23.c_noFAR,0.0577975298705554,0.22136041238186,0.261101473604283,0.79401425531638,-0.37606887839789,0.491663938139001
B23,cnn_3,full,,M_condition,condition_idB23.c_noSPA,-0.0528976613758024,0.218461354897239,-0.24213738581217,0.80867371027617,-0.481081916974392,0.375286594222787
B23,cnn_3,full,,M_condition,condition_idB23.c_noTUR,0.291153405376378,0.218634789709233,1.3316883637942,0.182962614526647,-0.137370782453718,0.719677593206475
B23,cnn_3,full,,M_condition,test_talker_idB23.FAR.FAR,-0.864653890122331,0.423351602657195,-2.04240136259146,0.0411117347058313,-1.69442303133043,-0.0348847489142297
B23,cnn_3,full,,M_condition,test_talker_idB23.SPA.SPA,-0.833439361276816,0.423682527639182,-1.96713177180295,0.049168021249077,-1.66385711544961,-0.0030216071040195
B23,cnn_3,full,,M_condition,test_talker_idB23.TUR.TUR,-1.76721241428133,0.423052861762388,-4.17728509605001,2.95009169000889e-05,-2.59639602333561,-0.93802880522705
B23,cnn_3,full,,M_joint,(Intercept),2.17640828488327,0.337818276975174,6.44254154739891,1.17489186815257e-10,1.51428446201193,2.83853210775461
B23,cnn_3,full,,M_joint,condition_idB23.b_FAR,0.216111858331591,0.218727503911558,0.988041533263117,0.323132307762866,-0.212594049335064,0.644817765998245
B23,cnn_3,full,,M_joint,condition_idB23.b_SPA,0.0356247209116411,0.216257151834522,0.164733145745399,0.869154026846928,-0.388239296684022,0.459488738507304
B23,cnn_3,full,,M_joint,condition_idB23.b_TUR,-0.209283655040727,0.221220954061085,-0.946039022067225,0.344128683445501,-0.642876725000454,0.224309414918999
B23,cnn_3,full,,M_joint,condition_idB23.c_noBRP,0.131103018486819,0.216186764518041,0.606434065374424,0.544226553339159,-0.292623039968542,0.55482907694218
B23,cnn_3,full,,M_joint,condition_idB23.c_noFAR,0.0589594332150999,0.221407361846658,0.266293915086409,0.790012859028852,-0.37499899600435,0.49291786243455
B23,cnn_3,full,,M_joint,condition_idB23.c_noSPA,-0.0544535831789233,0.218597404110736,-0.249104436534564,0.803279997754898,-0.482904495235967,0.37399732887812
B23,cnn_3,full,,M_joint,condition_idB23.c_noTUR,0.291817819749857,0.218795546139045,1.33374661824426,0.182286911022055,-0.137021450682672,0.720657090182386
B23,cnn_3,full,,M_joint,similarity_z,0.0162670876942045,0.0117305024502774,1.38673409456726,0.165522860101612,-0.0067246971083391,0.0392588724967482
B23,cnn_3,full,,M_joint,test_talker_idB23.FAR.FAR,-0.862899993051778,0.424053269665607,-2.03488583812177,0.0418623612873997,-1.69404440159637,-0.0317555845071876
B23,cnn_3,full,,M_joint,test_talker_idB23.SPA.SPA,-0.82401968366757,0.4242149689965,-1.94245781947965,0.052081701543468,-1.65548102290071,0.0074416555655693
B23,cnn_3,full,,M_joint,test_talker_idB23.TUR.TUR,-1.76152597835943,0.423949280124597,-4.15503943736317,3.25231440464495e-05,-2.59246656740364,-0.930585389315217
B23,cnn_3,full,,M_null,(Intercept),2.24108979059246,0.305979867196128,7.32430473654646,2.4014043763118797e-13,1.64136925088805,2.84081033029687
B23,cnn_3,full,,M_null,test_talker_idB23.FAR.FAR,-0.864602202509169,0.424336893261325,-2.03753719329964,0.041596238694903,-1.69630251330137,-0.0329018917169729
B23,cnn_3,full,,M_null,test_talker_idB23.SPA.SPA,-0.833382686419152,0.424839017949634,-1.96164347248809,0.0498040072666257,-1.66606716160043,-0.0006982112378695
B23,cnn_3,full,,M_null,test_talker_idB23.TUR.TUR,-1.76718310194618,0.424271418135367,-4.16521836354846,3.11054698894217e-05,-2.5987550814915,-0.935611122400858
B23,cnn_3,full,,M_predictor,(Intercept),2.23704011467749,0.305620688168009,7.31966192500594,2.48596445558748e-13,1.63802356586819,2.83605666348679
B23,cnn_3,full,,M_predictor,similarity_z,0.0163217017778138,0.01172818808178,1.3916643955574,0.16402404875725,-0.0066655468624749,0.0393089504181025
B23,cnn_3,full,,M_predictor,test_talker_idB23.FAR.FAR,-0.862840041202023,0.423731356508297,-2.03629027672661,0.0417212156187104,-1.69335349995829,-0.0323265824457599
B23,cnn_3,full,,M_predictor,test_talker_idB23.SPA.SPA,-0.823899788160692,0.424414389279093,-1.94126261732116,0.0522264313902098,-1.65575199114771,0.0079524148263299
B23,cnn_3,full,,M_predictor,test_talker_idB23.TUR.TUR,-1.76145097632556,0.423513459414049,-4.15913812695024,3.19450686290467e-05,-2.5915373567771,-0.931364595874028
B23,cnn_4,cv_train,0.0,M_condition,(Intercept),2.00748489855931,0.342756884363664,5.85687695897414,4.71652291020682e-09,1.33568140520652,2.67928839191209
B23,cnn_4,cv_train,0.0,M_condition,condition_idB23.b_FAR,0.386983691503391,0.238994404892281,1.61921653219376,0.10540068214423,-0.0814453420854793,0.855412725092262
B23,cnn_4,cv_train,0.0,M_condition,condition_idB23.b_SPA,0.343234271771975,0.239072918682451,1.43568863283874,0.151090961213782,-0.125348648845629,0.811817192389579
B23,cnn_4,cv_train,0.0,M_condition,condition_idB23.b_TUR,-0.181478345976765,0.243097187673419,-0.746525896550338,0.455349793999303,-0.657948833816666,0.294992141863136
B23,cnn_4,cv_train,0.0,M_condition,condition_idB23.c_noBRP,0.211358408383549,0.234912581651848,0.899732176528511,0.368262795621399,-0.249070251654074,0.671787068421172
B23,cnn_4,cv_train,0.0,M_condition,condition_idB23.c_noFAR,0.227840232438111,0.238999663172525,0.953307755390607,0.340434163220042,-0.240599107380038,0.69627957225626
B23,cnn_4,cv_train,0.0,M_condition,condition_idB23.c_noSPA,-0.025597509651364,0.238806415266908,-0.107189371871582,0.914638746869281,-0.493658083574504,0.442463064271776
B23,cnn_4,cv_train,0.0,M_condition,condition_idB23.c_noTUR,0.461894153641182,0.239182784218596,1.93113461384848,0.0534664074399966,-0.0069041034272661,0.93069241070963
B23,cnn_4,cv_train,0.0,M_condition,test_talker_idB23.FAR.FAR,-0.760446494286919,0.421331710660541,-1.80486413684537,0.0710959450002022,-1.58625664718158,0.0653636586077416
B23,cnn_4,cv_train,0.0,M_condition,test_talker_idB23.SPA.SPA,-0.765126993980093,0.421683371414569,-1.81445853891135,0.0696071603680536,-1.59162640195265,0.0613724139924636
B23,cnn_4,cv_train,0.0,M_condition,test_talker_idB23.TUR.TUR,-1.70062953509264,0.421121006537777,-4.03833935778761,5.38309386714887e-05,-2.52602670790668,-0.875232362278597
B23,cnn_4,cv_train,0.0,M_joint,(Intercept),1.99497313227089,0.343296062454561,5.81123220000505,6.201467576888581e-09,1.32211284985995,2.66783341468183
B23,cnn_4,cv_train,0.0,M_joint,condition_idB23.b_FAR,0.381782279795185,0.23920950290813,1.59601635868877,0.110485141077429,-0.0870683459047504,0.850632905495121
B23,cnn_4,cv_train,0.0,M_joint,condition_idB23.b_SPA,0.356799734245473,0.239289503715799,1.49107975362446,0.135940557218296,-0.112207693037494,0.825807161528439
B23,cnn_4,cv_train,0.0,M_joint,condition_idB23.b_TUR,-0.179256741542533,0.243252328505714,-0.736916857666676,0.461172911794354,-0.656031305413732,0.297517822328666
B23,cnn_4,cv_train,0.0,M_joint,condition_idB23.c_noBRP,0.213634695151022,0.235106492686783,0.90867203499834,0.363523269891108,-0.247174030515073,0.674443420817117
B23,cnn_4,cv_train,0.0,M_joint,condition_idB23.c_noFAR,0.232197269995212,0.239161010910933,0.970882624683692,0.331606731504786,-0.236558311390217,0.700952851380641
B23,cnn_4,cv_train,0.0,M_joint,condition_idB23.c_noSPA,-0.027255868604269,0.238938180439428,-0.114070796697887,0.909181671945283,-0.495574702265547,0.441062965057009
B23,cnn_4,cv_train,0.0,M_joint,condition_idB23.c_noTUR,0.465031591906983,0.239331615461839,1.94304288219344,0.0520109773107288,-0.0040583743982211,0.934121558212187
B23,cnn_4,cv_train,0.0,M_joint,similarity_z,0.0353537521337116,0.0144683617929407,2.44352143246522,0.0145447056619682,0.0069957630195478,0.0637117412478753
B23,cnn_4,cv_train,0.0,M_joint,test_talker_idB23.FAR.FAR,-0.755863807672002,0.421306440791755,-1.79409506831065,0.0727979960823075,-1.58162443162384,0.0698968162798389
B23,cnn_4,cv_train,0.0,M_joint,test_talker_idB23.SPA.SPA,-0.741548168720064,0.421826004129525,-1.75794797253032,0.0787563622123267,-1.56832713681393,0.0852307993738051
B23,cnn_4,cv_train,0.0,M_joint,test_talker_idB23.TUR.TUR,-1.68538092767713,0.421346669203812,-3.99998635532559,6.33461359056199e-05,-2.5112203993166,-0.85954145603766
B23,cnn_4,cv_train,0.0,M_null,(Intercept),2.18907379585421,0.305726684513404,7.16023136592851,8.05410117158341e-13,1.58984949420793,2.78829809750048
B23,cnn_4,cv_train,0.0,M_null,test_talker_idB23.FAR.FAR,-0.760447190620079,0.421975714644283,-1.80211126903623,0.0715279010723657,-1.58751959132287,0.0666252100827158
B23,cnn_4,cv_train,0.0,M_null,test_talker_idB23.SPA.SPA,-0.76511909673249,0.422439758126726,-1.81119102076317,0.0701112876717585,-1.59310102266087,0.0628628291958923
B23,cnn_4,cv_train,0.0,M_null,test_talker_idB23.TUR.TUR,-1.7006432473343,0.421876448779009,-4.03114052053933,5.55068435571194e-05,-2.52752108694115,-0.873765407727439
B23,cnn_4,cv_train,0.0,M_predictor,(Intercept),2.17903876130237,0.305253605246036,7.13845380972997,9.4386576088356e-13,1.58074169502014,2.77733582758461
B23,cnn_4,cv_train,0.0,M_predictor,similarity_z,0.0349616787790202,0.0144567121614183,2.41836998541929,0.0155902158205155,0.0066265229426402,0.0632968346154001
B23,cnn_4,cv_train,0.0,M_predictor,test_talker_idB23.FAR.FAR,-0.755961357874413,0.421269643465119,-1.79448334244147,0.0727360550154829,-1.58164985906605,0.0697271433172206
B23,cnn_4,cv_train,0.0,M_predictor,test_talker_idB23.SPA.SPA,-0.741916860066975,0.421665957393593,-1.75948958425034,0.0784943878347506,-1.56838213655842,0.0845484164244665
B23,cnn_4,cv_train,0.0,M_predictor,test_talker_idB23.TUR.TUR,-1.68555846717516,0.421155954400257,-4.00221924815349,6.27511078925238e-05,-2.51102413779967,-0.860092796550657
B23,cnn_4,cv_train,1.0,M_condition,(Intercept),2.25440598016249,0.350937368872758,6.42395532685461,1.32778184538988e-10,1.56656873717189,2.9422432231531
B23,cnn_4,cv_train,1.0,M_condition,condition_idB23.b_FAR,0.145322203100781,0.273879580126126,0.530606199388279,0.595691698805146,-0.391481773946425,0.682126180147988
B23,cnn_4,cv_train,1.0,M_condition,condition_idB23.b_SPA,-0.130528084296681,0.269278050278999,-0.484733472191442,0.627865419680558,-0.65831306284352,0.397256894250158
B23,cnn_4,cv_train,1.0,M_condition,condition_idB23.b_TUR,-0.321196305355225,0.278923507764818,-1.15155695527123,0.249503178166237,-0.867886380574268,0.225493769863818
B23,cnn_4,cv_train,1.0,M_condition,condition_idB23.c_noBRP,-0.0131030674369056,0.269197428319519,-0.0486745639388247,0.961178646877878,-0.540730026943162,0.514523892069351
B23,cnn_4,cv_train,1.0,M_condition,condition_idB23.c_noFAR,0.0043706281280715,0.279165474273703,0.0156560482253132,0.987508791130466,-0.542793701448386,0.551534957704529
B23,cnn_4,cv_train,1.0,M_condition,condition_idB23.c_noSPA,-0.102219854912487,0.273754749293229,-0.373399384581985,0.70885121746611,-0.638779163527217,0.434339453702242
B23,cnn_4,cv_train,1.0,M_condition,condition_idB23.c_noTUR,0.0605123201125062,0.273796731376744,0.221011842647754,0.825083211880674,-0.476129273385912,0.597153913610924
B23,cnn_4,cv_train,1.0,M_condition,test_talker_idB23.FAR.FAR,-0.853410726870499,0.412799109536467,-2.06737540647507,0.0386987938054192,-1.66249698156197,-0.0443244721790241
B23,cnn_4,cv_train,1.0,M_condition,test_talker_idB23.SPA.SPA,-0.818457175674713,0.413257767448686,-1.98050040469316,0.047647327916087,-1.62844239987414,-0.0084719514752886
B23,cnn_4,cv_train,1.0,M_condition,test_talker_idB23.TUR.TUR,-1.74918314778374,0.412796931608843,-4.23739377365631,2.26129346321337e-05,-2.55826513373707,-0.940101161830411
B23,cnn_4,cv_train,1.0,M_joint,(Intercept),2.25253712580311,0.350970912108419,6.41801655946713,1.38061241826599e-10,1.56463413807061,2.94044011353561
B23,cnn_4,cv_train,1.0,M_joint,condition_idB23.b_FAR,0.144091979491201,0.273829790461085,0.526210019912639,0.598742292923343,-0.392614409812525,0.680798368794928
B23,cnn_4,cv_train,1.0,M_joint,condition_idB23.b_SPA,-0.128425359671685,0.269252820959155,-0.476969411923696,0.633383903154081,-0.656160888751629,0.39931016940826
B23,cnn_4,cv_train,1.0,M_joint,condition_idB23.b_TUR,-0.321118520429649,0.27877212741074,-1.1519032530699,0.249360831324447,-0.867511890154699,0.225274849295402
B23,cnn_4,cv_train,1.0,M_joint,condition_idB23.c_noBRP,-0.0128816019033629,0.26911570248904,-0.0478664075868538,0.961822711550909,-0.540348378781881,0.514585174975155
B23,cnn_4,cv_train,1.0,M_joint,condition_idB23.c_noFAR,0.0049642529522689,0.279033729395533,0.0177908705267387,0.985805687873048,-0.541941856662975,0.551870362567513
B23,cnn_4,cv_train,1.0,M_joint,condition_idB23.c_noSPA,-0.102691923640245,0.273640446550901,-0.375280500140329,0.707451866816508,-0.63902719888001,0.43364335159952
B23,cnn_4,cv_train,1.0,M_joint,condition_idB23.c_noTUR,0.0608222239223026,0.273720298285074,0.222205749092665,0.824153718860215,-0.475669560716442,0.597314008561047
B23,cnn_4,cv_train,1.0,M_joint,similarity_z,0.0062750294424564,0.0144592314864657,0.433980841120782,0.66430235373855,-0.0220650642710162,0.0346151231559292
B23,cnn_4,cv_train,1.0,M_joint,test_talker_idB23.FAR.FAR,-0.852727963519868,0.41296723100315,-2.0648804541912,0.0389343129176755,-1.66214373628604,-0.0433121907536934
B23,cnn_4,cv_train,1.0,M_joint,test_talker_idB23.SPA.SPA,-0.814971153015532,0.41339075996895,-1.97143050095446,0.0486746551572963,-1.62521704255467,-0.0047252634763903
B23,cnn_4,cv_train,1.0,M_joint,test_talker_idB23.TUR.TUR,-1.74650399397053,0.412957028666756,-4.2292632713122,2.34457844478907e-05,-2.55589977015737,-0.93710821778369
B23,cnn_4,cv_train,1.0,M_null,(Intercept),2.21137986358032,0.30107111269375,7.34504165409497,2.05695029820999e-13,1.62128048270057,2.80147924446007
B23,cnn_4,cv_train,1.0,M_null,test_talker_idB23.FAR.FAR,-0.853347171730907,0.413217215040087,-2.0651297687298,0.0389107234363262,-1.66325291320948,-0.0434414302523362
B23,cnn_4,cv_train,1.0,M_null,test_talker_idB23.SPA.SPA,-0.818407797937475,0.413407027139635,-1.97966590843905,0.0477410817287982,-1.62868557113116,-0.0081300247437899
B23,cnn_4,cv_train,1.0,M_null,test_talker_idB23.TUR.TUR,-1.74912813156434,0.412908432822166,-4.23611627306646,2.27419045650166e-05,-2.55842865989579,-0.939827603232899
B23,cnn_4,cv_train,1.0,M_predictor,(Intercept),2.2095907831117,0.300859568183819,7.34425963731254,2.06901146064002e-13,1.61990602947142,2.79927553675199
B23,cnn_4,cv_train,1.0,M_predictor,similarity_z,0.0065722144630721,0.0144562687158262,0.454627303370272,0.649377388608511,-0.0217620722199473,0.0349065011460915
B23,cnn_4,cv_train,1.0,M_predictor,test_talker_idB23.FAR.FAR,-0.852548093412722,0.412770232863233,-2.06543017285649,0.0388823161225915,-1.66157774982466,-0.0435184370007859
B23,cnn_4,cv_train,1.0,M_predictor,test_talker_idB23.SPA.SPA,-0.814684366308239,0.413141997818496,-1.97192338375183,0.0486183534361125,-1.62444268203249,-0.0049260505839875
B23,cnn_4,cv_train,1.0,M_predictor,test_talker_idB23.TUR.TUR,-1.74626956417958,0.412846054641837,-4.22983226930569,2.33865618084807e-05,-2.55544783127758,-0.937091297081583
B23,cnn_4,cv_train,2.0,M_condition,(Intercept),2.25956318922655,0.36988033873519,6.1089032116526,1.00318139371422e-09,1.53459772530558,2.98452865314753
B23,cnn_4,cv_train,2.0,M_condition,condition_idB23.b_FAR,0.126385312005064,0.284240311851811,0.44464246180167,0.656578156479811,-0.430725699224486,0.683496323234614
B23,cnn_4,cv_train,2.0,M_condition,condition_idB23.b_SPA,-0.106944748617129,0.279462373504611,-0.382680313188439,0.701956813144138,-0.654691000686166,0.440801503451908
B23,cnn_4,cv_train,2.0,M_condition,condition_idB23.b_TUR,-0.129749549641328,0.284177660761746,-0.456578991091457,0.647973682577587,-0.686737764734351,0.427238665451694
B23,cnn_4,cv_train,2.0,M_condition,condition_idB23.c_noBRP,0.200493365665119,0.284314120414612,0.705182582464572,0.480696619098274,-0.35676231034752,0.757749041677758
B23,cnn_4,cv_train,2.0,M_condition,condition_idB23.c_noFAR,-0.0643104247359493,0.28976610251685,-0.221939088724878,0.824361300847866,-0.632251985668976,0.503631136197077
B23,cnn_4,cv_train,2.0,M_condition,condition_idB23.c_noSPA,-0.0318180958021801,0.284263991097178,-0.111931503105164,0.910877717686124,-0.588975518352648,0.525339326748288
B23,cnn_4,cv_train,2.0,M_condition,condition_idB23.c_noTUR,0.351659945192766,0.284515615279904,1.23599523648924,0.21646033431962,-0.205990660755845,0.909310551141378
B23,cnn_4,cv_train,2.0,M_condition,test_talker_idB23.FAR.FAR,-0.953238894680362,0.43761256038328,-2.17827133171286,0.0293858421923343,-1.81095951303159,-0.095518276329134
B23,cnn_4,cv_train,2.0,M_condition,test_talker_idB23.SPA.SPA,-0.897517081197998,0.437925108522126,-2.0494761860695,0.0404155741415428,-1.75585029390137,-0.0391838684946312
B23,cnn_4,cv_train,2.0,M_condition,test_talker_idB23.TUR.TUR,-1.8301009522651,0.437479942747255,-4.18327967397216,2.87333552174783e-05,-2.68756164004972,-0.972640264480478
B23,cnn_4,cv_train,2.0,M_joint,(Intercept),2.25705720116227,0.370389592289176,6.09373818311857,1.10304012365098e-09,1.53109360027548,2.98302080204905
B23,cnn_4,cv_train,2.0,M_joint,condition_idB23.b_FAR,0.124886389312489,0.284498742894685,0.43896991614729,0.660683334875144,-0.432731146761094,0.682503925386073
B23,cnn_4,cv_train,2.0,M_joint,condition_idB23.b_SPA,-0.104222821855617,0.279925342375821,-0.372323638049497,0.709651901096624,-0.652876492912226,0.444430849200993
B23,cnn_4,cv_train,2.0,M_joint,condition_idB23.b_TUR,-0.129745883970741,0.284482947117423,-0.456076138430847,0.648335228266906,-0.68733246032089,0.427840692379408
B23,cnn_4,cv_train,2.0,M_joint,condition_idB23.c_noBRP,0.200752536150708,0.284626925598188,0.705318148410572,0.48061226884461,-0.357116238021741,0.758621310323156
B23,cnn_4,cv_train,2.0,M_joint,condition_idB23.c_noFAR,-0.0634782685382744,0.290043599151704,-0.218857677686839,0.82676091551378,-0.631963722875614,0.505007185799065
B23,cnn_4,cv_train,2.0,M_joint,condition_idB23.c_noSPA,-0.0323870764487221,0.284522275712243,-0.113829668934173,0.909372819037905,-0.590050736844718,0.525276583947274
B23,cnn_4,cv_train,2.0,M_joint,condition_idB23.c_noTUR,0.352182990319217,0.284818179071442,1.23651865013461,0.216265837638584,-0.20606064066081,0.910426621299244
B23,cnn_4,cv_train,2.0,M_joint,similarity_z,0.0080707433719946,0.0143928625620727,0.560746226623621,0.574970549186918,-0.0201392672496679,0.0362807539936573
B23,cnn_4,cv_train,2.0,M_joint,test_talker_idB23.FAR.FAR,-0.952204417861526,0.437823972892949,-2.17485673881623,0.0296408536606092,-1.81033940473171,-0.0940694309913447
B23,cnn_4,cv_train,2.0,M_joint,test_talker_idB23.SPA.SPA,-0.892902174182255,0.438193839512238,-2.03768764795088,0.0415811802616987,-1.75176209962624,-0.0340422487382693
B23,cnn_4,cv_train,2.0,M_joint,test_talker_idB23.TUR.TUR,-1.82672864728306,0.437628615360142,-4.17415265631058,2.99097160785368e-05,-2.68448073338893,-0.968976561177177
B23,cnn_4,cv_train,2.0,M_null,(Intercept),2.30246861745784,0.319605296451439,7.20410031692851,5.84283396432581e-13,1.67604223641302,2.92889499850267
B23,cnn_4,cv_train,2.0,M_null,test_talker_idB23.FAR.FAR,-0.953195504564811,0.438381672310799,-2.17435071940924,0.0296788060711275,-1.81242358229398,-0.0939674268356454
B23,cnn_4,cv_train,2.0,M_null,test_talker_idB23.SPA.SPA,-0.897463323070555,0.438695014092122,-2.04575683388573,0.0407803009449926,-1.75730555069111,-0.0376210954499965
B23,cnn_4,cv_train,2.0,M_null,test_talker_idB23.TUR.TUR,-1.83005815454503,0.438097534047239,-4.17728476496673,2.95009598261522e-05,-2.68872932127762,-0.971386987812439
B23,cnn_4,cv_train,2.0,M_predictor,(Intercept),2.30015458550274,0.31883149036338,7.21432686238488,5.42014207968647e-13,1.67524486439052,2.92506430661497
B23,cnn_4,cv_train,2.0,M_predictor,similarity_z,0.0083095161773271,0.0143936911730194,0.577302658327359,0.563735018216725,-0.0199021185217909,0.0365211508764452
B23,cnn_4,cv_train,2.0,M_predictor,test_talker_idB23.FAR.FAR,-0.952071475877085,0.437481174704834,-2.17625701613204,0.0295360476977803,-1.80953457829856,-0.0946083734556089
B23,cnn_4,cv_train,2.0,M_predictor,test_talker_idB23.SPA.SPA,-0.892671585107352,0.437811898677098,-2.03893861223203,0.0414561546508967,-1.75078290651446,-0.0345602637002408
B23,cnn_4,cv_train,2.0,M_predictor,test_talker_idB23.TUR.TUR,-1.82652850557515,0.437031278269648,-4.17939995692524,2.92279260800195e-05,-2.68310981098366,-0.969947200166638
B23,cnn_4,full,,M_condition,(Intercept),2.18060578382736,0.337183932182613,6.4671106055148,9.98945339572343e-11,1.51972527674944,2.84148629090528
B23,cnn_4,full,,M_condition,condition_idB23.b_FAR,0.219459773419322,0.21863077333374,1.00379178133499,0.315478986660558,-0.209056542314809,0.647976089153453
B23,cnn_4,full,,M_condition,condition_idB23.b_SPA,0.0306613427995432,0.216062874661327,0.141909353226944,0.887151606284051,-0.392821891536658,0.454144577135745
B23,cnn_4,full,,M_condition,condition_idB23.b_TUR,-0.208652787773096,0.221102742744799,-0.943691539882556,0.345327298496538,-0.642014163552901,0.224708588006709
B23,cnn_4,full,,M_condition,condition_idB23.c_noBRP,0.131172469169352,0.216087517532169,0.607033995611637,0.543828351534706,-0.292359065193699,0.554704003532403
B23,cnn_4,full,,M_condition,condition_idB23.c_noFAR,0.0577975298705554,0.22136041238186,0.261101473604283,0.79401425531638,-0.37606887839789,0.491663938139001
B23,cnn_4,full,,M_condition,condition_idB23.c_noSPA,-0.0528976613758024,0.218461354897239,-0.24213738581217,0.80867371027617,-0.481081916974392,0.375286594222787
B23,cnn_4,full,,M_condition,condition_idB23.c_noTUR,0.291153405376378,0.218634789709233,1.3316883637942,0.182962614526647,-0.137370782453718,0.719677593206475
B23,cnn_4,full,,M_condition,test_talker_idB23.FAR.FAR,-0.864653890122331,0.423351602657195,-2.04240136259146,0.0411117347058313,-1.69442303133043,-0.0348847489142297
B23,cnn_4,full,,M_condition,test_talker_idB23.SPA.SPA,-0.833439361276816,0.423682527639182,-1.96713177180295,0.049168021249077,-1.66385711544961,-0.0030216071040195
B23,cnn_4,full,,M_condition,test_talker_idB23.TUR.TUR,-1.76721241428133,0.423052861762388,-4.17728509605001,2.95009169000889e-05,-2.59639602333561,-0.93802880522705
B23,cnn_4,full,,M_joint,(Intercept),2.17533698863488,0.337607944607842,6.4433821045346,1.16840037954233e-10,1.51362541720351,2.83704856006625
B23,cnn_4,full,,M_joint,condition_idB23.b_FAR,0.216655519508842,0.218650930048172,0.990873990159153,0.321747114312273,-0.211900303385575,0.64521134240326
B23,cnn_4,full,,M_joint,condition_idB23.b_SPA,0.0364161299580448,0.216167366126093,0.168462662106004,0.866219315158293,-0.387271907649098,0.460104167565187
B23,cnn_4,full,,M_joint,condition_idB23.b_TUR,-0.208176162324744,0.221158485366265,-0.941298553297556,0.346551883932695,-0.641646793642624,0.225294468993136
B23,cnn_4,full,,M_joint,condition_idB23.c_noBRP,0.131917373759217,0.216100551690538,0.610444409915836,0.541567457298923,-0.291639707554238,0.555474455072673
B23,cnn_4,full,,M_joint,condition_idB23.c_noFAR,0.0596088502128532,0.22134207365448,0.269306459583929,0.787693861724552,-0.374221614149928,0.493439314575634
B23,cnn_4,full,,M_joint,condition_idB23.c_noSPA,-0.053886341674921,0.218469911954022,-0.246653377542724,0.805176491167844,-0.482087369104803,0.374314685754961
B23,cnn_4,full,,M_joint,condition_idB23.c_noTUR,0.292295759948529,0.218681509440908,1.33662768606192,0.181344197137433,-0.136319998555651,0.720911518452708
B23,cnn_4,full,,M_joint,similarity_z,0.0162539853505885,0.011784242079257,1.37929832408988,0.1678027930534,-0.0068431291247551,0.0393510998259321
B23,cnn_4,full,,M_joint,test_talker_idB23.FAR.FAR,-0.862615480490671,0.423497748739578,-2.0368832728344,0.041661740759841,-1.69267106802024,-0.0325598929610974
B23,cnn_4,full,,M_joint,test_talker_idB23.SPA.SPA,-0.823721169397917,0.423751169091177,-1.94387940253842,0.0519099956458937,-1.65427346081662,0.0068311220207909
B23,cnn_4,full,,M_joint,test_talker_idB23.TUR.TUR,-1.76031073992497,0.423633716736576,-4.15526590632436,3.24909453812977e-05,-2.59063282472866,-0.929988655121278
B23,cnn_4,full,,M_null,(Intercept),2.24108979059246,0.305979867196128,7.32430473654646,2.4014043763118797e-13,1.64136925088805,2.84081033029687
B23,cnn_4,full,,M_null,test_talker_idB23.FAR.FAR,-0.864602202509169,0.424336893261325,-2.03753719329964,0.041596238694903,-1.69630251330137,-0.0329018917169729
B23,cnn_4,full,,M_null,test_talker_idB23.SPA.SPA,-0.833382686419152,0.424839017949634,-1.96164347248809,0.0498040072666257,-1.66606716160043,-0.0006982112378695
B23,cnn_4,full,,M_null,test_talker_idB23.TUR.TUR,-1.76718310194618,0.424271418135367,-4.16521836354846,3.11054698894217e-05,-2.5987550814915,-0.935611122400858
B23,cnn_4,full,,M_predictor,(Intercept),2.23654960772918,0.305705793679933,7.31601969595249,2.55434187953909e-13,1.63736625211651,2.83573296334185
B23,cnn_4,full,,M_predictor,similarity_z,0.0163500726223227,0.0117816360534929,1.38775909797989,0.165210413571983,-0.0067419340425233,0.0394420792871688
B23,cnn_4,full,,M_predictor,test_talker_idB23.FAR.FAR,-0.862542363738216,0.424130707875073,-2.03367110120279,0.0419847677538289,-1.69383855117336,-0.0312461763030741
B23,cnn_4,full,,M_predictor,test_talker_idB23.SPA.SPA,-0.823555517123023,0.42399906735364,-1.94235219021397,0.0520944789119321,-1.65459368913616,0.0074826548901118
B23,cnn_4,full,,M_predictor,test_talker_idB23.TUR.TUR,-1.76018057897982,0.424018079551419,-4.15119228133376,3.3074774159502e-05,-2.5912560149006,-0.929105143059034
B23,cnn_5,cv_train,0.0,M_condition,(Intercept),2.00748489855931,0.342756884363664,5.85687695897414,4.71652291020682e-09,1.33568140520652,2.67928839191209
B23,cnn_5,cv_train,0.0,M_condition,condition_idB23.b_FAR,0.386983691503391,0.238994404892281,1.61921653219376,0.10540068214423,-0.0814453420854793,0.855412725092262
B23,cnn_5,cv_train,0.0,M_condition,condition_idB23.b_SPA,0.343234271771975,0.239072918682451,1.43568863283874,0.151090961213782,-0.125348648845629,0.811817192389579
B23,cnn_5,cv_train,0.0,M_condition,condition_idB23.b_TUR,-0.181478345976765,0.243097187673419,-0.746525896550338,0.455349793999303,-0.657948833816666,0.294992141863136
B23,cnn_5,cv_train,0.0,M_condition,condition_idB23.c_noBRP,0.211358408383549,0.234912581651848,0.899732176528511,0.368262795621399,-0.249070251654074,0.671787068421172
B23,cnn_5,cv_train,0.0,M_condition,condition_idB23.c_noFAR,0.227840232438111,0.238999663172525,0.953307755390607,0.340434163220042,-0.240599107380038,0.69627957225626
B23,cnn_5,cv_train,0.0,M_condition,condition_idB23.c_noSPA,-0.025597509651364,0.238806415266908,-0.107189371871582,0.914638746869281,-0.493658083574504,0.442463064271776
B23,cnn_5,cv_train,0.0,M_condition,condition_idB23.c_noTUR,0.461894153641182,0.239182784218596,1.93113461384848,0.0534664074399966,-0.0069041034272661,0.93069241070963
B23,cnn_5,cv_train,0.0,M_condition,test_talker_idB23.FAR.FAR,-0.760446494286919,0.421331710660541,-1.80486413684537,0.0710959450002022,-1.58625664718158,0.0653636586077416
B23,cnn_5,cv_train,0.0,M_condition,test_talker_idB23.SPA.SPA,-0.765126993980093,0.421683371414569,-1.81445853891135,0.0696071603680536,-1.59162640195265,0.0613724139924636
B23,cnn_5,cv_train,0.0,M_condition,test_talker_idB23.TUR.TUR,-1.70062953509264,0.421121006537777,-4.03833935778761,5.38309386714887e-05,-2.52602670790668,-0.875232362278597
B23,cnn_5,cv_train,0.0,M_joint,(Intercept),1.99828647308544,0.342720587966102,5.83065781062178,5.52092975318321e-09,1.32655412067188,2.670018825499
B23,cnn_5,cv_train,0.0,M_joint,condition_idB23.b_FAR,0.378949031269266,0.239062144584565,1.58514863123893,0.112932568528151,-0.0896127721164804,0.847510834655012
B23,cnn_5,cv_train,0.0,M_joint,condition_idB23.b_SPA,0.353248114686142,0.23916998373683,1.4769751168894,0.139682307490202,-0.115525053438045,0.822021282810329
B23,cnn_5,cv_train,0.0,M_joint,condition_idB23.b_TUR,-0.183284190013711,0.243102796507212,-0.75393698734467,0.450887059596926,-0.659765671167846,0.293197291140423
B23,cnn_5,cv_train,0.0,M_joint,condition_idB23.c_noBRP,0.210164671290385,0.234967826301198,0.894440207405167,0.371086407894869,-0.250372268259963,0.670701610840732
B23,cnn_5,cv_train,0.0,M_joint,condition_idB23.c_noFAR,0.229732829415701,0.239031302158975,0.961099351175818,0.33650221590314,-0.238768522815889,0.698234181647292
B23,cnn_5,cv_train,0.0,M_joint,condition_idB23.c_noSPA,-0.0295933375872766,0.238804843944319,-0.123922685564019,0.901376490912729,-0.497650831718143,0.438464156543589
B23,cnn_5,cv_train,0.0,M_joint,condition_idB23.c_noTUR,0.462974930250521,0.239215146870667,1.93539136759108,0.052942287822971,-0.0058867576159863,0.931836618117029
B23,cnn_5,cv_train,0.0,M_joint,similarity_z,0.0357999432998513,0.0145675495493438,2.4575130620691,0.0139902722976856,0.0072475461831374,0.0643523404165652
B23,cnn_5,cv_train,0.0,M_joint,test_talker_idB23.FAR.FAR,-0.758382714761634,0.420866489472305,-1.80195556959766,0.0715523961920333,-1.58328103412735,0.0665156046040843
B23,cnn_5,cv_train,0.0,M_joint,test_talker_idB23.SPA.SPA,-0.740149948313646,0.421256289983966,-1.75700628313898,0.0789167382485411,-1.56581227668222,0.085512380054927
B23,cnn_5,cv_train,0.0,M_joint,test_talker_idB23.TUR.TUR,-1.68744775582292,0.420695658399042,-4.01108906672463,6.04393023379337e-05,-2.51201124628504,-0.862884265360796
B23,cnn_5,cv_train,0.0,M_null,(Intercept),2.18907379585421,0.305726684513404,7.16023136592851,8.05410117158341e-13,1.58984949420793,2.78829809750048
B23,cnn_5,cv_train,0.0,M_null,test_talker_idB23.FAR.FAR,-0.760447190620079,0.421975714644283,-1.80211126903623,0.0715279010723657,-1.58751959132287,0.0666252100827158
B23,cnn_5,cv_train,0.0,M_null,test_talker_idB23.SPA.SPA,-0.76511909673249,0.422439758126726,-1.81119102076317,0.0701112876717585,-1.59310102266087,0.0628628291958923
B23,cnn_5,cv_train,0.0,M_null,test_talker_idB23.TUR.TUR,-1.7006432473343,0.421876448779009,-4.03114052053933,5.55068435571194e-05,-2.52752108694115,-0.873765407727439
B23,cnn_5,cv_train,0.0,M_predictor,(Intercept),2.17975128108158,0.304999674944183,7.14673312842215,8.88674061860994e-13,1.58195191819098,2.77755064397218
B23,cnn_5,cv_train,0.0,M_predictor,similarity_z,0.0354323954665914,0.0145563380681942,2.43415585022799,0.0149265666191815,0.0069019728529307,0.0639628180802521
B23,cnn_5,cv_train,0.0,M_predictor,test_talker_idB23.FAR.FAR,-0.75845370916572,0.421045052753817,-1.80135998322532,0.0716461591364299,-1.5837020125632,0.0667945942317615
B23,cnn_5,cv_train,0.0,M_predictor,test_talker_idB23.SPA.SPA,-0.740545507378247,0.421436894291084,-1.75719192460344,0.078885101251665,-1.56656182018877,0.0854708054322775
B23,cnn_5,cv_train,0.0,M_predictor,test_talker_idB23.TUR.TUR,-1.68760678374001,0.420791983590371,-4.01054879739069,6.05777784228606e-05,-2.51235907157713,-0.862854495902879
B23,cnn_5,cv_train,1.0,M_condition,(Intercept),2.25440598016249,0.350937368872758,6.42395532685461,1.32778184538988e-10,1.56656873717189,2.9422432231531
B23,cnn_5,cv_train,1.0,M_condition,condition_idB23.b_FAR,0.145322203100781,0.273879580126126,0.530606199388279,0.595691698805146,-0.391481773946425,0.682126180147988
B23,cnn_5,cv_train,1.0,M_condition,condition_idB23.b_SPA,-0.130528084296681,0.269278050278999,-0.484733472191442,0.627865419680558,-0.65831306284352,0.397256894250158
B23,cnn_5,cv_train,1.0,M_condition,condition_idB23.b_TUR,-0.321196305355225,0.278923507764818,-1.15155695527123,0.249503178166237,-0.867886380574268,0.225493769863818
B23,cnn_5,cv_train,1.0,M_condition,condition_idB23.c_noBRP,-0.0131030674369056,0.269197428319519,-0.0486745639388247,0.961178646877878,-0.540730026943162,0.514523892069351
B23,cnn_5,cv_train,1.0,M_condition,condition_idB23.c_noFAR,0.0043706281280715,0.279165474273703,0.0156560482253132,0.987508791130466,-0.542793701448386,0.551534957704529
B23,cnn_5,cv_train,1.0,M_condition,condition_idB23.c_noSPA,-0.102219854912487,0.273754749293229,-0.373399384581985,0.70885121746611,-0.638779163527217,0.434339453702242
B23,cnn_5,cv_train,1.0,M_condition,condition_idB23.c_noTUR,0.0605123201125062,0.273796731376744,0.221011842647754,0.825083211880674,-0.476129273385912,0.597153913610924
B23,cnn_5,cv_train,1.0,M_condition,test_talker_idB23.FAR.FAR,-0.853410726870499,0.412799109536467,-2.06737540647507,0.0386987938054192,-1.66249698156197,-0.0443244721790241
B23,cnn_5,cv_train,1.0,M_condition,test_talker_idB23.SPA.SPA,-0.818457175674713,0.413257767448686,-1.98050040469316,0.047647327916087,-1.62844239987414,-0.0084719514752886
B23,cnn_5,cv_train,1.0,M_condition,test_talker_idB23.TUR.TUR,-1.74918314778374,0.412796931608843,-4.23739377365631,2.26129346321337e-05,-2.55826513373707,-0.940101161830411
B23,cnn_5,cv_train,1.0,M_joint,(Intercept),2.2525100582663,0.350742548013487,6.42211807784348,1.34391109467214e-10,1.56505466415986,2.93996545237273
B23,cnn_5,cv_train,1.0,M_joint,condition_idB23.b_FAR,0.142747146794771,0.273820786680025,0.52131596189437,0.602146683374454,-0.393941595098079,0.67943588868762
B23,cnn_5,cv_train,1.0,M_joint,condition_idB23.b_SPA,-0.128220463132724,0.269161556172947,-0.47636989827157,0.63381087599315,-0.655777113231701,0.399336186966253
B23,cnn_5,cv_train,1.0,M_joint,condition_idB23.b_TUR,-0.322126682319356,0.278831970876642,-1.15527169035386,0.247979185107372,-0.868637345237574,0.224383980598862
B23,cnn_5,cv_train,1.0,M_joint,condition_idB23.c_noBRP,-0.0137019803509599,0.269116468460022,-0.0509146854867984,0.959393503361481,-0.541170258532603,0.513766297830684
B23,cnn_5,cv_train,1.0,M_joint,condition_idB23.c_noFAR,0.004632940534092,0.279062933059007,0.0166017768225508,0.986754307054947,-0.542330408261563,0.551596289329747
B23,cnn_5,cv_train,1.0,M_joint,condition_idB23.c_noSPA,-0.103565629551797,0.273633837243313,-0.378482539276411,0.70507216241776,-0.639887950548692,0.432756691445097
B23,cnn_5,cv_train,1.0,M_joint,condition_idB23.c_noTUR,0.0603988252707049,0.273697592556457,0.220677225205209,0.825343765951595,-0.476048456139952,0.596846106681362
B23,cnn_5,cv_train,1.0,M_joint,similarity_z,0.0096186365401301,0.0145406111391721,0.66150153168031,0.508290732670283,-0.0188809612926472,0.0381182343729074
B23,cnn_5,cv_train,1.0,M_joint,test_talker_idB23.FAR.FAR,-0.853026059004609,0.412567071868388,-2.0676057716907,0.0386771089105278,-1.66165751986665,-0.0443945981425692
B23,cnn_5,cv_train,1.0,M_joint,test_talker_idB23.SPA.SPA,-0.812863021668487,0.413049222793776,-1.9679567877418,0.0490730099152126,-1.62243949834429,-0.0032865449926862
B23,cnn_5,cv_train,1.0,M_joint,test_talker_idB23.TUR.TUR,-1.74576138859796,0.412534460131469,-4.23179529788035,2.31833359924826e-05,-2.55432893045564,-0.937193846740281
B23,cnn_5,cv_train,1.0,M_null,(Intercept),2.21137986358032,0.30107111269375,7.34504165409497,2.05695029820999e-13,1.62128048270057,2.80147924446007
B23,cnn_5,cv_train,1.0,M_null,test_talker_idB23.FAR.FAR,-0.853347171730907,0.413217215040087,-2.0651297687298,0.0389107234363262,-1.66325291320948,-0.0434414302523362
B23,cnn_5,cv_train,1.0,M_null,test_talker_idB23.SPA.SPA,-0.818407797937475,0.413407027139635,-1.97966590843905,0.0477410817287982,-1.62868557113116,-0.0081300247437899
B23,cnn_5,cv_train,1.0,M_null,test_talker_idB23.TUR.TUR,-1.74912813156434,0.412908432822166,-4.23611627306646,2.27419045650166e-05,-2.55842865989579,-0.939827603232899
B23,cnn_5,cv_train,1.0,M_predictor,(Intercept),2.20902775772653,0.30103077246756,7.33821243462606,2.16465402741043e-13,1.61900744369012,2.79904807176295
B23,cnn_5,cv_train,1.0,M_predictor,similarity_z,0.0098327464326989,0.0145378826040489,0.67635340719841,0.4988162917426,-0.0186615034712369,0.0383269963366349
B23,cnn_5,cv_train,1.0,M_predictor,test_talker_idB23.FAR.FAR,-0.85291056933074,0.413110152085874,-2.06460810760575,0.0389600955126551,-1.66260646741905,-0.0432146712424277
B23,cnn_5,cv_train,1.0,M_predictor,test_talker_idB23.SPA.SPA,-0.812627229327085,0.413456904256077,-1.9654460258421,0.0493626368666901,-1.623002761669,-0.0022516969851734
B23,cnn_5,cv_train,1.0,M_predictor,test_talker_idB23.TUR.TUR,-1.74556428979941,0.412799633245736,-4.22859942019448,2.35150599942031e-05,-2.55465157096105,-0.93647700863777
B23,cnn_5,cv_train,2.0,M_condition,(Intercept),2.25956318922655,0.36988033873519,6.1089032116526,1.00318139371422e-09,1.53459772530558,2.98452865314753
B23,cnn_5,cv_train,2.0,M_condition,condition_idB23.b_FAR,0.126385312005064,0.284240311851811,0.44464246180167,0.656578156479811,-0.430725699224486,0.683496323234614
B23,cnn_5,cv_train,2.0,M_condition,condition_idB23.b_SPA,-0.106944748617129,0.279462373504611,-0.382680313188439,0.701956813144138,-0.654691000686166,0.440801503451908
B23,cnn_5,cv_train,2.0,M_condition,condition_idB23.b_TUR,-0.129749549641328,0.284177660761746,-0.456578991091457,0.647973682577587,-0.686737764734351,0.427238665451694
B23,cnn_5,cv_train,2.0,M_condition,condition_idB23.c_noBRP,0.200493365665119,0.284314120414612,0.705182582464572,0.480696619098274,-0.35676231034752,0.757749041677758
B23,cnn_5,cv_train,2.0,M_condition,condition_idB23.c_noFAR,-0.0643104247359493,0.28976610251685,-0.221939088724878,0.824361300847866,-0.632251985668976,0.503631136197077
B23,cnn_5,cv_train,2.0,M_condition,condition_idB23.c_noSPA,-0.0318180958021801,0.284263991097178,-0.111931503105164,0.910877717686124,-0.588975518352648,0.525339326748288
B23,cnn_5,cv_train,2.0,M_condition,condition_idB23.c_noTUR,0.351659945192766,0.284515615279904,1.23599523648924,0.21646033431962,-0.205990660755845,0.909310551141378
B23,cnn_5,cv_train,2.0,M_condition,test_talker_idB23.FAR.FAR,-0.953238894680362,0.43761256038328,-2.17827133171286,0.0293858421923343,-1.81095951303159,-0.095518276329134
B23,cnn_5,cv_train,2.0,M_condition,test_talker_idB23.SPA.SPA,-0.897517081197998,0.437925108522126,-2.0494761860695,0.0404155741415428,-1.75585029390137,-0.0391838684946312
B23,cnn_5,cv_train,2.0,M_condition,test_talker_idB23.TUR.TUR,-1.8301009522651,0.437479942747255,-4.18327967397216,2.87333552174783e-05,-2.68756164004972,-0.972640264480478
B23,cnn_5,cv_train,2.0,M_joint,(Intercept),2.25797799512008,0.370112279362797,6.10079189754936,1.0554424758928701e-09,1.532557927569,2.98339806267116
B23,cnn_5,cv_train,2.0,M_joint,condition_idB23.b_FAR,0.124341221658988,0.284294086608818,0.437368301051153,0.661844269082682,-0.432875188094295,0.681557631412271
B23,cnn_5,cv_train,2.0,M_joint,condition_idB23.b_SPA,-0.105160466761472,0.279574404549663,-0.376144829605785,0.706809228135615,-0.653126299678812,0.442805366155868
B23,cnn_5,cv_train,2.0,M_joint,condition_idB23.b_TUR,-0.130628684034467,0.284263979849091,-0.459533016120491,0.645851448453664,-0.687786084538684,0.42652871646975
B23,cnn_5,cv_train,2.0,M_joint,condition_idB23.c_noBRP,0.199946180267691,0.284424142417017,0.702985965145442,0.482064495969208,-0.357525138869662,0.757417499405045
B23,cnn_5,cv_train,2.0,M_joint,condition_idB23.c_noFAR,-0.0640946001997675,0.289787392061872,-0.221178015177702,0.824953826713456,-0.632077888641037,0.503888688241502
B23,cnn_5,cv_train,2.0,M_joint,condition_idB23.c_noSPA,-0.0328567102490773,0.284330033158212,-0.115558352679524,0.908002571450141,-0.590143575239173,0.524430154741018
B23,cnn_5,cv_train,2.0,M_joint,condition_idB23.c_noTUR,0.351674354896166,0.2845595566239,1.23585501421402,0.216512461266714,-0.206062376086679,0.909411085879011
B23,cnn_5,cv_train,2.0,M_joint,similarity_z,0.0076116274246578,0.0144700026087848,0.526028061669929,0.598868709832647,-0.0207495776885603,0.035972832537876
B23,cnn_5,cv_train,2.0,M_joint,test_talker_idB23.FAR.FAR,-0.952797831478941,0.437789684284185,-2.1763825546434,0.0295266671578751,-1.81086561267594,-0.0947300502819387
B23,cnn_5,cv_train,2.0,M_joint,test_talker_idB23.SPA.SPA,-0.892935633999233,0.438440903138016,-2.03661571629905,0.0416885665916306,-1.75227980414974,-0.0335914638487207
B23,cnn_5,cv_train,2.0,M_joint,test_talker_idB23.TUR.TUR,-1.82742233948064,0.437535252933512,-4.17662880243009,2.95861242608288e-05,-2.68499143523032,-0.969853243730956
B23,cnn_5,cv_train,2.0,M_null,(Intercept),2.30246861745784,0.319605296451439,7.20410031692851,5.84283396432581e-13,1.67604223641302,2.92889499850267
B23,cnn_5,cv_train,2.0,M_null,test_talker_idB23.FAR.FAR,-0.953195504564811,0.438381672310799,-2.17435071940924,0.0296788060711275,-1.81242358229398,-0.0939674268356454
B23,cnn_5,cv_train,2.0,M_null,test_talker_idB23.SPA.SPA,-0.897463323070555,0.438695014092122,-2.04575683388573,0.0407803009449926,-1.75730555069111,-0.0376210954499965
B23,cnn_5,cv_train,2.0,M_null,test_talker_idB23.TUR.TUR,-1.83005815454503,0.438097534047239,-4.17728476496673,2.95009598261522e-05,-2.68872932127762,-0.971386987812439
B23,cnn_5,cv_train,2.0,M_predictor,(Intercept),2.3004743697334,0.318808654970332,7.21584666497676,5.35994271980451e-13,1.67560940599155,2.92533933347525
B23,cnn_5,cv_train,2.0,M_predictor,similarity_z,0.0078194565196766,0.0144712900278609,0.540342741014946,0.588960687764482,-0.0205442719349308,0.036183184974284
B23,cnn_5,cv_train,2.0,M_predictor,test_talker_idB23.FAR.FAR,-0.952673452839849,0.437178922230479,-2.17913857323982,0.0293213755030245,-1.80954414041159,-0.0958027652681096
B23,cnn_5,cv_train,2.0,M_predictor,test_talker_idB23.SPA.SPA,-0.892695243572555,0.437860231416312,-2.03876757814936,0.0414732295676451,-1.75090129714853,-0.0344891899965831
B23,cnn_5,cv_train,2.0,M_predictor,test_talker_idB23.TUR.TUR,-1.82723850767682,0.437113993378239,-4.18023338387087,2.91210065223116e-05,-2.68398193469817,-0.970495080655475
B23,cnn_5,full,,M_condition,(Intercept),2.18060578382736,0.337183932182613,6.4671106055148,9.98945339572343e-11,1.51972527674944,2.84148629090528
B23,cnn_5,full,,M_condition,condition_idB23.b_FAR,0.219459773419322,0.21863077333374,1.00379178133499,0.315478986660558,-0.209056542314809,0.647976089153453
B23,cnn_5,full,,M_condition,condition_idB23.b_SPA,0.0306613427995432,0.216062874661327,0.141909353226944,0.887151606284051,-0.392821891536658,0.454144577135745
B23,cnn_5,full,,M_condition,condition_idB23.b_TUR,-0.208652787773096,0.221102742744799,-0.943691539882556,0.345327298496538,-0.642014163552901,0.224708588006709
B23,cnn_5,full,,M_condition,condition_idB23.c_noBRP,0.131172469169352,0.216087517532169,0.607033995611637,0.543828351534706,-0.292359065193699,0.554704003532403
B23,cnn_5,full,,M_condition,condition_idB23.c_noFAR,0.0577975298705554,0.22136041238186,0.261101473604283,0.79401425531638,-0.37606887839789,0.491663938139001
B23,cnn_5,full,,M_condition,condition_idB23.c_noSPA,-0.0528976613758024,0.218461354897239,-0.24213738581217,0.80867371027617,-0.481081916974392,0.375286594222787
B23,cnn_5,full,,M_condition,condition_idB23.c_noTUR,0.291153405376378,0.218634789709233,1.3316883637942,0.182962614526647,-0.137370782453718,0.719677593206475
B23,cnn_5,full,,M_condition,test_talker_idB23.FAR.FAR,-0.864653890122331,0.423351602657195,-2.04240136259146,0.0411117347058313,-1.69442303133043,-0.0348847489142297
B23,cnn_5,full,,M_condition,test_talker_idB23.SPA.SPA,-0.833439361276816,0.423682527639182,-1.96713177180295,0.049168021249077,-1.66385711544961,-0.0030216071040195
B23,cnn_5,full,,M_condition,test_talker_idB23.TUR.TUR,-1.76721241428133,0.423052861762388,-4.17728509605001,2.95009169000889e-05,-2.59639602333561,-0.93802880522705
B23,cnn_5,full,,M_joint,(Intercept),2.17684090778084,0.339094846082515,6.41956353194211,1.36665612496309e-10,1.51221500945911,2.84146680610256
B23,cnn_5,full,,M_joint,condition_idB23.b_FAR,0.2150955687165,0.219051474187145,0.981940749381739,0.326129038963927,-0.214245320690304,0.644436458123303
B23,cnn_5,full,,M_joint,condition_idB23.b_SPA,0.0350317184176176,0.216523870498161,0.16179148440779,0.871470059149581,-0.389355067758778,0.459418504594014
B23,cnn_5,full,,M_joint,condition_idB23.b_TUR,-0.210147759895797,0.22154210099213,-0.948568055257646,0.342840344545283,-0.644370277840371,0.224074758048777
B23,cnn_5,full,,M_joint,condition_idB23.c_noBRP,0.130233878591732,0.216481869591304,0.601592543697081,0.547445393378521,-0.294070585807223,0.554538342990688
B23,cnn_5,full,,M_joint,condition_idB23.c_noFAR,0.0584606338749672,0.221742631995851,0.263641832645249,0.792055920790067,-0.376154924836901,0.493076192586836
B23,cnn_5,full,,M_joint,condition_idB23.c_noSPA,-0.0551193560662951,0.218886512952485,-0.251817050410321,0.801182477601066,-0.484136921453165,0.373898209320575
B23,cnn_5,full,,M_joint,condition_idB23.c_noTUR,0.29130701252147,0.21907407721951,1.32971922656821,0.183610797644742,-0.138078178828769,0.72069220387171
B23,cnn_5,full,,M_joint,similarity_z,0.0173139080293746,0.011853675445576,1.46063624812981,0.144115293102806,-0.0059192958439543,0.0405471119027035
B23,cnn_5,full,,M_joint,test_talker_idB23.FAR.FAR,-0.863827279238527,0.42525603669965,-2.03131103309565,0.042223452866144,-1.69732911116984,-0.0303254473072122
B23,cnn_5,full,,M_joint,test_talker_idB23.SPA.SPA,-0.822689196478684,0.425548589071252,-1.93324385888385,0.0532061641587104,-1.65676443105834,0.0113860381009693
B23,cnn_5,full,,M_joint,test_talker_idB23.TUR.TUR,-1.76111204334008,0.425287732117994,-4.14098952389124,3.45810756191778e-05,-2.59467599829134,-0.927548088388808
B23,cnn_5,full,,M_null,(Intercept),2.24108979059246,0.305979867196128,7.32430473654646,2.4014043763118797e-13,1.64136925088805,2.84081033029687
B23,cnn_5,full,,M_null,test_talker_idB23.FAR.FAR,-0.864602202509169,0.424336893261325,-2.03753719329964,0.041596238694903,-1.69630251330137,-0.0329018917169729
B23,cnn_5,full,,M_null,test_talker_idB23.SPA.SPA,-0.833382686419152,0.424839017949634,-1.96164347248809,0.0498040072666257,-1.66606716160043,-0.0006982112378695
B23,cnn_5,full,,M_null,test_talker_idB23.TUR.TUR,-1.76718310194618,0.424271418135367,-4.16521836354846,3.11054698894217e-05,-2.5987550814915,-0.935611122400858
B23,cnn_5,full,,M_predictor,(Intercept),2.23673795245545,0.30522075262865,7.3282630135468,2.3315480700657e-13,1.6385052773033,2.83497062760761
B23,cnn_5,full,,M_predictor,similarity_z,0.0173746347486452,0.0118513696793854,1.46604445044586,0.142636177567357,-0.00585404982295,0.0406033193202406
B23,cnn_5,full,,M_predictor,test_talker_idB23.FAR.FAR,-0.863671194697385,0.423496950944612,-2.03937995957459,0.0414121209369482,-1.69372521854882,-0.0336171708459442
B23,cnn_5,full,,M_predictor,test_talker_idB23.SPA.SPA,-0.822458234614896,0.423770988266938,-1.94080826056176,0.0522815386843063,-1.65304937161809,0.0081329023883036
B23,cnn_5,full,,M_predictor,test_talker_idB23.TUR.TUR,-1.76091209906092,0.423206673681061,-4.16087979838425,3.17023921418545e-05,-2.5903971794758,-0.931427018646044
B23,cnn_6,cv_train,0.0,M_condition,(Intercept),2.00748489855931,0.342756884363664,5.85687695897414,4.71652291020682e-09,1.33568140520652,2.67928839191209
B23,cnn_6,cv_train,0.0,M_condition,condition_idB23.b_FAR,0.386983691503391,0.238994404892281,1.61921653219376,0.10540068214423,-0.0814453420854793,0.855412725092262
B23,cnn_6,cv_train,0.0,M_condition,condition_idB23.b_SPA,0.343234271771975,0.239072918682451,1.43568863283874,0.151090961213782,-0.125348648845629,0.811817192389579
B23,cnn_6,cv_train,0.0,M_condition,condition_idB23.b_TUR,-0.181478345976765,0.243097187673419,-0.746525896550338,0.455349793999303,-0.657948833816666,0.294992141863136
B23,cnn_6,cv_train,0.0,M_condition,condition_idB23.c_noBRP,0.211358408383549,0.234912581651848,0.899732176528511,0.368262795621399,-0.249070251654074,0.671787068421172
B23,cnn_6,cv_train,0.0,M_condition,condition_idB23.c_noFAR,0.227840232438111,0.238999663172525,0.953307755390607,0.340434163220042,-0.240599107380038,0.69627957225626
B23,cnn_6,cv_train,0.0,M_condition,condition_idB23.c_noSPA,-0.025597509651364,0.238806415266908,-0.107189371871582,0.914638746869281,-0.493658083574504,0.442463064271776
B23,cnn_6,cv_train,0.0,M_condition,condition_idB23.c_noTUR,0.461894153641182,0.239182784218596,1.93113461384848,0.0534664074399966,-0.0069041034272661,0.93069241070963
B23,cnn_6,cv_train,0.0,M_condition,test_talker_idB23.FAR.FAR,-0.760446494286919,0.421331710660541,-1.80486413684537,0.0710959450002022,-1.58625664718158,0.0653636586077416
B23,cnn_6,cv_train,0.0,M_condition,test_talker_idB23.SPA.SPA,-0.765126993980093,0.421683371414569,-1.81445853891135,0.0696071603680536,-1.59162640195265,0.0613724139924636
B23,cnn_6,cv_train,0.0,M_condition,test_talker_idB23.TUR.TUR,-1.70062953509264,0.421121006537777,-4.03833935778761,5.38309386714887e-05,-2.52602670790668,-0.875232362278597
B23,cnn_6,cv_train,0.0,M_joint,(Intercept),1.99640630946811,0.343117755995953,5.81842902205171,5.940327404078731e-09,1.32389550771604,2.66891711122018
B23,cnn_6,cv_train,0.0,M_joint,condition_idB23.b_FAR,0.379351797655661,0.239267573123522,1.58547099677323,0.112859361520298,-0.0896126456664411,0.848316240977763
B23,cnn_6,cv_train,0.0,M_joint,condition_idB23.b_SPA,0.355218359406956,0.239334645575705,1.48419113560638,0.137758220790361,-0.113877545921426,0.824314264735339
B23,cnn_6,cv_train,0.0,M_joint,condition_idB23.b_TUR,-0.179412600323908,0.243330419690046,-0.737320884714881,0.460927234624644,-0.656340222916397,0.297515022268582
B23,cnn_6,cv_train,0.0,M_joint,condition_idB23.c_noBRP,0.211962474122924,0.235160128573089,0.901353794153268,0.367400240327047,-0.248951377880331,0.67287632612618
B23,cnn_6,cv_train,0.0,M_joint,condition_idB23.c_noFAR,0.231437724211023,0.239213815310379,0.967493135422522,0.333297571247168,-0.23742135379732,0.700296802219366
B23,cnn_6,cv_train,0.0,M_joint,condition_idB23.c_noSPA,-0.0283085087918828,0.239017572537502,-0.118436935374035,0.905721461521036,-0.496782950965387,0.440165933381622
B23,cnn_6,cv_train,0.0,M_joint,condition_idB23.c_noTUR,0.463818778227089,0.239391909165882,1.93748727700607,0.0526858071397585,-0.0053893637380387,0.933026920192217
B23,cnn_6,cv_train,0.0,M_joint,similarity_z,0.0398057734772723,0.0144068001343027,2.76298505609822,0.0057275388709921,0.011568445214039,0.0680431017405056
B23,cnn_6,cv_train,0.0,M_joint,test_talker_idB23.FAR.FAR,-0.757793158650248,0.421338589346548,-1.79853727574658,0.0720919070868679,-1.58361679376948,0.0680304764689861
B23,cnn_6,cv_train,0.0,M_joint,test_talker_idB23.SPA.SPA,-0.741840965566332,0.421676302730783,-1.75926643437669,0.0785322649377391,-1.56832651891867,0.084644587786003
B23,cnn_6,cv_train,0.0,M_joint,test_talker_idB23.TUR.TUR,-1.68377450925402,0.421008370671829,-3.99938487343403,6.35073314315596e-05,-2.50895091577081,-0.858598102737234
B23,cnn_6,cv_train,0.0,M_null,(Intercept),2.18907379585421,0.305726684513404,7.16023136592851,8.05410117158341e-13,1.58984949420793,2.78829809750048
B23,cnn_6,cv_train,0.0,M_null,test_talker_idB23.FAR.FAR,-0.760447190620079,0.421975714644283,-1.80211126903623,0.0715279010723657,-1.58751959132287,0.0666252100827158
B23,cnn_6,cv_train,0.0,M_null,test_talker_idB23.SPA.SPA,-0.76511909673249,0.422439758126726,-1.81119102076317,0.0701112876717585,-1.59310102266087,0.0628628291958923
B23,cnn_6,cv_train,0.0,M_null,test_talker_idB23.TUR.TUR,-1.7006432473343,0.421876448779009,-4.03114052053933,5.55068435571194e-05,-2.52752108694115,-0.873765407727439
B23,cnn_6,cv_train,0.0,M_predictor,(Intercept),2.1792615867479,0.304845231631412,7.14874749749355,8.75732441896183e-13,1.58176493275033,2.77675824074547
B23,cnn_6,cv_train,0.0,M_predictor,similarity_z,0.0396105918098751,0.0143980644191891,2.75110533309491,0.0059394541650389,0.0113903855482645,0.0678307980714857
B23,cnn_6,cv_train,0.0,M_predictor,test_talker_idB23.FAR.FAR,-0.757851029888737,0.421048768333967,-1.79991271055714,0.0718744223393557,-1.58310661582331,0.0674045560458383
B23,cnn_6,cv_train,0.0,M_predictor,test_talker_idB23.SPA.SPA,-0.742057581493335,0.421293970089274,-1.76137717170765,0.0781745861927382,-1.56779376286831,0.0836785998816426
B23,cnn_6,cv_train,0.0,M_predictor,test_talker_idB23.TUR.TUR,-1.68384256741138,0.420564938290163,-4.00376354305036,6.23426789016079e-05,-2.5081498464601,-0.859535288362658
B23,cnn_6,cv_train,1.0,M_condition,(Intercept),2.25440598016249,0.350937368872758,6.42395532685461,1.32778184538988e-10,1.56656873717189,2.9422432231531
B23,cnn_6,cv_train,1.0,M_condition,condition_idB23.b_FAR,0.145322203100781,0.273879580126126,0.530606199388279,0.595691698805146,-0.391481773946425,0.682126180147988
B23,cnn_6,cv_train,1.0,M_condition,condition_idB23.b_SPA,-0.130528084296681,0.269278050278999,-0.484733472191442,0.627865419680558,-0.65831306284352,0.397256894250158
B23,cnn_6,cv_train,1.0,M_condition,condition_idB23.b_TUR,-0.321196305355225,0.278923507764818,-1.15155695527123,0.249503178166237,-0.867886380574268,0.225493769863818
B23,cnn_6,cv_train,1.0,M_condition,condition_idB23.c_noBRP,-0.0131030674369056,0.269197428319519,-0.0486745639388247,0.961178646877878,-0.540730026943162,0.514523892069351
B23,cnn_6,cv_train,1.0,M_condition,condition_idB23.c_noFAR,0.0043706281280715,0.279165474273703,0.0156560482253132,0.987508791130466,-0.542793701448386,0.551534957704529
B23,cnn_6,cv_train,1.0,M_condition,condition_idB23.c_noSPA,-0.102219854912487,0.273754749293229,-0.373399384581985,0.70885121746611,-0.638779163527217,0.434339453702242
B23,cnn_6,cv_train,1.0,M_condition,condition_idB23.c_noTUR,0.0605123201125062,0.273796731376744,0.221011842647754,0.825083211880674,-0.476129273385912,0.597153913610924
B23,cnn_6,cv_train,1.0,M_condition,test_talker_idB23.FAR.FAR,-0.853410726870499,0.412799109536467,-2.06737540647507,0.0386987938054192,-1.66249698156197,-0.0443244721790241
B23,cnn_6,cv_train,1.0,M_condition,test_talker_idB23.SPA.SPA,-0.818457175674713,0.413257767448686,-1.98050040469316,0.047647327916087,-1.62844239987414,-0.0084719514752886
B23,cnn_6,cv_train,1.0,M_condition,test_talker_idB23.TUR.TUR,-1.74918314778374,0.412796931608843,-4.23739377365631,2.26129346321337e-05,-2.55826513373707,-0.940101161830411
B23,cnn_6,cv_train,1.0,M_joint,(Intercept),2.25187484506977,0.351277865386021,6.41052302739081,1.45021246682861e-10,1.56337022891317,2.94037946122637
B23,cnn_6,cv_train,1.0,M_joint,condition_idB23.b_FAR,0.142691482199015,0.274076209508108,0.520627027260439,0.602626617751204,-0.394497888436876,0.679880852834907
B23,cnn_6,cv_train,1.0,M_joint,condition_idB23.b_SPA,-0.127686001026072,0.269376149931306,-0.474006332998053,0.63549539115177,-0.655663254891432,0.400291252839287
B23,cnn_6,cv_train,1.0,M_joint,condition_idB23.b_TUR,-0.321159682909948,0.279009194635915,-1.15107204022088,0.249702599498856,-0.868017704396342,0.225698338576445
B23,cnn_6,cv_train,1.0,M_joint,condition_idB23.c_noBRP,-0.0132715715497156,0.269284860252126,-0.0492845068872038,0.960692566226246,-0.541069897643883,0.514526754544451
B23,cnn_6,cv_train,1.0,M_joint,condition_idB23.c_noFAR,0.0051035203097185,0.27922868634813,0.0182772063159573,0.985417711154581,-0.542184704932617,0.552391745552054
B23,cnn_6,cv_train,1.0,M_joint,condition_idB23.c_noSPA,-0.103295195941026,0.273820781941973,-0.37723650925413,0.705997850631613,-0.639983928547293,0.433393536665241
B23,cnn_6,cv_train,1.0,M_joint,condition_idB23.c_noTUR,0.0605758413779883,0.273918836558894,0.221145220018355,0.824979361286522,-0.476305078277444,0.59745676103342
B23,cnn_6,cv_train,1.0,M_joint,similarity_z,0.0112420413919912,0.0144192707963053,0.77965394719349,0.435594592823075,-0.0170197293687671,0.0395038121527496
B23,cnn_6,cv_train,1.0,M_joint,test_talker_idB23.FAR.FAR,-0.852862292830511,0.413386310084529,-2.06311208674549,0.039101980077507,-1.66309946059619,-0.0426251250648341
B23,cnn_6,cv_train,1.0,M_joint,test_talker_idB23.SPA.SPA,-0.813066880432259,0.413617241882724,-1.96574706782363,0.0493278349140959,-1.6237566745224,-0.0023770863421207
B23,cnn_6,cv_train,1.0,M_joint,test_talker_idB23.TUR.TUR,-1.74447169620039,0.413154156472235,-4.22232638561781,2.41793632059e-05,-2.55425384288597,-0.934689549514807
B23,cnn_6,cv_train,1.0,M_null,(Intercept),2.21137986358032,0.30107111269375,7.34504165409497,2.05695029820999e-13,1.62128048270057,2.80147924446007
B23,cnn_6,cv_train,1.0,M_null,test_talker_idB23.FAR.FAR,-0.853347171730907,0.413217215040087,-2.0651297687298,0.0389107234363262,-1.66325291320948,-0.0434414302523362
B23,cnn_6,cv_train,1.0,M_null,test_talker_idB23.SPA.SPA,-0.818407797937475,0.413407027139635,-1.97966590843905,0.0477410817287982,-1.62868557113116,-0.0081300247437899
B23,cnn_6,cv_train,1.0,M_null,test_talker_idB23.TUR.TUR,-1.74912813156434,0.412908432822166,-4.23611627306646,2.27419045650166e-05,-2.55842865989579,-0.939827603232899
B23,cnn_6,cv_train,1.0,M_predictor,(Intercept),2.20870632886793,0.300969725386409,7.33863290080827,2.15786572840883e-13,1.61880566711057,2.79860699062529
B23,cnn_6,cv_train,1.0,M_predictor,similarity_z,0.011554301716409,0.0144178080427665,0.801391007713261,0.422905319311389,-0.0167046020474133,0.0398132054802313
B23,cnn_6,cv_train,1.0,M_predictor,test_talker_idB23.FAR.FAR,-0.852717262513824,0.413123908107857,-2.06407144631097,0.0390109427854481,-1.66244012240522,-0.0429944026224247
B23,cnn_6,cv_train,1.0,M_predictor,test_talker_idB23.SPA.SPA,-0.812796483376276,0.413355873884275,-1.96633587358633,0.0492598255426513,-1.62297399618946,-0.002618970563096
B23,cnn_6,cv_train,1.0,M_predictor,test_talker_idB23.TUR.TUR,-1.74418680994445,0.412704826743422,-4.22623312576086,2.37635802042426e-05,-2.55308827036155,-0.93528534952734
B23,cnn_6,cv_train,2.0,M_condition,(Intercept),2.25956318922655,0.36988033873519,6.1089032116526,1.00318139371422e-09,1.53459772530558,2.98452865314753
B23,cnn_6,cv_train,2.0,M_condition,condition_idB23.b_FAR,0.126385312005064,0.284240311851811,0.44464246180167,0.656578156479811,-0.430725699224486,0.683496323234614
B23,cnn_6,cv_train,2.0,M_condition,condition_idB23.b_SPA,-0.106944748617129,0.279462373504611,-0.382680313188439,0.701956813144138,-0.654691000686166,0.440801503451908
B23,cnn_6,cv_train,2.0,M_condition,condition_idB23.b_TUR,-0.129749549641328,0.284177660761746,-0.456578991091457,0.647973682577587,-0.686737764734351,0.427238665451694
B23,cnn_6,cv_train,2.0,M_condition,condition_idB23.c_noBRP,0.200493365665119,0.284314120414612,0.705182582464572,0.480696619098274,-0.35676231034752,0.757749041677758
B23,cnn_6,cv_train,2.0,M_condition,condition_idB23.c_noFAR,-0.0643104247359493,0.28976610251685,-0.221939088724878,0.824361300847866,-0.632251985668976,0.503631136197077
B23,cnn_6,cv_train,2.0,M_condition,condition_idB23.c_noSPA,-0.0318180958021801,0.284263991097178,-0.111931503105164,0.910877717686124,-0.588975518352648,0.525339326748288
B23,cnn_6,cv_train,2.0,M_condition,condition_idB23.c_noTUR,0.351659945192766,0.284515615279904,1.23599523648924,0.21646033431962,-0.205990660755845,0.909310551141378
B23,cnn_6,cv_train,2.0,M_condition,test_talker_idB23.FAR.FAR,-0.953238894680362,0.43761256038328,-2.17827133171286,0.0293858421923343,-1.81095951303159,-0.095518276329134
B23,cnn_6,cv_train,2.0,M_condition,test_talker_idB23.SPA.SPA,-0.897517081197998,0.437925108522126,-2.0494761860695,0.0404155741415428,-1.75585029390137,-0.0391838684946312
B23,cnn_6,cv_train,2.0,M_condition,test_talker_idB23.TUR.TUR,-1.8301009522651,0.437479942747255,-4.18327967397216,2.87333552174783e-05,-2.68756164004972,-0.972640264480478
B23,cnn_6,cv_train,2.0,M_joint,(Intercept),2.25692423855276,0.370151732827586,6.09729480748916,1.0787845907383e-09,1.53142684221069,2.98242163489483
B23,cnn_6,cv_train,2.0,M_joint,condition_idB23.b_FAR,0.123747079567184,0.284412205760656,0.435097640188205,0.663491556242498,-0.433700843723702,0.68119500285807
B23,cnn_6,cv_train,2.0,M_joint,condition_idB23.b_SPA,-0.104145140873546,0.279709940718741,-0.372332640756117,0.709645199004109,-0.652376624682279,0.444086342935187
B23,cnn_6,cv_train,2.0,M_joint,condition_idB23.b_TUR,-0.129934673757142,0.284381733390718,-0.45690232001864,0.647741256370412,-0.68732287120295,0.427453523688667
B23,cnn_6,cv_train,2.0,M_joint,condition_idB23.c_noBRP,0.200243611762774,0.284429285021668,0.704018968185781,0.481420961122812,-0.357237786879695,0.757725010405243
B23,cnn_6,cv_train,2.0,M_joint,condition_idB23.c_noFAR,-0.0635572377641834,0.289889282268465,-0.219246593964531,0.826457961562416,-0.631740231010375,0.504625755482008
B23,cnn_6,cv_train,2.0,M_joint,condition_idB23.c_noSPA,-0.0328775950684844,0.284364799252195,-0.115617668413755,0.907955559446926,-0.590232601602787,0.524477411465818
B23,cnn_6,cv_train,2.0,M_joint,condition_idB23.c_noTUR,0.351913534628784,0.284642868133161,1.23633357454842,0.216334595989573,-0.205986486912211,0.90981355616978
B23,cnn_6,cv_train,2.0,M_joint,similarity_z,0.0112340013265561,0.014347299786683,0.783004571841689,0.433624427322119,-0.0168867062553426,0.0393547089084547
B23,cnn_6,cv_train,2.0,M_joint,test_talker_idB23.FAR.FAR,-0.952481299376075,0.437902294286301,-2.17510004355753,0.0296226202092734,-1.81076979617723,-0.0941928025749241
B23,cnn_6,cv_train,2.0,M_joint,test_talker_idB23.SPA.SPA,-0.891928442246734,0.438081154363749,-2.03598907043179,0.0417514527798407,-1.75056750479968,-0.0332893796937856
B23,cnn_6,cv_train,2.0,M_joint,test_talker_idB23.TUR.TUR,-1.82551707020737,0.43777532554945,-4.16998620905865,3.04618071907758e-05,-2.68355670828429,-0.967477432130444
B23,cnn_6,cv_train,2.0,M_null,(Intercept),2.30246861745784,0.319605296451439,7.20410031692851,5.84283396432581e-13,1.67604223641302,2.92889499850267
B23,cnn_6,cv_train,2.0,M_null,test_talker_idB23.FAR.FAR,-0.953195504564811,0.438381672310799,-2.17435071940924,0.0296788060711275,-1.81242358229398,-0.0939674268356454
B23,cnn_6,cv_train,2.0,M_null,test_talker_idB23.SPA.SPA,-0.897463323070555,0.438695014092122,-2.04575683388573,0.0407803009449926,-1.75730555069111,-0.0376210954499965
B23,cnn_6,cv_train,2.0,M_null,test_talker_idB23.TUR.TUR,-1.83005815454503,0.438097534047239,-4.17728476496673,2.95009598261522e-05,-2.68872932127762,-0.971386987812439
B23,cnn_6,cv_train,2.0,M_predictor,(Intercept),2.29963146203848,0.319198480097806,7.20439352134084,5.830276152320589e-13,1.67400244104678,2.92526048303018
B23,cnn_6,cv_train,2.0,M_predictor,similarity_z,0.0114901864270647,0.0143493117043339,0.800748263318746,0.423277395814154,-0.0166344645134297,0.0396148373675591
B23,cnn_6,cv_train,2.0,M_predictor,test_talker_idB23.FAR.FAR,-0.952297038011563,0.437768756004758,-2.17534263226683,0.0296044500222182,-1.81032379978089,-0.0942702762422383
B23,cnn_6,cv_train,2.0,M_predictor,test_talker_idB23.SPA.SPA,-0.891612005628236,0.438232602446142,-2.03456338175527,0.0418948250467822,-1.75054790642267,-0.0326761048337978
B23,cnn_6,cv_train,2.0,M_predictor,test_talker_idB23.TUR.TUR,-1.8251895029501,0.437491819469,-4.17193972944546,3.02017533112062e-05,-2.68267346910934,-0.96770553679086
B23,cnn_6,full,,M_condition,(Intercept),2.18060578382736,0.337183932182613,6.4671106055148,9.98945339572343e-11,1.51972527674944,2.84148629090528
B23,cnn_6,full,,M_condition,condition_idB23.b_FAR,0.219459773419322,0.21863077333374,1.00379178133499,0.315478986660558,-0.209056542314809,0.647976089153453
B23,cnn_6,full,,M_condition,condition_idB23.b_SPA,0.0306613427995432,0.216062874661327,0.141909353226944,0.887151606284051,-0.392821891536658,0.454144577135745
B23,cnn_6,full,,M_condition,condition_idB23.b_TUR,-0.208652787773096,0.221102742744799,-0.943691539882556,0.345327298496538,-0.642014163552901,0.224708588006709
B23,cnn_6,full,,M_condition,condition_idB23.c_noBRP,0.131172469169352,0.216087517532169,0.607033995611637,0.543828351534706,-0.292359065193699,0.554704003532403
B23,cnn_6,full,,M_condition,condition_idB23.c_noFAR,0.0577975298705554,0.22136041238186,0.261101473604283,0.79401425531638,-0.37606887839789,0.491663938139001
B23,cnn_6,full,,M_condition,condition_idB23.c_noSPA,-0.0528976613758024,0.218461354897239,-0.24213738581217,0.80867371027617,-0.481081916974392,0.375286594222787
B23,cnn_6,full,,M_condition,condition_idB23.c_noTUR,0.291153405376378,0.218634789709233,1.3316883637942,0.182962614526647,-0.137370782453718,0.719677593206475
B23,cnn_6,full,,M_condition,test_talker_idB23.FAR.FAR,-0.864653890122331,0.423351602657195,-2.04240136259146,0.0411117347058313,-1.69442303133043,-0.0348847489142297
B23,cnn_6,full,,M_condition,test_talker_idB23.SPA.SPA,-0.833439361276816,0.423682527639182,-1.96713177180295,0.049168021249077,-1.66385711544961,-0.0030216071040195
B23,cnn_6,full,,M_condition,test_talker_idB23.TUR.TUR,-1.76721241428133,0.423052861762388,-4.17728509605001,2.95009169000889e-05,-2.59639602333561,-0.93802880522705
B23,cnn_6,full,,M_joint,(Intercept),2.17558353811678,0.337795078516719,6.44054243676349,1.19047263254562e-10,1.51350518422401,2.83766189200955
B23,cnn_6,full,,M_joint,condition_idB23.b_FAR,0.21492574410366,0.218801779417595,0.982285174625854,0.325959376190571,-0.213925743554826,0.643777231762146
B23,cnn_6,full,,M_joint,condition_idB23.b_SPA,0.0361278136553899,0.216311396010442,0.167017615907975,0.867356188120329,-0.387842522525077,0.460098149835857
B23,cnn_6,full,,M_joint,condition_idB23.b_TUR,-0.208399728277315,0.221343179453754,-0.941523153284499,0.346436829834834,-0.642232360006673,0.225432903452043
B23,cnn_6,full,,M_joint,condition_idB23.c_noBRP,0.130982190695486,0.216349013183508,0.605420791008581,0.544899440001341,-0.293061875144191,0.555026256535162
B23,cnn_6,full,,M_joint,condition_idB23.c_noFAR,0.0592897871162324,0.221563740026037,0.267596977326998,0.78900955788186,-0.374975143334801,0.493554717567265
B23,cnn_6,full,,M_joint,condition_idB23.c_noSPA,-0.0546736435460351,0.218717249660729,-0.249974081289172,0.802607392577301,-0.483359452881063,0.374012165788993
B23,cnn_6,full,,M_joint,condition_idB23.c_noTUR,0.291655534722328,0.218941307485934,1.33211744312373,0.182821599310526,-0.137469427950103,0.720780497394758
B23,cnn_6,full,,M_joint,similarity_z,0.0204652658530791,0.0117446240541868,1.74252200484728,0.0814171444385722,-0.0025541972931269,0.0434847289992851
B23,cnn_6,full,,M_joint,test_talker_idB23.FAR.FAR,-0.863349455044725,0.424491859574572,-2.03384219407642,0.0419675087817292,-1.69535349981089,-0.0313454102785645
B23,cnn_6,full,,M_joint,test_talker_idB23.SPA.SPA,-0.82280163012042,0.424221297174025,-1.9395575743169,0.0524334811032754,-1.65427537258151,0.0086721123406688
B23,cnn_6,full,,M_joint,test_talker_idB23.TUR.TUR,-1.75866122588905,0.424014961290142,-4.14763955625058,3.35920707773221e-05,-2.58973055001773,-0.927591901760374
B23,cnn_6,full,,M_null,(Intercept),2.24108979059246,0.305979867196128,7.32430473654646,2.4014043763118797e-13,1.64136925088805,2.84081033029687
B23,cnn_6,full,,M_null,test_talker_idB23.FAR.FAR,-0.864602202509169,0.424336893261325,-2.03753719329964,0.041596238694903,-1.69630251330137,-0.0329018917169729
B23,cnn_6,full,,M_null,test_talker_idB23.SPA.SPA,-0.833382686419152,0.424839017949634,-1.96164347248809,0.0498040072666257,-1.66606716160043,-0.0006982112378695
B23,cnn_6,full,,M_null,test_talker_idB23.TUR.TUR,-1.76718310194618,0.424271418135367,-4.16521836354846,3.11054698894217e-05,-2.5987550814915,-0.935611122400858
B23,cnn_6,full,,M_predictor,(Intercept),2.2361223779422,0.305797816932373,7.31242099886119,2.62371541074706e-13,1.63675865675474,2.83548609912965
B23,cnn_6,full,,M_predictor,similarity_z,0.0206284431071449,0.0117434323975331,1.75659401858337,0.0789870332396212,-0.00238868439202,0.0436455706063097
B23,cnn_6,full,,M_predictor,test_talker_idB23.FAR.FAR,-0.863234142034256,0.424297412727403,-2.03450248844401,0.0419009579598561,-1.69485707097997,-0.031611213088546
B23,cnn_6,full,,M_predictor,test_talker_idB23.SPA.SPA,-0.822605050404401,0.424624817098672,-1.93725146830796,0.0527146115781411,-1.6548696919178,0.0096595911089956
B23,cnn_6,full,,M_predictor,test_talker_idB23.TUR.TUR,-1.75842678190379,0.42383744868322,-4.14882353451041,3.34188290564743e-05,-2.5891481813229,-0.927705382484681
B23,tr_0,cv_train,0.0,M_condition,(Intercept),2.00748489855931,0.342756884363664,5.85687695897414,4.71652291020682e-09,1.33568140520652,2.67928839191209
B23,tr_0,cv_train,0.0,M_condition,condition_idB23.b_FAR,0.386983691503391,0.238994404892281,1.61921653219376,0.10540068214423,-0.0814453420854793,0.855412725092262
B23,tr_0,cv_train,0.0,M_condition,condition_idB23.b_SPA,0.343234271771975,0.239072918682451,1.43568863283874,0.151090961213782,-0.125348648845629,0.811817192389579
B23,tr_0,cv_train,0.0,M_condition,condition_idB23.b_TUR,-0.181478345976765,0.243097187673419,-0.746525896550338,0.455349793999303,-0.657948833816666,0.294992141863136
B23,tr_0,cv_train,0.0,M_condition,condition_idB23.c_noBRP,0.211358408383549,0.234912581651848,0.899732176528511,0.368262795621399,-0.249070251654074,0.671787068421172
B23,tr_0,cv_train,0.0,M_condition,condition_idB23.c_noFAR,0.227840232438111,0.238999663172525,0.953307755390607,0.340434163220042,-0.240599107380038,0.69627957225626
B23,tr_0,cv_train,0.0,M_condition,condition_idB23.c_noSPA,-0.025597509651364,0.238806415266908,-0.107189371871582,0.914638746869281,-0.493658083574504,0.442463064271776
B23,tr_0,cv_train,0.0,M_condition,condition_idB23.c_noTUR,0.461894153641182,0.239182784218596,1.93113461384848,0.0534664074399966,-0.0069041034272661,0.93069241070963
B23,tr_0,cv_train,0.0,M_condition,test_talker_idB23.FAR.FAR,-0.760446494286919,0.421331710660541,-1.80486413684537,0.0710959450002022,-1.58625664718158,0.0653636586077416
B23,tr_0,cv_train,0.0,M_condition,test_talker_idB23.SPA.SPA,-0.765126993980093,0.421683371414569,-1.81445853891135,0.0696071603680536,-1.59162640195265,0.0613724139924636
B23,tr_0,cv_train,0.0,M_condition,test_talker_idB23.TUR.TUR,-1.70062953509264,0.421121006537777,-4.03833935778761,5.38309386714887e-05,-2.52602670790668,-0.875232362278597
B23,tr_0,cv_train,0.0,M_joint,(Intercept),1.99478487992074,0.343067325082122,5.81455805924752,6.079428321045261e-09,1.32237292275978,2.6671968370817
B23,tr_0,cv_train,0.0,M_joint,condition_idB23.b_FAR,0.381967709813657,0.239074495828874,1.59769325661179,0.110111260258087,-0.0866183020109371,0.850553721638251
B23,tr_0,cv_train,0.0,M_joint,condition_idB23.b_SPA,0.355705534851514,0.239179500800676,1.48719072353925,0.136964445403329,-0.113086286717811,0.824497356420839
B23,tr_0,cv_train,0.0,M_joint,condition_idB23.b_TUR,-0.175497944798002,0.243119575674751,-0.721858551747333,0.470381446515805,-0.652012313120514,0.30101642352451
B23,tr_0,cv_train,0.0,M_joint,condition_idB23.c_noBRP,0.214475076204718,0.234963562250811,0.9128014324867,0.361346984799416,-0.246053505806871,0.675003658216307
B23,tr_0,cv_train,0.0,M_joint,condition_idB23.c_noFAR,0.232981283048406,0.239015238468759,0.97475493420834,0.329681836293685,-0.235488584350362,0.701451150447173
B23,tr_0,cv_train,0.0,M_joint,condition_idB23.c_noSPA,-0.0259885979687383,0.238795020949512,-0.108832243927871,0.91333554875292,-0.494026839029781,0.442049643092305
B23,tr_0,cv_train,0.0,M_joint,condition_idB23.c_noTUR,0.464786587102794,0.23926633940301,1.94254899482508,0.0520706746910148,-0.0041754381271064,0.933748612332694
B23,tr_0,cv_train,0.0,M_joint,similarity_z,0.0372539462892694,0.0144818371534539,2.57245996447242,0.0100978634260182,0.0088695454684997,0.0656383471100391
B23,tr_0,cv_train,0.0,M_joint,test_talker_idB23.FAR.FAR,-0.757017558366546,0.421219784612404,-1.79720323218705,0.0723033616126198,-1.58260833620686,0.0685732194737656
B23,tr_0,cv_train,0.0,M_joint,test_talker_idB23.SPA.SPA,-0.744448019745685,0.42176326078041,-1.76508503459546,0.0775494754374392,-1.57110401087529,0.0822079713839191
B23,tr_0,cv_train,0.0,M_joint,test_talker_idB23.TUR.TUR,-1.6829192725763,0.421011508672733,-3.99732367858972,6.40626762616152e-05,-2.50810182957485,-0.85773671557774
B23,tr_0,cv_train,0.0,M_null,(Intercept),2.18907379585421,0.305726684513404,7.16023136592851,8.05410117158341e-13,1.58984949420793,2.78829809750048
B23,tr_0,cv_train,0.0,M_null,test_talker_idB23.FAR.FAR,-0.760447190620079,0.421975714644283,-1.80211126903623,0.0715279010723657,-1.58751959132287,0.0666252100827158
B23,tr_0,cv_train,0.0,M_null,test_talker_idB23.SPA.SPA,-0.76511909673249,0.422439758126726,-1.81119102076317,0.0701112876717585,-1.59310102266087,0.0628628291958923
B23,tr_0,cv_train,0.0,M_null,test_talker_idB23.TUR.TUR,-1.7006432473343,0.421876448779009,-4.03114052053933,5.55068435571194e-05,-2.52752108694115,-0.873765407727439
B23,tr_0,cv_train,0.0,M_predictor,(Intercept),2.17936219817353,0.305189708655927,7.14100815447405,9.26488546465404e-13,1.58119036920791,2.77753402713915
B23,tr_0,cv_train,0.0,M_predictor,similarity_z,0.037185542615186,0.0144735366486048,2.56920913789033,0.0101930920480684,0.0088174107839206,0.0655536744464514
B23,tr_0,cv_train,0.0,M_predictor,test_talker_idB23.FAR.FAR,-0.757029987838864,0.421240550345698,-1.79714414297863,0.072312739366962,-1.58266146651643,0.0686014908387041
B23,tr_0,cv_train,0.0,M_predictor,test_talker_idB23.SPA.SPA,-0.744528178289637,0.421637849506071,-1.76580015091581,0.0774293831951108,-1.57093836332154,0.0818820067422623
B23,tr_0,cv_train,0.0,M_predictor,test_talker_idB23.TUR.TUR,-1.68288692936624,0.42114939673254,-3.99593812177533,6.44385650100444e-05,-2.50833974696201,-0.857434111770459
B23,tr_0,cv_train,1.0,M_condition,(Intercept),2.25440598016249,0.350937368872758,6.42395532685461,1.32778184538988e-10,1.56656873717189,2.9422432231531
B23,tr_0,cv_train,1.0,M_condition,condition_idB23.b_FAR,0.145322203100781,0.273879580126126,0.530606199388279,0.595691698805146,-0.391481773946425,0.682126180147988
B23,tr_0,cv_train,1.0,M_condition,condition_idB23.b_SPA,-0.130528084296681,0.269278050278999,-0.484733472191442,0.627865419680558,-0.65831306284352,0.397256894250158
B23,tr_0,cv_train,1.0,M_condition,condition_idB23.b_TUR,-0.321196305355225,0.278923507764818,-1.15155695527123,0.249503178166237,-0.867886380574268,0.225493769863818
B23,tr_0,cv_train,1.0,M_condition,condition_idB23.c_noBRP,-0.0131030674369056,0.269197428319519,-0.0486745639388247,0.961178646877878,-0.540730026943162,0.514523892069351
B23,tr_0,cv_train,1.0,M_condition,condition_idB23.c_noFAR,0.0043706281280715,0.279165474273703,0.0156560482253132,0.987508791130466,-0.542793701448386,0.551534957704529
B23,tr_0,cv_train,1.0,M_condition,condition_idB23.c_noSPA,-0.102219854912487,0.273754749293229,-0.373399384581985,0.70885121746611,-0.638779163527217,0.434339453702242
B23,tr_0,cv_train,1.0,M_condition,condition_idB23.c_noTUR,0.0605123201125062,0.273796731376744,0.221011842647754,0.825083211880674,-0.476129273385912,0.597153913610924
B23,tr_0,cv_train,1.0,M_condition,test_talker_idB23.FAR.FAR,-0.853410726870499,0.412799109536467,-2.06737540647507,0.0386987938054192,-1.66249698156197,-0.0443244721790241
B23,tr_0,cv_train,1.0,M_condition,test_talker_idB23.SPA.SPA,-0.818457175674713,0.413257767448686,-1.98050040469316,0.047647327916087,-1.62844239987414,-0.0084719514752886
B23,tr_0,cv_train,1.0,M_condition,test_talker_idB23.TUR.TUR,-1.74918314778374,0.412796931608843,-4.23739377365631,2.26129346321337e-05,-2.55826513373707,-0.940101161830411
B23,tr_0,cv_train,1.0,M_joint,(Intercept),2.25228219036607,0.351292184040731,6.41142129739194,1.44169180254333e-10,1.56374950964624,2.94081487108591
B23,tr_0,cv_train,1.0,M_joint,condition_idB23.b_FAR,0.144065839647562,0.273875440717125,0.526026865608448,0.598869540845731,-0.392730024158004,0.680861703453128
B23,tr_0,cv_train,1.0,M_joint,condition_idB23.b_SPA,-0.128447898921993,0.269315868358899,-0.476941443163755,0.633403819754549,-0.656307000905436,0.39941120306145
B23,tr_0,cv_train,1.0,M_joint,condition_idB23.b_TUR,-0.320317069070922,0.278905753511154,-1.14847781029412,0.250771368230878,-0.866972345952784,0.226338207810939
B23,tr_0,cv_train,1.0,M_joint,condition_idB23.c_noBRP,-0.0126910579790109,0.269238704615407,-0.04713682602633,0.962404177020432,-0.540398919025208,0.515016803067186
B23,tr_0,cv_train,1.0,M_joint,condition_idB23.c_noFAR,0.0052209393043884,0.27914622887898,0.018703241399159,0.98507784244545,-0.541905669298413,0.55234754790719
B23,tr_0,cv_train,1.0,M_joint,condition_idB23.c_noSPA,-0.102476753804392,0.273679044052208,-0.374441361264193,0.70807597547288,-0.63888768014672,0.433934172537936
B23,tr_0,cv_train,1.0,M_joint,condition_idB23.c_noTUR,0.0608028602635106,0.273788719014685,0.222079494298848,0.824252000478423,-0.475823029005272,0.597428749532293
B23,tr_0,cv_train,1.0,M_joint,similarity_z,0.0071758856907602,0.0145215055349388,0.494155765977227,0.621196176566016,-0.0212862651577198,0.0356380365392403
B23,tr_0,cv_train,1.0,M_joint,test_talker_idB23.FAR.FAR,-0.852852856269742,0.413087734748077,-2.06458043783328,0.0389627157750485,-1.66250481637597,-0.0432008961635113
B23,tr_0,cv_train,1.0,M_joint,test_talker_idB23.SPA.SPA,-0.815189464888726,0.413631754654297,-1.9708096772455,0.0487456493904094,-1.62590770401115,-0.0044712257663033
B23,tr_0,cv_train,1.0,M_joint,test_talker_idB23.TUR.TUR,-1.74576312741381,0.413091959328903,-4.22608837569708,2.37788634190178e-05,-2.55542336769846,-0.936102887129157
B23,tr_0,cv_train,1.0,M_null,(Intercept),2.21137986358032,0.30107111269375,7.34504165409497,2.05695029820999e-13,1.62128048270057,2.80147924446007
B23,tr_0,cv_train,1.0,M_null,test_talker_idB23.FAR.FAR,-0.853347171730907,0.413217215040087,-2.0651297687298,0.0389107234363262,-1.66325291320948,-0.0434414302523362
B23,tr_0,cv_train,1.0,M_null,test_talker_idB23.SPA.SPA,-0.818407797937475,0.413407027139635,-1.97966590843905,0.0477410817287982,-1.62868557113116,-0.0081300247437899
B23,tr_0,cv_train,1.0,M_null,test_talker_idB23.TUR.TUR,-1.74912813156434,0.412908432822166,-4.23611627306646,2.27419045650166e-05,-2.55842865989579,-0.939827603232899
B23,tr_0,cv_train,1.0,M_predictor,(Intercept),2.20946287365663,0.301611951442642,7.32551499729548,2.37983010154302e-13,1.61830344882905,2.80062229848421
B23,tr_0,cv_train,1.0,M_predictor,similarity_z,0.0075890345518452,0.0145202705522798,0.522651043210332,0.601217112843637,-0.020870695730623,0.0360487648343136
B23,tr_0,cv_train,1.0,M_predictor,test_talker_idB23.FAR.FAR,-0.852682036896179,0.41381002556692,-2.06056398882073,0.0393446552785024,-1.66374968700734,-0.0416143867850159
B23,tr_0,cv_train,1.0,M_predictor,test_talker_idB23.SPA.SPA,-0.814837056940707,0.414169676519568,-1.96739911957849,0.0491372157772792,-1.62660962291906,-0.0030644909623548
B23,tr_0,cv_train,1.0,M_predictor,test_talker_idB23.TUR.TUR,-1.74542847571022,0.413518089127302,-4.22092411820198,2.43302834042018e-05,-2.55592393039974,-0.934933021020713
B23,tr_0,cv_train,2.0,M_condition,(Intercept),2.25956318922655,0.36988033873519,6.1089032116526,1.00318139371422e-09,1.53459772530558,2.98452865314753
B23,tr_0,cv_train,2.0,M_condition,condition_idB23.b_FAR,0.126385312005064,0.284240311851811,0.44464246180167,0.656578156479811,-0.430725699224486,0.683496323234614
B23,tr_0,cv_train,2.0,M_condition,condition_idB23.b_SPA,-0.106944748617129,0.279462373504611,-0.382680313188439,0.701956813144138,-0.654691000686166,0.440801503451908
B23,tr_0,cv_train,2.0,M_condition,condition_idB23.b_TUR,-0.129749549641328,0.284177660761746,-0.456578991091457,0.647973682577587,-0.686737764734351,0.427238665451694
B23,tr_0,cv_train,2.0,M_condition,condition_idB23.c_noBRP,0.200493365665119,0.284314120414612,0.705182582464572,0.480696619098274,-0.35676231034752,0.757749041677758
B23,tr_0,cv_train,2.0,M_condition,condition_idB23.c_noFAR,-0.0643104247359493,0.28976610251685,-0.221939088724878,0.824361300847866,-0.632251985668976,0.503631136197077
B23,tr_0,cv_train,2.0,M_condition,condition_idB23.c_noSPA,-0.0318180958021801,0.284263991097178,-0.111931503105164,0.910877717686124,-0.588975518352648,0.525339326748288
B23,tr_0,cv_train,2.0,M_condition,condition_idB23.c_noTUR,0.351659945192766,0.284515615279904,1.23599523648924,0.21646033431962,-0.205990660755845,0.909310551141378
B23,tr_0,cv_train,2.0,M_condition,test_talker_idB23.FAR.FAR,-0.953238894680362,0.43761256038328,-2.17827133171286,0.0293858421923343,-1.81095951303159,-0.095518276329134
B23,tr_0,cv_train,2.0,M_condition,test_talker_idB23.SPA.SPA,-0.897517081197998,0.437925108522126,-2.0494761860695,0.0404155741415428,-1.75585029390137,-0.0391838684946312
B23,tr_0,cv_train,2.0,M_condition,test_talker_idB23.TUR.TUR,-1.8301009522651,0.437479942747255,-4.18327967397216,2.87333552174783e-05,-2.68756164004972,-0.972640264480478
B23,tr_0,cv_train,2.0,M_joint,(Intercept),2.25627608636353,0.369291813436965,6.10973762284241,9.97950675507934e-10,1.53246413202708,2.98008804069998
B23,tr_0,cv_train,2.0,M_joint,condition_idB23.b_FAR,0.124591094295997,0.284150543359187,0.438468611824911,0.661046618799456,-0.43234397068801,0.681526159280005
B23,tr_0,cv_train,2.0,M_joint,condition_idB23.b_SPA,-0.103925949045407,0.279448583263599,-0.371896496420506,0.709969913800663,-0.651645172242061,0.443793274151248
B23,tr_0,cv_train,2.0,M_joint,condition_idB23.b_TUR,-0.128686606156193,0.284049411860918,-0.453043029778225,0.650517757028738,-0.685423453403591,0.428050241091206
B23,tr_0,cv_train,2.0,M_joint,condition_idB23.c_noBRP,0.201059348310382,0.284259470778265,0.70730923321537,0.479374328894017,-0.356089214415018,0.758207911035781
B23,tr_0,cv_train,2.0,M_joint,condition_idB23.c_noFAR,-0.0630296321604017,0.289574257512905,-0.217663105490628,0.827691611982466,-0.630595176885695,0.504535912564892
B23,tr_0,cv_train,2.0,M_joint,condition_idB23.c_noSPA,-0.0321402681620266,0.284085435917377,-0.113135923558483,0.909922794935331,-0.588947722560085,0.524667186236032
B23,tr_0,cv_train,2.0,M_joint,condition_idB23.c_noTUR,0.352252705735429,0.28436698120759,1.23872576288413,0.215447074458658,-0.205106577431448,0.909611988902307
B23,tr_0,cv_train,2.0,M_joint,similarity_z,0.0104926826013359,0.0144472525083784,0.726275296652486,0.467670020278453,-0.0178239323150857,0.0388092975177575
B23,tr_0,cv_train,2.0,M_joint,test_talker_idB23.FAR.FAR,-0.952186955242421,0.437037885213102,-2.17872863534046,0.0293518331937393,-1.8087812102601,-0.0955927002247422
B23,tr_0,cv_train,2.0,M_joint,test_talker_idB23.SPA.SPA,-0.89245544649353,0.437392926170091,-2.04039753067812,0.0413107476582248,-1.74974558178691,-0.0351653112001526
B23,tr_0,cv_train,2.0,M_joint,test_talker_idB23.TUR.TUR,-1.82512577941063,0.436765645476321,-4.17873016871602,2.93141229090859e-05,-2.68118644454422,-0.969065114277041
B23,tr_0,cv_train,2.0,M_null,(Intercept),2.30246861745784,0.319605296451439,7.20410031692851,5.84283396432581e-13,1.67604223641302,2.92889499850267
B23,tr_0,cv_train,2.0,M_null,test_talker_idB23.FAR.FAR,-0.953195504564811,0.438381672310799,-2.17435071940924,0.0296788060711275,-1.81242358229398,-0.0939674268356454
B23,tr_0,cv_train,2.0,M_null,test_talker_idB23.SPA.SPA,-0.897463323070555,0.438695014092122,-2.04575683388573,0.0407803009449926,-1.75730555069111,-0.0376210954499965
B23,tr_0,cv_train,2.0,M_null,test_talker_idB23.TUR.TUR,-1.83005815454503,0.438097534047239,-4.17728476496673,2.95009598261522e-05,-2.68872932127762,-0.971386987812439
B23,tr_0,cv_train,2.0,M_predictor,(Intercept),2.29958195581292,0.31885425807607,7.21201582719434,5.51295643755238e-13,1.67462760998383,2.92453630164202
B23,tr_0,cv_train,2.0,M_predictor,similarity_z,0.0107955976025258,0.0144492612655781,0.747138376426463,0.454980037156876,-0.0175249544780073,0.0391161496830588
B23,tr_0,cv_train,2.0,M_predictor,test_talker_idB23.FAR.FAR,-0.952022719327306,0.437278162915299,-2.17715587025944,0.0294689396439798,-1.80908791864129,-0.0949575200133193
B23,tr_0,cv_train,2.0,M_predictor,test_talker_idB23.SPA.SPA,-0.892135171453116,0.437664510388214,-2.03839961952085,0.0415099843235536,-1.74995761181402,-0.034312731092217
B23,tr_0,cv_train,2.0,M_predictor,test_talker_idB23.TUR.TUR,-1.8248411328278,0.437314718598715,-4.1728326425306,3.00835920306067e-05,-2.68197798128128,-0.967704284374321
B23,tr_0,full,,M_condition,(Intercept),2.18060578382736,0.337183932182613,6.4671106055148,9.98945339572343e-11,1.51972527674944,2.84148629090528
B23,tr_0,full,,M_condition,condition_idB23.b_FAR,0.219459773419322,0.21863077333374,1.00379178133499,0.315478986660558,-0.209056542314809,0.647976089153453
B23,tr_0,full,,M_condition,condition_idB23.b_SPA,0.0306613427995432,0.216062874661327,0.141909353226944,0.887151606284051,-0.392821891536658,0.454144577135745
B23,tr_0,full,,M_condition,condition_idB23.b_TUR,-0.208652787773096,0.221102742744799,-0.943691539882556,0.345327298496538,-0.642014163552901,0.224708588006709
B23,tr_0,full,,M_condition,condition_idB23.c_noBRP,0.131172469169352,0.216087517532169,0.607033995611637,0.543828351534706,-0.292359065193699,0.554704003532403
B23,tr_0,full,,M_condition,condition_idB23.c_noFAR,0.0577975298705554,0.22136041238186,0.261101473604283,0.79401425531638,-0.37606887839789,0.491663938139001
B23,tr_0,full,,M_condition,condition_idB23.c_noSPA,-0.0528976613758024,0.218461354897239,-0.24213738581217,0.80867371027617,-0.481081916974392,0.375286594222787
B23,tr_0,full,,M_condition,condition_idB23.c_noTUR,0.291153405376378,0.218634789709233,1.3316883637942,0.182962614526647,-0.137370782453718,0.719677593206475
B23,tr_0,full,,M_condition,test_talker_idB23.FAR.FAR,-0.864653890122331,0.423351602657195,-2.04240136259146,0.0411117347058313,-1.69442303133043,-0.0348847489142297
B23,tr_0,full,,M_condition,test_talker_idB23.SPA.SPA,-0.833439361276816,0.423682527639182,-1.96713177180295,0.049168021249077,-1.66385711544961,-0.0030216071040195
B23,tr_0,full,,M_condition,test_talker_idB23.TUR.TUR,-1.76721241428133,0.423052861762388,-4.17728509605001,2.95009169000889e-05,-2.59639602333561,-0.93802880522705
B23,tr_0,full,,M_joint,(Intercept),2.17480901075267,0.337683807971257,6.44037101991514,1.19181799197731e-10,1.51294874712901,2.83666927437633
B23,tr_0,full,,M_joint,condition_idB23.b_FAR,0.216517155935715,0.218754527201521,0.989772228742288,0.32228546176896,-0.212241717379266,0.645276029250697
B23,tr_0,full,,M_joint,condition_idB23.b_SPA,0.0360840628433014,0.216310363775712,0.166816153481746,0.867514708143768,-0.387884250157093,0.460052375843696
B23,tr_0,full,,M_joint,condition_idB23.b_TUR,-0.206423600991232,0.221264844470248,-0.932925433705709,0.35085846947877,-0.640102696152918,0.227255494170454
B23,tr_0,full,,M_joint,condition_idB23.c_noBRP,0.132292482996019,0.216226594885973,0.611823365510537,0.540654628854719,-0.291511642980488,0.556096608972527
B23,tr_0,full,,M_joint,condition_idB23.c_noFAR,0.0600132702215208,0.221472250257342,0.270974219803103,0.786410860322448,-0.37407234028287,0.494098880725911
B23,tr_0,full,,M_joint,condition_idB23.c_noSPA,-0.0533912257461866,0.218636122458703,-0.244201301897271,0.807074918817001,-0.481918025765245,0.375135574272872
B23,tr_0,full,,M_joint,condition_idB23.c_noTUR,0.292151525672188,0.218831386430228,1.33505312212304,0.181858960643934,-0.136757991731058,0.721061043075435
B23,tr_0,full,,M_joint,similarity_z,0.0180427260283641,0.0118211324378059,1.52631113163579,0.126932397704294,-0.0051266935497354,0.0412121456064637
B23,tr_0,full,,M_joint,test_talker_idB23.FAR.FAR,-0.862826685990806,0.423708386182262,-2.03636914946417,0.0417133008938219,-1.69329512290804,-0.0323582490735738
B23,tr_0,full,,M_joint,test_talker_idB23.SPA.SPA,-0.824290130094723,0.423842624058379,-1.9448023471589,0.0517987715263737,-1.65502167324915,0.0064414130597005
B23,tr_0,full,,M_joint,test_talker_idB23.TUR.TUR,-1.75851889019386,0.423654018707966,-4.15083726942301,3.31261235732329e-05,-2.58888076686147,-0.928157013526245
B23,tr_0,full,,M_null,(Intercept),2.24108979059246,0.305979867196128,7.32430473654646,2.4014043763118797e-13,1.64136925088805,2.84081033029687
B23,tr_0,full,,M_null,test_talker_idB23.FAR.FAR,-0.864602202509169,0.424336893261325,-2.03753719329964,0.041596238694903,-1.69630251330137,-0.0329018917169729
B23,tr_0,full,,M_null,test_talker_idB23.SPA.SPA,-0.833382686419152,0.424839017949634,-1.96164347248809,0.0498040072666257,-1.66606716160043,-0.0006982112378695
B23,tr_0,full,,M_null,test_talker_idB23.TUR.TUR,-1.76718310194618,0.424271418135367,-4.16521836354846,3.11054698894217e-05,-2.5987550814915,-0.935611122400858
B23,tr_0,full,,M_predictor,(Intercept),2.23630413381737,0.306370677797857,7.29934127473152,2.89179980599261e-13,1.63581760533357,2.83679066230117
B23,tr_0,full,,M_predictor,similarity_z,0.0182944336989305,0.0118200639591474,1.54774405300681,0.121683931216789,-0.0048728916609984,0.0414617590588593
B23,tr_0,full,,M_predictor,test_talker_idB23.FAR.FAR,-0.862796212589362,0.424829791739583,-2.03092209954581,0.0422628975751795,-1.69546260439894,-0.0301298207797787
B23,tr_0,full,,M_predictor,test_talker_idB23.SPA.SPA,-0.824102598223637,0.425162277014577,-1.93832482978113,0.0525836049535807,-1.65742066117221,0.0092154647249331
B23,tr_0,full,,M_predictor,test_talker_idB23.TUR.TUR,-1.75830336977206,0.424708551666001,-4.14002346520873,3.4727029708959e-05,-2.59073213103742,-0.925874608506698
B23,tr_10,cv_train,0.0,M_condition,(Intercept),2.00748489855931,0.342756884363664,5.85687695897414,4.71652291020682e-09,1.33568140520652,2.67928839191209
B23,tr_10,cv_train,0.0,M_condition,condition_idB23.b_FAR,0.386983691503391,0.238994404892281,1.61921653219376,0.10540068214423,-0.0814453420854793,0.855412725092262
B23,tr_10,cv_train,0.0,M_condition,condition_idB23.b_SPA,0.343234271771975,0.239072918682451,1.43568863283874,0.151090961213782,-0.125348648845629,0.811817192389579
B23,tr_10,cv_train,0.0,M_condition,condition_idB23.b_TUR,-0.181478345976765,0.243097187673419,-0.746525896550338,0.455349793999303,-0.657948833816666,0.294992141863136
B23,tr_10,cv_train,0.0,M_condition,condition_idB23.c_noBRP,0.211358408383549,0.234912581651848,0.899732176528511,0.368262795621399,-0.249070251654074,0.671787068421172
B23,tr_10,cv_train,0.0,M_condition,condition_idB23.c_noFAR,0.227840232438111,0.238999663172525,0.953307755390607,0.340434163220042,-0.240599107380038,0.69627957225626
B23,tr_10,cv_train,0.0,M_condition,condition_idB23.c_noSPA,-0.025597509651364,0.238806415266908,-0.107189371871582,0.914638746869281,-0.493658083574504,0.442463064271776
B23,tr_10,cv_train,0.0,M_condition,condition_idB23.c_noTUR,0.461894153641182,0.239182784218596,1.93113461384848,0.0534664074399966,-0.0069041034272661,0.93069241070963
B23,tr_10,cv_train,0.0,M_condition,test_talker_idB23.FAR.FAR,-0.760446494286919,0.421331710660541,-1.80486413684537,0.0710959450002022,-1.58625664718158,0.0653636586077416
B23,tr_10,cv_train,0.0,M_condition,test_talker_idB23.SPA.SPA,-0.765126993980093,0.421683371414569,-1.81445853891135,0.0696071603680536,-1.59162640195265,0.0613724139924636
B23,tr_10,cv_train,0.0,M_condition,test_talker_idB23.TUR.TUR,-1.70062953509264,0.421121006537777,-4.03833935778761,5.38309386714887e-05,-2.52602670790668,-0.875232362278597
B23,tr_10,cv_train,0.0,M_joint,(Intercept),2.00250490347631,0.342191486886628,5.85200094162413,4.856938778295061e-09,1.33180958917852,2.6732002177741
B23,tr_10,cv_train,0.0,M_joint,condition_idB23.b_FAR,0.392325174909,0.238901919080183,1.64220185597305,0.100548178200143,-0.0759225864881582,0.860572936306158
B23,tr_10,cv_train,0.0,M_joint,condition_idB23.b_SPA,0.353191380812453,0.23903352836041,1.47758092027959,0.139519984358594,-0.115314334773951,0.821697096398858
B23,tr_10,cv_train,0.0,M_joint,condition_idB23.b_TUR,-0.170416952958513,0.243016217785178,-0.701257531335454,0.483142311995534,-0.646728739817461,0.305894833900435
B23,tr_10,cv_train,0.0,M_joint,condition_idB23.c_noBRP,0.219062834936956,0.234846836122035,0.932790232792931,0.350928285163466,-0.241236963862232,0.679362633736144
B23,tr_10,cv_train,0.0,M_joint,condition_idB23.c_noFAR,0.234080303866916,0.23887745345766,0.979917947377171,0.327126623015907,-0.234119504910097,0.702280112643928
B23,tr_10,cv_train,0.0,M_joint,condition_idB23.c_noSPA,-0.0207846207538026,0.23869409279647,-0.0870763935139577,0.930610789346543,-0.488625042634885,0.447055801127279
B23,tr_10,cv_train,0.0,M_joint,condition_idB23.c_noTUR,0.467305425699049,0.239112599674007,1.9543320859551,0.0506619566449839,-0.0013552696620041,0.935966121060102
B23,tr_10,cv_train,0.0,M_joint,similarity_z,0.0375983491967902,0.0158580460115357,2.37093202841257,0.0177432937981717,0.0065165790141802,0.0686801193794
B23,tr_10,cv_train,0.0,M_joint,test_talker_idB23.FAR.FAR,-0.765930052572328,0.420490863069371,-1.82151413940704,0.0685287393382534,-1.5900921441883,0.0582320390436391
B23,tr_10,cv_train,0.0,M_joint,test_talker_idB23.SPA.SPA,-0.759635723463052,0.420796056834529,-1.80523489021611,0.0710379333497754,-1.58439599485873,0.0651245479326246
B23,tr_10,cv_train,0.0,M_joint,test_talker_idB23.TUR.TUR,-1.70370109151652,0.420313468983131,-4.05340589165106,5.04773110814756e-05,-2.52751549072345,-0.879886692309581
B23,tr_10,cv_train,0.0,M_null,(Intercept),2.18907379585421,0.305726684513404,7.16023136592851,8.05410117158341e-13,1.58984949420793,2.78829809750048
B23,tr_10,cv_train,0.0,M_null,test_talker_idB23.FAR.FAR,-0.760447190620079,0.421975714644283,-1.80211126903623,0.0715279010723657,-1.58751959132287,0.0666252100827158
B23,tr_10,cv_train,0.0,M_null,test_talker_idB23.SPA.SPA,-0.76511909673249,0.422439758126726,-1.81119102076317,0.0701112876717585,-1.59310102266087,0.0628628291958923
B23,tr_10,cv_train,0.0,M_null,test_talker_idB23.TUR.TUR,-1.7006432473343,0.421876448779009,-4.03114052053933,5.55068435571194e-05,-2.52752108694115,-0.873765407727439
B23,tr_10,cv_train,0.0,M_predictor,(Intercept),2.19035134215472,0.304852171686958,7.18496223935028,6.72257640100167e-13,1.59284108564829,2.78786159866116
B23,tr_10,cv_train,0.0,M_predictor,similarity_z,0.0375750471393377,0.0158526993514669,2.37026176465403,0.0177754953683701,0.0065037564104626,0.0686463378682129
B23,tr_10,cv_train,0.0,M_predictor,test_talker_idB23.FAR.FAR,-0.765929598378329,0.420796918493183,-1.82018823027749,0.0687303448623192,-1.59069155862497,0.05883236186831
B23,tr_10,cv_train,0.0,M_predictor,test_talker_idB23.SPA.SPA,-0.759666370500525,0.421120250443078,-1.80391793009538,0.0712441736966887,-1.58506206136896,0.065729320367908
B23,tr_10,cv_train,0.0,M_predictor,test_talker_idB23.TUR.TUR,-1.70362285500188,0.420694384632903,-4.04954978538271,5.13162604465699e-05,-2.52818384888237,-0.879061861121395
B23,tr_10,cv_train,1.0,M_condition,(Intercept),2.25440598016249,0.350937368872758,6.42395532685461,1.32778184538988e-10,1.56656873717189,2.9422432231531
B23,tr_10,cv_train,1.0,M_condition,condition_idB23.b_FAR,0.145322203100781,0.273879580126126,0.530606199388279,0.595691698805146,-0.391481773946425,0.682126180147988
B23,tr_10,cv_train,1.0,M_condition,condition_idB23.b_SPA,-0.130528084296681,0.269278050278999,-0.484733472191442,0.627865419680558,-0.65831306284352,0.397256894250158
B23,tr_10,cv_train,1.0,M_condition,condition_idB23.b_TUR,-0.321196305355225,0.278923507764818,-1.15155695527123,0.249503178166237,-0.867886380574268,0.225493769863818
B23,tr_10,cv_train,1.0,M_condition,condition_idB23.c_noBRP,-0.0131030674369056,0.269197428319519,-0.0486745639388247,0.961178646877878,-0.540730026943162,0.514523892069351
B23,tr_10,cv_train,1.0,M_condition,condition_idB23.c_noFAR,0.0043706281280715,0.279165474273703,0.0156560482253132,0.987508791130466,-0.542793701448386,0.551534957704529
B23,tr_10,cv_train,1.0,M_condition,condition_idB23.c_noSPA,-0.102219854912487,0.273754749293229,-0.373399384581985,0.70885121746611,-0.638779163527217,0.434339453702242
B23,tr_10,cv_train,1.0,M_condition,condition_idB23.c_noTUR,0.0605123201125062,0.273796731376744,0.221011842647754,0.825083211880674,-0.476129273385912,0.597153913610924
B23,tr_10,cv_train,1.0,M_condition,test_talker_idB23.FAR.FAR,-0.853410726870499,0.412799109536467,-2.06737540647507,0.0386987938054192,-1.66249698156197,-0.0443244721790241
B23,tr_10,cv_train,1.0,M_condition,test_talker_idB23.SPA.SPA,-0.818457175674713,0.413257767448686,-1.98050040469316,0.047647327916087,-1.62844239987414,-0.0084719514752886
B23,tr_10,cv_train,1.0,M_condition,test_talker_idB23.TUR.TUR,-1.74918314778374,0.412796931608843,-4.23739377365631,2.26129346321337e-05,-2.55826513373707,-0.940101161830411
B23,tr_10,cv_train,1.0,M_joint,(Intercept),2.25355707730883,0.351046557135798,6.41953903691775,1.36687603317513e-10,1.56550582532267,2.941608329295
B23,tr_10,cv_train,1.0,M_joint,condition_idB23.b_FAR,0.146237685208699,0.273953131242867,0.533805489082199,0.593476115690844,-0.390710452027321,0.683185822444718
B23,tr_10,cv_train,1.0,M_joint,condition_idB23.b_SPA,-0.128524712057891,0.269245025896447,-0.477352224539599,0.63311132836403,-0.656244962814926,0.399195538699145
B23,tr_10,cv_train,1.0,M_joint,condition_idB23.b_TUR,-0.318866306275792,0.278937939155522,-1.14314426800869,0.252978697172401,-0.865584667020616,0.227852054469032
B23,tr_10,cv_train,1.0,M_joint,condition_idB23.c_noBRP,-0.0115120207497663,0.269228189577485,-0.0427593439150364,0.965893373183872,-0.539199272321637,0.516175230822104
B23,tr_10,cv_train,1.0,M_joint,condition_idB23.c_noFAR,0.0056708368989302,0.279119775846528,0.0203168581722003,0.983790607685962,-0.541403923760264,0.552745597558125
B23,tr_10,cv_train,1.0,M_joint,condition_idB23.c_noSPA,-0.101249589112623,0.273737171675963,-0.369878845802049,0.711472764007678,-0.63777444559751,0.435275267372265
B23,tr_10,cv_train,1.0,M_joint,condition_idB23.c_noTUR,0.0614850910611633,0.273805605485834,0.224557459121648,0.822323562340075,-0.475173895691071,0.598144077813398
B23,tr_10,cv_train,1.0,M_joint,similarity_z,0.0086196880795558,0.0159299453607598,0.541099663831157,0.588438889936974,-0.0226030048275334,0.0398423809866451
B23,tr_10,cv_train,1.0,M_joint,test_talker_idB23.FAR.FAR,-0.854812210253315,0.413041819433126,-2.06955366269326,0.0384941611461219,-1.66437417634224,-0.0452502441643875
B23,tr_10,cv_train,1.0,M_joint,test_talker_idB23.SPA.SPA,-0.817839012656937,0.413272586594575,-1.9789336123067,0.0478234812747317,-1.6278532823823,-0.0078247429315708
B23,tr_10,cv_train,1.0,M_joint,test_talker_idB23.TUR.TUR,-1.74985017551864,0.412949247470573,-4.2374460935259,2.26076675512561e-05,-2.55923070056096,-0.940469650476315
B23,tr_10,cv_train,1.0,M_null,(Intercept),2.21137986358032,0.30107111269375,7.34504165409497,2.05695029820999e-13,1.62128048270057,2.80147924446007
B23,tr_10,cv_train,1.0,M_null,test_talker_idB23.FAR.FAR,-0.853347171730907,0.413217215040087,-2.0651297687298,0.0389107234363262,-1.66325291320948,-0.0434414302523362
B23,tr_10,cv_train,1.0,M_null,test_talker_idB23.SPA.SPA,-0.818407797937475,0.413407027139635,-1.97966590843905,0.0477410817287982,-1.62868557113116,-0.0081300247437899
B23,tr_10,cv_train,1.0,M_null,test_talker_idB23.TUR.TUR,-1.74912813156434,0.412908432822166,-4.23611627306646,2.27419045650166e-05,-2.55842865989579,-0.939827603232899
B23,tr_10,cv_train,1.0,M_predictor,(Intercept),2.21184196308242,0.300756475767689,7.35426213994771,1.91984641848483e-13,1.62235927057775,2.80132465558709
B23,tr_10,cv_train,1.0,M_predictor,similarity_z,0.00896408177917,0.0159290973713332,0.56274888464818,0.573605891408623,-0.0222569490686431,0.0401851126269831
B23,tr_10,cv_train,1.0,M_predictor,test_talker_idB23.FAR.FAR,-0.854845316469895,0.412714115945208,-2.07127714668084,0.0383329036930165,-1.6637649837225,-0.045925649217287
B23,tr_10,cv_train,1.0,M_predictor,test_talker_idB23.SPA.SPA,-0.817806510376251,0.412975873364927,-1.98027672588416,0.0476724425412714,-1.62723922217151,-0.0083737985809934
B23,tr_10,cv_train,1.0,M_predictor,test_talker_idB23.TUR.TUR,-1.74988991638135,0.412609972013384,-4.24102672032509,2.22499643903085e-05,-2.55860546152758,-0.941174371235116
B23,tr_10,cv_train,2.0,M_condition,(Intercept),2.25956318922655,0.36988033873519,6.1089032116526,1.00318139371422e-09,1.53459772530558,2.98452865314753
B23,tr_10,cv_train,2.0,M_condition,condition_idB23.b_FAR,0.126385312005064,0.284240311851811,0.44464246180167,0.656578156479811,-0.430725699224486,0.683496323234614
B23,tr_10,cv_train,2.0,M_condition,condition_idB23.b_SPA,-0.106944748617129,0.279462373504611,-0.382680313188439,0.701956813144138,-0.654691000686166,0.440801503451908
B23,tr_10,cv_train,2.0,M_condition,condition_idB23.b_TUR,-0.129749549641328,0.284177660761746,-0.456578991091457,0.647973682577587,-0.686737764734351,0.427238665451694
B23,tr_10,cv_train,2.0,M_condition,condition_idB23.c_noBRP,0.200493365665119,0.284314120414612,0.705182582464572,0.480696619098274,-0.35676231034752,0.757749041677758
B23,tr_10,cv_train,2.0,M_condition,condition_idB23.c_noFAR,-0.0643104247359493,0.28976610251685,-0.221939088724878,0.824361300847866,-0.632251985668976,0.503631136197077
B23,tr_10,cv_train,2.0,M_condition,condition_idB23.c_noSPA,-0.0318180958021801,0.284263991097178,-0.111931503105164,0.910877717686124,-0.588975518352648,0.525339326748288
B23,tr_10,cv_train,2.0,M_condition,condition_idB23.c_noTUR,0.351659945192766,0.284515615279904,1.23599523648924,0.21646033431962,-0.205990660755845,0.909310551141378
B23,tr_10,cv_train,2.0,M_condition,test_talker_idB23.FAR.FAR,-0.953238894680362,0.43761256038328,-2.17827133171286,0.0293858421923343,-1.81095951303159,-0.095518276329134
B23,tr_10,cv_train,2.0,M_condition,test_talker_idB23.SPA.SPA,-0.897517081197998,0.437925108522126,-2.0494761860695,0.0404155741415428,-1.75585029390137,-0.0391838684946312
B23,tr_10,cv_train,2.0,M_condition,test_talker_idB23.TUR.TUR,-1.8301009522651,0.437479942747255,-4.18327967397216,2.87333552174783e-05,-2.68756164004972,-0.972640264480478
B23,tr_10,cv_train,2.0,M_joint,(Intercept),2.2592057470703,0.370292311585944,6.10114138582634,1.0531369877561501e-09,1.53343281636185,2.98497867777875
B23,tr_10,cv_train,2.0,M_joint,condition_idB23.b_FAR,0.126701136334069,0.284580814490476,0.445220232294715,0.656160606853196,-0.431077260067265,0.684479532735403
B23,tr_10,cv_train,2.0,M_joint,condition_idB23.b_SPA,-0.106204644847542,0.27985952025617,-0.379492699588447,0.704322024466124,-0.654729304549635,0.442320014854552
B23,tr_10,cv_train,2.0,M_joint,condition_idB23.b_TUR,-0.128905352792403,0.284553554082706,-0.453009111792488,0.650542180332856,-0.686630318794507,0.428819613209702
B23,tr_10,cv_train,2.0,M_joint,condition_idB23.c_noBRP,0.201052492512701,0.284743291692358,0.706083333228873,0.480136315771004,-0.35704435920432,0.759149344229722
B23,tr_10,cv_train,2.0,M_joint,condition_idB23.c_noFAR,-0.0638041731793179,0.28998401397797,-0.220026519062409,0.825850501518655,-0.632172840576139,0.504564494217504
B23,tr_10,cv_train,2.0,M_joint,condition_idB23.c_noSPA,-0.0314588701658221,0.284612758264122,-0.110532185407613,0.911987325979419,-0.589299876363502,0.526382136031857
B23,tr_10,cv_train,2.0,M_joint,condition_idB23.c_noTUR,0.352052342358903,0.28487635711056,1.23580751287926,0.216530121704816,-0.206305317577794,0.910410002295601
B23,tr_10,cv_train,2.0,M_joint,similarity_z,0.0034275071176815,0.015835569716962,0.216443562116382,0.828642013264651,-0.0276102095275639,0.034465223762927
B23,tr_10,cv_train,2.0,M_joint,test_talker_idB23.FAR.FAR,-0.953698116871637,0.437612705522402,-2.17931998965422,0.0293079052531209,-1.81141901969554,-0.0959772140477292
B23,tr_10,cv_train,2.0,M_joint,test_talker_idB23.SPA.SPA,-0.897212400862225,0.438263098892157,-2.0472004216878,0.0406384100580727,-1.75620807469085,-0.0382167270335981
B23,tr_10,cv_train,2.0,M_joint,test_talker_idB23.TUR.TUR,-1.83038049787517,0.437773144076966,-4.18111645869572,2.90081233964125e-05,-2.68841586026603,-0.97234513548432
B23,tr_10,cv_train,2.0,M_null,(Intercept),2.30246861745784,0.319605296451439,7.20410031692851,5.84283396432581e-13,1.67604223641302,2.92889499850267
B23,tr_10,cv_train,2.0,M_null,test_talker_idB23.FAR.FAR,-0.953195504564811,0.438381672310799,-2.17435071940924,0.0296788060711275,-1.81242358229398,-0.0939674268356454
B23,tr_10,cv_train,2.0,M_null,test_talker_idB23.SPA.SPA,-0.897463323070555,0.438695014092122,-2.04575683388573,0.0407803009449926,-1.75730555069111,-0.0376210954499965
B23,tr_10,cv_train,2.0,M_null,test_talker_idB23.TUR.TUR,-1.83005815454503,0.438097534047239,-4.17728476496673,2.95009598261522e-05,-2.68872932127762,-0.971386987812439
B23,tr_10,cv_train,2.0,M_predictor,(Intercept),2.30260687149377,0.319185081675631,7.21401783380895,5.43246365970003e-13,1.67700411140953,2.92820963157801
B23,tr_10,cv_train,2.0,M_predictor,similarity_z,0.0036036480231535,0.0158390790721307,0.227516259420304,0.820022327531838,-0.0274409469582225,0.0346482430045297
B23,tr_10,cv_train,2.0,M_predictor,test_talker_idB23.FAR.FAR,-0.9537162993913,0.437711930141595,-2.17886750101324,0.0293415126626336,-1.81163168246883,-0.0958009163137747
B23,tr_10,cv_train,2.0,M_predictor,test_talker_idB23.SPA.SPA,-0.897166218887072,0.438111584784882,-2.04780300280713,0.0405793060134493,-1.75586492506544,-0.0384675127087024
B23,tr_10,cv_train,2.0,M_predictor,test_talker_idB23.TUR.TUR,-1.8303701691087,0.437625834948212,-4.18250026149692,2.88320685976987e-05,-2.6881168056072,-0.97262353261021
B23,tr_10,full,,M_condition,(Intercept),2.18060578382736,0.337183932182613,6.4671106055148,9.98945339572343e-11,1.51972527674944,2.84148629090528
B23,tr_10,full,,M_condition,condition_idB23.b_FAR,0.219459773419322,0.21863077333374,1.00379178133499,0.315478986660558,-0.209056542314809,0.647976089153453
B23,tr_10,full,,M_condition,condition_idB23.b_SPA,0.0306613427995432,0.216062874661327,0.141909353226944,0.887151606284051,-0.392821891536658,0.454144577135745
B23,tr_10,full,,M_condition,condition_idB23.b_TUR,-0.208652787773096,0.221102742744799,-0.943691539882556,0.345327298496538,-0.642014163552901,0.224708588006709
B23,tr_10,full,,M_condition,condition_idB23.c_noBRP,0.131172469169352,0.216087517532169,0.607033995611637,0.543828351534706,-0.292359065193699,0.554704003532403
B23,tr_10,full,,M_condition,condition_idB23.c_noFAR,0.0577975298705554,0.22136041238186,0.261101473604283,0.79401425531638,-0.37606887839789,0.491663938139001
B23,tr_10,full,,M_condition,condition_idB23.c_noSPA,-0.0528976613758024,0.218461354897239,-0.24213738581217,0.80867371027617,-0.481081916974392,0.375286594222787
B23,tr_10,full,,M_condition,condition_idB23.c_noTUR,0.291153405376378,0.218634789709233,1.3316883637942,0.182962614526647,-0.137370782453718,0.719677593206475
B23,tr_10,full,,M_condition,test_talker_idB23.FAR.FAR,-0.864653890122331,0.423351602657195,-2.04240136259146,0.0411117347058313,-1.69442303133043,-0.0348847489142297
B23,tr_10,full,,M_condition,test_talker_idB23.SPA.SPA,-0.833439361276816,0.423682527639182,-1.96713177180295,0.049168021249077,-1.66385711544961,-0.0030216071040195
B23,tr_10,full,,M_condition,test_talker_idB23.TUR.TUR,-1.76721241428133,0.423052861762388,-4.17728509605001,2.95009169000889e-05,-2.59639602333561,-0.93802880522705
B23,tr_10,full,,M_joint,(Intercept),2.17893401644297,0.337523230243862,6.45565644435401,1.0775080277783001e-10,1.517388485165,2.84047954772094
B23,tr_10,full,,M_joint,condition_idB23.b_FAR,0.221241222673867,0.218688619779725,1.011672316999,0.311694755927539,-0.207388472094394,0.649870917442128
B23,tr_10,full,,M_joint,condition_idB23.b_SPA,0.0344338192216292,0.216250661382325,0.159231046978169,0.873486843955016,-0.389417477087728,0.458285115530986
B23,tr_10,full,,M_joint,condition_idB23.b_TUR,-0.204370879023678,0.22125447018836,-0.923691525191293,0.355646945757981,-0.638029640592863,0.229287882545508
B23,tr_10,full,,M_joint,condition_idB23.c_noBRP,0.13410844381969,0.216183670475251,0.62034492949847,0.535030720706119,-0.289611550311802,0.557828437951183
B23,tr_10,full,,M_joint,condition_idB23.c_noFAR,0.0602418559468121,0.221390168220548,0.272107187193604,0.785539603406462,-0.373682873765462,0.494166585659087
B23,tr_10,full,,M_joint,condition_idB23.c_noSPA,-0.0511015742897363,0.218613271732927,-0.233753302737107,0.815176504253274,-0.479583586886272,0.3773804383068
B23,tr_10,full,,M_joint,condition_idB23.c_noTUR,0.293097567882003,0.218789223165839,1.33963439168043,0.180364237008551,-0.135729309523041,0.721924445287047
B23,tr_10,full,,M_joint,similarity_z,0.0159520712483671,0.0129611334939631,1.23076205146695,0.218411872527169,-0.0094517503998006,0.0413558928965348
B23,tr_10,full,,M_joint,test_talker_idB23.FAR.FAR,-0.867109715245532,0.423636814449317,-2.04682332996173,0.0406754341309521,-1.69743787156619,-0.0367815589248704
B23,tr_10,full,,M_joint,test_talker_idB23.SPA.SPA,-0.831911166497102,0.42397529175699,-1.96216898171021,0.0497428139243317,-1.6629027383408,-0.0009195946534016
B23,tr_10,full,,M_joint,test_talker_idB23.TUR.TUR,-1.76857007675353,0.423261491343702,-4.17843369388261,2.93523541438038e-05,-2.59816259978718,-0.938977553719872
B23,tr_10,full,,M_null,(Intercept),2.24108979059246,0.305979867196128,7.32430473654646,2.4014043763118797e-13,1.64136925088805,2.84081033029687
B23,tr_10,full,,M_null,test_talker_idB23.FAR.FAR,-0.864602202509169,0.424336893261325,-2.03753719329964,0.041596238694903,-1.69630251330137,-0.0329018917169729
B23,tr_10,full,,M_null,test_talker_idB23.SPA.SPA,-0.833382686419152,0.424839017949634,-1.96164347248809,0.0498040072666257,-1.66606716160043,-0.0006982112378695
B23,tr_10,full,,M_null,test_talker_idB23.TUR.TUR,-1.76718310194618,0.424271418135367,-4.16521836354846,3.11054698894217e-05,-2.5987550814915,-0.935611122400858
B23,tr_10,full,,M_predictor,(Intercept),2.24173612806365,0.306248247442089,7.31999659357252,2.47977250399381e-13,1.64148956307715,2.84198269305014
B23,tr_10,full,,M_predictor,similarity_z,0.0161470882117776,0.0129612803657879,1.2457942237249,0.212839950750664,-0.0092570213051667,0.0415511977287219
B23,tr_10,full,,M_predictor,test_talker_idB23.FAR.FAR,-0.867074913668493,0.424915009773183,-2.04058433739804,0.0412921603029605,-1.69990833282393,-0.0342414945130541
B23,tr_10,full,,M_predictor,test_talker_idB23.SPA.SPA,-0.831734424800176,0.424738846353624,-1.95822546475464,0.0502035623338483,-1.66422256365328,0.0007537140529269
B23,tr_10,full,,M_predictor,test_talker_idB23.TUR.TUR,-1.76850690915755,0.424537782022818,-4.16572325019238,3.10367028525322e-05,-2.60060096192228,-0.936412856392832
B23,tr_12,cv_train,0.0,M_condition,(Intercept),2.00748489855931,0.342756884363664,5.85687695897414,4.71652291020682e-09,1.33568140520652,2.67928839191209
B23,tr_12,cv_train,0.0,M_condition,condition_idB23.b_FAR,0.386983691503391,0.238994404892281,1.61921653219376,0.10540068214423,-0.0814453420854793,0.855412725092262
B23,tr_12,cv_train,0.0,M_condition,condition_idB23.b_SPA,0.343234271771975,0.239072918682451,1.43568863283874,0.151090961213782,-0.125348648845629,0.811817192389579
B23,tr_12,cv_train,0.0,M_condition,condition_idB23.b_TUR,-0.181478345976765,0.243097187673419,-0.746525896550338,0.455349793999303,-0.657948833816666,0.294992141863136
B23,tr_12,cv_train,0.0,M_condition,condition_idB23.c_noBRP,0.211358408383549,0.234912581651848,0.899732176528511,0.368262795621399,-0.249070251654074,0.671787068421172
B23,tr_12,cv_train,0.0,M_condition,condition_idB23.c_noFAR,0.227840232438111,0.238999663172525,0.953307755390607,0.340434163220042,-0.240599107380038,0.69627957225626
B23,tr_12,cv_train,0.0,M_condition,condition_idB23.c_noSPA,-0.025597509651364,0.238806415266908,-0.107189371871582,0.914638746869281,-0.493658083574504,0.442463064271776
B23,tr_12,cv_train,0.0,M_condition,condition_idB23.c_noTUR,0.461894153641182,0.239182784218596,1.93113461384848,0.0534664074399966,-0.0069041034272661,0.93069241070963
B23,tr_12,cv_train,0.0,M_condition,test_talker_idB23.FAR.FAR,-0.760446494286919,0.421331710660541,-1.80486413684537,0.0710959450002022,-1.58625664718158,0.0653636586077416
B23,tr_12,cv_train,0.0,M_condition,test_talker_idB23.SPA.SPA,-0.765126993980093,0.421683371414569,-1.81445853891135,0.0696071603680536,-1.59162640195265,0.0613724139924636
B23,tr_12,cv_train,0.0,M_condition,test_talker_idB23.TUR.TUR,-1.70062953509264,0.421121006537777,-4.03833935778761,5.38309386714887e-05,-2.52602670790668,-0.875232362278597
B23,tr_12,cv_train,0.0,M_joint,(Intercept),2.00050708285315,0.342443771104203,5.8418556611573,5.1622525910028305e-09,1.32931729148891,2.67169687421739
B23,tr_12,cv_train,0.0,M_joint,condition_idB23.b_FAR,0.392618566700971,0.239054608726996,1.64238024437901,0.100511226489893,-0.0759284664039407,0.861165599805882
B23,tr_12,cv_train,0.0,M_joint,condition_idB23.b_SPA,0.353642425377577,0.23917150274268,1.478614388931,0.13924340482934,-0.115133719998076,0.82241857075323
B23,tr_12,cv_train,0.0,M_joint,condition_idB23.b_TUR,-0.169083504138558,0.243154961648117,-0.69537344824264,0.486821295789324,-0.645667228968868,0.307500220691752
B23,tr_12,cv_train,0.0,M_joint,condition_idB23.c_noBRP,0.219719561276212,0.23497118894559,0.935091498928791,0.349741147227956,-0.240823969057144,0.680263091609568
B23,tr_12,cv_train,0.0,M_joint,condition_idB23.c_noFAR,0.234635521007763,0.239041798022941,0.981566918205848,0.326313251954608,-0.233886403117201,0.703157445132727
B23,tr_12,cv_train,0.0,M_joint,condition_idB23.c_noSPA,-0.0202722662157384,0.238848310521374,-0.0848750664029681,0.932360714372361,-0.488414954837632,0.447870422406155
B23,tr_12,cv_train,0.0,M_joint,condition_idB23.c_noTUR,0.467499445828675,0.239209210534789,1.9543538678277,0.0506593823942787,-0.0013506068195103,0.936349498476861
B23,tr_12,cv_train,0.0,M_joint,similarity_z,0.0385777940225848,0.0159086416028248,2.42495839592834,0.0153101411858232,0.0073968564810482,0.0697587315641214
B23,tr_12,cv_train,0.0,M_joint,test_talker_idB23.FAR.FAR,-0.765552130590461,0.420562155040647,-1.82030675231934,0.0687123036785009,-1.58985395447013,0.058749693289206
B23,tr_12,cv_train,0.0,M_joint,test_talker_idB23.SPA.SPA,-0.754381222730352,0.420798500821541,-1.7927374295715,0.0730149185819236,-1.57914628434057,0.0703838388798694
B23,tr_12,cv_train,0.0,M_joint,test_talker_idB23.TUR.TUR,-1.70319277856742,0.42025206759569,-4.05278857594107,5.06107369666704e-05,-2.52688683105498,-0.879498726079872
B23,tr_12,cv_train,0.0,M_null,(Intercept),2.18907379585421,0.305726684513404,7.16023136592851,8.05410117158341e-13,1.58984949420793,2.78829809750048
B23,tr_12,cv_train,0.0,M_null,test_talker_idB23.FAR.FAR,-0.760447190620079,0.421975714644283,-1.80211126903623,0.0715279010723657,-1.58751959132287,0.0666252100827158
B23,tr_12,cv_train,0.0,M_null,test_talker_idB23.SPA.SPA,-0.76511909673249,0.422439758126726,-1.81119102076317,0.0701112876717585,-1.59310102266087,0.0628628291958923
B23,tr_12,cv_train,0.0,M_null,test_talker_idB23.TUR.TUR,-1.7006432473343,0.421876448779009,-4.03114052053933,5.55068435571194e-05,-2.52752108694115,-0.873765407727439
B23,tr_12,cv_train,0.0,M_predictor,(Intercept),2.18891622323386,0.304498993588559,7.18858278458397,6.54672882362625e-13,1.59209819580028,2.78573425066743
B23,tr_12,cv_train,0.0,M_predictor,similarity_z,0.0386165605479846,0.0159027490521763,2.42829465655813,0.0151700128548624,0.007447172405719,0.0697859486902501
B23,tr_12,cv_train,0.0,M_predictor,test_talker_idB23.FAR.FAR,-0.765655285053575,0.420393160086462,-1.82128387839636,0.0685637157880539,-1.58962587882304,0.0583153087158906
B23,tr_12,cv_train,0.0,M_predictor,test_talker_idB23.SPA.SPA,-0.754507651041822,0.420666342184425,-1.79360118787692,0.0728768468119941,-1.57901368172329,0.0699983796396499
B23,tr_12,cv_train,0.0,M_predictor,test_talker_idB23.TUR.TUR,-1.70321668236711,0.420019164899799,-4.05509277838176,5.01144076175698e-05,-2.52645424557072,-0.879979119163506
B23,tr_12,cv_train,1.0,M_condition,(Intercept),2.25440598016249,0.350937368872758,6.42395532685461,1.32778184538988e-10,1.56656873717189,2.9422432231531
B23,tr_12,cv_train,1.0,M_condition,condition_idB23.b_FAR,0.145322203100781,0.273879580126126,0.530606199388279,0.595691698805146,-0.391481773946425,0.682126180147988
B23,tr_12,cv_train,1.0,M_condition,condition_idB23.b_SPA,-0.130528084296681,0.269278050278999,-0.484733472191442,0.627865419680558,-0.65831306284352,0.397256894250158
B23,tr_12,cv_train,1.0,M_condition,condition_idB23.b_TUR,-0.321196305355225,0.278923507764818,-1.15155695527123,0.249503178166237,-0.867886380574268,0.225493769863818
B23,tr_12,cv_train,1.0,M_condition,condition_idB23.c_noBRP,-0.0131030674369056,0.269197428319519,-0.0486745639388247,0.961178646877878,-0.540730026943162,0.514523892069351
B23,tr_12,cv_train,1.0,M_condition,condition_idB23.c_noFAR,0.0043706281280715,0.279165474273703,0.0156560482253132,0.987508791130466,-0.542793701448386,0.551534957704529
B23,tr_12,cv_train,1.0,M_condition,condition_idB23.c_noSPA,-0.102219854912487,0.273754749293229,-0.373399384581985,0.70885121746611,-0.638779163527217,0.434339453702242
B23,tr_12,cv_train,1.0,M_condition,condition_idB23.c_noTUR,0.0605123201125062,0.273796731376744,0.221011842647754,0.825083211880674,-0.476129273385912,0.597153913610924
B23,tr_12,cv_train,1.0,M_condition,test_talker_idB23.FAR.FAR,-0.853410726870499,0.412799109536467,-2.06737540647507,0.0386987938054192,-1.66249698156197,-0.0443244721790241
B23,tr_12,cv_train,1.0,M_condition,test_talker_idB23.SPA.SPA,-0.818457175674713,0.413257767448686,-1.98050040469316,0.047647327916087,-1.62844239987414,-0.0084719514752886
B23,tr_12,cv_train,1.0,M_condition,test_talker_idB23.TUR.TUR,-1.74918314778374,0.412796931608843,-4.23739377365631,2.26129346321337e-05,-2.55826513373707,-0.940101161830411
B23,tr_12,cv_train,1.0,M_joint,(Intercept),2.25290071649325,0.35091349646294,6.42010278658854,1.36182362564562e-10,1.56511026342588,2.94069116956061
B23,tr_12,cv_train,1.0,M_joint,condition_idB23.b_FAR,0.146548825392072,0.273876591830405,0.535090729779564,0.592587119900472,-0.390249294595523,0.683346945379666
B23,tr_12,cv_train,1.0,M_joint,condition_idB23.b_SPA,-0.127942132555121,0.269259119452759,-0.475163600085859,0.634670369438947,-0.655690006682528,0.399805741572286
B23,tr_12,cv_train,1.0,M_joint,condition_idB23.b_TUR,-0.317890861364642,0.278962631791635,-1.13954639488089,0.254475328948808,-0.864657619676247,0.228875896946962
B23,tr_12,cv_train,1.0,M_joint,condition_idB23.c_noBRP,-0.0109440373105386,0.269200804700355,-0.0406538060787758,0.967571888533791,-0.538577614523234,0.516689539902157
B23,tr_12,cv_train,1.0,M_joint,condition_idB23.c_noFAR,0.0061472046443997,0.279133118773643,0.0220224840083727,0.982430020240837,-0.540953708151941,0.55324811744074
B23,tr_12,cv_train,1.0,M_joint,condition_idB23.c_noSPA,-0.100875038971723,0.273696026794815,-0.368565960394255,0.712451271642366,-0.637319251489561,0.435569173546115
B23,tr_12,cv_train,1.0,M_joint,condition_idB23.c_noTUR,0.0617621541670411,0.273772296535716,0.225596800511127,0.821515029529988,-0.474831547042963,0.598355855377045
B23,tr_12,cv_train,1.0,M_joint,similarity_z,0.0109214662984185,0.0159513075276535,0.684675301976648,0.493548837545082,-0.0203430964557824,0.0421860290526195
B23,tr_12,cv_train,1.0,M_joint,test_talker_idB23.FAR.FAR,-0.855163292454495,0.412819499614982,-2.07151864980231,0.0383103534368164,-1.66428951169986,-0.0460370732091292
B23,tr_12,cv_train,1.0,M_joint,test_talker_idB23.SPA.SPA,-0.81636781677957,0.413142945402186,-1.97599360188724,0.0481555018501655,-1.62612798976786,-0.0066076437912844
B23,tr_12,cv_train,1.0,M_joint,test_talker_idB23.TUR.TUR,-1.75004266600405,0.412695050405599,-4.24052254633074,2.2300003294978e-05,-2.55892496479902,-0.94116036720907
B23,tr_12,cv_train,1.0,M_null,(Intercept),2.21137986358032,0.30107111269375,7.34504165409497,2.05695029820999e-13,1.62128048270057,2.80147924446007
B23,tr_12,cv_train,1.0,M_null,test_talker_idB23.FAR.FAR,-0.853347171730907,0.413217215040087,-2.0651297687298,0.0389107234363262,-1.66325291320948,-0.0434414302523362
B23,tr_12,cv_train,1.0,M_null,test_talker_idB23.SPA.SPA,-0.818407797937475,0.413407027139635,-1.97966590843905,0.0477410817287982,-1.62868557113116,-0.0081300247437899
B23,tr_12,cv_train,1.0,M_null,test_talker_idB23.TUR.TUR,-1.74912813156434,0.412908432822166,-4.23611627306646,2.27419045650166e-05,-2.55842865989579,-0.939827603232899
B23,tr_12,cv_train,1.0,M_predictor,(Intercept),2.21151204448902,0.300416011547064,7.36149858691059,1.81856941101053e-13,1.62269666185678,2.80032742712127
B23,tr_12,cv_train,1.0,M_predictor,similarity_z,0.0113122249326317,0.0159508713487954,0.709191660146264,0.478205548167705,-0.0199514829110073,0.0425759327762706
B23,tr_12,cv_train,1.0,M_predictor,test_talker_idB23.FAR.FAR,-0.85510459227144,0.412298754974581,-2.07399266176333,0.0380799923843641,-1.66321015202162,-0.046999032521261
B23,tr_12,cv_train,1.0,M_predictor,test_talker_idB23.SPA.SPA,-0.816150333488333,0.412558354454719,-1.97826640686272,0.047898660708988,-1.62476470821958,-0.007535958757084
B23,tr_12,cv_train,1.0,M_predictor,test_talker_idB23.TUR.TUR,-1.74990182771856,0.412219355991098,-4.24507438160266,2.18520920998059e-05,-2.55785176546111,-0.941951889976006
B23,tr_12,cv_train,2.0,M_condition,(Intercept),2.25956318922655,0.36988033873519,6.1089032116526,1.00318139371422e-09,1.53459772530558,2.98452865314753
B23,tr_12,cv_train,2.0,M_condition,condition_idB23.b_FAR,0.126385312005064,0.284240311851811,0.44464246180167,0.656578156479811,-0.430725699224486,0.683496323234614
B23,tr_12,cv_train,2.0,M_condition,condition_idB23.b_SPA,-0.106944748617129,0.279462373504611,-0.382680313188439,0.701956813144138,-0.654691000686166,0.440801503451908
B23,tr_12,cv_train,2.0,M_condition,condition_idB23.b_TUR,-0.129749549641328,0.284177660761746,-0.456578991091457,0.647973682577587,-0.686737764734351,0.427238665451694
B23,tr_12,cv_train,2.0,M_condition,condition_idB23.c_noBRP,0.200493365665119,0.284314120414612,0.705182582464572,0.480696619098274,-0.35676231034752,0.757749041677758
B23,tr_12,cv_train,2.0,M_condition,condition_idB23.c_noFAR,-0.0643104247359493,0.28976610251685,-0.221939088724878,0.824361300847866,-0.632251985668976,0.503631136197077
B23,tr_12,cv_train,2.0,M_condition,condition_idB23.c_noSPA,-0.0318180958021801,0.284263991097178,-0.111931503105164,0.910877717686124,-0.588975518352648,0.525339326748288
B23,tr_12,cv_train,2.0,M_condition,condition_idB23.c_noTUR,0.351659945192766,0.284515615279904,1.23599523648924,0.21646033431962,-0.205990660755845,0.909310551141378
B23,tr_12,cv_train,2.0,M_condition,test_talker_idB23.FAR.FAR,-0.953238894680362,0.43761256038328,-2.17827133171286,0.0293858421923343,-1.81095951303159,-0.095518276329134
B23,tr_12,cv_train,2.0,M_condition,test_talker_idB23.SPA.SPA,-0.897517081197998,0.437925108522126,-2.0494761860695,0.0404155741415428,-1.75585029390137,-0.0391838684946312
B23,tr_12,cv_train,2.0,M_condition,test_talker_idB23.TUR.TUR,-1.8301009522651,0.437479942747255,-4.18327967397216,2.87333552174783e-05,-2.68756164004972,-0.972640264480478
B23,tr_12,cv_train,2.0,M_joint,(Intercept),2.25908632539969,0.370259346645521,6.10136204762037,1.0516838659541801e-09,1.53337800597447,2.98479464482491
B23,tr_12,cv_train,2.0,M_joint,condition_idB23.b_FAR,0.126705874885245,0.284520917935034,0.445330613316018,0.65608084768024,-0.430955124267421,0.684366874037911
B23,tr_12,cv_train,2.0,M_joint,condition_idB23.b_SPA,-0.106190813383164,0.279860204546324,-0.379442348923127,0.704359407713736,-0.654716814293959,0.442335187527631
B23,tr_12,cv_train,2.0,M_joint,condition_idB23.b_TUR,-0.128825844227671,0.284584870631213,-0.452679876979876,0.650779271748803,-0.686612190664849,0.428960502209506
B23,tr_12,cv_train,2.0,M_joint,condition_idB23.c_noBRP,0.201099021103893,0.284633564978411,0.706518997923335,0.479865442555152,-0.356782766253792,0.758980808461578
B23,tr_12,cv_train,2.0,M_joint,condition_idB23.c_noFAR,-0.0637826010993864,0.290094189344707,-0.219868592485305,0.825973497342937,-0.632367212215012,0.504802010016239
B23,tr_12,cv_train,2.0,M_joint,condition_idB23.c_noSPA,-0.0314219192204044,0.284586180923382,-0.11041266697649,0.912082107756236,-0.589210833830233,0.526366995389424
B23,tr_12,cv_train,2.0,M_joint,condition_idB23.c_noTUR,0.352054773490086,0.284823839456127,1.23604391459064,0.216442240585131,-0.206199951843923,0.910309498824096
B23,tr_12,cv_train,2.0,M_joint,similarity_z,0.0033598409048084,0.0158789250482853,0.211591206242974,0.832425970406502,-0.0277628521898308,0.0344825339994477
B23,tr_12,cv_train,2.0,M_joint,test_talker_idB23.FAR.FAR,-0.953709002210135,0.437502710338605,-2.17989278620014,0.0292654097916655,-1.8112143144738,-0.0962036899464693
B23,tr_12,cv_train,2.0,M_joint,test_talker_idB23.SPA.SPA,-0.896814783400613,0.438189482426954,-2.04663694444129,0.0406937446140715,-1.75566616895744,-0.0379633978437837
B23,tr_12,cv_train,2.0,M_joint,test_talker_idB23.TUR.TUR,-1.83037456111838,0.437523584137933,-4.1834877649506,2.87070546723998e-05,-2.68792078602873,-0.972828336208029
B23,tr_12,cv_train,2.0,M_null,(Intercept),2.30246861745784,0.319605296451439,7.20410031692851,5.84283396432581e-13,1.67604223641302,2.92889499850267
B23,tr_12,cv_train,2.0,M_null,test_talker_idB23.FAR.FAR,-0.953195504564811,0.438381672310799,-2.17435071940924,0.0296788060711275,-1.81242358229398,-0.0939674268356454
B23,tr_12,cv_train,2.0,M_null,test_talker_idB23.SPA.SPA,-0.897463323070555,0.438695014092122,-2.04575683388573,0.0407803009449926,-1.75730555069111,-0.0376210954499965
B23,tr_12,cv_train,2.0,M_null,test_talker_idB23.TUR.TUR,-1.83005815454503,0.438097534047239,-4.17728476496673,2.95009598261522e-05,-2.68872932127762,-0.971386987812439
B23,tr_12,cv_train,2.0,M_predictor,(Intercept),2.30249678925942,0.318960992921051,7.2187409757322,5.247109065810369e-13,1.67733324313416,2.92766033538468
B23,tr_12,cv_train,2.0,M_predictor,similarity_z,0.0035646780399221,0.0158824112658321,0.224441867186176,0.822413496225043,-0.0275648480411088,0.034694204120953
B23,tr_12,cv_train,2.0,M_predictor,test_talker_idB23.FAR.FAR,-0.953730198600422,0.437535121507732,-2.17977975188345,0.0292737915442329,-1.81129903675558,-0.0961613604452667
B23,tr_12,cv_train,2.0,M_predictor,test_talker_idB23.SPA.SPA,-0.896711948687984,0.437836485727753,-2.04805213342946,0.0405548913883979,-1.75487146071438,-0.0385524366615874
B23,tr_12,cv_train,2.0,M_predictor,test_talker_idB23.TUR.TUR,-1.83036237808922,0.43736459112619,-4.18498071226144,2.85190315618399e-05,-2.68759697669655,-0.973127779481885
B23,tr_12,full,,M_condition,(Intercept),2.18060578382736,0.337183932182613,6.4671106055148,9.98945339572343e-11,1.51972527674944,2.84148629090528
B23,tr_12,full,,M_condition,condition_idB23.b_FAR,0.219459773419322,0.21863077333374,1.00379178133499,0.315478986660558,-0.209056542314809,0.647976089153453
B23,tr_12,full,,M_condition,condition_idB23.b_SPA,0.0306613427995432,0.216062874661327,0.141909353226944,0.887151606284051,-0.392821891536658,0.454144577135745
B23,tr_12,full,,M_condition,condition_idB23.b_TUR,-0.208652787773096,0.221102742744799,-0.943691539882556,0.345327298496538,-0.642014163552901,0.224708588006709
B23,tr_12,full,,M_condition,condition_idB23.c_noBRP,0.131172469169352,0.216087517532169,0.607033995611637,0.543828351534706,-0.292359065193699,0.554704003532403
B23,tr_12,full,,M_condition,condition_idB23.c_noFAR,0.0577975298705554,0.22136041238186,0.261101473604283,0.79401425531638,-0.37606887839789,0.491663938139001
B23,tr_12,full,,M_condition,condition_idB23.c_noSPA,-0.0528976613758024,0.218461354897239,-0.24213738581217,0.80867371027617,-0.481081916974392,0.375286594222787
B23,tr_12,full,,M_condition,condition_idB23.c_noTUR,0.291153405376378,0.218634789709233,1.3316883637942,0.182962614526647,-0.137370782453718,0.719677593206475
B23,tr_12,full,,M_condition,test_talker_idB23.FAR.FAR,-0.864653890122331,0.423351602657195,-2.04240136259146,0.0411117347058313,-1.69442303133043,-0.0348847489142297
B23,tr_12,full,,M_condition,test_talker_idB23.SPA.SPA,-0.833439361276816,0.423682527639182,-1.96713177180295,0.049168021249077,-1.66385711544961,-0.0030216071040195
B23,tr_12,full,,M_condition,test_talker_idB23.TUR.TUR,-1.76721241428133,0.423052861762388,-4.17728509605001,2.95009169000889e-05,-2.59639602333561,-0.93802880522705
B23,tr_12,full,,M_joint,(Intercept),2.17799621973219,0.338137112740519,6.44116288235875,1.18561548481696e-10,1.51524747876077,2.84074496070361
B23,tr_12,full,,M_joint,condition_idB23.b_FAR,0.221436224680557,0.218806624658521,1.01201791776707,0.31152948640089,-0.207424759650144,0.650297209011259
B23,tr_12,full,,M_joint,condition_idB23.b_SPA,0.0347549491695125,0.216385037628528,0.160616230911385,0.872395670459083,-0.389359724582403,0.458869622921428
B23,tr_12,full,,M_joint,condition_idB23.b_TUR,-0.203603267468895,0.221454675721916,-0.919390240035224,0.357891492453679,-0.637654431883851,0.230447896946061
B23,tr_12,full,,M_joint,condition_idB23.c_noBRP,0.134516145630932,0.216360337545144,0.621722757309275,0.534124184863187,-0.28955011595755,0.558582407219415
B23,tr_12,full,,M_joint,condition_idB23.c_noFAR,0.0605933621184859,0.22161434654639,0.273418048347344,0.784531880589395,-0.373770757112438,0.49495748134941
B23,tr_12,full,,M_joint,condition_idB23.c_noSPA,-0.0507862895367106,0.218742842507221,-0.232173491733948,0.816403265787752,-0.479522260850864,0.377949681777442
B23,tr_12,full,,M_joint,condition_idB23.c_noTUR,0.293258660364865,0.218958982119678,1.33933149271116,0.180462780766171,-0.135900944589704,0.722418265319435
B23,tr_12,full,,M_joint,similarity_z,0.0169154770197588,0.0129917636040828,1.30201545650376,0.192911101904818,-0.0085483796442434,0.0423793336837611
B23,tr_12,full,,M_joint,test_talker_idB23.FAR.FAR,-0.867006180044208,0.42427690157837,-2.04349135392198,0.0410038223999563,-1.69858890713781,-0.0354234529506019
B23,tr_12,full,,M_joint,test_talker_idB23.SPA.SPA,-0.829586398279822,0.424422814455778,-1.95462253682939,0.0506276392512552,-1.66145511461315,0.0022823180535037
B23,tr_12,full,,M_joint,test_talker_idB23.TUR.TUR,-1.76842056737483,0.423985945411796,-4.17094148169758,3.03343759421935e-05,-2.59943302038195,-0.937408114367705
B23,tr_12,full,,M_null,(Intercept),2.24108979059246,0.305979867196128,7.32430473654646,2.4014043763118797e-13,1.64136925088805,2.84081033029687
B23,tr_12,full,,M_null,test_talker_idB23.FAR.FAR,-0.864602202509169,0.424336893261325,-2.03753719329964,0.041596238694903,-1.69630251330137,-0.0329018917169729
B23,tr_12,full,,M_null,test_talker_idB23.SPA.SPA,-0.833382686419152,0.424839017949634,-1.96164347248809,0.0498040072666257,-1.66606716160043,-0.0006982112378695
B23,tr_12,full,,M_null,test_talker_idB23.TUR.TUR,-1.76718310194618,0.424271418135367,-4.16521836354846,3.11054698894217e-05,-2.5987550814915,-0.935611122400858
B23,tr_12,full,,M_predictor,(Intercept),2.24113305304176,0.305236620373973,7.34228104837468,2.0998386711466798e-13,1.64286927710877,2.83939682897475
B23,tr_12,full,,M_predictor,similarity_z,0.0171557897388244,0.0129918982758424,1.32049908139478,0.186668442525528,-0.0083083308818267,0.0426199103594755
B23,tr_12,full,,M_predictor,test_talker_idB23.FAR.FAR,-0.867041366959719,0.423527140486442,-2.0471919838806,0.0406392381964344,-1.69715456231315,-0.0369281716062924
B23,tr_12,full,,M_predictor,test_talker_idB23.SPA.SPA,-0.829452891657938,0.423863640970157,-1.95688615744311,0.0503608543903621,-1.66022562795945,0.0013198446435699
B23,tr_12,full,,M_predictor,test_talker_idB23.TUR.TUR,-1.76836000325649,0.423384770454996,-4.17672086163161,2.95741580194022e-05,-2.59819415334829,-0.938525853164701
B23,tr_14,cv_train,0.0,M_condition,(Intercept),2.00748489855931,0.342756884363664,5.85687695897414,4.71652291020682e-09,1.33568140520652,2.67928839191209
B23,tr_14,cv_train,0.0,M_condition,condition_idB23.b_FAR,0.386983691503391,0.238994404892281,1.61921653219376,0.10540068214423,-0.0814453420854793,0.855412725092262
B23,tr_14,cv_train,0.0,M_condition,condition_idB23.b_SPA,0.343234271771975,0.239072918682451,1.43568863283874,0.151090961213782,-0.125348648845629,0.811817192389579
B23,tr_14,cv_train,0.0,M_condition,condition_idB23.b_TUR,-0.181478345976765,0.243097187673419,-0.746525896550338,0.455349793999303,-0.657948833816666,0.294992141863136
B23,tr_14,cv_train,0.0,M_condition,condition_idB23.c_noBRP,0.211358408383549,0.234912581651848,0.899732176528511,0.368262795621399,-0.249070251654074,0.671787068421172
B23,tr_14,cv_train,0.0,M_condition,condition_idB23.c_noFAR,0.227840232438111,0.238999663172525,0.953307755390607,0.340434163220042,-0.240599107380038,0.69627957225626
B23,tr_14,cv_train,0.0,M_condition,condition_idB23.c_noSPA,-0.025597509651364,0.238806415266908,-0.107189371871582,0.914638746869281,-0.493658083574504,0.442463064271776
B23,tr_14,cv_train,0.0,M_condition,condition_idB23.c_noTUR,0.461894153641182,0.239182784218596,1.93113461384848,0.0534664074399966,-0.0069041034272661,0.93069241070963
B23,tr_14,cv_train,0.0,M_condition,test_talker_idB23.FAR.FAR,-0.760446494286919,0.421331710660541,-1.80486413684537,0.0710959450002022,-1.58625664718158,0.0653636586077416
B23,tr_14,cv_train,0.0,M_condition,test_talker_idB23.SPA.SPA,-0.765126993980093,0.421683371414569,-1.81445853891135,0.0696071603680536,-1.59162640195265,0.0613724139924636
B23,tr_14,cv_train,0.0,M_condition,test_talker_idB23.TUR.TUR,-1.70062953509264,0.421121006537777,-4.03833935778761,5.38309386714887e-05,-2.52602670790668,-0.875232362278597
B23,tr_14,cv_train,0.0,M_joint,(Intercept),1.99805753911025,0.342753168128828,5.82943565487119,5.56151361082542e-09,1.32626132957775,2.66985374864275
B23,tr_14,cv_train,0.0,M_joint,condition_idB23.b_FAR,0.391691006856118,0.239192041001835,1.63755869641629,0.101513785140208,-0.0771253935074789,0.860507407219716
B23,tr_14,cv_train,0.0,M_joint,condition_idB23.b_SPA,0.35146028600045,0.23931902645449,1.46858480584404,0.141945438511948,-0.117605005850349,0.82052557785125
B23,tr_14,cv_train,0.0,M_joint,condition_idB23.b_TUR,-0.169919216825659,0.243312018362806,-0.69835932466061,0.484952507238583,-0.646810772816758,0.30697233916544
B23,tr_14,cv_train,0.0,M_joint,condition_idB23.c_noBRP,0.218360054977535,0.235114421643825,0.92873951946822,0.353024094765926,-0.242464211444363,0.679184321399432
B23,tr_14,cv_train,0.0,M_joint,condition_idB23.c_noFAR,0.233596052049823,0.23916857344358,0.976700444738522,0.328717474930173,-0.235174351899595,0.702366455999241
B23,tr_14,cv_train,0.0,M_joint,condition_idB23.c_noSPA,-0.0208831499606512,0.238953105149729,-0.087394344373829,0.930358064715655,-0.48923123605412,0.447464936132818
B23,tr_14,cv_train,0.0,M_joint,condition_idB23.c_noTUR,0.46644572950405,0.239403059286048,1.94836996191734,0.0513707113372003,-0.002784266696603,0.935675725704703
B23,tr_14,cv_train,0.0,M_joint,similarity_z,0.0423816816833052,0.016265931836639,2.60554895403166,0.0091727164607789,0.0105004552834927,0.0742629080831177
B23,tr_14,cv_train,0.0,M_joint,test_talker_idB23.FAR.FAR,-0.762722790057081,0.420532315041355,-1.81370791916924,0.0697227052344657,-1.58696612753814,0.0615205474239746
B23,tr_14,cv_train,0.0,M_joint,test_talker_idB23.SPA.SPA,-0.748019362159696,0.420861311130521,-1.7773535898331,0.0755100815919241,-1.57290753197552,0.0768688076561241
B23,tr_14,cv_train,0.0,M_joint,test_talker_idB23.TUR.TUR,-1.69836766551286,0.420205638261681,-4.04175363409856,5.30529559161426e-05,-2.52197071650575,-0.874764614519961
B23,tr_14,cv_train,0.0,M_null,(Intercept),2.18907379585421,0.305726684513404,7.16023136592851,8.05410117158341e-13,1.58984949420793,2.78829809750048
B23,tr_14,cv_train,0.0,M_null,test_talker_idB23.FAR.FAR,-0.760447190620079,0.421975714644283,-1.80211126903623,0.0715279010723657,-1.58751959132287,0.0666252100827158
B23,tr_14,cv_train,0.0,M_null,test_talker_idB23.SPA.SPA,-0.76511909673249,0.422439758126726,-1.81119102076317,0.0701112876717585,-1.59310102266087,0.0628628291958923
B23,tr_14,cv_train,0.0,M_null,test_talker_idB23.TUR.TUR,-1.7006432473343,0.421876448779009,-4.03114052053933,5.55068435571194e-05,-2.52752108694115,-0.873765407727439
B23,tr_14,cv_train,0.0,M_predictor,(Intercept),2.18540409504548,0.304192865197311,7.18427137871215,6.75665396974213e-13,1.58918607925875,2.78162211083221
B23,tr_14,cv_train,0.0,M_predictor,similarity_z,0.042527912925234,0.0162614174627419,2.61526481456329,0.0089158299485685,0.0106555346982599,0.0744002911522082
B23,tr_14,cv_train,0.0,M_predictor,test_talker_idB23.FAR.FAR,-0.762788778984096,0.419927734343044,-1.81647630437518,0.0692973395793417,-1.58584713829646,0.0602695803282713
B23,tr_14,cv_train,0.0,M_predictor,test_talker_idB23.SPA.SPA,-0.748001051744194,0.420325291702268,-1.77957659581911,0.0751452792579124,-1.57183862348064,0.0758365199922504
B23,tr_14,cv_train,0.0,M_predictor,test_talker_idB23.TUR.TUR,-1.69832927533147,0.419559579405042,-4.04788582765717,5.16823441405606e-05,-2.52066605096535,-0.87599249969759
B23,tr_14,cv_train,1.0,M_condition,(Intercept),2.25440598016249,0.350937368872758,6.42395532685461,1.32778184538988e-10,1.56656873717189,2.9422432231531
B23,tr_14,cv_train,1.0,M_condition,condition_idB23.b_FAR,0.145322203100781,0.273879580126126,0.530606199388279,0.595691698805146,-0.391481773946425,0.682126180147988
B23,tr_14,cv_train,1.0,M_condition,condition_idB23.b_SPA,-0.130528084296681,0.269278050278999,-0.484733472191442,0.627865419680558,-0.65831306284352,0.397256894250158
B23,tr_14,cv_train,1.0,M_condition,condition_idB23.b_TUR,-0.321196305355225,0.278923507764818,-1.15155695527123,0.249503178166237,-0.867886380574268,0.225493769863818
B23,tr_14,cv_train,1.0,M_condition,condition_idB23.c_noBRP,-0.0131030674369056,0.269197428319519,-0.0486745639388247,0.961178646877878,-0.540730026943162,0.514523892069351
B23,tr_14,cv_train,1.0,M_condition,condition_idB23.c_noFAR,0.0043706281280715,0.279165474273703,0.0156560482253132,0.987508791130466,-0.542793701448386,0.551534957704529
B23,tr_14,cv_train,1.0,M_condition,condition_idB23.c_noSPA,-0.102219854912487,0.273754749293229,-0.373399384581985,0.70885121746611,-0.638779163527217,0.434339453702242
B23,tr_14,cv_train,1.0,M_condition,condition_idB23.c_noTUR,0.0605123201125062,0.273796731376744,0.221011842647754,0.825083211880674,-0.476129273385912,0.597153913610924
B23,tr_14,cv_train,1.0,M_condition,test_talker_idB23.FAR.FAR,-0.853410726870499,0.412799109536467,-2.06737540647507,0.0386987938054192,-1.66249698156197,-0.0443244721790241
B23,tr_14,cv_train,1.0,M_condition,test_talker_idB23.SPA.SPA,-0.818457175674713,0.413257767448686,-1.98050040469316,0.047647327916087,-1.62844239987414,-0.0084719514752886
B23,tr_14,cv_train,1.0,M_condition,test_talker_idB23.TUR.TUR,-1.74918314778374,0.412796931608843,-4.23739377365631,2.26129346321337e-05,-2.55826513373707,-0.940101161830411
B23,tr_14,cv_train,1.0,M_joint,(Intercept),2.25076883919425,0.350253510649456,6.42611357419592,1.30907611291655e-10,1.56427195832131,2.93726572006718
B23,tr_14,cv_train,1.0,M_joint,condition_idB23.b_FAR,0.146944367891345,0.273790831346782,0.536703026790644,0.591472764952804,-0.389685661548349,0.683574397331038
B23,tr_14,cv_train,1.0,M_joint,condition_idB23.b_SPA,-0.127284176035305,0.269180880818995,-0.472857417094548,0.63631490706701,-0.654878702440536,0.400310350369925
B23,tr_14,cv_train,1.0,M_joint,condition_idB23.b_TUR,-0.316167653480862,0.278799007569515,-1.13403435771567,0.256780136345055,-0.86261370831711,0.230278401355387
B23,tr_14,cv_train,1.0,M_joint,condition_idB23.c_noBRP,-0.0101933799314506,0.269117782626352,-0.0378770211019585,0.969785734403222,-0.537664233879101,0.5172774740162
B23,tr_14,cv_train,1.0,M_joint,condition_idB23.c_noFAR,0.0068016349663514,0.27897575250659,0.024380738846437,0.980548911933227,-0.539990839946565,0.553594109879268
B23,tr_14,cv_train,1.0,M_joint,condition_idB23.c_noSPA,-0.100292650083184,0.273578759747481,-0.366595163220113,0.713921016604366,-0.636507019188246,0.435921719021879
B23,tr_14,cv_train,1.0,M_joint,condition_idB23.c_noTUR,0.0620441540530231,0.273619324054715,0.226753553563404,0.820615381818019,-0.474249721094218,0.598338029200264
B23,tr_14,cv_train,1.0,M_joint,similarity_z,0.0196666493728355,0.0162866738655495,1.20753012770984,0.227228049675751,-0.0122552314036415,0.0515885301493126
B23,tr_14,cv_train,1.0,M_joint,test_talker_idB23.FAR.FAR,-0.854912341069978,0.411947020786305,-2.0752968171445,0.0379590342635437,-1.66232850181114,-0.0474961803288205
B23,tr_14,cv_train,1.0,M_joint,test_talker_idB23.SPA.SPA,-0.812014037032682,0.412181442106395,-1.97004026402304,0.0488337561813002,-1.61988966356122,-0.0041384105041474
B23,tr_14,cv_train,1.0,M_joint,test_talker_idB23.TUR.TUR,-1.74828759883895,0.411646314073871,-4.24706243944458,2.16591612681189e-05,-2.55511437442373,-0.941460823254158
B23,tr_14,cv_train,1.0,M_null,(Intercept),2.21137986358032,0.30107111269375,7.34504165409497,2.05695029820999e-13,1.62128048270057,2.80147924446007
B23,tr_14,cv_train,1.0,M_null,test_talker_idB23.FAR.FAR,-0.853347171730907,0.413217215040087,-2.0651297687298,0.0389107234363262,-1.66325291320948,-0.0434414302523362
B23,tr_14,cv_train,1.0,M_null,test_talker_idB23.SPA.SPA,-0.818407797937475,0.413407027139635,-1.97966590843905,0.0477410817287982,-1.62868557113116,-0.0081300247437899
B23,tr_14,cv_train,1.0,M_null,test_talker_idB23.TUR.TUR,-1.74912813156434,0.412908432822166,-4.23611627306646,2.27419045650166e-05,-2.55842865989579,-0.939827603232899
B23,tr_14,cv_train,1.0,M_predictor,(Intercept),2.20994790627795,0.300645519776587,7.35067633111639,1.97206432207392e-13,1.62068268751583,2.79921312504006
B23,tr_14,cv_train,1.0,M_predictor,similarity_z,0.0200259817940446,0.0162871681788613,1.22955578122143,0.218863497276807,-0.0118968678365236,0.0519488314246127
B23,tr_14,cv_train,1.0,M_predictor,test_talker_idB23.FAR.FAR,-0.854773390245536,0.412578989349564,-2.07178119174972,0.0382858514838175,-1.66342820937068,-0.0461185711203911
B23,tr_14,cv_train,1.0,M_predictor,test_talker_idB23.SPA.SPA,-0.811759092179968,0.412695589758676,-1.96696817781514,0.0491868795563891,-1.62064244810697,-0.0028757362529624
B23,tr_14,cv_train,1.0,M_predictor,test_talker_idB23.TUR.TUR,-1.74806802692124,0.412308919974813,-4.23970460553709,2.23814112329064e-05,-2.55619351007187,-0.939942543770606
B23,tr_14,cv_train,2.0,M_condition,(Intercept),2.25956318922655,0.36988033873519,6.1089032116526,1.00318139371422e-09,1.53459772530558,2.98452865314753
B23,tr_14,cv_train,2.0,M_condition,condition_idB23.b_FAR,0.126385312005064,0.284240311851811,0.44464246180167,0.656578156479811,-0.430725699224486,0.683496323234614
B23,tr_14,cv_train,2.0,M_condition,condition_idB23.b_SPA,-0.106944748617129,0.279462373504611,-0.382680313188439,0.701956813144138,-0.654691000686166,0.440801503451908
B23,tr_14,cv_train,2.0,M_condition,condition_idB23.b_TUR,-0.129749549641328,0.284177660761746,-0.456578991091457,0.647973682577587,-0.686737764734351,0.427238665451694
B23,tr_14,cv_train,2.0,M_condition,condition_idB23.c_noBRP,0.200493365665119,0.284314120414612,0.705182582464572,0.480696619098274,-0.35676231034752,0.757749041677758
B23,tr_14,cv_train,2.0,M_condition,condition_idB23.c_noFAR,-0.0643104247359493,0.28976610251685,-0.221939088724878,0.824361300847866,-0.632251985668976,0.503631136197077
B23,tr_14,cv_train,2.0,M_condition,condition_idB23.c_noSPA,-0.0318180958021801,0.284263991097178,-0.111931503105164,0.910877717686124,-0.588975518352648,0.525339326748288
B23,tr_14,cv_train,2.0,M_condition,condition_idB23.c_noTUR,0.351659945192766,0.284515615279904,1.23599523648924,0.21646033431962,-0.205990660755845,0.909310551141378
B23,tr_14,cv_train,2.0,M_condition,test_talker_idB23.FAR.FAR,-0.953238894680362,0.43761256038328,-2.17827133171286,0.0293858421923343,-1.81095951303159,-0.095518276329134
B23,tr_14,cv_train,2.0,M_condition,test_talker_idB23.SPA.SPA,-0.897517081197998,0.437925108522126,-2.0494761860695,0.0404155741415428,-1.75585029390137,-0.0391838684946312
B23,tr_14,cv_train,2.0,M_condition,test_talker_idB23.TUR.TUR,-1.8301009522651,0.437479942747255,-4.18327967397216,2.87333552174783e-05,-2.68756164004972,-0.972640264480478
B23,tr_14,cv_train,2.0,M_joint,(Intercept),2.25739451012609,0.370224578408437,6.09736533384799,1.07830891137515e-09,1.53175433644555,2.98303468380663
B23,tr_14,cv_train,2.0,M_joint,condition_idB23.b_FAR,0.127182822908101,0.284554550397266,0.446954099769417,0.654908201336826,-0.43054409587054,0.684909741686741
B23,tr_14,cv_train,2.0,M_joint,condition_idB23.b_SPA,-0.105124693799408,0.279855036047789,-0.375639814398253,0.707184687280022,-0.653640564453075,0.443391176854259
B23,tr_14,cv_train,2.0,M_joint,condition_idB23.b_TUR,-0.127099829743013,0.284540292077672,-0.446684822085997,0.655102642177774,-0.68479880221525,0.430599142729225
B23,tr_14,cv_train,2.0,M_joint,condition_idB23.c_noBRP,0.202062145664205,0.284670295483714,0.709811135443054,0.477821262828725,-0.355891633483875,0.760015924812286
B23,tr_14,cv_train,2.0,M_joint,condition_idB23.c_noFAR,-0.0629361237269325,0.290089355722132,-0.216954267660952,0.828243985159981,-0.63151126094231,0.505639013488446
B23,tr_14,cv_train,2.0,M_joint,condition_idB23.c_noSPA,-0.0307435311402583,0.284593139491132,-0.108026255289321,0.913974865367305,-0.588546084542878,0.527059022262361
B23,tr_14,cv_train,2.0,M_joint,condition_idB23.c_noTUR,0.352624982379744,0.284755672253877,1.23834225878162,0.215589180808656,-0.205496135237854,0.910746099997342
B23,tr_14,cv_train,2.0,M_joint,similarity_z,0.0114159891218549,0.0162200296890075,0.703820482498354,0.481544576401399,-0.0203752690685998,0.0432072473123096
B23,tr_14,cv_train,2.0,M_joint,test_talker_idB23.FAR.FAR,-0.953952362246629,0.437936143123544,-2.17829100709213,0.0293843782657136,-1.81230720276878,-0.0955975217244829
B23,tr_14,cv_train,2.0,M_joint,test_talker_idB23.SPA.SPA,-0.893633203358796,0.438219735110755,-2.03923541492932,0.0414265379526087,-1.75254388417588,-0.0347225225417169
B23,tr_14,cv_train,2.0,M_joint,test_talker_idB23.TUR.TUR,-1.82962491968448,0.43748424303777,-4.18215044039087,2.88764785341395e-05,-2.68709403603851,-0.972155803330446
B23,tr_14,cv_train,2.0,M_null,(Intercept),2.30246861745784,0.319605296451439,7.20410031692851,5.84283396432581e-13,1.67604223641302,2.92889499850267
B23,tr_14,cv_train,2.0,M_null,test_talker_idB23.FAR.FAR,-0.953195504564811,0.438381672310799,-2.17435071940924,0.0296788060711275,-1.81242358229398,-0.0939674268356454
B23,tr_14,cv_train,2.0,M_null,test_talker_idB23.SPA.SPA,-0.897463323070555,0.438695014092122,-2.04575683388573,0.0407803009449926,-1.75730555069111,-0.0376210954499965
B23,tr_14,cv_train,2.0,M_null,test_talker_idB23.TUR.TUR,-1.83005815454503,0.438097534047239,-4.17728476496673,2.95009598261522e-05,-2.68872932127762,-0.971386987812439
B23,tr_14,cv_train,2.0,M_predictor,(Intercept),2.30145015349805,0.319220319522785,7.20959792577923,5.61173290114141e-13,1.67577832723339,2.92712197976271
B23,tr_14,cv_train,2.0,M_predictor,similarity_z,0.0116082035697777,0.016224309592348,0.715482129067149,0.474311179697209,-0.0201914432312243,0.0434078503707797
B23,tr_14,cv_train,2.0,M_predictor,test_talker_idB23.FAR.FAR,-0.953779398578434,0.437872335208802,-2.17821342406485,0.0293901511161811,-1.81200917558769,-0.0955496215691828
B23,tr_14,cv_train,2.0,M_predictor,test_talker_idB23.SPA.SPA,-0.893361849652783,0.438153457505091,-2.03892456935001,0.0414575563754207,-1.75214262636276,-0.0345810729428051
B23,tr_14,cv_train,2.0,M_predictor,test_talker_idB23.TUR.TUR,-1.82940582153477,0.437493693888933,-4.1815592935134,2.89516726974543e-05,-2.68689346155708,-0.971918181512465
B23,tr_14,full,,M_condition,(Intercept),2.18060578382736,0.337183932182613,6.4671106055148,9.98945339572343e-11,1.51972527674944,2.84148629090528
B23,tr_14,full,,M_condition,condition_idB23.b_FAR,0.219459773419322,0.21863077333374,1.00379178133499,0.315478986660558,-0.209056542314809,0.647976089153453
B23,tr_14,full,,M_condition,condition_idB23.b_SPA,0.0306613427995432,0.216062874661327,0.141909353226944,0.887151606284051,-0.392821891536658,0.454144577135745
B23,tr_14,full,,M_condition,condition_idB23.b_TUR,-0.208652787773096,0.221102742744799,-0.943691539882556,0.345327298496538,-0.642014163552901,0.224708588006709
B23,tr_14,full,,M_condition,condition_idB23.c_noBRP,0.131172469169352,0.216087517532169,0.607033995611637,0.543828351534706,-0.292359065193699,0.554704003532403
B23,tr_14,full,,M_condition,condition_idB23.c_noFAR,0.0577975298705554,0.22136041238186,0.261101473604283,0.79401425531638,-0.37606887839789,0.491663938139001
B23,tr_14,full,,M_condition,condition_idB23.c_noSPA,-0.0528976613758024,0.218461354897239,-0.24213738581217,0.80867371027617,-0.481081916974392,0.375286594222787
B23,tr_14,full,,M_condition,condition_idB23.c_noTUR,0.291153405376378,0.218634789709233,1.3316883637942,0.182962614526647,-0.137370782453718,0.719677593206475
B23,tr_14,full,,M_condition,test_talker_idB23.FAR.FAR,-0.864653890122331,0.423351602657195,-2.04240136259146,0.0411117347058313,-1.69442303133043,-0.0348847489142297
B23,tr_14,full,,M_condition,test_talker_idB23.SPA.SPA,-0.833439361276816,0.423682527639182,-1.96713177180295,0.049168021249077,-1.66385711544961,-0.0030216071040195
B23,tr_14,full,,M_condition,test_talker_idB23.TUR.TUR,-1.76721241428133,0.423052861762388,-4.17728509605001,2.95009169000889e-05,-2.59639602333561,-0.93802880522705
B23,tr_14,full,,M_joint,(Intercept),2.17586967770855,0.337963163901143,6.43818590343475,1.20909856994942e-10,1.51346187646231,2.83827747895479
B23,tr_14,full,,M_joint,condition_idB23.b_FAR,0.221543979283643,0.218913689412261,1.01201519136809,0.311530789964273,-0.207526851964389,0.650614810531676
B23,tr_14,full,,M_joint,condition_idB23.b_SPA,0.0347204061773087,0.216443252073162,0.160413437909224,0.872555404774226,-0.389508367886089,0.458949180240707
B23,tr_14,full,,M_joint,condition_idB23.b_TUR,-0.202632469078175,0.22142013552028,-0.9151492415179,0.360113287349175,-0.636615934697924,0.231350996541574
B23,tr_14,full,,M_joint,condition_idB23.c_noBRP,0.134731471150628,0.216373705714906,0.622679501215134,0.533495155928955,-0.289360992050587,0.558823934351843
B23,tr_14,full,,M_joint,condition_idB23.c_noFAR,0.0608174108079776,0.221639470938071,0.274397924478762,0.783778837850008,-0.373595952230641,0.495230773846596
B23,tr_14,full,,M_joint,condition_idB23.c_noSPA,-0.0504973747640916,0.21876683122837,-0.230827381283306,0.817448908399752,-0.479280363971696,0.378285614443513
B23,tr_14,full,,M_joint,condition_idB23.c_noTUR,0.293298030896305,0.218960119401399,1.33950434306546,0.180406541528917,-0.135863803130437,0.722459864923046
B23,tr_14,full,,M_joint,similarity_z,0.0236701974713757,0.0132739209781484,1.78321066626369,0.0745520168308282,-0.0023466876457952,0.0496870825885465
B23,tr_14,full,,M_joint,test_talker_idB23.FAR.FAR,-0.866164622785999,0.424420070763158,-2.04081918470192,0.0412688029380507,-1.69802796148179,-0.0343012840902099
B23,tr_14,full,,M_joint,test_talker_idB23.SPA.SPA,-0.824946467222231,0.424387445004397,-1.94385219669654,0.0519132772529193,-1.65674585943085,0.0068529249863872
B23,tr_14,full,,M_joint,test_talker_idB23.TUR.TUR,-1.76608453034434,0.423691896868245,-4.16832265001646,3.06849375283685e-05,-2.5965206482061,-0.935648412482583
B23,tr_14,full,,M_null,(Intercept),2.24108979059246,0.305979867196128,7.32430473654646,2.4014043763118797e-13,1.64136925088805,2.84081033029687
B23,tr_14,full,,M_null,test_talker_idB23.FAR.FAR,-0.864602202509169,0.424336893261325,-2.03753719329964,0.041596238694903,-1.69630251330137,-0.0329018917169729
B23,tr_14,full,,M_null,test_talker_idB23.SPA.SPA,-0.833382686419152,0.424839017949634,-1.96164347248809,0.0498040072666257,-1.66606716160043,-0.0006982112378695
B23,tr_14,full,,M_null,test_talker_idB23.TUR.TUR,-1.76718310194618,0.424271418135367,-4.16521836354846,3.11054698894217e-05,-2.5987550814915,-0.935611122400858
B23,tr_14,full,,M_predictor,(Intercept),2.23922942922355,0.305118879466216,7.33887536930172,2.15396065978137e-13,1.64119642546977,2.83726243297733
B23,tr_14,full,,M_predictor,similarity_z,0.0239227892053562,0.0132748980376819,1.80210719038666,0.071528542650538,-0.0020960109485002,0.0499415893592126
B23,tr_14,full,,M_predictor,test_talker_idB23.FAR.FAR,-0.8660914081945,0.423239622676979,-2.04633820131607,0.0407231076633739,-1.69564106864138,-0.0365417477476212
B23,tr_14,full,,M_predictor,test_talker_idB23.SPA.SPA,-0.824823558508747,0.423587235943048,-1.94723421415759,0.0515066615644421,-1.65505454095712,0.0054074239396274
B23,tr_14,full,,M_predictor,test_talker_idB23.TUR.TUR,-1.76601620058165,0.42302853292921,-4.17469759865389,2.98382136400319e-05,-2.5951521251229,-0.936880276040399
B23,tr_16,cv_train,0.0,M_condition,(Intercept),2.00748489855931,0.342756884363664,5.85687695897414,4.71652291020682e-09,1.33568140520652,2.67928839191209
B23,tr_16,cv_train,0.0,M_condition,condition_idB23.b_FAR,0.386983691503391,0.238994404892281,1.61921653219376,0.10540068214423,-0.0814453420854793,0.855412725092262
B23,tr_16,cv_train,0.0,M_condition,condition_idB23.b_SPA,0.343234271771975,0.239072918682451,1.43568863283874,0.151090961213782,-0.125348648845629,0.811817192389579
B23,tr_16,cv_train,0.0,M_condition,condition_idB23.b_TUR,-0.181478345976765,0.243097187673419,-0.746525896550338,0.455349793999303,-0.657948833816666,0.294992141863136
B23,tr_16,cv_train,0.0,M_condition,condition_idB23.c_noBRP,0.211358408383549,0.234912581651848,0.899732176528511,0.368262795621399,-0.249070251654074,0.671787068421172
B23,tr_16,cv_train,0.0,M_condition,condition_idB23.c_noFAR,0.227840232438111,0.238999663172525,0.953307755390607,0.340434163220042,-0.240599107380038,0.69627957225626
B23,tr_16,cv_train,0.0,M_condition,condition_idB23.c_noSPA,-0.025597509651364,0.238806415266908,-0.107189371871582,0.914638746869281,-0.493658083574504,0.442463064271776
B23,tr_16,cv_train,0.0,M_condition,condition_idB23.c_noTUR,0.461894153641182,0.239182784218596,1.93113461384848,0.0534664074399966,-0.0069041034272661,0.93069241070963
B23,tr_16,cv_train,0.0,M_condition,test_talker_idB23.FAR.FAR,-0.760446494286919,0.421331710660541,-1.80486413684537,0.0710959450002022,-1.58625664718158,0.0653636586077416
B23,tr_16,cv_train,0.0,M_condition,test_talker_idB23.SPA.SPA,-0.765126993980093,0.421683371414569,-1.81445853891135,0.0696071603680536,-1.59162640195265,0.0613724139924636
B23,tr_16,cv_train,0.0,M_condition,test_talker_idB23.TUR.TUR,-1.70062953509264,0.421121006537777,-4.03833935778761,5.38309386714887e-05,-2.52602670790668,-0.875232362278597
B23,tr_16,cv_train,0.0,M_joint,(Intercept),1.99642293985027,0.342622121725534,5.82689445093551,5.646830068285771e-09,1.32488358126822,2.66796229843231
B23,tr_16,cv_train,0.0,M_joint,condition_idB23.b_FAR,0.394788667729482,0.23908139588584,1.65127305814289,0.0986828310246269,-0.0738108682067632,0.863388203665728
B23,tr_16,cv_train,0.0,M_joint,condition_idB23.b_SPA,0.353324993083986,0.239174304946628,1.47726986459867,0.139603312613941,-0.115456644611404,0.822106630779377
B23,tr_16,cv_train,0.0,M_joint,condition_idB23.b_TUR,-0.161935154938563,0.243238794000227,-0.665745592121344,0.505573726575642,-0.638683191179008,0.314812881301882
B23,tr_16,cv_train,0.0,M_joint,condition_idB23.c_noBRP,0.222594432257248,0.234990361943742,0.947249199567336,0.343511810285824,-0.237986677152486,0.683175541666982
B23,tr_16,cv_train,0.0,M_joint,condition_idB23.c_noFAR,0.236818507834389,0.23905630457643,0.990639039007965,0.321861867891156,-0.231731849135413,0.705368864804191
B23,tr_16,cv_train,0.0,M_joint,condition_idB23.c_noSPA,-0.0173063701550646,0.238849122815704,-0.0724573318547129,0.942237960422394,-0.485450650873845,0.450837910563716
B23,tr_16,cv_train,0.0,M_joint,condition_idB23.c_noTUR,0.468043340793572,0.239246046170045,1.95632633552869,0.0504267237516196,-0.0008789096997162,0.936965591286861
B23,tr_16,cv_train,0.0,M_joint,similarity_z,0.0415688031516421,0.015767429101655,2.63637165473469,0.008379789398438,0.0106646421123983,0.0724729641908859
B23,tr_16,cv_train,0.0,M_joint,test_talker_idB23.FAR.FAR,-0.761903673911412,0.420606409119222,-1.81144095142746,0.0700726217209336,-1.58629223578509,0.0624848879622636
B23,tr_16,cv_train,0.0,M_joint,test_talker_idB23.SPA.SPA,-0.752552031780532,0.420629640818179,-1.78910841926575,0.073597356525469,-1.57698612778416,0.0718820642230981
B23,tr_16,cv_train,0.0,M_joint,test_talker_idB23.TUR.TUR,-1.70055361841946,0.420248613226815,-4.04654189186258,5.19798258726991e-05,-2.52424090034402,-0.876866336494904
B23,tr_16,cv_train,0.0,M_null,(Intercept),2.18907379585421,0.305726684513404,7.16023136592851,8.05410117158341e-13,1.58984949420793,2.78829809750048
B23,tr_16,cv_train,0.0,M_null,test_talker_idB23.FAR.FAR,-0.760447190620079,0.421975714644283,-1.80211126903623,0.0715279010723657,-1.58751959132287,0.0666252100827158
B23,tr_16,cv_train,0.0,M_null,test_talker_idB23.SPA.SPA,-0.76511909673249,0.422439758126726,-1.81119102076317,0.0701112876717585,-1.59310102266087,0.0628628291958923
B23,tr_16,cv_train,0.0,M_null,test_talker_idB23.TUR.TUR,-1.7006432473343,0.421876448779009,-4.03114052053933,5.55068435571194e-05,-2.52752108694115,-0.873765407727439
B23,tr_16,cv_train,0.0,M_predictor,(Intercept),2.18685086556399,0.304517740192104,7.1813578551595,6.902242307016199e-13,1.58999609478746,2.78370563634051
B23,tr_16,cv_train,0.0,M_predictor,similarity_z,0.0420159294595373,0.0157595511112062,2.6660613086664,0.0076745695793616,0.0111272092815732,0.0729046496375014
B23,tr_16,cv_train,0.0,M_predictor,test_talker_idB23.FAR.FAR,-0.761872638883188,0.420481257572639,-1.81190629822917,0.0700006760729923,-1.58601590372556,0.062270625959185
B23,tr_16,cv_train,0.0,M_predictor,test_talker_idB23.SPA.SPA,-0.752383752463143,0.420579309803352,-1.78892240993722,0.0736273121588446,-1.57671919967771,0.0719516947514259
B23,tr_16,cv_train,0.0,M_predictor,test_talker_idB23.TUR.TUR,-1.70047708103605,0.420177140805873,-4.04704805638556,5.1867595790453e-05,-2.52402427701556,-0.876929885056541
B23,tr_16,cv_train,1.0,M_condition,(Intercept),2.25440598016249,0.350937368872758,6.42395532685461,1.32778184538988e-10,1.56656873717189,2.9422432231531
B23,tr_16,cv_train,1.0,M_condition,condition_idB23.b_FAR,0.145322203100781,0.273879580126126,0.530606199388279,0.595691698805146,-0.391481773946425,0.682126180147988
B23,tr_16,cv_train,1.0,M_condition,condition_idB23.b_SPA,-0.130528084296681,0.269278050278999,-0.484733472191442,0.627865419680558,-0.65831306284352,0.397256894250158
B23,tr_16,cv_train,1.0,M_condition,condition_idB23.b_TUR,-0.321196305355225,0.278923507764818,-1.15155695527123,0.249503178166237,-0.867886380574268,0.225493769863818
B23,tr_16,cv_train,1.0,M_condition,condition_idB23.c_noBRP,-0.0131030674369056,0.269197428319519,-0.0486745639388247,0.961178646877878,-0.540730026943162,0.514523892069351
B23,tr_16,cv_train,1.0,M_condition,condition_idB23.c_noFAR,0.0043706281280715,0.279165474273703,0.0156560482253132,0.987508791130466,-0.542793701448386,0.551534957704529
B23,tr_16,cv_train,1.0,M_condition,condition_idB23.c_noSPA,-0.102219854912487,0.273754749293229,-0.373399384581985,0.70885121746611,-0.638779163527217,0.434339453702242
B23,tr_16,cv_train,1.0,M_condition,condition_idB23.c_noTUR,0.0605123201125062,0.273796731376744,0.221011842647754,0.825083211880674,-0.476129273385912,0.597153913610924
B23,tr_16,cv_train,1.0,M_condition,test_talker_idB23.FAR.FAR,-0.853410726870499,0.412799109536467,-2.06737540647507,0.0386987938054192,-1.66249698156197,-0.0443244721790241
B23,tr_16,cv_train,1.0,M_condition,test_talker_idB23.SPA.SPA,-0.818457175674713,0.413257767448686,-1.98050040469316,0.047647327916087,-1.62844239987414,-0.0084719514752886
B23,tr_16,cv_train,1.0,M_condition,test_talker_idB23.TUR.TUR,-1.74918314778374,0.412796931608843,-4.23739377365631,2.26129346321337e-05,-2.55826513373707,-0.940101161830411
B23,tr_16,cv_train,1.0,M_joint,(Intercept),2.25005042143296,0.351010998739978,6.41019919464048,1.45329627997721e-10,1.5620688639026,2.93803197896331
B23,tr_16,cv_train,1.0,M_joint,condition_idB23.b_FAR,0.148233999942503,0.274068605378283,0.540864575633909,0.588600929183753,-0.388940466598933,0.685408466483938
B23,tr_16,cv_train,1.0,M_joint,condition_idB23.b_SPA,-0.126526001241462,0.269379328820374,-0.46969454484695,0.638573265860414,-0.654509485729394,0.40145748324647
B23,tr_16,cv_train,1.0,M_joint,condition_idB23.b_TUR,-0.31281239167188,0.279128268592246,-1.12067614380126,0.26242574041219,-0.859903798112682,0.234279014768921
B23,tr_16,cv_train,1.0,M_joint,condition_idB23.c_noBRP,-0.0083855931823666,0.269313183640213,-0.0311369576083185,0.975160316039656,-0.536239433117185,0.519468246752451
B23,tr_16,cv_train,1.0,M_joint,condition_idB23.c_noFAR,0.0081785237880553,0.279230210213426,0.0292895377681525,0.976633670975625,-0.53911268823026,0.555469735806371
B23,tr_16,cv_train,1.0,M_joint,condition_idB23.c_noSPA,-0.0987440607813429,0.273793994360467,-0.360650937621883,0.718360405669413,-0.635380289727858,0.437892168165172
B23,tr_16,cv_train,1.0,M_joint,condition_idB23.c_noTUR,0.0627350960675294,0.273889268115568,0.2290527719438,0.818827900143886,-0.474087869438983,0.599558061574042
B23,tr_16,cv_train,1.0,M_joint,similarity_z,0.0184549070291678,0.0158041032013561,1.16772883560924,0.24291616153719,-0.0125211352454901,0.0494309493038258
B23,tr_16,cv_train,1.0,M_joint,test_talker_idB23.FAR.FAR,-0.854364789089668,0.412561172253893,-2.07088026345796,0.0383699870123975,-1.6629846867073,-0.0457448914720371
B23,tr_16,cv_train,1.0,M_joint,test_talker_idB23.SPA.SPA,-0.814199787713747,0.412937060558485,-1.97172854045255,0.0486406037358883,-1.62355642640838,-0.0048431490191167
B23,tr_16,cv_train,1.0,M_joint,test_talker_idB23.TUR.TUR,-1.74914426431327,0.412604801519949,-4.23927268386066,2.24245135321008e-05,-2.55784967529237,-0.940438853334169
B23,tr_16,cv_train,1.0,M_null,(Intercept),2.21137986358032,0.30107111269375,7.34504165409497,2.05695029820999e-13,1.62128048270057,2.80147924446007
B23,tr_16,cv_train,1.0,M_null,test_talker_idB23.FAR.FAR,-0.853347171730907,0.413217215040087,-2.0651297687298,0.0389107234363262,-1.66325291320948,-0.0434414302523362
B23,tr_16,cv_train,1.0,M_null,test_talker_idB23.SPA.SPA,-0.818407797937475,0.413407027139635,-1.97966590843905,0.0477410817287982,-1.62868557113116,-0.0081300247437899
B23,tr_16,cv_train,1.0,M_null,test_talker_idB23.TUR.TUR,-1.74912813156434,0.412908432822166,-4.23611627306646,2.27419045650166e-05,-2.55842865989579,-0.939827603232899
B23,tr_16,cv_train,1.0,M_predictor,(Intercept),2.21056122831002,0.300227082233299,7.36296409992838,1.79870758091426e-13,1.62211614713276,2.79900630948729
B23,tr_16,cv_train,1.0,M_predictor,similarity_z,0.0190157077735662,0.0158017906705234,1.20338942402509,0.228825658587009,-0.0119558019406596,0.0499872174877921
B23,tr_16,cv_train,1.0,M_predictor,test_talker_idB23.FAR.FAR,-0.854278107567399,0.411921411848049,-2.07388614186079,0.0380898863810095,-1.66164407478957,-0.046912140345224
B23,tr_16,cv_train,1.0,M_predictor,test_talker_idB23.SPA.SPA,-0.813872239293656,0.412411725097421,-1.97344592737125,0.0484447794050234,-1.6221992204846,-0.0055452581027113
B23,tr_16,cv_train,1.0,M_predictor,test_talker_idB23.TUR.TUR,-1.74895262893213,0.411711453745902,-4.24800576476441,2.15681846262346e-05,-2.5559070782741,-0.94199817959016
B23,tr_16,cv_train,2.0,M_condition,(Intercept),2.25956318922655,0.36988033873519,6.1089032116526,1.00318139371422e-09,1.53459772530558,2.98452865314753
B23,tr_16,cv_train,2.0,M_condition,condition_idB23.b_FAR,0.126385312005064,0.284240311851811,0.44464246180167,0.656578156479811,-0.430725699224486,0.683496323234614
B23,tr_16,cv_train,2.0,M_condition,condition_idB23.b_SPA,-0.106944748617129,0.279462373504611,-0.382680313188439,0.701956813144138,-0.654691000686166,0.440801503451908
B23,tr_16,cv_train,2.0,M_condition,condition_idB23.b_TUR,-0.129749549641328,0.284177660761746,-0.456578991091457,0.647973682577587,-0.686737764734351,0.427238665451694
B23,tr_16,cv_train,2.0,M_condition,condition_idB23.c_noBRP,0.200493365665119,0.284314120414612,0.705182582464572,0.480696619098274,-0.35676231034752,0.757749041677758
B23,tr_16,cv_train,2.0,M_condition,condition_idB23.c_noFAR,-0.0643104247359493,0.28976610251685,-0.221939088724878,0.824361300847866,-0.632251985668976,0.503631136197077
B23,tr_16,cv_train,2.0,M_condition,condition_idB23.c_noSPA,-0.0318180958021801,0.284263991097178,-0.111931503105164,0.910877717686124,-0.588975518352648,0.525339326748288
B23,tr_16,cv_train,2.0,M_condition,condition_idB23.c_noTUR,0.351659945192766,0.284515615279904,1.23599523648924,0.21646033431962,-0.205990660755845,0.909310551141378
B23,tr_16,cv_train,2.0,M_condition,test_talker_idB23.FAR.FAR,-0.953238894680362,0.43761256038328,-2.17827133171286,0.0293858421923343,-1.81095951303159,-0.095518276329134
B23,tr_16,cv_train,2.0,M_condition,test_talker_idB23.SPA.SPA,-0.897517081197998,0.437925108522126,-2.0494761860695,0.0404155741415428,-1.75585029390137,-0.0391838684946312
B23,tr_16,cv_train,2.0,M_condition,test_talker_idB23.TUR.TUR,-1.8301009522651,0.437479942747255,-4.18327967397216,2.87333552174783e-05,-2.68756164004972,-0.972640264480478
B23,tr_16,cv_train,2.0,M_joint,(Intercept),2.25769089799629,0.369662216827016,6.10744294446726,1.01239985336247e-09,1.53315295301533,2.98222884297724
B23,tr_16,cv_train,2.0,M_joint,condition_idB23.b_FAR,0.127529836466312,0.284125937994906,0.448849680413896,0.653540097560245,-0.429357002003704,0.684416674936328
B23,tr_16,cv_train,2.0,M_joint,condition_idB23.b_SPA,-0.105318061812879,0.279419549876289,-0.376917298233096,0.706235065782761,-0.652980379570405,0.442344255944647
B23,tr_16,cv_train,2.0,M_joint,condition_idB23.b_TUR,-0.126388704006576,0.284149522931474,-0.444796467376285,0.656466847521164,-0.683321768952266,0.430544360939113
B23,tr_16,cv_train,2.0,M_joint,condition_idB23.c_noBRP,0.202414753552185,0.284206856935871,0.712209253972567,0.476335207373208,-0.354630686042122,0.759460193146492
B23,tr_16,cv_train,2.0,M_joint,condition_idB23.c_noFAR,-0.0627035978516115,0.289632993227974,-0.216493283975616,0.828603259650564,-0.63038426457844,0.504977068875217
B23,tr_16,cv_train,2.0,M_joint,condition_idB23.c_noSPA,-0.0303670023428993,0.284156096276025,-0.106867326588697,0.9148942343157,-0.587312951043908,0.52657894635811
B23,tr_16,cv_train,2.0,M_joint,condition_idB23.c_noTUR,0.352668927352657,0.284395862399444,1.24006349592148,0.214951909547591,-0.204746962950253,0.910084817655567
B23,tr_16,cv_train,2.0,M_joint,similarity_z,0.007825882898412,0.0157433604376335,0.497091007311548,0.619124875835629,-0.0230311035593496,0.0386828693561736
B23,tr_16,cv_train,2.0,M_joint,test_talker_idB23.FAR.FAR,-0.953579872847597,0.437222853947968,-2.1809927460038,0.0291839530237495,-1.81053666658562,-0.0966230791095793
B23,tr_16,cv_train,2.0,M_joint,test_talker_idB23.SPA.SPA,-0.89566371221132,0.437555389587205,-2.04697218575298,0.0406608155786443,-1.75327227580224,-0.0380551486203975
B23,tr_16,cv_train,2.0,M_joint,test_talker_idB23.TUR.TUR,-1.83011901262921,0.437218191977299,-4.18582539841854,2.84131702142563e-05,-2.68706666890472,-0.973171356353707
B23,tr_16,cv_train,2.0,M_null,(Intercept),2.30246861745784,0.319605296451439,7.20410031692851,5.84283396432581e-13,1.67604223641302,2.92889499850267
B23,tr_16,cv_train,2.0,M_null,test_talker_idB23.FAR.FAR,-0.953195504564811,0.438381672310799,-2.17435071940924,0.0296788060711275,-1.81242358229398,-0.0939674268356454
B23,tr_16,cv_train,2.0,M_null,test_talker_idB23.SPA.SPA,-0.897463323070555,0.438695014092122,-2.04575683388573,0.0407803009449926,-1.75730555069111,-0.0376210954499965
B23,tr_16,cv_train,2.0,M_null,test_talker_idB23.TUR.TUR,-1.83005815454503,0.438097534047239,-4.17728476496673,2.95009598261522e-05,-2.68872932127762,-0.971386987812439
B23,tr_16,cv_train,2.0,M_predictor,(Intercept),2.30207252734788,0.318750055144458,7.22218707163697,5.11580289626116e-13,1.67732241926474,2.92682263543101
B23,tr_16,cv_train,2.0,M_predictor,similarity_z,0.0081215419657474,0.0157445869652286,0.515830741300714,0.605972629848562,-0.0227378484861006,0.0389809324175955
B23,tr_16,cv_train,2.0,M_predictor,test_talker_idB23.FAR.FAR,-0.953535609197208,0.437212324874924,-2.18094402867072,0.0291875566188155,-1.81047176595206,-0.0965994524423569
B23,tr_16,cv_train,2.0,M_predictor,test_talker_idB23.SPA.SPA,-0.895448626294046,0.437493722939792,-2.04676908339843,0.0406807625838504,-1.75293632325604,-0.0379609293320526
B23,tr_16,cv_train,2.0,M_predictor,test_talker_idB23.TUR.TUR,-1.83008285435235,0.437003533483098,-4.1877987570623,2.81673104802054e-05,-2.68660977997922,-0.973555928725479
B23,tr_16,full,,M_condition,(Intercept),2.18060578382736,0.337183932182613,6.4671106055148,9.98945339572343e-11,1.51972527674944,2.84148629090528
B23,tr_16,full,,M_condition,condition_idB23.b_FAR,0.219459773419322,0.21863077333374,1.00379178133499,0.315478986660558,-0.209056542314809,0.647976089153453
B23,tr_16,full,,M_condition,condition_idB23.b_SPA,0.0306613427995432,0.216062874661327,0.141909353226944,0.887151606284051,-0.392821891536658,0.454144577135745
B23,tr_16,full,,M_condition,condition_idB23.b_TUR,-0.208652787773096,0.221102742744799,-0.943691539882556,0.345327298496538,-0.642014163552901,0.224708588006709
B23,tr_16,full,,M_condition,condition_idB23.c_noBRP,0.131172469169352,0.216087517532169,0.607033995611637,0.543828351534706,-0.292359065193699,0.554704003532403
B23,tr_16,full,,M_condition,condition_idB23.c_noFAR,0.0577975298705554,0.22136041238186,0.261101473604283,0.79401425531638,-0.37606887839789,0.491663938139001
B23,tr_16,full,,M_condition,condition_idB23.c_noSPA,-0.0528976613758024,0.218461354897239,-0.24213738581217,0.80867371027617,-0.481081916974392,0.375286594222787
B23,tr_16,full,,M_condition,condition_idB23.c_noTUR,0.291153405376378,0.218634789709233,1.3316883637942,0.182962614526647,-0.137370782453718,0.719677593206475
B23,tr_16,full,,M_condition,test_talker_idB23.FAR.FAR,-0.864653890122331,0.423351602657195,-2.04240136259146,0.0411117347058313,-1.69442303133043,-0.0348847489142297
B23,tr_16,full,,M_condition,test_talker_idB23.SPA.SPA,-0.833439361276816,0.423682527639182,-1.96713177180295,0.049168021249077,-1.66385711544961,-0.0030216071040195
B23,tr_16,full,,M_condition,test_talker_idB23.TUR.TUR,-1.76721241428133,0.423052861762388,-4.17728509605001,2.95009169000889e-05,-2.59639602333561,-0.93802880522705
B23,tr_16,full,,M_joint,(Intercept),2.17526193301099,0.336712713674802,6.46029046325785,1.0450220046664001e-10,1.51530501420838,2.8352188518136
B23,tr_16,full,,M_joint,condition_idB23.b_FAR,0.222968744652407,0.218536080942388,1.02028344102678,0.307594054329388,-0.205361973994673,0.651299463299488
B23,tr_16,full,,M_joint,condition_idB23.b_SPA,0.0354416689208543,0.216087450811344,0.164015396487771,0.869719023304116,-0.38808973466938,0.458973072511089
B23,tr_16,full,,M_joint,condition_idB23.b_TUR,-0.198822828271246,0.221170730474375,-0.898956330454773,0.36867592166691,-0.632317460001022,0.23467180345853
B23,tr_16,full,,M_joint,condition_idB23.c_noBRP,0.136741923621794,0.216100846402262,0.632769033061789,0.526884481800211,-0.28681573532664,0.560299582570227
B23,tr_16,full,,M_joint,condition_idB23.c_noFAR,0.0623052425779063,0.221254704484062,0.281599628460756,0.778250525126582,-0.371353978210855,0.495964463366668
B23,tr_16,full,,M_joint,condition_idB23.c_noSPA,-0.0487797277667744,0.218450294323336,-0.22329897937594,0.823302821553776,-0.476942304640512,0.379382849106963
B23,tr_16,full,,M_joint,condition_idB23.c_noTUR,0.293990101020558,0.218645667460697,1.34459605092978,0.178755719349041,-0.134555407202408,0.722535609243525
B23,tr_16,full,,M_joint,similarity_z,0.0218967907788734,0.0128771600260377,1.70043633336838,0.0890488824504095,-0.0033424428721604,0.0471360244299072
B23,tr_16,full,,M_joint,test_talker_idB23.FAR.FAR,-0.865634043669388,0.422660682253911,-2.04805906963772,0.0405542118231058,-1.69404898088705,-0.037219106451723
B23,tr_16,full,,M_joint,test_talker_idB23.SPA.SPA,-0.827753874760496,0.422796353587196,-1.95780750646844,0.0502526042823037,-1.6564347277914,0.0009269782704091
B23,tr_16,full,,M_joint,test_talker_idB23.TUR.TUR,-1.76723069878983,0.422286100652735,-4.18491325207766,2.85275022424568e-05,-2.59491145606919,-0.93954994151047
B23,tr_16,full,,M_null,(Intercept),2.24108979059246,0.305979867196128,7.32430473654646,2.4014043763118797e-13,1.64136925088805,2.84081033029687
B23,tr_16,full,,M_null,test_talker_idB23.FAR.FAR,-0.864602202509169,0.424336893261325,-2.03753719329964,0.041596238694903,-1.69630251330137,-0.0329018917169729
B23,tr_16,full,,M_null,test_talker_idB23.SPA.SPA,-0.833382686419152,0.424839017949634,-1.96164347248809,0.0498040072666257,-1.66606716160043,-0.0006982112378695
B23,tr_16,full,,M_null,test_talker_idB23.TUR.TUR,-1.76718310194618,0.424271418135367,-4.16521836354846,3.11054698894217e-05,-2.5987550814915,-0.935611122400858
B23,tr_16,full,,M_predictor,(Intercept),2.23997029288233,0.305562966581566,7.33063406845933,2.29066343935593e-13,1.64106687838246,2.8388737073822
B23,tr_16,full,,M_predictor,similarity_z,0.0223437158739585,0.0128755942081647,1.73535415241573,0.0826780955010287,-0.0028924487740443,0.0475798805219613
B23,tr_16,full,,M_predictor,test_talker_idB23.FAR.FAR,-0.865461340527307,0.423787496115986,-2.04220593684161,0.0411311078360293,-1.69608483291464,-0.0348378481399755
B23,tr_16,full,,M_predictor,test_talker_idB23.SPA.SPA,-0.827463389645187,0.423988174800394,-1.9516190281362,0.05098345241014,-1.65848021225396,0.0035534329635857
B23,tr_16,full,,M_predictor,test_talker_idB23.TUR.TUR,-1.76703973379374,0.423643137379705,-4.17105714192172,3.03189815531288e-05,-2.59738028305797,-0.936699184529521
B23,tr_18,cv_train,0.0,M_condition,(Intercept),2.00748489855931,0.342756884363664,5.85687695897414,4.71652291020682e-09,1.33568140520652,2.67928839191209
B23,tr_18,cv_train,0.0,M_condition,condition_idB23.b_FAR,0.386983691503391,0.238994404892281,1.61921653219376,0.10540068214423,-0.0814453420854793,0.855412725092262
B23,tr_18,cv_train,0.0,M_condition,condition_idB23.b_SPA,0.343234271771975,0.239072918682451,1.43568863283874,0.151090961213782,-0.125348648845629,0.811817192389579
B23,tr_18,cv_train,0.0,M_condition,condition_idB23.b_TUR,-0.181478345976765,0.243097187673419,-0.746525896550338,0.455349793999303,-0.657948833816666,0.294992141863136
B23,tr_18,cv_train,0.0,M_condition,condition_idB23.c_noBRP,0.211358408383549,0.234912581651848,0.899732176528511,0.368262795621399,-0.249070251654074,0.671787068421172
B23,tr_18,cv_train,0.0,M_condition,condition_idB23.c_noFAR,0.227840232438111,0.238999663172525,0.953307755390607,0.340434163220042,-0.240599107380038,0.69627957225626
B23,tr_18,cv_train,0.0,M_condition,condition_idB23.c_noSPA,-0.025597509651364,0.238806415266908,-0.107189371871582,0.914638746869281,-0.493658083574504,0.442463064271776
B23,tr_18,cv_train,0.0,M_condition,condition_idB23.c_noTUR,0.461894153641182,0.239182784218596,1.93113461384848,0.0534664074399966,-0.0069041034272661,0.93069241070963
B23,tr_18,cv_train,0.0,M_condition,test_talker_idB23.FAR.FAR,-0.760446494286919,0.421331710660541,-1.80486413684537,0.0710959450002022,-1.58625664718158,0.0653636586077416
B23,tr_18,cv_train,0.0,M_condition,test_talker_idB23.SPA.SPA,-0.765126993980093,0.421683371414569,-1.81445853891135,0.0696071603680536,-1.59162640195265,0.0613724139924636
B23,tr_18,cv_train,0.0,M_condition,test_talker_idB23.TUR.TUR,-1.70062953509264,0.421121006537777,-4.03833935778761,5.38309386714887e-05,-2.52602670790668,-0.875232362278597
B23,tr_18,cv_train,0.0,M_joint,(Intercept),1.99534176014915,0.342412184322134,5.82730945774982,5.63281047616149e-09,1.32421387887776,2.66646964142053
B23,tr_18,cv_train,0.0,M_joint,condition_idB23.b_FAR,0.396852844589944,0.23910210427465,1.6597630781789,0.0969621241179412,-0.0717872797883691,0.865492968968258
B23,tr_18,cv_train,0.0,M_joint,condition_idB23.b_SPA,0.352779870894643,0.239184013366631,1.47493081134101,0.140231145702103,-0.116020795303953,0.821580537093239
B23,tr_18,cv_train,0.0,M_joint,condition_idB23.b_TUR,-0.161090831368065,0.243270272803736,-0.662188723313632,0.507850280285717,-0.637900566063388,0.315718903327258
B23,tr_18,cv_train,0.0,M_joint,condition_idB23.c_noBRP,0.223367213109511,0.235028130821305,0.950385012759772,0.341916656437861,-0.237287923300247,0.684022349519269
B23,tr_18,cv_train,0.0,M_joint,condition_idB23.c_noFAR,0.236899876436294,0.239049671355552,0.99100691121194,0.321682205556729,-0.231637479420587,0.705437232293176
B23,tr_18,cv_train,0.0,M_joint,condition_idB23.c_noSPA,-0.0164002673858333,0.238848662812336,-0.0686638442632562,0.945257198348609,-0.484543646498012,0.451743111726346
B23,tr_18,cv_train,0.0,M_joint,condition_idB23.c_noTUR,0.468542382442678,0.239242236442755,1.95844341454645,0.0501780046888858,-0.0003724009851221,0.937457165870479
B23,tr_18,cv_train,0.0,M_joint,similarity_z,0.0435097141995785,0.0165151627977355,2.63453135354768,0.0084253522031177,0.0111399951160168,0.0758794332831402
B23,tr_18,cv_train,0.0,M_joint,test_talker_idB23.FAR.FAR,-0.763635587063059,0.420375342466692,-1.81655656248098,0.0692850396879143,-1.58757125829777,0.0603000841716568
B23,tr_18,cv_train,0.0,M_joint,test_talker_idB23.SPA.SPA,-0.751964683849375,0.420709141558403,-1.7873742440298,0.0738770215661252,-1.57655460130384,0.0726252336050948
B23,tr_18,cv_train,0.0,M_joint,test_talker_idB23.TUR.TUR,-1.69718243495859,0.42033990787367,-4.03764287703244,5.39909617852213e-05,-2.52104865439099,-0.8733162155262
B23,tr_18,cv_train,0.0,M_null,(Intercept),2.18907379585421,0.305726684513404,7.16023136592851,8.05410117158341e-13,1.58984949420793,2.78829809750048
B23,tr_18,cv_train,0.0,M_null,test_talker_idB23.FAR.FAR,-0.760447190620079,0.421975714644283,-1.80211126903623,0.0715279010723657,-1.58751959132287,0.0666252100827158
B23,tr_18,cv_train,0.0,M_null,test_talker_idB23.SPA.SPA,-0.76511909673249,0.422439758126726,-1.81119102076317,0.0701112876717585,-1.59310102266087,0.0628628291958923
B23,tr_18,cv_train,0.0,M_null,test_talker_idB23.TUR.TUR,-1.7006432473343,0.421876448779009,-4.03114052053933,5.55068435571194e-05,-2.52752108694115,-0.873765407727439
B23,tr_18,cv_train,0.0,M_predictor,(Intercept),2.18641093084145,0.304829786140124,7.172563280402,7.36063725996546e-13,1.58894455000681,2.78387731167609
B23,tr_18,cv_train,0.0,M_predictor,similarity_z,0.0439695104901751,0.0165074442724574,2.66361707872236,0.0077305505376873,0.0116149197161586,0.0763241012641916
B23,tr_18,cv_train,0.0,M_predictor,test_talker_idB23.FAR.FAR,-0.763706820393082,0.420874934998892,-1.81456950007036,0.069590093171239,-1.58862169299091,0.0612080522047457
B23,tr_18,cv_train,0.0,M_predictor,test_talker_idB23.SPA.SPA,-0.751888621010769,0.421069009820675,-1.78566601548517,0.0741533510678677,-1.57718388025929,0.0734066382377538
B23,tr_18,cv_train,0.0,M_predictor,test_talker_idB23.TUR.TUR,-1.69715561090616,0.420478320543171,-4.03624997529905,5.4312347294882e-05,-2.52129311917077,-0.873018102641543
B23,tr_18,cv_train,1.0,M_condition,(Intercept),2.25440598016249,0.350937368872758,6.42395532685461,1.32778184538988e-10,1.56656873717189,2.9422432231531
B23,tr_18,cv_train,1.0,M_condition,condition_idB23.b_FAR,0.145322203100781,0.273879580126126,0.530606199388279,0.595691698805146,-0.391481773946425,0.682126180147988
B23,tr_18,cv_train,1.0,M_condition,condition_idB23.b_SPA,-0.130528084296681,0.269278050278999,-0.484733472191442,0.627865419680558,-0.65831306284352,0.397256894250158
B23,tr_18,cv_train,1.0,M_condition,condition_idB23.b_TUR,-0.321196305355225,0.278923507764818,-1.15155695527123,0.249503178166237,-0.867886380574268,0.225493769863818
B23,tr_18,cv_train,1.0,M_condition,condition_idB23.c_noBRP,-0.0131030674369056,0.269197428319519,-0.0486745639388247,0.961178646877878,-0.540730026943162,0.514523892069351
B23,tr_18,cv_train,1.0,M_condition,condition_idB23.c_noFAR,0.0043706281280715,0.279165474273703,0.0156560482253132,0.987508791130466,-0.542793701448386,0.551534957704529
B23,tr_18,cv_train,1.0,M_condition,condition_idB23.c_noSPA,-0.102219854912487,0.273754749293229,-0.373399384581985,0.70885121746611,-0.638779163527217,0.434339453702242
B23,tr_18,cv_train,1.0,M_condition,condition_idB23.c_noTUR,0.0605123201125062,0.273796731376744,0.221011842647754,0.825083211880674,-0.476129273385912,0.597153913610924
B23,tr_18,cv_train,1.0,M_condition,test_talker_idB23.FAR.FAR,-0.853410726870499,0.412799109536467,-2.06737540647507,0.0386987938054192,-1.66249698156197,-0.0443244721790241
B23,tr_18,cv_train,1.0,M_condition,test_talker_idB23.SPA.SPA,-0.818457175674713,0.413257767448686,-1.98050040469316,0.047647327916087,-1.62844239987414,-0.0084719514752886
B23,tr_18,cv_train,1.0,M_condition,test_talker_idB23.TUR.TUR,-1.74918314778374,0.412796931608843,-4.23739377365631,2.26129346321337e-05,-2.55826513373707,-0.940101161830411
B23,tr_18,cv_train,1.0,M_joint,(Intercept),2.2487350900442,0.350199838956188,6.42129104555507,1.35123398016473e-10,1.56234340569007,2.93512677439833
B23,tr_18,cv_train,1.0,M_joint,condition_idB23.b_FAR,0.149735161663938,0.273674658379729,0.547128340455175,0.584290563108933,-0.386667168760331,0.686137492088206
B23,tr_18,cv_train,1.0,M_joint,condition_idB23.b_SPA,-0.126212117806491,0.269081564996231,-0.469047806408656,0.6390354650423,-0.653611985199104,0.401187749586123
B23,tr_18,cv_train,1.0,M_joint,condition_idB23.b_TUR,-0.311096648909762,0.278774540755238,-1.1159435437216,0.264446301378799,-0.85749474879003,0.235301450970505
B23,tr_18,cv_train,1.0,M_joint,condition_idB23.c_noBRP,-0.0072832999939436,0.268991178684603,-0.027076352576169,0.978398835755049,-0.534506010215766,0.519939410227878
B23,tr_18,cv_train,1.0,M_joint,condition_idB23.c_noFAR,0.0087907910427391,0.278950974802851,0.0315137491415905,0.974859827361996,-0.537953119570849,0.555534701656328
B23,tr_18,cv_train,1.0,M_joint,condition_idB23.c_noSPA,-0.0977625049329106,0.273543169727401,-0.357393332212738,0.720797367723818,-0.633907117598617,0.438382107732796
B23,tr_18,cv_train,1.0,M_joint,condition_idB23.c_noTUR,0.063300907929359,0.273615505874169,0.23134985616813,0.817043017429607,-0.472985483584012,0.59958729944273
B23,tr_18,cv_train,1.0,M_joint,similarity_z,0.0220598395836608,0.0165593689550811,1.33216668120024,0.182805422566649,-0.0103965235682982,0.0545162027356198
B23,tr_18,cv_train,1.0,M_joint,test_talker_idB23.FAR.FAR,-0.855255663615476,0.412016484375583,-2.07578020794879,0.0379142836987323,-1.66280797299162,-0.0477033542393328
B23,tr_18,cv_train,1.0,M_joint,test_talker_idB23.SPA.SPA,-0.813082298532252,0.412218194105619,-1.97245611707261,0.0485575611177411,-1.62102995897927,-0.0051346380852387
B23,tr_18,cv_train,1.0,M_joint,test_talker_idB23.TUR.TUR,-1.74730895147241,0.411867098594023,-4.2424096448518,2.21132581396362e-05,-2.5545684647167,-0.940049438228126
B23,tr_18,cv_train,1.0,M_null,(Intercept),2.21137986358032,0.30107111269375,7.34504165409497,2.05695029820999e-13,1.62128048270057,2.80147924446007
B23,tr_18,cv_train,1.0,M_null,test_talker_idB23.FAR.FAR,-0.853347171730907,0.413217215040087,-2.0651297687298,0.0389107234363262,-1.66325291320948,-0.0434414302523362
B23,tr_18,cv_train,1.0,M_null,test_talker_idB23.SPA.SPA,-0.818407797937475,0.413407027139635,-1.97966590843905,0.0477410817287982,-1.62868557113116,-0.0081300247437899
B23,tr_18,cv_train,1.0,M_null,test_talker_idB23.TUR.TUR,-1.74912813156434,0.412908432822166,-4.23611627306646,2.27419045650166e-05,-2.55842865989579,-0.939827603232899
B23,tr_18,cv_train,1.0,M_predictor,(Intercept),2.21018427407694,0.300396456473831,7.35755774226144,1.87305394780536e-13,1.62140721938823,2.79896132876565
B23,tr_18,cv_train,1.0,M_predictor,similarity_z,0.0226106906332673,0.0165572822356337,1.36560398690347,0.172063294517967,-0.0098415825485747,0.0550629638151093
B23,tr_18,cv_train,1.0,M_predictor,test_talker_idB23.FAR.FAR,-0.855270534823311,0.41229209909707,-2.07442863129411,0.0380395205563371,-1.66336304905357,-0.0471780205930545
B23,tr_18,cv_train,1.0,M_predictor,test_talker_idB23.SPA.SPA,-0.812911187834207,0.412546287247277,-1.97047267897712,0.0487842231841231,-1.62150191083887,-0.004320464829544
B23,tr_18,cv_train,1.0,M_predictor,test_talker_idB23.TUR.TUR,-1.74721771107081,0.412014643735452,-4.24066896076798,2.22854607428594e-05,-2.5547664127923,-0.939669009349323
B23,tr_18,cv_train,2.0,M_condition,(Intercept),2.25956318922655,0.36988033873519,6.1089032116526,1.00318139371422e-09,1.53459772530558,2.98452865314753
B23,tr_18,cv_train,2.0,M_condition,condition_idB23.b_FAR,0.126385312005064,0.284240311851811,0.44464246180167,0.656578156479811,-0.430725699224486,0.683496323234614
B23,tr_18,cv_train,2.0,M_condition,condition_idB23.b_SPA,-0.106944748617129,0.279462373504611,-0.382680313188439,0.701956813144138,-0.654691000686166,0.440801503451908
B23,tr_18,cv_train,2.0,M_condition,condition_idB23.b_TUR,-0.129749549641328,0.284177660761746,-0.456578991091457,0.647973682577587,-0.686737764734351,0.427238665451694
B23,tr_18,cv_train,2.0,M_condition,condition_idB23.c_noBRP,0.200493365665119,0.284314120414612,0.705182582464572,0.480696619098274,-0.35676231034752,0.757749041677758
B23,tr_18,cv_train,2.0,M_condition,condition_idB23.c_noFAR,-0.0643104247359493,0.28976610251685,-0.221939088724878,0.824361300847866,-0.632251985668976,0.503631136197077
B23,tr_18,cv_train,2.0,M_condition,condition_idB23.c_noSPA,-0.0318180958021801,0.284263991097178,-0.111931503105164,0.910877717686124,-0.588975518352648,0.525339326748288
B23,tr_18,cv_train,2.0,M_condition,condition_idB23.c_noTUR,0.351659945192766,0.284515615279904,1.23599523648924,0.21646033431962,-0.205990660755845,0.909310551141378
B23,tr_18,cv_train,2.0,M_condition,test_talker_idB23.FAR.FAR,-0.953238894680362,0.43761256038328,-2.17827133171286,0.0293858421923343,-1.81095951303159,-0.095518276329134
B23,tr_18,cv_train,2.0,M_condition,test_talker_idB23.SPA.SPA,-0.897517081197998,0.437925108522126,-2.0494761860695,0.0404155741415428,-1.75585029390137,-0.0391838684946312
B23,tr_18,cv_train,2.0,M_condition,test_talker_idB23.TUR.TUR,-1.8301009522651,0.437479942747255,-4.18327967397216,2.87333552174783e-05,-2.68756164004972,-0.972640264480478
B23,tr_18,cv_train,2.0,M_joint,(Intercept),2.25816152097617,0.369860311716418,6.10544427028863,1.02515121179161e-09,1.53323531001199,2.98308773194035
B23,tr_18,cv_train,2.0,M_joint,condition_idB23.b_FAR,0.127316877409476,0.28436961207029,0.4477161834648,0.654358040509032,-0.430047562248292,0.684681317067244
B23,tr_18,cv_train,2.0,M_joint,condition_idB23.b_SPA,-0.105997261747011,0.279672517130093,-0.379004926314247,0.704684205617074,-0.654155395321993,0.442160871827972
B23,tr_18,cv_train,2.0,M_joint,condition_idB23.b_TUR,-0.127613932239651,0.284433354683434,-0.448660222644005,0.653676783282495,-0.685103307419181,0.42987544293988
B23,tr_18,cv_train,2.0,M_joint,condition_idB23.c_noBRP,0.201744573810953,0.284526452543783,0.709053840186997,0.478291066374645,-0.355927273174862,0.759416420796768
B23,tr_18,cv_train,2.0,M_joint,condition_idB23.c_noFAR,-0.0633203381808823,0.289876238600926,-0.21843921559937,0.827086913551848,-0.631477765838698,0.504837089476934
B23,tr_18,cv_train,2.0,M_joint,condition_idB23.c_noSPA,-0.0308427168298777,0.28439839887985,-0.108448981961069,0.913639548233173,-0.588263578634384,0.526578144974629
B23,tr_18,cv_train,2.0,M_joint,condition_idB23.c_noTUR,0.352318098763473,0.28464709280589,1.23773650835679,0.215813777420947,-0.205590203136071,0.910226400663016
B23,tr_18,cv_train,2.0,M_joint,similarity_z,0.0049340476900051,0.0165012484350344,0.299010569377858,0.764931981087574,-0.0274083992426623,0.0372764946226725
B23,tr_18,cv_train,2.0,M_joint,test_talker_idB23.FAR.FAR,-0.953498601636436,0.4377256181194,-2.17830202795292,0.0293835582971687,-1.81144081315046,-0.0955563901224123
B23,tr_18,cv_train,2.0,M_joint,test_talker_idB23.SPA.SPA,-0.89612590822182,0.437704662913909,-2.04733004728825,0.040625689601159,-1.75402704753308,-0.0382247689105586
B23,tr_18,cv_train,2.0,M_joint,test_talker_idB23.TUR.TUR,-1.82958496655843,0.437204924819958,-4.18473091837164,2.8550409059745e-05,-2.68650661920555,-0.972663313911312
B23,tr_18,cv_train,2.0,M_null,(Intercept),2.30246861745784,0.319605296451439,7.20410031692851,5.84283396432581e-13,1.67604223641302,2.92889499850267
B23,tr_18,cv_train,2.0,M_null,test_talker_idB23.FAR.FAR,-0.953195504564811,0.438381672310799,-2.17435071940924,0.0296788060711275,-1.81242358229398,-0.0939674268356454
B23,tr_18,cv_train,2.0,M_null,test_talker_idB23.SPA.SPA,-0.897463323070555,0.438695014092122,-2.04575683388573,0.0407803009449926,-1.75730555069111,-0.0376210954499965
B23,tr_18,cv_train,2.0,M_null,test_talker_idB23.TUR.TUR,-1.83005815454503,0.438097534047239,-4.17728476496673,2.95009598261522e-05,-2.68872932127762,-0.971386987812439
B23,tr_18,cv_train,2.0,M_predictor,(Intercept),2.3020774085504,0.319163834302282,7.21283917892179,5.47971194031802e-13,1.67651629331793,2.92763852378288
B23,tr_18,cv_train,2.0,M_predictor,similarity_z,0.0051990029680406,0.0165024170345212,0.315044939002868,0.752727533475276,-0.0271457344196209,0.0375437403557022
B23,tr_18,cv_train,2.0,M_predictor,test_talker_idB23.FAR.FAR,-0.953508398476209,0.437802506431679,-2.1779418447094,0.0294103666629432,-1.8116013110823,-0.0954154858701185
B23,tr_18,cv_train,2.0,M_predictor,test_talker_idB23.SPA.SPA,-0.896056224735928,0.438015940231003,-2.04571601723755,0.0407843189275608,-1.75456746758869,-0.0375449818831629
B23,tr_18,cv_train,2.0,M_predictor,test_talker_idB23.TUR.TUR,-1.82958692432818,0.437534710905115,-4.18158120653643,2.89488820317589e-05,-2.68715495770221,-0.972018890954156
B23,tr_18,full,,M_condition,(Intercept),2.18060578382736,0.337183932182613,6.4671106055148,9.98945339572343e-11,1.51972527674944,2.84148629090528
B23,tr_18,full,,M_condition,condition_idB23.b_FAR,0.219459773419322,0.21863077333374,1.00379178133499,0.315478986660558,-0.209056542314809,0.647976089153453
B23,tr_18,full,,M_condition,condition_idB23.b_SPA,0.0306613427995432,0.216062874661327,0.141909353226944,0.887151606284051,-0.392821891536658,0.454144577135745
B23,tr_18,full,,M_condition,condition_idB23.b_TUR,-0.208652787773096,0.221102742744799,-0.943691539882556,0.345327298496538,-0.642014163552901,0.224708588006709
B23,tr_18,full,,M_condition,condition_idB23.c_noBRP,0.131172469169352,0.216087517532169,0.607033995611637,0.543828351534706,-0.292359065193699,0.554704003532403
B23,tr_18,full,,M_condition,condition_idB23.c_noFAR,0.0577975298705554,0.22136041238186,0.261101473604283,0.79401425531638,-0.37606887839789,0.491663938139001
B23,tr_18,full,,M_condition,condition_idB23.c_noSPA,-0.0528976613758024,0.218461354897239,-0.24213738581217,0.80867371027617,-0.481081916974392,0.375286594222787
B23,tr_18,full,,M_condition,condition_idB23.c_noTUR,0.291153405376378,0.218634789709233,1.3316883637942,0.182962614526647,-0.137370782453718,0.719677593206475
B23,tr_18,full,,M_condition,test_talker_idB23.FAR.FAR,-0.864653890122331,0.423351602657195,-2.04240136259146,0.0411117347058313,-1.69442303133043,-0.0348847489142297
B23,tr_18,full,,M_condition,test_talker_idB23.SPA.SPA,-0.833439361276816,0.423682527639182,-1.96713177180295,0.049168021249077,-1.66385711544961,-0.0030216071040195
B23,tr_18,full,,M_condition,test_talker_idB23.TUR.TUR,-1.76721241428133,0.423052861762388,-4.17728509605001,2.95009169000889e-05,-2.59639602333561,-0.93802880522705
B23,tr_18,full,,M_joint,(Intercept),2.17457682318576,0.337864995043526,6.43623001816338,1.22477386285878e-10,1.51236143290045,2.83679221347107
B23,tr_18,full,,M_joint,condition_idB23.b_FAR,0.22415419657035,0.218866097487359,1.02416134405328,0.305759073716888,-0.204823354504873,0.653131747645573
B23,tr_18,full,,M_joint,condition_idB23.b_SPA,0.0352809602448115,0.216333312781225,0.16308611832007,0.870450629443517,-0.388732332806389,0.459294253296012
B23,tr_18,full,,M_joint,condition_idB23.b_TUR,-0.198278124889035,0.221436558769957,-0.895417296901813,0.370564057741396,-0.632293780078151,0.235737530300082
B23,tr_18,full,,M_joint,condition_idB23.c_noBRP,0.137258193968018,0.216328978129567,0.634488246349545,0.52576223500559,-0.286746603165933,0.56126299110197
B23,tr_18,full,,M_joint,condition_idB23.c_noFAR,0.0624705634911439,0.221543361201394,0.281978946028336,0.777959654145741,-0.371754424463587,0.496695551445875
B23,tr_18,full,,M_joint,condition_idB23.c_noSPA,-0.0481933610527879,0.218732940476816,-0.220329690387425,0.825614398667605,-0.476909924387347,0.380523202281771
B23,tr_18,full,,M_joint,condition_idB23.c_noTUR,0.294362936450219,0.218863458949665,1.34496154754603,0.178637652537503,-0.134609443091125,0.723335315991563
B23,tr_18,full,,M_joint,similarity_z,0.0227826920962711,0.0134952631945804,1.68819916794364,0.0913730029012933,-0.0036680237651064,0.0492334079576487
B23,tr_18,full,,M_joint,test_talker_idB23.FAR.FAR,-0.866497036659979,0.423742564913759,-2.0448666440586,0.040868007218152,-1.69703246389095,-0.0359616094290123
B23,tr_18,full,,M_joint,test_talker_idB23.SPA.SPA,-0.827411665236692,0.424219236834695,-1.95043409961889,0.0511244008591783,-1.65888136943269,0.0040580389593107
B23,tr_18,full,,M_joint,test_talker_idB23.TUR.TUR,-1.76547218565231,0.423746623396742,-4.16633924183356,3.09529986314361e-05,-2.59601556750993,-0.934928803794699
B23,tr_18,full,,M_null,(Intercept),2.24108979059246,0.305979867196128,7.32430473654646,2.4014043763118797e-13,1.64136925088805,2.84081033029687
B23,tr_18,full,,M_null,test_talker_idB23.FAR.FAR,-0.864602202509169,0.424336893261325,-2.03753719329964,0.041596238694903,-1.69630251330137,-0.0329018917169729
B23,tr_18,full,,M_null,test_talker_idB23.SPA.SPA,-0.833382686419152,0.424839017949634,-1.96164347248809,0.0498040072666257,-1.66606716160043,-0.0006982112378695
B23,tr_18,full,,M_null,test_talker_idB23.TUR.TUR,-1.76718310194618,0.424271418135367,-4.16521836354846,3.11054698894217e-05,-2.5987550814915,-0.935611122400858
B23,tr_18,full,,M_predictor,(Intercept),2.23967244790586,0.305260696030574,7.33691718923926,2.1856974917731e-13,1.64136148368594,2.83798341212579
B23,tr_18,full,,M_predictor,similarity_z,0.023218424736861,0.0134937206533916,1.72068366711187,0.0853082417534967,-0.0032292677437864,0.0496661172175085
B23,tr_18,full,,M_predictor,test_talker_idB23.FAR.FAR,-0.866315377002413,0.423273297438312,-2.04670453403376,0.0406871038162898,-1.6959310399815,-0.0366997140233218
B23,tr_18,full,,M_predictor,test_talker_idB23.SPA.SPA,-0.827098547661883,0.423835391376348,-1.9514617337075,0.0510021439893389,-1.65781591475952,0.0036188194357585
B23,tr_18,full,,M_predictor,test_talker_idB23.TUR.TUR,-1.76524177879053,0.423704098640804,-4.16621360155172,3.09700538672759e-05,-2.59570181212651,-0.934781745454556
B23,tr_2,cv_train,0.0,M_condition,(Intercept),2.00748489855931,0.342756884363664,5.85687695897414,4.71652291020682e-09,1.33568140520652,2.67928839191209
B23,tr_2,cv_train,0.0,M_condition,condition_idB23.b_FAR,0.386983691503391,0.238994404892281,1.61921653219376,0.10540068214423,-0.0814453420854793,0.855412725092262
B23,tr_2,cv_train,0.0,M_condition,condition_idB23.b_SPA,0.343234271771975,0.239072918682451,1.43568863283874,0.151090961213782,-0.125348648845629,0.811817192389579
B23,tr_2,cv_train,0.0,M_condition,condition_idB23.b_TUR,-0.181478345976765,0.243097187673419,-0.746525896550338,0.455349793999303,-0.657948833816666,0.294992141863136
B23,tr_2,cv_train,0.0,M_condition,condition_idB23.c_noBRP,0.211358408383549,0.234912581651848,0.899732176528511,0.368262795621399,-0.249070251654074,0.671787068421172
B23,tr_2,cv_train,0.0,M_condition,condition_idB23.c_noFAR,0.227840232438111,0.238999663172525,0.953307755390607,0.340434163220042,-0.240599107380038,0.69627957225626
B23,tr_2,cv_train,0.0,M_condition,condition_idB23.c_noSPA,-0.025597509651364,0.238806415266908,-0.107189371871582,0.914638746869281,-0.493658083574504,0.442463064271776
B23,tr_2,cv_train,0.0,M_condition,condition_idB23.c_noTUR,0.461894153641182,0.239182784218596,1.93113461384848,0.0534664074399966,-0.0069041034272661,0.93069241070963
B23,tr_2,cv_train,0.0,M_condition,test_talker_idB23.FAR.FAR,-0.760446494286919,0.421331710660541,-1.80486413684537,0.0710959450002022,-1.58625664718158,0.0653636586077416
B23,tr_2,cv_train,0.0,M_condition,test_talker_idB23.SPA.SPA,-0.765126993980093,0.421683371414569,-1.81445853891135,0.0696071603680536,-1.59162640195265,0.0613724139924636
B23,tr_2,cv_train,0.0,M_condition,test_talker_idB23.TUR.TUR,-1.70062953509264,0.421121006537777,-4.03833935778761,5.38309386714887e-05,-2.52602670790668,-0.875232362278597
B23,tr_2,cv_train,0.0,M_joint,(Intercept),1.99680323113324,0.342407841612167,5.83165158172676,5.4881423326519504e-09,1.32568386157339,2.66792260069308
B23,tr_2,cv_train,0.0,M_joint,condition_idB23.b_FAR,0.386910265497546,0.238901851680104,1.61953648653854,0.105331882620131,-0.0813373637954575,0.855157894790549
B23,tr_2,cv_train,0.0,M_joint,condition_idB23.b_SPA,0.354854358587307,0.239047749459293,1.48444969421365,0.137689659541311,-0.113679230352906,0.82338794752752
B23,tr_2,cv_train,0.0,M_joint,condition_idB23.b_TUR,-0.173717429542086,0.242990471755351,-0.714914573757398,0.474661831075829,-0.649978754182574,0.302543895098402
B23,tr_2,cv_train,0.0,M_joint,condition_idB23.c_noBRP,0.216589502493501,0.234861378839848,0.922201443095475,0.356423510505288,-0.243738800032601,0.676917805019604
B23,tr_2,cv_train,0.0,M_joint,condition_idB23.c_noFAR,0.233431743586092,0.238924958304769,0.977008619117679,0.328564885317468,-0.234861174691256,0.70172466186344
B23,tr_2,cv_train,0.0,M_joint,condition_idB23.c_noSPA,-0.0237280915204082,0.238680773131038,-0.0994135020141785,0.920809962813007,-0.491542406857243,0.444086223816427
B23,tr_2,cv_train,0.0,M_joint,condition_idB23.c_noTUR,0.46601903437136,0.239078255570715,1.94923220122593,0.0512677010603427,-0.0025743465472413,0.934612415289962
B23,tr_2,cv_train,0.0,M_joint,similarity_z,0.0366091393297535,0.0149079407439708,2.45568049662119,0.0140618116465403,0.0073895754715707,0.0658287031879363
B23,tr_2,cv_train,0.0,M_joint,test_talker_idB23.FAR.FAR,-0.758302729872631,0.420590735139577,-1.80294682340299,0.0713965664220452,-1.5826605707462,0.0660551110009403
B23,tr_2,cv_train,0.0,M_joint,test_talker_idB23.SPA.SPA,-0.749998951331433,0.420776852534286,-1.78241494705397,0.0746815898173746,-1.57472158229863,0.0747236796357669
B23,tr_2,cv_train,0.0,M_joint,test_talker_idB23.TUR.TUR,-1.69033061496786,0.420332279618176,-4.02141519205552,5.78495359153771e-05,-2.51418188301948,-0.866479346916235
B23,tr_2,cv_train,0.0,M_null,(Intercept),2.18907379585421,0.305726684513404,7.16023136592851,8.05410117158341e-13,1.58984949420793,2.78829809750048
B23,tr_2,cv_train,0.0,M_null,test_talker_idB23.FAR.FAR,-0.760447190620079,0.421975714644283,-1.80211126903623,0.0715279010723657,-1.58751959132287,0.0666252100827158
B23,tr_2,cv_train,0.0,M_null,test_talker_idB23.SPA.SPA,-0.76511909673249,0.422439758126726,-1.81119102076317,0.0701112876717585,-1.59310102266087,0.0628628291958923
B23,tr_2,cv_train,0.0,M_null,test_talker_idB23.TUR.TUR,-1.7006432473343,0.421876448779009,-4.03114052053933,5.55068435571194e-05,-2.52752108694115,-0.873765407727439
B23,tr_2,cv_train,0.0,M_predictor,(Intercept),2.18286651060054,0.3051994900964,7.15226132884778,8.53598641551605e-13,1.5846755100116,2.78105751118949
B23,tr_2,cv_train,0.0,M_predictor,similarity_z,0.0365014981297261,0.0149012690724443,2.44955633995128,0.0143032331231065,0.0072950107477351,0.065707985511717
B23,tr_2,cv_train,0.0,M_predictor,test_talker_idB23.FAR.FAR,-0.75830407853763,0.421265599549494,-1.80006171723627,0.0718508935959913,-1.58398465365464,0.0673764965793788
B23,tr_2,cv_train,0.0,M_predictor,test_talker_idB23.SPA.SPA,-0.750091686034313,0.421697814706293,-1.77874217004597,0.0752820421137518,-1.57661940285865,0.0764360307900209
B23,tr_2,cv_train,0.0,M_predictor,test_talker_idB23.TUR.TUR,-1.69027658138697,0.421043747348737,-4.01449158675422,5.9574068563808e-05,-2.5155223261905,-0.86503083658345
B23,tr_2,cv_train,1.0,M_condition,(Intercept),2.25440598016249,0.350937368872758,6.42395532685461,1.32778184538988e-10,1.56656873717189,2.9422432231531
B23,tr_2,cv_train,1.0,M_condition,condition_idB23.b_FAR,0.145322203100781,0.273879580126126,0.530606199388279,0.595691698805146,-0.391481773946425,0.682126180147988
B23,tr_2,cv_train,1.0,M_condition,condition_idB23.b_SPA,-0.130528084296681,0.269278050278999,-0.484733472191442,0.627865419680558,-0.65831306284352,0.397256894250158
B23,tr_2,cv_train,1.0,M_condition,condition_idB23.b_TUR,-0.321196305355225,0.278923507764818,-1.15155695527123,0.249503178166237,-0.867886380574268,0.225493769863818
B23,tr_2,cv_train,1.0,M_condition,condition_idB23.c_noBRP,-0.0131030674369056,0.269197428319519,-0.0486745639388247,0.961178646877878,-0.540730026943162,0.514523892069351
B23,tr_2,cv_train,1.0,M_condition,condition_idB23.c_noFAR,0.0043706281280715,0.279165474273703,0.0156560482253132,0.987508791130466,-0.542793701448386,0.551534957704529
B23,tr_2,cv_train,1.0,M_condition,condition_idB23.c_noSPA,-0.102219854912487,0.273754749293229,-0.373399384581985,0.70885121746611,-0.638779163527217,0.434339453702242
B23,tr_2,cv_train,1.0,M_condition,condition_idB23.c_noTUR,0.0605123201125062,0.273796731376744,0.221011842647754,0.825083211880674,-0.476129273385912,0.597153913610924
B23,tr_2,cv_train,1.0,M_condition,test_talker_idB23.FAR.FAR,-0.853410726870499,0.412799109536467,-2.06737540647507,0.0386987938054192,-1.66249698156197,-0.0443244721790241
B23,tr_2,cv_train,1.0,M_condition,test_talker_idB23.SPA.SPA,-0.818457175674713,0.413257767448686,-1.98050040469316,0.047647327916087,-1.62844239987414,-0.0084719514752886
B23,tr_2,cv_train,1.0,M_condition,test_talker_idB23.TUR.TUR,-1.74918314778374,0.412796931608843,-4.23739377365631,2.26129346321337e-05,-2.55826513373707,-0.940101161830411
B23,tr_2,cv_train,1.0,M_joint,(Intercept),2.25283976083437,0.350868840643221,6.42074615889063,1.35607992708403e-10,1.56513683317366,2.94054268849509
B23,tr_2,cv_train,1.0,M_joint,condition_idB23.b_FAR,0.145077117816062,0.273749166967362,0.529963686915471,0.596137108180564,-0.391471249439968,0.681625485072092
B23,tr_2,cv_train,1.0,M_joint,condition_idB23.b_SPA,-0.128823152273042,0.269176584243267,-0.47858231292741,0.632235803501412,-0.656409257389845,0.39876295284376
B23,tr_2,cv_train,1.0,M_joint,condition_idB23.b_TUR,-0.320101508097156,0.278801376161798,-1.14813460573233,0.25091300017285,-0.86655220537428,0.226349189179968
B23,tr_2,cv_train,1.0,M_joint,condition_idB23.c_noBRP,-0.0123717305688018,0.269111675338877,-0.045972477980462,0.963332186098605,-0.539830614233001,0.515087153095397
B23,tr_2,cv_train,1.0,M_joint,condition_idB23.c_noFAR,0.0051949771332867,0.279019878475995,0.018618663163577,0.985145314364847,-0.541683984679663,0.552073938946236
B23,tr_2,cv_train,1.0,M_joint,condition_idB23.c_noSPA,-0.102035655779873,0.273559833992577,-0.372992095698674,0.709154326876838,-0.638212930405325,0.434141618845579
B23,tr_2,cv_train,1.0,M_joint,condition_idB23.c_noTUR,0.0609908625617472,0.273646920862974,0.222881596362957,0.823627660106738,-0.475357102329681,0.597338827453176
B23,tr_2,cv_train,1.0,M_joint,similarity_z,0.0061716347369942,0.0149474134460128,0.412889812627785,0.679687345267147,-0.0231252956171908,0.0354685650911792
B23,tr_2,cv_train,1.0,M_joint,test_talker_idB23.FAR.FAR,-0.853129378857428,0.41275158874822,-2.06693178685216,0.0387405820123207,-1.66212249280394,-0.0441362649109159
B23,tr_2,cv_train,1.0,M_joint,test_talker_idB23.SPA.SPA,-0.816452092574777,0.413141307063015,-1.97620542564205,0.0481315156519084,-1.62620905441829,-0.0066951307312687
B23,tr_2,cv_train,1.0,M_joint,test_talker_idB23.TUR.TUR,-1.74742186120868,0.412597899949505,-4.23516906271829,2.28379816986005e-05,-2.55611374510971,-0.938729977307649
B23,tr_2,cv_train,1.0,M_null,(Intercept),2.21137986358032,0.30107111269375,7.34504165409497,2.05695029820999e-13,1.62128048270057,2.80147924446007
B23,tr_2,cv_train,1.0,M_null,test_talker_idB23.FAR.FAR,-0.853347171730907,0.413217215040087,-2.0651297687298,0.0389107234363262,-1.66325291320948,-0.0434414302523362
B23,tr_2,cv_train,1.0,M_null,test_talker_idB23.SPA.SPA,-0.818407797937475,0.413407027139635,-1.97966590843905,0.0477410817287982,-1.62868557113116,-0.0081300247437899
B23,tr_2,cv_train,1.0,M_null,test_talker_idB23.TUR.TUR,-1.74912813156434,0.412908432822166,-4.23611627306646,2.27419045650166e-05,-2.55842865989579,-0.939827603232899
B23,tr_2,cv_train,1.0,M_predictor,(Intercept),2.21033928630123,0.30076868393058,7.34896751023255,1.99743727510596e-13,1.6208326657973,2.79984590680517
B23,tr_2,cv_train,1.0,M_predictor,similarity_z,0.0065317938309777,0.0149466989759102,0.437005779102468,0.662107156904843,-0.0227637361618063,0.0358273238237617
B23,tr_2,cv_train,1.0,M_predictor,test_talker_idB23.FAR.FAR,-0.853060564587509,0.412853314317087,-2.06625582260029,0.0388043304021128,-1.662253060649,-0.0438680685260189
B23,tr_2,cv_train,1.0,M_predictor,test_talker_idB23.SPA.SPA,-0.81622858194795,0.413114675032826,-1.97579178682794,0.0481783640392097,-1.62593334501229,-0.0065238188836115
B23,tr_2,cv_train,1.0,M_predictor,test_talker_idB23.TUR.TUR,-1.74724376348321,0.412628344375346,-4.23442496692334,2.29137273641147e-05,-2.55599531845888,-0.938492208507528
B23,tr_2,cv_train,2.0,M_condition,(Intercept),2.25956318922655,0.36988033873519,6.1089032116526,1.00318139371422e-09,1.53459772530558,2.98452865314753
B23,tr_2,cv_train,2.0,M_condition,condition_idB23.b_FAR,0.126385312005064,0.284240311851811,0.44464246180167,0.656578156479811,-0.430725699224486,0.683496323234614
B23,tr_2,cv_train,2.0,M_condition,condition_idB23.b_SPA,-0.106944748617129,0.279462373504611,-0.382680313188439,0.701956813144138,-0.654691000686166,0.440801503451908
B23,tr_2,cv_train,2.0,M_condition,condition_idB23.b_TUR,-0.129749549641328,0.284177660761746,-0.456578991091457,0.647973682577587,-0.686737764734351,0.427238665451694
B23,tr_2,cv_train,2.0,M_condition,condition_idB23.c_noBRP,0.200493365665119,0.284314120414612,0.705182582464572,0.480696619098274,-0.35676231034752,0.757749041677758
B23,tr_2,cv_train,2.0,M_condition,condition_idB23.c_noFAR,-0.0643104247359493,0.28976610251685,-0.221939088724878,0.824361300847866,-0.632251985668976,0.503631136197077
B23,tr_2,cv_train,2.0,M_condition,condition_idB23.c_noSPA,-0.0318180958021801,0.284263991097178,-0.111931503105164,0.910877717686124,-0.588975518352648,0.525339326748288
B23,tr_2,cv_train,2.0,M_condition,condition_idB23.c_noTUR,0.351659945192766,0.284515615279904,1.23599523648924,0.21646033431962,-0.205990660755845,0.909310551141378
B23,tr_2,cv_train,2.0,M_condition,test_talker_idB23.FAR.FAR,-0.953238894680362,0.43761256038328,-2.17827133171286,0.0293858421923343,-1.81095951303159,-0.095518276329134
B23,tr_2,cv_train,2.0,M_condition,test_talker_idB23.SPA.SPA,-0.897517081197998,0.437925108522126,-2.0494761860695,0.0404155741415428,-1.75585029390137,-0.0391838684946312
B23,tr_2,cv_train,2.0,M_condition,test_talker_idB23.TUR.TUR,-1.8301009522651,0.437479942747255,-4.18327967397216,2.87333552174783e-05,-2.68756164004972,-0.972640264480478
B23,tr_2,cv_train,2.0,M_joint,(Intercept),2.25767361859293,0.36983394784146,6.10456025405419,1.0308409799567e-09,1.53279908082367,2.98254815636219
B23,tr_2,cv_train,2.0,M_joint,condition_idB23.b_FAR,0.126030116730265,0.284267040425185,0.443351141031894,0.657511770256937,-0.431133282503098,0.683193515963628
B23,tr_2,cv_train,2.0,M_joint,condition_idB23.b_SPA,-0.105006457628992,0.279608178027675,-0.375548592211057,0.707252515022506,-0.653038486563234,0.44302557130525
B23,tr_2,cv_train,2.0,M_joint,condition_idB23.b_TUR,-0.128625323499051,0.284216142982381,-0.452561639002413,0.650864426927459,-0.685688963744518,0.428438316746416
B23,tr_2,cv_train,2.0,M_joint,condition_idB23.c_noBRP,0.20126395465336,0.284320871153505,0.707876118403903,0.479022191389516,-0.356004952807511,0.75853286211423
B23,tr_2,cv_train,2.0,M_joint,condition_idB23.c_noFAR,-0.0633640915710657,0.289727870631576,-0.218702092528891,0.82688211884379,-0.631230718008956,0.504502534866824
B23,tr_2,cv_train,2.0,M_joint,condition_idB23.c_noSPA,-0.031631402001882,0.284184317467517,-0.111305937934093,0.911373746876575,-0.588632664238215,0.525369860234451
B23,tr_2,cv_train,2.0,M_joint,condition_idB23.c_noTUR,0.3522735308867,0.28449406399745,1.23824562782392,0.215624997780881,-0.205334834548302,0.909881896321702
B23,tr_2,cv_train,2.0,M_joint,similarity_z,0.007318807035608,0.0148745382787691,0.492035913884761,0.622693955156129,-0.0218352879907794,0.0364729020619955
B23,tr_2,cv_train,2.0,M_joint,test_talker_idB23.FAR.FAR,-0.952764145626223,0.437384669218125,-2.17832085273907,0.0293821577504195,-1.81003809729375,-0.0954901939586986
B23,tr_2,cv_train,2.0,M_joint,test_talker_idB23.SPA.SPA,-0.895018664529324,0.437703974522458,-2.04480360386447,0.0408742243322686,-1.75291845459334,-0.0371188744653075
B23,tr_2,cv_train,2.0,M_joint,test_talker_idB23.TUR.TUR,-1.82805470204579,0.437222371034696,-4.1810639691644,2.90148214701682e-05,-2.6850105492738,-0.971098854817791
B23,tr_2,cv_train,2.0,M_null,(Intercept),2.30246861745784,0.319605296451439,7.20410031692851,5.84283396432581e-13,1.67604223641302,2.92889499850267
B23,tr_2,cv_train,2.0,M_null,test_talker_idB23.FAR.FAR,-0.953195504564811,0.438381672310799,-2.17435071940924,0.0296788060711275,-1.81242358229398,-0.0939674268356454
B23,tr_2,cv_train,2.0,M_null,test_talker_idB23.SPA.SPA,-0.897463323070555,0.438695014092122,-2.04575683388573,0.0407803009449926,-1.75730555069111,-0.0376210954499965
B23,tr_2,cv_train,2.0,M_null,test_talker_idB23.TUR.TUR,-1.83005815454503,0.438097534047239,-4.17728476496673,2.95009598261522e-05,-2.68872932127762,-0.971386987812439
B23,tr_2,cv_train,2.0,M_predictor,(Intercept),2.30114915669263,0.319385565036653,7.20492535856639,5.80756539211792e-13,1.67515344922079,2.92714486416447
B23,tr_2,cv_train,2.0,M_predictor,similarity_z,0.007552746043954,0.0148774840471439,0.507662856167131,0.611689801521587,-0.0216071226884481,0.0367126147763561
B23,tr_2,cv_train,2.0,M_predictor,test_talker_idB23.FAR.FAR,-0.952673458661146,0.438093547101417,-2.17458911450391,0.0296609207861718,-1.81133681097992,-0.0940101063423702
B23,tr_2,cv_train,2.0,M_predictor,test_talker_idB23.SPA.SPA,-0.894806850492732,0.438429339588458,-2.04093743209034,0.0412570465652889,-1.75412835608611,-0.035485344899355
B23,tr_2,cv_train,2.0,M_predictor,test_talker_idB23.TUR.TUR,-1.82786364668596,0.437770613783378,-4.17539137880652,2.97474171034231e-05,-2.68589404970138,-0.969833243670535
B23,tr_2,full,,M_condition,(Intercept),2.18060578382736,0.337183932182613,6.4671106055148,9.98945339572343e-11,1.51972527674944,2.84148629090528
B23,tr_2,full,,M_condition,condition_idB23.b_FAR,0.219459773419322,0.21863077333374,1.00379178133499,0.315478986660558,-0.209056542314809,0.647976089153453
B23,tr_2,full,,M_condition,condition_idB23.b_SPA,0.0306613427995432,0.216062874661327,0.141909353226944,0.887151606284051,-0.392821891536658,0.454144577135745
B23,tr_2,full,,M_condition,condition_idB23.b_TUR,-0.208652787773096,0.221102742744799,-0.943691539882556,0.345327298496538,-0.642014163552901,0.224708588006709
B23,tr_2,full,,M_condition,condition_idB23.c_noBRP,0.131172469169352,0.216087517532169,0.607033995611637,0.543828351534706,-0.292359065193699,0.554704003532403
B23,tr_2,full,,M_condition,condition_idB23.c_noFAR,0.0577975298705554,0.22136041238186,0.261101473604283,0.79401425531638,-0.37606887839789,0.491663938139001
B23,tr_2,full,,M_condition,condition_idB23.c_noSPA,-0.0528976613758024,0.218461354897239,-0.24213738581217,0.80867371027617,-0.481081916974392,0.375286594222787
B23,tr_2,full,,M_condition,condition_idB23.c_noTUR,0.291153405376378,0.218634789709233,1.3316883637942,0.182962614526647,-0.137370782453718,0.719677593206475
B23,tr_2,full,,M_condition,test_talker_idB23.FAR.FAR,-0.864653890122331,0.423351602657195,-2.04240136259146,0.0411117347058313,-1.69442303133043,-0.0348847489142297
B23,tr_2,full,,M_condition,test_talker_idB23.SPA.SPA,-0.833439361276816,0.423682527639182,-1.96713177180295,0.049168021249077,-1.66385711544961,-0.0030216071040195
B23,tr_2,full,,M_condition,test_talker_idB23.TUR.TUR,-1.76721241428133,0.423052861762388,-4.17728509605001,2.95009169000889e-05,-2.59639602333561,-0.93802880522705
B23,tr_2,full,,M_joint,(Intercept),2.17624474064066,0.338023865812886,6.4381393171964,1.20946964185734e-10,1.51371796364741,2.83877151763392
B23,tr_2,full,,M_joint,condition_idB23.b_FAR,0.218974762291664,0.218798176358527,1.00080707223468,0.316920089767572,-0.209869663371048,0.647819187954377
B23,tr_2,full,,M_joint,condition_idB23.b_SPA,0.0353376733396078,0.216362876626421,0.163325954482584,0.870261799550299,-0.388733564848178,0.459408911527393
B23,tr_2,full,,M_joint,condition_idB23.b_TUR,-0.205679757129707,0.221312054196945,-0.929365360942669,0.352699772869486,-0.63945138335572,0.228091869096305
B23,tr_2,full,,M_joint,condition_idB23.c_noBRP,0.13319355906668,0.216268782838656,0.615870479865082,0.537980006159407,-0.290693255297085,0.557080373430445
B23,tr_2,full,,M_joint,condition_idB23.c_noFAR,0.0600748270360706,0.2215254713583,0.271186995643062,0.78624721432958,-0.374115096826198,0.494264750898339
B23,tr_2,full,,M_joint,condition_idB23.c_noSPA,-0.0523094326291975,0.218675374583586,-0.239210440264744,0.810942407482577,-0.480913166813027,0.376294301554632
B23,tr_2,full,,M_joint,condition_idB23.c_noTUR,0.292678637511016,0.218859500901853,1.33729007105005,0.181127970721578,-0.136285984256615,0.721643259278648
B23,tr_2,full,,M_joint,similarity_z,0.0163004825757254,0.0121713841794009,1.33924641071742,0.180490468143668,-0.0075554304159003,0.0401563955673512
B23,tr_2,full,,M_joint,test_talker_idB23.FAR.FAR,-0.863820944952533,0.424050471369675,-2.03707106411746,0.0416429211047143,-1.6949598688371,-0.0326820210679699
B23,tr_2,full,,M_joint,test_talker_idB23.SPA.SPA,-0.827528760265445,0.424387607355368,-1.94993620436353,0.0511837232806595,-1.65932847068197,0.0042709501510755
B23,tr_2,full,,M_joint,test_talker_idB23.TUR.TUR,-1.76259601724496,0.424090161738206,-4.15618228449502,3.23609664660929e-05,-2.59381273425184,-0.931379300238075
B23,tr_2,full,,M_null,(Intercept),2.24108979059246,0.305979867196128,7.32430473654646,2.4014043763118797e-13,1.64136925088805,2.84081033029687
B23,tr_2,full,,M_null,test_talker_idB23.FAR.FAR,-0.864602202509169,0.424336893261325,-2.03753719329964,0.041596238694903,-1.69630251330137,-0.0329018917169729
B23,tr_2,full,,M_null,test_talker_idB23.SPA.SPA,-0.833382686419152,0.424839017949634,-1.96164347248809,0.0498040072666257,-1.66606716160043,-0.0006982112378695
B23,tr_2,full,,M_null,test_talker_idB23.TUR.TUR,-1.76718310194618,0.424271418135367,-4.16521836354846,3.11054698894217e-05,-2.5987550814915,-0.935611122400858
B23,tr_2,full,,M_predictor,(Intercept),2.23838438730015,0.305995661713747,7.31508536677919,2.5721781825981197e-13,1.6386328903412,2.83813588425909
B23,tr_2,full,,M_predictor,similarity_z,0.0164970831925338,0.0121710590565038,1.35543530895269,0.175278906411775,-0.0073581925582137,0.0403523589432812
B23,tr_2,full,,M_predictor,test_talker_idB23.FAR.FAR,-0.863728086873822,0.424555537727567,-2.03442897364365,0.0419083630675725,-1.69585694081985,-0.0315992329277901
B23,tr_2,full,,M_predictor,test_talker_idB23.SPA.SPA,-0.827465546169281,0.424617761048066,-1.94873041609678,0.0513276274280932,-1.65971635782349,0.0047852654849278
B23,tr_2,full,,M_predictor,test_talker_idB23.TUR.TUR,-1.76249830416657,0.424359833135581,-4.15331086154767,3.27699083105583e-05,-2.59424357711231,-0.930753031220827
B23,tr_20,cv_train,0.0,M_condition,(Intercept),2.00748489855931,0.342756884363664,5.85687695897414,4.71652291020682e-09,1.33568140520652,2.67928839191209
B23,tr_20,cv_train,0.0,M_condition,condition_idB23.b_FAR,0.386983691503391,0.238994404892281,1.61921653219376,0.10540068214423,-0.0814453420854793,0.855412725092262
B23,tr_20,cv_train,0.0,M_condition,condition_idB23.b_SPA,0.343234271771975,0.239072918682451,1.43568863283874,0.151090961213782,-0.125348648845629,0.811817192389579
B23,tr_20,cv_train,0.0,M_condition,condition_idB23.b_TUR,-0.181478345976765,0.243097187673419,-0.746525896550338,0.455349793999303,-0.657948833816666,0.294992141863136
B23,tr_20,cv_train,0.0,M_condition,condition_idB23.c_noBRP,0.211358408383549,0.234912581651848,0.899732176528511,0.368262795621399,-0.249070251654074,0.671787068421172
B23,tr_20,cv_train,0.0,M_condition,condition_idB23.c_noFAR,0.227840232438111,0.238999663172525,0.953307755390607,0.340434163220042,-0.240599107380038,0.69627957225626
B23,tr_20,cv_train,0.0,M_condition,condition_idB23.c_noSPA,-0.025597509651364,0.238806415266908,-0.107189371871582,0.914638746869281,-0.493658083574504,0.442463064271776
B23,tr_20,cv_train,0.0,M_condition,condition_idB23.c_noTUR,0.461894153641182,0.239182784218596,1.93113461384848,0.0534664074399966,-0.0069041034272661,0.93069241070963
B23,tr_20,cv_train,0.0,M_condition,test_talker_idB23.FAR.FAR,-0.760446494286919,0.421331710660541,-1.80486413684537,0.0710959450002022,-1.58625664718158,0.0653636586077416
B23,tr_20,cv_train,0.0,M_condition,test_talker_idB23.SPA.SPA,-0.765126993980093,0.421683371414569,-1.81445853891135,0.0696071603680536,-1.59162640195265,0.0613724139924636
B23,tr_20,cv_train,0.0,M_condition,test_talker_idB23.TUR.TUR,-1.70062953509264,0.421121006537777,-4.03833935778761,5.38309386714887e-05,-2.52602670790668,-0.875232362278597
B23,tr_20,cv_train,0.0,M_joint,(Intercept),1.99731320616054,0.342449513543209,5.83243113852029,5.4625551289040906e-09,1.32611215961585,2.66851425270522
B23,tr_20,cv_train,0.0,M_joint,condition_idB23.b_FAR,0.3941111159794,0.239036650944256,1.64874764778774,0.0991993442366026,-0.0744007198713417,0.862622951830142
B23,tr_20,cv_train,0.0,M_joint,condition_idB23.b_SPA,0.350337741067525,0.239091474041613,1.4652874698767,0.142842503663109,-0.118281548054036,0.818957030189086
B23,tr_20,cv_train,0.0,M_joint,condition_idB23.b_TUR,-0.159140440911456,0.243284401506913,-0.654133351442733,0.513025896054957,-0.635977867865005,0.317696986042092
B23,tr_20,cv_train,0.0,M_joint,condition_idB23.c_noBRP,0.222609980902939,0.234983460865884,0.947343187825431,0.343463930497074,-0.237957602394194,0.683177564200073
B23,tr_20,cv_train,0.0,M_joint,condition_idB23.c_noFAR,0.236996549881431,0.239036851943275,0.99146448739909,0.321458824756035,-0.231515679927387,0.705508779690249
B23,tr_20,cv_train,0.0,M_joint,condition_idB23.c_noSPA,-0.0164962693402661,0.238791504999558,-0.0690823123724465,0.944924100071128,-0.4845276191394,0.451535080458868
B23,tr_20,cv_train,0.0,M_joint,condition_idB23.c_noTUR,0.466793923195946,0.239180116762316,1.9516418401109,0.0509807420986321,-0.0019991056581932,0.935586952050085
B23,tr_20,cv_train,0.0,M_joint,similarity_z,0.0367893661331232,0.0166412525783526,2.21073299379999,0.0270543323324354,0.0041725110795521,0.0694062211866942
B23,tr_20,cv_train,0.0,M_joint,test_talker_idB23.FAR.FAR,-0.762884268217605,0.420692617461841,-1.81340065537709,0.0697700485536984,-1.58744179844281,0.0616732620076027
B23,tr_20,cv_train,0.0,M_joint,test_talker_idB23.SPA.SPA,-0.756337833382563,0.421014671260708,-1.79646431588179,0.0724207030030245,-1.58152658905355,0.0688509222884242
B23,tr_20,cv_train,0.0,M_joint,test_talker_idB23.TUR.TUR,-1.69918985710121,0.420361904705076,-4.04220705559263,5.29504435284281e-05,-2.52309919032316,-0.875280523879266
B23,tr_20,cv_train,0.0,M_null,(Intercept),2.18907379585421,0.305726684513404,7.16023136592851,8.05410117158341e-13,1.58984949420793,2.78829809750048
B23,tr_20,cv_train,0.0,M_null,test_talker_idB23.FAR.FAR,-0.760447190620079,0.421975714644283,-1.80211126903623,0.0715279010723657,-1.58751959132287,0.0666252100827158
B23,tr_20,cv_train,0.0,M_null,test_talker_idB23.SPA.SPA,-0.76511909673249,0.422439758126726,-1.81119102076317,0.0701112876717585,-1.59310102266087,0.0628628291958923
B23,tr_20,cv_train,0.0,M_null,test_talker_idB23.TUR.TUR,-1.7006432473343,0.421876448779009,-4.03114052053933,5.55068435571194e-05,-2.52752108694115,-0.873765407727439
B23,tr_20,cv_train,0.0,M_predictor,(Intercept),2.18758315049802,0.304860376849302,7.17568866477974,7.19441082283435e-13,1.59005681187338,2.78510948912265
B23,tr_20,cv_train,0.0,M_predictor,similarity_z,0.0378371080625621,0.0166298818607674,2.27524815746442,0.0228910474613047,0.0052425396154579,0.0704316765096662
B23,tr_20,cv_train,0.0,M_predictor,test_talker_idB23.FAR.FAR,-0.762963347743515,0.420777294147013,-1.81322366571649,0.0697973311628202,-1.58768684427166,0.0617601487846308
B23,tr_20,cv_train,0.0,M_predictor,test_talker_idB23.SPA.SPA,-0.756088783214016,0.421058662566661,-1.79568513946513,0.0725446066193601,-1.58136376184467,0.0691861954166405
B23,tr_20,cv_train,0.0,M_predictor,test_talker_idB23.TUR.TUR,-1.69905466386521,0.420597650352294,-4.03961996088679,5.35378799376765e-05,-2.52342605855571,-0.874683269174715
B23,tr_20,cv_train,1.0,M_condition,(Intercept),2.25440598016249,0.350937368872758,6.42395532685461,1.32778184538988e-10,1.56656873717189,2.9422432231531
B23,tr_20,cv_train,1.0,M_condition,condition_idB23.b_FAR,0.145322203100781,0.273879580126126,0.530606199388279,0.595691698805146,-0.391481773946425,0.682126180147988
B23,tr_20,cv_train,1.0,M_condition,condition_idB23.b_SPA,-0.130528084296681,0.269278050278999,-0.484733472191442,0.627865419680558,-0.65831306284352,0.397256894250158
B23,tr_20,cv_train,1.0,M_condition,condition_idB23.b_TUR,-0.321196305355225,0.278923507764818,-1.15155695527123,0.249503178166237,-0.867886380574268,0.225493769863818
B23,tr_20,cv_train,1.0,M_condition,condition_idB23.c_noBRP,-0.0131030674369056,0.269197428319519,-0.0486745639388247,0.961178646877878,-0.540730026943162,0.514523892069351
B23,tr_20,cv_train,1.0,M_condition,condition_idB23.c_noFAR,0.0043706281280715,0.279165474273703,0.0156560482253132,0.987508791130466,-0.542793701448386,0.551534957704529
B23,tr_20,cv_train,1.0,M_condition,condition_idB23.c_noSPA,-0.102219854912487,0.273754749293229,-0.373399384581985,0.70885121746611,-0.638779163527217,0.434339453702242
B23,tr_20,cv_train,1.0,M_condition,condition_idB23.c_noTUR,0.0605123201125062,0.273796731376744,0.221011842647754,0.825083211880674,-0.476129273385912,0.597153913610924
B23,tr_20,cv_train,1.0,M_condition,test_talker_idB23.FAR.FAR,-0.853410726870499,0.412799109536467,-2.06737540647507,0.0386987938054192,-1.66249698156197,-0.0443244721790241
B23,tr_20,cv_train,1.0,M_condition,test_talker_idB23.SPA.SPA,-0.818457175674713,0.413257767448686,-1.98050040469316,0.047647327916087,-1.62844239987414,-0.0084719514752886
B23,tr_20,cv_train,1.0,M_condition,test_talker_idB23.TUR.TUR,-1.74918314778374,0.412796931608843,-4.23739377365631,2.26129346321337e-05,-2.55826513373707,-0.940101161830411
B23,tr_20,cv_train,1.0,M_joint,(Intercept),2.24796959453605,0.351273057780873,6.39949334212347,1.55893377714034e-10,1.55947440128554,2.93646478778656
B23,tr_20,cv_train,1.0,M_joint,condition_idB23.b_FAR,0.149663591766571,0.274108947272226,0.546000388735707,0.585065669994813,-0.387589944886993,0.686917128420135
B23,tr_20,cv_train,1.0,M_joint,condition_idB23.b_SPA,-0.126109230221751,0.2694512437435,-0.468022446175082,0.63976853805729,-0.654233667959011,0.402015207515509
B23,tr_20,cv_train,1.0,M_joint,condition_idB23.b_TUR,-0.306248224733822,0.27932056058163,-1.09640416049617,0.272901944050452,-0.853716523473816,0.241220074006172
B23,tr_20,cv_train,1.0,M_joint,condition_idB23.c_noBRP,-0.0057230628203535,0.26945036909858,-0.0212397661190798,0.983054392653479,-0.53384578625357,0.522399660612863
B23,tr_20,cv_train,1.0,M_joint,condition_idB23.c_noFAR,0.0103912149628234,0.279295275322715,0.0372051226101721,0.970321454189598,-0.537027524669697,0.557809954595344
B23,tr_20,cv_train,1.0,M_joint,condition_idB23.c_noSPA,-0.0962443079157524,0.273922392454196,-0.351356116064319,0.725321200527637,-0.633132197125977,0.440643581294472
B23,tr_20,cv_train,1.0,M_joint,condition_idB23.c_noTUR,0.0632836525858941,0.273985201632397,0.230974710345127,0.817334449065465,-0.473727342613603,0.600294647785392
B23,tr_20,cv_train,1.0,M_joint,similarity_z,0.025175949879558,0.016732348132532,1.50462742468342,0.132419891398534,-0.0076194524602047,0.0579713522193206
B23,tr_20,cv_train,1.0,M_joint,test_talker_idB23.FAR.FAR,-0.855320232584113,0.412864846830994,-2.07167124822869,0.0382961104356353,-1.66453533237286,-0.0461051327953642
B23,tr_20,cv_train,1.0,M_joint,test_talker_idB23.SPA.SPA,-0.813733406174067,0.413164047633683,-1.96951649310865,0.0488938105112937,-1.62353493953609,-0.0039318728120486
B23,tr_20,cv_train,1.0,M_joint,test_talker_idB23.TUR.TUR,-1.74792661424457,0.412683150938923,-4.23551727340394,2.28026172919875e-05,-2.55678559008486,-0.939067638404283
B23,tr_20,cv_train,1.0,M_null,(Intercept),2.21137986358032,0.30107111269375,7.34504165409497,2.05695029820999e-13,1.62128048270057,2.80147924446007
B23,tr_20,cv_train,1.0,M_null,test_talker_idB23.FAR.FAR,-0.853347171730907,0.413217215040087,-2.0651297687298,0.0389107234363262,-1.66325291320948,-0.0434414302523362
B23,tr_20,cv_train,1.0,M_null,test_talker_idB23.SPA.SPA,-0.818407797937475,0.413407027139635,-1.97966590843905,0.0477410817287982,-1.62868557113116,-0.0081300247437899
B23,tr_20,cv_train,1.0,M_null,test_talker_idB23.TUR.TUR,-1.74912813156434,0.412908432822166,-4.23611627306646,2.27419045650166e-05,-2.55842865989579,-0.939827603232899
B23,tr_20,cv_train,1.0,M_predictor,(Intercept),2.21047921700418,0.300550338887983,7.35477199986801,1.91253281936345e-13,1.62140055278373,2.79955788122462
B23,tr_20,cv_train,1.0,M_predictor,similarity_z,0.0260117775439965,0.0167261997258818,1.5551516764293,0.119909950013921,-0.0067715739187318,0.0587951290067249
B23,tr_20,cv_train,1.0,M_predictor,test_talker_idB23.FAR.FAR,-0.85524963026168,0.412400756362592,-2.07383138140931,0.0380949736025295,-1.66355511273236,-0.046944147791
B23,tr_20,cv_train,1.0,M_predictor,test_talker_idB23.SPA.SPA,-0.81340805146992,0.412685865999144,-1.97101020045985,0.0487227090791281,-1.62227234882824,-0.0045437541115965
B23,tr_20,cv_train,1.0,M_predictor,test_talker_idB23.TUR.TUR,-1.74774890706332,0.412253146459016,-4.23950410585179,2.24014096692076e-05,-2.55576507412299,-0.939732740003645
B23,tr_20,cv_train,2.0,M_condition,(Intercept),2.25956318922655,0.36988033873519,6.1089032116526,1.00318139371422e-09,1.53459772530558,2.98452865314753
B23,tr_20,cv_train,2.0,M_condition,condition_idB23.b_FAR,0.126385312005064,0.284240311851811,0.44464246180167,0.656578156479811,-0.430725699224486,0.683496323234614
B23,tr_20,cv_train,2.0,M_condition,condition_idB23.b_SPA,-0.106944748617129,0.279462373504611,-0.382680313188439,0.701956813144138,-0.654691000686166,0.440801503451908
B23,tr_20,cv_train,2.0,M_condition,condition_idB23.b_TUR,-0.129749549641328,0.284177660761746,-0.456578991091457,0.647973682577587,-0.686737764734351,0.427238665451694
B23,tr_20,cv_train,2.0,M_condition,condition_idB23.c_noBRP,0.200493365665119,0.284314120414612,0.705182582464572,0.480696619098274,-0.35676231034752,0.757749041677758
B23,tr_20,cv_train,2.0,M_condition,condition_idB23.c_noFAR,-0.0643104247359493,0.28976610251685,-0.221939088724878,0.824361300847866,-0.632251985668976,0.503631136197077
B23,tr_20,cv_train,2.0,M_condition,condition_idB23.c_noSPA,-0.0318180958021801,0.284263991097178,-0.111931503105164,0.910877717686124,-0.588975518352648,0.525339326748288
B23,tr_20,cv_train,2.0,M_condition,condition_idB23.c_noTUR,0.351659945192766,0.284515615279904,1.23599523648924,0.21646033431962,-0.205990660755845,0.909310551141378
B23,tr_20,cv_train,2.0,M_condition,test_talker_idB23.FAR.FAR,-0.953238894680362,0.43761256038328,-2.17827133171286,0.0293858421923343,-1.81095951303159,-0.095518276329134
B23,tr_20,cv_train,2.0,M_condition,test_talker_idB23.SPA.SPA,-0.897517081197998,0.437925108522126,-2.0494761860695,0.0404155741415428,-1.75585029390137,-0.0391838684946312
B23,tr_20,cv_train,2.0,M_condition,test_talker_idB23.TUR.TUR,-1.8301009522651,0.437479942747255,-4.18327967397216,2.87333552174783e-05,-2.68756164004972,-0.972640264480478
B23,tr_20,cv_train,2.0,M_joint,(Intercept),2.25980095715883,0.370416041836842,6.10071028768838,1.0559815443914201e-09,1.53378551515862,2.98581639915904
B23,tr_20,cv_train,2.0,M_joint,condition_idB23.b_FAR,0.12626552304318,0.284516973456145,0.44378906997843,0.657195091429892,-0.431387744930863,0.683918791017223
B23,tr_20,cv_train,2.0,M_joint,condition_idB23.b_SPA,-0.107077620755061,0.279768859302844,-0.382736023665706,0.701915501512125,-0.655424584988635,0.441269343478513
B23,tr_20,cv_train,2.0,M_joint,condition_idB23.b_TUR,-0.130142080675657,0.284606701525859,-0.457269909590771,0.647477054939689,-0.687971215666341,0.427687054315027
B23,tr_20,cv_train,2.0,M_joint,condition_idB23.c_noBRP,0.200278076420328,0.284646911836507,0.703601789066174,0.481680796896596,-0.357629870779226,0.758186023619882
B23,tr_20,cv_train,2.0,M_joint,condition_idB23.c_noFAR,-0.064485463880155,0.29003766209507,-0.222334794089664,0.824053268089148,-0.632959281586492,0.503988353826182
B23,tr_20,cv_train,2.0,M_joint,condition_idB23.c_noSPA,-0.0319918264920862,0.284507173605545,-0.112446466943717,0.910469413629343,-0.589625886758954,0.525642233774781
B23,tr_20,cv_train,2.0,M_joint,condition_idB23.c_noTUR,0.351564819041371,0.284721960872866,1.23476537589017,0.216917836905962,-0.206490224269446,0.909619862352188
B23,tr_20,cv_train,2.0,M_joint,similarity_z,-0.0006602212672438,0.0167175487333209,-0.039492707799193,0.96849756731621,-0.0334266167845527,0.0321061742500651
B23,tr_20,cv_train,2.0,M_joint,test_talker_idB23.FAR.FAR,-0.953247818712212,0.438196196247224,-2.17539044582305,0.0296008698601839,-1.81211236335677,-0.0943832740676532
B23,tr_20,cv_train,2.0,M_joint,test_talker_idB23.SPA.SPA,-0.897737708879767,0.438469233338118,-2.04743603569442,0.0406152912245164,-1.75713740622248,-0.0383380115370551
B23,tr_20,cv_train,2.0,M_joint,test_talker_idB23.TUR.TUR,-1.83018488344858,0.438089707373463,-4.17764867022631,2.94538140940909e-05,-2.68884070990057,-0.971529056996592
B23,tr_20,cv_train,2.0,M_null,(Intercept),2.30246861745784,0.319605296451439,7.20410031692851,5.84283396432581e-13,1.67604223641302,2.92889499850267
B23,tr_20,cv_train,2.0,M_null,test_talker_idB23.FAR.FAR,-0.953195504564811,0.438381672310799,-2.17435071940924,0.0296788060711275,-1.81242358229398,-0.0939674268356454
B23,tr_20,cv_train,2.0,M_null,test_talker_idB23.SPA.SPA,-0.897463323070555,0.438695014092122,-2.04575683388573,0.0407803009449926,-1.75730555069111,-0.0376210954499965
B23,tr_20,cv_train,2.0,M_null,test_talker_idB23.TUR.TUR,-1.83005815454503,0.438097534047239,-4.17728476496673,2.95009598261522e-05,-2.68872932127762,-0.971386987812439
B23,tr_20,cv_train,2.0,M_predictor,(Intercept),2.30246325106365,0.319468138600706,7.20717646882912,5.71239543947139e-13,1.67630569940627,2.92862080272103
B23,tr_20,cv_train,2.0,M_predictor,similarity_z,-0.0001869292334669,0.016714071546348,-0.0111839435979805,0.99107669009682,-0.0329465094643091,0.0325726509973752
B23,tr_20,cv_train,2.0,M_predictor,test_talker_idB23.FAR.FAR,-0.953153957633932,0.438009260477202,-2.17610457960521,0.0295474415679957,-1.81165210816925,-0.0946558070986152
B23,tr_20,cv_train,2.0,M_predictor,test_talker_idB23.SPA.SPA,-0.897487079209534,0.438520326463761,-2.04662594878302,0.0406948250439536,-1.7569869190785,-0.0379872393405626
B23,tr_20,cv_train,2.0,M_predictor,test_talker_idB23.TUR.TUR,-1.83005097822412,0.437964889335874,-4.17853353724128,2.93394737819437e-05,-2.68846216132243,-0.971639795125804
B23,tr_20,full,,M_condition,(Intercept),2.18060578382736,0.337183932182613,6.4671106055148,9.98945339572343e-11,1.51972527674944,2.84148629090528
B23,tr_20,full,,M_condition,condition_idB23.b_FAR,0.219459773419322,0.21863077333374,1.00379178133499,0.315478986660558,-0.209056542314809,0.647976089153453
B23,tr_20,full,,M_condition,condition_idB23.b_SPA,0.0306613427995432,0.216062874661327,0.141909353226944,0.887151606284051,-0.392821891536658,0.454144577135745
B23,tr_20,full,,M_condition,condition_idB23.b_TUR,-0.208652787773096,0.221102742744799,-0.943691539882556,0.345327298496538,-0.642014163552901,0.224708588006709
B23,tr_20,full,,M_condition,condition_idB23.c_noBRP,0.131172469169352,0.216087517532169,0.607033995611637,0.543828351534706,-0.292359065193699,0.554704003532403
B23,tr_20,full,,M_condition,condition_idB23.c_noFAR,0.0577975298705554,0.22136041238186,0.261101473604283,0.79401425531638,-0.37606887839789,0.491663938139001
B23,tr_20,full,,M_condition,condition_idB23.c_noSPA,-0.0528976613758024,0.218461354897239,-0.24213738581217,0.80867371027617,-0.481081916974392,0.375286594222787
B23,tr_20,full,,M_condition,condition_idB23.c_noTUR,0.291153405376378,0.218634789709233,1.3316883637942,0.182962614526647,-0.137370782453718,0.719677593206475
B23,tr_20,full,,M_condition,test_talker_idB23.FAR.FAR,-0.864653890122331,0.423351602657195,-2.04240136259146,0.0411117347058313,-1.69442303133043,-0.0348847489142297
B23,tr_20,full,,M_condition,test_talker_idB23.SPA.SPA,-0.833439361276816,0.423682527639182,-1.96713177180295,0.049168021249077,-1.66385711544961,-0.0030216071040195
B23,tr_20,full,,M_condition,test_talker_idB23.TUR.TUR,-1.76721241428133,0.423052861762388,-4.17728509605001,2.95009169000889e-05,-2.59639602333561,-0.93802880522705
B23,tr_20,full,,M_joint,(Intercept),2.17524865424185,0.33770106470053,6.44134378483776,1.18420294383727e-10,1.51335456742881,2.83714274105489
B23,tr_20,full,,M_joint,condition_idB23.b_FAR,0.222959152032774,0.218765441165844,1.01916989650916,0.308122315538561,-0.205821112652281,0.651739416717829
B23,tr_20,full,,M_joint,condition_idB23.b_SPA,0.0342333168897865,0.216250859948777,0.158303726042501,0.874217472208686,-0.389618368609816,0.458085002389389
B23,tr_20,full,,M_joint,condition_idB23.b_TUR,-0.196914042643273,0.221407359853374,-0.889374421761225,0.373801886820753,-0.630872467955886,0.237044382669339
B23,tr_20,full,,M_joint,condition_idB23.c_noBRP,0.137060267260764,0.21627151638962,0.633741648224472,0.526249439921013,-0.286831904862892,0.560952439384419
B23,tr_20,full,,M_joint,condition_idB23.c_noFAR,0.0626460324427751,0.221477994941202,0.282854431924067,0.777288426685485,-0.37145083764198,0.49674290252753
B23,tr_20,full,,M_joint,condition_idB23.c_noSPA,-0.0480917858694006,0.218657700596007,-0.219940965894704,0.825917131207107,-0.476660879037574,0.380477307298773
B23,tr_20,full,,M_joint,condition_idB23.c_noTUR,0.293569365128136,0.218875841029518,1.34125979252568,0.179836119258634,-0.13542728328972,0.722566013545991
B23,tr_20,full,,M_joint,similarity_z,0.0197881308659829,0.0136372112745015,1.45103940004084,0.146768889308347,-0.0069408032320401,0.0465170649640059
B23,tr_20,full,,M_joint,test_talker_idB23.FAR.FAR,-0.86595866857498,0.42365237809645,-2.04403117590392,0.0409504673807477,-1.69631732964402,-0.0356000075059376
B23,tr_20,full,,M_joint,test_talker_idB23.SPA.SPA,-0.829197620681337,0.423825948460799,-1.95645788959529,0.0504112384464555,-1.6598964796645,0.0015012383018293
B23,tr_20,full,,M_joint,test_talker_idB23.TUR.TUR,-1.76624057272588,0.423735359483695,-4.16826335871044,3.06929187647042e-05,-2.59676187731393,-0.93571926813784
B23,tr_20,full,,M_null,(Intercept),2.24108979059246,0.305979867196128,7.32430473654646,2.4014043763118797e-13,1.64136925088805,2.84081033029687
B23,tr_20,full,,M_null,test_talker_idB23.FAR.FAR,-0.864602202509169,0.424336893261325,-2.03753719329964,0.041596238694903,-1.69630251330137,-0.0329018917169729
B23,tr_20,full,,M_null,test_talker_idB23.SPA.SPA,-0.833382686419152,0.424839017949634,-1.96164347248809,0.0498040072666257,-1.66606716160043,-0.0006982112378695
B23,tr_20,full,,M_null,test_talker_idB23.TUR.TUR,-1.76718310194618,0.424271418135367,-4.16521836354846,3.11054698894217e-05,-2.5987550814915,-0.935611122400858
B23,tr_20,full,,M_predictor,(Intercept),2.2402647698805,0.305657433931114,7.32933186367515,2.31302966989626e-13,1.64117619937551,2.83935334038548
B23,tr_20,full,,M_predictor,similarity_z,0.0205634574622189,0.0136321889901644,1.50844867812905,0.131439732456194,-0.0061556329585033,0.0472825478829411
B23,tr_20,full,,M_predictor,test_talker_idB23.FAR.FAR,-0.865963401793221,0.423855916779565,-2.04306078436457,0.0410464213245589,-1.69672099868117,-0.035205804905273
B23,tr_20,full,,M_predictor,test_talker_idB23.SPA.SPA,-0.829022615531266,0.424289204726067,-1.95390928238796,0.0507119466224729,-1.66062945679436,0.002584225731825
B23,tr_20,full,,M_predictor,test_talker_idB23.TUR.TUR,-1.76619159517779,0.423727269161174,-4.16822735688975,3.06977659527756e-05,-2.59669704273369,-0.93568614762189
B23,tr_22,cv_train,0.0,M_condition,(Intercept),2.00748489855931,0.342756884363664,5.85687695897414,4.71652291020682e-09,1.33568140520652,2.67928839191209
B23,tr_22,cv_train,0.0,M_condition,condition_idB23.b_FAR,0.386983691503391,0.238994404892281,1.61921653219376,0.10540068214423,-0.0814453420854793,0.855412725092262
B23,tr_22,cv_train,0.0,M_condition,condition_idB23.b_SPA,0.343234271771975,0.239072918682451,1.43568863283874,0.151090961213782,-0.125348648845629,0.811817192389579
B23,tr_22,cv_train,0.0,M_condition,condition_idB23.b_TUR,-0.181478345976765,0.243097187673419,-0.746525896550338,0.455349793999303,-0.657948833816666,0.294992141863136
B23,tr_22,cv_train,0.0,M_condition,condition_idB23.c_noBRP,0.211358408383549,0.234912581651848,0.899732176528511,0.368262795621399,-0.249070251654074,0.671787068421172
B23,tr_22,cv_train,0.0,M_condition,condition_idB23.c_noFAR,0.227840232438111,0.238999663172525,0.953307755390607,0.340434163220042,-0.240599107380038,0.69627957225626
B23,tr_22,cv_train,0.0,M_condition,condition_idB23.c_noSPA,-0.025597509651364,0.238806415266908,-0.107189371871582,0.914638746869281,-0.493658083574504,0.442463064271776
B23,tr_22,cv_train,0.0,M_condition,condition_idB23.c_noTUR,0.461894153641182,0.239182784218596,1.93113461384848,0.0534664074399966,-0.0069041034272661,0.93069241070963
B23,tr_22,cv_train,0.0,M_condition,test_talker_idB23.FAR.FAR,-0.760446494286919,0.421331710660541,-1.80486413684537,0.0710959450002022,-1.58625664718158,0.0653636586077416
B23,tr_22,cv_train,0.0,M_condition,test_talker_idB23.SPA.SPA,-0.765126993980093,0.421683371414569,-1.81445853891135,0.0696071603680536,-1.59162640195265,0.0613724139924636
B23,tr_22,cv_train,0.0,M_condition,test_talker_idB23.TUR.TUR,-1.70062953509264,0.421121006537777,-4.03833935778761,5.38309386714887e-05,-2.52602670790668,-0.875232362278597
B23,tr_22,cv_train,0.0,M_joint,(Intercept),1.999654488935,0.342735997029896,5.83438712672067,5.39886406719061e-09,1.3278919347564,2.6714170431136
B23,tr_22,cv_train,0.0,M_joint,condition_idB23.b_FAR,0.392383775394573,0.239138109463687,1.64082494536136,0.100833758497231,-0.0763269191542534,0.8610944699434
B23,tr_22,cv_train,0.0,M_joint,condition_idB23.b_SPA,0.35004763562551,0.239199195225284,1.46341477150802,0.143353919157249,-0.118782787016046,0.818878058267067
B23,tr_22,cv_train,0.0,M_joint,condition_idB23.b_TUR,-0.162014235990092,0.243382147893569,-0.66567838846151,0.505616690041705,-0.639043245861486,0.315014773881303
B23,tr_22,cv_train,0.0,M_joint,condition_idB23.c_noBRP,0.221124253588148,0.2350895406255,0.940595881040922,0.346911993517934,-0.239651246037833,0.681899753214128
B23,tr_22,cv_train,0.0,M_joint,condition_idB23.c_noFAR,0.236049485307462,0.239108778955083,0.987205431515355,0.323541939637113,-0.2326037214445,0.704702692059425
B23,tr_22,cv_train,0.0,M_joint,condition_idB23.c_noSPA,-0.0178958507041623,0.238929009504579,-0.0749002841524748,0.940294050472958,-0.486196709333138,0.450405007924813
B23,tr_22,cv_train,0.0,M_joint,condition_idB23.c_noTUR,0.466161410146252,0.239298500210155,1.94803314578597,0.0514109972234532,-0.0028636502656517,0.935186470558157
B23,tr_22,cv_train,0.0,M_joint,similarity_z,0.0360635118541723,0.0169849671697493,2.12326061591702,0.0337320190178755,0.0027729762014636,0.069354047506881
B23,tr_22,cv_train,0.0,M_joint,test_talker_idB23.FAR.FAR,-0.763983682077922,0.420690182099222,-1.81602451064031,0.0693666123308274,-1.5885364389924,0.0605690748365534
B23,tr_22,cv_train,0.0,M_joint,test_talker_idB23.SPA.SPA,-0.759782834745064,0.421181214378883,-1.80393333987015,0.0712417576397854,-1.58529801492767,0.0657323454375471
B23,tr_22,cv_train,0.0,M_joint,test_talker_idB23.TUR.TUR,-1.6997186360949,0.420556799139948,-4.0415911467152,5.30897378370747e-05,-2.52400996240919,-0.875427309780598
B23,tr_22,cv_train,0.0,M_null,(Intercept),2.18907379585421,0.305726684513404,7.16023136592851,8.05410117158341e-13,1.58984949420793,2.78829809750048
B23,tr_22,cv_train,0.0,M_null,test_talker_idB23.FAR.FAR,-0.760447190620079,0.421975714644283,-1.80211126903623,0.0715279010723657,-1.58751959132287,0.0666252100827158
B23,tr_22,cv_train,0.0,M_null,test_talker_idB23.SPA.SPA,-0.76511909673249,0.422439758126726,-1.81119102076317,0.0701112876717585,-1.59310102266087,0.0628628291958923
B23,tr_22,cv_train,0.0,M_null,test_talker_idB23.TUR.TUR,-1.7006432473343,0.421876448779009,-4.03114052053933,5.55068435571194e-05,-2.52752108694115,-0.873765407727439
B23,tr_22,cv_train,0.0,M_predictor,(Intercept),2.18879300604527,0.304766384067197,7.18187149394621,6.87635414665686e-13,1.59145089327356,2.78613511881697
B23,tr_22,cv_train,0.0,M_predictor,similarity_z,0.0370434508730169,0.0169751686260406,2.18221401442756,0.0290937414693938,0.0037721203659773,0.0703147813800564
B23,tr_22,cv_train,0.0,M_predictor,test_talker_idB23.FAR.FAR,-0.764063804130447,0.420729565413163,-1.81604495367499,0.0693634766077458,-1.58869375234025,0.0605661440793512
B23,tr_22,cv_train,0.0,M_predictor,test_talker_idB23.SPA.SPA,-0.7595785176308,0.420988676498831,-1.80427303638631,0.0711885145982333,-1.58471632356851,0.0655592883069085
B23,tr_22,cv_train,0.0,M_predictor,test_talker_idB23.TUR.TUR,-1.69961338441746,0.420406978661868,-4.04278109232923,5.28209309038746e-05,-2.52361106259472,-0.875615706240196
B23,tr_22,cv_train,1.0,M_condition,(Intercept),2.25440598016249,0.350937368872758,6.42395532685461,1.32778184538988e-10,1.56656873717189,2.9422432231531
B23,tr_22,cv_train,1.0,M_condition,condition_idB23.b_FAR,0.145322203100781,0.273879580126126,0.530606199388279,0.595691698805146,-0.391481773946425,0.682126180147988
B23,tr_22,cv_train,1.0,M_condition,condition_idB23.b_SPA,-0.130528084296681,0.269278050278999,-0.484733472191442,0.627865419680558,-0.65831306284352,0.397256894250158
B23,tr_22,cv_train,1.0,M_condition,condition_idB23.b_TUR,-0.321196305355225,0.278923507764818,-1.15155695527123,0.249503178166237,-0.867886380574268,0.225493769863818
B23,tr_22,cv_train,1.0,M_condition,condition_idB23.c_noBRP,-0.0131030674369056,0.269197428319519,-0.0486745639388247,0.961178646877878,-0.540730026943162,0.514523892069351
B23,tr_22,cv_train,1.0,M_condition,condition_idB23.c_noFAR,0.0043706281280715,0.279165474273703,0.0156560482253132,0.987508791130466,-0.542793701448386,0.551534957704529
B23,tr_22,cv_train,1.0,M_condition,condition_idB23.c_noSPA,-0.102219854912487,0.273754749293229,-0.373399384581985,0.70885121746611,-0.638779163527217,0.434339453702242
B23,tr_22,cv_train,1.0,M_condition,condition_idB23.c_noTUR,0.0605123201125062,0.273796731376744,0.221011842647754,0.825083211880674,-0.476129273385912,0.597153913610924
B23,tr_22,cv_train,1.0,M_condition,test_talker_idB23.FAR.FAR,-0.853410726870499,0.412799109536467,-2.06737540647507,0.0386987938054192,-1.66249698156197,-0.0443244721790241
B23,tr_22,cv_train,1.0,M_condition,test_talker_idB23.SPA.SPA,-0.818457175674713,0.413257767448686,-1.98050040469316,0.047647327916087,-1.62844239987414,-0.0084719514752886
B23,tr_22,cv_train,1.0,M_condition,test_talker_idB23.TUR.TUR,-1.74918314778374,0.412796931608843,-4.23739377365631,2.26129346321337e-05,-2.55826513373707,-0.940101161830411
B23,tr_22,cv_train,1.0,M_joint,(Intercept),2.24949003118069,0.351203980107514,6.40508125930707,1.50289315155905e-10,1.56113023016996,2.93784983219142
B23,tr_22,cv_train,1.0,M_joint,condition_idB23.b_FAR,0.148513565329361,0.27405048281004,0.541920465917603,0.587873297315668,-0.388625380978318,0.68565251163704
B23,tr_22,cv_train,1.0,M_joint,condition_idB23.b_SPA,-0.126271281957251,0.269403408087897,-0.468707069644987,0.639279032963978,-0.654301961809529,0.401759397895027
B23,tr_22,cv_train,1.0,M_joint,condition_idB23.b_TUR,-0.308300792823578,0.279160224787746,-1.10438653306712,0.269425500060048,-0.855454833407561,0.238853247760405
B23,tr_22,cv_train,1.0,M_joint,condition_idB23.c_noBRP,-0.0067833220055467,0.269428294062095,-0.0251767247725787,0.979914002011579,-0.534862778367253,0.521296134356159
B23,tr_22,cv_train,1.0,M_joint,condition_idB23.c_noFAR,0.0096964509288502,0.279296969199856,0.0347173510569383,0.97230512512465,-0.537725608702867,0.557118510560568
B23,tr_22,cv_train,1.0,M_joint,condition_idB23.c_noSPA,-0.097230886700825,0.273862290049262,-0.355035688496342,0.722562855038892,-0.634000975197379,0.43953920179573
B23,tr_22,cv_train,1.0,M_joint,condition_idB23.c_noTUR,0.062870546316273,0.273968594039573,0.229480851762124,0.818495201643962,-0.474107898001291,0.599848990633837
B23,tr_22,cv_train,1.0,M_joint,similarity_z,0.0243682898044544,0.0170834512428074,1.42642663113603,0.153745231075464,-0.0091152746314481,0.057851854240357
B23,tr_22,cv_train,1.0,M_joint,test_talker_idB23.FAR.FAR,-0.855902118631433,0.412792602168732,-2.07344345352773,0.0381310284762748,-1.66497561888215,-0.0468286183807176
B23,tr_22,cv_train,1.0,M_joint,test_talker_idB23.SPA.SPA,-0.815836479337871,0.413004505996024,-1.97536943905819,0.0482262383170635,-1.62532531109008,-0.006347647585664
B23,tr_22,cv_train,1.0,M_joint,test_talker_idB23.TUR.TUR,-1.74829224510489,0.412598380792396,-4.23727364549345,2.26250324446216e-05,-2.55698507145798,-0.939599418751793
B23,tr_22,cv_train,1.0,M_null,(Intercept),2.21137986358032,0.30107111269375,7.34504165409497,2.05695029820999e-13,1.62128048270057,2.80147924446007
B23,tr_22,cv_train,1.0,M_null,test_talker_idB23.FAR.FAR,-0.853347171730907,0.413217215040087,-2.0651297687298,0.0389107234363262,-1.66325291320948,-0.0434414302523362
B23,tr_22,cv_train,1.0,M_null,test_talker_idB23.SPA.SPA,-0.818407797937475,0.413407027139635,-1.97966590843905,0.0477410817287982,-1.62868557113116,-0.0081300247437899
B23,tr_22,cv_train,1.0,M_null,test_talker_idB23.TUR.TUR,-1.74912813156434,0.412908432822166,-4.23611627306646,2.27419045650166e-05,-2.55842865989579,-0.939827603232899
B23,tr_22,cv_train,1.0,M_predictor,(Intercept),2.21126190148265,0.300344882836449,7.36240910981919,1.80620406057426e-13,1.62258593112321,2.79993787184209
B23,tr_22,cv_train,1.0,M_predictor,similarity_z,0.0251910618363299,0.0170789627621053,1.47497609703931,0.140218969832724,-0.0082837051773965,0.0586658288500563
B23,tr_22,cv_train,1.0,M_predictor,test_talker_idB23.FAR.FAR,-0.855885257454648,0.412010017273234,-2.07734089360028,0.0377701072847502,-1.66342489131019,-0.0483456235991094
B23,tr_22,cv_train,1.0,M_predictor,test_talker_idB23.SPA.SPA,-0.815654266144947,0.412377693871052,-1.97793013120636,0.0479365892355817,-1.62391454613221,-0.0073939861576851
B23,tr_22,cv_train,1.0,M_predictor,test_talker_idB23.TUR.TUR,-1.74814107191472,0.412102709837626,-4.24200334087469,2.21533393506305e-05,-2.55586238319647,-0.940419760632977
B23,tr_22,cv_train,2.0,M_condition,(Intercept),2.25956318922655,0.36988033873519,6.1089032116526,1.00318139371422e-09,1.53459772530558,2.98452865314753
B23,tr_22,cv_train,2.0,M_condition,condition_idB23.b_FAR,0.126385312005064,0.284240311851811,0.44464246180167,0.656578156479811,-0.430725699224486,0.683496323234614
B23,tr_22,cv_train,2.0,M_condition,condition_idB23.b_SPA,-0.106944748617129,0.279462373504611,-0.382680313188439,0.701956813144138,-0.654691000686166,0.440801503451908
B23,tr_22,cv_train,2.0,M_condition,condition_idB23.b_TUR,-0.129749549641328,0.284177660761746,-0.456578991091457,0.647973682577587,-0.686737764734351,0.427238665451694
B23,tr_22,cv_train,2.0,M_condition,condition_idB23.c_noBRP,0.200493365665119,0.284314120414612,0.705182582464572,0.480696619098274,-0.35676231034752,0.757749041677758
B23,tr_22,cv_train,2.0,M_condition,condition_idB23.c_noFAR,-0.0643104247359493,0.28976610251685,-0.221939088724878,0.824361300847866,-0.632251985668976,0.503631136197077
B23,tr_22,cv_train,2.0,M_condition,condition_idB23.c_noSPA,-0.0318180958021801,0.284263991097178,-0.111931503105164,0.910877717686124,-0.588975518352648,0.525339326748288
B23,tr_22,cv_train,2.0,M_condition,condition_idB23.c_noTUR,0.351659945192766,0.284515615279904,1.23599523648924,0.21646033431962,-0.205990660755845,0.909310551141378
B23,tr_22,cv_train,2.0,M_condition,test_talker_idB23.FAR.FAR,-0.953238894680362,0.43761256038328,-2.17827133171286,0.0293858421923343,-1.81095951303159,-0.095518276329134
B23,tr_22,cv_train,2.0,M_condition,test_talker_idB23.SPA.SPA,-0.897517081197998,0.437925108522126,-2.0494761860695,0.0404155741415428,-1.75585029390137,-0.0391838684946312
B23,tr_22,cv_train,2.0,M_condition,test_talker_idB23.TUR.TUR,-1.8301009522651,0.437479942747255,-4.18327967397216,2.87333552174783e-05,-2.68756164004972,-0.972640264480478
B23,tr_22,cv_train,2.0,M_joint,(Intercept),2.25811032092056,0.370150744867812,6.10051540414155,1.0572699208921e-09,1.53261486097965,2.98360578086147
B23,tr_22,cv_train,2.0,M_joint,condition_idB23.b_FAR,0.127145028951842,0.284490809003428,0.446921394041625,0.654931816339035,-0.430456956694877,0.68474701459856
B23,tr_22,cv_train,2.0,M_joint,condition_idB23.b_SPA,-0.105841850463677,0.279767591016685,-0.378320627057066,0.705192423985265,-0.654186328856379,0.442502627929025
B23,tr_22,cv_train,2.0,M_joint,condition_idB23.b_TUR,-0.12653604670683,0.284535563562767,-0.444710830247118,0.656528741610269,-0.684225751289853,0.431153657876194
B23,tr_22,cv_train,2.0,M_joint,condition_idB23.c_noBRP,0.202099529275684,0.284591894526077,0.71013803682721,0.477618540898821,-0.355700583995426,0.759899642546794
B23,tr_22,cv_train,2.0,M_joint,condition_idB23.c_noFAR,-0.0629053173529393,0.289976149035499,-0.216932728992268,0.828260770842126,-0.631258569462517,0.505447934756639
B23,tr_22,cv_train,2.0,M_joint,condition_idB23.c_noSPA,-0.0305371044819783,0.284498076508232,-0.107336769572481,0.914521815129341,-0.588153334438113,0.527079125474157
B23,tr_22,cv_train,2.0,M_joint,condition_idB23.c_noTUR,0.352335497980386,0.284711139316461,1.23751918813672,0.21589439520229,-0.205698335079877,0.910369331040649
B23,tr_22,cv_train,2.0,M_joint,similarity_z,0.0062616002191837,0.0170708874156306,0.366799924733287,0.713768263785344,-0.0271973391154522,0.0397205395538197
B23,tr_22,cv_train,2.0,M_joint,test_talker_idB23.FAR.FAR,-0.953656038468119,0.437722921259802,-2.17867512106384,0.0293558112215904,-1.81159296413733,-0.095719112798907
B23,tr_22,cv_train,2.0,M_joint,test_talker_idB23.SPA.SPA,-0.896630841927648,0.438110020328244,-2.04658830048184,0.0406985245381919,-1.75532648177101,-0.037935202084289
B23,tr_22,cv_train,2.0,M_joint,test_talker_idB23.TUR.TUR,-1.82975717546138,0.437579426238086,-4.1815429742481,2.8953751153462e-05,-2.68741285088803,-0.972101500034734
B23,tr_22,cv_train,2.0,M_null,(Intercept),2.30246861745784,0.319605296451439,7.20410031692851,5.84283396432581e-13,1.67604223641302,2.92889499850267
B23,tr_22,cv_train,2.0,M_null,test_talker_idB23.FAR.FAR,-0.953195504564811,0.438381672310799,-2.17435071940924,0.0296788060711275,-1.81242358229398,-0.0939674268356454
B23,tr_22,cv_train,2.0,M_null,test_talker_idB23.SPA.SPA,-0.897463323070555,0.438695014092122,-2.04575683388573,0.0407803009449926,-1.75730555069111,-0.0376210954499965
B23,tr_22,cv_train,2.0,M_null,test_talker_idB23.TUR.TUR,-1.83005815454503,0.438097534047239,-4.17728476496673,2.95009598261522e-05,-2.68872932127762,-0.971386987812439
B23,tr_22,cv_train,2.0,M_predictor,(Intercept),2.3023515451483,0.318862979494103,7.22050439596697,5.17950954762017e-13,1.67738010533986,2.92732298495674
B23,tr_22,cv_train,2.0,M_predictor,similarity_z,0.0067381075036866,0.0170689731408512,0.394757637034436,0.693021761761059,-0.0267170798523817,0.0401932948597551
B23,tr_22,cv_train,2.0,M_predictor,test_talker_idB23.FAR.FAR,-0.953772036502021,0.437373537026105,-2.1806807128459,0.0292070405781053,-1.81102416907319,-0.0965199039308547
B23,tr_22,cv_train,2.0,M_predictor,test_talker_idB23.SPA.SPA,-0.896647654399757,0.437567918679833,-2.0491622354422,0.0404462534913132,-1.75428077501223,-0.0390145337872849
B23,tr_22,cv_train,2.0,M_predictor,test_talker_idB23.TUR.TUR,-1.8298001921011,0.437181477367378,-4.18544766150615,2.84604643069929e-05,-2.68667588774116,-0.972924496461035
B23,tr_22,full,,M_condition,(Intercept),2.18060578382736,0.337183932182613,6.4671106055148,9.98945339572343e-11,1.51972527674944,2.84148629090528
B23,tr_22,full,,M_condition,condition_idB23.b_FAR,0.219459773419322,0.21863077333374,1.00379178133499,0.315478986660558,-0.209056542314809,0.647976089153453
B23,tr_22,full,,M_condition,condition_idB23.b_SPA,0.0306613427995432,0.216062874661327,0.141909353226944,0.887151606284051,-0.392821891536658,0.454144577135745
B23,tr_22,full,,M_condition,condition_idB23.b_TUR,-0.208652787773096,0.221102742744799,-0.943691539882556,0.345327298496538,-0.642014163552901,0.224708588006709
B23,tr_22,full,,M_condition,condition_idB23.c_noBRP,0.131172469169352,0.216087517532169,0.607033995611637,0.543828351534706,-0.292359065193699,0.554704003532403
B23,tr_22,full,,M_condition,condition_idB23.c_noFAR,0.0577975298705554,0.22136041238186,0.261101473604283,0.79401425531638,-0.37606887839789,0.491663938139001
B23,tr_22,full,,M_condition,condition_idB23.c_noSPA,-0.0528976613758024,0.218461354897239,-0.24213738581217,0.80867371027617,-0.481081916974392,0.375286594222787
B23,tr_22,full,,M_condition,condition_idB23.c_noTUR,0.291153405376378,0.218634789709233,1.3316883637942,0.182962614526647,-0.137370782453718,0.719677593206475
B23,tr_22,full,,M_condition,test_talker_idB23.FAR.FAR,-0.864653890122331,0.423351602657195,-2.04240136259146,0.0411117347058313,-1.69442303133043,-0.0348847489142297
B23,tr_22,full,,M_condition,test_talker_idB23.SPA.SPA,-0.833439361276816,0.423682527639182,-1.96713177180295,0.049168021249077,-1.66385711544961,-0.0030216071040195
B23,tr_22,full,,M_condition,test_talker_idB23.TUR.TUR,-1.76721241428133,0.423052861762388,-4.17728509605001,2.95009169000889e-05,-2.59639602333561,-0.93802880522705
B23,tr_22,full,,M_joint,(Intercept),2.17594102867882,0.336729239682437,6.46199014594308,1.03334829773564e-10,1.51595171890124,2.83593033845639
B23,tr_22,full,,M_joint,condition_idB23.b_FAR,0.22232024451836,0.218722045335996,1.01645101286812,0.309414663859867,-0.206374964340192,0.651015453376912
B23,tr_22,full,,M_joint,condition_idB23.b_SPA,0.0344887822439614,0.216166489694638,0.159547311392627,0.87323768655972,-0.389197537557529,0.458175102045452
B23,tr_22,full,,M_joint,condition_idB23.b_TUR,-0.197317593866353,0.221306780749718,-0.891602115388888,0.372606235914049,-0.6310788841358,0.236443696403094
B23,tr_22,full,,M_joint,condition_idB23.c_noBRP,0.136791724335661,0.216188001501394,0.632744293789027,0.526900639716805,-0.286936758607072,0.560520207278393
B23,tr_22,full,,M_joint,condition_idB23.c_noFAR,0.0625875332112922,0.221387087771086,0.282706339567589,0.777401956147746,-0.371331158820036,0.49650622524262
B23,tr_22,full,,M_joint,condition_idB23.c_noSPA,-0.0484482422893985,0.218531028052965,-0.221699603580578,0.824547738731666,-0.47676905727321,0.379872572694413
B23,tr_22,full,,M_joint,condition_idB23.c_noTUR,0.293442526214197,0.218739123290918,1.34151825151061,0.179752247964502,-0.135286155436003,0.722171207864397
B23,tr_22,full,,M_joint,similarity_z,0.0215372189937082,0.0139243172965013,1.54673428758476,0.121927331540131,-0.0057544429074344,0.0488288808948508
B23,tr_22,full,,M_joint,test_talker_idB23.FAR.FAR,-0.866568572911535,0.422640736319475,-2.05036689188544,0.0403286414816025,-1.69494441609771,-0.0381927297253636
B23,tr_22,full,,M_joint,test_talker_idB23.SPA.SPA,-0.830520860272669,0.422776884380154,-1.96444245406255,0.049478803601628,-1.65916355365777,-0.0018781668875668
B23,tr_22,full,,M_joint,test_talker_idB23.TUR.TUR,-1.76631980761535,0.422391260006379,-4.1817148574255,2.89318668685214e-05,-2.59420667722786,-0.938432938002849
B23,tr_22,full,,M_null,(Intercept),2.24108979059246,0.305979867196128,7.32430473654646,2.4014043763118797e-13,1.64136925088805,2.84081033029687
B23,tr_22,full,,M_null,test_talker_idB23.FAR.FAR,-0.864602202509169,0.424336893261325,-2.03753719329964,0.041596238694903,-1.69630251330137,-0.0329018917169729
B23,tr_22,full,,M_null,test_talker_idB23.SPA.SPA,-0.833382686419152,0.424839017949634,-1.96164347248809,0.0498040072666257,-1.66606716160043,-0.0006982112378695
B23,tr_22,full,,M_null,test_talker_idB23.TUR.TUR,-1.76718310194618,0.424271418135367,-4.16521836354846,3.11054698894217e-05,-2.5987550814915,-0.935611122400858
B23,tr_22,full,,M_predictor,(Intercept),2.24084184599687,0.305436375094316,7.33652579953817,2.19209572896064e-13,1.64218655081201,2.83949714118173
B23,tr_22,full,,M_predictor,similarity_z,0.0222877819424561,0.0139206484273533,1.60105917901511,0.109363812389979,-0.0049966889751562,0.0495722528600685
B23,tr_22,full,,M_predictor,test_talker_idB23.FAR.FAR,-0.866687046327362,0.423740368508508,-2.04532565395634,0.0408227631613792,-1.69721816860404,-0.0361559240506871
B23,tr_22,full,,M_predictor,test_talker_idB23.SPA.SPA,-0.830474257530707,0.423970931873461,-1.9587999909828,0.0501362146586608,-1.66145728400269,0.0005087689412768
B23,tr_22,full,,M_predictor,test_talker_idB23.TUR.TUR,-1.76634663048906,0.423420350210739,-4.17161487304504,3.02448516439407e-05,-2.59625051690211,-0.936442744076008
B23,tr_24,cv_train,0.0,M_condition,(Intercept),2.00748489855931,0.342756884363664,5.85687695897414,4.71652291020682e-09,1.33568140520652,2.67928839191209
B23,tr_24,cv_train,0.0,M_condition,condition_idB23.b_FAR,0.386983691503391,0.238994404892281,1.61921653219376,0.10540068214423,-0.0814453420854793,0.855412725092262
B23,tr_24,cv_train,0.0,M_condition,condition_idB23.b_SPA,0.343234271771975,0.239072918682451,1.43568863283874,0.151090961213782,-0.125348648845629,0.811817192389579
B23,tr_24,cv_train,0.0,M_condition,condition_idB23.b_TUR,-0.181478345976765,0.243097187673419,-0.746525896550338,0.455349793999303,-0.657948833816666,0.294992141863136
B23,tr_24,cv_train,0.0,M_condition,condition_idB23.c_noBRP,0.211358408383549,0.234912581651848,0.899732176528511,0.368262795621399,-0.249070251654074,0.671787068421172
B23,tr_24,cv_train,0.0,M_condition,condition_idB23.c_noFAR,0.227840232438111,0.238999663172525,0.953307755390607,0.340434163220042,-0.240599107380038,0.69627957225626
B23,tr_24,cv_train,0.0,M_condition,condition_idB23.c_noSPA,-0.025597509651364,0.238806415266908,-0.107189371871582,0.914638746869281,-0.493658083574504,0.442463064271776
B23,tr_24,cv_train,0.0,M_condition,condition_idB23.c_noTUR,0.461894153641182,0.239182784218596,1.93113461384848,0.0534664074399966,-0.0069041034272661,0.93069241070963
B23,tr_24,cv_train,0.0,M_condition,test_talker_idB23.FAR.FAR,-0.760446494286919,0.421331710660541,-1.80486413684537,0.0710959450002022,-1.58625664718158,0.0653636586077416
B23,tr_24,cv_train,0.0,M_condition,test_talker_idB23.SPA.SPA,-0.765126993980093,0.421683371414569,-1.81445853891135,0.0696071603680536,-1.59162640195265,0.0613724139924636
B23,tr_24,cv_train,0.0,M_condition,test_talker_idB23.TUR.TUR,-1.70062953509264,0.421121006537777,-4.03833935778761,5.38309386714887e-05,-2.52602670790668,-0.875232362278597
B23,tr_24,cv_train,0.0,M_joint,(Intercept),1.99610040378451,0.341933106933685,5.83769270453135,5.2928661044425804e-09,1.32591151419449,2.66628929337454
B23,tr_24,cv_train,0.0,M_joint,condition_idB23.b_FAR,0.391097955864925,0.239000669976999,1.63638853356588,0.101758297446856,-0.0773433572899925,0.859539269019842
B23,tr_24,cv_train,0.0,M_joint,condition_idB23.b_SPA,0.349326703326462,0.23912214958159,1.46087137447411,0.144050743703825,-0.119352709853455,0.818006116506379
B23,tr_24,cv_train,0.0,M_joint,condition_idB23.b_TUR,-0.169551299007095,0.243133954238319,-0.697357551470992,0.485579059584928,-0.646093849314201,0.306991251300011
B23,tr_24,cv_train,0.0,M_joint,condition_idB23.c_noBRP,0.217529920963179,0.234945075277135,0.925875635854833,0.354510614350269,-0.242962426580006,0.678022268506364
B23,tr_24,cv_train,0.0,M_joint,condition_idB23.c_noFAR,0.232989973578775,0.239010103261865,0.974812237637945,0.329653405648959,-0.23546982881448,0.70144977597203
B23,tr_24,cv_train,0.0,M_joint,condition_idB23.c_noSPA,-0.0210200158616338,0.238785708316347,-0.0880287853483514,0.929853797545326,-0.489040004161675,0.446999972438407
B23,tr_24,cv_train,0.0,M_joint,condition_idB23.c_noTUR,0.465534366687013,0.239235243029338,1.94592720032443,0.0516634850564946,-0.0033667096504893,0.934435443024515
B23,tr_24,cv_train,0.0,M_joint,similarity_z,0.0405377829272959,0.0161883586717255,2.50413174981717,0.0122752314663442,0.0088085999307139,0.0722669659238779
B23,tr_24,cv_train,0.0,M_joint,test_talker_idB23.FAR.FAR,-0.757304613860362,0.419779197903767,-1.80405464978275,0.0712227401320557,-1.58007184175174,0.065462614031021
B23,tr_24,cv_train,0.0,M_joint,test_talker_idB23.SPA.SPA,-0.747857182134116,0.420138994166615,-1.78002326020121,0.075072154114768,-1.57132961070068,0.075615246432449
B23,tr_24,cv_train,0.0,M_joint,test_talker_idB23.TUR.TUR,-1.69359438765044,0.419415474292118,-4.03798736922823,5.39117551594391e-05,-2.51564871726299,-0.871540058037887
B23,tr_24,cv_train,0.0,M_null,(Intercept),2.18907379585421,0.305726684513404,7.16023136592851,8.05410117158341e-13,1.58984949420793,2.78829809750048
B23,tr_24,cv_train,0.0,M_null,test_talker_idB23.FAR.FAR,-0.760447190620079,0.421975714644283,-1.80211126903623,0.0715279010723657,-1.58751959132287,0.0666252100827158
B23,tr_24,cv_train,0.0,M_null,test_talker_idB23.SPA.SPA,-0.76511909673249,0.422439758126726,-1.81119102076317,0.0701112876717585,-1.59310102266087,0.0628628291958923
B23,tr_24,cv_train,0.0,M_null,test_talker_idB23.TUR.TUR,-1.7006432473343,0.421876448779009,-4.03114052053933,5.55068435571194e-05,-2.52752108694115,-0.873765407727439
B23,tr_24,cv_train,0.0,M_predictor,(Intercept),2.18286025512083,0.304453566516719,7.16976411245607,7.51271002888084e-13,1.58613126474806,2.77958924549359
B23,tr_24,cv_train,0.0,M_predictor,similarity_z,0.040864436447108,0.0161841449715885,2.52496727623523,0.0115709063170383,0.0091435123027944,0.0725853605914216
B23,tr_24,cv_train,0.0,M_predictor,test_talker_idB23.FAR.FAR,-0.757419037422408,0.420198946735809,-1.80252483569079,0.071462870846186,-1.58100897302459,0.0661708981797771
B23,tr_24,cv_train,0.0,M_predictor,test_talker_idB23.SPA.SPA,-0.747870648636093,0.420733352560555,-1.77754067768719,0.0754793242782713,-1.57250801965478,0.0767667223825956
B23,tr_24,cv_train,0.0,M_predictor,test_talker_idB23.TUR.TUR,-1.69360034552307,0.419871432993969,-4.03361651314675,5.49249274910748e-05,-2.51654835419125,-0.870652336854886
B23,tr_24,cv_train,1.0,M_condition,(Intercept),2.25440598016249,0.350937368872758,6.42395532685461,1.32778184538988e-10,1.56656873717189,2.9422432231531
B23,tr_24,cv_train,1.0,M_condition,condition_idB23.b_FAR,0.145322203100781,0.273879580126126,0.530606199388279,0.595691698805146,-0.391481773946425,0.682126180147988
B23,tr_24,cv_train,1.0,M_condition,condition_idB23.b_SPA,-0.130528084296681,0.269278050278999,-0.484733472191442,0.627865419680558,-0.65831306284352,0.397256894250158
B23,tr_24,cv_train,1.0,M_condition,condition_idB23.b_TUR,-0.321196305355225,0.278923507764818,-1.15155695527123,0.249503178166237,-0.867886380574268,0.225493769863818
B23,tr_24,cv_train,1.0,M_condition,condition_idB23.c_noBRP,-0.0131030674369056,0.269197428319519,-0.0486745639388247,0.961178646877878,-0.540730026943162,0.514523892069351
B23,tr_24,cv_train,1.0,M_condition,condition_idB23.c_noFAR,0.0043706281280715,0.279165474273703,0.0156560482253132,0.987508791130466,-0.542793701448386,0.551534957704529
B23,tr_24,cv_train,1.0,M_condition,condition_idB23.c_noSPA,-0.102219854912487,0.273754749293229,-0.373399384581985,0.70885121746611,-0.638779163527217,0.434339453702242
B23,tr_24,cv_train,1.0,M_condition,condition_idB23.c_noTUR,0.0605123201125062,0.273796731376744,0.221011842647754,0.825083211880674,-0.476129273385912,0.597153913610924
B23,tr_24,cv_train,1.0,M_condition,test_talker_idB23.FAR.FAR,-0.853410726870499,0.412799109536467,-2.06737540647507,0.0386987938054192,-1.66249698156197,-0.0443244721790241
B23,tr_24,cv_train,1.0,M_condition,test_talker_idB23.SPA.SPA,-0.818457175674713,0.413257767448686,-1.98050040469316,0.047647327916087,-1.62844239987414,-0.0084719514752886
B23,tr_24,cv_train,1.0,M_condition,test_talker_idB23.TUR.TUR,-1.74918314778374,0.412796931608843,-4.23739377365631,2.26129346321337e-05,-2.55826513373707,-0.940101161830411
B23,tr_24,cv_train,1.0,M_joint,(Intercept),2.24779500331971,0.350425680880067,6.414469960291,1.41313650711316e-10,1.56096066879478,2.93462933784464
B23,tr_24,cv_train,1.0,M_joint,condition_idB23.b_FAR,0.147362522376009,0.273912594564928,0.537991042763381,0.590583232502386,-0.38950616297125,0.684231207723268
B23,tr_24,cv_train,1.0,M_joint,condition_idB23.b_SPA,-0.12715411813586,0.269174970695048,-0.472384627023569,0.636652275224757,-0.654737060698155,0.400428824426434
B23,tr_24,cv_train,1.0,M_joint,condition_idB23.b_TUR,-0.313697564945043,0.278867563124694,-1.12489800330336,0.260632258189314,-0.860277988669443,0.232882858779357
B23,tr_24,cv_train,1.0,M_joint,condition_idB23.c_noBRP,-0.0093709896317696,0.269154341902099,-0.0348164163563009,0.972226130208247,-0.536913499759884,0.518171520496345
B23,tr_24,cv_train,1.0,M_joint,condition_idB23.c_noFAR,0.0075314706493526,0.279081341976483,0.0269866505442963,0.978470381477249,-0.539467959624554,0.554530900923259
B23,tr_24,cv_train,1.0,M_joint,condition_idB23.c_noSPA,-0.0994677073723088,0.27369252787738,-0.363428655300639,0.716284699180029,-0.635905062011973,0.436969647267355
B23,tr_24,cv_train,1.0,M_joint,condition_idB23.c_noTUR,0.0622227524216437,0.273765654613842,0.227284728281243,0.820202347454712,-0.474357930621487,0.598803435464775
B23,tr_24,cv_train,1.0,M_joint,similarity_z,0.0263119214184458,0.0162345479946773,1.62073631043331,0.105074202791334,-0.0055077926511216,0.0581316354880133
B23,tr_24,cv_train,1.0,M_joint,test_talker_idB23.FAR.FAR,-0.85190998283066,0.412011704715846,-2.06768393489743,0.0386697535449075,-1.65945292407372,-0.0443670415876017
B23,tr_24,cv_train,1.0,M_joint,test_talker_idB23.SPA.SPA,-0.809108659690871,0.412358534537012,-1.96214845073917,0.049745203485559,-1.61733138738341,-0.0008859319983278
B23,tr_24,cv_train,1.0,M_joint,test_talker_idB23.TUR.TUR,-1.74466541214954,0.411840956925426,-4.23626009703898,2.27273499385953e-05,-2.55187368772337,-0.937457136575699
B23,tr_24,cv_train,1.0,M_null,(Intercept),2.21137986358032,0.30107111269375,7.34504165409497,2.05695029820999e-13,1.62128048270057,2.80147924446007
B23,tr_24,cv_train,1.0,M_null,test_talker_idB23.FAR.FAR,-0.853347171730907,0.413217215040087,-2.0651297687298,0.0389107234363262,-1.66325291320948,-0.0434414302523362
B23,tr_24,cv_train,1.0,M_null,test_talker_idB23.SPA.SPA,-0.818407797937475,0.413407027139635,-1.97966590843905,0.0477410817287982,-1.62868557113116,-0.0081300247437899
B23,tr_24,cv_train,1.0,M_null,test_talker_idB23.TUR.TUR,-1.74912813156434,0.412908432822166,-4.23611627306646,2.27419045650166e-05,-2.55842865989579,-0.939827603232899
B23,tr_24,cv_train,1.0,M_predictor,(Intercept),2.20771435726905,0.3005977143933,7.34441498241231,2.06661003287588e-13,1.61854283705818,2.79688587747992
B23,tr_24,cv_train,1.0,M_predictor,similarity_z,0.0267144706048618,0.0162344973204712,1.64553728258501,0.099859060746754,-0.0051051441432617,0.0585340853529853
B23,tr_24,cv_train,1.0,M_predictor,test_talker_idB23.FAR.FAR,-0.851870064700976,0.412468049129401,-2.06529952198485,0.0388946687815076,-1.6603074409946,-0.0434326884073489
B23,tr_24,cv_train,1.0,M_predictor,test_talker_idB23.SPA.SPA,-0.808902331677909,0.412835812383301,-1.95938023643859,0.050068273442438,-1.61806052394918,0.0002558605933596
B23,tr_24,cv_train,1.0,M_predictor,test_talker_idB23.TUR.TUR,-1.74455203131025,0.412211427575282,-4.232177748133,2.31439382841555e-05,-2.5524864293578,-0.936617633262695
B23,tr_24,cv_train,2.0,M_condition,(Intercept),2.25956318922655,0.36988033873519,6.1089032116526,1.00318139371422e-09,1.53459772530558,2.98452865314753
B23,tr_24,cv_train,2.0,M_condition,condition_idB23.b_FAR,0.126385312005064,0.284240311851811,0.44464246180167,0.656578156479811,-0.430725699224486,0.683496323234614
B23,tr_24,cv_train,2.0,M_condition,condition_idB23.b_SPA,-0.106944748617129,0.279462373504611,-0.382680313188439,0.701956813144138,-0.654691000686166,0.440801503451908
B23,tr_24,cv_train,2.0,M_condition,condition_idB23.b_TUR,-0.129749549641328,0.284177660761746,-0.456578991091457,0.647973682577587,-0.686737764734351,0.427238665451694
B23,tr_24,cv_train,2.0,M_condition,condition_idB23.c_noBRP,0.200493365665119,0.284314120414612,0.705182582464572,0.480696619098274,-0.35676231034752,0.757749041677758
B23,tr_24,cv_train,2.0,M_condition,condition_idB23.c_noFAR,-0.0643104247359493,0.28976610251685,-0.221939088724878,0.824361300847866,-0.632251985668976,0.503631136197077
B23,tr_24,cv_train,2.0,M_condition,condition_idB23.c_noSPA,-0.0318180958021801,0.284263991097178,-0.111931503105164,0.910877717686124,-0.588975518352648,0.525339326748288
B23,tr_24,cv_train,2.0,M_condition,condition_idB23.c_noTUR,0.351659945192766,0.284515615279904,1.23599523648924,0.21646033431962,-0.205990660755845,0.909310551141378
B23,tr_24,cv_train,2.0,M_condition,test_talker_idB23.FAR.FAR,-0.953238894680362,0.43761256038328,-2.17827133171286,0.0293858421923343,-1.81095951303159,-0.095518276329134
B23,tr_24,cv_train,2.0,M_condition,test_talker_idB23.SPA.SPA,-0.897517081197998,0.437925108522126,-2.0494761860695,0.0404155741415428,-1.75585029390137,-0.0391838684946312
B23,tr_24,cv_train,2.0,M_condition,test_talker_idB23.TUR.TUR,-1.8301009522651,0.437479942747255,-4.18327967397216,2.87333552174783e-05,-2.68756164004972,-0.972640264480478
B23,tr_24,cv_train,2.0,M_joint,(Intercept),2.25736838892937,0.369629302976793,6.10711426488581,1.01448612120993e-09,1.53289495509486,2.98184182276388
B23,tr_24,cv_train,2.0,M_joint,condition_idB23.b_FAR,0.126871033744355,0.284356064590366,0.446169607555657,0.655474735015578,-0.430466852852763,0.684208920341472
B23,tr_24,cv_train,2.0,M_joint,condition_idB23.b_SPA,-0.105979310922338,0.27965659653813,-0.378962313903036,0.704715849343411,-0.654106240137072,0.442147618292397
B23,tr_24,cv_train,2.0,M_joint,condition_idB23.b_TUR,-0.127630360466988,0.284292862890407,-0.448939727748947,0.65347513631296,-0.684844371732185,0.429583650798209
B23,tr_24,cv_train,2.0,M_joint,condition_idB23.c_noBRP,0.20152588443107,0.284487639836802,0.708381863432368,0.478708152147044,-0.356069889649061,0.759121658511201
B23,tr_24,cv_train,2.0,M_joint,condition_idB23.c_noFAR,-0.0633630029114888,0.289836531012489,-0.218616344496472,0.826948919697488,-0.631442603695967,0.504716597872989
B23,tr_24,cv_train,2.0,M_joint,condition_idB23.c_noSPA,-0.0310243643725086,0.284347565970469,-0.109107191639301,0.913117470843003,-0.588345593674627,0.52629686492961
B23,tr_24,cv_train,2.0,M_joint,condition_idB23.c_noTUR,0.352222017929422,0.284607863434219,1.23756952348167,0.215875720717462,-0.205609394401646,0.910053430260491
B23,tr_24,cv_train,2.0,M_joint,similarity_z,0.0082771211557489,0.0161830681268415,0.511467979426,0.609023404508207,-0.0234416923728604,0.0399959346843582
B23,tr_24,cv_train,2.0,M_joint,test_talker_idB23.FAR.FAR,-0.952543963415395,0.437138832115886,-2.17904220223308,0.0293285332594703,-1.80933607436253,-0.0957518524682586
B23,tr_24,cv_train,2.0,M_joint,test_talker_idB23.SPA.SPA,-0.894345227114828,0.437433637838804,-2.04452778605105,0.0409014353051531,-1.75171515727888,-0.0369752969507721
B23,tr_24,cv_train,2.0,M_joint,test_talker_idB23.TUR.TUR,-1.82860616825435,0.437237156229782,-4.18218383822202,2.88722358594265e-05,-2.68559099446472,-0.971621342043978
B23,tr_24,cv_train,2.0,M_null,(Intercept),2.30246861745784,0.319605296451439,7.20410031692851,5.84283396432581e-13,1.67604223641302,2.92889499850267
B23,tr_24,cv_train,2.0,M_null,test_talker_idB23.FAR.FAR,-0.953195504564811,0.438381672310799,-2.17435071940924,0.0296788060711275,-1.81242358229398,-0.0939674268356454
B23,tr_24,cv_train,2.0,M_null,test_talker_idB23.SPA.SPA,-0.897463323070555,0.438695014092122,-2.04575683388573,0.0407803009449926,-1.75730555069111,-0.0376210954499965
B23,tr_24,cv_train,2.0,M_null,test_talker_idB23.TUR.TUR,-1.83005815454503,0.438097534047239,-4.17728476496673,2.95009598261522e-05,-2.68872932127762,-0.971386987812439
B23,tr_24,cv_train,2.0,M_predictor,(Intercept),2.30112558647615,0.318892761715814,7.21598563132905,5.35447113378136e-13,1.67609577351316,2.92615539943915
B23,tr_24,cv_train,2.0,M_predictor,similarity_z,0.0084946742014338,0.0161866106346791,0.524796351327212,0.5997247682456,-0.0232310826425373,0.040220431045405
B23,tr_24,cv_train,2.0,M_predictor,test_talker_idB23.FAR.FAR,-0.952524944275931,0.437291631750365,-2.17823730233122,0.029388374262031,-1.80961654250665,-0.0954333460452153
B23,tr_24,cv_train,2.0,M_predictor,test_talker_idB23.SPA.SPA,-0.894221087685186,0.43770908181521,-2.04295758264094,0.0410566372818851,-1.752130888043,-0.0363112873273741
B23,tr_24,cv_train,2.0,M_predictor,test_talker_idB23.TUR.TUR,-1.82854082257764,0.437123669782602,-4.18312013048171,2.87535353742847e-05,-2.68530321535154,-0.971778429803744
B23,tr_24,full,,M_condition,(Intercept),2.18060578382736,0.337183932182613,6.4671106055148,9.98945339572343e-11,1.51972527674944,2.84148629090528
B23,tr_24,full,,M_condition,condition_idB23.b_FAR,0.219459773419322,0.21863077333374,1.00379178133499,0.315478986660558,-0.209056542314809,0.647976089153453
B23,tr_24,full,,M_condition,condition_idB23.b_SPA,0.0306613427995432,0.216062874661327,0.141909353226944,0.887151606284051,-0.392821891536658,0.454144577135745
B23,tr_24,full,,M_condition,condition_idB23.b_TUR,-0.208652787773096,0.221102742744799,-0.943691539882556,0.345327298496538,-0.642014163552901,0.224708588006709
B23,tr_24,full,,M_condition,condition_idB23.c_noBRP,0.131172469169352,0.216087517532169,0.607033995611637,0.543828351534706,-0.292359065193699,0.554704003532403
B23,tr_24,full,,M_condition,condition_idB23.c_noFAR,0.0577975298705554,0.22136041238186,0.261101473604283,0.79401425531638,-0.37606887839789,0.491663938139001
B23,tr_24,full,,M_condition,condition_idB23.c_noSPA,-0.0528976613758024,0.218461354897239,-0.24213738581217,0.80867371027617,-0.481081916974392,0.375286594222787
B23,tr_24,full,,M_condition,condition_idB23.c_noTUR,0.291153405376378,0.218634789709233,1.3316883637942,0.182962614526647,-0.137370782453718,0.719677593206475
B23,tr_24,full,,M_condition,test_talker_idB23.FAR.FAR,-0.864653890122331,0.423351602657195,-2.04240136259146,0.0411117347058313,-1.69442303133043,-0.0348847489142297
B23,tr_24,full,,M_condition,test_talker_idB23.SPA.SPA,-0.833439361276816,0.423682527639182,-1.96713177180295,0.049168021249077,-1.66385711544961,-0.0030216071040195
B23,tr_24,full,,M_condition,test_talker_idB23.TUR.TUR,-1.76721241428133,0.423052861762388,-4.17728509605001,2.95009169000889e-05,-2.59639602333561,-0.93802880522705
B23,tr_24,full,,M_joint,(Intercept),2.17436567985692,0.33726540446988,6.44704630548939,1.14050950734821e-10,1.51332548709596,2.83540587261789
B23,tr_24,full,,M_joint,condition_idB23.b_FAR,0.221325498821195,0.218698729908623,1.01201090154327,0.311532841050132,-0.207324011799707,0.649975009442096
B23,tr_24,full,,M_joint,condition_idB23.b_SPA,0.0337889622854305,0.216229631096084,0.156264255338881,0.875824730281297,-0.390021114662894,0.457599039233755
B23,tr_24,full,,M_joint,condition_idB23.b_TUR,-0.201923815303859,0.221236449341292,-0.912705912181582,0.361397233659312,-0.635547256012792,0.231699625405074
B23,tr_24,full,,M_joint,condition_idB23.c_noBRP,0.134545322300947,0.216201215748843,0.622315290110329,0.533734569097472,-0.289209060566785,0.55829970516868
B23,tr_24,full,,M_joint,condition_idB23.c_noFAR,0.0606992276692254,0.221460957074213,0.274085457189118,0.784018949537984,-0.373364248196233,0.494762703534684
B23,tr_24,full,,M_joint,condition_idB23.c_noSPA,-0.0503984030921222,0.218542732111823,-0.230611206353614,0.81761686084727,-0.478742158031294,0.37794535184705
B23,tr_24,full,,M_joint,condition_idB23.c_noTUR,0.29293119566943,0.218802340507113,1.33879370298558,0.180637841326932,-0.135921391724512,0.721783783063372
B23,tr_24,full,,M_joint,similarity_z,0.0242718898389972,0.0132285362826601,1.83481296194596,0.0665334073965881,-0.0016560412750165,0.0501998209530111
B23,tr_24,full,,M_joint,test_talker_idB23.FAR.FAR,-0.863072257385968,0.423070222332061,-2.04002128211367,0.0413482060758972,-1.69228989315681,-0.033854621615129
B23,tr_24,full,,M_joint,test_talker_idB23.SPA.SPA,-0.82420351796658,0.423152535559587,-1.94776929996799,0.0514425737488747,-1.65358248766337,0.0051754517302117
B23,tr_24,full,,M_joint,test_talker_idB23.TUR.TUR,-1.76316228037715,0.422984180070462,-4.16838823637196,3.06761112093294e-05,-2.59221127331526,-0.934113287439048
B23,tr_24,full,,M_null,(Intercept),2.24108979059246,0.305979867196128,7.32430473654646,2.4014043763118797e-13,1.64136925088805,2.84081033029687
B23,tr_24,full,,M_null,test_talker_idB23.FAR.FAR,-0.864602202509169,0.424336893261325,-2.03753719329964,0.041596238694903,-1.69630251330137,-0.0329018917169729
B23,tr_24,full,,M_null,test_talker_idB23.SPA.SPA,-0.833382686419152,0.424839017949634,-1.96164347248809,0.0498040072666257,-1.66606716160043,-0.0006982112378695
B23,tr_24,full,,M_null,test_talker_idB23.TUR.TUR,-1.76718310194618,0.424271418135367,-4.16521836354846,3.11054698894217e-05,-2.5987550814915,-0.935611122400858
B23,tr_24,full,,M_predictor,(Intercept),2.23742576407872,0.305618553789955,7.32097490918845,2.46175870292617e-13,1.63841339865041,2.83643812950704
B23,tr_24,full,,M_predictor,similarity_z,0.0245994663386007,0.0132291376305374,1.85949130061333,0.0629575312075508,-0.0013296434172526,0.0505285760944541
B23,tr_24,full,,M_predictor,test_talker_idB23.FAR.FAR,-0.862903317651471,0.423703172755265,-2.03657506749399,0.0416926434133403,-1.69336153625179,-0.0324450990511523
B23,tr_24,full,,M_predictor,test_talker_idB23.SPA.SPA,-0.823841514301404,0.424072951305754,-1.94268819023881,0.0520538440019239,-1.65502449886068,0.0073414702578733
B23,tr_24,full,,M_predictor,test_talker_idB23.TUR.TUR,-1.76288226843498,0.424010019286656,-4.15764295240194,3.21548063363922e-05,-2.59394190623682,-0.931822630633131
B23,tr_4,cv_train,0.0,M_condition,(Intercept),2.00748489855931,0.342756884363664,5.85687695897414,4.71652291020682e-09,1.33568140520652,2.67928839191209
B23,tr_4,cv_train,0.0,M_condition,condition_idB23.b_FAR,0.386983691503391,0.238994404892281,1.61921653219376,0.10540068214423,-0.0814453420854793,0.855412725092262
B23,tr_4,cv_train,0.0,M_condition,condition_idB23.b_SPA,0.343234271771975,0.239072918682451,1.43568863283874,0.151090961213782,-0.125348648845629,0.811817192389579
B23,tr_4,cv_train,0.0,M_condition,condition_idB23.b_TUR,-0.181478345976765,0.243097187673419,-0.746525896550338,0.455349793999303,-0.657948833816666,0.294992141863136
B23,tr_4,cv_train,0.0,M_condition,condition_idB23.c_noBRP,0.211358408383549,0.234912581651848,0.899732176528511,0.368262795621399,-0.249070251654074,0.671787068421172
B23,tr_4,cv_train,0.0,M_condition,condition_idB23.c_noFAR,0.227840232438111,0.238999663172525,0.953307755390607,0.340434163220042,-0.240599107380038,0.69627957225626
B23,tr_4,cv_train,0.0,M_condition,condition_idB23.c_noSPA,-0.025597509651364,0.238806415266908,-0.107189371871582,0.914638746869281,-0.493658083574504,0.442463064271776
B23,tr_4,cv_train,0.0,M_condition,condition_idB23.c_noTUR,0.461894153641182,0.239182784218596,1.93113461384848,0.0534664074399966,-0.0069041034272661,0.93069241070963
B23,tr_4,cv_train,0.0,M_condition,test_talker_idB23.FAR.FAR,-0.760446494286919,0.421331710660541,-1.80486413684537,0.0710959450002022,-1.58625664718158,0.0653636586077416
B23,tr_4,cv_train,0.0,M_condition,test_talker_idB23.SPA.SPA,-0.765126993980093,0.421683371414569,-1.81445853891135,0.0696071603680536,-1.59162640195265,0.0613724139924636
B23,tr_4,cv_train,0.0,M_condition,test_talker_idB23.TUR.TUR,-1.70062953509264,0.421121006537777,-4.03833935778761,5.38309386714887e-05,-2.52602670790668,-0.875232362278597
B23,tr_4,cv_train,0.0,M_joint,(Intercept),1.99855089292089,0.343246021753798,5.82250271309597,5.7972858409997e-09,1.32578869028345,2.67131309555833
B23,tr_4,cv_train,0.0,M_joint,condition_idB23.b_FAR,0.389010482499648,0.239233854972033,1.62606785960593,0.103935220351699,-0.0798878732455366,0.857908838244833
B23,tr_4,cv_train,0.0,M_joint,condition_idB23.b_SPA,0.352864450087868,0.239310564246603,1.47450427522394,0.140345867469836,-0.116184255835473,0.821913156011209
B23,tr_4,cv_train,0.0,M_joint,condition_idB23.b_TUR,-0.173832591187807,0.243283943005801,-0.714525541801425,0.474902267992177,-0.650669119479177,0.303003937103563
B23,tr_4,cv_train,0.0,M_joint,condition_idB23.c_noBRP,0.216619330656937,0.235157642420224,0.921166449992897,0.356963531508415,-0.244289648486702,0.677528309800575
B23,tr_4,cv_train,0.0,M_joint,condition_idB23.c_noFAR,0.23273890656582,0.2391769965437,0.973082319491772,0.330512390565281,-0.236048006659833,0.701525819791472
B23,tr_4,cv_train,0.0,M_joint,condition_idB23.c_noSPA,-0.0230677947097917,0.239026695606055,-0.096507189924134,0.923117763848658,-0.491560118097659,0.445424528678076
B23,tr_4,cv_train,0.0,M_joint,condition_idB23.c_noTUR,0.466056520998268,0.239428215245639,1.94653967795785,0.0515899465758056,-0.0032227808831842,0.93533582287972
B23,tr_4,cv_train,0.0,M_joint,similarity_z,0.0362962933476301,0.0149662248573519,2.42521368572116,0.0152993784815436,0.0069624926272203,0.0656300940680399
B23,tr_4,cv_train,0.0,M_joint,test_talker_idB23.FAR.FAR,-0.759800784434531,0.421373604761773,-1.80315229964176,0.0713642994170326,-1.58569304976761,0.0660914808985441
B23,tr_4,cv_train,0.0,M_joint,test_talker_idB23.SPA.SPA,-0.751735034221221,0.421656659818019,-1.78281314125492,0.0746167258624779,-1.57818208746454,0.0747120190220967
B23,tr_4,cv_train,0.0,M_joint,test_talker_idB23.TUR.TUR,-1.69438862933246,0.421136820522159,-4.02336852719651,5.73716166952171e-05,-2.5198167975559,-0.868960461109031
B23,tr_4,cv_train,0.0,M_null,(Intercept),2.18907379585421,0.305726684513404,7.16023136592851,8.05410117158341e-13,1.58984949420793,2.78829809750048
B23,tr_4,cv_train,0.0,M_null,test_talker_idB23.FAR.FAR,-0.760447190620079,0.421975714644283,-1.80211126903623,0.0715279010723657,-1.58751959132287,0.0666252100827158
B23,tr_4,cv_train,0.0,M_null,test_talker_idB23.SPA.SPA,-0.76511909673249,0.422439758126726,-1.81119102076317,0.0701112876717585,-1.59310102266087,0.0628628291958923
B23,tr_4,cv_train,0.0,M_null,test_talker_idB23.TUR.TUR,-1.7006432473343,0.421876448779009,-4.03114052053933,5.55068435571194e-05,-2.52752108694115,-0.873765407727439
B23,tr_4,cv_train,0.0,M_predictor,(Intercept),2.1845714568478,0.305222765692927,7.15730182146904,8.22804113282658e-13,1.58633483608967,2.78280807760594
B23,tr_4,cv_train,0.0,M_predictor,similarity_z,0.0361949632557732,0.0149605297030054,2.41936375077026,0.0155476840432228,0.0068723250378824,0.0655176014736638
B23,tr_4,cv_train,0.0,M_predictor,test_talker_idB23.FAR.FAR,-0.759768780747208,0.421188527628203,-1.80386865004519,0.0712519006332912,-1.58529829489849,0.0657607334040696
B23,tr_4,cv_train,0.0,M_predictor,test_talker_idB23.SPA.SPA,-0.751772963063554,0.42154231962319,-1.78338669231491,0.0745233779987252,-1.57799590952501,0.0744499833978978
B23,tr_4,cv_train,0.0,M_predictor,test_talker_idB23.TUR.TUR,-1.69425807321668,0.421156618254269,-4.02286940245537,5.74933797555778e-05,-2.51972504499504,-0.868791101438308
B23,tr_4,cv_train,1.0,M_condition,(Intercept),2.25440598016249,0.350937368872758,6.42395532685461,1.32778184538988e-10,1.56656873717189,2.9422432231531
B23,tr_4,cv_train,1.0,M_condition,condition_idB23.b_FAR,0.145322203100781,0.273879580126126,0.530606199388279,0.595691698805146,-0.391481773946425,0.682126180147988
B23,tr_4,cv_train,1.0,M_condition,condition_idB23.b_SPA,-0.130528084296681,0.269278050278999,-0.484733472191442,0.627865419680558,-0.65831306284352,0.397256894250158
B23,tr_4,cv_train,1.0,M_condition,condition_idB23.b_TUR,-0.321196305355225,0.278923507764818,-1.15155695527123,0.249503178166237,-0.867886380574268,0.225493769863818
B23,tr_4,cv_train,1.0,M_condition,condition_idB23.c_noBRP,-0.0131030674369056,0.269197428319519,-0.0486745639388247,0.961178646877878,-0.540730026943162,0.514523892069351
B23,tr_4,cv_train,1.0,M_condition,condition_idB23.c_noFAR,0.0043706281280715,0.279165474273703,0.0156560482253132,0.987508791130466,-0.542793701448386,0.551534957704529
B23,tr_4,cv_train,1.0,M_condition,condition_idB23.c_noSPA,-0.102219854912487,0.273754749293229,-0.373399384581985,0.70885121746611,-0.638779163527217,0.434339453702242
B23,tr_4,cv_train,1.0,M_condition,condition_idB23.c_noTUR,0.0605123201125062,0.273796731376744,0.221011842647754,0.825083211880674,-0.476129273385912,0.597153913610924
B23,tr_4,cv_train,1.0,M_condition,test_talker_idB23.FAR.FAR,-0.853410726870499,0.412799109536467,-2.06737540647507,0.0386987938054192,-1.66249698156197,-0.0443244721790241
B23,tr_4,cv_train,1.0,M_condition,test_talker_idB23.SPA.SPA,-0.818457175674713,0.413257767448686,-1.98050040469316,0.047647327916087,-1.62844239987414,-0.0084719514752886
B23,tr_4,cv_train,1.0,M_condition,test_talker_idB23.TUR.TUR,-1.74918314778374,0.412796931608843,-4.23739377365631,2.26129346321337e-05,-2.55826513373707,-0.940101161830411
B23,tr_4,cv_train,1.0,M_joint,(Intercept),2.25295821987259,0.350553708598909,6.42685604119609,1.30270081923511e-10,1.56587295101873,2.94004348872645
B23,tr_4,cv_train,1.0,M_joint,condition_idB23.b_FAR,0.145459199422013,0.273799275871989,0.531262177223655,0.595237111457515,-0.391187381287085,0.682105780131111
B23,tr_4,cv_train,1.0,M_joint,condition_idB23.b_SPA,-0.128885123418556,0.26914002136448,-0.478877584853926,0.63202571808788,-0.656399565292937,0.398629318455825
B23,tr_4,cv_train,1.0,M_joint,condition_idB23.b_TUR,-0.319869937736584,0.278763000928275,-1.14746195395883,0.251190748659318,-0.866245419556002,0.226505544082834
B23,tr_4,cv_train,1.0,M_joint,condition_idB23.c_noBRP,-0.0122123113126318,0.269106161877603,-0.0453810170210311,0.963803611620074,-0.539660388592733,0.515235765967469
B23,tr_4,cv_train,1.0,M_joint,condition_idB23.c_noFAR,0.0052188911968326,0.279017026547556,0.0187045617301895,0.985076789157961,-0.541654480836376,0.552092263230042
B23,tr_4,cv_train,1.0,M_joint,condition_idB23.c_noSPA,-0.101851758615204,0.273596246066029,-0.372270307358761,0.709691603753367,-0.638100400904621,0.434396883674213
B23,tr_4,cv_train,1.0,M_joint,condition_idB23.c_noTUR,0.0610926527827724,0.273653898231443,0.223247880543997,0.823342588846105,-0.475268987750855,0.5974542933164
B23,tr_4,cv_train,1.0,M_joint,similarity_z,0.007166563755048,0.0150000918519702,0.477767991407785,0.632815345516951,-0.0222336162748135,0.0365667437849097
B23,tr_4,cv_train,1.0,M_joint,test_talker_idB23.FAR.FAR,-0.853500539589744,0.41270313455042,-2.06807379963205,0.0386330839839979,-1.66239868330857,-0.0446023958709209
B23,tr_4,cv_train,1.0,M_joint,test_talker_idB23.SPA.SPA,-0.816483412512277,0.413024223446473,-1.97684146876216,0.0480595526166751,-1.62601089046736,-0.0069559345571905
B23,tr_4,cv_train,1.0,M_joint,test_talker_idB23.TUR.TUR,-1.74797547023056,0.412610888037929,-4.23637747065434,2.27154785918792e-05,-2.5566928107849,-0.939258129676223
B23,tr_4,cv_train,1.0,M_null,(Intercept),2.21137986358032,0.30107111269375,7.34504165409497,2.05695029820999e-13,1.62128048270057,2.80147924446007
B23,tr_4,cv_train,1.0,M_null,test_talker_idB23.FAR.FAR,-0.853347171730907,0.413217215040087,-2.0651297687298,0.0389107234363262,-1.66325291320948,-0.0434414302523362
B23,tr_4,cv_train,1.0,M_null,test_talker_idB23.SPA.SPA,-0.818407797937475,0.413407027139635,-1.97966590843905,0.0477410817287982,-1.62868557113116,-0.0081300247437899
B23,tr_4,cv_train,1.0,M_null,test_talker_idB23.TUR.TUR,-1.74912813156434,0.412908432822166,-4.23611627306646,2.27419045650166e-05,-2.55842865989579,-0.939827603232899
B23,tr_4,cv_train,1.0,M_predictor,(Intercept),2.21057619828426,0.301027479070406,7.3434365696802,2.08178080035674e-13,1.62056233930627,2.80059005726226
B23,tr_4,cv_train,1.0,M_predictor,similarity_z,0.0074523535303629,0.0149997882359984,0.496830582746349,0.619308526772127,-0.021947231412194,0.0368519384729199
B23,tr_4,cv_train,1.0,M_predictor,test_talker_idB23.FAR.FAR,-0.853387354383304,0.413176455251959,-2.06543074644198,0.0388822618991054,-1.66321320667714,-0.0435615020894647
B23,tr_4,cv_train,1.0,M_predictor,test_talker_idB23.SPA.SPA,-0.816288985823571,0.413290289993859,-1.97509838867905,0.0482569836698354,-1.62633795421154,-0.0062400174356066
B23,tr_4,cv_train,1.0,M_predictor,test_talker_idB23.TUR.TUR,-1.74781757861158,0.412809252766574,-4.23395930904653,2.29612508364379e-05,-2.55692371403406,-0.938711443189092
B23,tr_4,cv_train,2.0,M_condition,(Intercept),2.25956318922655,0.36988033873519,6.1089032116526,1.00318139371422e-09,1.53459772530558,2.98452865314753
B23,tr_4,cv_train,2.0,M_condition,condition_idB23.b_FAR,0.126385312005064,0.284240311851811,0.44464246180167,0.656578156479811,-0.430725699224486,0.683496323234614
B23,tr_4,cv_train,2.0,M_condition,condition_idB23.b_SPA,-0.106944748617129,0.279462373504611,-0.382680313188439,0.701956813144138,-0.654691000686166,0.440801503451908
B23,tr_4,cv_train,2.0,M_condition,condition_idB23.b_TUR,-0.129749549641328,0.284177660761746,-0.456578991091457,0.647973682577587,-0.686737764734351,0.427238665451694
B23,tr_4,cv_train,2.0,M_condition,condition_idB23.c_noBRP,0.200493365665119,0.284314120414612,0.705182582464572,0.480696619098274,-0.35676231034752,0.757749041677758
B23,tr_4,cv_train,2.0,M_condition,condition_idB23.c_noFAR,-0.0643104247359493,0.28976610251685,-0.221939088724878,0.824361300847866,-0.632251985668976,0.503631136197077
B23,tr_4,cv_train,2.0,M_condition,condition_idB23.c_noSPA,-0.0318180958021801,0.284263991097178,-0.111931503105164,0.910877717686124,-0.588975518352648,0.525339326748288
B23,tr_4,cv_train,2.0,M_condition,condition_idB23.c_noTUR,0.351659945192766,0.284515615279904,1.23599523648924,0.21646033431962,-0.205990660755845,0.909310551141378
B23,tr_4,cv_train,2.0,M_condition,test_talker_idB23.FAR.FAR,-0.953238894680362,0.43761256038328,-2.17827133171286,0.0293858421923343,-1.81095951303159,-0.095518276329134
B23,tr_4,cv_train,2.0,M_condition,test_talker_idB23.SPA.SPA,-0.897517081197998,0.437925108522126,-2.0494761860695,0.0404155741415428,-1.75585029390137,-0.0391838684946312
B23,tr_4,cv_train,2.0,M_condition,test_talker_idB23.TUR.TUR,-1.8301009522651,0.437479942747255,-4.18327967397216,2.87333552174783e-05,-2.68756164004972,-0.972640264480478
B23,tr_4,cv_train,2.0,M_joint,(Intercept),2.25813716873154,0.370138403674347,6.10079134268455,1.0554461401093e-09,1.53266589752982,2.98360843993326
B23,tr_4,cv_train,2.0,M_joint,condition_idB23.b_FAR,0.126468460370766,0.284484322416518,0.444553356390589,0.6566425617239,-0.43112081156561,0.684057732307141
B23,tr_4,cv_train,2.0,M_joint,condition_idB23.b_SPA,-0.105493439829308,0.279752097532064,-0.377096153201198,0.706102149848659,-0.653807550992154,0.442820671333538
B23,tr_4,cv_train,2.0,M_joint,condition_idB23.b_TUR,-0.128717158505782,0.284443740793308,-0.452522379809775,0.650892702467922,-0.686226890460666,0.428792573449101
B23,tr_4,cv_train,2.0,M_joint,condition_idB23.c_noBRP,0.201233639961688,0.28453774207443,0.70723004440321,0.47942353061019,-0.356460334504195,0.758927614427572
B23,tr_4,cv_train,2.0,M_joint,condition_idB23.c_noFAR,-0.0635478837190795,0.289929076179577,-0.219184238284949,0.826506533002607,-0.631808873031051,0.504713105592892
B23,tr_4,cv_train,2.0,M_joint,condition_idB23.c_noSPA,-0.0314985125274109,0.284502683875615,-0.110714289574794,0.911842914204607,-0.589123772923616,0.526126747868794
B23,tr_4,cv_train,2.0,M_joint,condition_idB23.c_noTUR,0.352250964252092,0.284685030535183,1.23733574466452,0.215962462837576,-0.205731695596866,0.91023362410105
B23,tr_4,cv_train,2.0,M_joint,similarity_z,0.0066355242080757,0.0149059803328949,0.445158524289226,0.656205197562558,-0.0225801972443983,0.0358512456605497
B23,tr_4,cv_train,2.0,M_joint,test_talker_idB23.FAR.FAR,-0.953141622055742,0.437493324759645,-2.17864266290095,0.0293582242518536,-1.81062853858465,-0.0956547055268377
B23,tr_4,cv_train,2.0,M_joint,test_talker_idB23.SPA.SPA,-0.895511423377514,0.437924148761351,-2.04490075715265,0.0408646432701886,-1.75384275494976,-0.0371800918052663
B23,tr_4,cv_train,2.0,M_joint,test_talker_idB23.TUR.TUR,-1.82898449008936,0.43750991715642,-4.1804412159998,2.9094401908115e-05,-2.68650392771594,-0.971465052462773
B23,tr_4,cv_train,2.0,M_null,(Intercept),2.30246861745784,0.319605296451439,7.20410031692851,5.84283396432581e-13,1.67604223641302,2.92889499850267
B23,tr_4,cv_train,2.0,M_null,test_talker_idB23.FAR.FAR,-0.953195504564811,0.438381672310799,-2.17435071940924,0.0296788060711275,-1.81242358229398,-0.0939674268356454
B23,tr_4,cv_train,2.0,M_null,test_talker_idB23.SPA.SPA,-0.897463323070555,0.438695014092122,-2.04575683388573,0.0407803009449926,-1.75730555069111,-0.0376210954499965
B23,tr_4,cv_train,2.0,M_null,test_talker_idB23.TUR.TUR,-1.83005815454503,0.438097534047239,-4.17728476496673,2.95009598261522e-05,-2.68872932127762,-0.971386987812439
B23,tr_4,cv_train,2.0,M_predictor,(Intercept),2.30162661249337,0.319103486427556,7.21279055349929,5.48166980988425e-13,1.67618377909536,2.92706944589138
B23,tr_4,cv_train,2.0,M_predictor,similarity_z,0.0067981906353884,0.0149097070998415,0.455957356497013,0.648420643318477,-0.0224248352803008,0.0360212165510777
B23,tr_4,cv_train,2.0,M_predictor,test_talker_idB23.FAR.FAR,-0.953049216718869,0.437646039848682,-2.17767129127545,0.0294305177362224,-1.81083545482229,-0.0952629786154512
B23,tr_4,cv_train,2.0,M_predictor,test_talker_idB23.SPA.SPA,-0.895387280134939,0.437952748462959,-2.04448375601568,0.0409057805353931,-1.75377466712234,-0.036999893147539
B23,tr_4,cv_train,2.0,M_predictor,test_talker_idB23.TUR.TUR,-1.82886359850163,0.437538859686457,-4.17988838708453,2.916522066052e-05,-2.68643976348709,-0.971287433516174
B23,tr_4,full,,M_condition,(Intercept),2.18060578382736,0.337183932182613,6.4671106055148,9.98945339572343e-11,1.51972527674944,2.84148629090528
B23,tr_4,full,,M_condition,condition_idB23.b_FAR,0.219459773419322,0.21863077333374,1.00379178133499,0.315478986660558,-0.209056542314809,0.647976089153453
B23,tr_4,full,,M_condition,condition_idB23.b_SPA,0.0306613427995432,0.216062874661327,0.141909353226944,0.887151606284051,-0.392821891536658,0.454144577135745
B23,tr_4,full,,M_condition,condition_idB23.b_TUR,-0.208652787773096,0.221102742744799,-0.943691539882556,0.345327298496538,-0.642014163552901,0.224708588006709
B23,tr_4,full,,M_condition,condition_idB23.c_noBRP,0.131172469169352,0.216087517532169,0.607033995611637,0.543828351534706,-0.292359065193699,0.554704003532403
B23,tr_4,full,,M_condition,condition_idB23.c_noFAR,0.0577975298705554,0.22136041238186,0.261101473604283,0.79401425531638,-0.37606887839789,0.491663938139001
B23,tr_4,full,,M_condition,condition_idB23.c_noSPA,-0.0528976613758024,0.218461354897239,-0.24213738581217,0.80867371027617,-0.481081916974392,0.375286594222787
B23,tr_4,full,,M_condition,condition_idB23.c_noTUR,0.291153405376378,0.218634789709233,1.3316883637942,0.182962614526647,-0.137370782453718,0.719677593206475
B23,tr_4,full,,M_condition,test_talker_idB23.FAR.FAR,-0.864653890122331,0.423351602657195,-2.04240136259146,0.0411117347058313,-1.69442303133043,-0.0348847489142297
B23,tr_4,full,,M_condition,test_talker_idB23.SPA.SPA,-0.833439361276816,0.423682527639182,-1.96713177180295,0.049168021249077,-1.66385711544961,-0.0030216071040195
B23,tr_4,full,,M_condition,test_talker_idB23.TUR.TUR,-1.76721241428133,0.423052861762388,-4.17728509605001,2.95009169000889e-05,-2.59639602333561,-0.93802880522705
B23,tr_4,full,,M_joint,(Intercept),2.17706714344847,0.337865901616115,6.44358348396477,1.16685037176622e-10,1.51484997628088,2.83928431061605
B23,tr_4,full,,M_joint,condition_idB23.b_FAR,0.219898271194238,0.218695876354078,1.00549802246026,0.314657101221632,-0.208745646459754,0.64854218884823
B23,tr_4,full,,M_joint,condition_idB23.b_SPA,0.0344978446281523,0.21627157889844,0.159511688053807,0.873265750481375,-0.389394450012791,0.458390139269096
B23,tr_4,full,,M_joint,condition_idB23.b_TUR,-0.205687866582538,0.221239268249579,-0.929707769375294,0.352522410698522,-0.639316832351712,0.227941099186636
B23,tr_4,full,,M_joint,condition_idB23.c_noBRP,0.133218239073251,0.216226847296902,0.616104062648282,0.537825840916514,-0.290586381628677,0.557022859775179
B23,tr_4,full,,M_joint,condition_idB23.c_noFAR,0.0598066996717863,0.221443016037674,0.270077154574211,0.787100897254535,-0.374221611762054,0.493835011105627
B23,tr_4,full,,M_joint,condition_idB23.c_noSPA,-0.0519757532464862,0.218589460215916,-0.237777947734287,0.812053323350872,-0.480411095269682,0.376459588776709
B23,tr_4,full,,M_joint,condition_idB23.c_noTUR,0.292677284682248,0.218785243094359,1.33773777674768,0.180981931825569,-0.136141791782696,0.721496361147191
B23,tr_4,full,,M_joint,similarity_z,0.0162547805781786,0.0122095052440008,1.33132180652164,0.183083145954844,-0.0076758497000629,0.0401854108564201
B23,tr_4,full,,M_joint,test_talker_idB23.FAR.FAR,-0.864584550615675,0.423932827769349,-2.03943760421892,0.0414063725924458,-1.6954928930436,-0.0336762081877504
B23,tr_4,full,,M_joint,test_talker_idB23.SPA.SPA,-0.828333231089425,0.424347125480475,-1.95201800919831,0.0509360665036302,-1.66005359703116,0.003387134852307
B23,tr_4,full,,M_joint,test_talker_idB23.TUR.TUR,-1.76449832996488,0.423822485450537,-4.16329569699248,3.13686704867537e-05,-2.59519040144793,-0.933806258481825
B23,tr_4,full,,M_null,(Intercept),2.24108979059246,0.305979867196128,7.32430473654646,2.4014043763118797e-13,1.64136925088805,2.84081033029687
B23,tr_4,full,,M_null,test_talker_idB23.FAR.FAR,-0.864602202509169,0.424336893261325,-2.03753719329964,0.041596238694903,-1.69630251330137,-0.0329018917169729
B23,tr_4,full,,M_null,test_talker_idB23.SPA.SPA,-0.833382686419152,0.424839017949634,-1.96164347248809,0.0498040072666257,-1.66606716160043,-0.0006982112378695
B23,tr_4,full,,M_null,test_talker_idB23.TUR.TUR,-1.76718310194618,0.424271418135367,-4.16521836354846,3.11054698894217e-05,-2.5987550814915,-0.935611122400858
B23,tr_4,full,,M_predictor,(Intercept),2.23916523836864,0.305265598986716,7.33513781376355,2.21493447682438e-13,1.64084466435468,2.83748581238261
B23,tr_4,full,,M_predictor,similarity_z,0.0164006417034302,0.0122097785043519,1.34323826575433,0.179194834705166,-0.0075305241650995,0.04033180757196
B23,tr_4,full,,M_predictor,test_talker_idB23.FAR.FAR,-0.864414581774391,0.423324701628574,-2.04196584430084,0.041154919503688,-1.6941309969664,-0.0346981665823866
B23,tr_4,full,,M_predictor,test_talker_idB23.SPA.SPA,-0.82818350135798,0.423967939778889,-1.95341067956672,0.0507709517793801,-1.6591606633246,0.002793660608642
B23,tr_4,full,,M_predictor,test_talker_idB23.TUR.TUR,-1.76431062691332,0.42338393900896,-4.1671647513204,3.08411603350284e-05,-2.59414314737089,-0.934478106455763
B23,tr_6,cv_train,0.0,M_condition,(Intercept),2.00748489855931,0.342756884363664,5.85687695897414,4.71652291020682e-09,1.33568140520652,2.67928839191209
B23,tr_6,cv_train,0.0,M_condition,condition_idB23.b_FAR,0.386983691503391,0.238994404892281,1.61921653219376,0.10540068214423,-0.0814453420854793,0.855412725092262
B23,tr_6,cv_train,0.0,M_condition,condition_idB23.b_SPA,0.343234271771975,0.239072918682451,1.43568863283874,0.151090961213782,-0.125348648845629,0.811817192389579
B23,tr_6,cv_train,0.0,M_condition,condition_idB23.b_TUR,-0.181478345976765,0.243097187673419,-0.746525896550338,0.455349793999303,-0.657948833816666,0.294992141863136
B23,tr_6,cv_train,0.0,M_condition,condition_idB23.c_noBRP,0.211358408383549,0.234912581651848,0.899732176528511,0.368262795621399,-0.249070251654074,0.671787068421172
B23,tr_6,cv_train,0.0,M_condition,condition_idB23.c_noFAR,0.227840232438111,0.238999663172525,0.953307755390607,0.340434163220042,-0.240599107380038,0.69627957225626
B23,tr_6,cv_train,0.0,M_condition,condition_idB23.c_noSPA,-0.025597509651364,0.238806415266908,-0.107189371871582,0.914638746869281,-0.493658083574504,0.442463064271776
B23,tr_6,cv_train,0.0,M_condition,condition_idB23.c_noTUR,0.461894153641182,0.239182784218596,1.93113461384848,0.0534664074399966,-0.0069041034272661,0.93069241070963
B23,tr_6,cv_train,0.0,M_condition,test_talker_idB23.FAR.FAR,-0.760446494286919,0.421331710660541,-1.80486413684537,0.0710959450002022,-1.58625664718158,0.0653636586077416
B23,tr_6,cv_train,0.0,M_condition,test_talker_idB23.SPA.SPA,-0.765126993980093,0.421683371414569,-1.81445853891135,0.0696071603680536,-1.59162640195265,0.0613724139924636
B23,tr_6,cv_train,0.0,M_condition,test_talker_idB23.TUR.TUR,-1.70062953509264,0.421121006537777,-4.03833935778761,5.38309386714887e-05,-2.52602670790668,-0.875232362278597
B23,tr_6,cv_train,0.0,M_joint,(Intercept),2.00007974176698,0.342532684217519,5.83909166605797,5.2486187438342905e-09,1.32871568070064,2.67144380283332
B23,tr_6,cv_train,0.0,M_joint,condition_idB23.b_FAR,0.391729916868007,0.239002992157972,1.6390167894178,0.101209763121177,-0.0767159477616194,0.860175781497632
B23,tr_6,cv_train,0.0,M_joint,condition_idB23.b_SPA,0.351786282148002,0.23910089696809,1.47128800689924,0.141213245316662,-0.116851475909454,0.820424040205458
B23,tr_6,cv_train,0.0,M_joint,condition_idB23.b_TUR,-0.171875315502703,0.243119096425085,-0.706959338159864,0.479591747045333,-0.64838874449587,0.304638113490465
B23,tr_6,cv_train,0.0,M_joint,condition_idB23.c_noBRP,0.217884626127814,0.234989834659836,0.927208729872153,0.353818171106063,-0.242695449805464,0.678464702061092
B23,tr_6,cv_train,0.0,M_joint,condition_idB23.c_noFAR,0.233122908395692,0.238980388016144,0.975489705791018,0.329317405540514,-0.235278652115951,0.701524468907335
B23,tr_6,cv_train,0.0,M_joint,condition_idB23.c_noSPA,-0.0215010592163344,0.238807082142881,-0.0900352662215861,0.92825919023037,-0.48956294021638,0.446560821783712
B23,tr_6,cv_train,0.0,M_joint,condition_idB23.c_noTUR,0.466647721963667,0.239157133653058,1.95121807506117,0.0510311097132946,-0.0021002599963258,0.935395703923661
B23,tr_6,cv_train,0.0,M_joint,similarity_z,0.0358745818056998,0.0154731591128934,2.31850403294867,0.0204219440341063,0.0055471899444288,0.0662019736669709
B23,tr_6,cv_train,0.0,M_joint,test_talker_idB23.FAR.FAR,-0.762939571790544,0.42083524948179,-1.81291746052646,0.0698445527741884,-1.58777666077485,0.0618975171937637
B23,tr_6,cv_train,0.0,M_joint,test_talker_idB23.SPA.SPA,-0.754622354296331,0.421132076973717,-1.79188999261015,0.0731505893256932,-1.58004122516482,0.070796516572155
B23,tr_6,cv_train,0.0,M_joint,test_talker_idB23.TUR.TUR,-1.69839561514751,0.420584080987216,-4.03818330727343,5.38667536575434e-05,-2.52274041388245,-0.874050816412566
B23,tr_6,cv_train,0.0,M_null,(Intercept),2.18907379585421,0.305726684513404,7.16023136592851,8.05410117158341e-13,1.58984949420793,2.78829809750048
B23,tr_6,cv_train,0.0,M_null,test_talker_idB23.FAR.FAR,-0.760447190620079,0.421975714644283,-1.80211126903623,0.0715279010723657,-1.58751959132287,0.0666252100827158
B23,tr_6,cv_train,0.0,M_null,test_talker_idB23.SPA.SPA,-0.76511909673249,0.422439758126726,-1.81119102076317,0.0701112876717585,-1.59310102266087,0.0628628291958923
B23,tr_6,cv_train,0.0,M_null,test_talker_idB23.TUR.TUR,-1.7006432473343,0.421876448779009,-4.03114052053933,5.55068435571194e-05,-2.52752108694115,-0.873765407727439
B23,tr_6,cv_train,0.0,M_predictor,(Intercept),2.18707627691188,0.305093149983712,7.16855254543945,7.57948423985265e-13,1.58909370294381,2.78505885087996
B23,tr_6,cv_train,0.0,M_predictor,similarity_z,0.0358458246115143,0.0154675240149447,2.31748950749196,0.0204770815621112,0.0055294775422226,0.0661621716808059
B23,tr_6,cv_train,0.0,M_predictor,test_talker_idB23.FAR.FAR,-0.762969338265656,0.421146044816814,-1.8116502521056,0.0700402549668532,-1.58841558610661,0.0624769095752983
B23,tr_6,cv_train,0.0,M_predictor,test_talker_idB23.SPA.SPA,-0.754678051542312,0.421613430756557,-1.78997630646655,0.0734577204558309,-1.58104037582516,0.0716842727405397
B23,tr_6,cv_train,0.0,M_predictor,test_talker_idB23.TUR.TUR,-1.69837378750827,0.420840954054424,-4.03566661263827,5.44474848951264e-05,-2.52322205745495,-0.873525517561603
B23,tr_6,cv_train,1.0,M_condition,(Intercept),2.25440598016249,0.350937368872758,6.42395532685461,1.32778184538988e-10,1.56656873717189,2.9422432231531
B23,tr_6,cv_train,1.0,M_condition,condition_idB23.b_FAR,0.145322203100781,0.273879580126126,0.530606199388279,0.595691698805146,-0.391481773946425,0.682126180147988
B23,tr_6,cv_train,1.0,M_condition,condition_idB23.b_SPA,-0.130528084296681,0.269278050278999,-0.484733472191442,0.627865419680558,-0.65831306284352,0.397256894250158
B23,tr_6,cv_train,1.0,M_condition,condition_idB23.b_TUR,-0.321196305355225,0.278923507764818,-1.15155695527123,0.249503178166237,-0.867886380574268,0.225493769863818
B23,tr_6,cv_train,1.0,M_condition,condition_idB23.c_noBRP,-0.0131030674369056,0.269197428319519,-0.0486745639388247,0.961178646877878,-0.540730026943162,0.514523892069351
B23,tr_6,cv_train,1.0,M_condition,condition_idB23.c_noFAR,0.0043706281280715,0.279165474273703,0.0156560482253132,0.987508791130466,-0.542793701448386,0.551534957704529
B23,tr_6,cv_train,1.0,M_condition,condition_idB23.c_noSPA,-0.102219854912487,0.273754749293229,-0.373399384581985,0.70885121746611,-0.638779163527217,0.434339453702242
B23,tr_6,cv_train,1.0,M_condition,condition_idB23.c_noTUR,0.0605123201125062,0.273796731376744,0.221011842647754,0.825083211880674,-0.476129273385912,0.597153913610924
B23,tr_6,cv_train,1.0,M_condition,test_talker_idB23.FAR.FAR,-0.853410726870499,0.412799109536467,-2.06737540647507,0.0386987938054192,-1.66249698156197,-0.0443244721790241
B23,tr_6,cv_train,1.0,M_condition,test_talker_idB23.SPA.SPA,-0.818457175674713,0.413257767448686,-1.98050040469316,0.047647327916087,-1.62844239987414,-0.0084719514752886
B23,tr_6,cv_train,1.0,M_condition,test_talker_idB23.TUR.TUR,-1.74918314778374,0.412796931608843,-4.23739377365631,2.26129346321337e-05,-2.55826513373707,-0.940101161830411
B23,tr_6,cv_train,1.0,M_joint,(Intercept),2.25248771604593,0.350505320864636,6.42640091879185,1.30660518064801e-10,1.56549728715124,2.93947814494062
B23,tr_6,cv_train,1.0,M_joint,condition_idB23.b_FAR,0.146433792290455,0.273745452531499,0.534926848779726,0.592700441750209,-0.390107294671284,0.682974879252193
B23,tr_6,cv_train,1.0,M_joint,condition_idB23.b_SPA,-0.128100243510182,0.269119390148828,-0.475997821782148,0.634075929722707,-0.655574248201884,0.39937376118152
B23,tr_6,cv_train,1.0,M_joint,condition_idB23.b_TUR,-0.318353797340446,0.278720096822718,-1.14219893351622,0.253371339186167,-0.864645187112975,0.227937592432082
B23,tr_6,cv_train,1.0,M_joint,condition_idB23.c_noBRP,-0.0112154042339516,0.269032879101962,-0.0416878571548166,0.966747534133737,-0.538519847273797,0.516089038805894
B23,tr_6,cv_train,1.0,M_joint,condition_idB23.c_noFAR,0.0059024218019855,0.278966121777299,0.021158202882777,0.983119456079142,-0.54087117688152,0.552676020485491
B23,tr_6,cv_train,1.0,M_joint,condition_idB23.c_noSPA,-0.101090577746835,0.273501355892165,-0.369616367776592,0.711668353759855,-0.637153235295478,0.434972079801808
B23,tr_6,cv_train,1.0,M_joint,condition_idB23.c_noTUR,0.0616699369682196,0.273621980307103,0.225383709667636,0.821680783451509,-0.474629144433702,0.597969018370141
B23,tr_6,cv_train,1.0,M_joint,similarity_z,0.0118236360639299,0.0155132073320272,0.762165799171641,0.44596105554062,-0.0185822503068434,0.0422295224347031
B23,tr_6,cv_train,1.0,M_joint,test_talker_idB23.FAR.FAR,-0.854539451653691,0.412564395573104,-2.07128744221039,0.0383319421218945,-1.66316566697698,-0.0459132363304079
B23,tr_6,cv_train,1.0,M_joint,test_talker_idB23.SPA.SPA,-0.816026252897258,0.412905225400126,-1.97630401045782,0.0481203556676693,-1.6253204946815,-0.0067320111130115
B23,tr_6,cv_train,1.0,M_joint,test_talker_idB23.TUR.TUR,-1.74848496605932,0.412494537864032,-4.23880756121832,2.24710173594053e-05,-2.55697426027282,-0.939995671845813
B23,tr_6,cv_train,1.0,M_null,(Intercept),2.21137986358032,0.30107111269375,7.34504165409497,2.05695029820999e-13,1.62128048270057,2.80147924446007
B23,tr_6,cv_train,1.0,M_null,test_talker_idB23.FAR.FAR,-0.853347171730907,0.413217215040087,-2.0651297687298,0.0389107234363262,-1.66325291320948,-0.0434414302523362
B23,tr_6,cv_train,1.0,M_null,test_talker_idB23.SPA.SPA,-0.818407797937475,0.413407027139635,-1.97966590843905,0.0477410817287982,-1.62868557113116,-0.0081300247437899
B23,tr_6,cv_train,1.0,M_null,test_talker_idB23.TUR.TUR,-1.74912813156434,0.412908432822166,-4.23611627306646,2.27419045650166e-05,-2.55842865989579,-0.939827603232899
B23,tr_6,cv_train,1.0,M_predictor,(Intercept),2.21093863371378,0.300644240335222,7.3540029612693,1.92357468968785e-13,1.62167592265674,2.80020134477081
B23,tr_6,cv_train,1.0,M_predictor,similarity_z,0.0121140850094498,0.0155128154629202,0.780908213496496,0.43485648095119,-0.0182910332978737,0.0425192033167734
B23,tr_6,cv_train,1.0,M_predictor,test_talker_idB23.FAR.FAR,-0.854471717143642,0.41260750131477,-2.07090688952788,0.038367498215667,-1.66318241972059,-0.0457610145666926
B23,tr_6,cv_train,1.0,M_predictor,test_talker_idB23.SPA.SPA,-0.815897063269009,0.412774078640747,-1.97661894360163,0.0480847192155938,-1.62493425740487,-0.0068598691331446
B23,tr_6,cv_train,1.0,M_predictor,test_talker_idB23.TUR.TUR,-1.74837958870082,0.412437440261915,-4.23913888028819,2.24378820690201e-05,-2.55675697161418,-0.940002205787469
B23,tr_6,cv_train,2.0,M_condition,(Intercept),2.25956318922655,0.36988033873519,6.1089032116526,1.00318139371422e-09,1.53459772530558,2.98452865314753
B23,tr_6,cv_train,2.0,M_condition,condition_idB23.b_FAR,0.126385312005064,0.284240311851811,0.44464246180167,0.656578156479811,-0.430725699224486,0.683496323234614
B23,tr_6,cv_train,2.0,M_condition,condition_idB23.b_SPA,-0.106944748617129,0.279462373504611,-0.382680313188439,0.701956813144138,-0.654691000686166,0.440801503451908
B23,tr_6,cv_train,2.0,M_condition,condition_idB23.b_TUR,-0.129749549641328,0.284177660761746,-0.456578991091457,0.647973682577587,-0.686737764734351,0.427238665451694
B23,tr_6,cv_train,2.0,M_condition,condition_idB23.c_noBRP,0.200493365665119,0.284314120414612,0.705182582464572,0.480696619098274,-0.35676231034752,0.757749041677758
B23,tr_6,cv_train,2.0,M_condition,condition_idB23.c_noFAR,-0.0643104247359493,0.28976610251685,-0.221939088724878,0.824361300847866,-0.632251985668976,0.503631136197077
B23,tr_6,cv_train,2.0,M_condition,condition_idB23.c_noSPA,-0.0318180958021801,0.284263991097178,-0.111931503105164,0.910877717686124,-0.588975518352648,0.525339326748288
B23,tr_6,cv_train,2.0,M_condition,condition_idB23.c_noTUR,0.351659945192766,0.284515615279904,1.23599523648924,0.21646033431962,-0.205990660755845,0.909310551141378
B23,tr_6,cv_train,2.0,M_condition,test_talker_idB23.FAR.FAR,-0.953238894680362,0.43761256038328,-2.17827133171286,0.0293858421923343,-1.81095951303159,-0.095518276329134
B23,tr_6,cv_train,2.0,M_condition,test_talker_idB23.SPA.SPA,-0.897517081197998,0.437925108522126,-2.0494761860695,0.0404155741415428,-1.75585029390137,-0.0391838684946312
B23,tr_6,cv_train,2.0,M_condition,test_talker_idB23.TUR.TUR,-1.8301009522651,0.437479942747255,-4.18327967397216,2.87333552174783e-05,-2.68756164004972,-0.972640264480478
B23,tr_6,cv_train,2.0,M_joint,(Intercept),2.25763891309061,0.370035039835309,6.1011489995526,1.0530868165710802e-09,1.5323702350134,2.98290759116781
B23,tr_6,cv_train,2.0,M_joint,condition_idB23.b_FAR,0.127388493614586,0.284355821478299,0.447989750842178,0.654160593458726,-0.42994891648288,0.684725903712051
B23,tr_6,cv_train,2.0,M_joint,condition_idB23.b_SPA,-0.104650996562064,0.279581434120074,-0.374313111639305,0.708171378284352,-0.652630607437409,0.44332861431328
B23,tr_6,cv_train,2.0,M_joint,condition_idB23.b_TUR,-0.127257884949156,0.284316801668253,-0.44759185599465,0.654447781761676,-0.684518816218933,0.43000304632062
B23,tr_6,cv_train,2.0,M_joint,condition_idB23.c_noBRP,0.202188473102375,0.284392377386733,0.710948988718595,0.477115847055071,-0.355220586575622,0.759597532780372
B23,tr_6,cv_train,2.0,M_joint,condition_idB23.c_noFAR,-0.0628368927202327,0.289766888934095,-0.216853253839242,0.828322708712663,-0.63077999503106,0.505106209590594
B23,tr_6,cv_train,2.0,M_joint,condition_idB23.c_noSPA,-0.0307516569392798,0.284290198870698,-0.108169951202807,0.913860880533651,-0.587960446725848,0.526457132847289
B23,tr_6,cv_train,2.0,M_joint,condition_idB23.c_noTUR,0.352900364430672,0.284524508395211,1.24031622590658,0.214858453161414,-0.204767672023942,0.910568400885286
B23,tr_6,cv_train,2.0,M_joint,similarity_z,0.0114325327018474,0.0154170430348567,0.741551585216397,0.458359066329704,-0.0187848716464717,0.0416499370501664
B23,tr_6,cv_train,2.0,M_joint,test_talker_idB23.FAR.FAR,-0.954124652460687,0.437741919981055,-2.17965108870994,0.0292833347257742,-1.81209881562355,-0.0961504892978194
B23,tr_6,cv_train,2.0,M_joint,test_talker_idB23.SPA.SPA,-0.894988721929009,0.438204225804838,-2.04240093825021,0.0411117767636529,-1.75386900450649,-0.0361084393515256
B23,tr_6,cv_train,2.0,M_joint,test_talker_idB23.TUR.TUR,-1.82954985526748,0.437661186421295,-4.18028811334059,2.91139983546241e-05,-2.68736578065322,-0.971733929881741
B23,tr_6,cv_train,2.0,M_null,(Intercept),2.30246861745784,0.319605296451439,7.20410031692851,5.84283396432581e-13,1.67604223641302,2.92889499850267
B23,tr_6,cv_train,2.0,M_null,test_talker_idB23.FAR.FAR,-0.953195504564811,0.438381672310799,-2.17435071940924,0.0296788060711275,-1.81242358229398,-0.0939674268356454
B23,tr_6,cv_train,2.0,M_null,test_talker_idB23.SPA.SPA,-0.897463323070555,0.438695014092122,-2.04575683388573,0.0407803009449926,-1.75730555069111,-0.0376210954499965
B23,tr_6,cv_train,2.0,M_null,test_talker_idB23.TUR.TUR,-1.83005815454503,0.438097534047239,-4.17728476496673,2.95009598261522e-05,-2.68872932127762,-0.971386987812439
B23,tr_6,cv_train,2.0,M_predictor,(Intercept),2.30187858995119,0.318801507683356,7.2204131237594,5.18298732559587e-13,1.67702763489181,2.92672954501057
B23,tr_6,cv_train,2.0,M_predictor,similarity_z,0.0115768094858607,0.0154208827277962,0.750722879501148,0.452819450637448,-0.0186481206606199,0.0418017396323413
B23,tr_6,cv_train,2.0,M_predictor,test_talker_idB23.FAR.FAR,-0.954016945030052,0.437371160973759,-2.18125251538313,0.0291647444845972,-1.81126442053862,-0.0967694695214838
B23,tr_6,cv_train,2.0,M_predictor,test_talker_idB23.SPA.SPA,-0.894808611952216,0.437524725588051,-2.04516124374355,0.0408389639977811,-1.7523570741048,-0.0372601497996351
B23,tr_6,cv_train,2.0,M_predictor,test_talker_idB23.TUR.TUR,-1.8293804501629,0.43714112362582,-4.18487383431076,2.85324528662855e-05,-2.6861770524695,-0.972583847856292
B23,tr_6,full,,M_condition,(Intercept),2.18060578382736,0.337183932182613,6.4671106055148,9.98945339572343e-11,1.51972527674944,2.84148629090528
B23,tr_6,full,,M_condition,condition_idB23.b_FAR,0.219459773419322,0.21863077333374,1.00379178133499,0.315478986660558,-0.209056542314809,0.647976089153453
B23,tr_6,full,,M_condition,condition_idB23.b_SPA,0.0306613427995432,0.216062874661327,0.141909353226944,0.887151606284051,-0.392821891536658,0.454144577135745
B23,tr_6,full,,M_condition,condition_idB23.b_TUR,-0.208652787773096,0.221102742744799,-0.943691539882556,0.345327298496538,-0.642014163552901,0.224708588006709
B23,tr_6,full,,M_condition,condition_idB23.c_noBRP,0.131172469169352,0.216087517532169,0.607033995611637,0.543828351534706,-0.292359065193699,0.554704003532403
B23,tr_6,full,,M_condition,condition_idB23.c_noFAR,0.0577975298705554,0.22136041238186,0.261101473604283,0.79401425531638,-0.37606887839789,0.491663938139001
B23,tr_6,full,,M_condition,condition_idB23.c_noSPA,-0.0528976613758024,0.218461354897239,-0.24213738581217,0.80867371027617,-0.481081916974392,0.375286594222787
B23,tr_6,full,,M_condition,condition_idB23.c_noTUR,0.291153405376378,0.218634789709233,1.3316883637942,0.182962614526647,-0.137370782453718,0.719677593206475
B23,tr_6,full,,M_condition,test_talker_idB23.FAR.FAR,-0.864653890122331,0.423351602657195,-2.04240136259146,0.0411117347058313,-1.69442303133043,-0.0348847489142297
B23,tr_6,full,,M_condition,test_talker_idB23.SPA.SPA,-0.833439361276816,0.423682527639182,-1.96713177180295,0.049168021249077,-1.66385711544961,-0.0030216071040195
B23,tr_6,full,,M_condition,test_talker_idB23.TUR.TUR,-1.76721241428133,0.423052861762388,-4.17728509605001,2.95009169000889e-05,-2.59639602333561,-0.93802880522705
B23,tr_6,full,,M_joint,(Intercept),2.17701197238992,0.337845939140564,6.44380091685562,1.16517905792827e-10,1.51483393167441,2.83919001310542
B23,tr_6,full,,M_joint,condition_idB23.b_FAR,0.221454350238553,0.218705421775875,1.01256909152209,0.311266029528563,-0.207208276442162,0.650116976919268
B23,tr_6,full,,M_joint,condition_idB23.b_SPA,0.0347679490430983,0.216287490309714,0.160748774667052,0.872291272300662,-0.38915553196394,0.458691430050137
B23,tr_6,full,,M_joint,condition_idB23.b_TUR,-0.204002682735448,0.221265104480173,-0.921983080950428,0.35653740089334,-0.637682287516588,0.229676922045691
B23,tr_6,full,,M_joint,condition_idB23.c_noBRP,0.134300570783901,0.216229576809345,0.621101760293953,0.534532671138297,-0.289509399762415,0.558110541330217
B23,tr_6,full,,M_joint,condition_idB23.c_noFAR,0.0604027081067295,0.221459442165026,0.272748398154633,0.78504662829174,-0.373657798536722,0.494463214750181
B23,tr_6,full,,M_joint,condition_idB23.c_noSPA,-0.0509518390168486,0.218611992779864,-0.233069734047736,0.81570725648643,-0.479431344865383,0.377527666831685
B23,tr_6,full,,M_joint,condition_idB23.c_noTUR,0.293314261659983,0.218817725793962,1.34045018791652,0.180099028427867,-0.135568480896183,0.722197004216149
B23,tr_6,full,,M_joint,similarity_z,0.0192535869833296,0.0126287061220643,1.52458904318714,0.127361631983101,-0.0054986770159164,0.0440058509825756
B23,tr_6,full,,M_joint,test_talker_idB23.FAR.FAR,-0.866041435612736,0.423946761778393,-2.04280705430989,0.0410715419711529,-1.69697708869839,-0.0351057825270863
B23,tr_6,full,,M_joint,test_talker_idB23.SPA.SPA,-0.828598036031471,0.424176360702715,-1.9534281322485,0.050768885440715,-1.65998370300879,0.0027876309458511
B23,tr_6,full,,M_joint,test_talker_idB23.TUR.TUR,-1.76588849992477,0.423606273002869,-4.16870243069513,3.06338617924124e-05,-2.59615679501039,-0.935620204839144
B23,tr_6,full,,M_null,(Intercept),2.24108979059246,0.305979867196128,7.32430473654646,2.4014043763118797e-13,1.64136925088805,2.84081033029687
B23,tr_6,full,,M_null,test_talker_idB23.FAR.FAR,-0.864602202509169,0.424336893261325,-2.03753719329964,0.041596238694903,-1.69630251330137,-0.0329018917169729
B23,tr_6,full,,M_null,test_talker_idB23.SPA.SPA,-0.833382686419152,0.424839017949634,-1.96164347248809,0.0498040072666257,-1.66606716160043,-0.0006982112378695
B23,tr_6,full,,M_null,test_talker_idB23.TUR.TUR,-1.76718310194618,0.424271418135367,-4.16521836354846,3.11054698894217e-05,-2.5987550814915,-0.935611122400858
B23,tr_6,full,,M_predictor,(Intercept),2.24020137540939,0.3062256906959,7.31552395332514,2.56379040142988e-13,1.63999902164543,2.84040372917336
B23,tr_6,full,,M_predictor,similarity_z,0.0194137500874798,0.0126290011174045,1.53723559820776,0.12423562588602,-0.005339092102633,0.0441665922775926
B23,tr_6,full,,M_predictor,test_talker_idB23.FAR.FAR,-0.866175225288372,0.424653335159877,-2.03972311900545,0.0413779109172656,-1.69849576220173,-0.0338546883750124
B23,tr_6,full,,M_predictor,test_talker_idB23.SPA.SPA,-0.828719597782054,0.424854317131242,-1.95059709732466,0.0511049927839913,-1.66143405935929,0.0039948637951815
B23,tr_6,full,,M_predictor,test_talker_idB23.TUR.TUR,-1.76602688125802,0.424313859410129,-4.16207682613315,3.15366205453559e-05,-2.59768204570187,-0.934371716814167
B23,tr_8,cv_train,0.0,M_condition,(Intercept),2.00748489855931,0.342756884363664,5.85687695897414,4.71652291020682e-09,1.33568140520652,2.67928839191209
B23,tr_8,cv_train,0.0,M_condition,condition_idB23.b_FAR,0.386983691503391,0.238994404892281,1.61921653219376,0.10540068214423,-0.0814453420854793,0.855412725092262
B23,tr_8,cv_train,0.0,M_condition,condition_idB23.b_SPA,0.343234271771975,0.239072918682451,1.43568863283874,0.151090961213782,-0.125348648845629,0.811817192389579
B23,tr_8,cv_train,0.0,M_condition,condition_idB23.b_TUR,-0.181478345976765,0.243097187673419,-0.746525896550338,0.455349793999303,-0.657948833816666,0.294992141863136
B23,tr_8,cv_train,0.0,M_condition,condition_idB23.c_noBRP,0.211358408383549,0.234912581651848,0.899732176528511,0.368262795621399,-0.249070251654074,0.671787068421172
B23,tr_8,cv_train,0.0,M_condition,condition_idB23.c_noFAR,0.227840232438111,0.238999663172525,0.953307755390607,0.340434163220042,-0.240599107380038,0.69627957225626
B23,tr_8,cv_train,0.0,M_condition,condition_idB23.c_noSPA,-0.025597509651364,0.238806415266908,-0.107189371871582,0.914638746869281,-0.493658083574504,0.442463064271776
B23,tr_8,cv_train,0.0,M_condition,condition_idB23.c_noTUR,0.461894153641182,0.239182784218596,1.93113461384848,0.0534664074399966,-0.0069041034272661,0.93069241070963
B23,tr_8,cv_train,0.0,M_condition,test_talker_idB23.FAR.FAR,-0.760446494286919,0.421331710660541,-1.80486413684537,0.0710959450002022,-1.58625664718158,0.0653636586077416
B23,tr_8,cv_train,0.0,M_condition,test_talker_idB23.SPA.SPA,-0.765126993980093,0.421683371414569,-1.81445853891135,0.0696071603680536,-1.59162640195265,0.0613724139924636
B23,tr_8,cv_train,0.0,M_condition,test_talker_idB23.TUR.TUR,-1.70062953509264,0.421121006537777,-4.03833935778761,5.38309386714887e-05,-2.52602670790668,-0.875232362278597
B23,tr_8,cv_train,0.0,M_joint,(Intercept),2.00041361629415,0.34285627011013,5.83455456612064,5.393445585151591e-09,1.3284153268783,2.67241190571001
B23,tr_8,cv_train,0.0,M_joint,condition_idB23.b_FAR,0.391858324246187,0.239186061406908,1.63829916317553,0.101359302173974,-0.0769463561113517,0.860663004603726
B23,tr_8,cv_train,0.0,M_joint,condition_idB23.b_SPA,0.350659766972563,0.239256756611975,1.46562116756126,0.142751521277814,-0.118283475986909,0.819603009932035
B23,tr_8,cv_train,0.0,M_joint,condition_idB23.b_TUR,-0.171315041925008,0.243276718216916,-0.704198261061117,0.481309313820062,-0.648137409630163,0.305507325780148
B23,tr_8,cv_train,0.0,M_joint,condition_idB23.c_noBRP,0.217811795813953,0.235075739139193,0.926560080642701,0.354154989328868,-0.242936652898865,0.678560244526771
B23,tr_8,cv_train,0.0,M_joint,condition_idB23.c_noFAR,0.23296074562717,0.23914628797435,0.974134901279155,0.329989562296534,-0.235765978802556,0.701687470056895
B23,tr_8,cv_train,0.0,M_joint,condition_idB23.c_noSPA,-0.0212235405569616,0.238954560691753,-0.088818311295341,0.929226304895267,-0.489574479512798,0.447127398398874
B23,tr_8,cv_train,0.0,M_joint,condition_idB23.c_noTUR,0.466267064207067,0.23935142988212,1.9480437799628,0.0514097248872193,-0.0028617383618893,0.935395866776023
B23,tr_8,cv_train,0.0,M_joint,similarity_z,0.0362234184535053,0.0155797433512266,2.32503306613542,0.0200701921680107,0.0056871214851011,0.0667597154219094
B23,tr_8,cv_train,0.0,M_joint,test_talker_idB23.FAR.FAR,-0.764215862804648,0.420994815623428,-1.81526193303108,0.0694836660344017,-1.58936570142657,0.060933975817271
B23,tr_8,cv_train,0.0,M_joint,test_talker_idB23.SPA.SPA,-0.754487411754779,0.421342825340574,-1.79067345253814,0.0733457122577694,-1.58031934942231,0.0713445259127466
B23,tr_8,cv_train,0.0,M_joint,test_talker_idB23.TUR.TUR,-1.69822834595509,0.420755664647468,-4.03613899619855,5.4338031414072e-05,-2.52290944866412,-0.873547243246049
B23,tr_8,cv_train,0.0,M_null,(Intercept),2.18907379585421,0.305726684513404,7.16023136592851,8.05410117158341e-13,1.58984949420793,2.78829809750048
B23,tr_8,cv_train,0.0,M_null,test_talker_idB23.FAR.FAR,-0.760447190620079,0.421975714644283,-1.80211126903623,0.0715279010723657,-1.58751959132287,0.0666252100827158
B23,tr_8,cv_train,0.0,M_null,test_talker_idB23.SPA.SPA,-0.76511909673249,0.422439758126726,-1.81119102076317,0.0701112876717585,-1.59310102266087,0.0628628291958923
B23,tr_8,cv_train,0.0,M_null,test_talker_idB23.TUR.TUR,-1.7006432473343,0.421876448779009,-4.03114052053933,5.55068435571194e-05,-2.52752108694115,-0.873765407727439
B23,tr_8,cv_train,0.0,M_predictor,(Intercept),2.18731066805362,0.305027006420273,7.1708754373044,7.4519685094762e-13,1.58945773546989,2.78516360063736
B23,tr_8,cv_train,0.0,M_predictor,similarity_z,0.0363095172124562,0.0155757537509788,2.33115634677868,0.0197451170278162,0.0057810398605376,0.0668379945643747
B23,tr_8,cv_train,0.0,M_predictor,test_talker_idB23.FAR.FAR,-0.764234742376662,0.42118317429212,-1.81449494904707,0.0696015596606613,-1.58975376398922,0.0612842792358934
B23,tr_8,cv_train,0.0,M_predictor,test_talker_idB23.SPA.SPA,-0.754510276388433,0.421555207010717,-1.78982554085556,0.0734819618670212,-1.58075848212944,0.0717379293525725
B23,tr_8,cv_train,0.0,M_predictor,test_talker_idB23.TUR.TUR,-1.6982569747228,0.420785344030965,-4.03592235046529,5.43882033393085e-05,-2.52299624902349,-0.873517700422107
B23,tr_8,cv_train,1.0,M_condition,(Intercept),2.25440598016249,0.350937368872758,6.42395532685461,1.32778184538988e-10,1.56656873717189,2.9422432231531
B23,tr_8,cv_train,1.0,M_condition,condition_idB23.b_FAR,0.145322203100781,0.273879580126126,0.530606199388279,0.595691698805146,-0.391481773946425,0.682126180147988
B23,tr_8,cv_train,1.0,M_condition,condition_idB23.b_SPA,-0.130528084296681,0.269278050278999,-0.484733472191442,0.627865419680558,-0.65831306284352,0.397256894250158
B23,tr_8,cv_train,1.0,M_condition,condition_idB23.b_TUR,-0.321196305355225,0.278923507764818,-1.15155695527123,0.249503178166237,-0.867886380574268,0.225493769863818
B23,tr_8,cv_train,1.0,M_condition,condition_idB23.c_noBRP,-0.0131030674369056,0.269197428319519,-0.0486745639388247,0.961178646877878,-0.540730026943162,0.514523892069351
B23,tr_8,cv_train,1.0,M_condition,condition_idB23.c_noFAR,0.0043706281280715,0.279165474273703,0.0156560482253132,0.987508791130466,-0.542793701448386,0.551534957704529
B23,tr_8,cv_train,1.0,M_condition,condition_idB23.c_noSPA,-0.102219854912487,0.273754749293229,-0.373399384581985,0.70885121746611,-0.638779163527217,0.434339453702242
B23,tr_8,cv_train,1.0,M_condition,condition_idB23.c_noTUR,0.0605123201125062,0.273796731376744,0.221011842647754,0.825083211880674,-0.476129273385912,0.597153913610924
B23,tr_8,cv_train,1.0,M_condition,test_talker_idB23.FAR.FAR,-0.853410726870499,0.412799109536467,-2.06737540647507,0.0386987938054192,-1.66249698156197,-0.0443244721790241
B23,tr_8,cv_train,1.0,M_condition,test_talker_idB23.SPA.SPA,-0.818457175674713,0.413257767448686,-1.98050040469316,0.047647327916087,-1.62844239987414,-0.0084719514752886
B23,tr_8,cv_train,1.0,M_condition,test_talker_idB23.TUR.TUR,-1.74918314778374,0.412796931608843,-4.23739377365631,2.26129346321337e-05,-2.55826513373707,-0.940101161830411
B23,tr_8,cv_train,1.0,M_joint,(Intercept),2.25267282995613,0.350790941630953,6.42169612328826,1.34764239509552e-10,1.56512258435946,2.9402230755528
B23,tr_8,cv_train,1.0,M_joint,condition_idB23.b_FAR,0.146462282860013,0.273846429867071,0.534833639902145,0.592764899062475,-0.390276719679446,0.683201285399472
B23,tr_8,cv_train,1.0,M_joint,condition_idB23.b_SPA,-0.128543342201797,0.269233472558328,-0.477441905645475,0.633047479756214,-0.656240948416119,0.399154264012525
B23,tr_8,cv_train,1.0,M_joint,condition_idB23.b_TUR,-0.31825222335873,0.27891879369853,-1.14102108050386,0.253861150645396,-0.864933059007849,0.228428612290389
B23,tr_8,cv_train,1.0,M_joint,condition_idB23.c_noBRP,-0.0113068362591378,0.269190824319252,-0.0420030522501327,0.966496264922396,-0.538920851924873,0.516307179406597
B23,tr_8,cv_train,1.0,M_joint,condition_idB23.c_noFAR,0.0058290796241971,0.279095407158332,0.0208856164404391,0.983336900540383,-0.541197918406133,0.552856077654528
B23,tr_8,cv_train,1.0,M_joint,condition_idB23.c_noSPA,-0.101018412866689,0.273669901534957,-0.369125038230724,0.712034526927099,-0.637411419875205,0.435374594141826
B23,tr_8,cv_train,1.0,M_joint,condition_idB23.c_noTUR,0.0615343783774162,0.273727259239446,0.2248017919311,0.82213347199738,-0.474971049731897,0.59803980648673
B23,tr_8,cv_train,1.0,M_joint,similarity_z,0.0113981813662558,0.0156525113416995,0.728201444319681,0.466490281863556,-0.0192807408634753,0.0420771035959868
B23,tr_8,cv_train,1.0,M_joint,test_talker_idB23.FAR.FAR,-0.854909147557252,0.412595855882732,-2.07202553144459,0.0382630602419214,-1.66359702508741,-0.0462212700270977
B23,tr_8,cv_train,1.0,M_joint,test_talker_idB23.SPA.SPA,-0.816139857044956,0.412932339858353,-1.97644935566179,0.0481039062860781,-1.62548724316733,-0.0067924709225837
B23,tr_8,cv_train,1.0,M_joint,test_talker_idB23.TUR.TUR,-1.74849794440906,0.412449436741978,-4.23930253904769,2.24215316854341e-05,-2.55689884042334,-0.940097048394782
B23,tr_8,cv_train,1.0,M_null,(Intercept),2.21137986358032,0.30107111269375,7.34504165409497,2.05695029820999e-13,1.62128048270057,2.80147924446007
B23,tr_8,cv_train,1.0,M_null,test_talker_idB23.FAR.FAR,-0.853347171730907,0.413217215040087,-2.0651297687298,0.0389107234363262,-1.66325291320948,-0.0434414302523362
B23,tr_8,cv_train,1.0,M_null,test_talker_idB23.SPA.SPA,-0.818407797937475,0.413407027139635,-1.97966590843905,0.0477410817287982,-1.62868557113116,-0.0081300247437899
B23,tr_8,cv_train,1.0,M_null,test_talker_idB23.TUR.TUR,-1.74912813156434,0.412908432822166,-4.23611627306646,2.27419045650166e-05,-2.55842865989579,-0.939827603232899
B23,tr_8,cv_train,1.0,M_predictor,(Intercept),2.21104654123126,0.301360594660413,7.33688007127399,2.18630348887e-13,1.62037977569685,2.80171330676567
B23,tr_8,cv_train,1.0,M_predictor,similarity_z,0.0117097227679919,0.0156525705642296,0.748102218734081,0.454398503833896,-0.018969315537898,0.0423887610738818
B23,tr_8,cv_train,1.0,M_predictor,test_talker_idB23.FAR.FAR,-0.854871943467915,0.413462381995023,-2.06759304037049,0.038678307074199,-1.66525821217816,-0.0444856747576707
B23,tr_8,cv_train,1.0,M_predictor,test_talker_idB23.SPA.SPA,-0.815968613697557,0.413795883856356,-1.97191089986968,0.0486197787875759,-1.62700854605601,-0.0049286813390998
B23,tr_8,cv_train,1.0,M_predictor,test_talker_idB23.TUR.TUR,-1.7484004940892,0.413269540634161,-4.23065414258761,2.33012705613861e-05,-2.55840879373215,-0.938392194446239
B23,tr_8,cv_train,2.0,M_condition,(Intercept),2.25956318922655,0.36988033873519,6.1089032116526,1.00318139371422e-09,1.53459772530558,2.98452865314753
B23,tr_8,cv_train,2.0,M_condition,condition_idB23.b_FAR,0.126385312005064,0.284240311851811,0.44464246180167,0.656578156479811,-0.430725699224486,0.683496323234614
B23,tr_8,cv_train,2.0,M_condition,condition_idB23.b_SPA,-0.106944748617129,0.279462373504611,-0.382680313188439,0.701956813144138,-0.654691000686166,0.440801503451908
B23,tr_8,cv_train,2.0,M_condition,condition_idB23.b_TUR,-0.129749549641328,0.284177660761746,-0.456578991091457,0.647973682577587,-0.686737764734351,0.427238665451694
B23,tr_8,cv_train,2.0,M_condition,condition_idB23.c_noBRP,0.200493365665119,0.284314120414612,0.705182582464572,0.480696619098274,-0.35676231034752,0.757749041677758
B23,tr_8,cv_train,2.0,M_condition,condition_idB23.c_noFAR,-0.0643104247359493,0.28976610251685,-0.221939088724878,0.824361300847866,-0.632251985668976,0.503631136197077
B23,tr_8,cv_train,2.0,M_condition,condition_idB23.c_noSPA,-0.0318180958021801,0.284263991097178,-0.111931503105164,0.910877717686124,-0.588975518352648,0.525339326748288
B23,tr_8,cv_train,2.0,M_condition,condition_idB23.c_noTUR,0.351659945192766,0.284515615279904,1.23599523648924,0.21646033431962,-0.205990660755845,0.909310551141378
B23,tr_8,cv_train,2.0,M_condition,test_talker_idB23.FAR.FAR,-0.953238894680362,0.43761256038328,-2.17827133171286,0.0293858421923343,-1.81095951303159,-0.095518276329134
B23,tr_8,cv_train,2.0,M_condition,test_talker_idB23.SPA.SPA,-0.897517081197998,0.437925108522126,-2.0494761860695,0.0404155741415428,-1.75585029390137,-0.0391838684946312
B23,tr_8,cv_train,2.0,M_condition,test_talker_idB23.TUR.TUR,-1.8301009522651,0.437479942747255,-4.18327967397216,2.87333552174783e-05,-2.68756164004972,-0.972640264480478
B23,tr_8,cv_train,2.0,M_joint,(Intercept),2.25812979523541,0.36983795169383,6.10572761636103,1.02333400881631e-09,1.53324740991551,2.98301218055532
B23,tr_8,cv_train,2.0,M_joint,condition_idB23.b_FAR,0.127185642020798,0.284279404270038,0.447396610906023,0.654588722391373,-0.430001990348476,0.684373274390073
B23,tr_8,cv_train,2.0,M_joint,condition_idB23.b_SPA,-0.105497149200511,0.279517063308966,-0.377426508248261,0.705856670318412,-0.653350593286085,0.442356294885062
B23,tr_8,cv_train,2.0,M_joint,condition_idB23.b_TUR,-0.127702621319115,0.284201017964881,-0.449339070752009,0.65318707704616,-0.684736616530282,0.429331373892052
B23,tr_8,cv_train,2.0,M_joint,condition_idB23.c_noBRP,0.201760122015234,0.284349503422551,0.709549760371528,0.477983383656596,-0.355564904692966,0.759085148723434
B23,tr_8,cv_train,2.0,M_joint,condition_idB23.c_noFAR,-0.0632157306111883,0.289754548428478,-0.218169933669884,0.827296710279126,-0.631134645531005,0.504703184308628
B23,tr_8,cv_train,2.0,M_joint,condition_idB23.c_noSPA,-0.0309304823214534,0.284305268256837,-0.108793208480088,0.91336651069246,-0.588168808104853,0.526307843461947
B23,tr_8,cv_train,2.0,M_joint,condition_idB23.c_noTUR,0.352510284950746,0.284451094296339,1.23926499851501,0.215247376400702,-0.205013859870079,0.91003442977157
B23,tr_8,cv_train,2.0,M_joint,similarity_z,0.0086036583182021,0.0155708279526324,0.552549828716569,0.580571705048409,-0.0219151644689572,0.0391224811053616
B23,tr_8,cv_train,2.0,M_joint,test_talker_idB23.FAR.FAR,-0.954141479260908,0.437484782818105,-2.18097066854464,0.0291855860341524,-1.81161165358439,-0.0966713049374213
B23,tr_8,cv_train,2.0,M_joint,test_talker_idB23.SPA.SPA,-0.895519973867722,0.437851902488771,-2.04525769735736,0.0408294588838131,-1.75370970274571,-0.0373302449897306
B23,tr_8,cv_train,2.0,M_joint,test_talker_idB23.TUR.TUR,-1.82958303681645,0.437465161323099,-4.18223712096968,2.88654683422837e-05,-2.68701475300973,-0.972151320623181
B23,tr_8,cv_train,2.0,M_null,(Intercept),2.30246861745784,0.319605296451439,7.20410031692851,5.84283396432581e-13,1.67604223641302,2.92889499850267
B23,tr_8,cv_train,2.0,M_null,test_talker_idB23.FAR.FAR,-0.953195504564811,0.438381672310799,-2.17435071940924,0.0296788060711275,-1.81242358229398,-0.0939674268356454
B23,tr_8,cv_train,2.0,M_null,test_talker_idB23.SPA.SPA,-0.897463323070555,0.438695014092122,-2.04575683388573,0.0407803009449926,-1.75730555069111,-0.0376210954499965
B23,tr_8,cv_train,2.0,M_null,test_talker_idB23.TUR.TUR,-1.83005815454503,0.438097534047239,-4.17728476496673,2.95009598261522e-05,-2.68872932127762,-0.971386987812439
B23,tr_8,cv_train,2.0,M_predictor,(Intercept),2.30206827380619,0.319571120324007,7.20361799737149,5.86354928526238e-13,1.67570887797113,2.92842766964124
B23,tr_8,cv_train,2.0,M_predictor,similarity_z,0.0087574906277281,0.0155748120187493,0.562285478449803,0.573921530624446,-0.0217691409290204,0.0392841221844768
B23,tr_8,cv_train,2.0,M_predictor,test_talker_idB23.FAR.FAR,-0.954128353338205,0.438140705541607,-2.17767566736069,0.0294301917068165,-1.81288413619975,-0.0953725704766546
B23,tr_8,cv_train,2.0,M_predictor,test_talker_idB23.SPA.SPA,-0.895423830849032,0.438576727761799,-2.04165833289576,0.0411854346308601,-1.75503421726216,-0.0358134444359061
B23,tr_8,cv_train,2.0,M_predictor,test_talker_idB23.TUR.TUR,-1.82950631007924,0.438055405029186,-4.1764267466517,2.9612404455954e-05,-2.68809490393644,-0.970917716222032
B23,tr_8,full,,M_condition,(Intercept),2.18060578382736,0.337183932182613,6.4671106055148,9.98945339572343e-11,1.51972527674944,2.84148629090528
B23,tr_8,full,,M_condition,condition_idB23.b_FAR,0.219459773419322,0.21863077333374,1.00379178133499,0.315478986660558,-0.209056542314809,0.647976089153453
B23,tr_8,full,,M_condition,condition_idB23.b_SPA,0.0306613427995432,0.216062874661327,0.141909353226944,0.887151606284051,-0.392821891536658,0.454144577135745
B23,tr_8,full,,M_condition,condition_idB23.b_TUR,-0.208652787773096,0.221102742744799,-0.943691539882556,0.345327298496538,-0.642014163552901,0.224708588006709
B23,tr_8,full,,M_condition,condition_idB23.c_noBRP,0.131172469169352,0.216087517532169,0.607033995611637,0.543828351534706,-0.292359065193699,0.554704003532403
B23,tr_8,full,,M_condition,condition_idB23.c_noFAR,0.0577975298705554,0.22136041238186,0.261101473604283,0.79401425531638,-0.37606887839789,0.491663938139001
B23,tr_8,full,,M_condition,condition_idB23.c_noSPA,-0.0528976613758024,0.218461354897239,-0.24213738581217,0.80867371027617,-0.481081916974392,0.375286594222787
B23,tr_8,full,,M_condition,condition_idB23.c_noTUR,0.291153405376378,0.218634789709233,1.3316883637942,0.182962614526647,-0.137370782453718,0.719677593206475
B23,tr_8,full,,M_condition,test_talker_idB23.FAR.FAR,-0.864653890122331,0.423351602657195,-2.04240136259146,0.0411117347058313,-1.69442303133043,-0.0348847489142297
B23,tr_8,full,,M_condition,test_talker_idB23.SPA.SPA,-0.833439361276816,0.423682527639182,-1.96713177180295,0.049168021249077,-1.66385711544961,-0.0030216071040195
B23,tr_8,full,,M_condition,test_talker_idB23.TUR.TUR,-1.76721241428133,0.423052861762388,-4.17728509605001,2.95009169000889e-05,-2.59639602333561,-0.93802880522705
B23,tr_8,full,,M_joint,(Intercept),2.17767033726426,0.338456200358925,6.43412747337733,1.24184608471617e-10,1.51429618456077,2.84104448996775
B23,tr_8,full,,M_joint,condition_idB23.b_FAR,0.221371440381113,0.218884866156208,1.01136019254584,0.311844066434549,-0.207642897285055,0.65038577804728
B23,tr_8,full,,M_joint,condition_idB23.b_SPA,0.0339074272705339,0.216427988022747,0.156668403103993,0.87550619018729,-0.39029142925405,0.458106283795118
B23,tr_8,full,,M_joint,condition_idB23.b_TUR,-0.203992562282988,0.2214278549386,-0.921259713867317,0.356914848760701,-0.637991157962643,0.230006033396667
B23,tr_8,full,,M_joint,condition_idB23.c_noBRP,0.134059899949133,0.216376208648183,0.619568578203105,0.535541859191229,-0.290037469001306,0.558157268899572
B23,tr_8,full,,M_joint,condition_idB23.c_noFAR,0.06014890602634,0.221581817018159,0.271452354871748,0.786043139660962,-0.374151455329251,0.494449267381931
B23,tr_8,full,,M_joint,condition_idB23.c_noSPA,-0.0509500259571841,0.218759415428403,-0.232904379715072,0.815835657438231,-0.479718480196854,0.377818428282486
B23,tr_8,full,,M_joint,condition_idB23.c_noTUR,0.292973894978357,0.218898993462678,1.3383976341961,0.180766849708741,-0.136068132208492,0.722015922165206
B23,tr_8,full,,M_joint,similarity_z,0.0182506422159848,0.0127378060318794,1.43279322752351,0.15191693734738,-0.0067154576064987,0.0432167420384684
B23,tr_8,full,,M_joint,test_talker_idB23.FAR.FAR,-0.866865344547088,0.425042604829373,-2.03947871271652,0.0414022736511824,-1.69994885001266,-0.0337818390815167
B23,tr_8,full,,M_joint,test_talker_idB23.SPA.SPA,-0.829170177839835,0.424885328080691,-1.951515204315,0.0509957893373853,-1.66194542087799,0.0036050651983191
B23,tr_8,full,,M_joint,test_talker_idB23.TUR.TUR,-1.76620925688237,0.424361038153044,-4.16204386851696,3.15411736672944e-05,-2.59795689166234,-0.934461622102402
B23,tr_8,full,,M_null,(Intercept),2.24108979059246,0.305979867196128,7.32430473654646,2.4014043763118797e-13,1.64136925088805,2.84081033029687
B23,tr_8,full,,M_null,test_talker_idB23.FAR.FAR,-0.864602202509169,0.424336893261325,-2.03753719329964,0.041596238694903,-1.69630251330137,-0.0329018917169729
B23,tr_8,full,,M_null,test_talker_idB23.SPA.SPA,-0.833382686419152,0.424839017949634,-1.96164347248809,0.0498040072666257,-1.66606716160043,-0.0006982112378695
B23,tr_8,full,,M_null,test_talker_idB23.TUR.TUR,-1.76718310194618,0.424271418135367,-4.16521836354846,3.11054698894217e-05,-2.5987550814915,-0.935611122400858
B23,tr_8,full,,M_predictor,(Intercept),2.24043632489422,0.30554074193606,7.33269255909275,2.25574015748931e-13,1.64157647069955,2.8392961790889
B23,tr_8,full,,M_predictor,similarity_z,0.0184539693840533,0.0127385959679147,1.4486658836291,0.14743091238682,-0.0065136787130596,0.0434216174811662
B23,tr_8,full,,M_predictor,test_talker_idB23.FAR.FAR,-0.866794797964236,0.423638226067945,-2.04607314597058,0.0407491746199935,-1.69712572105741,-0.0364638748710637
B23,tr_8,full,,M_predictor,test_talker_idB23.SPA.SPA,-0.828980915873622,0.424290307263071,-1.95380592411137,0.0507241734222764,-1.66058991810924,0.002628086361997
B23,tr_8,full,,M_predictor,test_talker_idB23.TUR.TUR,-1.76611535472637,0.423542931927784,-4.16986147469815,3.04784839797932e-05,-2.59625950130482,-0.935971208147911
