dataset_id,feature_key,scope,fold,model_id,term,estimate,std_error,z_value,p_value,conf_low,conf_high
B23,cnn_2::overall_order_sensitive,cv_train,0.0,M_condition,(Intercept),1.91567003073818,0.351076412940333,5.45656147815251,4.85443249802039e-08,1.22756026137513,2.60377980010124
B23,cnn_2::overall_order_sensitive,cv_train,0.0,M_condition,condition_idB23.b_FAR,0.541177139369604,0.28720148539483,1.88431177027382,0.0595228162420455,-0.021737772004263,1.10409205074347
B23,cnn_2::overall_order_sensitive,cv_train,0.0,M_condition,condition_idB23.b_SPA,0.573274953708191,0.253384275984462,2.26247248958473,0.0236682266692452,0.0766417727786445,1.06990813463774
B23,cnn_2::overall_order_sensitive,cv_train,0.0,M_condition,condition_idB23.b_TUR,-0.192140124239278,0.266060386214119,-0.722167350703041,0.470191593963392,-0.713618481218952,0.329338232740395
B23,cnn_2::overall_order_sensitive,cv_train,0.0,M_condition,condition_idB23.c_noBRP,0.14109828451137,0.275661857067429,0.511852767780113,0.608754056588046,-0.399198955340792,0.681395524363531
B23,cnn_2::overall_order_sensitive,cv_train,0.0,M_condition,condition_idB23.c_noFAR,0.445100864421607,0.287237914344002,1.54958952907778,0.121240067759196,-0.117885447692638,1.00808717653585
B23,cnn_2::overall_order_sensitive,cv_train,0.0,M_condition,condition_idB23.c_noSPA,0.741290661043434,0.321157572919554,2.30818365671582,0.020988923780184,0.111821818121109,1.37075950396576
B23,cnn_2::overall_order_sensitive,cv_train,0.0,M_condition,condition_idB23.c_noTUR,0.822459347968533,0.287862929793649,2.85712143817234,0.0042750224439558,0.258248005572982,1.38667069036408
B23,cnn_2::overall_order_sensitive,cv_train,0.0,M_condition,test_talker_idB23.FAR.FAR,-0.896224577596967,0.426065157276458,-2.1034918305123,0.035422798675847,-1.73131228585882,-0.0611368693351094
B23,cnn_2::overall_order_sensitive,cv_train,0.0,M_condition,test_talker_idB23.SPA.SPA,-0.807836338620394,0.426695468703836,-1.89323861599548,0.0583261441866295,-1.64415945727991,0.0284867800391246
B23,cnn_2::overall_order_sensitive,cv_train,0.0,M_condition,test_talker_idB23.TUR.TUR,-1.80030629393258,0.425714692594678,-4.22890336004128,2.34833185047379e-05,-2.63470709141815,-0.965905496447006
B23,cnn_2::overall_order_sensitive,cv_train,0.0,M_joint,(Intercept),-2.16147432143139,4.82516764277425,-0.447958388485886,0.654183227988204,-11.6188029012689,7.29585425840614
B23,cnn_2::overall_order_sensitive,cv_train,0.0,M_joint,condition_idB23.b_FAR,3.864953093044,3.93404798007805,0.982436694370799,0.325884756226176,-3.84578094790898,11.575687133997
B23,cnn_2::overall_order_sensitive,cv_train,0.0,M_joint,condition_idB23.b_SPA,8.42739240315468,9.28118439424028,0.908008293465709,0.363873839937225,-9.76372900955626,26.6185138158656
B23,cnn_2::overall_order_sensitive,cv_train,0.0,M_joint,condition_idB23.b_TUR,5.56825826864588,6.80917490096233,0.817758149795642,0.413495299157713,-7.77772453724029,18.914241074532
B23,cnn_2::overall_order_sensitive,cv_train,0.0,M_joint,condition_idB23.c_noBRP,5.16191853616334,5.93529116531541,0.86969929400069,0.384464758181929,-6.47125214785486,16.7950892201815
B23,cnn_2::overall_order_sensitive,cv_train,0.0,M_joint,condition_idB23.c_noFAR,4.52583003916846,4.8258717272251,0.937826427013392,0.348333617706234,-4.93287854619273,13.9845386245296
B23,cnn_2::overall_order_sensitive,cv_train,0.0,M_joint,condition_idB23.c_noSPA,3.59187831393413,3.38044502031682,1.0625459938992,0.287987889524718,-3.03379392588684,10.2175505537551
B23,cnn_2::overall_order_sensitive,cv_train,0.0,M_joint,condition_idB23.c_noTUR,3.75444933799653,3.47340429593002,1.08091342617265,0.279735625733706,-3.05342308202631,10.5623217580194
B23,cnn_2::overall_order_sensitive,cv_train,0.0,M_joint,test_talker_idB23.FAR.FAR,-0.896248384038862,0.426126415731738,-2.10324530691165,0.0354443316775236,-1.73145615887307,-0.0610406092046556
B23,cnn_2::overall_order_sensitive,cv_train,0.0,M_joint,test_talker_idB23.SPA.SPA,-0.807857302597816,0.426749220150228,-1.89304927684092,0.0583513166714501,-1.64428577409226,0.0285711688966312
B23,cnn_2::overall_order_sensitive,cv_train,0.0,M_joint,test_talker_idB23.TUR.TUR,-1.80032270825635,0.425708210774148,-4.22900630688441,2.34725766559898e-05,-2.63471080137368,-0.96593461513902
B23,cnn_2::overall_order_sensitive,cv_train,0.0,M_joint,variability_z,2.45978409153946,2.90683523381649,0.846206920476163,0.397437321962016,-3.23761296674086,8.15718114981977
B23,cnn_2::overall_order_sensitive,cv_train,0.0,M_null,(Intercept),2.2553376408131,0.314257066134918,7.17672849349657,7.13992784334819e-13,1.63939379118866,2.87128149043754
B23,cnn_2::overall_order_sensitive,cv_train,0.0,M_null,test_talker_idB23.FAR.FAR,-0.896260396564136,0.426198654682134,-2.10291700060053,0.0354730254623015,-1.73160975974112,-0.0609110333871522
B23,cnn_2::overall_order_sensitive,cv_train,0.0,M_null,test_talker_idB23.SPA.SPA,-0.80784813294088,0.426822309378151,-1.89270362675713,0.0583972938416885,-1.64441985932206,0.0287235934402955
B23,cnn_2::overall_order_sensitive,cv_train,0.0,M_null,test_talker_idB23.TUR.TUR,-1.80035586065125,0.425870781113444,-4.22746978777037,2.36333896103884e-05,-2.6350625916336,-0.965649129668902
B23,cnn_2::overall_order_sensitive,cv_train,0.0,M_predictor,(Intercept),2.2553382726846,0.314198795699652,7.17806148067008,7.07067656431032e-13,1.63950863311328,2.87116791225592
B23,cnn_2::overall_order_sensitive,cv_train,0.0,M_predictor,test_talker_idB23.FAR.FAR,-0.896243990474148,0.426251165924876,-2.1026194462823,0.0354990486597509,-1.73169627568691,-0.0607917052613903
B23,cnn_2::overall_order_sensitive,cv_train,0.0,M_predictor,test_talker_idB23.SPA.SPA,-0.807828033476359,0.426949325390244,-1.89209347675624,0.0584785273136161,-1.64464871124124,0.0289926442885207
B23,cnn_2::overall_order_sensitive,cv_train,0.0,M_predictor,test_talker_idB23.TUR.TUR,-1.80034596429033,0.425844293801182,-4.22770949498944,2.36082328883959e-05,-2.63500078014065,-0.965691148440014
B23,cnn_2::overall_order_sensitive,cv_train,0.0,M_predictor,variability_z,-0.0497219664797311,0.0848371526387487,-0.586087167392992,0.557816939406033,-0.216002785651678,0.116558852692216
B23,cnn_2::overall_order_sensitive,cv_train,1.0,M_condition,(Intercept),2.20389578083479,0.392258439434487,5.61847893957901,1.92645871682162e-08,1.4350692395432,2.97272232212639
B23,cnn_2::overall_order_sensitive,cv_train,1.0,M_condition,condition_idB23.b_FAR,0.22063795905533,0.41326266674962,0.533892792181507,0.593415709164046,-0.589356867773924,1.03063278588458
B23,cnn_2::overall_order_sensitive,cv_train,1.0,M_condition,condition_idB23.b_SPA,0.165809597157594,0.358122552063395,0.462996804312515,0.643366657734277,-0.53611060488666,0.867729799201849
B23,cnn_2::overall_order_sensitive,cv_train,1.0,M_condition,condition_idB23.b_TUR,-0.189919980448583,0.367682610568743,-0.516532397751442,0.605482617386403,-0.91057789716332,0.530737936266154
B23,cnn_2::overall_order_sensitive,cv_train,1.0,M_condition,condition_idB23.c_noBRP,0.1582032902105,0.367790302781308,0.430145354605964,0.667089909601433,-0.562665703240862,0.879072283661863
B23,cnn_2::overall_order_sensitive,cv_train,1.0,M_condition,condition_idB23.c_noFAR,-0.0343556135612886,0.438169862940341,-0.0784070664530534,0.937504252621459,-0.893168544924357,0.82445731780178
B23,cnn_2::overall_order_sensitive,cv_train,1.0,M_condition,condition_idB23.c_noSPA,0.373275425698481,0.413492363751051,0.90273837783185,0.366664762904964,-0.437169607253579,1.18372045865054
B23,cnn_2::overall_order_sensitive,cv_train,1.0,M_condition,condition_idB23.c_noTUR,0.20611998666136,0.413161951494308,0.498884241193732,0.617860936453273,-0.603677438267485,1.0159174115902
B23,cnn_2::overall_order_sensitive,cv_train,1.0,M_condition,test_talker_idB23.FAR.FAR,-0.907683509207791,0.422210624414888,-2.14983578507927,0.0315682064893159,-1.73521633306097,-0.0801506853546107
B23,cnn_2::overall_order_sensitive,cv_train,1.0,M_condition,test_talker_idB23.SPA.SPA,-0.962341389360373,0.422657393394924,-2.27688289474964,0.0227932196053814,-1.79074988041442,-0.133932898306322
B23,cnn_2::overall_order_sensitive,cv_train,1.0,M_condition,test_talker_idB23.TUR.TUR,-1.85405947564124,0.422016013480909,-4.39333915400136,1.11622782673972e-05,-2.68121086206383,-1.02690808921866
B23,cnn_2::overall_order_sensitive,cv_train,1.0,M_joint,(Intercept),-6.3519149787967,6.34760056805534,-1.00067969159293,0.316981688714321,-18.7932120921852,6.08938213459177
B23,cnn_2::overall_order_sensitive,cv_train,1.0,M_joint,condition_idB23.b_FAR,7.18997035453081,5.17607252343204,1.38907836433548,0.164808922017615,-2.955131791396,17.3350725004576
B23,cnn_2::overall_order_sensitive,cv_train,1.0,M_joint,condition_idB23.b_SPA,16.5172056584826,12.1196814386925,1.36284156824046,0.172932447305591,-7.23736996135481,40.27178127832
B23,cnn_2::overall_order_sensitive,cv_train,1.0,M_joint,condition_idB23.b_TUR,11.8275738944631,8.91055471633043,1.3273667320382,0.184387398987338,-5.63711334954453,29.2922611384708
B23,cnn_2::overall_order_sensitive,cv_train,1.0,M_joint,condition_idB23.c_noBRP,10.5874926250306,7.73415226597456,1.36892735763802,0.171021983110473,-4.57144581627951,25.7464310663408
B23,cnn_2::overall_order_sensitive,cv_train,1.0,M_joint,condition_idB23.c_noFAR,8.44588759750158,6.29475162446795,1.34173484537056,0.179681984515278,-3.89182558645561,20.7836007814588
B23,cnn_2::overall_order_sensitive,cv_train,1.0,M_joint,condition_idB23.c_noSPA,6.31293676919144,4.41550985424661,1.42971864576861,0.152797786544211,-2.34146254513192,14.9673360835148
B23,cnn_2::overall_order_sensitive,cv_train,1.0,M_joint,condition_idB23.c_noTUR,6.29126739407076,4.52451026320278,1.39048582677263,0.16438140022682,-2.57677272180668,15.1593075099482
B23,cnn_2::overall_order_sensitive,cv_train,1.0,M_joint,test_talker_idB23.FAR.FAR,-0.907653513191687,0.422338016021678,-2.14911629727668,0.031625182178608,-1.73543602459418,-0.0798710017891995
B23,cnn_2::overall_order_sensitive,cv_train,1.0,M_joint,test_talker_idB23.SPA.SPA,-0.962319839841545,0.422600302924684,-2.27713949370512,0.0227778969412049,-1.79061643357393,-0.134023246109164
B23,cnn_2::overall_order_sensitive,cv_train,1.0,M_joint,test_talker_idB23.TUR.TUR,-1.85402076385433,0.421927553155129,-4.39416850118026,1.1119754338002e-05,-2.68099876803838,-1.02704275967027
B23,cnn_2::overall_order_sensitive,cv_train,1.0,M_joint,variability_z,5.0777235061933,3.76408462032201,1.34899292082305,0.177339239932161,-2.29988234963783,12.4553293620244
B23,cnn_2::overall_order_sensitive,cv_train,1.0,M_null,(Intercept),2.30233127300746,0.317515818700865,7.25107581230938,4.13474152531138e-13,1.68000026835376,2.92466227766115
B23,cnn_2::overall_order_sensitive,cv_train,1.0,M_null,test_talker_idB23.FAR.FAR,-0.907610592227868,0.422166233012951,-2.14988912246808,0.0315639862496196,-1.73505640893325,-0.0801647755224845
B23,cnn_2::overall_order_sensitive,cv_train,1.0,M_null,test_talker_idB23.SPA.SPA,-0.962261837040432,0.42263165633941,-2.27683331952695,0.0227961809943197,-1.79061988346568,-0.133903790615189
B23,cnn_2::overall_order_sensitive,cv_train,1.0,M_null,test_talker_idB23.TUR.TUR,-1.8539978598329,0.421879642134164,-4.39461323721162,1.10970147029422e-05,-2.68088195841586,-1.02711376124993
B23,cnn_2::overall_order_sensitive,cv_train,1.0,M_predictor,(Intercept),2.30233188492533,0.317620066951689,7.24869781377989,4.20797530487097e-13,1.67979655370002,2.92486721615064
B23,cnn_2::overall_order_sensitive,cv_train,1.0,M_predictor,test_talker_idB23.FAR.FAR,-0.907614993572468,0.422317846745868,-2.14912772587286,0.0316242764679736,-1.73535797319437,-0.0798720139505673
B23,cnn_2::overall_order_sensitive,cv_train,1.0,M_predictor,test_talker_idB23.SPA.SPA,-0.962268189961186,0.422729569850853,-2.27632098294116,0.0228268051388118,-1.79081814686886,-0.133718233053514
B23,cnn_2::overall_order_sensitive,cv_train,1.0,M_predictor,test_talker_idB23.TUR.TUR,-1.8539967272162,0.422027050167148,-4.39307557769556,1.11758253526172e-05,-2.68116974554381,-1.02682370888859
B23,cnn_2::overall_order_sensitive,cv_train,1.0,M_predictor,variability_z,0.005587684527037,0.10473068726166,0.0533528870394666,0.957450742407559,-0.199684462505817,0.210859831559891
B23,cnn_2::overall_order_sensitive,cv_train,2.0,M_condition,(Intercept),2.33653085247934,0.405248577274958,5.7656731781541,8.13325366450924e-09,1.54224364102042,3.13081806393825
B23,cnn_2::overall_order_sensitive,cv_train,2.0,M_condition,condition_idB23.b_FAR,0.113664634692987,0.357577858724842,0.3178738054373,0.750580663065381,-0.587187968407704,0.814517237793678
B23,cnn_2::overall_order_sensitive,cv_train,2.0,M_condition,condition_idB23.b_SPA,0.044794001094437,0.339477434025774,0.13194986353949,0.895023947994411,-0.62058176959608,0.710169771784954
B23,cnn_2::overall_order_sensitive,cv_train,2.0,M_condition,condition_idB23.b_TUR,-0.160579719930046,0.369757931623864,-0.434283368107424,0.664082679923412,-0.88530526591282,0.564145826052728
B23,cnn_2::overall_order_sensitive,cv_train,2.0,M_condition,condition_idB23.c_noBRP,0.279516031627007,0.429633693932415,0.650591505216015,0.515310215404535,-0.562566008480527,1.12159807173454
B23,cnn_2::overall_order_sensitive,cv_train,2.0,M_condition,condition_idB23.c_noFAR,0.0479695531623004,0.369830719962424,0.129706783598654,0.896798415376059,-0.67689865796405,0.772837764288651
B23,cnn_2::overall_order_sensitive,cv_train,2.0,M_condition,condition_idB23.c_noSPA,0.267247024257593,0.384822133149158,0.694468953931003,0.487388164036101,-0.487004356714757,1.02149840522994
B23,cnn_2::overall_order_sensitive,cv_train,2.0,M_condition,condition_idB23.c_noTUR,0.405811636989582,0.357947003724496,1.1337198880478,0.256912064515286,-0.29576449031043,1.10738776428959
B23,cnn_2::overall_order_sensitive,cv_train,2.0,M_condition,test_talker_idB23.FAR.FAR,-1.00655889323661,0.459808341483938,-2.18908358640938,0.028590765288184,-1.90778324254513,-0.105334543928089
B23,cnn_2::overall_order_sensitive,cv_train,2.0,M_condition,test_talker_idB23.SPA.SPA,-0.951833844876906,0.460783388968105,-2.06568610688957,0.0388581279647102,-1.85496928725439,-0.0486984024994213
B23,cnn_2::overall_order_sensitive,cv_train,2.0,M_condition,test_talker_idB23.TUR.TUR,-2.00036199754424,0.45941732110422,-4.35412838317963,1.33597399488766e-05,-2.90081994690851,-1.09990404817996
B23,cnn_2::overall_order_sensitive,cv_train,2.0,M_joint,(Intercept),8.82369806664899,4.95820086407793,1.77961690309413,0.075138678012524,-0.89437562694375,18.5417717602417
B23,cnn_2::overall_order_sensitive,cv_train,2.0,M_joint,condition_idB23.b_FAR,-5.3886780337572,4.20694228585673,-1.28090134534846,0.200228320218885,-13.6342849140364,2.85692884652198
B23,cnn_2::overall_order_sensitive,cv_train,2.0,M_joint,condition_idB23.b_SPA,-12.9509287260485,9.9128244803578,-1.30648219906553,0.191388628675064,-32.3800647075497,6.47820725545282
B23,cnn_2::overall_order_sensitive,cv_train,2.0,M_joint,condition_idB23.b_TUR,-9.70674165182488,7.28425541707992,-1.3325647023668,0.18267469511027,-23.9838822693015,4.57039896565177
B23,cnn_2::overall_order_sensitive,cv_train,2.0,M_joint,condition_idB23.c_noBRP,-8.0191142171916,6.33830412040423,-1.26518293613847,0.205805757916121,-20.4421902931839,4.40396185880068
B23,cnn_2::overall_order_sensitive,cv_train,2.0,M_joint,condition_idB23.c_noFAR,-6.74357961167575,5.18953846471434,-1.29945652345154,0.193787304600947,-16.9150750025159,3.42791577916436
B23,cnn_2::overall_order_sensitive,cv_train,2.0,M_joint,condition_idB23.c_noSPA,-4.42280071273634,3.59357066001101,-1.23075379091691,0.218414962978965,-11.4661992063579,2.62059778088523
B23,cnn_2::overall_order_sensitive,cv_train,2.0,M_joint,condition_idB23.c_noTUR,-4.44150568593456,3.71044903978699,-1.19702646184019,0.231296240854259,-11.7139858039171,2.83097443204793
B23,cnn_2::overall_order_sensitive,cv_train,2.0,M_joint,test_talker_idB23.FAR.FAR,-1.00658269442336,0.460044991827799,-2.18800924323536,0.0286689290297831,-1.90827087840585,-0.104894510440872
B23,cnn_2::overall_order_sensitive,cv_train,2.0,M_joint,test_talker_idB23.SPA.SPA,-0.951861098298503,0.460917604296146,-2.06514372509608,0.0389094032808377,-1.85525960271895,-0.0484625938780573
B23,cnn_2::overall_order_sensitive,cv_train,2.0,M_joint,test_talker_idB23.TUR.TUR,-2.0003972687504,0.459706105476311,-4.35146987373106,1.3522790449424e-05,-2.90142123548397,-1.09937330201683
B23,cnn_2::overall_order_sensitive,cv_train,2.0,M_joint,variability_z,-3.97979662188589,3.03595995329779,-1.31088574391861,0.189896367973414,-9.93027813034955,1.97068488657778
B23,cnn_2::overall_order_sensitive,cv_train,2.0,M_null,(Intercept),2.44739521514906,0.341564765174436,7.16524496869336,7.76475804105669e-13,1.77792827540716,3.11686215489096
B23,cnn_2::overall_order_sensitive,cv_train,2.0,M_null,test_talker_idB23.FAR.FAR,-1.00647135365458,0.460108566994909,-2.18746492861047,0.028708600779874,-1.9082841449646,-0.104658562344561
B23,cnn_2::overall_order_sensitive,cv_train,2.0,M_null,test_talker_idB23.SPA.SPA,-0.951746563116352,0.46096342754843,-2.06468996505446,0.0389523446811336,-1.85523488111127,-0.0482582451214294
B23,cnn_2::overall_order_sensitive,cv_train,2.0,M_null,test_talker_idB23.TUR.TUR,-2.00026999942614,0.459721463557232,-4.35104766253125,1.3548859356079e-05,-2.90132406799831,-1.09921593085396
B23,cnn_2::overall_order_sensitive,cv_train,2.0,M_predictor,(Intercept),2.44740023043541,0.341576019837198,7.16502356225676,7.77731764027402e-13,1.7779112315545,3.11688922931632
B23,cnn_2::overall_order_sensitive,cv_train,2.0,M_predictor,test_talker_idB23.FAR.FAR,-1.00648852767945,0.460127608620621,-2.18741172844795,0.0287124807477662,-1.90833864057587,-0.104638414783038
B23,cnn_2::overall_order_sensitive,cv_train,2.0,M_predictor,test_talker_idB23.SPA.SPA,-0.95176431188011,0.46097869217567,-2.06466009825333,0.0389551725254275,-1.85528254854442,-0.0482460752157967
B23,cnn_2::overall_order_sensitive,cv_train,2.0,M_predictor,test_talker_idB23.TUR.TUR,-2.00029627124705,0.459742555388429,-4.3509051920526,1.35576668312918e-05,-2.90139167980837,-1.09920086268573
B23,cnn_2::overall_order_sensitive,cv_train,2.0,M_predictor,variability_z,0.029879755932764,0.0987316709272736,0.302635979439401,0.762167291868793,-0.163634319084692,0.22339383095022
B23,cnn_2::overall_order_sensitive,full,,M_condition,(Intercept),2.15500921522717,0.359145093947985,6.00038605995626,1.9684894092453802e-09,1.45108483108912,2.85893359936522
B23,cnn_2::overall_order_sensitive,full,,M_condition,condition_idB23.b_FAR,0.286676132487048,0.290958775835012,0.985280927390235,0.324486098514997,-0.283603068149575,0.856955333123672
B23,cnn_2::overall_order_sensitive,full,,M_condition,condition_idB23.b_SPA,0.265307977241502,0.262815640856884,1.00948321179246,0.312742949024237,-0.24981067883799,0.780426633320995
B23,cnn_2::overall_order_sensitive,full,,M_condition,condition_idB23.b_TUR,-0.183357800279349,0.277239837001576,-0.661368879243376,0.508375778716754,-0.726747880802438,0.360032280243741
B23,cnn_2::overall_order_sensitive,full,,M_condition,condition_idB23.c_noBRP,0.172422097829746,0.291067304196493,0.592378791241177,0.553596965183821,-0.39806981839538,0.742914014054872
B23,cnn_2::overall_order_sensitive,full,,M_condition,condition_idB23.c_noFAR,0.167273314473871,0.299509687100788,0.558490498564682,0.576509490823182,-0.419765672243674,0.754312301191416
B23,cnn_2::overall_order_sensitive,full,,M_condition,condition_idB23.c_noSPA,0.451069413287724,0.309773426631712,1.45612688019234,0.145357548014756,-0.156086502910431,1.05822532948588
B23,cnn_2::overall_order_sensitive,full,,M_condition,condition_idB23.c_noTUR,0.49100146724397,0.291200462338146,1.68612873517286,0.0917710064055328,-0.0797514389387965,1.06175437342674
B23,cnn_2::overall_order_sensitive,full,,M_condition,test_talker_idB23.FAR.FAR,-0.944388756646851,0.433558867313449,-2.1782249836078,0.0293892909240249,-1.79416413658121,-0.0946133767124924
B23,cnn_2::overall_order_sensitive,full,,M_condition,test_talker_idB23.SPA.SPA,-0.917414703022129,0.433954085732105,-2.11408241836092,0.034508228561102,-1.76796471105705,-0.0668646949872029
B23,cnn_2::overall_order_sensitive,full,,M_condition,test_talker_idB23.TUR.TUR,-1.89223710964451,0.433245182340952,-4.36758950075381,1.25625322666186e-05,-2.74139766703278,-1.04307655225624
B23,cnn_2::overall_order_sensitive,full,,M_joint,(Intercept),1.20762374420249,3.52471711818667,0.342615791199654,0.731887520702143,-5.70082180744338,8.11606929584836
B23,cnn_2::overall_order_sensitive,full,,M_joint,condition_idB23.b_FAR,1.06921609859861,2.90838345885134,0.367632436962384,0.713147324894915,-4.63121548075002,6.76964767794723
B23,cnn_2::overall_order_sensitive,full,,M_joint,condition_idB23.b_SPA,2.11036095927067,6.83809528483884,0.308618244023257,0.757611941173588,-11.2923057990134,15.5130277175548
B23,cnn_2::overall_order_sensitive,full,,M_joint,condition_idB23.b_TUR,1.17147206552131,5.0234809524963,0.233199264931855,0.815606676616316,-8.67455060137144,11.0174947324141
B23,cnn_2::overall_order_sensitive,full,,M_joint,condition_idB23.c_noBRP,1.35047257520841,4.36857290774174,0.309133578339778,0.757219917464065,-7.2119303239654,9.91287547438223
B23,cnn_2::overall_order_sensitive,full,,M_joint,condition_idB23.c_noFAR,1.12780038579245,3.56603941916437,0.316261334558304,0.751804156622477,-5.86163687576973,8.11723764735462
B23,cnn_2::overall_order_sensitive,full,,M_joint,condition_idB23.c_noSPA,1.11926407402233,2.48818194108102,0.449832086449456,0.652831519874324,-3.75757253049647,5.99610067854113
B23,cnn_2::overall_order_sensitive,full,,M_joint,condition_idB23.c_noTUR,1.17900160083592,2.55948331382967,0.460640471639497,0.645056570139647,-3.83758569427023,6.19558889594208
B23,cnn_2::overall_order_sensitive,full,,M_joint,test_talker_idB23.FAR.FAR,-0.944306309504567,0.43376120483886,-2.17701882734158,0.0294791627262763,-1.79447827098873,-0.0941343480204023
B23,cnn_2::overall_order_sensitive,full,,M_joint,test_talker_idB23.SPA.SPA,-0.917343279558769,0.434041567339207,-2.1134917680404,0.03455869885523,-1.76806475154361,-0.0666218075739232
B23,cnn_2::overall_order_sensitive,full,,M_joint,test_talker_idB23.TUR.TUR,-1.89213860206402,0.433247389280853,-4.36733988219705,1.25768933791846e-05,-2.74130348505449,-1.04297371907355
B23,cnn_2::overall_order_sensitive,full,,M_joint,variability_z,0.572150064666317,2.1213338421864,0.269712410789911,0.787381511852838,-3.58566426601902,4.72996439535165
B23,cnn_2::overall_order_sensitive,full,,M_null,(Intercept),2.3410383984251,0.317712181470546,7.36842505562581,1.72655547077915e-13,1.71832252274283,2.96375427410737
B23,cnn_2::overall_order_sensitive,full,,M_null,test_talker_idB23.FAR.FAR,-0.944266031665579,0.433978682640251,-2.1758350569683,0.0295675962922733,-1.79486424964047,-0.093667813690688
B23,cnn_2::overall_order_sensitive,full,,M_null,test_talker_idB23.SPA.SPA,-0.917289334773626,0.434197924184003,-2.11260644900021,0.0346344662892849,-1.76831726617427,-0.0662614033729813
B23,cnn_2::overall_order_sensitive,full,,M_null,test_talker_idB23.TUR.TUR,-1.89211787855339,0.433608395535599,-4.36365600397618,1.27906652307506e-05,-2.74199033380317,-1.04224542330362
B23,cnn_2::overall_order_sensitive,full,,M_predictor,(Intercept),2.34104150491407,0.317575964704494,7.37159535071372,1.68598109786881e-13,1.71859261409326,2.96349039573488
B23,cnn_2::overall_order_sensitive,full,,M_predictor,test_talker_idB23.FAR.FAR,-0.944256875244885,0.433786360178151,-2.1767786217554,0.0294970888628859,-1.79447814119406,-0.0940356092957093
B23,cnn_2::overall_order_sensitive,full,,M_predictor,test_talker_idB23.SPA.SPA,-0.917293081035995,0.434065773016953,-2.11325826189979,0.0345786690330788,-1.76806199614922,-0.0665241659227662
B23,cnn_2::overall_order_sensitive,full,,M_predictor,test_talker_idB23.TUR.TUR,-1.89211421969274,0.433435539999916,-4.36538780297783,1.2689742367851e-05,-2.74164787809258,-1.04258056129291
B23,cnn_2::overall_order_sensitive,full,,M_predictor,variability_z,-0.0043349848543176,0.0784846834917696,-0.0552335138711778,0.95595242946977,-0.158164964498186,0.149494994789551
B23,cnn_3::overall_order_sensitive,cv_train,0.0,M_condition,(Intercept),1.91567003073818,0.351076412940333,5.45656147815251,4.85443249802039e-08,1.22756026137513,2.60377980010124
B23,cnn_3::overall_order_sensitive,cv_train,0.0,M_condition,condition_idB23.b_FAR,0.541177139369604,0.28720148539483,1.88431177027382,0.0595228162420455,-0.021737772004263,1.10409205074347
B23,cnn_3::overall_order_sensitive,cv_train,0.0,M_condition,condition_idB23.b_SPA,0.573274953708191,0.253384275984462,2.26247248958473,0.0236682266692452,0.0766417727786445,1.06990813463774
B23,cnn_3::overall_order_sensitive,cv_train,0.0,M_condition,condition_idB23.b_TUR,-0.192140124239278,0.266060386214119,-0.722167350703041,0.470191593963392,-0.713618481218952,0.329338232740395
B23,cnn_3::overall_order_sensitive,cv_train,0.0,M_condition,condition_idB23.c_noBRP,0.14109828451137,0.275661857067429,0.511852767780113,0.608754056588046,-0.399198955340792,0.681395524363531
B23,cnn_3::overall_order_sensitive,cv_train,0.0,M_condition,condition_idB23.c_noFAR,0.445100864421607,0.287237914344002,1.54958952907778,0.121240067759196,-0.117885447692638,1.00808717653585
B23,cnn_3::overall_order_sensitive,cv_train,0.0,M_condition,condition_idB23.c_noSPA,0.741290661043434,0.321157572919554,2.30818365671582,0.020988923780184,0.111821818121109,1.37075950396576
B23,cnn_3::overall_order_sensitive,cv_train,0.0,M_condition,condition_idB23.c_noTUR,0.822459347968533,0.287862929793649,2.85712143817234,0.0042750224439558,0.258248005572982,1.38667069036408
B23,cnn_3::overall_order_sensitive,cv_train,0.0,M_condition,test_talker_idB23.FAR.FAR,-0.896224577596967,0.426065157276458,-2.1034918305123,0.035422798675847,-1.73131228585882,-0.0611368693351094
B23,cnn_3::overall_order_sensitive,cv_train,0.0,M_condition,test_talker_idB23.SPA.SPA,-0.807836338620394,0.426695468703836,-1.89323861599548,0.0583261441866295,-1.64415945727991,0.0284867800391246
B23,cnn_3::overall_order_sensitive,cv_train,0.0,M_condition,test_talker_idB23.TUR.TUR,-1.80030629393258,0.425714692594678,-4.22890336004128,2.34833185047379e-05,-2.63470709141815,-0.965905496447006
B23,cnn_3::overall_order_sensitive,cv_train,0.0,M_joint,(Intercept),-0.191691046435866,3.9101110878811,-0.0490244502336489,0.960899810894749,-7.85550877868282,7.47212668581109
B23,cnn_3::overall_order_sensitive,cv_train,0.0,M_joint,condition_idB23.b_FAR,2.3245654030742,3.30557099594773,0.703226585035948,0.48191455406712,-4.15435374898335,8.80348455513174
B23,cnn_3::overall_order_sensitive,cv_train,0.0,M_joint,condition_idB23.b_SPA,5.94990548047761,9.94035416026472,0.598560713687807,0.549465860681536,-13.5331886736412,25.4329996345965
B23,cnn_3::overall_order_sensitive,cv_train,0.0,M_joint,condition_idB23.b_TUR,0.800855476343049,1.85136473392894,0.432575743540001,0.665323014572688,-2.82781940215768,4.42953035484378
B23,cnn_3::overall_order_sensitive,cv_train,0.0,M_joint,condition_idB23.c_noBRP,2.8685619855103,5.04737551887097,0.568327435671351,0.569812652947356,-7.02429403147681,12.7614180024974
B23,cnn_3::overall_order_sensitive,cv_train,0.0,M_joint,condition_idB23.c_noFAR,2.5080882176162,3.82194507262801,0.656233454420528,0.511673926745434,-4.98292412473471,9.9991005599671
B23,cnn_3::overall_order_sensitive,cv_train,0.0,M_joint,condition_idB23.c_noSPA,1.63428437701313,1.67852106314899,0.973645438769252,0.330232616744924,-1.65561690675889,4.92418566078516
B23,cnn_3::overall_order_sensitive,cv_train,0.0,M_joint,condition_idB23.c_noTUR,3.06370556435799,4.14957230755815,0.738318394591576,0.460320991095692,-5.06945615845598,11.196867287172
B23,cnn_3::overall_order_sensitive,cv_train,0.0,M_joint,test_talker_idB23.FAR.FAR,-0.896225571636523,0.426097298016366,-2.10333549592727,0.0354364526771966,-1.7313762757486,-0.0610748675244468
B23,cnn_3::overall_order_sensitive,cv_train,0.0,M_joint,test_talker_idB23.SPA.SPA,-0.807833448972039,0.426697399656581,-1.89322327631293,0.0583281832489217,-1.64416035229894,0.0284934543548606
B23,cnn_3::overall_order_sensitive,cv_train,0.0,M_joint,test_talker_idB23.TUR.TUR,-1.80030831836371,0.425744704894161,-4.22861000423073,2.35139539809656e-05,-2.63476793995627,-0.965848696771153
B23,cnn_3::overall_order_sensitive,cv_train,0.0,M_joint,variability_z,1.7051577552732,3.15325035975141,0.540761931573245,0.588671685120254,-4.47521294983956,7.88552846038597
B23,cnn_3::overall_order_sensitive,cv_train,0.0,M_null,(Intercept),2.2553376408131,0.314257066134918,7.17672849349657,7.13992784334819e-13,1.63939379118866,2.87128149043754
B23,cnn_3::overall_order_sensitive,cv_train,0.0,M_null,test_talker_idB23.FAR.FAR,-0.896260396564136,0.426198654682134,-2.10291700060053,0.0354730254623015,-1.73160975974112,-0.0609110333871522
B23,cnn_3::overall_order_sensitive,cv_train,0.0,M_null,test_talker_idB23.SPA.SPA,-0.80784813294088,0.426822309378151,-1.89270362675713,0.0583972938416885,-1.64441985932206,0.0287235934402955
B23,cnn_3::overall_order_sensitive,cv_train,0.0,M_null,test_talker_idB23.TUR.TUR,-1.80035586065125,0.425870781113444,-4.22746978777037,2.36333896103884e-05,-2.6350625916336,-0.965649129668902
B23,cnn_3::overall_order_sensitive,cv_train,0.0,M_predictor,(Intercept),2.25534175634714,0.313494185246803,7.19420602513436,6.28252706709052e-13,1.64089315326341,2.86979035943087
B23,cnn_3::overall_order_sensitive,cv_train,0.0,M_predictor,test_talker_idB23.FAR.FAR,-0.896211506773605,0.426136880832057,-2.10310711671729,0.0354564070073918,-1.73143979320444,-0.0609832203427738
B23,cnn_3::overall_order_sensitive,cv_train,0.0,M_predictor,test_talker_idB23.SPA.SPA,-0.807803668794836,0.426849351317109,-1.89247955116304,0.0584271156712214,-1.64442839737637,0.0288210597866967
B23,cnn_3::overall_order_sensitive,cv_train,0.0,M_predictor,test_talker_idB23.TUR.TUR,-1.80029867631749,0.425680555522351,-4.22922459802833,2.34498148285195e-05,-2.6346325651413,-0.965964787493683
B23,cnn_3::overall_order_sensitive,cv_train,0.0,M_predictor,variability_z,-0.164524993368509,0.0826602191300228,-1.99037693221833,0.0465494290445395,-0.326539022863354,-0.0025109638736647
B23,cnn_3::overall_order_sensitive,cv_train,1.0,M_condition,(Intercept),2.20389578083479,0.392258439434487,5.61847893957901,1.92645871682162e-08,1.4350692395432,2.97272232212639
B23,cnn_3::overall_order_sensitive,cv_train,1.0,M_condition,condition_idB23.b_FAR,0.22063795905533,0.41326266674962,0.533892792181507,0.593415709164046,-0.589356867773924,1.03063278588458
B23,cnn_3::overall_order_sensitive,cv_train,1.0,M_condition,condition_idB23.b_SPA,0.165809597157594,0.358122552063395,0.462996804312515,0.643366657734277,-0.53611060488666,0.867729799201849
B23,cnn_3::overall_order_sensitive,cv_train,1.0,M_condition,condition_idB23.b_TUR,-0.189919980448583,0.367682610568743,-0.516532397751442,0.605482617386403,-0.91057789716332,0.530737936266154
B23,cnn_3::overall_order_sensitive,cv_train,1.0,M_condition,condition_idB23.c_noBRP,0.1582032902105,0.367790302781308,0.430145354605964,0.667089909601433,-0.562665703240862,0.879072283661863
B23,cnn_3::overall_order_sensitive,cv_train,1.0,M_condition,condition_idB23.c_noFAR,-0.0343556135612886,0.438169862940341,-0.0784070664530534,0.937504252621459,-0.893168544924357,0.82445731780178
B23,cnn_3::overall_order_sensitive,cv_train,1.0,M_condition,condition_idB23.c_noSPA,0.373275425698481,0.413492363751051,0.90273837783185,0.366664762904964,-0.437169607253579,1.18372045865054
B23,cnn_3::overall_order_sensitive,cv_train,1.0,M_condition,condition_idB23.c_noTUR,0.20611998666136,0.413161951494308,0.498884241193732,0.617860936453273,-0.603677438267485,1.0159174115902
B23,cnn_3::overall_order_sensitive,cv_train,1.0,M_condition,test_talker_idB23.FAR.FAR,-0.907683509207791,0.422210624414888,-2.14983578507927,0.0315682064893159,-1.73521633306097,-0.0801506853546107
B23,cnn_3::overall_order_sensitive,cv_train,1.0,M_condition,test_talker_idB23.SPA.SPA,-0.962341389360373,0.422657393394924,-2.27688289474964,0.0227932196053814,-1.79074988041442,-0.133932898306322
B23,cnn_3::overall_order_sensitive,cv_train,1.0,M_condition,test_talker_idB23.TUR.TUR,-1.85405947564124,0.422016013480909,-4.39333915400136,1.11622782673972e-05,-2.68121086206383,-1.02690808921866
B23,cnn_3::overall_order_sensitive,cv_train,1.0,M_joint,(Intercept),-13.1465263533571,4.69770571471672,-2.79849934238588,0.0051340673983443,-22.3540295542019,-3.93902315251236
B23,cnn_3::overall_order_sensitive,cv_train,1.0,M_joint,condition_idB23.b_FAR,13.5108137734615,4.07219239071306,3.31782304889964,0.0009072193841408,5.5293166876639,21.4923108592591
B23,cnn_3::overall_order_sensitive,cv_train,1.0,M_joint,condition_idB23.b_SPA,39.6553680664952,12.0576477349074,3.28881461279476,0.0010061026931158,16.0223785060766,63.2883576269137
B23,cnn_3::overall_order_sensitive,cv_train,1.0,M_joint,condition_idB23.b_TUR,7.23437714254565,2.28934718853176,3.16001748392969,0.0015775967167348,2.7472566530234,11.7214976320679
B23,cnn_3::overall_order_sensitive,cv_train,1.0,M_joint,condition_idB23.c_noBRP,20.2028709208391,6.12648099598743,3.2976305539952,0.0009750433428257,8.19496816870374,32.2107736729744
B23,cnn_3::overall_order_sensitive,cv_train,1.0,M_joint,condition_idB23.c_noFAR,15.1253412560016,4.64025740139293,3.25959099843497,0.0011157298215903,6.03043674927149,24.2202457627318
B23,cnn_3::overall_order_sensitive,cv_train,1.0,M_joint,condition_idB23.c_noSPA,6.97532752761498,2.04976846296635,3.40298314353053,0.000666543926533,2.95778134020092,10.992873715029
B23,cnn_3::overall_order_sensitive,cv_train,1.0,M_joint,condition_idB23.c_noTUR,16.7237517176525,5.05150952297804,3.31064440076385,0.0009308141253297,6.82279305261558,26.6247103826895
B23,cnn_3::overall_order_sensitive,cv_train,1.0,M_joint,test_talker_idB23.FAR.FAR,-0.907620482744916,0.422104141035775,-2.15022880495264,0.0315371207424246,-1.73494459917504,-0.0802963663147965
B23,cnn_3::overall_order_sensitive,cv_train,1.0,M_joint,test_talker_idB23.SPA.SPA,-0.962285162219147,0.422419745102625,-2.27803073453719,0.0227247464952635,-1.79022786262029,-0.134342461818002
B23,cnn_3::overall_order_sensitive,cv_train,1.0,M_joint,test_talker_idB23.TUR.TUR,-1.85398770803,0.421791153949797,-4.39551112124714,1.1051240545424e-05,-2.6806983697716,-1.0272770462884
B23,cnn_3::overall_order_sensitive,cv_train,1.0,M_joint,variability_z,12.4427019204087,3.80055540692388,3.27391672747107,0.0010606786370237,4.99361332283789,19.8917905179795
B23,cnn_3::overall_order_sensitive,cv_train,1.0,M_null,(Intercept),2.30233127300746,0.317515818700865,7.25107581230938,4.13474152531138e-13,1.68000026835376,2.92466227766115
B23,cnn_3::overall_order_sensitive,cv_train,1.0,M_null,test_talker_idB23.FAR.FAR,-0.907610592227868,0.422166233012951,-2.14988912246808,0.0315639862496196,-1.73505640893325,-0.0801647755224845
B23,cnn_3::overall_order_sensitive,cv_train,1.0,M_null,test_talker_idB23.SPA.SPA,-0.962261837040432,0.42263165633941,-2.27683331952695,0.0227961809943197,-1.79061988346568,-0.133903790615189
B23,cnn_3::overall_order_sensitive,cv_train,1.0,M_null,test_talker_idB23.TUR.TUR,-1.8539978598329,0.421879642134164,-4.39461323721162,1.10970147029422e-05,-2.68088195841586,-1.02711376124993
B23,cnn_3::overall_order_sensitive,cv_train,1.0,M_predictor,(Intercept),2.30232928509261,0.317479072459961,7.25190881796772,4.1093851267906e-13,1.68007030307108,2.92458826711413
B23,cnn_3::overall_order_sensitive,cv_train,1.0,M_predictor,test_talker_idB23.FAR.FAR,-0.907602461363873,0.422219330538303,-2.14959949893042,0.0315869080924878,-1.73515234921895,-0.080052573508799
B23,cnn_3::overall_order_sensitive,cv_train,1.0,M_predictor,test_talker_idB23.SPA.SPA,-0.962247457748345,0.422613443204036,-2.27689741824842,0.0227923521036765,-1.79056980642826,-0.133925109068435
B23,cnn_3::overall_order_sensitive,cv_train,1.0,M_predictor,test_talker_idB23.TUR.TUR,-1.85398509525064,0.42196644125401,-4.39367900855083,1.11448338317939e-05,-2.6810393201085,-1.02693087039278
B23,cnn_3::overall_order_sensitive,cv_train,1.0,M_predictor,variability_z,-0.0503574342304238,0.104569276326242,-0.481570074878546,0.630111388691334,-0.255313215829858,0.154598347369011
B23,cnn_3::overall_order_sensitive,cv_train,2.0,M_condition,(Intercept),2.33653085247934,0.405248577274958,5.7656731781541,8.13325366450924e-09,1.54224364102042,3.13081806393825
B23,cnn_3::overall_order_sensitive,cv_train,2.0,M_condition,condition_idB23.b_FAR,0.113664634692987,0.357577858724842,0.3178738054373,0.750580663065381,-0.587187968407704,0.814517237793678
B23,cnn_3::overall_order_sensitive,cv_train,2.0,M_condition,condition_idB23.b_SPA,0.044794001094437,0.339477434025774,0.13194986353949,0.895023947994411,-0.62058176959608,0.710169771784954
B23,cnn_3::overall_order_sensitive,cv_train,2.0,M_condition,condition_idB23.b_TUR,-0.160579719930046,0.369757931623864,-0.434283368107424,0.664082679923412,-0.88530526591282,0.564145826052728
B23,cnn_3::overall_order_sensitive,cv_train,2.0,M_condition,condition_idB23.c_noBRP,0.279516031627007,0.429633693932415,0.650591505216015,0.515310215404535,-0.562566008480527,1.12159807173454
B23,cnn_3::overall_order_sensitive,cv_train,2.0,M_condition,condition_idB23.c_noFAR,0.0479695531623004,0.369830719962424,0.129706783598654,0.896798415376059,-0.67689865796405,0.772837764288651
B23,cnn_3::overall_order_sensitive,cv_train,2.0,M_condition,condition_idB23.c_noSPA,0.267247024257593,0.384822133149158,0.694468953931003,0.487388164036101,-0.487004356714757,1.02149840522994
B23,cnn_3::overall_order_sensitive,cv_train,2.0,M_condition,condition_idB23.c_noTUR,0.405811636989582,0.357947003724496,1.1337198880478,0.256912064515286,-0.29576449031043,1.10738776428959
B23,cnn_3::overall_order_sensitive,cv_train,2.0,M_condition,test_talker_idB23.FAR.FAR,-1.00655889323661,0.459808341483938,-2.18908358640938,0.028590765288184,-1.90778324254513,-0.105334543928089
B23,cnn_3::overall_order_sensitive,cv_train,2.0,M_condition,test_talker_idB23.SPA.SPA,-0.951833844876906,0.460783388968105,-2.06568610688957,0.0388581279647102,-1.85496928725439,-0.0486984024994213
B23,cnn_3::overall_order_sensitive,cv_train,2.0,M_condition,test_talker_idB23.TUR.TUR,-2.00036199754424,0.45941732110422,-4.35412838317963,1.33597399488766e-05,-2.90081994690851,-1.09990404817996
B23,cnn_3::overall_order_sensitive,cv_train,2.0,M_joint,(Intercept),3.16188195215627,4.5530701304641,0.694450527129037,0.487399716257126,-5.76213550355337,12.0858994078659
B23,cnn_3::overall_order_sensitive,cv_train,2.0,M_joint,condition_idB23.b_FAR,-0.606055614175409,3.96814284784501,-0.152730291578223,0.878610971781288,-8.38361559595163,7.17150436760082
B23,cnn_3::overall_order_sensitive,cv_train,2.0,M_joint,condition_idB23.b_SPA,-2.11243880742547,11.8700794531389,-0.177963324994161,0.858751778332561,-25.3777945355777,21.1529169207268
B23,cnn_3::overall_order_sensitive,cv_train,2.0,M_joint,condition_idB23.b_TUR,-0.56080741256421,2.22481447693458,-0.252069293138055,0.80098750426849,-4.92144378735599,3.79982896222757
B23,cnn_3::overall_order_sensitive,cv_train,2.0,M_joint,condition_idB23.c_noBRP,-0.813816037991694,6.02428645322812,-0.135089200075406,0.892541348996024,-12.6214174863188,10.9937854103354
B23,cnn_3::overall_order_sensitive,cv_train,2.0,M_joint,condition_idB23.c_noFAR,-0.78504918026961,4.59199114754597,-0.170960516918495,0.864254811403024,-9.78535182945972,8.2152534689205
B23,cnn_3::overall_order_sensitive,cv_train,2.0,M_joint,condition_idB23.c_noSPA,-0.086250713968921,1.9746627789535,-0.0436787054925048,0.965160513569327,-3.95658976071778,3.78408833277994
B23,cnn_3::overall_order_sensitive,cv_train,2.0,M_joint,condition_idB23.c_noTUR,-0.495254006762171,4.9626444186919,-0.0997963917980476,0.920505972679359,-10.2220370673983,9.23152905387395
B23,cnn_3::overall_order_sensitive,cv_train,2.0,M_joint,test_talker_idB23.FAR.FAR,-1.00655763754914,0.460082826976242,-2.18777484950794,0.0286860067576374,-1.90831997842257,-0.104795296675702
B23,cnn_3::overall_order_sensitive,cv_train,2.0,M_joint,test_talker_idB23.SPA.SPA,-0.951836940988505,0.461005384915545,-2.06469809710114,0.0389515747540286,-1.85540749542297,-0.0482663865540369
B23,cnn_3::overall_order_sensitive,cv_train,2.0,M_joint,test_talker_idB23.TUR.TUR,-2.00036889354795,0.459760504511761,-4.35089328882702,1.35584029316945e-05,-2.901499482391,-1.09923830470489
B23,cnn_3::overall_order_sensitive,cv_train,2.0,M_joint,variability_z,-0.670100968266686,3.6886748453076,-0.181664417810946,0.855846091734552,-7.89990366506957,6.5597017285362
B23,cnn_3::overall_order_sensitive,cv_train,2.0,M_null,(Intercept),2.44739521514906,0.341564765174436,7.16524496869336,7.76475804105669e-13,1.77792827540716,3.11686215489096
B23,cnn_3::overall_order_sensitive,cv_train,2.0,M_null,test_talker_idB23.FAR.FAR,-1.00647135365458,0.460108566994909,-2.18746492861047,0.028708600779874,-1.9082841449646,-0.104658562344561
B23,cnn_3::overall_order_sensitive,cv_train,2.0,M_null,test_talker_idB23.SPA.SPA,-0.951746563116352,0.46096342754843,-2.06468996505446,0.0389523446811336,-1.85523488111127,-0.0482582451214294
B23,cnn_3::overall_order_sensitive,cv_train,2.0,M_null,test_talker_idB23.TUR.TUR,-2.00026999942614,0.459721463557232,-4.35104766253125,1.3548859356079e-05,-2.90132406799831,-1.09921593085396
B23,cnn_3::overall_order_sensitive,cv_train,2.0,M_predictor,(Intercept),2.44739710089628,0.341637359494304,7.16372794977385,7.85121387921586e-13,1.77778787628745,3.11700632550512
B23,cnn_3::overall_order_sensitive,cv_train,2.0,M_predictor,test_talker_idB23.FAR.FAR,-1.00646798330862,0.460221329737076,-2.18692163590856,0.0287482451792868,-1.90850178959329,-0.10443417702395
B23,cnn_3::overall_order_sensitive,cv_train,2.0,M_predictor,test_talker_idB23.SPA.SPA,-0.951739565107186,0.461065199275079,-2.064219044516,0.0389969526201463,-1.85542735568634,-0.04805177452803
B23,cnn_3::overall_order_sensitive,cv_train,2.0,M_predictor,test_talker_idB23.TUR.TUR,-2.00026972736478,0.459888423946322,-4.34946744299493,1.36468541610776e-05,-2.90165103829957,-1.09888841642999
B23,cnn_3::overall_order_sensitive,cv_train,2.0,M_predictor,variability_z,-0.0191615272574042,0.0987893378400518,-0.19396351545982,0.846204449777179,-0.212788629423906,0.174465574909097
B23,cnn_3::overall_order_sensitive,full,,M_condition,(Intercept),2.15500921522717,0.359145093947985,6.00038605995626,1.9684894092453802e-09,1.45108483108912,2.85893359936522
B23,cnn_3::overall_order_sensitive,full,,M_condition,condition_idB23.b_FAR,0.286676132487048,0.290958775835012,0.985280927390235,0.324486098514997,-0.283603068149575,0.856955333123672
B23,cnn_3::overall_order_sensitive,full,,M_condition,condition_idB23.b_SPA,0.265307977241502,0.262815640856884,1.00948321179246,0.312742949024237,-0.24981067883799,0.780426633320995
B23,cnn_3::overall_order_sensitive,full,,M_condition,condition_idB23.b_TUR,-0.183357800279349,0.277239837001576,-0.661368879243376,0.508375778716754,-0.726747880802438,0.360032280243741
B23,cnn_3::overall_order_sensitive,full,,M_condition,condition_idB23.c_noBRP,0.172422097829746,0.291067304196493,0.592378791241177,0.553596965183821,-0.39806981839538,0.742914014054872
B23,cnn_3::overall_order_sensitive,full,,M_condition,condition_idB23.c_noFAR,0.167273314473871,0.299509687100788,0.558490498564682,0.576509490823182,-0.419765672243674,0.754312301191416
B23,cnn_3::overall_order_sensitive,full,,M_condition,condition_idB23.c_noSPA,0.451069413287724,0.309773426631712,1.45612688019234,0.145357548014756,-0.156086502910431,1.05822532948588
B23,cnn_3::overall_order_sensitive,full,,M_condition,condition_idB23.c_noTUR,0.49100146724397,0.291200462338146,1.68612873517286,0.0917710064055328,-0.0797514389387965,1.06175437342674
B23,cnn_3::overall_order_sensitive,full,,M_condition,test_talker_idB23.FAR.FAR,-0.944388756646851,0.433558867313449,-2.1782249836078,0.0293892909240249,-1.79416413658121,-0.0946133767124924
B23,cnn_3::overall_order_sensitive,full,,M_condition,test_talker_idB23.SPA.SPA,-0.917414703022129,0.433954085732105,-2.11408241836092,0.034508228561102,-1.76796471105705,-0.0668646949872029
B23,cnn_3::overall_order_sensitive,full,,M_condition,test_talker_idB23.TUR.TUR,-1.89223710964451,0.433245182340952,-4.36758950075381,1.25625322666186e-05,-2.74139766703278,-1.04307655225624
B23,cnn_3::overall_order_sensitive,full,,M_joint,(Intercept),-3.3602509081642,3.00407785213215,-1.118563190957,0.263326534140615,-9.24824349834322,2.52774168201482
B23,cnn_3::overall_order_sensitive,full,,M_joint,condition_idB23.b_FAR,5.03607176296074,2.58363403889696,1.94922024061535,0.0512691287906931,-0.0278509532772908,10.0999944791988
B23,cnn_3::overall_order_sensitive,full,,M_joint,condition_idB23.b_SPA,14.4931290877229,7.71318645486417,1.87900670786755,0.0602435773119724,-0.624716363810855,29.6109745392567
B23,cnn_3::overall_order_sensitive,full,,M_joint,condition_idB23.b_TUR,2.46398050698296,1.45553128836838,1.69283925853977,0.0904860677416264,-0.388860818219066,5.31682183218499
B23,cnn_3::overall_order_sensitive,full,,M_joint,condition_idB23.c_noBRP,7.3899353379216,3.91640543868223,1.88691785200056,0.0591713755809643,-0.28621932189558,15.0660899977388
B23,cnn_3::overall_order_sensitive,full,,M_joint,condition_idB23.c_noFAR,5.64179576249532,2.97558901806313,1.89602654407149,0.0579565346458591,-0.190358712908417,11.4739502378991
B23,cnn_3::overall_order_sensitive,full,,M_joint,condition_idB23.c_noSPA,2.8052116616355,1.30694399918553,2.14639010040496,0.0318418684805011,0.243601423231854,5.36682190003914
B23,cnn_3::overall_order_sensitive,full,,M_joint,condition_idB23.c_noTUR,6.432259330764,3.22682305825551,1.99337218516141,0.0462207073136857,0.1076861365832,12.7568325249448
B23,cnn_3::overall_order_sensitive,full,,M_joint,test_talker_idB23.FAR.FAR,-0.944429670916866,0.43323518511306,-2.17994683573635,0.0292614026250178,-1.79357063373846,-0.0952887080952692
B23,cnn_3::overall_order_sensitive,full,,M_joint,test_talker_idB23.SPA.SPA,-0.917451176531398,0.43362317665866,-2.11577984276795,0.034363536242495,-1.76735260278237,-0.0675497502804239
B23,cnn_3::overall_order_sensitive,full,,M_joint,test_talker_idB23.TUR.TUR,-1.8922646601667,0.433084162566992,-4.36927697598269,1.24658577017701e-05,-2.74110961879801,-1.0434197015354
B23,cnn_3::overall_order_sensitive,full,,M_joint,variability_z,4.47104864465918,2.42509841036447,1.84365658133734,0.065233204448981,-0.282144239655177,9.22424152897354
B23,cnn_3::overall_order_sensitive,full,,M_null,(Intercept),2.3410383984251,0.317712181470546,7.36842505562581,1.72655547077915e-13,1.71832252274283,2.96375427410737
B23,cnn_3::overall_order_sensitive,full,,M_null,test_talker_idB23.FAR.FAR,-0.944266031665579,0.433978682640251,-2.1758350569683,0.0295675962922733,-1.79486424964047,-0.093667813690688
B23,cnn_3::overall_order_sensitive,full,,M_null,test_talker_idB23.SPA.SPA,-0.917289334773626,0.434197924184003,-2.11260644900021,0.0346344662892849,-1.76831726617427,-0.0662614033729813
B23,cnn_3::overall_order_sensitive,full,,M_null,test_talker_idB23.TUR.TUR,-1.89211787855339,0.433608395535599,-4.36365600397618,1.27906652307506e-05,-2.74199033380317,-1.04224542330362
B23,cnn_3::overall_order_sensitive,full,,M_predictor,(Intercept),2.34103121412424,0.317192803363564,7.38046761874658,1.57734538045437e-13,1.71933331953165,2.96272910871682
B23,cnn_3::overall_order_sensitive,full,,M_predictor,test_talker_idB23.FAR.FAR,-0.944235702862966,0.433348783964055,-2.17892777781808,0.0293370338474057,-1.79359931943251,-0.0948720862934186
B23,cnn_3::overall_order_sensitive,full,,M_predictor,test_talker_idB23.SPA.SPA,-0.917265726711259,0.433757949204183,-2.11469490851792,0.0344559585992104,-1.76743130715146,-0.0671001462710615
B23,cnn_3::overall_order_sensitive,full,,M_predictor,test_talker_idB23.TUR.TUR,-1.89208254761193,0.433184946659757,-4.3678400235317,1.2548134865708e-05,-2.74112504306505,-1.04304005215881
B23,cnn_3::overall_order_sensitive,full,,M_predictor,variability_z,-0.0780926481006726,0.0781180512199303,-0.999674811149779,0.31746790581417,-0.231204028491736,0.0750187322903908
B23,cnn_4::overall_order_sensitive,cv_train,0.0,M_condition,(Intercept),1.91567003073818,0.351076412940333,5.45656147815251,4.85443249802039e-08,1.22756026137513,2.60377980010124
B23,cnn_4::overall_order_sensitive,cv_train,0.0,M_condition,condition_idB23.b_FAR,0.541177139369604,0.28720148539483,1.88431177027382,0.0595228162420455,-0.021737772004263,1.10409205074347
B23,cnn_4::overall_order_sensitive,cv_train,0.0,M_condition,condition_idB23.b_SPA,0.573274953708191,0.253384275984462,2.26247248958473,0.0236682266692452,0.0766417727786445,1.06990813463774
B23,cnn_4::overall_order_sensitive,cv_train,0.0,M_condition,condition_idB23.b_TUR,-0.192140124239278,0.266060386214119,-0.722167350703041,0.470191593963392,-0.713618481218952,0.329338232740395
B23,cnn_4::overall_order_sensitive,cv_train,0.0,M_condition,condition_idB23.c_noBRP,0.14109828451137,0.275661857067429,0.511852767780113,0.608754056588046,-0.399198955340792,0.681395524363531
B23,cnn_4::overall_order_sensitive,cv_train,0.0,M_condition,condition_idB23.c_noFAR,0.445100864421607,0.287237914344002,1.54958952907778,0.121240067759196,-0.117885447692638,1.00808717653585
B23,cnn_4::overall_order_sensitive,cv_train,0.0,M_condition,condition_idB23.c_noSPA,0.741290661043434,0.321157572919554,2.30818365671582,0.020988923780184,0.111821818121109,1.37075950396576
B23,cnn_4::overall_order_sensitive,cv_train,0.0,M_condition,condition_idB23.c_noTUR,0.822459347968533,0.287862929793649,2.85712143817234,0.0042750224439558,0.258248005572982,1.38667069036408
B23,cnn_4::overall_order_sensitive,cv_train,0.0,M_condition,test_talker_idB23.FAR.FAR,-0.896224577596967,0.426065157276458,-2.1034918305123,0.035422798675847,-1.73131228585882,-0.0611368693351094
B23,cnn_4::overall_order_sensitive,cv_train,0.0,M_condition,test_talker_idB23.SPA.SPA,-0.807836338620394,0.426695468703836,-1.89323861599548,0.0583261441866295,-1.64415945727991,0.0284867800391246
B23,cnn_4::overall_order_sensitive,cv_train,0.0,M_condition,test_talker_idB23.TUR.TUR,-1.80030629393258,0.425714692594678,-4.22890336004128,2.34833185047379e-05,-2.63470709141815,-0.965905496447006
B23,cnn_4::overall_order_sensitive,cv_train,0.0,M_joint,(Intercept),-3.12820816496495,4.73050033894051,-0.661284841101094,0.508429661058334,-12.3999888292884,6.14357249935846
B23,cnn_4::overall_order_sensitive,cv_train,0.0,M_joint,condition_idB23.b_FAR,5.53250669015489,4.67676537958973,1.18297717356098,0.236818194089044,-3.63395345384099,14.6989668341508
B23,cnn_4::overall_order_sensitive,cv_train,0.0,M_joint,condition_idB23.b_SPA,10.3991468286177,9.19384506740329,1.13109876796682,0.258013522808972,-7.62078950349277,28.4190831607281
B23,cnn_4::overall_order_sensitive,cv_train,0.0,M_joint,condition_idB23.b_TUR,5.18319687378959,5.03488485610804,1.02945688370641,0.303265030628259,-4.68517744418217,15.0515711917614
B23,cnn_4::overall_order_sensitive,cv_train,0.0,M_joint,condition_idB23.c_noBRP,6.81629228101256,6.24986259014561,1.09063074310787,0.275435396264449,-5.43343839567284,19.066022957698
B23,cnn_4::overall_order_sensitive,cv_train,0.0,M_joint,condition_idB23.c_noFAR,4.99531288358649,4.26522434845287,1.17117236409814,0.241529501304865,-3.36452683938113,13.3551526065541
B23,cnn_4::overall_order_sensitive,cv_train,0.0,M_joint,condition_idB23.c_noSPA,4.31245264626028,3.35576067523635,1.28508945172514,0.198761027204668,-2.26483827720297,10.8897435697235
B23,cnn_4::overall_order_sensitive,cv_train,0.0,M_joint,condition_idB23.c_noTUR,5.58527184002441,4.46438473817219,1.25107314167352,0.210907793531931,-3.16492224679308,14.3354659268419
B23,cnn_4::overall_order_sensitive,cv_train,0.0,M_joint,test_talker_idB23.FAR.FAR,-0.896234112151173,0.425976563980011,-2.10395169109169,0.0353826612420755,-1.73114817755199,-0.0613200467503517
B23,cnn_4::overall_order_sensitive,cv_train,0.0,M_joint,test_talker_idB23.SPA.SPA,-0.807847580170363,0.426742058142257,-1.8930582649556,0.0583501215049919,-1.64426201412919,0.0285668537884606
B23,cnn_4::overall_order_sensitive,cv_train,0.0,M_joint,test_talker_idB23.TUR.TUR,-1.80031243061626,0.425711485520822,-4.22894963337371,2.34784895980076e-05,-2.63470694223707,-0.965917918995445
B23,cnn_4::overall_order_sensitive,cv_train,0.0,M_joint,variability_z,2.95435096916773,2.76335649523527,1.06911684187754,0.285017023566497,-2.4618277614934,8.37052969982886
B23,cnn_4::overall_order_sensitive,cv_train,0.0,M_null,(Intercept),2.2553376408131,0.314257066134918,7.17672849349657,7.13992784334819e-13,1.63939379118866,2.87128149043754
B23,cnn_4::overall_order_sensitive,cv_train,0.0,M_null,test_talker_idB23.FAR.FAR,-0.896260396564136,0.426198654682134,-2.10291700060053,0.0354730254623015,-1.73160975974112,-0.0609110333871522
B23,cnn_4::overall_order_sensitive,cv_train,0.0,M_null,test_talker_idB23.SPA.SPA,-0.80784813294088,0.426822309378151,-1.89270362675713,0.0583972938416885,-1.64441985932206,0.0287235934402955
B23,cnn_4::overall_order_sensitive,cv_train,0.0,M_null,test_talker_idB23.TUR.TUR,-1.80035586065125,0.425870781113444,-4.22746978777037,2.36333896103884e-05,-2.6350625916336,-0.965649129668902
B23,cnn_4::overall_order_sensitive,cv_train,0.0,M_predictor,(Intercept),2.25533783741779,0.313807781862951,7.18700417188111,6.62283877316468e-13,1.6402745849664,2.87040108986917
B23,cnn_4::overall_order_sensitive,cv_train,0.0,M_predictor,test_talker_idB23.FAR.FAR,-0.896222236683347,0.426126917946864,-2.10318146762815,0.0354499096430087,-1.7314309958592,-0.0610134775074926
B23,cnn_4::overall_order_sensitive,cv_train,0.0,M_predictor,test_talker_idB23.SPA.SPA,-0.807813082690318,0.426642321482312,-1.89341994925323,0.0583020445369077,-1.64403203279565,0.0284058674150127
B23,cnn_4::overall_order_sensitive,cv_train,0.0,M_predictor,test_talker_idB23.TUR.TUR,-1.80031905285945,0.425710821493922,-4.22897178545214,2.34761782268746e-05,-2.63471226298754,-0.965925842731363
B23,cnn_4::overall_order_sensitive,cv_train,0.0,M_predictor,variability_z,-0.116273563198985,0.0838426270353269,-1.38680725199598,0.165500545173552,-0.280605112188226,0.0480579857902555
B23,cnn_4::overall_order_sensitive,cv_train,1.0,M_condition,(Intercept),2.20389578083479,0.392258439434487,5.61847893957901,1.92645871682162e-08,1.4350692395432,2.97272232212639
B23,cnn_4::overall_order_sensitive,cv_train,1.0,M_condition,condition_idB23.b_FAR,0.22063795905533,0.41326266674962,0.533892792181507,0.593415709164046,-0.589356867773924,1.03063278588458
B23,cnn_4::overall_order_sensitive,cv_train,1.0,M_condition,condition_idB23.b_SPA,0.165809597157594,0.358122552063395,0.462996804312515,0.643366657734277,-0.53611060488666,0.867729799201849
B23,cnn_4::overall_order_sensitive,cv_train,1.0,M_condition,condition_idB23.b_TUR,-0.189919980448583,0.367682610568743,-0.516532397751442,0.605482617386403,-0.91057789716332,0.530737936266154
B23,cnn_4::overall_order_sensitive,cv_train,1.0,M_condition,condition_idB23.c_noBRP,0.1582032902105,0.367790302781308,0.430145354605964,0.667089909601433,-0.562665703240862,0.879072283661863
B23,cnn_4::overall_order_sensitive,cv_train,1.0,M_condition,condition_idB23.c_noFAR,-0.0343556135612886,0.438169862940341,-0.0784070664530534,0.937504252621459,-0.893168544924357,0.82445731780178
B23,cnn_4::overall_order_sensitive,cv_train,1.0,M_condition,condition_idB23.c_noSPA,0.373275425698481,0.413492363751051,0.90273837783185,0.366664762904964,-0.437169607253579,1.18372045865054
B23,cnn_4::overall_order_sensitive,cv_train,1.0,M_condition,condition_idB23.c_noTUR,0.20611998666136,0.413161951494308,0.498884241193732,0.617860936453273,-0.603677438267485,1.0159174115902
B23,cnn_4::overall_order_sensitive,cv_train,1.0,M_condition,test_talker_idB23.FAR.FAR,-0.907683509207791,0.422210624414888,-2.14983578507927,0.0315682064893159,-1.73521633306097,-0.0801506853546107
B23,cnn_4::overall_order_sensitive,cv_train,1.0,M_condition,test_talker_idB23.SPA.SPA,-0.962341389360373,0.422657393394924,-2.27688289474964,0.0227932196053814,-1.79074988041442,-0.133932898306322
B23,cnn_4::overall_order_sensitive,cv_train,1.0,M_condition,test_talker_idB23.TUR.TUR,-1.85405947564124,0.422016013480909,-4.39333915400136,1.11622782673972e-05,-2.68121086206383,-1.02690808921866
B23,cnn_4::overall_order_sensitive,cv_train,1.0,M_joint,(Intercept),-7.54624018674832,3.97154658886285,-1.90007595728821,0.0574231523525552,-15.3304715009195,0.237991127422868
B23,cnn_4::overall_order_sensitive,cv_train,1.0,M_joint,condition_idB23.b_FAR,10.0105590274273,3.98703557374478,2.51077745414371,0.0120465614367393,2.19596930288754,17.8251487519671
B23,cnn_4::overall_order_sensitive,cv_train,1.0,M_joint,condition_idB23.b_SPA,18.9659022281853,7.63418201320806,2.4843398016149,0.0129791891798531,4.00290548229752,33.9288989740731
B23,cnn_4::overall_order_sensitive,cv_train,1.0,M_joint,condition_idB23.b_TUR,10.1735011409283,4.21575278705665,2.41321103366482,0.0158126610266586,1.91062567829729,18.4363766035594
B23,cnn_4::overall_order_sensitive,cv_train,1.0,M_joint,condition_idB23.c_noBRP,12.9303979980472,5.19073655435995,2.49105264014725,0.0127365248047026,2.75655435150167,23.1042416445927
B23,cnn_4::overall_order_sensitive,cv_train,1.0,M_joint,condition_idB23.c_noFAR,8.65230403947355,3.54313283924662,2.44199256195918,0.0146064475604248,1.70776367455017,15.5968444043969
B23,cnn_4::overall_order_sensitive,cv_train,1.0,M_joint,condition_idB23.c_noSPA,7.24234525720243,2.81146074513054,2.57600795947309,0.0099948345511471,1.73188219674657,12.7528083176583
B23,cnn_4::overall_order_sensitive,cv_train,1.0,M_joint,condition_idB23.c_noTUR,9.39768165313242,3.74486581489997,2.50948421589398,0.0120907618984635,2.05774465592848,16.7376186503364
B23,cnn_4::overall_order_sensitive,cv_train,1.0,M_joint,test_talker_idB23.FAR.FAR,-0.907592451697085,0.422198443353561,-2.14968213640959,0.0315803664116161,-1.73510140067006,-0.080083502724105
B23,cnn_4::overall_order_sensitive,cv_train,1.0,M_joint,test_talker_idB23.SPA.SPA,-0.962253865906816,0.422493875300125,-2.27755695919441,0.0227529873458215,-1.79034186149506,-0.134165870318572
B23,cnn_4::overall_order_sensitive,cv_train,1.0,M_joint,test_talker_idB23.TUR.TUR,-1.85396515814614,0.421856758735583,-4.39477410224021,1.10888005108403e-05,-2.68080440526788,-1.02712591102439
B23,cnn_4::overall_order_sensitive,cv_train,1.0,M_joint,variability_z,5.60196909468328,2.27547946682584,2.46188514392428,0.0138208918418565,1.14202933970464,10.0619088496619
B23,cnn_4::overall_order_sensitive,cv_train,1.0,M_null,(Intercept),2.30233127300746,0.317515818700865,7.25107581230938,4.13474152531138e-13,1.68000026835376,2.92466227766115
B23,cnn_4::overall_order_sensitive,cv_train,1.0,M_null,test_talker_idB23.FAR.FAR,-0.907610592227868,0.422166233012951,-2.14988912246808,0.0315639862496196,-1.73505640893325,-0.0801647755224845
B23,cnn_4::overall_order_sensitive,cv_train,1.0,M_null,test_talker_idB23.SPA.SPA,-0.962261837040432,0.42263165633941,-2.27683331952695,0.0227961809943197,-1.79061988346568,-0.133903790615189
B23,cnn_4::overall_order_sensitive,cv_train,1.0,M_null,test_talker_idB23.TUR.TUR,-1.8539978598329,0.421879642134164,-4.39461323721162,1.10970147029422e-05,-2.68088195841586,-1.02711376124993
B23,cnn_4::overall_order_sensitive,cv_train,1.0,M_predictor,(Intercept),2.30233095174972,0.317526496860699,7.25083095273075,4.14222413878793e-13,1.67997901790275,2.92468288559669
B23,cnn_4::overall_order_sensitive,cv_train,1.0,M_predictor,test_talker_idB23.FAR.FAR,-0.907601062509197,0.422288783178496,-2.14924264783411,0.0316151701954362,-1.73528707753905,-0.0799150474793445
B23,cnn_4::overall_order_sensitive,cv_train,1.0,M_predictor,test_talker_idB23.SPA.SPA,-0.962255377954294,0.422632083590445,-2.27681573481008,0.0227972315023114,-1.79061426179157,-0.133896494117022
B23,cnn_4::overall_order_sensitive,cv_train,1.0,M_predictor,test_talker_idB23.TUR.TUR,-1.85398579085221,0.421961578306895,-4.39373129252966,1.11421524521744e-05,-2.68103048433372,-1.02694109737069
B23,cnn_4::overall_order_sensitive,cv_train,1.0,M_predictor,variability_z,-0.0298224347394844,0.104675292505418,-0.284904240778127,0.775717506906244,-0.234986008050103,0.175341138571135
B23,cnn_4::overall_order_sensitive,cv_train,2.0,M_condition,(Intercept),2.33653085247934,0.405248577274958,5.7656731781541,8.13325366450924e-09,1.54224364102042,3.13081806393825
B23,cnn_4::overall_order_sensitive,cv_train,2.0,M_condition,condition_idB23.b_FAR,0.113664634692987,0.357577858724842,0.3178738054373,0.750580663065381,-0.587187968407704,0.814517237793678
B23,cnn_4::overall_order_sensitive,cv_train,2.0,M_condition,condition_idB23.b_SPA,0.044794001094437,0.339477434025774,0.13194986353949,0.895023947994411,-0.62058176959608,0.710169771784954
B23,cnn_4::overall_order_sensitive,cv_train,2.0,M_condition,condition_idB23.b_TUR,-0.160579719930046,0.369757931623864,-0.434283368107424,0.664082679923412,-0.88530526591282,0.564145826052728
B23,cnn_4::overall_order_sensitive,cv_train,2.0,M_condition,condition_idB23.c_noBRP,0.279516031627007,0.429633693932415,0.650591505216015,0.515310215404535,-0.562566008480527,1.12159807173454
B23,cnn_4::overall_order_sensitive,cv_train,2.0,M_condition,condition_idB23.c_noFAR,0.0479695531623004,0.369830719962424,0.129706783598654,0.896798415376059,-0.67689865796405,0.772837764288651
B23,cnn_4::overall_order_sensitive,cv_train,2.0,M_condition,condition_idB23.c_noSPA,0.267247024257593,0.384822133149158,0.694468953931003,0.487388164036101,-0.487004356714757,1.02149840522994
B23,cnn_4::overall_order_sensitive,cv_train,2.0,M_condition,condition_idB23.c_noTUR,0.405811636989582,0.357947003724496,1.1337198880478,0.256912064515286,-0.29576449031043,1.10738776428959
B23,cnn_4::overall_order_sensitive,cv_train,2.0,M_condition,test_talker_idB23.FAR.FAR,-1.00655889323661,0.459808341483938,-2.18908358640938,0.028590765288184,-1.90778324254513,-0.105334543928089
B23,cnn_4::overall_order_sensitive,cv_train,2.0,M_condition,test_talker_idB23.SPA.SPA,-0.951833844876906,0.460783388968105,-2.06568610688957,0.0388581279647102,-1.85496928725439,-0.0486984024994213
B23,cnn_4::overall_order_sensitive,cv_train,2.0,M_condition,test_talker_idB23.TUR.TUR,-2.00036199754424,0.45941732110422,-4.35412838317963,1.33597399488766e-05,-2.90081994690851,-1.09990404817996
B23,cnn_4::overall_order_sensitive,cv_train,2.0,M_joint,(Intercept),-0.0307697298473007,3.44651065051197,-0.0089277918937316,0.992876747313088,-6.78593060485077,6.72439114515617
B23,cnn_4::overall_order_sensitive,cv_train,2.0,M_joint,condition_idB23.b_FAR,2.53721524727137,3.52598433049886,0.719576438648664,0.471785823112002,-4.37371404050641,9.44814453504914
B23,cnn_4::overall_order_sensitive,cv_train,2.0,M_joint,condition_idB23.b_SPA,4.76418938424926,6.84779549668577,0.695726002120691,0.486600438357012,-8.65748978925485,18.1858685577534
B23,cnn_4::overall_order_sensitive,cv_train,2.0,M_joint,condition_idB23.b_TUR,2.42924525999084,3.7671239156886,0.644854088784812,0.5190217463685,-4.95431761475881,9.81280813474049
B23,cnn_4::overall_order_sensitive,cv_train,2.0,M_joint,condition_idB23.c_noBRP,3.50537750935122,4.6915140550888,0.747174039806828,0.454958512225764,-5.68999003862284,12.7007450573253
B23,cnn_4::overall_order_sensitive,cv_train,2.0,M_joint,condition_idB23.c_noFAR,2.26095320062248,3.22435374438985,0.701211275145098,0.483171174378035,-4.05878013838163,8.58068653962659
B23,cnn_4::overall_order_sensitive,cv_train,2.0,M_joint,condition_idB23.c_noSPA,1.97731012262962,2.50281695869552,0.790033851960232,0.429507998790964,-2.92821111641361,6.88283136167285
B23,cnn_4::overall_order_sensitive,cv_train,2.0,M_joint,condition_idB23.c_noTUR,2.70904681831784,3.35260001706277,0.808043549642181,0.41906551242724,-3.86204921512519,9.28014285176086
B23,cnn_4::overall_order_sensitive,cv_train,2.0,M_joint,test_talker_idB23.FAR.FAR,-1.00654489313235,0.459811699286874,-2.18903715302026,0.0285941397464242,-1.90777582373462,-0.105313962530075
B23,cnn_4::overall_order_sensitive,cv_train,2.0,M_joint,test_talker_idB23.SPA.SPA,-0.951822746936155,0.460781136620475,-2.06567211912611,0.0388594496087642,-1.85495377471229,-0.0486917191600242
B23,cnn_4::overall_order_sensitive,cv_train,2.0,M_joint,test_talker_idB23.TUR.TUR,-2.00034902910254,0.459411452743041,-4.35415577291101,1.33580698956721e-05,-2.9007954764789,-1.09990258172618
B23,cnn_4::overall_order_sensitive,cv_train,2.0,M_joint,variability_z,1.3826723515212,2.00690261490274,0.688958368609337,0.490849466453246,-2.55085677368816,5.31620147673057
B23,cnn_4::overall_order_sensitive,cv_train,2.0,M_null,(Intercept),2.44739521514906,0.341564765174436,7.16524496869336,7.76475804105669e-13,1.77792827540716,3.11686215489096
B23,cnn_4::overall_order_sensitive,cv_train,2.0,M_null,test_talker_idB23.FAR.FAR,-1.00647135365458,0.460108566994909,-2.18746492861047,0.028708600779874,-1.9082841449646,-0.104658562344561
B23,cnn_4::overall_order_sensitive,cv_train,2.0,M_null,test_talker_idB23.SPA.SPA,-0.951746563116352,0.46096342754843,-2.06468996505446,0.0389523446811336,-1.85523488111127,-0.0482582451214294
B23,cnn_4::overall_order_sensitive,cv_train,2.0,M_null,test_talker_idB23.TUR.TUR,-2.00026999942614,0.459721463557232,-4.35104766253125,1.3548859356079e-05,-2.90132406799831,-1.09921593085396
B23,cnn_4::overall_order_sensitive,cv_train,2.0,M_predictor,(Intercept),2.44739687055063,0.341464074574897,7.16736269722516,7.64562831671144e-13,1.77812728438383,3.11666645671742
B23,cnn_4::overall_order_sensitive,cv_train,2.0,M_predictor,test_talker_idB23.FAR.FAR,-1.00647172750547,0.460113407214095,-2.18744272982498,0.0287102197158031,-1.9082940056451,-0.104649449365846
B23,cnn_4::overall_order_sensitive,cv_train,2.0,M_predictor,test_talker_idB23.SPA.SPA,-0.951748172202579,0.46080985427762,-2.06538155242919,0.0388869126528006,-1.85493548658672,-0.0485608578184438
B23,cnn_4::overall_order_sensitive,cv_train,2.0,M_predictor,test_talker_idB23.TUR.TUR,-2.00027623516729,0.459580827939444,-4.35239268821468,1.3465978888228e-05,-2.90105465792859,-1.09949781240598
B23,cnn_4::overall_order_sensitive,cv_train,2.0,M_predictor,variability_z,-0.005395289483269,0.0988048168137995,-0.0546055309574292,0.956452732268555,-0.199052730438316,0.188262151471778
B23,cnn_4::overall_order_sensitive,full,,M_condition,(Intercept),2.15500921522717,0.359145093947985,6.00038605995626,1.9684894092453802e-09,1.45108483108912,2.85893359936522
B23,cnn_4::overall_order_sensitive,full,,M_condition,condition_idB23.b_FAR,0.286676132487048,0.290958775835012,0.985280927390235,0.324486098514997,-0.283603068149575,0.856955333123672
B23,cnn_4::overall_order_sensitive,full,,M_condition,condition_idB23.b_SPA,0.265307977241502,0.262815640856884,1.00948321179246,0.312742949024237,-0.24981067883799,0.780426633320995
B23,cnn_4::overall_order_sensitive,full,,M_condition,condition_idB23.b_TUR,-0.183357800279349,0.277239837001576,-0.661368879243376,0.508375778716754,-0.726747880802438,0.360032280243741
B23,cnn_4::overall_order_sensitive,full,,M_condition,condition_idB23.c_noBRP,0.172422097829746,0.291067304196493,0.592378791241177,0.553596965183821,-0.39806981839538,0.742914014054872
B23,cnn_4::overall_order_sensitive,full,,M_condition,condition_idB23.c_noFAR,0.167273314473871,0.299509687100788,0.558490498564682,0.576509490823182,-0.419765672243674,0.754312301191416
B23,cnn_4::overall_order_sensitive,full,,M_condition,condition_idB23.c_noSPA,0.451069413287724,0.309773426631712,1.45612688019234,0.145357548014756,-0.156086502910431,1.05822532948588
B23,cnn_4::overall_order_sensitive,full,,M_condition,condition_idB23.c_noTUR,0.49100146724397,0.291200462338146,1.68612873517286,0.0917710064055328,-0.0797514389387965,1.06175437342674
B23,cnn_4::overall_order_sensitive,full,,M_condition,test_talker_idB23.FAR.FAR,-0.944388756646851,0.433558867313449,-2.1782249836078,0.0293892909240249,-1.79416413658121,-0.0946133767124924
B23,cnn_4::overall_order_sensitive,full,,M_condition,test_talker_idB23.SPA.SPA,-0.917414703022129,0.433954085732105,-2.11408241836092,0.034508228561102,-1.76796471105705,-0.0668646949872029
B23,cnn_4::overall_order_sensitive,full,,M_condition,test_talker_idB23.TUR.TUR,-1.89223710964451,0.433245182340952,-4.36758950075381,1.25625322666186e-05,-2.74139766703278,-1.04307655225624
B23,cnn_4::overall_order_sensitive,full,,M_joint,(Intercept),-2.98937702405902,3.67268497291738,-0.813948663199507,0.415674361101333,-10.1878395709771,4.20908552285905
B23,cnn_4::overall_order_sensitive,full,,M_joint,condition_idB23.b_FAR,5.45943738982691,3.68745585224257,1.48054311931808,0.138728362329228,-1.76797608056853,12.6868508602224
B23,cnn_4::overall_order_sensitive,full,,M_joint,condition_idB23.b_SPA,10.335183566087,7.16675387858112,1.44210108804981,0.149273858172357,-3.71165403593198,24.382021168106
B23,cnn_4::overall_order_sensitive,full,,M_joint,condition_idB23.b_TUR,5.34535235091054,3.93905627913337,1.3570134499542,0.174776936940964,-2.37519795619087,13.065902658012
B23,cnn_4::overall_order_sensitive,full,,M_joint,condition_idB23.c_noBRP,7.02329093309766,4.87860972928227,1.43960909415292,0.149978025253969,-2.53878413629558,16.5853660024909
B23,cnn_4::overall_order_sensitive,full,,M_joint,condition_idB23.c_noFAR,4.85167922031716,3.34274159670984,1.45140719973465,0.146666506112078,-1.70009430923412,11.4034527498684
B23,cnn_4::overall_order_sensitive,full,,M_joint,condition_idB23.c_noSPA,4.11090781522416,2.61897914728611,1.56966038446089,0.116494142219263,-1.0222913134566,9.24410694390493
B23,cnn_4::overall_order_sensitive,full,,M_joint,condition_idB23.c_noTUR,5.3966834257535,3.49810759009762,1.54274369405627,0.122892975838358,-1.45960745083784,12.2529743023448
B23,cnn_4::overall_order_sensitive,full,,M_joint,test_talker_idB23.FAR.FAR,-0.944281672647267,0.433449783910899,-2.17852611236132,0.0293668903502531,-1.79384324911263,-0.0947200961819047
B23,cnn_4::overall_order_sensitive,full,,M_joint,test_talker_idB23.SPA.SPA,-0.917317387249631,0.433737214366035,-2.11491510727391,0.03443718335662,-1.76744232740706,-0.0671924470922028
B23,cnn_4::overall_order_sensitive,full,,M_joint,test_talker_idB23.TUR.TUR,-1.89211481115517,0.433251317382686,-4.36724537292955,1.25823347955271e-05,-2.74128739322523,-1.0429422290851
B23,cnn_4::overall_order_sensitive,full,,M_joint,variability_z,2.99305111636741,2.12969756782376,1.40538786426181,0.159905973467363,-1.18115611656716,7.16725834930198
B23,cnn_4::overall_order_sensitive,full,,M_null,(Intercept),2.3410383984251,0.317712181470546,7.36842505562581,1.72655547077915e-13,1.71832252274283,2.96375427410737
B23,cnn_4::overall_order_sensitive,full,,M_null,test_talker_idB23.FAR.FAR,-0.944266031665579,0.433978682640251,-2.1758350569683,0.0295675962922733,-1.79486424964047,-0.093667813690688
B23,cnn_4::overall_order_sensitive,full,,M_null,test_talker_idB23.SPA.SPA,-0.917289334773626,0.434197924184003,-2.11260644900021,0.0346344662892849,-1.76831726617427,-0.0662614033729813
B23,cnn_4::overall_order_sensitive,full,,M_null,test_talker_idB23.TUR.TUR,-1.89211787855339,0.433608395535599,-4.36365600397618,1.27906652307506e-05,-2.74199033380317,-1.04224542330362
B23,cnn_4::overall_order_sensitive,full,,M_predictor,(Intercept),2.34101593186776,0.317736047709456,7.36780087983102,1.73465615184902e-13,1.71825327835723,2.9637785853783
B23,cnn_4::overall_order_sensitive,full,,M_predictor,test_talker_idB23.FAR.FAR,-0.944230500362714,0.433933261402056,-2.17598092690997,0.0295566867671715,-1.79473969271074,-0.0937213080146838
B23,cnn_4::overall_order_sensitive,full,,M_predictor,test_talker_idB23.SPA.SPA,-0.91725250583764,0.434339003303777,-2.11183545309218,0.0347005652567712,-1.76855695231304,-0.0659480593622361
B23,cnn_4::overall_order_sensitive,full,,M_predictor,test_talker_idB23.TUR.TUR,-1.89206835521588,0.433659835722371,-4.3630241939841,1.28276750965445e-05,-2.74204163323172,-1.04209507720003
B23,cnn_4::overall_order_sensitive,full,,M_predictor,variability_z,-0.0503651162522673,0.0783269388054125,-0.643011421362825,0.520216688878831,-0.203885916310876,0.103155683806341
B23,cnn_5::overall_order_sensitive,cv_train,0.0,M_condition,(Intercept),1.91567003073818,0.351076412940333,5.45656147815251,4.85443249802039e-08,1.22756026137513,2.60377980010124
B23,cnn_5::overall_order_sensitive,cv_train,0.0,M_condition,condition_idB23.b_FAR,0.541177139369604,0.28720148539483,1.88431177027382,0.0595228162420455,-0.021737772004263,1.10409205074347
B23,cnn_5::overall_order_sensitive,cv_train,0.0,M_condition,condition_idB23.b_SPA,0.573274953708191,0.253384275984462,2.26247248958473,0.0236682266692452,0.0766417727786445,1.06990813463774
B23,cnn_5::overall_order_sensitive,cv_train,0.0,M_condition,condition_idB23.b_TUR,-0.192140124239278,0.266060386214119,-0.722167350703041,0.470191593963392,-0.713618481218952,0.329338232740395
B23,cnn_5::overall_order_sensitive,cv_train,0.0,M_condition,condition_idB23.c_noBRP,0.14109828451137,0.275661857067429,0.511852767780113,0.608754056588046,-0.399198955340792,0.681395524363531
B23,cnn_5::overall_order_sensitive,cv_train,0.0,M_condition,condition_idB23.c_noFAR,0.445100864421607,0.287237914344002,1.54958952907778,0.121240067759196,-0.117885447692638,1.00808717653585
B23,cnn_5::overall_order_sensitive,cv_train,0.0,M_condition,condition_idB23.c_noSPA,0.741290661043434,0.321157572919554,2.30818365671582,0.020988923780184,0.111821818121109,1.37075950396576
B23,cnn_5::overall_order_sensitive,cv_train,0.0,M_condition,condition_idB23.c_noTUR,0.822459347968533,0.287862929793649,2.85712143817234,0.0042750224439558,0.258248005572982,1.38667069036408
B23,cnn_5::overall_order_sensitive,cv_train,0.0,M_condition,test_talker_idB23.FAR.FAR,-0.896224577596967,0.426065157276458,-2.1034918305123,0.035422798675847,-1.73131228585882,-0.0611368693351094
B23,cnn_5::overall_order_sensitive,cv_train,0.0,M_condition,test_talker_idB23.SPA.SPA,-0.807836338620394,0.426695468703836,-1.89323861599548,0.0583261441866295,-1.64415945727991,0.0284867800391246
B23,cnn_5::overall_order_sensitive,cv_train,0.0,M_condition,test_talker_idB23.TUR.TUR,-1.80030629393258,0.425714692594678,-4.22890336004128,2.34833185047379e-05,-2.63470709141815,-0.965905496447006
B23,cnn_5::overall_order_sensitive,cv_train,0.0,M_joint,(Intercept),4.31577885601116,2.3249173196023,1.85631498360097,0.0634086746159473,-0.241059090409356,8.87261680243168
B23,cnn_5::overall_order_sensitive,cv_train,0.0,M_joint,condition_idB23.b_FAR,-3.75527738130953,4.12422240056707,-0.910541919561173,0.362536784839405,-11.838753286421,4.32819852380193
B23,cnn_5::overall_order_sensitive,cv_train,0.0,M_joint,condition_idB23.b_SPA,-2.47203263089353,2.92654556735243,-0.844693025958899,0.398282254300648,-8.2080619429043,3.26399668111724
B23,cnn_5::overall_order_sensitive,cv_train,0.0,M_joint,condition_idB23.b_TUR,-3.20559095307406,2.89689476660569,-1.10656106325535,0.268483749494899,-8.88350469562122,2.4723227894731
B23,cnn_5::overall_order_sensitive,cv_train,0.0,M_joint,condition_idB23.c_noBRP,-2.88677523636002,2.91159904678916,-0.991474165903265,0.321454100971453,-8.59350936806677,2.81995889534672
B23,cnn_5::overall_order_sensitive,cv_train,0.0,M_joint,condition_idB23.c_noFAR,-1.59418201028755,1.9725634176685,-0.808177823844982,0.418988221915294,-5.46040630891781,2.27204228834271
B23,cnn_5::overall_order_sensitive,cv_train,0.0,M_joint,condition_idB23.c_noSPA,-1.63175691156447,2.29305335791887,-0.711608783951467,0.476707066143096,-6.12614149308546,2.86262766995651
B23,cnn_5::overall_order_sensitive,cv_train,0.0,M_joint,condition_idB23.c_noTUR,-1.31314969315075,2.06395691576551,-0.636229217344736,0.524627032318674,-5.35850524805115,2.73220586174965
B23,cnn_5::overall_order_sensitive,cv_train,0.0,M_joint,test_talker_idB23.FAR.FAR,-0.896199894483897,0.425934688599836,-2.1040782037029,0.0353716258099694,-1.73103188413958,-0.0613679048282181
B23,cnn_5::overall_order_sensitive,cv_train,0.0,M_joint,test_talker_idB23.SPA.SPA,-0.807813693159649,0.42664117934636,-1.89342644888913,0.0583011808724095,-1.64403040467852,0.0284030183592167
B23,cnn_5::overall_order_sensitive,cv_train,0.0,M_joint,test_talker_idB23.TUR.TUR,-1.80028296224802,0.425612670973265,-4.22986223161835,2.338344720954e-05,-2.63448379735562,-0.966082127140421
B23,cnn_5::overall_order_sensitive,cv_train,0.0,M_joint,variability_z,-1.24912610529289,1.19671245899921,-1.04379802842323,0.296578843978945,-3.59468252493135,1.09643031434556
B23,cnn_5::overall_order_sensitive,cv_train,0.0,M_null,(Intercept),2.2553376408131,0.314257066134918,7.17672849349657,7.13992784334819e-13,1.63939379118866,2.87128149043754
B23,cnn_5::overall_order_sensitive,cv_train,0.0,M_null,test_talker_idB23.FAR.FAR,-0.896260396564136,0.426198654682134,-2.10291700060053,0.0354730254623015,-1.73160975974112,-0.0609110333871522
B23,cnn_5::overall_order_sensitive,cv_train,0.0,M_null,test_talker_idB23.SPA.SPA,-0.80784813294088,0.426822309378151,-1.89270362675713,0.0583972938416885,-1.64441985932206,0.0287235934402955
B23,cnn_5::overall_order_sensitive,cv_train,0.0,M_null,test_talker_idB23.TUR.TUR,-1.80035586065125,0.425870781113444,-4.22746978777037,2.36333896103884e-05,-2.6350625916336,-0.965649129668902
B23,cnn_5::overall_order_sensitive,cv_train,0.0,M_predictor,(Intercept),2.25532118339632,0.313699876959632,7.18942323234172,6.50655909326743e-13,1.64046942455544,2.8701729422372
B23,cnn_5::overall_order_sensitive,cv_train,0.0,M_predictor,test_talker_idB23.FAR.FAR,-0.896252507313102,0.425864823404432,-2.10454693146129,0.0353307652573052,-1.73094756118579,-0.0615574534404164
B23,cnn_5::overall_order_sensitive,cv_train,0.0,M_predictor,test_talker_idB23.SPA.SPA,-0.807840422712122,0.426492902671592,-1.89414739999595,0.0582054476329671,-1.64376651194844,0.0280856665241985
B23,cnn_5::overall_order_sensitive,cv_train,0.0,M_predictor,test_talker_idB23.TUR.TUR,-1.80034343695986,0.425517375542135,-4.23095163779415,2.32704705347993e-05,-2.63435749302245,-0.966329380897278
B23,cnn_5::overall_order_sensitive,cv_train,0.0,M_predictor,variability_z,-0.104338770977156,0.0839734057568976,-1.24252160593814,0.214044173869545,-0.268926646260675,0.0602491043063635
B23,cnn_5::overall_order_sensitive,cv_train,1.0,M_condition,(Intercept),2.20389578083479,0.392258439434487,5.61847893957901,1.92645871682162e-08,1.4350692395432,2.97272232212639
B23,cnn_5::overall_order_sensitive,cv_train,1.0,M_condition,condition_idB23.b_FAR,0.22063795905533,0.41326266674962,0.533892792181507,0.593415709164046,-0.589356867773924,1.03063278588458
B23,cnn_5::overall_order_sensitive,cv_train,1.0,M_condition,condition_idB23.b_SPA,0.165809597157594,0.358122552063395,0.462996804312515,0.643366657734277,-0.53611060488666,0.867729799201849
B23,cnn_5::overall_order_sensitive,cv_train,1.0,M_condition,condition_idB23.b_TUR,-0.189919980448583,0.367682610568743,-0.516532397751442,0.605482617386403,-0.91057789716332,0.530737936266154
B23,cnn_5::overall_order_sensitive,cv_train,1.0,M_condition,condition_idB23.c_noBRP,0.1582032902105,0.367790302781308,0.430145354605964,0.667089909601433,-0.562665703240862,0.879072283661863
B23,cnn_5::overall_order_sensitive,cv_train,1.0,M_condition,condition_idB23.c_noFAR,-0.0343556135612886,0.438169862940341,-0.0784070664530534,0.937504252621459,-0.893168544924357,0.82445731780178
B23,cnn_5::overall_order_sensitive,cv_train,1.0,M_condition,condition_idB23.c_noSPA,0.373275425698481,0.413492363751051,0.90273837783185,0.366664762904964,-0.437169607253579,1.18372045865054
B23,cnn_5::overall_order_sensitive,cv_train,1.0,M_condition,condition_idB23.c_noTUR,0.20611998666136,0.413161951494308,0.498884241193732,0.617860936453273,-0.603677438267485,1.0159174115902
B23,cnn_5::overall_order_sensitive,cv_train,1.0,M_condition,test_talker_idB23.FAR.FAR,-0.907683509207791,0.422210624414888,-2.14983578507927,0.0315682064893159,-1.73521633306097,-0.0801506853546107
B23,cnn_5::overall_order_sensitive,cv_train,1.0,M_condition,test_talker_idB23.SPA.SPA,-0.962341389360373,0.422657393394924,-2.27688289474964,0.0227932196053814,-1.79074988041442,-0.133932898306322
B23,cnn_5::overall_order_sensitive,cv_train,1.0,M_condition,test_talker_idB23.TUR.TUR,-1.85405947564124,0.422016013480909,-4.39333915400136,1.11622782673972e-05,-2.68121086206383,-1.02690808921866
B23,cnn_5::overall_order_sensitive,cv_train,1.0,M_joint,(Intercept),-6.05078078891499,2.75991519147929,-2.19237924686803,0.0283521338728259,-11.4602145642144,-0.641347013615592
B23,cnn_5::overall_order_sensitive,cv_train,1.0,M_joint,condition_idB23.b_FAR,14.8372887491214,4.86039457240099,3.05269223066223,0.0022679841613066,5.31091538721541,24.3636621110273
B23,cnn_5::overall_order_sensitive,cv_train,1.0,M_joint,condition_idB23.b_SPA,10.5258377887367,3.44835440266731,3.0524234343764,0.0022700163386535,3.76706315950879,17.2846124179647
B23,cnn_5::overall_order_sensitive,cv_train,1.0,M_joint,condition_idB23.b_TUR,10.1351142146861,3.43810117421784,2.94788131620119,0.0031995987794258,3.39643591321918,16.8737925161531
B23,cnn_5::overall_order_sensitive,cv_train,1.0,M_joint,condition_idB23.c_noBRP,10.4702335220195,3.43414300458275,3.04886357616655,0.0022970876928898,3.73931323303732,17.2011538110017
B23,cnn_5::overall_order_sensitive,cv_train,1.0,M_joint,condition_idB23.c_noFAR,6.97491647363091,2.35591435403237,2.96059848767112,0.0030704193371092,2.35732433972747,11.5925086075343
B23,cnn_5::overall_order_sensitive,cv_train,1.0,M_joint,condition_idB23.c_noSPA,8.44372110884173,2.70075349784305,3.12643161087648,0.0017694165340896,3.15024425306936,13.7371979646141
B23,cnn_5::overall_order_sensitive,cv_train,1.0,M_joint,condition_idB23.c_noTUR,7.37818192896121,2.40529344812348,3.06747683311464,0.002158741932934,2.66380677063919,12.0925570872832
B23,cnn_5::overall_order_sensitive,cv_train,1.0,M_joint,test_talker_idB23.FAR.FAR,-0.907674673047157,0.422003977216764,-2.15086757957479,0.031486653138018,-1.73480246839201,-0.0805468777023001
B23,cnn_5::overall_order_sensitive,cv_train,1.0,M_joint,test_talker_idB23.SPA.SPA,-0.962324143668337,0.422321206023775,-2.27865456420903,0.0226876076497531,-1.79007370747494,-0.134574579861737
B23,cnn_5::overall_order_sensitive,cv_train,1.0,M_joint,test_talker_idB23.TUR.TUR,-1.85405419444608,0.421654666411459,-4.39709160632616,1.09711049546867e-05,-2.68049734061254,-1.02761104827963
B23,cnn_5::overall_order_sensitive,cv_train,1.0,M_joint,variability_z,4.17517797979682,1.38666599959378,3.0109471069601,0.0026043421437573,1.45731262059301,6.89304333900063
B23,cnn_5::overall_order_sensitive,cv_train,1.0,M_null,(Intercept),2.30233127300746,0.317515818700865,7.25107581230938,4.13474152531138e-13,1.68000026835376,2.92466227766115
B23,cnn_5::overall_order_sensitive,cv_train,1.0,M_null,test_talker_idB23.FAR.FAR,-0.907610592227868,0.422166233012951,-2.14988912246808,0.0315639862496196,-1.73505640893325,-0.0801647755224845
B23,cnn_5::overall_order_sensitive,cv_train,1.0,M_null,test_talker_idB23.SPA.SPA,-0.962261837040432,0.42263165633941,-2.27683331952695,0.0227961809943197,-1.79061988346568,-0.133903790615189
B23,cnn_5::overall_order_sensitive,cv_train,1.0,M_null,test_talker_idB23.TUR.TUR,-1.8539978598329,0.421879642134164,-4.39461323721162,1.10970147029422e-05,-2.68088195841586,-1.02711376124993
B23,cnn_5::overall_order_sensitive,cv_train,1.0,M_predictor,(Intercept),2.30233145505553,0.31761285496688,7.24886105537389,4.20290759372996e-13,1.67981025932045,2.92485265079061
B23,cnn_5::overall_order_sensitive,cv_train,1.0,M_predictor,test_talker_idB23.FAR.FAR,-0.907611816395868,0.422360048400342,-2.14890546545153,0.0316418944881867,-1.73543751126054,-0.0797861215311978
B23,cnn_5::overall_order_sensitive,cv_train,1.0,M_predictor,test_talker_idB23.SPA.SPA,-0.962266988929246,0.422729161512267,-2.27632034063333,0.0228268435542126,-1.79081614549329,-0.133717832365202
B23,cnn_5::overall_order_sensitive,cv_train,1.0,M_predictor,test_talker_idB23.TUR.TUR,-1.85399872738114,0.422008112773455,-4.39327745430432,1.11654480532211e-05,-2.68113462841711,-1.02686282634517
B23,cnn_5::overall_order_sensitive,cv_train,1.0,M_predictor,variability_z,-0.026759509022964,0.104631355944178,-0.255750379811962,0.798143590994668,-0.231836966673553,0.178317948627624
B23,cnn_5::overall_order_sensitive,cv_train,2.0,M_condition,(Intercept),2.33653085247934,0.405248577274958,5.7656731781541,8.13325366450924e-09,1.54224364102042,3.13081806393825
B23,cnn_5::overall_order_sensitive,cv_train,2.0,M_condition,condition_idB23.b_FAR,0.113664634692987,0.357577858724842,0.3178738054373,0.750580663065381,-0.587187968407704,0.814517237793678
B23,cnn_5::overall_order_sensitive,cv_train,2.0,M_condition,condition_idB23.b_SPA,0.044794001094437,0.339477434025774,0.13194986353949,0.895023947994411,-0.62058176959608,0.710169771784954
B23,cnn_5::overall_order_sensitive,cv_train,2.0,M_condition,condition_idB23.b_TUR,-0.160579719930046,0.369757931623864,-0.434283368107424,0.664082679923412,-0.88530526591282,0.564145826052728
B23,cnn_5::overall_order_sensitive,cv_train,2.0,M_condition,condition_idB23.c_noBRP,0.279516031627007,0.429633693932415,0.650591505216015,0.515310215404535,-0.562566008480527,1.12159807173454
B23,cnn_5::overall_order_sensitive,cv_train,2.0,M_condition,condition_idB23.c_noFAR,0.0479695531623004,0.369830719962424,0.129706783598654,0.896798415376059,-0.67689865796405,0.772837764288651
B23,cnn_5::overall_order_sensitive,cv_train,2.0,M_condition,condition_idB23.c_noSPA,0.267247024257593,0.384822133149158,0.694468953931003,0.487388164036101,-0.487004356714757,1.02149840522994
B23,cnn_5::overall_order_sensitive,cv_train,2.0,M_condition,condition_idB23.c_noTUR,0.405811636989582,0.357947003724496,1.1337198880478,0.256912064515286,-0.29576449031043,1.10738776428959
B23,cnn_5::overall_order_sensitive,cv_train,2.0,M_condition,test_talker_idB23.FAR.FAR,-1.00655889323661,0.459808341483938,-2.18908358640938,0.028590765288184,-1.90778324254513,-0.105334543928089
B23,cnn_5::overall_order_sensitive,cv_train,2.0,M_condition,test_talker_idB23.SPA.SPA,-0.951833844876906,0.460783388968105,-2.06568610688957,0.0388581279647102,-1.85496928725439,-0.0486984024994213
B23,cnn_5::overall_order_sensitive,cv_train,2.0,M_condition,test_talker_idB23.TUR.TUR,-2.00036199754424,0.45941732110422,-4.35412838317963,1.33597399488766e-05,-2.90081994690851,-1.09990404817996
B23,cnn_5::overall_order_sensitive,cv_train,2.0,M_joint,(Intercept),1.80157257341452,2.71445405657564,0.663696100897451,0.506884835421842,-3.51875737747373,7.12190252430278
B23,cnn_5::overall_order_sensitive,cv_train,2.0,M_joint,condition_idB23.b_FAR,1.05981183895654,4.76607706615997,0.222365652977246,0.824029247444953,-8.281699210717,10.4013228886301
B23,cnn_5::overall_order_sensitive,cv_train,2.0,M_joint,condition_idB23.b_SPA,0.720856461958517,3.41112210150028,0.211325317742649,0.83263342829985,-5.96494285698202,7.40665578089906
B23,cnn_5::overall_order_sensitive,cv_train,2.0,M_joint,condition_idB23.b_TUR,0.51214067873875,3.39774271791447,0.150729681808604,0.880188958031402,-6.1474350483736,7.1717164058511
B23,cnn_5::overall_order_sensitive,cv_train,2.0,M_joint,condition_idB23.c_noBRP,0.960000280272551,3.44243053640725,0.278872810974559,0.780342434794824,-5.78716357108566,7.70716413163077
B23,cnn_5::overall_order_sensitive,cv_train,2.0,M_joint,condition_idB23.c_noFAR,0.511699618452985,2.35548981712166,0.217237032711212,0.828023625787424,-4.10506042310548,5.12845966001145
B23,cnn_5::overall_order_sensitive,cv_train,2.0,M_joint,condition_idB23.c_noSPA,0.785208831454839,2.62652025561922,0.298954036152948,0.764975116399133,-4.36277086955884,5.93318853246852
B23,cnn_5::overall_order_sensitive,cv_train,2.0,M_joint,condition_idB23.c_noTUR,0.884326089351657,2.42665775589229,0.36442142992945,0.715543335299366,-3.87192311219722,5.64057529090054
B23,cnn_5::overall_order_sensitive,cv_train,2.0,M_joint,test_talker_idB23.FAR.FAR,-1.00657032545035,0.459956769911806,-2.18840202231038,0.0286403311085852,-1.90808559447749,-0.105055056423207
B23,cnn_5::overall_order_sensitive,cv_train,2.0,M_joint,test_talker_idB23.SPA.SPA,-0.95184761728153,0.460806448511822,-2.06561262403234,0.0388650714728439,-1.8550282563647,-0.0486669781983587
B23,cnn_5::overall_order_sensitive,cv_train,2.0,M_joint,test_talker_idB23.TUR.TUR,-2.00038977886758,0.459617480658199,-4.35229264126965,1.34721270929514e-05,-2.90124004095765,-1.09953951677751
B23,cnn_5::overall_order_sensitive,cv_train,2.0,M_joint,variability_z,0.277425569016468,1.39615424479341,0.198706962394058,0.842491977429367,-2.45903675077862,3.01388788881156
B23,cnn_5::overall_order_sensitive,cv_train,2.0,M_null,(Intercept),2.44739521514906,0.341564765174436,7.16524496869336,7.76475804105669e-13,1.77792827540716,3.11686215489096
B23,cnn_5::overall_order_sensitive,cv_train,2.0,M_null,test_talker_idB23.FAR.FAR,-1.00647135365458,0.460108566994909,-2.18746492861047,0.028708600779874,-1.9082841449646,-0.104658562344561
B23,cnn_5::overall_order_sensitive,cv_train,2.0,M_null,test_talker_idB23.SPA.SPA,-0.951746563116352,0.46096342754843,-2.06468996505446,0.0389523446811336,-1.85523488111127,-0.0482582451214294
B23,cnn_5::overall_order_sensitive,cv_train,2.0,M_null,test_talker_idB23.TUR.TUR,-2.00026999942614,0.459721463557232,-4.35104766253125,1.3548859356079e-05,-2.90132406799831,-1.09921593085396
B23,cnn_5::overall_order_sensitive,cv_train,2.0,M_predictor,(Intercept),2.44739463022301,0.341512390463569,7.16634212568663,7.70281340101511e-13,1.77803034491442,3.11675891553161
B23,cnn_5::overall_order_sensitive,cv_train,2.0,M_predictor,test_talker_idB23.FAR.FAR,-1.00647175666498,0.459986561907071,-2.18804599963142,0.0286662517842912,-1.90804541800284,-0.104898095327116
B23,cnn_5::overall_order_sensitive,cv_train,2.0,M_predictor,test_talker_idB23.SPA.SPA,-0.951756162190495,0.460971332537221,-2.06467538220209,0.0389537253909394,-1.85525997396345,-0.0482523504175424
B23,cnn_5::overall_order_sensitive,cv_train,2.0,M_predictor,test_talker_idB23.TUR.TUR,-2.00027835124135,0.459670295222614,-4.35155016982908,1.35178380845062e-05,-2.90123212987767,-1.09932457260503
B23,cnn_5::overall_order_sensitive,cv_train,2.0,M_predictor,variability_z,-0.0124790777250262,0.0987382477483803,-0.126385448492334,0.899426820206658,-0.206006043311852,0.181047887861799
B23,cnn_5::overall_order_sensitive,full,,M_condition,(Intercept),2.15500921522717,0.359145093947985,6.00038605995626,1.9684894092453802e-09,1.45108483108912,2.85893359936522
B23,cnn_5::overall_order_sensitive,full,,M_condition,condition_idB23.b_FAR,0.286676132487048,0.290958775835012,0.985280927390235,0.324486098514997,-0.283603068149575,0.856955333123672
B23,cnn_5::overall_order_sensitive,full,,M_condition,condition_idB23.b_SPA,0.265307977241502,0.262815640856884,1.00948321179246,0.312742949024237,-0.24981067883799,0.780426633320995
B23,cnn_5::overall_order_sensitive,full,,M_condition,condition_idB23.b_TUR,-0.183357800279349,0.277239837001576,-0.661368879243376,0.508375778716754,-0.726747880802438,0.360032280243741
B23,cnn_5::overall_order_sensitive,full,,M_condition,condition_idB23.c_noBRP,0.172422097829746,0.291067304196493,0.592378791241177,0.553596965183821,-0.39806981839538,0.742914014054872
B23,cnn_5::overall_order_sensitive,full,,M_condition,condition_idB23.c_noFAR,0.167273314473871,0.299509687100788,0.558490498564682,0.576509490823182,-0.419765672243674,0.754312301191416
B23,cnn_5::overall_order_sensitive,full,,M_condition,condition_idB23.c_noSPA,0.451069413287724,0.309773426631712,1.45612688019234,0.145357548014756,-0.156086502910431,1.05822532948588
B23,cnn_5::overall_order_sensitive,full,,M_condition,condition_idB23.c_noTUR,0.49100146724397,0.291200462338146,1.68612873517286,0.0917710064055328,-0.0797514389387965,1.06175437342674
B23,cnn_5::overall_order_sensitive,full,,M_condition,test_talker_idB23.FAR.FAR,-0.944388756646851,0.433558867313449,-2.1782249836078,0.0293892909240249,-1.79416413658121,-0.0946133767124924
B23,cnn_5::overall_order_sensitive,full,,M_condition,test_talker_idB23.SPA.SPA,-0.917414703022129,0.433954085732105,-2.11408241836092,0.034508228561102,-1.76796471105705,-0.0668646949872029
B23,cnn_5::overall_order_sensitive,full,,M_condition,test_talker_idB23.TUR.TUR,-1.89223710964451,0.433245182340952,-4.36758950075381,1.25625322666186e-05,-2.74139766703278,-1.04307655225624
B23,cnn_5::overall_order_sensitive,full,,M_joint,(Intercept),0.761055722121326,2.04143830644616,0.372803684401421,0.709294560469672,-3.24016335851316,4.76227480275581
B23,cnn_5::overall_order_sensitive,full,,M_joint,condition_idB23.b_FAR,2.76190915135132,3.58357993187918,0.770712305530467,0.440877476405475,-4.26190751513188,9.78572581783451
B23,cnn_5::overall_order_sensitive,full,,M_joint,condition_idB23.b_SPA,2.02545619739208,2.55240172531711,0.793549141305505,0.427457950381256,-2.97725118422945,7.02816357901361
B23,cnn_5::overall_order_sensitive,full,,M_joint,condition_idB23.b_TUR,1.56583488155276,2.5380254711441,0.616950026449858,0.537267688316626,-3.40869504188967,6.54036480499519
B23,cnn_5::overall_order_sensitive,full,,M_joint,condition_idB23.c_noBRP,1.9285004462708,2.54927943327796,0.756488449675779,0.449356394930309,-3.06808724295401,6.9250881354956
B23,cnn_5::overall_order_sensitive,full,,M_joint,condition_idB23.c_noFAR,1.36039407617337,1.74382430832421,0.780121064765229,0.435319618597417,-2.05750156814208,4.77828972048883
B23,cnn_5::overall_order_sensitive,full,,M_joint,condition_idB23.c_noSPA,1.81324403260514,1.98747383050975,0.912336054326855,0.361591840267966,-2.08220467519396,5.70869274040425
B23,cnn_5::overall_order_sensitive,full,,M_joint,condition_idB23.c_noTUR,1.72542212108713,1.80174016640955,0.957642035879955,0.338243294676385,-1.80598860507558,5.25683284724984
B23,cnn_5::overall_order_sensitive,full,,M_joint,test_talker_idB23.FAR.FAR,-0.94441963895472,0.433242267903419,-2.179888041684,0.0292657615668435,-1.79357448404542,-0.0952647938640178
B23,cnn_5::overall_order_sensitive,full,,M_joint,test_talker_idB23.SPA.SPA,-0.917443096659669,0.4336530609183,-2.115615406281,0.0343775304686928,-1.76740309605954,-0.0674830972598017
B23,cnn_5::overall_order_sensitive,full,,M_joint,test_talker_idB23.TUR.TUR,-1.89227562142533,0.433118906546071,-4.36895178858705,1.24844321220682e-05,-2.74118867825563,-1.04336256459503
B23,cnn_5::overall_order_sensitive,full,,M_joint,variability_z,0.718205167808139,1.03856430673666,0.691536540539179,0.489228425800016,-1.31738087339571,2.75379120901199
B23,cnn_5::overall_order_sensitive,full,,M_null,(Intercept),2.3410383984251,0.317712181470546,7.36842505562581,1.72655547077915e-13,1.71832252274283,2.96375427410737
B23,cnn_5::overall_order_sensitive,full,,M_null,test_talker_idB23.FAR.FAR,-0.944266031665579,0.433978682640251,-2.1758350569683,0.0295675962922733,-1.79486424964047,-0.093667813690688
B23,cnn_5::overall_order_sensitive,full,,M_null,test_talker_idB23.SPA.SPA,-0.917289334773626,0.434197924184003,-2.11260644900021,0.0346344662892849,-1.76831726617427,-0.0662614033729813
B23,cnn_5::overall_order_sensitive,full,,M_null,test_talker_idB23.TUR.TUR,-1.89211787855339,0.433608395535599,-4.36365600397618,1.27906652307506e-05,-2.74199033380317,-1.04224542330362
B23,cnn_5::overall_order_sensitive,full,,M_predictor,(Intercept),2.34103002986478,0.317504956557304,7.37320782405569,1.66570511063751e-13,1.71872031501246,2.96333974471709
B23,cnn_5::overall_order_sensitive,full,,M_predictor,test_talker_idB23.FAR.FAR,-0.944265101964931,0.433627698768272,-2.17759406201941,0.0294362720221773,-1.79417539155075,-0.0943548123791176
B23,cnn_5::overall_order_sensitive,full,,M_predictor,test_talker_idB23.SPA.SPA,-0.917294445518582,0.434107089699307,-2.11306027310902,0.0345956093775684,-1.76814434132922,-0.0664445497079394
B23,cnn_5::overall_order_sensitive,full,,M_predictor,test_talker_idB23.TUR.TUR,-1.89211089379166,0.433404705508654,-4.36569070372928,1.26721686811768e-05,-2.74158411658862,-1.0426376709947
B23,cnn_5::overall_order_sensitive,full,,M_predictor,variability_z,-0.0476635373249476,0.0782842392430973,-0.608852277109537,0.542622358943404,-0.201100646241418,0.105773571591523
B23,cnn_6::overall_order_sensitive,cv_train,0.0,M_condition,(Intercept),1.91567003073818,0.351076412940333,5.45656147815251,4.85443249802039e-08,1.22756026137513,2.60377980010124
B23,cnn_6::overall_order_sensitive,cv_train,0.0,M_condition,condition_idB23.b_FAR,0.541177139369604,0.28720148539483,1.88431177027382,0.0595228162420455,-0.021737772004263,1.10409205074347
B23,cnn_6::overall_order_sensitive,cv_train,0.0,M_condition,condition_idB23.b_SPA,0.573274953708191,0.253384275984462,2.26247248958473,0.0236682266692452,0.0766417727786445,1.06990813463774
B23,cnn_6::overall_order_sensitive,cv_train,0.0,M_condition,condition_idB23.b_TUR,-0.192140124239278,0.266060386214119,-0.722167350703041,0.470191593963392,-0.713618481218952,0.329338232740395
B23,cnn_6::overall_order_sensitive,cv_train,0.0,M_condition,condition_idB23.c_noBRP,0.14109828451137,0.275661857067429,0.511852767780113,0.608754056588046,-0.399198955340792,0.681395524363531
B23,cnn_6::overall_order_sensitive,cv_train,0.0,M_condition,condition_idB23.c_noFAR,0.445100864421607,0.287237914344002,1.54958952907778,0.121240067759196,-0.117885447692638,1.00808717653585
B23,cnn_6::overall_order_sensitive,cv_train,0.0,M_condition,condition_idB23.c_noSPA,0.741290661043434,0.321157572919554,2.30818365671582,0.020988923780184,0.111821818121109,1.37075950396576
B23,cnn_6::overall_order_sensitive,cv_train,0.0,M_condition,condition_idB23.c_noTUR,0.822459347968533,0.287862929793649,2.85712143817234,0.0042750224439558,0.258248005572982,1.38667069036408
B23,cnn_6::overall_order_sensitive,cv_train,0.0,M_condition,test_talker_idB23.FAR.FAR,-0.896224577596967,0.426065157276458,-2.1034918305123,0.035422798675847,-1.73131228585882,-0.0611368693351094
B23,cnn_6::overall_order_sensitive,cv_train,0.0,M_condition,test_talker_idB23.SPA.SPA,-0.807836338620394,0.426695468703836,-1.89323861599548,0.0583261441866295,-1.64415945727991,0.0284867800391246
B23,cnn_6::overall_order_sensitive,cv_train,0.0,M_condition,test_talker_idB23.TUR.TUR,-1.80030629393258,0.425714692594678,-4.22890336004128,2.34833185047379e-05,-2.63470709141815,-0.965905496447006
B23,cnn_6::overall_order_sensitive,cv_train,0.0,M_joint,(Intercept),-1.45689812910066,6.48321373684444,-0.224718509713945,0.822198264191256,-14.1639970533158,11.2502007951144
B23,cnn_6::overall_order_sensitive,cv_train,0.0,M_joint,condition_idB23.b_FAR,6.34753755233711,11.1526713079787,0.569149522751201,0.569254672888213,-15.5116982113012,28.2067733159754
B23,cnn_6::overall_order_sensitive,cv_train,0.0,M_joint,condition_idB23.b_SPA,5.14872781508507,8.78849880530213,0.585848383113942,0.557977406688656,-12.0767298433071,22.3741854734772
B23,cnn_6::overall_order_sensitive,cv_train,0.0,M_joint,condition_idB23.b_TUR,3.76954431549225,7.61138024315125,0.495251083912685,0.620422895317709,-11.1487609610842,18.6878495920687
B23,cnn_6::overall_order_sensitive,cv_train,0.0,M_joint,condition_idB23.c_noBRP,4.7076627360614,8.77159168375172,0.536694240428651,0.59147883512323,-12.484656964092,21.8999824362148
B23,cnn_6::overall_order_sensitive,cv_train,0.0,M_joint,condition_idB23.c_noFAR,3.1552902271115,5.21145105320866,0.605453297919551,0.544877846673907,-7.05915383717748,13.3697342914005
B23,cnn_6::overall_order_sensitive,cv_train,0.0,M_joint,condition_idB23.c_noSPA,3.964289604296,6.19398988595142,0.640021969245929,0.52215831674049,-8.17593057216879,16.1045097807608
B23,cnn_6::overall_order_sensitive,cv_train,0.0,M_joint,condition_idB23.c_noTUR,3.81789550170717,5.75604272451297,0.663284774702608,0.507148185811096,-7.46394823833825,15.0997392417526
B23,cnn_6::overall_order_sensitive,cv_train,0.0,M_joint,test_talker_idB23.FAR.FAR,-0.89623616714018,0.426164250397549,-2.10302991464939,0.0354631546034386,-1.73151809791938,-0.0609542363609837
B23,cnn_6::overall_order_sensitive,cv_train,0.0,M_joint,test_talker_idB23.SPA.SPA,-0.807848156550056,0.426773496664465,-1.8929201622499,0.0583684875250359,-1.64432421001241,0.0286278969122951
B23,cnn_6::overall_order_sensitive,cv_train,0.0,M_joint,test_talker_idB23.TUR.TUR,-1.80031717457884,0.425863228387271,-4.22745392082002,2.3635055710134e-05,-2.63500910221789,-0.96562524693979
B23,cnn_6::overall_order_sensitive,cv_train,0.0,M_joint,variability_z,1.75991160431229,3.37976396962369,0.520720269264319,0.602561652246727,-4.86442577615014,8.38424898477472
B23,cnn_6::overall_order_sensitive,cv_train,0.0,M_null,(Intercept),2.2553376408131,0.314257066134918,7.17672849349657,7.13992784334819e-13,1.63939379118866,2.87128149043754
B23,cnn_6::overall_order_sensitive,cv_train,0.0,M_null,test_talker_idB23.FAR.FAR,-0.896260396564136,0.426198654682134,-2.10291700060053,0.0354730254623015,-1.73160975974112,-0.0609110333871522
B23,cnn_6::overall_order_sensitive,cv_train,0.0,M_null,test_talker_idB23.SPA.SPA,-0.80784813294088,0.426822309378151,-1.89270362675713,0.0583972938416885,-1.64441985932206,0.0287235934402955
B23,cnn_6::overall_order_sensitive,cv_train,0.0,M_null,test_talker_idB23.TUR.TUR,-1.80035586065125,0.425870781113444,-4.22746978777037,2.36333896103884e-05,-2.6350625916336,-0.965649129668902
B23,cnn_6::overall_order_sensitive,cv_train,0.0,M_predictor,(Intercept),2.25532806965859,0.314076648259203,7.18082061228982,6.92942251763231e-13,1.63973783907055,2.87091830024662
B23,cnn_6::overall_order_sensitive,cv_train,0.0,M_predictor,test_talker_idB23.FAR.FAR,-0.896252201913484,0.42641158995096,-2.10184765854173,0.0355666227982008,-1.73201891821737,-0.060485485609602
B23,cnn_6::overall_order_sensitive,cv_train,0.0,M_predictor,test_talker_idB23.SPA.SPA,-0.80784571279509,0.427039199133732,-1.89173667062378,0.0585260748475929,-1.6448425430972,0.0291511175070239
B23,cnn_6::overall_order_sensitive,cv_train,0.0,M_predictor,test_talker_idB23.TUR.TUR,-1.80034677554928,0.425977281584421,-4.2263915316162,2.3746865874192e-05,-2.63526224745475,-0.965431303643819
B23,cnn_6::overall_order_sensitive,cv_train,0.0,M_predictor,variability_z,-0.107427885092941,0.0839236981209783,-1.28006614935011,0.200521872507321,-0.271918333410059,0.0570625632241761
B23,cnn_6::overall_order_sensitive,cv_train,1.0,M_condition,(Intercept),2.20389578083479,0.392258439434487,5.61847893957901,1.92645871682162e-08,1.4350692395432,2.97272232212639
B23,cnn_6::overall_order_sensitive,cv_train,1.0,M_condition,condition_idB23.b_FAR,0.22063795905533,0.41326266674962,0.533892792181507,0.593415709164046,-0.589356867773924,1.03063278588458
B23,cnn_6::overall_order_sensitive,cv_train,1.0,M_condition,condition_idB23.b_SPA,0.165809597157594,0.358122552063395,0.462996804312515,0.643366657734277,-0.53611060488666,0.867729799201849
B23,cnn_6::overall_order_sensitive,cv_train,1.0,M_condition,condition_idB23.b_TUR,-0.189919980448583,0.367682610568743,-0.516532397751442,0.605482617386403,-0.91057789716332,0.530737936266154
B23,cnn_6::overall_order_sensitive,cv_train,1.0,M_condition,condition_idB23.c_noBRP,0.1582032902105,0.367790302781308,0.430145354605964,0.667089909601433,-0.562665703240862,0.879072283661863
B23,cnn_6::overall_order_sensitive,cv_train,1.0,M_condition,condition_idB23.c_noFAR,-0.0343556135612886,0.438169862940341,-0.0784070664530534,0.937504252621459,-0.893168544924357,0.82445731780178
B23,cnn_6::overall_order_sensitive,cv_train,1.0,M_condition,condition_idB23.c_noSPA,0.373275425698481,0.413492363751051,0.90273837783185,0.366664762904964,-0.437169607253579,1.18372045865054
B23,cnn_6::overall_order_sensitive,cv_train,1.0,M_condition,condition_idB23.c_noTUR,0.20611998666136,0.413161951494308,0.498884241193732,0.617860936453273,-0.603677438267485,1.0159174115902
B23,cnn_6::overall_order_sensitive,cv_train,1.0,M_condition,test_talker_idB23.FAR.FAR,-0.907683509207791,0.422210624414888,-2.14983578507927,0.0315682064893159,-1.73521633306097,-0.0801506853546107
B23,cnn_6::overall_order_sensitive,cv_train,1.0,M_condition,test_talker_idB23.SPA.SPA,-0.962341389360373,0.422657393394924,-2.27688289474964,0.0227932196053814,-1.79074988041442,-0.133932898306322
B23,cnn_6::overall_order_sensitive,cv_train,1.0,M_condition,test_talker_idB23.TUR.TUR,-1.85405947564124,0.422016013480909,-4.39333915400136,1.11622782673972e-05,-2.68121086206383,-1.02690808921866
B23,cnn_6::overall_order_sensitive,cv_train,1.0,M_joint,(Intercept),-19.769880338778,4.28641092521789,-4.61222236591166,3.98386468758798e-06,-28.1712457522051,-11.368514925351
B23,cnn_6::overall_order_sensitive,cv_train,1.0,M_joint,condition_idB23.b_FAR,37.6571963673394,7.29283251761443,5.16358990507264,2.42258141631366e-07,23.3632446328151,51.9511481018637
B23,cnn_6::overall_order_sensitive,cv_train,1.0,M_joint,condition_idB23.b_SPA,29.6449507255608,5.74113725887984,5.16360250396537,2.42241828583749e-07,18.3923216981563,40.8975797529653
B23,cnn_6::overall_order_sensitive,cv_train,1.0,M_joint,condition_idB23.b_TUR,25.3828695148718,4.98238540361851,5.09452149093831,3.49623175400894e-07,15.6173941237795,35.1483449059641
B23,cnn_6::overall_order_sensitive,cv_train,1.0,M_joint,condition_idB23.c_noBRP,29.5896264125375,5.73299121104919,5.16128933801772,2.45254773888291e-07,18.3529636388811,40.8262891861939
B23,cnn_6::overall_order_sensitive,cv_train,1.0,M_joint,condition_idB23.c_noFAR,17.3563604300955,3.40295155161281,5.10038423023375,3.38964660392907e-07,10.6865753889343,24.0261454712566
B23,cnn_6::overall_order_sensitive,cv_train,1.0,M_joint,condition_idB23.c_noSPA,20.9856611560913,4.0233488679614,5.21596854878871,1.82859203370405e-07,13.099897374887,28.8714249372957
B23,cnn_6::overall_order_sensitive,cv_train,1.0,M_joint,condition_idB23.c_noTUR,19.4269952951836,3.75409562573992,5.17488024598591,2.28057207392053e-07,12.0689678687334,26.7850227216339
B23,cnn_6::overall_order_sensitive,cv_train,1.0,M_joint,test_talker_idB23.FAR.FAR,-0.907705426833097,0.422131779806364,-2.15028924675956,0.0315323424524254,-1.73508371525357,-0.0803271384126237
B23,cnn_6::overall_order_sensitive,cv_train,1.0,M_joint,test_talker_idB23.SPA.SPA,-0.962353227242075,0.422474278556391,-2.27789779422896,0.0227326677393311,-1.7904028132126,-0.134303641271549
B23,cnn_6::overall_order_sensitive,cv_train,1.0,M_joint,test_talker_idB23.TUR.TUR,-1.85408902863785,0.421874263268079,-4.39488537242119,1.10831221589393e-05,-2.68096258464328,-1.02721547263241
B23,cnn_6::overall_order_sensitive,cv_train,1.0,M_joint,variability_z,11.1688854233168,2.17582958773661,5.13316184606864,2.84914699393682e-07,6.90425943135307,15.4335114152806
B23,cnn_6::overall_order_sensitive,cv_train,1.0,M_null,(Intercept),2.30233127300746,0.317515818700865,7.25107581230938,4.13474152531138e-13,1.68000026835376,2.92466227766115
B23,cnn_6::overall_order_sensitive,cv_train,1.0,M_null,test_talker_idB23.FAR.FAR,-0.907610592227868,0.422166233012951,-2.14988912246808,0.0315639862496196,-1.73505640893325,-0.0801647755224845
B23,cnn_6::overall_order_sensitive,cv_train,1.0,M_null,test_talker_idB23.SPA.SPA,-0.962261837040432,0.42263165633941,-2.27683331952695,0.0227961809943197,-1.79061988346568,-0.133903790615189
B23,cnn_6::overall_order_sensitive,cv_train,1.0,M_null,test_talker_idB23.TUR.TUR,-1.8539978598329,0.421879642134164,-4.39461323721162,1.10970147029422e-05,-2.68088195841586,-1.02711376124993
B23,cnn_6::overall_order_sensitive,cv_train,1.0,M_predictor,(Intercept),2.3023264488814,0.31750780656256,7.25124359557366,4.12962193629967e-13,1.68001114801879,2.92464174974402
B23,cnn_6::overall_order_sensitive,cv_train,1.0,M_predictor,test_talker_idB23.FAR.FAR,-0.907609216084708,0.422212269043159,-2.14965144935646,0.0315827954995004,-1.7351452634093,-0.0800731687601154
B23,cnn_6::overall_order_sensitive,cv_train,1.0,M_predictor,test_talker_idB23.SPA.SPA,-0.962266975114942,0.42260189353939,-2.27700582942431,0.0227858775123952,-1.79056668645215,-0.133967263777737
B23,cnn_6::overall_order_sensitive,cv_train,1.0,M_predictor,test_talker_idB23.TUR.TUR,-1.85399215112604,0.422041953050212,-4.39290960940433,1.11843637107848e-05,-2.68119437910446,-1.02678992314763
B23,cnn_6::overall_order_sensitive,cv_train,1.0,M_predictor,variability_z,-0.0431713464319707,0.104545122147959,-0.412944626635681,0.679647183956441,-0.248079785841971,0.161737092978029
B23,cnn_6::overall_order_sensitive,cv_train,2.0,M_condition,(Intercept),2.33653085247934,0.405248577274958,5.7656731781541,8.13325366450924e-09,1.54224364102042,3.13081806393825
B23,cnn_6::overall_order_sensitive,cv_train,2.0,M_condition,condition_idB23.b_FAR,0.113664634692987,0.357577858724842,0.3178738054373,0.750580663065381,-0.587187968407704,0.814517237793678
B23,cnn_6::overall_order_sensitive,cv_train,2.0,M_condition,condition_idB23.b_SPA,0.044794001094437,0.339477434025774,0.13194986353949,0.895023947994411,-0.62058176959608,0.710169771784954
B23,cnn_6::overall_order_sensitive,cv_train,2.0,M_condition,condition_idB23.b_TUR,-0.160579719930046,0.369757931623864,-0.434283368107424,0.664082679923412,-0.88530526591282,0.564145826052728
B23,cnn_6::overall_order_sensitive,cv_train,2.0,M_condition,condition_idB23.c_noBRP,0.279516031627007,0.429633693932415,0.650591505216015,0.515310215404535,-0.562566008480527,1.12159807173454
B23,cnn_6::overall_order_sensitive,cv_train,2.0,M_condition,condition_idB23.c_noFAR,0.0479695531623004,0.369830719962424,0.129706783598654,0.896798415376059,-0.67689865796405,0.772837764288651
B23,cnn_6::overall_order_sensitive,cv_train,2.0,M_condition,condition_idB23.c_noSPA,0.267247024257593,0.384822133149158,0.694468953931003,0.487388164036101,-0.487004356714757,1.02149840522994
B23,cnn_6::overall_order_sensitive,cv_train,2.0,M_condition,condition_idB23.c_noTUR,0.405811636989582,0.357947003724496,1.1337198880478,0.256912064515286,-0.29576449031043,1.10738776428959
B23,cnn_6::overall_order_sensitive,cv_train,2.0,M_condition,test_talker_idB23.FAR.FAR,-1.00655889323661,0.459808341483938,-2.18908358640938,0.028590765288184,-1.90778324254513,-0.105334543928089
B23,cnn_6::overall_order_sensitive,cv_train,2.0,M_condition,test_talker_idB23.SPA.SPA,-0.951833844876906,0.460783388968105,-2.06568610688957,0.0388581279647102,-1.85496928725439,-0.0486984024994213
B23,cnn_6::overall_order_sensitive,cv_train,2.0,M_condition,test_talker_idB23.TUR.TUR,-2.00036199754424,0.45941732110422,-4.35412838317963,1.33597399488766e-05,-2.90081994690851,-1.09990404817996
B23,cnn_6::overall_order_sensitive,cv_train,2.0,M_joint,(Intercept),-1.30211423190187,5.02416212119075,-0.259170424937097,0.795503749149122,-11.1494719894357,8.545243525632
B23,cnn_6::overall_order_sensitive,cv_train,2.0,M_joint,condition_idB23.b_FAR,6.4012481744218,8.66670335291316,0.738602432062029,0.460148446984218,-10.585490397288,23.3879867461316
B23,cnn_6::overall_order_sensitive,cv_train,2.0,M_joint,condition_idB23.b_SPA,5.00698280006659,6.84121454923474,0.731885071580845,0.464238718643191,-8.40179771643351,18.4157633165667
B23,cnn_6::overall_order_sensitive,cv_train,2.0,M_joint,condition_idB23.b_TUR,4.13350268887722,5.92352019723654,0.697811867140352,0.485294856607254,-7.47659689770641,15.7436022754608
B23,cnn_6::overall_order_sensitive,cv_train,2.0,M_joint,condition_idB23.c_noBRP,5.2483350307991,6.85360158309592,0.76577766699247,0.443808604832996,-8.18472407206891,18.6813941336671
B23,cnn_6::overall_order_sensitive,cv_train,2.0,M_joint,condition_idB23.c_noFAR,2.99824602216644,4.07741278643384,0.735330509616797,0.462138231540876,-4.99348303924389,10.9899750835768
B23,cnn_6::overall_order_sensitive,cv_train,2.0,M_joint,condition_idB23.c_noSPA,3.73137468937918,4.78325953529359,0.780090367634662,0.435337685747314,-5.64381399979626,13.1065633785546
B23,cnn_6::overall_order_sensitive,cv_train,2.0,M_joint,condition_idB23.c_noTUR,3.65131048375022,4.4819163157758,0.814676184581595,0.415257688965362,-5.13324549517034,12.4358664626708
B23,cnn_6::overall_order_sensitive,cv_train,2.0,M_joint,test_talker_idB23.FAR.FAR,-1.0065892492585,0.460243829920463,-2.18707820468219,0.0287368154283518,-1.90866715590261,-0.104511342614394
B23,cnn_6::overall_order_sensitive,cv_train,2.0,M_joint,test_talker_idB23.SPA.SPA,-0.951859507804751,0.4611380893893,-2.06415286376653,0.0390032250665117,-1.85569016300778,-0.0480288526017238
B23,cnn_6::overall_order_sensitive,cv_train,2.0,M_joint,test_talker_idB23.TUR.TUR,-2.00040713228316,0.459897647389741,-4.3496789853937,1.36336966098409e-05,-2.90180652116705,-1.09900774339927
B23,cnn_6::overall_order_sensitive,cv_train,2.0,M_joint,variability_z,1.90159175759123,2.62121130106251,0.725462978440699,0.468168049016239,-3.23598239249129,7.03916590767374
B23,cnn_6::overall_order_sensitive,cv_train,2.0,M_null,(Intercept),2.44739521514906,0.341564765174436,7.16524496869336,7.76475804105669e-13,1.77792827540716,3.11686215489096
B23,cnn_6::overall_order_sensitive,cv_train,2.0,M_null,test_talker_idB23.FAR.FAR,-1.00647135365458,0.460108566994909,-2.18746492861047,0.028708600779874,-1.9082841449646,-0.104658562344561
B23,cnn_6::overall_order_sensitive,cv_train,2.0,M_null,test_talker_idB23.SPA.SPA,-0.951746563116352,0.46096342754843,-2.06468996505446,0.0389523446811336,-1.85523488111127,-0.0482582451214294
B23,cnn_6::overall_order_sensitive,cv_train,2.0,M_null,test_talker_idB23.TUR.TUR,-2.00026999942614,0.459721463557232,-4.35104766253125,1.3548859356079e-05,-2.90132406799831,-1.09921593085396
B23,cnn_6::overall_order_sensitive,cv_train,2.0,M_predictor,(Intercept),2.44740162474511,0.341700687936989,7.16241351318678,7.92688794039358e-13,1.77766827638861,3.11713497310161
B23,cnn_6::overall_order_sensitive,cv_train,2.0,M_predictor,test_talker_idB23.FAR.FAR,-1.00648415142109,0.460286856101918,-2.18664543225243,0.02876841799669,-1.90864638938085,-0.104321913461329
B23,cnn_6::overall_order_sensitive,cv_train,2.0,M_predictor,test_talker_idB23.SPA.SPA,-0.951763166865039,0.461177625466314,-2.06376700496403,0.039039812867121,-1.85567131277901,-0.0478550209510643
B23,cnn_6::overall_order_sensitive,cv_train,2.0,M_predictor,test_talker_idB23.TUR.TUR,-2.00028617191318,0.459910188934146,-4.34929736292403,1.36574416142362e-05,-2.9017101422241,-1.09886220160225
B23,cnn_6::overall_order_sensitive,cv_train,2.0,M_predictor,variability_z,-0.0174787100213707,0.0987358024947533,-0.177025046434392,0.859488716061354,-0.211000882911087,0.176043462868346
B23,cnn_6::overall_order_sensitive,full,,M_condition,(Intercept),2.15500921522717,0.359145093947985,6.00038605995626,1.9684894092453802e-09,1.45108483108912,2.85893359936522
B23,cnn_6::overall_order_sensitive,full,,M_condition,condition_idB23.b_FAR,0.286676132487048,0.290958775835012,0.985280927390235,0.324486098514997,-0.283603068149575,0.856955333123672
B23,cnn_6::overall_order_sensitive,full,,M_condition,condition_idB23.b_SPA,0.265307977241502,0.262815640856884,1.00948321179246,0.312742949024237,-0.24981067883799,0.780426633320995
B23,cnn_6::overall_order_sensitive,full,,M_condition,condition_idB23.b_TUR,-0.183357800279349,0.277239837001576,-0.661368879243376,0.508375778716754,-0.726747880802438,0.360032280243741
B23,cnn_6::overall_order_sensitive,full,,M_condition,condition_idB23.c_noBRP,0.172422097829746,0.291067304196493,0.592378791241177,0.553596965183821,-0.39806981839538,0.742914014054872
B23,cnn_6::overall_order_sensitive,full,,M_condition,condition_idB23.c_noFAR,0.167273314473871,0.299509687100788,0.558490498564682,0.576509490823182,-0.419765672243674,0.754312301191416
B23,cnn_6::overall_order_sensitive,full,,M_condition,condition_idB23.c_noSPA,0.451069413287724,0.309773426631712,1.45612688019234,0.145357548014756,-0.156086502910431,1.05822532948588
B23,cnn_6::overall_order_sensitive,full,,M_condition,condition_idB23.c_noTUR,0.49100146724397,0.291200462338146,1.68612873517286,0.0917710064055328,-0.0797514389387965,1.06175437342674
B23,cnn_6::overall_order_sensitive,full,,M_condition,test_talker_idB23.FAR.FAR,-0.944388756646851,0.433558867313449,-2.1782249836078,0.0293892909240249,-1.79416413658121,-0.0946133767124924
B23,cnn_6::overall_order_sensitive,full,,M_condition,test_talker_idB23.SPA.SPA,-0.917414703022129,0.433954085732105,-2.11408241836092,0.034508228561102,-1.76796471105705,-0.0668646949872029
B23,cnn_6::overall_order_sensitive,full,,M_condition,test_talker_idB23.TUR.TUR,-1.89223710964451,0.433245182340952,-4.36758950075381,1.25625322666186e-05,-2.74139766703278,-1.04307655225624
B23,cnn_6::overall_order_sensitive,full,,M_joint,(Intercept),-5.40263292260009,4.39395891694338,-1.22955927097251,0.218862189755511,-14.0147923998091,3.20952655460894
B23,cnn_6::overall_order_sensitive,full,,M_joint,condition_idB23.b_FAR,13.2704427452575,7.5380784622162,1.76045431362569,0.0783308072535791,-1.50419104068631,28.0450765312012
B23,cnn_6::overall_order_sensitive,full,,M_joint,condition_idB23.b_SPA,10.5006561828168,5.94336745572054,1.76678562465624,0.0772641370863748,-1.14834403039547,22.149656396029
B23,cnn_6::overall_order_sensitive,full,,M_joint,condition_idB23.b_TUR,8.68309808039158,5.14989660266767,1.68607231374193,0.0917818718793868,-1.41069926083705,18.7768954216202
B23,cnn_6::overall_order_sensitive,full,,M_joint,condition_idB23.c_noBRP,10.396758824164,5.93872484260598,1.75067192027065,0.0800024389171772,-1.24314186734367,22.0366595156718
B23,cnn_6::overall_order_sensitive,full,,M_joint,condition_idB23.c_noFAR,6.23362036518229,3.52990033654206,1.76594797894176,0.0774045767710584,-0.684984294440155,13.1522250248047
B23,cnn_6::overall_order_sensitive,full,,M_joint,condition_idB23.c_noSPA,7.61764217516646,4.16697973770079,1.82809676424528,0.0675350305027133,-0.549638110727098,15.78492246106
B23,cnn_6::overall_order_sensitive,full,,M_joint,condition_idB23.c_noTUR,7.18193476685349,3.89094641384635,1.84580665035525,0.064920284637325,-0.444320204285357,14.8081897379923
B23,cnn_6::overall_order_sensitive,full,,M_joint,test_talker_idB23.FAR.FAR,-0.944017509078694,0.433994046162785,-2.17518539119453,0.0296162264750009,-1.79464583955775,-0.093389178599635
B23,cnn_6::overall_order_sensitive,full,,M_joint,test_talker_idB23.SPA.SPA,-0.917630107517918,0.434385185356742,-2.11248020984949,0.0346452816468398,-1.76902507081713,-0.066235144218704
B23,cnn_6::overall_order_sensitive,full,,M_joint,test_talker_idB23.TUR.TUR,-1.89208351368714,0.433740983228137,-4.36224287501085,1.2873584143073e-05,-2.74221584081429,-1.04195118655999
B23,cnn_6::overall_order_sensitive,full,,M_joint,variability_z,3.91358672284226,2.27226553839336,1.72232807157275,0.0850101053214815,-0.540053732408734,8.36722717809325
B23,cnn_6::overall_order_sensitive,full,,M_null,(Intercept),2.3410383984251,0.317712181470546,7.36842505562581,1.72655547077915e-13,1.71832252274283,2.96375427410737
B23,cnn_6::overall_order_sensitive,full,,M_null,test_talker_idB23.FAR.FAR,-0.944266031665579,0.433978682640251,-2.1758350569683,0.0295675962922733,-1.79486424964047,-0.093667813690688
B23,cnn_6::overall_order_sensitive,full,,M_null,test_talker_idB23.SPA.SPA,-0.917289334773626,0.434197924184003,-2.11260644900021,0.0346344662892849,-1.76831726617427,-0.0662614033729813
B23,cnn_6::overall_order_sensitive,full,,M_null,test_talker_idB23.TUR.TUR,-1.89211787855339,0.433608395535599,-4.36365600397618,1.27906652307506e-05,-2.74199033380317,-1.04224542330362
B23,cnn_6::overall_order_sensitive,full,,M_predictor,(Intercept),2.34101852369387,0.317450939268906,7.37442619979412,1.65054378067791e-13,1.71881468272682,2.96322236466093
B23,cnn_6::overall_order_sensitive,full,,M_predictor,test_talker_idB23.FAR.FAR,-0.944253521734024,0.433647038367814,-2.1774702423613,0.029445499738969,-1.79420171693494,-0.0943053265331087
B23,cnn_6::overall_order_sensitive,full,,M_predictor,test_talker_idB23.SPA.SPA,-0.91727578541573,0.434028640665093,-2.11339920796499,0.0345666137043519,-1.76797192111931,-0.0665796497121471
B23,cnn_6::overall_order_sensitive,full,,M_predictor,test_talker_idB23.TUR.TUR,-1.89209597247436,0.433504677896732,-4.36464949272149,1.27326751023176e-05,-2.74176514115196,-1.04242680379677
B23,cnn_6::overall_order_sensitive,full,,M_predictor,variability_z,-0.0556712477479574,0.0782360196101333,-0.711580778589952,0.476724413168678,-0.209013846183819,0.0976713506879038
B23,tr_0::overall_order_sensitive,cv_train,0.0,M_condition,(Intercept),1.91567003073818,0.351076412940333,5.45656147815251,4.85443249802039e-08,1.22756026137513,2.60377980010124
B23,tr_0::overall_order_sensitive,cv_train,0.0,M_condition,condition_idB23.b_FAR,0.541177139369604,0.28720148539483,1.88431177027382,0.0595228162420455,-0.021737772004263,1.10409205074347
B23,tr_0::overall_order_sensitive,cv_train,0.0,M_condition,condition_idB23.b_SPA,0.573274953708191,0.253384275984462,2.26247248958473,0.0236682266692452,0.0766417727786445,1.06990813463774
B23,tr_0::overall_order_sensitive,cv_train,0.0,M_condition,condition_idB23.b_TUR,-0.192140124239278,0.266060386214119,-0.722167350703041,0.470191593963392,-0.713618481218952,0.329338232740395
B23,tr_0::overall_order_sensitive,cv_train,0.0,M_condition,condition_idB23.c_noBRP,0.14109828451137,0.275661857067429,0.511852767780113,0.608754056588046,-0.399198955340792,0.681395524363531
B23,tr_0::overall_order_sensitive,cv_train,0.0,M_condition,condition_idB23.c_noFAR,0.445100864421607,0.287237914344002,1.54958952907778,0.121240067759196,-0.117885447692638,1.00808717653585
B23,tr_0::overall_order_sensitive,cv_train,0.0,M_condition,condition_idB23.c_noSPA,0.741290661043434,0.321157572919554,2.30818365671582,0.020988923780184,0.111821818121109,1.37075950396576
B23,tr_0::overall_order_sensitive,cv_train,0.0,M_condition,condition_idB23.c_noTUR,0.822459347968533,0.287862929793649,2.85712143817234,0.0042750224439558,0.258248005572982,1.38667069036408
B23,tr_0::overall_order_sensitive,cv_train,0.0,M_condition,test_talker_idB23.FAR.FAR,-0.896224577596967,0.426065157276458,-2.1034918305123,0.035422798675847,-1.73131228585882,-0.0611368693351094
B23,tr_0::overall_order_sensitive,cv_train,0.0,M_condition,test_talker_idB23.SPA.SPA,-0.807836338620394,0.426695468703836,-1.89323861599548,0.0583261441866295,-1.64415945727991,0.0284867800391246
B23,tr_0::overall_order_sensitive,cv_train,0.0,M_condition,test_talker_idB23.TUR.TUR,-1.80030629393258,0.425714692594678,-4.22890336004128,2.34833185047379e-05,-2.63470709141815,-0.965905496447006
B23,tr_0::overall_order_sensitive,cv_train,0.0,M_joint,(Intercept),-17.10172734076,5.93860191961027,-2.87975647673693,0.0039798244563457,-28.7413871031962,-5.46206757832391
B23,tr_0::overall_order_sensitive,cv_train,0.0,M_joint,condition_idB23.b_FAR,26.1320643951055,7.97902628307739,3.27509441227542,0.0010562666656831,10.4931728802738,41.7709559099371
B23,tr_0::overall_order_sensitive,cv_train,0.0,M_joint,condition_idB23.b_SPA,25.1926162433458,7.67660412049532,3.2817396661221,0.0010316880787629,10.146472167175,40.2387603195167
B23,tr_0::overall_order_sensitive,cv_train,0.0,M_joint,condition_idB23.b_TUR,29.0305685192911,9.1107601845482,3.18640463926674,0.0014405296767724,11.1734785575766,46.8876584810055
B23,tr_0::overall_order_sensitive,cv_train,0.0,M_joint,condition_idB23.c_noBRP,25.6540112635605,7.95427633996916,3.22518481469553,0.0012589137075157,10.0636296372209,41.2443928899
B23,tr_0::overall_order_sensitive,cv_train,0.0,M_joint,condition_idB23.c_noFAR,17.4905120417195,5.3181804761853,3.28881505997054,0.0010061010947066,7.06687830839632,27.9141457750427
B23,tr_0::overall_order_sensitive,cv_train,0.0,M_joint,condition_idB23.c_noSPA,18.3102574829703,5.48215442000081,3.33997477637041,0.0008378599942604,7.56523481976869,29.0552801461719
B23,tr_0::overall_order_sensitive,cv_train,0.0,M_joint,condition_idB23.c_noTUR,16.8093915387722,4.98848452915696,3.36963890346333,0.0007526674537115,7.03196186162461,26.5868212159199
B23,tr_0::overall_order_sensitive,cv_train,0.0,M_joint,test_talker_idB23.FAR.FAR,-0.896272863829936,0.426126847257119,-2.10330062421328,0.0354394989269039,-1.73148148445389,-0.0610642432059826
B23,tr_0::overall_order_sensitive,cv_train,0.0,M_joint,test_talker_idB23.SPA.SPA,-0.807887294158573,0.426746455376504,-1.89313182096803,0.0583403413882874,-1.64431034669652,0.0285357583793746
B23,tr_0::overall_order_sensitive,cv_train,0.0,M_joint,test_talker_idB23.TUR.TUR,-1.80035016524072,0.425686665792946,-4.22928484707672,2.34435361913062e-05,-2.63469603019489,-0.966004300286545
B23,tr_0::overall_order_sensitive,cv_train,0.0,M_joint,variability_z,9.61225035870492,2.99670228039527,3.2076093850194,0.0013384315105417,3.73871388913019,15.4857868282796
B23,tr_0::overall_order_sensitive,cv_train,0.0,M_null,(Intercept),2.2553376408131,0.314257066134918,7.17672849349657,7.13992784334819e-13,1.63939379118866,2.87128149043754
B23,tr_0::overall_order_sensitive,cv_train,0.0,M_null,test_talker_idB23.FAR.FAR,-0.896260396564136,0.426198654682134,-2.10291700060053,0.0354730254623015,-1.73160975974112,-0.0609110333871522
B23,tr_0::overall_order_sensitive,cv_train,0.0,M_null,test_talker_idB23.SPA.SPA,-0.80784813294088,0.426822309378151,-1.89270362675713,0.0583972938416885,-1.64441985932206,0.0287235934402955
B23,tr_0::overall_order_sensitive,cv_train,0.0,M_null,test_talker_idB23.TUR.TUR,-1.80035586065125,0.425870781113444,-4.22746978777037,2.36333896103884e-05,-2.6350625916336,-0.965649129668902
B23,tr_0::overall_order_sensitive,cv_train,0.0,M_predictor,(Intercept),2.25533440656994,0.314276569986755,7.17627281812637,7.16375342425078e-13,1.6393523293959,2.87131648374398
B23,tr_0::overall_order_sensitive,cv_train,0.0,M_predictor,test_talker_idB23.FAR.FAR,-0.896254985633881,0.426278376308138,-2.10251102435939,0.0355085349599551,-1.73176060319783,-0.0607493680699317
B23,tr_0::overall_order_sensitive,cv_train,0.0,M_predictor,test_talker_idB23.SPA.SPA,-0.80784618222641,0.426887165809768,-1.89241150104383,0.058436174846564,-1.64454502721356,0.0288526627607362
B23,tr_0::overall_order_sensitive,cv_train,0.0,M_predictor,test_talker_idB23.TUR.TUR,-1.80034467744744,0.425920747216621,-4.22694759344935,2.36882810408163e-05,-2.63514934199202,-0.965540012902866
B23,tr_0::overall_order_sensitive,cv_train,0.0,M_predictor,variability_z,-0.0318433345247074,0.0848371410587492,-0.375346624453742,0.70740269527561,-0.198124130999856,0.134437461950441
B23,tr_0::overall_order_sensitive,cv_train,1.0,M_condition,(Intercept),2.20389578083479,0.392258439434487,5.61847893957901,1.92645871682162e-08,1.4350692395432,2.97272232212639
B23,tr_0::overall_order_sensitive,cv_train,1.0,M_condition,condition_idB23.b_FAR,0.22063795905533,0.41326266674962,0.533892792181507,0.593415709164046,-0.589356867773924,1.03063278588458
B23,tr_0::overall_order_sensitive,cv_train,1.0,M_condition,condition_idB23.b_SPA,0.165809597157594,0.358122552063395,0.462996804312515,0.643366657734277,-0.53611060488666,0.867729799201849
B23,tr_0::overall_order_sensitive,cv_train,1.0,M_condition,condition_idB23.b_TUR,-0.189919980448583,0.367682610568743,-0.516532397751442,0.605482617386403,-0.91057789716332,0.530737936266154
B23,tr_0::overall_order_sensitive,cv_train,1.0,M_condition,condition_idB23.c_noBRP,0.1582032902105,0.367790302781308,0.430145354605964,0.667089909601433,-0.562665703240862,0.879072283661863
B23,tr_0::overall_order_sensitive,cv_train,1.0,M_condition,condition_idB23.c_noFAR,-0.0343556135612886,0.438169862940341,-0.0784070664530534,0.937504252621459,-0.893168544924357,0.82445731780178
B23,tr_0::overall_order_sensitive,cv_train,1.0,M_condition,condition_idB23.c_noSPA,0.373275425698481,0.413492363751051,0.90273837783185,0.366664762904964,-0.437169607253579,1.18372045865054
B23,tr_0::overall_order_sensitive,cv_train,1.0,M_condition,condition_idB23.c_noTUR,0.20611998666136,0.413161951494308,0.498884241193732,0.617860936453273,-0.603677438267485,1.0159174115902
B23,tr_0::overall_order_sensitive,cv_train,1.0,M_condition,test_talker_idB23.FAR.FAR,-0.907683509207791,0.422210624414888,-2.14983578507927,0.0315682064893159,-1.73521633306097,-0.0801506853546107
B23,tr_0::overall_order_sensitive,cv_train,1.0,M_condition,test_talker_idB23.SPA.SPA,-0.962341389360373,0.422657393394924,-2.27688289474964,0.0227932196053814,-1.79074988041442,-0.133932898306322
B23,tr_0::overall_order_sensitive,cv_train,1.0,M_condition,test_talker_idB23.TUR.TUR,-1.85405947564124,0.422016013480909,-4.39333915400136,1.11622782673972e-05,-2.68121086206383,-1.02690808921866
B23,tr_0::overall_order_sensitive,cv_train,1.0,M_joint,(Intercept),-16.8605429522628,4.38361060915245,-3.84626839734808,0.0001199303868832,-25.4524197462016,-8.26866615832401
B23,tr_0::overall_order_sensitive,cv_train,1.0,M_joint,condition_idB23.b_FAR,25.4135864923785,5.79171819853093,4.38791833808914,1.14440726126301e-05,14.0618188232579,36.7653541614991
B23,tr_0::overall_order_sensitive,cv_train,1.0,M_joint,condition_idB23.b_SPA,24.5025839838244,5.59233683994498,4.38145710551754,1.17888254680466e-05,13.5416037775323,35.4635641901166
B23,tr_0::overall_order_sensitive,cv_train,1.0,M_joint,condition_idB23.b_TUR,28.6636026960243,6.62776526563763,4.3247763834718,1.526866652558e-05,15.6731827753746,41.6540226166741
B23,tr_0::overall_order_sensitive,cv_train,1.0,M_joint,condition_idB23.c_noBRP,25.3737164523487,5.79535460311262,4.37828540098664,1.1961664356446e-05,14.014821430248,36.7326114744494
B23,tr_0::overall_order_sensitive,cv_train,1.0,M_joint,condition_idB23.c_noFAR,16.707084188355,3.85886278031089,4.32953570507864,1.49424043244177e-05,9.14371313894568,24.2704552377644
B23,tr_0::overall_order_sensitive,cv_train,1.0,M_joint,condition_idB23.c_noSPA,17.6965456518949,3.9907472067666,4.43439404577898,9.2331614597166e-06,9.87468112663236,25.5184101771574
B23,tr_0::overall_order_sensitive,cv_train,1.0,M_joint,condition_idB23.c_noTUR,15.8952109958271,3.61638945185103,4.39532611392041,1.10606574550428e-05,8.80708767019912,22.9833343214552
B23,tr_0::overall_order_sensitive,cv_train,1.0,M_joint,test_talker_idB23.FAR.FAR,-0.907654278344273,0.422049310866358,-2.15058822506094,0.0315087155432319,-1.73487092764233,-0.0804376290462121
B23,tr_0::overall_order_sensitive,cv_train,1.0,M_joint,test_talker_idB23.SPA.SPA,-0.962316863683266,0.422463448182376,-2.27787011592027,0.0227343172522072,-1.79034522212072,-0.13428850524581
B23,tr_0::overall_order_sensitive,cv_train,1.0,M_joint,test_talker_idB23.TUR.TUR,-1.85402191662018,0.421773433843887,-4.39577689785559,1.10377258588431e-05,-2.6806978469542,-1.02734598628617
B23,tr_0::overall_order_sensitive,cv_train,1.0,M_joint,variability_z,9.45815756416702,2.17382816507726,4.35092235720981,1.35566053979812e-05,5.19745436061559,13.7188607677184
B23,tr_0::overall_order_sensitive,cv_train,1.0,M_null,(Intercept),2.30233127300746,0.317515818700865,7.25107581230938,4.13474152531138e-13,1.68000026835376,2.92466227766115
B23,tr_0::overall_order_sensitive,cv_train,1.0,M_null,test_talker_idB23.FAR.FAR,-0.907610592227868,0.422166233012951,-2.14988912246808,0.0315639862496196,-1.73505640893325,-0.0801647755224845
B23,tr_0::overall_order_sensitive,cv_train,1.0,M_null,test_talker_idB23.SPA.SPA,-0.962261837040432,0.42263165633941,-2.27683331952695,0.0227961809943197,-1.79061988346568,-0.133903790615189
B23,tr_0::overall_order_sensitive,cv_train,1.0,M_null,test_talker_idB23.TUR.TUR,-1.8539978598329,0.421879642134164,-4.39461323721162,1.10970147029422e-05,-2.68088195841586,-1.02711376124993
B23,tr_0::overall_order_sensitive,cv_train,1.0,M_predictor,(Intercept),2.30233345250025,0.31758265373581,7.24955669151727,4.18137919978548e-13,1.67987145117807,2.92479545382244
B23,tr_0::overall_order_sensitive,cv_train,1.0,M_predictor,test_talker_idB23.FAR.FAR,-0.907613666567438,0.422306309219765,-2.14918329836063,0.031619872692678,-1.73533403263818,-0.0798933004966994
B23,tr_0::overall_order_sensitive,cv_train,1.0,M_predictor,test_talker_idB23.SPA.SPA,-0.96226941199392,0.422691352342923,-2.2765296868748,0.0228143258651078,-1.79074446258605,-0.13379436140179
B23,tr_0::overall_order_sensitive,cv_train,1.0,M_predictor,test_talker_idB23.TUR.TUR,-1.85399635494032,0.422001693142487,-4.39333866443593,1.11623034151529e-05,-2.68111967349959,-1.02687303638104
B23,tr_0::overall_order_sensitive,cv_train,1.0,M_predictor,variability_z,-0.0001391141480577,0.104695995374528,-0.0013287437361866,0.998939816199603,-0.205343265082132,0.205065036786016
B23,tr_0::overall_order_sensitive,cv_train,2.0,M_condition,(Intercept),2.33653085247934,0.405248577274958,5.7656731781541,8.13325366450924e-09,1.54224364102042,3.13081806393825
B23,tr_0::overall_order_sensitive,cv_train,2.0,M_condition,condition_idB23.b_FAR,0.113664634692987,0.357577858724842,0.3178738054373,0.750580663065381,-0.587187968407704,0.814517237793678
B23,tr_0::overall_order_sensitive,cv_train,2.0,M_condition,condition_idB23.b_SPA,0.044794001094437,0.339477434025774,0.13194986353949,0.895023947994411,-0.62058176959608,0.710169771784954
B23,tr_0::overall_order_sensitive,cv_train,2.0,M_condition,condition_idB23.b_TUR,-0.160579719930046,0.369757931623864,-0.434283368107424,0.664082679923412,-0.88530526591282,0.564145826052728
B23,tr_0::overall_order_sensitive,cv_train,2.0,M_condition,condition_idB23.c_noBRP,0.279516031627007,0.429633693932415,0.650591505216015,0.515310215404535,-0.562566008480527,1.12159807173454
B23,tr_0::overall_order_sensitive,cv_train,2.0,M_condition,condition_idB23.c_noFAR,0.0479695531623004,0.369830719962424,0.129706783598654,0.896798415376059,-0.67689865796405,0.772837764288651
B23,tr_0::overall_order_sensitive,cv_train,2.0,M_condition,condition_idB23.c_noSPA,0.267247024257593,0.384822133149158,0.694468953931003,0.487388164036101,-0.487004356714757,1.02149840522994
B23,tr_0::overall_order_sensitive,cv_train,2.0,M_condition,condition_idB23.c_noTUR,0.405811636989582,0.357947003724496,1.1337198880478,0.256912064515286,-0.29576449031043,1.10738776428959
B23,tr_0::overall_order_sensitive,cv_train,2.0,M_condition,test_talker_idB23.FAR.FAR,-1.00655889323661,0.459808341483938,-2.18908358640938,0.028590765288184,-1.90778324254513,-0.105334543928089
B23,tr_0::overall_order_sensitive,cv_train,2.0,M_condition,test_talker_idB23.SPA.SPA,-0.951833844876906,0.460783388968105,-2.06568610688957,0.0388581279647102,-1.85496928725439,-0.0486984024994213
B23,tr_0::overall_order_sensitive,cv_train,2.0,M_condition,test_talker_idB23.TUR.TUR,-2.00036199754424,0.45941732110422,-4.35412838317963,1.33597399488766e-05,-2.90081994690851,-1.09990404817996
B23,tr_0::overall_order_sensitive,cv_train,2.0,M_joint,(Intercept),3.55364412954629,5.44565699932699,0.652564810818138,0.514036877641027,-7.11984358913462,14.2271318482272
B23,tr_0::overall_order_sensitive,cv_train,2.0,M_joint,condition_idB23.b_FAR,-1.55786198865222,7.47237610514292,-0.208482812793645,0.834852001207833,-16.2037191547323,13.0879951774279
B23,tr_0::overall_order_sensitive,cv_train,2.0,M_joint,condition_idB23.b_SPA,-1.56836714409601,7.21139403526126,-0.217484599569408,0.82783070754932,-15.7026994532081,12.5659651650161
B23,tr_0::overall_order_sensitive,cv_train,2.0,M_joint,condition_idB23.b_TUR,-2.06732350823119,8.52216823420891,-0.242581870178616,0.808329327269946,-18.7707732472806,14.6361262308183
B23,tr_0::overall_order_sensitive,cv_train,2.0,M_joint,condition_idB23.c_noBRP,-1.39490466001117,7.48784451221097,-0.186289212835068,0.852217966310045,-16.0710799039447,13.2812705839223
B23,tr_0::overall_order_sensitive,cv_train,2.0,M_joint,condition_idB23.c_noFAR,-1.06729668485959,4.99266110297797,-0.21377310873814,0.830723996313847,-10.8529124466964,8.71831907697723
B23,tr_0::overall_order_sensitive,cv_train,2.0,M_joint,condition_idB23.c_noSPA,-0.879981237286742,5.13507188098446,-0.171366878143493,0.863935296915937,-10.9447221240163,9.1847596494428
B23,tr_0::overall_order_sensitive,cv_train,2.0,M_joint,condition_idB23.c_noTUR,-0.638229688511581,4.67365394625224,-0.136559038356567,0.89137935575093,-9.79859142316597,8.5221320461428
B23,tr_0::overall_order_sensitive,cv_train,2.0,M_joint,test_talker_idB23.FAR.FAR,-1.00655654921653,0.460074381312207,-2.18781264530676,0.0286832523955706,-1.90830233658846,-0.104810761844605
B23,tr_0::overall_order_sensitive,cv_train,2.0,M_joint,test_talker_idB23.SPA.SPA,-0.95183536356573,0.460973222126851,-2.06483873222424,0.0389382617260401,-1.85534287893436,-0.0483278481971018
B23,tr_0::overall_order_sensitive,cv_train,2.0,M_joint,test_talker_idB23.TUR.TUR,-2.00035984695666,0.459705921992272,-4.35139020678157,1.35277057211972e-05,-2.90138345406152,-1.09933623985181
B23,tr_0::overall_order_sensitive,cv_train,2.0,M_joint,variability_z,-0.607885393468969,2.71705354684317,-0.223729633218029,0.8229676863867,-5.93331034528159,4.71753955834365
B23,tr_0::overall_order_sensitive,cv_train,2.0,M_null,(Intercept),2.44739521514906,0.341564765174436,7.16524496869336,7.76475804105669e-13,1.77792827540716,3.11686215489096
B23,tr_0::overall_order_sensitive,cv_train,2.0,M_null,test_talker_idB23.FAR.FAR,-1.00647135365458,0.460108566994909,-2.18746492861047,0.028708600779874,-1.9082841449646,-0.104658562344561
B23,tr_0::overall_order_sensitive,cv_train,2.0,M_null,test_talker_idB23.SPA.SPA,-0.951746563116352,0.46096342754843,-2.06468996505446,0.0389523446811336,-1.85523488111127,-0.0482582451214294
B23,tr_0::overall_order_sensitive,cv_train,2.0,M_null,test_talker_idB23.TUR.TUR,-2.00026999942614,0.459721463557232,-4.35104766253125,1.3548859356079e-05,-2.90132406799831,-1.09921593085396
B23,tr_0::overall_order_sensitive,cv_train,2.0,M_predictor,(Intercept),2.44740343649801,0.341597569315132,7.16458094653543,7.802485462008599e-13,1.77787220064035,3.11693467235567
B23,tr_0::overall_order_sensitive,cv_train,2.0,M_predictor,test_talker_idB23.FAR.FAR,-1.00647495090835,0.460094013836615,-2.18754193847383,0.0287029851344851,-1.90825921802812,-0.10469068378859
B23,tr_0::overall_order_sensitive,cv_train,2.0,M_predictor,test_talker_idB23.SPA.SPA,-0.951758079842412,0.461033289965087,-2.06440207368645,0.038979610033175,-1.85538332817398,-0.0481328315108421
B23,tr_0::overall_order_sensitive,cv_train,2.0,M_predictor,test_talker_idB23.TUR.TUR,-2.00028405675512,0.459795854866627,-4.35037427063223,1.35905363296771e-05,-2.90148393229371,-1.09908418121654
B23,tr_0::overall_order_sensitive,cv_train,2.0,M_predictor,variability_z,0.0093104601612413,0.0987680536784974,0.0942659069859584,0.924897931569952,-0.184274925048614,0.202895845371096
B23,tr_0::overall_order_sensitive,full,,M_condition,(Intercept),2.15500921522717,0.359145093947985,6.00038605995626,1.9684894092453802e-09,1.45108483108912,2.85893359936522
B23,tr_0::overall_order_sensitive,full,,M_condition,condition_idB23.b_FAR,0.286676132487048,0.290958775835012,0.985280927390235,0.324486098514997,-0.283603068149575,0.856955333123672
B23,tr_0::overall_order_sensitive,full,,M_condition,condition_idB23.b_SPA,0.265307977241502,0.262815640856884,1.00948321179246,0.312742949024237,-0.24981067883799,0.780426633320995
B23,tr_0::overall_order_sensitive,full,,M_condition,condition_idB23.b_TUR,-0.183357800279349,0.277239837001576,-0.661368879243376,0.508375778716754,-0.726747880802438,0.360032280243741
B23,tr_0::overall_order_sensitive,full,,M_condition,condition_idB23.c_noBRP,0.172422097829746,0.291067304196493,0.592378791241177,0.553596965183821,-0.39806981839538,0.742914014054872
B23,tr_0::overall_order_sensitive,full,,M_condition,condition_idB23.c_noFAR,0.167273314473871,0.299509687100788,0.558490498564682,0.576509490823182,-0.419765672243674,0.754312301191416
B23,tr_0::overall_order_sensitive,full,,M_condition,condition_idB23.c_noSPA,0.451069413287724,0.309773426631712,1.45612688019234,0.145357548014756,-0.156086502910431,1.05822532948588
B23,tr_0::overall_order_sensitive,full,,M_condition,condition_idB23.c_noTUR,0.49100146724397,0.291200462338146,1.68612873517286,0.0917710064055328,-0.0797514389387965,1.06175437342674
B23,tr_0::overall_order_sensitive,full,,M_condition,test_talker_idB23.FAR.FAR,-0.944388756646851,0.433558867313449,-2.1782249836078,0.0293892909240249,-1.79416413658121,-0.0946133767124924
B23,tr_0::overall_order_sensitive,full,,M_condition,test_talker_idB23.SPA.SPA,-0.917414703022129,0.433954085732105,-2.11408241836092,0.034508228561102,-1.76796471105705,-0.0668646949872029
B23,tr_0::overall_order_sensitive,full,,M_condition,test_talker_idB23.TUR.TUR,-1.89223710964451,0.433245182340952,-4.36758950075381,1.25625322666186e-05,-2.74139766703278,-1.04307655225624
B23,tr_0::overall_order_sensitive,full,,M_joint,(Intercept),-7.9259268726194,4.04007557174127,-1.96182638959977,0.0497827001785672,-15.8444749932323,-0.0073787520065158
B23,tr_0::overall_order_sensitive,full,,M_joint,condition_idB23.b_FAR,13.8707392031336,5.43014511997218,2.55439567390506,0.0106372301259287,3.22765476798814,24.5138236382791
B23,tr_0::overall_order_sensitive,full,,M_joint,condition_idB23.b_SPA,13.3645855504472,5.23590442331752,2.5524884470636,0.0106956456604415,3.10221288074483,23.6269582201495
B23,tr_0::overall_order_sensitive,full,,M_joint,condition_idB23.b_TUR,15.33848732255,6.20322194205419,2.47266460330302,0.0134109938534693,3.18017231612382,27.4968023289762
B23,tr_0::overall_order_sensitive,full,,M_joint,condition_idB23.c_noBRP,13.7502286672323,5.42803383817698,2.53318772085075,0.0113030402996374,3.11128234440544,24.3891749900592
B23,tr_0::overall_order_sensitive,full,,M_joint,condition_idB23.c_noFAR,9.21677303003329,3.62304689437702,2.54392871489953,0.0109613451976828,2.11560111705432,16.3179449430123
B23,tr_0::overall_order_sensitive,full,,M_joint,condition_idB23.c_noSPA,9.77866560964284,3.73382778796496,2.61893857053662,0.00882038294607,2.46036314523152,17.0969680740542
B23,tr_0::overall_order_sensitive,full,,M_joint,condition_idB23.c_noTUR,8.96854706525861,3.39481421958444,2.64183736874898,0.0082457639354166,2.3147111948731,15.6223829356441
B23,tr_0::overall_order_sensitive,full,,M_joint,test_talker_idB23.FAR.FAR,-0.944406132971242,0.433841616092768,-2.17684541533079,0.0294921032304398,-1.79473570051307,-0.0940765654294176
B23,tr_0::overall_order_sensitive,full,,M_joint,test_talker_idB23.SPA.SPA,-0.917424620840072,0.434193883756118,-2.11293768789102,0.0346061015841271,-1.76844463300206,-0.066404608678081
B23,tr_0::overall_order_sensitive,full,,M_joint,test_talker_idB23.TUR.TUR,-1.8922431418568,0.433648172510873,-4.36354460091575,1.2797183539418e-05,-2.74219355997811,-1.04229272373549
B23,tr_0::overall_order_sensitive,full,,M_joint,variability_z,5.04730559749482,2.01744875128405,2.50182592954708,0.0123554656805893,1.09310604497808,9.00150515001157
B23,tr_0::overall_order_sensitive,full,,M_null,(Intercept),2.3410383984251,0.317712181470546,7.36842505562581,1.72655547077915e-13,1.71832252274283,2.96375427410737
B23,tr_0::overall_order_sensitive,full,,M_null,test_talker_idB23.FAR.FAR,-0.944266031665579,0.433978682640251,-2.1758350569683,0.0295675962922733,-1.79486424964047,-0.093667813690688
B23,tr_0::overall_order_sensitive,full,,M_null,test_talker_idB23.SPA.SPA,-0.917289334773626,0.434197924184003,-2.11260644900021,0.0346344662892849,-1.76831726617427,-0.0662614033729813
B23,tr_0::overall_order_sensitive,full,,M_null,test_talker_idB23.TUR.TUR,-1.89211787855339,0.433608395535599,-4.36365600397618,1.27906652307506e-05,-2.74199033380317,-1.04224542330362
B23,tr_0::overall_order_sensitive,full,,M_predictor,(Intercept),2.34104991770403,0.31791538101935,7.36375166938382,1.78812199932069e-13,1.71793577090611,2.96416406450196
B23,tr_0::overall_order_sensitive,full,,M_predictor,test_talker_idB23.FAR.FAR,-0.944268846477283,0.434085262313934,-2.17530731507392,0.0296070947262809,-1.79507596061259,-0.0934617323419721
B23,tr_0::overall_order_sensitive,full,,M_predictor,test_talker_idB23.SPA.SPA,-0.917316039949151,0.434434417875872,-2.11151787750677,0.0347278229376033,-1.76880749898586,-0.0658245809124428
B23,tr_0::overall_order_sensitive,full,,M_predictor,test_talker_idB23.TUR.TUR,-1.89213172069088,0.433918262908824,-4.36057175378317,1.2972303319368e-05,-2.74261151599217,-1.04165192538958
B23,tr_0::overall_order_sensitive,full,,M_predictor,variability_z,-0.0072356507613092,0.0784322275016649,-0.0922535415834723,0.92649659934102,-0.160962816664572,0.146491515141954
B23,tr_10::overall_order_sensitive,cv_train,0.0,M_condition,(Intercept),1.91567003073818,0.351076412940333,5.45656147815251,4.85443249802039e-08,1.22756026137513,2.60377980010124
B23,tr_10::overall_order_sensitive,cv_train,0.0,M_condition,condition_idB23.b_FAR,0.541177139369604,0.28720148539483,1.88431177027382,0.0595228162420455,-0.021737772004263,1.10409205074347
B23,tr_10::overall_order_sensitive,cv_train,0.0,M_condition,condition_idB23.b_SPA,0.573274953708191,0.253384275984462,2.26247248958473,0.0236682266692452,0.0766417727786445,1.06990813463774
B23,tr_10::overall_order_sensitive,cv_train,0.0,M_condition,condition_idB23.b_TUR,-0.192140124239278,0.266060386214119,-0.722167350703041,0.470191593963392,-0.713618481218952,0.329338232740395
B23,tr_10::overall_order_sensitive,cv_train,0.0,M_condition,condition_idB23.c_noBRP,0.14109828451137,0.275661857067429,0.511852767780113,0.608754056588046,-0.399198955340792,0.681395524363531
B23,tr_10::overall_order_sensitive,cv_train,0.0,M_condition,condition_idB23.c_noFAR,0.445100864421607,0.287237914344002,1.54958952907778,0.121240067759196,-0.117885447692638,1.00808717653585
B23,tr_10::overall_order_sensitive,cv_train,0.0,M_condition,condition_idB23.c_noSPA,0.741290661043434,0.321157572919554,2.30818365671582,0.020988923780184,0.111821818121109,1.37075950396576
B23,tr_10::overall_order_sensitive,cv_train,0.0,M_condition,condition_idB23.c_noTUR,0.822459347968533,0.287862929793649,2.85712143817234,0.0042750224439558,0.258248005572982,1.38667069036408
B23,tr_10::overall_order_sensitive,cv_train,0.0,M_condition,test_talker_idB23.FAR.FAR,-0.896224577596967,0.426065157276458,-2.1034918305123,0.035422798675847,-1.73131228585882,-0.0611368693351094
B23,tr_10::overall_order_sensitive,cv_train,0.0,M_condition,test_talker_idB23.SPA.SPA,-0.807836338620394,0.426695468703836,-1.89323861599548,0.0583261441866295,-1.64415945727991,0.0284867800391246
B23,tr_10::overall_order_sensitive,cv_train,0.0,M_condition,test_talker_idB23.TUR.TUR,-1.80030629393258,0.425714692594678,-4.22890336004128,2.34833185047379e-05,-2.63470709141815,-0.965905496447006
B23,tr_10::overall_order_sensitive,cv_train,0.0,M_joint,(Intercept),1.3491705359141,0.475564048252282,2.83699018223172,0.0045541012344543,0.417065001339625,2.28127607048857
B23,tr_10::overall_order_sensitive,cv_train,0.0,M_joint,condition_idB23.b_FAR,-0.864388830309105,0.853299043061656,-1.01299636667546,0.31106189639176,-2.53685495470995,0.80807729409174
B23,tr_10::overall_order_sensitive,cv_train,0.0,M_joint,condition_idB23.b_SPA,-9.40413787149128,5.70047053716712,-1.64971256498498,0.09900173904982,-20.5770601243388,1.76878438135627
B23,tr_10::overall_order_sensitive,cv_train,0.0,M_joint,condition_idB23.b_TUR,17.5289740332737,10.1112813577252,1.73360560478136,0.0829880853270646,-2.28913742786768,37.3470854944151
B23,tr_10::overall_order_sensitive,cv_train,0.0,M_joint,condition_idB23.c_noBRP,2.96607570462574,1.63291334775171,1.81643178354173,0.0693041633571379,-0.234434456967608,6.16658586621909
B23,tr_10::overall_order_sensitive,cv_train,0.0,M_joint,condition_idB23.c_noFAR,-0.211557239596026,0.472966606479603,-0.447298470331116,0.654659571304437,-1.13857178829605,0.715457309103997
B23,tr_10::overall_order_sensitive,cv_train,0.0,M_joint,condition_idB23.c_noSPA,4.16080185296784,1.97372089344601,2.10810042432256,0.0350223037564914,0.292308901813655,8.02929480412203
B23,tr_10::overall_order_sensitive,cv_train,0.0,M_joint,condition_idB23.c_noTUR,-4.63166476635183,3.12672119719274,-1.48131684094836,0.138522162852849,-10.7600383128496,1.49670878014595
B23,tr_10::overall_order_sensitive,cv_train,0.0,M_joint,test_talker_idB23.FAR.FAR,-0.896239122854306,0.425856727729267,-2.10455551009653,0.0353300178047416,-1.73091830920367,-0.0615599365049425
B23,tr_10::overall_order_sensitive,cv_train,0.0,M_joint,test_talker_idB23.SPA.SPA,-0.807851001438281,0.426537118587148,-1.89397584930988,0.0582282155568936,-1.64386375386909,0.028161750992529
B23,tr_10::overall_order_sensitive,cv_train,0.0,M_joint,test_talker_idB23.TUR.TUR,-1.80031863595317,0.425507443414477,-4.2309921102826,2.32662833656961e-05,-2.63431322504555,-0.966324046860797
B23,tr_10::overall_order_sensitive,cv_train,0.0,M_joint,variability_z,-8.08531142862923,4.61357904550196,-1.75250306733382,0.0796873428958416,-17.1279263578131,0.957303500554618
B23,tr_10::overall_order_sensitive,cv_train,0.0,M_null,(Intercept),2.2553376408131,0.314257066134918,7.17672849349657,7.13992784334819e-13,1.63939379118866,2.87128149043754
B23,tr_10::overall_order_sensitive,cv_train,0.0,M_null,test_talker_idB23.FAR.FAR,-0.896260396564136,0.426198654682134,-2.10291700060053,0.0354730254623015,-1.73160975974112,-0.0609110333871522
B23,tr_10::overall_order_sensitive,cv_train,0.0,M_null,test_talker_idB23.SPA.SPA,-0.80784813294088,0.426822309378151,-1.89270362675713,0.0583972938416885,-1.64441985932206,0.0287235934402955
B23,tr_10::overall_order_sensitive,cv_train,0.0,M_null,test_talker_idB23.TUR.TUR,-1.80035586065125,0.425870781113444,-4.22746978777037,2.36333896103884e-05,-2.6350625916336,-0.965649129668902
B23,tr_10::overall_order_sensitive,cv_train,0.0,M_predictor,(Intercept),2.25530821712246,0.312630423994192,7.21397549319882,5.43415400415305e-13,1.64255258609384,2.86806384815107
B23,tr_10::overall_order_sensitive,cv_train,0.0,M_predictor,test_talker_idB23.FAR.FAR,-0.896232948943587,0.426025539874487,-2.10370709044258,0.0354040055795364,-1.73124300709758,-0.061222890789593
B23,tr_10::overall_order_sensitive,cv_train,0.0,M_predictor,test_talker_idB23.SPA.SPA,-0.807824261974735,0.426677710422148,-1.89328910848305,0.0583194327758061,-1.64411257440214,0.0284640504526739
B23,tr_10::overall_order_sensitive,cv_train,0.0,M_predictor,test_talker_idB23.TUR.TUR,-1.80031337164341,0.425793895536688,-4.22813335398862,2.35638122088011e-05,-2.63486940689532,-0.965757336391506
B23,tr_10::overall_order_sensitive,cv_train,0.0,M_predictor,variability_z,-0.24603692888218,0.0792643139252382,-3.10400628855806,0.001909192729482,-0.401394984175647,-0.0906788735887131
B23,tr_10::overall_order_sensitive,cv_train,1.0,M_condition,(Intercept),2.20389578083479,0.392258439434487,5.61847893957901,1.92645871682162e-08,1.4350692395432,2.97272232212639
B23,tr_10::overall_order_sensitive,cv_train,1.0,M_condition,condition_idB23.b_FAR,0.22063795905533,0.41326266674962,0.533892792181507,0.593415709164046,-0.589356867773924,1.03063278588458
B23,tr_10::overall_order_sensitive,cv_train,1.0,M_condition,condition_idB23.b_SPA,0.165809597157594,0.358122552063395,0.462996804312515,0.643366657734277,-0.53611060488666,0.867729799201849
B23,tr_10::overall_order_sensitive,cv_train,1.0,M_condition,condition_idB23.b_TUR,-0.189919980448583,0.367682610568743,-0.516532397751442,0.605482617386403,-0.91057789716332,0.530737936266154
B23,tr_10::overall_order_sensitive,cv_train,1.0,M_condition,condition_idB23.c_noBRP,0.1582032902105,0.367790302781308,0.430145354605964,0.667089909601433,-0.562665703240862,0.879072283661863
B23,tr_10::overall_order_sensitive,cv_train,1.0,M_condition,condition_idB23.c_noFAR,-0.0343556135612886,0.438169862940341,-0.0784070664530534,0.937504252621459,-0.893168544924357,0.82445731780178
B23,tr_10::overall_order_sensitive,cv_train,1.0,M_condition,condition_idB23.c_noSPA,0.373275425698481,0.413492363751051,0.90273837783185,0.366664762904964,-0.437169607253579,1.18372045865054
B23,tr_10::overall_order_sensitive,cv_train,1.0,M_condition,condition_idB23.c_noTUR,0.20611998666136,0.413161951494308,0.498884241193732,0.617860936453273,-0.603677438267485,1.0159174115902
B23,tr_10::overall_order_sensitive,cv_train,1.0,M_condition,test_talker_idB23.FAR.FAR,-0.907683509207791,0.422210624414888,-2.14983578507927,0.0315682064893159,-1.73521633306097,-0.0801506853546107
B23,tr_10::overall_order_sensitive,cv_train,1.0,M_condition,test_talker_idB23.SPA.SPA,-0.962341389360373,0.422657393394924,-2.27688289474964,0.0227932196053814,-1.79074988041442,-0.133932898306322
B23,tr_10::overall_order_sensitive,cv_train,1.0,M_condition,test_talker_idB23.TUR.TUR,-1.85405947564124,0.422016013480909,-4.39333915400136,1.11622782673972e-05,-2.68121086206383,-1.02690808921866
B23,tr_10::overall_order_sensitive,cv_train,1.0,M_joint,(Intercept),1.46647286829182,0.933403332955353,1.57110309821656,0.116158703079177,-0.362997664300669,3.29594340088432
B23,tr_10::overall_order_sensitive,cv_train,1.0,M_joint,condition_idB23.b_FAR,-0.754326009122246,1.19336974927145,-0.632097478239885,0.527323182927703,-3.09333071769428,1.58467869944979
B23,tr_10::overall_order_sensitive,cv_train,1.0,M_joint,condition_idB23.b_SPA,-6.94813044807278,8.18332416988706,-0.849059661309821,0.395848095045206,-22.9874458210514,9.09118492490587
B23,tr_10::overall_order_sensitive,cv_train,1.0,M_joint,condition_idB23.b_TUR,12.4936292556834,14.5810034289019,0.85684289950299,0.391531713318593,-16.0851374649644,41.0723959763311
B23,tr_10::overall_order_sensitive,cv_train,1.0,M_joint,condition_idB23.c_noBRP,2.20538736615038,2.38222102321759,0.925769416295231,0.354565824303064,-2.4637658393561,6.87454057165687
B23,tr_10::overall_order_sensitive,cv_train,1.0,M_joint,condition_idB23.c_noFAR,-0.459147373170967,0.655517509923428,-0.700434948296959,0.483655717167983,-1.74396169262089,0.825666946278951
B23,tr_10::overall_order_sensitive,cv_train,1.0,M_joint,condition_idB23.c_noSPA,2.84877215824112,2.87603006809006,0.990522383562199,0.321918854041198,-2.7882467752154,8.48579109169763
B23,tr_10::overall_order_sensitive,cv_train,1.0,M_joint,condition_idB23.c_noTUR,-3.68299751803192,4.48608671236667,-0.820982240017587,0.411656384466992,-12.4757274742706,5.10973243820675
B23,tr_10::overall_order_sensitive,cv_train,1.0,M_joint,test_talker_idB23.FAR.FAR,-0.907678531352189,0.42223972654021,-2.14967582228611,0.0315808662041175,-1.735268395371,-0.0800886673333769
B23,tr_10::overall_order_sensitive,cv_train,1.0,M_joint,test_talker_idB23.SPA.SPA,-0.962322605502107,0.422563443721672,-2.27734466812031,0.0227656515047856,-1.79054695519658,-0.134098255807629
B23,tr_10::overall_order_sensitive,cv_train,1.0,M_joint,test_talker_idB23.TUR.TUR,-1.85404230087652,0.421939166257777,-4.3940986026972,1.11233323346251e-05,-2.68104306674176,-1.02704153501128
B23,tr_10::overall_order_sensitive,cv_train,1.0,M_joint,variability_z,-5.8579171757659,6.73313452313977,-0.870013387618203,0.384293088065766,-19.0548608411198,7.33902648958804
B23,tr_10::overall_order_sensitive,cv_train,1.0,M_null,(Intercept),2.30233127300746,0.317515818700865,7.25107581230938,4.13474152531138e-13,1.68000026835376,2.92466227766115
B23,tr_10::overall_order_sensitive,cv_train,1.0,M_null,test_talker_idB23.FAR.FAR,-0.907610592227868,0.422166233012951,-2.14988912246808,0.0315639862496196,-1.73505640893325,-0.0801647755224845
B23,tr_10::overall_order_sensitive,cv_train,1.0,M_null,test_talker_idB23.SPA.SPA,-0.962261837040432,0.42263165633941,-2.27683331952695,0.0227961809943197,-1.79061988346568,-0.133903790615189
B23,tr_10::overall_order_sensitive,cv_train,1.0,M_null,test_talker_idB23.TUR.TUR,-1.8539978598329,0.421879642134164,-4.39461323721162,1.10970147029422e-05,-2.68088195841586,-1.02711376124993
B23,tr_10::overall_order_sensitive,cv_train,1.0,M_predictor,(Intercept),2.30231717776158,0.317312951072422,7.25566722057968,3.99686648058429e-13,1.68038379365963,2.92425056186352
B23,tr_10::overall_order_sensitive,cv_train,1.0,M_predictor,test_talker_idB23.FAR.FAR,-0.907639857343069,0.422257847569212,-2.14949198118644,0.0315954210643274,-1.73526523857873,-0.0800144761074133
B23,tr_10::overall_order_sensitive,cv_train,1.0,M_predictor,test_talker_idB23.SPA.SPA,-0.962295708914083,0.422611937586676,-2.27701970372458,0.0227850490192324,-1.79061510658397,-0.133976311244198
B23,tr_10::overall_order_sensitive,cv_train,1.0,M_predictor,test_talker_idB23.TUR.TUR,-1.85402537678696,0.422056458642118,-4.39283735344771,1.11880829159734e-05,-2.68125603572551,-1.02679471784841
B23,tr_10::overall_order_sensitive,cv_train,1.0,M_predictor,variability_z,-0.0996155855974355,0.103921629363498,-0.958564508731853,0.33777817922799,-0.303301979149892,0.104070807955021
B23,tr_10::overall_order_sensitive,cv_train,2.0,M_condition,(Intercept),2.33653085247934,0.405248577274958,5.7656731781541,8.13325366450924e-09,1.54224364102042,3.13081806393825
B23,tr_10::overall_order_sensitive,cv_train,2.0,M_condition,condition_idB23.b_FAR,0.113664634692987,0.357577858724842,0.3178738054373,0.750580663065381,-0.587187968407704,0.814517237793678
B23,tr_10::overall_order_sensitive,cv_train,2.0,M_condition,condition_idB23.b_SPA,0.044794001094437,0.339477434025774,0.13194986353949,0.895023947994411,-0.62058176959608,0.710169771784954
B23,tr_10::overall_order_sensitive,cv_train,2.0,M_condition,condition_idB23.b_TUR,-0.160579719930046,0.369757931623864,-0.434283368107424,0.664082679923412,-0.88530526591282,0.564145826052728
B23,tr_10::overall_order_sensitive,cv_train,2.0,M_condition,condition_idB23.c_noBRP,0.279516031627007,0.429633693932415,0.650591505216015,0.515310215404535,-0.562566008480527,1.12159807173454
B23,tr_10::overall_order_sensitive,cv_train,2.0,M_condition,condition_idB23.c_noFAR,0.0479695531623004,0.369830719962424,0.129706783598654,0.896798415376059,-0.67689865796405,0.772837764288651
B23,tr_10::overall_order_sensitive,cv_train,2.0,M_condition,condition_idB23.c_noSPA,0.267247024257593,0.384822133149158,0.694468953931003,0.487388164036101,-0.487004356714757,1.02149840522994
B23,tr_10::overall_order_sensitive,cv_train,2.0,M_condition,condition_idB23.c_noTUR,0.405811636989582,0.357947003724496,1.1337198880478,0.256912064515286,-0.29576449031043,1.10738776428959
B23,tr_10::overall_order_sensitive,cv_train,2.0,M_condition,test_talker_idB23.FAR.FAR,-1.00655889323661,0.459808341483938,-2.18908358640938,0.028590765288184,-1.90778324254513,-0.105334543928089
B23,tr_10::overall_order_sensitive,cv_train,2.0,M_condition,test_talker_idB23.SPA.SPA,-0.951833844876906,0.460783388968105,-2.06568610688957,0.0388581279647102,-1.85496928725439,-0.0486984024994213
B23,tr_10::overall_order_sensitive,cv_train,2.0,M_condition,test_talker_idB23.TUR.TUR,-2.00036199754424,0.45941732110422,-4.35412838317963,1.33597399488766e-05,-2.90081994690851,-1.09990404817996
B23,tr_10::overall_order_sensitive,cv_train,2.0,M_joint,(Intercept),2.29552813597919,0.408362199838296,5.62130416793763,1.89521250269581e-08,1.49513822429613,3.09591804766225
B23,tr_10::overall_order_sensitive,cv_train,2.0,M_joint,condition_idB23.b_FAR,-0.912546517247811,1.16055466363022,-0.78630205525465,0.431690548695407,-3.18723365796304,1.36214062346742
B23,tr_10::overall_order_sensitive,cv_train,2.0,M_joint,condition_idB23.b_SPA,-7.29849190762784,7.94178181653484,-0.918999297164312,0.358095939821883,-22.8643842680361,8.26740045278045
B23,tr_10::overall_order_sensitive,cv_train,2.0,M_joint,condition_idB23.b_TUR,12.8984505542856,14.1348819578529,0.912526230692683,0.361491767736773,-14.8059180831062,40.6028191916773
B23,tr_10::overall_order_sensitive,cv_train,2.0,M_joint,condition_idB23.c_noBRP,2.38481937094236,2.32366136801184,1.02631967108996,0.304740928039307,-2.16955691036084,6.93919565224556
B23,tr_10::overall_order_sensitive,cv_train,2.0,M_joint,condition_idB23.c_noFAR,-0.421250563023933,0.622253141150422,-0.676976193716153,0.49842105900345,-1.64086671967876,0.798365593630895
B23,tr_10::overall_order_sensitive,cv_train,2.0,M_joint,condition_idB23.c_noSPA,2.81842114106993,2.79149859739595,1.00964447687672,0.312665652532732,-2.65291610982614,8.289758391966
B23,tr_10::overall_order_sensitive,cv_train,2.0,M_joint,condition_idB23.c_noTUR,-3.62777705364788,4.37016219709548,-0.830124121264651,0.406468610477777,-12.193294959955,4.93774085265926
B23,tr_10::overall_order_sensitive,cv_train,2.0,M_joint,test_talker_idB23.FAR.FAR,-1.00659365767014,0.460230402019498,-2.18715159462129,0.0287314592018684,-1.90864524562836,-0.104542069711928
B23,tr_10::overall_order_sensitive,cv_train,2.0,M_joint,test_talker_idB23.SPA.SPA,-0.951879236004289,0.461099745770018,-2.06436729739395,0.038982904691565,-1.85563473771353,-0.0481237342950532
B23,tr_10::overall_order_sensitive,cv_train,2.0,M_joint,test_talker_idB23.TUR.TUR,-2.00040085989704,0.45996830388612,-4.34899718740686,1.36761466044365e-05,-2.90193873551383,-1.09886298428024
B23,tr_10::overall_order_sensitive,cv_train,2.0,M_joint,variability_z,-5.66646956893592,6.12890532841385,-0.924548392461854,0.355200868204552,-17.6791240126271,6.34618487475523
B23,tr_10::overall_order_sensitive,cv_train,2.0,M_null,(Intercept),2.44739521514906,0.341564765174436,7.16524496869336,7.76475804105669e-13,1.77792827540716,3.11686215489096
B23,tr_10::overall_order_sensitive,cv_train,2.0,M_null,test_talker_idB23.FAR.FAR,-1.00647135365458,0.460108566994909,-2.18746492861047,0.028708600779874,-1.9082841449646,-0.104658562344561
B23,tr_10::overall_order_sensitive,cv_train,2.0,M_null,test_talker_idB23.SPA.SPA,-0.951746563116352,0.46096342754843,-2.06468996505446,0.0389523446811336,-1.85523488111127,-0.0482582451214294
B23,tr_10::overall_order_sensitive,cv_train,2.0,M_null,test_talker_idB23.TUR.TUR,-2.00026999942614,0.459721463557232,-4.35104766253125,1.3548859356079e-05,-2.90132406799831,-1.09921593085396
B23,tr_10::overall_order_sensitive,cv_train,2.0,M_predictor,(Intercept),2.44740428545237,0.341489803311747,7.16684440272476,7.67461733583371e-13,1.77808427096135,3.1167242999434
B23,tr_10::overall_order_sensitive,cv_train,2.0,M_predictor,test_talker_idB23.FAR.FAR,-1.00649224328557,0.460241094546784,-2.18688043117205,0.0287512538362754,-1.90856478859726,-0.104419697973869
B23,tr_10::overall_order_sensitive,cv_train,2.0,M_predictor,test_talker_idB23.SPA.SPA,-0.951763077626007,0.460914672657391,-2.06494419485204,0.0389282807895556,-1.85515583603449,-0.0483703192175199
B23,tr_10::overall_order_sensitive,cv_train,2.0,M_predictor,test_talker_idB23.TUR.TUR,-2.00029381216966,0.459865912776924,-4.34973272989681,1.36303557279927e-05,-2.90163100121243,-1.09895662312689
B23,tr_10::overall_order_sensitive,cv_train,2.0,M_predictor,variability_z,-0.0756505767190854,0.0983444927064372,-0.769240601452953,0.441750491622074,-0.268405782423702,0.117104628985532
B23,tr_10::overall_order_sensitive,full,,M_condition,(Intercept),2.15500921522717,0.359145093947985,6.00038605995626,1.9684894092453802e-09,1.45108483108912,2.85893359936522
B23,tr_10::overall_order_sensitive,full,,M_condition,condition_idB23.b_FAR,0.286676132487048,0.290958775835012,0.985280927390235,0.324486098514997,-0.283603068149575,0.856955333123672
B23,tr_10::overall_order_sensitive,full,,M_condition,condition_idB23.b_SPA,0.265307977241502,0.262815640856884,1.00948321179246,0.312742949024237,-0.24981067883799,0.780426633320995
B23,tr_10::overall_order_sensitive,full,,M_condition,condition_idB23.b_TUR,-0.183357800279349,0.277239837001576,-0.661368879243376,0.508375778716754,-0.726747880802438,0.360032280243741
B23,tr_10::overall_order_sensitive,full,,M_condition,condition_idB23.c_noBRP,0.172422097829746,0.291067304196493,0.592378791241177,0.553596965183821,-0.39806981839538,0.742914014054872
B23,tr_10::overall_order_sensitive,full,,M_condition,condition_idB23.c_noFAR,0.167273314473871,0.299509687100788,0.558490498564682,0.576509490823182,-0.419765672243674,0.754312301191416
B23,tr_10::overall_order_sensitive,full,,M_condition,condition_idB23.c_noSPA,0.451069413287724,0.309773426631712,1.45612688019234,0.145357548014756,-0.156086502910431,1.05822532948588
B23,tr_10::overall_order_sensitive,full,,M_condition,condition_idB23.c_noTUR,0.49100146724397,0.291200462338146,1.68612873517286,0.0917710064055328,-0.0797514389387965,1.06175437342674
B23,tr_10::overall_order_sensitive,full,,M_condition,test_talker_idB23.FAR.FAR,-0.944388756646851,0.433558867313449,-2.1782249836078,0.0293892909240249,-1.79416413658121,-0.0946133767124924
B23,tr_10::overall_order_sensitive,full,,M_condition,test_talker_idB23.SPA.SPA,-0.917414703022129,0.433954085732105,-2.11408241836092,0.034508228561102,-1.76796471105705,-0.0668646949872029
B23,tr_10::overall_order_sensitive,full,,M_condition,test_talker_idB23.TUR.TUR,-1.89223710964451,0.433245182340952,-4.36758950075381,1.25625322666186e-05,-2.74139766703278,-1.04307655225624
B23,tr_10::overall_order_sensitive,full,,M_joint,(Intercept),1.72120407008883,0.593382982257472,2.90066301453518,0.0037237409537775,0.558173424864187,2.88423471531348
B23,tr_10::overall_order_sensitive,full,,M_joint,condition_idB23.b_FAR,-0.840710440006032,1.27869681914523,-0.657474412557013,0.510875918350912,-3.34695620553068,1.66553532551862
B23,tr_10::overall_order_sensitive,full,,M_joint,condition_idB23.b_SPA,-7.82407516923713,8.94335043762019,-0.874848327124158,0.381656437909146,-25.3530420269727,9.70489168849844
B23,tr_10::overall_order_sensitive,full,,M_joint,condition_idB23.b_TUR,14.2068889544094,15.9087188873635,0.893025331266245,0.371843607403943,-16.9742000648231,45.3879779736418
B23,tr_10::overall_order_sensitive,full,,M_joint,condition_idB23.c_noBRP,2.48286902973284,2.57247710709762,0.965166618152773,0.334461364053896,-2.55918610017849,7.52492415964416
B23,tr_10::overall_order_sensitive,full,,M_joint,condition_idB23.c_noFAR,-0.346574852341433,0.639984922435326,-0.541535964664005,0.588138215479524,-1.60094530031467,0.907795595631807
B23,tr_10::overall_order_sensitive,full,,M_joint,condition_idB23.c_noSPA,3.25122243126559,3.11072974088165,1.04516390110576,0.295947224424076,-2.84580786086244,9.34825272339362
B23,tr_10::overall_order_sensitive,full,,M_joint,condition_idB23.c_noTUR,-3.9397770829232,4.90505969763027,-0.803206755022082,0.421855241807936,-13.5536940902785,5.67413992443213
B23,tr_10::overall_order_sensitive,full,,M_joint,test_talker_idB23.FAR.FAR,-0.942800496397833,0.433998436559085,-2.17235919989191,0.0298285799339326,-1.79343743205364,-0.0921635607420273
B23,tr_10::overall_order_sensitive,full,,M_joint,test_talker_idB23.SPA.SPA,-0.916288639587462,0.434515519008615,-2.10875929512956,0.0349653637643254,-1.76793905684435,-0.0646382223305775
B23,tr_10::overall_order_sensitive,full,,M_joint,test_talker_idB23.TUR.TUR,-1.89094174533623,0.433674557421573,-4.36027826160448,1.29897153582658e-05,-2.74094387788251,-1.04093961278994
B23,tr_10::overall_order_sensitive,full,,M_joint,variability_z,-6.48838731205133,7.17168131815744,-0.904723317198141,0.365611985033505,-20.5448826956399,7.56810807153724
B23,tr_10::overall_order_sensitive,full,,M_null,(Intercept),2.3410383984251,0.317712181470546,7.36842505562581,1.72655547077915e-13,1.71832252274283,2.96375427410737
B23,tr_10::overall_order_sensitive,full,,M_null,test_talker_idB23.FAR.FAR,-0.944266031665579,0.433978682640251,-2.1758350569683,0.0295675962922733,-1.79486424964047,-0.093667813690688
B23,tr_10::overall_order_sensitive,full,,M_null,test_talker_idB23.SPA.SPA,-0.917289334773626,0.434197924184003,-2.11260644900021,0.0346344662892849,-1.76831726617427,-0.0662614033729813
B23,tr_10::overall_order_sensitive,full,,M_null,test_talker_idB23.TUR.TUR,-1.89211787855339,0.433608395535599,-4.36365600397618,1.27906652307506e-05,-2.74199033380317,-1.04224542330362
B23,tr_10::overall_order_sensitive,full,,M_predictor,(Intercept),2.34101937657472,0.317226523706314,7.37964577874333,1.58711217554482e-13,1.71925539011034,2.96278336303909
B23,tr_10::overall_order_sensitive,full,,M_predictor,test_talker_idB23.FAR.FAR,-0.944269178725665,0.433615215432151,-2.17766615450656,0.0294309004424461,-1.79415500097268,-0.0943833564786496
B23,tr_10::overall_order_sensitive,full,,M_predictor,test_talker_idB23.SPA.SPA,-0.917294227343635,0.434038762784898,-2.11339241098664,0.0345671949777178,-1.76801020240204,-0.066578252285235
B23,tr_10::overall_order_sensitive,full,,M_predictor,test_talker_idB23.TUR.TUR,-1.89212071418968,0.433397258272252,-4.36578838023264,1.26665066420812e-05,-2.7415793404033,-1.04266208797607
B23,tr_10::overall_order_sensitive,full,,M_predictor,variability_z,-0.142002764573771,0.0771008246944441,-1.84178009945468,0.0655073221339839,-0.293120380974882,0.0091148518273392
B23,tr_12::overall_order_sensitive,cv_train,0.0,M_condition,(Intercept),1.91567003073818,0.351076412940333,5.45656147815251,4.85443249802039e-08,1.22756026137513,2.60377980010124
B23,tr_12::overall_order_sensitive,cv_train,0.0,M_condition,condition_idB23.b_FAR,0.541177139369604,0.28720148539483,1.88431177027382,0.0595228162420455,-0.021737772004263,1.10409205074347
B23,tr_12::overall_order_sensitive,cv_train,0.0,M_condition,condition_idB23.b_SPA,0.573274953708191,0.253384275984462,2.26247248958473,0.0236682266692452,0.0766417727786445,1.06990813463774
B23,tr_12::overall_order_sensitive,cv_train,0.0,M_condition,condition_idB23.b_TUR,-0.192140124239278,0.266060386214119,-0.722167350703041,0.470191593963392,-0.713618481218952,0.329338232740395
B23,tr_12::overall_order_sensitive,cv_train,0.0,M_condition,condition_idB23.c_noBRP,0.14109828451137,0.275661857067429,0.511852767780113,0.608754056588046,-0.399198955340792,0.681395524363531
B23,tr_12::overall_order_sensitive,cv_train,0.0,M_condition,condition_idB23.c_noFAR,0.445100864421607,0.287237914344002,1.54958952907778,0.121240067759196,-0.117885447692638,1.00808717653585
B23,tr_12::overall_order_sensitive,cv_train,0.0,M_condition,condition_idB23.c_noSPA,0.741290661043434,0.321157572919554,2.30818365671582,0.020988923780184,0.111821818121109,1.37075950396576
B23,tr_12::overall_order_sensitive,cv_train,0.0,M_condition,condition_idB23.c_noTUR,0.822459347968533,0.287862929793649,2.85712143817234,0.0042750224439558,0.258248005572982,1.38667069036408
B23,tr_12::overall_order_sensitive,cv_train,0.0,M_condition,test_talker_idB23.FAR.FAR,-0.896224577596967,0.426065157276458,-2.1034918305123,0.035422798675847,-1.73131228585882,-0.0611368693351094
B23,tr_12::overall_order_sensitive,cv_train,0.0,M_condition,test_talker_idB23.SPA.SPA,-0.807836338620394,0.426695468703836,-1.89323861599548,0.0583261441866295,-1.64415945727991,0.0284867800391246
B23,tr_12::overall_order_sensitive,cv_train,0.0,M_condition,test_talker_idB23.TUR.TUR,-1.80030629393258,0.425714692594678,-4.22890336004128,2.34833185047379e-05,-2.63470709141815,-0.965905496447006
B23,tr_12::overall_order_sensitive,cv_train,0.0,M_joint,(Intercept),2.60726977514544,1.677548874009,1.55421389834956,0.120133403381662,-0.680726017912194,5.89526556820308
B23,tr_12::overall_order_sensitive,cv_train,0.0,M_joint,condition_idB23.b_FAR,-1.28952508316123,4.35879866360782,-0.295844149427603,0.767349104948047,-9.83277046383255,7.25372029751009
B23,tr_12::overall_order_sensitive,cv_train,0.0,M_joint,condition_idB23.b_SPA,-2.53368289732275,7.3872831396333,-0.342978988273694,0.731614267401022,-17.012757851004,11.9453920563585
B23,tr_12::overall_order_sensitive,cv_train,0.0,M_joint,condition_idB23.b_TUR,3.84993605283037,9.61331102440873,0.400479714331011,0.688803221762149,-14.9921535550107,22.6920256606715
B23,tr_12::overall_order_sensitive,cv_train,0.0,M_joint,condition_idB23.c_noBRP,-0.348114950684623,1.19264470307288,-0.291884875510449,0.770374647795106,-2.68569856870746,1.98946866733821
B23,tr_12::overall_order_sensitive,cv_train,0.0,M_joint,condition_idB23.c_noFAR,-0.774424953828252,2.91105562954273,-0.266028909227647,0.790216944652644,-6.480093987732,4.93124408007549
B23,tr_12::overall_order_sensitive,cv_train,0.0,M_joint,condition_idB23.c_noSPA,0.232231401741772,1.24895178962551,0.185941045659901,0.852490993660409,-2.21571410592423,2.68017690940777
B23,tr_12::overall_order_sensitive,cv_train,0.0,M_joint,condition_idB23.c_noTUR,-1.9412533569419,6.57299328688302,-0.295337796984494,0.767735845701406,-14.8243201992326,10.9418134853488
B23,tr_12::overall_order_sensitive,cv_train,0.0,M_joint,test_talker_idB23.FAR.FAR,-0.896221760684487,0.425850918183579,-2.10454345033991,0.0353310685696681,-1.7308895603243,-0.0615539610446725
B23,tr_12::overall_order_sensitive,cv_train,0.0,M_joint,test_talker_idB23.SPA.SPA,-0.807835125720022,0.426474863896727,-1.89421509708399,0.0581964650227239,-1.64372585895761,0.0280556075175632
B23,tr_12::overall_order_sensitive,cv_train,0.0,M_joint,test_talker_idB23.TUR.TUR,-1.80030266428639,0.425421670018137,-4.23180761856734,2.31820657956765e-05,-2.63412913752194,-0.966476191050843
B23,tr_12::overall_order_sensitive,cv_train,0.0,M_joint,variability_z,-2.19362056586058,5.21475055175181,-0.420656854837222,0.674005670808328,-12.4145316472941,8.02729051557296
B23,tr_12::overall_order_sensitive,cv_train,0.0,M_null,(Intercept),2.2553376408131,0.314257066134918,7.17672849349657,7.13992784334819e-13,1.63939379118866,2.87128149043754
B23,tr_12::overall_order_sensitive,cv_train,0.0,M_null,test_talker_idB23.FAR.FAR,-0.896260396564136,0.426198654682134,-2.10291700060053,0.0354730254623015,-1.73160975974112,-0.0609110333871522
B23,tr_12::overall_order_sensitive,cv_train,0.0,M_null,test_talker_idB23.SPA.SPA,-0.80784813294088,0.426822309378151,-1.89270362675713,0.0583972938416885,-1.64441985932206,0.0287235934402955
B23,tr_12::overall_order_sensitive,cv_train,0.0,M_null,test_talker_idB23.TUR.TUR,-1.80035586065125,0.425870781113444,-4.22746978777037,2.36333896103884e-05,-2.6350625916336,-0.965649129668902
B23,tr_12::overall_order_sensitive,cv_train,0.0,M_predictor,(Intercept),2.25528388345543,0.312050472855972,7.2273048100663,4.92673496021812e-13,1.64366495665772,2.86690281025313
B23,tr_12::overall_order_sensitive,cv_train,0.0,M_predictor,test_talker_idB23.FAR.FAR,-0.896213350278223,0.425941504830873,-2.10407612339652,0.0353718072470177,-1.73105869974674,-0.0613680008097118
B23,tr_12::overall_order_sensitive,cv_train,0.0,M_predictor,test_talker_idB23.SPA.SPA,-0.807813568958023,0.426535573341068,-1.89389495143486,0.0582389547564227,-1.64382329270652,0.0281961547904699
B23,tr_12::overall_order_sensitive,cv_train,0.0,M_predictor,test_talker_idB23.TUR.TUR,-1.80029541648308,0.425593703891239,-4.23008000358752,2.33608215501336e-05,-2.6344590761099,-0.966131756856249
B23,tr_12::overall_order_sensitive,cv_train,0.0,M_predictor,variability_z,-0.283358481908207,0.0772843712284596,-3.66643963590741,0.0002459509431417,-0.434835849515988,-0.131881114300426
B23,tr_12::overall_order_sensitive,cv_train,1.0,M_condition,(Intercept),2.20389578083479,0.392258439434487,5.61847893957901,1.92645871682162e-08,1.4350692395432,2.97272232212639
B23,tr_12::overall_order_sensitive,cv_train,1.0,M_condition,condition_idB23.b_FAR,0.22063795905533,0.41326266674962,0.533892792181507,0.593415709164046,-0.589356867773924,1.03063278588458
B23,tr_12::overall_order_sensitive,cv_train,1.0,M_condition,condition_idB23.b_SPA,0.165809597157594,0.358122552063395,0.462996804312515,0.643366657734277,-0.53611060488666,0.867729799201849
B23,tr_12::overall_order_sensitive,cv_train,1.0,M_condition,condition_idB23.b_TUR,-0.189919980448583,0.367682610568743,-0.516532397751442,0.605482617386403,-0.91057789716332,0.530737936266154
B23,tr_12::overall_order_sensitive,cv_train,1.0,M_condition,condition_idB23.c_noBRP,0.1582032902105,0.367790302781308,0.430145354605964,0.667089909601433,-0.562665703240862,0.879072283661863
B23,tr_12::overall_order_sensitive,cv_train,1.0,M_condition,condition_idB23.c_noFAR,-0.0343556135612886,0.438169862940341,-0.0784070664530534,0.937504252621459,-0.893168544924357,0.82445731780178
B23,tr_12::overall_order_sensitive,cv_train,1.0,M_condition,condition_idB23.c_noSPA,0.373275425698481,0.413492363751051,0.90273837783185,0.366664762904964,-0.437169607253579,1.18372045865054
B23,tr_12::overall_order_sensitive,cv_train,1.0,M_condition,condition_idB23.c_noTUR,0.20611998666136,0.413161951494308,0.498884241193732,0.617860936453273,-0.603677438267485,1.0159174115902
B23,tr_12::overall_order_sensitive,cv_train,1.0,M_condition,test_talker_idB23.FAR.FAR,-0.907683509207791,0.422210624414888,-2.14983578507927,0.0315682064893159,-1.73521633306097,-0.0801506853546107
B23,tr_12::overall_order_sensitive,cv_train,1.0,M_condition,test_talker_idB23.SPA.SPA,-0.962341389360373,0.422657393394924,-2.27688289474964,0.0227932196053814,-1.79074988041442,-0.133932898306322
B23,tr_12::overall_order_sensitive,cv_train,1.0,M_condition,test_talker_idB23.TUR.TUR,-1.85405947564124,0.422016013480909,-4.39333915400136,1.11622782673972e-05,-2.68121086206383,-1.02690808921866
B23,tr_12::overall_order_sensitive,cv_train,1.0,M_joint,(Intercept),4.54089438973693,1.6096269053667,2.82108504436463,0.0047861512723881,1.3860256552182,7.69576312425567
B23,tr_12::overall_order_sensitive,cv_train,1.0,M_joint,condition_idB23.b_FAR,-7.02697032774527,4.85574186469659,-1.44714659954115,0.147855868975197,-16.5442243825506,2.49028372706005
B23,tr_12::overall_order_sensitive,cv_train,1.0,M_joint,condition_idB23.b_SPA,-12.2630653189401,8.30637358363194,-1.47634406223975,0.139851551135022,-28.5435575428587,4.01742690497849
B23,tr_12::overall_order_sensitive,cv_train,1.0,M_joint,condition_idB23.b_TUR,15.9797654468443,10.7976611325543,1.47992840770546,0.138892353558044,-5.18365037296219,37.1431812666507
B23,tr_12::overall_order_sensitive,cv_train,1.0,M_joint,condition_idB23.c_noBRP,-1.79183808031774,1.35380776789968,-1.32355429094458,0.185651114261931,-4.44530130540112,0.861625144765644
B23,tr_12::overall_order_sensitive,cv_train,1.0,M_joint,condition_idB23.c_noFAR,-4.89324350620565,3.27612021637641,-1.49360926431994,0.135277776582219,-11.3144391303034,1.5279521178921
B23,tr_12::overall_order_sensitive,cv_train,1.0,M_joint,condition_idB23.c_noSPA,-1.66124466542967,1.42050246134001,-1.16947679475511,0.242211585252087,-4.44542948965609,1.12294015879676
B23,tr_12::overall_order_sensitive,cv_train,1.0,M_joint,condition_idB23.c_noTUR,-10.8369500412985,7.38376779486537,-1.46767210757013,0.142193310752184,-25.3091349192346,3.63523483663759
B23,tr_12::overall_order_sensitive,cv_train,1.0,M_joint,test_talker_idB23.FAR.FAR,-0.907743437160424,0.422235748439315,-2.14984979484959,0.0315670979407044,-1.73532550410148,-0.0801613702193666
B23,tr_12::overall_order_sensitive,cv_train,1.0,M_joint,test_talker_idB23.SPA.SPA,-0.962391057594663,0.42260798460014,-2.27726662217528,0.0227703088511668,-1.79070270741094,-0.134079407778389
B23,tr_12::overall_order_sensitive,cv_train,1.0,M_joint,test_talker_idB23.TUR.TUR,-1.85411362346509,0.422018997422313,-4.39343639691577,1.11572842135156e-05,-2.68127085841283,-1.02695638851736
B23,tr_12::overall_order_sensitive,cv_train,1.0,M_joint,variability_z,-8.86176195777031,5.91652546717141,-1.49779832892479,0.134185655128333,-20.4581518734263,2.73462795788566
B23,tr_12::overall_order_sensitive,cv_train,1.0,M_null,(Intercept),2.30233127300746,0.317515818700865,7.25107581230938,4.13474152531138e-13,1.68000026835376,2.92466227766115
B23,tr_12::overall_order_sensitive,cv_train,1.0,M_null,test_talker_idB23.FAR.FAR,-0.907610592227868,0.422166233012951,-2.14988912246808,0.0315639862496196,-1.73505640893325,-0.0801647755224845
B23,tr_12::overall_order_sensitive,cv_train,1.0,M_null,test_talker_idB23.SPA.SPA,-0.962261837040432,0.42263165633941,-2.27683331952695,0.0227961809943197,-1.79061988346568,-0.133903790615189
B23,tr_12::overall_order_sensitive,cv_train,1.0,M_null,test_talker_idB23.TUR.TUR,-1.8539978598329,0.421879642134164,-4.39461323721162,1.10970147029422e-05,-2.68088195841586,-1.02711376124993
B23,tr_12::overall_order_sensitive,cv_train,1.0,M_predictor,(Intercept),2.30230368334678,0.317172477469417,7.25883816186029,3.90429263393563e-13,1.68064562750672,2.92396173918683
B23,tr_12::overall_order_sensitive,cv_train,1.0,M_predictor,test_talker_idB23.FAR.FAR,-0.907662800829788,0.422237786125306,-2.14964844610194,0.0315830332360244,-1.73524886163539,-0.0800767400241875
B23,tr_12::overall_order_sensitive,cv_train,1.0,M_predictor,test_talker_idB23.SPA.SPA,-0.962317200150625,0.422598932371542,-2.27714063249117,0.0227778289591807,-1.79061110759885,-0.134023292702403
B23,tr_12::overall_order_sensitive,cv_train,1.0,M_predictor,test_talker_idB23.TUR.TUR,-1.85404296894532,0.421924353840074,-4.39425444886282,1.11153563135268e-05,-2.68101470247186,-1.02707123541877
B23,tr_12::overall_order_sensitive,cv_train,1.0,M_predictor,variability_z,-0.118936706738421,0.103563090689617,-1.14844686409446,0.250784136664216,-0.32192036449007,0.0840469510132288
B23,tr_12::overall_order_sensitive,cv_train,2.0,M_condition,(Intercept),2.33653085247934,0.405248577274958,5.7656731781541,8.13325366450924e-09,1.54224364102042,3.13081806393825
B23,tr_12::overall_order_sensitive,cv_train,2.0,M_condition,condition_idB23.b_FAR,0.113664634692987,0.357577858724842,0.3178738054373,0.750580663065381,-0.587187968407704,0.814517237793678
B23,tr_12::overall_order_sensitive,cv_train,2.0,M_condition,condition_idB23.b_SPA,0.044794001094437,0.339477434025774,0.13194986353949,0.895023947994411,-0.62058176959608,0.710169771784954
B23,tr_12::overall_order_sensitive,cv_train,2.0,M_condition,condition_idB23.b_TUR,-0.160579719930046,0.369757931623864,-0.434283368107424,0.664082679923412,-0.88530526591282,0.564145826052728
B23,tr_12::overall_order_sensitive,cv_train,2.0,M_condition,condition_idB23.c_noBRP,0.279516031627007,0.429633693932415,0.650591505216015,0.515310215404535,-0.562566008480527,1.12159807173454
B23,tr_12::overall_order_sensitive,cv_train,2.0,M_condition,condition_idB23.c_noFAR,0.0479695531623004,0.369830719962424,0.129706783598654,0.896798415376059,-0.67689865796405,0.772837764288651
B23,tr_12::overall_order_sensitive,cv_train,2.0,M_condition,condition_idB23.c_noSPA,0.267247024257593,0.384822133149158,0.694468953931003,0.487388164036101,-0.487004356714757,1.02149840522994
B23,tr_12::overall_order_sensitive,cv_train,2.0,M_condition,condition_idB23.c_noTUR,0.405811636989582,0.357947003724496,1.1337198880478,0.256912064515286,-0.29576449031043,1.10738776428959
B23,tr_12::overall_order_sensitive,cv_train,2.0,M_condition,test_talker_idB23.FAR.FAR,-1.00655889323661,0.459808341483938,-2.18908358640938,0.028590765288184,-1.90778324254513,-0.105334543928089
B23,tr_12::overall_order_sensitive,cv_train,2.0,M_condition,test_talker_idB23.SPA.SPA,-0.951833844876906,0.460783388968105,-2.06568610688957,0.0388581279647102,-1.85496928725439,-0.0486984024994213
B23,tr_12::overall_order_sensitive,cv_train,2.0,M_condition,test_talker_idB23.TUR.TUR,-2.00036199754424,0.45941732110422,-4.35412838317963,1.33597399488766e-05,-2.90081994690851,-1.09990404817996
B23,tr_12::overall_order_sensitive,cv_train,2.0,M_joint,(Intercept),4.29013622491306,2.11983304905463,2.02380853851973,0.0429898553406627,0.13526344876599,8.44500900106012
B23,tr_12::overall_order_sensitive,cv_train,2.0,M_joint,condition_idB23.b_FAR,-4.00250691711617,4.4016927555104,-0.909310835497435,0.363186072622,-12.6298247179166,4.62481088368422
B23,tr_12::overall_order_sensitive,cv_train,2.0,M_joint,condition_idB23.b_SPA,-6.97078080004932,7.48269184118037,-0.931587314833175,0.351549841281709,-21.6368568087628,7.6952952086642
B23,tr_12::overall_order_sensitive,cv_train,2.0,M_joint,condition_idB23.b_TUR,8.96486121751136,9.7390643538022,0.920505388591196,0.35730871839725,-10.1237049159409,28.0534273509637
B23,tr_12::overall_order_sensitive,cv_train,2.0,M_joint,condition_idB23.c_noBRP,-0.803379173098582,1.22814539615412,-0.654140116971758,0.513021537669535,-3.21054414956065,1.60378580336349
B23,tr_12::overall_order_sensitive,cv_train,2.0,M_joint,condition_idB23.c_noFAR,-2.71140653321458,2.96262673102425,-0.91520356068521,0.360084775724754,-8.5181549260221,3.09534185959295
B23,tr_12::overall_order_sensitive,cv_train,2.0,M_joint,condition_idB23.c_noSPA,-0.875405735094959,1.27508713229118,-0.686545815517687,0.492368983588739,-3.37457651438568,1.62376504419576
B23,tr_12::overall_order_sensitive,cv_train,2.0,M_joint,condition_idB23.c_noTUR,-5.83238077174449,6.6582874447584,-0.875958092848022,0.381052816341594,-18.882624163471,7.21786261998196
B23,tr_12::overall_order_sensitive,cv_train,2.0,M_joint,test_talker_idB23.FAR.FAR,-1.00658702372994,0.460237731182522,-2.18710235065613,0.0287350530850201,-1.90865297684768,-0.104521070612197
B23,tr_12::overall_order_sensitive,cv_train,2.0,M_joint,test_talker_idB23.SPA.SPA,-0.951864493258121,0.461302731841133,-2.06342695925315,0.0390720807521193,-1.85601784766674,-0.0477111388495008
B23,tr_12::overall_order_sensitive,cv_train,2.0,M_joint,test_talker_idB23.TUR.TUR,-2.00040207956925,0.459905633948382,-4.3495924639918,1.36390766200261e-05,-2.90181712210808,-1.09898703703042
B23,tr_12::overall_order_sensitive,cv_train,2.0,M_joint,variability_z,-4.73912045134982,5.05345659413785,-0.937797795047322,0.348348334461489,-14.64389537586,5.16565447316036
B23,tr_12::overall_order_sensitive,cv_train,2.0,M_null,(Intercept),2.44739521514906,0.341564765174436,7.16524496869336,7.76475804105669e-13,1.77792827540716,3.11686215489096
B23,tr_12::overall_order_sensitive,cv_train,2.0,M_null,test_talker_idB23.FAR.FAR,-1.00647135365458,0.460108566994909,-2.18746492861047,0.028708600779874,-1.9082841449646,-0.104658562344561
B23,tr_12::overall_order_sensitive,cv_train,2.0,M_null,test_talker_idB23.SPA.SPA,-0.951746563116352,0.46096342754843,-2.06468996505446,0.0389523446811336,-1.85523488111127,-0.0482582451214294
B23,tr_12::overall_order_sensitive,cv_train,2.0,M_null,test_talker_idB23.TUR.TUR,-2.00026999942614,0.459721463557232,-4.35104766253125,1.3548859356079e-05,-2.90132406799831,-1.09921593085396
B23,tr_12::overall_order_sensitive,cv_train,2.0,M_predictor,(Intercept),2.44739203018298,0.341247127080079,7.17190515602103,7.3961177365364e-13,1.77854766110603,3.11623639925994
B23,tr_12::overall_order_sensitive,cv_train,2.0,M_predictor,test_talker_idB23.FAR.FAR,-1.00650243319022,0.460028184193524,-2.18791471430108,0.0286758152738554,-1.90815767420952,-0.104847192170909
B23,tr_12::overall_order_sensitive,cv_train,2.0,M_predictor,test_talker_idB23.SPA.SPA,-0.951778170087552,0.460821568770857,-2.06539414512697,0.0388857221065105,-1.85498844487843,-0.0485678952966727
B23,tr_12::overall_order_sensitive,cv_train,2.0,M_predictor,test_talker_idB23.TUR.TUR,-2.00030542276025,0.459629807104378,-4.35199239005402,1.34905945714305e-05,-2.90117984468483,-1.09943100083567
B23,tr_12::overall_order_sensitive,cv_train,2.0,M_predictor,variability_z,-0.100182040305919,0.0980074829353183,-1.02218766675231,0.306692086920622,-0.292276706859143,0.0919126262473045
B23,tr_12::overall_order_sensitive,full,,M_condition,(Intercept),2.15500921522717,0.359145093947985,6.00038605995626,1.9684894092453802e-09,1.45108483108912,2.85893359936522
B23,tr_12::overall_order_sensitive,full,,M_condition,condition_idB23.b_FAR,0.286676132487048,0.290958775835012,0.985280927390235,0.324486098514997,-0.283603068149575,0.856955333123672
B23,tr_12::overall_order_sensitive,full,,M_condition,condition_idB23.b_SPA,0.265307977241502,0.262815640856884,1.00948321179246,0.312742949024237,-0.24981067883799,0.780426633320995
B23,tr_12::overall_order_sensitive,full,,M_condition,condition_idB23.b_TUR,-0.183357800279349,0.277239837001576,-0.661368879243376,0.508375778716754,-0.726747880802438,0.360032280243741
B23,tr_12::overall_order_sensitive,full,,M_condition,condition_idB23.c_noBRP,0.172422097829746,0.291067304196493,0.592378791241177,0.553596965183821,-0.39806981839538,0.742914014054872
B23,tr_12::overall_order_sensitive,full,,M_condition,condition_idB23.c_noFAR,0.167273314473871,0.299509687100788,0.558490498564682,0.576509490823182,-0.419765672243674,0.754312301191416
B23,tr_12::overall_order_sensitive,full,,M_condition,condition_idB23.c_noSPA,0.451069413287724,0.309773426631712,1.45612688019234,0.145357548014756,-0.156086502910431,1.05822532948588
B23,tr_12::overall_order_sensitive,full,,M_condition,condition_idB23.c_noTUR,0.49100146724397,0.291200462338146,1.68612873517286,0.0917710064055328,-0.0797514389387965,1.06175437342674
B23,tr_12::overall_order_sensitive,full,,M_condition,test_talker_idB23.FAR.FAR,-0.944388756646851,0.433558867313449,-2.1782249836078,0.0293892909240249,-1.79416413658121,-0.0946133767124924
B23,tr_12::overall_order_sensitive,full,,M_condition,test_talker_idB23.SPA.SPA,-0.917414703022129,0.433954085732105,-2.11408241836092,0.034508228561102,-1.76796471105705,-0.0668646949872029
B23,tr_12::overall_order_sensitive,full,,M_condition,test_talker_idB23.TUR.TUR,-1.89223710964451,0.433245182340952,-4.36758950075381,1.25625322666186e-05,-2.74139766703278,-1.04307655225624
B23,tr_12::overall_order_sensitive,full,,M_joint,(Intercept),3.78105730778951,1.74394613663759,2.16810440893522,0.0301507434769683,0.362922879979825,7.1991917355992
B23,tr_12::overall_order_sensitive,full,,M_joint,condition_idB23.b_FAR,-3.83655040297387,4.33130635200958,-0.885772118426543,0.375740337109816,-12.3259108529126,4.65281004696491
B23,tr_12::overall_order_sensitive,full,,M_joint,condition_idB23.b_SPA,-6.76506615258563,7.37620686811135,-0.917147020622783,0.359065604371831,-21.2224316140839,7.69229930891262
B23,tr_12::overall_order_sensitive,full,,M_joint,condition_idB23.b_TUR,8.9623720413266,9.59489896131493,0.934076750308828,0.350264303958242,-9.84362992285067,27.7683740055039
B23,tr_12::overall_order_sensitive,full,,M_joint,condition_idB23.c_noBRP,-0.928497602438572,1.18967011104641,-0.780466445123922,0.435116370828341,-3.26025102008953,1.40325581521239
B23,tr_12::overall_order_sensitive,full,,M_joint,condition_idB23.c_noFAR,-2.59157271402448,2.90639198113255,-0.891680382704128,0.372564271302759,-8.28810099704427,3.10495556899531
B23,tr_12::overall_order_sensitive,full,,M_joint,condition_idB23.c_noSPA,-0.697175260644375,1.24235660556198,-0.561171613305833,0.574680552417491,-3.13219420754586,1.73784368625711
B23,tr_12::overall_order_sensitive,full,,M_joint,condition_idB23.c_noTUR,-5.75947676941311,6.55848749738441,-0.878171494831704,0.379850658714317,-18.6141122642866,7.09515872546033
B23,tr_12::overall_order_sensitive,full,,M_joint,test_talker_idB23.FAR.FAR,-0.944336568755975,0.433611660611823,-2.17783942300704,0.0294179937307214,-1.79421542355515,-0.0944577139568027
B23,tr_12::overall_order_sensitive,full,,M_joint,test_talker_idB23.SPA.SPA,-0.917374148432227,0.434081097219091,-2.11337041467439,0.0345690761459117,-1.76817309898165,-0.066575197882808
B23,tr_12::overall_order_sensitive,full,,M_joint,test_talker_idB23.TUR.TUR,-1.89219262255758,0.4335437083271,-4.36447948895146,1.27425804320011e-05,-2.7419382908787,-1.04244695423647
B23,tr_12::overall_order_sensitive,full,,M_joint,variability_z,-4.91196406630893,5.15113134830416,-0.953569950788778,0.340301372302308,-15.0081815089851,5.18425337636722
B23,tr_12::overall_order_sensitive,full,,M_null,(Intercept),2.3410383984251,0.317712181470546,7.36842505562581,1.72655547077915e-13,1.71832252274283,2.96375427410737
B23,tr_12::overall_order_sensitive,full,,M_null,test_talker_idB23.FAR.FAR,-0.944266031665579,0.433978682640251,-2.1758350569683,0.0295675962922733,-1.79486424964047,-0.093667813690688
B23,tr_12::overall_order_sensitive,full,,M_null,test_talker_idB23.SPA.SPA,-0.917289334773626,0.434197924184003,-2.11260644900021,0.0346344662892849,-1.76831726617427,-0.0662614033729813
B23,tr_12::overall_order_sensitive,full,,M_null,test_talker_idB23.TUR.TUR,-1.89211787855339,0.433608395535599,-4.36365600397618,1.27906652307506e-05,-2.74199033380317,-1.04224542330362
B23,tr_12::overall_order_sensitive,full,,M_predictor,(Intercept),2.34109972211822,0.317113280863934,7.38253445500672,1.55304323445652e-13,1.71955769162491,2.96264175261153
B23,tr_12::overall_order_sensitive,full,,M_predictor,test_talker_idB23.FAR.FAR,-0.944379408491096,0.433665881096583,-2.17766591668015,0.0294309181614013,-1.7943645354404,-0.0943942815417946
B23,tr_12::overall_order_sensitive,full,,M_predictor,test_talker_idB23.SPA.SPA,-0.917396545840409,0.434142329433738,-2.11312393112414,0.03459016188854,-1.76831551153053,-0.0664775801502833
B23,tr_12::overall_order_sensitive,full,,M_predictor,test_talker_idB23.TUR.TUR,-1.89222794395746,0.433513731864731,-4.36486275952129,1.27202594258747e-05,-2.74191485841234,-1.04254102950259
B23,tr_12::overall_order_sensitive,full,,M_predictor,variability_z,-0.169159043804619,0.0765128359787105,-2.21085836959027,0.0270456463073132,-0.319124202322892,-0.0191938852863468
B23,tr_14::overall_order_sensitive,cv_train,0.0,M_condition,(Intercept),1.91567003073818,0.351076412940333,5.45656147815251,4.85443249802039e-08,1.22756026137513,2.60377980010124
B23,tr_14::overall_order_sensitive,cv_train,0.0,M_condition,condition_idB23.b_FAR,0.541177139369604,0.28720148539483,1.88431177027382,0.0595228162420455,-0.021737772004263,1.10409205074347
B23,tr_14::overall_order_sensitive,cv_train,0.0,M_condition,condition_idB23.b_SPA,0.573274953708191,0.253384275984462,2.26247248958473,0.0236682266692452,0.0766417727786445,1.06990813463774
B23,tr_14::overall_order_sensitive,cv_train,0.0,M_condition,condition_idB23.b_TUR,-0.192140124239278,0.266060386214119,-0.722167350703041,0.470191593963392,-0.713618481218952,0.329338232740395
B23,tr_14::overall_order_sensitive,cv_train,0.0,M_condition,condition_idB23.c_noBRP,0.14109828451137,0.275661857067429,0.511852767780113,0.608754056588046,-0.399198955340792,0.681395524363531
B23,tr_14::overall_order_sensitive,cv_train,0.0,M_condition,condition_idB23.c_noFAR,0.445100864421607,0.287237914344002,1.54958952907778,0.121240067759196,-0.117885447692638,1.00808717653585
B23,tr_14::overall_order_sensitive,cv_train,0.0,M_condition,condition_idB23.c_noSPA,0.741290661043434,0.321157572919554,2.30818365671582,0.020988923780184,0.111821818121109,1.37075950396576
B23,tr_14::overall_order_sensitive,cv_train,0.0,M_condition,condition_idB23.c_noTUR,0.822459347968533,0.287862929793649,2.85712143817234,0.0042750224439558,0.258248005572982,1.38667069036408
B23,tr_14::overall_order_sensitive,cv_train,0.0,M_condition,test_talker_idB23.FAR.FAR,-0.896224577596967,0.426065157276458,-2.1034918305123,0.035422798675847,-1.73131228585882,-0.0611368693351094
B23,tr_14::overall_order_sensitive,cv_train,0.0,M_condition,test_talker_idB23.SPA.SPA,-0.807836338620394,0.426695468703836,-1.89323861599548,0.0583261441866295,-1.64415945727991,0.0284867800391246
B23,tr_14::overall_order_sensitive,cv_train,0.0,M_condition,test_talker_idB23.TUR.TUR,-1.80030629393258,0.425714692594678,-4.22890336004128,2.34833185047379e-05,-2.63470709141815,-0.965905496447006
B23,tr_14::overall_order_sensitive,cv_train,0.0,M_joint,(Intercept),-0.138132524569472,1.79070941455205,-0.0771384365586898,0.938513416126686,-3.64792297709149,3.37165792795255
B23,tr_14::overall_order_sensitive,cv_train,0.0,M_joint,condition_idB23.b_FAR,1.07626580750866,0.537756969821012,2.001398155503,0.0453494993022142,0.0222621466594741,2.13026946835784
B23,tr_14::overall_order_sensitive,cv_train,0.0,M_joint,condition_idB23.b_SPA,-1.36709648433008,1.68002615166548,-0.813735240356123,0.415796641243974,-4.65994774159441,1.92575477293425
B23,tr_14::overall_order_sensitive,cv_train,0.0,M_joint,condition_idB23.b_TUR,12.0511949923727,10.4758353280182,1.15038033865817,0.249987254483615,-8.48144225054288,32.5838322352883
B23,tr_14::overall_order_sensitive,cv_train,0.0,M_joint,condition_idB23.c_noBRP,6.28699773116258,5.26303816050762,1.19455674449379,0.232260257889565,-4.02855706343235,16.6025525257575
B23,tr_14::overall_order_sensitive,cv_train,0.0,M_joint,condition_idB23.c_noFAR,4.79610471386237,3.73187449763655,1.28517309917571,0.198731801798664,-2.51836930150526,12.11057872923
B23,tr_14::overall_order_sensitive,cv_train,0.0,M_joint,condition_idB23.c_noSPA,2.59637096580239,1.61704436255121,1.60562754240465,0.1083557701562,-0.57303598479798,5.76577791640277
B23,tr_14::overall_order_sensitive,cv_train,0.0,M_joint,condition_idB23.c_noTUR,-6.03384661733291,5.87294407059099,-1.02739725507478,0.304233443492162,-17.5448169956912,5.47712376102542
B23,tr_14::overall_order_sensitive,cv_train,0.0,M_joint,test_talker_idB23.FAR.FAR,-0.896202965581086,0.426221393371671,-2.10267006658576,0.0354946204122323,-1.73159689658956,-0.0608090345726111
B23,tr_14::overall_order_sensitive,cv_train,0.0,M_joint,test_talker_idB23.SPA.SPA,-0.807808443305788,0.426753722290382,-1.89291481506076,0.0583691987342546,-1.64424573899494,0.0286288523833614
B23,tr_14::overall_order_sensitive,cv_train,0.0,M_joint,test_talker_idB23.TUR.TUR,-1.80028269411994,0.425748465009546,-4.22851247174683,2.35241478284649e-05,-2.63474968553865,-0.965815702701226
B23,tr_14::overall_order_sensitive,cv_train,0.0,M_joint,variability_z,-5.40675837669047,4.62535948705728,-1.16893798024126,0.242428619914596,-14.4724629713227,3.65894621794179
B23,tr_14::overall_order_sensitive,cv_train,0.0,M_null,(Intercept),2.2553376408131,0.314257066134918,7.17672849349657,7.13992784334819e-13,1.63939379118866,2.87128149043754
B23,tr_14::overall_order_sensitive,cv_train,0.0,M_null,test_talker_idB23.FAR.FAR,-0.896260396564136,0.426198654682134,-2.10291700060053,0.0354730254623015,-1.73160975974112,-0.0609110333871522
B23,tr_14::overall_order_sensitive,cv_train,0.0,M_null,test_talker_idB23.SPA.SPA,-0.80784813294088,0.426822309378151,-1.89270362675713,0.0583972938416885,-1.64441985932206,0.0287235934402955
B23,tr_14::overall_order_sensitive,cv_train,0.0,M_null,test_talker_idB23.TUR.TUR,-1.80035586065125,0.425870781113444,-4.22746978777037,2.36333896103884e-05,-2.6350625916336,-0.965649129668902
B23,tr_14::overall_order_sensitive,cv_train,0.0,M_predictor,(Intercept),2.25528765775451,0.312366692975226,7.22000043049843,5.19874096789146e-13,1.64304893952306,2.86752637598595
B23,tr_14::overall_order_sensitive,cv_train,0.0,M_predictor,test_talker_idB23.FAR.FAR,-0.896252512787132,0.425910558979129,-2.10432095164621,0.0353504596355936,-1.73103720838623,-0.0614678171880387
B23,tr_14::overall_order_sensitive,cv_train,0.0,M_predictor,test_talker_idB23.SPA.SPA,-0.80784492564195,0.42646731245594,-1.89427161718382,0.0581889663500827,-1.64372085805559,0.0280310067716912
B23,tr_14::overall_order_sensitive,cv_train,0.0,M_predictor,test_talker_idB23.TUR.TUR,-1.80033944294756,0.425466013341659,-4.23145301032975,2.32186504941991e-05,-2.63425282909721,-0.96642605679791
B23,tr_14::overall_order_sensitive,cv_train,0.0,M_predictor,variability_z,-0.253693392367699,0.0789406790196977,-3.21372194308585,0.0013102649136402,-0.408417123246307,-0.0989696614890918
B23,tr_14::overall_order_sensitive,cv_train,1.0,M_condition,(Intercept),2.20389578083479,0.392258439434487,5.61847893957901,1.92645871682162e-08,1.4350692395432,2.97272232212639
B23,tr_14::overall_order_sensitive,cv_train,1.0,M_condition,condition_idB23.b_FAR,0.22063795905533,0.41326266674962,0.533892792181507,0.593415709164046,-0.589356867773924,1.03063278588458
B23,tr_14::overall_order_sensitive,cv_train,1.0,M_condition,condition_idB23.b_SPA,0.165809597157594,0.358122552063395,0.462996804312515,0.643366657734277,-0.53611060488666,0.867729799201849
B23,tr_14::overall_order_sensitive,cv_train,1.0,M_condition,condition_idB23.b_TUR,-0.189919980448583,0.367682610568743,-0.516532397751442,0.605482617386403,-0.91057789716332,0.530737936266154
B23,tr_14::overall_order_sensitive,cv_train,1.0,M_condition,condition_idB23.c_noBRP,0.1582032902105,0.367790302781308,0.430145354605964,0.667089909601433,-0.562665703240862,0.879072283661863
B23,tr_14::overall_order_sensitive,cv_train,1.0,M_condition,condition_idB23.c_noFAR,-0.0343556135612886,0.438169862940341,-0.0784070664530534,0.937504252621459,-0.893168544924357,0.82445731780178
B23,tr_14::overall_order_sensitive,cv_train,1.0,M_condition,condition_idB23.c_noSPA,0.373275425698481,0.413492363751051,0.90273837783185,0.366664762904964,-0.437169607253579,1.18372045865054
B23,tr_14::overall_order_sensitive,cv_train,1.0,M_condition,condition_idB23.c_noTUR,0.20611998666136,0.413161951494308,0.498884241193732,0.617860936453273,-0.603677438267485,1.0159174115902
B23,tr_14::overall_order_sensitive,cv_train,1.0,M_condition,test_talker_idB23.FAR.FAR,-0.907683509207791,0.422210624414888,-2.14983578507927,0.0315682064893159,-1.73521633306097,-0.0801506853546107
B23,tr_14::overall_order_sensitive,cv_train,1.0,M_condition,test_talker_idB23.SPA.SPA,-0.962341389360373,0.422657393394924,-2.27688289474964,0.0227932196053814,-1.79074988041442,-0.133932898306322
B23,tr_14::overall_order_sensitive,cv_train,1.0,M_condition,test_talker_idB23.TUR.TUR,-1.85405947564124,0.422016013480909,-4.39333915400136,1.11622782673972e-05,-2.68121086206383,-1.02690808921866
B23,tr_14::overall_order_sensitive,cv_train,1.0,M_joint,(Intercept),-4.47847671562821,1.84202476068412,-2.43127932436962,0.0150456104151758,-8.08884524656908,-0.868108184687326
B23,tr_14::overall_order_sensitive,cv_train,1.0,M_joint,condition_idB23.b_FAR,1.74422204006865,0.56363433061685,3.0945986525692,0.0019707938128446,0.639498752059623,2.84894532807768
B23,tr_14::overall_order_sensitive,cv_train,1.0,M_joint,condition_idB23.b_SPA,-5.38365895016972,1.53390424653383,-3.50977511297411,0.0004484858344597,-8.39011127337602,-2.37720662696342
B23,tr_14::overall_order_sensitive,cv_train,1.0,M_joint,condition_idB23.b_TUR,35.2750008261533,9.56952108073017,3.68618246708139,0.0002276431624264,16.5187395079221,54.0312621443844
B23,tr_14::overall_order_sensitive,cv_train,1.0,M_joint,condition_idB23.c_noBRP,18.1140342028766,4.8530748497122,3.73248605550578,0.0001895991960512,8.60200749744069,27.6260609083125
B23,tr_14::overall_order_sensitive,cv_train,1.0,M_joint,condition_idB23.c_noFAR,12.3290099886599,3.35864832479002,3.67082492610496,0.0002417689067373,5.74605927207145,18.9119607052483
B23,tr_14::overall_order_sensitive,cv_train,1.0,M_joint,condition_idB23.c_noSPA,5.63264880122318,1.46917841571235,3.83387663539292,0.0001261394207202,2.75305910642697,8.5122384960194
B23,tr_14::overall_order_sensitive,cv_train,1.0,M_joint,condition_idB23.c_noTUR,-19.8251696723735,5.41449983329548,-3.66149603523159,0.0002507467423784,-30.4375893456326,-9.21274999911436
B23,tr_14::overall_order_sensitive,cv_train,1.0,M_joint,test_talker_idB23.FAR.FAR,-0.907737477476119,0.421937573746233,-2.15135492536643,0.0314481960590065,-1.73473512201874,-0.0807398329335012
B23,tr_14::overall_order_sensitive,cv_train,1.0,M_joint,test_talker_idB23.SPA.SPA,-0.962411041982465,0.422293462507611,-2.2790100426078,0.0226664683296066,-1.79010622849738,-0.134715855467547
B23,tr_14::overall_order_sensitive,cv_train,1.0,M_joint,test_talker_idB23.TUR.TUR,-1.85410497882365,0.421633309283637,-4.39743478041098,1.09537784035154e-05,-2.68050626501957,-1.02770369262772
B23,tr_14::overall_order_sensitive,cv_train,1.0,M_joint,variability_z,-15.7680907612233,4.25239591491055,-3.7080486099458,0.0002088625686154,-24.1027867544479,-7.43339476799859
B23,tr_14::overall_order_sensitive,cv_train,1.0,M_null,(Intercept),2.30233127300746,0.317515818700865,7.25107581230938,4.13474152531138e-13,1.68000026835376,2.92466227766115
B23,tr_14::overall_order_sensitive,cv_train,1.0,M_null,test_talker_idB23.FAR.FAR,-0.907610592227868,0.422166233012951,-2.14988912246808,0.0315639862496196,-1.73505640893325,-0.0801647755224845
B23,tr_14::overall_order_sensitive,cv_train,1.0,M_null,test_talker_idB23.SPA.SPA,-0.962261837040432,0.42263165633941,-2.27683331952695,0.0227961809943197,-1.79061988346568,-0.133903790615189
B23,tr_14::overall_order_sensitive,cv_train,1.0,M_null,test_talker_idB23.TUR.TUR,-1.8539978598329,0.421879642134164,-4.39461323721162,1.10970147029422e-05,-2.68088195841586,-1.02711376124993
B23,tr_14::overall_order_sensitive,cv_train,1.0,M_predictor,(Intercept),2.3023077766526,0.317391645068924,7.25383863255959,4.05122743422614e-13,1.68022015231751,2.92439540098769
B23,tr_14::overall_order_sensitive,cv_train,1.0,M_predictor,test_talker_idB23.FAR.FAR,-0.907662065343758,0.422461613932625,-2.14850778250474,0.0316734388120937,-1.7356868286517,-0.0796373020358125
B23,tr_14::overall_order_sensitive,cv_train,1.0,M_predictor,test_talker_idB23.SPA.SPA,-0.962309360610231,0.422766649803016,-2.27621871559313,0.0228329222923442,-1.79093199422414,-0.133686726996319
B23,tr_14::overall_order_sensitive,cv_train,1.0,M_predictor,test_talker_idB23.TUR.TUR,-1.8540404258243,0.422086172407866,-4.39256376309983,1.12021760367902e-05,-2.68132932374372,-1.02675152790488
B23,tr_14::overall_order_sensitive,cv_train,1.0,M_predictor,variability_z,-0.106419901832665,0.103769703061792,-1.02553923440731,0.305108822696758,-0.309808519833778,0.0969687161684487
B23,tr_14::overall_order_sensitive,cv_train,2.0,M_condition,(Intercept),2.33653085247934,0.405248577274958,5.7656731781541,8.13325366450924e-09,1.54224364102042,3.13081806393825
B23,tr_14::overall_order_sensitive,cv_train,2.0,M_condition,condition_idB23.b_FAR,0.113664634692987,0.357577858724842,0.3178738054373,0.750580663065381,-0.587187968407704,0.814517237793678
B23,tr_14::overall_order_sensitive,cv_train,2.0,M_condition,condition_idB23.b_SPA,0.044794001094437,0.339477434025774,0.13194986353949,0.895023947994411,-0.62058176959608,0.710169771784954
B23,tr_14::overall_order_sensitive,cv_train,2.0,M_condition,condition_idB23.b_TUR,-0.160579719930046,0.369757931623864,-0.434283368107424,0.664082679923412,-0.88530526591282,0.564145826052728
B23,tr_14::overall_order_sensitive,cv_train,2.0,M_condition,condition_idB23.c_noBRP,0.279516031627007,0.429633693932415,0.650591505216015,0.515310215404535,-0.562566008480527,1.12159807173454
B23,tr_14::overall_order_sensitive,cv_train,2.0,M_condition,condition_idB23.c_noFAR,0.0479695531623004,0.369830719962424,0.129706783598654,0.896798415376059,-0.67689865796405,0.772837764288651
B23,tr_14::overall_order_sensitive,cv_train,2.0,M_condition,condition_idB23.c_noSPA,0.267247024257593,0.384822133149158,0.694468953931003,0.487388164036101,-0.487004356714757,1.02149840522994
B23,tr_14::overall_order_sensitive,cv_train,2.0,M_condition,condition_idB23.c_noTUR,0.405811636989582,0.357947003724496,1.1337198880478,0.256912064515286,-0.29576449031043,1.10738776428959
B23,tr_14::overall_order_sensitive,cv_train,2.0,M_condition,test_talker_idB23.FAR.FAR,-1.00655889323661,0.459808341483938,-2.18908358640938,0.028590765288184,-1.90778324254513,-0.105334543928089
B23,tr_14::overall_order_sensitive,cv_train,2.0,M_condition,test_talker_idB23.SPA.SPA,-0.951833844876906,0.460783388968105,-2.06568610688957,0.0388581279647102,-1.85496928725439,-0.0486984024994213
B23,tr_14::overall_order_sensitive,cv_train,2.0,M_condition,test_talker_idB23.TUR.TUR,-2.00036199754424,0.45941732110422,-4.35412838317963,1.33597399488766e-05,-2.90081994690851,-1.09990404817996
B23,tr_14::overall_order_sensitive,cv_train,2.0,M_joint,(Intercept),-0.522088180942379,1.16100716071115,-0.449685582147991,0.652937168837651,-2.79766221593623,1.75348585405147
B23,tr_14::overall_order_sensitive,cv_train,2.0,M_joint,condition_idB23.b_FAR,1.20552256955649,0.54107599333381,2.22800971473292,0.0258798671866861,0.145013622622227,2.26603151649076
B23,tr_14::overall_order_sensitive,cv_train,2.0,M_joint,condition_idB23.b_SPA,-3.73617033812474,1.48384237777083,-2.51790243633395,0.0118056017294778,-6.64450139855558,-0.827839277693908
B23,tr_14::overall_order_sensitive,cv_train,2.0,M_joint,condition_idB23.b_TUR,24.0882804228649,9.28007174748887,2.59569980473298,0.0094398500119849,5.8993397977867,42.2772210479431
B23,tr_14::overall_order_sensitive,cv_train,2.0,M_joint,condition_idB23.c_noBRP,12.4648535071262,4.67536448437374,2.66607096597216,0.0076743491175907,3.3011391177537,21.6285678964988
B23,tr_14::overall_order_sensitive,cv_train,2.0,M_joint,condition_idB23.c_noFAR,8.59591900868532,3.288426393212,2.61399161204553,0.0089491233548416,2.1506032779898,15.0412347393808
B23,tr_14::overall_order_sensitive,cv_train,2.0,M_joint,condition_idB23.c_noSPA,3.82829413729742,1.41095941628938,2.71325602501402,0.0066625608874265,1.06281368137024,6.5937745932246
B23,tr_14::overall_order_sensitive,cv_train,2.0,M_joint,condition_idB23.c_noTUR,-13.1585981999167,5.2010522125354,-2.52998771444791,0.0114066520619043,-23.3526605364861,-2.96453586334728
B23,tr_14::overall_order_sensitive,cv_train,2.0,M_joint,test_talker_idB23.FAR.FAR,-1.00660845512178,0.459941310258088,-2.18855848055252,0.0286289463568073,-1.90809342322763,-0.105123487015922
B23,tr_14::overall_order_sensitive,cv_train,2.0,M_joint,test_talker_idB23.SPA.SPA,-0.951895298223283,0.460926055566644,-2.06518005811813,0.0389059666593799,-1.8553103671339,-0.0484802293126608
B23,tr_14::overall_order_sensitive,cv_train,2.0,M_joint,test_talker_idB23.TUR.TUR,-2.00042446605903,0.459598192229292,-4.35255077126376,1.34562696348439e-05,-2.90123692282844,-1.09961200928962
B23,tr_14::overall_order_sensitive,cv_train,2.0,M_joint,variability_z,-10.4264101825967,3.98831607001676,-2.61423869110575,0.0089426537306852,-18.2435096798295,-2.60931068536381
B23,tr_14::overall_order_sensitive,cv_train,2.0,M_null,(Intercept),2.44739521514906,0.341564765174436,7.16524496869336,7.76475804105669e-13,1.77792827540716,3.11686215489096
B23,tr_14::overall_order_sensitive,cv_train,2.0,M_null,test_talker_idB23.FAR.FAR,-1.00647135365458,0.460108566994909,-2.18746492861047,0.028708600779874,-1.9082841449646,-0.104658562344561
B23,tr_14::overall_order_sensitive,cv_train,2.0,M_null,test_talker_idB23.SPA.SPA,-0.951746563116352,0.46096342754843,-2.06468996505446,0.0389523446811336,-1.85523488111127,-0.0482582451214294
B23,tr_14::overall_order_sensitive,cv_train,2.0,M_null,test_talker_idB23.TUR.TUR,-2.00026999942614,0.459721463557232,-4.35104766253125,1.3548859356079e-05,-2.90132406799831,-1.09921593085396
B23,tr_14::overall_order_sensitive,cv_train,2.0,M_predictor,(Intercept),2.44739050087651,0.341171907254696,7.17348189823101,7.31139239988101e-13,1.7786935626573,3.11608743909571
B23,tr_14::overall_order_sensitive,cv_train,2.0,M_predictor,test_talker_idB23.FAR.FAR,-1.00650053653429,0.459884377943795,-2.18859475295614,0.0286263075362325,-1.90787391730413,-0.105127155764451
B23,tr_14::overall_order_sensitive,cv_train,2.0,M_predictor,test_talker_idB23.SPA.SPA,-0.951789971583405,0.460765668568827,-2.0656703320361,0.0388596184660211,-1.85489068197831,-0.0486892611885049
B23,tr_14::overall_order_sensitive,cv_train,2.0,M_predictor,test_talker_idB23.TUR.TUR,-2.00031667704841,0.459638645302801,-4.35193319249873,1.34942384698614e-05,-2.9012084218419,-1.09942493225492
B23,tr_14::overall_order_sensitive,cv_train,2.0,M_predictor,variability_z,-0.110891923444448,0.0978558304523302,-1.13321733546033,0.257122996005448,-0.302689351131015,0.0809055042421193
B23,tr_14::overall_order_sensitive,full,,M_condition,(Intercept),2.15500921522717,0.359145093947985,6.00038605995626,1.9684894092453802e-09,1.45108483108912,2.85893359936522
B23,tr_14::overall_order_sensitive,full,,M_condition,condition_idB23.b_FAR,0.286676132487048,0.290958775835012,0.985280927390235,0.324486098514997,-0.283603068149575,0.856955333123672
B23,tr_14::overall_order_sensitive,full,,M_condition,condition_idB23.b_SPA,0.265307977241502,0.262815640856884,1.00948321179246,0.312742949024237,-0.24981067883799,0.780426633320995
B23,tr_14::overall_order_sensitive,full,,M_condition,condition_idB23.b_TUR,-0.183357800279349,0.277239837001576,-0.661368879243376,0.508375778716754,-0.726747880802438,0.360032280243741
B23,tr_14::overall_order_sensitive,full,,M_condition,condition_idB23.c_noBRP,0.172422097829746,0.291067304196493,0.592378791241177,0.553596965183821,-0.39806981839538,0.742914014054872
B23,tr_14::overall_order_sensitive,full,,M_condition,condition_idB23.c_noFAR,0.167273314473871,0.299509687100788,0.558490498564682,0.576509490823182,-0.419765672243674,0.754312301191416
B23,tr_14::overall_order_sensitive,full,,M_condition,condition_idB23.c_noSPA,0.451069413287724,0.309773426631712,1.45612688019234,0.145357548014756,-0.156086502910431,1.05822532948588
B23,tr_14::overall_order_sensitive,full,,M_condition,condition_idB23.c_noTUR,0.49100146724397,0.291200462338146,1.68612873517286,0.0917710064055328,-0.0797514389387965,1.06175437342674
B23,tr_14::overall_order_sensitive,full,,M_condition,test_talker_idB23.FAR.FAR,-0.944388756646851,0.433558867313449,-2.1782249836078,0.0293892909240249,-1.79416413658121,-0.0946133767124924
B23,tr_14::overall_order_sensitive,full,,M_condition,test_talker_idB23.SPA.SPA,-0.917414703022129,0.433954085732105,-2.11408241836092,0.034508228561102,-1.76796471105705,-0.0668646949872029
B23,tr_14::overall_order_sensitive,full,,M_condition,test_talker_idB23.TUR.TUR,-1.89223710964451,0.433245182340952,-4.36758950075381,1.25625322666186e-05,-2.74139766703278,-1.04307655225624
B23,tr_14::overall_order_sensitive,full,,M_joint,(Intercept),-1.6646372509881,1.00101859949684,-1.6629433777003,0.0963237702537995,-3.62663370600191,0.297359204025711
B23,tr_14::overall_order_sensitive,full,,M_joint,condition_idB23.b_FAR,1.35928018408525,0.383347702505214,3.54581539214198,0.0003914003000603,0.607918687175033,2.11064168099547
B23,tr_14::overall_order_sensitive,full,,M_joint,condition_idB23.b_SPA,-3.5591751412619,0.978942562636732,-3.63573439045846,0.000277189825712,-5.4779025640299,-1.64044771849391
B23,tr_14::overall_order_sensitive,full,,M_joint,condition_idB23.b_TUR,24.1805682072743,6.00120560607745,4.02928507944912,5.59467386342628e-05,12.4182052193625,35.9429311951861
B23,tr_14::overall_order_sensitive,full,,M_joint,condition_idB23.c_noBRP,12.4492608897397,3.03239633737602,4.10542010498278,4.03580755584072e-05,6.50576406848267,18.3927577109967
B23,tr_14::overall_order_sensitive,full,,M_joint,condition_idB23.c_noFAR,8.75638426508063,2.13027011448757,4.11045726339119,3.94876362927526e-05,4.58105484068499,12.9317136894763
B23,tr_14::overall_order_sensitive,full,,M_joint,condition_idB23.c_noSPA,4.07356199030181,0.937480856236125,4.34522151914299,1.39135183269873e-05,2.23609951207901,5.91102446852462
B23,tr_14::overall_order_sensitive,full,,M_joint,condition_idB23.c_noTUR,-13.1794053726133,3.38157556367861,-3.89741560536835,9.72246872521063e-05,-19.8072934774234,-6.55151726780321
B23,tr_14::overall_order_sensitive,full,,M_joint,test_talker_idB23.FAR.FAR,-0.944415458266616,0.433326348645193,-2.17945541788391,0.0292978531176327,-1.79373510161119,-0.0950958149220383
B23,tr_14::overall_order_sensitive,full,,M_joint,test_talker_idB23.SPA.SPA,-0.917444004974944,0.433705716415649,-2.11536064720829,0.0343992211372302,-1.76750720914962,-0.0673808008002719
B23,tr_14::overall_order_sensitive,full,,M_joint,test_talker_idB23.TUR.TUR,-1.89226064158659,0.433054897969152,-4.36956295947813,1.24495443701927e-05,-2.74104824160613,-1.04347304156705
B23,tr_14::overall_order_sensitive,full,,M_joint,variability_z,-10.7083772337954,2.6375350787983,-4.0599942423038,4.90739260449729e-05,-15.87794598824,-5.53880847935072
B23,tr_14::overall_order_sensitive,full,,M_null,(Intercept),2.3410383984251,0.317712181470546,7.36842505562581,1.72655547077915e-13,1.71832252274283,2.96375427410737
B23,tr_14::overall_order_sensitive,full,,M_null,test_talker_idB23.FAR.FAR,-0.944266031665579,0.433978682640251,-2.1758350569683,0.0295675962922733,-1.79486424964047,-0.093667813690688
B23,tr_14::overall_order_sensitive,full,,M_null,test_talker_idB23.SPA.SPA,-0.917289334773626,0.434197924184003,-2.11260644900021,0.0346344662892849,-1.76831726617427,-0.0662614033729813
B23,tr_14::overall_order_sensitive,full,,M_null,test_talker_idB23.TUR.TUR,-1.89211787855339,0.433608395535599,-4.36365600397618,1.27906652307506e-05,-2.74199033380317,-1.04224542330362
B23,tr_14::overall_order_sensitive,full,,M_predictor,(Intercept),2.34099839541638,0.317065981124999,7.3833162015999,1.54394756536225e-13,1.71954907241138,2.96244771842137
B23,tr_14::overall_order_sensitive,full,,M_predictor,test_talker_idB23.FAR.FAR,-0.944282279780993,0.433616622786142,-2.17768930008643,0.0294291760542248,-1.79417086044183,-0.0943936991201551
B23,tr_14::overall_order_sensitive,full,,M_predictor,test_talker_idB23.SPA.SPA,-0.917307438404776,0.434018680852267,-2.11352063603228,0.0345562306584181,-1.76798405287522,-0.0666308239343327
B23,tr_14::overall_order_sensitive,full,,M_predictor,test_talker_idB23.TUR.TUR,-1.89213361699013,0.433301794579365,-4.36678001490151,1.26091607861544e-05,-2.74140513436569,-1.04286209961458
B23,tr_14::overall_order_sensitive,full,,M_predictor,variability_z,-0.158609968903852,0.0767686541014498,-2.06607723895027,0.0388211870262644,-0.309076530942693,-0.0081434068650101
B23,tr_16::overall_order_sensitive,cv_train,0.0,M_condition,(Intercept),1.91567003073818,0.351076412940333,5.45656147815251,4.85443249802039e-08,1.22756026137513,2.60377980010124
B23,tr_16::overall_order_sensitive,cv_train,0.0,M_condition,condition_idB23.b_FAR,0.541177139369604,0.28720148539483,1.88431177027382,0.0595228162420455,-0.021737772004263,1.10409205074347
B23,tr_16::overall_order_sensitive,cv_train,0.0,M_condition,condition_idB23.b_SPA,0.573274953708191,0.253384275984462,2.26247248958473,0.0236682266692452,0.0766417727786445,1.06990813463774
B23,tr_16::overall_order_sensitive,cv_train,0.0,M_condition,condition_idB23.b_TUR,-0.192140124239278,0.266060386214119,-0.722167350703041,0.470191593963392,-0.713618481218952,0.329338232740395
B23,tr_16::overall_order_sensitive,cv_train,0.0,M_condition,condition_idB23.c_noBRP,0.14109828451137,0.275661857067429,0.511852767780113,0.608754056588046,-0.399198955340792,0.681395524363531
B23,tr_16::overall_order_sensitive,cv_train,0.0,M_condition,condition_idB23.c_noFAR,0.445100864421607,0.287237914344002,1.54958952907778,0.121240067759196,-0.117885447692638,1.00808717653585
B23,tr_16::overall_order_sensitive,cv_train,0.0,M_condition,condition_idB23.c_noSPA,0.741290661043434,0.321157572919554,2.30818365671582,0.020988923780184,0.111821818121109,1.37075950396576
B23,tr_16::overall_order_sensitive,cv_train,0.0,M_condition,condition_idB23.c_noTUR,0.822459347968533,0.287862929793649,2.85712143817234,0.0042750224439558,0.258248005572982,1.38667069036408
B23,tr_16::overall_order_sensitive,cv_train,0.0,M_condition,test_talker_idB23.FAR.FAR,-0.896224577596967,0.426065157276458,-2.1034918305123,0.035422798675847,-1.73131228585882,-0.0611368693351094
B23,tr_16::overall_order_sensitive,cv_train,0.0,M_condition,test_talker_idB23.SPA.SPA,-0.807836338620394,0.426695468703836,-1.89323861599548,0.0583261441866295,-1.64415945727991,0.0284867800391246
B23,tr_16::overall_order_sensitive,cv_train,0.0,M_condition,test_talker_idB23.TUR.TUR,-1.80030629393258,0.425714692594678,-4.22890336004128,2.34833185047379e-05,-2.63470709141815,-0.965905496447006
B23,tr_16::overall_order_sensitive,cv_train,0.0,M_joint,(Intercept),-22.7262670904501,4.0822161729487,-5.56713954568317,2.58955013018071e-08,-30.7274107894295,-14.7251233914707
B23,tr_16::overall_order_sensitive,cv_train,0.0,M_joint,condition_idB23.b_FAR,25.611098109193,4.1438191529998,6.18055401637221,6.38770350645996e-10,17.4892125693134,33.7329836490727
B23,tr_16::overall_order_sensitive,cv_train,0.0,M_joint,condition_idB23.b_SPA,5.43005894968668,0.835369378569946,6.5001891246987,8.02190978995896e-11,3.79273496768959,7.06738293168377
B23,tr_16::overall_order_sensitive,cv_train,0.0,M_joint,condition_idB23.b_TUR,76.5898105944341,12.6730969757744,6.04349597741118,1.5081013769493802e-09,51.7505405219164,101.429080666952
B23,tr_16::overall_order_sensitive,cv_train,0.0,M_joint,condition_idB23.c_noBRP,44.1466591067966,7.26389256365853,6.07754846590981,1.2203380356824401e-09,29.9094296820259,58.3838885315673
B23,tr_16::overall_order_sensitive,cv_train,0.0,M_joint,condition_idB23.c_noFAR,20.5526208947469,3.32687092261874,6.17776324143315,6.50161141203867e-10,14.0319538864141,27.0732879030796
B23,tr_16::overall_order_sensitive,cv_train,0.0,M_joint,condition_idB23.c_noSPA,28.7367040179647,4.62662658132367,6.21115698724559,5.25958952419053e-10,19.6685159185703,37.8048921173591
B23,tr_16::overall_order_sensitive,cv_train,0.0,M_joint,condition_idB23.c_noTUR,7.82251037166562,1.18560135665383,6.5979262993958,4.16948432284803e-11,5.49873171262412,10.1462890307071
B23,tr_16::overall_order_sensitive,cv_train,0.0,M_joint,test_talker_idB23.FAR.FAR,-0.89626962501143,0.425876302128608,-2.10453040127312,0.0353322055630933,-1.7309871771835,-0.0615520728393597
B23,tr_16::overall_order_sensitive,cv_train,0.0,M_joint,test_talker_idB23.SPA.SPA,-0.807853617808452,0.426566697039479,-1.89385065316922,0.0582448360520241,-1.64392434400583,0.0282171083889264
B23,tr_16::overall_order_sensitive,cv_train,0.0,M_joint,test_talker_idB23.TUR.TUR,-1.80034745147438,0.425564107131979,-4.23049646646078,2.33176106798492e-05,-2.63445310145305,-0.966241801495697
B23,tr_16::overall_order_sensitive,cv_train,0.0,M_joint,variability_z,-25.0673732371159,4.1382043275418,-6.05754845653226,1.3821171476413502e-09,-33.1782537190978,-16.956492755134
B23,tr_16::overall_order_sensitive,cv_train,0.0,M_null,(Intercept),2.2553376408131,0.314257066134918,7.17672849349657,7.13992784334819e-13,1.63939379118866,2.87128149043754
B23,tr_16::overall_order_sensitive,cv_train,0.0,M_null,test_talker_idB23.FAR.FAR,-0.896260396564136,0.426198654682134,-2.10291700060053,0.0354730254623015,-1.73160975974112,-0.0609110333871522
B23,tr_16::overall_order_sensitive,cv_train,0.0,M_null,test_talker_idB23.SPA.SPA,-0.80784813294088,0.426822309378151,-1.89270362675713,0.0583972938416885,-1.64441985932206,0.0287235934402955
B23,tr_16::overall_order_sensitive,cv_train,0.0,M_null,test_talker_idB23.TUR.TUR,-1.80035586065125,0.425870781113444,-4.22746978777037,2.36333896103884e-05,-2.6350625916336,-0.965649129668902
B23,tr_16::overall_order_sensitive,cv_train,0.0,M_predictor,(Intercept),2.25532490141824,0.31342140520473,7.19582282500786,6.20852056864049e-13,1.64101894721696,2.86963085561951
B23,tr_16::overall_order_sensitive,cv_train,0.0,M_predictor,test_talker_idB23.FAR.FAR,-0.89626575938509,0.426233827620575,-2.10275604915837,0.0354870997651819,-1.73168406152142,-0.0608474572487629
B23,tr_16::overall_order_sensitive,cv_train,0.0,M_predictor,test_talker_idB23.SPA.SPA,-0.807863351582579,0.426753851131197,-1.8930429085553,0.0583521634866349,-1.64430089979973,0.0285741966345677
B23,tr_16::overall_order_sensitive,cv_train,0.0,M_predictor,test_talker_idB23.TUR.TUR,-1.80036250246558,0.425830255603183,-4.22788770590148,2.3589546577958e-05,-2.63498980344782,-0.965735201483341
B23,tr_16::overall_order_sensitive,cv_train,0.0,M_predictor,variability_z,-0.181144310628926,0.0818608605944393,-2.21283174051106,0.0269092481150861,-0.341591597394027,-0.020697023863825
B23,tr_16::overall_order_sensitive,cv_train,1.0,M_condition,(Intercept),2.20389578083479,0.392258439434487,5.61847893957901,1.92645871682162e-08,1.4350692395432,2.97272232212639
B23,tr_16::overall_order_sensitive,cv_train,1.0,M_condition,condition_idB23.b_FAR,0.22063795905533,0.41326266674962,0.533892792181507,0.593415709164046,-0.589356867773924,1.03063278588458
B23,tr_16::overall_order_sensitive,cv_train,1.0,M_condition,condition_idB23.b_SPA,0.165809597157594,0.358122552063395,0.462996804312515,0.643366657734277,-0.53611060488666,0.867729799201849
B23,tr_16::overall_order_sensitive,cv_train,1.0,M_condition,condition_idB23.b_TUR,-0.189919980448583,0.367682610568743,-0.516532397751442,0.605482617386403,-0.91057789716332,0.530737936266154
B23,tr_16::overall_order_sensitive,cv_train,1.0,M_condition,condition_idB23.c_noBRP,0.1582032902105,0.367790302781308,0.430145354605964,0.667089909601433,-0.562665703240862,0.879072283661863
B23,tr_16::overall_order_sensitive,cv_train,1.0,M_condition,condition_idB23.c_noFAR,-0.0343556135612886,0.438169862940341,-0.0784070664530534,0.937504252621459,-0.893168544924357,0.82445731780178
B23,tr_16::overall_order_sensitive,cv_train,1.0,M_condition,condition_idB23.c_noSPA,0.373275425698481,0.413492363751051,0.90273837783185,0.366664762904964,-0.437169607253579,1.18372045865054
B23,tr_16::overall_order_sensitive,cv_train,1.0,M_condition,condition_idB23.c_noTUR,0.20611998666136,0.413161951494308,0.498884241193732,0.617860936453273,-0.603677438267485,1.0159174115902
B23,tr_16::overall_order_sensitive,cv_train,1.0,M_condition,test_talker_idB23.FAR.FAR,-0.907683509207791,0.422210624414888,-2.14983578507927,0.0315682064893159,-1.73521633306097,-0.0801506853546107
B23,tr_16::overall_order_sensitive,cv_train,1.0,M_condition,test_talker_idB23.SPA.SPA,-0.962341389360373,0.422657393394924,-2.27688289474964,0.0227932196053814,-1.79074988041442,-0.133932898306322
B23,tr_16::overall_order_sensitive,cv_train,1.0,M_condition,test_talker_idB23.TUR.TUR,-1.85405947564124,0.422016013480909,-4.39333915400136,1.11622782673972e-05,-2.68121086206383,-1.02690808921866
B23,tr_16::overall_order_sensitive,cv_train,1.0,M_joint,(Intercept),-26.1966500829838,3.39108173104849,-7.72516033545557,1.11712640364676e-14,-32.8431702758389,-19.5501298901288
B23,tr_16::overall_order_sensitive,cv_train,1.0,M_joint,condition_idB23.b_FAR,27.4344260221281,3.24945285484554,8.44278321540139,3.09869467476667e-17,21.0654984266308,33.8033536176253
B23,tr_16::overall_order_sensitive,cv_train,1.0,M_joint,condition_idB23.b_SPA,5.65963752162409,0.7253732578167,7.80237961716293,6.0750572297102e-15,4.23790593630336,7.08136910694482
B23,tr_16::overall_order_sensitive,cv_train,1.0,M_joint,condition_idB23.b_TUR,82.9322823120575,9.88284784150616,8.39153689726529,4.79827694677202e-17,63.5619005427054,102.30266408141
B23,tr_16::overall_order_sensitive,cv_train,1.0,M_joint,condition_idB23.c_noBRP,47.8881034432197,5.67668421357817,8.4359287290766,3.2858298952133704e-17,36.7618023846065,59.0144045018329
B23,tr_16::overall_order_sensitive,cv_train,1.0,M_joint,condition_idB23.c_noFAR,21.7180936587019,2.61012358938618,8.3207146768898,8.74344947438632e-17,16.602251423505,26.8339358938988
B23,tr_16::overall_order_sensitive,cv_train,1.0,M_joint,condition_idB23.c_noSPA,30.7999086362296,3.63001095952446,8.48479769886546,2.16094350047873e-17,23.6850871555616,37.9147301168975
B23,tr_16::overall_order_sensitive,cv_train,1.0,M_joint,condition_idB23.c_noTUR,7.7424537205468,0.966511752694618,8.01071864771533,1.14040071987475e-15,5.84809068526535,9.63681675582825
B23,tr_16::overall_order_sensitive,cv_train,1.0,M_joint,test_talker_idB23.FAR.FAR,-0.908007946609456,0.422114322132214,-2.15109485511617,0.031468713517985,-1.73535201798859,-0.080663875230317
B23,tr_16::overall_order_sensitive,cv_train,1.0,M_joint,test_talker_idB23.SPA.SPA,-0.962643337661556,0.422460672122831,-2.27865787559431,0.0226874106517762,-1.7906662550223,-0.134620420300807
B23,tr_16::overall_order_sensitive,cv_train,1.0,M_joint,test_talker_idB23.TUR.TUR,-1.85439240162854,0.421741386868939,-4.39698938583141,1.09762710315107e-05,-2.68100551989167,-1.02777928336542
B23,tr_16::overall_order_sensitive,cv_train,1.0,M_joint,variability_z,-27.6131686418359,3.28453803010428,-8.40701748274755,4.2056840695507304e-17,-34.0508631808403,-21.1754741028315
B23,tr_16::overall_order_sensitive,cv_train,1.0,M_null,(Intercept),2.30233127300746,0.317515818700865,7.25107581230938,4.13474152531138e-13,1.68000026835376,2.92466227766115
B23,tr_16::overall_order_sensitive,cv_train,1.0,M_null,test_talker_idB23.FAR.FAR,-0.907610592227868,0.422166233012951,-2.14988912246808,0.0315639862496196,-1.73505640893325,-0.0801647755224845
B23,tr_16::overall_order_sensitive,cv_train,1.0,M_null,test_talker_idB23.SPA.SPA,-0.962261837040432,0.42263165633941,-2.27683331952695,0.0227961809943197,-1.79061988346568,-0.133903790615189
B23,tr_16::overall_order_sensitive,cv_train,1.0,M_null,test_talker_idB23.TUR.TUR,-1.8539978598329,0.421879642134164,-4.39461323721162,1.10970147029422e-05,-2.68088195841586,-1.02711376124993
B23,tr_16::overall_order_sensitive,cv_train,1.0,M_predictor,(Intercept),2.30232603763817,0.317269811931468,7.25668169821177,3.9670173112801e-13,1.6804772062525,2.92417486902385
B23,tr_16::overall_order_sensitive,cv_train,1.0,M_predictor,test_talker_idB23.FAR.FAR,-0.907640520313228,0.422162854479121,-2.14997722012541,0.0315570167162819,-1.73507971509231,-0.0802013255341509
B23,tr_16::overall_order_sensitive,cv_train,1.0,M_predictor,test_talker_idB23.SPA.SPA,-0.962290845992544,0.42245502479681,-2.27785394777913,0.0227352808547584,-1.79030269459429,-0.134278997390795
B23,tr_16::overall_order_sensitive,cv_train,1.0,M_predictor,test_talker_idB23.TUR.TUR,-1.85402353460008,0.421779848464229,-4.39571388095209,1.10409288277565e-05,-2.68071203758997,-1.02733503161019
B23,tr_16::overall_order_sensitive,cv_train,1.0,M_predictor,variability_z,-0.0778958186199806,0.104213164129853,-0.7474662080399,0.454782193246119,-0.282153620314492,0.12636198307453
B23,tr_16::overall_order_sensitive,cv_train,2.0,M_condition,(Intercept),2.33653085247934,0.405248577274958,5.7656731781541,8.13325366450924e-09,1.54224364102042,3.13081806393825
B23,tr_16::overall_order_sensitive,cv_train,2.0,M_condition,condition_idB23.b_FAR,0.113664634692987,0.357577858724842,0.3178738054373,0.750580663065381,-0.587187968407704,0.814517237793678
B23,tr_16::overall_order_sensitive,cv_train,2.0,M_condition,condition_idB23.b_SPA,0.044794001094437,0.339477434025774,0.13194986353949,0.895023947994411,-0.62058176959608,0.710169771784954
B23,tr_16::overall_order_sensitive,cv_train,2.0,M_condition,condition_idB23.b_TUR,-0.160579719930046,0.369757931623864,-0.434283368107424,0.664082679923412,-0.88530526591282,0.564145826052728
B23,tr_16::overall_order_sensitive,cv_train,2.0,M_condition,condition_idB23.c_noBRP,0.279516031627007,0.429633693932415,0.650591505216015,0.515310215404535,-0.562566008480527,1.12159807173454
B23,tr_16::overall_order_sensitive,cv_train,2.0,M_condition,condition_idB23.c_noFAR,0.0479695531623004,0.369830719962424,0.129706783598654,0.896798415376059,-0.67689865796405,0.772837764288651
B23,tr_16::overall_order_sensitive,cv_train,2.0,M_condition,condition_idB23.c_noSPA,0.267247024257593,0.384822133149158,0.694468953931003,0.487388164036101,-0.487004356714757,1.02149840522994
B23,tr_16::overall_order_sensitive,cv_train,2.0,M_condition,condition_idB23.c_noTUR,0.405811636989582,0.357947003724496,1.1337198880478,0.256912064515286,-0.29576449031043,1.10738776428959
B23,tr_16::overall_order_sensitive,cv_train,2.0,M_condition,test_talker_idB23.FAR.FAR,-1.00655889323661,0.459808341483938,-2.18908358640938,0.028590765288184,-1.90778324254513,-0.105334543928089
B23,tr_16::overall_order_sensitive,cv_train,2.0,M_condition,test_talker_idB23.SPA.SPA,-0.951833844876906,0.460783388968105,-2.06568610688957,0.0388581279647102,-1.85496928725439,-0.0486984024994213
B23,tr_16::overall_order_sensitive,cv_train,2.0,M_condition,test_talker_idB23.TUR.TUR,-2.00036199754424,0.45941732110422,-4.35412838317963,1.33597399488766e-05,-2.90081994690851,-1.09990404817996
B23,tr_16::overall_order_sensitive,cv_train,2.0,M_joint,(Intercept),-20.4738122415872,3.13548884362141,-6.52970342510946,6.590005042798109e-11,-26.6193703750852,-14.3282541080893
B23,tr_16::overall_order_sensitive,cv_train,2.0,M_joint,condition_idB23.b_FAR,25.4534177549315,3.47519669756902,7.32430995135807,2.40131100550048e-13,18.6420322276962,32.2648032821668
B23,tr_16::overall_order_sensitive,cv_train,2.0,M_joint,condition_idB23.b_SPA,5.13200478950566,0.759283621337271,6.75900894644222,1.3893881657482099e-11,3.64380889168461,6.62020068732671
B23,tr_16::overall_order_sensitive,cv_train,2.0,M_joint,condition_idB23.b_TUR,77.3929154998497,10.601612392493,7.30010800570782,2.87536819566982e-13,56.6137552105633,98.172075789136
B23,tr_16::overall_order_sensitive,cv_train,2.0,M_joint,condition_idB23.c_noBRP,44.7510778148423,6.08691500333457,7.35201293107042,1.95243913288633e-13,32.8207244083066,56.6814312213781
B23,tr_16::overall_order_sensitive,cv_train,2.0,M_joint,condition_idB23.c_noFAR,20.3836144464634,2.79525488948963,7.29222029916029,3.04888075842082e-13,14.9049148630637,25.8623140298631
B23,tr_16::overall_order_sensitive,cv_train,2.0,M_joint,condition_idB23.c_noSPA,28.6063124549902,3.88539684578758,7.36252012095091,1.8047021357822199e-13,20.9909346372466,36.2216902727339
B23,tr_16::overall_order_sensitive,cv_train,2.0,M_joint,condition_idB23.c_noTUR,7.43296913641825,1.01160076590243,7.34772984259996,2.0160144332786e-13,5.45023163524949,9.41570663758701
B23,tr_16::overall_order_sensitive,cv_train,2.0,M_joint,test_talker_idB23.FAR.FAR,-1.00692367420838,0.460032365614567,-2.18881050437224,0.0286106159297585,-1.90858711081293,-0.105260237603825
B23,tr_16::overall_order_sensitive,cv_train,2.0,M_joint,test_talker_idB23.SPA.SPA,-0.952184557545445,0.460882915301801,-2.06600098621995,0.0388283864649534,-1.85551507153697,-0.0488540435539161
B23,tr_16::overall_order_sensitive,cv_train,2.0,M_joint,test_talker_idB23.TUR.TUR,-2.00079337073793,0.459749179759672,-4.35192374194951,1.34948202841885e-05,-2.90190176306689,-1.09968497840897
B23,tr_16::overall_order_sensitive,cv_train,2.0,M_joint,variability_z,-23.663241952044,3.23605219094683,-7.31237957726521,2.62452458821542e-13,-30.0059042462997,-17.3205796577882
B23,tr_16::overall_order_sensitive,cv_train,2.0,M_null,(Intercept),2.44739521514906,0.341564765174436,7.16524496869336,7.76475804105669e-13,1.77792827540716,3.11686215489096
B23,tr_16::overall_order_sensitive,cv_train,2.0,M_null,test_talker_idB23.FAR.FAR,-1.00647135365458,0.460108566994909,-2.18746492861047,0.028708600779874,-1.9082841449646,-0.104658562344561
B23,tr_16::overall_order_sensitive,cv_train,2.0,M_null,test_talker_idB23.SPA.SPA,-0.951746563116352,0.46096342754843,-2.06468996505446,0.0389523446811336,-1.85523488111127,-0.0482582451214294
B23,tr_16::overall_order_sensitive,cv_train,2.0,M_null,test_talker_idB23.TUR.TUR,-2.00026999942614,0.459721463557232,-4.35104766253125,1.3548859356079e-05,-2.90132406799831,-1.09921593085396
B23,tr_16::overall_order_sensitive,cv_train,2.0,M_predictor,(Intercept),2.44741155062745,0.341503631763516,7.16657547092277,7.68970159699468e-13,1.77806443237096,3.11675866888394
B23,tr_16::overall_order_sensitive,cv_train,2.0,M_predictor,test_talker_idB23.FAR.FAR,-1.0064926330704,0.460159897912118,-2.1872671600397,0.0287230266201223,-1.90840603297815,-0.104579233162646
B23,tr_16::overall_order_sensitive,cv_train,2.0,M_predictor,test_talker_idB23.SPA.SPA,-0.951764102452042,0.461032829410216,-2.06441719924718,0.0389781771320468,-1.85538844809606,-0.0481397568080184
B23,tr_16::overall_order_sensitive,cv_train,2.0,M_predictor,test_talker_idB23.TUR.TUR,-2.00029866566623,0.459837719748821,-4.35000997038446,1.36131342225662e-05,-2.90158059637392,-1.09901673495854
B23,tr_16::overall_order_sensitive,cv_train,2.0,M_predictor,variability_z,-0.0619149230762143,0.0984827716394539,-0.628687861292991,0.529553426598917,-0.254941155489544,0.131111309337115
B23,tr_16::overall_order_sensitive,full,,M_condition,(Intercept),2.15500921522717,0.359145093947985,6.00038605995626,1.9684894092453802e-09,1.45108483108912,2.85893359936522
B23,tr_16::overall_order_sensitive,full,,M_condition,condition_idB23.b_FAR,0.286676132487048,0.290958775835012,0.985280927390235,0.324486098514997,-0.283603068149575,0.856955333123672
B23,tr_16::overall_order_sensitive,full,,M_condition,condition_idB23.b_SPA,0.265307977241502,0.262815640856884,1.00948321179246,0.312742949024237,-0.24981067883799,0.780426633320995
B23,tr_16::overall_order_sensitive,full,,M_condition,condition_idB23.b_TUR,-0.183357800279349,0.277239837001576,-0.661368879243376,0.508375778716754,-0.726747880802438,0.360032280243741
B23,tr_16::overall_order_sensitive,full,,M_condition,condition_idB23.c_noBRP,0.172422097829746,0.291067304196493,0.592378791241177,0.553596965183821,-0.39806981839538,0.742914014054872
B23,tr_16::overall_order_sensitive,full,,M_condition,condition_idB23.c_noFAR,0.167273314473871,0.299509687100788,0.558490498564682,0.576509490823182,-0.419765672243674,0.754312301191416
B23,tr_16::overall_order_sensitive,full,,M_condition,condition_idB23.c_noSPA,0.451069413287724,0.309773426631712,1.45612688019234,0.145357548014756,-0.156086502910431,1.05822532948588
B23,tr_16::overall_order_sensitive,full,,M_condition,condition_idB23.c_noTUR,0.49100146724397,0.291200462338146,1.68612873517286,0.0917710064055328,-0.0797514389387965,1.06175437342674
B23,tr_16::overall_order_sensitive,full,,M_condition,test_talker_idB23.FAR.FAR,-0.944388756646851,0.433558867313449,-2.1782249836078,0.0293892909240249,-1.79416413658121,-0.0946133767124924
B23,tr_16::overall_order_sensitive,full,,M_condition,test_talker_idB23.SPA.SPA,-0.917414703022129,0.433954085732105,-2.11408241836092,0.034508228561102,-1.76796471105705,-0.0668646949872029
B23,tr_16::overall_order_sensitive,full,,M_condition,test_talker_idB23.TUR.TUR,-1.89223710964451,0.433245182340952,-4.36758950075381,1.25625322666186e-05,-2.74139766703278,-1.04307655225624
B23,tr_16::overall_order_sensitive,full,,M_joint,(Intercept),-22.8227229580783,2.77827230893823,-8.2147177886967,2.1266379852999399e-16,-28.2681366835972,-17.3773092325594
B23,tr_16::overall_order_sensitive,full,,M_joint,condition_idB23.b_FAR,25.9551979228206,2.84503660091776,9.1229750487034,7.3089802072894e-20,20.3789261850218,31.5314696606194
B23,tr_16::overall_order_sensitive,full,,M_joint,condition_idB23.b_SPA,5.36600021840966,0.61241929711192,8.76197115883665,1.91865371479133e-18,4.16565839607029,6.56634204074902
B23,tr_16::overall_order_sensitive,full,,M_joint,condition_idB23.b_TUR,78.3481498874833,8.6814027231778,9.02482610077606,1.7998099866351602e-19,61.3326005500548,95.3636992249118
B23,tr_16::overall_order_sensitive,full,,M_joint,condition_idB23.c_noBRP,45.2197082881018,4.98401665054615,9.07294486729827,1.15842906055191e-19,35.4510356530313,54.9883809231722
B23,tr_16::overall_order_sensitive,full,,M_joint,condition_idB23.c_noFAR,20.7403894086371,2.28715675697904,9.06819759745361,1.2100196961237e-19,16.2575621649582,25.223216652316
B23,tr_16::overall_order_sensitive,full,,M_joint,condition_idB23.c_noSPA,29.147313751327,3.1816499028793,9.16106882939871,5.1385806817194205e-20,22.9112799416835,35.3833475609704
B23,tr_16::overall_order_sensitive,full,,M_joint,condition_idB23.c_noTUR,7.62178377826931,0.830690554928169,9.17523827982898,4.50576849564934e-20,5.9936302906101,9.24993726592852
B23,tr_16::overall_order_sensitive,full,,M_joint,test_talker_idB23.FAR.FAR,-0.944582131188363,0.433390638771827,-2.17951669160457,0.0292933060617396,-1.79402778318114,-0.0951364791955815
B23,tr_16::overall_order_sensitive,full,,M_joint,test_talker_idB23.SPA.SPA,-0.917590676357613,0.43387976230042,-2.11485014072232,0.0344427218191348,-1.76799501046644,-0.0671863422487886
B23,tr_16::overall_order_sensitive,full,,M_joint,test_talker_idB23.TUR.TUR,-1.89245646386579,0.433120891418361,-4.36934930030384,1.24617301858845e-05,-2.74137341104578,-1.04353951668581
B23,tr_16::overall_order_sensitive,full,,M_joint,variability_z,-25.2540558017941,2.79269908910361,-9.04288467752536,1.5259081901409901e-19,-30.7277460164372,-19.780365587151
B23,tr_16::overall_order_sensitive,full,,M_null,(Intercept),2.3410383984251,0.317712181470546,7.36842505562581,1.72655547077915e-13,1.71832252274283,2.96375427410737
B23,tr_16::overall_order_sensitive,full,,M_null,test_talker_idB23.FAR.FAR,-0.944266031665579,0.433978682640251,-2.1758350569683,0.0295675962922733,-1.79486424964047,-0.093667813690688
B23,tr_16::overall_order_sensitive,full,,M_null,test_talker_idB23.SPA.SPA,-0.917289334773626,0.434197924184003,-2.11260644900021,0.0346344662892849,-1.76831726617427,-0.0662614033729813
B23,tr_16::overall_order_sensitive,full,,M_null,test_talker_idB23.TUR.TUR,-1.89211787855339,0.433608395535599,-4.36365600397618,1.27906652307506e-05,-2.74199033380317,-1.04224542330362
B23,tr_16::overall_order_sensitive,full,,M_predictor,(Intercept),2.34103346095805,0.317471626874674,7.3739927060701,1.65592252412055e-13,1.71878907228369,2.96327784963241
B23,tr_16::overall_order_sensitive,full,,M_predictor,test_talker_idB23.FAR.FAR,-0.944282635586023,0.433909528182108,-2.17622009717592,0.0295388068588001,-1.79474531082296,-0.0938199603490911
B23,tr_16::overall_order_sensitive,full,,M_predictor,test_talker_idB23.SPA.SPA,-0.917306846620063,0.434206485853514,-2.11260512338254,0.034634579844686,-1.76835155889295,-0.0662621343471762
B23,tr_16::overall_order_sensitive,full,,M_predictor,test_talker_idB23.TUR.TUR,-1.89212954036819,0.433528140053767,-4.36449071133774,1.27419263291075e-05,-2.74184469487358,-1.04241438586281
B23,tr_16::overall_order_sensitive,full,,M_predictor,variability_z,-0.108646677222961,0.0776420109186988,-1.39932848128738,0.161714502596779,-0.26082501862361,0.0435316641776889
B23,tr_18::overall_order_sensitive,cv_train,0.0,M_condition,(Intercept),1.91567003073818,0.351076412940333,5.45656147815251,4.85443249802039e-08,1.22756026137513,2.60377980010124
B23,tr_18::overall_order_sensitive,cv_train,0.0,M_condition,condition_idB23.b_FAR,0.541177139369604,0.28720148539483,1.88431177027382,0.0595228162420455,-0.021737772004263,1.10409205074347
B23,tr_18::overall_order_sensitive,cv_train,0.0,M_condition,condition_idB23.b_SPA,0.573274953708191,0.253384275984462,2.26247248958473,0.0236682266692452,0.0766417727786445,1.06990813463774
B23,tr_18::overall_order_sensitive,cv_train,0.0,M_condition,condition_idB23.b_TUR,-0.192140124239278,0.266060386214119,-0.722167350703041,0.470191593963392,-0.713618481218952,0.329338232740395
B23,tr_18::overall_order_sensitive,cv_train,0.0,M_condition,condition_idB23.c_noBRP,0.14109828451137,0.275661857067429,0.511852767780113,0.608754056588046,-0.399198955340792,0.681395524363531
B23,tr_18::overall_order_sensitive,cv_train,0.0,M_condition,condition_idB23.c_noFAR,0.445100864421607,0.287237914344002,1.54958952907778,0.121240067759196,-0.117885447692638,1.00808717653585
B23,tr_18::overall_order_sensitive,cv_train,0.0,M_condition,condition_idB23.c_noSPA,0.741290661043434,0.321157572919554,2.30818365671582,0.020988923780184,0.111821818121109,1.37075950396576
B23,tr_18::overall_order_sensitive,cv_train,0.0,M_condition,condition_idB23.c_noTUR,0.822459347968533,0.287862929793649,2.85712143817234,0.0042750224439558,0.258248005572982,1.38667069036408
B23,tr_18::overall_order_sensitive,cv_train,0.0,M_condition,test_talker_idB23.FAR.FAR,-0.896224577596967,0.426065157276458,-2.1034918305123,0.035422798675847,-1.73131228585882,-0.0611368693351094
B23,tr_18::overall_order_sensitive,cv_train,0.0,M_condition,test_talker_idB23.SPA.SPA,-0.807836338620394,0.426695468703836,-1.89323861599548,0.0583261441866295,-1.64415945727991,0.0284867800391246
B23,tr_18::overall_order_sensitive,cv_train,0.0,M_condition,test_talker_idB23.TUR.TUR,-1.80030629393258,0.425714692594678,-4.22890336004128,2.34833185047379e-05,-2.63470709141815,-0.965905496447006
B23,tr_18::overall_order_sensitive,cv_train,0.0,M_joint,(Intercept),-13.3463534237594,3.89962017022074,-3.42247522609462,0.0006205375236155,-20.989608957392,-5.7030978901267
B23,tr_18::overall_order_sensitive,cv_train,0.0,M_joint,condition_idB23.b_FAR,7.50524737793244,1.79434522056775,4.18272208263118,2.88039419566454e-05,3.98833074561965,11.0221640102452
B23,tr_18::overall_order_sensitive,cv_train,0.0,M_joint,condition_idB23.b_SPA,11.6066816476239,2.82045960743062,4.11517385926947,3.86887685816601e-05,6.0785808170599,17.1347824781879
B23,tr_18::overall_order_sensitive,cv_train,0.0,M_joint,condition_idB23.b_TUR,38.5811823853184,9.88654034852739,3.90239467247662,9.52456883666231e-05,19.2035633022047,57.9588014684321
B23,tr_18::overall_order_sensitive,cv_train,0.0,M_joint,condition_idB23.c_noBRP,24.72294569481,6.27022189297565,3.94291400157727,8.0497526403103e-05,12.4333107845777,37.0125806050423
B23,tr_18::overall_order_sensitive,cv_train,0.0,M_joint,condition_idB23.c_noFAR,21.8847497687239,5.4703752457597,4.0005938871721,6.3183712226244e-05,11.1628142870348,32.6066852504129
B23,tr_18::overall_order_sensitive,cv_train,0.0,M_joint,condition_idB23.c_noSPA,16.4106349106529,4.0034798591929,4.09909266134319,4.14772965730405e-05,8.5638143866348,24.257455434671
B23,tr_18::overall_order_sensitive,cv_train,0.0,M_joint,condition_idB23.c_noTUR,7.6618605540718,1.76291815526939,4.34612380113642,1.38564381895179e-05,4.2065409697438,11.1171801383998
B23,tr_18::overall_order_sensitive,cv_train,0.0,M_joint,test_talker_idB23.FAR.FAR,-0.896247974633505,0.42580047700179,-2.10485432272011,0.0353039908175785,-1.73081690955701,-0.0616790397099961
B23,tr_18::overall_order_sensitive,cv_train,0.0,M_joint,test_talker_idB23.SPA.SPA,-0.807858075126934,0.426374929069829,-1.89471289245205,0.0581304487779013,-1.6435529361038,0.0278367858499305
B23,tr_18::overall_order_sensitive,cv_train,0.0,M_joint,test_talker_idB23.TUR.TUR,-1.80033856855314,0.425467651016726,-4.23143466783182,2.32205443713e-05,-2.63425516454593,-0.966421972560361
B23,tr_18::overall_order_sensitive,cv_train,0.0,M_joint,variability_z,-12.2022786331547,3.1122624888609,-3.92070999050622,8.82884630699678e-05,-18.3023131113221,-6.10224415498734
B23,tr_18::overall_order_sensitive,cv_train,0.0,M_null,(Intercept),2.2553376408131,0.314257066134918,7.17672849349657,7.13992784334819e-13,1.63939379118866,2.87128149043754
B23,tr_18::overall_order_sensitive,cv_train,0.0,M_null,test_talker_idB23.FAR.FAR,-0.896260396564136,0.426198654682134,-2.10291700060053,0.0354730254623015,-1.73160975974112,-0.0609110333871522
B23,tr_18::overall_order_sensitive,cv_train,0.0,M_null,test_talker_idB23.SPA.SPA,-0.80784813294088,0.426822309378151,-1.89270362675713,0.0583972938416885,-1.64441985932206,0.0287235934402955
B23,tr_18::overall_order_sensitive,cv_train,0.0,M_null,test_talker_idB23.TUR.TUR,-1.80035586065125,0.425870781113444,-4.22746978777037,2.36333896103884e-05,-2.6350625916336,-0.965649129668902
B23,tr_18::overall_order_sensitive,cv_train,0.0,M_predictor,(Intercept),2.25531177495224,0.313845902706688,7.1860481704615,6.66935223160209e-13,1.64017380564713,2.87044974425734
B23,tr_18::overall_order_sensitive,cv_train,0.0,M_predictor,test_talker_idB23.FAR.FAR,-0.896291441020496,0.426391515692582,-2.1020386382798,0.0355498912928181,-1.73201881177796,-0.0605640702630359
B23,tr_18::overall_order_sensitive,cv_train,0.0,M_predictor,test_talker_idB23.SPA.SPA,-0.807871284483988,0.42699599299821,-1.89198797583886,0.0584925828904118,-1.64478343076048,0.0290408617925042
B23,tr_18::overall_order_sensitive,cv_train,0.0,M_predictor,test_talker_idB23.TUR.TUR,-1.80036859345351,0.425994597953669,-4.22627094827461,2.37595883122012e-05,-2.6353180054427,-0.965419181464323
B23,tr_18::overall_order_sensitive,cv_train,0.0,M_predictor,variability_z,-0.146313384987994,0.0829154919797203,-1.76460853689175,0.0776295797332151,-0.308827749268246,0.016200979292258
B23,tr_18::overall_order_sensitive,cv_train,1.0,M_condition,(Intercept),2.20389578083479,0.392258439434487,5.61847893957901,1.92645871682162e-08,1.4350692395432,2.97272232212639
B23,tr_18::overall_order_sensitive,cv_train,1.0,M_condition,condition_idB23.b_FAR,0.22063795905533,0.41326266674962,0.533892792181507,0.593415709164046,-0.589356867773924,1.03063278588458
B23,tr_18::overall_order_sensitive,cv_train,1.0,M_condition,condition_idB23.b_SPA,0.165809597157594,0.358122552063395,0.462996804312515,0.643366657734277,-0.53611060488666,0.867729799201849
B23,tr_18::overall_order_sensitive,cv_train,1.0,M_condition,condition_idB23.b_TUR,-0.189919980448583,0.367682610568743,-0.516532397751442,0.605482617386403,-0.91057789716332,0.530737936266154
B23,tr_18::overall_order_sensitive,cv_train,1.0,M_condition,condition_idB23.c_noBRP,0.1582032902105,0.367790302781308,0.430145354605964,0.667089909601433,-0.562665703240862,0.879072283661863
B23,tr_18::overall_order_sensitive,cv_train,1.0,M_condition,condition_idB23.c_noFAR,-0.0343556135612886,0.438169862940341,-0.0784070664530534,0.937504252621459,-0.893168544924357,0.82445731780178
B23,tr_18::overall_order_sensitive,cv_train,1.0,M_condition,condition_idB23.c_noSPA,0.373275425698481,0.413492363751051,0.90273837783185,0.366664762904964,-0.437169607253579,1.18372045865054
B23,tr_18::overall_order_sensitive,cv_train,1.0,M_condition,condition_idB23.c_noTUR,0.20611998666136,0.413161951494308,0.498884241193732,0.617860936453273,-0.603677438267485,1.0159174115902
B23,tr_18::overall_order_sensitive,cv_train,1.0,M_condition,test_talker_idB23.FAR.FAR,-0.907683509207791,0.422210624414888,-2.14983578507927,0.0315682064893159,-1.73521633306097,-0.0801506853546107
B23,tr_18::overall_order_sensitive,cv_train,1.0,M_condition,test_talker_idB23.SPA.SPA,-0.962341389360373,0.422657393394924,-2.27688289474964,0.0227932196053814,-1.79074988041442,-0.133932898306322
B23,tr_18::overall_order_sensitive,cv_train,1.0,M_condition,test_talker_idB23.TUR.TUR,-1.85405947564124,0.422016013480909,-4.39333915400136,1.11622782673972e-05,-2.68121086206383,-1.02690808921866
B23,tr_18::overall_order_sensitive,cv_train,1.0,M_joint,(Intercept),-13.5011320376471,3.97828002113839,-3.3937108413459,0.0006895245699489,-21.2985608790784,-5.7037031962159
B23,tr_18::overall_order_sensitive,cv_train,1.0,M_joint,condition_idB23.b_FAR,7.15826314439924,1.78936617822266,4.00044620912048,6.32231576559235e-05,3.65110543508282,10.6654208537157
B23,tr_18::overall_order_sensitive,cv_train,1.0,M_joint,condition_idB23.b_SPA,11.3192431725778,2.83181909780241,3.99716323029318,6.41060979077712e-05,5.76887774088506,16.8696086042705
B23,tr_18::overall_order_sensitive,cv_train,1.0,M_joint,condition_idB23.b_TUR,38.2099667150592,9.69791875244366,3.94001720270457,8.14757663958805e-05,19.2020459602696,57.2178874698488
B23,tr_18::overall_order_sensitive,cv_train,1.0,M_joint,condition_idB23.c_noBRP,24.516375351073,6.15632936093685,3.98230405063029,6.82503889548841e-05,12.4499698036367,36.5827808985092
B23,tr_18::overall_order_sensitive,cv_train,1.0,M_joint,condition_idB23.c_noFAR,21.1767128320481,5.36674900618697,3.94591079397134,7.94972090458694e-05,10.6578847799216,31.6955408841745
B23,tr_18::overall_order_sensitive,cv_train,1.0,M_joint,condition_idB23.c_noSPA,15.9277875862518,3.94175036365231,4.04079054146229,5.32713222488724e-05,8.20195687349329,23.6536182990104
B23,tr_18::overall_order_sensitive,cv_train,1.0,M_joint,condition_idB23.c_noTUR,6.97936389479993,1.74953292292377,3.98927268149731,6.62761985924113e-05,3.55027936586935,10.4084484237305
B23,tr_18::overall_order_sensitive,cv_train,1.0,M_joint,test_talker_idB23.FAR.FAR,-0.907937474615831,0.422179654774955,-2.15059504726681,0.0315081765922659,-1.73540959797474,-0.0804653512569186
B23,tr_18::overall_order_sensitive,cv_train,1.0,M_joint,test_talker_idB23.SPA.SPA,-0.962580352507299,0.422519927931732,-2.27818923765136,0.0227153052268382,-1.79071941125349,-0.134441293761105
B23,tr_18::overall_order_sensitive,cv_train,1.0,M_joint,test_talker_idB23.TUR.TUR,-1.85431821702445,0.421818923906744,-4.396005280774,1.10261252403098e-05,-2.68108330788167,-1.02755312616723
B23,tr_18::overall_order_sensitive,cv_train,1.0,M_joint,variability_z,-12.2016609285284,3.08174036288029,-3.95934098650813,7.51568657065516e-05,-18.2418720397737,-6.16144981728301
B23,tr_18::overall_order_sensitive,cv_train,1.0,M_null,(Intercept),2.30233127300746,0.317515818700865,7.25107581230938,4.13474152531138e-13,1.68000026835376,2.92466227766115
B23,tr_18::overall_order_sensitive,cv_train,1.0,M_null,test_talker_idB23.FAR.FAR,-0.907610592227868,0.422166233012951,-2.14988912246808,0.0315639862496196,-1.73505640893325,-0.0801647755224845
B23,tr_18::overall_order_sensitive,cv_train,1.0,M_null,test_talker_idB23.SPA.SPA,-0.962261837040432,0.42263165633941,-2.27683331952695,0.0227961809943197,-1.79061988346568,-0.133903790615189
B23,tr_18::overall_order_sensitive,cv_train,1.0,M_null,test_talker_idB23.TUR.TUR,-1.8539978598329,0.421879642134164,-4.39461323721162,1.10970147029422e-05,-2.68088195841586,-1.02711376124993
B23,tr_18::overall_order_sensitive,cv_train,1.0,M_predictor,(Intercept),2.30233057726275,0.317366495502742,7.25448530291646,4.03192050189465e-13,1.68029224607737,2.92436890844812
B23,tr_18::overall_order_sensitive,cv_train,1.0,M_predictor,test_talker_idB23.FAR.FAR,-0.90765515084026,0.422263347927225,-2.14950020004268,0.0315947702474819,-1.73529131277762,-0.0800189889028989
B23,tr_18::overall_order_sensitive,cv_train,1.0,M_predictor,test_talker_idB23.SPA.SPA,-0.962305660539826,0.422587828716645,-2.27717315821009,0.0227758873482361,-1.79057780482445,-0.134033516255203
B23,tr_18::overall_order_sensitive,cv_train,1.0,M_predictor,test_talker_idB23.TUR.TUR,-1.85403260408399,0.421966051877563,-4.39379565212501,1.11388526212275e-05,-2.68108606576401,-1.02697914240397
B23,tr_18::overall_order_sensitive,cv_train,1.0,M_predictor,variability_z,-0.0834384577164677,0.104131437304655,-0.801280188540507,0.422969457443732,-0.287536074833591,0.120659159400656
B23,tr_18::overall_order_sensitive,cv_train,2.0,M_condition,(Intercept),2.33653085247934,0.405248577274958,5.7656731781541,8.13325366450924e-09,1.54224364102042,3.13081806393825
B23,tr_18::overall_order_sensitive,cv_train,2.0,M_condition,condition_idB23.b_FAR,0.113664634692987,0.357577858724842,0.3178738054373,0.750580663065381,-0.587187968407704,0.814517237793678
B23,tr_18::overall_order_sensitive,cv_train,2.0,M_condition,condition_idB23.b_SPA,0.044794001094437,0.339477434025774,0.13194986353949,0.895023947994411,-0.62058176959608,0.710169771784954
B23,tr_18::overall_order_sensitive,cv_train,2.0,M_condition,condition_idB23.b_TUR,-0.160579719930046,0.369757931623864,-0.434283368107424,0.664082679923412,-0.88530526591282,0.564145826052728
B23,tr_18::overall_order_sensitive,cv_train,2.0,M_condition,condition_idB23.c_noBRP,0.279516031627007,0.429633693932415,0.650591505216015,0.515310215404535,-0.562566008480527,1.12159807173454
B23,tr_18::overall_order_sensitive,cv_train,2.0,M_condition,condition_idB23.c_noFAR,0.0479695531623004,0.369830719962424,0.129706783598654,0.896798415376059,-0.67689865796405,0.772837764288651
B23,tr_18::overall_order_sensitive,cv_train,2.0,M_condition,condition_idB23.c_noSPA,0.267247024257593,0.384822133149158,0.694468953931003,0.487388164036101,-0.487004356714757,1.02149840522994
B23,tr_18::overall_order_sensitive,cv_train,2.0,M_condition,condition_idB23.c_noTUR,0.405811636989582,0.357947003724496,1.1337198880478,0.256912064515286,-0.29576449031043,1.10738776428959
B23,tr_18::overall_order_sensitive,cv_train,2.0,M_condition,test_talker_idB23.FAR.FAR,-1.00655889323661,0.459808341483938,-2.18908358640938,0.028590765288184,-1.90778324254513,-0.105334543928089
B23,tr_18::overall_order_sensitive,cv_train,2.0,M_condition,test_talker_idB23.SPA.SPA,-0.951833844876906,0.460783388968105,-2.06568610688957,0.0388581279647102,-1.85496928725439,-0.0486984024994213
B23,tr_18::overall_order_sensitive,cv_train,2.0,M_condition,test_talker_idB23.TUR.TUR,-2.00036199754424,0.45941732110422,-4.35412838317963,1.33597399488766e-05,-2.90081994690851,-1.09990404817996
B23,tr_18::overall_order_sensitive,cv_train,2.0,M_joint,(Intercept),-10.2311329364601,2.80703195542016,-3.64482239566409,0.000267576520169,-15.7329155690836,-4.72935030383663
B23,tr_18::overall_order_sensitive,cv_train,2.0,M_joint,condition_idB23.b_FAR,6.29039050450773,1.40438784872555,4.47909778642426,7.49591907943269e-06,3.53779032100565,9.04299068800981
B23,tr_18::overall_order_sensitive,cv_train,2.0,M_joint,condition_idB23.b_SPA,10.0240344993467,2.22922172360278,4.49665207960843,6.90318089377941e-06,5.65475992108528,14.3933090776082
B23,tr_18::overall_order_sensitive,cv_train,2.0,M_joint,condition_idB23.b_TUR,34.3049216585453,7.64036648349031,4.48995761298533,7.12373479737545e-06,19.3298033509043,49.2800399661863
B23,tr_18::overall_order_sensitive,cv_train,2.0,M_joint,condition_idB23.c_noBRP,22.14503390489,4.85701872134215,4.55938821227575,5.13028568753219e-06,12.6252772110594,31.6647905987206
B23,tr_18::overall_order_sensitive,cv_train,2.0,M_joint,condition_idB23.c_noFAR,19.1013585354244,4.2312228570022,4.51438252745628,6.35015087579134e-06,10.8081617357,27.3945553351487
B23,tr_18::overall_order_sensitive,cv_train,2.0,M_joint,condition_idB23.c_noSPA,14.2002884970348,3.10242832910908,4.57715279473118,4.71347193782111e-06,8.11952897198103,20.2810480220886
B23,tr_18::overall_order_sensitive,cv_train,2.0,M_joint,condition_idB23.c_noTUR,6.43166327624232,1.37199798439092,4.68780810862313,2.76146763235672e-06,3.74254722683613,9.12077932564852
B23,tr_18::overall_order_sensitive,cv_train,2.0,M_joint,test_talker_idB23.FAR.FAR,-1.00682028045005,0.460054332471465,-2.18848124968479,0.0286345656071636,-1.90852677209413,-0.10511378880598
B23,tr_18::overall_order_sensitive,cv_train,2.0,M_joint,test_talker_idB23.SPA.SPA,-0.952086490347829,0.46082175899362,-2.06606235874598,0.0388225918589337,-1.85529713797532,-0.0488758427203344
B23,tr_18::overall_order_sensitive,cv_train,2.0,M_joint,test_talker_idB23.TUR.TUR,-2.00067691664264,0.459506305123287,-4.3539705425932,1.33693679550334e-05,-2.90130927468428,-1.10004455860099
B23,tr_18::overall_order_sensitive,cv_train,2.0,M_joint,variability_z,-10.2807401425996,2.27990093990625,-4.50929247084845,6.50441870519101e-06,-14.7493459848158,-5.8121343003833
B23,tr_18::overall_order_sensitive,cv_train,2.0,M_null,(Intercept),2.44739521514906,0.341564765174436,7.16524496869336,7.76475804105669e-13,1.77792827540716,3.11686215489096
B23,tr_18::overall_order_sensitive,cv_train,2.0,M_null,test_talker_idB23.FAR.FAR,-1.00647135365458,0.460108566994909,-2.18746492861047,0.028708600779874,-1.9082841449646,-0.104658562344561
B23,tr_18::overall_order_sensitive,cv_train,2.0,M_null,test_talker_idB23.SPA.SPA,-0.951746563116352,0.46096342754843,-2.06468996505446,0.0389523446811336,-1.85523488111127,-0.0482582451214294
B23,tr_18::overall_order_sensitive,cv_train,2.0,M_null,test_talker_idB23.TUR.TUR,-2.00026999942614,0.459721463557232,-4.35104766253125,1.3548859356079e-05,-2.90132406799831,-1.09921593085396
B23,tr_18::overall_order_sensitive,cv_train,2.0,M_predictor,(Intercept),2.44740270953911,0.3415150920341,7.16630909328814,7.70467128288879e-13,1.77803312915227,3.11677228992594
B23,tr_18::overall_order_sensitive,cv_train,2.0,M_predictor,test_talker_idB23.FAR.FAR,-1.00650207037577,0.460200096066724,-2.18709661075307,0.0287354720151616,-1.90849425866655,-0.104509882084991
B23,tr_18::overall_order_sensitive,cv_train,2.0,M_predictor,test_talker_idB23.SPA.SPA,-0.951775153400223,0.46100173889756,-2.06458039762778,0.0389627195825232,-1.85533856163944,-0.0482117451610063
B23,tr_18::overall_order_sensitive,cv_train,2.0,M_predictor,test_talker_idB23.TUR.TUR,-2.00030857757658,0.459901987579777,-4.34942364155274,1.36495800440674e-05,-2.90171647323294,-1.09890068192021
B23,tr_18::overall_order_sensitive,cv_train,2.0,M_predictor,variability_z,-0.0644925831343474,0.0984486786412588,-0.655088356943364,0.512410867903977,-0.257451993271215,0.12846682700252
B23,tr_18::overall_order_sensitive,full,,M_condition,(Intercept),2.15500921522717,0.359145093947985,6.00038605995626,1.9684894092453802e-09,1.45108483108912,2.85893359936522
B23,tr_18::overall_order_sensitive,full,,M_condition,condition_idB23.b_FAR,0.286676132487048,0.290958775835012,0.985280927390235,0.324486098514997,-0.283603068149575,0.856955333123672
B23,tr_18::overall_order_sensitive,full,,M_condition,condition_idB23.b_SPA,0.265307977241502,0.262815640856884,1.00948321179246,0.312742949024237,-0.24981067883799,0.780426633320995
B23,tr_18::overall_order_sensitive,full,,M_condition,condition_idB23.b_TUR,-0.183357800279349,0.277239837001576,-0.661368879243376,0.508375778716754,-0.726747880802438,0.360032280243741
B23,tr_18::overall_order_sensitive,full,,M_condition,condition_idB23.c_noBRP,0.172422097829746,0.291067304196493,0.592378791241177,0.553596965183821,-0.39806981839538,0.742914014054872
B23,tr_18::overall_order_sensitive,full,,M_condition,condition_idB23.c_noFAR,0.167273314473871,0.299509687100788,0.558490498564682,0.576509490823182,-0.419765672243674,0.754312301191416
B23,tr_18::overall_order_sensitive,full,,M_condition,condition_idB23.c_noSPA,0.451069413287724,0.309773426631712,1.45612688019234,0.145357548014756,-0.156086502910431,1.05822532948588
B23,tr_18::overall_order_sensitive,full,,M_condition,condition_idB23.c_noTUR,0.49100146724397,0.291200462338146,1.68612873517286,0.0917710064055328,-0.0797514389387965,1.06175437342674
B23,tr_18::overall_order_sensitive,full,,M_condition,test_talker_idB23.FAR.FAR,-0.944388756646851,0.433558867313449,-2.1782249836078,0.0293892909240249,-1.79416413658121,-0.0946133767124924
B23,tr_18::overall_order_sensitive,full,,M_condition,test_talker_idB23.SPA.SPA,-0.917414703022129,0.433954085732105,-2.11408241836092,0.034508228561102,-1.76796471105705,-0.0668646949872029
B23,tr_18::overall_order_sensitive,full,,M_condition,test_talker_idB23.TUR.TUR,-1.89223710964451,0.433245182340952,-4.36758950075381,1.25625322666186e-05,-2.74139766703278,-1.04307655225624
B23,tr_18::overall_order_sensitive,full,,M_joint,(Intercept),-11.7365826799669,2.52858812470259,-4.64155572246362,3.45795739929497e-06,-16.6926154043839,-6.78054995554978
B23,tr_18::overall_order_sensitive,full,,M_joint,condition_idB23.b_FAR,6.71903887669205,1.19076737391232,5.64261250677059,1.67489017448196e-08,4.38513482382389,9.0529429295602
B23,tr_18::overall_order_sensitive,full,,M_joint,condition_idB23.b_SPA,10.5727611343047,1.87502853016095,5.63872013904618,1.71318704579828e-08,6.89770521518924,14.2478170534202
B23,tr_18::overall_order_sensitive,full,,M_joint,condition_idB23.b_TUR,35.5910536582864,6.46723730237189,5.50328555985309,3.72777882397037e-08,22.9152685456375,48.2668387709354
B23,tr_18::overall_order_sensitive,full,,M_joint,condition_idB23.c_noBRP,22.8590023901372,4.10498251091443,5.56859921555308,2.56795392466811e-08,14.8132366687449,30.9047681115295
B23,tr_18::overall_order_sensitive,full,,M_joint,condition_idB23.c_noFAR,19.9429067227636,3.58096751669098,5.5691392423442,2.56000846238303e-08,12.9242103900493,26.9616030554779
B23,tr_18::overall_order_sensitive,full,,M_joint,condition_idB23.c_noSPA,14.9226762171922,2.62735017235147,5.67974393905644,1.34896535968685e-08,9.77306987938329,20.0722825550011
B23,tr_18::overall_order_sensitive,full,,M_joint,condition_idB23.c_noTUR,6.78080535168931,1.16480833537794,5.8213915077189,5.8359683467467e-09,4.49778101434856,9.06382968903007
B23,tr_18::overall_order_sensitive,full,,M_joint,test_talker_idB23.FAR.FAR,-0.944599582003677,0.433369261161586,-2.17966447244507,0.0292823419050788,-1.79400333388039,-0.0951958301269684
B23,tr_18::overall_order_sensitive,full,,M_joint,test_talker_idB23.SPA.SPA,-0.917603066729953,0.433807379396571,-2.11523157583522,0.0344102149799253,-1.76786553034723,-0.0673406031126748
B23,tr_18::overall_order_sensitive,full,,M_joint,test_talker_idB23.TUR.TUR,-1.89246862809305,0.433105967776967,-4.36952794210306,1.24515407682246e-05,-2.7413563249359,-1.04358093125019
B23,tr_18::overall_order_sensitive,full,,M_joint,variability_z,-11.1098210705249,2.00922139056153,-5.52941608262491,3.21298452120524e-08,-15.0478949960255,-7.17174714502429
B23,tr_18::overall_order_sensitive,full,,M_null,(Intercept),2.3410383984251,0.317712181470546,7.36842505562581,1.72655547077915e-13,1.71832252274283,2.96375427410737
B23,tr_18::overall_order_sensitive,full,,M_null,test_talker_idB23.FAR.FAR,-0.944266031665579,0.433978682640251,-2.1758350569683,0.0295675962922733,-1.79486424964047,-0.093667813690688
B23,tr_18::overall_order_sensitive,full,,M_null,test_talker_idB23.SPA.SPA,-0.917289334773626,0.434197924184003,-2.11260644900021,0.0346344662892849,-1.76831726617427,-0.0662614033729813
B23,tr_18::overall_order_sensitive,full,,M_null,test_talker_idB23.TUR.TUR,-1.89211787855339,0.433608395535599,-4.36365600397618,1.27906652307506e-05,-2.74199033380317,-1.04224542330362
B23,tr_18::overall_order_sensitive,full,,M_predictor,(Intercept),2.3410184761621,0.317533781256987,7.37250212212055,1.67454928004239e-13,1.7186522648984,2.96338468742579
B23,tr_18::overall_order_sensitive,full,,M_predictor,test_talker_idB23.FAR.FAR,-0.944278245349245,0.43372605059336,-2.17713057368222,0.0294708264801485,-1.79438130451223,-0.0941751861862604
B23,tr_18::overall_order_sensitive,full,,M_predictor,test_talker_idB23.SPA.SPA,-0.917304505667961,0.434258345938149,-2.11234744075273,0.0346566595604101,-1.76845086370673,-0.0661581476291888
B23,tr_18::overall_order_sensitive,full,,M_predictor,test_talker_idB23.TUR.TUR,-1.89213375779576,0.433614362667731,-4.36363257470246,1.2792035838753e-05,-2.74201790862451,-1.04224960696701
B23,tr_18::overall_order_sensitive,full,,M_predictor,variability_z,-0.099213933430555,0.0777625207395958,-1.27585799028807,0.202005723697034,-0.251628474080163,0.0532006072190527
B23,tr_20::overall_order_sensitive,cv_train,0.0,M_condition,(Intercept),1.91567003073818,0.351076412940333,5.45656147815251,4.85443249802039e-08,1.22756026137513,2.60377980010124
B23,tr_20::overall_order_sensitive,cv_train,0.0,M_condition,condition_idB23.b_FAR,0.541177139369604,0.28720148539483,1.88431177027382,0.0595228162420455,-0.021737772004263,1.10409205074347
B23,tr_20::overall_order_sensitive,cv_train,0.0,M_condition,condition_idB23.b_SPA,0.573274953708191,0.253384275984462,2.26247248958473,0.0236682266692452,0.0766417727786445,1.06990813463774
B23,tr_20::overall_order_sensitive,cv_train,0.0,M_condition,condition_idB23.b_TUR,-0.192140124239278,0.266060386214119,-0.722167350703041,0.470191593963392,-0.713618481218952,0.329338232740395
B23,tr_20::overall_order_sensitive,cv_train,0.0,M_condition,condition_idB23.c_noBRP,0.14109828451137,0.275661857067429,0.511852767780113,0.608754056588046,-0.399198955340792,0.681395524363531
B23,tr_20::overall_order_sensitive,cv_train,0.0,M_condition,condition_idB23.c_noFAR,0.445100864421607,0.287237914344002,1.54958952907778,0.121240067759196,-0.117885447692638,1.00808717653585
B23,tr_20::overall_order_sensitive,cv_train,0.0,M_condition,condition_idB23.c_noSPA,0.741290661043434,0.321157572919554,2.30818365671582,0.020988923780184,0.111821818121109,1.37075950396576
B23,tr_20::overall_order_sensitive,cv_train,0.0,M_condition,condition_idB23.c_noTUR,0.822459347968533,0.287862929793649,2.85712143817234,0.0042750224439558,0.258248005572982,1.38667069036408
B23,tr_20::overall_order_sensitive,cv_train,0.0,M_condition,test_talker_idB23.FAR.FAR,-0.896224577596967,0.426065157276458,-2.1034918305123,0.035422798675847,-1.73131228585882,-0.0611368693351094
B23,tr_20::overall_order_sensitive,cv_train,0.0,M_condition,test_talker_idB23.SPA.SPA,-0.807836338620394,0.426695468703836,-1.89323861599548,0.0583261441866295,-1.64415945727991,0.0284867800391246
B23,tr_20::overall_order_sensitive,cv_train,0.0,M_condition,test_talker_idB23.TUR.TUR,-1.80030629393258,0.425714692594678,-4.22890336004128,2.34833185047379e-05,-2.63470709141815,-0.965905496447006
B23,tr_20::overall_order_sensitive,cv_train,0.0,M_joint,(Intercept),-11.8868120098191,6.54760041427156,-1.81544554611334,0.0694554670833515,-24.7201088217914,0.946484802153114
B23,tr_20::overall_order_sensitive,cv_train,0.0,M_joint,condition_idB23.b_FAR,8.4898254957153,3.77451440827479,2.24924972523704,0.0244966124476961,1.09177725549671,15.8878737359339
B23,tr_20::overall_order_sensitive,cv_train,0.0,M_joint,condition_idB23.b_SPA,16.4428110957163,7.52294150128175,2.18568908091533,0.0288383602890685,1.6978457532041,31.1877764382286
B23,tr_20::overall_order_sensitive,cv_train,0.0,M_joint,condition_idB23.b_TUR,31.6735035681961,15.1000844055031,2.09757129282357,0.0359430332217969,2.07733813341005,61.2696690029822
B23,tr_20::overall_order_sensitive,cv_train,0.0,M_joint,condition_idB23.c_noBRP,21.6600832877893,10.1988253199398,2.12378216199483,0.0336883632780901,1.67038566070739,41.6497809148712
B23,tr_20::overall_order_sensitive,cv_train,0.0,M_joint,condition_idB23.c_noFAR,17.8018495679877,8.22778340198225,2.16362642260355,0.0304930319864547,1.67539410010248,33.9283050358729
B23,tr_20::overall_order_sensitive,cv_train,0.0,M_joint,condition_idB23.c_noSPA,10.8751864815069,4.8108856559805,2.26053730210522,0.0237879240321925,1.44585059578508,20.3045223672286
B23,tr_20::overall_order_sensitive,cv_train,0.0,M_joint,condition_idB23.c_noTUR,5.94332822056834,2.44196762718287,2.43382760459636,0.0149401088499783,1.15707167128992,10.7295847698468
B23,tr_20::overall_order_sensitive,cv_train,0.0,M_joint,test_talker_idB23.FAR.FAR,-0.896219474196596,0.426021543042931,-2.10369519765408,0.0354050436478588,-1.73122169856074,-0.0612172498324505
B23,tr_20::overall_order_sensitive,cv_train,0.0,M_joint,test_talker_idB23.SPA.SPA,-0.807826787469216,0.426727607371115,-1.89307364584609,0.058348076326325,-1.6442128979166,0.0285593229781689
B23,tr_20::overall_order_sensitive,cv_train,0.0,M_joint,test_talker_idB23.TUR.TUR,-1.80029172574766,0.425669892297269,-4.22931421349015,2.34404764563718e-05,-2.63460471465031,-0.965978736845016
B23,tr_20::overall_order_sensitive,cv_train,0.0,M_joint,variability_z,-9.98506962324605,4.73184271351954,-2.11018629057921,0.0348423129201938,-19.2594813417444,-0.710657904747741
B23,tr_20::overall_order_sensitive,cv_train,0.0,M_null,(Intercept),2.2553376408131,0.314257066134918,7.17672849349657,7.13992784334819e-13,1.63939379118866,2.87128149043754
B23,tr_20::overall_order_sensitive,cv_train,0.0,M_null,test_talker_idB23.FAR.FAR,-0.896260396564136,0.426198654682134,-2.10291700060053,0.0354730254623015,-1.73160975974112,-0.0609110333871522
B23,tr_20::overall_order_sensitive,cv_train,0.0,M_null,test_talker_idB23.SPA.SPA,-0.80784813294088,0.426822309378151,-1.89270362675713,0.0583972938416885,-1.64441985932206,0.0287235934402955
B23,tr_20::overall_order_sensitive,cv_train,0.0,M_null,test_talker_idB23.TUR.TUR,-1.80035586065125,0.425870781113444,-4.22746978777037,2.36333896103884e-05,-2.6350625916336,-0.965649129668902
B23,tr_20::overall_order_sensitive,cv_train,0.0,M_predictor,(Intercept),2.25531383261599,0.313729932992843,7.18871103914536,6.54058311256487e-13,1.64040316395001,2.87022450128196
B23,tr_20::overall_order_sensitive,cv_train,0.0,M_predictor,test_talker_idB23.FAR.FAR,-0.896288814787061,0.426085757604276,-2.1035408923935,0.0354185146187122,-1.73141689969144,-0.0611607298826791
B23,tr_20::overall_order_sensitive,cv_train,0.0,M_predictor,test_talker_idB23.SPA.SPA,-0.807872301795213,0.426756709791135,-1.89305120050861,0.058351060876041,-1.64431545298584,0.0285708493954128
B23,tr_20::overall_order_sensitive,cv_train,0.0,M_predictor,test_talker_idB23.TUR.TUR,-1.80037059389269,0.425788949363333,-4.22831686116965,2.35446052246593e-05,-2.63491693464482,-0.965824253140558
B23,tr_20::overall_order_sensitive,cv_train,0.0,M_predictor,variability_z,-0.129911124557145,0.0833509378493742,-1.55860423300708,0.119090080544266,-0.293278962741919,0.0334567136276284
B23,tr_20::overall_order_sensitive,cv_train,1.0,M_condition,(Intercept),2.20389578083479,0.392258439434487,5.61847893957901,1.92645871682162e-08,1.4350692395432,2.97272232212639
B23,tr_20::overall_order_sensitive,cv_train,1.0,M_condition,condition_idB23.b_FAR,0.22063795905533,0.41326266674962,0.533892792181507,0.593415709164046,-0.589356867773924,1.03063278588458
B23,tr_20::overall_order_sensitive,cv_train,1.0,M_condition,condition_idB23.b_SPA,0.165809597157594,0.358122552063395,0.462996804312515,0.643366657734277,-0.53611060488666,0.867729799201849
B23,tr_20::overall_order_sensitive,cv_train,1.0,M_condition,condition_idB23.b_TUR,-0.189919980448583,0.367682610568743,-0.516532397751442,0.605482617386403,-0.91057789716332,0.530737936266154
B23,tr_20::overall_order_sensitive,cv_train,1.0,M_condition,condition_idB23.c_noBRP,0.1582032902105,0.367790302781308,0.430145354605964,0.667089909601433,-0.562665703240862,0.879072283661863
B23,tr_20::overall_order_sensitive,cv_train,1.0,M_condition,condition_idB23.c_noFAR,-0.0343556135612886,0.438169862940341,-0.0784070664530534,0.937504252621459,-0.893168544924357,0.82445731780178
B23,tr_20::overall_order_sensitive,cv_train,1.0,M_condition,condition_idB23.c_noSPA,0.373275425698481,0.413492363751051,0.90273837783185,0.366664762904964,-0.437169607253579,1.18372045865054
B23,tr_20::overall_order_sensitive,cv_train,1.0,M_condition,condition_idB23.c_noTUR,0.20611998666136,0.413161951494308,0.498884241193732,0.617860936453273,-0.603677438267485,1.0159174115902
B23,tr_20::overall_order_sensitive,cv_train,1.0,M_condition,test_talker_idB23.FAR.FAR,-0.907683509207791,0.422210624414888,-2.14983578507927,0.0315682064893159,-1.73521633306097,-0.0801506853546107
B23,tr_20::overall_order_sensitive,cv_train,1.0,M_condition,test_talker_idB23.SPA.SPA,-0.962341389360373,0.422657393394924,-2.27688289474964,0.0227932196053814,-1.79074988041442,-0.133932898306322
B23,tr_20::overall_order_sensitive,cv_train,1.0,M_condition,test_talker_idB23.TUR.TUR,-1.85405947564124,0.422016013480909,-4.39333915400136,1.11622782673972e-05,-2.68121086206383,-1.02690808921866
B23,tr_20::overall_order_sensitive,cv_train,1.0,M_joint,(Intercept),-18.0657658939258,3.77717100498595,-4.7828827103879,1.72798963761274e-06,-25.4690210636982,-10.6625107241533
B23,tr_20::overall_order_sensitive,cv_train,1.0,M_joint,condition_idB23.b_FAR,11.5186441103546,2.12857258907766,5.41144059143684,6.25197363129979e-08,7.34664183576244,15.6906463849469
B23,tr_20::overall_order_sensitive,cv_train,1.0,M_joint,condition_idB23.b_SPA,23.020530227465,4.25377534479241,5.41178796751629,6.23985483458033e-08,14.6831305516719,31.3579299032581
B23,tr_20::overall_order_sensitive,cv_train,1.0,M_joint,condition_idB23.b_TUR,45.2936434209584,8.45403434781275,5.35763655049224,8.43176385124664e-08,28.7237360992454,61.8635507426714
B23,tr_20::overall_order_sensitive,cv_train,1.0,M_joint,condition_idB23.c_noBRP,30.8260541085776,5.70349276436476,5.40476781195863,6.48923984024376e-08,19.6472082904227,42.0048999267325
B23,tr_20::overall_order_sensitive,cv_train,1.0,M_joint,condition_idB23.c_noFAR,24.7826939412691,4.62325506222665,5.36044272005476,8.3018247370513e-08,15.7211140193049,33.8442738632334
B23,tr_20::overall_order_sensitive,cv_train,1.0,M_joint,condition_idB23.c_noSPA,14.8757043212539,2.71557063811461,5.47792943128223,4.30331677891933e-08,9.55318587054924,20.1982227719585
B23,tr_20::overall_order_sensitive,cv_train,1.0,M_joint,condition_idB23.c_noTUR,7.48134804496332,1.39988923753448,5.3442428474839,9.07957729849659e-08,4.73756513939575,10.2251309505309
B23,tr_20::overall_order_sensitive,cv_train,1.0,M_joint,test_talker_idB23.FAR.FAR,-0.90794756373885,0.422195785496034,-2.15053677684658,0.0315127801819708,-1.73545130331108,-0.0804438241666231
B23,tr_20::overall_order_sensitive,cv_train,1.0,M_joint,test_talker_idB23.SPA.SPA,-0.962582305193541,0.422605436626592,-2.27773289638028,0.0227424965060143,-1.79088896098166,-0.134275649405421
B23,tr_20::overall_order_sensitive,cv_train,1.0,M_joint,test_talker_idB23.TUR.TUR,-1.85433825381323,0.42183432614656,-4.39589227067541,1.10318640871971e-05,-2.68113353306049,-1.02754297456598
B23,tr_20::overall_order_sensitive,cv_train,1.0,M_joint,variability_z,-14.4165491513957,2.67996086582156,-5.37938793631457,7.47395006446937e-08,-19.6692724484059,-9.1638258543854
B23,tr_20::overall_order_sensitive,cv_train,1.0,M_null,(Intercept),2.30233127300746,0.317515818700865,7.25107581230938,4.13474152531138e-13,1.68000026835376,2.92466227766115
B23,tr_20::overall_order_sensitive,cv_train,1.0,M_null,test_talker_idB23.FAR.FAR,-0.907610592227868,0.422166233012951,-2.14988912246808,0.0315639862496196,-1.73505640893325,-0.0801647755224845
B23,tr_20::overall_order_sensitive,cv_train,1.0,M_null,test_talker_idB23.SPA.SPA,-0.962261837040432,0.42263165633941,-2.27683331952695,0.0227961809943197,-1.79061988346568,-0.133903790615189
B23,tr_20::overall_order_sensitive,cv_train,1.0,M_null,test_talker_idB23.TUR.TUR,-1.8539978598329,0.421879642134164,-4.39461323721162,1.10970147029422e-05,-2.68088195841586,-1.02711376124993
B23,tr_20::overall_order_sensitive,cv_train,1.0,M_predictor,(Intercept),2.30232207331552,0.317342902336768,7.25499784731995,4.01668223489611e-13,1.68032998473545,2.92431416189558
B23,tr_20::overall_order_sensitive,cv_train,1.0,M_predictor,test_talker_idB23.FAR.FAR,-0.907659013590102,0.42218729566882,-2.14989655752717,0.0315633980003169,-1.73514611310099,-0.0801719140792152
B23,tr_20::overall_order_sensitive,cv_train,1.0,M_predictor,test_talker_idB23.SPA.SPA,-0.962311498884051,0.422624964845468,-2.2769868770907,0.0227870092787072,-1.79065642998117,-0.133966567786933
B23,tr_20::overall_order_sensitive,cv_train,1.0,M_predictor,test_talker_idB23.TUR.TUR,-1.85404236315431,0.421879798278711,-4.39471709884874,1.10917105898959e-05,-2.68092676778058,-1.02715795852803
B23,tr_20::overall_order_sensitive,cv_train,1.0,M_predictor,variability_z,-0.0809273717395434,0.104157487176672,-0.776971237816773,0.437175739816096,-0.28507604660582,0.123221303126734
B23,tr_20::overall_order_sensitive,cv_train,2.0,M_condition,(Intercept),2.33653085247934,0.405248577274958,5.7656731781541,8.13325366450924e-09,1.54224364102042,3.13081806393825
B23,tr_20::overall_order_sensitive,cv_train,2.0,M_condition,condition_idB23.b_FAR,0.113664634692987,0.357577858724842,0.3178738054373,0.750580663065381,-0.587187968407704,0.814517237793678
B23,tr_20::overall_order_sensitive,cv_train,2.0,M_condition,condition_idB23.b_SPA,0.044794001094437,0.339477434025774,0.13194986353949,0.895023947994411,-0.62058176959608,0.710169771784954
B23,tr_20::overall_order_sensitive,cv_train,2.0,M_condition,condition_idB23.b_TUR,-0.160579719930046,0.369757931623864,-0.434283368107424,0.664082679923412,-0.88530526591282,0.564145826052728
B23,tr_20::overall_order_sensitive,cv_train,2.0,M_condition,condition_idB23.c_noBRP,0.279516031627007,0.429633693932415,0.650591505216015,0.515310215404535,-0.562566008480527,1.12159807173454
B23,tr_20::overall_order_sensitive,cv_train,2.0,M_condition,condition_idB23.c_noFAR,0.0479695531623004,0.369830719962424,0.129706783598654,0.896798415376059,-0.67689865796405,0.772837764288651
B23,tr_20::overall_order_sensitive,cv_train,2.0,M_condition,condition_idB23.c_noSPA,0.267247024257593,0.384822133149158,0.694468953931003,0.487388164036101,-0.487004356714757,1.02149840522994
B23,tr_20::overall_order_sensitive,cv_train,2.0,M_condition,condition_idB23.c_noTUR,0.405811636989582,0.357947003724496,1.1337198880478,0.256912064515286,-0.29576449031043,1.10738776428959
B23,tr_20::overall_order_sensitive,cv_train,2.0,M_condition,test_talker_idB23.FAR.FAR,-1.00655889323661,0.459808341483938,-2.18908358640938,0.028590765288184,-1.90778324254513,-0.105334543928089
B23,tr_20::overall_order_sensitive,cv_train,2.0,M_condition,test_talker_idB23.SPA.SPA,-0.951833844876906,0.460783388968105,-2.06568610688957,0.0388581279647102,-1.85496928725439,-0.0486984024994213
B23,tr_20::overall_order_sensitive,cv_train,2.0,M_condition,test_talker_idB23.TUR.TUR,-2.00036199754424,0.45941732110422,-4.35412838317963,1.33597399488766e-05,-2.90081994690851,-1.09990404817996
B23,tr_20::overall_order_sensitive,cv_train,2.0,M_joint,(Intercept),-13.9416991861551,3.27822170272907,-4.25282377166524,2.11091694848207e-05,-20.367013723504,-7.51638464880609
B23,tr_20::overall_order_sensitive,cv_train,2.0,M_joint,condition_idB23.b_FAR,10.2525445021049,2.05429089771171,4.99079488378461,6.01313250885986e-07,6.22613434258994,14.2789546616198
B23,tr_20::overall_order_sensitive,cv_train,2.0,M_joint,condition_idB23.b_SPA,20.5057347769806,4.10859899614471,4.99093116564116,6.00889100713097e-07,12.452880744537,28.5585888094242
B23,tr_20::overall_order_sensitive,cv_train,2.0,M_joint,condition_idB23.b_TUR,40.5729207517505,8.16644898728583,4.9682451717898,6.75615092763576e-07,24.5666807366703,56.5791607668307
B23,tr_20::overall_order_sensitive,cv_train,2.0,M_joint,condition_idB23.c_noBRP,27.7779605591689,5.5208668086703,5.03144914047641,4.8678625277013e-07,16.9570616141751,38.5988595041627
B23,tr_20::overall_order_sensitive,cv_train,2.0,M_joint,condition_idB23.c_noFAR,22.2371979365775,4.4560767363533,4.99030857237339,6.02829152018575e-07,13.503287533325,30.9711083398299
B23,tr_20::overall_order_sensitive,cv_train,2.0,M_joint,condition_idB23.c_noSPA,13.2986127856662,2.63098382910113,5.05461593437829,4.31257727093932e-07,8.14188448062795,18.4553410907044
B23,tr_20::overall_order_sensitive,cv_train,2.0,M_joint,condition_idB23.c_noTUR,6.90708875232741,1.34007777222824,5.15424469793458,2.5465523643585e-07,4.28053631876005,9.53364118589477
B23,tr_20::overall_order_sensitive,cv_train,2.0,M_joint,test_talker_idB23.FAR.FAR,-1.00687408998643,0.459730618516865,-2.19013928903562,0.0285141366004507,-1.90794610227949,-0.105802077693375
B23,tr_20::overall_order_sensitive,cv_train,2.0,M_joint,test_talker_idB23.SPA.SPA,-0.952133698819321,0.460699463995103,-2.0667132767262,0.0387611793807494,-1.85510464824972,-0.0491627493889201
B23,tr_20::overall_order_sensitive,cv_train,2.0,M_joint,test_talker_idB23.TUR.TUR,-2.00074434690178,0.459498101765912,-4.35419502107334,1.33556771372377e-05,-2.90136062636297,-1.10012806744059
B23,tr_20::overall_order_sensitive,cv_train,2.0,M_joint,variability_z,-12.1756881610065,2.44175704308085,-4.98644539411014,6.1500277819268e-07,-16.9615319654449,-7.38984435656803
B23,tr_20::overall_order_sensitive,cv_train,2.0,M_null,(Intercept),2.44739521514906,0.341564765174436,7.16524496869336,7.76475804105669e-13,1.77792827540716,3.11686215489096
B23,tr_20::overall_order_sensitive,cv_train,2.0,M_null,test_talker_idB23.FAR.FAR,-1.00647135365458,0.460108566994909,-2.18746492861047,0.028708600779874,-1.9082841449646,-0.104658562344561
B23,tr_20::overall_order_sensitive,cv_train,2.0,M_null,test_talker_idB23.SPA.SPA,-0.951746563116352,0.46096342754843,-2.06468996505446,0.0389523446811336,-1.85523488111127,-0.0482582451214294
B23,tr_20::overall_order_sensitive,cv_train,2.0,M_null,test_talker_idB23.TUR.TUR,-2.00026999942614,0.459721463557232,-4.35104766253125,1.3548859356079e-05,-2.90132406799831,-1.09921593085396
B23,tr_20::overall_order_sensitive,cv_train,2.0,M_predictor,(Intercept),2.44739492335067,0.34133338709179,7.17010118524539,7.49423552486065e-13,1.77838148465076,3.11640836205057
B23,tr_20::overall_order_sensitive,cv_train,2.0,M_predictor,test_talker_idB23.FAR.FAR,-1.00650852771435,0.460057627877364,-2.18778793508593,0.0286850531227097,-1.90822147835398,-0.104795577074715
B23,tr_20::overall_order_sensitive,cv_train,2.0,M_predictor,test_talker_idB23.SPA.SPA,-0.951784304524149,0.46091611211343,-2.06498379967658,0.0389245331678182,-1.85517988426647,-0.0483887247818267
B23,tr_20::overall_order_sensitive,cv_train,2.0,M_predictor,test_talker_idB23.TUR.TUR,-2.00031392060003,0.45953442987415,-4.35291414649354,1.34339769166441e-05,-2.90100140315336,-1.0996264380467
B23,tr_20::overall_order_sensitive,cv_train,2.0,M_predictor,variability_z,-0.0772495687788524,0.0983127376502628,-0.78575340922414,0.432011966653083,-0.269942534573367,0.115443397015663
B23,tr_20::overall_order_sensitive,full,,M_condition,(Intercept),2.15500921522717,0.359145093947985,6.00038605995626,1.9684894092453802e-09,1.45108483108912,2.85893359936522
B23,tr_20::overall_order_sensitive,full,,M_condition,condition_idB23.b_FAR,0.286676132487048,0.290958775835012,0.985280927390235,0.324486098514997,-0.283603068149575,0.856955333123672
B23,tr_20::overall_order_sensitive,full,,M_condition,condition_idB23.b_SPA,0.265307977241502,0.262815640856884,1.00948321179246,0.312742949024237,-0.24981067883799,0.780426633320995
B23,tr_20::overall_order_sensitive,full,,M_condition,condition_idB23.b_TUR,-0.183357800279349,0.277239837001576,-0.661368879243376,0.508375778716754,-0.726747880802438,0.360032280243741
B23,tr_20::overall_order_sensitive,full,,M_condition,condition_idB23.c_noBRP,0.172422097829746,0.291067304196493,0.592378791241177,0.553596965183821,-0.39806981839538,0.742914014054872
B23,tr_20::overall_order_sensitive,full,,M_condition,condition_idB23.c_noFAR,0.167273314473871,0.299509687100788,0.558490498564682,0.576509490823182,-0.419765672243674,0.754312301191416
B23,tr_20::overall_order_sensitive,full,,M_condition,condition_idB23.c_noSPA,0.451069413287724,0.309773426631712,1.45612688019234,0.145357548014756,-0.156086502910431,1.05822532948588
B23,tr_20::overall_order_sensitive,full,,M_condition,condition_idB23.c_noTUR,0.49100146724397,0.291200462338146,1.68612873517286,0.0917710064055328,-0.0797514389387965,1.06175437342674
B23,tr_20::overall_order_sensitive,full,,M_condition,test_talker_idB23.FAR.FAR,-0.944388756646851,0.433558867313449,-2.1782249836078,0.0293892909240249,-1.79416413658121,-0.0946133767124924
B23,tr_20::overall_order_sensitive,full,,M_condition,test_talker_idB23.SPA.SPA,-0.917414703022129,0.433954085732105,-2.11408241836092,0.034508228561102,-1.76796471105705,-0.0668646949872029
B23,tr_20::overall_order_sensitive,full,,M_condition,test_talker_idB23.TUR.TUR,-1.89223710964451,0.433245182340952,-4.36758950075381,1.25625322666186e-05,-2.74139766703278,-1.04307655225624
B23,tr_20::overall_order_sensitive,full,,M_joint,(Intercept),-15.8832169374962,2.46992281766275,-6.43065314588503,1.27056793794485e-10,-20.7242656601152,-11.0421682148772
B23,tr_20::overall_order_sensitive,full,,M_joint,condition_idB23.b_FAR,10.8442096035299,1.45451106217162,7.45557038757701,8.94798683001796e-14,7.99336792167351,13.6950512853862
B23,tr_20::overall_order_sensitive,full,,M_joint,condition_idB23.b_SPA,21.5081234818718,2.89082890791564,7.44012328885271,1.00591374791201e-13,15.8420988223572,27.1741481413865
B23,tr_20::overall_order_sensitive,full,,M_joint,condition_idB23.b_TUR,42.2264869350904,5.76237676524218,7.32796355659949,2.33676238791005e-13,30.9322284752157,53.520745394965
B23,tr_20::overall_order_sensitive,full,,M_joint,condition_idB23.c_noBRP,28.7916550091386,3.89211721950696,7.39742751447394,1.38847980408493e-13,21.163105258905,36.4202047593723
B23,tr_20::overall_order_sensitive,full,,M_joint,condition_idB23.c_noFAR,23.2782402364644,3.14619634489707,7.39885171954389,1.3736713489060599e-13,17.1116954004661,29.4447850724626
B23,tr_20::overall_order_sensitive,full,,M_joint,condition_idB23.c_noSPA,13.9811723096373,1.85556479275455,7.53472601130922,4.89361234014214e-14,10.3442653158384,17.6180793034363
B23,tr_20::overall_order_sensitive,full,,M_joint,condition_idB23.c_noTUR,7.27860988194277,0.956424008310891,7.61023334702491,2.7360149353148902e-14,5.40401882565343,9.15320093823212
B23,tr_20::overall_order_sensitive,full,,M_joint,test_talker_idB23.FAR.FAR,-0.944537483867987,0.433541569916616,-2.17865494201548,0.0293573113682014,-1.79427896090455,-0.0947960068314185
B23,tr_20::overall_order_sensitive,full,,M_joint,test_talker_idB23.SPA.SPA,-0.917542131127189,0.433903266926365,-2.11462369856482,0.0344620321855594,-1.76799253430286,-0.0670917279515142
B23,tr_20::overall_order_sensitive,full,,M_joint,test_talker_idB23.TUR.TUR,-1.89241037589278,0.433182039808309,-4.36862612478163,1.25030602205108e-05,-2.74144717391706,-1.04337357786849
B23,tr_20::overall_order_sensitive,full,,M_joint,variability_z,-13.1524256222613,1.78798933121824,-7.35598663404775,1.89521980286738e-13,-16.656884711449,-9.64796653307357
B23,tr_20::overall_order_sensitive,full,,M_null,(Intercept),2.3410383984251,0.317712181470546,7.36842505562581,1.72655547077915e-13,1.71832252274283,2.96375427410737
B23,tr_20::overall_order_sensitive,full,,M_null,test_talker_idB23.FAR.FAR,-0.944266031665579,0.433978682640251,-2.1758350569683,0.0295675962922733,-1.79486424964047,-0.093667813690688
B23,tr_20::overall_order_sensitive,full,,M_null,test_talker_idB23.SPA.SPA,-0.917289334773626,0.434197924184003,-2.11260644900021,0.0346344662892849,-1.76831726617427,-0.0662614033729813
B23,tr_20::overall_order_sensitive,full,,M_null,test_talker_idB23.TUR.TUR,-1.89211787855339,0.433608395535599,-4.36365600397618,1.27906652307506e-05,-2.74199033380317,-1.04224542330362
B23,tr_20::overall_order_sensitive,full,,M_predictor,(Intercept),2.34102043061046,0.317231751404537,7.37952749132344,1.5885227930860998e-13,1.71924619785757,2.96279466336335
B23,tr_20::overall_order_sensitive,full,,M_predictor,test_talker_idB23.FAR.FAR,-0.944292729351097,0.433482300276048,-2.17838820350856,0.0293771473854989,-1.79391803789215,-0.0946674208100426
B23,tr_20::overall_order_sensitive,full,,M_predictor,test_talker_idB23.SPA.SPA,-0.917319160052412,0.433763103851077,-2.11479296396623,0.0344475968235127,-1.76749484360052,-0.0671434765043007
B23,tr_20::overall_order_sensitive,full,,M_predictor,test_talker_idB23.TUR.TUR,-1.89214697778211,0.433323546816136,-4.36659164193762,1.26200352278691e-05,-2.74146112954173,-1.04283282602248
B23,tr_20::overall_order_sensitive,full,,M_predictor,variability_z,-0.0970828003843119,0.0777909104711499,-1.24799671062234,0.212032261805702,-0.249552984907766,0.0553873841391418
B23,tr_22::overall_order_sensitive,cv_train,0.0,M_condition,(Intercept),1.91567003073818,0.351076412940333,5.45656147815251,4.85443249802039e-08,1.22756026137513,2.60377980010124
B23,tr_22::overall_order_sensitive,cv_train,0.0,M_condition,condition_idB23.b_FAR,0.541177139369604,0.28720148539483,1.88431177027382,0.0595228162420455,-0.021737772004263,1.10409205074347
B23,tr_22::overall_order_sensitive,cv_train,0.0,M_condition,condition_idB23.b_SPA,0.573274953708191,0.253384275984462,2.26247248958473,0.0236682266692452,0.0766417727786445,1.06990813463774
B23,tr_22::overall_order_sensitive,cv_train,0.0,M_condition,condition_idB23.b_TUR,-0.192140124239278,0.266060386214119,-0.722167350703041,0.470191593963392,-0.713618481218952,0.329338232740395
B23,tr_22::overall_order_sensitive,cv_train,0.0,M_condition,condition_idB23.c_noBRP,0.14109828451137,0.275661857067429,0.511852767780113,0.608754056588046,-0.399198955340792,0.681395524363531
B23,tr_22::overall_order_sensitive,cv_train,0.0,M_condition,condition_idB23.c_noFAR,0.445100864421607,0.287237914344002,1.54958952907778,0.121240067759196,-0.117885447692638,1.00808717653585
B23,tr_22::overall_order_sensitive,cv_train,0.0,M_condition,condition_idB23.c_noSPA,0.741290661043434,0.321157572919554,2.30818365671582,0.020988923780184,0.111821818121109,1.37075950396576
B23,tr_22::overall_order_sensitive,cv_train,0.0,M_condition,condition_idB23.c_noTUR,0.822459347968533,0.287862929793649,2.85712143817234,0.0042750224439558,0.258248005572982,1.38667069036408
B23,tr_22::overall_order_sensitive,cv_train,0.0,M_condition,test_talker_idB23.FAR.FAR,-0.896224577596967,0.426065157276458,-2.1034918305123,0.035422798675847,-1.73131228585882,-0.0611368693351094
B23,tr_22::overall_order_sensitive,cv_train,0.0,M_condition,test_talker_idB23.SPA.SPA,-0.807836338620394,0.426695468703836,-1.89323861599548,0.0583261441866295,-1.64415945727991,0.0284867800391246
B23,tr_22::overall_order_sensitive,cv_train,0.0,M_condition,test_talker_idB23.TUR.TUR,-1.80030629393258,0.425714692594678,-4.22890336004128,2.34833185047379e-05,-2.63470709141815,-0.965905496447006
B23,tr_22::overall_order_sensitive,cv_train,0.0,M_joint,(Intercept),4.14986543664557,2.65151894902008,1.56508986601029,0.117561839407398,-1.04711170343378,9.34684257672492
B23,tr_22::overall_order_sensitive,cv_train,0.0,M_joint,condition_idB23.b_FAR,2.9630177202312,2.86823460441612,1.03304580304175,0.301582464389169,-2.6587221044244,8.5847575448868
B23,tr_22::overall_order_sensitive,cv_train,0.0,M_joint,condition_idB23.b_SPA,-1.86205741203758,2.87652876046942,-0.647327931368818,0.517419727949684,-7.50005378255765,3.77593895848249
B23,tr_22::overall_order_sensitive,cv_train,0.0,M_joint,condition_idB23.b_TUR,-8.27990371529065,9.52550526672796,-0.869235120179071,0.384718541577713,-26.9498940380775,10.3900866074962
B23,tr_22::overall_order_sensitive,cv_train,0.0,M_joint,condition_idB23.c_noBRP,-3.75260842816151,4.59083304214855,-0.817413396154625,0.413692222686685,-12.7506411907727,5.24542433444965
B23,tr_22::overall_order_sensitive,cv_train,0.0,M_joint,condition_idB23.c_noFAR,-3.86864537298528,5.08576976181819,-0.760680399264125,0.44684798491284,-13.8367541061489,6.09946336017838
B23,tr_22::overall_order_sensitive,cv_train,0.0,M_joint,condition_idB23.c_noSPA,-0.331720097169134,1.3016142351897,-0.254852849792925,0.798836754372545,-2.88288399814096,2.21944380380269
B23,tr_22::overall_order_sensitive,cv_train,0.0,M_joint,condition_idB23.c_noTUR,1.41011149294694,0.751630701203887,1.87606957870184,0.060645726335128,-0.0630846814126762,2.88330766730656
B23,tr_22::overall_order_sensitive,cv_train,0.0,M_joint,test_talker_idB23.FAR.FAR,-0.896230479350744,0.425873020169983,-2.1044547010586,0.0353388021025943,-1.73094159888391,-0.0615193598175767
B23,tr_22::overall_order_sensitive,cv_train,0.0,M_joint,test_talker_idB23.SPA.SPA,-0.807841101622007,0.42654336926907,-1.89392488507402,0.0582349808715979,-1.64386610538938,0.0281839021453703
B23,tr_22::overall_order_sensitive,cv_train,0.0,M_joint,test_talker_idB23.TUR.TUR,-1.80031048508931,0.425501426381721,-4.23103278500938,2.32620759959155e-05,-2.63429328079749,-0.966327689381142
B23,tr_22::overall_order_sensitive,cv_train,0.0,M_joint,variability_z,3.11452338059017,3.66835327924058,0.849024928491875,0.395867421159242,-4.07544904672137,10.3044958079017
B23,tr_22::overall_order_sensitive,cv_train,0.0,M_null,(Intercept),2.2553376408131,0.314257066134918,7.17672849349657,7.13992784334819e-13,1.63939379118866,2.87128149043754
B23,tr_22::overall_order_sensitive,cv_train,0.0,M_null,test_talker_idB23.FAR.FAR,-0.896260396564136,0.426198654682134,-2.10291700060053,0.0354730254623015,-1.73160975974112,-0.0609110333871522
B23,tr_22::overall_order_sensitive,cv_train,0.0,M_null,test_talker_idB23.SPA.SPA,-0.80784813294088,0.426822309378151,-1.89270362675713,0.0583972938416885,-1.64441985932206,0.0287235934402955
B23,tr_22::overall_order_sensitive,cv_train,0.0,M_null,test_talker_idB23.TUR.TUR,-1.80035586065125,0.425870781113444,-4.22746978777037,2.36333896103884e-05,-2.6350625916336,-0.965649129668902
B23,tr_22::overall_order_sensitive,cv_train,0.0,M_predictor,(Intercept),2.2552773544751,0.313291820142644,7.19864742542037,6.08127715082269e-13,1.64122538699552,2.86932932195469
B23,tr_22::overall_order_sensitive,cv_train,0.0,M_predictor,test_talker_idB23.FAR.FAR,-0.896282719094337,0.426207100048598,-2.10292770578467,0.0354720895228014,-1.73164863518959,-0.0609168029990841
B23,tr_22::overall_order_sensitive,cv_train,0.0,M_predictor,test_talker_idB23.SPA.SPA,-0.807887707468119,0.426720366411175,-1.89324853243509,0.0583248260527907,-1.64425962563402,0.0284842106977835
B23,tr_22::overall_order_sensitive,cv_train,0.0,M_predictor,test_talker_idB23.TUR.TUR,-1.80037513364369,0.42579763177724,-4.22824130357205,2.35525117402563e-05,-2.63493849192708,-0.9658117753603
B23,tr_22::overall_order_sensitive,cv_train,0.0,M_predictor,variability_z,-0.190559690123736,0.0815586187096249,-2.33647520199172,0.0194664885626764,-0.350414582794601,-0.0307047974528714
B23,tr_22::overall_order_sensitive,cv_train,1.0,M_condition,(Intercept),2.20389578083479,0.392258439434487,5.61847893957901,1.92645871682162e-08,1.4350692395432,2.97272232212639
B23,tr_22::overall_order_sensitive,cv_train,1.0,M_condition,condition_idB23.b_FAR,0.22063795905533,0.41326266674962,0.533892792181507,0.593415709164046,-0.589356867773924,1.03063278588458
B23,tr_22::overall_order_sensitive,cv_train,1.0,M_condition,condition_idB23.b_SPA,0.165809597157594,0.358122552063395,0.462996804312515,0.643366657734277,-0.53611060488666,0.867729799201849
B23,tr_22::overall_order_sensitive,cv_train,1.0,M_condition,condition_idB23.b_TUR,-0.189919980448583,0.367682610568743,-0.516532397751442,0.605482617386403,-0.91057789716332,0.530737936266154
B23,tr_22::overall_order_sensitive,cv_train,1.0,M_condition,condition_idB23.c_noBRP,0.1582032902105,0.367790302781308,0.430145354605964,0.667089909601433,-0.562665703240862,0.879072283661863
B23,tr_22::overall_order_sensitive,cv_train,1.0,M_condition,condition_idB23.c_noFAR,-0.0343556135612886,0.438169862940341,-0.0784070664530534,0.937504252621459,-0.893168544924357,0.82445731780178
B23,tr_22::overall_order_sensitive,cv_train,1.0,M_condition,condition_idB23.c_noSPA,0.373275425698481,0.413492363751051,0.90273837783185,0.366664762904964,-0.437169607253579,1.18372045865054
B23,tr_22::overall_order_sensitive,cv_train,1.0,M_condition,condition_idB23.c_noTUR,0.20611998666136,0.413161951494308,0.498884241193732,0.617860936453273,-0.603677438267485,1.0159174115902
B23,tr_22::overall_order_sensitive,cv_train,1.0,M_condition,test_talker_idB23.FAR.FAR,-0.907683509207791,0.422210624414888,-2.14983578507927,0.0315682064893159,-1.73521633306097,-0.0801506853546107
B23,tr_22::overall_order_sensitive,cv_train,1.0,M_condition,test_talker_idB23.SPA.SPA,-0.962341389360373,0.422657393394924,-2.27688289474964,0.0227932196053814,-1.79074988041442,-0.133932898306322
B23,tr_22::overall_order_sensitive,cv_train,1.0,M_condition,test_talker_idB23.TUR.TUR,-1.85405947564124,0.422016013480909,-4.39333915400136,1.11622782673972e-05,-2.68121086206383,-1.02690808921866
B23,tr_22::overall_order_sensitive,cv_train,1.0,M_joint,(Intercept),20.8592954992118,4.17202358280207,4.9998028738855,5.73889575192081e-07,12.6821292769198,29.0364617215039
B23,tr_22::overall_order_sensitive,cv_train,1.0,M_joint,condition_idB23.b_FAR,19.5303886537359,4.32182386091152,4.51901541624066,6.21278714794808e-06,11.0596138863493,28.0011634211224
B23,tr_22::overall_order_sensitive,cv_train,1.0,M_joint,condition_idB23.b_SPA,-19.2263720195027,4.3335425725585,-4.43664085389418,9.13735537451425e-06,-27.7201154617174,-10.7326285772881
B23,tr_22::overall_order_sensitive,cv_train,1.0,M_joint,condition_idB23.b_TUR,-65.1203930019067,14.4735287316451,-4.49927548487374,6.81854496889701e-06,-93.4885093159312,-36.7522766878823
B23,tr_22::overall_order_sensitive,cv_train,1.0,M_joint,condition_idB23.c_noBRP,-31.1351982170285,6.98143070067391,-4.45971600262723,8.20683263675257e-06,-44.8188023903494,-17.4515940437076
B23,tr_22::overall_order_sensitive,cv_train,1.0,M_joint,condition_idB23.c_noFAR,-34.496847464007,7.6893873939932,-4.48629334125567,7.2472944889589e-06,-49.5680467562337,-19.4256481717803
B23,tr_22::overall_order_sensitive,cv_train,1.0,M_joint,condition_idB23.c_noSPA,-8.12253349554457,1.92917408093132,-4.21036835184068,2.54954656230546e-05,-11.90371469417,-4.34135229691918
B23,tr_22::overall_order_sensitive,cv_train,1.0,M_joint,condition_idB23.c_noTUR,5.10498345414231,1.15603816139508,4.41592987551705,1.00576688223863e-05,2.83914865780796,7.37081825047666
B23,tr_22::overall_order_sensitive,cv_train,1.0,M_joint,test_talker_idB23.FAR.FAR,-0.907835764010651,0.422137422127604,-2.15056926115456,0.0315102137242097,-1.73522511138075,-0.0804464166405466
B23,tr_22::overall_order_sensitive,cv_train,1.0,M_joint,test_talker_idB23.SPA.SPA,-0.962446743480649,0.4224879188617,-2.27804559731258,0.0227238610463402,-1.79052306444958,-0.134370422511718
B23,tr_22::overall_order_sensitive,cv_train,1.0,M_joint,test_talker_idB23.TUR.TUR,-1.85424753855788,0.421850700970593,-4.39550659579712,1.10514708003724e-05,-2.68107491246025,-1.02742016465552
B23,tr_22::overall_order_sensitive,cv_train,1.0,M_joint,variability_z,24.9782279475353,5.56732191211392,4.48657870729286,7.23759878798674e-06,14.066276999792,35.8901788952786
B23,tr_22::overall_order_sensitive,cv_train,1.0,M_null,(Intercept),2.30233127300746,0.317515818700865,7.25107581230938,4.13474152531138e-13,1.68000026835376,2.92466227766115
B23,tr_22::overall_order_sensitive,cv_train,1.0,M_null,test_talker_idB23.FAR.FAR,-0.907610592227868,0.422166233012951,-2.14988912246808,0.0315639862496196,-1.73505640893325,-0.0801647755224845
B23,tr_22::overall_order_sensitive,cv_train,1.0,M_null,test_talker_idB23.SPA.SPA,-0.962261837040432,0.42263165633941,-2.27683331952695,0.0227961809943197,-1.79061988346568,-0.133903790615189
B23,tr_22::overall_order_sensitive,cv_train,1.0,M_null,test_talker_idB23.TUR.TUR,-1.8539978598329,0.421879642134164,-4.39461323721162,1.10970147029422e-05,-2.68088195841586,-1.02711376124993
B23,tr_22::overall_order_sensitive,cv_train,1.0,M_predictor,(Intercept),2.30230790330084,0.317206270900548,7.25807814821754,3.92628707650826e-13,1.68058361233577,2.92403219426591
B23,tr_22::overall_order_sensitive,cv_train,1.0,M_predictor,test_talker_idB23.FAR.FAR,-0.907676695512129,0.422204161702881,-2.14985255439261,0.0315668795907691,-1.73519685244978,-0.0801565385744828
B23,tr_22::overall_order_sensitive,cv_train,1.0,M_predictor,test_talker_idB23.SPA.SPA,-0.962325939433319,0.422560264857375,-2.27736969011539,0.0227641585070107,-1.79054405855377,-0.134107820312863
B23,tr_22::overall_order_sensitive,cv_train,1.0,M_predictor,test_talker_idB23.TUR.TUR,-1.85405131971226,0.421842160504851,-4.39513043810835,1.10706257288085e-05,-2.68086195430177,-1.02724068512275
B23,tr_22::overall_order_sensitive,cv_train,1.0,M_predictor,variability_z,-0.103757428280922,0.103808813825075,-0.999504998253425,0.317550119014721,-0.307222703378069,0.0997078468162253
B23,tr_22::overall_order_sensitive,cv_train,2.0,M_condition,(Intercept),2.33653085247934,0.405248577274958,5.7656731781541,8.13325366450924e-09,1.54224364102042,3.13081806393825
B23,tr_22::overall_order_sensitive,cv_train,2.0,M_condition,condition_idB23.b_FAR,0.113664634692987,0.357577858724842,0.3178738054373,0.750580663065381,-0.587187968407704,0.814517237793678
B23,tr_22::overall_order_sensitive,cv_train,2.0,M_condition,condition_idB23.b_SPA,0.044794001094437,0.339477434025774,0.13194986353949,0.895023947994411,-0.62058176959608,0.710169771784954
B23,tr_22::overall_order_sensitive,cv_train,2.0,M_condition,condition_idB23.b_TUR,-0.160579719930046,0.369757931623864,-0.434283368107424,0.664082679923412,-0.88530526591282,0.564145826052728
B23,tr_22::overall_order_sensitive,cv_train,2.0,M_condition,condition_idB23.c_noBRP,0.279516031627007,0.429633693932415,0.650591505216015,0.515310215404535,-0.562566008480527,1.12159807173454
B23,tr_22::overall_order_sensitive,cv_train,2.0,M_condition,condition_idB23.c_noFAR,0.0479695531623004,0.369830719962424,0.129706783598654,0.896798415376059,-0.67689865796405,0.772837764288651
B23,tr_22::overall_order_sensitive,cv_train,2.0,M_condition,condition_idB23.c_noSPA,0.267247024257593,0.384822133149158,0.694468953931003,0.487388164036101,-0.487004356714757,1.02149840522994
B23,tr_22::overall_order_sensitive,cv_train,2.0,M_condition,condition_idB23.c_noTUR,0.405811636989582,0.357947003724496,1.1337198880478,0.256912064515286,-0.29576449031043,1.10738776428959
B23,tr_22::overall_order_sensitive,cv_train,2.0,M_condition,test_talker_idB23.FAR.FAR,-1.00655889323661,0.459808341483938,-2.18908358640938,0.028590765288184,-1.90778324254513,-0.105334543928089
B23,tr_22::overall_order_sensitive,cv_train,2.0,M_condition,test_talker_idB23.SPA.SPA,-0.951833844876906,0.460783388968105,-2.06568610688957,0.0388581279647102,-1.85496928725439,-0.0486984024994213
B23,tr_22::overall_order_sensitive,cv_train,2.0,M_condition,test_talker_idB23.TUR.TUR,-2.00036199754424,0.45941732110422,-4.35412838317963,1.33597399488766e-05,-2.90081994690851,-1.09990404817996
B23,tr_22::overall_order_sensitive,cv_train,2.0,M_joint,(Intercept),14.5497636724485,2.98959452758646,4.86680168102753,1.13418738771433e-06,8.69015839837901,20.4093689465179
B23,tr_22::overall_order_sensitive,cv_train,2.0,M_joint,condition_idB23.b_FAR,16.2430518268531,3.93387337447941,4.12902253850575,3.64308694387834e-05,8.5326600128735,23.9534436408328
B23,tr_22::overall_order_sensitive,cv_train,2.0,M_joint,condition_idB23.b_SPA,-15.9891570811142,3.90355560792314,-4.09604952178998,4.20260068662518e-05,-23.6401260726435,-8.33818808958482
B23,tr_22::overall_order_sensitive,cv_train,2.0,M_joint,condition_idB23.b_TUR,-53.9338592521522,13.0584891475516,-4.13017605962973,3.62485529691198e-05,-79.5284979813534,-28.3392205229511
B23,tr_22::overall_order_sensitive,cv_train,2.0,M_joint,condition_idB23.c_noBRP,-25.4171017101845,6.25054959648445,-4.06637869483991,4.77493216147475e-05,-37.668178919294,-13.166024501075
B23,tr_22::overall_order_sensitive,cv_train,2.0,M_joint,condition_idB23.c_noFAR,-28.5508147907044,6.94966356664172,-4.10822977499916,3.98703338767861e-05,-42.1721553813222,-14.9294742000866
B23,tr_22::overall_order_sensitive,cv_train,2.0,M_joint,condition_idB23.c_noSPA,-6.61477856901758,1.70777443429273,-3.87333270494653,0.0001073571098559,-9.96201646023133,-3.26754067780384
B23,tr_22::overall_order_sensitive,cv_train,2.0,M_joint,condition_idB23.c_noTUR,4.44530011646002,1.04018941256767,4.27354870444889,1.92386236451054e-05,2.40652886782739,6.48407136509265
B23,tr_22::overall_order_sensitive,cv_train,2.0,M_joint,test_talker_idB23.FAR.FAR,-1.00688968927808,0.46017361265364,-2.18806481204288,0.0286648816178067,-1.90882997007921,-0.104949408476944
B23,tr_22::overall_order_sensitive,cv_train,2.0,M_joint,test_talker_idB23.SPA.SPA,-0.952119360326303,0.461181032957107,-2.06452410720641,0.0389680506155416,-1.85603418492223,-0.0482045357303724
B23,tr_22::overall_order_sensitive,cv_train,2.0,M_joint,test_talker_idB23.TUR.TUR,-2.00077528724496,0.459822068792348,-4.35119456641063,1.3539783524979e-05,-2.90202654207796,-1.09952403241196
B23,tr_22::overall_order_sensitive,cv_train,2.0,M_joint,variability_z,20.4700648950472,4.97105503117981,4.11785119389211,3.8242148621086e-05,10.7267970339347,30.2133327561596
B23,tr_22::overall_order_sensitive,cv_train,2.0,M_null,(Intercept),2.44739521514906,0.341564765174436,7.16524496869336,7.76475804105669e-13,1.77792827540716,3.11686215489096
B23,tr_22::overall_order_sensitive,cv_train,2.0,M_null,test_talker_idB23.FAR.FAR,-1.00647135365458,0.460108566994909,-2.18746492861047,0.028708600779874,-1.9082841449646,-0.104658562344561
B23,tr_22::overall_order_sensitive,cv_train,2.0,M_null,test_talker_idB23.SPA.SPA,-0.951746563116352,0.46096342754843,-2.06468996505446,0.0389523446811336,-1.85523488111127,-0.0482582451214294
B23,tr_22::overall_order_sensitive,cv_train,2.0,M_null,test_talker_idB23.TUR.TUR,-2.00026999942614,0.459721463557232,-4.35104766253125,1.3548859356079e-05,-2.90132406799831,-1.09921593085396
B23,tr_22::overall_order_sensitive,cv_train,2.0,M_predictor,(Intercept),2.44739539279443,0.341440793150884,7.16784708180114,7.61863311020718e-13,1.7781714382187,3.11661934737016
B23,tr_22::overall_order_sensitive,cv_train,2.0,M_predictor,test_talker_idB23.FAR.FAR,-1.00653820723927,0.460127714829979,-2.18751919260328,0.0287046436903692,-1.90838852830603,-0.104687886172511
B23,tr_22::overall_order_sensitive,cv_train,2.0,M_predictor,test_talker_idB23.SPA.SPA,-0.951816855267465,0.461016809128263,-2.06460336460889,0.0389605446526757,-1.85540980115886,-0.0482239093760706
B23,tr_22::overall_order_sensitive,cv_train,2.0,M_predictor,test_talker_idB23.TUR.TUR,-2.00034046010263,0.45985680960075,-4.34992027592095,1.36187035521838e-05,-2.9016598069201,-1.09902111328516
B23,tr_22::overall_order_sensitive,cv_train,2.0,M_predictor,variability_z,-0.0861657381658679,0.0981696086888242,-0.877723149931198,0.380093978288256,-0.278578171195963,0.106246694864228
B23,tr_22::overall_order_sensitive,full,,M_condition,(Intercept),2.15500921522717,0.359145093947985,6.00038605995626,1.9684894092453802e-09,1.45108483108912,2.85893359936522
B23,tr_22::overall_order_sensitive,full,,M_condition,condition_idB23.b_FAR,0.286676132487048,0.290958775835012,0.985280927390235,0.324486098514997,-0.283603068149575,0.856955333123672
B23,tr_22::overall_order_sensitive,full,,M_condition,condition_idB23.b_SPA,0.265307977241502,0.262815640856884,1.00948321179246,0.312742949024237,-0.24981067883799,0.780426633320995
B23,tr_22::overall_order_sensitive,full,,M_condition,condition_idB23.b_TUR,-0.183357800279349,0.277239837001576,-0.661368879243376,0.508375778716754,-0.726747880802438,0.360032280243741
B23,tr_22::overall_order_sensitive,full,,M_condition,condition_idB23.c_noBRP,0.172422097829746,0.291067304196493,0.592378791241177,0.553596965183821,-0.39806981839538,0.742914014054872
B23,tr_22::overall_order_sensitive,full,,M_condition,condition_idB23.c_noFAR,0.167273314473871,0.299509687100788,0.558490498564682,0.576509490823182,-0.419765672243674,0.754312301191416
B23,tr_22::overall_order_sensitive,full,,M_condition,condition_idB23.c_noSPA,0.451069413287724,0.309773426631712,1.45612688019234,0.145357548014756,-0.156086502910431,1.05822532948588
B23,tr_22::overall_order_sensitive,full,,M_condition,condition_idB23.c_noTUR,0.49100146724397,0.291200462338146,1.68612873517286,0.0917710064055328,-0.0797514389387965,1.06175437342674
B23,tr_22::overall_order_sensitive,full,,M_condition,test_talker_idB23.FAR.FAR,-0.944388756646851,0.433558867313449,-2.1782249836078,0.0293892909240249,-1.79416413658121,-0.0946133767124924
B23,tr_22::overall_order_sensitive,full,,M_condition,test_talker_idB23.SPA.SPA,-0.917414703022129,0.433954085732105,-2.11408241836092,0.034508228561102,-1.76796471105705,-0.0668646949872029
B23,tr_22::overall_order_sensitive,full,,M_condition,test_talker_idB23.TUR.TUR,-1.89223710964451,0.433245182340952,-4.36758950075381,1.25625322666186e-05,-2.74139766703278,-1.04307655225624
B23,tr_22::overall_order_sensitive,full,,M_joint,(Intercept),14.4273040264462,2.83271708065936,5.09309740988608,3.52260594130361e-07,8.87517854835388,19.9794295045386
B23,tr_22::overall_order_sensitive,full,,M_joint,condition_idB23.b_FAR,14.265759172648,3.22101407244625,4.42896518046369,9.46863066572071e-06,7.95257159065334,20.5789467546426
B23,tr_22::overall_order_sensitive,full,,M_joint,condition_idB23.b_SPA,-13.7285841919305,3.21733085431676,-4.26707255596997,1.98054759861874e-05,-20.0345526663913,-7.42261571746961
B23,tr_22::overall_order_sensitive,full,,M_joint,condition_idB23.b_TUR,-46.9283489718697,10.722601655976,-4.37658233304929,1.2055466627163e-05,-67.9446482175827,-25.9120497261567
B23,tr_22::overall_order_sensitive,full,,M_joint,condition_idB23.c_noBRP,-22.2985288779691,5.15846459392873,-4.32270658680363,1.54126649737953e-05,-32.4091194820694,-12.1879382738687
B23,tr_22::overall_order_sensitive,full,,M_joint,condition_idB23.c_noFAR,-24.7125653443529,5.7111165109444,-4.32709879005189,1.51086208653565e-05,-35.9063537058039,-13.5187769829018
B23,tr_22::overall_order_sensitive,full,,M_joint,condition_idB23.c_noSPA,-5.64245939218944,1.42636645629496,-3.95582731722809,7.6270240970326e-05,-8.43813764652757,-2.84678113785131
B23,tr_22::overall_order_sensitive,full,,M_joint,condition_idB23.c_noTUR,3.96679039354548,0.84706170127524,4.68300052708502,2.82705786103357e-06,2.30654945904601,5.62703132804495
B23,tr_22::overall_order_sensitive,full,,M_joint,test_talker_idB23.FAR.FAR,-0.94456221656887,0.433842693594506,-2.17719977889431,0.0294656648072884,-1.7948938960141,-0.0942305371236378
B23,tr_22::overall_order_sensitive,full,,M_joint,test_talker_idB23.SPA.SPA,-0.917550606139918,0.43408075292483,-2.11377859985147,0.0345341815836005,-1.76834888187258,-0.0667523304072518
B23,tr_22::overall_order_sensitive,full,,M_joint,test_talker_idB23.TUR.TUR,-1.89244129574306,0.433569062210299,-4.36479781582098,1.27240390061111e-05,-2.74223665767525,-1.04264593381088
B23,tr_22::overall_order_sensitive,full,,M_joint,variability_z,17.9638994128715,4.12055840632133,4.35957888263717,1.30312974034545e-05,9.88760493648175,26.0401938892613
B23,tr_22::overall_order_sensitive,full,,M_null,(Intercept),2.3410383984251,0.317712181470546,7.36842505562581,1.72655547077915e-13,1.71832252274283,2.96375427410737
B23,tr_22::overall_order_sensitive,full,,M_null,test_talker_idB23.FAR.FAR,-0.944266031665579,0.433978682640251,-2.1758350569683,0.0295675962922733,-1.79486424964047,-0.093667813690688
B23,tr_22::overall_order_sensitive,full,,M_null,test_talker_idB23.SPA.SPA,-0.917289334773626,0.434197924184003,-2.11260644900021,0.0346344662892849,-1.76831726617427,-0.0662614033729813
B23,tr_22::overall_order_sensitive,full,,M_null,test_talker_idB23.TUR.TUR,-1.89211787855339,0.433608395535599,-4.36365600397618,1.27906652307506e-05,-2.74199033380317,-1.04224542330362
B23,tr_22::overall_order_sensitive,full,,M_predictor,(Intercept),2.34110662336825,0.317248798485637,7.37940264720732,1.59001293766155e-13,1.7192989783364,2.9629142684001
B23,tr_22::overall_order_sensitive,full,,M_predictor,test_talker_idB23.FAR.FAR,-0.944413976401285,0.433680102537718,-2.17767421395393,0.0294302999889478,-1.79442697737521,-0.0944009754273567
B23,tr_22::overall_order_sensitive,full,,M_predictor,test_talker_idB23.SPA.SPA,-0.917427768734526,0.434099073119455,-2.11340642158448,0.034565996809228,-1.76826195204866,-0.0665935854203934
B23,tr_22::overall_order_sensitive,full,,M_predictor,test_talker_idB23.TUR.TUR,-1.89226633869829,0.433378690529991,-4.3663114501181,1.26362267676787e-05,-2.74168857213707,-1.04284410525951
B23,tr_22::overall_order_sensitive,full,,M_predictor,variability_z,-0.127704362158114,0.0773239755186089,-1.65154935841834,0.0986264508607541,-0.279259354174587,0.0238506298583597
B23,tr_2::overall_order_sensitive,cv_train,0.0,M_condition,(Intercept),1.91567003073818,0.351076412940333,5.45656147815251,4.85443249802039e-08,1.22756026137513,2.60377980010124
B23,tr_2::overall_order_sensitive,cv_train,0.0,M_condition,condition_idB23.b_FAR,0.541177139369604,0.28720148539483,1.88431177027382,0.0595228162420455,-0.021737772004263,1.10409205074347
B23,tr_2::overall_order_sensitive,cv_train,0.0,M_condition,condition_idB23.b_SPA,0.573274953708191,0.253384275984462,2.26247248958473,0.0236682266692452,0.0766417727786445,1.06990813463774
B23,tr_2::overall_order_sensitive,cv_train,0.0,M_condition,condition_idB23.b_TUR,-0.192140124239278,0.266060386214119,-0.722167350703041,0.470191593963392,-0.713618481218952,0.329338232740395
B23,tr_2::overall_order_sensitive,cv_train,0.0,M_condition,condition_idB23.c_noBRP,0.14109828451137,0.275661857067429,0.511852767780113,0.608754056588046,-0.399198955340792,0.681395524363531
B23,tr_2::overall_order_sensitive,cv_train,0.0,M_condition,condition_idB23.c_noFAR,0.445100864421607,0.287237914344002,1.54958952907778,0.121240067759196,-0.117885447692638,1.00808717653585
B23,tr_2::overall_order_sensitive,cv_train,0.0,M_condition,condition_idB23.c_noSPA,0.741290661043434,0.321157572919554,2.30818365671582,0.020988923780184,0.111821818121109,1.37075950396576
B23,tr_2::overall_order_sensitive,cv_train,0.0,M_condition,condition_idB23.c_noTUR,0.822459347968533,0.287862929793649,2.85712143817234,0.0042750224439558,0.258248005572982,1.38667069036408
B23,tr_2::overall_order_sensitive,cv_train,0.0,M_condition,test_talker_idB23.FAR.FAR,-0.896224577596967,0.426065157276458,-2.1034918305123,0.035422798675847,-1.73131228585882,-0.0611368693351094
B23,tr_2::overall_order_sensitive,cv_train,0.0,M_condition,test_talker_idB23.SPA.SPA,-0.807836338620394,0.426695468703836,-1.89323861599548,0.0583261441866295,-1.64415945727991,0.0284867800391246
B23,tr_2::overall_order_sensitive,cv_train,0.0,M_condition,test_talker_idB23.TUR.TUR,-1.80030629393258,0.425714692594678,-4.22890336004128,2.34833185047379e-05,-2.63470709141815,-0.965905496447006
B23,tr_2::overall_order_sensitive,cv_train,0.0,M_joint,(Intercept),-9.07348923187704,4.63595416639793,-1.95719994335643,0.050323965484302,-18.159959398017,0.0129809342628953
B23,tr_2::overall_order_sensitive,cv_train,0.0,M_joint,condition_idB23.b_FAR,17.2459503059588,7.03604024714079,2.45108750095154,0.0142425326234514,3.45531142156286,31.0365891903548
B23,tr_2::overall_order_sensitive,cv_train,0.0,M_joint,condition_idB23.b_SPA,13.4067228802684,5.40611758991696,2.4799169935322,0.0131412970938019,2.81073240403115,24.0027133565056
B23,tr_2::overall_order_sensitive,cv_train,0.0,M_joint,condition_idB23.b_TUR,16.3926926128106,6.98483790862399,2.34689663915765,0.0189305054306774,2.70241031190756,30.0829749137136
B23,tr_2::overall_order_sensitive,cv_train,0.0,M_joint,condition_idB23.c_noBRP,14.8734394938134,6.20545607401523,2.3968326125286,0.0165374764959846,2.71074558874353,27.0361333988832
B23,tr_2::overall_order_sensitive,cv_train,0.0,M_joint,condition_idB23.c_noFAR,9.78316572143429,3.93900102609197,2.48366671057726,0.0130037451068019,2.06272371029404,17.5036077325745
B23,tr_2::overall_order_sensitive,cv_train,0.0,M_joint,condition_idB23.c_noSPA,10.1388490471692,3.96494042518541,2.55712519228963,0.0105541226113738,2.36756581380579,17.9101322805326
B23,tr_2::overall_order_sensitive,cv_train,0.0,M_joint,condition_idB23.c_noTUR,11.781822741477,4.61973041293337,2.55032689970234,0.0107621953431578,2.72715113212759,20.8364943508264
B23,tr_2::overall_order_sensitive,cv_train,0.0,M_joint,test_talker_idB23.FAR.FAR,-0.896257391879317,0.425987010695457,-2.10395474363433,0.0353823949405419,-1.73119193284241,-0.0613228509162209
B23,tr_2::overall_order_sensitive,cv_train,0.0,M_joint,test_talker_idB23.SPA.SPA,-0.807869113400664,0.426628369304963,-1.89361320419642,0.0582763695715999,-1.64406071723839,0.0283224904370631
B23,tr_2::overall_order_sensitive,cv_train,0.0,M_joint,test_talker_idB23.TUR.TUR,-1.80033378219885,0.425622088265336,-4.22988804349014,2.33807643677017e-05,-2.63455307519891,-0.966114489198791
B23,tr_2::overall_order_sensitive,cv_train,0.0,M_joint,variability_z,5.57648648888498,2.34847678556714,2.3745120765749,0.0175721613712746,0.973471989173389,10.1795009885966
B23,tr_2::overall_order_sensitive,cv_train,0.0,M_null,(Intercept),2.2553376408131,0.314257066134918,7.17672849349657,7.13992784334819e-13,1.63939379118866,2.87128149043754
B23,tr_2::overall_order_sensitive,cv_train,0.0,M_null,test_talker_idB23.FAR.FAR,-0.896260396564136,0.426198654682134,-2.10291700060053,0.0354730254623015,-1.73160975974112,-0.0609110333871522
B23,tr_2::overall_order_sensitive,cv_train,0.0,M_null,test_talker_idB23.SPA.SPA,-0.80784813294088,0.426822309378151,-1.89270362675713,0.0583972938416885,-1.64441985932206,0.0287235934402955
B23,tr_2::overall_order_sensitive,cv_train,0.0,M_null,test_talker_idB23.TUR.TUR,-1.80035586065125,0.425870781113444,-4.22746978777037,2.36333896103884e-05,-2.6350625916336,-0.965649129668902
B23,tr_2::overall_order_sensitive,cv_train,0.0,M_predictor,(Intercept),2.25534263644591,0.314152921167295,7.17912355570578,7.01597203353037e-13,1.63960291095801,2.8710823619338
B23,tr_2::overall_order_sensitive,cv_train,0.0,M_predictor,test_talker_idB23.FAR.FAR,-0.896270725525725,0.426210951838746,-2.10288056104392,0.0354762114804603,-1.73164419112967,-0.0608972599217832
B23,tr_2::overall_order_sensitive,cv_train,0.0,M_predictor,test_talker_idB23.SPA.SPA,-0.807851959136772,0.426752685887087,-1.89302138182797,0.0583550260531084,-1.64428722347546,0.0285833052019182
B23,tr_2::overall_order_sensitive,cv_train,0.0,M_predictor,test_talker_idB23.TUR.TUR,-1.800361892221,0.425803700061517,-4.22814994787714,2.3562074777979e-05,-2.63493714434157,-0.965786640100426
B23,tr_2::overall_order_sensitive,cv_train,0.0,M_predictor,variability_z,-0.0439981264162562,0.0847520722302573,-0.519139240592497,0.603663645721701,-0.21011218798756,0.122115935155048
B23,tr_2::overall_order_sensitive,cv_train,1.0,M_condition,(Intercept),2.20389578083479,0.392258439434487,5.61847893957901,1.92645871682162e-08,1.4350692395432,2.97272232212639
B23,tr_2::overall_order_sensitive,cv_train,1.0,M_condition,condition_idB23.b_FAR,0.22063795905533,0.41326266674962,0.533892792181507,0.593415709164046,-0.589356867773924,1.03063278588458
B23,tr_2::overall_order_sensitive,cv_train,1.0,M_condition,condition_idB23.b_SPA,0.165809597157594,0.358122552063395,0.462996804312515,0.643366657734277,-0.53611060488666,0.867729799201849
B23,tr_2::overall_order_sensitive,cv_train,1.0,M_condition,condition_idB23.b_TUR,-0.189919980448583,0.367682610568743,-0.516532397751442,0.605482617386403,-0.91057789716332,0.530737936266154
B23,tr_2::overall_order_sensitive,cv_train,1.0,M_condition,condition_idB23.c_noBRP,0.1582032902105,0.367790302781308,0.430145354605964,0.667089909601433,-0.562665703240862,0.879072283661863
B23,tr_2::overall_order_sensitive,cv_train,1.0,M_condition,condition_idB23.c_noFAR,-0.0343556135612886,0.438169862940341,-0.0784070664530534,0.937504252621459,-0.893168544924357,0.82445731780178
B23,tr_2::overall_order_sensitive,cv_train,1.0,M_condition,condition_idB23.c_noSPA,0.373275425698481,0.413492363751051,0.90273837783185,0.366664762904964,-0.437169607253579,1.18372045865054
B23,tr_2::overall_order_sensitive,cv_train,1.0,M_condition,condition_idB23.c_noTUR,0.20611998666136,0.413161951494308,0.498884241193732,0.617860936453273,-0.603677438267485,1.0159174115902
B23,tr_2::overall_order_sensitive,cv_train,1.0,M_condition,test_talker_idB23.FAR.FAR,-0.907683509207791,0.422210624414888,-2.14983578507927,0.0315682064893159,-1.73521633306097,-0.0801506853546107
B23,tr_2::overall_order_sensitive,cv_train,1.0,M_condition,test_talker_idB23.SPA.SPA,-0.962341389360373,0.422657393394924,-2.27688289474964,0.0227932196053814,-1.79074988041442,-0.133932898306322
B23,tr_2::overall_order_sensitive,cv_train,1.0,M_condition,test_talker_idB23.TUR.TUR,-1.85405947564124,0.422016013480909,-4.39333915400136,1.11622782673972e-05,-2.68121086206383,-1.02690808921866
B23,tr_2::overall_order_sensitive,cv_train,1.0,M_joint,(Intercept),-14.0643207726602,4.86834004613865,-2.88893557955456,0.0038654825561226,-23.606267263092,-4.52237428222848
B23,tr_2::overall_order_sensitive,cv_train,1.0,M_joint,condition_idB23.b_FAR,24.6673842972579,7.31040318618839,3.37428506595398,0.0007400768468518,10.3389940523286,38.9957745421871
B23,tr_2::overall_order_sensitive,cv_train,1.0,M_joint,condition_idB23.b_SPA,18.9609077660108,5.62095182553454,3.37325569663775,0.0007428493411737,7.94384218796305,29.9779733440585
B23,tr_2::overall_order_sensitive,cv_train,1.0,M_joint,condition_idB23.b_TUR,24.0369758738325,7.24259516119231,3.31883466338541,0.0009039393339976,9.84148935789556,38.2324623897694
B23,tr_2::overall_order_sensitive,cv_train,1.0,M_joint,condition_idB23.c_noBRP,21.6350499496673,6.42223410261784,3.36877317207238,0.0007550353667589,9.04747110853635,34.2226287907983
B23,tr_2::overall_order_sensitive,cv_train,1.0,M_joint,condition_idB23.c_noFAR,13.5560645353459,4.07492592957547,3.32670207253513,0.0008788027626838,5.56920971337795,21.5429193573138
B23,tr_2::overall_order_sensitive,cv_train,1.0,M_joint,condition_idB23.c_noSPA,14.0866041771107,4.10957115947163,3.42775526459598,0.0006085938401332,6.03184470454628,22.1413636496751
B23,tr_2::overall_order_sensitive,cv_train,1.0,M_joint,condition_idB23.c_noTUR,16.2329725872779,4.79843901423106,3.38296944884257,0.000717066087028,6.82803211938506,25.6379130551708
B23,tr_2::overall_order_sensitive,cv_train,1.0,M_joint,test_talker_idB23.FAR.FAR,-0.90780525662987,0.422163347296824,-2.15036492969531,0.0315263601347103,-1.73524541733165,-0.0803650959280947
B23,tr_2::overall_order_sensitive,cv_train,1.0,M_joint,test_talker_idB23.SPA.SPA,-0.962457426104246,0.422510949179229,-2.27794670877505,0.0227297528887088,-1.79057888649554,-0.134335965712957
B23,tr_2::overall_order_sensitive,cv_train,1.0,M_joint,test_talker_idB23.TUR.TUR,-1.85417595908231,0.421913107604627,-4.39468678659741,1.10932583569924e-05,-2.68112564998738,-1.02722626817724
B23,tr_2::overall_order_sensitive,cv_train,1.0,M_joint,variability_z,8.1015830344306,2.42218004467297,3.34474848484042,0.00082357218879,3.35411014687158,12.8490559219896
B23,tr_2::overall_order_sensitive,cv_train,1.0,M_null,(Intercept),2.30233127300746,0.317515818700865,7.25107581230938,4.13474152531138e-13,1.68000026835376,2.92466227766115
B23,tr_2::overall_order_sensitive,cv_train,1.0,M_null,test_talker_idB23.FAR.FAR,-0.907610592227868,0.422166233012951,-2.14988912246808,0.0315639862496196,-1.73505640893325,-0.0801647755224845
B23,tr_2::overall_order_sensitive,cv_train,1.0,M_null,test_talker_idB23.SPA.SPA,-0.962261837040432,0.42263165633941,-2.27683331952695,0.0227961809943197,-1.79061988346568,-0.133903790615189
B23,tr_2::overall_order_sensitive,cv_train,1.0,M_null,test_talker_idB23.TUR.TUR,-1.8539978598329,0.421879642134164,-4.39461323721162,1.10970147029422e-05,-2.68088195841586,-1.02711376124993
B23,tr_2::overall_order_sensitive,cv_train,1.0,M_predictor,(Intercept),2.30233441920446,0.317479147994077,7.25192326409866,4.10894674142778e-13,1.68007528913607,2.92459354927285
B23,tr_2::overall_order_sensitive,cv_train,1.0,M_predictor,test_talker_idB23.FAR.FAR,-0.90761729882008,0.42213909287524,-2.15004323015476,0.0315517954322527,-1.73500992085555,-0.0802246767846104
B23,tr_2::overall_order_sensitive,cv_train,1.0,M_predictor,test_talker_idB23.SPA.SPA,-0.962265744004324,0.422496192625849,-2.27757258124331,0.0227520556591282,-1.79035828155099,-0.134173206457661
B23,tr_2::overall_order_sensitive,cv_train,1.0,M_predictor,test_talker_idB23.TUR.TUR,-1.85399776437669,0.421837779846623,-4.39504912303206,1.10747706686766e-05,-2.68079981287607,-1.02719571587731
B23,tr_2::overall_order_sensitive,cv_train,1.0,M_predictor,variability_z,-0.0036090174544637,0.104689795895263,-0.034473440545002,0.97249962113059,-0.208801017409179,0.201582982500252
B23,tr_2::overall_order_sensitive,cv_train,2.0,M_condition,(Intercept),2.33653085247934,0.405248577274958,5.7656731781541,8.13325366450924e-09,1.54224364102042,3.13081806393825
B23,tr_2::overall_order_sensitive,cv_train,2.0,M_condition,condition_idB23.b_FAR,0.113664634692987,0.357577858724842,0.3178738054373,0.750580663065381,-0.587187968407704,0.814517237793678
B23,tr_2::overall_order_sensitive,cv_train,2.0,M_condition,condition_idB23.b_SPA,0.044794001094437,0.339477434025774,0.13194986353949,0.895023947994411,-0.62058176959608,0.710169771784954
B23,tr_2::overall_order_sensitive,cv_train,2.0,M_condition,condition_idB23.b_TUR,-0.160579719930046,0.369757931623864,-0.434283368107424,0.664082679923412,-0.88530526591282,0.564145826052728
B23,tr_2::overall_order_sensitive,cv_train,2.0,M_condition,condition_idB23.c_noBRP,0.279516031627007,0.429633693932415,0.650591505216015,0.515310215404535,-0.562566008480527,1.12159807173454
B23,tr_2::overall_order_sensitive,cv_train,2.0,M_condition,condition_idB23.c_noFAR,0.0479695531623004,0.369830719962424,0.129706783598654,0.896798415376059,-0.67689865796405,0.772837764288651
B23,tr_2::overall_order_sensitive,cv_train,2.0,M_condition,condition_idB23.c_noSPA,0.267247024257593,0.384822133149158,0.694468953931003,0.487388164036101,-0.487004356714757,1.02149840522994
B23,tr_2::overall_order_sensitive,cv_train,2.0,M_condition,condition_idB23.c_noTUR,0.405811636989582,0.357947003724496,1.1337198880478,0.256912064515286,-0.29576449031043,1.10738776428959
B23,tr_2::overall_order_sensitive,cv_train,2.0,M_condition,test_talker_idB23.FAR.FAR,-1.00655889323661,0.459808341483938,-2.18908358640938,0.028590765288184,-1.90778324254513,-0.105334543928089
B23,tr_2::overall_order_sensitive,cv_train,2.0,M_condition,test_talker_idB23.SPA.SPA,-0.951833844876906,0.460783388968105,-2.06568610688957,0.0388581279647102,-1.85496928725439,-0.0486984024994213
B23,tr_2::overall_order_sensitive,cv_train,2.0,M_condition,test_talker_idB23.TUR.TUR,-2.00036199754424,0.45941732110422,-4.35412838317963,1.33597399488766e-05,-2.90081994690851,-1.09990404817996
B23,tr_2::overall_order_sensitive,cv_train,2.0,M_joint,(Intercept),-16.4059050607496,4.46956428059889,-3.67058264089923,0.0002419982102232,-25.1662510507234,-7.64555907077573
B23,tr_2::overall_order_sensitive,cv_train,2.0,M_joint,condition_idB23.b_FAR,28.9929684594866,6.87611566629873,4.21647480445787,2.48150998502685e-05,15.5157817535411,42.4701551654322
B23,tr_2::overall_order_sensitive,cv_train,2.0,M_joint,condition_idB23.b_SPA,22.2580440803047,5.2893308652961,4.208102054334,2.57524562802893e-05,11.8909555843244,32.6251325762851
B23,tr_2::overall_order_sensitive,cv_train,2.0,M_joint,condition_idB23.b_TUR,28.4774669166745,6.81854472755238,4.17647284787951,2.96064063901194e-05,15.1131192506718,41.8418145826771
B23,tr_2::overall_order_sensitive,cv_train,2.0,M_joint,condition_idB23.c_noBRP,25.8619269637154,6.09487454250781,4.24322548123759,2.20329855840958e-05,13.9159728604001,37.8078810670307
B23,tr_2::overall_order_sensitive,cv_train,2.0,M_joint,condition_idB23.c_noFAR,16.1392274828293,3.83812321424335,4.20497899153843,2.61106409140048e-05,8.61650598291229,23.6619489827462
B23,tr_2::overall_order_sensitive,cv_train,2.0,M_joint,condition_idB23.c_noSPA,16.4657977435095,3.86570681201105,4.25945332748697,2.04927481731649e-05,8.88901239196786,24.0425830950512
B23,tr_2::overall_order_sensitive,cv_train,2.0,M_joint,condition_idB23.c_noTUR,19.4158803906754,4.53153556703754,4.28461392467199,1.83056789312143e-05,10.5340706792818,28.297690102069
B23,tr_2::overall_order_sensitive,cv_train,2.0,M_joint,test_talker_idB23.FAR.FAR,-1.0067085881504,0.460067366007483,-2.18817647703799,0.0286567498694885,-1.90844062552507,-0.104976550775736
B23,tr_2::overall_order_sensitive,cv_train,2.0,M_joint,test_talker_idB23.SPA.SPA,-0.951978903336412,0.460866032514791,-2.06563043525205,0.0388633883665429,-1.8552763270654,-0.0486814796074226
B23,tr_2::overall_order_sensitive,cv_train,2.0,M_joint,test_talker_idB23.TUR.TUR,-2.00054290751678,0.459676710299058,-4.35206496804083,1.34861283229842e-05,-2.90150925970294,-1.09957655533063
B23,tr_2::overall_order_sensitive,cv_train,2.0,M_joint,variability_z,9.4281469993381,2.24471882760157,4.20014608663119,2.66742817256643e-05,5.02849809723902,13.8277959014372
B23,tr_2::overall_order_sensitive,cv_train,2.0,M_null,(Intercept),2.44739521514906,0.341564765174436,7.16524496869336,7.76475804105669e-13,1.77792827540716,3.11686215489096
B23,tr_2::overall_order_sensitive,cv_train,2.0,M_null,test_talker_idB23.FAR.FAR,-1.00647135365458,0.460108566994909,-2.18746492861047,0.028708600779874,-1.9082841449646,-0.104658562344561
B23,tr_2::overall_order_sensitive,cv_train,2.0,M_null,test_talker_idB23.SPA.SPA,-0.951746563116352,0.46096342754843,-2.06468996505446,0.0389523446811336,-1.85523488111127,-0.0482582451214294
B23,tr_2::overall_order_sensitive,cv_train,2.0,M_null,test_talker_idB23.TUR.TUR,-2.00026999942614,0.459721463557232,-4.35104766253125,1.3548859356079e-05,-2.90132406799831,-1.09921593085396
B23,tr_2::overall_order_sensitive,cv_train,2.0,M_predictor,(Intercept),2.4473850819911,0.341532358413684,7.16589518298787,7.7279886696205e-13,1.77798165950028,3.11678850448192
B23,tr_2::overall_order_sensitive,cv_train,2.0,M_predictor,test_talker_idB23.FAR.FAR,-1.00645663417924,0.460028208390319,-2.18781504225779,0.0286830777258737,-1.90811192262427,-0.104801345734216
B23,tr_2::overall_order_sensitive,cv_train,2.0,M_predictor,test_talker_idB23.SPA.SPA,-0.951738898785354,0.460932623775813,-2.06481131881925,0.0389408564745051,-1.85516684138595,-0.0483109561847616
B23,tr_2::overall_order_sensitive,cv_train,2.0,M_predictor,test_talker_idB23.TUR.TUR,-2.00026378990214,0.459677534677438,-4.3514499600372,1.35240189198643e-05,-2.90123175786992,-1.09929582193436
B23,tr_2::overall_order_sensitive,cv_train,2.0,M_predictor,variability_z,-0.0026996537228411,0.0987615820984654,-0.0273350594986373,0.978192493872563,-0.196272354635833,0.190873047190151
B23,tr_2::overall_order_sensitive,full,,M_condition,(Intercept),2.15500921522717,0.359145093947985,6.00038605995626,1.9684894092453802e-09,1.45108483108912,2.85893359936522
B23,tr_2::overall_order_sensitive,full,,M_condition,condition_idB23.b_FAR,0.286676132487048,0.290958775835012,0.985280927390235,0.324486098514997,-0.283603068149575,0.856955333123672
B23,tr_2::overall_order_sensitive,full,,M_condition,condition_idB23.b_SPA,0.265307977241502,0.262815640856884,1.00948321179246,0.312742949024237,-0.24981067883799,0.780426633320995
B23,tr_2::overall_order_sensitive,full,,M_condition,condition_idB23.b_TUR,-0.183357800279349,0.277239837001576,-0.661368879243376,0.508375778716754,-0.726747880802438,0.360032280243741
B23,tr_2::overall_order_sensitive,full,,M_condition,condition_idB23.c_noBRP,0.172422097829746,0.291067304196493,0.592378791241177,0.553596965183821,-0.39806981839538,0.742914014054872
B23,tr_2::overall_order_sensitive,full,,M_condition,condition_idB23.c_noFAR,0.167273314473871,0.299509687100788,0.558490498564682,0.576509490823182,-0.419765672243674,0.754312301191416
B23,tr_2::overall_order_sensitive,full,,M_condition,condition_idB23.c_noSPA,0.451069413287724,0.309773426631712,1.45612688019234,0.145357548014756,-0.156086502910431,1.05822532948588
B23,tr_2::overall_order_sensitive,full,,M_condition,condition_idB23.c_noTUR,0.49100146724397,0.291200462338146,1.68612873517286,0.0917710064055328,-0.0797514389387965,1.06175437342674
B23,tr_2::overall_order_sensitive,full,,M_condition,test_talker_idB23.FAR.FAR,-0.944388756646851,0.433558867313449,-2.1782249836078,0.0293892909240249,-1.79416413658121,-0.0946133767124924
B23,tr_2::overall_order_sensitive,full,,M_condition,test_talker_idB23.SPA.SPA,-0.917414703022129,0.433954085732105,-2.11408241836092,0.034508228561102,-1.76796471105705,-0.0668646949872029
B23,tr_2::overall_order_sensitive,full,,M_condition,test_talker_idB23.TUR.TUR,-1.89223710964451,0.433245182340952,-4.36758950075381,1.25625322666186e-05,-2.74139766703278,-1.04307655225624
B23,tr_2::overall_order_sensitive,full,,M_joint,(Intercept),-12.8828392558195,3.69107987295571,-3.49026293096803,0.0004825455320066,-20.1173558068127,-5.64832270482632
B23,tr_2::overall_order_sensitive,full,,M_joint,condition_idB23.b_FAR,23.1691158605088,5.60167441830672,4.13610540890957,3.53249973046045e-05,12.1898340006276,34.14839772039
B23,tr_2::overall_order_sensitive,full,,M_joint,condition_idB23.b_SPA,17.8569284109522,4.30827268883215,4.14479994667949,3.40110503219183e-05,9.41271394084121,26.3011428810632
B23,tr_2::overall_order_sensitive,full,,M_joint,condition_idB23.b_TUR,22.5144533213023,5.55668787165064,4.05177577746764,5.08303663950606e-05,11.623345092867,33.4055615497375
B23,tr_2::overall_order_sensitive,full,,M_joint,condition_idB23.c_noBRP,20.3453218280645,4.94062466639754,4.11796548044587,3.8223193231113e-05,10.6616974819253,30.0289461742036
B23,tr_2::overall_order_sensitive,full,,M_joint,condition_idB23.c_noFAR,12.9233132473852,3.12987799917388,4.12901501298014,3.64320617177315e-05,6.78875236900438,19.057874125766
B23,tr_2::overall_order_sensitive,full,,M_joint,condition_idB23.c_noSPA,13.2991603590639,3.15340564347198,4.21739600377614,2.47139736902548e-05,7.11848529785877,19.4798354202689
B23,tr_2::overall_order_sensitive,full,,M_joint,condition_idB23.c_noTUR,15.5209396656459,3.68272165570307,4.2145296649314,2.50299253381524e-05,8.30280522046786,22.7390741108239
B23,tr_2::overall_order_sensitive,full,,M_joint,test_talker_idB23.FAR.FAR,-0.944491973077067,0.433611163157638,-2.17820031707463,0.0293911264863243,-1.79436985286604,-0.094614093288096
B23,tr_2::overall_order_sensitive,full,,M_joint,test_talker_idB23.SPA.SPA,-0.917508313930652,0.433992648223023,-2.11411026819781,0.0345058503844468,-1.76813390444778,-0.0668827234135271
B23,tr_2::overall_order_sensitive,full,,M_joint,test_talker_idB23.TUR.TUR,-1.89233994073347,0.433390905043309,-4.36635822005625,1.26335226798704e-05,-2.74178611461835,-1.04289376684858
B23,tr_2::overall_order_sensitive,full,,M_joint,variability_z,7.56442455113373,1.85188978760783,4.08470558115936,4.41327384886595e-05,3.93472056742238,11.1941285348451
B23,tr_2::overall_order_sensitive,full,,M_null,(Intercept),2.3410383984251,0.317712181470546,7.36842505562581,1.72655547077915e-13,1.71832252274283,2.96375427410737
B23,tr_2::overall_order_sensitive,full,,M_null,test_talker_idB23.FAR.FAR,-0.944266031665579,0.433978682640251,-2.1758350569683,0.0295675962922733,-1.79486424964047,-0.093667813690688
B23,tr_2::overall_order_sensitive,full,,M_null,test_talker_idB23.SPA.SPA,-0.917289334773626,0.434197924184003,-2.11260644900021,0.0346344662892849,-1.76831726617427,-0.0662614033729813
B23,tr_2::overall_order_sensitive,full,,M_null,test_talker_idB23.TUR.TUR,-1.89211787855339,0.433608395535599,-4.36365600397618,1.27906652307506e-05,-2.74199033380317,-1.04224542330362
B23,tr_2::overall_order_sensitive,full,,M_predictor,(Intercept),2.34103015247767,0.31742861272541,7.3749815190818,1.6436785132241099e-13,1.71887007153587,2.96319023341948
B23,tr_2::overall_order_sensitive,full,,M_predictor,test_talker_idB23.FAR.FAR,-0.944247309615688,0.433533286865332,-2.17802724317452,0.029404008570262,-1.79397255187174,-0.0945220673596374
B23,tr_2::overall_order_sensitive,full,,M_predictor,test_talker_idB23.SPA.SPA,-0.917281475148231,0.433987185449067,-2.11361419392851,0.0345482325465654,-1.7678963586284,-0.0666665916680604
B23,tr_2::overall_order_sensitive,full,,M_predictor,test_talker_idB23.TUR.TUR,-1.89210626729985,0.433292616817184,-4.36680938899582,1.26074658771029e-05,-2.74135979626153,-1.04285273833817
B23,tr_2::overall_order_sensitive,full,,M_predictor,variability_z,-0.016693088236372,0.0784105168459061,-0.212893485566197,0.831410043679036,-0.170377701254348,0.136991524781604
B23,tr_4::overall_order_sensitive,cv_train,0.0,M_condition,(Intercept),1.91567003073818,0.351076412940333,5.45656147815251,4.85443249802039e-08,1.22756026137513,2.60377980010124
B23,tr_4::overall_order_sensitive,cv_train,0.0,M_condition,condition_idB23.b_FAR,0.541177139369604,0.28720148539483,1.88431177027382,0.0595228162420455,-0.021737772004263,1.10409205074347
B23,tr_4::overall_order_sensitive,cv_train,0.0,M_condition,condition_idB23.b_SPA,0.573274953708191,0.253384275984462,2.26247248958473,0.0236682266692452,0.0766417727786445,1.06990813463774
B23,tr_4::overall_order_sensitive,cv_train,0.0,M_condition,condition_idB23.b_TUR,-0.192140124239278,0.266060386214119,-0.722167350703041,0.470191593963392,-0.713618481218952,0.329338232740395
B23,tr_4::overall_order_sensitive,cv_train,0.0,M_condition,condition_idB23.c_noBRP,0.14109828451137,0.275661857067429,0.511852767780113,0.608754056588046,-0.399198955340792,0.681395524363531
B23,tr_4::overall_order_sensitive,cv_train,0.0,M_condition,condition_idB23.c_noFAR,0.445100864421607,0.287237914344002,1.54958952907778,0.121240067759196,-0.117885447692638,1.00808717653585
B23,tr_4::overall_order_sensitive,cv_train,0.0,M_condition,condition_idB23.c_noSPA,0.741290661043434,0.321157572919554,2.30818365671582,0.020988923780184,0.111821818121109,1.37075950396576
B23,tr_4::overall_order_sensitive,cv_train,0.0,M_condition,condition_idB23.c_noTUR,0.822459347968533,0.287862929793649,2.85712143817234,0.0042750224439558,0.258248005572982,1.38667069036408
B23,tr_4::overall_order_sensitive,cv_train,0.0,M_condition,test_talker_idB23.FAR.FAR,-0.896224577596967,0.426065157276458,-2.1034918305123,0.035422798675847,-1.73131228585882,-0.0611368693351094
B23,tr_4::overall_order_sensitive,cv_train,0.0,M_condition,test_talker_idB23.SPA.SPA,-0.807836338620394,0.426695468703836,-1.89323861599548,0.0583261441866295,-1.64415945727991,0.0284867800391246
B23,tr_4::overall_order_sensitive,cv_train,0.0,M_condition,test_talker_idB23.TUR.TUR,-1.80030629393258,0.425714692594678,-4.22890336004128,2.34833185047379e-05,-2.63470709141815,-0.965905496447006
B23,tr_4::overall_order_sensitive,cv_train,0.0,M_joint,(Intercept),6.95058426538932,2.26797297203554,3.06466803224337,0.0021791172508598,2.50535724019966,11.395811290579
B23,tr_4::overall_order_sensitive,cv_train,0.0,M_joint,condition_idB23.b_FAR,-7.92315406482749,3.77860340767642,-2.09684722369413,0.0360071016854132,-15.3292167438733,-0.517091385781714
B23,tr_4::overall_order_sensitive,cv_train,0.0,M_joint,condition_idB23.b_SPA,4.65642879115958,1.83707053575127,2.53470332278523,0.0112542594813386,1.0557705410871,8.25708704123206
B23,tr_4::overall_order_sensitive,cv_train,0.0,M_joint,condition_idB23.b_TUR,-21.0155746497361,9.27565943652304,-2.26566906574717,0.0234716529096784,-39.1958671453213,-2.83528215415095
B23,tr_4::overall_order_sensitive,cv_train,0.0,M_joint,condition_idB23.c_noBRP,-5.98988570594786,2.74204626020557,-2.18445829776001,0.0289285884270177,-11.3642963759508,-0.615475035944936
B23,tr_4::overall_order_sensitive,cv_train,0.0,M_joint,condition_idB23.c_noFAR,-3.67464821544432,1.85467077164392,-1.98129407743199,0.0475583041834667,-7.3098029278664,-0.0394935030222339
B23,tr_4::overall_order_sensitive,cv_train,0.0,M_joint,condition_idB23.c_noSPA,-8.21974564474575,4.00191344779042,-2.05395387780916,0.0399801559198392,-16.063496002415,-0.375995287076528
B23,tr_4::overall_order_sensitive,cv_train,0.0,M_joint,condition_idB23.c_noTUR,0.418113694786792,0.334520009784103,1.24989143416754,0.211339208924761,-0.237545524390049,1.07377291396363
B23,tr_4::overall_order_sensitive,cv_train,0.0,M_joint,test_talker_idB23.FAR.FAR,-0.896182167812708,0.425861234473607,-2.10439949745707,0.035343613223704,-1.73087018738098,-0.0614941482444376
B23,tr_4::overall_order_sensitive,cv_train,0.0,M_joint,test_talker_idB23.SPA.SPA,-0.807795180023434,0.426475419689228,-1.89411896378946,0.0582092211278695,-1.64368700261432,0.0280966425674534
B23,tr_4::overall_order_sensitive,cv_train,0.0,M_joint,test_talker_idB23.TUR.TUR,-1.80026799655813,0.425539654388029,-4.23055284741231,2.33117666193004e-05,-2.63432571915867,-0.96621027395759
B23,tr_4::overall_order_sensitive,cv_train,0.0,M_joint,variability_z,-7.60937826489676,3.3893427675792,-2.24508961964083,0.0247623798598624,-14.252490089352,-0.966266440441538
B23,tr_4::overall_order_sensitive,cv_train,0.0,M_null,(Intercept),2.2553376408131,0.314257066134918,7.17672849349657,7.13992784334819e-13,1.63939379118866,2.87128149043754
B23,tr_4::overall_order_sensitive,cv_train,0.0,M_null,test_talker_idB23.FAR.FAR,-0.896260396564136,0.426198654682134,-2.10291700060053,0.0354730254623015,-1.73160975974112,-0.0609110333871522
B23,tr_4::overall_order_sensitive,cv_train,0.0,M_null,test_talker_idB23.SPA.SPA,-0.80784813294088,0.426822309378151,-1.89270362675713,0.0583972938416885,-1.64441985932206,0.0287235934402955
B23,tr_4::overall_order_sensitive,cv_train,0.0,M_null,test_talker_idB23.TUR.TUR,-1.80035586065125,0.425870781113444,-4.22746978777037,2.36333896103884e-05,-2.6350625916336,-0.965649129668902
B23,tr_4::overall_order_sensitive,cv_train,0.0,M_predictor,(Intercept),2.25534065276985,0.313563636622316,7.19260905717325,6.356475724168979e-13,1.64075592499011,2.86992538054959
B23,tr_4::overall_order_sensitive,cv_train,0.0,M_predictor,test_talker_idB23.FAR.FAR,-0.896244417317684,0.426270076590964,-2.10252716889085,0.0355071222684494,-1.73173376743597,-0.0607550671993939
B23,tr_4::overall_order_sensitive,cv_train,0.0,M_predictor,test_talker_idB23.SPA.SPA,-0.807842014461948,0.426970922696025,-1.89203051430525,0.0584869152781338,-1.64470502294616,0.0290209940222599
B23,tr_4::overall_order_sensitive,cv_train,0.0,M_predictor,test_talker_idB23.TUR.TUR,-1.80033385074517,0.425900991238829,-4.22711824527219,2.36703293258229e-05,-2.63509979357327,-0.965567907917061
B23,tr_4::overall_order_sensitive,cv_train,0.0,M_predictor,variability_z,0.171648836275706,0.0822380148593859,2.08722008391372,0.0368682448190782,0.0104623271513092,0.332835345400102
B23,tr_4::overall_order_sensitive,cv_train,1.0,M_condition,(Intercept),2.20389578083479,0.392258439434487,5.61847893957901,1.92645871682162e-08,1.4350692395432,2.97272232212639
B23,tr_4::overall_order_sensitive,cv_train,1.0,M_condition,condition_idB23.b_FAR,0.22063795905533,0.41326266674962,0.533892792181507,0.593415709164046,-0.589356867773924,1.03063278588458
B23,tr_4::overall_order_sensitive,cv_train,1.0,M_condition,condition_idB23.b_SPA,0.165809597157594,0.358122552063395,0.462996804312515,0.643366657734277,-0.53611060488666,0.867729799201849
B23,tr_4::overall_order_sensitive,cv_train,1.0,M_condition,condition_idB23.b_TUR,-0.189919980448583,0.367682610568743,-0.516532397751442,0.605482617386403,-0.91057789716332,0.530737936266154
B23,tr_4::overall_order_sensitive,cv_train,1.0,M_condition,condition_idB23.c_noBRP,0.1582032902105,0.367790302781308,0.430145354605964,0.667089909601433,-0.562665703240862,0.879072283661863
B23,tr_4::overall_order_sensitive,cv_train,1.0,M_condition,condition_idB23.c_noFAR,-0.0343556135612886,0.438169862940341,-0.0784070664530534,0.937504252621459,-0.893168544924357,0.82445731780178
B23,tr_4::overall_order_sensitive,cv_train,1.0,M_condition,condition_idB23.c_noSPA,0.373275425698481,0.413492363751051,0.90273837783185,0.366664762904964,-0.437169607253579,1.18372045865054
B23,tr_4::overall_order_sensitive,cv_train,1.0,M_condition,condition_idB23.c_noTUR,0.20611998666136,0.413161951494308,0.498884241193732,0.617860936453273,-0.603677438267485,1.0159174115902
B23,tr_4::overall_order_sensitive,cv_train,1.0,M_condition,test_talker_idB23.FAR.FAR,-0.907683509207791,0.422210624414888,-2.14983578507927,0.0315682064893159,-1.73521633306097,-0.0801506853546107
B23,tr_4::overall_order_sensitive,cv_train,1.0,M_condition,test_talker_idB23.SPA.SPA,-0.962341389360373,0.422657393394924,-2.27688289474964,0.0227932196053814,-1.79074988041442,-0.133932898306322
B23,tr_4::overall_order_sensitive,cv_train,1.0,M_condition,test_talker_idB23.TUR.TUR,-1.85405947564124,0.422016013480909,-4.39333915400136,1.11622782673972e-05,-2.68121086206383,-1.02690808921866
B23,tr_4::overall_order_sensitive,cv_train,1.0,M_joint,(Intercept),-2.01896535126943,1.69681212849764,-1.18985792083949,0.234102239702098,-5.3447171231248,1.30678642058594
B23,tr_4::overall_order_sensitive,cv_train,1.0,M_joint,condition_idB23.b_FAR,6.74604409429962,2.58529221780552,2.60939326233143,0.009070293757686,1.67887134740079,11.8132168411985
B23,tr_4::overall_order_sensitive,cv_train,1.0,M_joint,condition_idB23.b_SPA,-2.76600491814316,1.20744334572909,-2.29079478381072,0.0219752854779738,-5.13259387577217,-0.399415960514145
B23,tr_4::overall_order_sensitive,cv_train,1.0,M_joint,condition_idB23.b_TUR,15.907585707735,6.31983986411848,2.51708683285662,0.0118329662548444,3.5206995740628,28.2944718414072
B23,tr_4::overall_order_sensitive,cv_train,1.0,M_joint,condition_idB23.c_noBRP,4.94680629325958,1.90717858783392,2.59378242017593,0.0094926539690156,1.20873626110509,8.68487632541407
B23,tr_4::overall_order_sensitive,cv_train,1.0,M_joint,condition_idB23.c_noFAR,3.16575870295932,1.3192938688194,2.39958570094188,0.0164136371426483,0.579942720073302,5.75157468584535
B23,tr_4::overall_order_sensitive,cv_train,1.0,M_joint,condition_idB23.c_noSPA,7.34540094885155,2.75863380453026,2.66269518512709,0.0077517598083619,1.93847869197223,12.7523232057309
B23,tr_4::overall_order_sensitive,cv_train,1.0,M_joint,condition_idB23.c_noTUR,0.531229486424027,0.418915004197296,1.26810804363988,0.204759369431475,-0.289843921802673,1.35230289465073
B23,tr_4::overall_order_sensitive,cv_train,1.0,M_joint,test_talker_idB23.FAR.FAR,-0.907882151052662,0.42215047225697,-2.1506126623495,0.0315067850458147,-1.73529707667632,-0.0804672254290019
B23,tr_4::overall_order_sensitive,cv_train,1.0,M_joint,test_talker_idB23.SPA.SPA,-0.962523371384196,0.422449678644913,-2.27843319581085,0.0227007804724835,-1.79052474152823,-0.134522001240166
B23,tr_4::overall_order_sensitive,cv_train,1.0,M_joint,test_talker_idB23.TUR.TUR,-1.85426964326992,0.421750936518889,-4.39659875701751,1.09960342542606e-05,-2.68090147884694,-1.0276378076929
B23,tr_4::overall_order_sensitive,cv_train,1.0,M_joint,variability_z,5.92126294821616,2.32419282515911,2.54766424029848,0.0108446791292324,1.3658450109043,10.476680885528
B23,tr_4::overall_order_sensitive,cv_train,1.0,M_null,(Intercept),2.30233127300746,0.317515818700865,7.25107581230938,4.13474152531138e-13,1.68000026835376,2.92466227766115
B23,tr_4::overall_order_sensitive,cv_train,1.0,M_null,test_talker_idB23.FAR.FAR,-0.907610592227868,0.422166233012951,-2.14988912246808,0.0315639862496196,-1.73505640893325,-0.0801647755224845
B23,tr_4::overall_order_sensitive,cv_train,1.0,M_null,test_talker_idB23.SPA.SPA,-0.962261837040432,0.42263165633941,-2.27683331952695,0.0227961809943197,-1.79061988346568,-0.133903790615189
B23,tr_4::overall_order_sensitive,cv_train,1.0,M_null,test_talker_idB23.TUR.TUR,-1.8539978598329,0.421879642134164,-4.39461323721162,1.10970147029422e-05,-2.68088195841586,-1.02711376124993
B23,tr_4::overall_order_sensitive,cv_train,1.0,M_predictor,(Intercept),2.30232398666448,0.317304556593041,7.25588063211244,3.99056896993347e-13,1.68040705574211,2.92424091758684
B23,tr_4::overall_order_sensitive,cv_train,1.0,M_predictor,test_talker_idB23.FAR.FAR,-0.907631074425019,0.422130652955297,-2.15011885081261,0.0315458148740666,-1.7350071542174,-0.0802549946326382
B23,tr_4::overall_order_sensitive,cv_train,1.0,M_predictor,test_talker_idB23.SPA.SPA,-0.962280367352204,0.422537773694612,-2.2773830584143,0.0227633608900348,-1.79045440379364,-0.134106330910764
B23,tr_4::overall_order_sensitive,cv_train,1.0,M_predictor,test_talker_idB23.TUR.TUR,-1.85401058437282,0.421896112803088,-4.39447183349172,1.11042399465792e-05,-2.68092696546687,-1.02709420327876
B23,tr_4::overall_order_sensitive,cv_train,1.0,M_predictor,variability_z,0.0803949838439686,0.10420361234126,0.771518204001225,0.440399836536623,-0.123844096344901,0.284634064032838
B23,tr_4::overall_order_sensitive,cv_train,2.0,M_condition,(Intercept),2.33653085247934,0.405248577274958,5.7656731781541,8.13325366450924e-09,1.54224364102042,3.13081806393825
B23,tr_4::overall_order_sensitive,cv_train,2.0,M_condition,condition_idB23.b_FAR,0.113664634692987,0.357577858724842,0.3178738054373,0.750580663065381,-0.587187968407704,0.814517237793678
B23,tr_4::overall_order_sensitive,cv_train,2.0,M_condition,condition_idB23.b_SPA,0.044794001094437,0.339477434025774,0.13194986353949,0.895023947994411,-0.62058176959608,0.710169771784954
B23,tr_4::overall_order_sensitive,cv_train,2.0,M_condition,condition_idB23.b_TUR,-0.160579719930046,0.369757931623864,-0.434283368107424,0.664082679923412,-0.88530526591282,0.564145826052728
B23,tr_4::overall_order_sensitive,cv_train,2.0,M_condition,condition_idB23.c_noBRP,0.279516031627007,0.429633693932415,0.650591505216015,0.515310215404535,-0.562566008480527,1.12159807173454
B23,tr_4::overall_order_sensitive,cv_train,2.0,M_condition,condition_idB23.c_noFAR,0.0479695531623004,0.369830719962424,0.129706783598654,0.896798415376059,-0.67689865796405,0.772837764288651
B23,tr_4::overall_order_sensitive,cv_train,2.0,M_condition,condition_idB23.c_noSPA,0.267247024257593,0.384822133149158,0.694468953931003,0.487388164036101,-0.487004356714757,1.02149840522994
B23,tr_4::overall_order_sensitive,cv_train,2.0,M_condition,condition_idB23.c_noTUR,0.405811636989582,0.357947003724496,1.1337198880478,0.256912064515286,-0.29576449031043,1.10738776428959
B23,tr_4::overall_order_sensitive,cv_train,2.0,M_condition,test_talker_idB23.FAR.FAR,-1.00655889323661,0.459808341483938,-2.18908358640938,0.028590765288184,-1.90778324254513,-0.105334543928089
B23,tr_4::overall_order_sensitive,cv_train,2.0,M_condition,test_talker_idB23.SPA.SPA,-0.951833844876906,0.460783388968105,-2.06568610688957,0.0388581279647102,-1.85496928725439,-0.0486984024994213
B23,tr_4::overall_order_sensitive,cv_train,2.0,M_condition,test_talker_idB23.TUR.TUR,-2.00036199754424,0.45941732110422,-4.35412838317963,1.33597399488766e-05,-2.90081994690851,-1.09990404817996
B23,tr_4::overall_order_sensitive,cv_train,2.0,M_joint,(Intercept),-1.40111207694237,1.83482297961421,-0.763622481574196,0.445092247957227,-4.99736511698623,2.19514096310149
B23,tr_4::overall_order_sensitive,cv_train,2.0,M_joint,condition_idB23.b_FAR,6.62691343990358,3.1454684782852,2.10681285972268,0.0351338043531422,0.461795222464585,12.7920316573426
B23,tr_4::overall_order_sensitive,cv_train,2.0,M_joint,condition_idB23.b_SPA,-3.00514310752289,1.50277374153337,-1.99973091388765,0.0455293281546564,-5.9505796409283,-0.0597065741174863
B23,tr_4::overall_order_sensitive,cv_train,2.0,M_joint,condition_idB23.b_TUR,15.9464134149018,7.74283100285902,2.05950684045843,0.0394457104056535,0.77046464929807,31.1223621805054
B23,tr_4::overall_order_sensitive,cv_train,2.0,M_joint,condition_idB23.c_noBRP,5.0659724852031,2.33501926188084,2.1695634669508,0.0300399314890827,0.489334731916646,9.64261023848956
B23,tr_4::overall_order_sensitive,cv_train,2.0,M_joint,condition_idB23.c_noFAR,3.23394291097494,1.57121756859198,2.05824003983928,0.0395670967935248,0.154356476534651,6.31352934541522
B23,tr_4::overall_order_sensitive,cv_train,2.0,M_joint,condition_idB23.c_noSPA,7.18473544224549,3.34071986490406,2.15065486864815,0.031503451070708,0.636924507033537,13.7325463774574
B23,tr_4::overall_order_sensitive,cv_train,2.0,M_joint,condition_idB23.c_noTUR,0.671901919869777,0.370362043122263,1.81417597280067,0.0696506380455702,-0.0540076846498596,1.39781152438941
B23,tr_4::overall_order_sensitive,cv_train,2.0,M_joint,test_talker_idB23.FAR.FAR,-1.00678510453008,0.460286040919241,-2.18730314419143,0.0287204013623478,-1.90894574473179,-0.104624464328369
B23,tr_4::overall_order_sensitive,cv_train,2.0,M_joint,test_talker_idB23.SPA.SPA,-0.952041850923839,0.46115130578917,-2.06448911446668,0.0389713649454967,-1.85589841027061,-0.0481852915770654
B23,tr_4::overall_order_sensitive,cv_train,2.0,M_joint,test_talker_idB23.TUR.TUR,-2.00063644519119,0.459942913067444,-4.34974947618733,1.36293148996629e-05,-2.90212455480338,-1.099148335579
B23,tr_4::overall_order_sensitive,cv_train,2.0,M_joint,variability_z,5.61496792897069,2.69682406177382,2.08206683133696,0.0373363656925895,0.32919276789401,10.9007430900474
B23,tr_4::overall_order_sensitive,cv_train,2.0,M_null,(Intercept),2.44739521514906,0.341564765174436,7.16524496869336,7.76475804105669e-13,1.77792827540716,3.11686215489096
B23,tr_4::overall_order_sensitive,cv_train,2.0,M_null,test_talker_idB23.FAR.FAR,-1.00647135365458,0.460108566994909,-2.18746492861047,0.028708600779874,-1.9082841449646,-0.104658562344561
B23,tr_4::overall_order_sensitive,cv_train,2.0,M_null,test_talker_idB23.SPA.SPA,-0.951746563116352,0.46096342754843,-2.06468996505446,0.0389523446811336,-1.85523488111127,-0.0482582451214294
B23,tr_4::overall_order_sensitive,cv_train,2.0,M_null,test_talker_idB23.TUR.TUR,-2.00026999942614,0.459721463557232,-4.35104766253125,1.3548859356079e-05,-2.90132406799831,-1.09921593085396
B23,tr_4::overall_order_sensitive,cv_train,2.0,M_predictor,(Intercept),2.44740426793799,0.3415228841698,7.16615015092571,7.71361702581114e-13,1.77801941496519,3.1167891209108
B23,tr_4::overall_order_sensitive,cv_train,2.0,M_predictor,test_talker_idB23.FAR.FAR,-1.00646860702083,0.460179401590628,-2.18712224741466,0.028733600949314,-1.90842023413846,-0.104516979903198
B23,tr_4::overall_order_sensitive,cv_train,2.0,M_predictor,test_talker_idB23.SPA.SPA,-0.951747404937176,0.461063405522169,-2.06424407909644,0.0389945801284217,-1.85543167976063,-0.0480631301137254
B23,tr_4::overall_order_sensitive,cv_train,2.0,M_predictor,test_talker_idB23.TUR.TUR,-2.00027506012303,0.459823420722195,-4.35009390557229,1.36079244670558e-05,-2.90152896473853,-1.09902115550752
B23,tr_4::overall_order_sensitive,cv_train,2.0,M_predictor,variability_z,0.0632697717771801,0.0984803408204292,0.642460934335588,0.520573946494212,-0.129751696230861,0.256291239785221
B23,tr_4::overall_order_sensitive,full,,M_condition,(Intercept),2.15500921522717,0.359145093947985,6.00038605995626,1.9684894092453802e-09,1.45108483108912,2.85893359936522
B23,tr_4::overall_order_sensitive,full,,M_condition,condition_idB23.b_FAR,0.286676132487048,0.290958775835012,0.985280927390235,0.324486098514997,-0.283603068149575,0.856955333123672
B23,tr_4::overall_order_sensitive,full,,M_condition,condition_idB23.b_SPA,0.265307977241502,0.262815640856884,1.00948321179246,0.312742949024237,-0.24981067883799,0.780426633320995
B23,tr_4::overall_order_sensitive,full,,M_condition,condition_idB23.b_TUR,-0.183357800279349,0.277239837001576,-0.661368879243376,0.508375778716754,-0.726747880802438,0.360032280243741
B23,tr_4::overall_order_sensitive,full,,M_condition,condition_idB23.c_noBRP,0.172422097829746,0.291067304196493,0.592378791241177,0.553596965183821,-0.39806981839538,0.742914014054872
B23,tr_4::overall_order_sensitive,full,,M_condition,condition_idB23.c_noFAR,0.167273314473871,0.299509687100788,0.558490498564682,0.576509490823182,-0.419765672243674,0.754312301191416
B23,tr_4::overall_order_sensitive,full,,M_condition,condition_idB23.c_noSPA,0.451069413287724,0.309773426631712,1.45612688019234,0.145357548014756,-0.156086502910431,1.05822532948588
B23,tr_4::overall_order_sensitive,full,,M_condition,condition_idB23.c_noTUR,0.49100146724397,0.291200462338146,1.68612873517286,0.0917710064055328,-0.0797514389387965,1.06175437342674
B23,tr_4::overall_order_sensitive,full,,M_condition,test_talker_idB23.FAR.FAR,-0.944388756646851,0.433558867313449,-2.1782249836078,0.0293892909240249,-1.79416413658121,-0.0946133767124924
B23,tr_4::overall_order_sensitive,full,,M_condition,test_talker_idB23.SPA.SPA,-0.917414703022129,0.433954085732105,-2.11408241836092,0.034508228561102,-1.76796471105705,-0.0668646949872029
B23,tr_4::overall_order_sensitive,full,,M_condition,test_talker_idB23.TUR.TUR,-1.89223710964451,0.433245182340952,-4.36758950075381,1.25625322666186e-05,-2.74139766703278,-1.04307655225624
B23,tr_4::overall_order_sensitive,full,,M_joint,(Intercept),-0.832031253178779,1.41906395234563,-0.586324000270375,0.557657805681072,-3.61339659977621,1.94933409341865
B23,tr_4::overall_order_sensitive,full,,M_joint,condition_idB23.b_FAR,5.23250317211265,2.296679622313,2.27829041598887,0.0227092803021911,0.731011112379164,9.73399523184613
B23,tr_4::overall_order_sensitive,full,,M_joint,condition_idB23.b_SPA,-2.04490441009036,1.10100671794616,-1.85730420782988,0.0632678861054834,-4.20287757726483,0.113068757084104
B23,tr_4::overall_order_sensitive,full,,M_joint,condition_idB23.b_TUR,12.0148851985288,5.63247684218645,2.13314418064518,0.0329129004736151,0.975230587843342,23.0545398092142
B23,tr_4::overall_order_sensitive,full,,M_joint,condition_idB23.c_noBRP,3.78268343848688,1.68695064115321,2.24232016409265,0.0249406874587596,0.476260181826575,7.08910669514717
B23,tr_4::overall_order_sensitive,full,,M_joint,condition_idB23.c_noFAR,2.58578618922198,1.15107198784113,2.2464157033929,0.0246773934155192,0.329685093053376,4.84188728539059
B23,tr_4::overall_order_sensitive,full,,M_joint,condition_idB23.c_noSPA,5.70841151622736,2.44170114299554,2.33788296843902,0.0193933200169727,0.922677275956094,10.4941457564986
B23,tr_4::overall_order_sensitive,full,,M_joint,condition_idB23.c_noTUR,0.71856455160899,0.304334794616715,2.36109890922582,0.0182208701508335,0.122068354160229,1.31506074905775
B23,tr_4::overall_order_sensitive,full,,M_joint,test_talker_idB23.FAR.FAR,-0.944448025202414,0.433441974373202,-2.17894915823087,0.0293354453358709,-1.79399429497389,-0.0949017554309376
B23,tr_4::overall_order_sensitive,full,,M_joint,test_talker_idB23.SPA.SPA,-0.917470287306607,0.433641471684401,-2.11573464996985,0.0343673818516755,-1.76740757180803,-0.0675330028051807
B23,tr_4::overall_order_sensitive,full,,M_joint,test_talker_idB23.TUR.TUR,-1.89230466472883,0.433100134066074,-4.36920821742378,1.24697829308643e-05,-2.74118092749833,-1.04342840195932
B23,tr_4::overall_order_sensitive,full,,M_joint,variability_z,4.39837343411562,2.03053123230714,2.16611956720217,0.0303020513307595,0.418532218793636,8.37821464943761
B23,tr_4::overall_order_sensitive,full,,M_null,(Intercept),2.3410383984251,0.317712181470546,7.36842505562581,1.72655547077915e-13,1.71832252274283,2.96375427410737
B23,tr_4::overall_order_sensitive,full,,M_null,test_talker_idB23.FAR.FAR,-0.944266031665579,0.433978682640251,-2.1758350569683,0.0295675962922733,-1.79486424964047,-0.093667813690688
B23,tr_4::overall_order_sensitive,full,,M_null,test_talker_idB23.SPA.SPA,-0.917289334773626,0.434197924184003,-2.11260644900021,0.0346344662892849,-1.76831726617427,-0.0662614033729813
B23,tr_4::overall_order_sensitive,full,,M_null,test_talker_idB23.TUR.TUR,-1.89211787855339,0.433608395535599,-4.36365600397618,1.27906652307506e-05,-2.74199033380317,-1.04224542330362
B23,tr_4::overall_order_sensitive,full,,M_predictor,(Intercept),2.34102998010869,0.317372629127418,7.3762819010105,1.62771181694733e-13,1.71897962701895,2.96308033319843
B23,tr_4::overall_order_sensitive,full,,M_predictor,test_talker_idB23.FAR.FAR,-0.944260356081573,0.433559183600931,-2.17792723991914,0.0294114541382602,-1.7940363559394,-0.0944843562237483
B23,tr_4::overall_order_sensitive,full,,M_predictor,test_talker_idB23.SPA.SPA,-0.917281423689172,0.434042768966892,-2.11334340593321,0.0345713861065703,-1.76800525086428,-0.0665575965140642
B23,tr_4::overall_order_sensitive,full,,M_predictor,test_talker_idB23.TUR.TUR,-1.8921061115554,0.433481846533294,-4.36490276741053,1.27179315881447e-05,-2.74173053076066,-1.04248169235015
B23,tr_4::overall_order_sensitive,full,,M_predictor,variability_z,0.106075809807615,0.0777032957170739,1.36513913378718,0.172209324270143,-0.0462226497978495,0.25837426941308
B23,tr_6::overall_order_sensitive,cv_train,0.0,M_condition,(Intercept),1.91567003073818,0.351076412940333,5.45656147815251,4.85443249802039e-08,1.22756026137513,2.60377980010124
B23,tr_6::overall_order_sensitive,cv_train,0.0,M_condition,condition_idB23.b_FAR,0.541177139369604,0.28720148539483,1.88431177027382,0.0595228162420455,-0.021737772004263,1.10409205074347
B23,tr_6::overall_order_sensitive,cv_train,0.0,M_condition,condition_idB23.b_SPA,0.573274953708191,0.253384275984462,2.26247248958473,0.0236682266692452,0.0766417727786445,1.06990813463774
B23,tr_6::overall_order_sensitive,cv_train,0.0,M_condition,condition_idB23.b_TUR,-0.192140124239278,0.266060386214119,-0.722167350703041,0.470191593963392,-0.713618481218952,0.329338232740395
B23,tr_6::overall_order_sensitive,cv_train,0.0,M_condition,condition_idB23.c_noBRP,0.14109828451137,0.275661857067429,0.511852767780113,0.608754056588046,-0.399198955340792,0.681395524363531
B23,tr_6::overall_order_sensitive,cv_train,0.0,M_condition,condition_idB23.c_noFAR,0.445100864421607,0.287237914344002,1.54958952907778,0.121240067759196,-0.117885447692638,1.00808717653585
B23,tr_6::overall_order_sensitive,cv_train,0.0,M_condition,condition_idB23.c_noSPA,0.741290661043434,0.321157572919554,2.30818365671582,0.020988923780184,0.111821818121109,1.37075950396576
B23,tr_6::overall_order_sensitive,cv_train,0.0,M_condition,condition_idB23.c_noTUR,0.822459347968533,0.287862929793649,2.85712143817234,0.0042750224439558,0.258248005572982,1.38667069036408
B23,tr_6::overall_order_sensitive,cv_train,0.0,M_condition,test_talker_idB23.FAR.FAR,-0.896224577596967,0.426065157276458,-2.1034918305123,0.035422798675847,-1.73131228585882,-0.0611368693351094
B23,tr_6::overall_order_sensitive,cv_train,0.0,M_condition,test_talker_idB23.SPA.SPA,-0.807836338620394,0.426695468703836,-1.89323861599548,0.0583261441866295,-1.64415945727991,0.0284867800391246
B23,tr_6::overall_order_sensitive,cv_train,0.0,M_condition,test_talker_idB23.TUR.TUR,-1.80030629393258,0.425714692594678,-4.22890336004128,2.34833185047379e-05,-2.63470709141815,-0.965905496447006
B23,tr_6::overall_order_sensitive,cv_train,0.0,M_joint,(Intercept),1.89580129496064,0.804105157053048,2.35765344660707,0.018390852804257,0.319755187136663,3.47184740278461
B23,tr_6::overall_order_sensitive,cv_train,0.0,M_joint,condition_idB23.b_FAR,0.561064984876428,0.779866444141163,0.719437269152294,0.471871540541175,-0.967473245640251,2.08960321539311
B23,tr_6::overall_order_sensitive,cv_train,0.0,M_joint,condition_idB23.b_SPA,0.665032382018053,3.35678671147878,0.198115769388602,0.842954487178888,-5.91426957248036,7.24433433651647
B23,tr_6::overall_order_sensitive,cv_train,0.0,M_joint,condition_idB23.b_TUR,-0.194398029170891,0.278655206103721,-0.697629274145097,0.485409069165188,-0.740562233134184,0.351766174792402
B23,tr_6::overall_order_sensitive,cv_train,0.0,M_joint,condition_idB23.c_noBRP,0.15780835859958,0.668714551339816,0.235987624739734,0.813442273039115,-1.15287216202646,1.46848887922562
B23,tr_6::overall_order_sensitive,cv_train,0.0,M_joint,condition_idB23.c_noFAR,0.467773228939487,0.875234743496916,0.534454593370625,0.593027056557539,-1.24768686831447,2.18323332619344
B23,tr_6::overall_order_sensitive,cv_train,0.0,M_joint,condition_idB23.c_noSPA,0.736871188525765,0.359365736408033,2.05047703181447,0.0403179028767603,0.0325143451660211,1.44122803188551
B23,tr_6::overall_order_sensitive,cv_train,0.0,M_joint,condition_idB23.c_noTUR,0.807019035842311,0.6327801240272,1.27535459032152,0.202183763647565,-0.433230007251002,2.04726807893562
B23,tr_6::overall_order_sensitive,cv_train,0.0,M_joint,test_talker_idB23.FAR.FAR,-0.896209000836449,0.426108642797913,-2.10324060772803,0.0354447422437528,-1.73138194072036,-0.0610360609525398
B23,tr_6::overall_order_sensitive,cv_train,0.0,M_joint,test_talker_idB23.SPA.SPA,-0.80780946061041,0.426673710223495,-1.89327216853195,0.0583216843456051,-1.64408993264846,0.0284710114276391
B23,tr_6::overall_order_sensitive,cv_train,0.0,M_joint,test_talker_idB23.TUR.TUR,-1.80028316380234,0.425738967597401,-4.22860790489061,2.35141733543923e-05,-2.63473154029325,-0.965834787311434
B23,tr_6::overall_order_sensitive,cv_train,0.0,M_joint,variability_z,0.0345669676325038,1.26128637133484,0.027406121574057,0.978135815773892,-2.43755432018378,2.50668825544879
B23,tr_6::overall_order_sensitive,cv_train,0.0,M_null,(Intercept),2.2553376408131,0.314257066134918,7.17672849349657,7.13992784334819e-13,1.63939379118866,2.87128149043754
B23,tr_6::overall_order_sensitive,cv_train,0.0,M_null,test_talker_idB23.FAR.FAR,-0.896260396564136,0.426198654682134,-2.10291700060053,0.0354730254623015,-1.73160975974112,-0.0609110333871522
B23,tr_6::overall_order_sensitive,cv_train,0.0,M_null,test_talker_idB23.SPA.SPA,-0.80784813294088,0.426822309378151,-1.89270362675713,0.0583972938416885,-1.64441985932206,0.0287235934402955
B23,tr_6::overall_order_sensitive,cv_train,0.0,M_null,test_talker_idB23.TUR.TUR,-1.80035586065125,0.425870781113444,-4.22746978777037,2.36333896103884e-05,-2.6350625916336,-0.965649129668902
B23,tr_6::overall_order_sensitive,cv_train,0.0,M_predictor,(Intercept),2.25534453141583,0.314011761008786,7.18235687787735,6.85197768032011e-13,1.63988147983861,2.87080758299306
B23,tr_6::overall_order_sensitive,cv_train,0.0,M_predictor,test_talker_idB23.FAR.FAR,-0.89625109031315,0.426159342961211,-2.10308914990684,0.0354579772403042,-1.73152340251712,-0.0609787781091756
B23,tr_6::overall_order_sensitive,cv_train,0.0,M_predictor,test_talker_idB23.SPA.SPA,-0.807836533316092,0.426779194700558,-1.89286765462617,0.0583754716753871,-1.64432375492918,0.0286506882970017
B23,tr_6::overall_order_sensitive,cv_train,0.0,M_predictor,test_talker_idB23.TUR.TUR,-1.8003470985153,0.425824751682873,-4.22790617830521,2.35876104587164e-05,-2.63496361181374,-0.965730585216872
B23,tr_6::overall_order_sensitive,cv_train,0.0,M_predictor,variability_z,-0.0918972544357032,0.084457212332637,-1.0880924422862,0.276554299830555,-0.257433390607672,0.0736388817362654
B23,tr_6::overall_order_sensitive,cv_train,1.0,M_condition,(Intercept),2.20389578083479,0.392258439434487,5.61847893957901,1.92645871682162e-08,1.4350692395432,2.97272232212639
B23,tr_6::overall_order_sensitive,cv_train,1.0,M_condition,condition_idB23.b_FAR,0.22063795905533,0.41326266674962,0.533892792181507,0.593415709164046,-0.589356867773924,1.03063278588458
B23,tr_6::overall_order_sensitive,cv_train,1.0,M_condition,condition_idB23.b_SPA,0.165809597157594,0.358122552063395,0.462996804312515,0.643366657734277,-0.53611060488666,0.867729799201849
B23,tr_6::overall_order_sensitive,cv_train,1.0,M_condition,condition_idB23.b_TUR,-0.189919980448583,0.367682610568743,-0.516532397751442,0.605482617386403,-0.91057789716332,0.530737936266154
B23,tr_6::overall_order_sensitive,cv_train,1.0,M_condition,condition_idB23.c_noBRP,0.1582032902105,0.367790302781308,0.430145354605964,0.667089909601433,-0.562665703240862,0.879072283661863
B23,tr_6::overall_order_sensitive,cv_train,1.0,M_condition,condition_idB23.c_noFAR,-0.0343556135612886,0.438169862940341,-0.0784070664530534,0.937504252621459,-0.893168544924357,0.82445731780178
B23,tr_6::overall_order_sensitive,cv_train,1.0,M_condition,condition_idB23.c_noSPA,0.373275425698481,0.413492363751051,0.90273837783185,0.366664762904964,-0.437169607253579,1.18372045865054
B23,tr_6::overall_order_sensitive,cv_train,1.0,M_condition,condition_idB23.c_noTUR,0.20611998666136,0.413161951494308,0.498884241193732,0.617860936453273,-0.603677438267485,1.0159174115902
B23,tr_6::overall_order_sensitive,cv_train,1.0,M_condition,test_talker_idB23.FAR.FAR,-0.907683509207791,0.422210624414888,-2.14983578507927,0.0315682064893159,-1.73521633306097,-0.0801506853546107
B23,tr_6::overall_order_sensitive,cv_train,1.0,M_condition,test_talker_idB23.SPA.SPA,-0.962341389360373,0.422657393394924,-2.27688289474964,0.0227932196053814,-1.79074988041442,-0.133932898306322
B23,tr_6::overall_order_sensitive,cv_train,1.0,M_condition,test_talker_idB23.TUR.TUR,-1.85405947564124,0.422016013480909,-4.39333915400136,1.11622782673972e-05,-2.68121086206383,-1.02690808921866
B23,tr_6::overall_order_sensitive,cv_train,1.0,M_joint,(Intercept),1.42179921939279,0.780707464379948,1.82116770270924,0.0685813683433352,-0.108387410791909,2.95198584957749
B23,tr_6::overall_order_sensitive,cv_train,1.0,M_joint,condition_idB23.b_FAR,1.03501385286799,0.814826035458715,1.27022678194778,0.204003860311208,-0.562045176631087,2.63207288236708
B23,tr_6::overall_order_sensitive,cv_train,1.0,M_joint,condition_idB23.b_SPA,4.01992140268645,3.35670464375568,1.19757971859827,0.231080675635706,-2.55921969907468,10.5990625044476
B23,tr_6::overall_order_sensitive,cv_train,1.0,M_joint,condition_idB23.b_TUR,-0.275959723501954,0.37118760561524,-0.743450803117614,0.457208796282182,-1.00348743050782,0.451567983503916
B23,tr_6::overall_order_sensitive,cv_train,1.0,M_joint,condition_idB23.c_noBRP,0.816924370939061,0.676412359274232,1.20773128955774,0.227150638397688,-0.508843853238433,2.14269259511655
B23,tr_6::overall_order_sensitive,cv_train,1.0,M_joint,condition_idB23.c_noFAR,0.820124006404999,0.857179034689123,0.956770958242624,0.338682873748365,-0.859946901585682,2.50019491439568
B23,tr_6::overall_order_sensitive,cv_train,1.0,M_joint,condition_idB23.c_noSPA,0.153347365055371,0.451235959468105,0.339838529792992,0.733978130332298,-0.731075115502116,1.03776984561286
B23,tr_6::overall_order_sensitive,cv_train,1.0,M_joint,condition_idB23.c_noTUR,-0.431874200042085,0.687777759318232,-0.627926963602582,0.530051786464804,-1.77991860830582,0.91617020822165
B23,tr_6::overall_order_sensitive,cv_train,1.0,M_joint,test_talker_idB23.FAR.FAR,-0.907729654746056,0.422084444622591,-2.15058779424507,0.0315087495777425,-1.73501516620633,-0.0804441432857768
B23,tr_6::overall_order_sensitive,cv_train,1.0,M_joint,test_talker_idB23.SPA.SPA,-0.962384985262271,0.422518076844626,-2.27773683069227,0.0227422619576307,-1.79052041587774,-0.134249554646804
B23,tr_6::overall_order_sensitive,cv_train,1.0,M_joint,test_talker_idB23.TUR.TUR,-1.85409843249513,0.42190614000968,-4.39457560976144,1.10989368978149e-05,-2.68103446691411,-1.02716239807616
B23,tr_6::overall_order_sensitive,cv_train,1.0,M_joint,variability_z,1.43934168762401,1.24676738976148,1.15445888258224,0.248312086517318,-1.00432239630849,3.88300577155651
B23,tr_6::overall_order_sensitive,cv_train,1.0,M_null,(Intercept),2.30233127300746,0.317515818700865,7.25107581230938,4.13474152531138e-13,1.68000026835376,2.92466227766115
B23,tr_6::overall_order_sensitive,cv_train,1.0,M_null,test_talker_idB23.FAR.FAR,-0.907610592227868,0.422166233012951,-2.14988912246808,0.0315639862496196,-1.73505640893325,-0.0801647755224845
B23,tr_6::overall_order_sensitive,cv_train,1.0,M_null,test_talker_idB23.SPA.SPA,-0.962261837040432,0.42263165633941,-2.27683331952695,0.0227961809943197,-1.79061988346568,-0.133903790615189
B23,tr_6::overall_order_sensitive,cv_train,1.0,M_null,test_talker_idB23.TUR.TUR,-1.8539978598329,0.421879642134164,-4.39461323721162,1.10970147029422e-05,-2.68088195841586,-1.02711376124993
B23,tr_6::overall_order_sensitive,cv_train,1.0,M_predictor,(Intercept),2.30233342872584,0.317566159312595,7.24993315946977,4.16977354961114e-13,1.67990375647316,2.92476310097853
B23,tr_6::overall_order_sensitive,cv_train,1.0,M_predictor,test_talker_idB23.FAR.FAR,-0.90760158116366,0.42222076684256,-2.14959010176326,0.031587652056975,-1.73515428417508,-0.0800488781522415
B23,tr_6::overall_order_sensitive,cv_train,1.0,M_predictor,test_talker_idB23.SPA.SPA,-0.962258097485261,0.422651138849643,-2.27671951885496,0.0228029801717911,-1.79065432963056,-0.133861865339961
B23,tr_6::overall_order_sensitive,cv_train,1.0,M_predictor,test_talker_idB23.TUR.TUR,-1.85398670529381,0.421932167222767,-4.39403972799012,1.11263468937467e-05,-2.68097375305043,-1.02699965753718
B23,tr_6::overall_order_sensitive,cv_train,1.0,M_predictor,variability_z,-0.0183696442571039,0.104728772240848,-0.175402077805883,0.860763708043779,-0.223638037849167,0.186898749334959
B23,tr_6::overall_order_sensitive,cv_train,2.0,M_condition,(Intercept),2.33653085247934,0.405248577274958,5.7656731781541,8.13325366450924e-09,1.54224364102042,3.13081806393825
B23,tr_6::overall_order_sensitive,cv_train,2.0,M_condition,condition_idB23.b_FAR,0.113664634692987,0.357577858724842,0.3178738054373,0.750580663065381,-0.587187968407704,0.814517237793678
B23,tr_6::overall_order_sensitive,cv_train,2.0,M_condition,condition_idB23.b_SPA,0.044794001094437,0.339477434025774,0.13194986353949,0.895023947994411,-0.62058176959608,0.710169771784954
B23,tr_6::overall_order_sensitive,cv_train,2.0,M_condition,condition_idB23.b_TUR,-0.160579719930046,0.369757931623864,-0.434283368107424,0.664082679923412,-0.88530526591282,0.564145826052728
B23,tr_6::overall_order_sensitive,cv_train,2.0,M_condition,condition_idB23.c_noBRP,0.279516031627007,0.429633693932415,0.650591505216015,0.515310215404535,-0.562566008480527,1.12159807173454
B23,tr_6::overall_order_sensitive,cv_train,2.0,M_condition,condition_idB23.c_noFAR,0.0479695531623004,0.369830719962424,0.129706783598654,0.896798415376059,-0.67689865796405,0.772837764288651
B23,tr_6::overall_order_sensitive,cv_train,2.0,M_condition,condition_idB23.c_noSPA,0.267247024257593,0.384822133149158,0.694468953931003,0.487388164036101,-0.487004356714757,1.02149840522994
B23,tr_6::overall_order_sensitive,cv_train,2.0,M_condition,condition_idB23.c_noTUR,0.405811636989582,0.357947003724496,1.1337198880478,0.256912064515286,-0.29576449031043,1.10738776428959
B23,tr_6::overall_order_sensitive,cv_train,2.0,M_condition,test_talker_idB23.FAR.FAR,-1.00655889323661,0.459808341483938,-2.18908358640938,0.028590765288184,-1.90778324254513,-0.105334543928089
B23,tr_6::overall_order_sensitive,cv_train,2.0,M_condition,test_talker_idB23.SPA.SPA,-0.951833844876906,0.460783388968105,-2.06568610688957,0.0388581279647102,-1.85496928725439,-0.0486984024994213
B23,tr_6::overall_order_sensitive,cv_train,2.0,M_condition,test_talker_idB23.TUR.TUR,-2.00036199754424,0.45941732110422,-4.35412838317963,1.33597399488766e-05,-2.90081994690851,-1.09990404817996
B23,tr_6::overall_order_sensitive,cv_train,2.0,M_joint,(Intercept),1.42979932226512,0.726442881678905,1.96821988118415,0.0490427437002502,0.0059712741744686,2.85362737035577
B23,tr_6::overall_order_sensitive,cv_train,2.0,M_joint,condition_idB23.b_FAR,1.07984426462452,0.734372867272423,1.47043050301577,0.141445195104595,-0.359526555229428,2.51921508447847
B23,tr_6::overall_order_sensitive,cv_train,2.0,M_joint,condition_idB23.b_SPA,4.51319168054192,3.00435202122638,1.50221799864173,0.133040817992254,-1.37533828106178,10.4017216421456
B23,tr_6::overall_order_sensitive,cv_train,2.0,M_joint,condition_idB23.b_TUR,-0.248132621793969,0.368720981344728,-0.672954983166479,0.500975930677102,-0.970825745229637,0.474560501641698
B23,tr_6::overall_order_sensitive,cv_train,2.0,M_joint,condition_idB23.c_noBRP,1.10969831299271,0.696479445370217,1.59329657230996,0.111093675280965,-0.255401399932917,2.47479802591833
B23,tr_6::overall_order_sensitive,cv_train,2.0,M_joint,condition_idB23.c_noFAR,1.09502152305845,0.787703159889016,1.39014489063714,0.164484884062897,-0.448876670324026,2.63891971644092
B23,tr_6::overall_order_sensitive,cv_train,2.0,M_joint,condition_idB23.c_noSPA,0.0131371310447594,0.415511749064739,0.0316167498857237,0.974777685590324,-0.80126589712213,0.827540159211649
B23,tr_6::overall_order_sensitive,cv_train,2.0,M_joint,condition_idB23.c_noTUR,-0.287531201370224,0.583185626210902,-0.493035473522185,0.621987522603643,-1.43057502874359,0.855512626003143
B23,tr_6::overall_order_sensitive,cv_train,2.0,M_joint,test_talker_idB23.FAR.FAR,-1.00659000271092,0.460082511675517,-2.18784669524853,0.0286807712071759,-1.90835172559494,-0.104828279826909
B23,tr_6::overall_order_sensitive,cv_train,2.0,M_joint,test_talker_idB23.SPA.SPA,-0.951882782428968,0.460983706020396,-2.06489463726697,0.0389329706267964,-1.85541084622894,-0.0483547186289927
B23,tr_6::overall_order_sensitive,cv_train,2.0,M_joint,test_talker_idB23.TUR.TUR,-2.00040022171085,0.45978034492634,-4.3507736765723,1.35658019197415e-05,-2.90156969776648,-1.09923074565522
B23,tr_6::overall_order_sensitive,cv_train,2.0,M_joint,variability_z,1.67369297442811,1.11885147421147,1.49590272972351,0.134679004875225,-0.519255915026374,3.8666418638826
B23,tr_6::overall_order_sensitive,cv_train,2.0,M_null,(Intercept),2.44739521514906,0.341564765174436,7.16524496869336,7.76475804105669e-13,1.77792827540716,3.11686215489096
B23,tr_6::overall_order_sensitive,cv_train,2.0,M_null,test_talker_idB23.FAR.FAR,-1.00647135365458,0.460108566994909,-2.18746492861047,0.028708600779874,-1.9082841449646,-0.104658562344561
B23,tr_6::overall_order_sensitive,cv_train,2.0,M_null,test_talker_idB23.SPA.SPA,-0.951746563116352,0.46096342754843,-2.06468996505446,0.0389523446811336,-1.85523488111127,-0.0482582451214294
B23,tr_6::overall_order_sensitive,cv_train,2.0,M_null,test_talker_idB23.TUR.TUR,-2.00026999942614,0.459721463557232,-4.35104766253125,1.3548859356079e-05,-2.90132406799831,-1.09921593085396
B23,tr_6::overall_order_sensitive,cv_train,2.0,M_predictor,(Intercept),2.44738752358086,0.341604935740259,7.16437986552321,7.81394563481898e-13,1.77784184952995,3.11693319763177
B23,tr_6::overall_order_sensitive,cv_train,2.0,M_predictor,test_talker_idB23.FAR.FAR,-1.00649425199937,0.46025876596548,-2.18680083124122,0.0287570667729743,-1.90860143329171,-0.104387070707028
B23,tr_6::overall_order_sensitive,cv_train,2.0,M_predictor,test_talker_idB23.SPA.SPA,-0.951772348792191,0.461152104715669,-2.06390112732766,0.0390270918480782,-1.8556304740349,-0.0479142235494789
B23,tr_6::overall_order_sensitive,cv_train,2.0,M_predictor,test_talker_idB23.TUR.TUR,-2.00030179198571,0.459912862471887,-4.34930604296371,1.36569010936883e-05,-2.90173100243061,-1.09887258154081
B23,tr_6::overall_order_sensitive,cv_train,2.0,M_predictor,variability_z,0.0553685124822746,0.0985612052706693,0.561767810470878,0.574274226355871,-0.137811449848237,0.248548474812786
B23,tr_6::overall_order_sensitive,full,,M_condition,(Intercept),2.15500921522717,0.359145093947985,6.00038605995626,1.9684894092453802e-09,1.45108483108912,2.85893359936522
B23,tr_6::overall_order_sensitive,full,,M_condition,condition_idB23.b_FAR,0.286676132487048,0.290958775835012,0.985280927390235,0.324486098514997,-0.283603068149575,0.856955333123672
B23,tr_6::overall_order_sensitive,full,,M_condition,condition_idB23.b_SPA,0.265307977241502,0.262815640856884,1.00948321179246,0.312742949024237,-0.24981067883799,0.780426633320995
B23,tr_6::overall_order_sensitive,full,,M_condition,condition_idB23.b_TUR,-0.183357800279349,0.277239837001576,-0.661368879243376,0.508375778716754,-0.726747880802438,0.360032280243741
B23,tr_6::overall_order_sensitive,full,,M_condition,condition_idB23.c_noBRP,0.172422097829746,0.291067304196493,0.592378791241177,0.553596965183821,-0.39806981839538,0.742914014054872
B23,tr_6::overall_order_sensitive,full,,M_condition,condition_idB23.c_noFAR,0.167273314473871,0.299509687100788,0.558490498564682,0.576509490823182,-0.419765672243674,0.754312301191416
B23,tr_6::overall_order_sensitive,full,,M_condition,condition_idB23.c_noSPA,0.451069413287724,0.309773426631712,1.45612688019234,0.145357548014756,-0.156086502910431,1.05822532948588
B23,tr_6::overall_order_sensitive,full,,M_condition,condition_idB23.c_noTUR,0.49100146724397,0.291200462338146,1.68612873517286,0.0917710064055328,-0.0797514389387965,1.06175437342674
B23,tr_6::overall_order_sensitive,full,,M_condition,test_talker_idB23.FAR.FAR,-0.944388756646851,0.433558867313449,-2.1782249836078,0.0293892909240249,-1.79416413658121,-0.0946133767124924
B23,tr_6::overall_order_sensitive,full,,M_condition,test_talker_idB23.SPA.SPA,-0.917414703022129,0.433954085732105,-2.11408241836092,0.034508228561102,-1.76796471105705,-0.0668646949872029
B23,tr_6::overall_order_sensitive,full,,M_condition,test_talker_idB23.TUR.TUR,-1.89223710964451,0.433245182340952,-4.36758950075381,1.25625322666186e-05,-2.74139766703278,-1.04307655225624
B23,tr_6::overall_order_sensitive,full,,M_joint,(Intercept),1.48596168956633,0.635035291587323,2.33996709986314,0.0192854386938402,0.241292518055181,2.73063086107749
B23,tr_6::overall_order_sensitive,full,,M_joint,condition_idB23.b_FAR,0.979982533900001,0.615134010182515,1.59312038950542,0.11113318608426,-0.225680126057728,2.18564519385773
B23,tr_6::overall_order_sensitive,full,,M_joint,condition_idB23.b_SPA,3.49036393940966,2.54205360484166,1.37304891319437,0.169737141191482,-1.49206112607999,8.47278900489932
B23,tr_6::overall_order_sensitive,full,,M_joint,condition_idB23.b_TUR,-0.254960808756967,0.2807992082602,-0.907982648301167,0.363887389249572,-0.80532725694696,0.295405639433025
B23,tr_6::overall_order_sensitive,full,,M_joint,condition_idB23.c_noBRP,0.748380960076991,0.53580981763119,1.39672871875617,0.162495164628727,-0.301806282480142,1.79856820263412
B23,tr_6::overall_order_sensitive,full,,M_joint,condition_idB23.c_noFAR,0.926229792172798,0.664970385064149,1.39288878569148,0.163653424115606,-0.377112162552933,2.22957174689853
B23,tr_6::overall_order_sensitive,full,,M_joint,condition_idB23.c_noSPA,0.27568917342,0.336822344884381,0.818500249781926,0.413071599464957,-0.384482622553387,0.935860969393386
B23,tr_6::overall_order_sensitive,full,,M_joint,condition_idB23.c_noTUR,-0.0322081683095806,0.502284332983966,-0.0641233783228688,0.948871986940758,-1.01668546095815,0.952269124338993
B23,tr_6::overall_order_sensitive,full,,M_joint,test_talker_idB23.FAR.FAR,-0.944332740632787,0.433692463193723,-2.17742483620466,0.0294488842771269,-1.79436996849248,-0.0942955127730901
B23,tr_6::overall_order_sensitive,full,,M_joint,test_talker_idB23.SPA.SPA,-0.917369357173006,0.434010138364194,-2.11370490244909,0.0345404795331086,-1.76802922836683,-0.0667094859791862
B23,tr_6::overall_order_sensitive,full,,M_joint,test_talker_idB23.TUR.TUR,-1.89217591653904,0.433265020611866,-4.36724828112564,1.25821673212505e-05,-2.74137535693829,-1.04297647613978
B23,tr_6::overall_order_sensitive,full,,M_joint,variability_z,1.20929202402245,0.948652461048374,1.27474715312079,0.202398751191405,-0.650066799632364,3.06865084767726
B23,tr_6::overall_order_sensitive,full,,M_null,(Intercept),2.3410383984251,0.317712181470546,7.36842505562581,1.72655547077915e-13,1.71832252274283,2.96375427410737
B23,tr_6::overall_order_sensitive,full,,M_null,test_talker_idB23.FAR.FAR,-0.944266031665579,0.433978682640251,-2.1758350569683,0.0295675962922733,-1.79486424964047,-0.093667813690688
B23,tr_6::overall_order_sensitive,full,,M_null,test_talker_idB23.SPA.SPA,-0.917289334773626,0.434197924184003,-2.11260644900021,0.0346344662892849,-1.76831726617427,-0.0662614033729813
B23,tr_6::overall_order_sensitive,full,,M_null,test_talker_idB23.TUR.TUR,-1.89211787855339,0.433608395535599,-4.36365600397618,1.27906652307506e-05,-2.74199033380317,-1.04224542330362
B23,tr_6::overall_order_sensitive,full,,M_predictor,(Intercept),2.34103412174857,0.317450230795433,7.37449179319436,1.6497314014950999e-13,1.71883166938952,2.96323657410762
B23,tr_6::overall_order_sensitive,full,,M_predictor,test_talker_idB23.FAR.FAR,-0.944241871134198,0.433609173357603,-2.17763352150179,0.0294333318089132,-1.7941158509151,-0.0943678913532958
B23,tr_6::overall_order_sensitive,full,,M_predictor,test_talker_idB23.SPA.SPA,-0.917286967933959,0.433877938544916,-2.11415904438524,0.0345016855846493,-1.76768772748199,-0.0668862083859242
B23,tr_6::overall_order_sensitive,full,,M_predictor,test_talker_idB23.TUR.TUR,-1.89211191317653,0.433312881639768,-4.36661819518563,1.26185018136805e-05,-2.74140516119047,-1.04281866516258
B23,tr_6::overall_order_sensitive,full,,M_predictor,variability_z,-0.0171447431168272,0.07851145095098,-0.218372516482109,0.827138877480826,-0.171027186980748,0.136737700747094
B23,tr_8::overall_order_sensitive,cv_train,0.0,M_condition,(Intercept),1.91567003073818,0.351076412940333,5.45656147815251,4.85443249802039e-08,1.22756026137513,2.60377980010124
B23,tr_8::overall_order_sensitive,cv_train,0.0,M_condition,condition_idB23.b_FAR,0.541177139369604,0.28720148539483,1.88431177027382,0.0595228162420455,-0.021737772004263,1.10409205074347
B23,tr_8::overall_order_sensitive,cv_train,0.0,M_condition,condition_idB23.b_SPA,0.573274953708191,0.253384275984462,2.26247248958473,0.0236682266692452,0.0766417727786445,1.06990813463774
B23,tr_8::overall_order_sensitive,cv_train,0.0,M_condition,condition_idB23.b_TUR,-0.192140124239278,0.266060386214119,-0.722167350703041,0.470191593963392,-0.713618481218952,0.329338232740395
B23,tr_8::overall_order_sensitive,cv_train,0.0,M_condition,condition_idB23.c_noBRP,0.14109828451137,0.275661857067429,0.511852767780113,0.608754056588046,-0.399198955340792,0.681395524363531
B23,tr_8::overall_order_sensitive,cv_train,0.0,M_condition,condition_idB23.c_noFAR,0.445100864421607,0.287237914344002,1.54958952907778,0.121240067759196,-0.117885447692638,1.00808717653585
B23,tr_8::overall_order_sensitive,cv_train,0.0,M_condition,condition_idB23.c_noSPA,0.741290661043434,0.321157572919554,2.30818365671582,0.020988923780184,0.111821818121109,1.37075950396576
B23,tr_8::overall_order_sensitive,cv_train,0.0,M_condition,condition_idB23.c_noTUR,0.822459347968533,0.287862929793649,2.85712143817234,0.0042750224439558,0.258248005572982,1.38667069036408
B23,tr_8::overall_order_sensitive,cv_train,0.0,M_condition,test_talker_idB23.FAR.FAR,-0.896224577596967,0.426065157276458,-2.1034918305123,0.035422798675847,-1.73131228585882,-0.0611368693351094
B23,tr_8::overall_order_sensitive,cv_train,0.0,M_condition,test_talker_idB23.SPA.SPA,-0.807836338620394,0.426695468703836,-1.89323861599548,0.0583261441866295,-1.64415945727991,0.0284867800391246
B23,tr_8::overall_order_sensitive,cv_train,0.0,M_condition,test_talker_idB23.TUR.TUR,-1.80030629393258,0.425714692594678,-4.22890336004128,2.34833185047379e-05,-2.63470709141815,-0.965905496447006
B23,tr_8::overall_order_sensitive,cv_train,0.0,M_joint,(Intercept),-0.314907348245995,1.1158636636203,-0.282209519417734,0.777782859428272,-2.50200012894177,1.87218543244978
B23,tr_8::overall_order_sensitive,cv_train,0.0,M_joint,condition_idB23.b_FAR,0.703322917508054,0.294134299204439,2.39116253837233,0.0167951157238868,0.126819691067353,1.27982614394875
B23,tr_8::overall_order_sensitive,cv_train,0.0,M_joint,condition_idB23.b_SPA,23.8227928507898,11.0718163912019,2.15166075818602,0.0314240829827562,2.12203272403418,45.5235529775455
B23,tr_8::overall_order_sensitive,cv_train,0.0,M_joint,condition_idB23.b_TUR,-21.6605765877226,10.2283640724613,-2.11769706614583,0.034200731497531,-41.7081701697467,-1.61298300569857
B23,tr_8::overall_order_sensitive,cv_train,0.0,M_joint,condition_idB23.c_noBRP,4.93129625176951,2.29519559099551,2.14852985563231,0.031671687258764,0.432712893418304,9.42987961012072
B23,tr_8::overall_order_sensitive,cv_train,0.0,M_joint,condition_idB23.c_noFAR,6.62085414697889,2.95270380841167,2.24230216661671,0.024941849828137,0.83355468249203,12.4081536114658
B23,tr_8::overall_order_sensitive,cv_train,0.0,M_joint,condition_idB23.c_noSPA,-6.08169786458578,3.26581606951019,-1.86222914430632,0.0625707980464634,-12.4826973608257,0.319301631654186
B23,tr_8::overall_order_sensitive,cv_train,0.0,M_joint,condition_idB23.c_noTUR,5.66344229228942,2.32151989432605,2.43954071043339,0.0147059455805602,1.11326329941037,10.2136212851685
B23,tr_8::overall_order_sensitive,cv_train,0.0,M_joint,test_talker_idB23.FAR.FAR,-0.896208150374278,0.425846901995486,-2.10453133784634,0.0353321239564019,-1.73086807828543,-0.0615482224631266
B23,tr_8::overall_order_sensitive,cv_train,0.0,M_joint,test_talker_idB23.SPA.SPA,-0.807817193251952,0.426567586680999,-1.89376131350567,0.0582566988068681,-1.64388966314671,0.0282552766428052
B23,tr_8::overall_order_sensitive,cv_train,0.0,M_joint,test_talker_idB23.TUR.TUR,-1.80028698460273,0.425476318630546,-4.2312272288084,2.3241972845185e-05,-2.6342205691186,-0.966353400086854
B23,tr_8::overall_order_sensitive,cv_train,0.0,M_joint,variability_z,12.78302455039,6.08742938833726,2.09990518738182,0.0357371823557732,0.851662949248933,24.714386151531
B23,tr_8::overall_order_sensitive,cv_train,0.0,M_null,(Intercept),2.2553376408131,0.314257066134918,7.17672849349657,7.13992784334819e-13,1.63939379118866,2.87128149043754
B23,tr_8::overall_order_sensitive,cv_train,0.0,M_null,test_talker_idB23.FAR.FAR,-0.896260396564136,0.426198654682134,-2.10291700060053,0.0354730254623015,-1.73160975974112,-0.0609110333871522
B23,tr_8::overall_order_sensitive,cv_train,0.0,M_null,test_talker_idB23.SPA.SPA,-0.80784813294088,0.426822309378151,-1.89270362675713,0.0583972938416885,-1.64441985932206,0.0287235934402955
B23,tr_8::overall_order_sensitive,cv_train,0.0,M_null,test_talker_idB23.TUR.TUR,-1.80035586065125,0.425870781113444,-4.22746978777037,2.36333896103884e-05,-2.6350625916336,-0.965649129668902
B23,tr_8::overall_order_sensitive,cv_train,0.0,M_predictor,(Intercept),2.25534040927467,0.31325073562468,7.1997928585135,6.030410113271359e-13,1.6413689674503,2.86931185109904
B23,tr_8::overall_order_sensitive,cv_train,0.0,M_predictor,test_talker_idB23.FAR.FAR,-0.896222734031185,0.426128301838886,-2.1031758044788,0.0354504044975671,-1.7314342056354,-0.0610112624269687
B23,tr_8::overall_order_sensitive,cv_train,0.0,M_predictor,test_talker_idB23.SPA.SPA,-0.807816624870039,0.426820020384641,-1.89263995663102,0.0584057663013802,-1.64438386482393,0.0287506150838576
B23,tr_8::overall_order_sensitive,cv_train,0.0,M_predictor,test_talker_idB23.TUR.TUR,-1.80031278927695,0.425808723074578,-4.22798475399396,2.35793765169873e-05,-2.63489788650313,-0.965727692050781
B23,tr_8::overall_order_sensitive,cv_train,0.0,M_predictor,variability_z,-0.195738265191393,0.0814916559836371,-2.40194241764697,0.016308275313494,-0.355461910919321,-0.036014619463464
B23,tr_8::overall_order_sensitive,cv_train,1.0,M_condition,(Intercept),2.20389578083479,0.392258439434487,5.61847893957901,1.92645871682162e-08,1.4350692395432,2.97272232212639
B23,tr_8::overall_order_sensitive,cv_train,1.0,M_condition,condition_idB23.b_FAR,0.22063795905533,0.41326266674962,0.533892792181507,0.593415709164046,-0.589356867773924,1.03063278588458
B23,tr_8::overall_order_sensitive,cv_train,1.0,M_condition,condition_idB23.b_SPA,0.165809597157594,0.358122552063395,0.462996804312515,0.643366657734277,-0.53611060488666,0.867729799201849
B23,tr_8::overall_order_sensitive,cv_train,1.0,M_condition,condition_idB23.b_TUR,-0.189919980448583,0.367682610568743,-0.516532397751442,0.605482617386403,-0.91057789716332,0.530737936266154
B23,tr_8::overall_order_sensitive,cv_train,1.0,M_condition,condition_idB23.c_noBRP,0.1582032902105,0.367790302781308,0.430145354605964,0.667089909601433,-0.562665703240862,0.879072283661863
B23,tr_8::overall_order_sensitive,cv_train,1.0,M_condition,condition_idB23.c_noFAR,-0.0343556135612886,0.438169862940341,-0.0784070664530534,0.937504252621459,-0.893168544924357,0.82445731780178
B23,tr_8::overall_order_sensitive,cv_train,1.0,M_condition,condition_idB23.c_noSPA,0.373275425698481,0.413492363751051,0.90273837783185,0.366664762904964,-0.437169607253579,1.18372045865054
B23,tr_8::overall_order_sensitive,cv_train,1.0,M_condition,condition_idB23.c_noTUR,0.20611998666136,0.413161951494308,0.498884241193732,0.617860936453273,-0.603677438267485,1.0159174115902
B23,tr_8::overall_order_sensitive,cv_train,1.0,M_condition,test_talker_idB23.FAR.FAR,-0.907683509207791,0.422210624414888,-2.14983578507927,0.0315682064893159,-1.73521633306097,-0.0801506853546107
B23,tr_8::overall_order_sensitive,cv_train,1.0,M_condition,test_talker_idB23.SPA.SPA,-0.962341389360373,0.422657393394924,-2.27688289474964,0.0227932196053814,-1.79074988041442,-0.133932898306322
B23,tr_8::overall_order_sensitive,cv_train,1.0,M_condition,test_talker_idB23.TUR.TUR,-1.85405947564124,0.422016013480909,-4.39333915400136,1.11622782673972e-05,-2.68121086206383,-1.02690808921866
B23,tr_8::overall_order_sensitive,cv_train,1.0,M_joint,(Intercept),1.02310552572888,0.551066494985225,1.85659178164391,0.0633692540669829,-0.0569848044421564,2.10319585589992
B23,tr_8::overall_order_sensitive,cv_train,1.0,M_joint,condition_idB23.b_FAR,0.392238306278245,0.396035759226946,0.990411338218262,0.321973105775897,-0.383991781806569,1.16846839436306
B23,tr_8::overall_order_sensitive,cv_train,1.0,M_joint,condition_idB23.b_SPA,16.3823106632953,5.46975540929321,2.99507188849094,0.0027438016673678,5.66159006108065,27.10303126551
B23,tr_8::overall_order_sensitive,cv_train,1.0,M_joint,condition_idB23.b_TUR,-14.9975877341061,5.00036009063824,-2.99930154273987,0.0027059934668195,-24.7982935117571,-5.19688195645517
B23,tr_8::overall_order_sensitive,cv_train,1.0,M_joint,condition_idB23.c_noBRP,3.40729313611886,1.14683855896805,2.97103119656599,0.0029680162971411,1.15948956054148,5.65509671169623
B23,tr_8::overall_order_sensitive,cv_train,1.0,M_joint,condition_idB23.c_noFAR,4.1972097445823,1.48214223603635,2.83185354450648,0.0046279040392221,1.29221096195106,7.10220852721354
B23,tr_8::overall_order_sensitive,cv_train,1.0,M_joint,condition_idB23.c_noSPA,-4.37288065007572,1.64680061740559,-2.65537953037987,0.0079219223599677,-7.60060986019067,-1.14515143996077
B23,tr_8::overall_order_sensitive,cv_train,1.0,M_joint,condition_idB23.c_noTUR,3.56896195830513,1.19664502591824,2.98247339938301,0.0028592949447871,1.22353770750539,5.91438620910488
B23,tr_8::overall_order_sensitive,cv_train,1.0,M_joint,test_talker_idB23.FAR.FAR,-0.907873868850104,0.422128142069941,-2.15070680764913,0.0314993487018133,-1.73524502730719,-0.0805027103930188
B23,tr_8::overall_order_sensitive,cv_train,1.0,M_joint,test_talker_idB23.SPA.SPA,-0.962527857669657,0.422485433875994,-2.27825098924517,0.0227116279040244,-1.79059930806661,-0.134456407272708
B23,tr_8::overall_order_sensitive,cv_train,1.0,M_joint,test_talker_idB23.TUR.TUR,-1.85425050621055,0.421797484945439,-4.39606819004718,1.10229318344337e-05,-2.68097357670361,-1.02752743571749
B23,tr_8::overall_order_sensitive,cv_train,1.0,M_joint,variability_z,8.9718758397802,3.02186899239404,2.96898239545201,0.0029878771362648,3.04901261468789,14.8947390648725
B23,tr_8::overall_order_sensitive,cv_train,1.0,M_null,(Intercept),2.30233127300746,0.317515818700865,7.25107581230938,4.13474152531138e-13,1.68000026835376,2.92466227766115
B23,tr_8::overall_order_sensitive,cv_train,1.0,M_null,test_talker_idB23.FAR.FAR,-0.907610592227868,0.422166233012951,-2.14988912246808,0.0315639862496196,-1.73505640893325,-0.0801647755224845
B23,tr_8::overall_order_sensitive,cv_train,1.0,M_null,test_talker_idB23.SPA.SPA,-0.962261837040432,0.42263165633941,-2.27683331952695,0.0227961809943197,-1.79061988346568,-0.133903790615189
B23,tr_8::overall_order_sensitive,cv_train,1.0,M_null,test_talker_idB23.TUR.TUR,-1.8539978598329,0.421879642134164,-4.39461323721162,1.10970147029422e-05,-2.68088195841586,-1.02711376124993
B23,tr_8::overall_order_sensitive,cv_train,1.0,M_predictor,(Intercept),2.30233270689939,0.317432815456339,7.25297636159504,4.07711261365704e-13,1.68016438860496,2.92450102519381
B23,tr_8::overall_order_sensitive,cv_train,1.0,M_predictor,test_talker_idB23.FAR.FAR,-0.907624962476988,0.422304556356961,-2.14921896724648,0.0316170464316213,-1.73534189293663,-0.079908032017345
B23,tr_8::overall_order_sensitive,cv_train,1.0,M_predictor,test_talker_idB23.SPA.SPA,-0.962271787456097,0.422648168248459,-2.27676791181646,0.022800088652545,-1.79066219722308,-0.133881377689117
B23,tr_8::overall_order_sensitive,cv_train,1.0,M_predictor,test_talker_idB23.TUR.TUR,-1.85400632518826,0.421940013133946,-4.39400452073196,1.11281499821454e-05,-2.68100875093079,-1.02700389944573
B23,tr_8::overall_order_sensitive,cv_train,1.0,M_predictor,variability_z,-0.0711496158038307,0.104334863138727,-0.681935200405907,0.49527992610628,-0.275645947555735,0.133346715948074
B23,tr_8::overall_order_sensitive,cv_train,2.0,M_condition,(Intercept),2.33653085247934,0.405248577274958,5.7656731781541,8.13325366450924e-09,1.54224364102042,3.13081806393825
B23,tr_8::overall_order_sensitive,cv_train,2.0,M_condition,condition_idB23.b_FAR,0.113664634692987,0.357577858724842,0.3178738054373,0.750580663065381,-0.587187968407704,0.814517237793678
B23,tr_8::overall_order_sensitive,cv_train,2.0,M_condition,condition_idB23.b_SPA,0.044794001094437,0.339477434025774,0.13194986353949,0.895023947994411,-0.62058176959608,0.710169771784954
B23,tr_8::overall_order_sensitive,cv_train,2.0,M_condition,condition_idB23.b_TUR,-0.160579719930046,0.369757931623864,-0.434283368107424,0.664082679923412,-0.88530526591282,0.564145826052728
B23,tr_8::overall_order_sensitive,cv_train,2.0,M_condition,condition_idB23.c_noBRP,0.279516031627007,0.429633693932415,0.650591505216015,0.515310215404535,-0.562566008480527,1.12159807173454
B23,tr_8::overall_order_sensitive,cv_train,2.0,M_condition,condition_idB23.c_noFAR,0.0479695531623004,0.369830719962424,0.129706783598654,0.896798415376059,-0.67689865796405,0.772837764288651
B23,tr_8::overall_order_sensitive,cv_train,2.0,M_condition,condition_idB23.c_noSPA,0.267247024257593,0.384822133149158,0.694468953931003,0.487388164036101,-0.487004356714757,1.02149840522994
B23,tr_8::overall_order_sensitive,cv_train,2.0,M_condition,condition_idB23.c_noTUR,0.405811636989582,0.357947003724496,1.1337198880478,0.256912064515286,-0.29576449031043,1.10738776428959
B23,tr_8::overall_order_sensitive,cv_train,2.0,M_condition,test_talker_idB23.FAR.FAR,-1.00655889323661,0.459808341483938,-2.18908358640938,0.028590765288184,-1.90778324254513,-0.105334543928089
B23,tr_8::overall_order_sensitive,cv_train,2.0,M_condition,test_talker_idB23.SPA.SPA,-0.951833844876906,0.460783388968105,-2.06568610688957,0.0388581279647102,-1.85496928725439,-0.0486984024994213
B23,tr_8::overall_order_sensitive,cv_train,2.0,M_condition,test_talker_idB23.TUR.TUR,-2.00036199754424,0.45941732110422,-4.35412838317963,1.33597399488766e-05,-2.90081994690851,-1.09990404817996
B23,tr_8::overall_order_sensitive,cv_train,2.0,M_joint,(Intercept),0.780579344673753,0.663317407454326,1.17678103408963,0.239282914449408,-0.519522773936725,2.08068146328423
B23,tr_8::overall_order_sensitive,cv_train,2.0,M_joint,condition_idB23.b_FAR,0.236374193637074,0.343766348770613,0.68760131549351,0.491703879585002,-0.437407849953327,0.910156237227475
B23,tr_8::overall_order_sensitive,cv_train,2.0,M_joint,condition_idB23.b_SPA,15.9696507592425,5.44368222992933,2.93361186136867,0.0033504289925905,5.30003358858105,26.639267929904
B23,tr_8::overall_order_sensitive,cv_train,2.0,M_joint,condition_idB23.b_TUR,-14.7531542991662,4.99354712639403,-2.9544437903042,0.0031323320848647,-24.5405066668985,-4.96580193143394
B23,tr_8::overall_order_sensitive,cv_train,2.0,M_joint,condition_idB23.c_noBRP,3.48952939641751,1.1680477009235,2.98748877606503,0.0028127962287828,1.20015590260746,5.77890289022757
B23,tr_8::overall_order_sensitive,cv_train,2.0,M_joint,condition_idB23.c_noFAR,4.20060248189324,1.45918109125971,2.87873966230391,0.0039926778021692,1.3406075430242,7.06059742076227
B23,tr_8::overall_order_sensitive,cv_train,2.0,M_joint,condition_idB23.c_noSPA,-4.40203535734285,1.63559377173151,-2.69139894845813,0.0071153050448065,-7.60779914993661,-1.1962715647491
B23,tr_8::overall_order_sensitive,cv_train,2.0,M_joint,condition_idB23.c_noTUR,3.70397257264004,1.17520530126725,3.15176639234521,0.0016228605297752,1.40057018215623,6.00737496312385
B23,tr_8::overall_order_sensitive,cv_train,2.0,M_joint,test_talker_idB23.FAR.FAR,-1.00678772718276,0.460232273885013,-2.18756437631818,0.028701349119738,-1.90884298399739,-0.10473247036814
B23,tr_8::overall_order_sensitive,cv_train,2.0,M_joint,test_talker_idB23.SPA.SPA,-0.952067154196012,0.461267973130461,-2.0640218043639,0.0390156490786648,-1.85615238153172,-0.0479819268603078
B23,tr_8::overall_order_sensitive,cv_train,2.0,M_joint,test_talker_idB23.TUR.TUR,-2.00063581501142,0.459930483580005,-4.34986565673769,1.36220960439382e-05,-2.90209956282823,-1.09917206719461
B23,tr_8::overall_order_sensitive,cv_train,2.0,M_joint,variability_z,8.37797683075222,2.8597589135188,2.92960948251526,0.0033938823155699,2.77284936025536,13.9831043012491
B23,tr_8::overall_order_sensitive,cv_train,2.0,M_null,(Intercept),2.44739521514906,0.341564765174436,7.16524496869336,7.76475804105669e-13,1.77792827540716,3.11686215489096
B23,tr_8::overall_order_sensitive,cv_train,2.0,M_null,test_talker_idB23.FAR.FAR,-1.00647135365458,0.460108566994909,-2.18746492861047,0.028708600779874,-1.9082841449646,-0.104658562344561
B23,tr_8::overall_order_sensitive,cv_train,2.0,M_null,test_talker_idB23.SPA.SPA,-0.951746563116352,0.46096342754843,-2.06468996505446,0.0389523446811336,-1.85523488111127,-0.0482582451214294
B23,tr_8::overall_order_sensitive,cv_train,2.0,M_null,test_talker_idB23.TUR.TUR,-2.00026999942614,0.459721463557232,-4.35104766253125,1.3548859356079e-05,-2.90132406799831,-1.09921593085396
B23,tr_8::overall_order_sensitive,cv_train,2.0,M_predictor,(Intercept),2.44740702941596,0.341632436423864,7.1638602441703,7.84363688638022e-13,1.77780745402518,3.11700660480673
B23,tr_8::overall_order_sensitive,cv_train,2.0,M_predictor,test_talker_idB23.FAR.FAR,-1.00646665178852,0.460189319759634,-2.18707086099742,0.0287373514406739,-1.9084377185174,-0.104495585059635
B23,tr_8::overall_order_sensitive,cv_train,2.0,M_predictor,test_talker_idB23.SPA.SPA,-0.951744165838257,0.461139067070402,-2.0638983634257,0.0390273539586069,-1.85557673729624,-0.0479115943802688
B23,tr_8::overall_order_sensitive,cv_train,2.0,M_predictor,test_talker_idB23.TUR.TUR,-2.00028522212551,0.459918916273103,-4.34921276631669,1.36627106547837e-05,-2.9017262980208,-1.09884414623023
B23,tr_8::overall_order_sensitive,cv_train,2.0,M_predictor,variability_z,-0.0361828553922061,0.0986884957390689,-0.366637013982593,0.713889794853808,-0.229612307040781,0.157246596256369
B23,tr_8::overall_order_sensitive,full,,M_condition,(Intercept),2.15500921522717,0.359145093947985,6.00038605995626,1.9684894092453802e-09,1.45108483108912,2.85893359936522
B23,tr_8::overall_order_sensitive,full,,M_condition,condition_idB23.b_FAR,0.286676132487048,0.290958775835012,0.985280927390235,0.324486098514997,-0.283603068149575,0.856955333123672
B23,tr_8::overall_order_sensitive,full,,M_condition,condition_idB23.b_SPA,0.265307977241502,0.262815640856884,1.00948321179246,0.312742949024237,-0.24981067883799,0.780426633320995
B23,tr_8::overall_order_sensitive,full,,M_condition,condition_idB23.b_TUR,-0.183357800279349,0.277239837001576,-0.661368879243376,0.508375778716754,-0.726747880802438,0.360032280243741
B23,tr_8::overall_order_sensitive,full,,M_condition,condition_idB23.c_noBRP,0.172422097829746,0.291067304196493,0.592378791241177,0.553596965183821,-0.39806981839538,0.742914014054872
B23,tr_8::overall_order_sensitive,full,,M_condition,condition_idB23.c_noFAR,0.167273314473871,0.299509687100788,0.558490498564682,0.576509490823182,-0.419765672243674,0.754312301191416
B23,tr_8::overall_order_sensitive,full,,M_condition,condition_idB23.c_noSPA,0.451069413287724,0.309773426631712,1.45612688019234,0.145357548014756,-0.156086502910431,1.05822532948588
B23,tr_8::overall_order_sensitive,full,,M_condition,condition_idB23.c_noTUR,0.49100146724397,0.291200462338146,1.68612873517286,0.0917710064055328,-0.0797514389387965,1.06175437342674
B23,tr_8::overall_order_sensitive,full,,M_condition,test_talker_idB23.FAR.FAR,-0.944388756646851,0.433558867313449,-2.1782249836078,0.0293892909240249,-1.79416413658121,-0.0946133767124924
B23,tr_8::overall_order_sensitive,full,,M_condition,test_talker_idB23.SPA.SPA,-0.917414703022129,0.433954085732105,-2.11408241836092,0.034508228561102,-1.76796471105705,-0.0668646949872029
B23,tr_8::overall_order_sensitive,full,,M_condition,test_talker_idB23.TUR.TUR,-1.89223710964451,0.433245182340952,-4.36758950075381,1.25625322666186e-05,-2.74139766703278,-1.04307655225624
B23,tr_8::overall_order_sensitive,full,,M_joint,(Intercept),0.702489043743184,0.560684775213814,1.25291264325002,0.21023750011144,-0.396453115675891,1.80143120316226
B23,tr_8::overall_order_sensitive,full,,M_joint,condition_idB23.b_FAR,0.422344141866864,0.281925913109798,1.49806783352469,0.134115627325139,-0.13023064782834,0.974918931562069
B23,tr_8::overall_order_sensitive,full,,M_joint,condition_idB23.b_SPA,16.5343778348106,4.87235327041378,3.39350964865617,0.0006900312763781,6.98456542479958,26.0841902448216
B23,tr_8::overall_order_sensitive,full,,M_joint,condition_idB23.b_TUR,-15.1131403808394,4.4745548566875,-3.37757405259024,0.0007312825984074,-23.8832678999469,-6.34301286173186
B23,tr_8::overall_order_sensitive,full,,M_joint,condition_idB23.c_noBRP,3.46784423867339,1.0236450252262,3.38774101686966,0.0007047077141237,1.46149998923003,5.47418848811675
B23,tr_8::overall_order_sensitive,full,,M_joint,condition_idB23.c_noFAR,4.437846441862,1.30894530295967,3.39039869108934,0.00069791044344,1.87231364806105,7.00337923566295
B23,tr_8::overall_order_sensitive,full,,M_joint,condition_idB23.c_noSPA,-4.3193415689909,1.45829010740188,-2.96192201199687,0.0030572521029614,-7.17759017949858,-1.46109295848322
B23,tr_8::overall_order_sensitive,full,,M_joint,condition_idB23.c_noTUR,3.86921250950829,1.04697943752513,3.69559551107747,0.0002193719909821,1.81713281195904,5.92129220705755
B23,tr_8::overall_order_sensitive,full,,M_joint,test_talker_idB23.FAR.FAR,-0.944551272452308,0.433504456877241,-2.17887326754702,0.0293410841599428,-1.7942200079317,-0.094882536972916
B23,tr_8::overall_order_sensitive,full,,M_joint,test_talker_idB23.SPA.SPA,-0.917567342260195,0.433987107474468,-2.11427327323123,0.0344919337296497,-1.76818207291015,-0.0669526116102385
B23,tr_8::overall_order_sensitive,full,,M_joint,test_talker_idB23.TUR.TUR,-1.89242001080462,0.433247351715014,-4.36798979454452,1.25395351326465e-05,-2.74158482016605,-1.04325520144319
B23,tr_8::overall_order_sensitive,full,,M_joint,variability_z,8.8311723410399,2.64200436812715,3.34260323244662,0.0008299647753321,3.65284377951069,14.0095009025691
B23,tr_8::overall_order_sensitive,full,,M_null,(Intercept),2.3410383984251,0.317712181470546,7.36842505562581,1.72655547077915e-13,1.71832252274283,2.96375427410737
B23,tr_8::overall_order_sensitive,full,,M_null,test_talker_idB23.FAR.FAR,-0.944266031665579,0.433978682640251,-2.1758350569683,0.0295675962922733,-1.79486424964047,-0.093667813690688
B23,tr_8::overall_order_sensitive,full,,M_null,test_talker_idB23.SPA.SPA,-0.917289334773626,0.434197924184003,-2.11260644900021,0.0346344662892849,-1.76831726617427,-0.0662614033729813
B23,tr_8::overall_order_sensitive,full,,M_null,test_talker_idB23.TUR.TUR,-1.89211787855339,0.433608395535599,-4.36365600397618,1.27906652307506e-05,-2.74199033380317,-1.04224542330362
B23,tr_8::overall_order_sensitive,full,,M_predictor,(Intercept),2.34103288006682,0.317310036534198,7.37774608593106,1.60991622794706e-13,1.71910520845979,2.96296055167385
B23,tr_8::overall_order_sensitive,full,,M_predictor,test_talker_idB23.FAR.FAR,-0.944245540787582,0.433376444371532,-2.17881140761329,0.0293456811620619,-1.79366337175579,-0.0948277098193786
B23,tr_8::overall_order_sensitive,full,,M_predictor,test_talker_idB23.SPA.SPA,-0.917272585850461,0.434112760521172,-2.11298231535335,0.0346022815548744,-1.76813359647196,-0.0664115752289636
B23,tr_8::overall_order_sensitive,full,,M_predictor,test_talker_idB23.TUR.TUR,-1.89210479289826,0.433427549560663,-4.36544653152797,1.26863332403657e-05,-2.74162279003716,-1.04258679575936
B23,tr_8::overall_order_sensitive,full,,M_predictor,variability_z,-0.101672888521247,0.077793223495635,-1.30696330544719,0.191225174137837,-0.254147606572692,0.0508018295301972
