dataset_id,feature_key,scope,fold,model_id,formula,optimizer,random_structure,random_policy,selection_reason,n_rows,fit_ok,singular,convergence,warnings,error,log_likelihood,deviance,AIC,n_observations
X21,cnn_2::overall,cv_train,0.0,M_condition,"cbind(response_correct, response_incorrect) ~ condition_id + test_talker_id + (1 | participant_id) + (1 | analysis_item_id)",bobyqa,participant_item_intercepts_with_fixed_talker_block,registered,primary registered structure accepted,10969,True,False,ok,,,-3888.82554571849,6218.68761449897,7795.65109143699,10969
X21,cnn_2::overall,cv_train,0.0,M_joint,"cbind(response_correct, response_incorrect) ~ condition_id + variability_z + test_talker_id + (1 | participant_id) + (1 | analysis_item_id)",bobyqa,participant_item_intercepts_with_fixed_talker_block,registered,primary registered structure accepted,10969,True,False,ok,,,-3888.65019203958,6218.71089104656,7797.30038407916,10969
X21,cnn_2::overall,cv_train,0.0,M_null,"cbind(response_correct, response_incorrect) ~ test_talker_id + (1 | participant_id) + (1 | analysis_item_id)",bobyqa,participant_item_intercepts_with_fixed_talker_block,registered,primary registered structure accepted,10969,True,False,ok,,,-3901.99124810197,6215.29617919678,7815.98249620393,10969
X21,cnn_2::overall,cv_train,0.0,M_predictor,"cbind(response_correct, response_incorrect) ~ variability_z + test_talker_id + (1 | participant_id) + (1 | analysis_item_id)",bobyqa,participant_item_intercepts_with_fixed_talker_block,registered,primary registered structure accepted,10969,True,False,ok,,,-3899.47122439347,6215.79933511696,7812.94244878693,10969
X21,cnn_2::overall,cv_train,1.0,M_condition,"cbind(response_correct, response_incorrect) ~ condition_id + test_talker_id + (1 | participant_id) + (1 | analysis_item_id)",bobyqa,participant_item_intercepts_with_fixed_talker_block,registered,primary registered structure accepted,10974,True,False,ok,,,-3677.83574739798,5836.41301413781,7373.67149479595,10974
X21,cnn_2::overall,cv_train,1.0,M_joint,"cbind(response_correct, response_incorrect) ~ condition_id + variability_z + test_talker_id + (1 | participant_id) + (1 | analysis_item_id)",bobyqa,participant_item_intercepts_with_fixed_talker_block,registered,primary registered structure accepted,10974,True,False,ok,,,-3676.72102070778,5836.09943339908,7373.44204141556,10974
X21,cnn_2::overall,cv_train,1.0,M_null,"cbind(response_correct, response_incorrect) ~ test_talker_id + (1 | participant_id) + (1 | analysis_item_id)",bobyqa,participant_item_intercepts_with_fixed_talker_block,registered,primary registered structure accepted,10974,True,False,ok,,,-3691.67924672808,5832.17756351935,7395.35849345616,10974
X21,cnn_2::overall,cv_train,1.0,M_predictor,"cbind(response_correct, response_incorrect) ~ variability_z + test_talker_id + (1 | participant_id) + (1 | analysis_item_id)",bobyqa,participant_item_intercepts_with_fixed_talker_block,registered,primary registered structure accepted,10974,True,False,ok,,,-3686.96636300961,5832.14043207193,7387.93272601922,10974
X21,cnn_2::overall,cv_train,2.0,M_condition,"cbind(response_correct, response_incorrect) ~ condition_id + test_talker_id + (1 | participant_id) + (1 | analysis_item_id)",bobyqa,participant_item_intercepts_with_fixed_talker_block,registered,primary registered structure accepted,11011,True,False,ok,,,-3653.11908853293,5743.97195770007,7324.23817706585,11011
X21,cnn_2::overall,cv_train,2.0,M_joint,"cbind(response_correct, response_incorrect) ~ condition_id + variability_z + test_talker_id + (1 | participant_id) + (1 | analysis_item_id)",bobyqa,participant_item_intercepts_with_fixed_talker_block,registered,primary registered structure accepted,11011,True,False,ok,,,-3650.90140297024,5744.46366866016,7321.80280594049,11011
X21,cnn_2::overall,cv_train,2.0,M_null,"cbind(response_correct, response_incorrect) ~ test_talker_id + (1 | participant_id) + (1 | analysis_item_id)",bobyqa,participant_item_intercepts_with_fixed_talker_block,registered,primary registered structure accepted,11011,True,False,ok,,,-3663.51475606588,5741.86826002167,7339.02951213176,11011
X21,cnn_2::overall,cv_train,2.0,M_predictor,"cbind(response_correct, response_incorrect) ~ variability_z + test_talker_id + (1 | participant_id) + (1 | analysis_item_id)",bobyqa,participant_item_intercepts_with_fixed_talker_block,registered,primary registered structure accepted,11011,True,False,ok,,,-3657.07694354602,5742.98972111587,7328.15388709204,11011
X21,cnn_2::overall,full,,M_condition,"cbind(response_correct, response_incorrect) ~ condition_id + test_talker_id + (1 | participant_id) + (1 | analysis_item_id)",bobyqa,participant_item_intercepts_with_fixed_talker_block,registered,primary registered structure accepted,16477,True,False,ok,,,-5487.18847211739,9033.02839874908,10992.3769442348,16477
X21,cnn_2::overall,full,,M_joint,"cbind(response_correct, response_incorrect) ~ condition_id + variability_z + test_talker_id + (1 | participant_id) + (1 | analysis_item_id)",bobyqa,participant_item_intercepts_with_fixed_talker_block,registered,primary registered structure accepted,16477,True,False,ok,,,-5485.83658135176,9032.94210219564,10991.6731627035,16477
X21,cnn_2::overall,full,,M_null,"cbind(response_correct, response_incorrect) ~ test_talker_id + (1 | participant_id) + (1 | analysis_item_id)",bobyqa,participant_item_intercepts_with_fixed_talker_block,registered,primary registered structure accepted,16477,True,False,ok,,,-5505.04464022924,9027.8945228987,11022.0892804585,16477
X21,cnn_2::overall,full,,M_predictor,"cbind(response_correct, response_incorrect) ~ variability_z + test_talker_id + (1 | participant_id) + (1 | analysis_item_id)",bobyqa,participant_item_intercepts_with_fixed_talker_block,registered,primary registered structure accepted,16477,True,False,ok,,,-5498.72086158072,9028.55048802676,11011.4417231614,16477
X21,cnn_2::overall_order_sensitive,cv_train,0.0,M_condition,"cbind(response_correct, response_incorrect) ~ condition_id + test_talker_id + (1 | participant_id) + (1 | analysis_item_id)",bobyqa,participant_item_intercepts_with_fixed_talker_block,registered,primary registered structure accepted,10969,True,False,ok,,,-3888.82554571849,6218.68761449897,7795.65109143699,10969
X21,cnn_2::overall_order_sensitive,cv_train,0.0,M_joint,"cbind(response_correct, response_incorrect) ~ condition_id + variability_z + test_talker_id + (1 | participant_id) + (1 | analysis_item_id)",bobyqa,participant_item_intercepts_with_fixed_talker_block,registered,primary registered structure accepted,10969,True,False,ok,,,-3888.77868959096,6218.66052659147,7797.55737918191,10969
X21,cnn_2::overall_order_sensitive,cv_train,0.0,M_null,"cbind(response_correct, response_incorrect) ~ test_talker_id + (1 | participant_id) + (1 | analysis_item_id)",bobyqa,participant_item_intercepts_with_fixed_talker_block,registered,primary registered structure accepted,10969,True,False,ok,,,-3901.99124810197,6215.29617919678,7815.98249620393,10969
X21,cnn_2::overall_order_sensitive,cv_train,0.0,M_predictor,"cbind(response_correct, response_incorrect) ~ variability_z + test_talker_id + (1 | participant_id) + (1 | analysis_item_id)",bobyqa,participant_item_intercepts_with_fixed_talker_block,registered,primary registered structure accepted,10969,True,False,ok,,,-3900.58038043003,6216.01967537033,7815.16076086005,10969
X21,cnn_2::overall_order_sensitive,cv_train,1.0,M_condition,"cbind(response_correct, response_incorrect) ~ condition_id + test_talker_id + (1 | participant_id) + (1 | analysis_item_id)",bobyqa,participant_item_intercepts_with_fixed_talker_block,registered,primary registered structure accepted,10974,True,False,ok,,,-3677.83574739798,5836.41301413781,7373.67149479595,10974
X21,cnn_2::overall_order_sensitive,cv_train,1.0,M_joint,"cbind(response_correct, response_incorrect) ~ condition_id + variability_z + test_talker_id + (1 | participant_id) + (1 | analysis_item_id)",bobyqa,participant_item_intercepts_with_fixed_talker_block,registered,primary registered structure accepted,10974,True,False,ok,,,-3677.1739255699,5836.21571953126,7374.34785113981,10974
X21,cnn_2::overall_order_sensitive,cv_train,1.0,M_null,"cbind(response_correct, response_incorrect) ~ test_talker_id + (1 | participant_id) + (1 | analysis_item_id)",bobyqa,participant_item_intercepts_with_fixed_talker_block,registered,primary registered structure accepted,10974,True,False,ok,,,-3691.67924672808,5832.17756351935,7395.35849345616,10974
X21,cnn_2::overall_order_sensitive,cv_train,1.0,M_predictor,"cbind(response_correct, response_incorrect) ~ variability_z + test_talker_id + (1 | participant_id) + (1 | analysis_item_id)",bobyqa,participant_item_intercepts_with_fixed_talker_block,registered,primary registered structure accepted,10974,True,False,ok,,,-3688.62550199449,5832.76922076899,7391.25100398897,10974
X21,cnn_2::overall_order_sensitive,cv_train,2.0,M_condition,"cbind(response_correct, response_incorrect) ~ condition_id + test_talker_id + (1 | participant_id) + (1 | analysis_item_id)",bobyqa,participant_item_intercepts_with_fixed_talker_block,registered,primary registered structure accepted,11011,True,False,ok,,,-3653.11908853293,5743.97195770007,7324.23817706585,11011
X21,cnn_2::overall_order_sensitive,cv_train,2.0,M_joint,"cbind(response_correct, response_incorrect) ~ condition_id + variability_z + test_talker_id + (1 | participant_id) + (1 | analysis_item_id)",bobyqa,participant_item_intercepts_with_fixed_talker_block,registered,primary registered structure accepted,11011,True,False,ok,,,-3652.76397015994,5743.84403320676,7325.52794031989,11011
X21,cnn_2::overall_order_sensitive,cv_train,2.0,M_null,"cbind(response_correct, response_incorrect) ~ test_talker_id + (1 | participant_id) + (1 | analysis_item_id)",bobyqa,participant_item_intercepts_with_fixed_talker_block,registered,primary registered structure accepted,11011,True,False,ok,,,-3663.51475606588,5741.86826002167,7339.02951213176,11011
X21,cnn_2::overall_order_sensitive,cv_train,2.0,M_predictor,"cbind(response_correct, response_incorrect) ~ variability_z + test_talker_id + (1 | participant_id) + (1 | analysis_item_id)",bobyqa,participant_item_intercepts_with_fixed_talker_block,registered,primary registered structure accepted,11011,True,False,ok,,,-3661.36897393275,5742.16548248925,7336.7379478655,11011
X21,cnn_2::overall_order_sensitive,full,,M_condition,"cbind(response_correct, response_incorrect) ~ condition_id + test_talker_id + (1 | participant_id) + (1 | analysis_item_id)",bobyqa,participant_item_intercepts_with_fixed_talker_block,registered,primary registered structure accepted,16477,True,False,ok,,,-5487.18847211739,9033.02839874908,10992.3769442348,16477
X21,cnn_2::overall_order_sensitive,full,,M_joint,"cbind(response_correct, response_incorrect) ~ condition_id + variability_z + test_talker_id + (1 | participant_id) + (1 | analysis_item_id)",bobyqa,participant_item_intercepts_with_fixed_talker_block,registered,primary registered structure accepted,16477,True,False,ok,,,-5486.97747050749,9032.9323795214,10993.954941015,16477
X21,cnn_2::overall_order_sensitive,full,,M_null,"cbind(response_correct, response_incorrect) ~ test_talker_id + (1 | participant_id) + (1 | analysis_item_id)",bobyqa,participant_item_intercepts_with_fixed_talker_block,registered,primary registered structure accepted,16477,True,False,ok,,,-5505.04464022924,9027.8945228987,11022.0892804585,16477
X21,cnn_2::overall_order_sensitive,full,,M_predictor,"cbind(response_correct, response_incorrect) ~ variability_z + test_talker_id + (1 | participant_id) + (1 | analysis_item_id)",bobyqa,participant_item_intercepts_with_fixed_talker_block,registered,primary registered structure accepted,16477,True,False,ok,,,-5501.97144481033,9028.71662779185,11017.9428896207,16477
X21,cnn_3::overall,cv_train,0.0,M_condition,"cbind(response_correct, response_incorrect) ~ condition_id + test_talker_id + (1 | participant_id) + (1 | analysis_item_id)",bobyqa,participant_item_intercepts_with_fixed_talker_block,registered,primary registered structure accepted,10969,True,False,ok,,,-3888.82554571849,6218.68761449897,7795.65109143699,10969
X21,cnn_3::overall,cv_train,0.0,M_joint,"cbind(response_correct, response_incorrect) ~ condition_id + variability_z + test_talker_id + (1 | participant_id) + (1 | analysis_item_id)",bobyqa,participant_item_intercepts_with_fixed_talker_block,registered,primary registered structure accepted,10969,True,False,ok,,,-3888.68626059312,6218.69386218631,7797.37252118623,10969
X21,cnn_3::overall,cv_train,0.0,M_null,"cbind(response_correct, response_incorrect) ~ test_talker_id + (1 | participant_id) + (1 | analysis_item_id)",bobyqa,participant_item_intercepts_with_fixed_talker_block,registered,primary registered structure accepted,10969,True,False,ok,,,-3901.99124810197,6215.29617919678,7815.98249620393,10969
X21,cnn_3::overall,cv_train,0.0,M_predictor,"cbind(response_correct, response_incorrect) ~ variability_z + test_talker_id + (1 | participant_id) + (1 | analysis_item_id)",bobyqa,participant_item_intercepts_with_fixed_talker_block,registered,primary registered structure accepted,10969,True,False,ok,,,-3901.75371918162,6215.30124119559,7817.50743836324,10969
X21,cnn_3::overall,cv_train,1.0,M_condition,"cbind(response_correct, response_incorrect) ~ condition_id + test_talker_id + (1 | participant_id) + (1 | analysis_item_id)",bobyqa,participant_item_intercepts_with_fixed_talker_block,registered,primary registered structure accepted,10974,True,False,ok,,,-3677.83574739798,5836.41301413781,7373.67149479595,10974
X21,cnn_3::overall,cv_train,1.0,M_joint,"cbind(response_correct, response_incorrect) ~ condition_id + variability_z + test_talker_id + (1 | participant_id) + (1 | analysis_item_id)",bobyqa,participant_item_intercepts_with_fixed_talker_block,registered,primary registered structure accepted,10974,True,False,ok,,,-3676.41037020371,5836.02025900186,7372.82074040741,10974
X21,cnn_3::overall,cv_train,1.0,M_null,"cbind(response_correct, response_incorrect) ~ test_talker_id + (1 | participant_id) + (1 | analysis_item_id)",bobyqa,participant_item_intercepts_with_fixed_talker_block,registered,primary registered structure accepted,10974,True,False,ok,,,-3691.67924672808,5832.17756351935,7395.35849345616,10974
X21,cnn_3::overall,cv_train,1.0,M_predictor,"cbind(response_correct, response_incorrect) ~ variability_z + test_talker_id + (1 | participant_id) + (1 | analysis_item_id)",bobyqa,participant_item_intercepts_with_fixed_talker_block,registered,primary registered structure accepted,10974,True,False,ok,,,-3690.17069192835,5831.73777318096,7394.3413838567,10974
X21,cnn_3::overall,cv_train,2.0,M_condition,"cbind(response_correct, response_incorrect) ~ condition_id + test_talker_id + (1 | participant_id) + (1 | analysis_item_id)",bobyqa,participant_item_intercepts_with_fixed_talker_block,registered,primary registered structure accepted,11011,True,False,ok,,,-3653.11908853293,5743.97195770007,7324.23817706585,11011
X21,cnn_3::overall,cv_train,2.0,M_joint,"cbind(response_correct, response_incorrect) ~ condition_id + variability_z + test_talker_id + (1 | participant_id) + (1 | analysis_item_id)",bobyqa,participant_item_intercepts_with_fixed_talker_block,registered,primary registered structure accepted,11011,True,False,ok,,,-3651.05331656857,5744.1698602994,7322.10663313714,11011
X21,cnn_3::overall,cv_train,2.0,M_null,"cbind(response_correct, response_incorrect) ~ test_talker_id + (1 | participant_id) + (1 | analysis_item_id)",bobyqa,participant_item_intercepts_with_fixed_talker_block,registered,primary registered structure accepted,11011,True,False,ok,,,-3663.51475606588,5741.86826002167,7339.02951213176,11011
X21,cnn_3::overall,cv_train,2.0,M_predictor,"cbind(response_correct, response_incorrect) ~ variability_z + test_talker_id + (1 | participant_id) + (1 | analysis_item_id)",bobyqa,participant_item_intercepts_with_fixed_talker_block,registered,primary registered structure accepted,11011,True,False,ok,,,-3660.94522471396,5741.79378407881,7335.89044942792,11011
X21,cnn_3::overall,full,,M_condition,"cbind(response_correct, response_incorrect) ~ condition_id + test_talker_id + (1 | participant_id) + (1 | analysis_item_id)",bobyqa,participant_item_intercepts_with_fixed_talker_block,registered,primary registered structure accepted,16477,True,False,ok,,,-5487.18847211739,9033.02839874908,10992.3769442348,16477
X21,cnn_3::overall,full,,M_joint,"cbind(response_correct, response_incorrect) ~ condition_id + variability_z + test_talker_id + (1 | participant_id) + (1 | analysis_item_id)",bobyqa,participant_item_intercepts_with_fixed_talker_block,registered,primary registered structure accepted,16477,True,False,ok,,,-5485.85147480491,9032.81600540268,10991.7029496098,16477
X21,cnn_3::overall,full,,M_null,"cbind(response_correct, response_incorrect) ~ test_talker_id + (1 | participant_id) + (1 | analysis_item_id)",bobyqa,participant_item_intercepts_with_fixed_talker_block,registered,primary registered structure accepted,16477,True,False,ok,,,-5505.04464022924,9027.8945228987,11022.0892804585,16477
X21,cnn_3::overall,full,,M_predictor,"cbind(response_correct, response_incorrect) ~ variability_z + test_talker_id + (1 | participant_id) + (1 | analysis_item_id)",bobyqa,participant_item_intercepts_with_fixed_talker_block,registered,primary registered structure accepted,16477,True,False,ok,,,-5503.39449092032,9027.58581761448,11020.7889818406,16477
X21,cnn_3::overall_order_sensitive,cv_train,0.0,M_condition,"cbind(response_correct, response_incorrect) ~ condition_id + test_talker_id + (1 | participant_id) + (1 | analysis_item_id)",bobyqa,participant_item_intercepts_with_fixed_talker_block,registered,primary registered structure accepted,10969,True,False,ok,,,-3888.82554571849,6218.68761449897,7795.65109143699,10969
X21,cnn_3::overall_order_sensitive,cv_train,0.0,M_joint,"cbind(response_correct, response_incorrect) ~ condition_id + variability_z + test_talker_id + (1 | participant_id) + (1 | analysis_item_id)",bobyqa,participant_item_intercepts_with_fixed_talker_block,registered,primary registered structure accepted,10969,True,False,ok,,,-3888.58993844179,6218.75095533948,7797.17987688358,10969
X21,cnn_3::overall_order_sensitive,cv_train,0.0,M_null,"cbind(response_correct, response_incorrect) ~ test_talker_id + (1 | participant_id) + (1 | analysis_item_id)",bobyqa,participant_item_intercepts_with_fixed_talker_block,registered,primary registered structure accepted,10969,True,False,ok,,,-3901.99124810197,6215.29617919678,7815.98249620393,10969
X21,cnn_3::overall_order_sensitive,cv_train,0.0,M_predictor,"cbind(response_correct, response_incorrect) ~ variability_z + test_talker_id + (1 | participant_id) + (1 | analysis_item_id)",bobyqa,participant_item_intercepts_with_fixed_talker_block,registered,primary registered structure accepted,10969,True,False,ok,,,-3901.83585664986,6215.36101658297,7817.67171329972,10969
X21,cnn_3::overall_order_sensitive,cv_train,1.0,M_condition,"cbind(response_correct, response_incorrect) ~ condition_id + test_talker_id + (1 | participant_id) + (1 | analysis_item_id)",bobyqa,participant_item_intercepts_with_fixed_talker_block,registered,primary registered structure accepted,10974,True,False,ok,,,-3677.83574739798,5836.41301413781,7373.67149479595,10974
X21,cnn_3::overall_order_sensitive,cv_train,1.0,M_joint,"cbind(response_correct, response_incorrect) ~ condition_id + variability_z + test_talker_id + (1 | participant_id) + (1 | analysis_item_id)",bobyqa,participant_item_intercepts_with_fixed_talker_block,registered,primary registered structure accepted,10974,True,False,ok,,,-3676.3188179255,5835.8777857753,7372.63763585099,10974
X21,cnn_3::overall_order_sensitive,cv_train,1.0,M_null,"cbind(response_correct, response_incorrect) ~ test_talker_id + (1 | participant_id) + (1 | analysis_item_id)",bobyqa,participant_item_intercepts_with_fixed_talker_block,registered,primary registered structure accepted,10974,True,False,ok,,,-3691.67924672808,5832.17756351935,7395.35849345616,10974
X21,cnn_3::overall_order_sensitive,cv_train,1.0,M_predictor,"cbind(response_correct, response_incorrect) ~ variability_z + test_talker_id + (1 | participant_id) + (1 | analysis_item_id)",bobyqa,participant_item_intercepts_with_fixed_talker_block,registered,primary registered structure accepted,10974,True,False,ok,,,-3690.95401434576,5831.98164323599,7395.90802869153,10974
X21,cnn_3::overall_order_sensitive,cv_train,2.0,M_condition,"cbind(response_correct, response_incorrect) ~ condition_id + test_talker_id + (1 | participant_id) + (1 | analysis_item_id)",bobyqa,participant_item_intercepts_with_fixed_talker_block,registered,primary registered structure accepted,11011,True,False,ok,,,-3653.11908853293,5743.97195770007,7324.23817706585,11011
X21,cnn_3::overall_order_sensitive,cv_train,2.0,M_joint,"cbind(response_correct, response_incorrect) ~ condition_id + variability_z + test_talker_id + (1 | participant_id) + (1 | analysis_item_id)",bobyqa,participant_item_intercepts_with_fixed_talker_block,registered,primary registered structure accepted,11011,True,False,ok,,,-3652.32046339828,5743.71556558016,7324.64092679655,11011
X21,cnn_3::overall_order_sensitive,cv_train,2.0,M_null,"cbind(response_correct, response_incorrect) ~ test_talker_id + (1 | participant_id) + (1 | analysis_item_id)",bobyqa,participant_item_intercepts_with_fixed_talker_block,registered,primary registered structure accepted,11011,True,False,ok,,,-3663.51475606588,5741.86826002167,7339.02951213176,11011
X21,cnn_3::overall_order_sensitive,cv_train,2.0,M_predictor,"cbind(response_correct, response_incorrect) ~ variability_z + test_talker_id + (1 | participant_id) + (1 | analysis_item_id)",bobyqa,participant_item_intercepts_with_fixed_talker_block,registered,primary registered structure accepted,11011,True,False,ok,,,-3663.28772863465,5741.70068517073,7340.5754572693,11011
X21,cnn_3::overall_order_sensitive,full,,M_condition,"cbind(response_correct, response_incorrect) ~ condition_id + test_talker_id + (1 | participant_id) + (1 | analysis_item_id)",bobyqa,participant_item_intercepts_with_fixed_talker_block,registered,primary registered structure accepted,16477,True,False,ok,,,-5487.18847211739,9033.02839874908,10992.3769442348,16477
X21,cnn_3::overall_order_sensitive,full,,M_joint,"cbind(response_correct, response_incorrect) ~ condition_id + variability_z + test_talker_id + (1 | participant_id) + (1 | analysis_item_id)",bobyqa,participant_item_intercepts_with_fixed_talker_block,registered,primary registered structure accepted,16477,True,False,ok,,,-5486.12262141663,9032.72524131906,10992.2452428333,16477
X21,cnn_3::overall_order_sensitive,full,,M_null,"cbind(response_correct, response_incorrect) ~ test_talker_id + (1 | participant_id) + (1 | analysis_item_id)",bobyqa,participant_item_intercepts_with_fixed_talker_block,registered,primary registered structure accepted,16477,True,False,ok,,,-5505.04464022924,9027.8945228987,11022.0892804585,16477
X21,cnn_3::overall_order_sensitive,full,,M_predictor,"cbind(response_correct, response_incorrect) ~ variability_z + test_talker_id + (1 | participant_id) + (1 | analysis_item_id)",bobyqa,participant_item_intercepts_with_fixed_talker_block,registered,primary registered structure accepted,16477,True,False,ok,,,-5504.60071984378,9027.75494577581,11023.2014396876,16477
X21,cnn_4::overall,cv_train,0.0,M_condition,"cbind(response_correct, response_incorrect) ~ condition_id + test_talker_id + (1 | participant_id) + (1 | analysis_item_id)",bobyqa,participant_item_intercepts_with_fixed_talker_block,registered,primary registered structure accepted,10969,True,False,ok,,,-3888.82554571849,6218.68761449897,7795.65109143699,10969
X21,cnn_4::overall,cv_train,0.0,M_joint,"cbind(response_correct, response_incorrect) ~ condition_id + variability_z + test_talker_id + (1 | participant_id) + (1 | analysis_item_id)",bobyqa,participant_item_intercepts_with_fixed_talker_block,registered,primary registered structure accepted,10969,True,False,ok,,,-3888.19471524338,6218.70458207036,7796.38943048676,10969
X21,cnn_4::overall,cv_train,0.0,M_null,"cbind(response_correct, response_incorrect) ~ test_talker_id + (1 | participant_id) + (1 | analysis_item_id)",bobyqa,participant_item_intercepts_with_fixed_talker_block,registered,primary registered structure accepted,10969,True,False,ok,,,-3901.99124810197,6215.29617919678,7815.98249620393,10969
X21,cnn_4::overall,cv_train,0.0,M_predictor,"cbind(response_correct, response_incorrect) ~ variability_z + test_talker_id + (1 | participant_id) + (1 | analysis_item_id)",bobyqa,participant_item_intercepts_with_fixed_talker_block,registered,primary registered structure accepted,10969,True,False,ok,,,-3901.07107335744,6215.85421319384,7816.14214671487,10969
X21,cnn_4::overall,cv_train,1.0,M_condition,"cbind(response_correct, response_incorrect) ~ condition_id + test_talker_id + (1 | participant_id) + (1 | analysis_item_id)",bobyqa,participant_item_intercepts_with_fixed_talker_block,registered,primary registered structure accepted,10974,True,False,ok,,,-3677.83574739798,5836.41301413781,7373.67149479595,10974
X21,cnn_4::overall,cv_train,1.0,M_joint,"cbind(response_correct, response_incorrect) ~ condition_id + variability_z + test_talker_id + (1 | participant_id) + (1 | analysis_item_id)",bobyqa,participant_item_intercepts_with_fixed_talker_block,registered,primary registered structure accepted,10974,True,False,ok,,,-3676.55642657588,5835.98191261192,7373.11285315175,10974
X21,cnn_4::overall,cv_train,1.0,M_null,"cbind(response_correct, response_incorrect) ~ test_talker_id + (1 | participant_id) + (1 | analysis_item_id)",bobyqa,participant_item_intercepts_with_fixed_talker_block,registered,primary registered structure accepted,10974,True,False,ok,,,-3691.67924672808,5832.17756351935,7395.35849345616,10974
X21,cnn_4::overall,cv_train,1.0,M_predictor,"cbind(response_correct, response_incorrect) ~ variability_z + test_talker_id + (1 | participant_id) + (1 | analysis_item_id)",bobyqa,participant_item_intercepts_with_fixed_talker_block,registered,primary registered structure accepted,10974,True,False,ok,,,-3691.35589996897,5832.80201277191,7396.71179993793,10974
X21,cnn_4::overall,cv_train,2.0,M_condition,"cbind(response_correct, response_incorrect) ~ condition_id + test_talker_id + (1 | participant_id) + (1 | analysis_item_id)",bobyqa,participant_item_intercepts_with_fixed_talker_block,registered,primary registered structure accepted,11011,True,False,ok,,,-3653.11908853293,5743.97195770007,7324.23817706585,11011
X21,cnn_4::overall,cv_train,2.0,M_joint,"cbind(response_correct, response_incorrect) ~ condition_id + variability_z + test_talker_id + (1 | participant_id) + (1 | analysis_item_id)",bobyqa,participant_item_intercepts_with_fixed_talker_block,registered,primary registered structure accepted,11011,True,False,ok,,,-3650.35372976994,5744.29225734015,7320.70745953987,11011
X21,cnn_4::overall,cv_train,2.0,M_null,"cbind(response_correct, response_incorrect) ~ test_talker_id + (1 | participant_id) + (1 | analysis_item_id)",bobyqa,participant_item_intercepts_with_fixed_talker_block,registered,primary registered structure accepted,11011,True,False,ok,,,-3663.51475606588,5741.86826002167,7339.02951213176,11011
X21,cnn_4::overall,cv_train,2.0,M_predictor,"cbind(response_correct, response_incorrect) ~ variability_z + test_talker_id + (1 | participant_id) + (1 | analysis_item_id)",bobyqa,participant_item_intercepts_with_fixed_talker_block,registered,primary registered structure accepted,11011,True,False,ok,,,-3663.44605423476,5741.69185854924,7340.89210846953,11011
X21,cnn_4::overall,full,,M_condition,"cbind(response_correct, response_incorrect) ~ condition_id + test_talker_id + (1 | participant_id) + (1 | analysis_item_id)",bobyqa,participant_item_intercepts_with_fixed_talker_block,registered,primary registered structure accepted,16477,True,False,ok,,,-5487.18847211739,9033.02839874908,10992.3769442348,16477
X21,cnn_4::overall,full,,M_joint,"cbind(response_correct, response_incorrect) ~ condition_id + variability_z + test_talker_id + (1 | participant_id) + (1 | analysis_item_id)",bobyqa,participant_item_intercepts_with_fixed_talker_block,registered,primary registered structure accepted,16477,True,False,ok,,,-5485.18043598765,9032.78669947155,10990.3608719753,16477
X21,cnn_4::overall,full,,M_null,"cbind(response_correct, response_incorrect) ~ test_talker_id + (1 | participant_id) + (1 | analysis_item_id)",bobyqa,participant_item_intercepts_with_fixed_talker_block,registered,primary registered structure accepted,16477,True,False,ok,,,-5505.04464022924,9027.8945228987,11022.0892804585,16477
X21,cnn_4::overall,full,,M_predictor,"cbind(response_correct, response_incorrect) ~ variability_z + test_talker_id + (1 | participant_id) + (1 | analysis_item_id)",bobyqa,participant_item_intercepts_with_fixed_talker_block,registered,primary registered structure accepted,16477,True,False,ok,,,-5504.7593922394,9028.46455166207,11023.5187844788,16477
X21,cnn_4::overall_order_sensitive,cv_train,0.0,M_condition,"cbind(response_correct, response_incorrect) ~ condition_id + test_talker_id + (1 | participant_id) + (1 | analysis_item_id)",bobyqa,participant_item_intercepts_with_fixed_talker_block,registered,primary registered structure accepted,10969,True,False,ok,,,-3888.82554571849,6218.68761449897,7795.65109143699,10969
X21,cnn_4::overall_order_sensitive,cv_train,0.0,M_joint,"cbind(response_correct, response_incorrect) ~ condition_id + variability_z + test_talker_id + (1 | participant_id) + (1 | analysis_item_id)",bobyqa,participant_item_intercepts_with_fixed_talker_block,registered,primary registered structure accepted,10969,True,False,ok,,,-3888.22422856828,6218.79462686696,7796.44845713655,10969
X21,cnn_4::overall_order_sensitive,cv_train,0.0,M_null,"cbind(response_correct, response_incorrect) ~ test_talker_id + (1 | participant_id) + (1 | analysis_item_id)",bobyqa,participant_item_intercepts_with_fixed_talker_block,registered,primary registered structure accepted,10969,True,False,ok,,,-3901.99124810197,6215.29617919678,7815.98249620393,10969
X21,cnn_4::overall_order_sensitive,cv_train,0.0,M_predictor,"cbind(response_correct, response_incorrect) ~ variability_z + test_talker_id + (1 | participant_id) + (1 | analysis_item_id)",bobyqa,participant_item_intercepts_with_fixed_talker_block,registered,primary registered structure accepted,10969,True,False,ok,,,-3901.25196035185,6215.62684412548,7816.5039207037,10969
X21,cnn_4::overall_order_sensitive,cv_train,1.0,M_condition,"cbind(response_correct, response_incorrect) ~ condition_id + test_talker_id + (1 | participant_id) + (1 | analysis_item_id)",bobyqa,participant_item_intercepts_with_fixed_talker_block,registered,primary registered structure accepted,10974,True,False,ok,,,-3677.83574739798,5836.41301413781,7373.67149479595,10974
X21,cnn_4::overall_order_sensitive,cv_train,1.0,M_joint,"cbind(response_correct, response_incorrect) ~ condition_id + variability_z + test_talker_id + (1 | participant_id) + (1 | analysis_item_id)",bobyqa,participant_item_intercepts_with_fixed_talker_block,registered,primary registered structure accepted,10974,True,False,ok,,,-3676.59218072923,5835.89485293913,7373.18436145847,10974
X21,cnn_4::overall_order_sensitive,cv_train,1.0,M_null,"cbind(response_correct, response_incorrect) ~ test_talker_id + (1 | participant_id) + (1 | analysis_item_id)",bobyqa,participant_item_intercepts_with_fixed_talker_block,registered,primary registered structure accepted,10974,True,False,ok,,,-3691.67924672808,5832.17756351935,7395.35849345616,10974
X21,cnn_4::overall_order_sensitive,cv_train,1.0,M_predictor,"cbind(response_correct, response_incorrect) ~ variability_z + test_talker_id + (1 | participant_id) + (1 | analysis_item_id)",bobyqa,participant_item_intercepts_with_fixed_talker_block,registered,primary registered structure accepted,10974,True,False,ok,,,-3691.3634645973,5832.70678265478,7396.72692919459,10974
X21,cnn_4::overall_order_sensitive,cv_train,2.0,M_condition,"cbind(response_correct, response_incorrect) ~ condition_id + test_talker_id + (1 | participant_id) + (1 | analysis_item_id)",bobyqa,participant_item_intercepts_with_fixed_talker_block,registered,primary registered structure accepted,11011,True,False,ok,,,-3653.11908853293,5743.97195770007,7324.23817706585,11011
X21,cnn_4::overall_order_sensitive,cv_train,2.0,M_joint,"cbind(response_correct, response_incorrect) ~ condition_id + variability_z + test_talker_id + (1 | participant_id) + (1 | analysis_item_id)",bobyqa,participant_item_intercepts_with_fixed_talker_block,registered,primary registered structure accepted,11011,True,False,ok,,,-3651.41102768359,5743.80947399999,7322.82205536719,11011
X21,cnn_4::overall_order_sensitive,cv_train,2.0,M_null,"cbind(response_correct, response_incorrect) ~ test_talker_id + (1 | participant_id) + (1 | analysis_item_id)",bobyqa,participant_item_intercepts_with_fixed_talker_block,registered,primary registered structure accepted,11011,True,False,ok,,,-3663.51475606588,5741.86826002167,7339.02951213176,11011
X21,cnn_4::overall_order_sensitive,cv_train,2.0,M_predictor,"cbind(response_correct, response_incorrect) ~ variability_z + test_talker_id + (1 | participant_id) + (1 | analysis_item_id)",bobyqa,participant_item_intercepts_with_fixed_talker_block,registered,primary registered structure accepted,11011,True,False,ok,,,-3663.47752002559,5742.0269081984,7340.95504005118,11011
X21,cnn_4::overall_order_sensitive,full,,M_condition,"cbind(response_correct, response_incorrect) ~ condition_id + test_talker_id + (1 | participant_id) + (1 | analysis_item_id)",bobyqa,participant_item_intercepts_with_fixed_talker_block,registered,primary registered structure accepted,16477,True,False,ok,,,-5487.18847211739,9033.02839874908,10992.3769442348,16477
X21,cnn_4::overall_order_sensitive,full,,M_joint,"cbind(response_correct, response_incorrect) ~ condition_id + variability_z + test_talker_id + (1 | participant_id) + (1 | analysis_item_id)",bobyqa,participant_item_intercepts_with_fixed_talker_block,registered,primary registered structure accepted,16477,True,False,ok,,,-5485.5681520545,9032.70166150194,10991.136304109,16477
X21,cnn_4::overall_order_sensitive,full,,M_null,"cbind(response_correct, response_incorrect) ~ test_talker_id + (1 | participant_id) + (1 | analysis_item_id)",bobyqa,participant_item_intercepts_with_fixed_talker_block,registered,primary registered structure accepted,16477,True,False,ok,,,-5505.04464022924,9027.8945228987,11022.0892804585,16477
X21,cnn_4::overall_order_sensitive,full,,M_predictor,"cbind(response_correct, response_incorrect) ~ variability_z + test_talker_id + (1 | participant_id) + (1 | analysis_item_id)",bobyqa,participant_item_intercepts_with_fixed_talker_block,registered,primary registered structure accepted,16477,True,False,ok,,,-5504.58424908151,9028.55350728395,11023.168498163,16477
X21,cnn_5::overall,cv_train,0.0,M_condition,"cbind(response_correct, response_incorrect) ~ condition_id + test_talker_id + (1 | participant_id) + (1 | analysis_item_id)",bobyqa,participant_item_intercepts_with_fixed_talker_block,registered,primary registered structure accepted,10969,True,False,ok,,,-3888.82554571849,6218.68761449897,7795.65109143699,10969
X21,cnn_5::overall,cv_train,0.0,M_joint,"cbind(response_correct, response_incorrect) ~ condition_id + variability_z + test_talker_id + (1 | participant_id) + (1 | analysis_item_id)",bobyqa,participant_item_intercepts_with_fixed_talker_block,registered,primary registered structure accepted,10969,True,False,ok,,,-3888.0944792478,6218.6529850659,7796.18895849561,10969
X21,cnn_5::overall,cv_train,0.0,M_null,"cbind(response_correct, response_incorrect) ~ test_talker_id + (1 | participant_id) + (1 | analysis_item_id)",bobyqa,participant_item_intercepts_with_fixed_talker_block,registered,primary registered structure accepted,10969,True,False,ok,,,-3901.99124810197,6215.29617919678,7815.98249620393,10969
X21,cnn_5::overall,cv_train,0.0,M_predictor,"cbind(response_correct, response_incorrect) ~ variability_z + test_talker_id + (1 | participant_id) + (1 | analysis_item_id)",bobyqa,participant_item_intercepts_with_fixed_talker_block,registered,primary registered structure accepted,10969,True,False,ok,,,-3901.41375151036,6215.74509812723,7816.82750302072,10969
X21,cnn_5::overall,cv_train,1.0,M_condition,"cbind(response_correct, response_incorrect) ~ condition_id + test_talker_id + (1 | participant_id) + (1 | analysis_item_id)",bobyqa,participant_item_intercepts_with_fixed_talker_block,registered,primary registered structure accepted,10974,True,False,ok,,,-3677.83574739798,5836.41301413781,7373.67149479595,10974
X21,cnn_5::overall,cv_train,1.0,M_joint,"cbind(response_correct, response_incorrect) ~ condition_id + variability_z + test_talker_id + (1 | participant_id) + (1 | analysis_item_id)",bobyqa,participant_item_intercepts_with_fixed_talker_block,registered,primary registered structure accepted,10974,True,False,ok,,,-3676.53260102656,5835.95022662213,7373.06520205312,10974
X21,cnn_5::overall,cv_train,1.0,M_null,"cbind(response_correct, response_incorrect) ~ test_talker_id + (1 | participant_id) + (1 | analysis_item_id)",bobyqa,participant_item_intercepts_with_fixed_talker_block,registered,primary registered structure accepted,10974,True,False,ok,,,-3691.67924672808,5832.17756351935,7395.35849345616,10974
X21,cnn_5::overall,cv_train,1.0,M_predictor,"cbind(response_correct, response_incorrect) ~ variability_z + test_talker_id + (1 | participant_id) + (1 | analysis_item_id)",bobyqa,participant_item_intercepts_with_fixed_talker_block,registered,primary registered structure accepted,10974,True,False,ok,,,-3691.50844694164,5832.63589385682,7397.01689388328,10974
X21,cnn_5::overall,cv_train,2.0,M_condition,"cbind(response_correct, response_incorrect) ~ condition_id + test_talker_id + (1 | participant_id) + (1 | analysis_item_id)",bobyqa,participant_item_intercepts_with_fixed_talker_block,registered,primary registered structure accepted,11011,True,False,ok,,,-3653.11908853293,5743.97195770007,7324.23817706585,11011
X21,cnn_5::overall,cv_train,2.0,M_joint,"cbind(response_correct, response_incorrect) ~ condition_id + variability_z + test_talker_id + (1 | participant_id) + (1 | analysis_item_id)",bobyqa,participant_item_intercepts_with_fixed_talker_block,registered,primary registered structure accepted,11011,True,False,ok,,,-3650.3463085654,5744.33162538113,7320.6926171308,11011
X21,cnn_5::overall,cv_train,2.0,M_null,"cbind(response_correct, response_incorrect) ~ test_talker_id + (1 | participant_id) + (1 | analysis_item_id)",bobyqa,participant_item_intercepts_with_fixed_talker_block,registered,primary registered structure accepted,11011,True,False,ok,,,-3663.51475606588,5741.86826002167,7339.02951213176,11011
X21,cnn_5::overall,cv_train,2.0,M_predictor,"cbind(response_correct, response_incorrect) ~ variability_z + test_talker_id + (1 | participant_id) + (1 | analysis_item_id)",bobyqa,participant_item_intercepts_with_fixed_talker_block,registered,primary registered structure accepted,11011,True,False,ok,,,-3663.3297831794,5741.61642109931,7340.65956635879,11011
X21,cnn_5::overall,full,,M_condition,"cbind(response_correct, response_incorrect) ~ condition_id + test_talker_id + (1 | participant_id) + (1 | analysis_item_id)",bobyqa,participant_item_intercepts_with_fixed_talker_block,registered,primary registered structure accepted,16477,True,False,ok,,,-5487.18847211739,9033.02839874908,10992.3769442348,16477
X21,cnn_5::overall,full,,M_joint,"cbind(response_correct, response_incorrect) ~ condition_id + variability_z + test_talker_id + (1 | participant_id) + (1 | analysis_item_id)",bobyqa,participant_item_intercepts_with_fixed_talker_block,registered,primary registered structure accepted,16477,True,False,ok,,,-5485.07464036128,9032.75150801361,10990.1492807226,16477
X21,cnn_5::overall,full,,M_null,"cbind(response_correct, response_incorrect) ~ test_talker_id + (1 | participant_id) + (1 | analysis_item_id)",bobyqa,participant_item_intercepts_with_fixed_talker_block,registered,primary registered structure accepted,16477,True,False,ok,,,-5505.04464022924,9027.8945228987,11022.0892804585,16477
X21,cnn_5::overall,full,,M_predictor,"cbind(response_correct, response_incorrect) ~ variability_z + test_talker_id + (1 | participant_id) + (1 | analysis_item_id)",bobyqa,participant_item_intercepts_with_fixed_talker_block,registered,primary registered structure accepted,16477,True,False,ok,,,-5504.94463506744,9028.22097330607,11023.8892701349,16477
X21,cnn_5::overall_order_sensitive,cv_train,0.0,M_condition,"cbind(response_correct, response_incorrect) ~ condition_id + test_talker_id + (1 | participant_id) + (1 | analysis_item_id)",bobyqa,participant_item_intercepts_with_fixed_talker_block,registered,primary registered structure accepted,10969,True,False,ok,,,-3888.82554571849,6218.68761449897,7795.65109143699,10969
X21,cnn_5::overall_order_sensitive,cv_train,0.0,M_joint,"cbind(response_correct, response_incorrect) ~ condition_id + variability_z + test_talker_id + (1 | participant_id) + (1 | analysis_item_id)",bobyqa,participant_item_intercepts_with_fixed_talker_block,registered,primary registered structure accepted,10969,True,False,ok,,,-3888.12090797377,6218.74252347222,7796.24181594754,10969
X21,cnn_5::overall_order_sensitive,cv_train,0.0,M_null,"cbind(response_correct, response_incorrect) ~ test_talker_id + (1 | participant_id) + (1 | analysis_item_id)",bobyqa,participant_item_intercepts_with_fixed_talker_block,registered,primary registered structure accepted,10969,True,False,ok,,,-3901.99124810197,6215.29617919678,7815.98249620393,10969
X21,cnn_5::overall_order_sensitive,cv_train,0.0,M_predictor,"cbind(response_correct, response_incorrect) ~ variability_z + test_talker_id + (1 | participant_id) + (1 | analysis_item_id)",bobyqa,participant_item_intercepts_with_fixed_talker_block,registered,primary registered structure accepted,10969,True,False,ok,,,-3901.59783561111,6215.54663764977,7817.19567122222,10969
X21,cnn_5::overall_order_sensitive,cv_train,1.0,M_condition,"cbind(response_correct, response_incorrect) ~ condition_id + test_talker_id + (1 | participant_id) + (1 | analysis_item_id)",bobyqa,participant_item_intercepts_with_fixed_talker_block,registered,primary registered structure accepted,10974,True,False,ok,,,-3677.83574739798,5836.41301413781,7373.67149479595,10974
X21,cnn_5::overall_order_sensitive,cv_train,1.0,M_joint,"cbind(response_correct, response_incorrect) ~ condition_id + variability_z + test_talker_id + (1 | participant_id) + (1 | analysis_item_id)",bobyqa,participant_item_intercepts_with_fixed_talker_block,registered,primary registered structure accepted,10974,True,False,ok,,,-3676.53857750414,5835.823249945,7373.07715500829,10974
X21,cnn_5::overall_order_sensitive,cv_train,1.0,M_null,"cbind(response_correct, response_incorrect) ~ test_talker_id + (1 | participant_id) + (1 | analysis_item_id)",bobyqa,participant_item_intercepts_with_fixed_talker_block,registered,primary registered structure accepted,10974,True,False,ok,,,-3691.67924672808,5832.17756351935,7395.35849345616,10974
X21,cnn_5::overall_order_sensitive,cv_train,1.0,M_predictor,"cbind(response_correct, response_incorrect) ~ variability_z + test_talker_id + (1 | participant_id) + (1 | analysis_item_id)",bobyqa,participant_item_intercepts_with_fixed_talker_block,registered,primary registered structure accepted,10974,True,False,ok,,,-3691.57085429338,5832.48609622296,7397.14170858677,10974
X21,cnn_5::overall_order_sensitive,cv_train,2.0,M_condition,"cbind(response_correct, response_incorrect) ~ condition_id + test_talker_id + (1 | participant_id) + (1 | analysis_item_id)",bobyqa,participant_item_intercepts_with_fixed_talker_block,registered,primary registered structure accepted,11011,True,False,ok,,,-3653.11908853293,5743.97195770007,7324.23817706585,11011
X21,cnn_5::overall_order_sensitive,cv_train,2.0,M_joint,"cbind(response_correct, response_incorrect) ~ condition_id + variability_z + test_talker_id + (1 | participant_id) + (1 | analysis_item_id)",bobyqa,participant_item_intercepts_with_fixed_talker_block,registered,primary registered structure accepted,11011,True,False,ok,,,-3651.07348185691,5743.88020186815,7322.14696371382,11011
X21,cnn_5::overall_order_sensitive,cv_train,2.0,M_null,"cbind(response_correct, response_incorrect) ~ test_talker_id + (1 | participant_id) + (1 | analysis_item_id)",bobyqa,participant_item_intercepts_with_fixed_talker_block,registered,primary registered structure accepted,11011,True,False,ok,,,-3663.51475606588,5741.86826002167,7339.02951213176,11011
X21,cnn_5::overall_order_sensitive,cv_train,2.0,M_predictor,"cbind(response_correct, response_incorrect) ~ variability_z + test_talker_id + (1 | participant_id) + (1 | analysis_item_id)",bobyqa,participant_item_intercepts_with_fixed_talker_block,registered,primary registered structure accepted,11011,True,False,ok,,,-3663.49564044507,5741.76941092829,7340.99128089013,11011
X21,cnn_5::overall_order_sensitive,full,,M_condition,"cbind(response_correct, response_incorrect) ~ condition_id + test_talker_id + (1 | participant_id) + (1 | analysis_item_id)",bobyqa,participant_item_intercepts_with_fixed_talker_block,registered,primary registered structure accepted,16477,True,False,ok,,,-5487.18847211739,9033.02839874908,10992.3769442348,16477
X21,cnn_5::overall_order_sensitive,full,,M_joint,"cbind(response_correct, response_incorrect) ~ condition_id + variability_z + test_talker_id + (1 | participant_id) + (1 | analysis_item_id)",bobyqa,participant_item_intercepts_with_fixed_talker_block,registered,primary registered structure accepted,16477,True,False,ok,,,-5485.34595171607,9032.62575422857,10990.6919034321,16477
X21,cnn_5::overall_order_sensitive,full,,M_null,"cbind(response_correct, response_incorrect) ~ test_talker_id + (1 | participant_id) + (1 | analysis_item_id)",bobyqa,participant_item_intercepts_with_fixed_talker_block,registered,primary registered structure accepted,16477,True,False,ok,,,-5505.04464022924,9027.8945228987,11022.0892804585,16477
X21,cnn_5::overall_order_sensitive,full,,M_predictor,"cbind(response_correct, response_incorrect) ~ variability_z + test_talker_id + (1 | participant_id) + (1 | analysis_item_id)",bobyqa,participant_item_intercepts_with_fixed_talker_block,registered,primary registered structure accepted,16477,True,False,ok,,,-5504.91802065086,9028.22844679729,11023.8360413017,16477
X21,cnn_6::overall,cv_train,0.0,M_condition,"cbind(response_correct, response_incorrect) ~ condition_id + test_talker_id + (1 | participant_id) + (1 | analysis_item_id)",bobyqa,participant_item_intercepts_with_fixed_talker_block,registered,primary registered structure accepted,10969,True,False,ok,,,-3888.82554571849,6218.68761449897,7795.65109143699,10969
X21,cnn_6::overall,cv_train,0.0,M_joint,"cbind(response_correct, response_incorrect) ~ condition_id + variability_z + test_talker_id + (1 | participant_id) + (1 | analysis_item_id)",bobyqa,participant_item_intercepts_with_fixed_talker_block,registered,primary registered structure accepted,10969,True,False,ok,,,-3888.8195679601,6218.67808500955,7797.63913592021,10969
X21,cnn_6::overall,cv_train,0.0,M_null,"cbind(response_correct, response_incorrect) ~ test_talker_id + (1 | participant_id) + (1 | analysis_item_id)",bobyqa,participant_item_intercepts_with_fixed_talker_block,registered,primary registered structure accepted,10969,True,False,ok,,,-3901.99124810197,6215.29617919678,7815.98249620393,10969
X21,cnn_6::overall,cv_train,0.0,M_predictor,"cbind(response_correct, response_incorrect) ~ variability_z + test_talker_id + (1 | participant_id) + (1 | analysis_item_id)",bobyqa,participant_item_intercepts_with_fixed_talker_block,registered,primary registered structure accepted,10969,True,False,ok,,,-3898.85080545395,6216.40405814303,7811.7016109079,10969
X21,cnn_6::overall,cv_train,1.0,M_condition,"cbind(response_correct, response_incorrect) ~ condition_id + test_talker_id + (1 | participant_id) + (1 | analysis_item_id)",bobyqa,participant_item_intercepts_with_fixed_talker_block,registered,primary registered structure accepted,10974,True,False,ok,,,-3677.83574739798,5836.41301413781,7373.67149479595,10974
X21,cnn_6::overall,cv_train,1.0,M_joint,"cbind(response_correct, response_incorrect) ~ condition_id + variability_z + test_talker_id + (1 | participant_id) + (1 | analysis_item_id)",bobyqa,participant_item_intercepts_with_fixed_talker_block,registered,primary registered structure accepted,10974,True,False,ok,,,-3677.23188122882,5836.29668216304,7374.46376245765,10974
X21,cnn_6::overall,cv_train,1.0,M_null,"cbind(response_correct, response_incorrect) ~ test_talker_id + (1 | participant_id) + (1 | analysis_item_id)",bobyqa,participant_item_intercepts_with_fixed_talker_block,registered,primary registered structure accepted,10974,True,False,ok,,,-3691.67924672808,5832.17756351935,7395.35849345616,10974
X21,cnn_6::overall,cv_train,1.0,M_predictor,"cbind(response_correct, response_incorrect) ~ variability_z + test_talker_id + (1 | participant_id) + (1 | analysis_item_id)",bobyqa,participant_item_intercepts_with_fixed_talker_block,registered,primary registered structure accepted,10974,True,False,ok,,,-3686.46149059628,5832.73667149745,7386.92298119255,10974
X21,cnn_6::overall,cv_train,2.0,M_condition,"cbind(response_correct, response_incorrect) ~ condition_id + test_talker_id + (1 | participant_id) + (1 | analysis_item_id)",bobyqa,participant_item_intercepts_with_fixed_talker_block,registered,primary registered structure accepted,11011,True,False,ok,,,-3653.11908853293,5743.97195770007,7324.23817706585,11011
X21,cnn_6::overall,cv_train,2.0,M_joint,"cbind(response_correct, response_incorrect) ~ condition_id + variability_z + test_talker_id + (1 | participant_id) + (1 | analysis_item_id)",bobyqa,participant_item_intercepts_with_fixed_talker_block,registered,primary registered structure accepted,11011,True,False,ok,,,-3651.59121004925,5744.46289948819,7323.18242009851,11011
X21,cnn_6::overall,cv_train,2.0,M_null,"cbind(response_correct, response_incorrect) ~ test_talker_id + (1 | participant_id) + (1 | analysis_item_id)",bobyqa,participant_item_intercepts_with_fixed_talker_block,registered,primary registered structure accepted,11011,True,False,ok,,,-3663.51475606588,5741.86826002167,7339.02951213176,11011
X21,cnn_6::overall,cv_train,2.0,M_predictor,"cbind(response_correct, response_incorrect) ~ variability_z + test_talker_id + (1 | participant_id) + (1 | analysis_item_id)",bobyqa,participant_item_intercepts_with_fixed_talker_block,registered,primary registered structure accepted,11011,True,False,ok,,,-3656.67012010869,5743.81252077586,7327.34024021738,11011
X21,cnn_6::overall,full,,M_condition,"cbind(response_correct, response_incorrect) ~ condition_id + test_talker_id + (1 | participant_id) + (1 | analysis_item_id)",bobyqa,participant_item_intercepts_with_fixed_talker_block,registered,primary registered structure accepted,16477,True,False,ok,,,-5487.18847211739,9033.02839874908,10992.3769442348,16477
X21,cnn_6::overall,full,,M_joint,"cbind(response_correct, response_incorrect) ~ condition_id + variability_z + test_talker_id + (1 | participant_id) + (1 | analysis_item_id)",bobyqa,participant_item_intercepts_with_fixed_talker_block,registered,primary registered structure accepted,16477,True,False,ok,,,-5486.61107860327,9033.06613662014,10993.2221572065,16477
X21,cnn_6::overall,full,,M_null,"cbind(response_correct, response_incorrect) ~ test_talker_id + (1 | participant_id) + (1 | analysis_item_id)",bobyqa,participant_item_intercepts_with_fixed_talker_block,registered,primary registered structure accepted,16477,True,False,ok,,,-5505.04464022924,9027.8945228987,11022.0892804585,16477
X21,cnn_6::overall,full,,M_predictor,"cbind(response_correct, response_incorrect) ~ variability_z + test_talker_id + (1 | participant_id) + (1 | analysis_item_id)",bobyqa,participant_item_intercepts_with_fixed_talker_block,registered,primary registered structure accepted,16477,True,False,ok,,,-5497.92579338802,9029.62315102514,11009.851586776,16477
X21,cnn_6::overall_order_sensitive,cv_train,0.0,M_condition,"cbind(response_correct, response_incorrect) ~ condition_id + test_talker_id + (1 | participant_id) + (1 | analysis_item_id)",bobyqa,participant_item_intercepts_with_fixed_talker_block,registered,primary registered structure accepted,10969,True,False,ok,,,-3888.82554571849,6218.68761449897,7795.65109143699,10969
X21,cnn_6::overall_order_sensitive,cv_train,0.0,M_joint,"cbind(response_correct, response_incorrect) ~ condition_id + variability_z + test_talker_id + (1 | participant_id) + (1 | analysis_item_id)",bobyqa,participant_item_intercepts_with_fixed_talker_block,registered,primary registered structure accepted,10969,True,False,ok,,,-3888.82410294393,6218.67892450954,7797.64820588786,10969
X21,cnn_6::overall_order_sensitive,cv_train,0.0,M_null,"cbind(response_correct, response_incorrect) ~ test_talker_id + (1 | participant_id) + (1 | analysis_item_id)",bobyqa,participant_item_intercepts_with_fixed_talker_block,registered,primary registered structure accepted,10969,True,False,ok,,,-3901.99124810197,6215.29617919678,7815.98249620393,10969
X21,cnn_6::overall_order_sensitive,cv_train,0.0,M_predictor,"cbind(response_correct, response_incorrect) ~ variability_z + test_talker_id + (1 | participant_id) + (1 | analysis_item_id)",bobyqa,participant_item_intercepts_with_fixed_talker_block,registered,primary registered structure accepted,10969,True,False,ok,,,-3897.32491588125,6217.26844421914,7808.64983176249,10969
X21,cnn_6::overall_order_sensitive,cv_train,1.0,M_condition,"cbind(response_correct, response_incorrect) ~ condition_id + test_talker_id + (1 | participant_id) + (1 | analysis_item_id)",bobyqa,participant_item_intercepts_with_fixed_talker_block,registered,primary registered structure accepted,10974,True,False,ok,,,-3677.83574739798,5836.41301413781,7373.67149479595,10974
X21,cnn_6::overall_order_sensitive,cv_train,1.0,M_joint,"cbind(response_correct, response_incorrect) ~ condition_id + variability_z + test_talker_id + (1 | participant_id) + (1 | analysis_item_id)",bobyqa,participant_item_intercepts_with_fixed_talker_block,registered,primary registered structure accepted,10974,True,False,ok,,,-3677.09745149111,5836.09502241956,7374.19490298222,10974
X21,cnn_6::overall_order_sensitive,cv_train,1.0,M_null,"cbind(response_correct, response_incorrect) ~ test_talker_id + (1 | participant_id) + (1 | analysis_item_id)",bobyqa,participant_item_intercepts_with_fixed_talker_block,registered,primary registered structure accepted,10974,True,False,ok,,,-3691.67924672808,5832.17756351935,7395.35849345616,10974
X21,cnn_6::overall_order_sensitive,cv_train,1.0,M_predictor,"cbind(response_correct, response_incorrect) ~ variability_z + test_talker_id + (1 | participant_id) + (1 | analysis_item_id)",bobyqa,participant_item_intercepts_with_fixed_talker_block,registered,primary registered structure accepted,10974,True,False,ok,,,-3684.94512433827,5834.05190453339,7383.89024867655,10974
X21,cnn_6::overall_order_sensitive,cv_train,2.0,M_condition,"cbind(response_correct, response_incorrect) ~ condition_id + test_talker_id + (1 | participant_id) + (1 | analysis_item_id)",bobyqa,participant_item_intercepts_with_fixed_talker_block,registered,primary registered structure accepted,11011,True,False,ok,,,-3653.11908853293,5743.97195770007,7324.23817706585,11011
X21,cnn_6::overall_order_sensitive,cv_train,2.0,M_joint,"cbind(response_correct, response_incorrect) ~ condition_id + variability_z + test_talker_id + (1 | participant_id) + (1 | analysis_item_id)",bobyqa,participant_item_intercepts_with_fixed_talker_block,registered,primary registered structure accepted,11011,True,False,ok,,,-3652.56090777497,5744.03365999305,7325.12181554995,11011
X21,cnn_6::overall_order_sensitive,cv_train,2.0,M_null,"cbind(response_correct, response_incorrect) ~ test_talker_id + (1 | participant_id) + (1 | analysis_item_id)",bobyqa,participant_item_intercepts_with_fixed_talker_block,registered,primary registered structure accepted,11011,True,False,ok,,,-3663.51475606588,5741.86826002167,7339.02951213176,11011
X21,cnn_6::overall_order_sensitive,cv_train,2.0,M_predictor,"cbind(response_correct, response_incorrect) ~ variability_z + test_talker_id + (1 | participant_id) + (1 | analysis_item_id)",bobyqa,participant_item_intercepts_with_fixed_talker_block,registered,primary registered structure accepted,11011,True,False,ok,,,-3659.2949561131,5743.39897415243,7332.58991222621,11011
X21,cnn_6::overall_order_sensitive,full,,M_condition,"cbind(response_correct, response_incorrect) ~ condition_id + test_talker_id + (1 | participant_id) + (1 | analysis_item_id)",bobyqa,participant_item_intercepts_with_fixed_talker_block,registered,primary registered structure accepted,16477,True,False,ok,,,-5487.18847211739,9033.02839874908,10992.3769442348,16477
X21,cnn_6::overall_order_sensitive,full,,M_joint,"cbind(response_correct, response_incorrect) ~ condition_id + variability_z + test_talker_id + (1 | participant_id) + (1 | analysis_item_id)",bobyqa,participant_item_intercepts_with_fixed_talker_block,registered,primary registered structure accepted,16477,True,False,ok,,,-5486.77282996321,9032.97126170254,10993.5456599264,16477
X21,cnn_6::overall_order_sensitive,full,,M_null,"cbind(response_correct, response_incorrect) ~ test_talker_id + (1 | participant_id) + (1 | analysis_item_id)",bobyqa,participant_item_intercepts_with_fixed_talker_block,registered,primary registered structure accepted,16477,True,False,ok,,,-5505.04464022924,9027.8945228987,11022.0892804585,16477
X21,cnn_6::overall_order_sensitive,full,,M_predictor,"cbind(response_correct, response_incorrect) ~ variability_z + test_talker_id + (1 | participant_id) + (1 | analysis_item_id)",bobyqa,participant_item_intercepts_with_fixed_talker_block,registered,primary registered structure accepted,16477,True,False,ok,,,-5497.48418715009,9030.6509798882,11008.9683743002,16477
X21,tr_0::overall,cv_train,0.0,M_condition,"cbind(response_correct, response_incorrect) ~ condition_id + test_talker_id + (1 | participant_id) + (1 | analysis_item_id)",bobyqa,participant_item_intercepts_with_fixed_talker_block,registered,primary registered structure accepted,10969,True,False,ok,,,-3888.82554571849,6218.68761449897,7795.65109143699,10969
X21,tr_0::overall,cv_train,0.0,M_joint,"cbind(response_correct, response_incorrect) ~ condition_id + variability_z + test_talker_id + (1 | participant_id) + (1 | analysis_item_id)",bobyqa,participant_item_intercepts_with_fixed_talker_block,registered,primary registered structure accepted,10969,True,False,ok,,,-3888.4895023033,6218.66776724249,7796.97900460659,10969
X21,tr_0::overall,cv_train,0.0,M_null,"cbind(response_correct, response_incorrect) ~ test_talker_id + (1 | participant_id) + (1 | analysis_item_id)",bobyqa,participant_item_intercepts_with_fixed_talker_block,registered,primary registered structure accepted,10969,True,False,ok,,,-3901.99124810197,6215.29617919678,7815.98249620393,10969
X21,tr_0::overall,cv_train,0.0,M_predictor,"cbind(response_correct, response_incorrect) ~ variability_z + test_talker_id + (1 | participant_id) + (1 | analysis_item_id)",bobyqa,participant_item_intercepts_with_fixed_talker_block,registered,primary registered structure accepted,10969,True,False,ok,,,-3898.84993153812,6216.63246493785,7811.69986307623,10969
X21,tr_0::overall,cv_train,1.0,M_condition,"cbind(response_correct, response_incorrect) ~ condition_id + test_talker_id + (1 | participant_id) + (1 | analysis_item_id)",bobyqa,participant_item_intercepts_with_fixed_talker_block,registered,primary registered structure accepted,10974,True,False,ok,,,-3677.83574739798,5836.41301413781,7373.67149479595,10974
X21,tr_0::overall,cv_train,1.0,M_joint,"cbind(response_correct, response_incorrect) ~ condition_id + variability_z + test_talker_id + (1 | participant_id) + (1 | analysis_item_id)",bobyqa,participant_item_intercepts_with_fixed_talker_block,registered,primary registered structure accepted,10974,True,False,ok,,,-3676.80587575853,5836.02990526578,7373.61175151706,10974
X21,tr_0::overall,cv_train,1.0,M_null,"cbind(response_correct, response_incorrect) ~ test_talker_id + (1 | participant_id) + (1 | analysis_item_id)",bobyqa,participant_item_intercepts_with_fixed_talker_block,registered,primary registered structure accepted,10974,True,False,ok,,,-3691.67924672808,5832.17756351935,7395.35849345616,10974
X21,tr_0::overall,cv_train,1.0,M_predictor,"cbind(response_correct, response_incorrect) ~ variability_z + test_talker_id + (1 | participant_id) + (1 | analysis_item_id)",bobyqa,participant_item_intercepts_with_fixed_talker_block,registered,primary registered structure accepted,10974,True,False,ok,,,-3690.04420377996,5833.79161303071,7394.08840755993,10974
X21,tr_0::overall,cv_train,2.0,M_condition,"cbind(response_correct, response_incorrect) ~ condition_id + test_talker_id + (1 | participant_id) + (1 | analysis_item_id)",bobyqa,participant_item_intercepts_with_fixed_talker_block,registered,primary registered structure accepted,11011,True,False,ok,,,-3653.11908853293,5743.97195770007,7324.23817706585,11011
X21,tr_0::overall,cv_train,2.0,M_joint,"cbind(response_correct, response_incorrect) ~ condition_id + variability_z + test_talker_id + (1 | participant_id) + (1 | analysis_item_id)",bobyqa,participant_item_intercepts_with_fixed_talker_block,registered,primary registered structure accepted,11011,True,False,ok,,,-3650.559503656,5744.41995350063,7321.11900731201,11011
X21,tr_0::overall,cv_train,2.0,M_null,"cbind(response_correct, response_incorrect) ~ test_talker_id + (1 | participant_id) + (1 | analysis_item_id)",bobyqa,participant_item_intercepts_with_fixed_talker_block,registered,primary registered structure accepted,11011,True,False,ok,,,-3663.51475606588,5741.86826002167,7339.02951213176,11011
X21,tr_0::overall,cv_train,2.0,M_predictor,"cbind(response_correct, response_incorrect) ~ variability_z + test_talker_id + (1 | participant_id) + (1 | analysis_item_id)",bobyqa,participant_item_intercepts_with_fixed_talker_block,registered,primary registered structure accepted,11011,True,False,ok,,,-3663.40132197095,5742.1122433127,7340.80264394191,11011
X21,tr_0::overall,full,,M_condition,"cbind(response_correct, response_incorrect) ~ condition_id + test_talker_id + (1 | participant_id) + (1 | analysis_item_id)",bobyqa,participant_item_intercepts_with_fixed_talker_block,registered,primary registered structure accepted,16477,True,False,ok,,,-5487.18847211739,9033.02839874908,10992.3769442348,16477
X21,tr_0::overall,full,,M_joint,"cbind(response_correct, response_incorrect) ~ condition_id + variability_z + test_talker_id + (1 | participant_id) + (1 | analysis_item_id)",bobyqa,participant_item_intercepts_with_fixed_talker_block,registered,primary registered structure accepted,16477,True,False,ok,,,-5485.59004910757,9032.83367133534,10991.1800982151,16477
X21,tr_0::overall,full,,M_null,"cbind(response_correct, response_incorrect) ~ test_talker_id + (1 | participant_id) + (1 | analysis_item_id)",bobyqa,participant_item_intercepts_with_fixed_talker_block,registered,primary registered structure accepted,16477,True,False,ok,,,-5505.04464022924,9027.8945228987,11022.0892804585,16477
X21,tr_0::overall,full,,M_predictor,"cbind(response_correct, response_incorrect) ~ variability_z + test_talker_id + (1 | participant_id) + (1 | analysis_item_id)",bobyqa,participant_item_intercepts_with_fixed_talker_block,registered,primary registered structure accepted,16477,True,False,ok,,,-5503.1361617686,9029.59423311545,11020.2723235372,16477
X21,tr_0::overall_order_sensitive,cv_train,0.0,M_condition,"cbind(response_correct, response_incorrect) ~ condition_id + test_talker_id + (1 | participant_id) + (1 | analysis_item_id)",bobyqa,participant_item_intercepts_with_fixed_talker_block,registered,primary registered structure accepted,10969,True,False,ok,,,-3888.82554571849,6218.68761449897,7795.65109143699,10969
X21,tr_0::overall_order_sensitive,cv_train,0.0,M_joint,"cbind(response_correct, response_incorrect) ~ condition_id + variability_z + test_talker_id + (1 | participant_id) + (1 | analysis_item_id)",bobyqa,participant_item_intercepts_with_fixed_talker_block,registered,primary registered structure accepted,10969,True,False,ok,,,-3888.49082063053,6218.69633281717,7796.98164126106,10969
X21,tr_0::overall_order_sensitive,cv_train,0.0,M_null,"cbind(response_correct, response_incorrect) ~ test_talker_id + (1 | participant_id) + (1 | analysis_item_id)",bobyqa,participant_item_intercepts_with_fixed_talker_block,registered,primary registered structure accepted,10969,True,False,ok,,,-3901.99124810197,6215.29617919678,7815.98249620393,10969
X21,tr_0::overall_order_sensitive,cv_train,0.0,M_predictor,"cbind(response_correct, response_incorrect) ~ variability_z + test_talker_id + (1 | participant_id) + (1 | analysis_item_id)",bobyqa,participant_item_intercepts_with_fixed_talker_block,registered,primary registered structure accepted,10969,True,False,ok,,,-3901.44852036417,6215.53613455079,7816.89704072835,10969
X21,tr_0::overall_order_sensitive,cv_train,1.0,M_condition,"cbind(response_correct, response_incorrect) ~ condition_id + test_talker_id + (1 | participant_id) + (1 | analysis_item_id)",bobyqa,participant_item_intercepts_with_fixed_talker_block,registered,primary registered structure accepted,10974,True,False,ok,,,-3677.83574739798,5836.41301413781,7373.67149479595,10974
X21,tr_0::overall_order_sensitive,cv_train,1.0,M_joint,"cbind(response_correct, response_incorrect) ~ condition_id + variability_z + test_talker_id + (1 | participant_id) + (1 | analysis_item_id)",bobyqa,participant_item_intercepts_with_fixed_talker_block,registered,primary registered structure accepted,10974,True,False,ok,,,-3676.24610226193,5835.62464622066,7372.49220452386,10974
X21,tr_0::overall_order_sensitive,cv_train,1.0,M_null,"cbind(response_correct, response_incorrect) ~ test_talker_id + (1 | participant_id) + (1 | analysis_item_id)",bobyqa,participant_item_intercepts_with_fixed_talker_block,registered,primary registered structure accepted,10974,True,False,ok,,,-3691.67924672808,5832.17756351935,7395.35849345616,10974
X21,tr_0::overall_order_sensitive,cv_train,1.0,M_predictor,"cbind(response_correct, response_incorrect) ~ variability_z + test_talker_id + (1 | participant_id) + (1 | analysis_item_id)",bobyqa,participant_item_intercepts_with_fixed_talker_block,registered,primary registered structure accepted,10974,True,False,ok,,,-3691.60743936365,5832.41190650389,7397.21487872729,10974
X21,tr_0::overall_order_sensitive,cv_train,2.0,M_condition,"cbind(response_correct, response_incorrect) ~ condition_id + test_talker_id + (1 | participant_id) + (1 | analysis_item_id)",bobyqa,participant_item_intercepts_with_fixed_talker_block,registered,primary registered structure accepted,11011,True,False,ok,,,-3653.11908853293,5743.97195770007,7324.23817706585,11011
X21,tr_0::overall_order_sensitive,cv_train,2.0,M_joint,"cbind(response_correct, response_incorrect) ~ condition_id + variability_z + test_talker_id + (1 | participant_id) + (1 | analysis_item_id)",bobyqa,participant_item_intercepts_with_fixed_talker_block,registered,primary registered structure accepted,11011,True,False,ok,,,-3652.16803948667,5743.63183022197,7324.33607897333,11011
X21,tr_0::overall_order_sensitive,cv_train,2.0,M_null,"cbind(response_correct, response_incorrect) ~ test_talker_id + (1 | participant_id) + (1 | analysis_item_id)",bobyqa,participant_item_intercepts_with_fixed_talker_block,registered,primary registered structure accepted,11011,True,False,ok,,,-3663.51475606588,5741.86826002167,7339.02951213176,11011
X21,tr_0::overall_order_sensitive,cv_train,2.0,M_predictor,"cbind(response_correct, response_incorrect) ~ variability_z + test_talker_id + (1 | participant_id) + (1 | analysis_item_id)",bobyqa,participant_item_intercepts_with_fixed_talker_block,registered,primary registered structure accepted,11011,True,False,ok,,,-3663.35270962299,5742.19399168353,7340.70541924599,11011
X21,tr_0::overall_order_sensitive,full,,M_condition,"cbind(response_correct, response_incorrect) ~ condition_id + test_talker_id + (1 | participant_id) + (1 | analysis_item_id)",bobyqa,participant_item_intercepts_with_fixed_talker_block,registered,primary registered structure accepted,16477,True,False,ok,,,-5487.18847211739,9033.02839874908,10992.3769442348,16477
X21,tr_0::overall_order_sensitive,full,,M_joint,"cbind(response_correct, response_incorrect) ~ condition_id + variability_z + test_talker_id + (1 | participant_id) + (1 | analysis_item_id)",bobyqa,participant_item_intercepts_with_fixed_talker_block,registered,primary registered structure accepted,16477,True,False,ok,,,-5485.87790204945,9032.53272941592,10991.7558040989,16477
X21,tr_0::overall_order_sensitive,full,,M_null,"cbind(response_correct, response_incorrect) ~ test_talker_id + (1 | participant_id) + (1 | analysis_item_id)",bobyqa,participant_item_intercepts_with_fixed_talker_block,registered,primary registered structure accepted,16477,True,False,ok,,,-5505.04464022924,9027.8945228987,11022.0892804585,16477
X21,tr_0::overall_order_sensitive,full,,M_predictor,"cbind(response_correct, response_incorrect) ~ variability_z + test_talker_id + (1 | participant_id) + (1 | analysis_item_id)",bobyqa,participant_item_intercepts_with_fixed_talker_block,registered,primary registered structure accepted,16477,True,False,ok,,,-5504.71834198864,9028.40625982979,11023.4366839773,16477
X21,tr_10::overall,cv_train,0.0,M_condition,"cbind(response_correct, response_incorrect) ~ condition_id + test_talker_id + (1 | participant_id) + (1 | analysis_item_id)",bobyqa,participant_item_intercepts_with_fixed_talker_block,registered,primary registered structure accepted,10969,True,False,ok,,,-3888.82554571849,6218.68761449897,7795.65109143699,10969
X21,tr_10::overall,cv_train,0.0,M_joint,"cbind(response_correct, response_incorrect) ~ condition_id + variability_z + test_talker_id + (1 | participant_id) + (1 | analysis_item_id)",bobyqa,participant_item_intercepts_with_fixed_talker_block,registered,primary registered structure accepted,10969,True,False,ok,,,-3888.49709732592,6218.72036198364,7796.99419465185,10969
X21,tr_10::overall,cv_train,0.0,M_null,"cbind(response_correct, response_incorrect) ~ test_talker_id + (1 | participant_id) + (1 | analysis_item_id)",bobyqa,participant_item_intercepts_with_fixed_talker_block,registered,primary registered structure accepted,10969,True,False,ok,,,-3901.99124810197,6215.29617919678,7815.98249620393,10969
X21,tr_10::overall,cv_train,0.0,M_predictor,"cbind(response_correct, response_incorrect) ~ variability_z + test_talker_id + (1 | participant_id) + (1 | analysis_item_id)",bobyqa,participant_item_intercepts_with_fixed_talker_block,registered,primary registered structure accepted,10969,True,False,ok,,,-3901.28901866444,6215.29393266298,7816.57803732887,10969
X21,tr_10::overall,cv_train,1.0,M_condition,"cbind(response_correct, response_incorrect) ~ condition_id + test_talker_id + (1 | participant_id) + (1 | analysis_item_id)",bobyqa,participant_item_intercepts_with_fixed_talker_block,registered,primary registered structure accepted,10974,True,False,ok,,,-3677.83574739798,5836.41301413781,7373.67149479595,10974
X21,tr_10::overall,cv_train,1.0,M_joint,"cbind(response_correct, response_incorrect) ~ condition_id + variability_z + test_talker_id + (1 | participant_id) + (1 | analysis_item_id)",bobyqa,participant_item_intercepts_with_fixed_talker_block,registered,primary registered structure accepted,10974,True,False,ok,,,-3677.68561938045,5836.67944670718,7375.37123876091,10974
X21,tr_10::overall,cv_train,1.0,M_null,"cbind(response_correct, response_incorrect) ~ test_talker_id + (1 | participant_id) + (1 | analysis_item_id)",bobyqa,participant_item_intercepts_with_fixed_talker_block,registered,primary registered structure accepted,10974,True,False,ok,,,-3691.67924672808,5832.17756351935,7395.35849345616,10974
X21,tr_10::overall,cv_train,1.0,M_predictor,"cbind(response_correct, response_incorrect) ~ variability_z + test_talker_id + (1 | participant_id) + (1 | analysis_item_id)",bobyqa,participant_item_intercepts_with_fixed_talker_block,registered,primary registered structure accepted,10974,True,False,ok,,,-3691.17087492437,5832.63581164338,7396.34174984875,10974
X21,tr_10::overall,cv_train,2.0,M_condition,"cbind(response_correct, response_incorrect) ~ condition_id + test_talker_id + (1 | participant_id) + (1 | analysis_item_id)",bobyqa,participant_item_intercepts_with_fixed_talker_block,registered,primary registered structure accepted,11011,True,False,ok,,,-3653.11908853293,5743.97195770007,7324.23817706585,11011
X21,tr_10::overall,cv_train,2.0,M_joint,"cbind(response_correct, response_incorrect) ~ condition_id + variability_z + test_talker_id + (1 | participant_id) + (1 | analysis_item_id)",bobyqa,participant_item_intercepts_with_fixed_talker_block,registered,primary registered structure accepted,11011,True,False,ok,,,-3651.83041539222,5744.40890437651,7323.66083078444,11011
X21,tr_10::overall,cv_train,2.0,M_null,"cbind(response_correct, response_incorrect) ~ test_talker_id + (1 | participant_id) + (1 | analysis_item_id)",bobyqa,participant_item_intercepts_with_fixed_talker_block,registered,primary registered structure accepted,11011,True,False,ok,,,-3663.51475606588,5741.86826002167,7339.02951213176,11011
X21,tr_10::overall,cv_train,2.0,M_predictor,"cbind(response_correct, response_incorrect) ~ variability_z + test_talker_id + (1 | participant_id) + (1 | analysis_item_id)",bobyqa,participant_item_intercepts_with_fixed_talker_block,registered,primary registered structure accepted,11011,True,False,ok,,,-3660.74311021913,5742.5238373498,7335.48622043826,11011
X21,tr_10::overall,full,,M_condition,"cbind(response_correct, response_incorrect) ~ condition_id + test_talker_id + (1 | participant_id) + (1 | analysis_item_id)",bobyqa,participant_item_intercepts_with_fixed_talker_block,registered,primary registered structure accepted,16477,True,False,ok,,,-5487.18847211739,9033.02839874908,10992.3769442348,16477
X21,tr_10::overall,full,,M_joint,"cbind(response_correct, response_incorrect) ~ condition_id + variability_z + test_talker_id + (1 | participant_id) + (1 | analysis_item_id)",bobyqa,participant_item_intercepts_with_fixed_talker_block,registered,primary registered structure accepted,16477,True,False,ok,,,-5486.69820400923,9033.34651913737,10993.3964080185,16477
X21,tr_10::overall,full,,M_null,"cbind(response_correct, response_incorrect) ~ test_talker_id + (1 | participant_id) + (1 | analysis_item_id)",bobyqa,participant_item_intercepts_with_fixed_talker_block,registered,primary registered structure accepted,16477,True,False,ok,,,-5505.04464022924,9027.8945228987,11022.0892804585,16477
X21,tr_10::overall,full,,M_predictor,"cbind(response_correct, response_incorrect) ~ variability_z + test_talker_id + (1 | participant_id) + (1 | analysis_item_id)",bobyqa,participant_item_intercepts_with_fixed_talker_block,registered,primary registered structure accepted,16477,True,False,ok,,,-5503.57223646432,9028.46525488015,11021.1444729286,16477
X21,tr_10::overall_order_sensitive,cv_train,0.0,M_condition,"cbind(response_correct, response_incorrect) ~ condition_id + test_talker_id + (1 | participant_id) + (1 | analysis_item_id)",bobyqa,participant_item_intercepts_with_fixed_talker_block,registered,primary registered structure accepted,10969,True,False,ok,,,-3888.82554571849,6218.68761449897,7795.65109143699,10969
X21,tr_10::overall_order_sensitive,cv_train,0.0,M_joint,"cbind(response_correct, response_incorrect) ~ condition_id + variability_z + test_talker_id + (1 | participant_id) + (1 | analysis_item_id)",bobyqa,participant_item_intercepts_with_fixed_talker_block,registered,primary registered structure accepted,10969,True,False,ok,,,-3888.29406769309,6218.92566958199,7796.58813538619,10969
X21,tr_10::overall_order_sensitive,cv_train,0.0,M_null,"cbind(response_correct, response_incorrect) ~ test_talker_id + (1 | participant_id) + (1 | analysis_item_id)",bobyqa,participant_item_intercepts_with_fixed_talker_block,registered,primary registered structure accepted,10969,True,False,ok,,,-3901.99124810197,6215.29617919678,7815.98249620393,10969
X21,tr_10::overall_order_sensitive,cv_train,0.0,M_predictor,"cbind(response_correct, response_incorrect) ~ variability_z + test_talker_id + (1 | participant_id) + (1 | analysis_item_id)",bobyqa,participant_item_intercepts_with_fixed_talker_block,registered,primary registered structure accepted,10969,True,False,ok,,,-3900.21178100457,6216.03426907728,7814.42356200913,10969
X21,tr_10::overall_order_sensitive,cv_train,1.0,M_condition,"cbind(response_correct, response_incorrect) ~ condition_id + test_talker_id + (1 | participant_id) + (1 | analysis_item_id)",bobyqa,participant_item_intercepts_with_fixed_talker_block,registered,primary registered structure accepted,10974,True,False,ok,,,-3677.83574739798,5836.41301413781,7373.67149479595,10974
X21,tr_10::overall_order_sensitive,cv_train,1.0,M_joint,"cbind(response_correct, response_incorrect) ~ condition_id + variability_z + test_talker_id + (1 | participant_id) + (1 | analysis_item_id)",bobyqa,participant_item_intercepts_with_fixed_talker_block,registered,primary registered structure accepted,10974,True,False,ok,,,-3677.71815706867,5836.52894080423,7375.43631413735,10974
X21,tr_10::overall_order_sensitive,cv_train,1.0,M_null,"cbind(response_correct, response_incorrect) ~ test_talker_id + (1 | participant_id) + (1 | analysis_item_id)",bobyqa,participant_item_intercepts_with_fixed_talker_block,registered,primary registered structure accepted,10974,True,False,ok,,,-3691.67924672808,5832.17756351935,7395.35849345616,10974
X21,tr_10::overall_order_sensitive,cv_train,1.0,M_predictor,"cbind(response_correct, response_incorrect) ~ variability_z + test_talker_id + (1 | participant_id) + (1 | analysis_item_id)",bobyqa,participant_item_intercepts_with_fixed_talker_block,registered,primary registered structure accepted,10974,True,False,ok,,,-3691.15864003718,5832.85458576625,7396.31728007436,10974
X21,tr_10::overall_order_sensitive,cv_train,2.0,M_condition,"cbind(response_correct, response_incorrect) ~ condition_id + test_talker_id + (1 | participant_id) + (1 | analysis_item_id)",bobyqa,participant_item_intercepts_with_fixed_talker_block,registered,primary registered structure accepted,11011,True,False,ok,,,-3653.11908853293,5743.97195770007,7324.23817706585,11011
X21,tr_10::overall_order_sensitive,cv_train,2.0,M_joint,"cbind(response_correct, response_incorrect) ~ condition_id + variability_z + test_talker_id + (1 | participant_id) + (1 | analysis_item_id)",bobyqa,participant_item_intercepts_with_fixed_talker_block,registered,primary registered structure accepted,11011,True,False,ok,,,-3653.1193592731,5743.97126872373,7326.23871854619,11011
X21,tr_10::overall_order_sensitive,cv_train,2.0,M_null,"cbind(response_correct, response_incorrect) ~ test_talker_id + (1 | participant_id) + (1 | analysis_item_id)",bobyqa,participant_item_intercepts_with_fixed_talker_block,registered,primary registered structure accepted,11011,True,False,ok,,,-3663.51475606588,5741.86826002167,7339.02951213176,11011
X21,tr_10::overall_order_sensitive,cv_train,2.0,M_predictor,"cbind(response_correct, response_incorrect) ~ variability_z + test_talker_id + (1 | participant_id) + (1 | analysis_item_id)",bobyqa,participant_item_intercepts_with_fixed_talker_block,registered,primary registered structure accepted,11011,True,False,ok,,,-3663.4818000273,5741.90156952534,7340.96360005461,11011
X21,tr_10::overall_order_sensitive,full,,M_condition,"cbind(response_correct, response_incorrect) ~ condition_id + test_talker_id + (1 | participant_id) + (1 | analysis_item_id)",bobyqa,participant_item_intercepts_with_fixed_talker_block,registered,primary registered structure accepted,16477,True,False,ok,,,-5487.18847211739,9033.02839874908,10992.3769442348,16477
X21,tr_10::overall_order_sensitive,full,,M_joint,"cbind(response_correct, response_incorrect) ~ condition_id + variability_z + test_talker_id + (1 | participant_id) + (1 | analysis_item_id)",bobyqa,participant_item_intercepts_with_fixed_talker_block,registered,primary registered structure accepted,16477,True,False,ok,,,-5487.07613657125,9033.07699105096,10994.1522731425,16477
X21,tr_10::overall_order_sensitive,full,,M_null,"cbind(response_correct, response_incorrect) ~ test_talker_id + (1 | participant_id) + (1 | analysis_item_id)",bobyqa,participant_item_intercepts_with_fixed_talker_block,registered,primary registered structure accepted,16477,True,False,ok,,,-5505.04464022924,9027.8945228987,11022.0892804585,16477
X21,tr_10::overall_order_sensitive,full,,M_predictor,"cbind(response_correct, response_incorrect) ~ variability_z + test_talker_id + (1 | participant_id) + (1 | analysis_item_id)",bobyqa,participant_item_intercepts_with_fixed_talker_block,registered,primary registered structure accepted,16477,True,False,ok,,,-5504.3704491876,9028.51933765276,11022.7408983752,16477
X21,tr_12::overall,cv_train,0.0,M_condition,"cbind(response_correct, response_incorrect) ~ condition_id + test_talker_id + (1 | participant_id) + (1 | analysis_item_id)",bobyqa,participant_item_intercepts_with_fixed_talker_block,registered,primary registered structure accepted,10969,True,False,ok,,,-3888.82554571849,6218.68761449897,7795.65109143699,10969
X21,tr_12::overall,cv_train,0.0,M_joint,"cbind(response_correct, response_incorrect) ~ condition_id + variability_z + test_talker_id + (1 | participant_id) + (1 | analysis_item_id)",bobyqa,participant_item_intercepts_with_fixed_talker_block,registered,primary registered structure accepted,10969,True,False,ok,,,-3888.28687747497,6218.7546642201,7796.57375494995,10969
X21,tr_12::overall,cv_train,0.0,M_null,"cbind(response_correct, response_incorrect) ~ test_talker_id + (1 | participant_id) + (1 | analysis_item_id)",bobyqa,participant_item_intercepts_with_fixed_talker_block,registered,primary registered structure accepted,10969,True,False,ok,,,-3901.99124810197,6215.29617919678,7815.98249620393,10969
X21,tr_12::overall,cv_train,0.0,M_predictor,"cbind(response_correct, response_incorrect) ~ variability_z + test_talker_id + (1 | participant_id) + (1 | analysis_item_id)",bobyqa,participant_item_intercepts_with_fixed_talker_block,registered,primary registered structure accepted,10969,True,False,ok,,,-3897.8166225613,6215.82825639499,7809.6332451226,10969
X21,tr_12::overall,cv_train,1.0,M_condition,"cbind(response_correct, response_incorrect) ~ condition_id + test_talker_id + (1 | participant_id) + (1 | analysis_item_id)",bobyqa,participant_item_intercepts_with_fixed_talker_block,registered,primary registered structure accepted,10974,True,False,ok,,,-3677.83574739798,5836.41301413781,7373.67149479595,10974
X21,tr_12::overall,cv_train,1.0,M_joint,"cbind(response_correct, response_incorrect) ~ condition_id + variability_z + test_talker_id + (1 | participant_id) + (1 | analysis_item_id)",bobyqa,participant_item_intercepts_with_fixed_talker_block,registered,primary registered structure accepted,10974,True,False,ok,,,-3677.73193973098,5836.66869255602,7375.46387946196,10974
X21,tr_12::overall,cv_train,1.0,M_null,"cbind(response_correct, response_incorrect) ~ test_talker_id + (1 | participant_id) + (1 | analysis_item_id)",bobyqa,participant_item_intercepts_with_fixed_talker_block,registered,primary registered structure accepted,10974,True,False,ok,,,-3691.67924672808,5832.17756351935,7395.35849345616,10974
X21,tr_12::overall,cv_train,1.0,M_predictor,"cbind(response_correct, response_incorrect) ~ variability_z + test_talker_id + (1 | participant_id) + (1 | analysis_item_id)",bobyqa,participant_item_intercepts_with_fixed_talker_block,registered,primary registered structure accepted,10974,True,False,ok,,,-3689.06951648622,5833.84029138503,7392.13903297243,10974
X21,tr_12::overall,cv_train,2.0,M_condition,"cbind(response_correct, response_incorrect) ~ condition_id + test_talker_id + (1 | participant_id) + (1 | analysis_item_id)",bobyqa,participant_item_intercepts_with_fixed_talker_block,registered,primary registered structure accepted,11011,True,False,ok,,,-3653.11908853293,5743.97195770007,7324.23817706585,11011
X21,tr_12::overall,cv_train,2.0,M_joint,"cbind(response_correct, response_incorrect) ~ condition_id + variability_z + test_talker_id + (1 | participant_id) + (1 | analysis_item_id)",bobyqa,participant_item_intercepts_with_fixed_talker_block,registered,primary registered structure accepted,11011,True,False,ok,,,-3652.96430676001,5744.03744402086,7325.92861352001,11011
X21,tr_12::overall,cv_train,2.0,M_null,"cbind(response_correct, response_incorrect) ~ test_talker_id + (1 | participant_id) + (1 | analysis_item_id)",bobyqa,participant_item_intercepts_with_fixed_talker_block,registered,primary registered structure accepted,11011,True,False,ok,,,-3663.51475606588,5741.86826002167,7339.02951213176,11011
X21,tr_12::overall,cv_train,2.0,M_predictor,"cbind(response_correct, response_incorrect) ~ variability_z + test_talker_id + (1 | participant_id) + (1 | analysis_item_id)",bobyqa,participant_item_intercepts_with_fixed_talker_block,registered,primary registered structure accepted,11011,True,False,ok,,,-3661.00837134438,5742.64581040512,7336.01674268876,11011
X21,tr_12::overall,full,,M_condition,"cbind(response_correct, response_incorrect) ~ condition_id + test_talker_id + (1 | participant_id) + (1 | analysis_item_id)",bobyqa,participant_item_intercepts_with_fixed_talker_block,registered,primary registered structure accepted,16477,True,False,ok,,,-5487.18847211739,9033.02839874908,10992.3769442348,16477
X21,tr_12::overall,full,,M_joint,"cbind(response_correct, response_incorrect) ~ condition_id + variability_z + test_talker_id + (1 | participant_id) + (1 | analysis_item_id)",bobyqa,participant_item_intercepts_with_fixed_talker_block,registered,primary registered structure accepted,16477,True,False,ok,,,-5487.00047708051,9033.22302509543,10994.000954161,16477
X21,tr_12::overall,full,,M_null,"cbind(response_correct, response_incorrect) ~ test_talker_id + (1 | participant_id) + (1 | analysis_item_id)",bobyqa,participant_item_intercepts_with_fixed_talker_block,registered,primary registered structure accepted,16477,True,False,ok,,,-5505.04464022924,9027.8945228987,11022.0892804585,16477
X21,tr_12::overall,full,,M_predictor,"cbind(response_correct, response_incorrect) ~ variability_z + test_talker_id + (1 | participant_id) + (1 | analysis_item_id)",bobyqa,participant_item_intercepts_with_fixed_talker_block,registered,primary registered structure accepted,16477,True,False,ok,,,-5500.57904180254,9029.91601015623,11015.1580836051,16477
X21,tr_12::overall_order_sensitive,cv_train,0.0,M_condition,"cbind(response_correct, response_incorrect) ~ condition_id + test_talker_id + (1 | participant_id) + (1 | analysis_item_id)",bobyqa,participant_item_intercepts_with_fixed_talker_block,registered,primary registered structure accepted,10969,True,False,ok,,,-3888.82554571849,6218.68761449897,7795.65109143699,10969
X21,tr_12::overall_order_sensitive,cv_train,0.0,M_joint,"cbind(response_correct, response_incorrect) ~ condition_id + variability_z + test_talker_id + (1 | participant_id) + (1 | analysis_item_id)",bobyqa,participant_item_intercepts_with_fixed_talker_block,registered,primary registered structure accepted,10969,True,False,ok,,,-3887.7428677536,6219.23673628479,7795.48573550721,10969
X21,tr_12::overall_order_sensitive,cv_train,0.0,M_null,"cbind(response_correct, response_incorrect) ~ test_talker_id + (1 | participant_id) + (1 | analysis_item_id)",bobyqa,participant_item_intercepts_with_fixed_talker_block,registered,primary registered structure accepted,10969,True,False,ok,,,-3901.99124810197,6215.29617919678,7815.98249620393,10969
X21,tr_12::overall_order_sensitive,cv_train,0.0,M_predictor,"cbind(response_correct, response_incorrect) ~ variability_z + test_talker_id + (1 | participant_id) + (1 | analysis_item_id)",bobyqa,participant_item_intercepts_with_fixed_talker_block,registered,primary registered structure accepted,10969,True,False,ok,,,-3899.0746512976,6216.56851878887,7812.14930259521,10969
X21,tr_12::overall_order_sensitive,cv_train,1.0,M_condition,"cbind(response_correct, response_incorrect) ~ condition_id + test_talker_id + (1 | participant_id) + (1 | analysis_item_id)",bobyqa,participant_item_intercepts_with_fixed_talker_block,registered,primary registered structure accepted,10974,True,False,ok,,,-3677.83574739798,5836.41301413781,7373.67149479595,10974
X21,tr_12::overall_order_sensitive,cv_train,1.0,M_joint,"cbind(response_correct, response_incorrect) ~ condition_id + variability_z + test_talker_id + (1 | participant_id) + (1 | analysis_item_id)",bobyqa,participant_item_intercepts_with_fixed_talker_block,registered,primary registered structure accepted,10974,True,False,ok,,,-3677.83179898881,5836.42421356444,7375.66359797762,10974
X21,tr_12::overall_order_sensitive,cv_train,1.0,M_null,"cbind(response_correct, response_incorrect) ~ test_talker_id + (1 | participant_id) + (1 | analysis_item_id)",bobyqa,participant_item_intercepts_with_fixed_talker_block,registered,primary registered structure accepted,10974,True,False,ok,,,-3691.67924672808,5832.17756351935,7395.35849345616,10974
X21,tr_12::overall_order_sensitive,cv_train,1.0,M_predictor,"cbind(response_correct, response_incorrect) ~ variability_z + test_talker_id + (1 | participant_id) + (1 | analysis_item_id)",bobyqa,participant_item_intercepts_with_fixed_talker_block,registered,primary registered structure accepted,10974,True,False,ok,,,-3691.12522917641,5832.85038894116,7396.25045835283,10974
X21,tr_12::overall_order_sensitive,cv_train,2.0,M_condition,"cbind(response_correct, response_incorrect) ~ condition_id + test_talker_id + (1 | participant_id) + (1 | analysis_item_id)",bobyqa,participant_item_intercepts_with_fixed_talker_block,registered,primary registered structure accepted,11011,True,False,ok,,,-3653.11908853293,5743.97195770007,7324.23817706585,11011
X21,tr_12::overall_order_sensitive,cv_train,2.0,M_joint,"cbind(response_correct, response_incorrect) ~ condition_id + variability_z + test_talker_id + (1 | participant_id) + (1 | analysis_item_id)",bobyqa,participant_item_intercepts_with_fixed_talker_block,registered,primary registered structure accepted,11011,True,False,ok,,,-3653.11947106808,5743.97774542716,7326.23894213615,11011
X21,tr_12::overall_order_sensitive,cv_train,2.0,M_null,"cbind(response_correct, response_incorrect) ~ test_talker_id + (1 | participant_id) + (1 | analysis_item_id)",bobyqa,participant_item_intercepts_with_fixed_talker_block,registered,primary registered structure accepted,11011,True,False,ok,,,-3663.51475606588,5741.86826002167,7339.02951213176,11011
X21,tr_12::overall_order_sensitive,cv_train,2.0,M_predictor,"cbind(response_correct, response_incorrect) ~ variability_z + test_talker_id + (1 | participant_id) + (1 | analysis_item_id)",bobyqa,participant_item_intercepts_with_fixed_talker_block,registered,primary registered structure accepted,11011,True,False,ok,,,-3663.48977866866,5741.88563585082,7340.97955733733,11011
X21,tr_12::overall_order_sensitive,full,,M_condition,"cbind(response_correct, response_incorrect) ~ condition_id + test_talker_id + (1 | participant_id) + (1 | analysis_item_id)",bobyqa,participant_item_intercepts_with_fixed_talker_block,registered,primary registered structure accepted,16477,True,False,ok,,,-5487.18847211739,9033.02839874908,10992.3769442348,16477
X21,tr_12::overall_order_sensitive,full,,M_joint,"cbind(response_correct, response_incorrect) ~ condition_id + variability_z + test_talker_id + (1 | participant_id) + (1 | analysis_item_id)",bobyqa,participant_item_intercepts_with_fixed_talker_block,registered,primary registered structure accepted,16477,True,False,ok,,,-5487.04147015885,9033.0845725618,10994.0829403177,16477
X21,tr_12::overall_order_sensitive,full,,M_null,"cbind(response_correct, response_incorrect) ~ test_talker_id + (1 | participant_id) + (1 | analysis_item_id)",bobyqa,participant_item_intercepts_with_fixed_talker_block,registered,primary registered structure accepted,16477,True,False,ok,,,-5505.04464022924,9027.8945228987,11022.0892804585,16477
X21,tr_12::overall_order_sensitive,full,,M_predictor,"cbind(response_correct, response_incorrect) ~ variability_z + test_talker_id + (1 | participant_id) + (1 | analysis_item_id)",bobyqa,participant_item_intercepts_with_fixed_talker_block,registered,primary registered structure accepted,16477,True,False,ok,,,-5504.06497506368,9028.68342823418,11022.1299501274,16477
X21,tr_14::overall,cv_train,0.0,M_condition,"cbind(response_correct, response_incorrect) ~ condition_id + test_talker_id + (1 | participant_id) + (1 | analysis_item_id)",bobyqa,participant_item_intercepts_with_fixed_talker_block,registered,primary registered structure accepted,10969,True,False,ok,,,-3888.82554571849,6218.68761449897,7795.65109143699,10969
X21,tr_14::overall,cv_train,0.0,M_joint,"cbind(response_correct, response_incorrect) ~ condition_id + variability_z + test_talker_id + (1 | participant_id) + (1 | analysis_item_id)",bobyqa,participant_item_intercepts_with_fixed_talker_block,registered,primary registered structure accepted,10969,True,False,ok,,,-3888.23135707783,6218.76052460989,7796.46271415567,10969
X21,tr_14::overall,cv_train,0.0,M_null,"cbind(response_correct, response_incorrect) ~ test_talker_id + (1 | participant_id) + (1 | analysis_item_id)",bobyqa,participant_item_intercepts_with_fixed_talker_block,registered,primary registered structure accepted,10969,True,False,ok,,,-3901.99124810197,6215.29617919678,7815.98249620393,10969
X21,tr_14::overall,cv_train,0.0,M_predictor,"cbind(response_correct, response_incorrect) ~ variability_z + test_talker_id + (1 | participant_id) + (1 | analysis_item_id)",bobyqa,participant_item_intercepts_with_fixed_talker_block,registered,primary registered structure accepted,10969,True,False,ok,,,-3891.94725353736,6217.57144149384,7797.89450707472,10969
X21,tr_14::overall,cv_train,1.0,M_condition,"cbind(response_correct, response_incorrect) ~ condition_id + test_talker_id + (1 | participant_id) + (1 | analysis_item_id)",bobyqa,participant_item_intercepts_with_fixed_talker_block,registered,primary registered structure accepted,10974,True,False,ok,,,-3677.83574739798,5836.41301413781,7373.67149479595,10974
X21,tr_14::overall,cv_train,1.0,M_joint,"cbind(response_correct, response_incorrect) ~ condition_id + variability_z + test_talker_id + (1 | participant_id) + (1 | analysis_item_id)",bobyqa,participant_item_intercepts_with_fixed_talker_block,registered,primary registered structure accepted,10974,True,False,ok,,,-3677.82979111098,5836.47797270189,7375.65958222197,10974
X21,tr_14::overall,cv_train,1.0,M_null,"cbind(response_correct, response_incorrect) ~ test_talker_id + (1 | participant_id) + (1 | analysis_item_id)",bobyqa,participant_item_intercepts_with_fixed_talker_block,registered,primary registered structure accepted,10974,True,False,ok,,,-3691.67924672808,5832.17756351935,7395.35849345616,10974
X21,tr_14::overall,cv_train,1.0,M_predictor,"cbind(response_correct, response_incorrect) ~ variability_z + test_talker_id + (1 | participant_id) + (1 | analysis_item_id)",bobyqa,participant_item_intercepts_with_fixed_talker_block,registered,primary registered structure accepted,10974,True,False,ok,,,-3685.45462223099,5835.69168708076,7384.90924446197,10974
X21,tr_14::overall,cv_train,2.0,M_condition,"cbind(response_correct, response_incorrect) ~ condition_id + test_talker_id + (1 | participant_id) + (1 | analysis_item_id)",bobyqa,participant_item_intercepts_with_fixed_talker_block,registered,primary registered structure accepted,11011,True,False,ok,,,-3653.11908853293,5743.97195770007,7324.23817706585,11011
X21,tr_14::overall,cv_train,2.0,M_joint,"cbind(response_correct, response_incorrect) ~ condition_id + variability_z + test_talker_id + (1 | participant_id) + (1 | analysis_item_id)",bobyqa,participant_item_intercepts_with_fixed_talker_block,registered,primary registered structure accepted,11011,True,False,ok,,,-3653.09537947219,5743.98465947998,7326.19075894437,11011
X21,tr_14::overall,cv_train,2.0,M_null,"cbind(response_correct, response_incorrect) ~ test_talker_id + (1 | participant_id) + (1 | analysis_item_id)",bobyqa,participant_item_intercepts_with_fixed_talker_block,registered,primary registered structure accepted,11011,True,False,ok,,,-3663.51475606588,5741.86826002167,7339.02951213176,11011
X21,tr_14::overall,cv_train,2.0,M_predictor,"cbind(response_correct, response_incorrect) ~ variability_z + test_talker_id + (1 | participant_id) + (1 | analysis_item_id)",bobyqa,participant_item_intercepts_with_fixed_talker_block,registered,primary registered structure accepted,11011,True,False,ok,,,-3659.17184758887,5743.52959518394,7332.34369517774,11011
X21,tr_14::overall,full,,M_condition,"cbind(response_correct, response_incorrect) ~ condition_id + test_talker_id + (1 | participant_id) + (1 | analysis_item_id)",bobyqa,participant_item_intercepts_with_fixed_talker_block,registered,primary registered structure accepted,16477,True,False,ok,,,-5487.18847211739,9033.02839874908,10992.3769442348,16477
X21,tr_14::overall,full,,M_joint,"cbind(response_correct, response_incorrect) ~ condition_id + variability_z + test_talker_id + (1 | participant_id) + (1 | analysis_item_id)",bobyqa,participant_item_intercepts_with_fixed_talker_block,registered,primary registered structure accepted,16477,True,False,ok,,,-5487.12916170416,9033.12573442455,10994.2583234083,16477
X21,tr_14::overall,full,,M_null,"cbind(response_correct, response_incorrect) ~ test_talker_id + (1 | participant_id) + (1 | analysis_item_id)",bobyqa,participant_item_intercepts_with_fixed_talker_block,registered,primary registered structure accepted,16477,True,False,ok,,,-5505.04464022924,9027.8945228987,11022.0892804585,16477
X21,tr_14::overall,full,,M_predictor,"cbind(response_correct, response_incorrect) ~ variability_z + test_talker_id + (1 | participant_id) + (1 | analysis_item_id)",bobyqa,participant_item_intercepts_with_fixed_talker_block,registered,primary registered structure accepted,16477,True,False,ok,,,-5495.41931924683,9032.16247912868,11004.8386384937,16477
X21,tr_14::overall_order_sensitive,cv_train,0.0,M_condition,"cbind(response_correct, response_incorrect) ~ condition_id + test_talker_id + (1 | participant_id) + (1 | analysis_item_id)",bobyqa,participant_item_intercepts_with_fixed_talker_block,registered,primary registered structure accepted,10969,True,False,ok,,,-3888.82554571849,6218.68761449897,7795.65109143699,10969
X21,tr_14::overall_order_sensitive,cv_train,0.0,M_joint,"cbind(response_correct, response_incorrect) ~ condition_id + variability_z + test_talker_id + (1 | participant_id) + (1 | analysis_item_id)",bobyqa,participant_item_intercepts_with_fixed_talker_block,registered,primary registered structure accepted,10969,True,False,ok,,,-3888.39605608539,6218.87081561118,7796.79211217077,10969
X21,tr_14::overall_order_sensitive,cv_train,0.0,M_null,"cbind(response_correct, response_incorrect) ~ test_talker_id + (1 | participant_id) + (1 | analysis_item_id)",bobyqa,participant_item_intercepts_with_fixed_talker_block,registered,primary registered structure accepted,10969,True,False,ok,,,-3901.99124810197,6215.29617919678,7815.98249620393,10969
X21,tr_14::overall_order_sensitive,cv_train,0.0,M_predictor,"cbind(response_correct, response_incorrect) ~ variability_z + test_talker_id + (1 | participant_id) + (1 | analysis_item_id)",bobyqa,participant_item_intercepts_with_fixed_talker_block,registered,primary registered structure accepted,10969,True,False,ok,,,-3899.67819548361,6216.25628131583,7813.35639096722,10969
X21,tr_14::overall_order_sensitive,cv_train,1.0,M_condition,"cbind(response_correct, response_incorrect) ~ condition_id + test_talker_id + (1 | participant_id) + (1 | analysis_item_id)",bobyqa,participant_item_intercepts_with_fixed_talker_block,registered,primary registered structure accepted,10974,True,False,ok,,,-3677.83574739798,5836.41301413781,7373.67149479595,10974
X21,tr_14::overall_order_sensitive,cv_train,1.0,M_joint,"cbind(response_correct, response_incorrect) ~ condition_id + variability_z + test_talker_id + (1 | participant_id) + (1 | analysis_item_id)",bobyqa,participant_item_intercepts_with_fixed_talker_block,registered,primary registered structure accepted,10974,True,False,ok,,,-3677.78336241194,5836.31672514174,7375.56672482389,10974
X21,tr_14::overall_order_sensitive,cv_train,1.0,M_null,"cbind(response_correct, response_incorrect) ~ test_talker_id + (1 | participant_id) + (1 | analysis_item_id)",bobyqa,participant_item_intercepts_with_fixed_talker_block,registered,primary registered structure accepted,10974,True,False,ok,,,-3691.67924672808,5832.17756351935,7395.35849345616,10974
X21,tr_14::overall_order_sensitive,cv_train,1.0,M_predictor,"cbind(response_correct, response_incorrect) ~ variability_z + test_talker_id + (1 | participant_id) + (1 | analysis_item_id)",bobyqa,participant_item_intercepts_with_fixed_talker_block,registered,primary registered structure accepted,10974,True,False,ok,,,-3691.3172581578,5832.90390610721,7396.6345163156,10974
X21,tr_14::overall_order_sensitive,cv_train,2.0,M_condition,"cbind(response_correct, response_incorrect) ~ condition_id + test_talker_id + (1 | participant_id) + (1 | analysis_item_id)",bobyqa,participant_item_intercepts_with_fixed_talker_block,registered,primary registered structure accepted,11011,True,False,ok,,,-3653.11908853293,5743.97195770007,7324.23817706585,11011
X21,tr_14::overall_order_sensitive,cv_train,2.0,M_joint,"cbind(response_correct, response_incorrect) ~ condition_id + variability_z + test_talker_id + (1 | participant_id) + (1 | analysis_item_id)",bobyqa,participant_item_intercepts_with_fixed_talker_block,registered,primary registered structure accepted,11011,True,False,ok,,,-3652.88840593539,5743.89231092379,7325.77681187078,11011
X21,tr_14::overall_order_sensitive,cv_train,2.0,M_null,"cbind(response_correct, response_incorrect) ~ test_talker_id + (1 | participant_id) + (1 | analysis_item_id)",bobyqa,participant_item_intercepts_with_fixed_talker_block,registered,primary registered structure accepted,11011,True,False,ok,,,-3663.51475606588,5741.86826002167,7339.02951213176,11011
X21,tr_14::overall_order_sensitive,cv_train,2.0,M_predictor,"cbind(response_correct, response_incorrect) ~ variability_z + test_talker_id + (1 | participant_id) + (1 | analysis_item_id)",bobyqa,participant_item_intercepts_with_fixed_talker_block,registered,primary registered structure accepted,11011,True,False,ok,,,-3662.9302760587,5742.19859193958,7339.86055211739,11011
X21,tr_14::overall_order_sensitive,full,,M_condition,"cbind(response_correct, response_incorrect) ~ condition_id + test_talker_id + (1 | participant_id) + (1 | analysis_item_id)",bobyqa,participant_item_intercepts_with_fixed_talker_block,registered,primary registered structure accepted,16477,True,False,ok,,,-5487.18847211739,9033.02839874908,10992.3769442348,16477
X21,tr_14::overall_order_sensitive,full,,M_joint,"cbind(response_correct, response_incorrect) ~ condition_id + variability_z + test_talker_id + (1 | participant_id) + (1 | analysis_item_id)",bobyqa,participant_item_intercepts_with_fixed_talker_block,registered,primary registered structure accepted,16477,True,False,ok,,,-5487.12128878758,9033.08896772652,10994.2425775752,16477
X21,tr_14::overall_order_sensitive,full,,M_null,"cbind(response_correct, response_incorrect) ~ test_talker_id + (1 | participant_id) + (1 | analysis_item_id)",bobyqa,participant_item_intercepts_with_fixed_talker_block,registered,primary registered structure accepted,16477,True,False,ok,,,-5505.04464022924,9027.8945228987,11022.0892804585,16477
X21,tr_14::overall_order_sensitive,full,,M_predictor,"cbind(response_correct, response_incorrect) ~ variability_z + test_talker_id + (1 | participant_id) + (1 | analysis_item_id)",bobyqa,participant_item_intercepts_with_fixed_talker_block,registered,primary registered structure accepted,16477,True,False,ok,,,-5503.8824657357,9028.96421357397,11021.7649314714,16477
X21,tr_16::overall,cv_train,0.0,M_condition,"cbind(response_correct, response_incorrect) ~ condition_id + test_talker_id + (1 | participant_id) + (1 | analysis_item_id)",bobyqa,participant_item_intercepts_with_fixed_talker_block,registered,primary registered structure accepted,10969,True,False,ok,,,-3888.82554571849,6218.68761449897,7795.65109143699,10969
X21,tr_16::overall,cv_train,0.0,M_joint,"cbind(response_correct, response_incorrect) ~ condition_id + variability_z + test_talker_id + (1 | participant_id) + (1 | analysis_item_id)",bobyqa,participant_item_intercepts_with_fixed_talker_block,registered,primary registered structure accepted,10969,True,False,ok,,,-3888.51901523996,6218.73755853375,7797.03803047992,10969
X21,tr_16::overall,cv_train,0.0,M_null,"cbind(response_correct, response_incorrect) ~ test_talker_id + (1 | participant_id) + (1 | analysis_item_id)",bobyqa,participant_item_intercepts_with_fixed_talker_block,registered,primary registered structure accepted,10969,True,False,ok,,,-3901.99124810197,6215.29617919678,7815.98249620393,10969
X21,tr_16::overall,cv_train,0.0,M_predictor,"cbind(response_correct, response_incorrect) ~ variability_z + test_talker_id + (1 | participant_id) + (1 | analysis_item_id)",bobyqa,participant_item_intercepts_with_fixed_talker_block,registered,primary registered structure accepted,10969,True,False,ok,,,-3895.8303185994,6216.54222983446,7805.66063719879,10969
X21,tr_16::overall,cv_train,1.0,M_condition,"cbind(response_correct, response_incorrect) ~ condition_id + test_talker_id + (1 | participant_id) + (1 | analysis_item_id)",bobyqa,participant_item_intercepts_with_fixed_talker_block,registered,primary registered structure accepted,10974,True,False,ok,,,-3677.83574739798,5836.41301413781,7373.67149479595,10974
X21,tr_16::overall,cv_train,1.0,M_joint,"cbind(response_correct, response_incorrect) ~ condition_id + variability_z + test_talker_id + (1 | participant_id) + (1 | analysis_item_id)",bobyqa,participant_item_intercepts_with_fixed_talker_block,registered,primary registered structure accepted,10974,True,False,ok,,,-3677.69857697748,5836.62350087909,7375.39715395496,10974
X21,tr_16::overall,cv_train,1.0,M_null,"cbind(response_correct, response_incorrect) ~ test_talker_id + (1 | participant_id) + (1 | analysis_item_id)",bobyqa,participant_item_intercepts_with_fixed_talker_block,registered,primary registered structure accepted,10974,True,False,ok,,,-3691.67924672808,5832.17756351935,7395.35849345616,10974
X21,tr_16::overall,cv_train,1.0,M_predictor,"cbind(response_correct, response_incorrect) ~ variability_z + test_talker_id + (1 | participant_id) + (1 | analysis_item_id)",bobyqa,participant_item_intercepts_with_fixed_talker_block,registered,primary registered structure accepted,10974,True,False,ok,,,-3686.759496372,5834.61119245415,7387.51899274401,10974
X21,tr_16::overall,cv_train,2.0,M_condition,"cbind(response_correct, response_incorrect) ~ condition_id + test_talker_id + (1 | participant_id) + (1 | analysis_item_id)",bobyqa,participant_item_intercepts_with_fixed_talker_block,registered,primary registered structure accepted,11011,True,False,ok,,,-3653.11908853293,5743.97195770007,7324.23817706585,11011
X21,tr_16::overall,cv_train,2.0,M_joint,"cbind(response_correct, response_incorrect) ~ condition_id + variability_z + test_talker_id + (1 | participant_id) + (1 | analysis_item_id)",bobyqa,participant_item_intercepts_with_fixed_talker_block,registered,primary registered structure accepted,11011,True,False,ok,,,-3653.1118113135,5743.98646750847,7326.22362262699,11011
X21,tr_16::overall,cv_train,2.0,M_null,"cbind(response_correct, response_incorrect) ~ test_talker_id + (1 | participant_id) + (1 | analysis_item_id)",bobyqa,participant_item_intercepts_with_fixed_talker_block,registered,primary registered structure accepted,11011,True,False,ok,,,-3663.51475606588,5741.86826002167,7339.02951213176,11011
X21,tr_16::overall,cv_train,2.0,M_predictor,"cbind(response_correct, response_incorrect) ~ variability_z + test_talker_id + (1 | participant_id) + (1 | analysis_item_id)",bobyqa,participant_item_intercepts_with_fixed_talker_block,registered,primary registered structure accepted,11011,True,False,ok,,,-3661.23229014649,5742.58396815818,7336.46458029297,11011
X21,tr_16::overall,full,,M_condition,"cbind(response_correct, response_incorrect) ~ condition_id + test_talker_id + (1 | participant_id) + (1 | analysis_item_id)",bobyqa,participant_item_intercepts_with_fixed_talker_block,registered,primary registered structure accepted,16477,True,False,ok,,,-5487.18847211739,9033.02839874908,10992.3769442348,16477
X21,tr_16::overall,full,,M_joint,"cbind(response_correct, response_incorrect) ~ condition_id + variability_z + test_talker_id + (1 | participant_id) + (1 | analysis_item_id)",bobyqa,participant_item_intercepts_with_fixed_talker_block,registered,primary registered structure accepted,16477,True,False,ok,,,-5487.15204941173,9033.07266725516,10994.3040988235,16477
X21,tr_16::overall,full,,M_null,"cbind(response_correct, response_incorrect) ~ test_talker_id + (1 | participant_id) + (1 | analysis_item_id)",bobyqa,participant_item_intercepts_with_fixed_talker_block,registered,primary registered structure accepted,16477,True,False,ok,,,-5505.04464022924,9027.8945228987,11022.0892804585,16477
X21,tr_16::overall,full,,M_predictor,"cbind(response_correct, response_incorrect) ~ variability_z + test_talker_id + (1 | participant_id) + (1 | analysis_item_id)",bobyqa,participant_item_intercepts_with_fixed_talker_block,registered,primary registered structure accepted,16477,True,False,ok,,,-5498.75190972109,9030.57795657641,11011.5038194422,16477
X21,tr_16::overall_order_sensitive,cv_train,0.0,M_condition,"cbind(response_correct, response_incorrect) ~ condition_id + test_talker_id + (1 | participant_id) + (1 | analysis_item_id)",bobyqa,participant_item_intercepts_with_fixed_talker_block,registered,primary registered structure accepted,10969,True,False,ok,,,-3888.82554571849,6218.68761449897,7795.65109143699,10969
X21,tr_16::overall_order_sensitive,cv_train,0.0,M_joint,"cbind(response_correct, response_incorrect) ~ condition_id + variability_z + test_talker_id + (1 | participant_id) + (1 | analysis_item_id)",bobyqa,participant_item_intercepts_with_fixed_talker_block,registered,primary registered structure accepted,10969,True,False,ok,,,-3888.77672000128,6218.74265765306,7797.55344000257,10969
X21,tr_16::overall_order_sensitive,cv_train,0.0,M_null,"cbind(response_correct, response_incorrect) ~ test_talker_id + (1 | participant_id) + (1 | analysis_item_id)",bobyqa,participant_item_intercepts_with_fixed_talker_block,registered,primary registered structure accepted,10969,True,False,ok,,,-3901.99124810197,6215.29617919678,7815.98249620393,10969
X21,tr_16::overall_order_sensitive,cv_train,0.0,M_predictor,"cbind(response_correct, response_incorrect) ~ variability_z + test_talker_id + (1 | participant_id) + (1 | analysis_item_id)",bobyqa,participant_item_intercepts_with_fixed_talker_block,registered,primary registered structure accepted,10969,True,False,ok,,,-3901.98906519068,6215.31463346678,7817.97813038136,10969
X21,tr_16::overall_order_sensitive,cv_train,1.0,M_condition,"cbind(response_correct, response_incorrect) ~ condition_id + test_talker_id + (1 | participant_id) + (1 | analysis_item_id)",bobyqa,participant_item_intercepts_with_fixed_talker_block,registered,primary registered structure accepted,10974,True,False,ok,,,-3677.83574739798,5836.41301413781,7373.67149479595,10974
X21,tr_16::overall_order_sensitive,cv_train,1.0,M_joint,"cbind(response_correct, response_incorrect) ~ condition_id + variability_z + test_talker_id + (1 | participant_id) + (1 | analysis_item_id)",bobyqa,participant_item_intercepts_with_fixed_talker_block,registered,primary registered structure accepted,10974,True,False,ok,,,-3677.8352714195,5836.41036996698,7375.67054283901,10974
X21,tr_16::overall_order_sensitive,cv_train,1.0,M_null,"cbind(response_correct, response_incorrect) ~ test_talker_id + (1 | participant_id) + (1 | analysis_item_id)",bobyqa,participant_item_intercepts_with_fixed_talker_block,registered,primary registered structure accepted,10974,True,False,ok,,,-3691.67924672808,5832.17756351935,7395.35849345616,10974
X21,tr_16::overall_order_sensitive,cv_train,1.0,M_predictor,"cbind(response_correct, response_incorrect) ~ variability_z + test_talker_id + (1 | participant_id) + (1 | analysis_item_id)",bobyqa,participant_item_intercepts_with_fixed_talker_block,registered,primary registered structure accepted,10974,True,False,ok,,,-3691.54075383251,5831.93348688113,7397.08150766503,10974
X21,tr_16::overall_order_sensitive,cv_train,2.0,M_condition,"cbind(response_correct, response_incorrect) ~ condition_id + test_talker_id + (1 | participant_id) + (1 | analysis_item_id)",bobyqa,participant_item_intercepts_with_fixed_talker_block,registered,primary registered structure accepted,11011,True,False,ok,,,-3653.11908853293,5743.97195770007,7324.23817706585,11011
X21,tr_16::overall_order_sensitive,cv_train,2.0,M_joint,"cbind(response_correct, response_incorrect) ~ condition_id + variability_z + test_talker_id + (1 | participant_id) + (1 | analysis_item_id)",bobyqa,participant_item_intercepts_with_fixed_talker_block,registered,primary registered structure accepted,11011,True,False,ok,,,-3652.83280461822,5744.19696486605,7325.66560923644,11011
X21,tr_16::overall_order_sensitive,cv_train,2.0,M_null,"cbind(response_correct, response_incorrect) ~ test_talker_id + (1 | participant_id) + (1 | analysis_item_id)",bobyqa,participant_item_intercepts_with_fixed_talker_block,registered,primary registered structure accepted,11011,True,False,ok,,,-3663.51475606588,5741.86826002167,7339.02951213176,11011
X21,tr_16::overall_order_sensitive,cv_train,2.0,M_predictor,"cbind(response_correct, response_incorrect) ~ variability_z + test_talker_id + (1 | participant_id) + (1 | analysis_item_id)",bobyqa,participant_item_intercepts_with_fixed_talker_block,registered,primary registered structure accepted,11011,True,False,ok,,,-3662.27013910709,5741.82833845733,7338.54027821417,11011
X21,tr_16::overall_order_sensitive,full,,M_condition,"cbind(response_correct, response_incorrect) ~ condition_id + test_talker_id + (1 | participant_id) + (1 | analysis_item_id)",bobyqa,participant_item_intercepts_with_fixed_talker_block,registered,primary registered structure accepted,16477,True,False,ok,,,-5487.18847211739,9033.02839874908,10992.3769442348,16477
X21,tr_16::overall_order_sensitive,full,,M_joint,"cbind(response_correct, response_incorrect) ~ condition_id + variability_z + test_talker_id + (1 | participant_id) + (1 | analysis_item_id)",bobyqa,participant_item_intercepts_with_fixed_talker_block,registered,primary registered structure accepted,16477,True,False,ok,,,-5487.15240257471,9033.02323283721,10994.3048051494,16477
X21,tr_16::overall_order_sensitive,full,,M_null,"cbind(response_correct, response_incorrect) ~ test_talker_id + (1 | participant_id) + (1 | analysis_item_id)",bobyqa,participant_item_intercepts_with_fixed_talker_block,registered,primary registered structure accepted,16477,True,False,ok,,,-5505.04464022924,9027.8945228987,11022.0892804585,16477
X21,tr_16::overall_order_sensitive,full,,M_predictor,"cbind(response_correct, response_incorrect) ~ variability_z + test_talker_id + (1 | participant_id) + (1 | analysis_item_id)",bobyqa,participant_item_intercepts_with_fixed_talker_block,registered,primary registered structure accepted,16477,True,False,ok,,,-5504.61865013108,9027.598788572,11023.2373002622,16477
X21,tr_18::overall,cv_train,0.0,M_condition,"cbind(response_correct, response_incorrect) ~ condition_id + test_talker_id + (1 | participant_id) + (1 | analysis_item_id)",bobyqa,participant_item_intercepts_with_fixed_talker_block,registered,primary registered structure accepted,10969,True,False,ok,,,-3888.82554571849,6218.68761449897,7795.65109143699,10969
X21,tr_18::overall,cv_train,0.0,M_joint,"cbind(response_correct, response_incorrect) ~ condition_id + variability_z + test_talker_id + (1 | participant_id) + (1 | analysis_item_id)",bobyqa,participant_item_intercepts_with_fixed_talker_block,registered,primary registered structure accepted,10969,True,False,ok,,,-3888.7175942634,6218.69008237652,7797.4351885268,10969
X21,tr_18::overall,cv_train,0.0,M_null,"cbind(response_correct, response_incorrect) ~ test_talker_id + (1 | participant_id) + (1 | analysis_item_id)",bobyqa,participant_item_intercepts_with_fixed_talker_block,registered,primary registered structure accepted,10969,True,False,ok,,,-3901.99124810197,6215.29617919678,7815.98249620393,10969
X21,tr_18::overall,cv_train,0.0,M_predictor,"cbind(response_correct, response_incorrect) ~ variability_z + test_talker_id + (1 | participant_id) + (1 | analysis_item_id)",bobyqa,participant_item_intercepts_with_fixed_talker_block,registered,primary registered structure accepted,10969,True,False,ok,,,-3893.7717592357,6217.33913966454,7801.5435184714,10969
X21,tr_18::overall,cv_train,1.0,M_condition,"cbind(response_correct, response_incorrect) ~ condition_id + test_talker_id + (1 | participant_id) + (1 | analysis_item_id)",bobyqa,participant_item_intercepts_with_fixed_talker_block,registered,primary registered structure accepted,10974,True,False,ok,,,-3677.83574739798,5836.41301413781,7373.67149479595,10974
X21,tr_18::overall,cv_train,1.0,M_joint,"cbind(response_correct, response_incorrect) ~ condition_id + variability_z + test_talker_id + (1 | participant_id) + (1 | analysis_item_id)",bobyqa,participant_item_intercepts_with_fixed_talker_block,registered,primary registered structure accepted,10974,True,False,ok,,,-3677.79141157166,5836.52932525853,7375.58282314331,10974
X21,tr_18::overall,cv_train,1.0,M_null,"cbind(response_correct, response_incorrect) ~ test_talker_id + (1 | participant_id) + (1 | analysis_item_id)",bobyqa,participant_item_intercepts_with_fixed_talker_block,registered,primary registered structure accepted,10974,True,False,ok,,,-3691.67924672808,5832.17756351935,7395.35849345616,10974
X21,tr_18::overall,cv_train,1.0,M_predictor,"cbind(response_correct, response_incorrect) ~ variability_z + test_talker_id + (1 | participant_id) + (1 | analysis_item_id)",bobyqa,participant_item_intercepts_with_fixed_talker_block,registered,primary registered structure accepted,10974,True,False,ok,,,-3684.97398375065,5835.61648657046,7383.9479675013,10974
X21,tr_18::overall,cv_train,2.0,M_condition,"cbind(response_correct, response_incorrect) ~ condition_id + test_talker_id + (1 | participant_id) + (1 | analysis_item_id)",bobyqa,participant_item_intercepts_with_fixed_talker_block,registered,primary registered structure accepted,11011,True,False,ok,,,-3653.11908853293,5743.97195770007,7324.23817706585,11011
X21,tr_18::overall,cv_train,2.0,M_joint,"cbind(response_correct, response_incorrect) ~ condition_id + variability_z + test_talker_id + (1 | participant_id) + (1 | analysis_item_id)",bobyqa,participant_item_intercepts_with_fixed_talker_block,registered,primary registered structure accepted,11011,True,False,ok,,,-3652.83101141299,5744.04306550196,7325.66202282597,11011
X21,tr_18::overall,cv_train,2.0,M_null,"cbind(response_correct, response_incorrect) ~ test_talker_id + (1 | participant_id) + (1 | analysis_item_id)",bobyqa,participant_item_intercepts_with_fixed_talker_block,registered,primary registered structure accepted,11011,True,False,ok,,,-3663.51475606588,5741.86826002167,7339.02951213176,11011
X21,tr_18::overall,cv_train,2.0,M_predictor,"cbind(response_correct, response_incorrect) ~ variability_z + test_talker_id + (1 | participant_id) + (1 | analysis_item_id)",bobyqa,participant_item_intercepts_with_fixed_talker_block,registered,primary registered structure accepted,11011,True,False,ok,,,-3660.82492862742,5743.05781704833,7335.64985725483,11011
X21,tr_18::overall,full,,M_condition,"cbind(response_correct, response_incorrect) ~ condition_id + test_talker_id + (1 | participant_id) + (1 | analysis_item_id)",bobyqa,participant_item_intercepts_with_fixed_talker_block,registered,primary registered structure accepted,16477,True,False,ok,,,-5487.18847211739,9033.02839874908,10992.3769442348,16477
X21,tr_18::overall,full,,M_joint,"cbind(response_correct, response_incorrect) ~ condition_id + variability_z + test_talker_id + (1 | participant_id) + (1 | analysis_item_id)",bobyqa,participant_item_intercepts_with_fixed_talker_block,registered,primary registered structure accepted,16477,True,False,ok,,,-5487.16777347007,9033.00686967909,10994.3355469401,16477
X21,tr_18::overall,full,,M_null,"cbind(response_correct, response_incorrect) ~ test_talker_id + (1 | participant_id) + (1 | analysis_item_id)",bobyqa,participant_item_intercepts_with_fixed_talker_block,registered,primary registered structure accepted,16477,True,False,ok,,,-5505.04464022924,9027.8945228987,11022.0892804585,16477
X21,tr_18::overall,full,,M_predictor,"cbind(response_correct, response_incorrect) ~ variability_z + test_talker_id + (1 | participant_id) + (1 | analysis_item_id)",bobyqa,participant_item_intercepts_with_fixed_talker_block,registered,primary registered structure accepted,16477,True,False,ok,,,-5496.98143189776,9031.52587026293,11007.9628637955,16477
X21,tr_18::overall_order_sensitive,cv_train,0.0,M_condition,"cbind(response_correct, response_incorrect) ~ condition_id + test_talker_id + (1 | participant_id) + (1 | analysis_item_id)",bobyqa,participant_item_intercepts_with_fixed_talker_block,registered,primary registered structure accepted,10969,True,False,ok,,,-3888.82554571849,6218.68761449897,7795.65109143699,10969
X21,tr_18::overall_order_sensitive,cv_train,0.0,M_joint,"cbind(response_correct, response_incorrect) ~ condition_id + variability_z + test_talker_id + (1 | participant_id) + (1 | analysis_item_id)",bobyqa,participant_item_intercepts_with_fixed_talker_block,registered,primary registered structure accepted,10969,True,False,ok,,,-3888.45882672432,6218.68424325796,7796.91765344864,10969
X21,tr_18::overall_order_sensitive,cv_train,0.0,M_null,"cbind(response_correct, response_incorrect) ~ test_talker_id + (1 | participant_id) + (1 | analysis_item_id)",bobyqa,participant_item_intercepts_with_fixed_talker_block,registered,primary registered structure accepted,10969,True,False,ok,,,-3901.99124810197,6215.29617919678,7815.98249620393,10969
X21,tr_18::overall_order_sensitive,cv_train,0.0,M_predictor,"cbind(response_correct, response_incorrect) ~ variability_z + test_talker_id + (1 | participant_id) + (1 | analysis_item_id)",bobyqa,participant_item_intercepts_with_fixed_talker_block,registered,primary registered structure accepted,10969,True,False,ok,,,-3901.87580520428,6215.18264938596,7817.75161040856,10969
X21,tr_18::overall_order_sensitive,cv_train,1.0,M_condition,"cbind(response_correct, response_incorrect) ~ condition_id + test_talker_id + (1 | participant_id) + (1 | analysis_item_id)",bobyqa,participant_item_intercepts_with_fixed_talker_block,registered,primary registered structure accepted,10974,True,False,ok,,,-3677.83574739798,5836.41301413781,7373.67149479595,10974
X21,tr_18::overall_order_sensitive,cv_train,1.0,M_joint,"cbind(response_correct, response_incorrect) ~ condition_id + variability_z + test_talker_id + (1 | participant_id) + (1 | analysis_item_id)",bobyqa,participant_item_intercepts_with_fixed_talker_block,registered,primary registered structure accepted,10974,True,False,ok,,,-3677.67794185307,5836.63550341665,7375.35588370615,10974
X21,tr_18::overall_order_sensitive,cv_train,1.0,M_null,"cbind(response_correct, response_incorrect) ~ test_talker_id + (1 | participant_id) + (1 | analysis_item_id)",bobyqa,participant_item_intercepts_with_fixed_talker_block,registered,primary registered structure accepted,10974,True,False,ok,,,-3691.67924672808,5832.17756351935,7395.35849345616,10974
X21,tr_18::overall_order_sensitive,cv_train,1.0,M_predictor,"cbind(response_correct, response_incorrect) ~ variability_z + test_talker_id + (1 | participant_id) + (1 | analysis_item_id)",bobyqa,participant_item_intercepts_with_fixed_talker_block,registered,primary registered structure accepted,10974,True,False,ok,,,-3691.53697861838,5832.14432093243,7397.07395723677,10974
X21,tr_18::overall_order_sensitive,cv_train,2.0,M_condition,"cbind(response_correct, response_incorrect) ~ condition_id + test_talker_id + (1 | participant_id) + (1 | analysis_item_id)",bobyqa,participant_item_intercepts_with_fixed_talker_block,registered,primary registered structure accepted,11011,True,False,ok,,,-3653.11908853293,5743.97195770007,7324.23817706585,11011
X21,tr_18::overall_order_sensitive,cv_train,2.0,M_joint,"cbind(response_correct, response_incorrect) ~ condition_id + variability_z + test_talker_id + (1 | participant_id) + (1 | analysis_item_id)",bobyqa,participant_item_intercepts_with_fixed_talker_block,registered,primary registered structure accepted,11011,True,False,ok,,,-3652.37353179784,5744.20967665097,7324.74706359568,11011
X21,tr_18::overall_order_sensitive,cv_train,2.0,M_null,"cbind(response_correct, response_incorrect) ~ test_talker_id + (1 | participant_id) + (1 | analysis_item_id)",bobyqa,participant_item_intercepts_with_fixed_talker_block,registered,primary registered structure accepted,11011,True,False,ok,,,-3663.51475606588,5741.86826002167,7339.02951213176,11011
X21,tr_18::overall_order_sensitive,cv_train,2.0,M_predictor,"cbind(response_correct, response_incorrect) ~ variability_z + test_talker_id + (1 | participant_id) + (1 | analysis_item_id)",bobyqa,participant_item_intercepts_with_fixed_talker_block,registered,primary registered structure accepted,11011,True,False,ok,,,-3661.84049621409,5741.71496056448,7337.68099242818,11011
X21,tr_18::overall_order_sensitive,full,,M_condition,"cbind(response_correct, response_incorrect) ~ condition_id + test_talker_id + (1 | participant_id) + (1 | analysis_item_id)",bobyqa,participant_item_intercepts_with_fixed_talker_block,registered,primary registered structure accepted,16477,True,False,ok,,,-5487.18847211739,9033.02839874908,10992.3769442348,16477
X21,tr_18::overall_order_sensitive,full,,M_joint,"cbind(response_correct, response_incorrect) ~ condition_id + variability_z + test_talker_id + (1 | participant_id) + (1 | analysis_item_id)",bobyqa,participant_item_intercepts_with_fixed_talker_block,registered,primary registered structure accepted,16477,True,False,ok,,,-5486.80835259129,9033.21092762905,10993.6167051826,16477
X21,tr_18::overall_order_sensitive,full,,M_null,"cbind(response_correct, response_incorrect) ~ test_talker_id + (1 | participant_id) + (1 | analysis_item_id)",bobyqa,participant_item_intercepts_with_fixed_talker_block,registered,primary registered structure accepted,16477,True,False,ok,,,-5505.04464022924,9027.8945228987,11022.0892804585,16477
X21,tr_18::overall_order_sensitive,full,,M_predictor,"cbind(response_correct, response_incorrect) ~ variability_z + test_talker_id + (1 | participant_id) + (1 | analysis_item_id)",bobyqa,participant_item_intercepts_with_fixed_talker_block,registered,primary registered structure accepted,16477,True,False,ok,,,-5504.5068130172,9027.70793820286,11023.0136260344,16477
X21,tr_20::overall,cv_train,0.0,M_condition,"cbind(response_correct, response_incorrect) ~ condition_id + test_talker_id + (1 | participant_id) + (1 | analysis_item_id)",bobyqa,participant_item_intercepts_with_fixed_talker_block,registered,primary registered structure accepted,10969,True,False,ok,,,-3888.82554571849,6218.68761449897,7795.65109143699,10969
X21,tr_20::overall,cv_train,0.0,M_joint,"cbind(response_correct, response_incorrect) ~ condition_id + variability_z + test_talker_id + (1 | participant_id) + (1 | analysis_item_id)",bobyqa,participant_item_intercepts_with_fixed_talker_block,registered,primary registered structure accepted,10969,True,False,ok,,,-3888.81761164065,6218.70563016006,7797.63522328129,10969
X21,tr_20::overall,cv_train,0.0,M_null,"cbind(response_correct, response_incorrect) ~ test_talker_id + (1 | participant_id) + (1 | analysis_item_id)",bobyqa,participant_item_intercepts_with_fixed_talker_block,registered,primary registered structure accepted,10969,True,False,ok,,,-3901.99124810197,6215.29617919678,7815.98249620393,10969
X21,tr_20::overall,cv_train,0.0,M_predictor,"cbind(response_correct, response_incorrect) ~ variability_z + test_talker_id + (1 | participant_id) + (1 | analysis_item_id)",bobyqa,participant_item_intercepts_with_fixed_talker_block,registered,primary registered structure accepted,10969,True,False,ok,,,-3893.96221707711,6217.48693273341,7801.92443415423,10969
X21,tr_20::overall,cv_train,1.0,M_condition,"cbind(response_correct, response_incorrect) ~ condition_id + test_talker_id + (1 | participant_id) + (1 | analysis_item_id)",bobyqa,participant_item_intercepts_with_fixed_talker_block,registered,primary registered structure accepted,10974,True,False,ok,,,-3677.83574739798,5836.41301413781,7373.67149479595,10974
X21,tr_20::overall,cv_train,1.0,M_joint,"cbind(response_correct, response_incorrect) ~ condition_id + variability_z + test_talker_id + (1 | participant_id) + (1 | analysis_item_id)",bobyqa,participant_item_intercepts_with_fixed_talker_block,registered,primary registered structure accepted,10974,True,False,ok,,,-3677.82346247163,5836.41538776591,7375.64692494325,10974
X21,tr_20::overall,cv_train,1.0,M_null,"cbind(response_correct, response_incorrect) ~ test_talker_id + (1 | participant_id) + (1 | analysis_item_id)",bobyqa,participant_item_intercepts_with_fixed_talker_block,registered,primary registered structure accepted,10974,True,False,ok,,,-3691.67924672808,5832.17756351935,7395.35849345616,10974
X21,tr_20::overall,cv_train,1.0,M_predictor,"cbind(response_correct, response_incorrect) ~ variability_z + test_talker_id + (1 | participant_id) + (1 | analysis_item_id)",bobyqa,participant_item_intercepts_with_fixed_talker_block,registered,primary registered structure accepted,10974,True,False,ok,,,-3684.2922156007,5835.38885670627,7382.5844312014,10974
X21,tr_20::overall,cv_train,2.0,M_condition,"cbind(response_correct, response_incorrect) ~ condition_id + test_talker_id + (1 | participant_id) + (1 | analysis_item_id)",bobyqa,participant_item_intercepts_with_fixed_talker_block,registered,primary registered structure accepted,11011,True,False,ok,,,-3653.11908853293,5743.97195770007,7324.23817706585,11011
X21,tr_20::overall,cv_train,2.0,M_joint,"cbind(response_correct, response_incorrect) ~ condition_id + variability_z + test_talker_id + (1 | participant_id) + (1 | analysis_item_id)",bobyqa,participant_item_intercepts_with_fixed_talker_block,registered,primary registered structure accepted,11011,True,False,ok,,,-3651.78665973878,5744.28726589616,7323.57331947756,11011
X21,tr_20::overall,cv_train,2.0,M_null,"cbind(response_correct, response_incorrect) ~ test_talker_id + (1 | participant_id) + (1 | analysis_item_id)",bobyqa,participant_item_intercepts_with_fixed_talker_block,registered,primary registered structure accepted,11011,True,False,ok,,,-3663.51475606588,5741.86826002167,7339.02951213176,11011
X21,tr_20::overall,cv_train,2.0,M_predictor,"cbind(response_correct, response_incorrect) ~ variability_z + test_talker_id + (1 | participant_id) + (1 | analysis_item_id)",bobyqa,participant_item_intercepts_with_fixed_talker_block,registered,primary registered structure accepted,11011,True,False,ok,,,-3661.29493760507,5743.10764264115,7336.58987521015,11011
X21,tr_20::overall,full,,M_condition,"cbind(response_correct, response_incorrect) ~ condition_id + test_talker_id + (1 | participant_id) + (1 | analysis_item_id)",bobyqa,participant_item_intercepts_with_fixed_talker_block,registered,primary registered structure accepted,16477,True,False,ok,,,-5487.18847211739,9033.02839874908,10992.3769442348,16477
X21,tr_20::overall,full,,M_joint,"cbind(response_correct, response_incorrect) ~ condition_id + variability_z + test_talker_id + (1 | participant_id) + (1 | analysis_item_id)",bobyqa,participant_item_intercepts_with_fixed_talker_block,registered,primary registered structure accepted,16477,True,False,ok,,,-5486.97148525038,9033.10575943754,10993.9429705008,16477
X21,tr_20::overall,full,,M_null,"cbind(response_correct, response_incorrect) ~ test_talker_id + (1 | participant_id) + (1 | analysis_item_id)",bobyqa,participant_item_intercepts_with_fixed_talker_block,registered,primary registered structure accepted,16477,True,False,ok,,,-5505.04464022924,9027.8945228987,11022.0892804585,16477
X21,tr_20::overall,full,,M_predictor,"cbind(response_correct, response_incorrect) ~ variability_z + test_talker_id + (1 | participant_id) + (1 | analysis_item_id)",bobyqa,participant_item_intercepts_with_fixed_talker_block,registered,primary registered structure accepted,16477,True,False,ok,,,-5496.91962967358,9031.4113275113,11007.8392593472,16477
X21,tr_20::overall_order_sensitive,cv_train,0.0,M_condition,"cbind(response_correct, response_incorrect) ~ condition_id + test_talker_id + (1 | participant_id) + (1 | analysis_item_id)",bobyqa,participant_item_intercepts_with_fixed_talker_block,registered,primary registered structure accepted,10969,True,False,ok,,,-3888.82554571849,6218.68761449897,7795.65109143699,10969
X21,tr_20::overall_order_sensitive,cv_train,0.0,M_joint,"cbind(response_correct, response_incorrect) ~ condition_id + variability_z + test_talker_id + (1 | participant_id) + (1 | analysis_item_id)",bobyqa,participant_item_intercepts_with_fixed_talker_block,registered,primary registered structure accepted,10969,True,False,ok,,,-3888.60534624114,6218.68084925138,7797.21069248227,10969
X21,tr_20::overall_order_sensitive,cv_train,0.0,M_null,"cbind(response_correct, response_incorrect) ~ test_talker_id + (1 | participant_id) + (1 | analysis_item_id)",bobyqa,participant_item_intercepts_with_fixed_talker_block,registered,primary registered structure accepted,10969,True,False,ok,,,-3901.99124810197,6215.29617919678,7815.98249620393,10969
X21,tr_20::overall_order_sensitive,cv_train,0.0,M_predictor,"cbind(response_correct, response_incorrect) ~ variability_z + test_talker_id + (1 | participant_id) + (1 | analysis_item_id)",bobyqa,participant_item_intercepts_with_fixed_talker_block,registered,primary registered structure accepted,10969,True,False,ok,,,-3900.65587359135,6215.23485454547,7815.31174718269,10969
X21,tr_20::overall_order_sensitive,cv_train,1.0,M_condition,"cbind(response_correct, response_incorrect) ~ condition_id + test_talker_id + (1 | participant_id) + (1 | analysis_item_id)",bobyqa,participant_item_intercepts_with_fixed_talker_block,registered,primary registered structure accepted,10974,True,False,ok,,,-3677.83574739798,5836.41301413781,7373.67149479595,10974
X21,tr_20::overall_order_sensitive,cv_train,1.0,M_joint,"cbind(response_correct, response_incorrect) ~ condition_id + variability_z + test_talker_id + (1 | participant_id) + (1 | analysis_item_id)",bobyqa,participant_item_intercepts_with_fixed_talker_block,registered,primary registered structure accepted,10974,True,False,ok,,,-3677.49504790941,5836.44257030336,7374.99009581882,10974
X21,tr_20::overall_order_sensitive,cv_train,1.0,M_null,"cbind(response_correct, response_incorrect) ~ test_talker_id + (1 | participant_id) + (1 | analysis_item_id)",bobyqa,participant_item_intercepts_with_fixed_talker_block,registered,primary registered structure accepted,10974,True,False,ok,,,-3691.67924672808,5832.17756351935,7395.35849345616,10974
X21,tr_20::overall_order_sensitive,cv_train,1.0,M_predictor,"cbind(response_correct, response_incorrect) ~ variability_z + test_talker_id + (1 | participant_id) + (1 | analysis_item_id)",bobyqa,participant_item_intercepts_with_fixed_talker_block,registered,primary registered structure accepted,10974,True,False,ok,,,-3689.55318731734,5831.91963356669,7393.10637463468,10974
X21,tr_20::overall_order_sensitive,cv_train,2.0,M_condition,"cbind(response_correct, response_incorrect) ~ condition_id + test_talker_id + (1 | participant_id) + (1 | analysis_item_id)",bobyqa,participant_item_intercepts_with_fixed_talker_block,registered,primary registered structure accepted,11011,True,False,ok,,,-3653.11908853293,5743.97195770007,7324.23817706585,11011
X21,tr_20::overall_order_sensitive,cv_train,2.0,M_joint,"cbind(response_correct, response_incorrect) ~ condition_id + variability_z + test_talker_id + (1 | participant_id) + (1 | analysis_item_id)",bobyqa,participant_item_intercepts_with_fixed_talker_block,registered,primary registered structure accepted,11011,True,False,ok,,,-3652.34279146255,5744.24624616228,7324.6855829251,11011
X21,tr_20::overall_order_sensitive,cv_train,2.0,M_null,"cbind(response_correct, response_incorrect) ~ test_talker_id + (1 | participant_id) + (1 | analysis_item_id)",bobyqa,participant_item_intercepts_with_fixed_talker_block,registered,primary registered structure accepted,11011,True,False,ok,,,-3663.51475606588,5741.86826002167,7339.02951213176,11011
X21,tr_20::overall_order_sensitive,cv_train,2.0,M_predictor,"cbind(response_correct, response_incorrect) ~ variability_z + test_talker_id + (1 | participant_id) + (1 | analysis_item_id)",bobyqa,participant_item_intercepts_with_fixed_talker_block,registered,primary registered structure accepted,11011,True,False,ok,,,-3660.16029562395,5742.03425445736,7334.32059124791,11011
X21,tr_20::overall_order_sensitive,full,,M_condition,"cbind(response_correct, response_incorrect) ~ condition_id + test_talker_id + (1 | participant_id) + (1 | analysis_item_id)",bobyqa,participant_item_intercepts_with_fixed_talker_block,registered,primary registered structure accepted,16477,True,False,ok,,,-5487.18847211739,9033.02839874908,10992.3769442348,16477
X21,tr_20::overall_order_sensitive,full,,M_joint,"cbind(response_correct, response_incorrect) ~ condition_id + variability_z + test_talker_id + (1 | participant_id) + (1 | analysis_item_id)",bobyqa,participant_item_intercepts_with_fixed_talker_block,registered,primary registered structure accepted,16477,True,False,ok,,,-5486.63135721322,9033.08590083843,10993.2627144264,16477
X21,tr_20::overall_order_sensitive,full,,M_null,"cbind(response_correct, response_incorrect) ~ test_talker_id + (1 | participant_id) + (1 | analysis_item_id)",bobyqa,participant_item_intercepts_with_fixed_talker_block,registered,primary registered structure accepted,16477,True,False,ok,,,-5505.04464022924,9027.8945228987,11022.0892804585,16477
X21,tr_20::overall_order_sensitive,full,,M_predictor,"cbind(response_correct, response_incorrect) ~ variability_z + test_talker_id + (1 | participant_id) + (1 | analysis_item_id)",bobyqa,participant_item_intercepts_with_fixed_talker_block,registered,primary registered structure accepted,16477,True,False,ok,,,-5501.85701850147,9027.77317319998,11017.7140370029,16477
X21,tr_22::overall,cv_train,0.0,M_condition,"cbind(response_correct, response_incorrect) ~ condition_id + test_talker_id + (1 | participant_id) + (1 | analysis_item_id)",bobyqa,participant_item_intercepts_with_fixed_talker_block,registered,primary registered structure accepted,10969,True,False,ok,,,-3888.82554571849,6218.68761449897,7795.65109143699,10969
X21,tr_22::overall,cv_train,0.0,M_joint,"cbind(response_correct, response_incorrect) ~ condition_id + variability_z + test_talker_id + (1 | participant_id) + (1 | analysis_item_id)",bobyqa,participant_item_intercepts_with_fixed_talker_block,registered,primary registered structure accepted,10969,True,False,ok,,,-3888.82001942557,6218.69517502201,7797.64003885115,10969
X21,tr_22::overall,cv_train,0.0,M_null,"cbind(response_correct, response_incorrect) ~ test_talker_id + (1 | participant_id) + (1 | analysis_item_id)",bobyqa,participant_item_intercepts_with_fixed_talker_block,registered,primary registered structure accepted,10969,True,False,ok,,,-3901.99124810197,6215.29617919678,7815.98249620393,10969
X21,tr_22::overall,cv_train,0.0,M_predictor,"cbind(response_correct, response_incorrect) ~ variability_z + test_talker_id + (1 | participant_id) + (1 | analysis_item_id)",bobyqa,participant_item_intercepts_with_fixed_talker_block,registered,primary registered structure accepted,10969,True,False,ok,,,-3894.9250337786,6217.23147025112,7803.8500675572,10969
X21,tr_22::overall,cv_train,1.0,M_condition,"cbind(response_correct, response_incorrect) ~ condition_id + test_talker_id + (1 | participant_id) + (1 | analysis_item_id)",bobyqa,participant_item_intercepts_with_fixed_talker_block,registered,primary registered structure accepted,10974,True,False,ok,,,-3677.83574739798,5836.41301413781,7373.67149479595,10974
X21,tr_22::overall,cv_train,1.0,M_joint,"cbind(response_correct, response_incorrect) ~ condition_id + variability_z + test_talker_id + (1 | participant_id) + (1 | analysis_item_id)",bobyqa,participant_item_intercepts_with_fixed_talker_block,registered,primary registered structure accepted,10974,True,False,ok,,,-3677.68825270077,5836.19407175692,7375.37650540155,10974
X21,tr_22::overall,cv_train,1.0,M_null,"cbind(response_correct, response_incorrect) ~ test_talker_id + (1 | participant_id) + (1 | analysis_item_id)",bobyqa,participant_item_intercepts_with_fixed_talker_block,registered,primary registered structure accepted,10974,True,False,ok,,,-3691.67924672808,5832.17756351935,7395.35849345616,10974
X21,tr_22::overall,cv_train,1.0,M_predictor,"cbind(response_correct, response_incorrect) ~ variability_z + test_talker_id + (1 | participant_id) + (1 | analysis_item_id)",bobyqa,participant_item_intercepts_with_fixed_talker_block,registered,primary registered structure accepted,10974,True,False,ok,,,-3686.56423229338,5835.44805396268,7387.12846458676,10974
X21,tr_22::overall,cv_train,2.0,M_condition,"cbind(response_correct, response_incorrect) ~ condition_id + test_talker_id + (1 | participant_id) + (1 | analysis_item_id)",bobyqa,participant_item_intercepts_with_fixed_talker_block,registered,primary registered structure accepted,11011,True,False,ok,,,-3653.11908853293,5743.97195770007,7324.23817706585,11011
X21,tr_22::overall,cv_train,2.0,M_joint,"cbind(response_correct, response_incorrect) ~ condition_id + variability_z + test_talker_id + (1 | participant_id) + (1 | analysis_item_id)",bobyqa,participant_item_intercepts_with_fixed_talker_block,registered,primary registered structure accepted,11011,True,False,ok,,,-3651.86650072229,5744.38657299696,7323.73300144458,11011
X21,tr_22::overall,cv_train,2.0,M_null,"cbind(response_correct, response_incorrect) ~ test_talker_id + (1 | participant_id) + (1 | analysis_item_id)",bobyqa,participant_item_intercepts_with_fixed_talker_block,registered,primary registered structure accepted,11011,True,False,ok,,,-3663.51475606588,5741.86826002167,7339.02951213176,11011
X21,tr_22::overall,cv_train,2.0,M_predictor,"cbind(response_correct, response_incorrect) ~ variability_z + test_talker_id + (1 | participant_id) + (1 | analysis_item_id)",bobyqa,participant_item_intercepts_with_fixed_talker_block,registered,primary registered structure accepted,11011,True,False,ok,,,-3661.87510896378,5742.76648445143,7337.75021792755,11011
X21,tr_22::overall,full,,M_condition,"cbind(response_correct, response_incorrect) ~ condition_id + test_talker_id + (1 | participant_id) + (1 | analysis_item_id)",bobyqa,participant_item_intercepts_with_fixed_talker_block,registered,primary registered structure accepted,16477,True,False,ok,,,-5487.18847211739,9033.02839874908,10992.3769442348,16477
X21,tr_22::overall,full,,M_joint,"cbind(response_correct, response_incorrect) ~ condition_id + variability_z + test_talker_id + (1 | participant_id) + (1 | analysis_item_id)",bobyqa,participant_item_intercepts_with_fixed_talker_block,registered,primary registered structure accepted,16477,True,False,ok,,,-5486.59262444577,9033.00675598689,10993.1852488915,16477
X21,tr_22::overall,full,,M_null,"cbind(response_correct, response_incorrect) ~ test_talker_id + (1 | participant_id) + (1 | analysis_item_id)",bobyqa,participant_item_intercepts_with_fixed_talker_block,registered,primary registered structure accepted,16477,True,False,ok,,,-5505.04464022924,9027.8945228987,11022.0892804585,16477
X21,tr_22::overall,full,,M_predictor,"cbind(response_correct, response_incorrect) ~ variability_z + test_talker_id + (1 | participant_id) + (1 | analysis_item_id)",bobyqa,participant_item_intercepts_with_fixed_talker_block,registered,primary registered structure accepted,16477,True,False,ok,,,-5498.97358470004,9031.06969273405,11011.9471694001,16477
X21,tr_22::overall_order_sensitive,cv_train,0.0,M_condition,"cbind(response_correct, response_incorrect) ~ condition_id + test_talker_id + (1 | participant_id) + (1 | analysis_item_id)",bobyqa,participant_item_intercepts_with_fixed_talker_block,registered,primary registered structure accepted,10969,True,False,ok,,,-3888.82554571849,6218.68761449897,7795.65109143699,10969
X21,tr_22::overall_order_sensitive,cv_train,0.0,M_joint,"cbind(response_correct, response_incorrect) ~ condition_id + variability_z + test_talker_id + (1 | participant_id) + (1 | analysis_item_id)",bobyqa,participant_item_intercepts_with_fixed_talker_block,registered,primary registered structure accepted,10969,True,False,ok,,,-3888.75665523326,6218.78865879772,7797.51331046652,10969
X21,tr_22::overall_order_sensitive,cv_train,0.0,M_null,"cbind(response_correct, response_incorrect) ~ test_talker_id + (1 | participant_id) + (1 | analysis_item_id)",bobyqa,participant_item_intercepts_with_fixed_talker_block,registered,primary registered structure accepted,10969,True,False,ok,,,-3901.99124810197,6215.29617919678,7815.98249620393,10969
X21,tr_22::overall_order_sensitive,cv_train,0.0,M_predictor,"cbind(response_correct, response_incorrect) ~ variability_z + test_talker_id + (1 | participant_id) + (1 | analysis_item_id)",bobyqa,participant_item_intercepts_with_fixed_talker_block,registered,primary registered structure accepted,10969,True,False,ok,,,-3901.27350348036,6215.83514853884,7816.54700696073,10969
X21,tr_22::overall_order_sensitive,cv_train,1.0,M_condition,"cbind(response_correct, response_incorrect) ~ condition_id + test_talker_id + (1 | participant_id) + (1 | analysis_item_id)",bobyqa,participant_item_intercepts_with_fixed_talker_block,registered,primary registered structure accepted,10974,True,False,ok,,,-3677.83574739798,5836.41301413781,7373.67149479595,10974
X21,tr_22::overall_order_sensitive,cv_train,1.0,M_joint,"cbind(response_correct, response_incorrect) ~ condition_id + variability_z + test_talker_id + (1 | participant_id) + (1 | analysis_item_id)",bobyqa,participant_item_intercepts_with_fixed_talker_block,registered,primary registered structure accepted,10974,True,False,ok,,,-3677.77801857431,5836.3127368447,7375.55603714863,10974
X21,tr_22::overall_order_sensitive,cv_train,1.0,M_null,"cbind(response_correct, response_incorrect) ~ test_talker_id + (1 | participant_id) + (1 | analysis_item_id)",bobyqa,participant_item_intercepts_with_fixed_talker_block,registered,primary registered structure accepted,10974,True,False,ok,,,-3691.67924672808,5832.17756351935,7395.35849345616,10974
X21,tr_22::overall_order_sensitive,cv_train,1.0,M_predictor,"cbind(response_correct, response_incorrect) ~ variability_z + test_talker_id + (1 | participant_id) + (1 | analysis_item_id)",bobyqa,participant_item_intercepts_with_fixed_talker_block,registered,primary registered structure accepted,10974,True,False,ok,,,-3691.63618804688,5832.39535022548,7397.27237609376,10974
X21,tr_22::overall_order_sensitive,cv_train,2.0,M_condition,"cbind(response_correct, response_incorrect) ~ condition_id + test_talker_id + (1 | participant_id) + (1 | analysis_item_id)",bobyqa,participant_item_intercepts_with_fixed_talker_block,registered,primary registered structure accepted,11011,True,False,ok,,,-3653.11908853293,5743.97195770007,7324.23817706585,11011
X21,tr_22::overall_order_sensitive,cv_train,2.0,M_joint,"cbind(response_correct, response_incorrect) ~ condition_id + variability_z + test_talker_id + (1 | participant_id) + (1 | analysis_item_id)",bobyqa,participant_item_intercepts_with_fixed_talker_block,registered,primary registered structure accepted,11011,True,False,ok,,,-3653.02622832978,5744.07497020801,7326.05245665956,11011
X21,tr_22::overall_order_sensitive,cv_train,2.0,M_null,"cbind(response_correct, response_incorrect) ~ test_talker_id + (1 | participant_id) + (1 | analysis_item_id)",bobyqa,participant_item_intercepts_with_fixed_talker_block,registered,primary registered structure accepted,11011,True,False,ok,,,-3663.51475606588,5741.86826002167,7339.02951213176,11011
X21,tr_22::overall_order_sensitive,cv_train,2.0,M_predictor,"cbind(response_correct, response_incorrect) ~ variability_z + test_talker_id + (1 | participant_id) + (1 | analysis_item_id)",bobyqa,participant_item_intercepts_with_fixed_talker_block,registered,primary registered structure accepted,11011,True,False,ok,,,-3663.4802896997,5741.82261017819,7340.96057939941,11011
X21,tr_22::overall_order_sensitive,full,,M_condition,"cbind(response_correct, response_incorrect) ~ condition_id + test_talker_id + (1 | participant_id) + (1 | analysis_item_id)",bobyqa,participant_item_intercepts_with_fixed_talker_block,registered,primary registered structure accepted,16477,True,False,ok,,,-5487.18847211739,9033.02839874908,10992.3769442348,16477
X21,tr_22::overall_order_sensitive,full,,M_joint,"cbind(response_correct, response_incorrect) ~ condition_id + variability_z + test_talker_id + (1 | participant_id) + (1 | analysis_item_id)",bobyqa,participant_item_intercepts_with_fixed_talker_block,registered,primary registered structure accepted,16477,True,False,ok,,,-5487.13791972042,9032.97961785363,10994.2758394408,16477
X21,tr_22::overall_order_sensitive,full,,M_null,"cbind(response_correct, response_incorrect) ~ test_talker_id + (1 | participant_id) + (1 | analysis_item_id)",bobyqa,participant_item_intercepts_with_fixed_talker_block,registered,primary registered structure accepted,16477,True,False,ok,,,-5505.04464022924,9027.8945228987,11022.0892804585,16477
X21,tr_22::overall_order_sensitive,full,,M_predictor,"cbind(response_correct, response_incorrect) ~ variability_z + test_talker_id + (1 | participant_id) + (1 | analysis_item_id)",bobyqa,participant_item_intercepts_with_fixed_talker_block,registered,primary registered structure accepted,16477,True,False,ok,,,-5504.98034740673,9028.10763289071,11023.9606948135,16477
X21,tr_2::overall,cv_train,0.0,M_condition,"cbind(response_correct, response_incorrect) ~ condition_id + test_talker_id + (1 | participant_id) + (1 | analysis_item_id)",bobyqa,participant_item_intercepts_with_fixed_talker_block,registered,primary registered structure accepted,10969,True,False,ok,,,-3888.82554571849,6218.68761449897,7795.65109143699,10969
X21,tr_2::overall,cv_train,0.0,M_joint,"cbind(response_correct, response_incorrect) ~ condition_id + variability_z + test_talker_id + (1 | participant_id) + (1 | analysis_item_id)",bobyqa,participant_item_intercepts_with_fixed_talker_block,registered,primary registered structure accepted,10969,True,False,ok,,,-3888.5953173703,6218.66877068034,7797.1906347406,10969
X21,tr_2::overall,cv_train,0.0,M_null,"cbind(response_correct, response_incorrect) ~ test_talker_id + (1 | participant_id) + (1 | analysis_item_id)",bobyqa,participant_item_intercepts_with_fixed_talker_block,registered,primary registered structure accepted,10969,True,False,ok,,,-3901.99124810197,6215.29617919678,7815.98249620393,10969
X21,tr_2::overall,cv_train,0.0,M_predictor,"cbind(response_correct, response_incorrect) ~ variability_z + test_talker_id + (1 | participant_id) + (1 | analysis_item_id)",bobyqa,participant_item_intercepts_with_fixed_talker_block,registered,primary registered structure accepted,10969,True,False,ok,,,-3899.64876651551,6216.40990025166,7813.29753303102,10969
X21,tr_2::overall,cv_train,1.0,M_condition,"cbind(response_correct, response_incorrect) ~ condition_id + test_talker_id + (1 | participant_id) + (1 | analysis_item_id)",bobyqa,participant_item_intercepts_with_fixed_talker_block,registered,primary registered structure accepted,10974,True,False,ok,,,-3677.83574739798,5836.41301413781,7373.67149479595,10974
X21,tr_2::overall,cv_train,1.0,M_joint,"cbind(response_correct, response_incorrect) ~ condition_id + variability_z + test_talker_id + (1 | participant_id) + (1 | analysis_item_id)",bobyqa,participant_item_intercepts_with_fixed_talker_block,registered,primary registered structure accepted,10974,True,False,ok,,,-3677.53933207974,5836.39218364059,7375.07866415948,10974
X21,tr_2::overall,cv_train,1.0,M_null,"cbind(response_correct, response_incorrect) ~ test_talker_id + (1 | participant_id) + (1 | analysis_item_id)",bobyqa,participant_item_intercepts_with_fixed_talker_block,registered,primary registered structure accepted,10974,True,False,ok,,,-3691.67924672808,5832.17756351935,7395.35849345616,10974
X21,tr_2::overall,cv_train,1.0,M_predictor,"cbind(response_correct, response_incorrect) ~ variability_z + test_talker_id + (1 | participant_id) + (1 | analysis_item_id)",bobyqa,participant_item_intercepts_with_fixed_talker_block,registered,primary registered structure accepted,10974,True,False,ok,,,-3690.30222849077,5833.49615237777,7394.60445698153,10974
X21,tr_2::overall,cv_train,2.0,M_condition,"cbind(response_correct, response_incorrect) ~ condition_id + test_talker_id + (1 | participant_id) + (1 | analysis_item_id)",bobyqa,participant_item_intercepts_with_fixed_talker_block,registered,primary registered structure accepted,11011,True,False,ok,,,-3653.11908853293,5743.97195770007,7324.23817706585,11011
X21,tr_2::overall,cv_train,2.0,M_joint,"cbind(response_correct, response_incorrect) ~ condition_id + variability_z + test_talker_id + (1 | participant_id) + (1 | analysis_item_id)",bobyqa,participant_item_intercepts_with_fixed_talker_block,registered,primary registered structure accepted,11011,True,False,ok,,,-3650.7811093064,5744.93351180754,7321.56221861279,11011
X21,tr_2::overall,cv_train,2.0,M_null,"cbind(response_correct, response_incorrect) ~ test_talker_id + (1 | participant_id) + (1 | analysis_item_id)",bobyqa,participant_item_intercepts_with_fixed_talker_block,registered,primary registered structure accepted,11011,True,False,ok,,,-3663.51475606588,5741.86826002167,7339.02951213176,11011
X21,tr_2::overall,cv_train,2.0,M_predictor,"cbind(response_correct, response_incorrect) ~ variability_z + test_talker_id + (1 | participant_id) + (1 | analysis_item_id)",bobyqa,participant_item_intercepts_with_fixed_talker_block,registered,primary registered structure accepted,11011,True,False,ok,,,-3663.49187955714,5741.80509143457,7340.98375911428,11011
X21,tr_2::overall,full,,M_condition,"cbind(response_correct, response_incorrect) ~ condition_id + test_talker_id + (1 | participant_id) + (1 | analysis_item_id)",bobyqa,participant_item_intercepts_with_fixed_talker_block,registered,primary registered structure accepted,16477,True,False,ok,,,-5487.18847211739,9033.02839874908,10992.3769442348,16477
X21,tr_2::overall,full,,M_joint,"cbind(response_correct, response_incorrect) ~ condition_id + variability_z + test_talker_id + (1 | participant_id) + (1 | analysis_item_id)",bobyqa,participant_item_intercepts_with_fixed_talker_block,registered,primary registered structure accepted,16477,True,False,ok,,,-5486.15123770382,9033.16282935598,10992.3024754076,16477
X21,tr_2::overall,full,,M_null,"cbind(response_correct, response_incorrect) ~ test_talker_id + (1 | participant_id) + (1 | analysis_item_id)",bobyqa,participant_item_intercepts_with_fixed_talker_block,registered,primary registered structure accepted,16477,True,False,ok,,,-5505.04464022924,9027.8945228987,11022.0892804585,16477
X21,tr_2::overall,full,,M_predictor,"cbind(response_correct, response_incorrect) ~ variability_z + test_talker_id + (1 | participant_id) + (1 | analysis_item_id)",bobyqa,participant_item_intercepts_with_fixed_talker_block,registered,primary registered structure accepted,16477,True,False,ok,,,-5503.97766915697,9028.94336990375,11021.9553383139,16477
X21,tr_2::overall_order_sensitive,cv_train,0.0,M_condition,"cbind(response_correct, response_incorrect) ~ condition_id + test_talker_id + (1 | participant_id) + (1 | analysis_item_id)",bobyqa,participant_item_intercepts_with_fixed_talker_block,registered,primary registered structure accepted,10969,True,False,ok,,,-3888.82554571849,6218.68761449897,7795.65109143699,10969
X21,tr_2::overall_order_sensitive,cv_train,0.0,M_joint,"cbind(response_correct, response_incorrect) ~ condition_id + variability_z + test_talker_id + (1 | participant_id) + (1 | analysis_item_id)",bobyqa,participant_item_intercepts_with_fixed_talker_block,registered,primary registered structure accepted,10969,True,False,ok,,,-3888.4589984921,6218.78639674817,7796.9179969842,10969
X21,tr_2::overall_order_sensitive,cv_train,0.0,M_null,"cbind(response_correct, response_incorrect) ~ test_talker_id + (1 | participant_id) + (1 | analysis_item_id)",bobyqa,participant_item_intercepts_with_fixed_talker_block,registered,primary registered structure accepted,10969,True,False,ok,,,-3901.99124810197,6215.29617919678,7815.98249620393,10969
X21,tr_2::overall_order_sensitive,cv_train,0.0,M_predictor,"cbind(response_correct, response_incorrect) ~ variability_z + test_talker_id + (1 | participant_id) + (1 | analysis_item_id)",bobyqa,participant_item_intercepts_with_fixed_talker_block,registered,primary registered structure accepted,10969,True,False,ok,,,-3901.91967960706,6215.2974896628,7817.83935921412,10969
X21,tr_2::overall_order_sensitive,cv_train,1.0,M_condition,"cbind(response_correct, response_incorrect) ~ condition_id + test_talker_id + (1 | participant_id) + (1 | analysis_item_id)",bobyqa,participant_item_intercepts_with_fixed_talker_block,registered,primary registered structure accepted,10974,True,False,ok,,,-3677.83574739798,5836.41301413781,7373.67149479595,10974
X21,tr_2::overall_order_sensitive,cv_train,1.0,M_joint,"cbind(response_correct, response_incorrect) ~ condition_id + variability_z + test_talker_id + (1 | participant_id) + (1 | analysis_item_id)",bobyqa,participant_item_intercepts_with_fixed_talker_block,registered,primary registered structure accepted,10974,True,False,ok,,,-3676.63599640862,5835.99335631962,7373.27199281723,10974
X21,tr_2::overall_order_sensitive,cv_train,1.0,M_null,"cbind(response_correct, response_incorrect) ~ test_talker_id + (1 | participant_id) + (1 | analysis_item_id)",bobyqa,participant_item_intercepts_with_fixed_talker_block,registered,primary registered structure accepted,10974,True,False,ok,,,-3691.67924672808,5832.17756351935,7395.35849345616,10974
X21,tr_2::overall_order_sensitive,cv_train,1.0,M_predictor,"cbind(response_correct, response_incorrect) ~ variability_z + test_talker_id + (1 | participant_id) + (1 | analysis_item_id)",bobyqa,participant_item_intercepts_with_fixed_talker_block,registered,primary registered structure accepted,10974,True,False,ok,,,-3691.2954467101,5831.81111104252,7396.5908934202,10974
X21,tr_2::overall_order_sensitive,cv_train,2.0,M_condition,"cbind(response_correct, response_incorrect) ~ condition_id + test_talker_id + (1 | participant_id) + (1 | analysis_item_id)",bobyqa,participant_item_intercepts_with_fixed_talker_block,registered,primary registered structure accepted,11011,True,False,ok,,,-3653.11908853293,5743.97195770007,7324.23817706585,11011
X21,tr_2::overall_order_sensitive,cv_train,2.0,M_joint,"cbind(response_correct, response_incorrect) ~ condition_id + variability_z + test_talker_id + (1 | participant_id) + (1 | analysis_item_id)",bobyqa,participant_item_intercepts_with_fixed_talker_block,registered,primary registered structure accepted,11011,True,False,ok,,,-3651.93165126352,5743.85024326138,7323.86330252704,11011
X21,tr_2::overall_order_sensitive,cv_train,2.0,M_null,"cbind(response_correct, response_incorrect) ~ test_talker_id + (1 | participant_id) + (1 | analysis_item_id)",bobyqa,participant_item_intercepts_with_fixed_talker_block,registered,primary registered structure accepted,11011,True,False,ok,,,-3663.51475606588,5741.86826002167,7339.02951213176,11011
X21,tr_2::overall_order_sensitive,cv_train,2.0,M_predictor,"cbind(response_correct, response_incorrect) ~ variability_z + test_talker_id + (1 | participant_id) + (1 | analysis_item_id)",bobyqa,participant_item_intercepts_with_fixed_talker_block,registered,primary registered structure accepted,11011,True,False,ok,,,-3662.94382714171,5741.51220276993,7339.88765428343,11011
X21,tr_2::overall_order_sensitive,full,,M_condition,"cbind(response_correct, response_incorrect) ~ condition_id + test_talker_id + (1 | participant_id) + (1 | analysis_item_id)",bobyqa,participant_item_intercepts_with_fixed_talker_block,registered,primary registered structure accepted,16477,True,False,ok,,,-5487.18847211739,9033.02839874908,10992.3769442348,16477
X21,tr_2::overall_order_sensitive,full,,M_joint,"cbind(response_correct, response_incorrect) ~ condition_id + variability_z + test_talker_id + (1 | participant_id) + (1 | analysis_item_id)",bobyqa,participant_item_intercepts_with_fixed_talker_block,registered,primary registered structure accepted,16477,True,False,ok,,,-5485.91665619588,9032.7709631182,10991.8333123918,16477
X21,tr_2::overall_order_sensitive,full,,M_null,"cbind(response_correct, response_incorrect) ~ test_talker_id + (1 | participant_id) + (1 | analysis_item_id)",bobyqa,participant_item_intercepts_with_fixed_talker_block,registered,primary registered structure accepted,16477,True,False,ok,,,-5505.04464022924,9027.8945228987,11022.0892804585,16477
X21,tr_2::overall_order_sensitive,full,,M_predictor,"cbind(response_correct, response_incorrect) ~ variability_z + test_talker_id + (1 | participant_id) + (1 | analysis_item_id)",bobyqa,participant_item_intercepts_with_fixed_talker_block,registered,primary registered structure accepted,16477,True,False,ok,,,-5504.63236939752,9027.57167720665,11023.264738795,16477
X21,tr_4::overall,cv_train,0.0,M_condition,"cbind(response_correct, response_incorrect) ~ condition_id + test_talker_id + (1 | participant_id) + (1 | analysis_item_id)",bobyqa,participant_item_intercepts_with_fixed_talker_block,registered,primary registered structure accepted,10969,True,False,ok,,,-3888.82554571849,6218.68761449897,7795.65109143699,10969
X21,tr_4::overall,cv_train,0.0,M_joint,"cbind(response_correct, response_incorrect) ~ condition_id + variability_z + test_talker_id + (1 | participant_id) + (1 | analysis_item_id)",bobyqa,participant_item_intercepts_with_fixed_talker_block,registered,primary registered structure accepted,10969,True,False,ok,,,-3888.82494074385,6218.68730218031,7797.6498814877,10969
X21,tr_4::overall,cv_train,0.0,M_null,"cbind(response_correct, response_incorrect) ~ test_talker_id + (1 | participant_id) + (1 | analysis_item_id)",bobyqa,participant_item_intercepts_with_fixed_talker_block,registered,primary registered structure accepted,10969,True,False,ok,,,-3901.99124810197,6215.29617919678,7815.98249620393,10969
X21,tr_4::overall,cv_train,0.0,M_predictor,"cbind(response_correct, response_incorrect) ~ variability_z + test_talker_id + (1 | participant_id) + (1 | analysis_item_id)",bobyqa,participant_item_intercepts_with_fixed_talker_block,registered,primary registered structure accepted,10969,True,False,ok,,,-3899.38252590949,6216.35653513557,7812.76505181899,10969
X21,tr_4::overall,cv_train,1.0,M_condition,"cbind(response_correct, response_incorrect) ~ condition_id + test_talker_id + (1 | participant_id) + (1 | analysis_item_id)",bobyqa,participant_item_intercepts_with_fixed_talker_block,registered,primary registered structure accepted,10974,True,False,ok,,,-3677.83574739798,5836.41301413781,7373.67149479595,10974
X21,tr_4::overall,cv_train,1.0,M_joint,"cbind(response_correct, response_incorrect) ~ condition_id + variability_z + test_talker_id + (1 | participant_id) + (1 | analysis_item_id)",bobyqa,participant_item_intercepts_with_fixed_talker_block,registered,primary registered structure accepted,10974,True,False,ok,,,-3677.82480983165,5836.39250799623,7375.64961966331,10974
X21,tr_4::overall,cv_train,1.0,M_null,"cbind(response_correct, response_incorrect) ~ test_talker_id + (1 | participant_id) + (1 | analysis_item_id)",bobyqa,participant_item_intercepts_with_fixed_talker_block,registered,primary registered structure accepted,10974,True,False,ok,,,-3691.67924672808,5832.17756351935,7395.35849345616,10974
X21,tr_4::overall,cv_train,1.0,M_predictor,"cbind(response_correct, response_incorrect) ~ variability_z + test_talker_id + (1 | participant_id) + (1 | analysis_item_id)",bobyqa,participant_item_intercepts_with_fixed_talker_block,registered,primary registered structure accepted,10974,True,False,ok,,,-3689.87856973316,5833.4486994187,7393.75713946631,10974
X21,tr_4::overall,cv_train,2.0,M_condition,"cbind(response_correct, response_incorrect) ~ condition_id + test_talker_id + (1 | participant_id) + (1 | analysis_item_id)",bobyqa,participant_item_intercepts_with_fixed_talker_block,registered,primary registered structure accepted,11011,True,False,ok,,,-3653.11908853293,5743.97195770007,7324.23817706585,11011
X21,tr_4::overall,cv_train,2.0,M_joint,"cbind(response_correct, response_incorrect) ~ condition_id + variability_z + test_talker_id + (1 | participant_id) + (1 | analysis_item_id)",bobyqa,participant_item_intercepts_with_fixed_talker_block,registered,primary registered structure accepted,11011,True,False,ok,,,-3651.34818318274,5745.13576292369,7322.69636636547,11011
X21,tr_4::overall,cv_train,2.0,M_null,"cbind(response_correct, response_incorrect) ~ test_talker_id + (1 | participant_id) + (1 | analysis_item_id)",bobyqa,participant_item_intercepts_with_fixed_talker_block,registered,primary registered structure accepted,11011,True,False,ok,,,-3663.51475606588,5741.86826002167,7339.02951213176,11011
X21,tr_4::overall,cv_train,2.0,M_predictor,"cbind(response_correct, response_incorrect) ~ variability_z + test_talker_id + (1 | participant_id) + (1 | analysis_item_id)",bobyqa,participant_item_intercepts_with_fixed_talker_block,registered,primary registered structure accepted,11011,True,False,ok,,,-3663.46323053292,5741.82596533868,7340.92646106583,11011
X21,tr_4::overall,full,,M_condition,"cbind(response_correct, response_incorrect) ~ condition_id + test_talker_id + (1 | participant_id) + (1 | analysis_item_id)",bobyqa,participant_item_intercepts_with_fixed_talker_block,registered,primary registered structure accepted,16477,True,False,ok,,,-5487.18847211739,9033.02839874908,10992.3769442348,16477
X21,tr_4::overall,full,,M_joint,"cbind(response_correct, response_incorrect) ~ condition_id + variability_z + test_talker_id + (1 | participant_id) + (1 | analysis_item_id)",bobyqa,participant_item_intercepts_with_fixed_talker_block,registered,primary registered structure accepted,16477,True,False,ok,,,-5486.91416149637,9033.21910715461,10993.8283229927,16477
X21,tr_4::overall,full,,M_null,"cbind(response_correct, response_incorrect) ~ test_talker_id + (1 | participant_id) + (1 | analysis_item_id)",bobyqa,participant_item_intercepts_with_fixed_talker_block,registered,primary registered structure accepted,16477,True,False,ok,,,-5505.04464022924,9027.8945228987,11022.0892804585,16477
X21,tr_4::overall,full,,M_predictor,"cbind(response_correct, response_incorrect) ~ variability_z + test_talker_id + (1 | participant_id) + (1 | analysis_item_id)",bobyqa,participant_item_intercepts_with_fixed_talker_block,registered,primary registered structure accepted,16477,True,False,ok,,,-5503.85255850313,9028.77177145574,11021.7051170063,16477
X21,tr_4::overall_order_sensitive,cv_train,0.0,M_condition,"cbind(response_correct, response_incorrect) ~ condition_id + test_talker_id + (1 | participant_id) + (1 | analysis_item_id)",bobyqa,participant_item_intercepts_with_fixed_talker_block,registered,primary registered structure accepted,10969,True,False,ok,,,-3888.82554571849,6218.68761449897,7795.65109143699,10969
X21,tr_4::overall_order_sensitive,cv_train,0.0,M_joint,"cbind(response_correct, response_incorrect) ~ condition_id + variability_z + test_talker_id + (1 | participant_id) + (1 | analysis_item_id)",bobyqa,participant_item_intercepts_with_fixed_talker_block,registered,primary registered structure accepted,10969,True,False,ok,,,-3888.81409122177,6218.67385373933,7797.62818244353,10969
X21,tr_4::overall_order_sensitive,cv_train,0.0,M_null,"cbind(response_correct, response_incorrect) ~ test_talker_id + (1 | participant_id) + (1 | analysis_item_id)",bobyqa,participant_item_intercepts_with_fixed_talker_block,registered,primary registered structure accepted,10969,True,False,ok,,,-3901.99124810197,6215.29617919678,7815.98249620393,10969
X21,tr_4::overall_order_sensitive,cv_train,0.0,M_predictor,"cbind(response_correct, response_incorrect) ~ variability_z + test_talker_id + (1 | participant_id) + (1 | analysis_item_id)",bobyqa,participant_item_intercepts_with_fixed_talker_block,registered,primary registered structure accepted,10969,True,False,ok,,,-3899.26224813823,6216.08809237588,7812.52449627645,10969
X21,tr_4::overall_order_sensitive,cv_train,1.0,M_condition,"cbind(response_correct, response_incorrect) ~ condition_id + test_talker_id + (1 | participant_id) + (1 | analysis_item_id)",bobyqa,participant_item_intercepts_with_fixed_talker_block,registered,primary registered structure accepted,10974,True,False,ok,,,-3677.83574739798,5836.41301413781,7373.67149479595,10974
X21,tr_4::overall_order_sensitive,cv_train,1.0,M_joint,"cbind(response_correct, response_incorrect) ~ condition_id + variability_z + test_talker_id + (1 | participant_id) + (1 | analysis_item_id)",bobyqa,participant_item_intercepts_with_fixed_talker_block,registered,primary registered structure accepted,10974,True,False,ok,,,-3677.45880386656,5835.88036385023,7374.91760773311,10974
X21,tr_4::overall_order_sensitive,cv_train,1.0,M_null,"cbind(response_correct, response_incorrect) ~ test_talker_id + (1 | participant_id) + (1 | analysis_item_id)",bobyqa,participant_item_intercepts_with_fixed_talker_block,registered,primary registered structure accepted,10974,True,False,ok,,,-3691.67924672808,5832.17756351935,7395.35849345616,10974
X21,tr_4::overall_order_sensitive,cv_train,1.0,M_predictor,"cbind(response_correct, response_incorrect) ~ variability_z + test_talker_id + (1 | participant_id) + (1 | analysis_item_id)",bobyqa,participant_item_intercepts_with_fixed_talker_block,registered,primary registered structure accepted,10974,True,False,ok,,,-3688.77082977929,5832.33970943905,7391.54165955857,10974
X21,tr_4::overall_order_sensitive,cv_train,2.0,M_condition,"cbind(response_correct, response_incorrect) ~ condition_id + test_talker_id + (1 | participant_id) + (1 | analysis_item_id)",bobyqa,participant_item_intercepts_with_fixed_talker_block,registered,primary registered structure accepted,11011,True,False,ok,,,-3653.11908853293,5743.97195770007,7324.23817706585,11011
X21,tr_4::overall_order_sensitive,cv_train,2.0,M_joint,"cbind(response_correct, response_incorrect) ~ condition_id + variability_z + test_talker_id + (1 | participant_id) + (1 | analysis_item_id)",bobyqa,participant_item_intercepts_with_fixed_talker_block,registered,primary registered structure accepted,11011,True,False,ok,,,-3653.08602549824,5743.89079784891,7326.17205099648,11011
X21,tr_4::overall_order_sensitive,cv_train,2.0,M_null,"cbind(response_correct, response_incorrect) ~ test_talker_id + (1 | participant_id) + (1 | analysis_item_id)",bobyqa,participant_item_intercepts_with_fixed_talker_block,registered,primary registered structure accepted,11011,True,False,ok,,,-3663.51475606588,5741.86826002167,7339.02951213176,11011
X21,tr_4::overall_order_sensitive,cv_train,2.0,M_predictor,"cbind(response_correct, response_incorrect) ~ variability_z + test_talker_id + (1 | participant_id) + (1 | analysis_item_id)",bobyqa,participant_item_intercepts_with_fixed_talker_block,registered,primary registered structure accepted,11011,True,False,ok,,,-3662.60142552439,5741.98091045328,7339.20285104878,11011
X21,tr_4::overall_order_sensitive,full,,M_condition,"cbind(response_correct, response_incorrect) ~ condition_id + test_talker_id + (1 | participant_id) + (1 | analysis_item_id)",bobyqa,participant_item_intercepts_with_fixed_talker_block,registered,primary registered structure accepted,16477,True,False,ok,,,-5487.18847211739,9033.02839874908,10992.3769442348,16477
X21,tr_4::overall_order_sensitive,full,,M_joint,"cbind(response_correct, response_incorrect) ~ condition_id + variability_z + test_talker_id + (1 | participant_id) + (1 | analysis_item_id)",bobyqa,participant_item_intercepts_with_fixed_talker_block,registered,primary registered structure accepted,16477,True,False,ok,,,-5486.92826728466,9032.71800579011,10993.8565345693,16477
X21,tr_4::overall_order_sensitive,full,,M_null,"cbind(response_correct, response_incorrect) ~ test_talker_id + (1 | participant_id) + (1 | analysis_item_id)",bobyqa,participant_item_intercepts_with_fixed_talker_block,registered,primary registered structure accepted,16477,True,False,ok,,,-5505.04464022924,9027.8945228987,11022.0892804585,16477
X21,tr_4::overall_order_sensitive,full,,M_predictor,"cbind(response_correct, response_incorrect) ~ variability_z + test_talker_id + (1 | participant_id) + (1 | analysis_item_id)",bobyqa,participant_item_intercepts_with_fixed_talker_block,registered,primary registered structure accepted,16477,True,False,ok,,,-5501.56968750447,9028.59697276099,11017.1393750089,16477
X21,tr_6::overall,cv_train,0.0,M_condition,"cbind(response_correct, response_incorrect) ~ condition_id + test_talker_id + (1 | participant_id) + (1 | analysis_item_id)",bobyqa,participant_item_intercepts_with_fixed_talker_block,registered,primary registered structure accepted,10969,True,False,ok,,,-3888.82554571849,6218.68761449897,7795.65109143699,10969
X21,tr_6::overall,cv_train,0.0,M_joint,"cbind(response_correct, response_incorrect) ~ condition_id + variability_z + test_talker_id + (1 | participant_id) + (1 | analysis_item_id)",bobyqa,participant_item_intercepts_with_fixed_talker_block,registered,primary registered structure accepted,10969,True,False,ok,,,-3888.66364278244,6218.73146938678,7797.32728556487,10969
X21,tr_6::overall,cv_train,0.0,M_null,"cbind(response_correct, response_incorrect) ~ test_talker_id + (1 | participant_id) + (1 | analysis_item_id)",bobyqa,participant_item_intercepts_with_fixed_talker_block,registered,primary registered structure accepted,10969,True,False,ok,,,-3901.99124810197,6215.29617919678,7815.98249620393,10969
X21,tr_6::overall,cv_train,0.0,M_predictor,"cbind(response_correct, response_incorrect) ~ variability_z + test_talker_id + (1 | participant_id) + (1 | analysis_item_id)",bobyqa,participant_item_intercepts_with_fixed_talker_block,registered,primary registered structure accepted,10969,True,False,ok,,,-3901.52395662479,6215.5669340485,7817.04791324957,10969
X21,tr_6::overall,cv_train,1.0,M_condition,"cbind(response_correct, response_incorrect) ~ condition_id + test_talker_id + (1 | participant_id) + (1 | analysis_item_id)",bobyqa,participant_item_intercepts_with_fixed_talker_block,registered,primary registered structure accepted,10974,True,False,ok,,,-3677.83574739798,5836.41301413781,7373.67149479595,10974
X21,tr_6::overall,cv_train,1.0,M_joint,"cbind(response_correct, response_incorrect) ~ condition_id + variability_z + test_talker_id + (1 | participant_id) + (1 | analysis_item_id)",bobyqa,participant_item_intercepts_with_fixed_talker_block,registered,primary registered structure accepted,10974,True,False,ok,,,-3677.73523303036,5836.52400687727,7375.47046606071,10974
X21,tr_6::overall,cv_train,1.0,M_null,"cbind(response_correct, response_incorrect) ~ test_talker_id + (1 | participant_id) + (1 | analysis_item_id)",bobyqa,participant_item_intercepts_with_fixed_talker_block,registered,primary registered structure accepted,10974,True,False,ok,,,-3691.67924672808,5832.17756351935,7395.35849345616,10974
X21,tr_6::overall,cv_train,1.0,M_predictor,"cbind(response_correct, response_incorrect) ~ variability_z + test_talker_id + (1 | participant_id) + (1 | analysis_item_id)",bobyqa,participant_item_intercepts_with_fixed_talker_block,registered,primary registered structure accepted,10974,True,False,ok,,,-3691.44154012424,5832.42091061484,7396.88308024848,10974
X21,tr_6::overall,cv_train,2.0,M_condition,"cbind(response_correct, response_incorrect) ~ condition_id + test_talker_id + (1 | participant_id) + (1 | analysis_item_id)",bobyqa,participant_item_intercepts_with_fixed_talker_block,registered,primary registered structure accepted,11011,True,False,ok,,,-3653.11908853293,5743.97195770007,7324.23817706585,11011
X21,tr_6::overall,cv_train,2.0,M_joint,"cbind(response_correct, response_incorrect) ~ condition_id + variability_z + test_talker_id + (1 | participant_id) + (1 | analysis_item_id)",bobyqa,participant_item_intercepts_with_fixed_talker_block,registered,primary registered structure accepted,11011,True,False,ok,,,-3650.9214898959,5745.45424461982,7321.8429797918,11011
X21,tr_6::overall,cv_train,2.0,M_null,"cbind(response_correct, response_incorrect) ~ test_talker_id + (1 | participant_id) + (1 | analysis_item_id)",bobyqa,participant_item_intercepts_with_fixed_talker_block,registered,primary registered structure accepted,11011,True,False,ok,,,-3663.51475606588,5741.86826002167,7339.02951213176,11011
X21,tr_6::overall,cv_train,2.0,M_predictor,"cbind(response_correct, response_incorrect) ~ variability_z + test_talker_id + (1 | participant_id) + (1 | analysis_item_id)",bobyqa,participant_item_intercepts_with_fixed_talker_block,registered,primary registered structure accepted,11011,True,False,ok,,,-3662.6514958826,5742.04236490007,7339.30299176521,11011
X21,tr_6::overall,full,,M_condition,"cbind(response_correct, response_incorrect) ~ condition_id + test_talker_id + (1 | participant_id) + (1 | analysis_item_id)",bobyqa,participant_item_intercepts_with_fixed_talker_block,registered,primary registered structure accepted,16477,True,False,ok,,,-5487.18847211739,9033.02839874908,10992.3769442348,16477
X21,tr_6::overall,full,,M_joint,"cbind(response_correct, response_incorrect) ~ condition_id + variability_z + test_talker_id + (1 | participant_id) + (1 | analysis_item_id)",bobyqa,participant_item_intercepts_with_fixed_talker_block,registered,primary registered structure accepted,16477,True,False,ok,,,-5486.4208265212,9033.47463856791,10992.8416530424,16477
X21,tr_6::overall,full,,M_null,"cbind(response_correct, response_incorrect) ~ test_talker_id + (1 | participant_id) + (1 | analysis_item_id)",bobyqa,participant_item_intercepts_with_fixed_talker_block,registered,primary registered structure accepted,16477,True,False,ok,,,-5505.04464022924,9027.8945228987,11022.0892804585,16477
X21,tr_6::overall,full,,M_predictor,"cbind(response_correct, response_incorrect) ~ variability_z + test_talker_id + (1 | participant_id) + (1 | analysis_item_id)",bobyqa,participant_item_intercepts_with_fixed_talker_block,registered,primary registered structure accepted,16477,True,False,ok,,,-5505.03033957697,9027.93993220683,11024.0606791539,16477
X21,tr_6::overall_order_sensitive,cv_train,0.0,M_condition,"cbind(response_correct, response_incorrect) ~ condition_id + test_talker_id + (1 | participant_id) + (1 | analysis_item_id)",bobyqa,participant_item_intercepts_with_fixed_talker_block,registered,primary registered structure accepted,10969,True,False,ok,,,-3888.82554571849,6218.68761449897,7795.65109143699,10969
X21,tr_6::overall_order_sensitive,cv_train,0.0,M_joint,"cbind(response_correct, response_incorrect) ~ condition_id + variability_z + test_talker_id + (1 | participant_id) + (1 | analysis_item_id)",bobyqa,participant_item_intercepts_with_fixed_talker_block,registered,primary registered structure accepted,10969,True,False,ok,,,-3888.26781929244,6218.81996842917,7796.53563858488,10969
X21,tr_6::overall_order_sensitive,cv_train,0.0,M_null,"cbind(response_correct, response_incorrect) ~ test_talker_id + (1 | participant_id) + (1 | analysis_item_id)",bobyqa,participant_item_intercepts_with_fixed_talker_block,registered,primary registered structure accepted,10969,True,False,ok,,,-3901.99124810197,6215.29617919678,7815.98249620393,10969
X21,tr_6::overall_order_sensitive,cv_train,0.0,M_predictor,"cbind(response_correct, response_incorrect) ~ variability_z + test_talker_id + (1 | participant_id) + (1 | analysis_item_id)",bobyqa,participant_item_intercepts_with_fixed_talker_block,registered,primary registered structure accepted,10969,True,False,ok,,,-3896.84847861573,6216.946951416,7807.69695723146,10969
X21,tr_6::overall_order_sensitive,cv_train,1.0,M_condition,"cbind(response_correct, response_incorrect) ~ condition_id + test_talker_id + (1 | participant_id) + (1 | analysis_item_id)",bobyqa,participant_item_intercepts_with_fixed_talker_block,registered,primary registered structure accepted,10974,True,False,ok,,,-3677.83574739798,5836.41301413781,7373.67149479595,10974
X21,tr_6::overall_order_sensitive,cv_train,1.0,M_joint,"cbind(response_correct, response_incorrect) ~ condition_id + variability_z + test_talker_id + (1 | participant_id) + (1 | analysis_item_id)",bobyqa,participant_item_intercepts_with_fixed_talker_block,registered,primary registered structure accepted,10974,True,False,ok,,,-3677.04769288148,5836.03391670813,7374.09538576297,10974
X21,tr_6::overall_order_sensitive,cv_train,1.0,M_null,"cbind(response_correct, response_incorrect) ~ test_talker_id + (1 | participant_id) + (1 | analysis_item_id)",bobyqa,participant_item_intercepts_with_fixed_talker_block,registered,primary registered structure accepted,10974,True,False,ok,,,-3691.67924672808,5832.17756351935,7395.35849345616,10974
X21,tr_6::overall_order_sensitive,cv_train,1.0,M_predictor,"cbind(response_correct, response_incorrect) ~ variability_z + test_talker_id + (1 | participant_id) + (1 | analysis_item_id)",bobyqa,participant_item_intercepts_with_fixed_talker_block,registered,primary registered structure accepted,10974,True,False,ok,,,-3687.01419371136,5833.50543645106,7388.02838742273,10974
X21,tr_6::overall_order_sensitive,cv_train,2.0,M_condition,"cbind(response_correct, response_incorrect) ~ condition_id + test_talker_id + (1 | participant_id) + (1 | analysis_item_id)",bobyqa,participant_item_intercepts_with_fixed_talker_block,registered,primary registered structure accepted,11011,True,False,ok,,,-3653.11908853293,5743.97195770007,7324.23817706585,11011
X21,tr_6::overall_order_sensitive,cv_train,2.0,M_joint,"cbind(response_correct, response_incorrect) ~ condition_id + variability_z + test_talker_id + (1 | participant_id) + (1 | analysis_item_id)",bobyqa,participant_item_intercepts_with_fixed_talker_block,registered,primary registered structure accepted,11011,True,False,ok,,,-3652.9023766144,5743.87145236393,7325.8047532288,11011
X21,tr_6::overall_order_sensitive,cv_train,2.0,M_null,"cbind(response_correct, response_incorrect) ~ test_talker_id + (1 | participant_id) + (1 | analysis_item_id)",bobyqa,participant_item_intercepts_with_fixed_talker_block,registered,primary registered structure accepted,11011,True,False,ok,,,-3663.51475606588,5741.86826002167,7339.02951213176,11011
X21,tr_6::overall_order_sensitive,cv_train,2.0,M_predictor,"cbind(response_correct, response_incorrect) ~ variability_z + test_talker_id + (1 | participant_id) + (1 | analysis_item_id)",bobyqa,participant_item_intercepts_with_fixed_talker_block,registered,primary registered structure accepted,11011,True,False,ok,,,-3661.80586671084,5742.3802895248,7337.61173342169,11011
X21,tr_6::overall_order_sensitive,full,,M_condition,"cbind(response_correct, response_incorrect) ~ condition_id + test_talker_id + (1 | participant_id) + (1 | analysis_item_id)",bobyqa,participant_item_intercepts_with_fixed_talker_block,registered,primary registered structure accepted,16477,True,False,ok,,,-5487.18847211739,9033.02839874908,10992.3769442348,16477
X21,tr_6::overall_order_sensitive,full,,M_joint,"cbind(response_correct, response_incorrect) ~ condition_id + variability_z + test_talker_id + (1 | participant_id) + (1 | analysis_item_id)",bobyqa,participant_item_intercepts_with_fixed_talker_block,registered,primary registered structure accepted,16477,True,False,ok,,,-5486.40446762849,9032.83596770359,10992.808935257,16477
X21,tr_6::overall_order_sensitive,full,,M_null,"cbind(response_correct, response_incorrect) ~ test_talker_id + (1 | participant_id) + (1 | analysis_item_id)",bobyqa,participant_item_intercepts_with_fixed_talker_block,registered,primary registered structure accepted,16477,True,False,ok,,,-5505.04464022924,9027.8945228987,11022.0892804585,16477
X21,tr_6::overall_order_sensitive,full,,M_predictor,"cbind(response_correct, response_incorrect) ~ variability_z + test_talker_id + (1 | participant_id) + (1 | analysis_item_id)",bobyqa,participant_item_intercepts_with_fixed_talker_block,registered,primary registered structure accepted,16477,True,False,ok,,,-5499.61973005305,9029.64611513818,11013.2394601061,16477
X21,tr_8::overall,cv_train,0.0,M_condition,"cbind(response_correct, response_incorrect) ~ condition_id + test_talker_id + (1 | participant_id) + (1 | analysis_item_id)",bobyqa,participant_item_intercepts_with_fixed_talker_block,registered,primary registered structure accepted,10969,True,False,ok,,,-3888.82554571849,6218.68761449897,7795.65109143699,10969
X21,tr_8::overall,cv_train,0.0,M_joint,"cbind(response_correct, response_incorrect) ~ condition_id + variability_z + test_talker_id + (1 | participant_id) + (1 | analysis_item_id)",bobyqa,participant_item_intercepts_with_fixed_talker_block,registered,primary registered structure accepted,10969,True,False,ok,,,-3888.79781184848,6218.73307518601,7797.59562369697,10969
X21,tr_8::overall,cv_train,0.0,M_null,"cbind(response_correct, response_incorrect) ~ test_talker_id + (1 | participant_id) + (1 | analysis_item_id)",bobyqa,participant_item_intercepts_with_fixed_talker_block,registered,primary registered structure accepted,10969,True,False,ok,,,-3901.99124810197,6215.29617919678,7815.98249620393,10969
X21,tr_8::overall,cv_train,0.0,M_predictor,"cbind(response_correct, response_incorrect) ~ variability_z + test_talker_id + (1 | participant_id) + (1 | analysis_item_id)",bobyqa,participant_item_intercepts_with_fixed_talker_block,registered,primary registered structure accepted,10969,True,False,ok,,,-3900.83590915543,6215.61344921661,7815.67181831086,10969
X21,tr_8::overall,cv_train,1.0,M_condition,"cbind(response_correct, response_incorrect) ~ condition_id + test_talker_id + (1 | participant_id) + (1 | analysis_item_id)",bobyqa,participant_item_intercepts_with_fixed_talker_block,registered,primary registered structure accepted,10974,True,False,ok,,,-3677.83574739798,5836.41301413781,7373.67149479595,10974
X21,tr_8::overall,cv_train,1.0,M_joint,"cbind(response_correct, response_incorrect) ~ condition_id + variability_z + test_talker_id + (1 | participant_id) + (1 | analysis_item_id)",bobyqa,participant_item_intercepts_with_fixed_talker_block,registered,primary registered structure accepted,10974,True,False,ok,,,-3677.62093809872,5836.18276341392,7375.24187619744,10974
X21,tr_8::overall,cv_train,1.0,M_null,"cbind(response_correct, response_incorrect) ~ test_talker_id + (1 | participant_id) + (1 | analysis_item_id)",bobyqa,participant_item_intercepts_with_fixed_talker_block,registered,primary registered structure accepted,10974,True,False,ok,,,-3691.67924672808,5832.17756351935,7395.35849345616,10974
X21,tr_8::overall,cv_train,1.0,M_predictor,"cbind(response_correct, response_incorrect) ~ variability_z + test_talker_id + (1 | participant_id) + (1 | analysis_item_id)",bobyqa,participant_item_intercepts_with_fixed_talker_block,registered,primary registered structure accepted,10974,True,False,ok,,,-3690.00791707619,5832.68294985851,7394.01583415237,10974
X21,tr_8::overall,cv_train,2.0,M_condition,"cbind(response_correct, response_incorrect) ~ condition_id + test_talker_id + (1 | participant_id) + (1 | analysis_item_id)",bobyqa,participant_item_intercepts_with_fixed_talker_block,registered,primary registered structure accepted,11011,True,False,ok,,,-3653.11908853293,5743.97195770007,7324.23817706585,11011
X21,tr_8::overall,cv_train,2.0,M_joint,"cbind(response_correct, response_incorrect) ~ condition_id + variability_z + test_talker_id + (1 | participant_id) + (1 | analysis_item_id)",bobyqa,participant_item_intercepts_with_fixed_talker_block,registered,primary registered structure accepted,11011,True,False,ok,,,-3651.80702937584,5745.14977121185,7323.61405875168,11011
X21,tr_8::overall,cv_train,2.0,M_null,"cbind(response_correct, response_incorrect) ~ test_talker_id + (1 | participant_id) + (1 | analysis_item_id)",bobyqa,participant_item_intercepts_with_fixed_talker_block,registered,primary registered structure accepted,11011,True,False,ok,,,-3663.51475606588,5741.86826002167,7339.02951213176,11011
X21,tr_8::overall,cv_train,2.0,M_predictor,"cbind(response_correct, response_incorrect) ~ variability_z + test_talker_id + (1 | participant_id) + (1 | analysis_item_id)",bobyqa,participant_item_intercepts_with_fixed_talker_block,registered,primary registered structure accepted,11011,True,False,ok,,,-3663.32719354768,5741.97494917166,7340.65438709537,11011
X21,tr_8::overall,full,,M_condition,"cbind(response_correct, response_incorrect) ~ condition_id + test_talker_id + (1 | participant_id) + (1 | analysis_item_id)",bobyqa,participant_item_intercepts_with_fixed_talker_block,registered,primary registered structure accepted,16477,True,False,ok,,,-5487.18847211739,9033.02839874908,10992.3769442348,16477
X21,tr_8::overall,full,,M_joint,"cbind(response_correct, response_incorrect) ~ condition_id + variability_z + test_talker_id + (1 | participant_id) + (1 | analysis_item_id)",bobyqa,participant_item_intercepts_with_fixed_talker_block,registered,primary registered structure accepted,16477,True,False,ok,,,-5487.05352705796,9033.28062547235,10994.1070541159,16477
X21,tr_8::overall,full,,M_null,"cbind(response_correct, response_incorrect) ~ test_talker_id + (1 | participant_id) + (1 | analysis_item_id)",bobyqa,participant_item_intercepts_with_fixed_talker_block,registered,primary registered structure accepted,16477,True,False,ok,,,-5505.04464022924,9027.8945228987,11022.0892804585,16477
X21,tr_8::overall,full,,M_predictor,"cbind(response_correct, response_incorrect) ~ variability_z + test_talker_id + (1 | participant_id) + (1 | analysis_item_id)",bobyqa,participant_item_intercepts_with_fixed_talker_block,registered,primary registered structure accepted,16477,True,False,ok,,,-5504.42543312478,9028.09189659271,11022.8508662496,16477
X21,tr_8::overall_order_sensitive,cv_train,0.0,M_condition,"cbind(response_correct, response_incorrect) ~ condition_id + test_talker_id + (1 | participant_id) + (1 | analysis_item_id)",bobyqa,participant_item_intercepts_with_fixed_talker_block,registered,primary registered structure accepted,10969,True,False,ok,,,-3888.82554571849,6218.68761449897,7795.65109143699,10969
X21,tr_8::overall_order_sensitive,cv_train,0.0,M_joint,"cbind(response_correct, response_incorrect) ~ condition_id + variability_z + test_talker_id + (1 | participant_id) + (1 | analysis_item_id)",bobyqa,participant_item_intercepts_with_fixed_talker_block,registered,primary registered structure accepted,10969,True,False,ok,,,-3888.67740296185,6218.76780977616,7797.35480592369,10969
X21,tr_8::overall_order_sensitive,cv_train,0.0,M_null,"cbind(response_correct, response_incorrect) ~ test_talker_id + (1 | participant_id) + (1 | analysis_item_id)",bobyqa,participant_item_intercepts_with_fixed_talker_block,registered,primary registered structure accepted,10969,True,False,ok,,,-3901.99124810197,6215.29617919678,7815.98249620393,10969
X21,tr_8::overall_order_sensitive,cv_train,0.0,M_predictor,"cbind(response_correct, response_incorrect) ~ variability_z + test_talker_id + (1 | participant_id) + (1 | analysis_item_id)",bobyqa,participant_item_intercepts_with_fixed_talker_block,registered,primary registered structure accepted,10969,True,False,ok,,,-3899.32588307151,6216.4722536136,7812.65176614303,10969
X21,tr_8::overall_order_sensitive,cv_train,1.0,M_condition,"cbind(response_correct, response_incorrect) ~ condition_id + test_talker_id + (1 | participant_id) + (1 | analysis_item_id)",bobyqa,participant_item_intercepts_with_fixed_talker_block,registered,primary registered structure accepted,10974,True,False,ok,,,-3677.83574739798,5836.41301413781,7373.67149479595,10974
X21,tr_8::overall_order_sensitive,cv_train,1.0,M_joint,"cbind(response_correct, response_incorrect) ~ condition_id + variability_z + test_talker_id + (1 | participant_id) + (1 | analysis_item_id)",bobyqa,participant_item_intercepts_with_fixed_talker_block,registered,primary registered structure accepted,10974,True,False,ok,,,-3677.38161124918,5836.19003008885,7374.76322249837,10974
X21,tr_8::overall_order_sensitive,cv_train,1.0,M_null,"cbind(response_correct, response_incorrect) ~ test_talker_id + (1 | participant_id) + (1 | analysis_item_id)",bobyqa,participant_item_intercepts_with_fixed_talker_block,registered,primary registered structure accepted,10974,True,False,ok,,,-3691.67924672808,5832.17756351935,7395.35849345616,10974
X21,tr_8::overall_order_sensitive,cv_train,1.0,M_predictor,"cbind(response_correct, response_incorrect) ~ variability_z + test_talker_id + (1 | participant_id) + (1 | analysis_item_id)",bobyqa,participant_item_intercepts_with_fixed_talker_block,registered,primary registered structure accepted,10974,True,False,ok,,,-3689.58173043917,5833.05895544075,7393.16346087834,10974
X21,tr_8::overall_order_sensitive,cv_train,2.0,M_condition,"cbind(response_correct, response_incorrect) ~ condition_id + test_talker_id + (1 | participant_id) + (1 | analysis_item_id)",bobyqa,participant_item_intercepts_with_fixed_talker_block,registered,primary registered structure accepted,11011,True,False,ok,,,-3653.11908853293,5743.97195770007,7324.23817706585,11011
X21,tr_8::overall_order_sensitive,cv_train,2.0,M_joint,"cbind(response_correct, response_incorrect) ~ condition_id + variability_z + test_talker_id + (1 | participant_id) + (1 | analysis_item_id)",bobyqa,participant_item_intercepts_with_fixed_talker_block,registered,primary registered structure accepted,11011,True,False,ok,,,-3653.1108428577,5743.93103296768,7326.22168571539,11011
X21,tr_8::overall_order_sensitive,cv_train,2.0,M_null,"cbind(response_correct, response_incorrect) ~ test_talker_id + (1 | participant_id) + (1 | analysis_item_id)",bobyqa,participant_item_intercepts_with_fixed_talker_block,registered,primary registered structure accepted,11011,True,False,ok,,,-3663.51475606588,5741.86826002167,7339.02951213176,11011
X21,tr_8::overall_order_sensitive,cv_train,2.0,M_predictor,"cbind(response_correct, response_incorrect) ~ variability_z + test_talker_id + (1 | participant_id) + (1 | analysis_item_id)",bobyqa,participant_item_intercepts_with_fixed_talker_block,registered,primary registered structure accepted,11011,True,False,ok,,,-3663.18400856522,5741.98985253851,7340.36801713045,11011
X21,tr_8::overall_order_sensitive,full,,M_condition,"cbind(response_correct, response_incorrect) ~ condition_id + test_talker_id + (1 | participant_id) + (1 | analysis_item_id)",bobyqa,participant_item_intercepts_with_fixed_talker_block,registered,primary registered structure accepted,16477,True,False,ok,,,-5487.18847211739,9033.02839874908,10992.3769442348,16477
X21,tr_8::overall_order_sensitive,full,,M_joint,"cbind(response_correct, response_incorrect) ~ condition_id + variability_z + test_talker_id + (1 | participant_id) + (1 | analysis_item_id)",bobyqa,participant_item_intercepts_with_fixed_talker_block,registered,primary registered structure accepted,16477,True,False,ok,,,-5486.93658186311,9032.9015391244,10993.8731637262,16477
X21,tr_8::overall_order_sensitive,full,,M_null,"cbind(response_correct, response_incorrect) ~ test_talker_id + (1 | participant_id) + (1 | analysis_item_id)",bobyqa,participant_item_intercepts_with_fixed_talker_block,registered,primary registered structure accepted,16477,True,False,ok,,,-5505.04464022924,9027.8945228987,11022.0892804585,16477
X21,tr_8::overall_order_sensitive,full,,M_predictor,"cbind(response_correct, response_incorrect) ~ variability_z + test_talker_id + (1 | participant_id) + (1 | analysis_item_id)",bobyqa,participant_item_intercepts_with_fixed_talker_block,registered,primary registered structure accepted,16477,True,False,ok,,,-5502.84491416389,9028.87421769671,11019.6898283278,16477
