run_label,family,variant,measure,stratum,layer,dataset_id,feature_key,model_id,mean_fold_ratio,ci95_low,ci95_high,n_valid_folds,n_expected_folds,n_warning_folds,summary_status,invalid_reason
AN19-acoustic,SBI,acoustic,similarity,all_participants,mfcc39,AN19,mfcc39,M_condition,1.004419966339478,1.0017173049204204,1.006923806550165,3,3,0,ok,
AN19-acoustic,SBI,acoustic,similarity,all_participants,mfcc39,AN19,mfcc39,M_joint,1.0045162780175343,1.0005958114458944,1.0078954189479037,3,3,0,ok,
AN19-acoustic,SBI,acoustic,similarity,all_participants,mfcc39,AN19,mfcc39,M_null,1.0000415931131084,0.9975893846384362,1.0031790679382249,3,3,0,ok,
AN19-acoustic,SBI,acoustic,similarity,all_participants,mfcc39,AN19,mfcc39,M_predictor,1.0000374837838928,0.9972781867545097,1.0036684166247802,3,3,0,ok,
AN19-acoustic,SBI,acoustic,similarity,all_participants,strf24_legacy,AN19,strf24_legacy,M_condition,1.004419966339478,1.0017173049204204,1.006923806550165,3,3,0,ok,
AN19-acoustic,SBI,acoustic,similarity,all_participants,strf24_legacy,AN19,strf24_legacy,M_joint,1.00605993451472,0.9965845284749539,1.0149599749943583,3,3,0,ok,
AN19-acoustic,SBI,acoustic,similarity,all_participants,strf24_legacy,AN19,strf24_legacy,M_null,1.0000415931131084,0.9975893846384362,1.0031790679382249,3,3,0,ok,
AN19-acoustic,SBI,acoustic,similarity,all_participants,strf24_legacy,AN19,strf24_legacy,M_predictor,1.0014365175568836,0.9922385637759605,1.011602264287592,3,3,0,ok,
AN19-base,SBI,base,similarity,all_participants,cnn_2,AN19,cnn_2,M_condition,1.004423646213053,1.0017173049204204,1.006932454253066,3,3,0,ok,
AN19-base,SBI,base,similarity,all_participants,cnn_2,AN19,cnn_2,M_joint,1.004449164907851,0.9992916807424003,1.0093661367334796,3,3,0,ok,
AN19-base,SBI,base,similarity,all_participants,cnn_2,AN19,cnn_2,M_null,1.000040854976964,0.9975893846384362,1.0031773333182856,3,3,0,ok,
AN19-base,SBI,base,similarity,all_participants,cnn_2,AN19,cnn_2,M_predictor,1.0001501057582212,0.995113627651704,1.0063788247450232,3,3,0,ok,
AN19-base,SBI,base,similarity,all_participants,cnn_3,AN19,cnn_3,M_condition,1.004423646213053,1.0017173049204204,1.006932454253066,3,3,0,ok,
AN19-base,SBI,base,similarity,all_participants,cnn_3,AN19,cnn_3,M_joint,1.0045970827333228,0.99910656914362,1.0088295331448673,3,3,0,ok,
AN19-base,SBI,base,similarity,all_participants,cnn_3,AN19,cnn_3,M_null,1.000040854976964,0.9975893846384362,1.0031773333182856,3,3,0,ok,
AN19-base,SBI,base,similarity,all_participants,cnn_3,AN19,cnn_3,M_predictor,0.9998228595704086,0.9943881457177091,1.00545609036501,3,3,0,ok,
AN19-base,SBI,base,similarity,all_participants,cnn_4,AN19,cnn_4,M_condition,1.004423646213053,1.0017173049204204,1.006932454253066,3,3,0,ok,
AN19-base,SBI,base,similarity,all_participants,cnn_4,AN19,cnn_4,M_joint,1.0045795546852476,1.0009660172537889,1.0080539221668805,3,3,0,ok,
AN19-base,SBI,base,similarity,all_participants,cnn_4,AN19,cnn_4,M_null,1.000040854976964,0.9975893846384362,1.0031773333182856,3,3,0,ok,
AN19-base,SBI,base,similarity,all_participants,cnn_4,AN19,cnn_4,M_predictor,1.0004015427207589,0.9969494668567342,1.0049589066697946,3,3,0,ok,
AN19-base,SBI,base,similarity,all_participants,cnn_5,AN19,cnn_5,M_condition,1.004423646213053,1.0017173049204204,1.006932454253066,3,3,0,ok,
AN19-base,SBI,base,similarity,all_participants,cnn_5,AN19,cnn_5,M_joint,1.0042877872424836,1.0010105262291584,1.0074113095164163,3,3,0,ok,
AN19-base,SBI,base,similarity,all_participants,cnn_5,AN19,cnn_5,M_null,1.000040854976964,0.9975893846384362,1.0031773333182856,3,3,0,ok,
AN19-base,SBI,base,similarity,all_participants,cnn_5,AN19,cnn_5,M_predictor,1.000252238688104,0.9973455908265145,1.004106546142677,3,3,0,ok,
AN19-base,SBI,base,similarity,all_participants,cnn_6,AN19,cnn_6,M_condition,1.004423646213053,1.0017173049204204,1.006932454253066,3,3,0,ok,
AN19-base,SBI,base,similarity,all_participants,cnn_6,AN19,cnn_6,M_joint,1.0047591402201208,1.002562015403088,1.0069784378959026,3,3,0,ok,
AN19-base,SBI,base,similarity,all_participants,cnn_6,AN19,cnn_6,M_null,1.000040854976964,0.9975893846384362,1.0031773333182856,3,3,0,ok,
AN19-base,SBI,base,similarity,all_participants,cnn_6,AN19,cnn_6,M_predictor,1.0002301772112798,0.9973590798509104,1.004082904856092,3,3,0,ok,
AN19-base,SBI,base,similarity,all_participants,tr_0,AN19,tr_0,M_condition,1.004423646213053,1.0017173049204204,1.006932454253066,3,3,0,ok,
AN19-base,SBI,base,similarity,all_participants,tr_0,AN19,tr_0,M_joint,1.004040570009061,1.0005169266486724,1.0072085943823834,3,3,0,ok,
AN19-base,SBI,base,similarity,all_participants,tr_0,AN19,tr_0,M_null,1.000040854976964,0.9975893846384362,1.0031773333182856,3,3,0,ok,
AN19-base,SBI,base,similarity,all_participants,tr_0,AN19,tr_0,M_predictor,0.9997143525541259,0.9963616775585611,1.0037684020678999,3,3,0,ok,
AN19-base,SBI,base,similarity,all_participants,tr_10,AN19,tr_10,M_condition,1.0044295593467227,1.0017511753899109,1.006919475675693,3,3,0,ok,
AN19-base,SBI,base,similarity,all_participants,tr_10,AN19,tr_10,M_joint,1.0047095968492767,0.9985102124805295,1.010380911161938,3,3,0,ok,
AN19-base,SBI,base,similarity,all_participants,tr_10,AN19,tr_10,M_null,1.0000422024133229,0.9975924159972714,1.0031784563634218,3,3,0,ok,
AN19-base,SBI,base,similarity,all_participants,tr_10,AN19,tr_10,M_predictor,1.0002110043408938,0.994841129096023,1.0068838112513185,3,3,0,ok,
AN19-base,SBI,base,similarity,all_participants,tr_12,AN19,tr_12,M_condition,1.004419966339478,1.0017173049204204,1.006923806550165,3,3,0,ok,
AN19-base,SBI,base,similarity,all_participants,tr_12,AN19,tr_12,M_joint,1.0050788237727801,0.997797918213383,1.0112264051309166,3,3,0,ok,
AN19-base,SBI,base,similarity,all_participants,tr_12,AN19,tr_12,M_null,1.0000415931131084,0.9975893846384362,1.0031790679382249,3,3,0,ok,
AN19-base,SBI,base,similarity,all_participants,tr_12,AN19,tr_12,M_predictor,1.0004591859978256,0.9938791368382646,1.0078271334213276,3,3,0,ok,
AN19-base,SBI,base,similarity,all_participants,tr_14,AN19,tr_14,M_condition,1.004423646213053,1.0017173049204204,1.006932454253066,3,3,0,ok,
AN19-base,SBI,base,similarity,all_participants,tr_14,AN19,tr_14,M_joint,1.0049667215899305,0.9975978012609525,1.010518039832297,3,3,0,ok,
AN19-base,SBI,base,similarity,all_participants,tr_14,AN19,tr_14,M_null,1.000040854976964,0.9975893846384362,1.0031773333182856,3,3,0,ok,
AN19-base,SBI,base,similarity,all_participants,tr_14,AN19,tr_14,M_predictor,1.0002385347690843,0.9939357456453036,1.0068777324724878,3,3,0,ok,
AN19-base,SBI,base,similarity,all_participants,tr_16,AN19,tr_16,M_condition,1.004413303455675,1.0017129740459485,1.006919475675693,3,3,0,ok,
AN19-base,SBI,base,similarity,all_participants,tr_16,AN19,tr_16,M_joint,1.0046449420698496,0.9999482899426221,1.0086005510165055,3,3,0,ok,
AN19-base,SBI,base,similarity,all_participants,tr_16,AN19,tr_16,M_null,1.000043143297635,0.9975930275720745,1.0031790679382249,3,3,0,ok,
AN19-base,SBI,base,similarity,all_participants,tr_16,AN19,tr_16,M_predictor,1.0000663203584759,0.9966271494338678,1.0038265019937413,3,3,0,ok,
AN19-base,SBI,base,similarity,all_participants,tr_18,AN19,tr_18,M_condition,1.004419966339478,1.0017173049204204,1.006923806550165,3,3,0,ok,
AN19-base,SBI,base,similarity,all_participants,tr_18,AN19,tr_18,M_joint,1.0049002123138004,0.9995315862539096,1.0101676694689632,3,3,0,ok,
AN19-base,SBI,base,similarity,all_participants,tr_18,AN19,tr_18,M_null,1.0000415931131084,0.9975893846384362,1.0031790679382249,3,3,0,ok,
AN19-base,SBI,base,similarity,all_participants,tr_18,AN19,tr_18,M_predictor,1.0000896753309585,0.9968141108892382,1.0030386040026016,3,3,0,ok,
AN19-base,SBI,base,similarity,all_participants,tr_2,AN19,tr_2,M_condition,1.004423646213053,1.0017173049204204,1.006932454253066,3,3,0,ok,
AN19-base,SBI,base,similarity,all_participants,tr_2,AN19,tr_2,M_joint,1.0043924628122585,1.0005184698684226,1.0080263515314736,3,3,0,ok,
AN19-base,SBI,base,similarity,all_participants,tr_2,AN19,tr_2,M_null,1.000040854976964,0.9975893846384362,1.0031773333182856,3,3,0,ok,
AN19-base,SBI,base,similarity,all_participants,tr_2,AN19,tr_2,M_predictor,0.999985026473105,0.9961194123269318,1.0046938262705378,3,3,0,ok,
AN19-base,SBI,base,similarity,all_participants,tr_20,AN19,tr_20,M_condition,1.0044295593467227,1.0017511753899109,1.006919475675693,3,3,0,ok,
AN19-base,SBI,base,similarity,all_participants,tr_20,AN19,tr_20,M_joint,1.0047892607860511,1.0008835716888236,1.0085377721146964,3,3,0,ok,
AN19-base,SBI,base,similarity,all_participants,tr_20,AN19,tr_20,M_null,1.0000422024133229,0.9975924159972714,1.0031784563634218,3,3,0,ok,
AN19-base,SBI,base,similarity,all_participants,tr_20,AN19,tr_20,M_predictor,1.0000624281338144,0.9976677821329725,1.0026785377264065,3,3,0,ok,
AN19-base,SBI,base,similarity,all_participants,tr_22,AN19,tr_22,M_condition,1.004419966339478,1.0017173049204204,1.006923806550165,3,3,0,ok,
AN19-base,SBI,base,similarity,all_participants,tr_22,AN19,tr_22,M_joint,1.0049610091590984,0.9986561015911996,1.0096560359845135,3,3,0,ok,
AN19-base,SBI,base,similarity,all_participants,tr_22,AN19,tr_22,M_null,1.0000415931131084,0.9975893846384362,1.0031790679382249,3,3,0,ok,
AN19-base,SBI,base,similarity,all_participants,tr_22,AN19,tr_22,M_predictor,1.000233891327006,0.9947280952005997,1.0060968257982972,3,3,0,ok,
AN19-base,SBI,base,similarity,all_participants,tr_24,AN19,tr_24,M_condition,1.004419966339478,1.0017173049204204,1.006923806550165,3,3,0,ok,
AN19-base,SBI,base,similarity,all_participants,tr_24,AN19,tr_24,M_joint,1.0049469075925634,0.9987715498178683,1.009996708292042,3,3,0,ok,
AN19-base,SBI,base,similarity,all_participants,tr_24,AN19,tr_24,M_null,1.0000415931131084,0.9975893846384362,1.0031790679382249,3,3,0,ok,
AN19-base,SBI,base,similarity,all_participants,tr_24,AN19,tr_24,M_predictor,1.0002340482161003,0.9952649395809035,1.0061327793768315,3,3,0,ok,
AN19-base,SBI,base,similarity,all_participants,tr_4,AN19,tr_4,M_condition,1.004423646213053,1.0017173049204204,1.006932454253066,3,3,0,ok,
AN19-base,SBI,base,similarity,all_participants,tr_4,AN19,tr_4,M_joint,1.0044497473169716,0.9989516325332256,1.009699140804744,3,3,0,ok,
AN19-base,SBI,base,similarity,all_participants,tr_4,AN19,tr_4,M_null,1.000040854976964,0.9975893846384362,1.0031773333182856,3,3,0,ok,
AN19-base,SBI,base,similarity,all_participants,tr_4,AN19,tr_4,M_predictor,0.9999726084528736,0.9940159363364256,1.0067535772218925,3,3,0,ok,
AN19-base,SBI,base,similarity,all_participants,tr_6,AN19,tr_6,M_condition,1.004423646213053,1.0017173049204204,1.006932454253066,3,3,0,ok,
AN19-base,SBI,base,similarity,all_participants,tr_6,AN19,tr_6,M_joint,1.0044046596110994,0.9973964935701705,1.0107324797627746,3,3,0,ok,
AN19-base,SBI,base,similarity,all_participants,tr_6,AN19,tr_6,M_null,1.000040854976964,0.9975893846384362,1.0031773333182856,3,3,0,ok,
AN19-base,SBI,base,similarity,all_participants,tr_6,AN19,tr_6,M_predictor,1.00006747013294,0.993489541328507,1.0073307180866158,3,3,0,ok,
AN19-base,SBI,base,similarity,all_participants,tr_8,AN19,tr_8,M_condition,1.004419966339478,1.0017173049204204,1.006923806550165,3,3,0,ok,
AN19-base,SBI,base,similarity,all_participants,tr_8,AN19,tr_8,M_joint,1.0044540118446539,0.9999668681766185,1.0079529233243127,3,3,0,ok,
AN19-base,SBI,base,similarity,all_participants,tr_8,AN19,tr_8,M_null,1.0000415931131084,0.9975893846384362,1.0031790679382249,3,3,0,ok,
AN19-base,SBI,base,similarity,all_participants,tr_8,AN19,tr_8,M_predictor,0.9999971572239076,0.9965880600987244,1.0041272425806331,3,3,0,ok,
AN19-ft,SBI,ft,similarity,all_participants,cnn_2,AN19,cnn_2,M_condition,1.004423646213053,1.0017173049204204,1.006932454253066,3,3,0,ok,
AN19-ft,SBI,ft,similarity,all_participants,cnn_2,AN19,cnn_2,M_joint,1.004449164907851,0.9992916807424003,1.0093661367334796,3,3,0,ok,
AN19-ft,SBI,ft,similarity,all_participants,cnn_2,AN19,cnn_2,M_null,1.000040854976964,0.9975893846384362,1.0031773333182856,3,3,0,ok,
AN19-ft,SBI,ft,similarity,all_participants,cnn_2,AN19,cnn_2,M_predictor,1.0001501057582212,0.995113627651704,1.0063788247450232,3,3,0,ok,
AN19-ft,SBI,ft,similarity,all_participants,cnn_3,AN19,cnn_3,M_condition,1.004423646213053,1.0017173049204204,1.006932454253066,3,3,0,ok,
AN19-ft,SBI,ft,similarity,all_participants,cnn_3,AN19,cnn_3,M_joint,1.0045970827333228,0.99910656914362,1.0088295331448673,3,3,0,ok,
AN19-ft,SBI,ft,similarity,all_participants,cnn_3,AN19,cnn_3,M_null,1.000040854976964,0.9975893846384362,1.0031773333182856,3,3,0,ok,
AN19-ft,SBI,ft,similarity,all_participants,cnn_3,AN19,cnn_3,M_predictor,0.9998228595704086,0.9943881457177091,1.00545609036501,3,3,0,ok,
AN19-ft,SBI,ft,similarity,all_participants,cnn_4,AN19,cnn_4,M_condition,1.004423646213053,1.0017173049204204,1.006932454253066,3,3,0,ok,
AN19-ft,SBI,ft,similarity,all_participants,cnn_4,AN19,cnn_4,M_joint,1.0045795546852476,1.0009660172537889,1.0080539221668805,3,3,0,ok,
AN19-ft,SBI,ft,similarity,all_participants,cnn_4,AN19,cnn_4,M_null,1.000040854976964,0.9975893846384362,1.0031773333182856,3,3,0,ok,
AN19-ft,SBI,ft,similarity,all_participants,cnn_4,AN19,cnn_4,M_predictor,1.0004015427207589,0.9969494668567342,1.0049589066697946,3,3,0,ok,
AN19-ft,SBI,ft,similarity,all_participants,cnn_5,AN19,cnn_5,M_condition,1.004423646213053,1.0017173049204204,1.006932454253066,3,3,0,ok,
AN19-ft,SBI,ft,similarity,all_participants,cnn_5,AN19,cnn_5,M_joint,1.0042877872424836,1.0010105262291584,1.0074113095164163,3,3,0,ok,
AN19-ft,SBI,ft,similarity,all_participants,cnn_5,AN19,cnn_5,M_null,1.000040854976964,0.9975893846384362,1.0031773333182856,3,3,0,ok,
AN19-ft,SBI,ft,similarity,all_participants,cnn_5,AN19,cnn_5,M_predictor,1.000252238688104,0.9973455908265145,1.004106546142677,3,3,0,ok,
AN19-ft,SBI,ft,similarity,all_participants,cnn_6,AN19,cnn_6,M_condition,1.004423646213053,1.0017173049204204,1.006932454253066,3,3,0,ok,
AN19-ft,SBI,ft,similarity,all_participants,cnn_6,AN19,cnn_6,M_joint,1.0047591402201208,1.002562015403088,1.0069784378959026,3,3,0,ok,
AN19-ft,SBI,ft,similarity,all_participants,cnn_6,AN19,cnn_6,M_null,1.000040854976964,0.9975893846384362,1.0031773333182856,3,3,0,ok,
AN19-ft,SBI,ft,similarity,all_participants,cnn_6,AN19,cnn_6,M_predictor,1.0002301772112798,0.9973590798509104,1.004082904856092,3,3,0,ok,
AN19-ft,SBI,ft,similarity,all_participants,tr_0,AN19,tr_0,M_condition,1.004423646213053,1.0017173049204204,1.006932454253066,3,3,0,ok,
AN19-ft,SBI,ft,similarity,all_participants,tr_0,AN19,tr_0,M_joint,1.0039999585944006,1.0000822434597425,1.0076133122100965,3,3,0,ok,
AN19-ft,SBI,ft,similarity,all_participants,tr_0,AN19,tr_0,M_null,1.000040854976964,0.9975893846384362,1.0031773333182856,3,3,0,ok,
AN19-ft,SBI,ft,similarity,all_participants,tr_0,AN19,tr_0,M_predictor,0.9996148018754418,0.995771166382243,1.0041569519853288,3,3,0,ok,
AN19-ft,SBI,ft,similarity,all_participants,tr_10,AN19,tr_10,M_condition,1.004419966339478,1.0017173049204204,1.006923806550165,3,3,0,ok,
AN19-ft,SBI,ft,similarity,all_participants,tr_10,AN19,tr_10,M_joint,1.0050946293300456,0.9965373350414133,1.012685108618853,3,3,0,ok,
AN19-ft,SBI,ft,similarity,all_participants,tr_10,AN19,tr_10,M_null,1.0000415931131084,0.9975893846384362,1.0031790679382249,3,3,0,ok,
AN19-ft,SBI,ft,similarity,all_participants,tr_10,AN19,tr_10,M_predictor,1.0005071823121805,0.9928066459624028,1.0088906766007273,3,3,0,ok,
AN19-ft,SBI,ft,similarity,all_participants,tr_12,AN19,tr_12,M_condition,1.004423646213053,1.0017173049204204,1.006932454253066,3,3,0,ok,
AN19-ft,SBI,ft,similarity,all_participants,tr_12,AN19,tr_12,M_joint,1.0056732745568564,0.9988916356812678,1.0111012961801396,3,3,0,ok,
AN19-ft,SBI,ft,similarity,all_participants,tr_12,AN19,tr_12,M_null,1.000040854976964,0.9975893846384362,1.0031773333182856,3,3,0,ok,
AN19-ft,SBI,ft,similarity,all_participants,tr_12,AN19,tr_12,M_predictor,1.0008488613480548,0.9944852015348395,1.007469038080208,3,3,0,ok,
AN19-ft,SBI,ft,similarity,all_participants,tr_14,AN19,tr_14,M_condition,1.004419966339478,1.0017173049204204,1.006923806550165,3,3,0,ok,
AN19-ft,SBI,ft,similarity,all_participants,tr_14,AN19,tr_14,M_joint,1.0053475687852953,0.9981588308938043,1.0119908505060415,3,3,0,ok,
AN19-ft,SBI,ft,similarity,all_participants,tr_14,AN19,tr_14,M_null,1.0000415931131084,0.9975893846384362,1.0031790679382249,3,3,0,ok,
AN19-ft,SBI,ft,similarity,all_participants,tr_14,AN19,tr_14,M_predictor,1.0007273379894137,0.9939564559785298,1.0083880271838488,3,3,0,ok,
AN19-ft,SBI,ft,similarity,all_participants,tr_16,AN19,tr_16,M_condition,1.004419966339478,1.0017173049204204,1.006923806550165,3,3,0,ok,
AN19-ft,SBI,ft,similarity,all_participants,tr_16,AN19,tr_16,M_joint,1.005550254350157,0.9993734594390439,1.0103963623711492,3,3,0,ok,
AN19-ft,SBI,ft,similarity,all_participants,tr_16,AN19,tr_16,M_null,1.0000415931131084,0.9975893846384362,1.0031790679382249,3,3,0,ok,
AN19-ft,SBI,ft,similarity,all_participants,tr_16,AN19,tr_16,M_predictor,1.0008934406704617,0.995066787020689,1.0066794615852759,3,3,0,ok,
AN19-ft,SBI,ft,similarity,all_participants,tr_18,AN19,tr_18,M_condition,1.004419966339478,1.0017173049204204,1.006923806550165,3,3,0,ok,
AN19-ft,SBI,ft,similarity,all_participants,tr_18,AN19,tr_18,M_joint,1.0052687702349974,0.9995511007485449,1.0103104563012824,3,3,0,ok,
AN19-ft,SBI,ft,similarity,all_participants,tr_18,AN19,tr_18,M_null,1.0000415931131084,0.9975893846384362,1.0031790679382249,3,3,0,ok,
AN19-ft,SBI,ft,similarity,all_participants,tr_18,AN19,tr_18,M_predictor,1.0007117310633198,0.9953635592503829,1.0066949085962207,3,3,0,ok,
AN19-ft,SBI,ft,similarity,all_participants,tr_2,AN19,tr_2,M_condition,1.004423646213053,1.0017173049204204,1.006932454253066,3,3,0,ok,
AN19-ft,SBI,ft,similarity,all_participants,tr_2,AN19,tr_2,M_joint,1.0043614910428555,1.0008019104845487,1.0076647557515097,3,3,0,ok,
AN19-ft,SBI,ft,similarity,all_participants,tr_2,AN19,tr_2,M_null,1.000040854976964,0.9975893846384362,1.0031773333182856,3,3,0,ok,
AN19-ft,SBI,ft,similarity,all_participants,tr_2,AN19,tr_2,M_predictor,0.9998755610292901,0.9961523287434236,1.0043565553086768,3,3,0,ok,
AN19-ft,SBI,ft,similarity,all_participants,tr_20,AN19,tr_20,M_condition,1.004423646213053,1.0017173049204204,1.006932454253066,3,3,0,ok,
AN19-ft,SBI,ft,similarity,all_participants,tr_20,AN19,tr_20,M_joint,1.0051018296343177,0.9996928246135166,1.0107983039331054,3,3,0,ok,
AN19-ft,SBI,ft,similarity,all_participants,tr_20,AN19,tr_20,M_null,1.000040854976964,0.9975893846384362,1.0031773333182856,3,3,0,ok,
AN19-ft,SBI,ft,similarity,all_participants,tr_20,AN19,tr_20,M_predictor,1.0004652529575981,0.9957526416861263,1.0068094439562245,3,3,0,ok,
AN19-ft,SBI,ft,similarity,all_participants,tr_22,AN19,tr_22,M_condition,1.004419966339478,1.0017173049204204,1.006923806550165,3,3,0,ok,
AN19-ft,SBI,ft,similarity,all_participants,tr_22,AN19,tr_22,M_joint,1.0048731296856162,1.0005769704730898,1.008868336352093,3,3,0,ok,
AN19-ft,SBI,ft,similarity,all_participants,tr_22,AN19,tr_22,M_null,1.0000415931131084,0.9975893846384362,1.0031790679382249,3,3,0,ok,
AN19-ft,SBI,ft,similarity,all_participants,tr_22,AN19,tr_22,M_predictor,1.000314619820139,0.9967311213646856,1.0048670121843386,3,3,0,ok,
AN19-ft,SBI,ft,similarity,all_participants,tr_24,AN19,tr_24,M_condition,1.004419966339478,1.0017173049204204,1.006923806550165,3,3,0,ok,
AN19-ft,SBI,ft,similarity,all_participants,tr_24,AN19,tr_24,M_joint,1.0047217683754943,1.0012076331643398,1.008610947573081,3,3,0,ok,
AN19-ft,SBI,ft,similarity,all_participants,tr_24,AN19,tr_24,M_null,1.0000415931131084,0.9975893846384362,1.0031790679382249,3,3,0,ok,
AN19-ft,SBI,ft,similarity,all_participants,tr_24,AN19,tr_24,M_predictor,1.0002091300916838,0.9961611585485647,1.0050113479117564,3,3,0,ok,
AN19-ft,SBI,ft,similarity,all_participants,tr_4,AN19,tr_4,M_condition,1.004423646213053,1.0017173049204204,1.006932454253066,3,3,0,ok,
AN19-ft,SBI,ft,similarity,all_participants,tr_4,AN19,tr_4,M_joint,1.0042987240036207,0.9987251693684633,1.009458009283503,3,3,0,ok,
AN19-ft,SBI,ft,similarity,all_participants,tr_4,AN19,tr_4,M_null,1.000040854976964,0.9975893846384362,1.0031773333182856,3,3,0,ok,
AN19-ft,SBI,ft,similarity,all_participants,tr_4,AN19,tr_4,M_predictor,1.0000066733624438,0.9945975342085067,1.0061876713347615,3,3,0,ok,
AN19-ft,SBI,ft,similarity,all_participants,tr_6,AN19,tr_6,M_condition,1.004423646213053,1.0017173049204204,1.006932454253066,3,3,0,ok,
AN19-ft,SBI,ft,similarity,all_participants,tr_6,AN19,tr_6,M_joint,1.0042061307980712,0.9955495937120634,1.0107871821267849,3,3,0,ok,
AN19-ft,SBI,ft,similarity,all_participants,tr_6,AN19,tr_6,M_null,1.000040854976964,0.9975893846384362,1.0031773333182856,3,3,0,ok,
AN19-ft,SBI,ft,similarity,all_participants,tr_6,AN19,tr_6,M_predictor,0.9996374887822682,0.9915200027448712,1.0070152542553286,3,3,0,ok,
AN19-ft,SBI,ft,similarity,all_participants,tr_8,AN19,tr_8,M_condition,1.004423646213053,1.0017173049204204,1.006932454253066,3,3,0,ok,
AN19-ft,SBI,ft,similarity,all_participants,tr_8,AN19,tr_8,M_joint,1.0045912439873568,0.998334767216888,1.0102387810545395,3,3,0,ok,
AN19-ft,SBI,ft,similarity,all_participants,tr_8,AN19,tr_8,M_null,1.000040854976964,0.9975893846384362,1.0031773333182856,3,3,0,ok,
AN19-ft,SBI,ft,similarity,all_participants,tr_8,AN19,tr_8,M_predictor,1.0002110611015624,0.9946765681385398,1.006934130234429,3,3,0,ok,
B23-acoustic,SBI,acoustic,similarity,all_participants,mfcc39,B23,mfcc39,M_condition,1.0066864319071471,0.9926833266334868,1.0254219579287032,3,3,0,ok,
B23-acoustic,SBI,acoustic,similarity,all_participants,mfcc39,B23,mfcc39,M_joint,1.0067711140495392,0.9925904280633733,1.0257335004137318,3,3,0,ok,
B23-acoustic,SBI,acoustic,similarity,all_participants,mfcc39,B23,mfcc39,M_null,1.0004767730913031,0.9884297829202519,1.015239052436395,3,3,0,ok,
B23-acoustic,SBI,acoustic,similarity,all_participants,mfcc39,B23,mfcc39,M_predictor,1.0005752881892687,0.9883290097433303,1.0155997280459383,3,3,0,ok,
B23-acoustic,SBI,acoustic,similarity,all_participants,strf24_legacy,B23,strf24_legacy,M_condition,1.0066864319071471,0.9926833266334868,1.0254219579287032,3,3,0,ok,
B23-acoustic,SBI,acoustic,similarity,all_participants,strf24_legacy,B23,strf24_legacy,M_joint,1.0067425260551357,0.9926047072409739,1.0256332038545695,3,3,0,ok,
B23-acoustic,SBI,acoustic,similarity,all_participants,strf24_legacy,B23,strf24_legacy,M_null,1.0004767730913031,0.9884297829202519,1.015239052436395,3,3,0,ok,
B23-acoustic,SBI,acoustic,similarity,all_participants,strf24_legacy,B23,strf24_legacy,M_predictor,1.0005217078089357,0.9883609690724905,1.015417637640952,3,3,0,ok,
B23-base,SBI,base,similarity,all_participants,cnn_2,B23,cnn_2,M_condition,1.0066864319071471,0.9926833266334868,1.0254219579287032,3,3,0,ok,
B23-base,SBI,base,similarity,all_participants,cnn_2,B23,cnn_2,M_joint,1.0068071330188488,0.9926507212992184,1.0257486962469577,3,3,0,ok,
B23-base,SBI,base,similarity,all_participants,cnn_2,B23,cnn_2,M_null,1.0004767730913031,0.9884297829202519,1.015239052436395,3,3,0,ok,
B23-base,SBI,base,similarity,all_participants,cnn_2,B23,cnn_2,M_predictor,1.0005192297205128,0.9884184549531468,1.0153543784018058,3,3,0,ok,
B23-base,SBI,base,similarity,all_participants,cnn_3,B23,cnn_3,M_condition,1.0066864319071471,0.9926833266334868,1.0254219579287032,3,3,0,ok,
B23-base,SBI,base,similarity,all_participants,cnn_3,B23,cnn_3,M_joint,1.006831318696981,0.9926357259519015,1.0258244873145361,3,3,0,ok,
B23-base,SBI,base,similarity,all_participants,cnn_3,B23,cnn_3,M_null,1.0004767730913031,0.9884297829202519,1.015239052436395,3,3,0,ok,
B23-base,SBI,base,similarity,all_participants,cnn_3,B23,cnn_3,M_predictor,1.0005358868528937,0.9884103890547019,1.0154045511050545,3,3,0,ok,
B23-base,SBI,base,similarity,all_participants,cnn_4,B23,cnn_4,M_condition,1.0066864319071471,0.9926833266334868,1.0254219579287032,3,3,0,ok,
B23-base,SBI,base,similarity,all_participants,cnn_4,B23,cnn_4,M_joint,1.006827833414206,0.992631611373681,1.0258200315076622,3,3,0,ok,
B23-base,SBI,base,similarity,all_participants,cnn_4,B23,cnn_4,M_null,1.0004767730913031,0.9884297829202519,1.015239052436395,3,3,0,ok,
B23-base,SBI,base,similarity,all_participants,cnn_4,B23,cnn_4,M_predictor,1.0005299104025476,0.9884081153921359,1.0153912855260088,3,3,0,ok,
B23-base,SBI,base,similarity,all_participants,cnn_5,B23,cnn_5,M_condition,1.0066864319071471,0.9926833266334868,1.0254219579287032,3,3,0,ok,
B23-base,SBI,base,similarity,all_participants,cnn_5,B23,cnn_5,M_joint,1.006819218380328,0.9926262059179919,1.02580691093808,3,3,0,ok,
B23-base,SBI,base,similarity,all_participants,cnn_5,B23,cnn_5,M_null,1.0004767730913031,0.9884297829202519,1.015239052436395,3,3,0,ok,
B23-base,SBI,base,similarity,all_participants,cnn_5,B23,cnn_5,M_predictor,1.0005339982965669,0.988401236638542,1.0154081872958973,3,3,0,ok,
B23-base,SBI,base,similarity,all_participants,cnn_6,B23,cnn_6,M_condition,1.0066864319071471,0.9926833266334868,1.0254219579287032,3,3,0,ok,
B23-base,SBI,base,similarity,all_participants,cnn_6,B23,cnn_6,M_joint,1.0068265028869832,0.992606669512735,1.025848580844393,3,3,0,ok,
B23-base,SBI,base,similarity,all_participants,cnn_6,B23,cnn_6,M_null,1.0004767730913031,0.9884297829202519,1.015239052436395,3,3,0,ok,
B23-base,SBI,base,similarity,all_participants,cnn_6,B23,cnn_6,M_predictor,1.000543409096055,0.988386712309402,1.0154482440968056,3,3,0,ok,
B23-base,SBI,base,similarity,all_participants,tr_0,B23,tr_0,M_condition,1.0066864319071471,0.9926833266334868,1.0254219579287032,3,3,0,ok,
B23-base,SBI,base,similarity,all_participants,tr_0,B23,tr_0,M_joint,1.0068325465436507,0.9926218865659331,1.0258449663742848,3,3,0,ok,
B23-base,SBI,base,similarity,all_participants,tr_0,B23,tr_0,M_null,1.0004767730913031,0.9884297829202519,1.015239052436395,3,3,0,ok,
B23-base,SBI,base,similarity,all_participants,tr_0,B23,tr_0,M_predictor,1.000554242472872,0.9883921288569294,1.0154693868472822,3,3,0,ok,
B23-base,SBI,base,similarity,all_participants,tr_10,B23,tr_10,M_condition,1.0066864319071471,0.9926833266334868,1.0254219579287032,3,3,0,ok,
B23-base,SBI,base,similarity,all_participants,tr_10,B23,tr_10,M_joint,1.0068659863978533,0.9926479150883498,1.0258902566083947,3,3,0,ok,
B23-base,SBI,base,similarity,all_participants,tr_10,B23,tr_10,M_null,1.0004767730913031,0.9884297829202519,1.015239052436395,3,3,0,ok,
B23-base,SBI,base,similarity,all_participants,tr_10,B23,tr_10,M_predictor,1.0006151829108454,0.9883980257344478,1.0155997813046809,3,3,0,ok,
B23-base,SBI,base,similarity,all_participants,tr_12,B23,tr_12,M_condition,1.0066864319071471,0.9926833266334868,1.0254219579287032,3,3,0,ok,
B23-base,SBI,base,similarity,all_participants,tr_12,B23,tr_12,M_joint,1.0068671286197992,0.9926488038696615,1.0258837425972942,3,3,0,ok,
B23-base,SBI,base,similarity,all_participants,tr_12,B23,tr_12,M_null,1.0004767730913031,0.9884297829202519,1.015239052436395,3,3,0,ok,
B23-base,SBI,base,similarity,all_participants,tr_12,B23,tr_12,M_predictor,1.0006182777320387,0.9883989995913035,1.0155955598422857,3,3,0,ok,
B23-base,SBI,base,similarity,all_participants,tr_14,B23,tr_14,M_condition,1.0066864319071471,0.9926833266334868,1.0254219579287032,3,3,0,ok,
B23-base,SBI,base,similarity,all_participants,tr_14,B23,tr_14,M_joint,1.0068189749861747,0.9925914338326502,1.0258219553504009,3,3,0,ok,
B23-base,SBI,base,similarity,all_participants,tr_14,B23,tr_14,M_null,1.0004767730913031,0.9884297829202519,1.015239052436395,3,3,0,ok,
B23-base,SBI,base,similarity,all_participants,tr_14,B23,tr_14,M_predictor,1.0005840703944713,0.9883382175448322,1.0155678665137713,3,3,0,ok,
B23-base,SBI,base,similarity,all_participants,tr_16,B23,tr_16,M_condition,1.0066864319071471,0.9926833266334868,1.0254219579287032,3,3,0,ok,
B23-base,SBI,base,similarity,all_participants,tr_16,B23,tr_16,M_joint,1.006815314899444,0.9926270178179181,1.0257535462946317,3,3,0,ok,
B23-base,SBI,base,similarity,all_participants,tr_16,B23,tr_16,M_null,1.0004767730913031,0.9884297829202519,1.015239052436395,3,3,0,ok,
B23-base,SBI,base,similarity,all_participants,tr_16,B23,tr_16,M_predictor,1.0005957644515857,0.9883677711350995,1.0155392974018629,3,3,0,ok,
B23-base,SBI,base,similarity,all_participants,tr_18,B23,tr_18,M_condition,1.0066864319071471,0.9926833266334868,1.0254219579287032,3,3,0,ok,
B23-base,SBI,base,similarity,all_participants,tr_18,B23,tr_18,M_joint,1.0068493034645245,0.9926568393157753,1.0257869256904293,3,3,0,ok,
B23-base,SBI,base,similarity,all_participants,tr_18,B23,tr_18,M_null,1.0004767730913031,0.9884297829202519,1.015239052436395,3,3,0,ok,
B23-base,SBI,base,similarity,all_participants,tr_18,B23,tr_18,M_predictor,1.0006394122636095,0.9884017759394436,1.0155903030061384,3,3,0,ok,
B23-base,SBI,base,similarity,all_participants,tr_2,B23,tr_2,M_condition,1.0066864319071471,0.9926833266334868,1.0254219579287032,3,3,0,ok,
B23-base,SBI,base,similarity,all_participants,tr_2,B23,tr_2,M_joint,1.0068335128906465,0.992629694194111,1.0258305636745124,3,3,0,ok,
B23-base,SBI,base,similarity,all_participants,tr_2,B23,tr_2,M_null,1.0004767730913031,0.9884297829202519,1.015239052436395,3,3,0,ok,
B23-base,SBI,base,similarity,all_participants,tr_2,B23,tr_2,M_predictor,1.0005616684412988,0.9883881280520419,1.0154832198081072,3,3,0,ok,
B23-base,SBI,base,similarity,all_participants,tr_20,B23,tr_20,M_condition,1.0066864319071471,0.9926833266334868,1.0254219579287032,3,3,0,ok,
B23-base,SBI,base,similarity,all_participants,tr_20,B23,tr_20,M_joint,1.0068664099776121,0.9927438409355038,1.0257003386388264,3,3,0,ok,
B23-base,SBI,base,similarity,all_participants,tr_20,B23,tr_20,M_null,1.0004767730913031,0.9884297829202519,1.015239052436395,3,3,0,ok,
B23-base,SBI,base,similarity,all_participants,tr_20,B23,tr_20,M_predictor,1.0006903502318627,0.9884933488756847,1.0155790482349616,3,3,0,ok,
B23-base,SBI,base,similarity,all_participants,tr_22,B23,tr_22,M_condition,1.0066864319071471,0.9926833266334868,1.0254219579287032,3,3,0,ok,
B23-base,SBI,base,similarity,all_participants,tr_22,B23,tr_22,M_joint,1.0067996462711388,0.9926539892638453,1.02566939856035,3,3,0,ok,
B23-base,SBI,base,similarity,all_participants,tr_22,B23,tr_22,M_null,1.0004767730913031,0.9884297829202519,1.015239052436395,3,3,0,ok,
B23-base,SBI,base,similarity,all_participants,tr_22,B23,tr_22,M_predictor,1.0006072936689614,0.9883894800317107,1.0155249447863675,3,3,0,ok,
B23-base,SBI,base,similarity,all_participants,tr_24,B23,tr_24,M_condition,1.0066864319071471,0.9926833266334868,1.0254219579287032,3,3,0,ok,
B23-base,SBI,base,similarity,all_participants,tr_24,B23,tr_24,M_joint,1.0068359538220404,0.9926267418130231,1.0257692885306835,3,3,0,ok,
B23-base,SBI,base,similarity,all_participants,tr_24,B23,tr_24,M_null,1.0004767730913031,0.9884297829202519,1.015239052436395,3,3,0,ok,
B23-base,SBI,base,similarity,all_participants,tr_24,B23,tr_24,M_predictor,1.0006187952245267,0.9883703224164083,1.0155597703178427,3,3,0,ok,
B23-base,SBI,base,similarity,all_participants,tr_4,B23,tr_4,M_condition,1.0066864319071471,0.9926833266334868,1.0254219579287032,3,3,0,ok,
B23-base,SBI,base,similarity,all_participants,tr_4,B23,tr_4,M_joint,1.0068361693088665,0.9926316986040553,1.0258366211687506,3,3,0,ok,
B23-base,SBI,base,similarity,all_participants,tr_4,B23,tr_4,M_null,1.0004767730913031,0.9884297829202519,1.015239052436395,3,3,0,ok,
B23-base,SBI,base,similarity,all_participants,tr_4,B23,tr_4,M_predictor,1.0005774599326267,0.9883860392256703,1.015524387308746,3,3,0,ok,
B23-base,SBI,base,similarity,all_participants,tr_6,B23,tr_6,M_condition,1.0066864319071471,0.9926833266334868,1.0254219579287032,3,3,0,ok,
B23-base,SBI,base,similarity,all_participants,tr_6,B23,tr_6,M_joint,1.006782355534539,0.9926111269313199,1.0257286037506521,3,3,0,ok,
B23-base,SBI,base,similarity,all_participants,tr_6,B23,tr_6,M_null,1.0004767730913031,0.9884297829202519,1.015239052436395,3,3,0,ok,
B23-base,SBI,base,similarity,all_participants,tr_6,B23,tr_6,M_predictor,1.0005414446257277,0.9883638572066772,1.0154568782484321,3,3,0,ok,
B23-base,SBI,base,similarity,all_participants,tr_8,B23,tr_8,M_condition,1.0066864319071471,0.9926833266334868,1.0254219579287032,3,3,0,ok,
B23-base,SBI,base,similarity,all_participants,tr_8,B23,tr_8,M_joint,1.0068144242227666,0.9926134487975573,1.0258029162591158,3,3,0,ok,
B23-base,SBI,base,similarity,all_participants,tr_8,B23,tr_8,M_null,1.0004767730913031,0.9884297829202519,1.015239052436395,3,3,0,ok,
B23-base,SBI,base,similarity,all_participants,tr_8,B23,tr_8,M_predictor,1.0005809844293945,0.9883607148927085,1.015556191131222,3,3,0,ok,
B23-ft,SBI,ft,similarity,all_participants,cnn_2,B23,cnn_2,M_condition,1.0066864319071471,0.9926833266334868,1.0254219579287032,3,3,0,ok,
B23-ft,SBI,ft,similarity,all_participants,cnn_2,B23,cnn_2,M_joint,1.0068071330188488,0.9926507212992184,1.0257486962469577,3,3,0,ok,
B23-ft,SBI,ft,similarity,all_participants,cnn_2,B23,cnn_2,M_null,1.0004767730913031,0.9884297829202519,1.015239052436395,3,3,0,ok,
B23-ft,SBI,ft,similarity,all_participants,cnn_2,B23,cnn_2,M_predictor,1.0005192297205128,0.9884184549531468,1.0153543784018058,3,3,0,ok,
B23-ft,SBI,ft,similarity,all_participants,cnn_3,B23,cnn_3,M_condition,1.0066864319071471,0.9926833266334868,1.0254219579287032,3,3,0,ok,
B23-ft,SBI,ft,similarity,all_participants,cnn_3,B23,cnn_3,M_joint,1.006831318696981,0.9926357259519015,1.0258244873145361,3,3,0,ok,
B23-ft,SBI,ft,similarity,all_participants,cnn_3,B23,cnn_3,M_null,1.0004767730913031,0.9884297829202519,1.015239052436395,3,3,0,ok,
B23-ft,SBI,ft,similarity,all_participants,cnn_3,B23,cnn_3,M_predictor,1.0005358868528937,0.9884103890547019,1.0154045511050545,3,3,0,ok,
B23-ft,SBI,ft,similarity,all_participants,cnn_4,B23,cnn_4,M_condition,1.0066864319071471,0.9926833266334868,1.0254219579287032,3,3,0,ok,
B23-ft,SBI,ft,similarity,all_participants,cnn_4,B23,cnn_4,M_joint,1.006827833414206,0.992631611373681,1.0258200315076622,3,3,0,ok,
B23-ft,SBI,ft,similarity,all_participants,cnn_4,B23,cnn_4,M_null,1.0004767730913031,0.9884297829202519,1.015239052436395,3,3,0,ok,
B23-ft,SBI,ft,similarity,all_participants,cnn_4,B23,cnn_4,M_predictor,1.0005299104025476,0.9884081153921359,1.0153912855260088,3,3,0,ok,
B23-ft,SBI,ft,similarity,all_participants,cnn_5,B23,cnn_5,M_condition,1.0066864319071471,0.9926833266334868,1.0254219579287032,3,3,0,ok,
B23-ft,SBI,ft,similarity,all_participants,cnn_5,B23,cnn_5,M_joint,1.006819218380328,0.9926262059179919,1.02580691093808,3,3,0,ok,
B23-ft,SBI,ft,similarity,all_participants,cnn_5,B23,cnn_5,M_null,1.0004767730913031,0.9884297829202519,1.015239052436395,3,3,0,ok,
B23-ft,SBI,ft,similarity,all_participants,cnn_5,B23,cnn_5,M_predictor,1.0005339982965669,0.988401236638542,1.0154081872958973,3,3,0,ok,
B23-ft,SBI,ft,similarity,all_participants,cnn_6,B23,cnn_6,M_condition,1.0066864319071471,0.9926833266334868,1.0254219579287032,3,3,0,ok,
B23-ft,SBI,ft,similarity,all_participants,cnn_6,B23,cnn_6,M_joint,1.0068265028869832,0.992606669512735,1.025848580844393,3,3,0,ok,
B23-ft,SBI,ft,similarity,all_participants,cnn_6,B23,cnn_6,M_null,1.0004767730913031,0.9884297829202519,1.015239052436395,3,3,0,ok,
B23-ft,SBI,ft,similarity,all_participants,cnn_6,B23,cnn_6,M_predictor,1.000543409096055,0.988386712309402,1.0154482440968056,3,3,0,ok,
B23-ft,SBI,ft,similarity,all_participants,tr_0,B23,tr_0,M_condition,1.0066864319071471,0.9926833266334868,1.0254219579287032,3,3,0,ok,
B23-ft,SBI,ft,similarity,all_participants,tr_0,B23,tr_0,M_joint,1.006848446425846,0.9926347247692429,1.0258617568869906,3,3,0,ok,
B23-ft,SBI,ft,similarity,all_participants,tr_0,B23,tr_0,M_null,1.0004767730913031,0.9884297829202519,1.015239052436395,3,3,0,ok,
B23-ft,SBI,ft,similarity,all_participants,tr_0,B23,tr_0,M_predictor,1.00055991982207,0.9884003423272631,1.015470133867068,3,3,0,ok,
B23-ft,SBI,ft,similarity,all_participants,tr_10,B23,tr_10,M_condition,1.0066864319071471,0.9926833266334868,1.0254219579287032,3,3,0,ok,
B23-ft,SBI,ft,similarity,all_participants,tr_10,B23,tr_10,M_joint,1.0068699018061025,0.9926498333652547,1.0258978985237457,3,3,0,ok,
B23-ft,SBI,ft,similarity,all_participants,tr_10,B23,tr_10,M_null,1.0004767730913031,0.9884297829202519,1.015239052436395,3,3,0,ok,
B23-ft,SBI,ft,similarity,all_participants,tr_10,B23,tr_10,M_predictor,1.0005824035421873,0.988405118102164,1.0155166982774533,3,3,0,ok,
B23-ft,SBI,ft,similarity,all_participants,tr_12,B23,tr_12,M_condition,1.0066864319071471,0.9926833266334868,1.0254219579287032,3,3,0,ok,
B23-ft,SBI,ft,similarity,all_participants,tr_12,B23,tr_12,M_joint,1.0068254776516135,0.9927020333528997,1.0257017981801595,3,3,0,ok,
B23-ft,SBI,ft,similarity,all_participants,tr_12,B23,tr_12,M_null,1.0004767730913031,0.9884297829202519,1.015239052436395,3,3,0,ok,
B23-ft,SBI,ft,similarity,all_participants,tr_12,B23,tr_12,M_predictor,1.000568278925927,0.9884566748832138,1.015383673470393,3,3,0,ok,
B23-ft,SBI,ft,similarity,all_participants,tr_14,B23,tr_14,M_condition,1.0066864319071471,0.9926833266334868,1.0254219579287032,3,3,0,ok,
B23-ft,SBI,ft,similarity,all_participants,tr_14,B23,tr_14,M_joint,1.006951881589651,0.9928135356399775,1.0258871276748878,3,3,0,ok,
B23-ft,SBI,ft,similarity,all_participants,tr_14,B23,tr_14,M_null,1.0004767730913031,0.9884297829202519,1.015239052436395,3,3,0,ok,
B23-ft,SBI,ft,similarity,all_participants,tr_14,B23,tr_14,M_predictor,1.000684605061469,0.9885580474150413,1.0155583678120796,3,3,0,ok,
B23-ft,SBI,ft,similarity,all_participants,tr_16,B23,tr_16,M_condition,1.0066864319071471,0.9926833266334868,1.0254219579287032,3,3,0,ok,
B23-ft,SBI,ft,similarity,all_participants,tr_16,B23,tr_16,M_joint,1.0068868696727336,0.9926078500337525,1.0259709830284165,3,3,0,ok,
B23-ft,SBI,ft,similarity,all_participants,tr_16,B23,tr_16,M_null,1.0004767730913031,0.9884297829202519,1.015239052436395,3,3,0,ok,
B23-ft,SBI,ft,similarity,all_participants,tr_16,B23,tr_16,M_predictor,1.0006186092440084,0.9883730549500559,1.0156153361333229,3,3,0,ok,
B23-ft,SBI,ft,similarity,all_participants,tr_18,B23,tr_18,M_condition,1.0066864319071471,0.9926833266334868,1.0254219579287032,3,3,0,ok,
B23-ft,SBI,ft,similarity,all_participants,tr_18,B23,tr_18,M_joint,1.0068111428302935,0.9926309275581184,1.0257614909175274,3,3,0,ok,
B23-ft,SBI,ft,similarity,all_participants,tr_18,B23,tr_18,M_null,1.0004767730913031,0.9884297829202519,1.015239052436395,3,3,0,ok,
B23-ft,SBI,ft,similarity,all_participants,tr_18,B23,tr_18,M_predictor,1.0005565856016394,0.9883931903113058,1.0154437181845897,3,3,0,ok,
B23-ft,SBI,ft,similarity,all_participants,tr_2,B23,tr_2,M_condition,1.0066864319071471,0.9926833266334868,1.0254219579287032,3,3,0,ok,
B23-ft,SBI,ft,similarity,all_participants,tr_2,B23,tr_2,M_joint,1.0068614149872892,0.9926456022432854,1.025880345422982,3,3,0,ok,
B23-ft,SBI,ft,similarity,all_participants,tr_2,B23,tr_2,M_null,1.0004767730913031,0.9884297829202519,1.015239052436395,3,3,0,ok,
B23-ft,SBI,ft,similarity,all_participants,tr_2,B23,tr_2,M_predictor,1.0005753603408656,0.9884044095733894,1.0155003688499191,3,3,0,ok,
B23-ft,SBI,ft,similarity,all_participants,tr_20,B23,tr_20,M_condition,1.0066864319071471,0.9926833266334868,1.0254219579287032,3,3,0,ok,
B23-ft,SBI,ft,similarity,all_participants,tr_20,B23,tr_20,M_joint,1.0068115486511162,0.9926311447350983,1.0257582152565363,3,3,0,ok,
B23-ft,SBI,ft,similarity,all_participants,tr_20,B23,tr_20,M_null,1.0004767730913031,0.9884297829202519,1.015239052436395,3,3,0,ok,
B23-ft,SBI,ft,similarity,all_participants,tr_20,B23,tr_20,M_predictor,1.000581609737687,0.9883858984328506,1.0155043410954205,3,3,0,ok,
B23-ft,SBI,ft,similarity,all_participants,tr_22,B23,tr_22,M_condition,1.0066864319071471,0.9926833266334868,1.0254219579287032,3,3,0,ok,
B23-ft,SBI,ft,similarity,all_participants,tr_22,B23,tr_22,M_joint,1.0068355130360442,0.9927339401769673,1.025634973173841,3,3,0,ok,
B23-ft,SBI,ft,similarity,all_participants,tr_22,B23,tr_22,M_null,1.0004767730913031,0.9884297829202519,1.015239052436395,3,3,0,ok,
B23-ft,SBI,ft,similarity,all_participants,tr_22,B23,tr_22,M_predictor,1.0006307199953206,0.9884792335456807,1.015461613300452,3,3,0,ok,
B23-ft,SBI,ft,similarity,all_participants,tr_24,B23,tr_24,M_condition,1.0066864319071471,0.9926833266334868,1.0254219579287032,3,3,0,ok,
B23-ft,SBI,ft,similarity,all_participants,tr_24,B23,tr_24,M_joint,1.006791147064405,0.9926124976824282,1.0256913988420926,3,3,0,ok,
B23-ft,SBI,ft,similarity,all_participants,tr_24,B23,tr_24,M_null,1.0004767730913031,0.9884297829202519,1.015239052436395,3,3,0,ok,
B23-ft,SBI,ft,similarity,all_participants,tr_24,B23,tr_24,M_predictor,1.000571732909055,0.9883597098945869,1.0154730831053185,3,3,0,ok,
B23-ft,SBI,ft,similarity,all_participants,tr_4,B23,tr_4,M_condition,1.0066864319071471,0.9926833266334868,1.0254219579287032,3,3,0,ok,
B23-ft,SBI,ft,similarity,all_participants,tr_4,B23,tr_4,M_joint,1.006814320495414,0.9926225268395628,1.0257927812898449,3,3,0,ok,
B23-ft,SBI,ft,similarity,all_participants,tr_4,B23,tr_4,M_null,1.0004767730913031,0.9884297829202519,1.015239052436395,3,3,0,ok,
B23-ft,SBI,ft,similarity,all_participants,tr_4,B23,tr_4,M_predictor,1.0005709677488972,0.9883755167361146,1.0155200885743163,3,3,0,ok,
B23-ft,SBI,ft,similarity,all_participants,tr_6,B23,tr_6,M_condition,1.0066864319071471,0.9926833266334868,1.0254219579287032,3,3,0,ok,
B23-ft,SBI,ft,similarity,all_participants,tr_6,B23,tr_6,M_joint,1.0068769720175992,0.9925886401496632,1.0259823751257393,3,3,0,ok,
B23-ft,SBI,ft,similarity,all_participants,tr_6,B23,tr_6,M_null,1.0004767730913031,0.9884297829202519,1.015239052436395,3,3,0,ok,
B23-ft,SBI,ft,similarity,all_participants,tr_6,B23,tr_6,M_predictor,1.0006150544502501,0.9883462890867065,1.015660620727257,3,3,0,ok,
B23-ft,SBI,ft,similarity,all_participants,tr_8,B23,tr_8,M_condition,1.0066864319071471,0.9926833266334868,1.0254219579287032,3,3,0,ok,
B23-ft,SBI,ft,similarity,all_participants,tr_8,B23,tr_8,M_joint,1.006823386994425,0.9926222305787777,1.0258239869331363,3,3,0,ok,
B23-ft,SBI,ft,similarity,all_participants,tr_8,B23,tr_8,M_null,1.0004767730913031,0.9884297829202519,1.015239052436395,3,3,0,ok,
B23-ft,SBI,ft,similarity,all_participants,tr_8,B23,tr_8,M_predictor,1.0005855221519282,0.9883693637756297,1.01557054332718,3,3,0,ok,
HVE-AN19-base-120,HVE,base,between_type_word,AN19_120_available_exposure,tr_24,AN19,tr_24::between_type_word,M_condition,1.0047004893842315,1.003885189648443,1.005435132688433,3,3,0,ok,
HVE-AN19-base-120,HVE,base,between_type_word,AN19_120_available_exposure,tr_24,AN19,tr_24::between_type_word,M_joint,1.0043164795307569,1.0039594851805558,1.0046796327050482,3,3,0,ok,
HVE-AN19-base-120,HVE,base,between_type_word,AN19_120_available_exposure,tr_24,AN19,tr_24::between_type_word,M_null,1.0000442193145616,0.9974076033917777,1.0031714668334002,3,3,0,ok,
HVE-AN19-base-120,HVE,base,between_type_word,AN19_120_available_exposure,tr_24,AN19,tr_24::between_type_word,M_predictor,1.0006021619745435,0.9967903527125231,1.003848242100708,3,3,0,ok,
HVE-AN19-base-120,HVE,base,mean_dissimilarity_word,AN19_120_available_exposure,tr_24,AN19,tr_24::mean_dissimilarity_word,M_condition,1.0047004893842315,1.003885189648443,1.005435132688433,3,3,0,ok,
HVE-AN19-base-120,HVE,base,mean_dissimilarity_word,AN19_120_available_exposure,tr_24,AN19,tr_24::mean_dissimilarity_word,M_joint,1.0045382807811003,1.0038575932447384,1.005344542344857,3,3,0,ok,
HVE-AN19-base-120,HVE,base,mean_dissimilarity_word,AN19_120_available_exposure,tr_24,AN19,tr_24::mean_dissimilarity_word,M_null,1.0000442193145616,0.9974076033917777,1.0031714668334002,3,3,0,ok,
HVE-AN19-base-120,HVE,base,mean_dissimilarity_word,AN19_120_available_exposure,tr_24,AN19,tr_24::mean_dissimilarity_word,M_predictor,1.0007547797394627,0.9972800386388986,1.0042322136157005,3,3,0,ok,
HVE-AN19-base-120,HVE,base,order_word,AN19_120_available_exposure,tr_24,AN19,tr_24::order_word,M_condition,1.0047004893842315,1.003885189648443,1.005435132688433,3,3,0,ok,
HVE-AN19-base-120,HVE,base,order_word,AN19_120_available_exposure,tr_24,AN19,tr_24::order_word,M_joint,1.0046365610701413,1.0037450811002258,1.0054827885890971,3,3,0,ok,
HVE-AN19-base-120,HVE,base,order_word,AN19_120_available_exposure,tr_24,AN19,tr_24::order_word,M_null,1.0000442193145616,0.9974076033917777,1.0031714668334002,3,3,0,ok,
HVE-AN19-base-120,HVE,base,order_word,AN19_120_available_exposure,tr_24,AN19,tr_24::order_word,M_predictor,1.0007596970054105,0.9976729222702295,1.0032451923883756,3,3,0,ok,
HVE-AN19-base-120,HVE,base,overall,AN19_120_available_exposure,tr_24,AN19,tr_24::overall,M_condition,1.0047004893842315,1.003885189648443,1.005435132688433,3,3,0,ok,
HVE-AN19-base-120,HVE,base,overall,AN19_120_available_exposure,tr_24,AN19,tr_24::overall,M_joint,1.0048916740082083,1.0037308340665991,1.0060421271519224,3,3,0,ok,
HVE-AN19-base-120,HVE,base,overall,AN19_120_available_exposure,tr_24,AN19,tr_24::overall,M_null,1.0000442193145616,0.9974076033917777,1.0031714668334002,3,3,0,ok,
HVE-AN19-base-120,HVE,base,overall,AN19_120_available_exposure,tr_24,AN19,tr_24::overall,M_predictor,1.0004141426584259,0.9972139686581697,1.004276375972002,3,3,0,ok,
HVE-AN19-base-120,HVE,base,overall_order_sensitive,AN19_120_available_exposure,tr_24,AN19,tr_24::overall_order_sensitive,M_condition,1.0047004893842315,1.003885189648443,1.005435132688433,3,3,0,ok,
HVE-AN19-base-120,HVE,base,overall_order_sensitive,AN19_120_available_exposure,tr_24,AN19,tr_24::overall_order_sensitive,M_joint,1.0044080949378014,1.0036533649336488,1.0049792661956418,3,3,0,ok,
HVE-AN19-base-120,HVE,base,overall_order_sensitive,AN19_120_available_exposure,tr_24,AN19,tr_24::overall_order_sensitive,M_null,1.0000442193145616,0.9974076033917777,1.0031714668334002,3,3,0,ok,
HVE-AN19-base-120,HVE,base,overall_order_sensitive,AN19_120_available_exposure,tr_24,AN19,tr_24::overall_order_sensitive,M_predictor,0.9999821268767141,0.9958414610560976,1.00413390371129,3,3,0,ok,
HVE-AN19-base-120,HVE,base,within_token_word,AN19_120_available_exposure,tr_24,AN19,tr_24::within_token_word,M_condition,1.0047004893842315,1.003885189648443,1.005435132688433,3,3,0,ok,
HVE-AN19-base-120,HVE,base,within_token_word,AN19_120_available_exposure,tr_24,AN19,tr_24::within_token_word,M_joint,1.0044318106805052,1.0035581767060704,1.00536967705408,3,3,0,ok,
HVE-AN19-base-120,HVE,base,within_token_word,AN19_120_available_exposure,tr_24,AN19,tr_24::within_token_word,M_null,1.0000442193145616,0.9974076033917777,1.0031714668334002,3,3,0,ok,
HVE-AN19-base-120,HVE,base,within_token_word,AN19_120_available_exposure,tr_24,AN19,tr_24::within_token_word,M_predictor,1.000378390557901,0.9968405266693636,1.0045756235664194,3,3,0,ok,
HVE-AN19-base-120,HVE,base,within_type_word,AN19_120_available_exposure,tr_24,AN19,tr_24::within_type_word,M_condition,1.0047004893842315,1.003885189648443,1.005435132688433,3,3,0,ok,
HVE-AN19-base-120,HVE,base,within_type_word,AN19_120_available_exposure,tr_24,AN19,tr_24::within_type_word,M_joint,1.0046270706810936,1.003536514677471,1.0054948488977804,3,3,0,ok,
HVE-AN19-base-120,HVE,base,within_type_word,AN19_120_available_exposure,tr_24,AN19,tr_24::within_type_word,M_null,1.0000442193145616,0.9974076033917777,1.0031714668334002,3,3,0,ok,
HVE-AN19-base-120,HVE,base,within_type_word,AN19_120_available_exposure,tr_24,AN19,tr_24::within_type_word,M_predictor,1.001039125717545,0.9983809926009972,1.0032574216928654,3,3,0,ok,
HVE-AN19-ft-120,HVE,ft,between_type_word,AN19_120_available_exposure,tr_24,AN19,tr_24::between_type_word,M_condition,1.0047004893842315,1.003885189648443,1.005435132688433,3,3,0,ok,
HVE-AN19-ft-120,HVE,ft,between_type_word,AN19_120_available_exposure,tr_24,AN19,tr_24::between_type_word,M_joint,1.005087017780861,1.0039469104640988,1.0060541743454166,3,3,0,ok,
HVE-AN19-ft-120,HVE,ft,between_type_word,AN19_120_available_exposure,tr_24,AN19,tr_24::between_type_word,M_null,1.0000442193145616,0.9974076033917777,1.0031714668334002,3,3,0,ok,
HVE-AN19-ft-120,HVE,ft,between_type_word,AN19_120_available_exposure,tr_24,AN19,tr_24::between_type_word,M_predictor,1.0007135669772858,0.998811999737407,1.0032341514091607,3,3,0,ok,
HVE-AN19-ft-120,HVE,ft,mean_dissimilarity_word,AN19_120_available_exposure,tr_24,AN19,tr_24::mean_dissimilarity_word,M_condition,1.0047004893842315,1.003885189648443,1.005435132688433,3,3,0,ok,
HVE-AN19-ft-120,HVE,ft,mean_dissimilarity_word,AN19_120_available_exposure,tr_24,AN19,tr_24::mean_dissimilarity_word,M_joint,1.0046078799611553,1.0036655566494157,1.005696207224286,3,3,0,ok,
HVE-AN19-ft-120,HVE,ft,mean_dissimilarity_word,AN19_120_available_exposure,tr_24,AN19,tr_24::mean_dissimilarity_word,M_null,1.0000442193145616,0.9974076033917777,1.0031714668334002,3,3,0,ok,
HVE-AN19-ft-120,HVE,ft,mean_dissimilarity_word,AN19_120_available_exposure,tr_24,AN19,tr_24::mean_dissimilarity_word,M_predictor,1.000503995786838,0.996597223742167,1.0047993325976083,3,3,0,ok,
HVE-AN19-ft-120,HVE,ft,order_word,AN19_120_available_exposure,tr_24,AN19,tr_24::order_word,M_condition,1.0047004893842315,1.003885189648443,1.005435132688433,3,3,0,ok,
HVE-AN19-ft-120,HVE,ft,order_word,AN19_120_available_exposure,tr_24,AN19,tr_24::order_word,M_joint,1.0043677913672158,1.0040674630295623,1.0047307263634233,3,3,0,ok,
HVE-AN19-ft-120,HVE,ft,order_word,AN19_120_available_exposure,tr_24,AN19,tr_24::order_word,M_null,1.0000442193145616,0.9974076033917777,1.0031714668334002,3,3,0,ok,
HVE-AN19-ft-120,HVE,ft,order_word,AN19_120_available_exposure,tr_24,AN19,tr_24::order_word,M_predictor,0.9999682899813561,0.9961509471523283,1.0040078866374886,3,3,0,ok,
HVE-AN19-ft-120,HVE,ft,overall,AN19_120_available_exposure,tr_24,AN19,tr_24::overall,M_condition,1.0047004893842315,1.003885189648443,1.005435132688433,3,3,0,ok,
HVE-AN19-ft-120,HVE,ft,overall,AN19_120_available_exposure,tr_24,AN19,tr_24::overall,M_joint,1.004980762674504,1.0039062234675948,1.005827223433462,3,3,0,ok,
HVE-AN19-ft-120,HVE,ft,overall,AN19_120_available_exposure,tr_24,AN19,tr_24::overall,M_null,1.0000442193145616,0.9974076033917777,1.0031714668334002,3,3,0,ok,
HVE-AN19-ft-120,HVE,ft,overall,AN19_120_available_exposure,tr_24,AN19,tr_24::overall,M_predictor,1.0008220964892114,0.9987807390992961,1.0023784660081638,3,3,0,ok,
HVE-AN19-ft-120,HVE,ft,overall_order_sensitive,AN19_120_available_exposure,tr_24,AN19,tr_24::overall_order_sensitive,M_condition,1.0047004893842315,1.003885189648443,1.005435132688433,3,3,0,ok,
HVE-AN19-ft-120,HVE,ft,overall_order_sensitive,AN19_120_available_exposure,tr_24,AN19,tr_24::overall_order_sensitive,M_joint,1.0043612769951826,1.0039905886838536,1.0048134011201226,3,3,0,ok,
HVE-AN19-ft-120,HVE,ft,overall_order_sensitive,AN19_120_available_exposure,tr_24,AN19,tr_24::overall_order_sensitive,M_null,1.0000442193145616,0.9974076033917777,1.0031714668334002,3,3,0,ok,
HVE-AN19-ft-120,HVE,ft,overall_order_sensitive,AN19_120_available_exposure,tr_24,AN19,tr_24::overall_order_sensitive,M_predictor,1.0000555838369865,0.9961257937374,1.004214450296308,3,3,0,ok,
HVE-AN19-ft-120,HVE,ft,within_token_word,AN19_120_available_exposure,tr_24,AN19,tr_24::within_token_word,M_condition,1.0047004893842315,1.003885189648443,1.005435132688433,3,3,0,ok,
HVE-AN19-ft-120,HVE,ft,within_token_word,AN19_120_available_exposure,tr_24,AN19,tr_24::within_token_word,M_joint,1.004964181543962,1.0038877836711009,1.0058140505051452,3,3,0,ok,
HVE-AN19-ft-120,HVE,ft,within_token_word,AN19_120_available_exposure,tr_24,AN19,tr_24::within_token_word,M_null,1.0000442193145616,0.9974076033917777,1.0031714668334002,3,3,0,ok,
HVE-AN19-ft-120,HVE,ft,within_token_word,AN19_120_available_exposure,tr_24,AN19,tr_24::within_token_word,M_predictor,1.00047662422326,0.998010214775038,1.0025569650756727,3,3,0,ok,
HVE-AN19-ft-120,HVE,ft,within_type_word,AN19_120_available_exposure,tr_24,AN19,tr_24::within_type_word,M_condition,1.0047004893842315,1.003885189648443,1.005435132688433,3,3,0,ok,
HVE-AN19-ft-120,HVE,ft,within_type_word,AN19_120_available_exposure,tr_24,AN19,tr_24::within_type_word,M_joint,1.004899996575637,1.0038951956569535,1.0059581346185402,3,3,0,ok,
HVE-AN19-ft-120,HVE,ft,within_type_word,AN19_120_available_exposure,tr_24,AN19,tr_24::within_type_word,M_null,1.0000442193145616,0.9974076033917777,1.0031714668334002,3,3,0,ok,
HVE-AN19-ft-120,HVE,ft,within_type_word,AN19_120_available_exposure,tr_24,AN19,tr_24::within_type_word,M_predictor,1.0005401866016195,0.9975621837029052,1.0041873529326628,3,3,0,ok,
HVE-B23-base-168,HVE,base,between_type_phoneme,B23_168_available_exposure,tr_24,B23,tr_24::between_type_phoneme,M_condition,1.0066864319071471,0.9926833266334868,1.0254219579287032,3,3,0,ok,
HVE-B23-base-168,HVE,base,between_type_phoneme,B23_168_available_exposure,tr_24,B23,tr_24::between_type_phoneme,M_joint,1.0095519848813705,0.9966066175879748,1.0264966597214733,3,3,0,ok,
HVE-B23-base-168,HVE,base,between_type_phoneme,B23_168_available_exposure,tr_24,B23,tr_24::between_type_phoneme,M_null,1.0004767730913031,0.9884297829202519,1.015239052436395,3,3,0,ok,
HVE-B23-base-168,HVE,base,between_type_phoneme,B23_168_available_exposure,tr_24,B23,tr_24::between_type_phoneme,M_predictor,1.0029764173336113,0.9860649506822686,1.0243205351663525,3,3,0,ok,
HVE-B23-base-168,HVE,base,between_type_sentence,B23_168_available_exposure,tr_24,B23,tr_24::between_type_sentence,M_condition,1.0066864319071471,0.9926833266334868,1.0254219579287032,3,3,0,ok,
HVE-B23-base-168,HVE,base,between_type_sentence,B23_168_available_exposure,tr_24,B23,tr_24::between_type_sentence,M_joint,1.0095514015365301,0.9966054869633826,1.0264965678666154,3,3,0,ok,
HVE-B23-base-168,HVE,base,between_type_sentence,B23_168_available_exposure,tr_24,B23,tr_24::between_type_sentence,M_null,1.0004767730913031,0.9884297829202519,1.015239052436395,3,3,0,ok,
HVE-B23-base-168,HVE,base,between_type_sentence,B23_168_available_exposure,tr_24,B23,tr_24::between_type_sentence,M_predictor,1.0005255466536978,0.9894584002890018,1.014608192453767,3,3,0,ok,
HVE-B23-base-168,HVE,base,between_type_word,B23_168_available_exposure,tr_24,B23,tr_24::between_type_word,M_condition,1.0066864319071471,0.9926833266334868,1.0254219579287032,3,3,0,ok,
HVE-B23-base-168,HVE,base,between_type_word,B23_168_available_exposure,tr_24,B23,tr_24::between_type_word,M_joint,1.0095514766233806,0.9966056165950881,1.0264965857692951,3,3,0,ok,
HVE-B23-base-168,HVE,base,between_type_word,B23_168_available_exposure,tr_24,B23,tr_24::between_type_word,M_null,1.0004767730913031,0.9884297829202519,1.015239052436395,3,3,0,ok,
HVE-B23-base-168,HVE,base,between_type_word,B23_168_available_exposure,tr_24,B23,tr_24::between_type_word,M_predictor,1.0006996681901528,0.9873938513324941,1.0168468719649946,3,3,0,ok,
HVE-B23-base-168,HVE,base,mean_dissimilarity_phoneme,B23_168_available_exposure,tr_24,B23,tr_24::mean_dissimilarity_phoneme,M_condition,1.0066864319071471,0.9926833266334868,1.0254219579287032,3,3,0,ok,
HVE-B23-base-168,HVE,base,mean_dissimilarity_phoneme,B23_168_available_exposure,tr_24,B23,tr_24::mean_dissimilarity_phoneme,M_joint,1.0095576073009276,0.996616401790656,1.0264979706121384,3,3,0,ok,
HVE-B23-base-168,HVE,base,mean_dissimilarity_phoneme,B23_168_available_exposure,tr_24,B23,tr_24::mean_dissimilarity_phoneme,M_null,1.0004767730913031,0.9884297829202519,1.015239052436395,3,3,0,ok,
HVE-B23-base-168,HVE,base,mean_dissimilarity_phoneme,B23_168_available_exposure,tr_24,B23,tr_24::mean_dissimilarity_phoneme,M_predictor,1.0013193854517508,0.9882791139747394,1.017445948122676,3,3,0,ok,
HVE-B23-base-168,HVE,base,mean_dissimilarity_word,B23_168_available_exposure,tr_24,B23,tr_24::mean_dissimilarity_word,M_condition,1.0066864319071471,0.9926833266334868,1.0254219579287032,3,3,0,ok,
HVE-B23-base-168,HVE,base,mean_dissimilarity_word,B23_168_available_exposure,tr_24,B23,tr_24::mean_dissimilarity_word,M_joint,1.009551394112121,0.9966054776865952,1.0264965647425723,3,3,0,ok,
HVE-B23-base-168,HVE,base,mean_dissimilarity_word,B23_168_available_exposure,tr_24,B23,tr_24::mean_dissimilarity_word,M_null,1.0004767730913031,0.9884297829202519,1.015239052436395,3,3,0,ok,
HVE-B23-base-168,HVE,base,mean_dissimilarity_word,B23_168_available_exposure,tr_24,B23,tr_24::mean_dissimilarity_word,M_predictor,1.002816972631524,0.9905762931478507,1.0186053373565247,3,3,0,ok,
HVE-B23-base-168,HVE,base,order_phoneme,B23_168_available_exposure,tr_24,B23,tr_24::order_phoneme,M_condition,1.0066864319071471,0.9926833266334868,1.0254219579287032,3,3,0,ok,
HVE-B23-base-168,HVE,base,order_phoneme,B23_168_available_exposure,tr_24,B23,tr_24::order_phoneme,M_joint,1.0095513911040535,0.9966054664934098,1.0264965663194825,3,3,0,ok,
HVE-B23-base-168,HVE,base,order_phoneme,B23_168_available_exposure,tr_24,B23,tr_24::order_phoneme,M_null,1.0004767730913031,0.9884297829202519,1.015239052436395,3,3,0,ok,
HVE-B23-base-168,HVE,base,order_phoneme,B23_168_available_exposure,tr_24,B23,tr_24::order_phoneme,M_predictor,1.0028931532840408,0.9866734604358534,1.023243906661778,3,3,0,ok,
HVE-B23-base-168,HVE,base,order_sentence,B23_168_available_exposure,tr_24,B23,tr_24::order_sentence,M_condition,1.0066864319071471,0.9926833266334868,1.0254219579287032,3,3,0,ok,
HVE-B23-base-168,HVE,base,order_sentence,B23_168_available_exposure,tr_24,B23,tr_24::order_sentence,M_joint,1.009551581442578,0.9966058494303716,1.0264965909271713,3,3,0,ok,
HVE-B23-base-168,HVE,base,order_sentence,B23_168_available_exposure,tr_24,B23,tr_24::order_sentence,M_null,1.0004767730913031,0.9884297829202519,1.015239052436395,3,3,0,ok,
HVE-B23-base-168,HVE,base,order_sentence,B23_168_available_exposure,tr_24,B23,tr_24::order_sentence,M_predictor,1.003457148765576,0.9868791577809859,1.024304540074762,3,3,0,ok,
HVE-B23-base-168,HVE,base,order_word,B23_168_available_exposure,tr_24,B23,tr_24::order_word,M_condition,1.0066864319071471,0.9926833266334868,1.0254219579287032,3,3,0,ok,
HVE-B23-base-168,HVE,base,order_word,B23_168_available_exposure,tr_24,B23,tr_24::order_word,M_joint,1.009551703857035,0.9966059614007176,1.0264966581079702,3,3,0,ok,
HVE-B23-base-168,HVE,base,order_word,B23_168_available_exposure,tr_24,B23,tr_24::order_word,M_null,1.0004767730913031,0.9884297829202519,1.015239052436395,3,3,0,ok,
HVE-B23-base-168,HVE,base,order_word,B23_168_available_exposure,tr_24,B23,tr_24::order_word,M_predictor,1.0033006573276813,0.9870222820474837,1.0237279263685906,3,3,0,ok,
HVE-B23-base-168,HVE,base,overall,B23_168_available_exposure,tr_24,B23,tr_24::overall,M_condition,1.0066864319071471,0.9926833266334868,1.0254219579287032,3,3,0,ok,
HVE-B23-base-168,HVE,base,overall,B23_168_available_exposure,tr_24,B23,tr_24::overall,M_joint,1.009557519931319,0.9966162947351973,1.026497933040945,3,3,0,ok,
HVE-B23-base-168,HVE,base,overall,B23_168_available_exposure,tr_24,B23,tr_24::overall,M_null,1.0004767730913031,0.9884297829202519,1.015239052436395,3,3,0,ok,
HVE-B23-base-168,HVE,base,overall,B23_168_available_exposure,tr_24,B23,tr_24::overall,M_predictor,1.0025451897984239,0.9863288796048273,1.022533068122297,3,3,0,ok,
HVE-B23-base-168,HVE,base,within_token_phoneme,B23_168_available_exposure,tr_24,B23,tr_24::within_token_phoneme,M_condition,1.0066864319071471,0.9926833266334868,1.0254219579287032,3,3,0,ok,
HVE-B23-base-168,HVE,base,within_token_phoneme,B23_168_available_exposure,tr_24,B23,tr_24::within_token_phoneme,M_joint,1.0095575519684996,0.9966164654137547,1.0264978965678455,3,3,0,ok,
HVE-B23-base-168,HVE,base,within_token_phoneme,B23_168_available_exposure,tr_24,B23,tr_24::within_token_phoneme,M_null,1.0004767730913031,0.9884297829202519,1.015239052436395,3,3,0,ok,
HVE-B23-base-168,HVE,base,within_token_phoneme,B23_168_available_exposure,tr_24,B23,tr_24::within_token_phoneme,M_predictor,1.0016824619251594,0.9893295473074138,1.0171580286273716,3,3,0,ok,
HVE-B23-base-168,HVE,base,within_token_sentence,B23_168_available_exposure,tr_24,B23,tr_24::within_token_sentence,M_condition,1.0066864319071471,0.9926833266334868,1.0254219579287032,3,3,0,ok,
HVE-B23-base-168,HVE,base,within_token_sentence,B23_168_available_exposure,tr_24,B23,tr_24::within_token_sentence,M_joint,1.009557620770632,0.9966165238381544,1.026497936049844,3,3,0,ok,
HVE-B23-base-168,HVE,base,within_token_sentence,B23_168_available_exposure,tr_24,B23,tr_24::within_token_sentence,M_null,1.0004767730913031,0.9884297829202519,1.015239052436395,3,3,0,ok,
HVE-B23-base-168,HVE,base,within_token_sentence,B23_168_available_exposure,tr_24,B23,tr_24::within_token_sentence,M_predictor,1.0027197069283507,0.9869312279166542,1.0222620590135973,3,3,0,ok,
HVE-B23-base-168,HVE,base,within_token_word,B23_168_available_exposure,tr_24,B23,tr_24::within_token_word,M_condition,1.0066864319071471,0.9926833266334868,1.0254219579287032,3,3,0,ok,
HVE-B23-base-168,HVE,base,within_token_word,B23_168_available_exposure,tr_24,B23,tr_24::within_token_word,M_joint,1.0095516405828364,0.9966059518426944,1.02649660490878,3,3,0,ok,
HVE-B23-base-168,HVE,base,within_token_word,B23_168_available_exposure,tr_24,B23,tr_24::within_token_word,M_null,1.0004767730913031,0.9884297829202519,1.015239052436395,3,3,0,ok,
HVE-B23-base-168,HVE,base,within_token_word,B23_168_available_exposure,tr_24,B23,tr_24::within_token_word,M_predictor,1.002643559493296,0.9882722484554103,1.0206299903709959,3,3,0,ok,
HVE-B23-base-168,HVE,base,within_type_phoneme,B23_168_available_exposure,tr_24,B23,tr_24::within_type_phoneme,M_condition,1.0066864319071471,0.9926833266334868,1.0254219579287032,3,3,0,ok,
HVE-B23-base-168,HVE,base,within_type_phoneme,B23_168_available_exposure,tr_24,B23,tr_24::within_type_phoneme,M_joint,1.0095576260569659,0.9966164895817398,1.0264979538978114,3,3,0,ok,
HVE-B23-base-168,HVE,base,within_type_phoneme,B23_168_available_exposure,tr_24,B23,tr_24::within_type_phoneme,M_null,1.0004767730913031,0.9884297829202519,1.015239052436395,3,3,0,ok,
HVE-B23-base-168,HVE,base,within_type_phoneme,B23_168_available_exposure,tr_24,B23,tr_24::within_type_phoneme,M_predictor,1.0009263611877617,0.9880499406345761,1.016769454971228,3,3,0,ok,
HVE-B23-base-168,HVE,base,within_type_word,B23_168_available_exposure,tr_24,B23,tr_24::within_type_word,M_condition,1.0066864319071471,0.9926833266334868,1.0254219579287032,3,3,0,ok,
HVE-B23-base-168,HVE,base,within_type_word,B23_168_available_exposure,tr_24,B23,tr_24::within_type_word,M_joint,1.0095514530899965,0.9966056084532308,1.0264965677369202,3,3,0,ok,
HVE-B23-base-168,HVE,base,within_type_word,B23_168_available_exposure,tr_24,B23,tr_24::within_type_word,M_null,1.0004767730913031,0.9884297829202519,1.015239052436395,3,3,0,ok,
HVE-B23-base-168,HVE,base,within_type_word,B23_168_available_exposure,tr_24,B23,tr_24::within_type_word,M_predictor,1.0021269771105221,0.9915572544212403,1.0159663907856065,3,3,0,ok,
HVE-B23-base-97,HVE,base,overall_order_sensitive,B23_97_complete_order,tr_24,B23,tr_24::overall_order_sensitive,M_condition,1.0137401608518468,0.9861660833267059,1.0372967688222974,3,3,0,ok,
HVE-B23-base-97,HVE,base,overall_order_sensitive,B23_97_complete_order,tr_24,B23,tr_24::overall_order_sensitive,M_joint,1.0352057595573811,0.988430644076044,1.0821693240813475,3,3,0,ok,
HVE-B23-base-97,HVE,base,overall_order_sensitive,B23_97_complete_order,tr_24,B23,tr_24::overall_order_sensitive,M_null,1.001891977918418,0.982276154480447,1.0217851189720297,3,3,0,ok,
HVE-B23-base-97,HVE,base,overall_order_sensitive,B23_97_complete_order,tr_24,B23,tr_24::overall_order_sensitive,M_predictor,1.006157295413301,0.9853573338984459,1.0216951797355107,3,3,0,ok,
HVE-B23-ft-168,HVE,ft,between_type_phoneme,B23_168_available_exposure,tr_24,B23,tr_24::between_type_phoneme,M_condition,1.0066864319071471,0.9926833266334868,1.0254219579287032,3,3,0,ok,
HVE-B23-ft-168,HVE,ft,between_type_phoneme,B23_168_available_exposure,tr_24,B23,tr_24::between_type_phoneme,M_joint,1.009551479255022,0.9966056644036689,1.0264965698541506,3,3,0,ok,
HVE-B23-ft-168,HVE,ft,between_type_phoneme,B23_168_available_exposure,tr_24,B23,tr_24::between_type_phoneme,M_null,1.0004767730913031,0.9884297829202519,1.015239052436395,3,3,0,ok,
HVE-B23-ft-168,HVE,ft,between_type_phoneme,B23_168_available_exposure,tr_24,B23,tr_24::between_type_phoneme,M_predictor,1.0014605402276395,0.9873665546967911,1.019004000395462,3,3,0,ok,
HVE-B23-ft-168,HVE,ft,between_type_sentence,B23_168_available_exposure,tr_24,B23,tr_24::between_type_sentence,M_condition,1.0066864319071471,0.9926833266334868,1.0254219579287032,3,3,0,ok,
HVE-B23-ft-168,HVE,ft,between_type_sentence,B23_168_available_exposure,tr_24,B23,tr_24::between_type_sentence,M_joint,1.0095576168848028,0.9966164705530933,1.026497952932012,3,3,0,ok,
HVE-B23-ft-168,HVE,ft,between_type_sentence,B23_168_available_exposure,tr_24,B23,tr_24::between_type_sentence,M_null,1.0004767730913031,0.9884297829202519,1.015239052436395,3,3,0,ok,
HVE-B23-ft-168,HVE,ft,between_type_sentence,B23_168_available_exposure,tr_24,B23,tr_24::between_type_sentence,M_predictor,1.0007444082397863,0.9880912772652589,1.016352189410879,3,3,0,ok,
HVE-B23-ft-168,HVE,ft,between_type_word,B23_168_available_exposure,tr_24,B23,tr_24::between_type_word,M_condition,1.0066864319071471,0.9926833266334868,1.0254219579287032,3,3,0,ok,
HVE-B23-ft-168,HVE,ft,between_type_word,B23_168_available_exposure,tr_24,B23,tr_24::between_type_word,M_joint,1.009551351369655,0.9966054632175305,1.026496531869499,3,3,0,ok,
HVE-B23-ft-168,HVE,ft,between_type_word,B23_168_available_exposure,tr_24,B23,tr_24::between_type_word,M_null,1.0004767730913031,0.9884297829202519,1.015239052436395,3,3,0,ok,
HVE-B23-ft-168,HVE,ft,between_type_word,B23_168_available_exposure,tr_24,B23,tr_24::between_type_word,M_predictor,1.0018815407788686,0.9886256880497698,1.0184212424494363,3,3,0,ok,
HVE-B23-ft-168,HVE,ft,mean_dissimilarity_phoneme,B23_168_available_exposure,tr_24,B23,tr_24::mean_dissimilarity_phoneme,M_condition,1.0066864319071471,0.9926833266334868,1.0254219579287032,3,3,0,ok,
HVE-B23-ft-168,HVE,ft,mean_dissimilarity_phoneme,B23_168_available_exposure,tr_24,B23,tr_24::mean_dissimilarity_phoneme,M_joint,1.0095513861971155,0.9966054929220598,1.0264965518053824,3,3,0,ok,
HVE-B23-ft-168,HVE,ft,mean_dissimilarity_phoneme,B23_168_available_exposure,tr_24,B23,tr_24::mean_dissimilarity_phoneme,M_null,1.0004767730913031,0.9884297829202519,1.015239052436395,3,3,0,ok,
HVE-B23-ft-168,HVE,ft,mean_dissimilarity_phoneme,B23_168_available_exposure,tr_24,B23,tr_24::mean_dissimilarity_phoneme,M_predictor,1.0005134540501108,0.9883759117077396,1.015407483029178,3,3,0,ok,
HVE-B23-ft-168,HVE,ft,mean_dissimilarity_word,B23_168_available_exposure,tr_24,B23,tr_24::mean_dissimilarity_word,M_condition,1.0066864319071471,0.9926833266334868,1.0254219579287032,3,3,0,ok,
HVE-B23-ft-168,HVE,ft,mean_dissimilarity_word,B23_168_available_exposure,tr_24,B23,tr_24::mean_dissimilarity_word,M_joint,1.0095512477732478,0.9966052560265509,1.0264965180051604,3,3,0,ok,
HVE-B23-ft-168,HVE,ft,mean_dissimilarity_word,B23_168_available_exposure,tr_24,B23,tr_24::mean_dissimilarity_word,M_null,1.0004767730913031,0.9884297829202519,1.015239052436395,3,3,0,ok,
HVE-B23-ft-168,HVE,ft,mean_dissimilarity_word,B23_168_available_exposure,tr_24,B23,tr_24::mean_dissimilarity_word,M_predictor,1.003218773499725,0.9923165426959187,1.017686430038883,3,3,0,ok,
HVE-B23-ft-168,HVE,ft,order_phoneme,B23_168_available_exposure,tr_24,B23,tr_24::order_phoneme,M_condition,1.0066864319071471,0.9926833266334868,1.0254219579287032,3,3,0,ok,
HVE-B23-ft-168,HVE,ft,order_phoneme,B23_168_available_exposure,tr_24,B23,tr_24::order_phoneme,M_joint,1.0095516402036069,0.9966059435574947,1.0264966077359017,3,3,0,ok,
HVE-B23-ft-168,HVE,ft,order_phoneme,B23_168_available_exposure,tr_24,B23,tr_24::order_phoneme,M_null,1.0004767730913031,0.9884297829202519,1.015239052436395,3,3,0,ok,
HVE-B23-ft-168,HVE,ft,order_phoneme,B23_168_available_exposure,tr_24,B23,tr_24::order_phoneme,M_predictor,1.0023879085514886,0.9875992564025009,1.020750643803959,3,3,0,ok,
HVE-B23-ft-168,HVE,ft,order_sentence,B23_168_available_exposure,tr_24,B23,tr_24::order_sentence,M_condition,1.0066864319071471,0.9926833266334868,1.0254219579287032,3,3,0,ok,
HVE-B23-ft-168,HVE,ft,order_sentence,B23_168_available_exposure,tr_24,B23,tr_24::order_sentence,M_joint,1.0095516901863002,0.9966058647964617,1.0264966827613344,3,3,0,ok,
HVE-B23-ft-168,HVE,ft,order_sentence,B23_168_available_exposure,tr_24,B23,tr_24::order_sentence,M_null,1.0004767730913031,0.9884297829202519,1.015239052436395,3,3,0,ok,
HVE-B23-ft-168,HVE,ft,order_sentence,B23_168_available_exposure,tr_24,B23,tr_24::order_sentence,M_predictor,1.002707809935364,0.9871661004870885,1.022070357103874,3,3,0,ok,
HVE-B23-ft-168,HVE,ft,order_word,B23_168_available_exposure,tr_24,B23,tr_24::order_word,M_condition,1.0066864319071471,0.9926833266334868,1.0254219579287032,3,3,0,ok,
HVE-B23-ft-168,HVE,ft,order_word,B23_168_available_exposure,tr_24,B23,tr_24::order_word,M_joint,1.0095576138396898,0.9966165045324938,1.0264979372037646,3,3,0,ok,
HVE-B23-ft-168,HVE,ft,order_word,B23_168_available_exposure,tr_24,B23,tr_24::order_word,M_null,1.0004767730913031,0.9884297829202519,1.015239052436395,3,3,0,ok,
HVE-B23-ft-168,HVE,ft,order_word,B23_168_available_exposure,tr_24,B23,tr_24::order_word,M_predictor,1.0034863160443408,0.987244293104215,1.0239008177230813,3,3,0,ok,
HVE-B23-ft-168,HVE,ft,overall,B23_168_available_exposure,tr_24,B23,tr_24::overall,M_condition,1.0066864319071471,0.9926833266334868,1.0254219579287032,3,3,0,ok,
HVE-B23-ft-168,HVE,ft,overall,B23_168_available_exposure,tr_24,B23,tr_24::overall,M_joint,1.0095534776475397,0.9966074424755502,1.0264976856175905,3,3,0,ok,
HVE-B23-ft-168,HVE,ft,overall,B23_168_available_exposure,tr_24,B23,tr_24::overall,M_null,1.0004767730913031,0.9884297829202519,1.015239052436395,3,3,0,ok,
HVE-B23-ft-168,HVE,ft,overall,B23_168_available_exposure,tr_24,B23,tr_24::overall,M_predictor,1.001435186278704,0.9891045993977118,1.0161732007078714,3,3,0,ok,
HVE-B23-ft-168,HVE,ft,within_token_phoneme,B23_168_available_exposure,tr_24,B23,tr_24::within_token_phoneme,M_condition,1.0066864319071471,0.9926833266334868,1.0254219579287032,3,3,0,ok,
HVE-B23-ft-168,HVE,ft,within_token_phoneme,B23_168_available_exposure,tr_24,B23,tr_24::within_token_phoneme,M_joint,1.009552044391425,0.9966059805917062,1.0264969567504043,3,3,0,ok,
HVE-B23-ft-168,HVE,ft,within_token_phoneme,B23_168_available_exposure,tr_24,B23,tr_24::within_token_phoneme,M_null,1.0004767730913031,0.9884297829202519,1.015239052436395,3,3,0,ok,
HVE-B23-ft-168,HVE,ft,within_token_phoneme,B23_168_available_exposure,tr_24,B23,tr_24::within_token_phoneme,M_predictor,1.0010013207836763,0.987792077084763,1.017522136471365,3,3,0,ok,
HVE-B23-ft-168,HVE,ft,within_token_sentence,B23_168_available_exposure,tr_24,B23,tr_24::within_token_sentence,M_condition,1.0066864319071471,0.9926833266334868,1.0254219579287032,3,3,0,ok,
HVE-B23-ft-168,HVE,ft,within_token_sentence,B23_168_available_exposure,tr_24,B23,tr_24::within_token_sentence,M_joint,1.0095575563636743,0.9966164237649046,1.0264979164415995,3,3,0,ok,
HVE-B23-ft-168,HVE,ft,within_token_sentence,B23_168_available_exposure,tr_24,B23,tr_24::within_token_sentence,M_null,1.0004767730913031,0.9884297829202519,1.015239052436395,3,3,0,ok,
HVE-B23-ft-168,HVE,ft,within_token_sentence,B23_168_available_exposure,tr_24,B23,tr_24::within_token_sentence,M_predictor,1.0009670775474588,0.9890625733237333,1.015196710430891,3,3,0,ok,
HVE-B23-ft-168,HVE,ft,within_token_word,B23_168_available_exposure,tr_24,B23,tr_24::within_token_word,M_condition,1.0066864319071471,0.9926833266334868,1.0254219579287032,3,3,0,ok,
HVE-B23-ft-168,HVE,ft,within_token_word,B23_168_available_exposure,tr_24,B23,tr_24::within_token_word,M_joint,1.0095516249756413,0.9966059079237206,1.026496607677805,3,3,0,ok,
HVE-B23-ft-168,HVE,ft,within_token_word,B23_168_available_exposure,tr_24,B23,tr_24::within_token_word,M_null,1.0004767730913031,0.9884297829202519,1.015239052436395,3,3,0,ok,
HVE-B23-ft-168,HVE,ft,within_token_word,B23_168_available_exposure,tr_24,B23,tr_24::within_token_word,M_predictor,1.0013518886005757,0.9872349886703621,1.0183439912020904,3,3,0,ok,
HVE-B23-ft-168,HVE,ft,within_type_phoneme,B23_168_available_exposure,tr_24,B23,tr_24::within_type_phoneme,M_condition,1.0066864319071471,0.9926833266334868,1.0254219579287032,3,3,0,ok,
HVE-B23-ft-168,HVE,ft,within_type_phoneme,B23_168_available_exposure,tr_24,B23,tr_24::within_type_phoneme,M_joint,1.0095515456293813,0.9966057073966735,1.0264966130549629,3,3,0,ok,
HVE-B23-ft-168,HVE,ft,within_type_phoneme,B23_168_available_exposure,tr_24,B23,tr_24::within_type_phoneme,M_null,1.0004767730913031,0.9884297829202519,1.015239052436395,3,3,0,ok,
HVE-B23-ft-168,HVE,ft,within_type_phoneme,B23_168_available_exposure,tr_24,B23,tr_24::within_type_phoneme,M_predictor,1.0013683463401666,0.9883089672885377,1.0175216118227473,3,3,0,ok,
HVE-B23-ft-168,HVE,ft,within_type_word,B23_168_available_exposure,tr_24,B23,tr_24::within_type_word,M_condition,1.0066864319071471,0.9926833266334868,1.0254219579287032,3,3,0,ok,
HVE-B23-ft-168,HVE,ft,within_type_word,B23_168_available_exposure,tr_24,B23,tr_24::within_type_word,M_joint,1.0095516688187829,0.9966060377196114,1.0264965974443168,3,3,0,ok,
HVE-B23-ft-168,HVE,ft,within_type_word,B23_168_available_exposure,tr_24,B23,tr_24::within_type_word,M_null,1.0004767730913031,0.9884297829202519,1.015239052436395,3,3,0,ok,
HVE-B23-ft-168,HVE,ft,within_type_word,B23_168_available_exposure,tr_24,B23,tr_24::within_type_word,M_predictor,1.0023132219793651,0.9914070582198838,1.0165785756657961,3,3,0,ok,
HVE-B23-ft-97,HVE,ft,overall_order_sensitive,B23_97_complete_order,tr_24,B23,tr_24::overall_order_sensitive,M_condition,1.0137401608518468,0.9861660833267059,1.0372967688222974,3,3,0,ok,
HVE-B23-ft-97,HVE,ft,overall_order_sensitive,B23_97_complete_order,tr_24,B23,tr_24::overall_order_sensitive,M_joint,1.0129757661889018,0.9877624322073294,1.034652828247595,3,3,0,ok,
HVE-B23-ft-97,HVE,ft,overall_order_sensitive,B23_97_complete_order,tr_24,B23,tr_24::overall_order_sensitive,M_null,1.001891977918418,0.982276154480447,1.0217851189720297,3,3,0,ok,
HVE-B23-ft-97,HVE,ft,overall_order_sensitive,B23_97_complete_order,tr_24,B23,tr_24::overall_order_sensitive,M_predictor,1.0053757839287842,0.9851892164426914,1.021563980438305,3,3,0,ok,
HVE-X21-base-320,HVE,base,between_type_phoneme,X21_320_available_exposure,tr_24,X21,tr_24::between_type_phoneme,M_condition,1.0083721044177831,0.9148148524564752,1.086960954904865,3,3,0,ok,
HVE-X21-base-320,HVE,base,between_type_phoneme,X21_320_available_exposure,tr_24,X21,tr_24::between_type_phoneme,M_joint,1.0085104274003054,0.9158120105255508,1.0860802868949564,3,3,0,ok,
HVE-X21-base-320,HVE,base,between_type_phoneme,X21_320_available_exposure,tr_24,X21,tr_24::between_type_phoneme,M_null,1.0060733086796068,0.9126213490366478,1.0835573206261309,3,3,0,ok,
HVE-X21-base-320,HVE,base,between_type_phoneme,X21_320_available_exposure,tr_24,X21,tr_24::between_type_phoneme,M_predictor,1.0064371344623824,0.9134166786108225,1.083284772486324,3,3,0,ok,
HVE-X21-base-320,HVE,base,between_type_sentence,X21_320_available_exposure,tr_24,X21,tr_24::between_type_sentence,M_condition,1.0083721044177831,0.9148148524564752,1.086960954904865,3,3,0,ok,
HVE-X21-base-320,HVE,base,between_type_sentence,X21_320_available_exposure,tr_24,X21,tr_24::between_type_sentence,M_joint,1.0087061458288036,0.9162143779784616,1.0864847105722486,3,3,0,ok,
HVE-X21-base-320,HVE,base,between_type_sentence,X21_320_available_exposure,tr_24,X21,tr_24::between_type_sentence,M_null,1.0060733086796068,0.9126213490366478,1.0835573206261309,3,3,0,ok,
HVE-X21-base-320,HVE,base,between_type_sentence,X21_320_available_exposure,tr_24,X21,tr_24::between_type_sentence,M_predictor,1.0077153189754597,0.9136414434154411,1.084740898333769,3,3,0,ok,
HVE-X21-base-320,HVE,base,between_type_word,X21_320_available_exposure,tr_24,X21,tr_24::between_type_word,M_condition,1.0083721044177831,0.9148148524564752,1.086960954904865,3,3,0,ok,
HVE-X21-base-320,HVE,base,between_type_word,X21_320_available_exposure,tr_24,X21,tr_24::between_type_word,M_joint,1.010271483606634,0.9155584428708399,1.0888115047549856,3,3,0,ok,
HVE-X21-base-320,HVE,base,between_type_word,X21_320_available_exposure,tr_24,X21,tr_24::between_type_word,M_null,1.0060733086796068,0.9126213490366478,1.0835573206261309,3,3,0,ok,
HVE-X21-base-320,HVE,base,between_type_word,X21_320_available_exposure,tr_24,X21,tr_24::between_type_word,M_predictor,1.0078429264260789,0.9164059953639822,1.084462905815917,3,3,0,ok,
HVE-X21-base-320,HVE,base,mean_dissimilarity_phoneme,X21_320_available_exposure,tr_24,X21,tr_24::mean_dissimilarity_phoneme,M_condition,1.0083721044177831,0.9148148524564752,1.086960954904865,3,3,0,ok,
HVE-X21-base-320,HVE,base,mean_dissimilarity_phoneme,X21_320_available_exposure,tr_24,X21,tr_24::mean_dissimilarity_phoneme,M_joint,1.0079527208248633,0.9158326482704702,1.0850567658007477,3,3,0,ok,
HVE-X21-base-320,HVE,base,mean_dissimilarity_phoneme,X21_320_available_exposure,tr_24,X21,tr_24::mean_dissimilarity_phoneme,M_null,1.0060733086796068,0.9126213490366478,1.0835573206261309,3,3,0,ok,
HVE-X21-base-320,HVE,base,mean_dissimilarity_phoneme,X21_320_available_exposure,tr_24,X21,tr_24::mean_dissimilarity_phoneme,M_predictor,1.0061597301323493,0.9161114502980028,1.0802106237202267,3,3,0,ok,
HVE-X21-base-320,HVE,base,mean_dissimilarity_sentence,X21_320_available_exposure,tr_24,X21,tr_24::mean_dissimilarity_sentence,M_condition,1.0083721044177831,0.9148148524564752,1.086960954904865,3,3,0,ok,
HVE-X21-base-320,HVE,base,mean_dissimilarity_sentence,X21_320_available_exposure,tr_24,X21,tr_24::mean_dissimilarity_sentence,M_joint,1.0084111749727118,0.9148478341500561,1.0883489766962298,3,3,0,ok,
HVE-X21-base-320,HVE,base,mean_dissimilarity_sentence,X21_320_available_exposure,tr_24,X21,tr_24::mean_dissimilarity_sentence,M_null,1.0060733086796068,0.9126213490366478,1.0835573206261309,3,3,0,ok,
HVE-X21-base-320,HVE,base,mean_dissimilarity_sentence,X21_320_available_exposure,tr_24,X21,tr_24::mean_dissimilarity_sentence,M_predictor,1.006303134511718,0.9169754042475629,1.0802579342846175,3,3,0,ok,
HVE-X21-base-320,HVE,base,mean_dissimilarity_word,X21_320_available_exposure,tr_24,X21,tr_24::mean_dissimilarity_word,M_condition,1.0083721044177831,0.9148148524564752,1.086960954904865,3,3,0,ok,
HVE-X21-base-320,HVE,base,mean_dissimilarity_word,X21_320_available_exposure,tr_24,X21,tr_24::mean_dissimilarity_word,M_joint,1.008525901209502,0.9154842431842981,1.087211337442693,3,3,0,ok,
HVE-X21-base-320,HVE,base,mean_dissimilarity_word,X21_320_available_exposure,tr_24,X21,tr_24::mean_dissimilarity_word,M_null,1.0060733086796068,0.9126213490366478,1.0835573206261309,3,3,0,ok,
HVE-X21-base-320,HVE,base,mean_dissimilarity_word,X21_320_available_exposure,tr_24,X21,tr_24::mean_dissimilarity_word,M_predictor,1.0062432287304415,0.9174228750354364,1.0800179279794706,3,3,0,ok,
HVE-X21-base-320,HVE,base,order_phoneme,X21_320_available_exposure,tr_24,X21,tr_24::order_phoneme,M_condition,1.0083721044177831,0.9148148524564752,1.086960954904865,3,3,0,ok,
HVE-X21-base-320,HVE,base,order_phoneme,X21_320_available_exposure,tr_24,X21,tr_24::order_phoneme,M_joint,1.008832674876258,0.9148605334624629,1.0888323004572555,3,3,0,ok,
HVE-X21-base-320,HVE,base,order_phoneme,X21_320_available_exposure,tr_24,X21,tr_24::order_phoneme,M_null,1.0060733086796068,0.9126213490366478,1.0835573206261309,3,3,0,ok,
HVE-X21-base-320,HVE,base,order_phoneme,X21_320_available_exposure,tr_24,X21,tr_24::order_phoneme,M_predictor,1.007562904186073,0.9146542877478095,1.0876195319353488,3,3,0,ok,
HVE-X21-base-320,HVE,base,order_sentence,X21_320_available_exposure,tr_24,X21,tr_24::order_sentence,M_condition,1.0083721044177831,0.9148148524564752,1.086960954904865,3,3,0,ok,
HVE-X21-base-320,HVE,base,order_sentence,X21_320_available_exposure,tr_24,X21,tr_24::order_sentence,M_joint,1.0091391538487515,0.9161046446176018,1.086984996572705,3,3,0,ok,
HVE-X21-base-320,HVE,base,order_sentence,X21_320_available_exposure,tr_24,X21,tr_24::order_sentence,M_null,1.0060733086796068,0.9126213490366478,1.0835573206261309,3,3,0,ok,
HVE-X21-base-320,HVE,base,order_sentence,X21_320_available_exposure,tr_24,X21,tr_24::order_sentence,M_predictor,1.0081268638110081,0.9172515999197655,1.085387515304545,3,3,0,ok,
HVE-X21-base-320,HVE,base,order_word,X21_320_available_exposure,tr_24,X21,tr_24::order_word,M_condition,1.0083721044177831,0.9148148524564752,1.086960954904865,3,3,0,ok,
HVE-X21-base-320,HVE,base,order_word,X21_320_available_exposure,tr_24,X21,tr_24::order_word,M_joint,1.0089588547165391,0.9158420395866248,1.0872564302442356,3,3,0,ok,
HVE-X21-base-320,HVE,base,order_word,X21_320_available_exposure,tr_24,X21,tr_24::order_word,M_null,1.0060733086796068,0.9126213490366478,1.0835573206261309,3,3,0,ok,
HVE-X21-base-320,HVE,base,order_word,X21_320_available_exposure,tr_24,X21,tr_24::order_word,M_predictor,1.0071117718895977,0.9152172965494234,1.083528426554305,3,3,0,ok,
HVE-X21-base-320,HVE,base,overall,X21_320_available_exposure,tr_24,X21,tr_24::overall,M_condition,1.0083721044177831,0.9148148524564752,1.086960954904865,3,3,0,ok,
HVE-X21-base-320,HVE,base,overall,X21_320_available_exposure,tr_24,X21,tr_24::overall,M_joint,1.0103682228845026,0.91535742120195,1.0891463851725458,3,3,0,ok,
HVE-X21-base-320,HVE,base,overall,X21_320_available_exposure,tr_24,X21,tr_24::overall,M_null,1.0060733086796068,0.9126213490366478,1.0835573206261309,3,3,0,ok,
HVE-X21-base-320,HVE,base,overall,X21_320_available_exposure,tr_24,X21,tr_24::overall,M_predictor,1.0087808885679763,0.9138589576916443,1.0861331618415064,3,3,0,ok,
HVE-X21-base-320,HVE,base,overall_order_sensitive,X21_320_available_exposure,tr_24,X21,tr_24::overall_order_sensitive,M_condition,1.0083721044177831,0.9148148524564752,1.086960954904865,3,3,0,ok,
HVE-X21-base-320,HVE,base,overall_order_sensitive,X21_320_available_exposure,tr_24,X21,tr_24::overall_order_sensitive,M_joint,1.0092133473235965,0.9163110534832265,1.0870765008540644,3,3,0,ok,
HVE-X21-base-320,HVE,base,overall_order_sensitive,X21_320_available_exposure,tr_24,X21,tr_24::overall_order_sensitive,M_null,1.0060733086796068,0.9126213490366478,1.0835573206261309,3,3,0,ok,
HVE-X21-base-320,HVE,base,overall_order_sensitive,X21_320_available_exposure,tr_24,X21,tr_24::overall_order_sensitive,M_predictor,1.0081741024417916,0.9174188285990726,1.0853893269216135,3,3,0,ok,
HVE-X21-base-320,HVE,base,within_token_phoneme,X21_320_available_exposure,tr_24,X21,tr_24::within_token_phoneme,M_condition,1.0083721044177831,0.9148148524564752,1.086960954904865,3,3,0,ok,
HVE-X21-base-320,HVE,base,within_token_phoneme,X21_320_available_exposure,tr_24,X21,tr_24::within_token_phoneme,M_joint,1.0093025785860092,0.9151287208103247,1.0872007739821088,3,3,0,ok,
HVE-X21-base-320,HVE,base,within_token_phoneme,X21_320_available_exposure,tr_24,X21,tr_24::within_token_phoneme,M_null,1.0060733086796068,0.9126213490366478,1.0835573206261309,3,3,0,ok,
HVE-X21-base-320,HVE,base,within_token_phoneme,X21_320_available_exposure,tr_24,X21,tr_24::within_token_phoneme,M_predictor,1.0073535714493438,0.9133046543899951,1.0844635873772717,3,3,0,ok,
HVE-X21-base-320,HVE,base,within_token_sentence,X21_320_available_exposure,tr_24,X21,tr_24::within_token_sentence,M_condition,1.0083721044177831,0.9148148524564752,1.086960954904865,3,3,0,ok,
HVE-X21-base-320,HVE,base,within_token_sentence,X21_320_available_exposure,tr_24,X21,tr_24::within_token_sentence,M_joint,1.0122957295014618,0.9159746672255121,1.0909306748981995,3,3,0,ok,
HVE-X21-base-320,HVE,base,within_token_sentence,X21_320_available_exposure,tr_24,X21,tr_24::within_token_sentence,M_null,1.0060733086796068,0.9126213490366478,1.0835573206261309,3,3,0,ok,
HVE-X21-base-320,HVE,base,within_token_sentence,X21_320_available_exposure,tr_24,X21,tr_24::within_token_sentence,M_predictor,1.011089299866323,0.9149027907148272,1.0880905456431373,3,3,0,ok,
HVE-X21-base-320,HVE,base,within_token_word,X21_320_available_exposure,tr_24,X21,tr_24::within_token_word,M_condition,1.0083721044177831,0.9148148524564752,1.086960954904865,3,3,0,ok,
HVE-X21-base-320,HVE,base,within_token_word,X21_320_available_exposure,tr_24,X21,tr_24::within_token_word,M_joint,1.0110641726154619,0.9162317155152366,1.0891034221904257,3,3,0,ok,
HVE-X21-base-320,HVE,base,within_token_word,X21_320_available_exposure,tr_24,X21,tr_24::within_token_word,M_null,1.0060733086796068,0.9126213490366478,1.0835573206261309,3,3,0,ok,
HVE-X21-base-320,HVE,base,within_token_word,X21_320_available_exposure,tr_24,X21,tr_24::within_token_word,M_predictor,1.0093230933234565,0.9139301323640473,1.087235372247333,3,3,0,ok,
HVE-X21-base-320,HVE,base,within_type_phoneme,X21_320_available_exposure,tr_24,X21,tr_24::within_type_phoneme,M_condition,1.0083721044177831,0.9148148524564752,1.086960954904865,3,3,0,ok,
HVE-X21-base-320,HVE,base,within_type_phoneme,X21_320_available_exposure,tr_24,X21,tr_24::within_type_phoneme,M_joint,1.008068461826884,0.9158045573550339,1.0851271996992784,3,3,0,ok,
HVE-X21-base-320,HVE,base,within_type_phoneme,X21_320_available_exposure,tr_24,X21,tr_24::within_type_phoneme,M_null,1.0060733086796068,0.9126213490366478,1.0835573206261309,3,3,0,ok,
HVE-X21-base-320,HVE,base,within_type_phoneme,X21_320_available_exposure,tr_24,X21,tr_24::within_type_phoneme,M_predictor,1.0061246156612176,0.9133335013284929,1.0827812686169533,3,3,0,ok,
HVE-X21-base-320,HVE,base,within_type_sentence,X21_320_available_exposure,tr_24,X21,tr_24::within_type_sentence,M_condition,1.0083721044177831,0.9148148524564752,1.086960954904865,3,3,0,ok,
HVE-X21-base-320,HVE,base,within_type_sentence,X21_320_available_exposure,tr_24,X21,tr_24::within_type_sentence,M_joint,1.0087376504073526,0.9149662065052284,1.0885714879556316,3,3,0,ok,
HVE-X21-base-320,HVE,base,within_type_sentence,X21_320_available_exposure,tr_24,X21,tr_24::within_type_sentence,M_null,1.0060733086796068,0.9126213490366478,1.0835573206261309,3,3,0,ok,
HVE-X21-base-320,HVE,base,within_type_sentence,X21_320_available_exposure,tr_24,X21,tr_24::within_type_sentence,M_predictor,1.0063962509543287,0.9158167553378672,1.081649046323441,3,3,0,ok,
HVE-X21-base-320,HVE,base,within_type_word,X21_320_available_exposure,tr_24,X21,tr_24::within_type_word,M_condition,1.0083721044177831,0.9148148524564752,1.086960954904865,3,3,0,ok,
HVE-X21-base-320,HVE,base,within_type_word,X21_320_available_exposure,tr_24,X21,tr_24::within_type_word,M_joint,1.0090737331284159,0.9155714716833901,1.0875418711117861,3,3,0,ok,
HVE-X21-base-320,HVE,base,within_type_word,X21_320_available_exposure,tr_24,X21,tr_24::within_type_word,M_null,1.0060733086796068,0.9126213490366478,1.0835573206261309,3,3,0,ok,
HVE-X21-base-320,HVE,base,within_type_word,X21_320_available_exposure,tr_24,X21,tr_24::within_type_word,M_predictor,1.0062426566418994,0.917729697870566,1.0802044870182888,3,3,0,ok,
HVE-X21-ft-320,HVE,ft,between_type_phoneme,X21_320_available_exposure,tr_24,X21,tr_24::between_type_phoneme,M_condition,1.0083721044177831,0.9148148524564752,1.086960954904865,3,3,0,ok,
HVE-X21-ft-320,HVE,ft,between_type_phoneme,X21_320_available_exposure,tr_24,X21,tr_24::between_type_phoneme,M_joint,1.0088120999089167,0.9155261051492392,1.0873335392215677,3,3,0,ok,
HVE-X21-ft-320,HVE,ft,between_type_phoneme,X21_320_available_exposure,tr_24,X21,tr_24::between_type_phoneme,M_null,1.0060733086796068,0.9126213490366478,1.0835573206261309,3,3,0,ok,
HVE-X21-ft-320,HVE,ft,between_type_phoneme,X21_320_available_exposure,tr_24,X21,tr_24::between_type_phoneme,M_predictor,1.0062076131823319,0.9127517767477199,1.0831631430483055,3,3,0,ok,
HVE-X21-ft-320,HVE,ft,between_type_sentence,X21_320_available_exposure,tr_24,X21,tr_24::between_type_sentence,M_condition,1.0083721044177831,0.9148148524564752,1.086960954904865,3,3,0,ok,
HVE-X21-ft-320,HVE,ft,between_type_sentence,X21_320_available_exposure,tr_24,X21,tr_24::between_type_sentence,M_joint,1.008796848088598,0.9161794626120245,1.0859383712250728,3,3,0,ok,
HVE-X21-ft-320,HVE,ft,between_type_sentence,X21_320_available_exposure,tr_24,X21,tr_24::between_type_sentence,M_null,1.0060733086796068,0.9126213490366478,1.0835573206261309,3,3,0,ok,
HVE-X21-ft-320,HVE,ft,between_type_sentence,X21_320_available_exposure,tr_24,X21,tr_24::between_type_sentence,M_predictor,1.0066313952023793,0.9159263752135066,1.0797335378158381,3,3,0,ok,
HVE-X21-ft-320,HVE,ft,between_type_word,X21_320_available_exposure,tr_24,X21,tr_24::between_type_word,M_condition,1.0083721044177831,0.9148148524564752,1.086960954904865,3,3,0,ok,
HVE-X21-ft-320,HVE,ft,between_type_word,X21_320_available_exposure,tr_24,X21,tr_24::between_type_word,M_joint,1.0082793393044296,0.9148134351973821,1.0868543234689718,3,3,0,ok,
HVE-X21-ft-320,HVE,ft,between_type_word,X21_320_available_exposure,tr_24,X21,tr_24::between_type_word,M_null,1.0060733086796068,0.9126213490366478,1.0835573206261309,3,3,0,ok,
HVE-X21-ft-320,HVE,ft,between_type_word,X21_320_available_exposure,tr_24,X21,tr_24::between_type_word,M_predictor,1.0064021161598882,0.9119377768049864,1.085076286138276,3,3,0,ok,
HVE-X21-ft-320,HVE,ft,mean_dissimilarity_phoneme,X21_320_available_exposure,tr_24,X21,tr_24::mean_dissimilarity_phoneme,M_condition,1.0083721044177831,0.9148148524564752,1.086960954904865,3,3,0,ok,
HVE-X21-ft-320,HVE,ft,mean_dissimilarity_phoneme,X21_320_available_exposure,tr_24,X21,tr_24::mean_dissimilarity_phoneme,M_joint,1.0101721162390718,0.9203167647674015,1.0856641708143135,3,3,0,ok,
HVE-X21-ft-320,HVE,ft,mean_dissimilarity_phoneme,X21_320_available_exposure,tr_24,X21,tr_24::mean_dissimilarity_phoneme,M_null,1.0060733086796068,0.9126213490366478,1.0835573206261309,3,3,0,ok,
HVE-X21-ft-320,HVE,ft,mean_dissimilarity_phoneme,X21_320_available_exposure,tr_24,X21,tr_24::mean_dissimilarity_phoneme,M_predictor,1.0072365107094894,0.9199953327383205,1.078902203676803,3,3,0,ok,
HVE-X21-ft-320,HVE,ft,mean_dissimilarity_sentence,X21_320_available_exposure,tr_24,X21,tr_24::mean_dissimilarity_sentence,M_condition,1.0083721044177831,0.9148148524564752,1.086960954904865,3,3,0,ok,
HVE-X21-ft-320,HVE,ft,mean_dissimilarity_sentence,X21_320_available_exposure,tr_24,X21,tr_24::mean_dissimilarity_sentence,M_joint,1.0080753399524147,0.9143547184306238,1.0872176975910965,3,3,0,ok,
HVE-X21-ft-320,HVE,ft,mean_dissimilarity_sentence,X21_320_available_exposure,tr_24,X21,tr_24::mean_dissimilarity_sentence,M_null,1.0060733086796068,0.9126213490366478,1.0835573206261309,3,3,0,ok,
HVE-X21-ft-320,HVE,ft,mean_dissimilarity_sentence,X21_320_available_exposure,tr_24,X21,tr_24::mean_dissimilarity_sentence,M_predictor,1.0065250527845002,0.9151977949251519,1.0817695433411667,3,3,0,ok,
HVE-X21-ft-320,HVE,ft,mean_dissimilarity_word,X21_320_available_exposure,tr_24,X21,tr_24::mean_dissimilarity_word,M_condition,1.0083721044177831,0.9148148524564752,1.086960954904865,3,3,0,ok,
HVE-X21-ft-320,HVE,ft,mean_dissimilarity_word,X21_320_available_exposure,tr_24,X21,tr_24::mean_dissimilarity_word,M_joint,1.0089282545706384,0.9146558022521413,1.0876169927595776,3,3,0,ok,
HVE-X21-ft-320,HVE,ft,mean_dissimilarity_word,X21_320_available_exposure,tr_24,X21,tr_24::mean_dissimilarity_word,M_null,1.0060733086796068,0.9126213490366478,1.0835573206261309,3,3,0,ok,
HVE-X21-ft-320,HVE,ft,mean_dissimilarity_word,X21_320_available_exposure,tr_24,X21,tr_24::mean_dissimilarity_word,M_predictor,1.0063443875931963,0.9162708699551331,1.0806262698075049,3,3,0,ok,
HVE-X21-ft-320,HVE,ft,order_phoneme,X21_320_available_exposure,tr_24,X21,tr_24::order_phoneme,M_condition,1.0083721044177831,0.9148148524564752,1.086960954904865,3,3,0,ok,
HVE-X21-ft-320,HVE,ft,order_phoneme,X21_320_available_exposure,tr_24,X21,tr_24::order_phoneme,M_joint,1.0083839556602765,0.9149308577303933,1.0872383385660003,3,3,0,ok,
HVE-X21-ft-320,HVE,ft,order_phoneme,X21_320_available_exposure,tr_24,X21,tr_24::order_phoneme,M_null,1.0060733086796068,0.9126213490366478,1.0835573206261309,3,3,0,ok,
HVE-X21-ft-320,HVE,ft,order_phoneme,X21_320_available_exposure,tr_24,X21,tr_24::order_phoneme,M_predictor,1.0061924377585567,0.9145488797240525,1.0819258441282746,3,3,0,ok,
HVE-X21-ft-320,HVE,ft,order_sentence,X21_320_available_exposure,tr_24,X21,tr_24::order_sentence,M_condition,1.0083721044177831,0.9148148524564752,1.086960954904865,3,3,0,ok,
HVE-X21-ft-320,HVE,ft,order_sentence,X21_320_available_exposure,tr_24,X21,tr_24::order_sentence,M_joint,1.0083610924223905,0.9153522377850621,1.0865611501209245,3,3,0,ok,
HVE-X21-ft-320,HVE,ft,order_sentence,X21_320_available_exposure,tr_24,X21,tr_24::order_sentence,M_null,1.0060733086796068,0.9126213490366478,1.0835573206261309,3,3,0,ok,
HVE-X21-ft-320,HVE,ft,order_sentence,X21_320_available_exposure,tr_24,X21,tr_24::order_sentence,M_predictor,1.0070533202519412,0.9162435160573733,1.0823860503960976,3,3,0,ok,
HVE-X21-ft-320,HVE,ft,order_word,X21_320_available_exposure,tr_24,X21,tr_24::order_word,M_condition,1.0083721044177831,0.9148148524564752,1.086960954904865,3,3,0,ok,
HVE-X21-ft-320,HVE,ft,order_word,X21_320_available_exposure,tr_24,X21,tr_24::order_word,M_joint,1.0087442930297879,0.9158529043034797,1.0869923651621571,3,3,0,ok,
HVE-X21-ft-320,HVE,ft,order_word,X21_320_available_exposure,tr_24,X21,tr_24::order_word,M_null,1.0060733086796068,0.9126213490366478,1.0835573206261309,3,3,0,ok,
HVE-X21-ft-320,HVE,ft,order_word,X21_320_available_exposure,tr_24,X21,tr_24::order_word,M_predictor,1.0071477618310976,0.9167269615185974,1.0820142996215756,3,3,0,ok,
HVE-X21-ft-320,HVE,ft,overall,X21_320_available_exposure,tr_24,X21,tr_24::overall,M_condition,1.0083721044177831,0.9148148524564752,1.086960954904865,3,3,0,ok,
HVE-X21-ft-320,HVE,ft,overall,X21_320_available_exposure,tr_24,X21,tr_24::overall,M_joint,1.0086930763677031,0.9153750487820499,1.0869688363573005,3,3,0,ok,
HVE-X21-ft-320,HVE,ft,overall,X21_320_available_exposure,tr_24,X21,tr_24::overall,M_null,1.0060733086796068,0.9126213490366478,1.0835573206261309,3,3,0,ok,
HVE-X21-ft-320,HVE,ft,overall,X21_320_available_exposure,tr_24,X21,tr_24::overall,M_predictor,1.0065730174580334,0.9147415433584398,1.081292505639505,3,3,0,ok,
HVE-X21-ft-320,HVE,ft,overall_order_sensitive,X21_320_available_exposure,tr_24,X21,tr_24::overall_order_sensitive,M_condition,1.0083721044177831,0.9148148524564752,1.086960954904865,3,3,0,ok,
HVE-X21-ft-320,HVE,ft,overall_order_sensitive,X21_320_available_exposure,tr_24,X21,tr_24::overall_order_sensitive,M_joint,1.0084639779766331,0.9157245465761371,1.0863643092348652,3,3,0,ok,
HVE-X21-ft-320,HVE,ft,overall_order_sensitive,X21_320_available_exposure,tr_24,X21,tr_24::overall_order_sensitive,M_null,1.0060733086796068,0.9126213490366478,1.0835573206261309,3,3,0,ok,
HVE-X21-ft-320,HVE,ft,overall_order_sensitive,X21_320_available_exposure,tr_24,X21,tr_24::overall_order_sensitive,M_predictor,1.0070431368569486,0.9166878381618925,1.0819509598142338,3,3,0,ok,
HVE-X21-ft-320,HVE,ft,within_token_phoneme,X21_320_available_exposure,tr_24,X21,tr_24::within_token_phoneme,M_condition,1.0083721044177831,0.9148148524564752,1.086960954904865,3,3,0,ok,
HVE-X21-ft-320,HVE,ft,within_token_phoneme,X21_320_available_exposure,tr_24,X21,tr_24::within_token_phoneme,M_joint,1.0089808214099503,0.9152704601177711,1.0872494116813367,3,3,0,ok,
HVE-X21-ft-320,HVE,ft,within_token_phoneme,X21_320_available_exposure,tr_24,X21,tr_24::within_token_phoneme,M_null,1.0060733086796068,0.9126213490366478,1.0835573206261309,3,3,0,ok,
HVE-X21-ft-320,HVE,ft,within_token_phoneme,X21_320_available_exposure,tr_24,X21,tr_24::within_token_phoneme,M_predictor,1.0073612585307827,0.9133367874417126,1.084888388497223,3,3,0,ok,
HVE-X21-ft-320,HVE,ft,within_token_sentence,X21_320_available_exposure,tr_24,X21,tr_24::within_token_sentence,M_condition,1.0083721044177831,0.9148148524564752,1.086960954904865,3,3,0,ok,
HVE-X21-ft-320,HVE,ft,within_token_sentence,X21_320_available_exposure,tr_24,X21,tr_24::within_token_sentence,M_joint,1.0089444185179601,0.9158574662365175,1.086782327746052,3,3,0,ok,
HVE-X21-ft-320,HVE,ft,within_token_sentence,X21_320_available_exposure,tr_24,X21,tr_24::within_token_sentence,M_null,1.0060733086796068,0.9126213490366478,1.0835573206261309,3,3,0,ok,
HVE-X21-ft-320,HVE,ft,within_token_sentence,X21_320_available_exposure,tr_24,X21,tr_24::within_token_sentence,M_predictor,1.0066803803435496,0.9153194268433391,1.0804010994622795,3,3,0,ok,
HVE-X21-ft-320,HVE,ft,within_token_word,X21_320_available_exposure,tr_24,X21,tr_24::within_token_word,M_condition,1.0083721044177831,0.9148148524564752,1.086960954904865,3,3,0,ok,
HVE-X21-ft-320,HVE,ft,within_token_word,X21_320_available_exposure,tr_24,X21,tr_24::within_token_word,M_joint,1.0092435178556816,0.9160569974454505,1.0871482128013312,3,3,0,ok,
HVE-X21-ft-320,HVE,ft,within_token_word,X21_320_available_exposure,tr_24,X21,tr_24::within_token_word,M_null,1.0060733086796068,0.9126213490366478,1.0835573206261309,3,3,0,ok,
HVE-X21-ft-320,HVE,ft,within_token_word,X21_320_available_exposure,tr_24,X21,tr_24::within_token_word,M_predictor,1.0069948252547418,0.9139638540600118,1.0824714018168304,3,3,0,ok,
HVE-X21-ft-320,HVE,ft,within_type_phoneme,X21_320_available_exposure,tr_24,X21,tr_24::within_type_phoneme,M_condition,1.0083721044177831,0.9148148524564752,1.086960954904865,3,3,0,ok,
HVE-X21-ft-320,HVE,ft,within_type_phoneme,X21_320_available_exposure,tr_24,X21,tr_24::within_type_phoneme,M_joint,1.0101706223910818,0.9184647154289513,1.086081370995293,3,3,0,ok,
HVE-X21-ft-320,HVE,ft,within_type_phoneme,X21_320_available_exposure,tr_24,X21,tr_24::within_type_phoneme,M_null,1.0060733086796068,0.9126213490366478,1.0835573206261309,3,3,0,ok,
HVE-X21-ft-320,HVE,ft,within_type_phoneme,X21_320_available_exposure,tr_24,X21,tr_24::within_type_phoneme,M_predictor,1.007533920450592,0.9202563865258137,1.077844039112658,3,3,0,ok,
HVE-X21-ft-320,HVE,ft,within_type_sentence,X21_320_available_exposure,tr_24,X21,tr_24::within_type_sentence,M_condition,1.0083721044177831,0.9148148524564752,1.086960954904865,3,3,0,ok,
HVE-X21-ft-320,HVE,ft,within_type_sentence,X21_320_available_exposure,tr_24,X21,tr_24::within_type_sentence,M_joint,1.0082083194602778,0.9147114149964123,1.0867235697108668,3,3,0,ok,
HVE-X21-ft-320,HVE,ft,within_type_sentence,X21_320_available_exposure,tr_24,X21,tr_24::within_type_sentence,M_null,1.0060733086796068,0.9126213490366478,1.0835573206261309,3,3,0,ok,
HVE-X21-ft-320,HVE,ft,within_type_sentence,X21_320_available_exposure,tr_24,X21,tr_24::within_type_sentence,M_predictor,1.0066702934864065,0.9146328315235436,1.0826305773229346,3,3,0,ok,
HVE-X21-ft-320,HVE,ft,within_type_word,X21_320_available_exposure,tr_24,X21,tr_24::within_type_word,M_condition,1.0083721044177831,0.9148148524564752,1.086960954904865,3,3,0,ok,
HVE-X21-ft-320,HVE,ft,within_type_word,X21_320_available_exposure,tr_24,X21,tr_24::within_type_word,M_joint,1.0088244829506523,0.9142621538266592,1.0875249177589548,3,3,0,ok,
HVE-X21-ft-320,HVE,ft,within_type_word,X21_320_available_exposure,tr_24,X21,tr_24::within_type_word,M_null,1.0060733086796068,0.9126213490366478,1.0835573206261309,3,3,0,ok,
HVE-X21-ft-320,HVE,ft,within_type_word,X21_320_available_exposure,tr_24,X21,tr_24::within_type_word,M_predictor,1.0063239838194737,0.9149029601184364,1.0819133110901114,3,3,0,ok,
HVE-global-AN19-base-120,HVE,base,overall,AN19_120_available_exposure,cnn_2,AN19,cnn_2::overall,M_condition,1.0047004893842315,1.003885189648443,1.005435132688433,3,3,0,ok,
HVE-global-AN19-base-120,HVE,base,overall,AN19_120_available_exposure,cnn_2,AN19,cnn_2::overall,M_joint,1.0047988509864614,1.0042446070199484,1.0052371903603678,3,3,0,ok,
HVE-global-AN19-base-120,HVE,base,overall,AN19_120_available_exposure,cnn_2,AN19,cnn_2::overall,M_null,1.0000442193145616,0.9974076033917777,1.0031714668334002,3,3,0,ok,
HVE-global-AN19-base-120,HVE,base,overall,AN19_120_available_exposure,cnn_2,AN19,cnn_2::overall,M_predictor,1.0002497381504691,0.9977204134545186,1.0033328872890612,3,3,0,ok,
HVE-global-AN19-base-120,HVE,base,overall,AN19_120_available_exposure,cnn_3,AN19,cnn_3::overall,M_condition,1.0047004893842315,1.003885189648443,1.005435132688433,3,3,0,ok,
HVE-global-AN19-base-120,HVE,base,overall,AN19_120_available_exposure,cnn_3,AN19,cnn_3::overall,M_joint,1.0049074982658384,1.0035142587651111,1.0061131506237282,3,3,0,ok,
HVE-global-AN19-base-120,HVE,base,overall,AN19_120_available_exposure,cnn_3,AN19,cnn_3::overall,M_null,1.0000442193145616,0.9974076033917777,1.0031714668334002,3,3,0,ok,
HVE-global-AN19-base-120,HVE,base,overall,AN19_120_available_exposure,cnn_3,AN19,cnn_3::overall,M_predictor,1.000593393401454,0.9981463371595524,1.0034206890270478,3,3,0,ok,
HVE-global-AN19-base-120,HVE,base,overall,AN19_120_available_exposure,cnn_4,AN19,cnn_4::overall,M_condition,1.0047004893842315,1.003885189648443,1.005435132688433,3,3,0,ok,
HVE-global-AN19-base-120,HVE,base,overall,AN19_120_available_exposure,cnn_4,AN19,cnn_4::overall,M_joint,1.0046869735722779,1.0044073128484432,1.0049946367503737,3,3,0,ok,
HVE-global-AN19-base-120,HVE,base,overall,AN19_120_available_exposure,cnn_4,AN19,cnn_4::overall,M_null,1.0000442193145616,0.9974076033917777,1.0031714668334002,3,3,0,ok,
HVE-global-AN19-base-120,HVE,base,overall,AN19_120_available_exposure,cnn_4,AN19,cnn_4::overall,M_predictor,0.9999452973182166,0.9971988584401147,1.0031515211289435,3,3,0,ok,
HVE-global-AN19-base-120,HVE,base,overall,AN19_120_available_exposure,cnn_5,AN19,cnn_5::overall,M_condition,1.0047004893842315,1.003885189648443,1.005435132688433,3,3,0,ok,
HVE-global-AN19-base-120,HVE,base,overall,AN19_120_available_exposure,cnn_5,AN19,cnn_5::overall,M_joint,1.0049451171035033,1.003985982546491,1.0059462536482562,3,3,0,ok,
HVE-global-AN19-base-120,HVE,base,overall,AN19_120_available_exposure,cnn_5,AN19,cnn_5::overall,M_null,1.0000442193145616,0.9974076033917777,1.0031714668334002,3,3,0,ok,
HVE-global-AN19-base-120,HVE,base,overall,AN19_120_available_exposure,cnn_5,AN19,cnn_5::overall,M_predictor,1.0004631572442746,0.9975093972107056,1.0039529995984677,3,3,0,ok,
HVE-global-AN19-base-120,HVE,base,overall,AN19_120_available_exposure,cnn_6,AN19,cnn_6::overall,M_condition,1.0047004893842315,1.003885189648443,1.005435132688433,3,3,0,ok,
HVE-global-AN19-base-120,HVE,base,overall,AN19_120_available_exposure,cnn_6,AN19,cnn_6::overall,M_joint,1.004435625016322,1.0040099603784642,1.00478089896869,3,3,0,ok,
HVE-global-AN19-base-120,HVE,base,overall,AN19_120_available_exposure,cnn_6,AN19,cnn_6::overall,M_null,1.0000442193145616,0.9974076033917777,1.0031714668334002,3,3,0,ok,
HVE-global-AN19-base-120,HVE,base,overall,AN19_120_available_exposure,cnn_6,AN19,cnn_6::overall,M_predictor,1.0000529781794976,0.9974393354848097,1.0031669454784848,3,3,0,ok,
HVE-global-AN19-base-120,HVE,base,overall,AN19_120_available_exposure,tr_0,AN19,tr_0::overall,M_condition,1.0047004893842315,1.003885189648443,1.005435132688433,3,3,0,ok,
HVE-global-AN19-base-120,HVE,base,overall,AN19_120_available_exposure,tr_0,AN19,tr_0::overall,M_joint,1.0045880988075997,1.0036187337729836,1.0054890288187668,3,3,0,ok,
HVE-global-AN19-base-120,HVE,base,overall,AN19_120_available_exposure,tr_0,AN19,tr_0::overall,M_null,1.0000442193145616,0.9974076033917777,1.0031714668334002,3,3,0,ok,
HVE-global-AN19-base-120,HVE,base,overall,AN19_120_available_exposure,tr_0,AN19,tr_0::overall,M_predictor,1.000776034153173,0.9980802409832373,1.0033754560121448,3,3,0,ok,
HVE-global-AN19-base-120,HVE,base,overall,AN19_120_available_exposure,tr_10,AN19,tr_10::overall,M_condition,1.0047004893842315,1.003885189648443,1.005435132688433,3,3,0,ok,
HVE-global-AN19-base-120,HVE,base,overall,AN19_120_available_exposure,tr_10,AN19,tr_10::overall,M_joint,1.0051432495431012,1.0040682996459787,1.0060374647752424,3,3,0,ok,
HVE-global-AN19-base-120,HVE,base,overall,AN19_120_available_exposure,tr_10,AN19,tr_10::overall,M_null,1.0000442193145616,0.9974076033917777,1.0031714668334002,3,3,0,ok,
HVE-global-AN19-base-120,HVE,base,overall,AN19_120_available_exposure,tr_10,AN19,tr_10::overall,M_predictor,1.0008265167324863,0.9987016491681421,1.0033538777608173,3,3,0,ok,
HVE-global-AN19-base-120,HVE,base,overall,AN19_120_available_exposure,tr_12,AN19,tr_12::overall,M_condition,1.0047004893842315,1.003885189648443,1.005435132688433,3,3,0,ok,
HVE-global-AN19-base-120,HVE,base,overall,AN19_120_available_exposure,tr_12,AN19,tr_12::overall,M_joint,1.0050936219659723,1.0037148058632095,1.006337161205213,3,3,0,ok,
HVE-global-AN19-base-120,HVE,base,overall,AN19_120_available_exposure,tr_12,AN19,tr_12::overall,M_null,1.0000442193145616,0.9974076033917777,1.0031714668334002,3,3,0,ok,
HVE-global-AN19-base-120,HVE,base,overall,AN19_120_available_exposure,tr_12,AN19,tr_12::overall,M_predictor,1.0006434921781044,0.9985951908976491,1.003264288547493,3,3,0,ok,
HVE-global-AN19-base-120,HVE,base,overall,AN19_120_available_exposure,tr_14,AN19,tr_14::overall,M_condition,1.0047004893842315,1.003885189648443,1.005435132688433,3,3,0,ok,
HVE-global-AN19-base-120,HVE,base,overall,AN19_120_available_exposure,tr_14,AN19,tr_14::overall,M_joint,1.0048021313571447,1.0040686517018602,1.0054506756342456,3,3,0,ok,
HVE-global-AN19-base-120,HVE,base,overall,AN19_120_available_exposure,tr_14,AN19,tr_14::overall,M_null,1.0000442193145616,0.9974076033917777,1.0031714668334002,3,3,0,ok,
HVE-global-AN19-base-120,HVE,base,overall,AN19_120_available_exposure,tr_14,AN19,tr_14::overall,M_predictor,1.000145223275016,0.9974009225425483,1.003282267766316,3,3,0,ok,
HVE-global-AN19-base-120,HVE,base,overall,AN19_120_available_exposure,tr_16,AN19,tr_16::overall,M_condition,1.0047004893842315,1.003885189648443,1.005435132688433,3,3,0,ok,
HVE-global-AN19-base-120,HVE,base,overall,AN19_120_available_exposure,tr_16,AN19,tr_16::overall,M_joint,1.0044496652020956,1.003610107584182,1.0054071101425748,3,3,0,ok,
HVE-global-AN19-base-120,HVE,base,overall,AN19_120_available_exposure,tr_16,AN19,tr_16::overall,M_null,1.0000442193145616,0.9974076033917777,1.0031714668334002,3,3,0,ok,
HVE-global-AN19-base-120,HVE,base,overall,AN19_120_available_exposure,tr_16,AN19,tr_16::overall,M_predictor,1.00041267944169,0.997422740046269,1.0040626322636863,3,3,0,ok,
HVE-global-AN19-base-120,HVE,base,overall,AN19_120_available_exposure,tr_18,AN19,tr_18::overall,M_condition,1.0047004893842315,1.003885189648443,1.005435132688433,3,3,0,ok,
HVE-global-AN19-base-120,HVE,base,overall,AN19_120_available_exposure,tr_18,AN19,tr_18::overall,M_joint,1.0046521403866324,1.003526312800934,1.005665823408884,3,3,0,ok,
HVE-global-AN19-base-120,HVE,base,overall,AN19_120_available_exposure,tr_18,AN19,tr_18::overall,M_null,1.0000442193145616,0.9974076033917777,1.0031714668334002,3,3,0,ok,
HVE-global-AN19-base-120,HVE,base,overall,AN19_120_available_exposure,tr_18,AN19,tr_18::overall,M_predictor,1.0003419054093239,0.996938627643248,1.0044161974784862,3,3,0,ok,
HVE-global-AN19-base-120,HVE,base,overall,AN19_120_available_exposure,tr_2,AN19,tr_2::overall,M_condition,1.0047004893842315,1.003885189648443,1.005435132688433,3,3,0,ok,
HVE-global-AN19-base-120,HVE,base,overall,AN19_120_available_exposure,tr_2,AN19,tr_2::overall,M_joint,1.00460726073664,1.0043217582744295,1.0048703087591178,3,3,0,ok,
HVE-global-AN19-base-120,HVE,base,overall,AN19_120_available_exposure,tr_2,AN19,tr_2::overall,M_null,1.0000442193145616,0.9974076033917777,1.0031714668334002,3,3,0,ok,
HVE-global-AN19-base-120,HVE,base,overall,AN19_120_available_exposure,tr_2,AN19,tr_2::overall,M_predictor,1.0002362794312887,0.9972523370793828,1.0032051886883269,3,3,0,ok,
HVE-global-AN19-base-120,HVE,base,overall,AN19_120_available_exposure,tr_20,AN19,tr_20::overall,M_condition,1.0047004893842315,1.003885189648443,1.005435132688433,3,3,0,ok,
HVE-global-AN19-base-120,HVE,base,overall,AN19_120_available_exposure,tr_20,AN19,tr_20::overall,M_joint,1.0050375257825337,1.0037195459495376,1.006090132777442,3,3,0,ok,
HVE-global-AN19-base-120,HVE,base,overall,AN19_120_available_exposure,tr_20,AN19,tr_20::overall,M_null,1.0000442193145616,0.9974076033917777,1.0031714668334002,3,3,0,ok,
HVE-global-AN19-base-120,HVE,base,overall,AN19_120_available_exposure,tr_20,AN19,tr_20::overall,M_predictor,1.0001948386633388,0.9969264256556531,1.0041576272131343,3,3,0,ok,
HVE-global-AN19-base-120,HVE,base,overall,AN19_120_available_exposure,tr_22,AN19,tr_22::overall,M_condition,1.0047004893842315,1.003885189648443,1.005435132688433,3,3,0,ok,
HVE-global-AN19-base-120,HVE,base,overall,AN19_120_available_exposure,tr_22,AN19,tr_22::overall,M_joint,1.0049740482224772,1.0038727464001838,1.006066329692487,3,3,0,ok,
HVE-global-AN19-base-120,HVE,base,overall,AN19_120_available_exposure,tr_22,AN19,tr_22::overall,M_null,1.0000442193145616,0.9974076033917777,1.0031714668334002,3,3,0,ok,
HVE-global-AN19-base-120,HVE,base,overall,AN19_120_available_exposure,tr_22,AN19,tr_22::overall,M_predictor,1.0004210028660072,0.9974896945089209,1.0040202052786724,3,3,0,ok,
HVE-global-AN19-base-120,HVE,base,overall,AN19_120_available_exposure,tr_4,AN19,tr_4::overall,M_condition,1.0047004893842315,1.003885189648443,1.005435132688433,3,3,0,ok,
HVE-global-AN19-base-120,HVE,base,overall,AN19_120_available_exposure,tr_4,AN19,tr_4::overall,M_joint,1.004445524599443,1.0039168576468374,1.0048986706370049,3,3,0,ok,
HVE-global-AN19-base-120,HVE,base,overall,AN19_120_available_exposure,tr_4,AN19,tr_4::overall,M_null,1.0000442193145616,0.9974076033917777,1.0031714668334002,3,3,0,ok,
HVE-global-AN19-base-120,HVE,base,overall,AN19_120_available_exposure,tr_4,AN19,tr_4::overall,M_predictor,1.0002158121764513,0.997696287294147,1.0032755906671065,3,3,0,ok,
HVE-global-AN19-base-120,HVE,base,overall,AN19_120_available_exposure,tr_6,AN19,tr_6::overall,M_condition,1.0047004893842315,1.003885189648443,1.005435132688433,3,3,0,ok,
HVE-global-AN19-base-120,HVE,base,overall,AN19_120_available_exposure,tr_6,AN19,tr_6::overall,M_joint,1.0051516279988497,1.0037453946983905,1.00641738161978,3,3,0,ok,
HVE-global-AN19-base-120,HVE,base,overall,AN19_120_available_exposure,tr_6,AN19,tr_6::overall,M_null,1.0000442193145616,0.9974076033917777,1.0031714668334002,3,3,0,ok,
HVE-global-AN19-base-120,HVE,base,overall,AN19_120_available_exposure,tr_6,AN19,tr_6::overall,M_predictor,1.0007577096800115,0.9984885641010773,1.0033478250933745,3,3,0,ok,
HVE-global-AN19-base-120,HVE,base,overall,AN19_120_available_exposure,tr_8,AN19,tr_8::overall,M_condition,1.0047004893842315,1.003885189648443,1.005435132688433,3,3,0,ok,
HVE-global-AN19-base-120,HVE,base,overall,AN19_120_available_exposure,tr_8,AN19,tr_8::overall,M_joint,1.0048441917645674,1.0036538061283402,1.0059610289855008,3,3,0,ok,
HVE-global-AN19-base-120,HVE,base,overall,AN19_120_available_exposure,tr_8,AN19,tr_8::overall,M_null,1.0000442193145616,0.9974076033917777,1.0031714668334002,3,3,0,ok,
HVE-global-AN19-base-120,HVE,base,overall,AN19_120_available_exposure,tr_8,AN19,tr_8::overall,M_predictor,1.0006488629331678,0.9979074133988184,1.0035846874090906,3,3,0,ok,
HVE-global-AN19-base-120,HVE,base,overall_order_sensitive,AN19_120_available_exposure,cnn_2,AN19,cnn_2::overall_order_sensitive,M_condition,1.0047004893842315,1.003885189648443,1.005435132688433,3,3,0,ok,
HVE-global-AN19-base-120,HVE,base,overall_order_sensitive,AN19_120_available_exposure,cnn_2,AN19,cnn_2::overall_order_sensitive,M_joint,1.0047491475605501,1.003665419546839,1.006002376905535,3,3,0,ok,
HVE-global-AN19-base-120,HVE,base,overall_order_sensitive,AN19_120_available_exposure,cnn_2,AN19,cnn_2::overall_order_sensitive,M_null,1.0000442193145616,0.9974076033917777,1.0031714668334002,3,3,0,ok,
HVE-global-AN19-base-120,HVE,base,overall_order_sensitive,AN19_120_available_exposure,cnn_2,AN19,cnn_2::overall_order_sensitive,M_predictor,1.0003194570060265,0.9967097356205625,1.0044306923997,3,3,0,ok,
HVE-global-AN19-base-120,HVE,base,overall_order_sensitive,AN19_120_available_exposure,cnn_3,AN19,cnn_3::overall_order_sensitive,M_condition,1.0047004893842315,1.003885189648443,1.005435132688433,3,3,0,ok,
HVE-global-AN19-base-120,HVE,base,overall_order_sensitive,AN19_120_available_exposure,cnn_3,AN19,cnn_3::overall_order_sensitive,M_joint,1.0044947882379744,1.0042407392688824,1.0046840041753249,3,3,0,ok,
HVE-global-AN19-base-120,HVE,base,overall_order_sensitive,AN19_120_available_exposure,cnn_3,AN19,cnn_3::overall_order_sensitive,M_null,1.0000442193145616,0.9974076033917777,1.0031714668334002,3,3,0,ok,
HVE-global-AN19-base-120,HVE,base,overall_order_sensitive,AN19_120_available_exposure,cnn_3,AN19,cnn_3::overall_order_sensitive,M_predictor,0.9999513223712638,0.9966447568448268,1.0033265506193287,3,3,0,ok,
HVE-global-AN19-base-120,HVE,base,overall_order_sensitive,AN19_120_available_exposure,cnn_4,AN19,cnn_4::overall_order_sensitive,M_condition,1.0047004893842315,1.003885189648443,1.005435132688433,3,3,0,ok,
HVE-global-AN19-base-120,HVE,base,overall_order_sensitive,AN19_120_available_exposure,cnn_4,AN19,cnn_4::overall_order_sensitive,M_joint,1.0046666771968626,1.0043959898809858,1.0050112216151927,3,3,0,ok,
HVE-global-AN19-base-120,HVE,base,overall_order_sensitive,AN19_120_available_exposure,cnn_4,AN19,cnn_4::overall_order_sensitive,M_null,1.0000442193145616,0.9974076033917777,1.0031714668334002,3,3,0,ok,
HVE-global-AN19-base-120,HVE,base,overall_order_sensitive,AN19_120_available_exposure,cnn_4,AN19,cnn_4::overall_order_sensitive,M_predictor,1.0010265051669545,0.9978665844356909,1.003394007477363,3,3,0,ok,
HVE-global-AN19-base-120,HVE,base,overall_order_sensitive,AN19_120_available_exposure,cnn_5,AN19,cnn_5::overall_order_sensitive,M_condition,1.0047004893842315,1.003885189648443,1.005435132688433,3,3,0,ok,
HVE-global-AN19-base-120,HVE,base,overall_order_sensitive,AN19_120_available_exposure,cnn_5,AN19,cnn_5::overall_order_sensitive,M_joint,1.0044232663394628,1.00377976043186,1.0052767397643605,3,3,0,ok,
HVE-global-AN19-base-120,HVE,base,overall_order_sensitive,AN19_120_available_exposure,cnn_5,AN19,cnn_5::overall_order_sensitive,M_null,1.0000442193145616,0.9974076033917777,1.0031714668334002,3,3,0,ok,
HVE-global-AN19-base-120,HVE,base,overall_order_sensitive,AN19_120_available_exposure,cnn_5,AN19,cnn_5::overall_order_sensitive,M_predictor,1.000376836704712,0.9969338205667586,1.0036932780023762,3,3,0,ok,
HVE-global-AN19-base-120,HVE,base,overall_order_sensitive,AN19_120_available_exposure,cnn_6,AN19,cnn_6::overall_order_sensitive,M_condition,1.0047004893842315,1.003885189648443,1.005435132688433,3,3,0,ok,
HVE-global-AN19-base-120,HVE,base,overall_order_sensitive,AN19_120_available_exposure,cnn_6,AN19,cnn_6::overall_order_sensitive,M_joint,1.0047415938865236,1.0043386236833065,1.0050595549978023,3,3,0,ok,
HVE-global-AN19-base-120,HVE,base,overall_order_sensitive,AN19_120_available_exposure,cnn_6,AN19,cnn_6::overall_order_sensitive,M_null,1.0000442193145616,0.9974076033917777,1.0031714668334002,3,3,0,ok,
HVE-global-AN19-base-120,HVE,base,overall_order_sensitive,AN19_120_available_exposure,cnn_6,AN19,cnn_6::overall_order_sensitive,M_predictor,1.0009281841405298,0.9980682459007113,1.003206986359668,3,3,0,ok,
HVE-global-AN19-base-120,HVE,base,overall_order_sensitive,AN19_120_available_exposure,tr_0,AN19,tr_0::overall_order_sensitive,M_condition,1.0047004893842315,1.003885189648443,1.005435132688433,3,3,0,ok,
HVE-global-AN19-base-120,HVE,base,overall_order_sensitive,AN19_120_available_exposure,tr_0,AN19,tr_0::overall_order_sensitive,M_joint,1.0044570519028484,1.0039607359239695,1.0050348712704789,3,3,0,ok,
HVE-global-AN19-base-120,HVE,base,overall_order_sensitive,AN19_120_available_exposure,tr_0,AN19,tr_0::overall_order_sensitive,M_null,1.0000442193145616,0.9974076033917777,1.0031714668334002,3,3,0,ok,
HVE-global-AN19-base-120,HVE,base,overall_order_sensitive,AN19_120_available_exposure,tr_0,AN19,tr_0::overall_order_sensitive,M_predictor,1.0008238213794252,0.9972334642129825,1.0039512514933926,3,3,0,ok,
HVE-global-AN19-base-120,HVE,base,overall_order_sensitive,AN19_120_available_exposure,tr_10,AN19,tr_10::overall_order_sensitive,M_condition,1.0047004893842315,1.003885189648443,1.005435132688433,3,3,0,ok,
HVE-global-AN19-base-120,HVE,base,overall_order_sensitive,AN19_120_available_exposure,tr_10,AN19,tr_10::overall_order_sensitive,M_joint,1.0043473425764433,1.0040045110353506,1.004735725971859,3,3,0,ok,
HVE-global-AN19-base-120,HVE,base,overall_order_sensitive,AN19_120_available_exposure,tr_10,AN19,tr_10::overall_order_sensitive,M_null,1.0000442193145616,0.9974076033917777,1.0031714668334002,3,3,0,ok,
HVE-global-AN19-base-120,HVE,base,overall_order_sensitive,AN19_120_available_exposure,tr_10,AN19,tr_10::overall_order_sensitive,M_predictor,1.000404108805984,0.9963827698775011,1.0041828259639032,3,3,0,ok,
HVE-global-AN19-base-120,HVE,base,overall_order_sensitive,AN19_120_available_exposure,tr_12,AN19,tr_12::overall_order_sensitive,M_condition,1.0047004893842315,1.003885189648443,1.005435132688433,3,3,0,ok,
HVE-global-AN19-base-120,HVE,base,overall_order_sensitive,AN19_120_available_exposure,tr_12,AN19,tr_12::overall_order_sensitive,M_joint,1.0044390362912583,1.0040287070916039,1.0049363318993534,3,3,0,ok,
HVE-global-AN19-base-120,HVE,base,overall_order_sensitive,AN19_120_available_exposure,tr_12,AN19,tr_12::overall_order_sensitive,M_null,1.0000442193145616,0.9974076033917777,1.0031714668334002,3,3,0,ok,
HVE-global-AN19-base-120,HVE,base,overall_order_sensitive,AN19_120_available_exposure,tr_12,AN19,tr_12::overall_order_sensitive,M_predictor,1.00028545934365,0.9965090841641862,1.004231960637456,3,3,0,ok,
HVE-global-AN19-base-120,HVE,base,overall_order_sensitive,AN19_120_available_exposure,tr_14,AN19,tr_14::overall_order_sensitive,M_condition,1.0047004893842315,1.003885189648443,1.005435132688433,3,3,0,ok,
HVE-global-AN19-base-120,HVE,base,overall_order_sensitive,AN19_120_available_exposure,tr_14,AN19,tr_14::overall_order_sensitive,M_joint,1.0043161423199374,1.0039005149578004,1.0047667625970143,3,3,0,ok,
HVE-global-AN19-base-120,HVE,base,overall_order_sensitive,AN19_120_available_exposure,tr_14,AN19,tr_14::overall_order_sensitive,M_null,1.0000442193145616,0.9974076033917777,1.0031714668334002,3,3,0,ok,
HVE-global-AN19-base-120,HVE,base,overall_order_sensitive,AN19_120_available_exposure,tr_14,AN19,tr_14::overall_order_sensitive,M_predictor,0.9999945861774974,0.9958090169915653,1.0043854300261055,3,3,0,ok,
HVE-global-AN19-base-120,HVE,base,overall_order_sensitive,AN19_120_available_exposure,tr_16,AN19,tr_16::overall_order_sensitive,M_condition,1.0047004893842315,1.003885189648443,1.005435132688433,3,3,0,ok,
HVE-global-AN19-base-120,HVE,base,overall_order_sensitive,AN19_120_available_exposure,tr_16,AN19,tr_16::overall_order_sensitive,M_joint,1.0042847228012957,1.0037497704125595,1.0048743877545734,3,3,0,ok,
HVE-global-AN19-base-120,HVE,base,overall_order_sensitive,AN19_120_available_exposure,tr_16,AN19,tr_16::overall_order_sensitive,M_null,1.0000442193145616,0.9974076033917777,1.0031714668334002,3,3,0,ok,
HVE-global-AN19-base-120,HVE,base,overall_order_sensitive,AN19_120_available_exposure,tr_16,AN19,tr_16::overall_order_sensitive,M_predictor,1.0001783949774796,0.9957245982248356,1.0045828509174093,3,3,0,ok,
HVE-global-AN19-base-120,HVE,base,overall_order_sensitive,AN19_120_available_exposure,tr_18,AN19,tr_18::overall_order_sensitive,M_condition,1.0047004893842315,1.003885189648443,1.005435132688433,3,3,0,ok,
HVE-global-AN19-base-120,HVE,base,overall_order_sensitive,AN19_120_available_exposure,tr_18,AN19,tr_18::overall_order_sensitive,M_joint,1.0042953638185201,1.003871922230637,1.0047574701421107,3,3,0,ok,
HVE-global-AN19-base-120,HVE,base,overall_order_sensitive,AN19_120_available_exposure,tr_18,AN19,tr_18::overall_order_sensitive,M_null,1.0000442193145616,0.9974076033917777,1.0031714668334002,3,3,0,ok,
HVE-global-AN19-base-120,HVE,base,overall_order_sensitive,AN19_120_available_exposure,tr_18,AN19,tr_18::overall_order_sensitive,M_predictor,1.000061214089869,0.9958296974049312,1.0042670870127968,3,3,0,ok,
HVE-global-AN19-base-120,HVE,base,overall_order_sensitive,AN19_120_available_exposure,tr_2,AN19,tr_2::overall_order_sensitive,M_condition,1.0047004893842315,1.003885189648443,1.005435132688433,3,3,0,ok,
HVE-global-AN19-base-120,HVE,base,overall_order_sensitive,AN19_120_available_exposure,tr_2,AN19,tr_2::overall_order_sensitive,M_joint,1.0043093334493494,1.0037989809335515,1.004848605858727,3,3,0,ok,
HVE-global-AN19-base-120,HVE,base,overall_order_sensitive,AN19_120_available_exposure,tr_2,AN19,tr_2::overall_order_sensitive,M_null,1.0000442193145616,0.9974076033917777,1.0031714668334002,3,3,0,ok,
HVE-global-AN19-base-120,HVE,base,overall_order_sensitive,AN19_120_available_exposure,tr_2,AN19,tr_2::overall_order_sensitive,M_predictor,1.0002151666786199,0.9958426771626079,1.0045787840106795,3,3,0,ok,
HVE-global-AN19-base-120,HVE,base,overall_order_sensitive,AN19_120_available_exposure,tr_20,AN19,tr_20::overall_order_sensitive,M_condition,1.0047004893842315,1.003885189648443,1.005435132688433,3,3,0,ok,
HVE-global-AN19-base-120,HVE,base,overall_order_sensitive,AN19_120_available_exposure,tr_20,AN19,tr_20::overall_order_sensitive,M_joint,1.0044875574328656,1.0039882482930527,1.0050809543684927,3,3,0,ok,
HVE-global-AN19-base-120,HVE,base,overall_order_sensitive,AN19_120_available_exposure,tr_20,AN19,tr_20::overall_order_sensitive,M_null,1.0000442193145616,0.9974076033917777,1.0031714668334002,3,3,0,ok,
HVE-global-AN19-base-120,HVE,base,overall_order_sensitive,AN19_120_available_exposure,tr_20,AN19,tr_20::overall_order_sensitive,M_predictor,1.000214247065391,0.9965737004635831,1.0042466342644383,3,3,0,ok,
HVE-global-AN19-base-120,HVE,base,overall_order_sensitive,AN19_120_available_exposure,tr_22,AN19,tr_22::overall_order_sensitive,M_condition,1.0047004893842315,1.003885189648443,1.005435132688433,3,3,0,ok,
HVE-global-AN19-base-120,HVE,base,overall_order_sensitive,AN19_120_available_exposure,tr_22,AN19,tr_22::overall_order_sensitive,M_joint,1.0044335999578642,1.0039602622833932,1.0050259315865837,3,3,0,ok,
HVE-global-AN19-base-120,HVE,base,overall_order_sensitive,AN19_120_available_exposure,tr_22,AN19,tr_22::overall_order_sensitive,M_null,1.0000442193145616,0.9974076033917777,1.0031714668334002,3,3,0,ok,
HVE-global-AN19-base-120,HVE,base,overall_order_sensitive,AN19_120_available_exposure,tr_22,AN19,tr_22::overall_order_sensitive,M_predictor,1.000210629920316,0.9962931912116337,1.0043106957219574,3,3,0,ok,
HVE-global-AN19-base-120,HVE,base,overall_order_sensitive,AN19_120_available_exposure,tr_4,AN19,tr_4::overall_order_sensitive,M_condition,1.0047004893842315,1.003885189648443,1.005435132688433,3,3,0,ok,
HVE-global-AN19-base-120,HVE,base,overall_order_sensitive,AN19_120_available_exposure,tr_4,AN19,tr_4::overall_order_sensitive,M_joint,1.0043159301453433,1.0038811124284432,1.0047686414297936,3,3,0,ok,
HVE-global-AN19-base-120,HVE,base,overall_order_sensitive,AN19_120_available_exposure,tr_4,AN19,tr_4::overall_order_sensitive,M_null,1.0000442193145616,0.9974076033917777,1.0031714668334002,3,3,0,ok,
HVE-global-AN19-base-120,HVE,base,overall_order_sensitive,AN19_120_available_exposure,tr_4,AN19,tr_4::overall_order_sensitive,M_predictor,1.000224573981643,0.9960904270006946,1.004201246625312,3,3,0,ok,
HVE-global-AN19-base-120,HVE,base,overall_order_sensitive,AN19_120_available_exposure,tr_6,AN19,tr_6::overall_order_sensitive,M_condition,1.0047004893842315,1.003885189648443,1.005435132688433,3,3,0,ok,
HVE-global-AN19-base-120,HVE,base,overall_order_sensitive,AN19_120_available_exposure,tr_6,AN19,tr_6::overall_order_sensitive,M_joint,1.0043748837403295,1.004056997099575,1.0047146527956081,3,3,0,ok,
HVE-global-AN19-base-120,HVE,base,overall_order_sensitive,AN19_120_available_exposure,tr_6,AN19,tr_6::overall_order_sensitive,M_null,1.0000442193145616,0.9974076033917777,1.0031714668334002,3,3,0,ok,
HVE-global-AN19-base-120,HVE,base,overall_order_sensitive,AN19_120_available_exposure,tr_6,AN19,tr_6::overall_order_sensitive,M_predictor,1.0005598374380664,0.9966465541339771,1.003874188838699,3,3,0,ok,
HVE-global-AN19-base-120,HVE,base,overall_order_sensitive,AN19_120_available_exposure,tr_8,AN19,tr_8::overall_order_sensitive,M_condition,1.0047004893842315,1.003885189648443,1.005435132688433,3,3,0,ok,
HVE-global-AN19-base-120,HVE,base,overall_order_sensitive,AN19_120_available_exposure,tr_8,AN19,tr_8::overall_order_sensitive,M_joint,1.0043509103518284,1.0039716579737665,1.0047282104346154,3,3,0,ok,
HVE-global-AN19-base-120,HVE,base,overall_order_sensitive,AN19_120_available_exposure,tr_8,AN19,tr_8::overall_order_sensitive,M_null,1.0000442193145616,0.9974076033917777,1.0031714668334002,3,3,0,ok,
HVE-global-AN19-base-120,HVE,base,overall_order_sensitive,AN19_120_available_exposure,tr_8,AN19,tr_8::overall_order_sensitive,M_predictor,1.0004143921458981,0.9963279872521019,1.004096089073129,3,3,0,ok,
HVE-global-AN19-ft-120,HVE,ft,overall,AN19_120_available_exposure,cnn_2,AN19,cnn_2::overall,M_condition,1.0047004893842315,1.003885189648443,1.005435132688433,3,3,0,ok,
HVE-global-AN19-ft-120,HVE,ft,overall,AN19_120_available_exposure,cnn_2,AN19,cnn_2::overall,M_joint,1.0047988509864614,1.0042446070199484,1.0052371903603678,3,3,0,ok,
HVE-global-AN19-ft-120,HVE,ft,overall,AN19_120_available_exposure,cnn_2,AN19,cnn_2::overall,M_null,1.0000442193145616,0.9974076033917777,1.0031714668334002,3,3,0,ok,
HVE-global-AN19-ft-120,HVE,ft,overall,AN19_120_available_exposure,cnn_2,AN19,cnn_2::overall,M_predictor,1.0002497381504691,0.9977204134545186,1.0033328872890612,3,3,0,ok,
HVE-global-AN19-ft-120,HVE,ft,overall,AN19_120_available_exposure,cnn_3,AN19,cnn_3::overall,M_condition,1.0047004893842315,1.003885189648443,1.005435132688433,3,3,0,ok,
HVE-global-AN19-ft-120,HVE,ft,overall,AN19_120_available_exposure,cnn_3,AN19,cnn_3::overall,M_joint,1.0049074982658384,1.0035142587651111,1.0061131506237282,3,3,0,ok,
HVE-global-AN19-ft-120,HVE,ft,overall,AN19_120_available_exposure,cnn_3,AN19,cnn_3::overall,M_null,1.0000442193145616,0.9974076033917777,1.0031714668334002,3,3,0,ok,
HVE-global-AN19-ft-120,HVE,ft,overall,AN19_120_available_exposure,cnn_3,AN19,cnn_3::overall,M_predictor,1.000593393401454,0.9981463371595524,1.0034206890270478,3,3,0,ok,
HVE-global-AN19-ft-120,HVE,ft,overall,AN19_120_available_exposure,cnn_4,AN19,cnn_4::overall,M_condition,1.0047004893842315,1.003885189648443,1.005435132688433,3,3,0,ok,
HVE-global-AN19-ft-120,HVE,ft,overall,AN19_120_available_exposure,cnn_4,AN19,cnn_4::overall,M_joint,1.0046869735722779,1.0044073128484432,1.0049946367503737,3,3,0,ok,
HVE-global-AN19-ft-120,HVE,ft,overall,AN19_120_available_exposure,cnn_4,AN19,cnn_4::overall,M_null,1.0000442193145616,0.9974076033917777,1.0031714668334002,3,3,0,ok,
HVE-global-AN19-ft-120,HVE,ft,overall,AN19_120_available_exposure,cnn_4,AN19,cnn_4::overall,M_predictor,0.9999452973182166,0.9971988584401147,1.0031515211289435,3,3,0,ok,
HVE-global-AN19-ft-120,HVE,ft,overall,AN19_120_available_exposure,cnn_5,AN19,cnn_5::overall,M_condition,1.0047004893842315,1.003885189648443,1.005435132688433,3,3,0,ok,
HVE-global-AN19-ft-120,HVE,ft,overall,AN19_120_available_exposure,cnn_5,AN19,cnn_5::overall,M_joint,1.0049451171035033,1.003985982546491,1.0059462536482562,3,3,0,ok,
HVE-global-AN19-ft-120,HVE,ft,overall,AN19_120_available_exposure,cnn_5,AN19,cnn_5::overall,M_null,1.0000442193145616,0.9974076033917777,1.0031714668334002,3,3,0,ok,
HVE-global-AN19-ft-120,HVE,ft,overall,AN19_120_available_exposure,cnn_5,AN19,cnn_5::overall,M_predictor,1.0004631572442746,0.9975093972107056,1.0039529995984677,3,3,0,ok,
HVE-global-AN19-ft-120,HVE,ft,overall,AN19_120_available_exposure,cnn_6,AN19,cnn_6::overall,M_condition,1.0047004893842315,1.003885189648443,1.005435132688433,3,3,0,ok,
HVE-global-AN19-ft-120,HVE,ft,overall,AN19_120_available_exposure,cnn_6,AN19,cnn_6::overall,M_joint,1.004435625016322,1.0040099603784642,1.00478089896869,3,3,0,ok,
HVE-global-AN19-ft-120,HVE,ft,overall,AN19_120_available_exposure,cnn_6,AN19,cnn_6::overall,M_null,1.0000442193145616,0.9974076033917777,1.0031714668334002,3,3,0,ok,
HVE-global-AN19-ft-120,HVE,ft,overall,AN19_120_available_exposure,cnn_6,AN19,cnn_6::overall,M_predictor,1.0000529781794976,0.9974393354848097,1.0031669454784848,3,3,0,ok,
HVE-global-AN19-ft-120,HVE,ft,overall,AN19_120_available_exposure,tr_0,AN19,tr_0::overall,M_condition,1.0047004893842315,1.003885189648443,1.005435132688433,3,3,0,ok,
HVE-global-AN19-ft-120,HVE,ft,overall,AN19_120_available_exposure,tr_0,AN19,tr_0::overall,M_joint,1.0047455443257052,1.00418551317222,1.00518475315242,3,3,0,ok,
HVE-global-AN19-ft-120,HVE,ft,overall,AN19_120_available_exposure,tr_0,AN19,tr_0::overall,M_null,1.0000442193145616,0.9974076033917777,1.0031714668334002,3,3,0,ok,
HVE-global-AN19-ft-120,HVE,ft,overall,AN19_120_available_exposure,tr_0,AN19,tr_0::overall,M_predictor,1.0001156303264278,0.9975715408972069,1.003178125337336,3,3,0,ok,
HVE-global-AN19-ft-120,HVE,ft,overall,AN19_120_available_exposure,tr_10,AN19,tr_10::overall,M_condition,1.0047004893842315,1.003885189648443,1.005435132688433,3,3,0,ok,
HVE-global-AN19-ft-120,HVE,ft,overall,AN19_120_available_exposure,tr_10,AN19,tr_10::overall,M_joint,1.004290027179552,1.0037970010296002,1.0048047210796291,3,3,0,ok,
HVE-global-AN19-ft-120,HVE,ft,overall,AN19_120_available_exposure,tr_10,AN19,tr_10::overall,M_null,1.0000442193145616,0.9974076033917777,1.0031714668334002,3,3,0,ok,
HVE-global-AN19-ft-120,HVE,ft,overall,AN19_120_available_exposure,tr_10,AN19,tr_10::overall,M_predictor,0.9999502791691844,0.995847739506071,1.0045963220961962,3,3,0,ok,
HVE-global-AN19-ft-120,HVE,ft,overall,AN19_120_available_exposure,tr_12,AN19,tr_12::overall,M_condition,1.0047004893842315,1.003885189648443,1.005435132688433,3,3,0,ok,
HVE-global-AN19-ft-120,HVE,ft,overall,AN19_120_available_exposure,tr_12,AN19,tr_12::overall,M_joint,1.004424901753801,1.0036606691107208,1.0053168878321788,3,3,0,ok,
HVE-global-AN19-ft-120,HVE,ft,overall,AN19_120_available_exposure,tr_12,AN19,tr_12::overall,M_null,1.0000442193145616,0.9974076033917777,1.0031714668334002,3,3,0,ok,
HVE-global-AN19-ft-120,HVE,ft,overall,AN19_120_available_exposure,tr_12,AN19,tr_12::overall,M_predictor,1.0002451579136087,0.9958260721278941,1.0053550915553298,3,3,0,ok,
HVE-global-AN19-ft-120,HVE,ft,overall,AN19_120_available_exposure,tr_14,AN19,tr_14::overall,M_condition,1.0047004893842315,1.003885189648443,1.005435132688433,3,3,0,ok,
HVE-global-AN19-ft-120,HVE,ft,overall,AN19_120_available_exposure,tr_14,AN19,tr_14::overall,M_joint,1.0043004544685756,1.003747339780204,1.0049021639853701,3,3,0,ok,
HVE-global-AN19-ft-120,HVE,ft,overall,AN19_120_available_exposure,tr_14,AN19,tr_14::overall,M_null,1.0000442193145616,0.9974076033917777,1.0031714668334002,3,3,0,ok,
HVE-global-AN19-ft-120,HVE,ft,overall,AN19_120_available_exposure,tr_14,AN19,tr_14::overall,M_predictor,1.0000446642501268,0.9956372327861627,1.0049059378191862,3,3,0,ok,
HVE-global-AN19-ft-120,HVE,ft,overall,AN19_120_available_exposure,tr_16,AN19,tr_16::overall,M_condition,1.0047004893842315,1.003885189648443,1.005435132688433,3,3,0,ok,
HVE-global-AN19-ft-120,HVE,ft,overall,AN19_120_available_exposure,tr_16,AN19,tr_16::overall,M_joint,1.0051163434018726,1.0035911646618265,1.0065349466247522,3,3,0,ok,
HVE-global-AN19-ft-120,HVE,ft,overall,AN19_120_available_exposure,tr_16,AN19,tr_16::overall,M_null,1.0000442193145616,0.9974076033917777,1.0031714668334002,3,3,0,ok,
HVE-global-AN19-ft-120,HVE,ft,overall,AN19_120_available_exposure,tr_16,AN19,tr_16::overall,M_predictor,1.0000895415725013,0.9972742991061624,1.0035828596313427,3,3,0,ok,
HVE-global-AN19-ft-120,HVE,ft,overall,AN19_120_available_exposure,tr_18,AN19,tr_18::overall,M_condition,1.0047004893842315,1.003885189648443,1.005435132688433,3,3,0,ok,
HVE-global-AN19-ft-120,HVE,ft,overall,AN19_120_available_exposure,tr_18,AN19,tr_18::overall,M_joint,1.0049091404411417,1.0035405060974214,1.0062283661551854,3,3,0,ok,
HVE-global-AN19-ft-120,HVE,ft,overall,AN19_120_available_exposure,tr_18,AN19,tr_18::overall,M_null,1.0000442193145616,0.9974076033917777,1.0031714668334002,3,3,0,ok,
HVE-global-AN19-ft-120,HVE,ft,overall,AN19_120_available_exposure,tr_18,AN19,tr_18::overall,M_predictor,1.0000705074729654,0.9970634574649965,1.0036000018231566,3,3,0,ok,
HVE-global-AN19-ft-120,HVE,ft,overall,AN19_120_available_exposure,tr_2,AN19,tr_2::overall,M_condition,1.0047004893842315,1.003885189648443,1.005435132688433,3,3,0,ok,
HVE-global-AN19-ft-120,HVE,ft,overall,AN19_120_available_exposure,tr_2,AN19,tr_2::overall,M_joint,1.0043004365768198,1.00387335138439,1.0047100247148335,3,3,0,ok,
HVE-global-AN19-ft-120,HVE,ft,overall,AN19_120_available_exposure,tr_2,AN19,tr_2::overall,M_null,1.0000442193145616,0.9974076033917777,1.0031714668334002,3,3,0,ok,
HVE-global-AN19-ft-120,HVE,ft,overall,AN19_120_available_exposure,tr_2,AN19,tr_2::overall,M_predictor,0.9998810884366773,0.9959618554721517,1.0039155752134963,3,3,0,ok,
HVE-global-AN19-ft-120,HVE,ft,overall,AN19_120_available_exposure,tr_20,AN19,tr_20::overall,M_condition,1.0047004893842315,1.003885189648443,1.005435132688433,3,3,0,ok,
HVE-global-AN19-ft-120,HVE,ft,overall,AN19_120_available_exposure,tr_20,AN19,tr_20::overall,M_joint,1.0047781034646555,1.0035503390424128,1.0059572446611074,3,3,0,ok,
HVE-global-AN19-ft-120,HVE,ft,overall,AN19_120_available_exposure,tr_20,AN19,tr_20::overall,M_null,1.0000442193145616,0.9974076033917777,1.0031714668334002,3,3,0,ok,
HVE-global-AN19-ft-120,HVE,ft,overall,AN19_120_available_exposure,tr_20,AN19,tr_20::overall,M_predictor,1.0001457810054972,0.9971194845488591,1.003756339309451,3,3,0,ok,
HVE-global-AN19-ft-120,HVE,ft,overall,AN19_120_available_exposure,tr_22,AN19,tr_22::overall,M_condition,1.0047004893842315,1.003885189648443,1.005435132688433,3,3,0,ok,
HVE-global-AN19-ft-120,HVE,ft,overall,AN19_120_available_exposure,tr_22,AN19,tr_22::overall,M_joint,1.0044701298337433,1.0037847487440956,1.0050804871309764,3,3,0,ok,
HVE-global-AN19-ft-120,HVE,ft,overall,AN19_120_available_exposure,tr_22,AN19,tr_22::overall,M_null,1.0000442193145616,0.9974076033917777,1.0031714668334002,3,3,0,ok,
HVE-global-AN19-ft-120,HVE,ft,overall,AN19_120_available_exposure,tr_22,AN19,tr_22::overall,M_predictor,1.000284454041587,0.9972675676497661,1.0037193550890056,3,3,0,ok,
HVE-global-AN19-ft-120,HVE,ft,overall,AN19_120_available_exposure,tr_4,AN19,tr_4::overall,M_condition,1.0047004893842315,1.003885189648443,1.005435132688433,3,3,0,ok,
HVE-global-AN19-ft-120,HVE,ft,overall,AN19_120_available_exposure,tr_4,AN19,tr_4::overall,M_joint,1.004320006790553,1.0036507080077401,1.0049800980245784,3,3,0,ok,
HVE-global-AN19-ft-120,HVE,ft,overall,AN19_120_available_exposure,tr_4,AN19,tr_4::overall,M_null,1.0000442193145616,0.9974076033917777,1.0031714668334002,3,3,0,ok,
HVE-global-AN19-ft-120,HVE,ft,overall,AN19_120_available_exposure,tr_4,AN19,tr_4::overall,M_predictor,0.9999676966851573,0.9954852000058826,1.004703450481717,3,3,0,ok,
HVE-global-AN19-ft-120,HVE,ft,overall,AN19_120_available_exposure,tr_6,AN19,tr_6::overall,M_condition,1.0047004893842315,1.003885189648443,1.005435132688433,3,3,0,ok,
HVE-global-AN19-ft-120,HVE,ft,overall,AN19_120_available_exposure,tr_6,AN19,tr_6::overall,M_joint,1.0046771307368045,1.0035588540201994,1.005733606707549,3,3,0,ok,
HVE-global-AN19-ft-120,HVE,ft,overall,AN19_120_available_exposure,tr_6,AN19,tr_6::overall,M_null,1.0000442193145616,0.9974076033917777,1.0031714668334002,3,3,0,ok,
HVE-global-AN19-ft-120,HVE,ft,overall,AN19_120_available_exposure,tr_6,AN19,tr_6::overall,M_predictor,1.0006667105234326,0.9972501202762571,1.0044538079456353,3,3,0,ok,
HVE-global-AN19-ft-120,HVE,ft,overall,AN19_120_available_exposure,tr_8,AN19,tr_8::overall,M_condition,1.0047004893842315,1.003885189648443,1.005435132688433,3,3,0,ok,
HVE-global-AN19-ft-120,HVE,ft,overall,AN19_120_available_exposure,tr_8,AN19,tr_8::overall,M_joint,1.0042962695933886,1.0037710951371694,1.0047915539364516,3,3,0,ok,
HVE-global-AN19-ft-120,HVE,ft,overall,AN19_120_available_exposure,tr_8,AN19,tr_8::overall,M_null,1.0000442193145616,0.9974076033917777,1.0031714668334002,3,3,0,ok,
HVE-global-AN19-ft-120,HVE,ft,overall,AN19_120_available_exposure,tr_8,AN19,tr_8::overall,M_predictor,0.999938741052095,0.9961713565107135,1.0042704644610905,3,3,0,ok,
HVE-global-AN19-ft-120,HVE,ft,overall_order_sensitive,AN19_120_available_exposure,cnn_2,AN19,cnn_2::overall_order_sensitive,M_condition,1.0047004893842315,1.003885189648443,1.005435132688433,3,3,0,ok,
HVE-global-AN19-ft-120,HVE,ft,overall_order_sensitive,AN19_120_available_exposure,cnn_2,AN19,cnn_2::overall_order_sensitive,M_joint,1.0047491475605501,1.003665419546839,1.006002376905535,3,3,0,ok,
HVE-global-AN19-ft-120,HVE,ft,overall_order_sensitive,AN19_120_available_exposure,cnn_2,AN19,cnn_2::overall_order_sensitive,M_null,1.0000442193145616,0.9974076033917777,1.0031714668334002,3,3,0,ok,
HVE-global-AN19-ft-120,HVE,ft,overall_order_sensitive,AN19_120_available_exposure,cnn_2,AN19,cnn_2::overall_order_sensitive,M_predictor,1.0003194570060265,0.9967097356205625,1.0044306923997,3,3,0,ok,
HVE-global-AN19-ft-120,HVE,ft,overall_order_sensitive,AN19_120_available_exposure,cnn_3,AN19,cnn_3::overall_order_sensitive,M_condition,1.0047004893842315,1.003885189648443,1.005435132688433,3,3,0,ok,
HVE-global-AN19-ft-120,HVE,ft,overall_order_sensitive,AN19_120_available_exposure,cnn_3,AN19,cnn_3::overall_order_sensitive,M_joint,1.0044947882379744,1.0042407392688824,1.0046840041753249,3,3,0,ok,
HVE-global-AN19-ft-120,HVE,ft,overall_order_sensitive,AN19_120_available_exposure,cnn_3,AN19,cnn_3::overall_order_sensitive,M_null,1.0000442193145616,0.9974076033917777,1.0031714668334002,3,3,0,ok,
HVE-global-AN19-ft-120,HVE,ft,overall_order_sensitive,AN19_120_available_exposure,cnn_3,AN19,cnn_3::overall_order_sensitive,M_predictor,0.9999513223712638,0.9966447568448268,1.0033265506193287,3,3,0,ok,
HVE-global-AN19-ft-120,HVE,ft,overall_order_sensitive,AN19_120_available_exposure,cnn_4,AN19,cnn_4::overall_order_sensitive,M_condition,1.0047004893842315,1.003885189648443,1.005435132688433,3,3,0,ok,
HVE-global-AN19-ft-120,HVE,ft,overall_order_sensitive,AN19_120_available_exposure,cnn_4,AN19,cnn_4::overall_order_sensitive,M_joint,1.0046666771968626,1.0043959898809858,1.0050112216151927,3,3,0,ok,
HVE-global-AN19-ft-120,HVE,ft,overall_order_sensitive,AN19_120_available_exposure,cnn_4,AN19,cnn_4::overall_order_sensitive,M_null,1.0000442193145616,0.9974076033917777,1.0031714668334002,3,3,0,ok,
HVE-global-AN19-ft-120,HVE,ft,overall_order_sensitive,AN19_120_available_exposure,cnn_4,AN19,cnn_4::overall_order_sensitive,M_predictor,1.0010265051669545,0.9978665844356909,1.003394007477363,3,3,0,ok,
HVE-global-AN19-ft-120,HVE,ft,overall_order_sensitive,AN19_120_available_exposure,cnn_5,AN19,cnn_5::overall_order_sensitive,M_condition,1.0047004893842315,1.003885189648443,1.005435132688433,3,3,0,ok,
HVE-global-AN19-ft-120,HVE,ft,overall_order_sensitive,AN19_120_available_exposure,cnn_5,AN19,cnn_5::overall_order_sensitive,M_joint,1.0044232663394628,1.00377976043186,1.0052767397643605,3,3,0,ok,
HVE-global-AN19-ft-120,HVE,ft,overall_order_sensitive,AN19_120_available_exposure,cnn_5,AN19,cnn_5::overall_order_sensitive,M_null,1.0000442193145616,0.9974076033917777,1.0031714668334002,3,3,0,ok,
HVE-global-AN19-ft-120,HVE,ft,overall_order_sensitive,AN19_120_available_exposure,cnn_5,AN19,cnn_5::overall_order_sensitive,M_predictor,1.000376836704712,0.9969338205667586,1.0036932780023762,3,3,0,ok,
HVE-global-AN19-ft-120,HVE,ft,overall_order_sensitive,AN19_120_available_exposure,cnn_6,AN19,cnn_6::overall_order_sensitive,M_condition,1.0047004893842315,1.003885189648443,1.005435132688433,3,3,0,ok,
HVE-global-AN19-ft-120,HVE,ft,overall_order_sensitive,AN19_120_available_exposure,cnn_6,AN19,cnn_6::overall_order_sensitive,M_joint,1.0047415938865236,1.0043386236833065,1.0050595549978023,3,3,0,ok,
HVE-global-AN19-ft-120,HVE,ft,overall_order_sensitive,AN19_120_available_exposure,cnn_6,AN19,cnn_6::overall_order_sensitive,M_null,1.0000442193145616,0.9974076033917777,1.0031714668334002,3,3,0,ok,
HVE-global-AN19-ft-120,HVE,ft,overall_order_sensitive,AN19_120_available_exposure,cnn_6,AN19,cnn_6::overall_order_sensitive,M_predictor,1.0009281841405298,0.9980682459007113,1.003206986359668,3,3,0,ok,
HVE-global-AN19-ft-120,HVE,ft,overall_order_sensitive,AN19_120_available_exposure,tr_0,AN19,tr_0::overall_order_sensitive,M_condition,1.0047004893842315,1.003885189648443,1.005435132688433,3,3,0,ok,
HVE-global-AN19-ft-120,HVE,ft,overall_order_sensitive,AN19_120_available_exposure,tr_0,AN19,tr_0::overall_order_sensitive,M_joint,1.0046186144107148,1.0038127019693186,1.005557508985712,3,3,0,ok,
HVE-global-AN19-ft-120,HVE,ft,overall_order_sensitive,AN19_120_available_exposure,tr_0,AN19,tr_0::overall_order_sensitive,M_null,1.0000442193145616,0.9974076033917777,1.0031714668334002,3,3,0,ok,
HVE-global-AN19-ft-120,HVE,ft,overall_order_sensitive,AN19_120_available_exposure,tr_0,AN19,tr_0::overall_order_sensitive,M_predictor,1.0006051134199687,0.9972213024231172,1.003934996055428,3,3,0,ok,
HVE-global-AN19-ft-120,HVE,ft,overall_order_sensitive,AN19_120_available_exposure,tr_10,AN19,tr_10::overall_order_sensitive,M_condition,1.0047004893842315,1.003885189648443,1.005435132688433,3,3,0,ok,
HVE-global-AN19-ft-120,HVE,ft,overall_order_sensitive,AN19_120_available_exposure,tr_10,AN19,tr_10::overall_order_sensitive,M_joint,1.0043343203935022,1.003987828092306,1.004715768812604,3,3,0,ok,
HVE-global-AN19-ft-120,HVE,ft,overall_order_sensitive,AN19_120_available_exposure,tr_10,AN19,tr_10::overall_order_sensitive,M_null,1.0000442193145616,0.9974076033917777,1.0031714668334002,3,3,0,ok,
HVE-global-AN19-ft-120,HVE,ft,overall_order_sensitive,AN19_120_available_exposure,tr_10,AN19,tr_10::overall_order_sensitive,M_predictor,1.0001475087612965,0.9960624702509543,1.0041503870088913,3,3,0,ok,
HVE-global-AN19-ft-120,HVE,ft,overall_order_sensitive,AN19_120_available_exposure,tr_12,AN19,tr_12::overall_order_sensitive,M_condition,1.0047004893842315,1.003885189648443,1.005435132688433,3,3,0,ok,
HVE-global-AN19-ft-120,HVE,ft,overall_order_sensitive,AN19_120_available_exposure,tr_12,AN19,tr_12::overall_order_sensitive,M_joint,1.0044384035628295,1.0041692531522128,1.004710974667753,3,3,0,ok,
HVE-global-AN19-ft-120,HVE,ft,overall_order_sensitive,AN19_120_available_exposure,tr_12,AN19,tr_12::overall_order_sensitive,M_null,1.0000442193145616,0.9974076033917777,1.0031714668334002,3,3,0,ok,
HVE-global-AN19-ft-120,HVE,ft,overall_order_sensitive,AN19_120_available_exposure,tr_12,AN19,tr_12::overall_order_sensitive,M_predictor,1.000209707969498,0.9965026814811443,1.0037198660614108,3,3,0,ok,
HVE-global-AN19-ft-120,HVE,ft,overall_order_sensitive,AN19_120_available_exposure,tr_14,AN19,tr_14::overall_order_sensitive,M_condition,1.0047004893842315,1.003885189648443,1.005435132688433,3,3,0,ok,
HVE-global-AN19-ft-120,HVE,ft,overall_order_sensitive,AN19_120_available_exposure,tr_14,AN19,tr_14::overall_order_sensitive,M_joint,1.0046834672844762,1.0043637800742455,1.0050191341446473,3,3,0,ok,
HVE-global-AN19-ft-120,HVE,ft,overall_order_sensitive,AN19_120_available_exposure,tr_14,AN19,tr_14::overall_order_sensitive,M_null,1.0000442193145616,0.9974076033917777,1.0031714668334002,3,3,0,ok,
HVE-global-AN19-ft-120,HVE,ft,overall_order_sensitive,AN19_120_available_exposure,tr_14,AN19,tr_14::overall_order_sensitive,M_predictor,1.000068112292994,0.9971992509874292,1.0032752313353606,3,3,0,ok,
HVE-global-AN19-ft-120,HVE,ft,overall_order_sensitive,AN19_120_available_exposure,tr_16,AN19,tr_16::overall_order_sensitive,M_condition,1.0047004893842315,1.003885189648443,1.005435132688433,3,3,0,ok,
HVE-global-AN19-ft-120,HVE,ft,overall_order_sensitive,AN19_120_available_exposure,tr_16,AN19,tr_16::overall_order_sensitive,M_joint,1.0044187221983616,1.0042097760514335,1.004688965915568,3,3,0,ok,
HVE-global-AN19-ft-120,HVE,ft,overall_order_sensitive,AN19_120_available_exposure,tr_16,AN19,tr_16::overall_order_sensitive,M_null,1.0000442193145616,0.9974076033917777,1.0031714668334002,3,3,0,ok,
HVE-global-AN19-ft-120,HVE,ft,overall_order_sensitive,AN19_120_available_exposure,tr_16,AN19,tr_16::overall_order_sensitive,M_predictor,1.0002829955217873,0.9965687244855924,1.0038813812932736,3,3,0,ok,
HVE-global-AN19-ft-120,HVE,ft,overall_order_sensitive,AN19_120_available_exposure,tr_18,AN19,tr_18::overall_order_sensitive,M_condition,1.0047004893842315,1.003885189648443,1.005435132688433,3,3,0,ok,
HVE-global-AN19-ft-120,HVE,ft,overall_order_sensitive,AN19_120_available_exposure,tr_18,AN19,tr_18::overall_order_sensitive,M_joint,1.0043737015656726,1.0040325951520555,1.0048064918590434,3,3,0,ok,
HVE-global-AN19-ft-120,HVE,ft,overall_order_sensitive,AN19_120_available_exposure,tr_18,AN19,tr_18::overall_order_sensitive,M_null,1.0000442193145616,0.9974076033917777,1.0031714668334002,3,3,0,ok,
HVE-global-AN19-ft-120,HVE,ft,overall_order_sensitive,AN19_120_available_exposure,tr_18,AN19,tr_18::overall_order_sensitive,M_predictor,1.0003414979704244,0.9963312749364786,1.004219296552042,3,3,0,ok,
HVE-global-AN19-ft-120,HVE,ft,overall_order_sensitive,AN19_120_available_exposure,tr_2,AN19,tr_2::overall_order_sensitive,M_condition,1.0047004893842315,1.003885189648443,1.005435132688433,3,3,0,ok,
HVE-global-AN19-ft-120,HVE,ft,overall_order_sensitive,AN19_120_available_exposure,tr_2,AN19,tr_2::overall_order_sensitive,M_joint,1.0043477947950894,1.0039977348948952,1.004649323561773,3,3,0,ok,
HVE-global-AN19-ft-120,HVE,ft,overall_order_sensitive,AN19_120_available_exposure,tr_2,AN19,tr_2::overall_order_sensitive,M_null,1.0000442193145616,0.9974076033917777,1.0031714668334002,3,3,0,ok,
HVE-global-AN19-ft-120,HVE,ft,overall_order_sensitive,AN19_120_available_exposure,tr_2,AN19,tr_2::overall_order_sensitive,M_predictor,1.0001505461170848,0.9961584644339548,1.0039990449608431,3,3,0,ok,
HVE-global-AN19-ft-120,HVE,ft,overall_order_sensitive,AN19_120_available_exposure,tr_20,AN19,tr_20::overall_order_sensitive,M_condition,1.0047004893842315,1.003885189648443,1.005435132688433,3,3,0,ok,
HVE-global-AN19-ft-120,HVE,ft,overall_order_sensitive,AN19_120_available_exposure,tr_20,AN19,tr_20::overall_order_sensitive,M_joint,1.0043350743631132,1.0039810147246764,1.004765881162313,3,3,0,ok,
HVE-global-AN19-ft-120,HVE,ft,overall_order_sensitive,AN19_120_available_exposure,tr_20,AN19,tr_20::overall_order_sensitive,M_null,1.0000442193145616,0.9974076033917777,1.0031714668334002,3,3,0,ok,
HVE-global-AN19-ft-120,HVE,ft,overall_order_sensitive,AN19_120_available_exposure,tr_20,AN19,tr_20::overall_order_sensitive,M_predictor,1.0004099848702515,0.9963667747043441,1.0040911397927514,3,3,0,ok,
HVE-global-AN19-ft-120,HVE,ft,overall_order_sensitive,AN19_120_available_exposure,tr_22,AN19,tr_22::overall_order_sensitive,M_condition,1.0047004893842315,1.003885189648443,1.005435132688433,3,3,0,ok,
HVE-global-AN19-ft-120,HVE,ft,overall_order_sensitive,AN19_120_available_exposure,tr_22,AN19,tr_22::overall_order_sensitive,M_joint,1.0045930610030867,1.0043241054500442,1.0049164293585775,3,3,0,ok,
HVE-global-AN19-ft-120,HVE,ft,overall_order_sensitive,AN19_120_available_exposure,tr_22,AN19,tr_22::overall_order_sensitive,M_null,1.0000442193145616,0.9974076033917777,1.0031714668334002,3,3,0,ok,
HVE-global-AN19-ft-120,HVE,ft,overall_order_sensitive,AN19_120_available_exposure,tr_22,AN19,tr_22::overall_order_sensitive,M_predictor,1.000019297220833,0.9972387499001918,1.0032292224001482,3,3,0,ok,
HVE-global-AN19-ft-120,HVE,ft,overall_order_sensitive,AN19_120_available_exposure,tr_4,AN19,tr_4::overall_order_sensitive,M_condition,1.0047004893842315,1.003885189648443,1.005435132688433,3,3,0,ok,
HVE-global-AN19-ft-120,HVE,ft,overall_order_sensitive,AN19_120_available_exposure,tr_4,AN19,tr_4::overall_order_sensitive,M_joint,1.0043680170693952,1.003945144603467,1.0046931088314497,3,3,0,ok,
HVE-global-AN19-ft-120,HVE,ft,overall_order_sensitive,AN19_120_available_exposure,tr_4,AN19,tr_4::overall_order_sensitive,M_null,1.0000442193145616,0.9974076033917777,1.0031714668334002,3,3,0,ok,
HVE-global-AN19-ft-120,HVE,ft,overall_order_sensitive,AN19_120_available_exposure,tr_4,AN19,tr_4::overall_order_sensitive,M_predictor,1.000117718767954,0.9961859574878937,1.0039583077762595,3,3,0,ok,
HVE-global-AN19-ft-120,HVE,ft,overall_order_sensitive,AN19_120_available_exposure,tr_6,AN19,tr_6::overall_order_sensitive,M_condition,1.0047004893842315,1.003885189648443,1.005435132688433,3,3,0,ok,
HVE-global-AN19-ft-120,HVE,ft,overall_order_sensitive,AN19_120_available_exposure,tr_6,AN19,tr_6::overall_order_sensitive,M_joint,1.0043908702748103,1.004021688571913,1.0046980981484475,3,3,0,ok,
HVE-global-AN19-ft-120,HVE,ft,overall_order_sensitive,AN19_120_available_exposure,tr_6,AN19,tr_6::overall_order_sensitive,M_null,1.0000442193145616,0.9974076033917777,1.0031714668334002,3,3,0,ok,
HVE-global-AN19-ft-120,HVE,ft,overall_order_sensitive,AN19_120_available_exposure,tr_6,AN19,tr_6::overall_order_sensitive,M_predictor,1.0005051773100015,0.996618047644731,1.0036639824536981,3,3,0,ok,
HVE-global-AN19-ft-120,HVE,ft,overall_order_sensitive,AN19_120_available_exposure,tr_8,AN19,tr_8::overall_order_sensitive,M_condition,1.0047004893842315,1.003885189648443,1.005435132688433,3,3,0,ok,
HVE-global-AN19-ft-120,HVE,ft,overall_order_sensitive,AN19_120_available_exposure,tr_8,AN19,tr_8::overall_order_sensitive,M_joint,1.0043371009267688,1.0037978625861033,1.0049112129289628,3,3,0,ok,
HVE-global-AN19-ft-120,HVE,ft,overall_order_sensitive,AN19_120_available_exposure,tr_8,AN19,tr_8::overall_order_sensitive,M_null,1.0000442193145616,0.9974076033917777,1.0031714668334002,3,3,0,ok,
HVE-global-AN19-ft-120,HVE,ft,overall_order_sensitive,AN19_120_available_exposure,tr_8,AN19,tr_8::overall_order_sensitive,M_predictor,1.0006135845948763,0.9965783351750888,1.0040244963205074,3,3,0,ok,
HVE-global-B23-base-168,HVE,base,overall,B23_168_available_exposure,cnn_2,B23,cnn_2::overall,M_condition,1.0066864319071471,0.9926833266334868,1.0254219579287032,3,3,0,ok,
HVE-global-B23-base-168,HVE,base,overall,B23_168_available_exposure,cnn_2,B23,cnn_2::overall,M_joint,1.0095575831933608,0.9966164098320013,1.0264979458761485,3,3,0,ok,
HVE-global-B23-base-168,HVE,base,overall,B23_168_available_exposure,cnn_2,B23,cnn_2::overall,M_null,1.0004767730913031,0.9884297829202519,1.015239052436395,3,3,0,ok,
HVE-global-B23-base-168,HVE,base,overall,B23_168_available_exposure,cnn_2,B23,cnn_2::overall,M_predictor,1.0008798320732848,0.9897211270668477,1.0142496160941241,3,3,0,ok,
HVE-global-B23-base-168,HVE,base,overall,B23_168_available_exposure,cnn_3,B23,cnn_3::overall,M_condition,1.0066864319071471,0.9926833266334868,1.0254219579287032,3,3,0,ok,
HVE-global-B23-base-168,HVE,base,overall,B23_168_available_exposure,cnn_3,B23,cnn_3::overall,M_joint,1.0095576306686829,0.9966164690345056,1.0264979658978701,3,3,0,ok,
HVE-global-B23-base-168,HVE,base,overall,B23_168_available_exposure,cnn_3,B23,cnn_3::overall,M_null,1.0004767730913031,0.9884297829202519,1.015239052436395,3,3,0,ok,
HVE-global-B23-base-168,HVE,base,overall,B23_168_available_exposure,cnn_3,B23,cnn_3::overall,M_predictor,1.0029884153161024,0.9911587598289063,1.0180184685834763,3,3,0,ok,
HVE-global-B23-base-168,HVE,base,overall,B23_168_available_exposure,cnn_4,B23,cnn_4::overall,M_condition,1.0066864319071471,0.9926833266334868,1.0254219579287032,3,3,0,ok,
HVE-global-B23-base-168,HVE,base,overall,B23_168_available_exposure,cnn_4,B23,cnn_4::overall,M_joint,1.0095577131133384,0.9966167081685796,1.0264979485432013,3,3,0,ok,
HVE-global-B23-base-168,HVE,base,overall,B23_168_available_exposure,cnn_4,B23,cnn_4::overall,M_null,1.0004767730913031,0.9884297829202519,1.015239052436395,3,3,0,ok,
HVE-global-B23-base-168,HVE,base,overall,B23_168_available_exposure,cnn_4,B23,cnn_4::overall,M_predictor,1.0009695929366373,0.9906481291636446,1.0138901722952551,3,3,0,ok,
HVE-global-B23-base-168,HVE,base,overall,B23_168_available_exposure,cnn_5,B23,cnn_5::overall,M_condition,1.0066864319071471,0.9926833266334868,1.0254219579287032,3,3,0,ok,
HVE-global-B23-base-168,HVE,base,overall,B23_168_available_exposure,cnn_5,B23,cnn_5::overall,M_joint,1.0095576031994746,0.9966164326759762,1.0264979551177693,3,3,0,ok,
HVE-global-B23-base-168,HVE,base,overall,B23_168_available_exposure,cnn_5,B23,cnn_5::overall,M_null,1.0004767730913031,0.9884297829202519,1.015239052436395,3,3,0,ok,
HVE-global-B23-base-168,HVE,base,overall,B23_168_available_exposure,cnn_5,B23,cnn_5::overall,M_predictor,1.0009275619362281,0.9904789316027756,1.0140083730610108,3,3,0,ok,
HVE-global-B23-base-168,HVE,base,overall,B23_168_available_exposure,cnn_6,B23,cnn_6::overall,M_condition,1.0066864319071471,0.9926833266334868,1.0254219579287032,3,3,0,ok,
HVE-global-B23-base-168,HVE,base,overall,B23_168_available_exposure,cnn_6,B23,cnn_6::overall,M_joint,1.0095576060644564,0.9966164283461905,1.026497959347546,3,3,0,ok,
HVE-global-B23-base-168,HVE,base,overall,B23_168_available_exposure,cnn_6,B23,cnn_6::overall,M_null,1.0004767730913031,0.9884297829202519,1.015239052436395,3,3,0,ok,
HVE-global-B23-base-168,HVE,base,overall,B23_168_available_exposure,cnn_6,B23,cnn_6::overall,M_predictor,1.0012786613374196,0.990449638254722,1.0147951492289007,3,3,0,ok,
HVE-global-B23-base-168,HVE,base,overall,B23_168_available_exposure,tr_0,B23,tr_0::overall,M_condition,1.0066864319071471,0.9926833266334868,1.0254219579287032,3,3,0,ok,
HVE-global-B23-base-168,HVE,base,overall,B23_168_available_exposure,tr_0,B23,tr_0::overall,M_joint,1.009557605965577,0.9966164238476438,1.0264979609787326,3,3,0,ok,
HVE-global-B23-base-168,HVE,base,overall,B23_168_available_exposure,tr_0,B23,tr_0::overall,M_null,1.0004767730913031,0.9884297829202519,1.015239052436395,3,3,0,ok,
HVE-global-B23-base-168,HVE,base,overall,B23_168_available_exposure,tr_0,B23,tr_0::overall,M_predictor,1.001096989446632,0.9899786790872281,1.0145845435724745,3,3,0,ok,
HVE-global-B23-base-168,HVE,base,overall,B23_168_available_exposure,tr_10,B23,tr_10::overall,M_condition,1.0066864319071471,0.9926833266334868,1.0254219579287032,3,3,0,ok,
HVE-global-B23-base-168,HVE,base,overall,B23_168_available_exposure,tr_10,B23,tr_10::overall,M_joint,1.0095568727643751,0.9966159123362365,1.0264974977537789,3,3,0,ok,
HVE-global-B23-base-168,HVE,base,overall,B23_168_available_exposure,tr_10,B23,tr_10::overall,M_null,1.0004767730913031,0.9884297829202519,1.015239052436395,3,3,0,ok,
HVE-global-B23-base-168,HVE,base,overall,B23_168_available_exposure,tr_10,B23,tr_10::overall,M_predictor,1.0017734133895344,0.9869092851897786,1.0199855525485806,3,3,0,ok,
HVE-global-B23-base-168,HVE,base,overall,B23_168_available_exposure,tr_12,B23,tr_12::overall,M_condition,1.0066864319071471,0.9926833266334868,1.0254219579287032,3,3,0,ok,
HVE-global-B23-base-168,HVE,base,overall,B23_168_available_exposure,tr_12,B23,tr_12::overall,M_joint,1.0095519012082665,0.9966061589762927,1.026496759890254,3,3,0,ok,
HVE-global-B23-base-168,HVE,base,overall,B23_168_available_exposure,tr_12,B23,tr_12::overall,M_null,1.0004767730913031,0.9884297829202519,1.015239052436395,3,3,0,ok,
HVE-global-B23-base-168,HVE,base,overall,B23_168_available_exposure,tr_12,B23,tr_12::overall,M_predictor,1.0020549769300955,0.9868128047642675,1.0208487087695457,3,3,0,ok,
HVE-global-B23-base-168,HVE,base,overall,B23_168_available_exposure,tr_14,B23,tr_14::overall,M_condition,1.0066864319071471,0.9926833266334868,1.0254219579287032,3,3,0,ok,
HVE-global-B23-base-168,HVE,base,overall,B23_168_available_exposure,tr_14,B23,tr_14::overall,M_joint,1.0095575536084256,0.9966163620175036,1.026497937575228,3,3,0,ok,
HVE-global-B23-base-168,HVE,base,overall,B23_168_available_exposure,tr_14,B23,tr_14::overall,M_null,1.0004767730913031,0.9884297829202519,1.015239052436395,3,3,0,ok,
HVE-global-B23-base-168,HVE,base,overall,B23_168_available_exposure,tr_14,B23,tr_14::overall,M_predictor,1.0014103324370491,0.986948030074564,1.0189452047486978,3,3,0,ok,
HVE-global-B23-base-168,HVE,base,overall,B23_168_available_exposure,tr_16,B23,tr_16::overall,M_condition,1.0066864319071471,0.9926833266334868,1.0254219579287032,3,3,0,ok,
HVE-global-B23-base-168,HVE,base,overall,B23_168_available_exposure,tr_16,B23,tr_16::overall,M_joint,1.0095576040732224,0.9966164715847181,1.0264979410259853,3,3,0,ok,
HVE-global-B23-base-168,HVE,base,overall,B23_168_available_exposure,tr_16,B23,tr_16::overall,M_null,1.0004767730913031,0.9884297829202519,1.015239052436395,3,3,0,ok,
HVE-global-B23-base-168,HVE,base,overall,B23_168_available_exposure,tr_16,B23,tr_16::overall,M_predictor,1.000997038040185,0.9873899064746264,1.0172885387330919,3,3,0,ok,
HVE-global-B23-base-168,HVE,base,overall,B23_168_available_exposure,tr_18,B23,tr_18::overall,M_condition,1.0066864319071471,0.9926833266334868,1.0254219579287032,3,3,0,ok,
HVE-global-B23-base-168,HVE,base,overall,B23_168_available_exposure,tr_18,B23,tr_18::overall,M_joint,1.0095555454917424,0.9966148686542717,1.0264967042151498,3,3,0,ok,
HVE-global-B23-base-168,HVE,base,overall,B23_168_available_exposure,tr_18,B23,tr_18::overall,M_null,1.0004767730913031,0.9884297829202519,1.015239052436395,3,3,0,ok,
HVE-global-B23-base-168,HVE,base,overall,B23_168_available_exposure,tr_18,B23,tr_18::overall,M_predictor,1.001196462891438,0.9870987460544197,1.018253029566849,3,3,0,ok,
HVE-global-B23-base-168,HVE,base,overall,B23_168_available_exposure,tr_2,B23,tr_2::overall,M_condition,1.0066864319071471,0.9926833266334868,1.0254219579287032,3,3,0,ok,
HVE-global-B23-base-168,HVE,base,overall,B23_168_available_exposure,tr_2,B23,tr_2::overall,M_joint,1.0095576101717298,0.9966165158315121,1.0264979295877819,3,3,0,ok,
HVE-global-B23-base-168,HVE,base,overall,B23_168_available_exposure,tr_2,B23,tr_2::overall,M_null,1.0004767730913031,0.9884297829202519,1.015239052436395,3,3,0,ok,
HVE-global-B23-base-168,HVE,base,overall,B23_168_available_exposure,tr_2,B23,tr_2::overall,M_predictor,1.0006523018227815,0.988577839956927,1.0148241539297895,3,3,0,ok,
HVE-global-B23-base-168,HVE,base,overall,B23_168_available_exposure,tr_20,B23,tr_20::overall,M_condition,1.0066864319071471,0.9926833266334868,1.0254219579287032,3,3,0,ok,
HVE-global-B23-base-168,HVE,base,overall,B23_168_available_exposure,tr_20,B23,tr_20::overall,M_joint,1.009557536871256,0.9966163034650444,1.0264979449240936,3,3,0,ok,
HVE-global-B23-base-168,HVE,base,overall,B23_168_available_exposure,tr_20,B23,tr_20::overall,M_null,1.0004767730913031,0.9884297829202519,1.015239052436395,3,3,0,ok,
HVE-global-B23-base-168,HVE,base,overall,B23_168_available_exposure,tr_20,B23,tr_20::overall,M_predictor,1.001219288364479,0.9870569227720762,1.0182248591201166,3,3,0,ok,
HVE-global-B23-base-168,HVE,base,overall,B23_168_available_exposure,tr_22,B23,tr_22::overall,M_condition,1.0066864319071471,0.9926833266334868,1.0254219579287032,3,3,0,ok,
HVE-global-B23-base-168,HVE,base,overall,B23_168_available_exposure,tr_22,B23,tr_22::overall,M_joint,1.0095575909328731,0.9966164462805638,1.026497938894113,3,3,0,ok,
HVE-global-B23-base-168,HVE,base,overall,B23_168_available_exposure,tr_22,B23,tr_22::overall,M_null,1.0004767730913031,0.9884297829202519,1.015239052436395,3,3,0,ok,
HVE-global-B23-base-168,HVE,base,overall,B23_168_available_exposure,tr_22,B23,tr_22::overall,M_predictor,1.0015156056792192,0.9868008288564947,1.0192737882033618,3,3,0,ok,
HVE-global-B23-base-168,HVE,base,overall,B23_168_available_exposure,tr_4,B23,tr_4::overall,M_condition,1.0066864319071471,0.9926833266334868,1.0254219579287032,3,3,0,ok,
HVE-global-B23-base-168,HVE,base,overall,B23_168_available_exposure,tr_4,B23,tr_4::overall,M_joint,1.009557599684639,0.9966164724617254,1.0264979367473879,3,3,0,ok,
HVE-global-B23-base-168,HVE,base,overall,B23_168_available_exposure,tr_4,B23,tr_4::overall,M_null,1.0004767730913031,0.9884297829202519,1.015239052436395,3,3,0,ok,
HVE-global-B23-base-168,HVE,base,overall,B23_168_available_exposure,tr_4,B23,tr_4::overall,M_predictor,1.0018473784888609,0.986904073946861,1.02020614707919,3,3,0,ok,
HVE-global-B23-base-168,HVE,base,overall,B23_168_available_exposure,tr_6,B23,tr_6::overall,M_condition,1.0066864319071471,0.9926833266334868,1.0254219579287032,3,3,0,ok,
HVE-global-B23-base-168,HVE,base,overall,B23_168_available_exposure,tr_6,B23,tr_6::overall,M_joint,1.009557624922061,0.9966164920791418,1.026497951923177,3,3,0,ok,
HVE-global-B23-base-168,HVE,base,overall,B23_168_available_exposure,tr_6,B23,tr_6::overall,M_null,1.0004767730913031,0.9884297829202519,1.015239052436395,3,3,0,ok,
HVE-global-B23-base-168,HVE,base,overall,B23_168_available_exposure,tr_6,B23,tr_6::overall,M_predictor,1.0019389067793492,0.9868691697486925,1.0204592614596464,3,3,0,ok,
HVE-global-B23-base-168,HVE,base,overall,B23_168_available_exposure,tr_8,B23,tr_8::overall,M_condition,1.0066864319071471,0.9926833266334868,1.0254219579287032,3,3,0,ok,
HVE-global-B23-base-168,HVE,base,overall,B23_168_available_exposure,tr_8,B23,tr_8::overall,M_joint,1.009557568357608,0.9966163926981702,1.026497939096959,3,3,0,ok,
HVE-global-B23-base-168,HVE,base,overall,B23_168_available_exposure,tr_8,B23,tr_8::overall,M_null,1.0004767730913031,0.9884297829202519,1.015239052436395,3,3,0,ok,
HVE-global-B23-base-168,HVE,base,overall,B23_168_available_exposure,tr_8,B23,tr_8::overall,M_predictor,1.0023270511790423,0.9868261475775548,1.0215065238028547,3,3,0,ok,
HVE-global-B23-base-97,HVE,base,overall_order_sensitive,B23_97_complete_order,cnn_2,B23,cnn_2::overall_order_sensitive,M_condition,1.0137401608518468,0.9861660833267059,1.0372967688222974,3,3,0,ok,
HVE-global-B23-base-97,HVE,base,overall_order_sensitive,B23_97_complete_order,cnn_2,B23,cnn_2::overall_order_sensitive,M_joint,1.0169429867945938,0.9894647822591767,1.0398583686811131,3,3,0,ok,
HVE-global-B23-base-97,HVE,base,overall_order_sensitive,B23_97_complete_order,cnn_2,B23,cnn_2::overall_order_sensitive,M_null,1.001891977918418,0.982276154480447,1.0217851189720297,3,3,0,ok,
HVE-global-B23-base-97,HVE,base,overall_order_sensitive,B23_97_complete_order,cnn_2,B23,cnn_2::overall_order_sensitive,M_predictor,1.0026453326560318,0.9827106232931397,1.022528501394916,3,3,0,ok,
HVE-global-B23-base-97,HVE,base,overall_order_sensitive,B23_97_complete_order,cnn_3,B23,cnn_3::overall_order_sensitive,M_condition,1.0137401608518468,0.9861660833267059,1.0372967688222974,3,3,0,ok,
HVE-global-B23-base-97,HVE,base,overall_order_sensitive,B23_97_complete_order,cnn_3,B23,cnn_3::overall_order_sensitive,M_joint,1.0169850360624766,0.9934403775597271,1.0373993723829351,3,3,0,ok,
HVE-global-B23-base-97,HVE,base,overall_order_sensitive,B23_97_complete_order,cnn_3,B23,cnn_3::overall_order_sensitive,M_null,1.001891977918418,0.982276154480447,1.0217851189720297,3,3,0,ok,
HVE-global-B23-base-97,HVE,base,overall_order_sensitive,B23_97_complete_order,cnn_3,B23,cnn_3::overall_order_sensitive,M_predictor,1.0048453238195985,0.9839084895565228,1.0233516258113913,3,3,0,ok,
HVE-global-B23-base-97,HVE,base,overall_order_sensitive,B23_97_complete_order,cnn_4,B23,cnn_4::overall_order_sensitive,M_condition,1.0137401608518468,0.9861660833267059,1.0372967688222974,3,3,0,ok,
HVE-global-B23-base-97,HVE,base,overall_order_sensitive,B23_97_complete_order,cnn_4,B23,cnn_4::overall_order_sensitive,M_joint,1.0154669272137333,0.9908638180631557,1.0372071109970682,3,3,0,ok,
HVE-global-B23-base-97,HVE,base,overall_order_sensitive,B23_97_complete_order,cnn_4,B23,cnn_4::overall_order_sensitive,M_null,1.001891977918418,0.982276154480447,1.0217851189720297,3,3,0,ok,
HVE-global-B23-base-97,HVE,base,overall_order_sensitive,B23_97_complete_order,cnn_4,B23,cnn_4::overall_order_sensitive,M_predictor,1.0035466074127468,0.9830614261349181,1.022895949232543,3,3,0,ok,
HVE-global-B23-base-97,HVE,base,overall_order_sensitive,B23_97_complete_order,cnn_5,B23,cnn_5::overall_order_sensitive,M_condition,1.0137401608518468,0.9861660833267059,1.0372967688222974,3,3,0,ok,
HVE-global-B23-base-97,HVE,base,overall_order_sensitive,B23_97_complete_order,cnn_5,B23,cnn_5::overall_order_sensitive,M_joint,1.0265365949463012,1.0117097196351437,1.041906111662126,3,3,0,ok,
HVE-global-B23-base-97,HVE,base,overall_order_sensitive,B23_97_complete_order,cnn_5,B23,cnn_5::overall_order_sensitive,M_null,1.001891977918418,0.982276154480447,1.0217851189720297,3,3,0,ok,
HVE-global-B23-base-97,HVE,base,overall_order_sensitive,B23_97_complete_order,cnn_5,B23,cnn_5::overall_order_sensitive,M_predictor,1.003160696895934,0.9828646319553612,1.0225592818075422,3,3,0,ok,
HVE-global-B23-base-97,HVE,base,overall_order_sensitive,B23_97_complete_order,cnn_6,B23,cnn_6::overall_order_sensitive,M_condition,1.0137401608518468,0.9861660833267059,1.0372967688222974,3,3,0,ok,
HVE-global-B23-base-97,HVE,base,overall_order_sensitive,B23_97_complete_order,cnn_6,B23,cnn_6::overall_order_sensitive,M_joint,1.018707587814843,0.9982943828563559,1.037102440726021,3,3,0,ok,
HVE-global-B23-base-97,HVE,base,overall_order_sensitive,B23_97_complete_order,cnn_6,B23,cnn_6::overall_order_sensitive,M_null,1.001891977918418,0.982276154480447,1.0217851189720297,3,3,0,ok,
HVE-global-B23-base-97,HVE,base,overall_order_sensitive,B23_97_complete_order,cnn_6,B23,cnn_6::overall_order_sensitive,M_predictor,1.0029398975890367,0.9827012341786022,1.0223616822178687,3,3,0,ok,
HVE-global-B23-base-97,HVE,base,overall_order_sensitive,B23_97_complete_order,tr_0,B23,tr_0::overall_order_sensitive,M_condition,1.0137401608518468,0.9861660833267059,1.0372967688222974,3,3,0,ok,
HVE-global-B23-base-97,HVE,base,overall_order_sensitive,B23_97_complete_order,tr_0,B23,tr_0::overall_order_sensitive,M_joint,1.0204337868192814,0.9990470866792087,1.041500915833493,3,3,0,ok,
HVE-global-B23-base-97,HVE,base,overall_order_sensitive,B23_97_complete_order,tr_0,B23,tr_0::overall_order_sensitive,M_null,1.001891977918418,0.982276154480447,1.0217851189720297,3,3,0,ok,
HVE-global-B23-base-97,HVE,base,overall_order_sensitive,B23_97_complete_order,tr_0,B23,tr_0::overall_order_sensitive,M_predictor,1.0018590073116116,0.9824497005477495,1.0215480136349815,3,3,0,ok,
HVE-global-B23-base-97,HVE,base,overall_order_sensitive,B23_97_complete_order,tr_10,B23,tr_10::overall_order_sensitive,M_condition,1.0137401608518468,0.9861660833267059,1.0372967688222974,3,3,0,ok,
HVE-global-B23-base-97,HVE,base,overall_order_sensitive,B23_97_complete_order,tr_10,B23,tr_10::overall_order_sensitive,M_joint,1.0172713721941882,0.9889999558556066,1.0383785362056401,3,3,0,ok,
HVE-global-B23-base-97,HVE,base,overall_order_sensitive,B23_97_complete_order,tr_10,B23,tr_10::overall_order_sensitive,M_null,1.001891977918418,0.982276154480447,1.0217851189720297,3,3,0,ok,
HVE-global-B23-base-97,HVE,base,overall_order_sensitive,B23_97_complete_order,tr_10,B23,tr_10::overall_order_sensitive,M_predictor,1.0062981089423693,0.9854796528112487,1.0230313361461787,3,3,0,ok,
HVE-global-B23-base-97,HVE,base,overall_order_sensitive,B23_97_complete_order,tr_12,B23,tr_12::overall_order_sensitive,M_condition,1.0137401608518468,0.9861660833267059,1.0372967688222974,3,3,0,ok,
HVE-global-B23-base-97,HVE,base,overall_order_sensitive,B23_97_complete_order,tr_12,B23,tr_12::overall_order_sensitive,M_joint,1.0155542638565296,0.9911373462308778,1.0369705843961259,3,3,0,ok,
HVE-global-B23-base-97,HVE,base,overall_order_sensitive,B23_97_complete_order,tr_12,B23,tr_12::overall_order_sensitive,M_null,1.001891977918418,0.982276154480447,1.0217851189720297,3,3,0,ok,
HVE-global-B23-base-97,HVE,base,overall_order_sensitive,B23_97_complete_order,tr_12,B23,tr_12::overall_order_sensitive,M_predictor,1.0055283011285245,0.9849994642972099,1.0223215947124766,3,3,0,ok,
HVE-global-B23-base-97,HVE,base,overall_order_sensitive,B23_97_complete_order,tr_14,B23,tr_14::overall_order_sensitive,M_condition,1.0137401608518468,0.9861660833267059,1.0372967688222974,3,3,0,ok,
HVE-global-B23-base-97,HVE,base,overall_order_sensitive,B23_97_complete_order,tr_14,B23,tr_14::overall_order_sensitive,M_joint,1.0155271707438127,0.9889475806931204,1.0354492705663387,3,3,0,ok,
HVE-global-B23-base-97,HVE,base,overall_order_sensitive,B23_97_complete_order,tr_14,B23,tr_14::overall_order_sensitive,M_null,1.001891977918418,0.982276154480447,1.0217851189720297,3,3,0,ok,
HVE-global-B23-base-97,HVE,base,overall_order_sensitive,B23_97_complete_order,tr_14,B23,tr_14::overall_order_sensitive,M_predictor,1.0042325741222662,0.9836724734255613,1.0227189740511318,3,3,0,ok,
HVE-global-B23-base-97,HVE,base,overall_order_sensitive,B23_97_complete_order,tr_16,B23,tr_16::overall_order_sensitive,M_condition,1.0137401608518468,0.9861660833267059,1.0372967688222974,3,3,0,ok,
HVE-global-B23-base-97,HVE,base,overall_order_sensitive,B23_97_complete_order,tr_16,B23,tr_16::overall_order_sensitive,M_joint,1.0172764826649947,0.9946466957817003,1.0375906473124028,3,3,0,ok,
HVE-global-B23-base-97,HVE,base,overall_order_sensitive,B23_97_complete_order,tr_16,B23,tr_16::overall_order_sensitive,M_null,1.001891977918418,0.982276154480447,1.0217851189720297,3,3,0,ok,
HVE-global-B23-base-97,HVE,base,overall_order_sensitive,B23_97_complete_order,tr_16,B23,tr_16::overall_order_sensitive,M_predictor,1.0050572824014135,0.9846126168411756,1.0221501610415347,3,3,0,ok,
HVE-global-B23-base-97,HVE,base,overall_order_sensitive,B23_97_complete_order,tr_18,B23,tr_18::overall_order_sensitive,M_condition,1.0137401608518468,0.9861660833267059,1.0372967688222974,3,3,0,ok,
HVE-global-B23-base-97,HVE,base,overall_order_sensitive,B23_97_complete_order,tr_18,B23,tr_18::overall_order_sensitive,M_joint,1.0166708804922033,0.9879591859818202,1.0426371024817156,3,3,0,ok,
HVE-global-B23-base-97,HVE,base,overall_order_sensitive,B23_97_complete_order,tr_18,B23,tr_18::overall_order_sensitive,M_null,1.001891977918418,0.982276154480447,1.0217851189720297,3,3,0,ok,
HVE-global-B23-base-97,HVE,base,overall_order_sensitive,B23_97_complete_order,tr_18,B23,tr_18::overall_order_sensitive,M_predictor,1.0055775703046725,0.9848657561729489,1.0224001771756324,3,3,0,ok,
HVE-global-B23-base-97,HVE,base,overall_order_sensitive,B23_97_complete_order,tr_2,B23,tr_2::overall_order_sensitive,M_condition,1.0137401608518468,0.9861660833267059,1.0372967688222974,3,3,0,ok,
HVE-global-B23-base-97,HVE,base,overall_order_sensitive,B23_97_complete_order,tr_2,B23,tr_2::overall_order_sensitive,M_joint,1.0173783758203025,0.9904995210551497,1.038164648605121,3,3,0,ok,
HVE-global-B23-base-97,HVE,base,overall_order_sensitive,B23_97_complete_order,tr_2,B23,tr_2::overall_order_sensitive,M_null,1.001891977918418,0.982276154480447,1.0217851189720297,3,3,0,ok,
HVE-global-B23-base-97,HVE,base,overall_order_sensitive,B23_97_complete_order,tr_2,B23,tr_2::overall_order_sensitive,M_predictor,1.004168875770204,0.9835784584886081,1.0231308098816958,3,3,0,ok,
HVE-global-B23-base-97,HVE,base,overall_order_sensitive,B23_97_complete_order,tr_20,B23,tr_20::overall_order_sensitive,M_condition,1.0137401608518468,0.9861660833267059,1.0372967688222974,3,3,0,ok,
HVE-global-B23-base-97,HVE,base,overall_order_sensitive,B23_97_complete_order,tr_20,B23,tr_20::overall_order_sensitive,M_joint,1.0197608196787444,0.9953545451603806,1.0389807140269884,3,3,0,ok,
HVE-global-B23-base-97,HVE,base,overall_order_sensitive,B23_97_complete_order,tr_20,B23,tr_20::overall_order_sensitive,M_null,1.001891977918418,0.982276154480447,1.0217851189720297,3,3,0,ok,
HVE-global-B23-base-97,HVE,base,overall_order_sensitive,B23_97_complete_order,tr_20,B23,tr_20::overall_order_sensitive,M_predictor,1.004879067644277,0.9846934350086777,1.0215881943225988,3,3,0,ok,
HVE-global-B23-base-97,HVE,base,overall_order_sensitive,B23_97_complete_order,tr_22,B23,tr_22::overall_order_sensitive,M_condition,1.0137401608518468,0.9861660833267059,1.0372967688222974,3,3,0,ok,
HVE-global-B23-base-97,HVE,base,overall_order_sensitive,B23_97_complete_order,tr_22,B23,tr_22::overall_order_sensitive,M_joint,1.0147496107161196,0.996470331327577,1.029166782361513,3,3,0,ok,
HVE-global-B23-base-97,HVE,base,overall_order_sensitive,B23_97_complete_order,tr_22,B23,tr_22::overall_order_sensitive,M_null,1.001891977918418,0.982276154480447,1.0217851189720297,3,3,0,ok,
HVE-global-B23-base-97,HVE,base,overall_order_sensitive,B23_97_complete_order,tr_22,B23,tr_22::overall_order_sensitive,M_predictor,1.0034359062677363,0.9830405262447608,1.0225566672766704,3,3,0,ok,
HVE-global-B23-base-97,HVE,base,overall_order_sensitive,B23_97_complete_order,tr_4,B23,tr_4::overall_order_sensitive,M_condition,1.0137401608518468,0.9861660833267059,1.0372967688222974,3,3,0,ok,
HVE-global-B23-base-97,HVE,base,overall_order_sensitive,B23_97_complete_order,tr_4,B23,tr_4::overall_order_sensitive,M_joint,1.0160742925315862,0.9896573443563306,1.0359292219427756,3,3,0,ok,
HVE-global-B23-base-97,HVE,base,overall_order_sensitive,B23_97_complete_order,tr_4,B23,tr_4::overall_order_sensitive,M_null,1.001891977918418,0.982276154480447,1.0217851189720297,3,3,0,ok,
HVE-global-B23-base-97,HVE,base,overall_order_sensitive,B23_97_complete_order,tr_4,B23,tr_4::overall_order_sensitive,M_predictor,1.0039052316148622,0.9842675673975388,1.0210334509911714,3,3,0,ok,
HVE-global-B23-base-97,HVE,base,overall_order_sensitive,B23_97_complete_order,tr_6,B23,tr_6::overall_order_sensitive,M_condition,1.0137401608518468,0.9861660833267059,1.0372967688222974,3,3,0,ok,
HVE-global-B23-base-97,HVE,base,overall_order_sensitive,B23_97_complete_order,tr_6,B23,tr_6::overall_order_sensitive,M_joint,1.0228114013585363,0.9953236476939297,1.046612243684124,3,3,0,ok,
HVE-global-B23-base-97,HVE,base,overall_order_sensitive,B23_97_complete_order,tr_6,B23,tr_6::overall_order_sensitive,M_null,1.001891977918418,0.982276154480447,1.0217851189720297,3,3,0,ok,
HVE-global-B23-base-97,HVE,base,overall_order_sensitive,B23_97_complete_order,tr_6,B23,tr_6::overall_order_sensitive,M_predictor,1.004327697698976,0.985030569691618,1.0199466881350348,3,3,0,ok,
HVE-global-B23-base-97,HVE,base,overall_order_sensitive,B23_97_complete_order,tr_8,B23,tr_8::overall_order_sensitive,M_condition,1.0137401608518468,0.9861660833267059,1.0372967688222974,3,3,0,ok,
HVE-global-B23-base-97,HVE,base,overall_order_sensitive,B23_97_complete_order,tr_8,B23,tr_8::overall_order_sensitive,M_joint,1.0160442785637236,0.9870135355660304,1.0375977924066049,3,3,0,ok,
HVE-global-B23-base-97,HVE,base,overall_order_sensitive,B23_97_complete_order,tr_8,B23,tr_8::overall_order_sensitive,M_null,1.001891977918418,0.982276154480447,1.0217851189720297,3,3,0,ok,
HVE-global-B23-base-97,HVE,base,overall_order_sensitive,B23_97_complete_order,tr_8,B23,tr_8::overall_order_sensitive,M_predictor,1.004398544965998,0.9845622336260506,1.021187333586994,3,3,0,ok,
HVE-global-B23-ft-168,HVE,ft,overall,B23_168_available_exposure,cnn_2,B23,cnn_2::overall,M_condition,1.0066864319071471,0.9926833266334868,1.0254219579287032,3,3,0,ok,
HVE-global-B23-ft-168,HVE,ft,overall,B23_168_available_exposure,cnn_2,B23,cnn_2::overall,M_joint,1.0095575831933608,0.9966164098320013,1.0264979458761485,3,3,0,ok,
HVE-global-B23-ft-168,HVE,ft,overall,B23_168_available_exposure,cnn_2,B23,cnn_2::overall,M_null,1.0004767730913031,0.9884297829202519,1.015239052436395,3,3,0,ok,
HVE-global-B23-ft-168,HVE,ft,overall,B23_168_available_exposure,cnn_2,B23,cnn_2::overall,M_predictor,1.0008798320732848,0.9897211270668477,1.0142496160941241,3,3,0,ok,
HVE-global-B23-ft-168,HVE,ft,overall,B23_168_available_exposure,cnn_3,B23,cnn_3::overall,M_condition,1.0066864319071471,0.9926833266334868,1.0254219579287032,3,3,0,ok,
HVE-global-B23-ft-168,HVE,ft,overall,B23_168_available_exposure,cnn_3,B23,cnn_3::overall,M_joint,1.0095576306686829,0.9966164690345056,1.0264979658978701,3,3,0,ok,
HVE-global-B23-ft-168,HVE,ft,overall,B23_168_available_exposure,cnn_3,B23,cnn_3::overall,M_null,1.0004767730913031,0.9884297829202519,1.015239052436395,3,3,0,ok,
HVE-global-B23-ft-168,HVE,ft,overall,B23_168_available_exposure,cnn_3,B23,cnn_3::overall,M_predictor,1.0029884153161024,0.9911587598289063,1.0180184685834763,3,3,0,ok,
HVE-global-B23-ft-168,HVE,ft,overall,B23_168_available_exposure,cnn_4,B23,cnn_4::overall,M_condition,1.0066864319071471,0.9926833266334868,1.0254219579287032,3,3,0,ok,
HVE-global-B23-ft-168,HVE,ft,overall,B23_168_available_exposure,cnn_4,B23,cnn_4::overall,M_joint,1.0095577131133384,0.9966167081685796,1.0264979485432013,3,3,0,ok,
HVE-global-B23-ft-168,HVE,ft,overall,B23_168_available_exposure,cnn_4,B23,cnn_4::overall,M_null,1.0004767730913031,0.9884297829202519,1.015239052436395,3,3,0,ok,
HVE-global-B23-ft-168,HVE,ft,overall,B23_168_available_exposure,cnn_4,B23,cnn_4::overall,M_predictor,1.0009695929366373,0.9906481291636446,1.0138901722952551,3,3,0,ok,
HVE-global-B23-ft-168,HVE,ft,overall,B23_168_available_exposure,cnn_5,B23,cnn_5::overall,M_condition,1.0066864319071471,0.9926833266334868,1.0254219579287032,3,3,0,ok,
HVE-global-B23-ft-168,HVE,ft,overall,B23_168_available_exposure,cnn_5,B23,cnn_5::overall,M_joint,1.0095576031994746,0.9966164326759762,1.0264979551177693,3,3,0,ok,
HVE-global-B23-ft-168,HVE,ft,overall,B23_168_available_exposure,cnn_5,B23,cnn_5::overall,M_null,1.0004767730913031,0.9884297829202519,1.015239052436395,3,3,0,ok,
HVE-global-B23-ft-168,HVE,ft,overall,B23_168_available_exposure,cnn_5,B23,cnn_5::overall,M_predictor,1.0009275619362281,0.9904789316027756,1.0140083730610108,3,3,0,ok,
HVE-global-B23-ft-168,HVE,ft,overall,B23_168_available_exposure,cnn_6,B23,cnn_6::overall,M_condition,1.0066864319071471,0.9926833266334868,1.0254219579287032,3,3,0,ok,
HVE-global-B23-ft-168,HVE,ft,overall,B23_168_available_exposure,cnn_6,B23,cnn_6::overall,M_joint,1.0095576060644564,0.9966164283461905,1.026497959347546,3,3,0,ok,
HVE-global-B23-ft-168,HVE,ft,overall,B23_168_available_exposure,cnn_6,B23,cnn_6::overall,M_null,1.0004767730913031,0.9884297829202519,1.015239052436395,3,3,0,ok,
HVE-global-B23-ft-168,HVE,ft,overall,B23_168_available_exposure,cnn_6,B23,cnn_6::overall,M_predictor,1.0012786613374196,0.990449638254722,1.0147951492289007,3,3,0,ok,
HVE-global-B23-ft-168,HVE,ft,overall,B23_168_available_exposure,tr_0,B23,tr_0::overall,M_condition,1.0066864319071471,0.9926833266334868,1.0254219579287032,3,3,0,ok,
HVE-global-B23-ft-168,HVE,ft,overall,B23_168_available_exposure,tr_0,B23,tr_0::overall,M_joint,1.0095575833367711,0.9966163953540503,1.026497951540694,3,3,0,ok,
HVE-global-B23-ft-168,HVE,ft,overall,B23_168_available_exposure,tr_0,B23,tr_0::overall,M_null,1.0004767730913031,0.9884297829202519,1.015239052436395,3,3,0,ok,
HVE-global-B23-ft-168,HVE,ft,overall,B23_168_available_exposure,tr_0,B23,tr_0::overall,M_predictor,1.0010152471525258,0.9899963639568562,1.0144878185298845,3,3,0,ok,
HVE-global-B23-ft-168,HVE,ft,overall,B23_168_available_exposure,tr_10,B23,tr_10::overall,M_condition,1.0066864319071471,0.9926833266334868,1.0254219579287032,3,3,0,ok,
HVE-global-B23-ft-168,HVE,ft,overall,B23_168_available_exposure,tr_10,B23,tr_10::overall,M_joint,1.009551377391525,0.9966053634679012,1.0264965933904786,3,3,0,ok,
HVE-global-B23-ft-168,HVE,ft,overall,B23_168_available_exposure,tr_10,B23,tr_10::overall,M_null,1.0004767730913031,0.9884297829202519,1.015239052436395,3,3,0,ok,
HVE-global-B23-ft-168,HVE,ft,overall,B23_168_available_exposure,tr_10,B23,tr_10::overall,M_predictor,1.001415745098738,0.9882878733750275,1.0176160281006856,3,3,0,ok,
HVE-global-B23-ft-168,HVE,ft,overall,B23_168_available_exposure,tr_12,B23,tr_12::overall,M_condition,1.0066864319071471,0.9926833266334868,1.0254219579287032,3,3,0,ok,
HVE-global-B23-ft-168,HVE,ft,overall,B23_168_available_exposure,tr_12,B23,tr_12::overall,M_joint,1.009557619947395,0.9966164451456424,1.026497965398455,3,3,0,ok,
HVE-global-B23-ft-168,HVE,ft,overall,B23_168_available_exposure,tr_12,B23,tr_12::overall,M_null,1.0004767730913031,0.9884297829202519,1.015239052436395,3,3,0,ok,
HVE-global-B23-ft-168,HVE,ft,overall,B23_168_available_exposure,tr_12,B23,tr_12::overall,M_predictor,1.0008156312235015,0.9881406583103227,1.016374225836841,3,3,0,ok,
HVE-global-B23-ft-168,HVE,ft,overall,B23_168_available_exposure,tr_14,B23,tr_14::overall,M_condition,1.0066864319071471,0.9926833266334868,1.0254219579287032,3,3,0,ok,
HVE-global-B23-ft-168,HVE,ft,overall,B23_168_available_exposure,tr_14,B23,tr_14::overall,M_joint,1.0095576230241012,0.9966164866804532,1.0264979522820088,3,3,0,ok,
HVE-global-B23-ft-168,HVE,ft,overall,B23_168_available_exposure,tr_14,B23,tr_14::overall,M_null,1.0004767730913031,0.9884297829202519,1.015239052436395,3,3,0,ok,
HVE-global-B23-ft-168,HVE,ft,overall,B23_168_available_exposure,tr_14,B23,tr_14::overall,M_predictor,1.0007495977033578,0.9881482017276262,1.0165512899935099,3,3,0,ok,
HVE-global-B23-ft-168,HVE,ft,overall,B23_168_available_exposure,tr_16,B23,tr_16::overall,M_condition,1.0066864319071471,0.9926833266334868,1.0254219579287032,3,3,0,ok,
HVE-global-B23-ft-168,HVE,ft,overall,B23_168_available_exposure,tr_16,B23,tr_16::overall,M_joint,1.0095576034807678,0.9966164917352064,1.0264979327890493,3,3,0,ok,
HVE-global-B23-ft-168,HVE,ft,overall,B23_168_available_exposure,tr_16,B23,tr_16::overall,M_null,1.0004767730913031,0.9884297829202519,1.015239052436395,3,3,0,ok,
HVE-global-B23-ft-168,HVE,ft,overall,B23_168_available_exposure,tr_16,B23,tr_16::overall,M_predictor,1.0026156878043293,0.986591081934488,1.022711819623257,3,3,0,ok,
HVE-global-B23-ft-168,HVE,ft,overall,B23_168_available_exposure,tr_18,B23,tr_18::overall,M_condition,1.0066864319071471,0.9926833266334868,1.0254219579287032,3,3,0,ok,
HVE-global-B23-ft-168,HVE,ft,overall,B23_168_available_exposure,tr_18,B23,tr_18::overall,M_joint,1.0095513559797575,0.9966053949689329,1.0264965621068636,3,3,0,ok,
HVE-global-B23-ft-168,HVE,ft,overall,B23_168_available_exposure,tr_18,B23,tr_18::overall,M_null,1.0004767730913031,0.9884297829202519,1.015239052436395,3,3,0,ok,
HVE-global-B23-ft-168,HVE,ft,overall,B23_168_available_exposure,tr_18,B23,tr_18::overall,M_predictor,1.0016932710267288,0.9877814861518187,1.0189541215665785,3,3,0,ok,
HVE-global-B23-ft-168,HVE,ft,overall,B23_168_available_exposure,tr_2,B23,tr_2::overall,M_condition,1.0066864319071471,0.9926833266334868,1.0254219579287032,3,3,0,ok,
HVE-global-B23-ft-168,HVE,ft,overall,B23_168_available_exposure,tr_2,B23,tr_2::overall,M_joint,1.009557581194364,0.9966164446019627,1.0264979307855941,3,3,0,ok,
HVE-global-B23-ft-168,HVE,ft,overall,B23_168_available_exposure,tr_2,B23,tr_2::overall,M_null,1.0004767730913031,0.9884297829202519,1.015239052436395,3,3,0,ok,
HVE-global-B23-ft-168,HVE,ft,overall,B23_168_available_exposure,tr_2,B23,tr_2::overall,M_predictor,1.0007740982302153,0.9876864545143854,1.016335674728961,3,3,0,ok,
HVE-global-B23-ft-168,HVE,ft,overall,B23_168_available_exposure,tr_20,B23,tr_20::overall,M_condition,1.0066864319071471,0.9926833266334868,1.0254219579287032,3,3,0,ok,
HVE-global-B23-ft-168,HVE,ft,overall,B23_168_available_exposure,tr_20,B23,tr_20::overall,M_joint,1.0095513380872887,0.996605402505037,1.0264965431485022,3,3,0,ok,
HVE-global-B23-ft-168,HVE,ft,overall,B23_168_available_exposure,tr_20,B23,tr_20::overall,M_null,1.0004767730913031,0.9884297829202519,1.015239052436395,3,3,0,ok,
HVE-global-B23-ft-168,HVE,ft,overall,B23_168_available_exposure,tr_20,B23,tr_20::overall,M_predictor,1.0035065850759863,0.9874512720397769,1.023677036362794,3,3,0,ok,
HVE-global-B23-ft-168,HVE,ft,overall,B23_168_available_exposure,tr_22,B23,tr_22::overall,M_condition,1.0066864319071471,0.9926833266334868,1.0254219579287032,3,3,0,ok,
HVE-global-B23-ft-168,HVE,ft,overall,B23_168_available_exposure,tr_22,B23,tr_22::overall,M_joint,1.0095515752796658,0.9966058124476732,1.0264965995300568,3,3,0,ok,
HVE-global-B23-ft-168,HVE,ft,overall,B23_168_available_exposure,tr_22,B23,tr_22::overall,M_null,1.0004767730913031,0.9884297829202519,1.015239052436395,3,3,0,ok,
HVE-global-B23-ft-168,HVE,ft,overall,B23_168_available_exposure,tr_22,B23,tr_22::overall,M_predictor,1.0030982185563528,0.9884290178341972,1.021508660357002,3,3,0,ok,
HVE-global-B23-ft-168,HVE,ft,overall,B23_168_available_exposure,tr_4,B23,tr_4::overall,M_condition,1.0066864319071471,0.9926833266334868,1.0254219579287032,3,3,0,ok,
HVE-global-B23-ft-168,HVE,ft,overall,B23_168_available_exposure,tr_4,B23,tr_4::overall,M_joint,1.009557699621205,0.9966166831727856,1.0264979459773382,3,3,0,ok,
HVE-global-B23-ft-168,HVE,ft,overall,B23_168_available_exposure,tr_4,B23,tr_4::overall,M_null,1.0004767730913031,0.9884297829202519,1.015239052436395,3,3,0,ok,
HVE-global-B23-ft-168,HVE,ft,overall,B23_168_available_exposure,tr_4,B23,tr_4::overall,M_predictor,1.0019491052095546,0.9868990845610651,1.0204980599471105,3,3,0,ok,
HVE-global-B23-ft-168,HVE,ft,overall,B23_168_available_exposure,tr_6,B23,tr_6::overall,M_condition,1.0066864319071471,0.9926833266334868,1.0254219579287032,3,3,0,ok,
HVE-global-B23-ft-168,HVE,ft,overall,B23_168_available_exposure,tr_6,B23,tr_6::overall,M_joint,1.0095575940529269,0.9966164687795299,1.026497933095027,3,3,0,ok,
HVE-global-B23-ft-168,HVE,ft,overall,B23_168_available_exposure,tr_6,B23,tr_6::overall,M_null,1.0004767730913031,0.9884297829202519,1.015239052436395,3,3,0,ok,
HVE-global-B23-ft-168,HVE,ft,overall,B23_168_available_exposure,tr_6,B23,tr_6::overall,M_predictor,1.0022099845760295,0.9862434356909004,1.0219484489159054,3,3,0,ok,
HVE-global-B23-ft-168,HVE,ft,overall,B23_168_available_exposure,tr_8,B23,tr_8::overall,M_condition,1.0066864319071471,0.9926833266334868,1.0254219579287032,3,3,0,ok,
HVE-global-B23-ft-168,HVE,ft,overall,B23_168_available_exposure,tr_8,B23,tr_8::overall,M_joint,1.0095515647011097,0.9966058652727813,1.0264965698270776,3,3,0,ok,
HVE-global-B23-ft-168,HVE,ft,overall,B23_168_available_exposure,tr_8,B23,tr_8::overall,M_null,1.0004767730913031,0.9884297829202519,1.015239052436395,3,3,0,ok,
HVE-global-B23-ft-168,HVE,ft,overall,B23_168_available_exposure,tr_8,B23,tr_8::overall,M_predictor,1.0005573278901096,0.9879227925887343,1.015732270222978,3,3,0,ok,
HVE-global-B23-ft-97,HVE,ft,overall_order_sensitive,B23_97_complete_order,cnn_2,B23,cnn_2::overall_order_sensitive,M_condition,1.0137401608518468,0.9861660833267059,1.0372967688222974,3,3,0,ok,
HVE-global-B23-ft-97,HVE,ft,overall_order_sensitive,B23_97_complete_order,cnn_2,B23,cnn_2::overall_order_sensitive,M_joint,1.0169429867945938,0.9894647822591767,1.0398583686811131,3,3,0,ok,
HVE-global-B23-ft-97,HVE,ft,overall_order_sensitive,B23_97_complete_order,cnn_2,B23,cnn_2::overall_order_sensitive,M_null,1.001891977918418,0.982276154480447,1.0217851189720297,3,3,0,ok,
HVE-global-B23-ft-97,HVE,ft,overall_order_sensitive,B23_97_complete_order,cnn_2,B23,cnn_2::overall_order_sensitive,M_predictor,1.0026453326560318,0.9827106232931397,1.022528501394916,3,3,0,ok,
HVE-global-B23-ft-97,HVE,ft,overall_order_sensitive,B23_97_complete_order,cnn_3,B23,cnn_3::overall_order_sensitive,M_condition,1.0137401608518468,0.9861660833267059,1.0372967688222974,3,3,0,ok,
HVE-global-B23-ft-97,HVE,ft,overall_order_sensitive,B23_97_complete_order,cnn_3,B23,cnn_3::overall_order_sensitive,M_joint,1.0169850360624766,0.9934403775597271,1.0373993723829351,3,3,0,ok,
HVE-global-B23-ft-97,HVE,ft,overall_order_sensitive,B23_97_complete_order,cnn_3,B23,cnn_3::overall_order_sensitive,M_null,1.001891977918418,0.982276154480447,1.0217851189720297,3,3,0,ok,
HVE-global-B23-ft-97,HVE,ft,overall_order_sensitive,B23_97_complete_order,cnn_3,B23,cnn_3::overall_order_sensitive,M_predictor,1.0048453238195985,0.9839084895565228,1.0233516258113913,3,3,0,ok,
HVE-global-B23-ft-97,HVE,ft,overall_order_sensitive,B23_97_complete_order,cnn_4,B23,cnn_4::overall_order_sensitive,M_condition,1.0137401608518468,0.9861660833267059,1.0372967688222974,3,3,0,ok,
HVE-global-B23-ft-97,HVE,ft,overall_order_sensitive,B23_97_complete_order,cnn_4,B23,cnn_4::overall_order_sensitive,M_joint,1.0154669272137333,0.9908638180631557,1.0372071109970682,3,3,0,ok,
HVE-global-B23-ft-97,HVE,ft,overall_order_sensitive,B23_97_complete_order,cnn_4,B23,cnn_4::overall_order_sensitive,M_null,1.001891977918418,0.982276154480447,1.0217851189720297,3,3,0,ok,
HVE-global-B23-ft-97,HVE,ft,overall_order_sensitive,B23_97_complete_order,cnn_4,B23,cnn_4::overall_order_sensitive,M_predictor,1.0035466074127468,0.9830614261349181,1.022895949232543,3,3,0,ok,
HVE-global-B23-ft-97,HVE,ft,overall_order_sensitive,B23_97_complete_order,cnn_5,B23,cnn_5::overall_order_sensitive,M_condition,1.0137401608518468,0.9861660833267059,1.0372967688222974,3,3,0,ok,
HVE-global-B23-ft-97,HVE,ft,overall_order_sensitive,B23_97_complete_order,cnn_5,B23,cnn_5::overall_order_sensitive,M_joint,1.0265365949463012,1.0117097196351437,1.041906111662126,3,3,0,ok,
HVE-global-B23-ft-97,HVE,ft,overall_order_sensitive,B23_97_complete_order,cnn_5,B23,cnn_5::overall_order_sensitive,M_null,1.001891977918418,0.982276154480447,1.0217851189720297,3,3,0,ok,
HVE-global-B23-ft-97,HVE,ft,overall_order_sensitive,B23_97_complete_order,cnn_5,B23,cnn_5::overall_order_sensitive,M_predictor,1.003160696895934,0.9828646319553612,1.0225592818075422,3,3,0,ok,
HVE-global-B23-ft-97,HVE,ft,overall_order_sensitive,B23_97_complete_order,cnn_6,B23,cnn_6::overall_order_sensitive,M_condition,1.0137401608518468,0.9861660833267059,1.0372967688222974,3,3,0,ok,
HVE-global-B23-ft-97,HVE,ft,overall_order_sensitive,B23_97_complete_order,cnn_6,B23,cnn_6::overall_order_sensitive,M_joint,1.018707587814843,0.9982943828563559,1.037102440726021,3,3,0,ok,
HVE-global-B23-ft-97,HVE,ft,overall_order_sensitive,B23_97_complete_order,cnn_6,B23,cnn_6::overall_order_sensitive,M_null,1.001891977918418,0.982276154480447,1.0217851189720297,3,3,0,ok,
HVE-global-B23-ft-97,HVE,ft,overall_order_sensitive,B23_97_complete_order,cnn_6,B23,cnn_6::overall_order_sensitive,M_predictor,1.0029398975890367,0.9827012341786022,1.0223616822178687,3,3,0,ok,
HVE-global-B23-ft-97,HVE,ft,overall_order_sensitive,B23_97_complete_order,tr_0,B23,tr_0::overall_order_sensitive,M_condition,1.0137401608518468,0.9861660833267059,1.0372967688222974,3,3,0,ok,
HVE-global-B23-ft-97,HVE,ft,overall_order_sensitive,B23_97_complete_order,tr_0,B23,tr_0::overall_order_sensitive,M_joint,1.0195963551765839,0.9901112781369122,1.0468350115141183,3,3,0,ok,
HVE-global-B23-ft-97,HVE,ft,overall_order_sensitive,B23_97_complete_order,tr_0,B23,tr_0::overall_order_sensitive,M_null,1.001891977918418,0.982276154480447,1.0217851189720297,3,3,0,ok,
HVE-global-B23-ft-97,HVE,ft,overall_order_sensitive,B23_97_complete_order,tr_0,B23,tr_0::overall_order_sensitive,M_predictor,1.002062869051323,0.9823918020765575,1.0218815099662084,3,3,0,ok,
HVE-global-B23-ft-97,HVE,ft,overall_order_sensitive,B23_97_complete_order,tr_10,B23,tr_10::overall_order_sensitive,M_condition,1.0137401608518468,0.9861660833267059,1.0372967688222974,3,3,0,ok,
HVE-global-B23-ft-97,HVE,ft,overall_order_sensitive,B23_97_complete_order,tr_10,B23,tr_10::overall_order_sensitive,M_joint,1.0137592146816778,0.9861032872561134,1.0371777822531894,3,3,0,ok,
HVE-global-B23-ft-97,HVE,ft,overall_order_sensitive,B23_97_complete_order,tr_10,B23,tr_10::overall_order_sensitive,M_null,1.001891977918418,0.982276154480447,1.0217851189720297,3,3,0,ok,
HVE-global-B23-ft-97,HVE,ft,overall_order_sensitive,B23_97_complete_order,tr_10,B23,tr_10::overall_order_sensitive,M_predictor,1.0060850456641601,0.9858288715327747,1.021102832222602,3,3,0,ok,
HVE-global-B23-ft-97,HVE,ft,overall_order_sensitive,B23_97_complete_order,tr_12,B23,tr_12::overall_order_sensitive,M_condition,1.0137401608518468,0.9861660833267059,1.0372967688222974,3,3,0,ok,
HVE-global-B23-ft-97,HVE,ft,overall_order_sensitive,B23_97_complete_order,tr_12,B23,tr_12::overall_order_sensitive,M_joint,1.0152006997596954,0.9893858664162698,1.0366914869477732,3,3,0,ok,
HVE-global-B23-ft-97,HVE,ft,overall_order_sensitive,B23_97_complete_order,tr_12,B23,tr_12::overall_order_sensitive,M_null,1.001891977918418,0.982276154480447,1.0217851189720297,3,3,0,ok,
HVE-global-B23-ft-97,HVE,ft,overall_order_sensitive,B23_97_complete_order,tr_12,B23,tr_12::overall_order_sensitive,M_predictor,1.0067712694200612,0.9847819995507148,1.0245727348799876,3,3,0,ok,
HVE-global-B23-ft-97,HVE,ft,overall_order_sensitive,B23_97_complete_order,tr_14,B23,tr_14::overall_order_sensitive,M_condition,1.0137401608518468,0.9861660833267059,1.0372967688222974,3,3,0,ok,
HVE-global-B23-ft-97,HVE,ft,overall_order_sensitive,B23_97_complete_order,tr_14,B23,tr_14::overall_order_sensitive,M_joint,1.0184572405581844,1.005749840540514,1.0288821052046597,3,3,0,ok,
HVE-global-B23-ft-97,HVE,ft,overall_order_sensitive,B23_97_complete_order,tr_14,B23,tr_14::overall_order_sensitive,M_null,1.001891977918418,0.982276154480447,1.0217851189720297,3,3,0,ok,
HVE-global-B23-ft-97,HVE,ft,overall_order_sensitive,B23_97_complete_order,tr_14,B23,tr_14::overall_order_sensitive,M_predictor,1.0051528641378134,0.9850481370717461,1.0203332553496505,3,3,0,ok,
HVE-global-B23-ft-97,HVE,ft,overall_order_sensitive,B23_97_complete_order,tr_16,B23,tr_16::overall_order_sensitive,M_condition,1.0137401608518468,0.9861660833267059,1.0372967688222974,3,3,0,ok,
HVE-global-B23-ft-97,HVE,ft,overall_order_sensitive,B23_97_complete_order,tr_16,B23,tr_16::overall_order_sensitive,M_joint,1.0132576258377457,0.9974496261231343,1.029564805616326,3,3,0,ok,
HVE-global-B23-ft-97,HVE,ft,overall_order_sensitive,B23_97_complete_order,tr_16,B23,tr_16::overall_order_sensitive,M_null,1.001891977918418,0.982276154480447,1.0217851189720297,3,3,0,ok,
HVE-global-B23-ft-97,HVE,ft,overall_order_sensitive,B23_97_complete_order,tr_16,B23,tr_16::overall_order_sensitive,M_predictor,1.0038833112024883,0.984588220703352,1.020456699324996,3,3,0,ok,
HVE-global-B23-ft-97,HVE,ft,overall_order_sensitive,B23_97_complete_order,tr_18,B23,tr_18::overall_order_sensitive,M_condition,1.0137401608518468,0.9861660833267059,1.0372967688222974,3,3,0,ok,
HVE-global-B23-ft-97,HVE,ft,overall_order_sensitive,B23_97_complete_order,tr_18,B23,tr_18::overall_order_sensitive,M_joint,1.0135705088681093,0.994351552635248,1.0310924384241928,3,3,0,ok,
HVE-global-B23-ft-97,HVE,ft,overall_order_sensitive,B23_97_complete_order,tr_18,B23,tr_18::overall_order_sensitive,M_null,1.001891977918418,0.982276154480447,1.0217851189720297,3,3,0,ok,
HVE-global-B23-ft-97,HVE,ft,overall_order_sensitive,B23_97_complete_order,tr_18,B23,tr_18::overall_order_sensitive,M_predictor,1.0027270181939654,0.9840049630632652,1.0200053200334815,3,3,0,ok,
HVE-global-B23-ft-97,HVE,ft,overall_order_sensitive,B23_97_complete_order,tr_2,B23,tr_2::overall_order_sensitive,M_condition,1.0137401608518468,0.9861660833267059,1.0372967688222974,3,3,0,ok,
HVE-global-B23-ft-97,HVE,ft,overall_order_sensitive,B23_97_complete_order,tr_2,B23,tr_2::overall_order_sensitive,M_joint,1.0170764182167031,0.9911516393182138,1.0375015056317063,3,3,0,ok,
HVE-global-B23-ft-97,HVE,ft,overall_order_sensitive,B23_97_complete_order,tr_2,B23,tr_2::overall_order_sensitive,M_null,1.001891977918418,0.982276154480447,1.0217851189720297,3,3,0,ok,
HVE-global-B23-ft-97,HVE,ft,overall_order_sensitive,B23_97_complete_order,tr_2,B23,tr_2::overall_order_sensitive,M_predictor,1.0021619376364808,0.9824134044486118,1.0219772611764681,3,3,0,ok,
HVE-global-B23-ft-97,HVE,ft,overall_order_sensitive,B23_97_complete_order,tr_20,B23,tr_20::overall_order_sensitive,M_condition,1.0137401608518468,0.9861660833267059,1.0372967688222974,3,3,0,ok,
HVE-global-B23-ft-97,HVE,ft,overall_order_sensitive,B23_97_complete_order,tr_20,B23,tr_20::overall_order_sensitive,M_joint,1.0123982795231905,0.9947447918518159,1.0286525907669533,3,3,0,ok,
HVE-global-B23-ft-97,HVE,ft,overall_order_sensitive,B23_97_complete_order,tr_20,B23,tr_20::overall_order_sensitive,M_null,1.001891977918418,0.982276154480447,1.0217851189720297,3,3,0,ok,
HVE-global-B23-ft-97,HVE,ft,overall_order_sensitive,B23_97_complete_order,tr_20,B23,tr_20::overall_order_sensitive,M_predictor,1.002113573175745,0.9835628816033806,1.0197166477944877,3,3,0,ok,
HVE-global-B23-ft-97,HVE,ft,overall_order_sensitive,B23_97_complete_order,tr_22,B23,tr_22::overall_order_sensitive,M_condition,1.0137401608518468,0.9861660833267059,1.0372967688222974,3,3,0,ok,
HVE-global-B23-ft-97,HVE,ft,overall_order_sensitive,B23_97_complete_order,tr_22,B23,tr_22::overall_order_sensitive,M_joint,1.0244404991133151,1.0092921208890193,1.0362733321905957,3,3,0,ok,
HVE-global-B23-ft-97,HVE,ft,overall_order_sensitive,B23_97_complete_order,tr_22,B23,tr_22::overall_order_sensitive,M_null,1.001891977918418,0.982276154480447,1.0217851189720297,3,3,0,ok,
HVE-global-B23-ft-97,HVE,ft,overall_order_sensitive,B23_97_complete_order,tr_22,B23,tr_22::overall_order_sensitive,M_predictor,1.0034514139498423,0.9845903870796051,1.019591794706134,3,3,0,ok,
HVE-global-B23-ft-97,HVE,ft,overall_order_sensitive,B23_97_complete_order,tr_4,B23,tr_4::overall_order_sensitive,M_condition,1.0137401608518468,0.9861660833267059,1.0372967688222974,3,3,0,ok,
HVE-global-B23-ft-97,HVE,ft,overall_order_sensitive,B23_97_complete_order,tr_4,B23,tr_4::overall_order_sensitive,M_joint,1.0398439853106254,0.9973072973177274,1.0821447394404953,3,3,0,ok,
HVE-global-B23-ft-97,HVE,ft,overall_order_sensitive,B23_97_complete_order,tr_4,B23,tr_4::overall_order_sensitive,M_null,1.001891977918418,0.982276154480447,1.0217851189720297,3,3,0,ok,
HVE-global-B23-ft-97,HVE,ft,overall_order_sensitive,B23_97_complete_order,tr_4,B23,tr_4::overall_order_sensitive,M_predictor,1.0034282522996576,0.9839678248437267,1.02080408742535,3,3,0,ok,
HVE-global-B23-ft-97,HVE,ft,overall_order_sensitive,B23_97_complete_order,tr_6,B23,tr_6::overall_order_sensitive,M_condition,1.0137401608518468,0.9861660833267059,1.0372967688222974,3,3,0,ok,
HVE-global-B23-ft-97,HVE,ft,overall_order_sensitive,B23_97_complete_order,tr_6,B23,tr_6::overall_order_sensitive,M_joint,1.0178480013175193,0.990827518978175,1.0390712477042852,3,3,0,ok,
HVE-global-B23-ft-97,HVE,ft,overall_order_sensitive,B23_97_complete_order,tr_6,B23,tr_6::overall_order_sensitive,M_null,1.001891977918418,0.982276154480447,1.0217851189720297,3,3,0,ok,
HVE-global-B23-ft-97,HVE,ft,overall_order_sensitive,B23_97_complete_order,tr_6,B23,tr_6::overall_order_sensitive,M_predictor,1.0050194265271424,0.9835265812995678,1.0258670949186146,3,3,0,ok,
HVE-global-B23-ft-97,HVE,ft,overall_order_sensitive,B23_97_complete_order,tr_8,B23,tr_8::overall_order_sensitive,M_condition,1.0137401608518468,0.9861660833267059,1.0372967688222974,3,3,0,ok,
HVE-global-B23-ft-97,HVE,ft,overall_order_sensitive,B23_97_complete_order,tr_8,B23,tr_8::overall_order_sensitive,M_joint,1.0136394522680567,0.9934896150104651,1.030800769339432,3,3,0,ok,
HVE-global-B23-ft-97,HVE,ft,overall_order_sensitive,B23_97_complete_order,tr_8,B23,tr_8::overall_order_sensitive,M_null,1.001891977918418,0.982276154480447,1.0217851189720297,3,3,0,ok,
HVE-global-B23-ft-97,HVE,ft,overall_order_sensitive,B23_97_complete_order,tr_8,B23,tr_8::overall_order_sensitive,M_predictor,1.0055244173584665,0.9848155236592914,1.0228342115520739,3,3,0,ok,
HVE-global-X21-base-320,HVE,base,overall,X21_320_available_exposure,cnn_2,X21,cnn_2::overall,M_condition,1.0083721044177831,0.9148148524564752,1.086960954904865,3,3,0,ok,
HVE-global-X21-base-320,HVE,base,overall,X21_320_available_exposure,cnn_2,X21,cnn_2::overall,M_joint,1.010453368754755,0.915423468396386,1.088304922871718,3,3,0,ok,
HVE-global-X21-base-320,HVE,base,overall,X21_320_available_exposure,cnn_2,X21,cnn_2::overall,M_null,1.0060733086796068,0.9126213490366478,1.0835573206261309,3,3,0,ok,
HVE-global-X21-base-320,HVE,base,overall,X21_320_available_exposure,cnn_2,X21,cnn_2::overall,M_predictor,1.008231977593448,0.9112233716016088,1.0851275193498406,3,3,0,ok,
HVE-global-X21-base-320,HVE,base,overall,X21_320_available_exposure,cnn_3,X21,cnn_3::overall,M_condition,1.0083721044177831,0.9148148524564752,1.086960954904865,3,3,0,ok,
HVE-global-X21-base-320,HVE,base,overall,X21_320_available_exposure,cnn_3,X21,cnn_3::overall,M_joint,1.0104523385419009,0.9154518338176085,1.08852631937213,3,3,0,ok,
HVE-global-X21-base-320,HVE,base,overall,X21_320_available_exposure,cnn_3,X21,cnn_3::overall,M_null,1.0060733086796068,0.9126213490366478,1.0835573206261309,3,3,0,ok,
HVE-global-X21-base-320,HVE,base,overall,X21_320_available_exposure,cnn_3,X21,cnn_3::overall,M_predictor,1.008398550603428,0.9132706189477713,1.0849472571362442,3,3,0,ok,
HVE-global-X21-base-320,HVE,base,overall,X21_320_available_exposure,cnn_4,X21,cnn_4::overall,M_condition,1.0083721044177831,0.9148148524564752,1.086960954904865,3,3,0,ok,
HVE-global-X21-base-320,HVE,base,overall,X21_320_available_exposure,cnn_4,X21,cnn_4::overall,M_joint,1.009711996772996,0.9148737041203998,1.0877210857295239,3,3,0,ok,
HVE-global-X21-base-320,HVE,base,overall,X21_320_available_exposure,cnn_4,X21,cnn_4::overall,M_null,1.0060733086796068,0.9126213490366478,1.0835573206261309,3,3,0,ok,
HVE-global-X21-base-320,HVE,base,overall,X21_320_available_exposure,cnn_4,X21,cnn_4::overall,M_predictor,1.0076971435253403,0.9148340741793546,1.0846896798145658,3,3,0,ok,
HVE-global-X21-base-320,HVE,base,overall,X21_320_available_exposure,cnn_5,X21,cnn_5::overall,M_condition,1.0083721044177831,0.9148148524564752,1.086960954904865,3,3,0,ok,
HVE-global-X21-base-320,HVE,base,overall,X21_320_available_exposure,cnn_5,X21,cnn_5::overall,M_joint,1.0096015458382546,0.9148591667926841,1.0875151660176894,3,3,0,ok,
HVE-global-X21-base-320,HVE,base,overall,X21_320_available_exposure,cnn_5,X21,cnn_5::overall,M_null,1.0060733086796068,0.9126213490366478,1.0835573206261309,3,3,0,ok,
HVE-global-X21-base-320,HVE,base,overall,X21_320_available_exposure,cnn_5,X21,cnn_5::overall,M_predictor,1.0077186252154124,0.9145008418386084,1.0847637822175198,3,3,0,ok,
HVE-global-X21-base-320,HVE,base,overall,X21_320_available_exposure,cnn_6,X21,cnn_6::overall,M_condition,1.0083721044177831,0.9148148524564752,1.086960954904865,3,3,0,ok,
HVE-global-X21-base-320,HVE,base,overall,X21_320_available_exposure,cnn_6,X21,cnn_6::overall,M_joint,1.010665849304966,0.9165176762308226,1.0883273865510616,3,3,0,ok,
HVE-global-X21-base-320,HVE,base,overall,X21_320_available_exposure,cnn_6,X21,cnn_6::overall,M_null,1.0060733086796068,0.9126213490366478,1.0835573206261309,3,3,0,ok,
HVE-global-X21-base-320,HVE,base,overall,X21_320_available_exposure,cnn_6,X21,cnn_6::overall,M_predictor,1.0078078039132712,0.9110547993000602,1.0850735857987528,3,3,0,ok,
HVE-global-X21-base-320,HVE,base,overall,X21_320_available_exposure,tr_0,X21,tr_0::overall,M_condition,1.0083721044177831,0.9148148524564752,1.086960954904865,3,3,0,ok,
HVE-global-X21-base-320,HVE,base,overall,X21_320_available_exposure,tr_0,X21,tr_0::overall,M_joint,1.0100378083483783,0.9153721298688635,1.0873938241566388,3,3,0,ok,
HVE-global-X21-base-320,HVE,base,overall,X21_320_available_exposure,tr_0,X21,tr_0::overall,M_null,1.0060733086796068,0.9126213490366478,1.0835573206261309,3,3,0,ok,
HVE-global-X21-base-320,HVE,base,overall,X21_320_available_exposure,tr_0,X21,tr_0::overall,M_predictor,1.0081667745298464,0.9152068285691031,1.0857385395690486,3,3,0,ok,
HVE-global-X21-base-320,HVE,base,overall,X21_320_available_exposure,tr_10,X21,tr_10::overall,M_condition,1.0083721044177831,0.9148148524564752,1.086960954904865,3,3,0,ok,
HVE-global-X21-base-320,HVE,base,overall,X21_320_available_exposure,tr_10,X21,tr_10::overall,M_joint,1.0098960008941227,0.9182004807346363,1.0865396581439168,3,3,0,ok,
HVE-global-X21-base-320,HVE,base,overall,X21_320_available_exposure,tr_10,X21,tr_10::overall,M_null,1.0060733086796068,0.9126213490366478,1.0835573206261309,3,3,0,ok,
HVE-global-X21-base-320,HVE,base,overall,X21_320_available_exposure,tr_10,X21,tr_10::overall,M_predictor,1.0080288856850819,0.9202039236649959,1.0829491480169071,3,3,0,ok,
HVE-global-X21-base-320,HVE,base,overall,X21_320_available_exposure,tr_12,X21,tr_12::overall,M_condition,1.0083721044177831,0.9148148524564752,1.086960954904865,3,3,0,ok,
HVE-global-X21-base-320,HVE,base,overall,X21_320_available_exposure,tr_12,X21,tr_12::overall,M_joint,1.0111987128666435,0.9168568934399476,1.0887339478590696,3,3,0,ok,
HVE-global-X21-base-320,HVE,base,overall,X21_320_available_exposure,tr_12,X21,tr_12::overall,M_null,1.0060733086796068,0.9126213490366478,1.0835573206261309,3,3,0,ok,
HVE-global-X21-base-320,HVE,base,overall,X21_320_available_exposure,tr_12,X21,tr_12::overall,M_predictor,1.0100133443186659,0.919416260201055,1.0861935767018915,3,3,0,ok,
HVE-global-X21-base-320,HVE,base,overall,X21_320_available_exposure,tr_14,X21,tr_14::overall,M_condition,1.0083721044177831,0.9148148524564752,1.086960954904865,3,3,0,ok,
HVE-global-X21-base-320,HVE,base,overall,X21_320_available_exposure,tr_14,X21,tr_14::overall,M_joint,1.0096830552230704,0.9152531657861951,1.0880249292088358,3,3,0,ok,
HVE-global-X21-base-320,HVE,base,overall,X21_320_available_exposure,tr_14,X21,tr_14::overall,M_null,1.0060733086796068,0.9126213490366478,1.0835573206261309,3,3,0,ok,
HVE-global-X21-base-320,HVE,base,overall,X21_320_available_exposure,tr_14,X21,tr_14::overall,M_predictor,1.0085552090826786,0.9163332377529704,1.084930186333299,3,3,0,ok,
HVE-global-X21-base-320,HVE,base,overall,X21_320_available_exposure,tr_16,X21,tr_16::overall,M_condition,1.0083721044177831,0.9148148524564752,1.086960954904865,3,3,0,ok,
HVE-global-X21-base-320,HVE,base,overall,X21_320_available_exposure,tr_16,X21,tr_16::overall,M_joint,1.0094452192739698,0.9167045194850414,1.087724652602391,3,3,0,ok,
HVE-global-X21-base-320,HVE,base,overall,X21_320_available_exposure,tr_16,X21,tr_16::overall,M_null,1.0060733086796068,0.9126213490366478,1.0835573206261309,3,3,0,ok,
HVE-global-X21-base-320,HVE,base,overall,X21_320_available_exposure,tr_16,X21,tr_16::overall,M_predictor,1.0085056699217811,0.9182244152792315,1.0858317103104014,3,3,0,ok,
HVE-global-X21-base-320,HVE,base,overall,X21_320_available_exposure,tr_18,X21,tr_18::overall,M_condition,1.0083721044177831,0.9148148524564752,1.086960954904865,3,3,0,ok,
HVE-global-X21-base-320,HVE,base,overall,X21_320_available_exposure,tr_18,X21,tr_18::overall,M_joint,1.011446094498427,0.9166121929224196,1.090222288888973,3,3,0,ok,
HVE-global-X21-base-320,HVE,base,overall,X21_320_available_exposure,tr_18,X21,tr_18::overall,M_null,1.0060733086796068,0.9126213490366478,1.0835573206261309,3,3,0,ok,
HVE-global-X21-base-320,HVE,base,overall,X21_320_available_exposure,tr_18,X21,tr_18::overall,M_predictor,1.0101175692337494,0.9140082458822804,1.0906691755405866,3,3,0,ok,
HVE-global-X21-base-320,HVE,base,overall,X21_320_available_exposure,tr_2,X21,tr_2::overall,M_condition,1.0083721044177831,0.9148148524564752,1.086960954904865,3,3,0,ok,
HVE-global-X21-base-320,HVE,base,overall,X21_320_available_exposure,tr_2,X21,tr_2::overall,M_joint,1.011038876559885,0.9164160814992809,1.0886951777956786,3,3,0,ok,
HVE-global-X21-base-320,HVE,base,overall,X21_320_available_exposure,tr_2,X21,tr_2::overall,M_null,1.0060733086796068,0.9126213490366478,1.0835573206261309,3,3,0,ok,
HVE-global-X21-base-320,HVE,base,overall,X21_320_available_exposure,tr_2,X21,tr_2::overall,M_predictor,1.0092820449357818,0.9194162657173663,1.085341377799279,3,3,0,ok,
HVE-global-X21-base-320,HVE,base,overall,X21_320_available_exposure,tr_20,X21,tr_20::overall,M_condition,1.0083721044177831,0.9148148524564752,1.086960954904865,3,3,0,ok,
HVE-global-X21-base-320,HVE,base,overall,X21_320_available_exposure,tr_20,X21,tr_20::overall,M_joint,1.0103929012674666,0.9165656356991507,1.088282866675593,3,3,0,ok,
HVE-global-X21-base-320,HVE,base,overall,X21_320_available_exposure,tr_20,X21,tr_20::overall,M_null,1.0060733086796068,0.9126213490366478,1.0835573206261309,3,3,0,ok,
HVE-global-X21-base-320,HVE,base,overall,X21_320_available_exposure,tr_20,X21,tr_20::overall,M_predictor,1.0086755442016957,0.9141774457729838,1.0847359876416802,3,3,0,ok,
HVE-global-X21-base-320,HVE,base,overall,X21_320_available_exposure,tr_22,X21,tr_22::overall,M_condition,1.0083721044177831,0.9148148524564752,1.086960954904865,3,3,0,ok,
HVE-global-X21-base-320,HVE,base,overall,X21_320_available_exposure,tr_22,X21,tr_22::overall,M_joint,1.0112624668611045,0.9157226408586145,1.0904519368243661,3,3,0,ok,
HVE-global-X21-base-320,HVE,base,overall,X21_320_available_exposure,tr_22,X21,tr_22::overall,M_null,1.0060733086796068,0.9126213490366478,1.0835573206261309,3,3,0,ok,
HVE-global-X21-base-320,HVE,base,overall,X21_320_available_exposure,tr_22,X21,tr_22::overall,M_predictor,1.0097615331789414,0.9140935332945472,1.0860452015629818,3,3,0,ok,
HVE-global-X21-base-320,HVE,base,overall,X21_320_available_exposure,tr_4,X21,tr_4::overall,M_condition,1.0083721044177831,0.9148148524564752,1.086960954904865,3,3,0,ok,
HVE-global-X21-base-320,HVE,base,overall,X21_320_available_exposure,tr_4,X21,tr_4::overall,M_joint,1.0109049104770724,0.9169563867933677,1.0884383764261207,3,3,0,ok,
HVE-global-X21-base-320,HVE,base,overall,X21_320_available_exposure,tr_4,X21,tr_4::overall,M_null,1.0060733086796068,0.9126213490366478,1.0835573206261309,3,3,0,ok,
HVE-global-X21-base-320,HVE,base,overall,X21_320_available_exposure,tr_4,X21,tr_4::overall,M_predictor,1.0089152685387064,0.9189857641021162,1.0854428790378847,3,3,0,ok,
HVE-global-X21-base-320,HVE,base,overall,X21_320_available_exposure,tr_6,X21,tr_6::overall,M_condition,1.0083721044177831,0.9148148524564752,1.086960954904865,3,3,0,ok,
HVE-global-X21-base-320,HVE,base,overall,X21_320_available_exposure,tr_6,X21,tr_6::overall,M_joint,1.0111578788950755,0.9172943789723358,1.0887858877775731,3,3,0,ok,
HVE-global-X21-base-320,HVE,base,overall,X21_320_available_exposure,tr_6,X21,tr_6::overall,M_null,1.0060733086796068,0.9126213490366478,1.0835573206261309,3,3,0,ok,
HVE-global-X21-base-320,HVE,base,overall,X21_320_available_exposure,tr_6,X21,tr_6::overall,M_predictor,1.009360049252108,0.9190262629205741,1.0858161370796418,3,3,0,ok,
HVE-global-X21-base-320,HVE,base,overall,X21_320_available_exposure,tr_8,X21,tr_8::overall,M_condition,1.0083721044177831,0.9148148524564752,1.086960954904865,3,3,0,ok,
HVE-global-X21-base-320,HVE,base,overall,X21_320_available_exposure,tr_8,X21,tr_8::overall,M_joint,1.0111269952917725,0.9162027667592263,1.0892277473368974,3,3,0,ok,
HVE-global-X21-base-320,HVE,base,overall,X21_320_available_exposure,tr_8,X21,tr_8::overall,M_null,1.0060733086796068,0.9126213490366478,1.0835573206261309,3,3,0,ok,
HVE-global-X21-base-320,HVE,base,overall,X21_320_available_exposure,tr_8,X21,tr_8::overall,M_predictor,1.0090847061496815,0.9176572392876606,1.086510913376771,3,3,0,ok,
HVE-global-X21-base-320,HVE,base,overall_order_sensitive,X21_320_available_exposure,cnn_2,X21,cnn_2::overall_order_sensitive,M_condition,1.0083721044177831,0.9148148524564752,1.086960954904865,3,3,0,ok,
HVE-global-X21-base-320,HVE,base,overall_order_sensitive,X21_320_available_exposure,cnn_2,X21,cnn_2::overall_order_sensitive,M_joint,1.0097642618457983,0.9158402020275053,1.0886565637936054,3,3,0,ok,
HVE-global-X21-base-320,HVE,base,overall_order_sensitive,X21_320_available_exposure,cnn_2,X21,cnn_2::overall_order_sensitive,M_null,1.0060733086796068,0.9126213490366478,1.0835573206261309,3,3,0,ok,
HVE-global-X21-base-320,HVE,base,overall_order_sensitive,X21_320_available_exposure,cnn_2,X21,cnn_2::overall_order_sensitive,M_predictor,1.006905336911547,0.9103496969578326,1.0869560443389144,3,3,0,ok,
HVE-global-X21-base-320,HVE,base,overall_order_sensitive,X21_320_available_exposure,cnn_3,X21,cnn_3::overall_order_sensitive,M_condition,1.0083721044177831,0.9148148524564752,1.086960954904865,3,3,0,ok,
HVE-global-X21-base-320,HVE,base,overall_order_sensitive,X21_320_available_exposure,cnn_3,X21,cnn_3::overall_order_sensitive,M_joint,1.0087407283991316,0.9143925739637823,1.0880146802488404,3,3,0,ok,
HVE-global-X21-base-320,HVE,base,overall_order_sensitive,X21_320_available_exposure,cnn_3,X21,cnn_3::overall_order_sensitive,M_null,1.0060733086796068,0.9126213490366478,1.0835573206261309,3,3,0,ok,
HVE-global-X21-base-320,HVE,base,overall_order_sensitive,X21_320_available_exposure,cnn_3,X21,cnn_3::overall_order_sensitive,M_predictor,1.0062067701794857,0.9123178500573152,1.0841431860929884,3,3,0,ok,
HVE-global-X21-base-320,HVE,base,overall_order_sensitive,X21_320_available_exposure,cnn_4,X21,cnn_4::overall_order_sensitive,M_condition,1.0083721044177831,0.9148148524564752,1.086960954904865,3,3,0,ok,
HVE-global-X21-base-320,HVE,base,overall_order_sensitive,X21_320_available_exposure,cnn_4,X21,cnn_4::overall_order_sensitive,M_joint,1.0088064570742825,0.9146346506896164,1.087195235896733,3,3,0,ok,
HVE-global-X21-base-320,HVE,base,overall_order_sensitive,X21_320_available_exposure,cnn_4,X21,cnn_4::overall_order_sensitive,M_null,1.0060733086796068,0.9126213490366478,1.0835573206261309,3,3,0,ok,
HVE-global-X21-base-320,HVE,base,overall_order_sensitive,X21_320_available_exposure,cnn_4,X21,cnn_4::overall_order_sensitive,M_predictor,1.0064896775493624,0.9134375060730898,1.0839039300246898,3,3,0,ok,
HVE-global-X21-base-320,HVE,base,overall_order_sensitive,X21_320_available_exposure,cnn_5,X21,cnn_5::overall_order_sensitive,M_condition,1.0083721044177831,0.9148148524564752,1.086960954904865,3,3,0,ok,
HVE-global-X21-base-320,HVE,base,overall_order_sensitive,X21_320_available_exposure,cnn_5,X21,cnn_5::overall_order_sensitive,M_joint,1.0091361863486996,0.9148017258081167,1.087046160913852,3,3,0,ok,
HVE-global-X21-base-320,HVE,base,overall_order_sensitive,X21_320_available_exposure,cnn_5,X21,cnn_5::overall_order_sensitive,M_null,1.0060733086796068,0.9126213490366478,1.0835573206261309,3,3,0,ok,
HVE-global-X21-base-320,HVE,base,overall_order_sensitive,X21_320_available_exposure,cnn_5,X21,cnn_5::overall_order_sensitive,M_predictor,1.00684046811747,0.9136468307390531,1.0841347516801345,3,3,0,ok,
HVE-global-X21-base-320,HVE,base,overall_order_sensitive,X21_320_available_exposure,cnn_6,X21,cnn_6::overall_order_sensitive,M_condition,1.0083721044177831,0.9148148524564752,1.086960954904865,3,3,0,ok,
HVE-global-X21-base-320,HVE,base,overall_order_sensitive,X21_320_available_exposure,cnn_6,X21,cnn_6::overall_order_sensitive,M_joint,1.0092075170903254,0.9154221821044619,1.0874938547569968,3,3,0,ok,
HVE-global-X21-base-320,HVE,base,overall_order_sensitive,X21_320_available_exposure,cnn_6,X21,cnn_6::overall_order_sensitive,M_null,1.0060733086796068,0.9126213490366478,1.0835573206261309,3,3,0,ok,
HVE-global-X21-base-320,HVE,base,overall_order_sensitive,X21_320_available_exposure,cnn_6,X21,cnn_6::overall_order_sensitive,M_predictor,1.0063455313885734,0.910412599164002,1.08593633653821,3,3,0,ok,
HVE-global-X21-base-320,HVE,base,overall_order_sensitive,X21_320_available_exposure,tr_0,X21,tr_0::overall_order_sensitive,M_condition,1.0083721044177831,0.9148148524564752,1.086960954904865,3,3,0,ok,
HVE-global-X21-base-320,HVE,base,overall_order_sensitive,X21_320_available_exposure,tr_0,X21,tr_0::overall_order_sensitive,M_joint,1.0086196786519102,0.9142742770294502,1.0877780619789468,3,3,0,ok,
HVE-global-X21-base-320,HVE,base,overall_order_sensitive,X21_320_available_exposure,tr_0,X21,tr_0::overall_order_sensitive,M_null,1.0060733086796068,0.9126213490366478,1.0835573206261309,3,3,0,ok,
HVE-global-X21-base-320,HVE,base,overall_order_sensitive,X21_320_available_exposure,tr_0,X21,tr_0::overall_order_sensitive,M_predictor,1.0062049989044901,0.913027694086377,1.0835002477718176,3,3,0,ok,
HVE-global-X21-base-320,HVE,base,overall_order_sensitive,X21_320_available_exposure,tr_10,X21,tr_10::overall_order_sensitive,M_condition,1.0083721044177831,0.9148148524564752,1.086960954904865,3,3,0,ok,
HVE-global-X21-base-320,HVE,base,overall_order_sensitive,X21_320_available_exposure,tr_10,X21,tr_10::overall_order_sensitive,M_joint,1.008657355290035,0.9156057585190785,1.0868897195727072,3,3,0,ok,
HVE-global-X21-base-320,HVE,base,overall_order_sensitive,X21_320_available_exposure,tr_10,X21,tr_10::overall_order_sensitive,M_null,1.0060733086796068,0.9126213490366478,1.0835573206261309,3,3,0,ok,
HVE-global-X21-base-320,HVE,base,overall_order_sensitive,X21_320_available_exposure,tr_10,X21,tr_10::overall_order_sensitive,M_predictor,1.0061435520918098,0.9135775657531822,1.0826217750359852,3,3,0,ok,
HVE-global-X21-base-320,HVE,base,overall_order_sensitive,X21_320_available_exposure,tr_12,X21,tr_12::overall_order_sensitive,M_condition,1.0083721044177831,0.9148148524564752,1.086960954904865,3,3,0,ok,
HVE-global-X21-base-320,HVE,base,overall_order_sensitive,X21_320_available_exposure,tr_12,X21,tr_12::overall_order_sensitive,M_joint,1.0084264173162385,0.9147354088782681,1.0870217357896466,3,3,0,ok,
HVE-global-X21-base-320,HVE,base,overall_order_sensitive,X21_320_available_exposure,tr_12,X21,tr_12::overall_order_sensitive,M_null,1.0060733086796068,0.9126213490366478,1.0835573206261309,3,3,0,ok,
HVE-global-X21-base-320,HVE,base,overall_order_sensitive,X21_320_available_exposure,tr_12,X21,tr_12::overall_order_sensitive,M_predictor,1.0060519554617968,0.9126042587394168,1.0835243403929113,3,3,0,ok,
HVE-global-X21-base-320,HVE,base,overall_order_sensitive,X21_320_available_exposure,tr_14,X21,tr_14::overall_order_sensitive,M_condition,1.0083721044177831,0.9148148524564752,1.086960954904865,3,3,0,ok,
HVE-global-X21-base-320,HVE,base,overall_order_sensitive,X21_320_available_exposure,tr_14,X21,tr_14::overall_order_sensitive,M_joint,1.0081828229712648,0.9147707020707031,1.0868538276500586,3,3,0,ok,
HVE-global-X21-base-320,HVE,base,overall_order_sensitive,X21_320_available_exposure,tr_14,X21,tr_14::overall_order_sensitive,M_null,1.0060733086796068,0.9126213490366478,1.0835573206261309,3,3,0,ok,
HVE-global-X21-base-320,HVE,base,overall_order_sensitive,X21_320_available_exposure,tr_14,X21,tr_14::overall_order_sensitive,M_predictor,1.0071308415709908,0.9148376089198704,1.0844535530211061,3,3,0,ok,
HVE-global-X21-base-320,HVE,base,overall_order_sensitive,X21_320_available_exposure,tr_16,X21,tr_16::overall_order_sensitive,M_condition,1.0083721044177831,0.9148148524564752,1.086960954904865,3,3,0,ok,
HVE-global-X21-base-320,HVE,base,overall_order_sensitive,X21_320_available_exposure,tr_16,X21,tr_16::overall_order_sensitive,M_joint,1.0087016334425194,0.9154268566366506,1.086999327946676,3,3,0,ok,
HVE-global-X21-base-320,HVE,base,overall_order_sensitive,X21_320_available_exposure,tr_16,X21,tr_16::overall_order_sensitive,M_null,1.0060733086796068,0.9126213490366478,1.0835573206261309,3,3,0,ok,
HVE-global-X21-base-320,HVE,base,overall_order_sensitive,X21_320_available_exposure,tr_16,X21,tr_16::overall_order_sensitive,M_predictor,1.0080027637585134,0.915498714031717,1.0845905283578239,3,3,0,ok,
HVE-global-X21-base-320,HVE,base,overall_order_sensitive,X21_320_available_exposure,tr_18,X21,tr_18::overall_order_sensitive,M_condition,1.0083721044177831,0.9148148524564752,1.086960954904865,3,3,0,ok,
HVE-global-X21-base-320,HVE,base,overall_order_sensitive,X21_320_available_exposure,tr_18,X21,tr_18::overall_order_sensitive,M_joint,1.008651104450488,0.9172444139362224,1.085537293568077,3,3,0,ok,
HVE-global-X21-base-320,HVE,base,overall_order_sensitive,X21_320_available_exposure,tr_18,X21,tr_18::overall_order_sensitive,M_null,1.0060733086796068,0.9126213490366478,1.0835573206261309,3,3,0,ok,
HVE-global-X21-base-320,HVE,base,overall_order_sensitive,X21_320_available_exposure,tr_18,X21,tr_18::overall_order_sensitive,M_predictor,1.0077773827649519,0.9178830652313615,1.0825937999390165,3,3,0,ok,
HVE-global-X21-base-320,HVE,base,overall_order_sensitive,X21_320_available_exposure,tr_2,X21,tr_2::overall_order_sensitive,M_condition,1.0083721044177831,0.9148148524564752,1.086960954904865,3,3,0,ok,
HVE-global-X21-base-320,HVE,base,overall_order_sensitive,X21_320_available_exposure,tr_2,X21,tr_2::overall_order_sensitive,M_joint,1.0089150721870581,0.9142741934274904,1.0885782029277964,3,3,0,ok,
HVE-global-X21-base-320,HVE,base,overall_order_sensitive,X21_320_available_exposure,tr_2,X21,tr_2::overall_order_sensitive,M_null,1.0060733086796068,0.9126213490366478,1.0835573206261309,3,3,0,ok,
HVE-global-X21-base-320,HVE,base,overall_order_sensitive,X21_320_available_exposure,tr_2,X21,tr_2::overall_order_sensitive,M_predictor,1.006928708878636,0.9160908986874436,1.0826049691675332,3,3,0,ok,
HVE-global-X21-base-320,HVE,base,overall_order_sensitive,X21_320_available_exposure,tr_20,X21,tr_20::overall_order_sensitive,M_condition,1.0083721044177831,0.9148148524564752,1.086960954904865,3,3,0,ok,
HVE-global-X21-base-320,HVE,base,overall_order_sensitive,X21_320_available_exposure,tr_20,X21,tr_20::overall_order_sensitive,M_joint,1.0093976650290948,0.9190717044590936,1.0851531541209487,3,3,0,ok,
HVE-global-X21-base-320,HVE,base,overall_order_sensitive,X21_320_available_exposure,tr_20,X21,tr_20::overall_order_sensitive,M_null,1.0060733086796068,0.9126213490366478,1.0835573206261309,3,3,0,ok,
HVE-global-X21-base-320,HVE,base,overall_order_sensitive,X21_320_available_exposure,tr_20,X21,tr_20::overall_order_sensitive,M_predictor,1.007785342329524,0.9195050289974152,1.0810281917041629,3,3,0,ok,
HVE-global-X21-base-320,HVE,base,overall_order_sensitive,X21_320_available_exposure,tr_22,X21,tr_22::overall_order_sensitive,M_condition,1.0083721044177831,0.9148148524564752,1.086960954904865,3,3,0,ok,
HVE-global-X21-base-320,HVE,base,overall_order_sensitive,X21_320_available_exposure,tr_22,X21,tr_22::overall_order_sensitive,M_joint,1.010279249176196,0.9177941238242762,1.0877191851461623,3,3,0,ok,
HVE-global-X21-base-320,HVE,base,overall_order_sensitive,X21_320_available_exposure,tr_22,X21,tr_22::overall_order_sensitive,M_null,1.0060733086796068,0.9126213490366478,1.0835573206261309,3,3,0,ok,
HVE-global-X21-base-320,HVE,base,overall_order_sensitive,X21_320_available_exposure,tr_22,X21,tr_22::overall_order_sensitive,M_predictor,1.0084757786124354,0.9199639034420243,1.0829773618679859,3,3,0,ok,
HVE-global-X21-base-320,HVE,base,overall_order_sensitive,X21_320_available_exposure,tr_4,X21,tr_4::overall_order_sensitive,M_condition,1.0083721044177831,0.9148148524564752,1.086960954904865,3,3,0,ok,
HVE-global-X21-base-320,HVE,base,overall_order_sensitive,X21_320_available_exposure,tr_4,X21,tr_4::overall_order_sensitive,M_joint,1.0088763247367132,0.914532564260456,1.0886691563074478,3,3,0,ok,
HVE-global-X21-base-320,HVE,base,overall_order_sensitive,X21_320_available_exposure,tr_4,X21,tr_4::overall_order_sensitive,M_null,1.0060733086796068,0.9126213490366478,1.0835573206261309,3,3,0,ok,
HVE-global-X21-base-320,HVE,base,overall_order_sensitive,X21_320_available_exposure,tr_4,X21,tr_4::overall_order_sensitive,M_predictor,1.0067572298449556,0.9151744227081857,1.0826545427621916,3,3,0,ok,
HVE-global-X21-base-320,HVE,base,overall_order_sensitive,X21_320_available_exposure,tr_6,X21,tr_6::overall_order_sensitive,M_condition,1.0083721044177831,0.9148148524564752,1.086960954904865,3,3,0,ok,
HVE-global-X21-base-320,HVE,base,overall_order_sensitive,X21_320_available_exposure,tr_6,X21,tr_6::overall_order_sensitive,M_joint,1.0123005304860773,0.9165654155514418,1.0884028479226122,3,3,0,ok,
HVE-global-X21-base-320,HVE,base,overall_order_sensitive,X21_320_available_exposure,tr_6,X21,tr_6::overall_order_sensitive,M_null,1.0060733086796068,0.9126213490366478,1.0835573206261309,3,3,0,ok,
HVE-global-X21-base-320,HVE,base,overall_order_sensitive,X21_320_available_exposure,tr_6,X21,tr_6::overall_order_sensitive,M_predictor,1.0090131215859102,0.9166459367720841,1.0868954801004176,3,3,0,ok,
HVE-global-X21-base-320,HVE,base,overall_order_sensitive,X21_320_available_exposure,tr_8,X21,tr_8::overall_order_sensitive,M_condition,1.0083721044177831,0.9148148524564752,1.086960954904865,3,3,0,ok,
HVE-global-X21-base-320,HVE,base,overall_order_sensitive,X21_320_available_exposure,tr_8,X21,tr_8::overall_order_sensitive,M_joint,1.0099501084509186,0.9157583543232204,1.0867673242083464,3,3,0,ok,
HVE-global-X21-base-320,HVE,base,overall_order_sensitive,X21_320_available_exposure,tr_8,X21,tr_8::overall_order_sensitive,M_null,1.0060733086796068,0.9126213490366478,1.0835573206261309,3,3,0,ok,
HVE-global-X21-base-320,HVE,base,overall_order_sensitive,X21_320_available_exposure,tr_8,X21,tr_8::overall_order_sensitive,M_predictor,1.0075028490249258,0.9137304230402896,1.0870771254474607,3,3,0,ok,
HVE-global-X21-ft-320,HVE,ft,overall,X21_320_available_exposure,cnn_2,X21,cnn_2::overall,M_condition,1.0083721044177831,0.9148148524564752,1.086960954904865,3,3,0,ok,
HVE-global-X21-ft-320,HVE,ft,overall,X21_320_available_exposure,cnn_2,X21,cnn_2::overall,M_joint,1.010453368754755,0.915423468396386,1.088304922871718,3,3,0,ok,
HVE-global-X21-ft-320,HVE,ft,overall,X21_320_available_exposure,cnn_2,X21,cnn_2::overall,M_null,1.0060733086796068,0.9126213490366478,1.0835573206261309,3,3,0,ok,
HVE-global-X21-ft-320,HVE,ft,overall,X21_320_available_exposure,cnn_2,X21,cnn_2::overall,M_predictor,1.008231977593448,0.9112233716016088,1.0851275193498406,3,3,0,ok,
HVE-global-X21-ft-320,HVE,ft,overall,X21_320_available_exposure,cnn_3,X21,cnn_3::overall,M_condition,1.0083721044177831,0.9148148524564752,1.086960954904865,3,3,0,ok,
HVE-global-X21-ft-320,HVE,ft,overall,X21_320_available_exposure,cnn_3,X21,cnn_3::overall,M_joint,1.0104523385419009,0.9154518338176085,1.08852631937213,3,3,0,ok,
HVE-global-X21-ft-320,HVE,ft,overall,X21_320_available_exposure,cnn_3,X21,cnn_3::overall,M_null,1.0060733086796068,0.9126213490366478,1.0835573206261309,3,3,0,ok,
HVE-global-X21-ft-320,HVE,ft,overall,X21_320_available_exposure,cnn_3,X21,cnn_3::overall,M_predictor,1.008398550603428,0.9132706189477713,1.0849472571362442,3,3,0,ok,
HVE-global-X21-ft-320,HVE,ft,overall,X21_320_available_exposure,cnn_4,X21,cnn_4::overall,M_condition,1.0083721044177831,0.9148148524564752,1.086960954904865,3,3,0,ok,
HVE-global-X21-ft-320,HVE,ft,overall,X21_320_available_exposure,cnn_4,X21,cnn_4::overall,M_joint,1.009711996772996,0.9148737041203998,1.0877210857295239,3,3,0,ok,
HVE-global-X21-ft-320,HVE,ft,overall,X21_320_available_exposure,cnn_4,X21,cnn_4::overall,M_null,1.0060733086796068,0.9126213490366478,1.0835573206261309,3,3,0,ok,
HVE-global-X21-ft-320,HVE,ft,overall,X21_320_available_exposure,cnn_4,X21,cnn_4::overall,M_predictor,1.0076971435253403,0.9148340741793546,1.0846896798145658,3,3,0,ok,
HVE-global-X21-ft-320,HVE,ft,overall,X21_320_available_exposure,cnn_5,X21,cnn_5::overall,M_condition,1.0083721044177831,0.9148148524564752,1.086960954904865,3,3,0,ok,
HVE-global-X21-ft-320,HVE,ft,overall,X21_320_available_exposure,cnn_5,X21,cnn_5::overall,M_joint,1.0096015458382546,0.9148591667926841,1.0875151660176894,3,3,0,ok,
HVE-global-X21-ft-320,HVE,ft,overall,X21_320_available_exposure,cnn_5,X21,cnn_5::overall,M_null,1.0060733086796068,0.9126213490366478,1.0835573206261309,3,3,0,ok,
HVE-global-X21-ft-320,HVE,ft,overall,X21_320_available_exposure,cnn_5,X21,cnn_5::overall,M_predictor,1.0077186252154124,0.9145008418386084,1.0847637822175198,3,3,0,ok,
HVE-global-X21-ft-320,HVE,ft,overall,X21_320_available_exposure,cnn_6,X21,cnn_6::overall,M_condition,1.0083721044177831,0.9148148524564752,1.086960954904865,3,3,0,ok,
HVE-global-X21-ft-320,HVE,ft,overall,X21_320_available_exposure,cnn_6,X21,cnn_6::overall,M_joint,1.010665849304966,0.9165176762308226,1.0883273865510616,3,3,0,ok,
HVE-global-X21-ft-320,HVE,ft,overall,X21_320_available_exposure,cnn_6,X21,cnn_6::overall,M_null,1.0060733086796068,0.9126213490366478,1.0835573206261309,3,3,0,ok,
HVE-global-X21-ft-320,HVE,ft,overall,X21_320_available_exposure,cnn_6,X21,cnn_6::overall,M_predictor,1.0078078039132712,0.9110547993000602,1.0850735857987528,3,3,0,ok,
HVE-global-X21-ft-320,HVE,ft,overall,X21_320_available_exposure,tr_0,X21,tr_0::overall,M_condition,1.0083721044177831,0.9148148524564752,1.086960954904865,3,3,0,ok,
HVE-global-X21-ft-320,HVE,ft,overall,X21_320_available_exposure,tr_0,X21,tr_0::overall,M_joint,1.0102917375985465,0.9153618338355641,1.087870104399139,3,3,0,ok,
HVE-global-X21-ft-320,HVE,ft,overall,X21_320_available_exposure,tr_0,X21,tr_0::overall,M_null,1.0060733086796068,0.9126213490366478,1.0835573206261309,3,3,0,ok,
HVE-global-X21-ft-320,HVE,ft,overall,X21_320_available_exposure,tr_0,X21,tr_0::overall,M_predictor,1.008213660126348,0.9165323855205494,1.085405064579413,3,3,0,ok,
HVE-global-X21-ft-320,HVE,ft,overall,X21_320_available_exposure,tr_10,X21,tr_10::overall,M_condition,1.0083721044177831,0.9148148524564752,1.086960954904865,3,3,0,ok,
HVE-global-X21-ft-320,HVE,ft,overall,X21_320_available_exposure,tr_10,X21,tr_10::overall,M_joint,1.0106319150336773,0.9159432191685963,1.0878890279685272,3,3,0,ok,
HVE-global-X21-ft-320,HVE,ft,overall,X21_320_available_exposure,tr_10,X21,tr_10::overall,M_null,1.0060733086796068,0.9126213490366478,1.0835573206261309,3,3,0,ok,
HVE-global-X21-ft-320,HVE,ft,overall,X21_320_available_exposure,tr_10,X21,tr_10::overall,M_predictor,1.0093015636506208,0.9137452251032234,1.0844983158587493,3,3,0,ok,
HVE-global-X21-ft-320,HVE,ft,overall,X21_320_available_exposure,tr_12,X21,tr_12::overall,M_condition,1.0083721044177831,0.9148148524564752,1.086960954904865,3,3,0,ok,
HVE-global-X21-ft-320,HVE,ft,overall,X21_320_available_exposure,tr_12,X21,tr_12::overall,M_joint,1.008689782184972,0.9153704165965941,1.0866595493312856,3,3,0,ok,
HVE-global-X21-ft-320,HVE,ft,overall,X21_320_available_exposure,tr_12,X21,tr_12::overall,M_null,1.0060733086796068,0.9126213490366478,1.0835573206261309,3,3,0,ok,
HVE-global-X21-ft-320,HVE,ft,overall,X21_320_available_exposure,tr_12,X21,tr_12::overall,M_predictor,1.0064786614722783,0.9135858665095072,1.0818639678362396,3,3,0,ok,
HVE-global-X21-ft-320,HVE,ft,overall,X21_320_available_exposure,tr_14,X21,tr_14::overall,M_condition,1.0083721044177831,0.9148148524564752,1.086960954904865,3,3,0,ok,
HVE-global-X21-ft-320,HVE,ft,overall,X21_320_available_exposure,tr_14,X21,tr_14::overall,M_joint,1.009060879310162,0.9164982822999698,1.0868684613716924,3,3,0,ok,
HVE-global-X21-ft-320,HVE,ft,overall,X21_320_available_exposure,tr_14,X21,tr_14::overall,M_null,1.0060733086796068,0.9126213490366478,1.0835573206261309,3,3,0,ok,
HVE-global-X21-ft-320,HVE,ft,overall,X21_320_available_exposure,tr_14,X21,tr_14::overall,M_predictor,1.0074686899324605,0.9185252017808211,1.0819289431379364,3,3,0,ok,
HVE-global-X21-ft-320,HVE,ft,overall,X21_320_available_exposure,tr_16,X21,tr_16::overall,M_condition,1.0083721044177831,0.9148148524564752,1.086960954904865,3,3,0,ok,
HVE-global-X21-ft-320,HVE,ft,overall,X21_320_available_exposure,tr_16,X21,tr_16::overall,M_joint,1.00838671802621,0.9156317595055533,1.0862197485307248,3,3,0,ok,
HVE-global-X21-ft-320,HVE,ft,overall,X21_320_available_exposure,tr_16,X21,tr_16::overall,M_null,1.0060733086796068,0.9126213490366478,1.0835573206261309,3,3,0,ok,
HVE-global-X21-ft-320,HVE,ft,overall,X21_320_available_exposure,tr_16,X21,tr_16::overall,M_predictor,1.0066389412951984,0.9162634025556506,1.0812878667250225,3,3,0,ok,
HVE-global-X21-ft-320,HVE,ft,overall,X21_320_available_exposure,tr_18,X21,tr_18::overall,M_condition,1.0083721044177831,0.9148148524564752,1.086960954904865,3,3,0,ok,
HVE-global-X21-ft-320,HVE,ft,overall,X21_320_available_exposure,tr_18,X21,tr_18::overall,M_joint,1.0086958378351065,0.9154531799606271,1.0869373836108254,3,3,0,ok,
HVE-global-X21-ft-320,HVE,ft,overall,X21_320_available_exposure,tr_18,X21,tr_18::overall,M_null,1.0060733086796068,0.9126213490366478,1.0835573206261309,3,3,0,ok,
HVE-global-X21-ft-320,HVE,ft,overall,X21_320_available_exposure,tr_18,X21,tr_18::overall,M_predictor,1.007374856650892,0.916661513952167,1.083877330262254,3,3,0,ok,
HVE-global-X21-ft-320,HVE,ft,overall,X21_320_available_exposure,tr_2,X21,tr_2::overall,M_condition,1.0083721044177831,0.9148148524564752,1.086960954904865,3,3,0,ok,
HVE-global-X21-ft-320,HVE,ft,overall,X21_320_available_exposure,tr_2,X21,tr_2::overall,M_joint,1.0106534700518475,0.9154327141682188,1.0884821208008897,3,3,0,ok,
HVE-global-X21-ft-320,HVE,ft,overall,X21_320_available_exposure,tr_2,X21,tr_2::overall,M_null,1.0060733086796068,0.9126213490366478,1.0835573206261309,3,3,0,ok,
HVE-global-X21-ft-320,HVE,ft,overall,X21_320_available_exposure,tr_2,X21,tr_2::overall,M_predictor,1.0094108964702297,0.9175712185786157,1.086065298342812,3,3,0,ok,
HVE-global-X21-ft-320,HVE,ft,overall,X21_320_available_exposure,tr_20,X21,tr_20::overall,M_condition,1.0083721044177831,0.9148148524564752,1.086960954904865,3,3,0,ok,
HVE-global-X21-ft-320,HVE,ft,overall,X21_320_available_exposure,tr_20,X21,tr_20::overall,M_joint,1.010588444887864,0.9160730386611229,1.088593351773876,3,3,0,ok,
HVE-global-X21-ft-320,HVE,ft,overall,X21_320_available_exposure,tr_20,X21,tr_20::overall,M_null,1.0060733086796068,0.9126213490366478,1.0835573206261309,3,3,0,ok,
HVE-global-X21-ft-320,HVE,ft,overall,X21_320_available_exposure,tr_20,X21,tr_20::overall,M_predictor,1.0078070158991006,0.9161682570361982,1.0868133526970003,3,3,0,ok,
HVE-global-X21-ft-320,HVE,ft,overall,X21_320_available_exposure,tr_22,X21,tr_22::overall,M_condition,1.0083721044177831,0.9148148524564752,1.086960954904865,3,3,0,ok,
HVE-global-X21-ft-320,HVE,ft,overall,X21_320_available_exposure,tr_22,X21,tr_22::overall,M_joint,1.0091137751221042,0.9151227456040643,1.0876226996178426,3,3,0,ok,
HVE-global-X21-ft-320,HVE,ft,overall,X21_320_available_exposure,tr_22,X21,tr_22::overall,M_null,1.0060733086796068,0.9126213490366478,1.0835573206261309,3,3,0,ok,
HVE-global-X21-ft-320,HVE,ft,overall,X21_320_available_exposure,tr_22,X21,tr_22::overall,M_predictor,1.0077512993406426,0.9172641641992578,1.084356052371378,3,3,0,ok,
HVE-global-X21-ft-320,HVE,ft,overall,X21_320_available_exposure,tr_4,X21,tr_4::overall,M_condition,1.0083721044177831,0.9148148524564752,1.086960954904865,3,3,0,ok,
HVE-global-X21-ft-320,HVE,ft,overall,X21_320_available_exposure,tr_4,X21,tr_4::overall,M_joint,1.0112041072276794,0.9165733877208994,1.0888872251324355,3,3,0,ok,
HVE-global-X21-ft-320,HVE,ft,overall,X21_320_available_exposure,tr_4,X21,tr_4::overall,M_null,1.0060733086796068,0.9126213490366478,1.0835573206261309,3,3,0,ok,
HVE-global-X21-ft-320,HVE,ft,overall,X21_320_available_exposure,tr_4,X21,tr_4::overall,M_predictor,1.0099698920411295,0.9184876736662553,1.0862521734807289,3,3,0,ok,
HVE-global-X21-ft-320,HVE,ft,overall,X21_320_available_exposure,tr_6,X21,tr_6::overall,M_condition,1.0083721044177831,0.9148148524564752,1.086960954904865,3,3,0,ok,
HVE-global-X21-ft-320,HVE,ft,overall,X21_320_available_exposure,tr_6,X21,tr_6::overall,M_joint,1.0101044219500723,0.9151544597057506,1.0883240659700948,3,3,0,ok,
HVE-global-X21-ft-320,HVE,ft,overall,X21_320_available_exposure,tr_6,X21,tr_6::overall,M_null,1.0060733086796068,0.9126213490366478,1.0835573206261309,3,3,0,ok,
HVE-global-X21-ft-320,HVE,ft,overall,X21_320_available_exposure,tr_6,X21,tr_6::overall,M_predictor,1.0092226895238128,0.9161099361019345,1.0854178873227063,3,3,0,ok,
HVE-global-X21-ft-320,HVE,ft,overall,X21_320_available_exposure,tr_8,X21,tr_8::overall,M_condition,1.0083721044177831,0.9148148524564752,1.086960954904865,3,3,0,ok,
HVE-global-X21-ft-320,HVE,ft,overall,X21_320_available_exposure,tr_8,X21,tr_8::overall,M_joint,1.0093246803218099,0.9151837513841531,1.0875858788415307,3,3,0,ok,
HVE-global-X21-ft-320,HVE,ft,overall,X21_320_available_exposure,tr_8,X21,tr_8::overall,M_null,1.0060733086796068,0.9126213490366478,1.0835573206261309,3,3,0,ok,
HVE-global-X21-ft-320,HVE,ft,overall,X21_320_available_exposure,tr_8,X21,tr_8::overall,M_predictor,1.0083093747806846,0.9160665410018032,1.0846414794113024,3,3,0,ok,
HVE-global-X21-ft-320,HVE,ft,overall_order_sensitive,X21_320_available_exposure,cnn_2,X21,cnn_2::overall_order_sensitive,M_condition,1.0083721044177831,0.9148148524564752,1.086960954904865,3,3,0,ok,
HVE-global-X21-ft-320,HVE,ft,overall_order_sensitive,X21_320_available_exposure,cnn_2,X21,cnn_2::overall_order_sensitive,M_joint,1.0097642618457983,0.9158402020275053,1.0886565637936054,3,3,0,ok,
HVE-global-X21-ft-320,HVE,ft,overall_order_sensitive,X21_320_available_exposure,cnn_2,X21,cnn_2::overall_order_sensitive,M_null,1.0060733086796068,0.9126213490366478,1.0835573206261309,3,3,0,ok,
HVE-global-X21-ft-320,HVE,ft,overall_order_sensitive,X21_320_available_exposure,cnn_2,X21,cnn_2::overall_order_sensitive,M_predictor,1.006905336911547,0.9103496969578326,1.0869560443389144,3,3,0,ok,
HVE-global-X21-ft-320,HVE,ft,overall_order_sensitive,X21_320_available_exposure,cnn_3,X21,cnn_3::overall_order_sensitive,M_condition,1.0083721044177831,0.9148148524564752,1.086960954904865,3,3,0,ok,
HVE-global-X21-ft-320,HVE,ft,overall_order_sensitive,X21_320_available_exposure,cnn_3,X21,cnn_3::overall_order_sensitive,M_joint,1.0087407283991316,0.9143925739637823,1.0880146802488404,3,3,0,ok,
HVE-global-X21-ft-320,HVE,ft,overall_order_sensitive,X21_320_available_exposure,cnn_3,X21,cnn_3::overall_order_sensitive,M_null,1.0060733086796068,0.9126213490366478,1.0835573206261309,3,3,0,ok,
HVE-global-X21-ft-320,HVE,ft,overall_order_sensitive,X21_320_available_exposure,cnn_3,X21,cnn_3::overall_order_sensitive,M_predictor,1.0062067701794857,0.9123178500573152,1.0841431860929884,3,3,0,ok,
HVE-global-X21-ft-320,HVE,ft,overall_order_sensitive,X21_320_available_exposure,cnn_4,X21,cnn_4::overall_order_sensitive,M_condition,1.0083721044177831,0.9148148524564752,1.086960954904865,3,3,0,ok,
HVE-global-X21-ft-320,HVE,ft,overall_order_sensitive,X21_320_available_exposure,cnn_4,X21,cnn_4::overall_order_sensitive,M_joint,1.0088064570742825,0.9146346506896164,1.087195235896733,3,3,0,ok,
HVE-global-X21-ft-320,HVE,ft,overall_order_sensitive,X21_320_available_exposure,cnn_4,X21,cnn_4::overall_order_sensitive,M_null,1.0060733086796068,0.9126213490366478,1.0835573206261309,3,3,0,ok,
HVE-global-X21-ft-320,HVE,ft,overall_order_sensitive,X21_320_available_exposure,cnn_4,X21,cnn_4::overall_order_sensitive,M_predictor,1.0064896775493624,0.9134375060730898,1.0839039300246898,3,3,0,ok,
HVE-global-X21-ft-320,HVE,ft,overall_order_sensitive,X21_320_available_exposure,cnn_5,X21,cnn_5::overall_order_sensitive,M_condition,1.0083721044177831,0.9148148524564752,1.086960954904865,3,3,0,ok,
HVE-global-X21-ft-320,HVE,ft,overall_order_sensitive,X21_320_available_exposure,cnn_5,X21,cnn_5::overall_order_sensitive,M_joint,1.0091361863486996,0.9148017258081167,1.087046160913852,3,3,0,ok,
HVE-global-X21-ft-320,HVE,ft,overall_order_sensitive,X21_320_available_exposure,cnn_5,X21,cnn_5::overall_order_sensitive,M_null,1.0060733086796068,0.9126213490366478,1.0835573206261309,3,3,0,ok,
HVE-global-X21-ft-320,HVE,ft,overall_order_sensitive,X21_320_available_exposure,cnn_5,X21,cnn_5::overall_order_sensitive,M_predictor,1.00684046811747,0.9136468307390531,1.0841347516801345,3,3,0,ok,
HVE-global-X21-ft-320,HVE,ft,overall_order_sensitive,X21_320_available_exposure,cnn_6,X21,cnn_6::overall_order_sensitive,M_condition,1.0083721044177831,0.9148148524564752,1.086960954904865,3,3,0,ok,
HVE-global-X21-ft-320,HVE,ft,overall_order_sensitive,X21_320_available_exposure,cnn_6,X21,cnn_6::overall_order_sensitive,M_joint,1.0092075170903254,0.9154221821044619,1.0874938547569968,3,3,0,ok,
HVE-global-X21-ft-320,HVE,ft,overall_order_sensitive,X21_320_available_exposure,cnn_6,X21,cnn_6::overall_order_sensitive,M_null,1.0060733086796068,0.9126213490366478,1.0835573206261309,3,3,0,ok,
HVE-global-X21-ft-320,HVE,ft,overall_order_sensitive,X21_320_available_exposure,cnn_6,X21,cnn_6::overall_order_sensitive,M_predictor,1.0063455313885734,0.910412599164002,1.08593633653821,3,3,0,ok,
HVE-global-X21-ft-320,HVE,ft,overall_order_sensitive,X21_320_available_exposure,tr_0,X21,tr_0::overall_order_sensitive,M_condition,1.0083721044177831,0.9148148524564752,1.086960954904865,3,3,0,ok,
HVE-global-X21-ft-320,HVE,ft,overall_order_sensitive,X21_320_available_exposure,tr_0,X21,tr_0::overall_order_sensitive,M_joint,1.0087299274366612,0.9142255498006536,1.0883544910739278,3,3,0,ok,
HVE-global-X21-ft-320,HVE,ft,overall_order_sensitive,X21_320_available_exposure,tr_0,X21,tr_0::overall_order_sensitive,M_null,1.0060733086796068,0.9126213490366478,1.0835573206261309,3,3,0,ok,
HVE-global-X21-ft-320,HVE,ft,overall_order_sensitive,X21_320_available_exposure,tr_0,X21,tr_0::overall_order_sensitive,M_predictor,1.0062052900792373,0.9131630310256809,1.0833605719779442,3,3,0,ok,
HVE-global-X21-ft-320,HVE,ft,overall_order_sensitive,X21_320_available_exposure,tr_10,X21,tr_10::overall_order_sensitive,M_condition,1.0083721044177831,0.9148148524564752,1.086960954904865,3,3,0,ok,
HVE-global-X21-ft-320,HVE,ft,overall_order_sensitive,X21_320_available_exposure,tr_10,X21,tr_10::overall_order_sensitive,M_joint,1.008363350155056,0.9156871915658543,1.0860564663437406,3,3,0,ok,
HVE-global-X21-ft-320,HVE,ft,overall_order_sensitive,X21_320_available_exposure,tr_10,X21,tr_10::overall_order_sensitive,M_null,1.0060733086796068,0.9126213490366478,1.0835573206261309,3,3,0,ok,
HVE-global-X21-ft-320,HVE,ft,overall_order_sensitive,X21_320_available_exposure,tr_10,X21,tr_10::overall_order_sensitive,M_predictor,1.0063718824369388,0.9145300328874227,1.0822992107260594,3,3,0,ok,
HVE-global-X21-ft-320,HVE,ft,overall_order_sensitive,X21_320_available_exposure,tr_12,X21,tr_12::overall_order_sensitive,M_condition,1.0083721044177831,0.9148148524564752,1.086960954904865,3,3,0,ok,
HVE-global-X21-ft-320,HVE,ft,overall_order_sensitive,X21_320_available_exposure,tr_12,X21,tr_12::overall_order_sensitive,M_joint,1.0097917649233252,0.918426381603623,1.0866864610424596,3,3,0,ok,
HVE-global-X21-ft-320,HVE,ft,overall_order_sensitive,X21_320_available_exposure,tr_12,X21,tr_12::overall_order_sensitive,M_null,1.0060733086796068,0.9126213490366478,1.0835573206261309,3,3,0,ok,
HVE-global-X21-ft-320,HVE,ft,overall_order_sensitive,X21_320_available_exposure,tr_12,X21,tr_12::overall_order_sensitive,M_predictor,1.0078060858464235,0.9188428607522946,1.081480653609457,3,3,0,ok,
HVE-global-X21-ft-320,HVE,ft,overall_order_sensitive,X21_320_available_exposure,tr_14,X21,tr_14::overall_order_sensitive,M_condition,1.0083721044177831,0.9148148524564752,1.086960954904865,3,3,0,ok,
HVE-global-X21-ft-320,HVE,ft,overall_order_sensitive,X21_320_available_exposure,tr_14,X21,tr_14::overall_order_sensitive,M_joint,1.0098583173386653,0.9159398322649727,1.0884458245989124,3,3,0,ok,
HVE-global-X21-ft-320,HVE,ft,overall_order_sensitive,X21_320_available_exposure,tr_14,X21,tr_14::overall_order_sensitive,M_null,1.0060733086796068,0.9126213490366478,1.0835573206261309,3,3,0,ok,
HVE-global-X21-ft-320,HVE,ft,overall_order_sensitive,X21_320_available_exposure,tr_14,X21,tr_14::overall_order_sensitive,M_predictor,1.0068143986989846,0.9148297273335314,1.0822863322676477,3,3,0,ok,
HVE-global-X21-ft-320,HVE,ft,overall_order_sensitive,X21_320_available_exposure,tr_16,X21,tr_16::overall_order_sensitive,M_condition,1.0083721044177831,0.9148148524564752,1.086960954904865,3,3,0,ok,
HVE-global-X21-ft-320,HVE,ft,overall_order_sensitive,X21_320_available_exposure,tr_16,X21,tr_16::overall_order_sensitive,M_joint,1.008658907947285,0.9152981816357846,1.0870568388878037,3,3,0,ok,
HVE-global-X21-ft-320,HVE,ft,overall_order_sensitive,X21_320_available_exposure,tr_16,X21,tr_16::overall_order_sensitive,M_null,1.0060733086796068,0.9126213490366478,1.0835573206261309,3,3,0,ok,
HVE-global-X21-ft-320,HVE,ft,overall_order_sensitive,X21_320_available_exposure,tr_16,X21,tr_16::overall_order_sensitive,M_predictor,1.0069464239252592,0.9131780202946407,1.0843102941490743,3,3,0,ok,
HVE-global-X21-ft-320,HVE,ft,overall_order_sensitive,X21_320_available_exposure,tr_18,X21,tr_18::overall_order_sensitive,M_condition,1.0083721044177831,0.9148148524564752,1.086960954904865,3,3,0,ok,
HVE-global-X21-ft-320,HVE,ft,overall_order_sensitive,X21_320_available_exposure,tr_18,X21,tr_18::overall_order_sensitive,M_joint,1.0093965328482326,0.915370603839561,1.0872761889640656,3,3,0,ok,
HVE-global-X21-ft-320,HVE,ft,overall_order_sensitive,X21_320_available_exposure,tr_18,X21,tr_18::overall_order_sensitive,M_null,1.0060733086796068,0.9126213490366478,1.0835573206261309,3,3,0,ok,
HVE-global-X21-ft-320,HVE,ft,overall_order_sensitive,X21_320_available_exposure,tr_18,X21,tr_18::overall_order_sensitive,M_predictor,1.0084827370887428,0.9139640211305816,1.0846035034276826,3,3,0,ok,
HVE-global-X21-ft-320,HVE,ft,overall_order_sensitive,X21_320_available_exposure,tr_2,X21,tr_2::overall_order_sensitive,M_condition,1.0083721044177831,0.9148148524564752,1.086960954904865,3,3,0,ok,
HVE-global-X21-ft-320,HVE,ft,overall_order_sensitive,X21_320_available_exposure,tr_2,X21,tr_2::overall_order_sensitive,M_joint,1.008908385315119,0.9138655525774317,1.0884400853798784,3,3,0,ok,
HVE-global-X21-ft-320,HVE,ft,overall_order_sensitive,X21_320_available_exposure,tr_2,X21,tr_2::overall_order_sensitive,M_null,1.0060733086796068,0.9126213490366478,1.0835573206261309,3,3,0,ok,
HVE-global-X21-ft-320,HVE,ft,overall_order_sensitive,X21_320_available_exposure,tr_2,X21,tr_2::overall_order_sensitive,M_predictor,1.0066280078696341,0.9124531580790619,1.084367019711304,3,3,0,ok,
HVE-global-X21-ft-320,HVE,ft,overall_order_sensitive,X21_320_available_exposure,tr_20,X21,tr_20::overall_order_sensitive,M_condition,1.0083721044177831,0.9148148524564752,1.086960954904865,3,3,0,ok,
HVE-global-X21-ft-320,HVE,ft,overall_order_sensitive,X21_320_available_exposure,tr_20,X21,tr_20::overall_order_sensitive,M_joint,1.008639714737049,0.9150204495432139,1.086767712541923,3,3,0,ok,
HVE-global-X21-ft-320,HVE,ft,overall_order_sensitive,X21_320_available_exposure,tr_20,X21,tr_20::overall_order_sensitive,M_null,1.0060733086796068,0.9126213490366478,1.0835573206261309,3,3,0,ok,
HVE-global-X21-ft-320,HVE,ft,overall_order_sensitive,X21_320_available_exposure,tr_20,X21,tr_20::overall_order_sensitive,M_predictor,1.0067572298988154,0.9129183718927318,1.0828277443335692,3,3,0,ok,
HVE-global-X21-ft-320,HVE,ft,overall_order_sensitive,X21_320_available_exposure,tr_22,X21,tr_22::overall_order_sensitive,M_condition,1.0083721044177831,0.9148148524564752,1.086960954904865,3,3,0,ok,
HVE-global-X21-ft-320,HVE,ft,overall_order_sensitive,X21_320_available_exposure,tr_22,X21,tr_22::overall_order_sensitive,M_joint,1.0085330302538393,0.9149487702220529,1.0874965280028355,3,3,0,ok,
HVE-global-X21-ft-320,HVE,ft,overall_order_sensitive,X21_320_available_exposure,tr_22,X21,tr_22::overall_order_sensitive,M_null,1.0060733086796068,0.9126213490366478,1.0835573206261309,3,3,0,ok,
HVE-global-X21-ft-320,HVE,ft,overall_order_sensitive,X21_320_available_exposure,tr_22,X21,tr_22::overall_order_sensitive,M_predictor,1.0063271921759485,0.9137203676668114,1.0831202847805406,3,3,0,ok,
HVE-global-X21-ft-320,HVE,ft,overall_order_sensitive,X21_320_available_exposure,tr_4,X21,tr_4::overall_order_sensitive,M_condition,1.0083721044177831,0.9148148524564752,1.086960954904865,3,3,0,ok,
HVE-global-X21-ft-320,HVE,ft,overall_order_sensitive,X21_320_available_exposure,tr_4,X21,tr_4::overall_order_sensitive,M_joint,1.0086639303556129,0.9145846141174254,1.0880429288978208,3,3,0,ok,
HVE-global-X21-ft-320,HVE,ft,overall_order_sensitive,X21_320_available_exposure,tr_4,X21,tr_4::overall_order_sensitive,M_null,1.0060733086796068,0.9126213490366478,1.0835573206261309,3,3,0,ok,
HVE-global-X21-ft-320,HVE,ft,overall_order_sensitive,X21_320_available_exposure,tr_4,X21,tr_4::overall_order_sensitive,M_predictor,1.0066514826678918,0.9123182350719381,1.0866874735723642,3,3,0,ok,
HVE-global-X21-ft-320,HVE,ft,overall_order_sensitive,X21_320_available_exposure,tr_6,X21,tr_6::overall_order_sensitive,M_condition,1.0083721044177831,0.9148148524564752,1.086960954904865,3,3,0,ok,
HVE-global-X21-ft-320,HVE,ft,overall_order_sensitive,X21_320_available_exposure,tr_6,X21,tr_6::overall_order_sensitive,M_joint,1.0080348570327553,0.9151842842781601,1.086161797370239,3,3,0,ok,
HVE-global-X21-ft-320,HVE,ft,overall_order_sensitive,X21_320_available_exposure,tr_6,X21,tr_6::overall_order_sensitive,M_null,1.0060733086796068,0.9126213490366478,1.0835573206261309,3,3,0,ok,
HVE-global-X21-ft-320,HVE,ft,overall_order_sensitive,X21_320_available_exposure,tr_6,X21,tr_6::overall_order_sensitive,M_predictor,1.0062625759348052,0.915082323719966,1.0832562473094887,3,3,0,ok,
HVE-global-X21-ft-320,HVE,ft,overall_order_sensitive,X21_320_available_exposure,tr_8,X21,tr_8::overall_order_sensitive,M_condition,1.0083721044177831,0.9148148524564752,1.086960954904865,3,3,0,ok,
HVE-global-X21-ft-320,HVE,ft,overall_order_sensitive,X21_320_available_exposure,tr_8,X21,tr_8::overall_order_sensitive,M_joint,1.008640635230526,0.9146451736398656,1.0878610709426342,3,3,0,ok,
HVE-global-X21-ft-320,HVE,ft,overall_order_sensitive,X21_320_available_exposure,tr_8,X21,tr_8::overall_order_sensitive,M_null,1.0060733086796068,0.9126213490366478,1.0835573206261309,3,3,0,ok,
HVE-global-X21-ft-320,HVE,ft,overall_order_sensitive,X21_320_available_exposure,tr_8,X21,tr_8::overall_order_sensitive,M_predictor,1.0070320138773337,0.9135349599977519,1.0858590170179159,3,3,0,ok,
X21-acoustic,SBI,acoustic,similarity,all_participants,mfcc39,X21,mfcc39,M_condition,1.0083721044177831,0.9148148524564752,1.086960954904865,3,3,0,ok,
X21-acoustic,SBI,acoustic,similarity,all_participants,mfcc39,X21,mfcc39,M_joint,1.0084454139289425,0.9149421342079012,1.0870274692535407,3,3,0,ok,
X21-acoustic,SBI,acoustic,similarity,all_participants,mfcc39,X21,mfcc39,M_null,1.0060733086796068,0.9126213490366478,1.0835573206261309,3,3,0,ok,
X21-acoustic,SBI,acoustic,similarity,all_participants,mfcc39,X21,mfcc39,M_predictor,1.0061966933081503,0.9116166683206043,1.0837176229490133,3,3,0,ok,
X21-acoustic,SBI,acoustic,similarity,all_participants,strf24_legacy,X21,strf24_legacy,M_condition,1.0083721044177831,0.9148148524564752,1.086960954904865,3,3,0,ok,
X21-acoustic,SBI,acoustic,similarity,all_participants,strf24_legacy,X21,strf24_legacy,M_joint,1.008369821156072,0.9147787901461324,1.0870111774899982,3,3,0,ok,
X21-acoustic,SBI,acoustic,similarity,all_participants,strf24_legacy,X21,strf24_legacy,M_null,1.0060733086796068,0.9126213490366478,1.0835573206261309,3,3,0,ok,
X21-acoustic,SBI,acoustic,similarity,all_participants,strf24_legacy,X21,strf24_legacy,M_predictor,1.0060976406095266,0.9117404362041421,1.0834811046020756,3,3,0,ok,
X21-base,SBI,base,similarity,all_participants,cnn_2,X21,cnn_2,M_condition,1.0083721044177831,0.9148148524564752,1.086960954904865,3,3,0,ok,
X21-base,SBI,base,similarity,all_participants,cnn_2,X21,cnn_2,M_joint,1.008612025177353,0.9139793403010001,1.0883890459980339,3,3,0,ok,
X21-base,SBI,base,similarity,all_participants,cnn_2,X21,cnn_2,M_null,1.0060733086796068,0.9126213490366478,1.0835573206261309,3,3,0,ok,
X21-base,SBI,base,similarity,all_participants,cnn_2,X21,cnn_2,M_predictor,1.0062683854675643,0.9106908655367968,1.0850158842844801,3,3,0,ok,
X21-base,SBI,base,similarity,all_participants,cnn_3,X21,cnn_3,M_condition,1.0083721044177831,0.9148148524564752,1.086960954904865,3,3,0,ok,
X21-base,SBI,base,similarity,all_participants,cnn_3,X21,cnn_3,M_joint,1.0087590158852366,0.9141847321801707,1.08851985342166,3,3,0,ok,
X21-base,SBI,base,similarity,all_participants,cnn_3,X21,cnn_3,M_null,1.0060733086796068,0.9126213490366478,1.0835573206261309,3,3,0,ok,
X21-base,SBI,base,similarity,all_participants,cnn_3,X21,cnn_3,M_predictor,1.0062679412368263,0.9107474894993978,1.085030895343319,3,3,0,ok,
X21-base,SBI,base,similarity,all_participants,cnn_4,X21,cnn_4,M_condition,1.0083721044177831,0.9148148524564752,1.086960954904865,3,3,0,ok,
X21-base,SBI,base,similarity,all_participants,cnn_4,X21,cnn_4,M_joint,1.008828775004061,0.9134805598518485,1.089196311755161,3,3,0,ok,
X21-base,SBI,base,similarity,all_participants,cnn_4,X21,cnn_4,M_null,1.0060733086796068,0.9126213490366478,1.0835573206261309,3,3,0,ok,
X21-base,SBI,base,similarity,all_participants,cnn_4,X21,cnn_4,M_predictor,1.006419785301981,0.9101540815495857,1.0854235626246724,3,3,0,ok,
X21-base,SBI,base,similarity,all_participants,cnn_5,X21,cnn_5,M_condition,1.0083721044177831,0.9148148524564752,1.086960954904865,3,3,0,ok,
X21-base,SBI,base,similarity,all_participants,cnn_5,X21,cnn_5,M_joint,1.0083633525450246,0.9137182997042634,1.0878522044319145,3,3,0,ok,
X21-base,SBI,base,similarity,all_participants,cnn_5,X21,cnn_5,M_null,1.0060733086796068,0.9126213490366478,1.0835573206261309,3,3,0,ok,
X21-base,SBI,base,similarity,all_participants,cnn_5,X21,cnn_5,M_predictor,1.0061601721728544,0.9103690796194353,1.0845771380123994,3,3,0,ok,
X21-base,SBI,base,similarity,all_participants,cnn_6,X21,cnn_6,M_condition,1.0083721044177831,0.9148148524564752,1.086960954904865,3,3,0,ok,
X21-base,SBI,base,similarity,all_participants,cnn_6,X21,cnn_6,M_joint,1.0082184435971369,0.9142349296103767,1.086854070493686,3,3,0,ok,
X21-base,SBI,base,similarity,all_participants,cnn_6,X21,cnn_6,M_null,1.0060733086796068,0.9126213490366478,1.0835573206261309,3,3,0,ok,
X21-base,SBI,base,similarity,all_participants,cnn_6,X21,cnn_6,M_predictor,1.0061241538564765,0.9109413690099156,1.0835349923960327,3,3,0,ok,
X21-base,SBI,base,similarity,all_participants,tr_0,X21,tr_0,M_condition,1.0083721044177831,0.9148148524564752,1.086960954904865,3,3,0,ok,
X21-base,SBI,base,similarity,all_participants,tr_0,X21,tr_0,M_joint,1.0085407389246035,0.9135672590846886,1.0881552425846988,3,3,0,ok,
X21-base,SBI,base,similarity,all_participants,tr_0,X21,tr_0,M_null,1.0060733086796068,0.9126213490366478,1.0835573206261309,3,3,0,ok,
X21-base,SBI,base,similarity,all_participants,tr_0,X21,tr_0,M_predictor,1.006418902675659,0.9097464822056444,1.0852104975964358,3,3,0,ok,
X21-base,SBI,base,similarity,all_participants,tr_10,X21,tr_10,M_condition,1.0083721044177831,0.9148148524564752,1.086960954904865,3,3,0,ok,
X21-base,SBI,base,similarity,all_participants,tr_10,X21,tr_10,M_joint,1.0085349211997874,0.9139925183148431,1.088029811578152,3,3,0,ok,
X21-base,SBI,base,similarity,all_participants,tr_10,X21,tr_10,M_null,1.0060733086796068,0.9126213490366478,1.0835573206261309,3,3,0,ok,
X21-base,SBI,base,similarity,all_participants,tr_10,X21,tr_10,M_predictor,1.0062623191810012,0.9106874895661716,1.085116976178855,3,3,0,ok,
X21-base,SBI,base,similarity,all_participants,tr_12,X21,tr_12,M_condition,1.0083721044177831,0.9148148524564752,1.086960954904865,3,3,0,ok,
X21-base,SBI,base,similarity,all_participants,tr_12,X21,tr_12,M_joint,1.0085246567877966,0.9135604383048777,1.0882855619586878,3,3,0,ok,
X21-base,SBI,base,similarity,all_participants,tr_12,X21,tr_12,M_null,1.0060733086796068,0.9126213490366478,1.0835573206261309,3,3,0,ok,
X21-base,SBI,base,similarity,all_participants,tr_12,X21,tr_12,M_predictor,1.0063096783902596,0.910266250856495,1.085432209481773,3,3,0,ok,
X21-base,SBI,base,similarity,all_participants,tr_14,X21,tr_14,M_condition,1.0083721044177831,0.9148148524564752,1.086960954904865,3,3,0,ok,
X21-base,SBI,base,similarity,all_participants,tr_14,X21,tr_14,M_joint,1.0085462685299442,0.9136073369576804,1.0881544108898844,3,3,0,ok,
X21-base,SBI,base,similarity,all_participants,tr_14,X21,tr_14,M_null,1.0060733086796068,0.9126213490366478,1.0835573206261309,3,3,0,ok,
X21-base,SBI,base,similarity,all_participants,tr_14,X21,tr_14,M_predictor,1.0062728424808989,0.9104060694111124,1.0849788518660743,3,3,0,ok,
X21-base,SBI,base,similarity,all_participants,tr_16,X21,tr_16,M_condition,1.0083721044177831,0.9148148524564752,1.086960954904865,3,3,0,ok,
X21-base,SBI,base,similarity,all_participants,tr_16,X21,tr_16,M_joint,1.0084356635264473,0.9136403917082706,1.0877809431812813,3,3,0,ok,
X21-base,SBI,base,similarity,all_participants,tr_16,X21,tr_16,M_null,1.0060733086796068,0.9126213490366478,1.0835573206261309,3,3,0,ok,
X21-base,SBI,base,similarity,all_participants,tr_16,X21,tr_16,M_predictor,1.0063206213919813,0.9100869079341135,1.0851647606925423,3,3,0,ok,
X21-base,SBI,base,similarity,all_participants,tr_18,X21,tr_18,M_condition,1.0083721044177831,0.9148148524564752,1.086960954904865,3,3,0,ok,
X21-base,SBI,base,similarity,all_participants,tr_18,X21,tr_18,M_joint,1.0085533787878014,0.9141428205492562,1.0877675834299751,3,3,0,ok,
X21-base,SBI,base,similarity,all_participants,tr_18,X21,tr_18,M_null,1.0060733086796068,0.9126213490366478,1.0835573206261309,3,3,0,ok,
X21-base,SBI,base,similarity,all_participants,tr_18,X21,tr_18,M_predictor,1.0064519744807898,0.9103797755666166,1.0855499000155275,3,3,0,ok,
X21-base,SBI,base,similarity,all_participants,tr_2,X21,tr_2,M_condition,1.0083721044177831,0.9148148524564752,1.086960954904865,3,3,0,ok,
X21-base,SBI,base,similarity,all_participants,tr_2,X21,tr_2,M_joint,1.008929090586655,0.9138881094206104,1.0885677597965717,3,3,0,ok,
X21-base,SBI,base,similarity,all_participants,tr_2,X21,tr_2,M_null,1.0060733086796068,0.9126213490366478,1.0835573206261309,3,3,0,ok,
X21-base,SBI,base,similarity,all_participants,tr_2,X21,tr_2,M_predictor,1.0067116989619251,0.9102167737171125,1.0855422506486299,3,3,0,ok,
X21-base,SBI,base,similarity,all_participants,tr_20,X21,tr_20,M_condition,1.0083721044177831,0.9148148524564752,1.086960954904865,3,3,0,ok,
X21-base,SBI,base,similarity,all_participants,tr_20,X21,tr_20,M_joint,1.0085019982287629,0.9142991899374696,1.0872616260843182,3,3,0,ok,
X21-base,SBI,base,similarity,all_participants,tr_20,X21,tr_20,M_null,1.0060733086796068,0.9126213490366478,1.0835573206261309,3,3,0,ok,
X21-base,SBI,base,similarity,all_participants,tr_20,X21,tr_20,M_predictor,1.0063096137238887,0.911162804679318,1.0841345245578966,3,3,0,ok,
X21-base,SBI,base,similarity,all_participants,tr_22,X21,tr_22,M_condition,1.0083721044177831,0.9148148524564752,1.086960954904865,3,3,0,ok,
X21-base,SBI,base,similarity,all_participants,tr_22,X21,tr_22,M_joint,1.0089341496787427,0.9145506350642569,1.087598463735032,3,3,0,ok,
X21-base,SBI,base,similarity,all_participants,tr_22,X21,tr_22,M_null,1.0060733086796068,0.9126213490366478,1.0835573206261309,3,3,0,ok,
X21-base,SBI,base,similarity,all_participants,tr_22,X21,tr_22,M_predictor,1.0067882285225365,0.9110897594434978,1.0846481006398134,3,3,0,ok,
X21-base,SBI,base,similarity,all_participants,tr_24,X21,tr_24,M_condition,1.0083721044177831,0.9148148524564752,1.086960954904865,3,3,0,ok,
X21-base,SBI,base,similarity,all_participants,tr_24,X21,tr_24,M_joint,1.0083467368771408,0.9132406431537307,1.088091667162821,3,3,0,ok,
X21-base,SBI,base,similarity,all_participants,tr_24,X21,tr_24,M_null,1.0060733086796068,0.9126213490366478,1.0835573206261309,3,3,0,ok,
X21-base,SBI,base,similarity,all_participants,tr_24,X21,tr_24,M_predictor,1.0061645235958057,0.9098598916356226,1.0852715542736593,3,3,0,ok,
X21-base,SBI,base,similarity,all_participants,tr_4,X21,tr_4,M_condition,1.0083721044177831,0.9148148524564752,1.086960954904865,3,3,0,ok,
X21-base,SBI,base,similarity,all_participants,tr_4,X21,tr_4,M_joint,1.0086828505058365,0.9138601184523603,1.0883947008668764,3,3,0,ok,
X21-base,SBI,base,similarity,all_participants,tr_4,X21,tr_4,M_null,1.0060733086796068,0.9126213490366478,1.0835573206261309,3,3,0,ok,
X21-base,SBI,base,similarity,all_participants,tr_4,X21,tr_4,M_predictor,1.006456206898437,0.9101310769686135,1.0855797146796178,3,3,0,ok,
X21-base,SBI,base,similarity,all_participants,tr_6,X21,tr_6,M_condition,1.0083721044177831,0.9148148524564752,1.086960954904865,3,3,0,ok,
X21-base,SBI,base,similarity,all_participants,tr_6,X21,tr_6,M_joint,1.008526565296595,0.9142568771322903,1.087699771609141,3,3,0,ok,
X21-base,SBI,base,similarity,all_participants,tr_6,X21,tr_6,M_null,1.0060733086796068,0.9126213490366478,1.0835573206261309,3,3,0,ok,
X21-base,SBI,base,similarity,all_participants,tr_6,X21,tr_6,M_predictor,1.0063414944179299,0.9108277028964613,1.0848281124755732,3,3,0,ok,
X21-base,SBI,base,similarity,all_participants,tr_8,X21,tr_8,M_condition,1.0083721044177831,0.9148148524564752,1.086960954904865,3,3,0,ok,
X21-base,SBI,base,similarity,all_participants,tr_8,X21,tr_8,M_joint,1.0086362380411662,0.9134062283477636,1.088705868204807,3,3,0,ok,
X21-base,SBI,base,similarity,all_participants,tr_8,X21,tr_8,M_null,1.0060733086796068,0.9126213490366478,1.0835573206261309,3,3,0,ok,
X21-base,SBI,base,similarity,all_participants,tr_8,X21,tr_8,M_predictor,1.0063602217707697,0.9098966422902116,1.0857296885590377,3,3,0,ok,
X21-ft,SBI,ft,similarity,all_participants,cnn_2,X21,cnn_2,M_condition,1.0083721044177831,0.9148148524564752,1.086960954904865,3,3,0,ok,
X21-ft,SBI,ft,similarity,all_participants,cnn_2,X21,cnn_2,M_joint,1.008612025177353,0.9139793403010001,1.0883890459980339,3,3,0,ok,
X21-ft,SBI,ft,similarity,all_participants,cnn_2,X21,cnn_2,M_null,1.0060733086796068,0.9126213490366478,1.0835573206261309,3,3,0,ok,
X21-ft,SBI,ft,similarity,all_participants,cnn_2,X21,cnn_2,M_predictor,1.0062683854675643,0.9106908655367968,1.0850158842844801,3,3,0,ok,
X21-ft,SBI,ft,similarity,all_participants,cnn_3,X21,cnn_3,M_condition,1.0083721044177831,0.9148148524564752,1.086960954904865,3,3,0,ok,
X21-ft,SBI,ft,similarity,all_participants,cnn_3,X21,cnn_3,M_joint,1.0087590158852366,0.9141847321801707,1.08851985342166,3,3,0,ok,
X21-ft,SBI,ft,similarity,all_participants,cnn_3,X21,cnn_3,M_null,1.0060733086796068,0.9126213490366478,1.0835573206261309,3,3,0,ok,
X21-ft,SBI,ft,similarity,all_participants,cnn_3,X21,cnn_3,M_predictor,1.0062679412368263,0.9107474894993978,1.085030895343319,3,3,0,ok,
X21-ft,SBI,ft,similarity,all_participants,cnn_4,X21,cnn_4,M_condition,1.0083721044177831,0.9148148524564752,1.086960954904865,3,3,0,ok,
X21-ft,SBI,ft,similarity,all_participants,cnn_4,X21,cnn_4,M_joint,1.008828775004061,0.9134805598518485,1.089196311755161,3,3,0,ok,
X21-ft,SBI,ft,similarity,all_participants,cnn_4,X21,cnn_4,M_null,1.0060733086796068,0.9126213490366478,1.0835573206261309,3,3,0,ok,
X21-ft,SBI,ft,similarity,all_participants,cnn_4,X21,cnn_4,M_predictor,1.006419785301981,0.9101540815495857,1.0854235626246724,3,3,0,ok,
X21-ft,SBI,ft,similarity,all_participants,cnn_5,X21,cnn_5,M_condition,1.0083721044177831,0.9148148524564752,1.086960954904865,3,3,0,ok,
X21-ft,SBI,ft,similarity,all_participants,cnn_5,X21,cnn_5,M_joint,1.0083633525450246,0.9137182997042634,1.0878522044319145,3,3,0,ok,
X21-ft,SBI,ft,similarity,all_participants,cnn_5,X21,cnn_5,M_null,1.0060733086796068,0.9126213490366478,1.0835573206261309,3,3,0,ok,
X21-ft,SBI,ft,similarity,all_participants,cnn_5,X21,cnn_5,M_predictor,1.0061601721728544,0.9103690796194353,1.0845771380123994,3,3,0,ok,
X21-ft,SBI,ft,similarity,all_participants,cnn_6,X21,cnn_6,M_condition,1.0083721044177831,0.9148148524564752,1.086960954904865,3,3,0,ok,
X21-ft,SBI,ft,similarity,all_participants,cnn_6,X21,cnn_6,M_joint,1.0082184435971369,0.9142349296103767,1.086854070493686,3,3,0,ok,
X21-ft,SBI,ft,similarity,all_participants,cnn_6,X21,cnn_6,M_null,1.0060733086796068,0.9126213490366478,1.0835573206261309,3,3,0,ok,
X21-ft,SBI,ft,similarity,all_participants,cnn_6,X21,cnn_6,M_predictor,1.0061241538564765,0.9109413690099156,1.0835349923960327,3,3,0,ok,
X21-ft,SBI,ft,similarity,all_participants,tr_0,X21,tr_0,M_condition,1.0083721044177831,0.9148148524564752,1.086960954904865,3,3,0,ok,
X21-ft,SBI,ft,similarity,all_participants,tr_0,X21,tr_0,M_joint,1.008499337155359,0.9136829964048289,1.088197529821821,3,3,0,ok,
X21-ft,SBI,ft,similarity,all_participants,tr_0,X21,tr_0,M_null,1.0060733086796068,0.9126213490366478,1.0835573206261309,3,3,0,ok,
X21-ft,SBI,ft,similarity,all_participants,tr_0,X21,tr_0,M_predictor,1.0062448041562273,0.9101231050047304,1.0851506155301986,3,3,0,ok,
X21-ft,SBI,ft,similarity,all_participants,tr_10,X21,tr_10,M_condition,1.0083721044177831,0.9148148524564752,1.086960954904865,3,3,0,ok,
X21-ft,SBI,ft,similarity,all_participants,tr_10,X21,tr_10,M_joint,1.0083740274002084,0.9142465855509495,1.0875362593465092,3,3,0,ok,
X21-ft,SBI,ft,similarity,all_participants,tr_10,X21,tr_10,M_null,1.0060733086796068,0.9126213490366478,1.0835573206261309,3,3,0,ok,
X21-ft,SBI,ft,similarity,all_participants,tr_10,X21,tr_10,M_predictor,1.0061423190352772,0.91131985349957,1.0846904478828314,3,3,0,ok,
X21-ft,SBI,ft,similarity,all_participants,tr_12,X21,tr_12,M_condition,1.0083721044177831,0.9148148524564752,1.086960954904865,3,3,0,ok,
X21-ft,SBI,ft,similarity,all_participants,tr_12,X21,tr_12,M_joint,1.0083579146331878,0.9143951679792729,1.0872784442733503,3,3,0,ok,
X21-ft,SBI,ft,similarity,all_participants,tr_12,X21,tr_12,M_null,1.0060733086796068,0.9126213490366478,1.0835573206261309,3,3,0,ok,
X21-ft,SBI,ft,similarity,all_participants,tr_12,X21,tr_12,M_predictor,1.0061177809145472,0.9113864779770389,1.0843994828886374,3,3,0,ok,
X21-ft,SBI,ft,similarity,all_participants,tr_14,X21,tr_14,M_condition,1.0083721044177831,0.9148148524564752,1.086960954904865,3,3,0,ok,
X21-ft,SBI,ft,similarity,all_participants,tr_14,X21,tr_14,M_joint,1.0081011055399804,0.9137704133153596,1.087249579398238,3,3,0,ok,
X21-ft,SBI,ft,similarity,all_participants,tr_14,X21,tr_14,M_null,1.0060733086796068,0.9126213490366478,1.0835573206261309,3,3,0,ok,
X21-ft,SBI,ft,similarity,all_participants,tr_14,X21,tr_14,M_predictor,1.0058501837433425,0.9106683949260527,1.0842753379410472,3,3,0,ok,
X21-ft,SBI,ft,similarity,all_participants,tr_16,X21,tr_16,M_condition,1.0083721044177831,0.9148148524564752,1.086960954904865,3,3,0,ok,
X21-ft,SBI,ft,similarity,all_participants,tr_16,X21,tr_16,M_joint,1.0084332118284067,0.9140396089823448,1.0878198415807985,3,3,0,ok,
X21-ft,SBI,ft,similarity,all_participants,tr_16,X21,tr_16,M_null,1.0060733086796068,0.9126213490366478,1.0835573206261309,3,3,0,ok,
X21-ft,SBI,ft,similarity,all_participants,tr_16,X21,tr_16,M_predictor,1.0061595708947138,0.9109219036306285,1.0849813382759175,3,3,0,ok,
X21-ft,SBI,ft,similarity,all_participants,tr_18,X21,tr_18,M_condition,1.0083721044177831,0.9148148524564752,1.086960954904865,3,3,0,ok,
X21-ft,SBI,ft,similarity,all_participants,tr_18,X21,tr_18,M_joint,1.008493800577751,0.9144482233147063,1.0876450861026972,3,3,0,ok,
X21-ft,SBI,ft,similarity,all_participants,tr_18,X21,tr_18,M_null,1.0060733086796068,0.9126213490366478,1.0835573206261309,3,3,0,ok,
X21-ft,SBI,ft,similarity,all_participants,tr_18,X21,tr_18,M_predictor,1.0061151818300846,0.911446479793153,1.0847655710941935,3,3,0,ok,
X21-ft,SBI,ft,similarity,all_participants,tr_2,X21,tr_2,M_condition,1.0083721044177831,0.9148148524564752,1.086960954904865,3,3,0,ok,
X21-ft,SBI,ft,similarity,all_participants,tr_2,X21,tr_2,M_joint,1.0087274912732942,0.9141357107246102,1.0883257087917555,3,3,0,ok,
X21-ft,SBI,ft,similarity,all_participants,tr_2,X21,tr_2,M_null,1.0060733086796068,0.9126213490366478,1.0835573206261309,3,3,0,ok,
X21-ft,SBI,ft,similarity,all_participants,tr_2,X21,tr_2,M_predictor,1.0064178763404097,0.9108845855486989,1.0850345125014311,3,3,0,ok,
X21-ft,SBI,ft,similarity,all_participants,tr_20,X21,tr_20,M_condition,1.0083721044177831,0.9148148524564752,1.086960954904865,3,3,0,ok,
X21-ft,SBI,ft,similarity,all_participants,tr_20,X21,tr_20,M_joint,1.0083101968476942,0.9142944952705874,1.0873093967290315,3,3,0,ok,
X21-ft,SBI,ft,similarity,all_participants,tr_20,X21,tr_20,M_null,1.0060733086796068,0.9126213490366478,1.0835573206261309,3,3,0,ok,
X21-ft,SBI,ft,similarity,all_participants,tr_20,X21,tr_20,M_predictor,1.0060195778121175,0.911360443882274,1.084362960961319,3,3,0,ok,
X21-ft,SBI,ft,similarity,all_participants,tr_22,X21,tr_22,M_condition,1.0083721044177831,0.9148148524564752,1.086960954904865,3,3,0,ok,
X21-ft,SBI,ft,similarity,all_participants,tr_22,X21,tr_22,M_joint,1.0082110187547324,0.9124894432322763,1.0884858470848857,3,3,0,ok,
X21-ft,SBI,ft,similarity,all_participants,tr_22,X21,tr_22,M_null,1.0060733086796068,0.9126213490366478,1.0835573206261309,3,3,0,ok,
X21-ft,SBI,ft,similarity,all_participants,tr_22,X21,tr_22,M_predictor,1.0060231382259308,0.9093002716535201,1.0857060709411845,3,3,0,ok,
X21-ft,SBI,ft,similarity,all_participants,tr_24,X21,tr_24,M_condition,1.0083721044177831,0.9148148524564752,1.086960954904865,3,3,0,ok,
X21-ft,SBI,ft,similarity,all_participants,tr_24,X21,tr_24,M_joint,1.008244922213296,0.9136243564218294,1.088139254739096,3,3,0,ok,
X21-ft,SBI,ft,similarity,all_participants,tr_24,X21,tr_24,M_null,1.0060733086796068,0.9126213490366478,1.0835573206261309,3,3,0,ok,
X21-ft,SBI,ft,similarity,all_participants,tr_24,X21,tr_24,M_predictor,1.0060581056197204,0.9107529565425012,1.0851409914792485,3,3,0,ok,
X21-ft,SBI,ft,similarity,all_participants,tr_4,X21,tr_4,M_condition,1.0083721044177831,0.9148148524564752,1.086960954904865,3,3,0,ok,
X21-ft,SBI,ft,similarity,all_participants,tr_4,X21,tr_4,M_joint,1.00833890526482,0.9143188391526398,1.0871398812768625,3,3,0,ok,
X21-ft,SBI,ft,similarity,all_participants,tr_4,X21,tr_4,M_null,1.0060733086796068,0.9126213490366478,1.0835573206261309,3,3,0,ok,
X21-ft,SBI,ft,similarity,all_participants,tr_4,X21,tr_4,M_predictor,1.0061349328280778,0.9112669890867016,1.083827002935366,3,3,0,ok,
X21-ft,SBI,ft,similarity,all_participants,tr_6,X21,tr_6,M_condition,1.0083721044177831,0.9148148524564752,1.086960954904865,3,3,0,ok,
X21-ft,SBI,ft,similarity,all_participants,tr_6,X21,tr_6,M_joint,1.0084317248569024,0.9143506550931718,1.08730090355347,3,3,0,ok,
X21-ft,SBI,ft,similarity,all_participants,tr_6,X21,tr_6,M_null,1.0060733086796068,0.9126213490366478,1.0835573206261309,3,3,0,ok,
X21-ft,SBI,ft,similarity,all_participants,tr_6,X21,tr_6,M_predictor,1.0061712044311817,0.9113524345919912,1.0838957768767787,3,3,0,ok,
X21-ft,SBI,ft,similarity,all_participants,tr_8,X21,tr_8,M_condition,1.0083721044177831,0.9148148524564752,1.086960954904865,3,3,0,ok,
X21-ft,SBI,ft,similarity,all_participants,tr_8,X21,tr_8,M_joint,1.008495483067917,0.9144814030456784,1.0875487020429553,3,3,0,ok,
X21-ft,SBI,ft,similarity,all_participants,tr_8,X21,tr_8,M_null,1.0060733086796068,0.9126213490366478,1.0835573206261309,3,3,0,ok,
X21-ft,SBI,ft,similarity,all_participants,tr_8,X21,tr_8,M_predictor,1.006238273213297,0.9113071498104116,1.0846716747225795,3,3,0,ok,
