dataset_id,feature_key,scope,fold,model_id,random_policy,random_structure,group,term,paired_term,variance,stddev_or_correlation,variance_below_1e_8,singular,convergence
B23,cnn_2,cv_train,0.0,M_condition,registered,participant_item_intercepts_with_fixed_talker_block,participant_id,(Intercept),,0.378656838736337,0.615350988246819,False,False,ok
B23,cnn_2,cv_train,0.0,M_condition,registered,participant_item_intercepts_with_fixed_talker_block,analysis_item_id,(Intercept),,1.3127895648925,1.14577029324926,False,False,ok
B23,cnn_2,cv_train,0.0,M_joint,registered,participant_item_intercepts_with_fixed_talker_block,participant_id,(Intercept),,0.378713649219055,0.615397147555182,False,False,ok
B23,cnn_2,cv_train,0.0,M_joint,registered,participant_item_intercepts_with_fixed_talker_block,analysis_item_id,(Intercept),,1.31248012205578,1.14563524826001,False,False,ok
B23,cnn_2,cv_train,0.0,M_null,registered,participant_item_intercepts_with_fixed_talker_block,participant_id,(Intercept),,0.422793140446051,0.650225453551344,False,False,ok
B23,cnn_2,cv_train,0.0,M_null,registered,participant_item_intercepts_with_fixed_talker_block,analysis_item_id,(Intercept),,1.31309919485827,1.14590540397463,False,False,ok
B23,cnn_2,cv_train,0.0,M_predictor,registered,participant_item_intercepts_with_fixed_talker_block,participant_id,(Intercept),,0.423880507916587,0.651061063124334,False,False,ok
B23,cnn_2,cv_train,0.0,M_predictor,registered,participant_item_intercepts_with_fixed_talker_block,analysis_item_id,(Intercept),,1.31281950943069,1.14578336060125,False,False,ok
B23,cnn_2,cv_train,1.0,M_condition,registered,participant_item_intercepts_with_fixed_talker_block,participant_id,(Intercept),,0.502948189582988,0.709188402036432,False,False,ok
B23,cnn_2,cv_train,1.0,M_condition,registered,participant_item_intercepts_with_fixed_talker_block,analysis_item_id,(Intercept),,1.26027618405165,1.1226202314459,False,False,ok
B23,cnn_2,cv_train,1.0,M_joint,registered,participant_item_intercepts_with_fixed_talker_block,participant_id,(Intercept),,0.502885764315587,0.7091443889051,False,False,ok
B23,cnn_2,cv_train,1.0,M_joint,registered,participant_item_intercepts_with_fixed_talker_block,analysis_item_id,(Intercept),,1.26004168269835,1.12251578282817,False,False,ok
B23,cnn_2,cv_train,1.0,M_null,registered,participant_item_intercepts_with_fixed_talker_block,participant_id,(Intercept),,0.520240138306088,0.721276741830823,False,False,ok
B23,cnn_2,cv_train,1.0,M_null,registered,participant_item_intercepts_with_fixed_talker_block,analysis_item_id,(Intercept),,1.26029725775484,1.12262961735153,False,False,ok
B23,cnn_2,cv_train,1.0,M_predictor,registered,participant_item_intercepts_with_fixed_talker_block,participant_id,(Intercept),,0.520215388342316,0.721259584575703,False,False,ok
B23,cnn_2,cv_train,1.0,M_predictor,registered,participant_item_intercepts_with_fixed_talker_block,analysis_item_id,(Intercept),,1.26006434359321,1.12252587658067,False,False,ok
B23,cnn_2,cv_train,2.0,M_condition,registered,participant_item_intercepts_with_fixed_talker_block,participant_id,(Intercept),,0.54472891281608,0.738057526766092,False,False,ok
B23,cnn_2,cv_train,2.0,M_condition,registered,participant_item_intercepts_with_fixed_talker_block,analysis_item_id,(Intercept),,1.41317831061326,1.18877176556867,False,False,ok
B23,cnn_2,cv_train,2.0,M_joint,registered,participant_item_intercepts_with_fixed_talker_block,participant_id,(Intercept),,0.544713028834725,0.738046766021453,False,False,ok
B23,cnn_2,cv_train,2.0,M_joint,registered,participant_item_intercepts_with_fixed_talker_block,analysis_item_id,(Intercept),,1.412978233902,1.18868760988832,False,False,ok
B23,cnn_2,cv_train,2.0,M_null,registered,participant_item_intercepts_with_fixed_talker_block,participant_id,(Intercept),,0.570351634256893,0.755216283098354,False,False,ok
B23,cnn_2,cv_train,2.0,M_null,registered,participant_item_intercepts_with_fixed_talker_block,analysis_item_id,(Intercept),,1.41324978079729,1.18880182570406,False,False,ok
B23,cnn_2,cv_train,2.0,M_predictor,registered,participant_item_intercepts_with_fixed_talker_block,participant_id,(Intercept),,0.570351298016599,0.755216060486401,False,False,ok
B23,cnn_2,cv_train,2.0,M_predictor,registered,participant_item_intercepts_with_fixed_talker_block,analysis_item_id,(Intercept),,1.41305760640811,1.18872099603234,False,False,ok
B23,cnn_2,full,,M_condition,registered,participant_item_intercepts_with_fixed_talker_block,participant_id,(Intercept),,0.480919702786681,0.693483743707581,False,False,ok
B23,cnn_2,full,,M_condition,registered,participant_item_intercepts_with_fixed_talker_block,analysis_item_id,(Intercept),,1.33748381572465,1.15649635352847,False,False,ok
B23,cnn_2,full,,M_joint,registered,participant_item_intercepts_with_fixed_talker_block,participant_id,(Intercept),,0.480868605443343,0.693446901675494,False,False,ok
B23,cnn_2,full,,M_joint,registered,participant_item_intercepts_with_fixed_talker_block,analysis_item_id,(Intercept),,1.33706937812538,1.15631716156311,False,False,ok
B23,cnn_2,full,,M_null,registered,participant_item_intercepts_with_fixed_talker_block,participant_id,(Intercept),,0.502658159204384,0.708983892062707,False,False,ok
B23,cnn_2,full,,M_null,registered,participant_item_intercepts_with_fixed_talker_block,analysis_item_id,(Intercept),,1.33752353470099,1.1565135255158,False,False,ok
B23,cnn_2,full,,M_predictor,registered,participant_item_intercepts_with_fixed_talker_block,participant_id,(Intercept),,0.502796548929167,0.709081482573877,False,False,ok
B23,cnn_2,full,,M_predictor,registered,participant_item_intercepts_with_fixed_talker_block,analysis_item_id,(Intercept),,1.3371245855581,1.15634103341449,False,False,ok
B23,cnn_3,cv_train,0.0,M_condition,registered,participant_item_intercepts_with_fixed_talker_block,participant_id,(Intercept),,0.378656838736337,0.615350988246819,False,False,ok
B23,cnn_3,cv_train,0.0,M_condition,registered,participant_item_intercepts_with_fixed_talker_block,analysis_item_id,(Intercept),,1.3127895648925,1.14577029324926,False,False,ok
B23,cnn_3,cv_train,0.0,M_joint,registered,participant_item_intercepts_with_fixed_talker_block,participant_id,(Intercept),,0.378738673434048,0.615417478979959,False,False,ok
B23,cnn_3,cv_train,0.0,M_joint,registered,participant_item_intercepts_with_fixed_talker_block,analysis_item_id,(Intercept),,1.31161822006321,1.14525901876528,False,False,ok
B23,cnn_3,cv_train,0.0,M_null,registered,participant_item_intercepts_with_fixed_talker_block,participant_id,(Intercept),,0.422793140446051,0.650225453551344,False,False,ok
B23,cnn_3,cv_train,0.0,M_null,registered,participant_item_intercepts_with_fixed_talker_block,analysis_item_id,(Intercept),,1.31309919485827,1.14590540397463,False,False,ok
B23,cnn_3,cv_train,0.0,M_predictor,registered,participant_item_intercepts_with_fixed_talker_block,participant_id,(Intercept),,0.423404698106705,0.650695549475102,False,False,ok
B23,cnn_3,cv_train,0.0,M_predictor,registered,participant_item_intercepts_with_fixed_talker_block,analysis_item_id,(Intercept),,1.31195339161881,1.1454053394405,False,False,ok
B23,cnn_3,cv_train,1.0,M_condition,registered,participant_item_intercepts_with_fixed_talker_block,participant_id,(Intercept),,0.502948189582988,0.709188402036432,False,False,ok
B23,cnn_3,cv_train,1.0,M_condition,registered,participant_item_intercepts_with_fixed_talker_block,analysis_item_id,(Intercept),,1.26027618405165,1.1226202314459,False,False,ok
B23,cnn_3,cv_train,1.0,M_joint,registered,participant_item_intercepts_with_fixed_talker_block,participant_id,(Intercept),,0.502889269196195,0.709146860104587,False,False,ok
B23,cnn_3,cv_train,1.0,M_joint,registered,participant_item_intercepts_with_fixed_talker_block,analysis_item_id,(Intercept),,1.25990679787802,1.12245569973965,False,False,ok
B23,cnn_3,cv_train,1.0,M_null,registered,participant_item_intercepts_with_fixed_talker_block,participant_id,(Intercept),,0.520240138306088,0.721276741830823,False,False,ok
B23,cnn_3,cv_train,1.0,M_null,registered,participant_item_intercepts_with_fixed_talker_block,analysis_item_id,(Intercept),,1.26029725775484,1.12262961735153,False,False,ok
B23,cnn_3,cv_train,1.0,M_predictor,registered,participant_item_intercepts_with_fixed_talker_block,participant_id,(Intercept),,0.520101767742514,0.72118081487413,False,False,ok
B23,cnn_3,cv_train,1.0,M_predictor,registered,participant_item_intercepts_with_fixed_talker_block,analysis_item_id,(Intercept),,1.25991547261606,1.12245956391135,False,False,ok
B23,cnn_3,cv_train,2.0,M_condition,registered,participant_item_intercepts_with_fixed_talker_block,participant_id,(Intercept),,0.54472891281608,0.738057526766092,False,False,ok
B23,cnn_3,cv_train,2.0,M_condition,registered,participant_item_intercepts_with_fixed_talker_block,analysis_item_id,(Intercept),,1.41317831061326,1.18877176556867,False,False,ok
B23,cnn_3,cv_train,2.0,M_joint,registered,participant_item_intercepts_with_fixed_talker_block,participant_id,(Intercept),,0.544714243422091,0.738047588860021,False,False,ok
B23,cnn_3,cv_train,2.0,M_joint,registered,participant_item_intercepts_with_fixed_talker_block,analysis_item_id,(Intercept),,1.41270325283049,1.18857193843305,False,False,ok
B23,cnn_3,cv_train,2.0,M_null,registered,participant_item_intercepts_with_fixed_talker_block,participant_id,(Intercept),,0.570351634256893,0.755216283098354,False,False,ok
B23,cnn_3,cv_train,2.0,M_null,registered,participant_item_intercepts_with_fixed_talker_block,analysis_item_id,(Intercept),,1.41324978079729,1.18880182570406,False,False,ok
B23,cnn_3,cv_train,2.0,M_predictor,registered,participant_item_intercepts_with_fixed_talker_block,participant_id,(Intercept),,0.570249871882163,0.755148907091948,False,False,ok
B23,cnn_3,cv_train,2.0,M_predictor,registered,participant_item_intercepts_with_fixed_talker_block,analysis_item_id,(Intercept),,1.41276288551578,1.18859702402277,False,False,ok
B23,cnn_3,full,,M_condition,registered,participant_item_intercepts_with_fixed_talker_block,participant_id,(Intercept),,0.480919702786681,0.693483743707581,False,False,ok
B23,cnn_3,full,,M_condition,registered,participant_item_intercepts_with_fixed_talker_block,analysis_item_id,(Intercept),,1.33748381572465,1.15649635352847,False,False,ok
B23,cnn_3,full,,M_joint,registered,participant_item_intercepts_with_fixed_talker_block,participant_id,(Intercept),,0.480880328181765,0.693455354137356,False,False,ok
B23,cnn_3,full,,M_joint,registered,participant_item_intercepts_with_fixed_talker_block,analysis_item_id,(Intercept),,1.33665460338809,1.15613779602091,False,False,ok
B23,cnn_3,full,,M_null,registered,participant_item_intercepts_with_fixed_talker_block,participant_id,(Intercept),,0.502658159204384,0.708983892062707,False,False,ok
B23,cnn_3,full,,M_null,registered,participant_item_intercepts_with_fixed_talker_block,analysis_item_id,(Intercept),,1.33752353470099,1.1565135255158,False,False,ok
B23,cnn_3,full,,M_predictor,registered,participant_item_intercepts_with_fixed_talker_block,participant_id,(Intercept),,0.502565129448097,0.708918281220125,False,False,ok
B23,cnn_3,full,,M_predictor,registered,participant_item_intercepts_with_fixed_talker_block,analysis_item_id,(Intercept),,1.33670312879357,1.15615878182608,False,False,ok
B23,cnn_4,cv_train,0.0,M_condition,registered,participant_item_intercepts_with_fixed_talker_block,participant_id,(Intercept),,0.378656838736337,0.615350988246819,False,False,ok
B23,cnn_4,cv_train,0.0,M_condition,registered,participant_item_intercepts_with_fixed_talker_block,analysis_item_id,(Intercept),,1.3127895648925,1.14577029324926,False,False,ok
B23,cnn_4,cv_train,0.0,M_joint,registered,participant_item_intercepts_with_fixed_talker_block,participant_id,(Intercept),,0.378726145663209,0.615407300625537,False,False,ok
B23,cnn_4,cv_train,0.0,M_joint,registered,participant_item_intercepts_with_fixed_talker_block,analysis_item_id,(Intercept),,1.30948818346598,1.14432870429173,False,False,ok
B23,cnn_4,cv_train,0.0,M_null,registered,participant_item_intercepts_with_fixed_talker_block,participant_id,(Intercept),,0.422793140446051,0.650225453551344,False,False,ok
B23,cnn_4,cv_train,0.0,M_null,registered,participant_item_intercepts_with_fixed_talker_block,analysis_item_id,(Intercept),,1.31309919485827,1.14590540397463,False,False,ok
B23,cnn_4,cv_train,0.0,M_predictor,registered,participant_item_intercepts_with_fixed_talker_block,participant_id,(Intercept),,0.423342009285432,0.650647377067972,False,False,ok
B23,cnn_4,cv_train,0.0,M_predictor,registered,participant_item_intercepts_with_fixed_talker_block,analysis_item_id,(Intercept),,1.30983936201009,1.14448213704281,False,False,ok
B23,cnn_4,cv_train,1.0,M_condition,registered,participant_item_intercepts_with_fixed_talker_block,participant_id,(Intercept),,0.502948189582988,0.709188402036432,False,False,ok
B23,cnn_4,cv_train,1.0,M_condition,registered,participant_item_intercepts_with_fixed_talker_block,analysis_item_id,(Intercept),,1.26027618405165,1.1226202314459,False,False,ok
B23,cnn_4,cv_train,1.0,M_joint,registered,participant_item_intercepts_with_fixed_talker_block,participant_id,(Intercept),,0.502893491285932,0.709149836978006,False,False,ok
B23,cnn_4,cv_train,1.0,M_joint,registered,participant_item_intercepts_with_fixed_talker_block,analysis_item_id,(Intercept),,1.25952414880962,1.12228523504928,False,False,ok
B23,cnn_4,cv_train,1.0,M_null,registered,participant_item_intercepts_with_fixed_talker_block,participant_id,(Intercept),,0.520240138306088,0.721276741830823,False,False,ok
B23,cnn_4,cv_train,1.0,M_null,registered,participant_item_intercepts_with_fixed_talker_block,analysis_item_id,(Intercept),,1.26029725775484,1.12262961735153,False,False,ok
B23,cnn_4,cv_train,1.0,M_predictor,registered,participant_item_intercepts_with_fixed_talker_block,participant_id,(Intercept),,0.520085639608314,0.721169633032558,False,False,ok
B23,cnn_4,cv_train,1.0,M_predictor,registered,participant_item_intercepts_with_fixed_talker_block,analysis_item_id,(Intercept),,1.25950693727493,1.12227756694809,False,False,ok
B23,cnn_4,cv_train,2.0,M_condition,registered,participant_item_intercepts_with_fixed_talker_block,participant_id,(Intercept),,0.54472891281608,0.738057526766092,False,False,ok
B23,cnn_4,cv_train,2.0,M_condition,registered,participant_item_intercepts_with_fixed_talker_block,analysis_item_id,(Intercept),,1.41317831061326,1.18877176556867,False,False,ok
B23,cnn_4,cv_train,2.0,M_joint,registered,participant_item_intercepts_with_fixed_talker_block,participant_id,(Intercept),,0.544720380634951,0.738051746583497,False,False,ok
B23,cnn_4,cv_train,2.0,M_joint,registered,participant_item_intercepts_with_fixed_talker_block,analysis_item_id,(Intercept),,1.41216961252835,1.18834742921771,False,False,ok
B23,cnn_4,cv_train,2.0,M_null,registered,participant_item_intercepts_with_fixed_talker_block,participant_id,(Intercept),,0.570351634256893,0.755216283098354,False,False,ok
B23,cnn_4,cv_train,2.0,M_null,registered,participant_item_intercepts_with_fixed_talker_block,analysis_item_id,(Intercept),,1.41324978079729,1.18880182570406,False,False,ok
B23,cnn_4,cv_train,2.0,M_predictor,registered,participant_item_intercepts_with_fixed_talker_block,participant_id,(Intercept),,0.570236416918313,0.755139998224378,False,False,ok
B23,cnn_4,cv_train,2.0,M_predictor,registered,participant_item_intercepts_with_fixed_talker_block,analysis_item_id,(Intercept),,1.41221165601567,1.18836511898308,False,False,ok
B23,cnn_4,full,,M_condition,registered,participant_item_intercepts_with_fixed_talker_block,participant_id,(Intercept),,0.480919702786681,0.693483743707581,False,False,ok
B23,cnn_4,full,,M_condition,registered,participant_item_intercepts_with_fixed_talker_block,analysis_item_id,(Intercept),,1.33748381572465,1.15649635352847,False,False,ok
B23,cnn_4,full,,M_joint,registered,participant_item_intercepts_with_fixed_talker_block,participant_id,(Intercept),,0.480886458314988,0.69345977411454,False,False,ok
B23,cnn_4,full,,M_joint,registered,participant_item_intercepts_with_fixed_talker_block,analysis_item_id,(Intercept),,1.33567180100992,1.15571268099382,False,False,ok
B23,cnn_4,full,,M_null,registered,participant_item_intercepts_with_fixed_talker_block,participant_id,(Intercept),,0.502658159204384,0.708983892062707,False,False,ok
B23,cnn_4,full,,M_null,registered,participant_item_intercepts_with_fixed_talker_block,analysis_item_id,(Intercept),,1.33752353470099,1.1565135255158,False,False,ok
B23,cnn_4,full,,M_predictor,registered,participant_item_intercepts_with_fixed_talker_block,participant_id,(Intercept),,0.502542494836111,0.708902316850573,False,False,ok
B23,cnn_4,full,,M_predictor,registered,participant_item_intercepts_with_fixed_talker_block,analysis_item_id,(Intercept),,1.33570261301639,1.15572601122255,False,False,ok
B23,cnn_5,cv_train,0.0,M_condition,registered,participant_item_intercepts_with_fixed_talker_block,participant_id,(Intercept),,0.378656838736337,0.615350988246819,False,False,ok
B23,cnn_5,cv_train,0.0,M_condition,registered,participant_item_intercepts_with_fixed_talker_block,analysis_item_id,(Intercept),,1.3127895648925,1.14577029324926,False,False,ok
B23,cnn_5,cv_train,0.0,M_joint,registered,participant_item_intercepts_with_fixed_talker_block,participant_id,(Intercept),,0.378724471826922,0.615405940682183,False,False,ok
B23,cnn_5,cv_train,0.0,M_joint,registered,participant_item_intercepts_with_fixed_talker_block,analysis_item_id,(Intercept),,1.30849296306462,1.14389377263128,False,False,ok
B23,cnn_5,cv_train,0.0,M_null,registered,participant_item_intercepts_with_fixed_talker_block,participant_id,(Intercept),,0.422793140446051,0.650225453551344,False,False,ok
B23,cnn_5,cv_train,0.0,M_null,registered,participant_item_intercepts_with_fixed_talker_block,analysis_item_id,(Intercept),,1.31309919485827,1.14590540397463,False,False,ok
B23,cnn_5,cv_train,0.0,M_predictor,registered,participant_item_intercepts_with_fixed_talker_block,participant_id,(Intercept),,0.423308983349365,0.650621997283649,False,False,ok
B23,cnn_5,cv_train,0.0,M_predictor,registered,participant_item_intercepts_with_fixed_talker_block,analysis_item_id,(Intercept),,1.30885731079322,1.14405301922298,False,False,ok
B23,cnn_5,cv_train,1.0,M_condition,registered,participant_item_intercepts_with_fixed_talker_block,participant_id,(Intercept),,0.502948189582988,0.709188402036432,False,False,ok
B23,cnn_5,cv_train,1.0,M_condition,registered,participant_item_intercepts_with_fixed_talker_block,analysis_item_id,(Intercept),,1.26027618405165,1.1226202314459,False,False,ok
B23,cnn_5,cv_train,1.0,M_joint,registered,participant_item_intercepts_with_fixed_talker_block,participant_id,(Intercept),,0.50284661357811,0.709116784160486,False,False,ok
B23,cnn_5,cv_train,1.0,M_joint,registered,participant_item_intercepts_with_fixed_talker_block,analysis_item_id,(Intercept),,1.25894667193196,1.12202792832084,False,False,ok
B23,cnn_5,cv_train,1.0,M_null,registered,participant_item_intercepts_with_fixed_talker_block,participant_id,(Intercept),,0.520240138306088,0.721276741830823,False,False,ok
B23,cnn_5,cv_train,1.0,M_null,registered,participant_item_intercepts_with_fixed_talker_block,analysis_item_id,(Intercept),,1.26029725775484,1.12262961735153,False,False,ok
B23,cnn_5,cv_train,1.0,M_predictor,registered,participant_item_intercepts_with_fixed_talker_block,participant_id,(Intercept),,0.520028844130759,0.721130254621701,False,False,ok
B23,cnn_5,cv_train,1.0,M_predictor,registered,participant_item_intercepts_with_fixed_talker_block,analysis_item_id,(Intercept),,1.25893100550847,1.12202094700075,False,False,ok
B23,cnn_5,cv_train,2.0,M_condition,registered,participant_item_intercepts_with_fixed_talker_block,participant_id,(Intercept),,0.54472891281608,0.738057526766092,False,False,ok
B23,cnn_5,cv_train,2.0,M_condition,registered,participant_item_intercepts_with_fixed_talker_block,analysis_item_id,(Intercept),,1.41317831061326,1.18877176556867,False,False,ok
B23,cnn_5,cv_train,2.0,M_joint,registered,participant_item_intercepts_with_fixed_talker_block,participant_id,(Intercept),,0.544699452818675,0.738037568704111,False,False,ok
B23,cnn_5,cv_train,2.0,M_joint,registered,participant_item_intercepts_with_fixed_talker_block,analysis_item_id,(Intercept),,1.41204237427388,1.18829389221433,False,False,ok
B23,cnn_5,cv_train,2.0,M_null,registered,participant_item_intercepts_with_fixed_talker_block,participant_id,(Intercept),,0.570351634256893,0.755216283098354,False,False,ok
B23,cnn_5,cv_train,2.0,M_null,registered,participant_item_intercepts_with_fixed_talker_block,analysis_item_id,(Intercept),,1.41324978079729,1.18880182570406,False,False,ok
B23,cnn_5,cv_train,2.0,M_predictor,registered,participant_item_intercepts_with_fixed_talker_block,participant_id,(Intercept),,0.570233129596002,0.755137821590206,False,False,ok
B23,cnn_5,cv_train,2.0,M_predictor,registered,participant_item_intercepts_with_fixed_talker_block,analysis_item_id,(Intercept),,1.41208719195238,1.18831275005883,False,False,ok
B23,cnn_5,full,,M_condition,registered,participant_item_intercepts_with_fixed_talker_block,participant_id,(Intercept),,0.480919702786681,0.693483743707581,False,False,ok
B23,cnn_5,full,,M_condition,registered,participant_item_intercepts_with_fixed_talker_block,analysis_item_id,(Intercept),,1.33748381572465,1.15649635352847,False,False,ok
B23,cnn_5,full,,M_joint,registered,participant_item_intercepts_with_fixed_talker_block,participant_id,(Intercept),,0.480858065250809,0.693439301778324,False,False,ok
B23,cnn_5,full,,M_joint,registered,participant_item_intercepts_with_fixed_talker_block,analysis_item_id,(Intercept),,1.33519851602794,1.15550790392275,False,False,ok
B23,cnn_5,full,,M_null,registered,participant_item_intercepts_with_fixed_talker_block,participant_id,(Intercept),,0.502658159204384,0.708983892062707,False,False,ok
B23,cnn_5,full,,M_null,registered,participant_item_intercepts_with_fixed_talker_block,analysis_item_id,(Intercept),,1.33752353470099,1.1565135255158,False,False,ok
B23,cnn_5,full,,M_predictor,registered,participant_item_intercepts_with_fixed_talker_block,participant_id,(Intercept),,0.502532652566905,0.708895374908671,False,False,ok
B23,cnn_5,full,,M_predictor,registered,participant_item_intercepts_with_fixed_talker_block,analysis_item_id,(Intercept),,1.3352092267849,1.15551253856672,False,False,ok
B23,cnn_6,cv_train,0.0,M_condition,registered,participant_item_intercepts_with_fixed_talker_block,participant_id,(Intercept),,0.378656838736337,0.615350988246819,False,False,ok
B23,cnn_6,cv_train,0.0,M_condition,registered,participant_item_intercepts_with_fixed_talker_block,analysis_item_id,(Intercept),,1.3127895648925,1.14577029324926,False,False,ok
B23,cnn_6,cv_train,0.0,M_joint,registered,participant_item_intercepts_with_fixed_talker_block,participant_id,(Intercept),,0.378743028311482,0.615421017118755,False,False,ok
B23,cnn_6,cv_train,0.0,M_joint,registered,participant_item_intercepts_with_fixed_talker_block,analysis_item_id,(Intercept),,1.30959053617314,1.14437342514283,False,False,ok
B23,cnn_6,cv_train,0.0,M_null,registered,participant_item_intercepts_with_fixed_talker_block,participant_id,(Intercept),,0.422793140446051,0.650225453551344,False,False,ok
B23,cnn_6,cv_train,0.0,M_null,registered,participant_item_intercepts_with_fixed_talker_block,analysis_item_id,(Intercept),,1.31309919485827,1.14590540397463,False,False,ok
B23,cnn_6,cv_train,0.0,M_predictor,registered,participant_item_intercepts_with_fixed_talker_block,participant_id,(Intercept),,0.423133914717497,0.650487443935313,False,False,ok
B23,cnn_6,cv_train,0.0,M_predictor,registered,participant_item_intercepts_with_fixed_talker_block,analysis_item_id,(Intercept),,1.30991197343188,1.14451385899511,False,False,ok
B23,cnn_6,cv_train,1.0,M_condition,registered,participant_item_intercepts_with_fixed_talker_block,participant_id,(Intercept),,0.502948189582988,0.709188402036432,False,False,ok
B23,cnn_6,cv_train,1.0,M_condition,registered,participant_item_intercepts_with_fixed_talker_block,analysis_item_id,(Intercept),,1.26027618405165,1.1226202314459,False,False,ok
B23,cnn_6,cv_train,1.0,M_joint,registered,participant_item_intercepts_with_fixed_talker_block,participant_id,(Intercept),,0.502840758679965,0.709112655845293,False,False,ok
B23,cnn_6,cv_train,1.0,M_joint,registered,participant_item_intercepts_with_fixed_talker_block,analysis_item_id,(Intercept),,1.25907309598109,1.12208426420706,False,False,ok
B23,cnn_6,cv_train,1.0,M_null,registered,participant_item_intercepts_with_fixed_talker_block,participant_id,(Intercept),,0.520240138306088,0.721276741830823,False,False,ok
B23,cnn_6,cv_train,1.0,M_null,registered,participant_item_intercepts_with_fixed_talker_block,analysis_item_id,(Intercept),,1.26029725775484,1.12262961735153,False,False,ok
B23,cnn_6,cv_train,1.0,M_predictor,registered,participant_item_intercepts_with_fixed_talker_block,participant_id,(Intercept),,0.519950658787496,0.721076042305869,False,False,ok
B23,cnn_6,cv_train,1.0,M_predictor,registered,participant_item_intercepts_with_fixed_talker_block,analysis_item_id,(Intercept),,1.25904836070414,1.12207324213,False,False,ok
B23,cnn_6,cv_train,2.0,M_condition,registered,participant_item_intercepts_with_fixed_talker_block,participant_id,(Intercept),,0.54472891281608,0.738057526766092,False,False,ok
B23,cnn_6,cv_train,2.0,M_condition,registered,participant_item_intercepts_with_fixed_talker_block,analysis_item_id,(Intercept),,1.41317831061326,1.18877176556867,False,False,ok
B23,cnn_6,cv_train,2.0,M_joint,registered,participant_item_intercepts_with_fixed_talker_block,participant_id,(Intercept),,0.544705819040208,0.738041881630174,False,False,ok
B23,cnn_6,cv_train,2.0,M_joint,registered,participant_item_intercepts_with_fixed_talker_block,analysis_item_id,(Intercept),,1.41188492059852,1.18822763837512,False,False,ok
B23,cnn_6,cv_train,2.0,M_null,registered,participant_item_intercepts_with_fixed_talker_block,participant_id,(Intercept),,0.570351634256893,0.755216283098354,False,False,ok
B23,cnn_6,cv_train,2.0,M_null,registered,participant_item_intercepts_with_fixed_talker_block,analysis_item_id,(Intercept),,1.41324978079729,1.18880182570406,False,False,ok
B23,cnn_6,cv_train,2.0,M_predictor,registered,participant_item_intercepts_with_fixed_talker_block,participant_id,(Intercept),,0.570170486420559,0.755096342475951,False,False,ok
B23,cnn_6,cv_train,2.0,M_predictor,registered,participant_item_intercepts_with_fixed_talker_block,analysis_item_id,(Intercept),,1.4119221527733,1.18824330537702,False,False,ok
B23,cnn_6,full,,M_condition,registered,participant_item_intercepts_with_fixed_talker_block,participant_id,(Intercept),,0.480919702786681,0.693483743707581,False,False,ok
B23,cnn_6,full,,M_condition,registered,participant_item_intercepts_with_fixed_talker_block,analysis_item_id,(Intercept),,1.33748381572465,1.15649635352847,False,False,ok
B23,cnn_6,full,,M_joint,registered,participant_item_intercepts_with_fixed_talker_block,participant_id,(Intercept),,0.48087075951568,0.693448454836897,False,False,ok
B23,cnn_6,full,,M_joint,registered,participant_item_intercepts_with_fixed_talker_block,analysis_item_id,(Intercept),,1.33545544416973,1.1556190739901,False,False,ok
B23,cnn_6,full,,M_null,registered,participant_item_intercepts_with_fixed_talker_block,participant_id,(Intercept),,0.502658159204384,0.708983892062707,False,False,ok
B23,cnn_6,full,,M_null,registered,participant_item_intercepts_with_fixed_talker_block,analysis_item_id,(Intercept),,1.33752353470099,1.1565135255158,False,False,ok
B23,cnn_6,full,,M_predictor,registered,participant_item_intercepts_with_fixed_talker_block,participant_id,(Intercept),,0.502440347622278,0.708830267146005,False,False,ok
B23,cnn_6,full,,M_predictor,registered,participant_item_intercepts_with_fixed_talker_block,analysis_item_id,(Intercept),,1.33547147635646,1.15562601059186,False,False,ok
B23,tr_0,cv_train,0.0,M_condition,registered,participant_item_intercepts_with_fixed_talker_block,participant_id,(Intercept),,0.378656838736337,0.615350988246819,False,False,ok
B23,tr_0,cv_train,0.0,M_condition,registered,participant_item_intercepts_with_fixed_talker_block,analysis_item_id,(Intercept),,1.3127895648925,1.14577029324926,False,False,ok
B23,tr_0,cv_train,0.0,M_joint,registered,participant_item_intercepts_with_fixed_talker_block,participant_id,(Intercept),,0.378754343263891,0.615430209905145,False,False,ok
B23,tr_0,cv_train,0.0,M_joint,registered,participant_item_intercepts_with_fixed_talker_block,analysis_item_id,(Intercept),,1.30801533231598,1.14368497949216,False,False,ok
B23,tr_0,cv_train,0.0,M_null,registered,participant_item_intercepts_with_fixed_talker_block,participant_id,(Intercept),,0.422793140446051,0.650225453551344,False,False,ok
B23,tr_0,cv_train,0.0,M_null,registered,participant_item_intercepts_with_fixed_talker_block,analysis_item_id,(Intercept),,1.31309919485827,1.14590540397463,False,False,ok
B23,tr_0,cv_train,0.0,M_predictor,registered,participant_item_intercepts_with_fixed_talker_block,participant_id,(Intercept),,0.423040583220348,0.650415700318149,False,False,ok
B23,tr_0,cv_train,0.0,M_predictor,registered,participant_item_intercepts_with_fixed_talker_block,analysis_item_id,(Intercept),,1.30834477108112,1.14382899555883,False,False,ok
B23,tr_0,cv_train,1.0,M_condition,registered,participant_item_intercepts_with_fixed_talker_block,participant_id,(Intercept),,0.502948189582988,0.709188402036432,False,False,ok
B23,tr_0,cv_train,1.0,M_condition,registered,participant_item_intercepts_with_fixed_talker_block,analysis_item_id,(Intercept),,1.26027618405165,1.1226202314459,False,False,ok
B23,tr_0,cv_train,1.0,M_joint,registered,participant_item_intercepts_with_fixed_talker_block,participant_id,(Intercept),,0.502921768318071,0.709169773973815,False,False,ok
B23,tr_0,cv_train,1.0,M_joint,registered,participant_item_intercepts_with_fixed_talker_block,analysis_item_id,(Intercept),,1.25964768423061,1.12234027114357,False,False,ok
B23,tr_0,cv_train,1.0,M_null,registered,participant_item_intercepts_with_fixed_talker_block,participant_id,(Intercept),,0.520240138306088,0.721276741830823,False,False,ok
B23,tr_0,cv_train,1.0,M_null,registered,participant_item_intercepts_with_fixed_talker_block,analysis_item_id,(Intercept),,1.26029725775484,1.12262961735153,False,False,ok
B23,tr_0,cv_train,1.0,M_predictor,registered,participant_item_intercepts_with_fixed_talker_block,participant_id,(Intercept),,0.52012440239528,0.721196507475792,False,False,ok
B23,tr_0,cv_train,1.0,M_predictor,registered,participant_item_intercepts_with_fixed_talker_block,analysis_item_id,(Intercept),,1.25960577822981,1.12232160196167,False,False,ok
B23,tr_0,cv_train,2.0,M_condition,registered,participant_item_intercepts_with_fixed_talker_block,participant_id,(Intercept),,0.54472891281608,0.738057526766092,False,False,ok
B23,tr_0,cv_train,2.0,M_condition,registered,participant_item_intercepts_with_fixed_talker_block,analysis_item_id,(Intercept),,1.41317831061326,1.18877176556867,False,False,ok
B23,tr_0,cv_train,2.0,M_joint,registered,participant_item_intercepts_with_fixed_talker_block,participant_id,(Intercept),,0.544741203702055,0.738065853228596,False,False,ok
B23,tr_0,cv_train,2.0,M_joint,registered,participant_item_intercepts_with_fixed_talker_block,analysis_item_id,(Intercept),,1.41188470068555,1.18822754583689,False,False,ok
B23,tr_0,cv_train,2.0,M_null,registered,participant_item_intercepts_with_fixed_talker_block,participant_id,(Intercept),,0.570351634256893,0.755216283098354,False,False,ok
B23,tr_0,cv_train,2.0,M_null,registered,participant_item_intercepts_with_fixed_talker_block,analysis_item_id,(Intercept),,1.41324978079729,1.18880182570406,False,False,ok
B23,tr_0,cv_train,2.0,M_predictor,registered,participant_item_intercepts_with_fixed_talker_block,participant_id,(Intercept),,0.570235085676572,0.755139116770262,False,False,ok
B23,tr_0,cv_train,2.0,M_predictor,registered,participant_item_intercepts_with_fixed_talker_block,analysis_item_id,(Intercept),,1.41191019923105,1.18823827544439,False,False,ok
B23,tr_0,full,,M_condition,registered,participant_item_intercepts_with_fixed_talker_block,participant_id,(Intercept),,0.480919702786681,0.693483743707581,False,False,ok
B23,tr_0,full,,M_condition,registered,participant_item_intercepts_with_fixed_talker_block,analysis_item_id,(Intercept),,1.33748381572465,1.15649635352847,False,False,ok
B23,tr_0,full,,M_joint,registered,participant_item_intercepts_with_fixed_talker_block,participant_id,(Intercept),,0.480920936374624,0.693484633120752,False,False,ok
B23,tr_0,full,,M_joint,registered,participant_item_intercepts_with_fixed_talker_block,analysis_item_id,(Intercept),,1.33519273576057,1.15550540273967,False,False,ok
B23,tr_0,full,,M_null,registered,participant_item_intercepts_with_fixed_talker_block,participant_id,(Intercept),,0.502658159204384,0.708983892062707,False,False,ok
B23,tr_0,full,,M_null,registered,participant_item_intercepts_with_fixed_talker_block,analysis_item_id,(Intercept),,1.33752353470099,1.1565135255158,False,False,ok
B23,tr_0,full,,M_predictor,registered,participant_item_intercepts_with_fixed_talker_block,participant_id,(Intercept),,0.502487586067842,0.708863587771189,False,False,ok
B23,tr_0,full,,M_predictor,registered,participant_item_intercepts_with_fixed_talker_block,analysis_item_id,(Intercept),,1.33520883078115,1.15551236721255,False,False,ok
B23,tr_10,cv_train,0.0,M_condition,registered,participant_item_intercepts_with_fixed_talker_block,participant_id,(Intercept),,0.378656838736337,0.615350988246819,False,False,ok
B23,tr_10,cv_train,0.0,M_condition,registered,participant_item_intercepts_with_fixed_talker_block,analysis_item_id,(Intercept),,1.3127895648925,1.14577029324926,False,False,ok
B23,tr_10,cv_train,0.0,M_joint,registered,participant_item_intercepts_with_fixed_talker_block,participant_id,(Intercept),,0.378733211650712,0.615413041501976,False,False,ok
B23,tr_10,cv_train,0.0,M_joint,registered,participant_item_intercepts_with_fixed_talker_block,analysis_item_id,(Intercept),,1.30724546104263,1.14334835507059,False,False,ok
B23,tr_10,cv_train,0.0,M_null,registered,participant_item_intercepts_with_fixed_talker_block,participant_id,(Intercept),,0.422793140446051,0.650225453551344,False,False,ok
B23,tr_10,cv_train,0.0,M_null,registered,participant_item_intercepts_with_fixed_talker_block,analysis_item_id,(Intercept),,1.31309919485827,1.14590540397463,False,False,ok
B23,tr_10,cv_train,0.0,M_predictor,registered,participant_item_intercepts_with_fixed_talker_block,participant_id,(Intercept),,0.42336442537066,0.650664602825957,False,False,ok
B23,tr_10,cv_train,0.0,M_predictor,registered,participant_item_intercepts_with_fixed_talker_block,analysis_item_id,(Intercept),,1.30759830928563,1.14350264944408,False,False,ok
B23,tr_10,cv_train,1.0,M_condition,registered,participant_item_intercepts_with_fixed_talker_block,participant_id,(Intercept),,0.502948189582988,0.709188402036432,False,False,ok
B23,tr_10,cv_train,1.0,M_condition,registered,participant_item_intercepts_with_fixed_talker_block,analysis_item_id,(Intercept),,1.26027618405165,1.1226202314459,False,False,ok
B23,tr_10,cv_train,1.0,M_joint,registered,participant_item_intercepts_with_fixed_talker_block,participant_id,(Intercept),,0.502901130617794,0.709155223218298,False,False,ok
B23,tr_10,cv_train,1.0,M_joint,registered,participant_item_intercepts_with_fixed_talker_block,analysis_item_id,(Intercept),,1.25913760426799,1.12211300868851,False,False,ok
B23,tr_10,cv_train,1.0,M_null,registered,participant_item_intercepts_with_fixed_talker_block,participant_id,(Intercept),,0.520240138306088,0.721276741830823,False,False,ok
B23,tr_10,cv_train,1.0,M_null,registered,participant_item_intercepts_with_fixed_talker_block,analysis_item_id,(Intercept),,1.26029725775484,1.12262961735153,False,False,ok
B23,tr_10,cv_train,1.0,M_predictor,registered,participant_item_intercepts_with_fixed_talker_block,participant_id,(Intercept),,0.520132705884822,0.721202264198347,False,False,ok
B23,tr_10,cv_train,1.0,M_predictor,registered,participant_item_intercepts_with_fixed_talker_block,analysis_item_id,(Intercept),,1.25911902419836,1.12210472960342,False,False,ok
B23,tr_10,cv_train,2.0,M_condition,registered,participant_item_intercepts_with_fixed_talker_block,participant_id,(Intercept),,0.54472891281608,0.738057526766092,False,False,ok
B23,tr_10,cv_train,2.0,M_condition,registered,participant_item_intercepts_with_fixed_talker_block,analysis_item_id,(Intercept),,1.41317831061326,1.18877176556867,False,False,ok
B23,tr_10,cv_train,2.0,M_joint,registered,participant_item_intercepts_with_fixed_talker_block,participant_id,(Intercept),,0.544728776984649,0.738057434746544,False,False,ok
B23,tr_10,cv_train,2.0,M_joint,registered,participant_item_intercepts_with_fixed_talker_block,analysis_item_id,(Intercept),,1.41240452446886,1.18844626486386,False,False,ok
B23,tr_10,cv_train,2.0,M_null,registered,participant_item_intercepts_with_fixed_talker_block,participant_id,(Intercept),,0.570351634256893,0.755216283098354,False,False,ok
B23,tr_10,cv_train,2.0,M_null,registered,participant_item_intercepts_with_fixed_talker_block,analysis_item_id,(Intercept),,1.41324978079729,1.18880182570406,False,False,ok
B23,tr_10,cv_train,2.0,M_predictor,registered,participant_item_intercepts_with_fixed_talker_block,participant_id,(Intercept),,0.57032941645793,0.755201573394766,False,False,ok
B23,tr_10,cv_train,2.0,M_predictor,registered,participant_item_intercepts_with_fixed_talker_block,analysis_item_id,(Intercept),,1.41245098804796,1.18846581273841,False,False,ok
B23,tr_10,full,,M_condition,registered,participant_item_intercepts_with_fixed_talker_block,participant_id,(Intercept),,0.480919702786681,0.693483743707581,False,False,ok
B23,tr_10,full,,M_condition,registered,participant_item_intercepts_with_fixed_talker_block,analysis_item_id,(Intercept),,1.33748381572465,1.15649635352847,False,False,ok
B23,tr_10,full,,M_joint,registered,participant_item_intercepts_with_fixed_talker_block,participant_id,(Intercept),,0.480898473335336,0.693468437158705,False,False,ok
B23,tr_10,full,,M_joint,registered,participant_item_intercepts_with_fixed_talker_block,analysis_item_id,(Intercept),,1.33490075550263,1.15537905273664,False,False,ok
B23,tr_10,full,,M_null,registered,participant_item_intercepts_with_fixed_talker_block,participant_id,(Intercept),,0.502658159204384,0.708983892062707,False,False,ok
B23,tr_10,full,,M_null,registered,participant_item_intercepts_with_fixed_talker_block,analysis_item_id,(Intercept),,1.33752353470099,1.1565135255158,False,False,ok
B23,tr_10,full,,M_predictor,registered,participant_item_intercepts_with_fixed_talker_block,participant_id,(Intercept),,0.502620632938301,0.708957426745993,False,False,ok
B23,tr_10,full,,M_predictor,registered,participant_item_intercepts_with_fixed_talker_block,analysis_item_id,(Intercept),,1.33494108027239,1.15539650348804,False,False,ok
B23,tr_12,cv_train,0.0,M_condition,registered,participant_item_intercepts_with_fixed_talker_block,participant_id,(Intercept),,0.378656838736337,0.615350988246819,False,False,ok
B23,tr_12,cv_train,0.0,M_condition,registered,participant_item_intercepts_with_fixed_talker_block,analysis_item_id,(Intercept),,1.3127895648925,1.14577029324926,False,False,ok
B23,tr_12,cv_train,0.0,M_joint,registered,participant_item_intercepts_with_fixed_talker_block,participant_id,(Intercept),,0.378686894242263,0.615375409195284,False,False,ok
B23,tr_12,cv_train,0.0,M_joint,registered,participant_item_intercepts_with_fixed_talker_block,analysis_item_id,(Intercept),,1.31074915649273,1.14487953798324,False,False,ok
B23,tr_12,cv_train,0.0,M_null,registered,participant_item_intercepts_with_fixed_talker_block,participant_id,(Intercept),,0.422793140446051,0.650225453551344,False,False,ok
B23,tr_12,cv_train,0.0,M_null,registered,participant_item_intercepts_with_fixed_talker_block,analysis_item_id,(Intercept),,1.31309919485827,1.14590540397463,False,False,ok
B23,tr_12,cv_train,0.0,M_predictor,registered,participant_item_intercepts_with_fixed_talker_block,participant_id,(Intercept),,0.423150652838633,0.650500309637615,False,False,ok
B23,tr_12,cv_train,0.0,M_predictor,registered,participant_item_intercepts_with_fixed_talker_block,analysis_item_id,(Intercept),,1.31107543313885,1.14502202299294,False,False,ok
B23,tr_12,cv_train,1.0,M_condition,registered,participant_item_intercepts_with_fixed_talker_block,participant_id,(Intercept),,0.502948189582988,0.709188402036432,False,False,ok
B23,tr_12,cv_train,1.0,M_condition,registered,participant_item_intercepts_with_fixed_talker_block,analysis_item_id,(Intercept),,1.26027618405165,1.1226202314459,False,False,ok
B23,tr_12,cv_train,1.0,M_joint,registered,participant_item_intercepts_with_fixed_talker_block,participant_id,(Intercept),,0.502806206150707,0.709088292210996,False,False,ok
B23,tr_12,cv_train,1.0,M_joint,registered,participant_item_intercepts_with_fixed_talker_block,analysis_item_id,(Intercept),,1.25838385537377,1.12177709700892,False,False,ok
B23,tr_12,cv_train,1.0,M_null,registered,participant_item_intercepts_with_fixed_talker_block,participant_id,(Intercept),,0.520240138306088,0.721276741830823,False,False,ok
B23,tr_12,cv_train,1.0,M_null,registered,participant_item_intercepts_with_fixed_talker_block,analysis_item_id,(Intercept),,1.26029725775484,1.12262961735153,False,False,ok
B23,tr_12,cv_train,1.0,M_predictor,registered,participant_item_intercepts_with_fixed_talker_block,participant_id,(Intercept),,0.51994693559384,0.721073460608446,False,False,ok
B23,tr_12,cv_train,1.0,M_predictor,registered,participant_item_intercepts_with_fixed_talker_block,analysis_item_id,(Intercept),,1.25837228903299,1.12177194163207,False,False,ok
B23,tr_12,cv_train,2.0,M_condition,registered,participant_item_intercepts_with_fixed_talker_block,participant_id,(Intercept),,0.54472891281608,0.738057526766092,False,False,ok
B23,tr_12,cv_train,2.0,M_condition,registered,participant_item_intercepts_with_fixed_talker_block,analysis_item_id,(Intercept),,1.41317831061326,1.18877176556867,False,False,ok
B23,tr_12,cv_train,2.0,M_joint,registered,participant_item_intercepts_with_fixed_talker_block,participant_id,(Intercept),,0.544729036082114,0.738057610273151,False,False,ok
B23,tr_12,cv_train,2.0,M_joint,registered,participant_item_intercepts_with_fixed_talker_block,analysis_item_id,(Intercept),,1.41318608814832,1.1887750368124,False,False,ok
B23,tr_12,cv_train,2.0,M_null,registered,participant_item_intercepts_with_fixed_talker_block,participant_id,(Intercept),,0.570351634256893,0.755216283098354,False,False,ok
B23,tr_12,cv_train,2.0,M_null,registered,participant_item_intercepts_with_fixed_talker_block,analysis_item_id,(Intercept),,1.41324978079729,1.18880182570406,False,False,ok
B23,tr_12,cv_train,2.0,M_predictor,registered,participant_item_intercepts_with_fixed_talker_block,participant_id,(Intercept),,0.570350724337221,0.755215680674879,False,False,ok
B23,tr_12,cv_train,2.0,M_predictor,registered,participant_item_intercepts_with_fixed_talker_block,analysis_item_id,(Intercept),,1.4132506995836,1.18880221213775,False,False,ok
B23,tr_12,full,,M_condition,registered,participant_item_intercepts_with_fixed_talker_block,participant_id,(Intercept),,0.480919702786681,0.693483743707581,False,False,ok
B23,tr_12,full,,M_condition,registered,participant_item_intercepts_with_fixed_talker_block,analysis_item_id,(Intercept),,1.33748381572465,1.15649635352847,False,False,ok
B23,tr_12,full,,M_joint,registered,participant_item_intercepts_with_fixed_talker_block,participant_id,(Intercept),,0.480861666459155,0.693441898401845,False,False,ok
B23,tr_12,full,,M_joint,registered,participant_item_intercepts_with_fixed_talker_block,analysis_item_id,(Intercept),,1.33613072756684,1.1559112109357,False,False,ok
B23,tr_12,full,,M_null,registered,participant_item_intercepts_with_fixed_talker_block,participant_id,(Intercept),,0.502658159204384,0.708983892062707,False,False,ok
B23,tr_12,full,,M_null,registered,participant_item_intercepts_with_fixed_talker_block,analysis_item_id,(Intercept),,1.33752353470099,1.1565135255158,False,False,ok
B23,tr_12,full,,M_predictor,registered,participant_item_intercepts_with_fixed_talker_block,participant_id,(Intercept),,0.50256687721202,0.708919513916792,False,False,ok
B23,tr_12,full,,M_predictor,registered,participant_item_intercepts_with_fixed_talker_block,analysis_item_id,(Intercept),,1.33616209468507,1.15592477899086,False,False,ok
B23,tr_14,cv_train,0.0,M_condition,registered,participant_item_intercepts_with_fixed_talker_block,participant_id,(Intercept),,0.378656838736337,0.615350988246819,False,False,ok
B23,tr_14,cv_train,0.0,M_condition,registered,participant_item_intercepts_with_fixed_talker_block,analysis_item_id,(Intercept),,1.3127895648925,1.14577029324926,False,False,ok
B23,tr_14,cv_train,0.0,M_joint,registered,participant_item_intercepts_with_fixed_talker_block,participant_id,(Intercept),,0.378701107688191,0.615386957684505,False,False,ok
B23,tr_14,cv_train,0.0,M_joint,registered,participant_item_intercepts_with_fixed_talker_block,analysis_item_id,(Intercept),,1.30916413807616,1.14418710798373,False,False,ok
B23,tr_14,cv_train,0.0,M_null,registered,participant_item_intercepts_with_fixed_talker_block,participant_id,(Intercept),,0.422793140446051,0.650225453551344,False,False,ok
B23,tr_14,cv_train,0.0,M_null,registered,participant_item_intercepts_with_fixed_talker_block,analysis_item_id,(Intercept),,1.31309919485827,1.14590540397463,False,False,ok
B23,tr_14,cv_train,0.0,M_predictor,registered,participant_item_intercepts_with_fixed_talker_block,participant_id,(Intercept),,0.423305049188226,0.650618973891959,False,False,ok
B23,tr_14,cv_train,0.0,M_predictor,registered,participant_item_intercepts_with_fixed_talker_block,analysis_item_id,(Intercept),,1.30950569353013,1.14433635506792,False,False,ok
B23,tr_14,cv_train,1.0,M_condition,registered,participant_item_intercepts_with_fixed_talker_block,participant_id,(Intercept),,0.502948189582988,0.709188402036432,False,False,ok
B23,tr_14,cv_train,1.0,M_condition,registered,participant_item_intercepts_with_fixed_talker_block,analysis_item_id,(Intercept),,1.26027618405165,1.1226202314459,False,False,ok
B23,tr_14,cv_train,1.0,M_joint,registered,participant_item_intercepts_with_fixed_talker_block,participant_id,(Intercept),,0.502860546635158,0.709126608325451,False,False,ok
B23,tr_14,cv_train,1.0,M_joint,registered,participant_item_intercepts_with_fixed_talker_block,analysis_item_id,(Intercept),,1.25810785020927,1.1216540688685,False,False,ok
B23,tr_14,cv_train,1.0,M_null,registered,participant_item_intercepts_with_fixed_talker_block,participant_id,(Intercept),,0.520240138306088,0.721276741830823,False,False,ok
B23,tr_14,cv_train,1.0,M_null,registered,participant_item_intercepts_with_fixed_talker_block,analysis_item_id,(Intercept),,1.26029725775484,1.12262961735153,False,False,ok
B23,tr_14,cv_train,1.0,M_predictor,registered,participant_item_intercepts_with_fixed_talker_block,participant_id,(Intercept),,0.520084753264185,0.721169018513819,False,False,ok
B23,tr_14,cv_train,1.0,M_predictor,registered,participant_item_intercepts_with_fixed_talker_block,analysis_item_id,(Intercept),,1.25812050339298,1.12165970926702,False,False,ok
B23,tr_14,cv_train,2.0,M_condition,registered,participant_item_intercepts_with_fixed_talker_block,participant_id,(Intercept),,0.54472891281608,0.738057526766092,False,False,ok
B23,tr_14,cv_train,2.0,M_condition,registered,participant_item_intercepts_with_fixed_talker_block,analysis_item_id,(Intercept),,1.41317831061326,1.18877176556867,False,False,ok
B23,tr_14,cv_train,2.0,M_joint,registered,participant_item_intercepts_with_fixed_talker_block,participant_id,(Intercept),,0.544743044987089,0.738067100599321,False,False,ok
B23,tr_14,cv_train,2.0,M_joint,registered,participant_item_intercepts_with_fixed_talker_block,analysis_item_id,(Intercept),,1.41415484296295,1.1891824262757,False,False,ok
B23,tr_14,cv_train,2.0,M_null,registered,participant_item_intercepts_with_fixed_talker_block,participant_id,(Intercept),,0.570351634256893,0.755216283098354,False,False,ok
B23,tr_14,cv_train,2.0,M_null,registered,participant_item_intercepts_with_fixed_talker_block,analysis_item_id,(Intercept),,1.41324978079729,1.18880182570406,False,False,ok
B23,tr_14,cv_train,2.0,M_predictor,registered,participant_item_intercepts_with_fixed_talker_block,participant_id,(Intercept),,0.570378818350925,0.755234280439471,False,False,ok
B23,tr_14,cv_train,2.0,M_predictor,registered,participant_item_intercepts_with_fixed_talker_block,analysis_item_id,(Intercept),,1.41422945373043,1.18921379647666,False,False,ok
B23,tr_14,full,,M_condition,registered,participant_item_intercepts_with_fixed_talker_block,participant_id,(Intercept),,0.480919702786681,0.693483743707581,False,False,ok
B23,tr_14,full,,M_condition,registered,participant_item_intercepts_with_fixed_talker_block,analysis_item_id,(Intercept),,1.33748381572465,1.15649635352847,False,False,ok
B23,tr_14,full,,M_joint,registered,participant_item_intercepts_with_fixed_talker_block,participant_id,(Intercept),,0.4808926569687,0.693464243468039,False,False,ok
B23,tr_14,full,,M_joint,registered,participant_item_intercepts_with_fixed_talker_block,analysis_item_id,(Intercept),,1.33584016778273,1.15578551980146,False,False,ok
B23,tr_14,full,,M_null,registered,participant_item_intercepts_with_fixed_talker_block,participant_id,(Intercept),,0.502658159204384,0.708983892062707,False,False,ok
B23,tr_14,full,,M_null,registered,participant_item_intercepts_with_fixed_talker_block,analysis_item_id,(Intercept),,1.33752353470099,1.1565135255158,False,False,ok
B23,tr_14,full,,M_predictor,registered,participant_item_intercepts_with_fixed_talker_block,participant_id,(Intercept),,0.502655234469498,0.708981829435352,False,False,ok
B23,tr_14,full,,M_predictor,registered,participant_item_intercepts_with_fixed_talker_block,analysis_item_id,(Intercept),,1.3358915664676,1.15580775497814,False,False,ok
B23,tr_16,cv_train,0.0,M_condition,registered,participant_item_intercepts_with_fixed_talker_block,participant_id,(Intercept),,0.378656838736337,0.615350988246819,False,False,ok
B23,tr_16,cv_train,0.0,M_condition,registered,participant_item_intercepts_with_fixed_talker_block,analysis_item_id,(Intercept),,1.3127895648925,1.14577029324926,False,False,ok
B23,tr_16,cv_train,0.0,M_joint,registered,participant_item_intercepts_with_fixed_talker_block,participant_id,(Intercept),,0.378745758622934,0.615423235361596,False,False,ok
B23,tr_16,cv_train,0.0,M_joint,registered,participant_item_intercepts_with_fixed_talker_block,analysis_item_id,(Intercept),,1.31208924226519,1.14546464033823,False,False,ok
B23,tr_16,cv_train,0.0,M_null,registered,participant_item_intercepts_with_fixed_talker_block,participant_id,(Intercept),,0.422793140446051,0.650225453551344,False,False,ok
B23,tr_16,cv_train,0.0,M_null,registered,participant_item_intercepts_with_fixed_talker_block,analysis_item_id,(Intercept),,1.31309919485827,1.14590540397463,False,False,ok
B23,tr_16,cv_train,0.0,M_predictor,registered,participant_item_intercepts_with_fixed_talker_block,participant_id,(Intercept),,0.423376871752386,0.65067416711622,False,False,ok
B23,tr_16,cv_train,0.0,M_predictor,registered,participant_item_intercepts_with_fixed_talker_block,analysis_item_id,(Intercept),,1.31239000002342,1.14559591480741,False,False,ok
B23,tr_16,cv_train,1.0,M_condition,registered,participant_item_intercepts_with_fixed_talker_block,participant_id,(Intercept),,0.502948189582988,0.709188402036432,False,False,ok
B23,tr_16,cv_train,1.0,M_condition,registered,participant_item_intercepts_with_fixed_talker_block,analysis_item_id,(Intercept),,1.26027618405165,1.1226202314459,False,False,ok
B23,tr_16,cv_train,1.0,M_joint,registered,participant_item_intercepts_with_fixed_talker_block,participant_id,(Intercept),,0.502842839642239,0.709114123143968,False,False,ok
B23,tr_16,cv_train,1.0,M_joint,registered,participant_item_intercepts_with_fixed_talker_block,analysis_item_id,(Intercept),,1.25930629926792,1.12218817462488,False,False,ok
B23,tr_16,cv_train,1.0,M_null,registered,participant_item_intercepts_with_fixed_talker_block,participant_id,(Intercept),,0.520240138306088,0.721276741830823,False,False,ok
B23,tr_16,cv_train,1.0,M_null,registered,participant_item_intercepts_with_fixed_talker_block,analysis_item_id,(Intercept),,1.26029725775484,1.12262961735153,False,False,ok
B23,tr_16,cv_train,1.0,M_predictor,registered,participant_item_intercepts_with_fixed_talker_block,participant_id,(Intercept),,0.52001002858579,0.721117208632404,False,False,ok
B23,tr_16,cv_train,1.0,M_predictor,registered,participant_item_intercepts_with_fixed_talker_block,analysis_item_id,(Intercept),,1.25931949906767,1.1221940558868,False,False,ok
B23,tr_16,cv_train,2.0,M_condition,registered,participant_item_intercepts_with_fixed_talker_block,participant_id,(Intercept),,0.54472891281608,0.738057526766092,False,False,ok
B23,tr_16,cv_train,2.0,M_condition,registered,participant_item_intercepts_with_fixed_talker_block,analysis_item_id,(Intercept),,1.41317831061326,1.18877176556867,False,False,ok
B23,tr_16,cv_train,2.0,M_joint,registered,participant_item_intercepts_with_fixed_talker_block,participant_id,(Intercept),,0.544727703000337,0.738056707171161,False,False,ok
B23,tr_16,cv_train,2.0,M_joint,registered,participant_item_intercepts_with_fixed_talker_block,analysis_item_id,(Intercept),,1.41290660975895,1.18865748210279,False,False,ok
B23,tr_16,cv_train,2.0,M_null,registered,participant_item_intercepts_with_fixed_talker_block,participant_id,(Intercept),,0.570351634256893,0.755216283098354,False,False,ok
B23,tr_16,cv_train,2.0,M_null,registered,participant_item_intercepts_with_fixed_talker_block,analysis_item_id,(Intercept),,1.41324978079729,1.18880182570406,False,False,ok
B23,tr_16,cv_train,2.0,M_predictor,registered,participant_item_intercepts_with_fixed_talker_block,participant_id,(Intercept),,0.570323018943811,0.755197337749419,False,False,ok
B23,tr_16,cv_train,2.0,M_predictor,registered,participant_item_intercepts_with_fixed_talker_block,analysis_item_id,(Intercept),,1.41297391401398,1.18868579280396,False,False,ok
B23,tr_16,full,,M_condition,registered,participant_item_intercepts_with_fixed_talker_block,participant_id,(Intercept),,0.480919702786681,0.693483743707581,False,False,ok
B23,tr_16,full,,M_condition,registered,participant_item_intercepts_with_fixed_talker_block,analysis_item_id,(Intercept),,1.33748381572465,1.15649635352847,False,False,ok
B23,tr_16,full,,M_joint,registered,participant_item_intercepts_with_fixed_talker_block,participant_id,(Intercept),,0.480899898169667,0.693469464482516,False,False,ok
B23,tr_16,full,,M_joint,registered,participant_item_intercepts_with_fixed_talker_block,analysis_item_id,(Intercept),,1.33683538145378,1.15621597526318,False,False,ok
B23,tr_16,full,,M_null,registered,participant_item_intercepts_with_fixed_talker_block,participant_id,(Intercept),,0.502658159204384,0.708983892062707,False,False,ok
B23,tr_16,full,,M_null,registered,participant_item_intercepts_with_fixed_talker_block,analysis_item_id,(Intercept),,1.33752353470099,1.1565135255158,False,False,ok
B23,tr_16,full,,M_predictor,registered,participant_item_intercepts_with_fixed_talker_block,participant_id,(Intercept),,0.502640084777453,0.708971145236146,False,False,ok
B23,tr_16,full,,M_predictor,registered,participant_item_intercepts_with_fixed_talker_block,analysis_item_id,(Intercept),,1.33686702577075,1.15622965961385,False,False,ok
B23,tr_18,cv_train,0.0,M_condition,registered,participant_item_intercepts_with_fixed_talker_block,participant_id,(Intercept),,0.378656838736337,0.615350988246819,False,False,ok
B23,tr_18,cv_train,0.0,M_condition,registered,participant_item_intercepts_with_fixed_talker_block,analysis_item_id,(Intercept),,1.3127895648925,1.14577029324926,False,False,ok
B23,tr_18,cv_train,0.0,M_joint,registered,participant_item_intercepts_with_fixed_talker_block,participant_id,(Intercept),,0.378705850618924,0.615390811288992,False,False,ok
B23,tr_18,cv_train,0.0,M_joint,registered,participant_item_intercepts_with_fixed_talker_block,analysis_item_id,(Intercept),,1.31506650761255,1.14676349244844,False,False,ok
B23,tr_18,cv_train,0.0,M_null,registered,participant_item_intercepts_with_fixed_talker_block,participant_id,(Intercept),,0.422793140446051,0.650225453551344,False,False,ok
B23,tr_18,cv_train,0.0,M_null,registered,participant_item_intercepts_with_fixed_talker_block,analysis_item_id,(Intercept),,1.31309919485827,1.14590540397463,False,False,ok
B23,tr_18,cv_train,0.0,M_predictor,registered,participant_item_intercepts_with_fixed_talker_block,participant_id,(Intercept),,0.423291116501622,0.65060826654879,False,False,ok
B23,tr_18,cv_train,0.0,M_predictor,registered,participant_item_intercepts_with_fixed_talker_block,analysis_item_id,(Intercept),,1.31532567505235,1.14687648639788,False,False,ok
B23,tr_18,cv_train,1.0,M_condition,registered,participant_item_intercepts_with_fixed_talker_block,participant_id,(Intercept),,0.502948189582988,0.709188402036432,False,False,ok
B23,tr_18,cv_train,1.0,M_condition,registered,participant_item_intercepts_with_fixed_talker_block,analysis_item_id,(Intercept),,1.26027618405165,1.1226202314459,False,False,ok
B23,tr_18,cv_train,1.0,M_joint,registered,participant_item_intercepts_with_fixed_talker_block,participant_id,(Intercept),,0.502814642346385,0.709094240807514,False,False,ok
B23,tr_18,cv_train,1.0,M_joint,registered,participant_item_intercepts_with_fixed_talker_block,analysis_item_id,(Intercept),,1.26037396927153,1.12266378282704,False,False,ok
B23,tr_18,cv_train,1.0,M_null,registered,participant_item_intercepts_with_fixed_talker_block,participant_id,(Intercept),,0.520240138306088,0.721276741830823,False,False,ok
B23,tr_18,cv_train,1.0,M_null,registered,participant_item_intercepts_with_fixed_talker_block,analysis_item_id,(Intercept),,1.26029725775484,1.12262961735153,False,False,ok
B23,tr_18,cv_train,1.0,M_predictor,registered,participant_item_intercepts_with_fixed_talker_block,participant_id,(Intercept),,0.520019928535123,0.721124072913339,False,False,ok
B23,tr_18,cv_train,1.0,M_predictor,registered,participant_item_intercepts_with_fixed_talker_block,analysis_item_id,(Intercept),,1.26039112687661,1.12267142427186,False,False,ok
B23,tr_18,cv_train,2.0,M_condition,registered,participant_item_intercepts_with_fixed_talker_block,participant_id,(Intercept),,0.54472891281608,0.738057526766092,False,False,ok
B23,tr_18,cv_train,2.0,M_condition,registered,participant_item_intercepts_with_fixed_talker_block,analysis_item_id,(Intercept),,1.41317831061326,1.18877176556867,False,False,ok
B23,tr_18,cv_train,2.0,M_joint,registered,participant_item_intercepts_with_fixed_talker_block,participant_id,(Intercept),,0.544709960905136,0.73804468760715,False,False,ok
B23,tr_18,cv_train,2.0,M_joint,registered,participant_item_intercepts_with_fixed_talker_block,analysis_item_id,(Intercept),,1.41317994054496,1.18877245112131,False,False,ok
B23,tr_18,cv_train,2.0,M_null,registered,participant_item_intercepts_with_fixed_talker_block,participant_id,(Intercept),,0.570351634256893,0.755216283098354,False,False,ok
B23,tr_18,cv_train,2.0,M_null,registered,participant_item_intercepts_with_fixed_talker_block,analysis_item_id,(Intercept),,1.41324978079729,1.18880182570406,False,False,ok
B23,tr_18,cv_train,2.0,M_predictor,registered,participant_item_intercepts_with_fixed_talker_block,participant_id,(Intercept),,0.570319258840944,0.755194848261655,False,False,ok
B23,tr_18,cv_train,2.0,M_predictor,registered,participant_item_intercepts_with_fixed_talker_block,analysis_item_id,(Intercept),,1.4132483848037,1.1888012385608,False,False,ok
B23,tr_18,full,,M_condition,registered,participant_item_intercepts_with_fixed_talker_block,participant_id,(Intercept),,0.480919702786681,0.693483743707581,False,False,ok
B23,tr_18,full,,M_condition,registered,participant_item_intercepts_with_fixed_talker_block,analysis_item_id,(Intercept),,1.33748381572465,1.15649635352847,False,False,ok
B23,tr_18,full,,M_joint,registered,participant_item_intercepts_with_fixed_talker_block,participant_id,(Intercept),,0.480860419756255,0.693440999477428,False,False,ok
B23,tr_18,full,,M_joint,registered,participant_item_intercepts_with_fixed_talker_block,analysis_item_id,(Intercept),,1.33804826350493,1.15674036131922,False,False,ok
B23,tr_18,full,,M_null,registered,participant_item_intercepts_with_fixed_talker_block,participant_id,(Intercept),,0.502658159204384,0.708983892062707,False,False,ok
B23,tr_18,full,,M_null,registered,participant_item_intercepts_with_fixed_talker_block,analysis_item_id,(Intercept),,1.33752353470099,1.1565135255158,False,False,ok
B23,tr_18,full,,M_predictor,registered,participant_item_intercepts_with_fixed_talker_block,participant_id,(Intercept),,0.502621594825968,0.708958105127495,False,False,ok
B23,tr_18,full,,M_predictor,registered,participant_item_intercepts_with_fixed_talker_block,analysis_item_id,(Intercept),,1.33807817407644,1.1567532900651,False,False,ok
B23,tr_2,cv_train,0.0,M_condition,registered,participant_item_intercepts_with_fixed_talker_block,participant_id,(Intercept),,0.378656838736337,0.615350988246819,False,False,ok
B23,tr_2,cv_train,0.0,M_condition,registered,participant_item_intercepts_with_fixed_talker_block,analysis_item_id,(Intercept),,1.3127895648925,1.14577029324926,False,False,ok
B23,tr_2,cv_train,0.0,M_joint,registered,participant_item_intercepts_with_fixed_talker_block,participant_id,(Intercept),,0.37874028195742,0.615418785834021,False,False,ok
B23,tr_2,cv_train,0.0,M_joint,registered,participant_item_intercepts_with_fixed_talker_block,analysis_item_id,(Intercept),,1.3092725361264,1.14423447602596,False,False,ok
B23,tr_2,cv_train,0.0,M_null,registered,participant_item_intercepts_with_fixed_talker_block,participant_id,(Intercept),,0.422793140446051,0.650225453551344,False,False,ok
B23,tr_2,cv_train,0.0,M_null,registered,participant_item_intercepts_with_fixed_talker_block,analysis_item_id,(Intercept),,1.31309919485827,1.14590540397463,False,False,ok
B23,tr_2,cv_train,0.0,M_predictor,registered,participant_item_intercepts_with_fixed_talker_block,participant_id,(Intercept),,0.423374417180024,0.650672280937204,False,False,ok
B23,tr_2,cv_train,0.0,M_predictor,registered,participant_item_intercepts_with_fixed_talker_block,analysis_item_id,(Intercept),,1.30960767157292,1.14438091192265,False,False,ok
B23,tr_2,cv_train,1.0,M_condition,registered,participant_item_intercepts_with_fixed_talker_block,participant_id,(Intercept),,0.502948189582988,0.709188402036432,False,False,ok
B23,tr_2,cv_train,1.0,M_condition,registered,participant_item_intercepts_with_fixed_talker_block,analysis_item_id,(Intercept),,1.26027618405165,1.1226202314459,False,False,ok
B23,tr_2,cv_train,1.0,M_joint,registered,participant_item_intercepts_with_fixed_talker_block,participant_id,(Intercept),,0.502898486445537,0.709153358904501,False,False,ok
B23,tr_2,cv_train,1.0,M_joint,registered,participant_item_intercepts_with_fixed_talker_block,analysis_item_id,(Intercept),,1.25957147057034,1.12230631762026,False,False,ok
B23,tr_2,cv_train,1.0,M_null,registered,participant_item_intercepts_with_fixed_talker_block,participant_id,(Intercept),,0.520240138306088,0.721276741830823,False,False,ok
B23,tr_2,cv_train,1.0,M_null,registered,participant_item_intercepts_with_fixed_talker_block,analysis_item_id,(Intercept),,1.26029725775484,1.12262961735153,False,False,ok
B23,tr_2,cv_train,1.0,M_predictor,registered,participant_item_intercepts_with_fixed_talker_block,participant_id,(Intercept),,0.520144120560323,0.721210177798624,False,False,ok
B23,tr_2,cv_train,1.0,M_predictor,registered,participant_item_intercepts_with_fixed_talker_block,analysis_item_id,(Intercept),,1.25955527719495,1.12229910326746,False,False,ok
B23,tr_2,cv_train,2.0,M_condition,registered,participant_item_intercepts_with_fixed_talker_block,participant_id,(Intercept),,0.54472891281608,0.738057526766092,False,False,ok
B23,tr_2,cv_train,2.0,M_condition,registered,participant_item_intercepts_with_fixed_talker_block,analysis_item_id,(Intercept),,1.41317831061326,1.18877176556867,False,False,ok
B23,tr_2,cv_train,2.0,M_joint,registered,participant_item_intercepts_with_fixed_talker_block,participant_id,(Intercept),,0.544717022954434,0.738049471888188,False,False,ok
B23,tr_2,cv_train,2.0,M_joint,registered,participant_item_intercepts_with_fixed_talker_block,analysis_item_id,(Intercept),,1.41250671025359,1.18848925542202,False,False,ok
B23,tr_2,cv_train,2.0,M_null,registered,participant_item_intercepts_with_fixed_talker_block,participant_id,(Intercept),,0.570351634256893,0.755216283098354,False,False,ok
B23,tr_2,cv_train,2.0,M_null,registered,participant_item_intercepts_with_fixed_talker_block,analysis_item_id,(Intercept),,1.41324978079729,1.18880182570406,False,False,ok
B23,tr_2,cv_train,2.0,M_predictor,registered,participant_item_intercepts_with_fixed_talker_block,participant_id,(Intercept),,0.570311781277528,0.755189897494351,False,False,ok
B23,tr_2,cv_train,2.0,M_predictor,registered,participant_item_intercepts_with_fixed_talker_block,analysis_item_id,(Intercept),,1.41256329952181,1.1885130624111,False,False,ok
B23,tr_2,full,,M_condition,registered,participant_item_intercepts_with_fixed_talker_block,participant_id,(Intercept),,0.480919702786681,0.693483743707581,False,False,ok
B23,tr_2,full,,M_condition,registered,participant_item_intercepts_with_fixed_talker_block,analysis_item_id,(Intercept),,1.33748381572465,1.15649635352847,False,False,ok
B23,tr_2,full,,M_joint,registered,participant_item_intercepts_with_fixed_talker_block,participant_id,(Intercept),,0.480879341284456,0.693454642557432,False,False,ok
B23,tr_2,full,,M_joint,registered,participant_item_intercepts_with_fixed_talker_block,analysis_item_id,(Intercept),,1.33558276997731,1.15567416254639,False,False,ok
B23,tr_2,full,,M_null,registered,participant_item_intercepts_with_fixed_talker_block,participant_id,(Intercept),,0.502658159204384,0.708983892062707,False,False,ok
B23,tr_2,full,,M_null,registered,participant_item_intercepts_with_fixed_talker_block,analysis_item_id,(Intercept),,1.33752353470099,1.1565135255158,False,False,ok
B23,tr_2,full,,M_predictor,registered,participant_item_intercepts_with_fixed_talker_block,participant_id,(Intercept),,0.502602012120289,0.708944294088251,False,False,ok
B23,tr_2,full,,M_predictor,registered,participant_item_intercepts_with_fixed_talker_block,analysis_item_id,(Intercept),,1.33562988428266,1.15569454627192,False,False,ok
B23,tr_20,cv_train,0.0,M_condition,registered,participant_item_intercepts_with_fixed_talker_block,participant_id,(Intercept),,0.378656838736337,0.615350988246819,False,False,ok
B23,tr_20,cv_train,0.0,M_condition,registered,participant_item_intercepts_with_fixed_talker_block,analysis_item_id,(Intercept),,1.3127895648925,1.14577029324926,False,False,ok
B23,tr_20,cv_train,0.0,M_joint,registered,participant_item_intercepts_with_fixed_talker_block,participant_id,(Intercept),,0.378705204558801,0.615390286370203,False,False,ok
B23,tr_20,cv_train,0.0,M_joint,registered,participant_item_intercepts_with_fixed_talker_block,analysis_item_id,(Intercept),,1.31327765330216,1.14598326920691,False,False,ok
B23,tr_20,cv_train,0.0,M_null,registered,participant_item_intercepts_with_fixed_talker_block,participant_id,(Intercept),,0.422793140446051,0.650225453551344,False,False,ok
B23,tr_20,cv_train,0.0,M_null,registered,participant_item_intercepts_with_fixed_talker_block,analysis_item_id,(Intercept),,1.31309919485827,1.14590540397463,False,False,ok
B23,tr_20,cv_train,0.0,M_predictor,registered,participant_item_intercepts_with_fixed_talker_block,participant_id,(Intercept),,0.422710940931022,0.650162242006579,False,False,ok
B23,tr_20,cv_train,0.0,M_predictor,registered,participant_item_intercepts_with_fixed_talker_block,analysis_item_id,(Intercept),,1.31356869401486,1.14611024514,False,False,ok
B23,tr_20,cv_train,1.0,M_condition,registered,participant_item_intercepts_with_fixed_talker_block,participant_id,(Intercept),,0.502948189582988,0.709188402036432,False,False,ok
B23,tr_20,cv_train,1.0,M_condition,registered,participant_item_intercepts_with_fixed_talker_block,analysis_item_id,(Intercept),,1.26027618405165,1.1226202314459,False,False,ok
B23,tr_20,cv_train,1.0,M_joint,registered,participant_item_intercepts_with_fixed_talker_block,participant_id,(Intercept),,0.502764871227156,0.709059145083932,False,False,ok
B23,tr_20,cv_train,1.0,M_joint,registered,participant_item_intercepts_with_fixed_talker_block,analysis_item_id,(Intercept),,1.25982232150539,1.12241806894998,False,False,ok
B23,tr_20,cv_train,1.0,M_null,registered,participant_item_intercepts_with_fixed_talker_block,participant_id,(Intercept),,0.520240138306088,0.721276741830823,False,False,ok
B23,tr_20,cv_train,1.0,M_null,registered,participant_item_intercepts_with_fixed_talker_block,analysis_item_id,(Intercept),,1.26029725775484,1.12262961735153,False,False,ok
B23,tr_20,cv_train,1.0,M_predictor,registered,participant_item_intercepts_with_fixed_talker_block,participant_id,(Intercept),,0.519706860781795,0.720906970962131,False,False,ok
B23,tr_20,cv_train,1.0,M_predictor,registered,participant_item_intercepts_with_fixed_talker_block,analysis_item_id,(Intercept),,1.25982923172145,1.12242114721768,False,False,ok
B23,tr_20,cv_train,2.0,M_condition,registered,participant_item_intercepts_with_fixed_talker_block,participant_id,(Intercept),,0.54472891281608,0.738057526766092,False,False,ok
B23,tr_20,cv_train,2.0,M_condition,registered,participant_item_intercepts_with_fixed_talker_block,analysis_item_id,(Intercept),,1.41317831061326,1.18877176556867,False,False,ok
B23,tr_20,cv_train,2.0,M_joint,registered,participant_item_intercepts_with_fixed_talker_block,participant_id,(Intercept),,0.544702297737397,0.738039496055189,False,False,ok
B23,tr_20,cv_train,2.0,M_joint,registered,participant_item_intercepts_with_fixed_talker_block,analysis_item_id,(Intercept),,1.41291333076687,1.18866030924182,False,False,ok
B23,tr_20,cv_train,2.0,M_null,registered,participant_item_intercepts_with_fixed_talker_block,participant_id,(Intercept),,0.570351634256893,0.755216283098354,False,False,ok
B23,tr_20,cv_train,2.0,M_null,registered,participant_item_intercepts_with_fixed_talker_block,analysis_item_id,(Intercept),,1.41324978079729,1.18880182570406,False,False,ok
B23,tr_20,cv_train,2.0,M_predictor,registered,participant_item_intercepts_with_fixed_talker_block,participant_id,(Intercept),,0.570261021998335,0.755156289782675,False,False,ok
B23,tr_20,cv_train,2.0,M_predictor,registered,participant_item_intercepts_with_fixed_talker_block,analysis_item_id,(Intercept),,1.41298108595241,1.18868880955127,False,False,ok
B23,tr_20,full,,M_condition,registered,participant_item_intercepts_with_fixed_talker_block,participant_id,(Intercept),,0.480919702786681,0.693483743707581,False,False,ok
B23,tr_20,full,,M_condition,registered,participant_item_intercepts_with_fixed_talker_block,analysis_item_id,(Intercept),,1.33748381572465,1.15649635352847,False,False,ok
B23,tr_20,full,,M_joint,registered,participant_item_intercepts_with_fixed_talker_block,participant_id,(Intercept),,0.480847193219637,0.693431462525055,False,False,ok
B23,tr_20,full,,M_joint,registered,participant_item_intercepts_with_fixed_talker_block,analysis_item_id,(Intercept),,1.33735600106183,1.15644109277638,False,False,ok
B23,tr_20,full,,M_null,registered,participant_item_intercepts_with_fixed_talker_block,participant_id,(Intercept),,0.502658159204384,0.708983892062707,False,False,ok
B23,tr_20,full,,M_null,registered,participant_item_intercepts_with_fixed_talker_block,analysis_item_id,(Intercept),,1.33752353470099,1.1565135255158,False,False,ok
B23,tr_20,full,,M_predictor,registered,participant_item_intercepts_with_fixed_talker_block,participant_id,(Intercept),,0.502375221588665,0.708784326568149,False,False,ok
B23,tr_20,full,,M_predictor,registered,participant_item_intercepts_with_fixed_talker_block,analysis_item_id,(Intercept),,1.33739738796945,1.15645898672173,False,False,ok
B23,tr_22,cv_train,0.0,M_condition,registered,participant_item_intercepts_with_fixed_talker_block,participant_id,(Intercept),,0.378656838736337,0.615350988246819,False,False,ok
B23,tr_22,cv_train,0.0,M_condition,registered,participant_item_intercepts_with_fixed_talker_block,analysis_item_id,(Intercept),,1.3127895648925,1.14577029324926,False,False,ok
B23,tr_22,cv_train,0.0,M_joint,registered,participant_item_intercepts_with_fixed_talker_block,participant_id,(Intercept),,0.378677780839095,0.615368004399884,False,False,ok
B23,tr_22,cv_train,0.0,M_joint,registered,participant_item_intercepts_with_fixed_talker_block,analysis_item_id,(Intercept),,1.31410440875583,1.14634393126837,False,False,ok
B23,tr_22,cv_train,0.0,M_null,registered,participant_item_intercepts_with_fixed_talker_block,participant_id,(Intercept),,0.422793140446051,0.650225453551344,False,False,ok
B23,tr_22,cv_train,0.0,M_null,registered,participant_item_intercepts_with_fixed_talker_block,analysis_item_id,(Intercept),,1.31309919485827,1.14590540397463,False,False,ok
B23,tr_22,cv_train,0.0,M_predictor,registered,participant_item_intercepts_with_fixed_talker_block,participant_id,(Intercept),,0.422406011395471,0.649927697052119,False,False,ok
B23,tr_22,cv_train,0.0,M_predictor,registered,participant_item_intercepts_with_fixed_talker_block,analysis_item_id,(Intercept),,1.31441294167092,1.14647849594788,False,False,ok
B23,tr_22,cv_train,1.0,M_condition,registered,participant_item_intercepts_with_fixed_talker_block,participant_id,(Intercept),,0.502948189582988,0.709188402036432,False,False,ok
B23,tr_22,cv_train,1.0,M_condition,registered,participant_item_intercepts_with_fixed_talker_block,analysis_item_id,(Intercept),,1.26027618405165,1.1226202314459,False,False,ok
B23,tr_22,cv_train,1.0,M_joint,registered,participant_item_intercepts_with_fixed_talker_block,participant_id,(Intercept),,0.502782512714637,0.709071585042467,False,False,ok
B23,tr_22,cv_train,1.0,M_joint,registered,participant_item_intercepts_with_fixed_talker_block,analysis_item_id,(Intercept),,1.2602935705885,1.1226279751496,False,False,ok
B23,tr_22,cv_train,1.0,M_null,registered,participant_item_intercepts_with_fixed_talker_block,participant_id,(Intercept),,0.520240138306088,0.721276741830823,False,False,ok
B23,tr_22,cv_train,1.0,M_null,registered,participant_item_intercepts_with_fixed_talker_block,analysis_item_id,(Intercept),,1.26029725775484,1.12262961735153,False,False,ok
B23,tr_22,cv_train,1.0,M_predictor,registered,participant_item_intercepts_with_fixed_talker_block,participant_id,(Intercept),,0.519706763863666,0.720906903742547,False,False,ok
B23,tr_22,cv_train,1.0,M_predictor,registered,participant_item_intercepts_with_fixed_talker_block,analysis_item_id,(Intercept),,1.26030072907164,1.1226311634155,False,False,ok
B23,tr_22,cv_train,2.0,M_condition,registered,participant_item_intercepts_with_fixed_talker_block,participant_id,(Intercept),,0.54472891281608,0.738057526766092,False,False,ok
B23,tr_22,cv_train,2.0,M_condition,registered,participant_item_intercepts_with_fixed_talker_block,analysis_item_id,(Intercept),,1.41317831061326,1.18877176556867,False,False,ok
B23,tr_22,cv_train,2.0,M_joint,registered,participant_item_intercepts_with_fixed_talker_block,participant_id,(Intercept),,0.544727094529706,0.738056294959745,False,False,ok
B23,tr_22,cv_train,2.0,M_joint,registered,participant_item_intercepts_with_fixed_talker_block,analysis_item_id,(Intercept),,1.41317369849457,1.1887698256999,False,False,ok
B23,tr_22,cv_train,2.0,M_null,registered,participant_item_intercepts_with_fixed_talker_block,participant_id,(Intercept),,0.570351634256893,0.755216283098354,False,False,ok
B23,tr_22,cv_train,2.0,M_null,registered,participant_item_intercepts_with_fixed_talker_block,analysis_item_id,(Intercept),,1.41324978079729,1.18880182570406,False,False,ok
B23,tr_22,cv_train,2.0,M_predictor,registered,participant_item_intercepts_with_fixed_talker_block,participant_id,(Intercept),,0.570344392396988,0.755211488522909,False,False,ok
B23,tr_22,cv_train,2.0,M_predictor,registered,participant_item_intercepts_with_fixed_talker_block,analysis_item_id,(Intercept),,1.41324332714382,1.18879911134885,False,False,ok
B23,tr_22,full,,M_condition,registered,participant_item_intercepts_with_fixed_talker_block,participant_id,(Intercept),,0.480919702786681,0.693483743707581,False,False,ok
B23,tr_22,full,,M_condition,registered,participant_item_intercepts_with_fixed_talker_block,analysis_item_id,(Intercept),,1.33748381572465,1.15649635352847,False,False,ok
B23,tr_22,full,,M_joint,registered,participant_item_intercepts_with_fixed_talker_block,participant_id,(Intercept),,0.480851306430714,0.693434428356938,False,False,ok
B23,tr_22,full,,M_joint,registered,participant_item_intercepts_with_fixed_talker_block,analysis_item_id,(Intercept),,1.33771122378472,1.15659466702243,False,False,ok
B23,tr_22,full,,M_null,registered,participant_item_intercepts_with_fixed_talker_block,participant_id,(Intercept),,0.502658159204384,0.708983892062707,False,False,ok
B23,tr_22,full,,M_null,registered,participant_item_intercepts_with_fixed_talker_block,analysis_item_id,(Intercept),,1.33752353470099,1.1565135255158,False,False,ok
B23,tr_22,full,,M_predictor,registered,participant_item_intercepts_with_fixed_talker_block,participant_id,(Intercept),,0.502351274825192,0.708767433524701,False,False,ok
B23,tr_22,full,,M_predictor,registered,participant_item_intercepts_with_fixed_talker_block,analysis_item_id,(Intercept),,1.33774535636998,1.15660942256666,False,False,ok
B23,tr_24,cv_train,0.0,M_condition,registered,participant_item_intercepts_with_fixed_talker_block,participant_id,(Intercept),,0.378656838736337,0.615350988246819,False,False,ok
B23,tr_24,cv_train,0.0,M_condition,registered,participant_item_intercepts_with_fixed_talker_block,analysis_item_id,(Intercept),,1.3127895648925,1.14577029324926,False,False,ok
B23,tr_24,cv_train,0.0,M_joint,registered,participant_item_intercepts_with_fixed_talker_block,participant_id,(Intercept),,0.378677232045057,0.61536755849253,False,False,ok
B23,tr_24,cv_train,0.0,M_joint,registered,participant_item_intercepts_with_fixed_talker_block,analysis_item_id,(Intercept),,1.31105990419664,1.14501524190582,False,False,ok
B23,tr_24,cv_train,0.0,M_null,registered,participant_item_intercepts_with_fixed_talker_block,participant_id,(Intercept),,0.422793140446051,0.650225453551344,False,False,ok
B23,tr_24,cv_train,0.0,M_null,registered,participant_item_intercepts_with_fixed_talker_block,analysis_item_id,(Intercept),,1.31309919485827,1.14590540397463,False,False,ok
B23,tr_24,cv_train,0.0,M_predictor,registered,participant_item_intercepts_with_fixed_talker_block,participant_id,(Intercept),,0.422515975202822,0.650012288501396,False,False,ok
B23,tr_24,cv_train,0.0,M_predictor,registered,participant_item_intercepts_with_fixed_talker_block,analysis_item_id,(Intercept),,1.31133015313396,1.14513324689049,False,False,ok
B23,tr_24,cv_train,1.0,M_condition,registered,participant_item_intercepts_with_fixed_talker_block,participant_id,(Intercept),,0.502948189582988,0.709188402036432,False,False,ok
B23,tr_24,cv_train,1.0,M_condition,registered,participant_item_intercepts_with_fixed_talker_block,analysis_item_id,(Intercept),,1.26027618405165,1.1226202314459,False,False,ok
B23,tr_24,cv_train,1.0,M_joint,registered,participant_item_intercepts_with_fixed_talker_block,participant_id,(Intercept),,0.502782848408717,0.709071821756243,False,False,ok
B23,tr_24,cv_train,1.0,M_joint,registered,participant_item_intercepts_with_fixed_talker_block,analysis_item_id,(Intercept),,1.25799034034926,1.12160168524716,False,False,ok
B23,tr_24,cv_train,1.0,M_null,registered,participant_item_intercepts_with_fixed_talker_block,participant_id,(Intercept),,0.520240138306088,0.721276741830823,False,False,ok
B23,tr_24,cv_train,1.0,M_null,registered,participant_item_intercepts_with_fixed_talker_block,analysis_item_id,(Intercept),,1.26029725775484,1.12262961735153,False,False,ok
B23,tr_24,cv_train,1.0,M_predictor,registered,participant_item_intercepts_with_fixed_talker_block,participant_id,(Intercept),,0.519692962781475,0.720897331650961,False,False,ok
B23,tr_24,cv_train,1.0,M_predictor,registered,participant_item_intercepts_with_fixed_talker_block,analysis_item_id,(Intercept),,1.25796226052231,1.12158916744159,False,False,ok
B23,tr_24,cv_train,2.0,M_condition,registered,participant_item_intercepts_with_fixed_talker_block,participant_id,(Intercept),,0.54472891281608,0.738057526766092,False,False,ok
B23,tr_24,cv_train,2.0,M_condition,registered,participant_item_intercepts_with_fixed_talker_block,analysis_item_id,(Intercept),,1.41317831061326,1.18877176556867,False,False,ok
B23,tr_24,cv_train,2.0,M_joint,registered,participant_item_intercepts_with_fixed_talker_block,participant_id,(Intercept),,0.544713050452763,0.738046780666892,False,False,ok
B23,tr_24,cv_train,2.0,M_joint,registered,participant_item_intercepts_with_fixed_talker_block,analysis_item_id,(Intercept),,1.4122456131007,1.1883794062086,False,False,ok
B23,tr_24,cv_train,2.0,M_null,registered,participant_item_intercepts_with_fixed_talker_block,participant_id,(Intercept),,0.570351634256893,0.755216283098354,False,False,ok
B23,tr_24,cv_train,2.0,M_null,registered,participant_item_intercepts_with_fixed_talker_block,analysis_item_id,(Intercept),,1.41324978079729,1.18880182570406,False,False,ok
B23,tr_24,cv_train,2.0,M_predictor,registered,participant_item_intercepts_with_fixed_talker_block,participant_id,(Intercept),,0.570239962806929,0.75514234605598,False,False,ok
B23,tr_24,cv_train,2.0,M_predictor,registered,participant_item_intercepts_with_fixed_talker_block,analysis_item_id,(Intercept),,1.41229913075043,1.18840192306746,False,False,ok
B23,tr_24,full,,M_condition,registered,participant_item_intercepts_with_fixed_talker_block,participant_id,(Intercept),,0.480919702786681,0.693483743707581,False,False,ok
B23,tr_24,full,,M_condition,registered,participant_item_intercepts_with_fixed_talker_block,analysis_item_id,(Intercept),,1.33748381572465,1.15649635352847,False,False,ok
B23,tr_24,full,,M_joint,registered,participant_item_intercepts_with_fixed_talker_block,participant_id,(Intercept),,0.480862526559218,0.693442518568928,False,False,ok
B23,tr_24,full,,M_joint,registered,participant_item_intercepts_with_fixed_talker_block,analysis_item_id,(Intercept),,1.33577434615798,1.15575704460669,False,False,ok
B23,tr_24,full,,M_null,registered,participant_item_intercepts_with_fixed_talker_block,participant_id,(Intercept),,0.502658159204384,0.708983892062707,False,False,ok
B23,tr_24,full,,M_null,registered,participant_item_intercepts_with_fixed_talker_block,analysis_item_id,(Intercept),,1.33752353470099,1.1565135255158,False,False,ok
B23,tr_24,full,,M_predictor,registered,participant_item_intercepts_with_fixed_talker_block,participant_id,(Intercept),,0.502336561449346,0.708757053897417,False,False,ok
B23,tr_24,full,,M_predictor,registered,participant_item_intercepts_with_fixed_talker_block,analysis_item_id,(Intercept),,1.33577965588536,1.15575934168207,False,False,ok
B23,tr_4,cv_train,0.0,M_condition,registered,participant_item_intercepts_with_fixed_talker_block,participant_id,(Intercept),,0.378656838736337,0.615350988246819,False,False,ok
B23,tr_4,cv_train,0.0,M_condition,registered,participant_item_intercepts_with_fixed_talker_block,analysis_item_id,(Intercept),,1.3127895648925,1.14577029324926,False,False,ok
B23,tr_4,cv_train,0.0,M_joint,registered,participant_item_intercepts_with_fixed_talker_block,participant_id,(Intercept),,0.378723191347117,0.615404900327514,False,False,ok
B23,tr_4,cv_train,0.0,M_joint,registered,participant_item_intercepts_with_fixed_talker_block,analysis_item_id,(Intercept),,1.30946452675365,1.14431836774285,False,False,ok
B23,tr_4,cv_train,0.0,M_null,registered,participant_item_intercepts_with_fixed_talker_block,participant_id,(Intercept),,0.422793140446051,0.650225453551344,False,False,ok
B23,tr_4,cv_train,0.0,M_null,registered,participant_item_intercepts_with_fixed_talker_block,analysis_item_id,(Intercept),,1.31309919485827,1.14590540397463,False,False,ok
B23,tr_4,cv_train,0.0,M_predictor,registered,participant_item_intercepts_with_fixed_talker_block,participant_id,(Intercept),,0.422948110360803,0.6503446089273,False,False,ok
B23,tr_4,cv_train,0.0,M_predictor,registered,participant_item_intercepts_with_fixed_talker_block,analysis_item_id,(Intercept),,1.30977803339032,1.14445534355444,False,False,ok
B23,tr_4,cv_train,1.0,M_condition,registered,participant_item_intercepts_with_fixed_talker_block,participant_id,(Intercept),,0.502948189582988,0.709188402036432,False,False,ok
B23,tr_4,cv_train,1.0,M_condition,registered,participant_item_intercepts_with_fixed_talker_block,analysis_item_id,(Intercept),,1.26027618405165,1.1226202314459,False,False,ok
B23,tr_4,cv_train,1.0,M_joint,registered,participant_item_intercepts_with_fixed_talker_block,participant_id,(Intercept),,0.502871666687857,0.709134448950167,False,False,ok
B23,tr_4,cv_train,1.0,M_joint,registered,participant_item_intercepts_with_fixed_talker_block,analysis_item_id,(Intercept),,1.25915507716754,1.12212079437445,False,False,ok
B23,tr_4,cv_train,1.0,M_null,registered,participant_item_intercepts_with_fixed_talker_block,participant_id,(Intercept),,0.520240138306088,0.721276741830823,False,False,ok
B23,tr_4,cv_train,1.0,M_null,registered,participant_item_intercepts_with_fixed_talker_block,analysis_item_id,(Intercept),,1.26029725775484,1.12262961735153,False,False,ok
B23,tr_4,cv_train,1.0,M_predictor,registered,participant_item_intercepts_with_fixed_talker_block,participant_id,(Intercept),,0.520092366502782,0.721174296895544,False,False,ok
B23,tr_4,cv_train,1.0,M_predictor,registered,participant_item_intercepts_with_fixed_talker_block,analysis_item_id,(Intercept),,1.25915699033217,1.12212164685125,False,False,ok
B23,tr_4,cv_train,2.0,M_condition,registered,participant_item_intercepts_with_fixed_talker_block,participant_id,(Intercept),,0.54472891281608,0.738057526766092,False,False,ok
B23,tr_4,cv_train,2.0,M_condition,registered,participant_item_intercepts_with_fixed_talker_block,analysis_item_id,(Intercept),,1.41317831061326,1.18877176556867,False,False,ok
B23,tr_4,cv_train,2.0,M_joint,registered,participant_item_intercepts_with_fixed_talker_block,participant_id,(Intercept),,0.544719007779863,0.738050816529501,False,False,ok
B23,tr_4,cv_train,2.0,M_joint,registered,participant_item_intercepts_with_fixed_talker_block,analysis_item_id,(Intercept),,1.41210109503383,1.18831859996965,False,False,ok
B23,tr_4,cv_train,2.0,M_null,registered,participant_item_intercepts_with_fixed_talker_block,participant_id,(Intercept),,0.570351634256893,0.755216283098354,False,False,ok
B23,tr_4,cv_train,2.0,M_null,registered,participant_item_intercepts_with_fixed_talker_block,analysis_item_id,(Intercept),,1.41324978079729,1.18880182570406,False,False,ok
B23,tr_4,cv_train,2.0,M_predictor,registered,participant_item_intercepts_with_fixed_talker_block,participant_id,(Intercept),,0.570300905215167,0.755182696580878,False,False,ok
B23,tr_4,cv_train,2.0,M_predictor,registered,participant_item_intercepts_with_fixed_talker_block,analysis_item_id,(Intercept),,1.41215479983119,1.1883411967239,False,False,ok
B23,tr_4,full,,M_condition,registered,participant_item_intercepts_with_fixed_talker_block,participant_id,(Intercept),,0.480919702786681,0.693483743707581,False,False,ok
B23,tr_4,full,,M_condition,registered,participant_item_intercepts_with_fixed_talker_block,analysis_item_id,(Intercept),,1.33748381572465,1.15649635352847,False,False,ok
B23,tr_4,full,,M_joint,registered,participant_item_intercepts_with_fixed_talker_block,participant_id,(Intercept),,0.480882036833678,0.693456586120341,False,False,ok
B23,tr_4,full,,M_joint,registered,participant_item_intercepts_with_fixed_talker_block,analysis_item_id,(Intercept),,1.33553446353175,1.15565326267516,False,False,ok
B23,tr_4,full,,M_null,registered,participant_item_intercepts_with_fixed_talker_block,participant_id,(Intercept),,0.502658159204384,0.708983892062707,False,False,ok
B23,tr_4,full,,M_null,registered,participant_item_intercepts_with_fixed_talker_block,analysis_item_id,(Intercept),,1.33752353470099,1.1565135255158,False,False,ok
B23,tr_4,full,,M_predictor,registered,participant_item_intercepts_with_fixed_talker_block,participant_id,(Intercept),,0.502549521930775,0.708907273154095,False,False,ok
B23,tr_4,full,,M_predictor,registered,participant_item_intercepts_with_fixed_talker_block,analysis_item_id,(Intercept),,1.33554696178056,1.15565867010141,False,False,ok
B23,tr_6,cv_train,0.0,M_condition,registered,participant_item_intercepts_with_fixed_talker_block,participant_id,(Intercept),,0.378656838736337,0.615350988246819,False,False,ok
B23,tr_6,cv_train,0.0,M_condition,registered,participant_item_intercepts_with_fixed_talker_block,analysis_item_id,(Intercept),,1.3127895648925,1.14577029324926,False,False,ok
B23,tr_6,cv_train,0.0,M_joint,registered,participant_item_intercepts_with_fixed_talker_block,participant_id,(Intercept),,0.378773750778826,0.615445977140826,False,False,ok
B23,tr_6,cv_train,0.0,M_joint,registered,participant_item_intercepts_with_fixed_talker_block,analysis_item_id,(Intercept),,1.30641244949134,1.14298401103924,False,False,ok
B23,tr_6,cv_train,0.0,M_null,registered,participant_item_intercepts_with_fixed_talker_block,participant_id,(Intercept),,0.422793140446051,0.650225453551344,False,False,ok
B23,tr_6,cv_train,0.0,M_null,registered,participant_item_intercepts_with_fixed_talker_block,analysis_item_id,(Intercept),,1.31309919485827,1.14590540397463,False,False,ok
B23,tr_6,cv_train,0.0,M_predictor,registered,participant_item_intercepts_with_fixed_talker_block,participant_id,(Intercept),,0.423193646302525,0.650533355257457,False,False,ok
B23,tr_6,cv_train,0.0,M_predictor,registered,participant_item_intercepts_with_fixed_talker_block,analysis_item_id,(Intercept),,1.30675751955371,1.14313495246787,False,False,ok
B23,tr_6,cv_train,1.0,M_condition,registered,participant_item_intercepts_with_fixed_talker_block,participant_id,(Intercept),,0.502948189582988,0.709188402036432,False,False,ok
B23,tr_6,cv_train,1.0,M_condition,registered,participant_item_intercepts_with_fixed_talker_block,analysis_item_id,(Intercept),,1.26027618405165,1.1226202314459,False,False,ok
B23,tr_6,cv_train,1.0,M_joint,registered,participant_item_intercepts_with_fixed_talker_block,participant_id,(Intercept),,0.502887666541418,0.709145730115763,False,False,ok
B23,tr_6,cv_train,1.0,M_joint,registered,participant_item_intercepts_with_fixed_talker_block,analysis_item_id,(Intercept),,1.25889947303633,1.1220068952713,False,False,ok
B23,tr_6,cv_train,1.0,M_null,registered,participant_item_intercepts_with_fixed_talker_block,participant_id,(Intercept),,0.520240138306088,0.721276741830823,False,False,ok
B23,tr_6,cv_train,1.0,M_null,registered,participant_item_intercepts_with_fixed_talker_block,analysis_item_id,(Intercept),,1.26029725775484,1.12262961735153,False,False,ok
B23,tr_6,cv_train,1.0,M_predictor,registered,participant_item_intercepts_with_fixed_talker_block,participant_id,(Intercept),,0.520120688775894,0.721193932847396,False,False,ok
B23,tr_6,cv_train,1.0,M_predictor,registered,participant_item_intercepts_with_fixed_talker_block,analysis_item_id,(Intercept),,1.25889283995119,1.12200393936527,False,False,ok
B23,tr_6,cv_train,2.0,M_condition,registered,participant_item_intercepts_with_fixed_talker_block,participant_id,(Intercept),,0.54472891281608,0.738057526766092,False,False,ok
B23,tr_6,cv_train,2.0,M_condition,registered,participant_item_intercepts_with_fixed_talker_block,analysis_item_id,(Intercept),,1.41317831061326,1.18877176556867,False,False,ok
B23,tr_6,cv_train,2.0,M_joint,registered,participant_item_intercepts_with_fixed_talker_block,participant_id,(Intercept),,0.544739257095621,0.738064534506043,False,False,ok
B23,tr_6,cv_train,2.0,M_joint,registered,participant_item_intercepts_with_fixed_talker_block,analysis_item_id,(Intercept),,1.41073804934716,1.18774494288427,False,False,ok
B23,tr_6,cv_train,2.0,M_null,registered,participant_item_intercepts_with_fixed_talker_block,participant_id,(Intercept),,0.570351634256893,0.755216283098354,False,False,ok
B23,tr_6,cv_train,2.0,M_null,registered,participant_item_intercepts_with_fixed_talker_block,analysis_item_id,(Intercept),,1.41324978079729,1.18880182570406,False,False,ok
B23,tr_6,cv_train,2.0,M_predictor,registered,participant_item_intercepts_with_fixed_talker_block,participant_id,(Intercept),,0.570311410326334,0.755189651893042,False,False,ok
B23,tr_6,cv_train,2.0,M_predictor,registered,participant_item_intercepts_with_fixed_talker_block,analysis_item_id,(Intercept),,1.41079660367917,1.18776959199971,False,False,ok
B23,tr_6,full,,M_condition,registered,participant_item_intercepts_with_fixed_talker_block,participant_id,(Intercept),,0.480919702786681,0.693483743707581,False,False,ok
B23,tr_6,full,,M_condition,registered,participant_item_intercepts_with_fixed_talker_block,analysis_item_id,(Intercept),,1.33748381572465,1.15649635352847,False,False,ok
B23,tr_6,full,,M_joint,registered,participant_item_intercepts_with_fixed_talker_block,participant_id,(Intercept),,0.480899435648182,0.693469130998765,False,False,ok
B23,tr_6,full,,M_joint,registered,participant_item_intercepts_with_fixed_talker_block,analysis_item_id,(Intercept),,1.33397293057693,1.15497745890425,False,False,ok
B23,tr_6,full,,M_null,registered,participant_item_intercepts_with_fixed_talker_block,participant_id,(Intercept),,0.502658159204384,0.708983892062707,False,False,ok
B23,tr_6,full,,M_null,registered,participant_item_intercepts_with_fixed_talker_block,analysis_item_id,(Intercept),,1.33752353470099,1.1565135255158,False,False,ok
B23,tr_6,full,,M_predictor,registered,participant_item_intercepts_with_fixed_talker_block,participant_id,(Intercept),,0.50259339910322,0.70893821952496,False,False,ok
B23,tr_6,full,,M_predictor,registered,participant_item_intercepts_with_fixed_talker_block,analysis_item_id,(Intercept),,1.33400831691334,1.15499277786198,False,False,ok
B23,tr_8,cv_train,0.0,M_condition,registered,participant_item_intercepts_with_fixed_talker_block,participant_id,(Intercept),,0.378656838736337,0.615350988246819,False,False,ok
B23,tr_8,cv_train,0.0,M_condition,registered,participant_item_intercepts_with_fixed_talker_block,analysis_item_id,(Intercept),,1.3127895648925,1.14577029324926,False,False,ok
B23,tr_8,cv_train,0.0,M_joint,registered,participant_item_intercepts_with_fixed_talker_block,participant_id,(Intercept),,0.378761941659255,0.615436383113036,False,False,ok
B23,tr_8,cv_train,0.0,M_joint,registered,participant_item_intercepts_with_fixed_talker_block,analysis_item_id,(Intercept),,1.31042589855216,1.14473835375258,False,False,ok
B23,tr_8,cv_train,0.0,M_null,registered,participant_item_intercepts_with_fixed_talker_block,participant_id,(Intercept),,0.422793140446051,0.650225453551344,False,False,ok
B23,tr_8,cv_train,0.0,M_null,registered,participant_item_intercepts_with_fixed_talker_block,analysis_item_id,(Intercept),,1.31309919485827,1.14590540397463,False,False,ok
B23,tr_8,cv_train,0.0,M_predictor,registered,participant_item_intercepts_with_fixed_talker_block,participant_id,(Intercept),,0.422666454670241,0.650128029445156,False,False,ok
B23,tr_8,cv_train,0.0,M_predictor,registered,participant_item_intercepts_with_fixed_talker_block,analysis_item_id,(Intercept),,1.31070809718679,1.14486160612835,False,False,ok
B23,tr_8,cv_train,1.0,M_condition,registered,participant_item_intercepts_with_fixed_talker_block,participant_id,(Intercept),,0.502948189582988,0.709188402036432,False,False,ok
B23,tr_8,cv_train,1.0,M_condition,registered,participant_item_intercepts_with_fixed_talker_block,analysis_item_id,(Intercept),,1.26027618405165,1.1226202314459,False,False,ok
B23,tr_8,cv_train,1.0,M_joint,registered,participant_item_intercepts_with_fixed_talker_block,participant_id,(Intercept),,0.502894238673901,0.709150363938355,False,False,ok
B23,tr_8,cv_train,1.0,M_joint,registered,participant_item_intercepts_with_fixed_talker_block,analysis_item_id,(Intercept),,1.2594388921199,1.12224725088543,False,False,ok
B23,tr_8,cv_train,1.0,M_null,registered,participant_item_intercepts_with_fixed_talker_block,participant_id,(Intercept),,0.520240138306088,0.721276741830823,False,False,ok
B23,tr_8,cv_train,1.0,M_null,registered,participant_item_intercepts_with_fixed_talker_block,analysis_item_id,(Intercept),,1.26029725775484,1.12262961735153,False,False,ok
B23,tr_8,cv_train,1.0,M_predictor,registered,participant_item_intercepts_with_fixed_talker_block,participant_id,(Intercept),,0.52004862626708,0.72114397055448,False,False,ok
B23,tr_8,cv_train,1.0,M_predictor,registered,participant_item_intercepts_with_fixed_talker_block,analysis_item_id,(Intercept),,1.25943020190255,1.12224337908608,False,False,ok
B23,tr_8,cv_train,2.0,M_condition,registered,participant_item_intercepts_with_fixed_talker_block,participant_id,(Intercept),,0.54472891281608,0.738057526766092,False,False,ok
B23,tr_8,cv_train,2.0,M_condition,registered,participant_item_intercepts_with_fixed_talker_block,analysis_item_id,(Intercept),,1.41317831061326,1.18877176556867,False,False,ok
B23,tr_8,cv_train,2.0,M_joint,registered,participant_item_intercepts_with_fixed_talker_block,participant_id,(Intercept),,0.544751782715215,0.73807301990739,False,False,ok
B23,tr_8,cv_train,2.0,M_joint,registered,participant_item_intercepts_with_fixed_talker_block,analysis_item_id,(Intercept),,1.41211719402441,1.18832537380316,False,False,ok
B23,tr_8,cv_train,2.0,M_null,registered,participant_item_intercepts_with_fixed_talker_block,participant_id,(Intercept),,0.570351634256893,0.755216283098354,False,False,ok
B23,tr_8,cv_train,2.0,M_null,registered,participant_item_intercepts_with_fixed_talker_block,analysis_item_id,(Intercept),,1.41324978079729,1.18880182570406,False,False,ok
B23,tr_8,cv_train,2.0,M_predictor,registered,participant_item_intercepts_with_fixed_talker_block,participant_id,(Intercept),,0.570268951514401,0.755161540012732,False,False,ok
B23,tr_8,cv_train,2.0,M_predictor,registered,participant_item_intercepts_with_fixed_talker_block,analysis_item_id,(Intercept),,1.41215170866468,1.18833989610073,False,False,ok
B23,tr_8,full,,M_condition,registered,participant_item_intercepts_with_fixed_talker_block,participant_id,(Intercept),,0.480919702786681,0.693483743707581,False,False,ok
B23,tr_8,full,,M_condition,registered,participant_item_intercepts_with_fixed_talker_block,analysis_item_id,(Intercept),,1.33748381572465,1.15649635352847,False,False,ok
B23,tr_8,full,,M_joint,registered,participant_item_intercepts_with_fixed_talker_block,participant_id,(Intercept),,0.480921371107769,0.693484946561761,False,False,ok
B23,tr_8,full,,M_joint,registered,participant_item_intercepts_with_fixed_talker_block,analysis_item_id,(Intercept),,1.3359568239432,1.15583598487986,False,False,ok
B23,tr_8,full,,M_null,registered,participant_item_intercepts_with_fixed_talker_block,participant_id,(Intercept),,0.502658159204384,0.708983892062707,False,False,ok
B23,tr_8,full,,M_null,registered,participant_item_intercepts_with_fixed_talker_block,analysis_item_id,(Intercept),,1.33752353470099,1.1565135255158,False,False,ok
B23,tr_8,full,,M_predictor,registered,participant_item_intercepts_with_fixed_talker_block,participant_id,(Intercept),,0.502453101694189,0.708839263651633,False,False,ok
B23,tr_8,full,,M_predictor,registered,participant_item_intercepts_with_fixed_talker_block,analysis_item_id,(Intercept),,1.33599644375037,1.1558531237793,False,False,ok
