dataset_id,participant_id,condition,training_test_file_key,fold,split_engine
AN19,AN19.1,AN19.Korean.test_Korean,"AN19.KOR.kf2, AN19.KOR.kf4, AN19.KOR.kf6, AN19.KOR.km2, AN19.KOR.km6, AN19.KOR.km7||AN19.KOR.kf1.EW50|AN19.KOR.kf1.EW51|AN19.KOR.kf1.EW53|AN19.KOR.kf1.EW56|AN19.KOR.kf1.HW52|AN19.KOR.kf1.HW54|AN19.KOR.kf1.HW56|AN19.KOR.kf1.HW58|AN19.KOR.kf3.EW52|AN19.KOR.kf3.EW54|AN19.KOR.kf3.EW55|AN19.KOR.kf3.EW57|AN19.KOR.kf3.HW53|AN19.KOR.kf3.HW57|AN19.KOR.kf3.HW59|AN19.KOR.kf3.HW62|AN19.KOR.kf5.EW58|AN19.KOR.kf5.EW59|AN19.KOR.kf5.EW64|AN19.KOR.kf5.EW65|AN19.KOR.kf5.HW55|AN19.KOR.kf5.HW60|AN19.KOR.kf5.HW61|AN19.KOR.kf5.HW63|AN19.KOR.km1.EW60|AN19.KOR.km1.EW61|AN19.KOR.km1.EW62|AN19.KOR.km1.EW63|AN19.KOR.km1.HW64|AN19.KOR.km1.HW65|AN19.KOR.km1.HW66|AN19.KOR.km1.HW67|AN19.KOR.km3.EW66|AN19.KOR.km3.EW67|AN19.KOR.km3.EW72|AN19.KOR.km3.EW73|AN19.KOR.km3.HW68|AN19.KOR.km3.HW69|AN19.KOR.km3.HW74|AN19.KOR.km3.HW75|AN19.KOR.km8.EW18|AN19.KOR.km8.EW68|AN19.KOR.km8.EW69|AN19.KOR.km8.EW75|AN19.KOR.km8.HW29|AN19.KOR.km8.HW70|AN19.KOR.km8.HW72|AN19.KOR.km8.HW73",3,StratifiedKFold
AN19,AN19.2,AN19.Spanish.test_Korean,"AN19.SPA.sf1, AN19.SPA.sf3, AN19.SPA.sf5, AN19.SPA.sm3, AN19.SPA.sm5, AN19.SPA.sm7||AN19.KOR.kf1.EW50|AN19.KOR.kf1.EW51|AN19.KOR.kf1.EW53|AN19.KOR.kf1.EW56|AN19.KOR.kf1.HW52|AN19.KOR.kf1.HW54|AN19.KOR.kf1.HW56|AN19.KOR.kf1.HW58|AN19.KOR.kf3.EW52|AN19.KOR.kf3.EW54|AN19.KOR.kf3.EW55|AN19.KOR.kf3.EW57|AN19.KOR.kf3.HW53|AN19.KOR.kf3.HW57|AN19.KOR.kf3.HW59|AN19.KOR.kf3.HW62|AN19.KOR.kf5.EW58|AN19.KOR.kf5.EW59|AN19.KOR.kf5.EW64|AN19.KOR.kf5.EW65|AN19.KOR.kf5.HW55|AN19.KOR.kf5.HW60|AN19.KOR.kf5.HW61|AN19.KOR.kf5.HW63|AN19.KOR.km1.EW60|AN19.KOR.km1.EW61|AN19.KOR.km1.EW62|AN19.KOR.km1.EW63|AN19.KOR.km1.HW64|AN19.KOR.km1.HW65|AN19.KOR.km1.HW66|AN19.KOR.km1.HW67|AN19.KOR.km3.EW66|AN19.KOR.km3.EW67|AN19.KOR.km3.EW72|AN19.KOR.km3.EW73|AN19.KOR.km3.HW68|AN19.KOR.km3.HW69|AN19.KOR.km3.HW74|AN19.KOR.km3.HW75|AN19.KOR.km8.EW18|AN19.KOR.km8.EW68|AN19.KOR.km8.EW69|AN19.KOR.km8.EW75|AN19.KOR.km8.HW29|AN19.KOR.km8.HW70|AN19.KOR.km8.HW72|AN19.KOR.km8.HW73",2,StratifiedKFold
AN19,AN19.3,AN19.Control.test_Korean,English||AN19.KOR.kf1.EW50|AN19.KOR.kf1.EW51|AN19.KOR.kf1.EW53|AN19.KOR.kf1.EW56|AN19.KOR.kf1.HW52|AN19.KOR.kf1.HW54|AN19.KOR.kf1.HW56|AN19.KOR.kf1.HW58|AN19.KOR.kf3.EW52|AN19.KOR.kf3.EW54|AN19.KOR.kf3.EW55|AN19.KOR.kf3.EW57|AN19.KOR.kf3.HW53|AN19.KOR.kf3.HW57|AN19.KOR.kf3.HW59|AN19.KOR.kf3.HW62|AN19.KOR.kf5.EW58|AN19.KOR.kf5.EW59|AN19.KOR.kf5.EW64|AN19.KOR.kf5.EW65|AN19.KOR.kf5.HW55|AN19.KOR.kf5.HW60|AN19.KOR.kf5.HW61|AN19.KOR.kf5.HW63|AN19.KOR.km1.EW60|AN19.KOR.km1.EW61|AN19.KOR.km1.EW62|AN19.KOR.km1.EW63|AN19.KOR.km1.HW64|AN19.KOR.km1.HW65|AN19.KOR.km1.HW66|AN19.KOR.km1.HW67|AN19.KOR.km3.EW66|AN19.KOR.km3.EW67|AN19.KOR.km3.EW72|AN19.KOR.km3.EW73|AN19.KOR.km3.HW68|AN19.KOR.km3.HW69|AN19.KOR.km3.HW74|AN19.KOR.km3.HW75|AN19.KOR.km8.EW18|AN19.KOR.km8.EW68|AN19.KOR.km8.EW69|AN19.KOR.km8.EW75|AN19.KOR.km8.HW29|AN19.KOR.km8.HW70|AN19.KOR.km8.HW72|AN19.KOR.km8.HW73,1,StratifiedKFold
AN19,AN19.5,AN19.Spanish.test_Korean,"AN19.SPA.sf1, AN19.SPA.sf3, AN19.SPA.sf5, AN19.SPA.sm3, AN19.SPA.sm5, AN19.SPA.sm7||AN19.KOR.kf2.EW50|AN19.KOR.kf2.EW51|AN19.KOR.kf2.EW53|AN19.KOR.kf2.EW56|AN19.KOR.kf2.HW52|AN19.KOR.kf2.HW54|AN19.KOR.kf2.HW56|AN19.KOR.kf2.HW58|AN19.KOR.kf4.EW52|AN19.KOR.kf4.EW54|AN19.KOR.kf4.EW55|AN19.KOR.kf4.EW57|AN19.KOR.kf4.HW53|AN19.KOR.kf4.HW57|AN19.KOR.kf4.HW59|AN19.KOR.kf4.HW62|AN19.KOR.kf6.EW58|AN19.KOR.kf6.EW59|AN19.KOR.kf6.EW64|AN19.KOR.kf6.EW65|AN19.KOR.kf6.HW55|AN19.KOR.kf6.HW60|AN19.KOR.kf6.HW61|AN19.KOR.kf6.HW63|AN19.KOR.km2.EW60|AN19.KOR.km2.EW61|AN19.KOR.km2.EW62|AN19.KOR.km2.EW63|AN19.KOR.km2.HW64|AN19.KOR.km2.HW65|AN19.KOR.km2.HW66|AN19.KOR.km2.HW67|AN19.KOR.km6.EW66|AN19.KOR.km6.EW67|AN19.KOR.km6.EW72|AN19.KOR.km6.EW73|AN19.KOR.km6.HW68|AN19.KOR.km6.HW69|AN19.KOR.km6.HW74|AN19.KOR.km6.HW75|AN19.KOR.km7.EW18|AN19.KOR.km7.EW68|AN19.KOR.km7.EW69|AN19.KOR.km7.EW75|AN19.KOR.km7.HW29|AN19.KOR.km7.HW70|AN19.KOR.km7.HW72|AN19.KOR.km7.HW73",3,StratifiedKFold
AN19,AN19.7,AN19.Control.test_Korean,English||AN19.KOR.kf2.EW50|AN19.KOR.kf2.EW51|AN19.KOR.kf2.EW53|AN19.KOR.kf2.EW56|AN19.KOR.kf2.HW52|AN19.KOR.kf2.HW54|AN19.KOR.kf2.HW56|AN19.KOR.kf2.HW58|AN19.KOR.kf4.EW52|AN19.KOR.kf4.EW54|AN19.KOR.kf4.EW55|AN19.KOR.kf4.EW57|AN19.KOR.kf4.HW53|AN19.KOR.kf4.HW57|AN19.KOR.kf4.HW59|AN19.KOR.kf4.HW62|AN19.KOR.kf6.EW58|AN19.KOR.kf6.EW59|AN19.KOR.kf6.EW64|AN19.KOR.kf6.EW65|AN19.KOR.kf6.HW55|AN19.KOR.kf6.HW60|AN19.KOR.kf6.HW61|AN19.KOR.kf6.HW63|AN19.KOR.km2.EW60|AN19.KOR.km2.EW61|AN19.KOR.km2.EW62|AN19.KOR.km2.EW63|AN19.KOR.km2.HW64|AN19.KOR.km2.HW65|AN19.KOR.km2.HW66|AN19.KOR.km2.HW67|AN19.KOR.km6.EW66|AN19.KOR.km6.EW67|AN19.KOR.km6.EW72|AN19.KOR.km6.EW73|AN19.KOR.km6.HW68|AN19.KOR.km6.HW69|AN19.KOR.km6.HW74|AN19.KOR.km6.HW75|AN19.KOR.km7.EW18|AN19.KOR.km7.EW68|AN19.KOR.km7.EW69|AN19.KOR.km7.EW75|AN19.KOR.km7.HW29|AN19.KOR.km7.HW70|AN19.KOR.km7.HW72|AN19.KOR.km7.HW73,3,StratifiedKFold
AN19,AN19.8,AN19.Korean.test_Korean,"AN19.KOR.kf2, AN19.KOR.kf4, AN19.KOR.kf6, AN19.KOR.km2, AN19.KOR.km6, AN19.KOR.km7||AN19.KOR.kf1.EW50|AN19.KOR.kf1.EW51|AN19.KOR.kf1.EW53|AN19.KOR.kf1.EW56|AN19.KOR.kf1.HW52|AN19.KOR.kf1.HW54|AN19.KOR.kf1.HW56|AN19.KOR.kf1.HW58|AN19.KOR.kf3.EW52|AN19.KOR.kf3.EW54|AN19.KOR.kf3.EW55|AN19.KOR.kf3.EW57|AN19.KOR.kf3.HW53|AN19.KOR.kf3.HW57|AN19.KOR.kf3.HW59|AN19.KOR.kf3.HW62|AN19.KOR.kf5.EW58|AN19.KOR.kf5.EW59|AN19.KOR.kf5.EW64|AN19.KOR.kf5.EW65|AN19.KOR.kf5.HW55|AN19.KOR.kf5.HW60|AN19.KOR.kf5.HW61|AN19.KOR.kf5.HW63|AN19.KOR.km1.EW60|AN19.KOR.km1.EW61|AN19.KOR.km1.EW62|AN19.KOR.km1.EW63|AN19.KOR.km1.HW64|AN19.KOR.km1.HW65|AN19.KOR.km1.HW66|AN19.KOR.km1.HW67|AN19.KOR.km3.EW66|AN19.KOR.km3.EW67|AN19.KOR.km3.EW72|AN19.KOR.km3.EW73|AN19.KOR.km3.HW68|AN19.KOR.km3.HW69|AN19.KOR.km3.HW74|AN19.KOR.km3.HW75|AN19.KOR.km8.EW18|AN19.KOR.km8.EW68|AN19.KOR.km8.EW69|AN19.KOR.km8.EW75|AN19.KOR.km8.HW29|AN19.KOR.km8.HW70|AN19.KOR.km8.HW72|AN19.KOR.km8.HW73",1,StratifiedKFold
AN19,AN19.9,AN19.Spanish.test_Korean,"AN19.SPA.sf1, AN19.SPA.sf3, AN19.SPA.sf5, AN19.SPA.sm3, AN19.SPA.sm5, AN19.SPA.sm7||AN19.KOR.kf1.EW50|AN19.KOR.kf1.EW51|AN19.KOR.kf1.EW53|AN19.KOR.kf1.EW56|AN19.KOR.kf1.HW52|AN19.KOR.kf1.HW54|AN19.KOR.kf1.HW56|AN19.KOR.kf1.HW58|AN19.KOR.kf3.EW52|AN19.KOR.kf3.EW54|AN19.KOR.kf3.EW55|AN19.KOR.kf3.EW57|AN19.KOR.kf3.HW53|AN19.KOR.kf3.HW57|AN19.KOR.kf3.HW59|AN19.KOR.kf3.HW62|AN19.KOR.kf5.EW58|AN19.KOR.kf5.EW59|AN19.KOR.kf5.EW64|AN19.KOR.kf5.EW65|AN19.KOR.kf5.HW55|AN19.KOR.kf5.HW60|AN19.KOR.kf5.HW61|AN19.KOR.kf5.HW63|AN19.KOR.km1.EW60|AN19.KOR.km1.EW61|AN19.KOR.km1.EW62|AN19.KOR.km1.EW63|AN19.KOR.km1.HW64|AN19.KOR.km1.HW65|AN19.KOR.km1.HW66|AN19.KOR.km1.HW67|AN19.KOR.km3.EW66|AN19.KOR.km3.EW67|AN19.KOR.km3.EW72|AN19.KOR.km3.EW73|AN19.KOR.km3.HW68|AN19.KOR.km3.HW69|AN19.KOR.km3.HW74|AN19.KOR.km3.HW75|AN19.KOR.km8.EW18|AN19.KOR.km8.EW68|AN19.KOR.km8.EW69|AN19.KOR.km8.EW75|AN19.KOR.km8.HW29|AN19.KOR.km8.HW70|AN19.KOR.km8.HW72|AN19.KOR.km8.HW73",1,StratifiedKFold
AN19,AN19.11,AN19.Korean.test_Korean,"AN19.KOR.kf1, AN19.KOR.kf3, AN19.KOR.kf5, AN19.KOR.km1, AN19.KOR.km3, AN19.KOR.km8||AN19.KOR.kf2.EW50|AN19.KOR.kf2.EW51|AN19.KOR.kf2.EW53|AN19.KOR.kf2.EW56|AN19.KOR.kf2.HW52|AN19.KOR.kf2.HW54|AN19.KOR.kf2.HW56|AN19.KOR.kf2.HW58|AN19.KOR.kf4.EW52|AN19.KOR.kf4.EW54|AN19.KOR.kf4.EW55|AN19.KOR.kf4.EW57|AN19.KOR.kf4.HW53|AN19.KOR.kf4.HW57|AN19.KOR.kf4.HW59|AN19.KOR.kf4.HW62|AN19.KOR.kf6.EW58|AN19.KOR.kf6.EW59|AN19.KOR.kf6.EW64|AN19.KOR.kf6.EW65|AN19.KOR.kf6.HW55|AN19.KOR.kf6.HW60|AN19.KOR.kf6.HW61|AN19.KOR.kf6.HW63|AN19.KOR.km2.EW60|AN19.KOR.km2.EW61|AN19.KOR.km2.EW62|AN19.KOR.km2.EW63|AN19.KOR.km2.HW64|AN19.KOR.km2.HW65|AN19.KOR.km2.HW66|AN19.KOR.km2.HW67|AN19.KOR.km6.EW66|AN19.KOR.km6.EW67|AN19.KOR.km6.EW72|AN19.KOR.km6.EW73|AN19.KOR.km6.HW68|AN19.KOR.km6.HW69|AN19.KOR.km6.HW74|AN19.KOR.km6.HW75|AN19.KOR.km7.EW18|AN19.KOR.km7.EW68|AN19.KOR.km7.EW69|AN19.KOR.km7.EW75|AN19.KOR.km7.HW29|AN19.KOR.km7.HW70|AN19.KOR.km7.HW72|AN19.KOR.km7.HW73",1,StratifiedKFold
AN19,AN19.12,AN19.Mixed.test_Korean,"AN19.MIX.if1, AN19.MIX.if2, AN19.MIX.if5, AN19.MIX.im1, AN19.MIX.im2, AN19.MIX.im6||AN19.KOR.kf1.EW50|AN19.KOR.kf1.EW51|AN19.KOR.kf1.EW53|AN19.KOR.kf1.EW56|AN19.KOR.kf1.HW52|AN19.KOR.kf1.HW54|AN19.KOR.kf1.HW56|AN19.KOR.kf1.HW58|AN19.KOR.kf3.EW52|AN19.KOR.kf3.EW54|AN19.KOR.kf3.EW55|AN19.KOR.kf3.EW57|AN19.KOR.kf3.HW53|AN19.KOR.kf3.HW57|AN19.KOR.kf3.HW59|AN19.KOR.kf3.HW62|AN19.KOR.kf5.EW58|AN19.KOR.kf5.EW59|AN19.KOR.kf5.EW64|AN19.KOR.kf5.EW65|AN19.KOR.kf5.HW55|AN19.KOR.kf5.HW60|AN19.KOR.kf5.HW61|AN19.KOR.kf5.HW63|AN19.KOR.km1.EW60|AN19.KOR.km1.EW61|AN19.KOR.km1.EW62|AN19.KOR.km1.EW63|AN19.KOR.km1.HW64|AN19.KOR.km1.HW65|AN19.KOR.km1.HW66|AN19.KOR.km1.HW67|AN19.KOR.km3.EW66|AN19.KOR.km3.EW67|AN19.KOR.km3.EW72|AN19.KOR.km3.EW73|AN19.KOR.km3.HW68|AN19.KOR.km3.HW69|AN19.KOR.km3.HW74|AN19.KOR.km3.HW75|AN19.KOR.km8.EW18|AN19.KOR.km8.EW68|AN19.KOR.km8.EW69|AN19.KOR.km8.EW75|AN19.KOR.km8.HW29|AN19.KOR.km8.HW70|AN19.KOR.km8.HW72|AN19.KOR.km8.HW73",3,StratifiedKFold
AN19,AN19.14,AN19.Spanish.test_Korean,"AN19.SPA.sf1, AN19.SPA.sf3, AN19.SPA.sf5, AN19.SPA.sm3, AN19.SPA.sm5, AN19.SPA.sm7||AN19.KOR.kf2.EW50|AN19.KOR.kf2.EW51|AN19.KOR.kf2.EW53|AN19.KOR.kf2.EW56|AN19.KOR.kf2.HW52|AN19.KOR.kf2.HW54|AN19.KOR.kf2.HW56|AN19.KOR.kf2.HW58|AN19.KOR.kf4.EW52|AN19.KOR.kf4.EW54|AN19.KOR.kf4.EW55|AN19.KOR.kf4.EW57|AN19.KOR.kf4.HW53|AN19.KOR.kf4.HW57|AN19.KOR.kf4.HW59|AN19.KOR.kf4.HW62|AN19.KOR.kf6.EW58|AN19.KOR.kf6.EW59|AN19.KOR.kf6.EW64|AN19.KOR.kf6.EW65|AN19.KOR.kf6.HW55|AN19.KOR.kf6.HW60|AN19.KOR.kf6.HW61|AN19.KOR.kf6.HW63|AN19.KOR.km2.EW60|AN19.KOR.km2.EW61|AN19.KOR.km2.EW62|AN19.KOR.km2.EW63|AN19.KOR.km2.HW64|AN19.KOR.km2.HW65|AN19.KOR.km2.HW66|AN19.KOR.km2.HW67|AN19.KOR.km6.EW66|AN19.KOR.km6.EW67|AN19.KOR.km6.EW72|AN19.KOR.km6.EW73|AN19.KOR.km6.HW68|AN19.KOR.km6.HW69|AN19.KOR.km6.HW74|AN19.KOR.km6.HW75|AN19.KOR.km7.EW18|AN19.KOR.km7.EW68|AN19.KOR.km7.EW69|AN19.KOR.km7.EW75|AN19.KOR.km7.HW29|AN19.KOR.km7.HW70|AN19.KOR.km7.HW72|AN19.KOR.km7.HW73",2,StratifiedKFold
AN19,AN19.15,AN19.Control.test_Korean,English||AN19.KOR.kf1.EW50|AN19.KOR.kf1.EW51|AN19.KOR.kf1.EW53|AN19.KOR.kf1.EW56|AN19.KOR.kf1.HW52|AN19.KOR.kf1.HW54|AN19.KOR.kf1.HW56|AN19.KOR.kf1.HW58|AN19.KOR.kf3.EW52|AN19.KOR.kf3.EW54|AN19.KOR.kf3.EW55|AN19.KOR.kf3.EW57|AN19.KOR.kf3.HW53|AN19.KOR.kf3.HW57|AN19.KOR.kf3.HW59|AN19.KOR.kf3.HW62|AN19.KOR.kf5.EW58|AN19.KOR.kf5.EW59|AN19.KOR.kf5.EW64|AN19.KOR.kf5.EW65|AN19.KOR.kf5.HW55|AN19.KOR.kf5.HW60|AN19.KOR.kf5.HW61|AN19.KOR.kf5.HW63|AN19.KOR.km1.EW60|AN19.KOR.km1.EW61|AN19.KOR.km1.EW62|AN19.KOR.km1.EW63|AN19.KOR.km1.HW64|AN19.KOR.km1.HW65|AN19.KOR.km1.HW66|AN19.KOR.km1.HW67|AN19.KOR.km3.EW66|AN19.KOR.km3.EW67|AN19.KOR.km3.EW72|AN19.KOR.km3.EW73|AN19.KOR.km3.HW68|AN19.KOR.km3.HW69|AN19.KOR.km3.HW74|AN19.KOR.km3.HW75|AN19.KOR.km8.EW18|AN19.KOR.km8.EW68|AN19.KOR.km8.EW69|AN19.KOR.km8.EW75|AN19.KOR.km8.HW29|AN19.KOR.km8.HW70|AN19.KOR.km8.HW72|AN19.KOR.km8.HW73,2,StratifiedKFold
AN19,AN19.16,AN19.Control.test_Korean,English||AN19.KOR.kf2.EW50|AN19.KOR.kf2.EW51|AN19.KOR.kf2.EW53|AN19.KOR.kf2.EW56|AN19.KOR.kf2.HW52|AN19.KOR.kf2.HW54|AN19.KOR.kf2.HW56|AN19.KOR.kf2.HW58|AN19.KOR.kf4.EW52|AN19.KOR.kf4.EW54|AN19.KOR.kf4.EW55|AN19.KOR.kf4.EW57|AN19.KOR.kf4.HW53|AN19.KOR.kf4.HW57|AN19.KOR.kf4.HW59|AN19.KOR.kf4.HW62|AN19.KOR.kf6.EW58|AN19.KOR.kf6.EW59|AN19.KOR.kf6.EW64|AN19.KOR.kf6.EW65|AN19.KOR.kf6.HW55|AN19.KOR.kf6.HW60|AN19.KOR.kf6.HW61|AN19.KOR.kf6.HW63|AN19.KOR.km2.EW60|AN19.KOR.km2.EW61|AN19.KOR.km2.EW62|AN19.KOR.km2.EW63|AN19.KOR.km2.HW64|AN19.KOR.km2.HW65|AN19.KOR.km2.HW66|AN19.KOR.km2.HW67|AN19.KOR.km6.EW66|AN19.KOR.km6.EW67|AN19.KOR.km6.EW72|AN19.KOR.km6.EW73|AN19.KOR.km6.HW68|AN19.KOR.km6.HW69|AN19.KOR.km6.HW74|AN19.KOR.km6.HW75|AN19.KOR.km7.EW18|AN19.KOR.km7.EW68|AN19.KOR.km7.EW69|AN19.KOR.km7.EW75|AN19.KOR.km7.HW29|AN19.KOR.km7.HW70|AN19.KOR.km7.HW72|AN19.KOR.km7.HW73,2,StratifiedKFold
AN19,AN19.17,AN19.Korean.test_Korean,"AN19.KOR.kf2, AN19.KOR.kf4, AN19.KOR.kf6, AN19.KOR.km2, AN19.KOR.km6, AN19.KOR.km7||AN19.KOR.kf1.EW50|AN19.KOR.kf1.EW51|AN19.KOR.kf1.EW53|AN19.KOR.kf1.EW56|AN19.KOR.kf1.HW52|AN19.KOR.kf1.HW54|AN19.KOR.kf1.HW56|AN19.KOR.kf1.HW58|AN19.KOR.kf3.EW52|AN19.KOR.kf3.EW54|AN19.KOR.kf3.EW55|AN19.KOR.kf3.EW57|AN19.KOR.kf3.HW53|AN19.KOR.kf3.HW57|AN19.KOR.kf3.HW59|AN19.KOR.kf3.HW62|AN19.KOR.kf5.EW58|AN19.KOR.kf5.EW59|AN19.KOR.kf5.EW64|AN19.KOR.kf5.EW65|AN19.KOR.kf5.HW55|AN19.KOR.kf5.HW60|AN19.KOR.kf5.HW61|AN19.KOR.kf5.HW63|AN19.KOR.km1.EW60|AN19.KOR.km1.EW61|AN19.KOR.km1.EW62|AN19.KOR.km1.EW63|AN19.KOR.km1.HW64|AN19.KOR.km1.HW65|AN19.KOR.km1.HW66|AN19.KOR.km1.HW67|AN19.KOR.km3.EW66|AN19.KOR.km3.EW67|AN19.KOR.km3.EW72|AN19.KOR.km3.EW73|AN19.KOR.km3.HW68|AN19.KOR.km3.HW69|AN19.KOR.km3.HW74|AN19.KOR.km3.HW75|AN19.KOR.km8.EW18|AN19.KOR.km8.EW68|AN19.KOR.km8.EW69|AN19.KOR.km8.EW75|AN19.KOR.km8.HW29|AN19.KOR.km8.HW70|AN19.KOR.km8.HW72|AN19.KOR.km8.HW73",2,StratifiedKFold
AN19,AN19.18,AN19.Spanish.test_Korean,"AN19.SPA.sf2, AN19.SPA.sf4, AN19.SPA.sf6, AN19.SPA.sm2, AN19.SPA.sm4, AN19.SPA.sm6||AN19.KOR.kf1.EW50|AN19.KOR.kf1.EW51|AN19.KOR.kf1.EW53|AN19.KOR.kf1.EW56|AN19.KOR.kf1.HW52|AN19.KOR.kf1.HW54|AN19.KOR.kf1.HW56|AN19.KOR.kf1.HW58|AN19.KOR.kf3.EW52|AN19.KOR.kf3.EW54|AN19.KOR.kf3.EW55|AN19.KOR.kf3.EW57|AN19.KOR.kf3.HW53|AN19.KOR.kf3.HW57|AN19.KOR.kf3.HW59|AN19.KOR.kf3.HW62|AN19.KOR.kf5.EW58|AN19.KOR.kf5.EW59|AN19.KOR.kf5.EW64|AN19.KOR.kf5.EW65|AN19.KOR.kf5.HW55|AN19.KOR.kf5.HW60|AN19.KOR.kf5.HW61|AN19.KOR.kf5.HW63|AN19.KOR.km1.EW60|AN19.KOR.km1.EW61|AN19.KOR.km1.EW62|AN19.KOR.km1.EW63|AN19.KOR.km1.HW64|AN19.KOR.km1.HW65|AN19.KOR.km1.HW66|AN19.KOR.km1.HW67|AN19.KOR.km3.EW66|AN19.KOR.km3.EW67|AN19.KOR.km3.EW72|AN19.KOR.km3.EW73|AN19.KOR.km3.HW68|AN19.KOR.km3.HW69|AN19.KOR.km3.HW74|AN19.KOR.km3.HW75|AN19.KOR.km8.EW18|AN19.KOR.km8.EW68|AN19.KOR.km8.EW69|AN19.KOR.km8.EW75|AN19.KOR.km8.HW29|AN19.KOR.km8.HW70|AN19.KOR.km8.HW72|AN19.KOR.km8.HW73",3,StratifiedKFold
AN19,AN19.19,AN19.Mixed.test_Korean,"AN19.MIX.if3, AN19.MIX.if4, AN19.MIX.if6, AN19.MIX.im3, AN19.MIX.im4, AN19.MIX.im5||AN19.KOR.kf1.EW50|AN19.KOR.kf1.EW51|AN19.KOR.kf1.EW53|AN19.KOR.kf1.EW56|AN19.KOR.kf1.HW52|AN19.KOR.kf1.HW54|AN19.KOR.kf1.HW56|AN19.KOR.kf1.HW58|AN19.KOR.kf3.EW52|AN19.KOR.kf3.EW54|AN19.KOR.kf3.EW55|AN19.KOR.kf3.EW57|AN19.KOR.kf3.HW53|AN19.KOR.kf3.HW57|AN19.KOR.kf3.HW59|AN19.KOR.kf3.HW62|AN19.KOR.kf5.EW58|AN19.KOR.kf5.EW59|AN19.KOR.kf5.EW64|AN19.KOR.kf5.EW65|AN19.KOR.kf5.HW55|AN19.KOR.kf5.HW60|AN19.KOR.kf5.HW61|AN19.KOR.kf5.HW63|AN19.KOR.km1.EW60|AN19.KOR.km1.EW61|AN19.KOR.km1.EW62|AN19.KOR.km1.EW63|AN19.KOR.km1.HW64|AN19.KOR.km1.HW65|AN19.KOR.km1.HW66|AN19.KOR.km1.HW67|AN19.KOR.km3.EW66|AN19.KOR.km3.EW67|AN19.KOR.km3.EW72|AN19.KOR.km3.EW73|AN19.KOR.km3.HW68|AN19.KOR.km3.HW69|AN19.KOR.km3.HW74|AN19.KOR.km3.HW75|AN19.KOR.km8.EW18|AN19.KOR.km8.EW68|AN19.KOR.km8.EW69|AN19.KOR.km8.EW75|AN19.KOR.km8.HW29|AN19.KOR.km8.HW70|AN19.KOR.km8.HW72|AN19.KOR.km8.HW73",2,StratifiedKFold
AN19,AN19.20,AN19.Mixed.test_Korean,"AN19.MIX.if3, AN19.MIX.if4, AN19.MIX.if6, AN19.MIX.im3, AN19.MIX.im4, AN19.MIX.im5||AN19.KOR.kf2.EW50|AN19.KOR.kf2.EW51|AN19.KOR.kf2.EW53|AN19.KOR.kf2.EW56|AN19.KOR.kf2.HW52|AN19.KOR.kf2.HW54|AN19.KOR.kf2.HW56|AN19.KOR.kf2.HW58|AN19.KOR.kf4.EW52|AN19.KOR.kf4.EW54|AN19.KOR.kf4.EW55|AN19.KOR.kf4.EW57|AN19.KOR.kf4.HW53|AN19.KOR.kf4.HW57|AN19.KOR.kf4.HW59|AN19.KOR.kf4.HW62|AN19.KOR.kf6.EW58|AN19.KOR.kf6.EW59|AN19.KOR.kf6.EW64|AN19.KOR.kf6.EW65|AN19.KOR.kf6.HW55|AN19.KOR.kf6.HW60|AN19.KOR.kf6.HW61|AN19.KOR.kf6.HW63|AN19.KOR.km2.EW60|AN19.KOR.km2.EW61|AN19.KOR.km2.EW62|AN19.KOR.km2.EW63|AN19.KOR.km2.HW64|AN19.KOR.km2.HW65|AN19.KOR.km2.HW66|AN19.KOR.km2.HW67|AN19.KOR.km6.EW66|AN19.KOR.km6.EW67|AN19.KOR.km6.EW72|AN19.KOR.km6.EW73|AN19.KOR.km6.HW68|AN19.KOR.km6.HW69|AN19.KOR.km6.HW74|AN19.KOR.km6.HW75|AN19.KOR.km7.EW18|AN19.KOR.km7.EW68|AN19.KOR.km7.EW69|AN19.KOR.km7.EW75|AN19.KOR.km7.HW29|AN19.KOR.km7.HW70|AN19.KOR.km7.HW72|AN19.KOR.km7.HW73",1,StratifiedKFold
AN19,AN19.21,AN19.Control.test_Korean,English||AN19.KOR.kf1.EW50|AN19.KOR.kf1.EW51|AN19.KOR.kf1.EW53|AN19.KOR.kf1.EW56|AN19.KOR.kf1.HW52|AN19.KOR.kf1.HW54|AN19.KOR.kf1.HW56|AN19.KOR.kf1.HW58|AN19.KOR.kf3.EW52|AN19.KOR.kf3.EW54|AN19.KOR.kf3.EW55|AN19.KOR.kf3.EW57|AN19.KOR.kf3.HW53|AN19.KOR.kf3.HW57|AN19.KOR.kf3.HW59|AN19.KOR.kf3.HW62|AN19.KOR.kf5.EW58|AN19.KOR.kf5.EW59|AN19.KOR.kf5.EW64|AN19.KOR.kf5.EW65|AN19.KOR.kf5.HW55|AN19.KOR.kf5.HW60|AN19.KOR.kf5.HW61|AN19.KOR.kf5.HW63|AN19.KOR.km1.EW60|AN19.KOR.km1.EW61|AN19.KOR.km1.EW62|AN19.KOR.km1.EW63|AN19.KOR.km1.HW64|AN19.KOR.km1.HW65|AN19.KOR.km1.HW66|AN19.KOR.km1.HW67|AN19.KOR.km3.EW66|AN19.KOR.km3.EW67|AN19.KOR.km3.EW72|AN19.KOR.km3.EW73|AN19.KOR.km3.HW68|AN19.KOR.km3.HW69|AN19.KOR.km3.HW74|AN19.KOR.km3.HW75|AN19.KOR.km8.EW18|AN19.KOR.km8.EW68|AN19.KOR.km8.EW69|AN19.KOR.km8.EW75|AN19.KOR.km8.HW29|AN19.KOR.km8.HW70|AN19.KOR.km8.HW72|AN19.KOR.km8.HW73,3,StratifiedKFold
AN19,AN19.22,AN19.Korean.test_Korean,"AN19.KOR.kf1, AN19.KOR.kf3, AN19.KOR.kf5, AN19.KOR.km1, AN19.KOR.km3, AN19.KOR.km8||AN19.KOR.kf2.EW50|AN19.KOR.kf2.EW51|AN19.KOR.kf2.EW53|AN19.KOR.kf2.EW56|AN19.KOR.kf2.HW52|AN19.KOR.kf2.HW54|AN19.KOR.kf2.HW56|AN19.KOR.kf2.HW58|AN19.KOR.kf4.EW52|AN19.KOR.kf4.EW54|AN19.KOR.kf4.EW55|AN19.KOR.kf4.EW57|AN19.KOR.kf4.HW53|AN19.KOR.kf4.HW57|AN19.KOR.kf4.HW59|AN19.KOR.kf4.HW62|AN19.KOR.kf6.EW58|AN19.KOR.kf6.EW59|AN19.KOR.kf6.EW64|AN19.KOR.kf6.EW65|AN19.KOR.kf6.HW55|AN19.KOR.kf6.HW60|AN19.KOR.kf6.HW61|AN19.KOR.kf6.HW63|AN19.KOR.km2.EW60|AN19.KOR.km2.EW61|AN19.KOR.km2.EW62|AN19.KOR.km2.EW63|AN19.KOR.km2.HW64|AN19.KOR.km2.HW65|AN19.KOR.km2.HW66|AN19.KOR.km2.HW67|AN19.KOR.km6.EW66|AN19.KOR.km6.EW67|AN19.KOR.km6.EW72|AN19.KOR.km6.EW73|AN19.KOR.km6.HW68|AN19.KOR.km6.HW69|AN19.KOR.km6.HW74|AN19.KOR.km6.HW75|AN19.KOR.km7.EW18|AN19.KOR.km7.EW68|AN19.KOR.km7.EW69|AN19.KOR.km7.EW75|AN19.KOR.km7.HW29|AN19.KOR.km7.HW70|AN19.KOR.km7.HW72|AN19.KOR.km7.HW73",3,StratifiedKFold
AN19,AN19.23,AN19.Spanish.test_Korean,"AN19.SPA.sf2, AN19.SPA.sf4, AN19.SPA.sf6, AN19.SPA.sm2, AN19.SPA.sm4, AN19.SPA.sm6||AN19.KOR.kf2.EW50|AN19.KOR.kf2.EW51|AN19.KOR.kf2.EW53|AN19.KOR.kf2.EW56|AN19.KOR.kf2.HW52|AN19.KOR.kf2.HW54|AN19.KOR.kf2.HW56|AN19.KOR.kf2.HW58|AN19.KOR.kf4.EW52|AN19.KOR.kf4.EW54|AN19.KOR.kf4.EW55|AN19.KOR.kf4.EW57|AN19.KOR.kf4.HW53|AN19.KOR.kf4.HW57|AN19.KOR.kf4.HW59|AN19.KOR.kf4.HW62|AN19.KOR.kf6.EW58|AN19.KOR.kf6.EW59|AN19.KOR.kf6.EW64|AN19.KOR.kf6.EW65|AN19.KOR.kf6.HW55|AN19.KOR.kf6.HW60|AN19.KOR.kf6.HW61|AN19.KOR.kf6.HW63|AN19.KOR.km2.EW60|AN19.KOR.km2.EW61|AN19.KOR.km2.EW62|AN19.KOR.km2.EW63|AN19.KOR.km2.HW64|AN19.KOR.km2.HW65|AN19.KOR.km2.HW66|AN19.KOR.km2.HW67|AN19.KOR.km6.EW66|AN19.KOR.km6.EW67|AN19.KOR.km6.EW72|AN19.KOR.km6.EW73|AN19.KOR.km6.HW68|AN19.KOR.km6.HW69|AN19.KOR.km6.HW74|AN19.KOR.km6.HW75|AN19.KOR.km7.EW18|AN19.KOR.km7.EW68|AN19.KOR.km7.EW69|AN19.KOR.km7.EW75|AN19.KOR.km7.HW29|AN19.KOR.km7.HW70|AN19.KOR.km7.HW72|AN19.KOR.km7.HW73",2,StratifiedKFold
AN19,AN19.24,AN19.Control.test_Korean,English||AN19.KOR.kf2.EW50|AN19.KOR.kf2.EW51|AN19.KOR.kf2.EW53|AN19.KOR.kf2.EW56|AN19.KOR.kf2.HW52|AN19.KOR.kf2.HW54|AN19.KOR.kf2.HW56|AN19.KOR.kf2.HW58|AN19.KOR.kf4.EW52|AN19.KOR.kf4.EW54|AN19.KOR.kf4.EW55|AN19.KOR.kf4.EW57|AN19.KOR.kf4.HW53|AN19.KOR.kf4.HW57|AN19.KOR.kf4.HW59|AN19.KOR.kf4.HW62|AN19.KOR.kf6.EW58|AN19.KOR.kf6.EW59|AN19.KOR.kf6.EW64|AN19.KOR.kf6.EW65|AN19.KOR.kf6.HW55|AN19.KOR.kf6.HW60|AN19.KOR.kf6.HW61|AN19.KOR.kf6.HW63|AN19.KOR.km2.EW60|AN19.KOR.km2.EW61|AN19.KOR.km2.EW62|AN19.KOR.km2.EW63|AN19.KOR.km2.HW64|AN19.KOR.km2.HW65|AN19.KOR.km2.HW66|AN19.KOR.km2.HW67|AN19.KOR.km6.EW66|AN19.KOR.km6.EW67|AN19.KOR.km6.EW72|AN19.KOR.km6.EW73|AN19.KOR.km6.HW68|AN19.KOR.km6.HW69|AN19.KOR.km6.HW74|AN19.KOR.km6.HW75|AN19.KOR.km7.EW18|AN19.KOR.km7.EW68|AN19.KOR.km7.EW69|AN19.KOR.km7.EW75|AN19.KOR.km7.HW29|AN19.KOR.km7.HW70|AN19.KOR.km7.HW72|AN19.KOR.km7.HW73,3,StratifiedKFold
AN19,AN19.25,AN19.Korean.test_Korean,"AN19.KOR.kf2, AN19.KOR.kf4, AN19.KOR.kf6, AN19.KOR.km2, AN19.KOR.km6, AN19.KOR.km7||AN19.KOR.kf1.EW50|AN19.KOR.kf1.EW51|AN19.KOR.kf1.EW53|AN19.KOR.kf1.EW56|AN19.KOR.kf1.HW52|AN19.KOR.kf1.HW54|AN19.KOR.kf1.HW56|AN19.KOR.kf1.HW58|AN19.KOR.kf3.EW52|AN19.KOR.kf3.EW54|AN19.KOR.kf3.EW55|AN19.KOR.kf3.EW57|AN19.KOR.kf3.HW53|AN19.KOR.kf3.HW57|AN19.KOR.kf3.HW59|AN19.KOR.kf3.HW62|AN19.KOR.kf5.EW58|AN19.KOR.kf5.EW59|AN19.KOR.kf5.EW64|AN19.KOR.kf5.EW65|AN19.KOR.kf5.HW55|AN19.KOR.kf5.HW60|AN19.KOR.kf5.HW61|AN19.KOR.kf5.HW63|AN19.KOR.km1.EW60|AN19.KOR.km1.EW61|AN19.KOR.km1.EW62|AN19.KOR.km1.EW63|AN19.KOR.km1.HW64|AN19.KOR.km1.HW65|AN19.KOR.km1.HW66|AN19.KOR.km1.HW67|AN19.KOR.km3.EW66|AN19.KOR.km3.EW67|AN19.KOR.km3.EW72|AN19.KOR.km3.EW73|AN19.KOR.km3.HW68|AN19.KOR.km3.HW69|AN19.KOR.km3.HW74|AN19.KOR.km3.HW75|AN19.KOR.km8.EW18|AN19.KOR.km8.EW68|AN19.KOR.km8.EW69|AN19.KOR.km8.EW75|AN19.KOR.km8.HW29|AN19.KOR.km8.HW70|AN19.KOR.km8.HW72|AN19.KOR.km8.HW73",1,StratifiedKFold
AN19,AN19.26,AN19.Spanish.test_Korean,"AN19.SPA.sf2, AN19.SPA.sf4, AN19.SPA.sf6, AN19.SPA.sm2, AN19.SPA.sm4, AN19.SPA.sm6||AN19.KOR.kf1.EW50|AN19.KOR.kf1.EW51|AN19.KOR.kf1.EW53|AN19.KOR.kf1.EW56|AN19.KOR.kf1.HW52|AN19.KOR.kf1.HW54|AN19.KOR.kf1.HW56|AN19.KOR.kf1.HW58|AN19.KOR.kf3.EW52|AN19.KOR.kf3.EW54|AN19.KOR.kf3.EW55|AN19.KOR.kf3.EW57|AN19.KOR.kf3.HW53|AN19.KOR.kf3.HW57|AN19.KOR.kf3.HW59|AN19.KOR.kf3.HW62|AN19.KOR.kf5.EW58|AN19.KOR.kf5.EW59|AN19.KOR.kf5.EW64|AN19.KOR.kf5.EW65|AN19.KOR.kf5.HW55|AN19.KOR.kf5.HW60|AN19.KOR.kf5.HW61|AN19.KOR.kf5.HW63|AN19.KOR.km1.EW60|AN19.KOR.km1.EW61|AN19.KOR.km1.EW62|AN19.KOR.km1.EW63|AN19.KOR.km1.HW64|AN19.KOR.km1.HW65|AN19.KOR.km1.HW66|AN19.KOR.km1.HW67|AN19.KOR.km3.EW66|AN19.KOR.km3.EW67|AN19.KOR.km3.EW72|AN19.KOR.km3.EW73|AN19.KOR.km3.HW68|AN19.KOR.km3.HW69|AN19.KOR.km3.HW74|AN19.KOR.km3.HW75|AN19.KOR.km8.EW18|AN19.KOR.km8.EW68|AN19.KOR.km8.EW69|AN19.KOR.km8.EW75|AN19.KOR.km8.HW29|AN19.KOR.km8.HW70|AN19.KOR.km8.HW72|AN19.KOR.km8.HW73",2,StratifiedKFold
AN19,AN19.27,AN19.Korean.test_Korean,"AN19.KOR.kf1, AN19.KOR.kf3, AN19.KOR.kf5, AN19.KOR.km1, AN19.KOR.km3, AN19.KOR.km8||AN19.KOR.kf2.EW50|AN19.KOR.kf2.EW51|AN19.KOR.kf2.EW53|AN19.KOR.kf2.EW56|AN19.KOR.kf2.HW52|AN19.KOR.kf2.HW54|AN19.KOR.kf2.HW56|AN19.KOR.kf2.HW58|AN19.KOR.kf4.EW52|AN19.KOR.kf4.EW54|AN19.KOR.kf4.EW55|AN19.KOR.kf4.EW57|AN19.KOR.kf4.HW53|AN19.KOR.kf4.HW57|AN19.KOR.kf4.HW59|AN19.KOR.kf4.HW62|AN19.KOR.kf6.EW58|AN19.KOR.kf6.EW59|AN19.KOR.kf6.EW64|AN19.KOR.kf6.EW65|AN19.KOR.kf6.HW55|AN19.KOR.kf6.HW60|AN19.KOR.kf6.HW61|AN19.KOR.kf6.HW63|AN19.KOR.km2.EW60|AN19.KOR.km2.EW61|AN19.KOR.km2.EW62|AN19.KOR.km2.EW63|AN19.KOR.km2.HW64|AN19.KOR.km2.HW65|AN19.KOR.km2.HW66|AN19.KOR.km2.HW67|AN19.KOR.km6.EW66|AN19.KOR.km6.EW67|AN19.KOR.km6.EW72|AN19.KOR.km6.EW73|AN19.KOR.km6.HW68|AN19.KOR.km6.HW69|AN19.KOR.km6.HW74|AN19.KOR.km6.HW75|AN19.KOR.km7.EW18|AN19.KOR.km7.EW68|AN19.KOR.km7.EW69|AN19.KOR.km7.EW75|AN19.KOR.km7.HW29|AN19.KOR.km7.HW70|AN19.KOR.km7.HW72|AN19.KOR.km7.HW73",3,StratifiedKFold
AN19,AN19.28,AN19.Mixed.test_Korean,"AN19.MIX.if3, AN19.MIX.if4, AN19.MIX.if6, AN19.MIX.im3, AN19.MIX.im4, AN19.MIX.im5||AN19.KOR.kf1.EW50|AN19.KOR.kf1.EW51|AN19.KOR.kf1.EW53|AN19.KOR.kf1.EW56|AN19.KOR.kf1.HW52|AN19.KOR.kf1.HW54|AN19.KOR.kf1.HW56|AN19.KOR.kf1.HW58|AN19.KOR.kf3.EW52|AN19.KOR.kf3.EW54|AN19.KOR.kf3.EW55|AN19.KOR.kf3.EW57|AN19.KOR.kf3.HW53|AN19.KOR.kf3.HW57|AN19.KOR.kf3.HW59|AN19.KOR.kf3.HW62|AN19.KOR.kf5.EW58|AN19.KOR.kf5.EW59|AN19.KOR.kf5.EW64|AN19.KOR.kf5.EW65|AN19.KOR.kf5.HW55|AN19.KOR.kf5.HW60|AN19.KOR.kf5.HW61|AN19.KOR.kf5.HW63|AN19.KOR.km1.EW60|AN19.KOR.km1.EW61|AN19.KOR.km1.EW62|AN19.KOR.km1.EW63|AN19.KOR.km1.HW64|AN19.KOR.km1.HW65|AN19.KOR.km1.HW66|AN19.KOR.km1.HW67|AN19.KOR.km3.EW66|AN19.KOR.km3.EW67|AN19.KOR.km3.EW72|AN19.KOR.km3.EW73|AN19.KOR.km3.HW68|AN19.KOR.km3.HW69|AN19.KOR.km3.HW74|AN19.KOR.km3.HW75|AN19.KOR.km8.EW18|AN19.KOR.km8.EW68|AN19.KOR.km8.EW69|AN19.KOR.km8.EW75|AN19.KOR.km8.HW29|AN19.KOR.km8.HW70|AN19.KOR.km8.HW72|AN19.KOR.km8.HW73",2,StratifiedKFold
AN19,AN19.29,AN19.Control.test_Korean,English||AN19.KOR.kf1.EW50|AN19.KOR.kf1.EW51|AN19.KOR.kf1.EW53|AN19.KOR.kf1.EW56|AN19.KOR.kf1.HW52|AN19.KOR.kf1.HW54|AN19.KOR.kf1.HW56|AN19.KOR.kf1.HW58|AN19.KOR.kf3.EW52|AN19.KOR.kf3.EW54|AN19.KOR.kf3.EW55|AN19.KOR.kf3.EW57|AN19.KOR.kf3.HW53|AN19.KOR.kf3.HW57|AN19.KOR.kf3.HW59|AN19.KOR.kf3.HW62|AN19.KOR.kf5.EW58|AN19.KOR.kf5.EW59|AN19.KOR.kf5.EW64|AN19.KOR.kf5.EW65|AN19.KOR.kf5.HW55|AN19.KOR.kf5.HW60|AN19.KOR.kf5.HW61|AN19.KOR.kf5.HW63|AN19.KOR.km1.EW60|AN19.KOR.km1.EW61|AN19.KOR.km1.EW62|AN19.KOR.km1.EW63|AN19.KOR.km1.HW64|AN19.KOR.km1.HW65|AN19.KOR.km1.HW66|AN19.KOR.km1.HW67|AN19.KOR.km3.EW66|AN19.KOR.km3.EW67|AN19.KOR.km3.EW72|AN19.KOR.km3.EW73|AN19.KOR.km3.HW68|AN19.KOR.km3.HW69|AN19.KOR.km3.HW74|AN19.KOR.km3.HW75|AN19.KOR.km8.EW18|AN19.KOR.km8.EW68|AN19.KOR.km8.EW69|AN19.KOR.km8.EW75|AN19.KOR.km8.HW29|AN19.KOR.km8.HW70|AN19.KOR.km8.HW72|AN19.KOR.km8.HW73,1,StratifiedKFold
AN19,AN19.30,AN19.Control.test_Korean,English||AN19.KOR.kf1.EW50|AN19.KOR.kf1.EW51|AN19.KOR.kf1.EW53|AN19.KOR.kf1.EW56|AN19.KOR.kf1.HW52|AN19.KOR.kf1.HW54|AN19.KOR.kf1.HW56|AN19.KOR.kf1.HW58|AN19.KOR.kf3.EW52|AN19.KOR.kf3.EW54|AN19.KOR.kf3.EW55|AN19.KOR.kf3.EW57|AN19.KOR.kf3.HW53|AN19.KOR.kf3.HW57|AN19.KOR.kf3.HW59|AN19.KOR.kf3.HW62|AN19.KOR.kf5.EW58|AN19.KOR.kf5.EW59|AN19.KOR.kf5.EW64|AN19.KOR.kf5.EW65|AN19.KOR.kf5.HW55|AN19.KOR.kf5.HW60|AN19.KOR.kf5.HW61|AN19.KOR.kf5.HW63|AN19.KOR.km1.EW60|AN19.KOR.km1.EW61|AN19.KOR.km1.EW62|AN19.KOR.km1.EW63|AN19.KOR.km1.HW64|AN19.KOR.km1.HW65|AN19.KOR.km1.HW66|AN19.KOR.km1.HW67|AN19.KOR.km3.EW66|AN19.KOR.km3.EW67|AN19.KOR.km3.EW72|AN19.KOR.km3.EW73|AN19.KOR.km3.HW68|AN19.KOR.km3.HW69|AN19.KOR.km3.HW74|AN19.KOR.km3.HW75|AN19.KOR.km8.EW18|AN19.KOR.km8.EW68|AN19.KOR.km8.EW69|AN19.KOR.km8.EW75|AN19.KOR.km8.HW29|AN19.KOR.km8.HW70|AN19.KOR.km8.HW72|AN19.KOR.km8.HW73,3,StratifiedKFold
AN19,AN19.31,AN19.Spanish.test_Korean,"AN19.SPA.sf2, AN19.SPA.sf4, AN19.SPA.sf6, AN19.SPA.sm2, AN19.SPA.sm4, AN19.SPA.sm6||AN19.KOR.kf2.EW50|AN19.KOR.kf2.EW51|AN19.KOR.kf2.EW53|AN19.KOR.kf2.EW56|AN19.KOR.kf2.HW52|AN19.KOR.kf2.HW54|AN19.KOR.kf2.HW56|AN19.KOR.kf2.HW58|AN19.KOR.kf4.EW52|AN19.KOR.kf4.EW54|AN19.KOR.kf4.EW55|AN19.KOR.kf4.EW57|AN19.KOR.kf4.HW53|AN19.KOR.kf4.HW57|AN19.KOR.kf4.HW59|AN19.KOR.kf4.HW62|AN19.KOR.kf6.EW58|AN19.KOR.kf6.EW59|AN19.KOR.kf6.EW64|AN19.KOR.kf6.EW65|AN19.KOR.kf6.HW55|AN19.KOR.kf6.HW60|AN19.KOR.kf6.HW61|AN19.KOR.kf6.HW63|AN19.KOR.km2.EW60|AN19.KOR.km2.EW61|AN19.KOR.km2.EW62|AN19.KOR.km2.EW63|AN19.KOR.km2.HW64|AN19.KOR.km2.HW65|AN19.KOR.km2.HW66|AN19.KOR.km2.HW67|AN19.KOR.km6.EW66|AN19.KOR.km6.EW67|AN19.KOR.km6.EW72|AN19.KOR.km6.EW73|AN19.KOR.km6.HW68|AN19.KOR.km6.HW69|AN19.KOR.km6.HW74|AN19.KOR.km6.HW75|AN19.KOR.km7.EW18|AN19.KOR.km7.EW68|AN19.KOR.km7.EW69|AN19.KOR.km7.EW75|AN19.KOR.km7.HW29|AN19.KOR.km7.HW70|AN19.KOR.km7.HW72|AN19.KOR.km7.HW73",3,StratifiedKFold
AN19,AN19.32,AN19.Mixed.test_Korean,"AN19.MIX.if3, AN19.MIX.if4, AN19.MIX.if6, AN19.MIX.im3, AN19.MIX.im4, AN19.MIX.im5||AN19.KOR.kf2.EW50|AN19.KOR.kf2.EW51|AN19.KOR.kf2.EW53|AN19.KOR.kf2.EW56|AN19.KOR.kf2.HW52|AN19.KOR.kf2.HW54|AN19.KOR.kf2.HW56|AN19.KOR.kf2.HW58|AN19.KOR.kf4.EW52|AN19.KOR.kf4.EW54|AN19.KOR.kf4.EW55|AN19.KOR.kf4.EW57|AN19.KOR.kf4.HW53|AN19.KOR.kf4.HW57|AN19.KOR.kf4.HW59|AN19.KOR.kf4.HW62|AN19.KOR.kf6.EW58|AN19.KOR.kf6.EW59|AN19.KOR.kf6.EW64|AN19.KOR.kf6.EW65|AN19.KOR.kf6.HW55|AN19.KOR.kf6.HW60|AN19.KOR.kf6.HW61|AN19.KOR.kf6.HW63|AN19.KOR.km2.EW60|AN19.KOR.km2.EW61|AN19.KOR.km2.EW62|AN19.KOR.km2.EW63|AN19.KOR.km2.HW64|AN19.KOR.km2.HW65|AN19.KOR.km2.HW66|AN19.KOR.km2.HW67|AN19.KOR.km6.EW66|AN19.KOR.km6.EW67|AN19.KOR.km6.EW72|AN19.KOR.km6.EW73|AN19.KOR.km6.HW68|AN19.KOR.km6.HW69|AN19.KOR.km6.HW74|AN19.KOR.km6.HW75|AN19.KOR.km7.EW18|AN19.KOR.km7.EW68|AN19.KOR.km7.EW69|AN19.KOR.km7.EW75|AN19.KOR.km7.HW29|AN19.KOR.km7.HW70|AN19.KOR.km7.HW72|AN19.KOR.km7.HW73",3,StratifiedKFold
AN19,AN19.33,AN19.Control.test_Korean,English||AN19.KOR.kf2.EW50|AN19.KOR.kf2.EW51|AN19.KOR.kf2.EW53|AN19.KOR.kf2.EW56|AN19.KOR.kf2.HW52|AN19.KOR.kf2.HW54|AN19.KOR.kf2.HW56|AN19.KOR.kf2.HW58|AN19.KOR.kf4.EW52|AN19.KOR.kf4.EW54|AN19.KOR.kf4.EW55|AN19.KOR.kf4.EW57|AN19.KOR.kf4.HW53|AN19.KOR.kf4.HW57|AN19.KOR.kf4.HW59|AN19.KOR.kf4.HW62|AN19.KOR.kf6.EW58|AN19.KOR.kf6.EW59|AN19.KOR.kf6.EW64|AN19.KOR.kf6.EW65|AN19.KOR.kf6.HW55|AN19.KOR.kf6.HW60|AN19.KOR.kf6.HW61|AN19.KOR.kf6.HW63|AN19.KOR.km2.EW60|AN19.KOR.km2.EW61|AN19.KOR.km2.EW62|AN19.KOR.km2.EW63|AN19.KOR.km2.HW64|AN19.KOR.km2.HW65|AN19.KOR.km2.HW66|AN19.KOR.km2.HW67|AN19.KOR.km6.EW66|AN19.KOR.km6.EW67|AN19.KOR.km6.EW72|AN19.KOR.km6.EW73|AN19.KOR.km6.HW68|AN19.KOR.km6.HW69|AN19.KOR.km6.HW74|AN19.KOR.km6.HW75|AN19.KOR.km7.EW18|AN19.KOR.km7.EW68|AN19.KOR.km7.EW69|AN19.KOR.km7.EW75|AN19.KOR.km7.HW29|AN19.KOR.km7.HW70|AN19.KOR.km7.HW72|AN19.KOR.km7.HW73,1,StratifiedKFold
AN19,AN19.34,AN19.Korean.test_Korean,"AN19.KOR.kf2, AN19.KOR.kf4, AN19.KOR.kf6, AN19.KOR.km2, AN19.KOR.km6, AN19.KOR.km7||AN19.KOR.kf1.EW50|AN19.KOR.kf1.EW51|AN19.KOR.kf1.EW53|AN19.KOR.kf1.EW56|AN19.KOR.kf1.HW52|AN19.KOR.kf1.HW54|AN19.KOR.kf1.HW56|AN19.KOR.kf1.HW58|AN19.KOR.kf3.EW52|AN19.KOR.kf3.EW54|AN19.KOR.kf3.EW55|AN19.KOR.kf3.EW57|AN19.KOR.kf3.HW53|AN19.KOR.kf3.HW57|AN19.KOR.kf3.HW59|AN19.KOR.kf3.HW62|AN19.KOR.kf5.EW58|AN19.KOR.kf5.EW59|AN19.KOR.kf5.EW64|AN19.KOR.kf5.EW65|AN19.KOR.kf5.HW55|AN19.KOR.kf5.HW60|AN19.KOR.kf5.HW61|AN19.KOR.kf5.HW63|AN19.KOR.km1.EW60|AN19.KOR.km1.EW61|AN19.KOR.km1.EW62|AN19.KOR.km1.EW63|AN19.KOR.km1.HW64|AN19.KOR.km1.HW65|AN19.KOR.km1.HW66|AN19.KOR.km1.HW67|AN19.KOR.km3.EW66|AN19.KOR.km3.EW67|AN19.KOR.km3.EW72|AN19.KOR.km3.EW73|AN19.KOR.km3.HW68|AN19.KOR.km3.HW69|AN19.KOR.km3.HW74|AN19.KOR.km3.HW75|AN19.KOR.km8.EW18|AN19.KOR.km8.EW68|AN19.KOR.km8.EW69|AN19.KOR.km8.EW75|AN19.KOR.km8.HW29|AN19.KOR.km8.HW70|AN19.KOR.km8.HW72|AN19.KOR.km8.HW73",3,StratifiedKFold
AN19,AN19.36,AN19.Spanish.test_Korean,"AN19.SPA.sf1, AN19.SPA.sf3, AN19.SPA.sf5, AN19.SPA.sm3, AN19.SPA.sm5, AN19.SPA.sm7||AN19.KOR.kf1.EW50|AN19.KOR.kf1.EW51|AN19.KOR.kf1.EW53|AN19.KOR.kf1.EW56|AN19.KOR.kf1.HW52|AN19.KOR.kf1.HW54|AN19.KOR.kf1.HW56|AN19.KOR.kf1.HW58|AN19.KOR.kf3.EW52|AN19.KOR.kf3.EW54|AN19.KOR.kf3.EW55|AN19.KOR.kf3.EW57|AN19.KOR.kf3.HW53|AN19.KOR.kf3.HW57|AN19.KOR.kf3.HW59|AN19.KOR.kf3.HW62|AN19.KOR.kf5.EW58|AN19.KOR.kf5.EW59|AN19.KOR.kf5.EW64|AN19.KOR.kf5.EW65|AN19.KOR.kf5.HW55|AN19.KOR.kf5.HW60|AN19.KOR.kf5.HW61|AN19.KOR.kf5.HW63|AN19.KOR.km1.EW60|AN19.KOR.km1.EW61|AN19.KOR.km1.EW62|AN19.KOR.km1.EW63|AN19.KOR.km1.HW64|AN19.KOR.km1.HW65|AN19.KOR.km1.HW66|AN19.KOR.km1.HW67|AN19.KOR.km3.EW66|AN19.KOR.km3.EW67|AN19.KOR.km3.EW72|AN19.KOR.km3.EW73|AN19.KOR.km3.HW68|AN19.KOR.km3.HW69|AN19.KOR.km3.HW74|AN19.KOR.km3.HW75|AN19.KOR.km8.EW18|AN19.KOR.km8.EW68|AN19.KOR.km8.EW69|AN19.KOR.km8.EW75|AN19.KOR.km8.HW29|AN19.KOR.km8.HW70|AN19.KOR.km8.HW72|AN19.KOR.km8.HW73",3,StratifiedKFold
AN19,AN19.37,AN19.Spanish.test_Korean,"AN19.SPA.sf1, AN19.SPA.sf3, AN19.SPA.sf5, AN19.SPA.sm3, AN19.SPA.sm5, AN19.SPA.sm7||AN19.KOR.kf2.EW50|AN19.KOR.kf2.EW51|AN19.KOR.kf2.EW53|AN19.KOR.kf2.EW56|AN19.KOR.kf2.HW52|AN19.KOR.kf2.HW54|AN19.KOR.kf2.HW56|AN19.KOR.kf2.HW58|AN19.KOR.kf4.EW52|AN19.KOR.kf4.EW54|AN19.KOR.kf4.EW55|AN19.KOR.kf4.EW57|AN19.KOR.kf4.HW53|AN19.KOR.kf4.HW57|AN19.KOR.kf4.HW59|AN19.KOR.kf4.HW62|AN19.KOR.kf6.EW58|AN19.KOR.kf6.EW59|AN19.KOR.kf6.EW64|AN19.KOR.kf6.EW65|AN19.KOR.kf6.HW55|AN19.KOR.kf6.HW60|AN19.KOR.kf6.HW61|AN19.KOR.kf6.HW63|AN19.KOR.km2.EW60|AN19.KOR.km2.EW61|AN19.KOR.km2.EW62|AN19.KOR.km2.EW63|AN19.KOR.km2.HW64|AN19.KOR.km2.HW65|AN19.KOR.km2.HW66|AN19.KOR.km2.HW67|AN19.KOR.km6.EW66|AN19.KOR.km6.EW67|AN19.KOR.km6.EW72|AN19.KOR.km6.EW73|AN19.KOR.km6.HW68|AN19.KOR.km6.HW69|AN19.KOR.km6.HW74|AN19.KOR.km6.HW75|AN19.KOR.km7.EW18|AN19.KOR.km7.EW68|AN19.KOR.km7.EW69|AN19.KOR.km7.EW75|AN19.KOR.km7.HW29|AN19.KOR.km7.HW70|AN19.KOR.km7.HW72|AN19.KOR.km7.HW73",1,StratifiedKFold
AN19,AN19.38,AN19.Korean.test_Korean,"AN19.KOR.kf1, AN19.KOR.kf3, AN19.KOR.kf5, AN19.KOR.km1, AN19.KOR.km3, AN19.KOR.km8||AN19.KOR.kf2.EW50|AN19.KOR.kf2.EW51|AN19.KOR.kf2.EW53|AN19.KOR.kf2.EW56|AN19.KOR.kf2.HW52|AN19.KOR.kf2.HW54|AN19.KOR.kf2.HW56|AN19.KOR.kf2.HW58|AN19.KOR.kf4.EW52|AN19.KOR.kf4.EW54|AN19.KOR.kf4.EW55|AN19.KOR.kf4.EW57|AN19.KOR.kf4.HW53|AN19.KOR.kf4.HW57|AN19.KOR.kf4.HW59|AN19.KOR.kf4.HW62|AN19.KOR.kf6.EW58|AN19.KOR.kf6.EW59|AN19.KOR.kf6.EW64|AN19.KOR.kf6.EW65|AN19.KOR.kf6.HW55|AN19.KOR.kf6.HW60|AN19.KOR.kf6.HW61|AN19.KOR.kf6.HW63|AN19.KOR.km2.EW60|AN19.KOR.km2.EW61|AN19.KOR.km2.EW62|AN19.KOR.km2.EW63|AN19.KOR.km2.HW64|AN19.KOR.km2.HW65|AN19.KOR.km2.HW66|AN19.KOR.km2.HW67|AN19.KOR.km6.EW66|AN19.KOR.km6.EW67|AN19.KOR.km6.EW72|AN19.KOR.km6.EW73|AN19.KOR.km6.HW68|AN19.KOR.km6.HW69|AN19.KOR.km6.HW74|AN19.KOR.km6.HW75|AN19.KOR.km7.EW18|AN19.KOR.km7.EW68|AN19.KOR.km7.EW69|AN19.KOR.km7.EW75|AN19.KOR.km7.HW29|AN19.KOR.km7.HW70|AN19.KOR.km7.HW72|AN19.KOR.km7.HW73",2,StratifiedKFold
AN19,AN19.39,AN19.Mixed.test_Korean,"AN19.MIX.if1, AN19.MIX.if2, AN19.MIX.if5, AN19.MIX.im1, AN19.MIX.im2, AN19.MIX.im6||AN19.KOR.kf1.EW50|AN19.KOR.kf1.EW51|AN19.KOR.kf1.EW53|AN19.KOR.kf1.EW56|AN19.KOR.kf1.HW52|AN19.KOR.kf1.HW54|AN19.KOR.kf1.HW56|AN19.KOR.kf1.HW58|AN19.KOR.kf3.EW52|AN19.KOR.kf3.EW54|AN19.KOR.kf3.EW55|AN19.KOR.kf3.EW57|AN19.KOR.kf3.HW53|AN19.KOR.kf3.HW57|AN19.KOR.kf3.HW59|AN19.KOR.kf3.HW62|AN19.KOR.kf5.EW58|AN19.KOR.kf5.EW59|AN19.KOR.kf5.EW64|AN19.KOR.kf5.EW65|AN19.KOR.kf5.HW55|AN19.KOR.kf5.HW60|AN19.KOR.kf5.HW61|AN19.KOR.kf5.HW63|AN19.KOR.km1.EW60|AN19.KOR.km1.EW61|AN19.KOR.km1.EW62|AN19.KOR.km1.EW63|AN19.KOR.km1.HW64|AN19.KOR.km1.HW65|AN19.KOR.km1.HW66|AN19.KOR.km1.HW67|AN19.KOR.km3.EW66|AN19.KOR.km3.EW67|AN19.KOR.km3.EW72|AN19.KOR.km3.EW73|AN19.KOR.km3.HW68|AN19.KOR.km3.HW69|AN19.KOR.km3.HW74|AN19.KOR.km3.HW75|AN19.KOR.km8.EW18|AN19.KOR.km8.EW68|AN19.KOR.km8.EW69|AN19.KOR.km8.EW75|AN19.KOR.km8.HW29|AN19.KOR.km8.HW70|AN19.KOR.km8.HW72|AN19.KOR.km8.HW73",3,StratifiedKFold
AN19,AN19.40,AN19.Mixed.test_Korean,"AN19.MIX.if1, AN19.MIX.if2, AN19.MIX.if5, AN19.MIX.im1, AN19.MIX.im2, AN19.MIX.im6||AN19.KOR.kf2.EW50|AN19.KOR.kf2.EW51|AN19.KOR.kf2.EW53|AN19.KOR.kf2.EW56|AN19.KOR.kf2.HW52|AN19.KOR.kf2.HW54|AN19.KOR.kf2.HW56|AN19.KOR.kf2.HW58|AN19.KOR.kf4.EW52|AN19.KOR.kf4.EW54|AN19.KOR.kf4.EW55|AN19.KOR.kf4.EW57|AN19.KOR.kf4.HW53|AN19.KOR.kf4.HW57|AN19.KOR.kf4.HW59|AN19.KOR.kf4.HW62|AN19.KOR.kf6.EW58|AN19.KOR.kf6.EW59|AN19.KOR.kf6.EW64|AN19.KOR.kf6.EW65|AN19.KOR.kf6.HW55|AN19.KOR.kf6.HW60|AN19.KOR.kf6.HW61|AN19.KOR.kf6.HW63|AN19.KOR.km2.EW60|AN19.KOR.km2.EW61|AN19.KOR.km2.EW62|AN19.KOR.km2.EW63|AN19.KOR.km2.HW64|AN19.KOR.km2.HW65|AN19.KOR.km2.HW66|AN19.KOR.km2.HW67|AN19.KOR.km6.EW66|AN19.KOR.km6.EW67|AN19.KOR.km6.EW72|AN19.KOR.km6.EW73|AN19.KOR.km6.HW68|AN19.KOR.km6.HW69|AN19.KOR.km6.HW74|AN19.KOR.km6.HW75|AN19.KOR.km7.EW18|AN19.KOR.km7.EW68|AN19.KOR.km7.EW69|AN19.KOR.km7.EW75|AN19.KOR.km7.HW29|AN19.KOR.km7.HW70|AN19.KOR.km7.HW72|AN19.KOR.km7.HW73",3,StratifiedKFold
AN19,AN19.41,AN19.Mixed.test_Korean,"AN19.MIX.if1, AN19.MIX.if2, AN19.MIX.if5, AN19.MIX.im1, AN19.MIX.im2, AN19.MIX.im6||AN19.KOR.kf2.EW50|AN19.KOR.kf2.EW51|AN19.KOR.kf2.EW53|AN19.KOR.kf2.EW56|AN19.KOR.kf2.HW52|AN19.KOR.kf2.HW54|AN19.KOR.kf2.HW56|AN19.KOR.kf2.HW58|AN19.KOR.kf4.EW52|AN19.KOR.kf4.EW54|AN19.KOR.kf4.EW55|AN19.KOR.kf4.EW57|AN19.KOR.kf4.HW53|AN19.KOR.kf4.HW57|AN19.KOR.kf4.HW59|AN19.KOR.kf4.HW62|AN19.KOR.kf6.EW58|AN19.KOR.kf6.EW59|AN19.KOR.kf6.EW64|AN19.KOR.kf6.EW65|AN19.KOR.kf6.HW55|AN19.KOR.kf6.HW60|AN19.KOR.kf6.HW61|AN19.KOR.kf6.HW63|AN19.KOR.km2.EW60|AN19.KOR.km2.EW61|AN19.KOR.km2.EW62|AN19.KOR.km2.EW63|AN19.KOR.km2.HW64|AN19.KOR.km2.HW65|AN19.KOR.km2.HW66|AN19.KOR.km2.HW67|AN19.KOR.km6.EW66|AN19.KOR.km6.EW67|AN19.KOR.km6.EW72|AN19.KOR.km6.EW73|AN19.KOR.km6.HW68|AN19.KOR.km6.HW69|AN19.KOR.km6.HW74|AN19.KOR.km6.HW75|AN19.KOR.km7.EW18|AN19.KOR.km7.EW68|AN19.KOR.km7.EW69|AN19.KOR.km7.EW75|AN19.KOR.km7.HW29|AN19.KOR.km7.HW70|AN19.KOR.km7.HW72|AN19.KOR.km7.HW73",2,StratifiedKFold
AN19,AN19.42,AN19.Control.test_Korean,English||AN19.KOR.kf2.EW50|AN19.KOR.kf2.EW51|AN19.KOR.kf2.EW53|AN19.KOR.kf2.EW56|AN19.KOR.kf2.HW52|AN19.KOR.kf2.HW54|AN19.KOR.kf2.HW56|AN19.KOR.kf2.HW58|AN19.KOR.kf4.EW52|AN19.KOR.kf4.EW54|AN19.KOR.kf4.EW55|AN19.KOR.kf4.EW57|AN19.KOR.kf4.HW53|AN19.KOR.kf4.HW57|AN19.KOR.kf4.HW59|AN19.KOR.kf4.HW62|AN19.KOR.kf6.EW58|AN19.KOR.kf6.EW59|AN19.KOR.kf6.EW64|AN19.KOR.kf6.EW65|AN19.KOR.kf6.HW55|AN19.KOR.kf6.HW60|AN19.KOR.kf6.HW61|AN19.KOR.kf6.HW63|AN19.KOR.km2.EW60|AN19.KOR.km2.EW61|AN19.KOR.km2.EW62|AN19.KOR.km2.EW63|AN19.KOR.km2.HW64|AN19.KOR.km2.HW65|AN19.KOR.km2.HW66|AN19.KOR.km2.HW67|AN19.KOR.km6.EW66|AN19.KOR.km6.EW67|AN19.KOR.km6.EW72|AN19.KOR.km6.EW73|AN19.KOR.km6.HW68|AN19.KOR.km6.HW69|AN19.KOR.km6.HW74|AN19.KOR.km6.HW75|AN19.KOR.km7.EW18|AN19.KOR.km7.EW68|AN19.KOR.km7.EW69|AN19.KOR.km7.EW75|AN19.KOR.km7.HW29|AN19.KOR.km7.HW70|AN19.KOR.km7.HW72|AN19.KOR.km7.HW73,1,StratifiedKFold
AN19,AN19.43,AN19.Spanish.test_Korean,"AN19.SPA.sf2, AN19.SPA.sf4, AN19.SPA.sf6, AN19.SPA.sm2, AN19.SPA.sm4, AN19.SPA.sm6||AN19.KOR.kf1.EW50|AN19.KOR.kf1.EW51|AN19.KOR.kf1.EW53|AN19.KOR.kf1.EW56|AN19.KOR.kf1.HW52|AN19.KOR.kf1.HW54|AN19.KOR.kf1.HW56|AN19.KOR.kf1.HW58|AN19.KOR.kf3.EW52|AN19.KOR.kf3.EW54|AN19.KOR.kf3.EW55|AN19.KOR.kf3.EW57|AN19.KOR.kf3.HW53|AN19.KOR.kf3.HW57|AN19.KOR.kf3.HW59|AN19.KOR.kf3.HW62|AN19.KOR.kf5.EW58|AN19.KOR.kf5.EW59|AN19.KOR.kf5.EW64|AN19.KOR.kf5.EW65|AN19.KOR.kf5.HW55|AN19.KOR.kf5.HW60|AN19.KOR.kf5.HW61|AN19.KOR.kf5.HW63|AN19.KOR.km1.EW60|AN19.KOR.km1.EW61|AN19.KOR.km1.EW62|AN19.KOR.km1.EW63|AN19.KOR.km1.HW64|AN19.KOR.km1.HW65|AN19.KOR.km1.HW66|AN19.KOR.km1.HW67|AN19.KOR.km3.EW66|AN19.KOR.km3.EW67|AN19.KOR.km3.EW72|AN19.KOR.km3.EW73|AN19.KOR.km3.HW68|AN19.KOR.km3.HW69|AN19.KOR.km3.HW74|AN19.KOR.km3.HW75|AN19.KOR.km8.EW18|AN19.KOR.km8.EW68|AN19.KOR.km8.EW69|AN19.KOR.km8.EW75|AN19.KOR.km8.HW29|AN19.KOR.km8.HW70|AN19.KOR.km8.HW72|AN19.KOR.km8.HW73",2,StratifiedKFold
AN19,AN19.44,AN19.Control.test_Korean,English||AN19.KOR.kf1.EW50|AN19.KOR.kf1.EW51|AN19.KOR.kf1.EW53|AN19.KOR.kf1.EW56|AN19.KOR.kf1.HW52|AN19.KOR.kf1.HW54|AN19.KOR.kf1.HW56|AN19.KOR.kf1.HW58|AN19.KOR.kf3.EW52|AN19.KOR.kf3.EW54|AN19.KOR.kf3.EW55|AN19.KOR.kf3.EW57|AN19.KOR.kf3.HW53|AN19.KOR.kf3.HW57|AN19.KOR.kf3.HW59|AN19.KOR.kf3.HW62|AN19.KOR.kf5.EW58|AN19.KOR.kf5.EW59|AN19.KOR.kf5.EW64|AN19.KOR.kf5.EW65|AN19.KOR.kf5.HW55|AN19.KOR.kf5.HW60|AN19.KOR.kf5.HW61|AN19.KOR.kf5.HW63|AN19.KOR.km1.EW60|AN19.KOR.km1.EW61|AN19.KOR.km1.EW62|AN19.KOR.km1.EW63|AN19.KOR.km1.HW64|AN19.KOR.km1.HW65|AN19.KOR.km1.HW66|AN19.KOR.km1.HW67|AN19.KOR.km3.EW66|AN19.KOR.km3.EW67|AN19.KOR.km3.EW72|AN19.KOR.km3.EW73|AN19.KOR.km3.HW68|AN19.KOR.km3.HW69|AN19.KOR.km3.HW74|AN19.KOR.km3.HW75|AN19.KOR.km8.EW18|AN19.KOR.km8.EW68|AN19.KOR.km8.EW69|AN19.KOR.km8.EW75|AN19.KOR.km8.HW29|AN19.KOR.km8.HW70|AN19.KOR.km8.HW72|AN19.KOR.km8.HW73,1,StratifiedKFold
AN19,AN19.45,AN19.Korean.test_Korean,"AN19.KOR.kf1, AN19.KOR.kf3, AN19.KOR.kf5, AN19.KOR.km1, AN19.KOR.km3, AN19.KOR.km8||AN19.KOR.kf2.EW50|AN19.KOR.kf2.EW51|AN19.KOR.kf2.EW53|AN19.KOR.kf2.EW56|AN19.KOR.kf2.HW52|AN19.KOR.kf2.HW54|AN19.KOR.kf2.HW56|AN19.KOR.kf2.HW58|AN19.KOR.kf4.EW52|AN19.KOR.kf4.EW54|AN19.KOR.kf4.EW55|AN19.KOR.kf4.EW57|AN19.KOR.kf4.HW53|AN19.KOR.kf4.HW57|AN19.KOR.kf4.HW59|AN19.KOR.kf4.HW62|AN19.KOR.kf6.EW58|AN19.KOR.kf6.EW59|AN19.KOR.kf6.EW64|AN19.KOR.kf6.EW65|AN19.KOR.kf6.HW55|AN19.KOR.kf6.HW60|AN19.KOR.kf6.HW61|AN19.KOR.kf6.HW63|AN19.KOR.km2.EW60|AN19.KOR.km2.EW61|AN19.KOR.km2.EW62|AN19.KOR.km2.EW63|AN19.KOR.km2.HW64|AN19.KOR.km2.HW65|AN19.KOR.km2.HW66|AN19.KOR.km2.HW67|AN19.KOR.km6.EW66|AN19.KOR.km6.EW67|AN19.KOR.km6.EW72|AN19.KOR.km6.EW73|AN19.KOR.km6.HW68|AN19.KOR.km6.HW69|AN19.KOR.km6.HW74|AN19.KOR.km6.HW75|AN19.KOR.km7.EW18|AN19.KOR.km7.EW68|AN19.KOR.km7.EW69|AN19.KOR.km7.EW75|AN19.KOR.km7.HW29|AN19.KOR.km7.HW70|AN19.KOR.km7.HW72|AN19.KOR.km7.HW73",2,StratifiedKFold
AN19,AN19.46,AN19.Spanish.test_Korean,"AN19.SPA.sf2, AN19.SPA.sf4, AN19.SPA.sf6, AN19.SPA.sm2, AN19.SPA.sm4, AN19.SPA.sm6||AN19.KOR.kf2.EW50|AN19.KOR.kf2.EW51|AN19.KOR.kf2.EW53|AN19.KOR.kf2.EW56|AN19.KOR.kf2.HW52|AN19.KOR.kf2.HW54|AN19.KOR.kf2.HW56|AN19.KOR.kf2.HW58|AN19.KOR.kf4.EW52|AN19.KOR.kf4.EW54|AN19.KOR.kf4.EW55|AN19.KOR.kf4.EW57|AN19.KOR.kf4.HW53|AN19.KOR.kf4.HW57|AN19.KOR.kf4.HW59|AN19.KOR.kf4.HW62|AN19.KOR.kf6.EW58|AN19.KOR.kf6.EW59|AN19.KOR.kf6.EW64|AN19.KOR.kf6.EW65|AN19.KOR.kf6.HW55|AN19.KOR.kf6.HW60|AN19.KOR.kf6.HW61|AN19.KOR.kf6.HW63|AN19.KOR.km2.EW60|AN19.KOR.km2.EW61|AN19.KOR.km2.EW62|AN19.KOR.km2.EW63|AN19.KOR.km2.HW64|AN19.KOR.km2.HW65|AN19.KOR.km2.HW66|AN19.KOR.km2.HW67|AN19.KOR.km6.EW66|AN19.KOR.km6.EW67|AN19.KOR.km6.EW72|AN19.KOR.km6.EW73|AN19.KOR.km6.HW68|AN19.KOR.km6.HW69|AN19.KOR.km6.HW74|AN19.KOR.km6.HW75|AN19.KOR.km7.EW18|AN19.KOR.km7.EW68|AN19.KOR.km7.EW69|AN19.KOR.km7.EW75|AN19.KOR.km7.HW29|AN19.KOR.km7.HW70|AN19.KOR.km7.HW72|AN19.KOR.km7.HW73",2,StratifiedKFold
AN19,AN19.48,AN19.Korean.test_Korean,"AN19.KOR.kf2, AN19.KOR.kf4, AN19.KOR.kf6, AN19.KOR.km2, AN19.KOR.km6, AN19.KOR.km7||AN19.KOR.kf1.EW50|AN19.KOR.kf1.EW51|AN19.KOR.kf1.EW53|AN19.KOR.kf1.EW56|AN19.KOR.kf1.HW52|AN19.KOR.kf1.HW54|AN19.KOR.kf1.HW56|AN19.KOR.kf1.HW58|AN19.KOR.kf3.EW52|AN19.KOR.kf3.EW54|AN19.KOR.kf3.EW55|AN19.KOR.kf3.EW57|AN19.KOR.kf3.HW53|AN19.KOR.kf3.HW57|AN19.KOR.kf3.HW59|AN19.KOR.kf3.HW62|AN19.KOR.kf5.EW58|AN19.KOR.kf5.EW59|AN19.KOR.kf5.EW64|AN19.KOR.kf5.EW65|AN19.KOR.kf5.HW55|AN19.KOR.kf5.HW60|AN19.KOR.kf5.HW61|AN19.KOR.kf5.HW63|AN19.KOR.km1.EW60|AN19.KOR.km1.EW61|AN19.KOR.km1.EW62|AN19.KOR.km1.EW63|AN19.KOR.km1.HW64|AN19.KOR.km1.HW65|AN19.KOR.km1.HW66|AN19.KOR.km1.HW67|AN19.KOR.km3.EW66|AN19.KOR.km3.EW67|AN19.KOR.km3.EW72|AN19.KOR.km3.EW73|AN19.KOR.km3.HW68|AN19.KOR.km3.HW69|AN19.KOR.km3.HW74|AN19.KOR.km3.HW75|AN19.KOR.km8.EW18|AN19.KOR.km8.EW68|AN19.KOR.km8.EW69|AN19.KOR.km8.EW75|AN19.KOR.km8.HW29|AN19.KOR.km8.HW70|AN19.KOR.km8.HW72|AN19.KOR.km8.HW73",1,StratifiedKFold
AN19,AN19.49,AN19.Control.test_Korean,English||AN19.KOR.kf2.EW50|AN19.KOR.kf2.EW51|AN19.KOR.kf2.EW53|AN19.KOR.kf2.EW56|AN19.KOR.kf2.HW52|AN19.KOR.kf2.HW54|AN19.KOR.kf2.HW56|AN19.KOR.kf2.HW58|AN19.KOR.kf4.EW52|AN19.KOR.kf4.EW54|AN19.KOR.kf4.EW55|AN19.KOR.kf4.EW57|AN19.KOR.kf4.HW53|AN19.KOR.kf4.HW57|AN19.KOR.kf4.HW59|AN19.KOR.kf4.HW62|AN19.KOR.kf6.EW58|AN19.KOR.kf6.EW59|AN19.KOR.kf6.EW64|AN19.KOR.kf6.EW65|AN19.KOR.kf6.HW55|AN19.KOR.kf6.HW60|AN19.KOR.kf6.HW61|AN19.KOR.kf6.HW63|AN19.KOR.km2.EW60|AN19.KOR.km2.EW61|AN19.KOR.km2.EW62|AN19.KOR.km2.EW63|AN19.KOR.km2.HW64|AN19.KOR.km2.HW65|AN19.KOR.km2.HW66|AN19.KOR.km2.HW67|AN19.KOR.km6.EW66|AN19.KOR.km6.EW67|AN19.KOR.km6.EW72|AN19.KOR.km6.EW73|AN19.KOR.km6.HW68|AN19.KOR.km6.HW69|AN19.KOR.km6.HW74|AN19.KOR.km6.HW75|AN19.KOR.km7.EW18|AN19.KOR.km7.EW68|AN19.KOR.km7.EW69|AN19.KOR.km7.EW75|AN19.KOR.km7.HW29|AN19.KOR.km7.HW70|AN19.KOR.km7.HW72|AN19.KOR.km7.HW73,2,StratifiedKFold
AN19,AN19.50,AN19.Spanish.test_Spanish,"AN19.SPA.sf2, AN19.SPA.sf4, AN19.SPA.sf6, AN19.SPA.sm2, AN19.SPA.sm4, AN19.SPA.sm6||AN19.SPA.sf1.EW50|AN19.SPA.sf1.EW51|AN19.SPA.sf1.EW53|AN19.SPA.sf1.EW56|AN19.SPA.sf1.HW52|AN19.SPA.sf1.HW54|AN19.SPA.sf1.HW56|AN19.SPA.sf1.HW58|AN19.SPA.sf3.EW52|AN19.SPA.sf3.EW54|AN19.SPA.sf3.EW55|AN19.SPA.sf3.EW57|AN19.SPA.sf3.HW53|AN19.SPA.sf3.HW57|AN19.SPA.sf3.HW59|AN19.SPA.sf3.HW62|AN19.SPA.sf5.EW58|AN19.SPA.sf5.EW59|AN19.SPA.sf5.EW64|AN19.SPA.sf5.EW65|AN19.SPA.sf5.HW55|AN19.SPA.sf5.HW60|AN19.SPA.sf5.HW61|AN19.SPA.sf5.HW63|AN19.SPA.sm3.EW60|AN19.SPA.sm3.EW61|AN19.SPA.sm3.EW62|AN19.SPA.sm3.EW63|AN19.SPA.sm3.HW64|AN19.SPA.sm3.HW65|AN19.SPA.sm3.HW66|AN19.SPA.sm3.HW67|AN19.SPA.sm5.EW66|AN19.SPA.sm5.EW67|AN19.SPA.sm5.EW72|AN19.SPA.sm5.EW73|AN19.SPA.sm5.HW68|AN19.SPA.sm5.HW69|AN19.SPA.sm5.HW74|AN19.SPA.sm5.HW75|AN19.SPA.sm7.EW18|AN19.SPA.sm7.EW68|AN19.SPA.sm7.EW69|AN19.SPA.sm7.EW75|AN19.SPA.sm7.HW29|AN19.SPA.sm7.HW70|AN19.SPA.sm7.HW72|AN19.SPA.sm7.HW73",1,StratifiedKFold
AN19,AN19.51,AN19.Korean.test_Spanish,"AN19.KOR.kf2, AN19.KOR.kf4, AN19.KOR.kf6, AN19.KOR.km2, AN19.KOR.km6, AN19.KOR.km7||AN19.SPA.sf1.EW50|AN19.SPA.sf1.EW51|AN19.SPA.sf1.EW53|AN19.SPA.sf1.EW56|AN19.SPA.sf1.HW52|AN19.SPA.sf1.HW54|AN19.SPA.sf1.HW56|AN19.SPA.sf1.HW58|AN19.SPA.sf3.EW52|AN19.SPA.sf3.EW54|AN19.SPA.sf3.EW55|AN19.SPA.sf3.EW57|AN19.SPA.sf3.HW53|AN19.SPA.sf3.HW57|AN19.SPA.sf3.HW59|AN19.SPA.sf3.HW62|AN19.SPA.sf5.EW58|AN19.SPA.sf5.EW59|AN19.SPA.sf5.EW64|AN19.SPA.sf5.EW65|AN19.SPA.sf5.HW55|AN19.SPA.sf5.HW60|AN19.SPA.sf5.HW61|AN19.SPA.sf5.HW63|AN19.SPA.sm3.EW60|AN19.SPA.sm3.EW61|AN19.SPA.sm3.EW62|AN19.SPA.sm3.EW63|AN19.SPA.sm3.HW64|AN19.SPA.sm3.HW65|AN19.SPA.sm3.HW66|AN19.SPA.sm3.HW67|AN19.SPA.sm5.EW66|AN19.SPA.sm5.EW67|AN19.SPA.sm5.EW72|AN19.SPA.sm5.EW73|AN19.SPA.sm5.HW68|AN19.SPA.sm5.HW69|AN19.SPA.sm5.HW74|AN19.SPA.sm5.HW75|AN19.SPA.sm7.EW18|AN19.SPA.sm7.EW68|AN19.SPA.sm7.EW69|AN19.SPA.sm7.EW75|AN19.SPA.sm7.HW29|AN19.SPA.sm7.HW70|AN19.SPA.sm7.HW72|AN19.SPA.sm7.HW73",2,StratifiedKFold
AN19,AN19.53,AN19.Korean.test_Korean,"AN19.KOR.kf1, AN19.KOR.kf3, AN19.KOR.kf5, AN19.KOR.km1, AN19.KOR.km3, AN19.KOR.km8||AN19.KOR.kf2.EW50|AN19.KOR.kf2.EW51|AN19.KOR.kf2.EW53|AN19.KOR.kf2.EW56|AN19.KOR.kf2.HW52|AN19.KOR.kf2.HW54|AN19.KOR.kf2.HW56|AN19.KOR.kf2.HW58|AN19.KOR.kf4.EW52|AN19.KOR.kf4.EW54|AN19.KOR.kf4.EW55|AN19.KOR.kf4.EW57|AN19.KOR.kf4.HW53|AN19.KOR.kf4.HW57|AN19.KOR.kf4.HW59|AN19.KOR.kf4.HW62|AN19.KOR.kf6.EW58|AN19.KOR.kf6.EW59|AN19.KOR.kf6.EW64|AN19.KOR.kf6.EW65|AN19.KOR.kf6.HW55|AN19.KOR.kf6.HW60|AN19.KOR.kf6.HW61|AN19.KOR.kf6.HW63|AN19.KOR.km2.EW60|AN19.KOR.km2.EW61|AN19.KOR.km2.EW62|AN19.KOR.km2.EW63|AN19.KOR.km2.HW64|AN19.KOR.km2.HW65|AN19.KOR.km2.HW66|AN19.KOR.km2.HW67|AN19.KOR.km6.EW66|AN19.KOR.km6.EW67|AN19.KOR.km6.EW72|AN19.KOR.km6.EW73|AN19.KOR.km6.HW68|AN19.KOR.km6.HW69|AN19.KOR.km6.HW74|AN19.KOR.km6.HW75|AN19.KOR.km7.EW18|AN19.KOR.km7.EW68|AN19.KOR.km7.EW69|AN19.KOR.km7.EW75|AN19.KOR.km7.HW29|AN19.KOR.km7.HW70|AN19.KOR.km7.HW72|AN19.KOR.km7.HW73",3,StratifiedKFold
AN19,AN19.54,AN19.Control.test_Korean,English||AN19.KOR.kf2.EW50|AN19.KOR.kf2.EW51|AN19.KOR.kf2.EW53|AN19.KOR.kf2.EW56|AN19.KOR.kf2.HW52|AN19.KOR.kf2.HW54|AN19.KOR.kf2.HW56|AN19.KOR.kf2.HW58|AN19.KOR.kf4.EW52|AN19.KOR.kf4.EW54|AN19.KOR.kf4.EW55|AN19.KOR.kf4.EW57|AN19.KOR.kf4.HW53|AN19.KOR.kf4.HW57|AN19.KOR.kf4.HW59|AN19.KOR.kf4.HW62|AN19.KOR.kf6.EW58|AN19.KOR.kf6.EW59|AN19.KOR.kf6.EW64|AN19.KOR.kf6.EW65|AN19.KOR.kf6.HW55|AN19.KOR.kf6.HW60|AN19.KOR.kf6.HW61|AN19.KOR.kf6.HW63|AN19.KOR.km2.EW60|AN19.KOR.km2.EW61|AN19.KOR.km2.EW62|AN19.KOR.km2.EW63|AN19.KOR.km2.HW64|AN19.KOR.km2.HW65|AN19.KOR.km2.HW66|AN19.KOR.km2.HW67|AN19.KOR.km6.EW66|AN19.KOR.km6.EW67|AN19.KOR.km6.EW72|AN19.KOR.km6.EW73|AN19.KOR.km6.HW68|AN19.KOR.km6.HW69|AN19.KOR.km6.HW74|AN19.KOR.km6.HW75|AN19.KOR.km7.EW18|AN19.KOR.km7.EW68|AN19.KOR.km7.EW69|AN19.KOR.km7.EW75|AN19.KOR.km7.HW29|AN19.KOR.km7.HW70|AN19.KOR.km7.HW72|AN19.KOR.km7.HW73,1,StratifiedKFold
AN19,AN19.55,AN19.Mixed.test_Korean,"AN19.MIX.if1, AN19.MIX.if2, AN19.MIX.if5, AN19.MIX.im1, AN19.MIX.im2, AN19.MIX.im6||AN19.KOR.kf1.EW50|AN19.KOR.kf1.EW51|AN19.KOR.kf1.EW53|AN19.KOR.kf1.EW56|AN19.KOR.kf1.HW52|AN19.KOR.kf1.HW54|AN19.KOR.kf1.HW56|AN19.KOR.kf1.HW58|AN19.KOR.kf3.EW52|AN19.KOR.kf3.EW54|AN19.KOR.kf3.EW55|AN19.KOR.kf3.EW57|AN19.KOR.kf3.HW53|AN19.KOR.kf3.HW57|AN19.KOR.kf3.HW59|AN19.KOR.kf3.HW62|AN19.KOR.kf5.EW58|AN19.KOR.kf5.EW59|AN19.KOR.kf5.EW64|AN19.KOR.kf5.EW65|AN19.KOR.kf5.HW55|AN19.KOR.kf5.HW60|AN19.KOR.kf5.HW61|AN19.KOR.kf5.HW63|AN19.KOR.km1.EW60|AN19.KOR.km1.EW61|AN19.KOR.km1.EW62|AN19.KOR.km1.EW63|AN19.KOR.km1.HW64|AN19.KOR.km1.HW65|AN19.KOR.km1.HW66|AN19.KOR.km1.HW67|AN19.KOR.km3.EW66|AN19.KOR.km3.EW67|AN19.KOR.km3.EW72|AN19.KOR.km3.EW73|AN19.KOR.km3.HW68|AN19.KOR.km3.HW69|AN19.KOR.km3.HW74|AN19.KOR.km3.HW75|AN19.KOR.km8.EW18|AN19.KOR.km8.EW68|AN19.KOR.km8.EW69|AN19.KOR.km8.EW75|AN19.KOR.km8.HW29|AN19.KOR.km8.HW70|AN19.KOR.km8.HW72|AN19.KOR.km8.HW73",1,StratifiedKFold
AN19,AN19.56,AN19.Mixed.test_Korean,"AN19.MIX.if1, AN19.MIX.if2, AN19.MIX.if5, AN19.MIX.im1, AN19.MIX.im2, AN19.MIX.im6||AN19.KOR.kf2.EW50|AN19.KOR.kf2.EW51|AN19.KOR.kf2.EW53|AN19.KOR.kf2.EW56|AN19.KOR.kf2.HW52|AN19.KOR.kf2.HW54|AN19.KOR.kf2.HW56|AN19.KOR.kf2.HW58|AN19.KOR.kf4.EW52|AN19.KOR.kf4.EW54|AN19.KOR.kf4.EW55|AN19.KOR.kf4.EW57|AN19.KOR.kf4.HW53|AN19.KOR.kf4.HW57|AN19.KOR.kf4.HW59|AN19.KOR.kf4.HW62|AN19.KOR.kf6.EW58|AN19.KOR.kf6.EW59|AN19.KOR.kf6.EW64|AN19.KOR.kf6.EW65|AN19.KOR.kf6.HW55|AN19.KOR.kf6.HW60|AN19.KOR.kf6.HW61|AN19.KOR.kf6.HW63|AN19.KOR.km2.EW60|AN19.KOR.km2.EW61|AN19.KOR.km2.EW62|AN19.KOR.km2.EW63|AN19.KOR.km2.HW64|AN19.KOR.km2.HW65|AN19.KOR.km2.HW66|AN19.KOR.km2.HW67|AN19.KOR.km6.EW66|AN19.KOR.km6.EW67|AN19.KOR.km6.EW72|AN19.KOR.km6.EW73|AN19.KOR.km6.HW68|AN19.KOR.km6.HW69|AN19.KOR.km6.HW74|AN19.KOR.km6.HW75|AN19.KOR.km7.EW18|AN19.KOR.km7.EW68|AN19.KOR.km7.EW69|AN19.KOR.km7.EW75|AN19.KOR.km7.HW29|AN19.KOR.km7.HW70|AN19.KOR.km7.HW72|AN19.KOR.km7.HW73",1,StratifiedKFold
AN19,AN19.57,AN19.Mixed.test_Korean,"AN19.MIX.if3, AN19.MIX.if4, AN19.MIX.if6, AN19.MIX.im3, AN19.MIX.im4, AN19.MIX.im5||AN19.KOR.kf2.EW50|AN19.KOR.kf2.EW51|AN19.KOR.kf2.EW53|AN19.KOR.kf2.EW56|AN19.KOR.kf2.HW52|AN19.KOR.kf2.HW54|AN19.KOR.kf2.HW56|AN19.KOR.kf2.HW58|AN19.KOR.kf4.EW52|AN19.KOR.kf4.EW54|AN19.KOR.kf4.EW55|AN19.KOR.kf4.EW57|AN19.KOR.kf4.HW53|AN19.KOR.kf4.HW57|AN19.KOR.kf4.HW59|AN19.KOR.kf4.HW62|AN19.KOR.kf6.EW58|AN19.KOR.kf6.EW59|AN19.KOR.kf6.EW64|AN19.KOR.kf6.EW65|AN19.KOR.kf6.HW55|AN19.KOR.kf6.HW60|AN19.KOR.kf6.HW61|AN19.KOR.kf6.HW63|AN19.KOR.km2.EW60|AN19.KOR.km2.EW61|AN19.KOR.km2.EW62|AN19.KOR.km2.EW63|AN19.KOR.km2.HW64|AN19.KOR.km2.HW65|AN19.KOR.km2.HW66|AN19.KOR.km2.HW67|AN19.KOR.km6.EW66|AN19.KOR.km6.EW67|AN19.KOR.km6.EW72|AN19.KOR.km6.EW73|AN19.KOR.km6.HW68|AN19.KOR.km6.HW69|AN19.KOR.km6.HW74|AN19.KOR.km6.HW75|AN19.KOR.km7.EW18|AN19.KOR.km7.EW68|AN19.KOR.km7.EW69|AN19.KOR.km7.EW75|AN19.KOR.km7.HW29|AN19.KOR.km7.HW70|AN19.KOR.km7.HW72|AN19.KOR.km7.HW73",2,StratifiedKFold
AN19,AN19.59,AN19.Mixed.test_Korean,"AN19.MIX.if3, AN19.MIX.if4, AN19.MIX.if6, AN19.MIX.im3, AN19.MIX.im4, AN19.MIX.im5||AN19.KOR.kf1.EW50|AN19.KOR.kf1.EW51|AN19.KOR.kf1.EW53|AN19.KOR.kf1.EW56|AN19.KOR.kf1.HW52|AN19.KOR.kf1.HW54|AN19.KOR.kf1.HW56|AN19.KOR.kf1.HW58|AN19.KOR.kf3.EW52|AN19.KOR.kf3.EW54|AN19.KOR.kf3.EW55|AN19.KOR.kf3.EW57|AN19.KOR.kf3.HW53|AN19.KOR.kf3.HW57|AN19.KOR.kf3.HW59|AN19.KOR.kf3.HW62|AN19.KOR.kf5.EW58|AN19.KOR.kf5.EW59|AN19.KOR.kf5.EW64|AN19.KOR.kf5.EW65|AN19.KOR.kf5.HW55|AN19.KOR.kf5.HW60|AN19.KOR.kf5.HW61|AN19.KOR.kf5.HW63|AN19.KOR.km1.EW60|AN19.KOR.km1.EW61|AN19.KOR.km1.EW62|AN19.KOR.km1.EW63|AN19.KOR.km1.HW64|AN19.KOR.km1.HW65|AN19.KOR.km1.HW66|AN19.KOR.km1.HW67|AN19.KOR.km3.EW66|AN19.KOR.km3.EW67|AN19.KOR.km3.EW72|AN19.KOR.km3.EW73|AN19.KOR.km3.HW68|AN19.KOR.km3.HW69|AN19.KOR.km3.HW74|AN19.KOR.km3.HW75|AN19.KOR.km8.EW18|AN19.KOR.km8.EW68|AN19.KOR.km8.EW69|AN19.KOR.km8.EW75|AN19.KOR.km8.HW29|AN19.KOR.km8.HW70|AN19.KOR.km8.HW72|AN19.KOR.km8.HW73",3,StratifiedKFold
AN19,AN19.60,AN19.Mixed.test_Korean,"AN19.MIX.if3, AN19.MIX.if4, AN19.MIX.if6, AN19.MIX.im3, AN19.MIX.im4, AN19.MIX.im5||AN19.KOR.kf2.EW50|AN19.KOR.kf2.EW51|AN19.KOR.kf2.EW53|AN19.KOR.kf2.EW56|AN19.KOR.kf2.HW52|AN19.KOR.kf2.HW54|AN19.KOR.kf2.HW56|AN19.KOR.kf2.HW58|AN19.KOR.kf4.EW52|AN19.KOR.kf4.EW54|AN19.KOR.kf4.EW55|AN19.KOR.kf4.EW57|AN19.KOR.kf4.HW53|AN19.KOR.kf4.HW57|AN19.KOR.kf4.HW59|AN19.KOR.kf4.HW62|AN19.KOR.kf6.EW58|AN19.KOR.kf6.EW59|AN19.KOR.kf6.EW64|AN19.KOR.kf6.EW65|AN19.KOR.kf6.HW55|AN19.KOR.kf6.HW60|AN19.KOR.kf6.HW61|AN19.KOR.kf6.HW63|AN19.KOR.km2.EW60|AN19.KOR.km2.EW61|AN19.KOR.km2.EW62|AN19.KOR.km2.EW63|AN19.KOR.km2.HW64|AN19.KOR.km2.HW65|AN19.KOR.km2.HW66|AN19.KOR.km2.HW67|AN19.KOR.km6.EW66|AN19.KOR.km6.EW67|AN19.KOR.km6.EW72|AN19.KOR.km6.EW73|AN19.KOR.km6.HW68|AN19.KOR.km6.HW69|AN19.KOR.km6.HW74|AN19.KOR.km6.HW75|AN19.KOR.km7.EW18|AN19.KOR.km7.EW68|AN19.KOR.km7.EW69|AN19.KOR.km7.EW75|AN19.KOR.km7.HW29|AN19.KOR.km7.HW70|AN19.KOR.km7.HW72|AN19.KOR.km7.HW73",3,StratifiedKFold
AN19,AN19.62,AN19.Mixed.test_Spanish,"AN19.MIX.if1, AN19.MIX.if2, AN19.MIX.if5, AN19.MIX.im1, AN19.MIX.im2, AN19.MIX.im6||AN19.SPA.sf1.EW50|AN19.SPA.sf1.EW51|AN19.SPA.sf1.EW53|AN19.SPA.sf1.EW56|AN19.SPA.sf1.HW52|AN19.SPA.sf1.HW54|AN19.SPA.sf1.HW56|AN19.SPA.sf1.HW58|AN19.SPA.sf3.EW52|AN19.SPA.sf3.EW54|AN19.SPA.sf3.EW55|AN19.SPA.sf3.EW57|AN19.SPA.sf3.HW53|AN19.SPA.sf3.HW57|AN19.SPA.sf3.HW59|AN19.SPA.sf3.HW62|AN19.SPA.sf5.EW58|AN19.SPA.sf5.EW59|AN19.SPA.sf5.EW64|AN19.SPA.sf5.EW65|AN19.SPA.sf5.HW55|AN19.SPA.sf5.HW60|AN19.SPA.sf5.HW61|AN19.SPA.sf5.HW63|AN19.SPA.sm3.EW60|AN19.SPA.sm3.EW61|AN19.SPA.sm3.EW62|AN19.SPA.sm3.EW63|AN19.SPA.sm3.HW64|AN19.SPA.sm3.HW65|AN19.SPA.sm3.HW66|AN19.SPA.sm3.HW67|AN19.SPA.sm5.EW66|AN19.SPA.sm5.EW67|AN19.SPA.sm5.EW72|AN19.SPA.sm5.EW73|AN19.SPA.sm5.HW68|AN19.SPA.sm5.HW69|AN19.SPA.sm5.HW74|AN19.SPA.sm5.HW75|AN19.SPA.sm7.EW18|AN19.SPA.sm7.EW68|AN19.SPA.sm7.EW69|AN19.SPA.sm7.EW75|AN19.SPA.sm7.HW29|AN19.SPA.sm7.HW70|AN19.SPA.sm7.HW72|AN19.SPA.sm7.HW73",2,StratifiedKFold
AN19,AN19.63,AN19.Spanish.test_Spanish,"AN19.SPA.sf1, AN19.SPA.sf3, AN19.SPA.sf5, AN19.SPA.sm3, AN19.SPA.sm5, AN19.SPA.sm7||AN19.SPA.sf2.EW50|AN19.SPA.sf2.EW51|AN19.SPA.sf2.EW53|AN19.SPA.sf2.EW56|AN19.SPA.sf2.HW52|AN19.SPA.sf2.HW54|AN19.SPA.sf2.HW56|AN19.SPA.sf2.HW58|AN19.SPA.sf4.EW52|AN19.SPA.sf4.EW54|AN19.SPA.sf4.EW55|AN19.SPA.sf4.EW57|AN19.SPA.sf4.HW53|AN19.SPA.sf4.HW57|AN19.SPA.sf4.HW59|AN19.SPA.sf4.HW62|AN19.SPA.sf6.EW58|AN19.SPA.sf6.EW59|AN19.SPA.sf6.EW64|AN19.SPA.sf6.EW65|AN19.SPA.sf6.HW55|AN19.SPA.sf6.HW60|AN19.SPA.sf6.HW61|AN19.SPA.sf6.HW63|AN19.SPA.sm2.EW60|AN19.SPA.sm2.EW61|AN19.SPA.sm2.EW62|AN19.SPA.sm2.EW63|AN19.SPA.sm2.HW64|AN19.SPA.sm2.HW65|AN19.SPA.sm2.HW66|AN19.SPA.sm2.HW67|AN19.SPA.sm4.EW66|AN19.SPA.sm4.EW67|AN19.SPA.sm4.EW72|AN19.SPA.sm4.EW73|AN19.SPA.sm4.HW68|AN19.SPA.sm4.HW69|AN19.SPA.sm4.HW74|AN19.SPA.sm4.HW75|AN19.SPA.sm6.EW18|AN19.SPA.sm6.EW68|AN19.SPA.sm6.EW69|AN19.SPA.sm6.EW75|AN19.SPA.sm6.HW29|AN19.SPA.sm6.HW70|AN19.SPA.sm6.HW72|AN19.SPA.sm6.HW73",3,StratifiedKFold
AN19,AN19.64,AN19.Korean.test_Spanish,"AN19.KOR.kf1, AN19.KOR.kf3, AN19.KOR.kf5, AN19.KOR.km1, AN19.KOR.km3, AN19.KOR.km8||AN19.SPA.sf2.EW50|AN19.SPA.sf2.EW51|AN19.SPA.sf2.EW53|AN19.SPA.sf2.EW56|AN19.SPA.sf2.HW52|AN19.SPA.sf2.HW54|AN19.SPA.sf2.HW56|AN19.SPA.sf2.HW58|AN19.SPA.sf4.EW52|AN19.SPA.sf4.EW54|AN19.SPA.sf4.EW55|AN19.SPA.sf4.EW57|AN19.SPA.sf4.HW53|AN19.SPA.sf4.HW57|AN19.SPA.sf4.HW59|AN19.SPA.sf4.HW62|AN19.SPA.sf6.EW58|AN19.SPA.sf6.EW59|AN19.SPA.sf6.EW64|AN19.SPA.sf6.EW65|AN19.SPA.sf6.HW55|AN19.SPA.sf6.HW60|AN19.SPA.sf6.HW61|AN19.SPA.sf6.HW63|AN19.SPA.sm2.EW60|AN19.SPA.sm2.EW61|AN19.SPA.sm2.EW62|AN19.SPA.sm2.EW63|AN19.SPA.sm2.HW64|AN19.SPA.sm2.HW65|AN19.SPA.sm2.HW66|AN19.SPA.sm2.HW67|AN19.SPA.sm4.EW66|AN19.SPA.sm4.EW67|AN19.SPA.sm4.EW72|AN19.SPA.sm4.EW73|AN19.SPA.sm4.HW68|AN19.SPA.sm4.HW69|AN19.SPA.sm4.HW74|AN19.SPA.sm4.HW75|AN19.SPA.sm6.EW18|AN19.SPA.sm6.EW68|AN19.SPA.sm6.EW69|AN19.SPA.sm6.EW75|AN19.SPA.sm6.HW29|AN19.SPA.sm6.HW70|AN19.SPA.sm6.HW72|AN19.SPA.sm6.HW73",2,StratifiedKFold
AN19,AN19.65,AN19.Mixed.test_Spanish,"AN19.MIX.if1, AN19.MIX.if2, AN19.MIX.if5, AN19.MIX.im1, AN19.MIX.im2, AN19.MIX.im6||AN19.SPA.sf2.EW50|AN19.SPA.sf2.EW51|AN19.SPA.sf2.EW53|AN19.SPA.sf2.EW56|AN19.SPA.sf2.HW52|AN19.SPA.sf2.HW54|AN19.SPA.sf2.HW56|AN19.SPA.sf2.HW58|AN19.SPA.sf4.EW52|AN19.SPA.sf4.EW54|AN19.SPA.sf4.EW55|AN19.SPA.sf4.EW57|AN19.SPA.sf4.HW53|AN19.SPA.sf4.HW57|AN19.SPA.sf4.HW59|AN19.SPA.sf4.HW62|AN19.SPA.sf6.EW58|AN19.SPA.sf6.EW59|AN19.SPA.sf6.EW64|AN19.SPA.sf6.EW65|AN19.SPA.sf6.HW55|AN19.SPA.sf6.HW60|AN19.SPA.sf6.HW61|AN19.SPA.sf6.HW63|AN19.SPA.sm2.EW60|AN19.SPA.sm2.EW61|AN19.SPA.sm2.EW62|AN19.SPA.sm2.EW63|AN19.SPA.sm2.HW64|AN19.SPA.sm2.HW65|AN19.SPA.sm2.HW66|AN19.SPA.sm2.HW67|AN19.SPA.sm4.EW66|AN19.SPA.sm4.EW67|AN19.SPA.sm4.EW72|AN19.SPA.sm4.EW73|AN19.SPA.sm4.HW68|AN19.SPA.sm4.HW69|AN19.SPA.sm4.HW74|AN19.SPA.sm4.HW75|AN19.SPA.sm6.EW18|AN19.SPA.sm6.EW68|AN19.SPA.sm6.EW69|AN19.SPA.sm6.EW75|AN19.SPA.sm6.HW29|AN19.SPA.sm6.HW70|AN19.SPA.sm6.HW72|AN19.SPA.sm6.HW73",2,StratifiedKFold
AN19,AN19.67,AN19.Control.test_Spanish,English||AN19.SPA.sf2.EW50|AN19.SPA.sf2.EW51|AN19.SPA.sf2.EW53|AN19.SPA.sf2.EW56|AN19.SPA.sf2.HW52|AN19.SPA.sf2.HW54|AN19.SPA.sf2.HW56|AN19.SPA.sf2.HW58|AN19.SPA.sf4.EW52|AN19.SPA.sf4.EW54|AN19.SPA.sf4.EW55|AN19.SPA.sf4.EW57|AN19.SPA.sf4.HW53|AN19.SPA.sf4.HW57|AN19.SPA.sf4.HW59|AN19.SPA.sf4.HW62|AN19.SPA.sf6.EW58|AN19.SPA.sf6.EW59|AN19.SPA.sf6.EW64|AN19.SPA.sf6.EW65|AN19.SPA.sf6.HW55|AN19.SPA.sf6.HW60|AN19.SPA.sf6.HW61|AN19.SPA.sf6.HW63|AN19.SPA.sm2.EW60|AN19.SPA.sm2.EW61|AN19.SPA.sm2.EW62|AN19.SPA.sm2.EW63|AN19.SPA.sm2.HW64|AN19.SPA.sm2.HW65|AN19.SPA.sm2.HW66|AN19.SPA.sm2.HW67|AN19.SPA.sm4.EW66|AN19.SPA.sm4.EW67|AN19.SPA.sm4.EW72|AN19.SPA.sm4.EW73|AN19.SPA.sm4.HW68|AN19.SPA.sm4.HW69|AN19.SPA.sm4.HW74|AN19.SPA.sm4.HW75|AN19.SPA.sm6.EW18|AN19.SPA.sm6.EW68|AN19.SPA.sm6.EW69|AN19.SPA.sm6.EW75|AN19.SPA.sm6.HW29|AN19.SPA.sm6.HW70|AN19.SPA.sm6.HW72|AN19.SPA.sm6.HW73,1,StratifiedKFold
AN19,AN19.68,AN19.Spanish.test_Spanish,"AN19.SPA.sf2, AN19.SPA.sf4, AN19.SPA.sf6, AN19.SPA.sm2, AN19.SPA.sm4, AN19.SPA.sm6||AN19.SPA.sf1.EW50|AN19.SPA.sf1.EW51|AN19.SPA.sf1.EW53|AN19.SPA.sf1.EW56|AN19.SPA.sf1.HW52|AN19.SPA.sf1.HW54|AN19.SPA.sf1.HW56|AN19.SPA.sf1.HW58|AN19.SPA.sf3.EW52|AN19.SPA.sf3.EW54|AN19.SPA.sf3.EW55|AN19.SPA.sf3.EW57|AN19.SPA.sf3.HW53|AN19.SPA.sf3.HW57|AN19.SPA.sf3.HW59|AN19.SPA.sf3.HW62|AN19.SPA.sf5.EW58|AN19.SPA.sf5.EW59|AN19.SPA.sf5.EW64|AN19.SPA.sf5.EW65|AN19.SPA.sf5.HW55|AN19.SPA.sf5.HW60|AN19.SPA.sf5.HW61|AN19.SPA.sf5.HW63|AN19.SPA.sm3.EW60|AN19.SPA.sm3.EW61|AN19.SPA.sm3.EW62|AN19.SPA.sm3.EW63|AN19.SPA.sm3.HW64|AN19.SPA.sm3.HW65|AN19.SPA.sm3.HW66|AN19.SPA.sm3.HW67|AN19.SPA.sm5.EW66|AN19.SPA.sm5.EW67|AN19.SPA.sm5.EW72|AN19.SPA.sm5.EW73|AN19.SPA.sm5.HW68|AN19.SPA.sm5.HW69|AN19.SPA.sm5.HW74|AN19.SPA.sm5.HW75|AN19.SPA.sm7.EW18|AN19.SPA.sm7.EW68|AN19.SPA.sm7.EW69|AN19.SPA.sm7.EW75|AN19.SPA.sm7.HW29|AN19.SPA.sm7.HW70|AN19.SPA.sm7.HW72|AN19.SPA.sm7.HW73",1,StratifiedKFold
AN19,AN19.69,AN19.Korean.test_Spanish,"AN19.KOR.kf2, AN19.KOR.kf4, AN19.KOR.kf6, AN19.KOR.km2, AN19.KOR.km6, AN19.KOR.km7||AN19.SPA.sf1.EW50|AN19.SPA.sf1.EW51|AN19.SPA.sf1.EW53|AN19.SPA.sf1.EW56|AN19.SPA.sf1.HW52|AN19.SPA.sf1.HW54|AN19.SPA.sf1.HW56|AN19.SPA.sf1.HW58|AN19.SPA.sf3.EW52|AN19.SPA.sf3.EW54|AN19.SPA.sf3.EW55|AN19.SPA.sf3.EW57|AN19.SPA.sf3.HW53|AN19.SPA.sf3.HW57|AN19.SPA.sf3.HW59|AN19.SPA.sf3.HW62|AN19.SPA.sf5.EW58|AN19.SPA.sf5.EW59|AN19.SPA.sf5.EW64|AN19.SPA.sf5.EW65|AN19.SPA.sf5.HW55|AN19.SPA.sf5.HW60|AN19.SPA.sf5.HW61|AN19.SPA.sf5.HW63|AN19.SPA.sm3.EW60|AN19.SPA.sm3.EW61|AN19.SPA.sm3.EW62|AN19.SPA.sm3.EW63|AN19.SPA.sm3.HW64|AN19.SPA.sm3.HW65|AN19.SPA.sm3.HW66|AN19.SPA.sm3.HW67|AN19.SPA.sm5.EW66|AN19.SPA.sm5.EW67|AN19.SPA.sm5.EW72|AN19.SPA.sm5.EW73|AN19.SPA.sm5.HW68|AN19.SPA.sm5.HW69|AN19.SPA.sm5.HW74|AN19.SPA.sm5.HW75|AN19.SPA.sm7.EW18|AN19.SPA.sm7.EW68|AN19.SPA.sm7.EW69|AN19.SPA.sm7.EW75|AN19.SPA.sm7.HW29|AN19.SPA.sm7.HW70|AN19.SPA.sm7.HW72|AN19.SPA.sm7.HW73",1,StratifiedKFold
AN19,AN19.70,AN19.Mixed.test_Spanish,"AN19.MIX.if1, AN19.MIX.if2, AN19.MIX.if5, AN19.MIX.im1, AN19.MIX.im2, AN19.MIX.im6||AN19.SPA.sf1.EW50|AN19.SPA.sf1.EW51|AN19.SPA.sf1.EW53|AN19.SPA.sf1.EW56|AN19.SPA.sf1.HW52|AN19.SPA.sf1.HW54|AN19.SPA.sf1.HW56|AN19.SPA.sf1.HW58|AN19.SPA.sf3.EW52|AN19.SPA.sf3.EW54|AN19.SPA.sf3.EW55|AN19.SPA.sf3.EW57|AN19.SPA.sf3.HW53|AN19.SPA.sf3.HW57|AN19.SPA.sf3.HW59|AN19.SPA.sf3.HW62|AN19.SPA.sf5.EW58|AN19.SPA.sf5.EW59|AN19.SPA.sf5.EW64|AN19.SPA.sf5.EW65|AN19.SPA.sf5.HW55|AN19.SPA.sf5.HW60|AN19.SPA.sf5.HW61|AN19.SPA.sf5.HW63|AN19.SPA.sm3.EW60|AN19.SPA.sm3.EW61|AN19.SPA.sm3.EW62|AN19.SPA.sm3.EW63|AN19.SPA.sm3.HW64|AN19.SPA.sm3.HW65|AN19.SPA.sm3.HW66|AN19.SPA.sm3.HW67|AN19.SPA.sm5.EW66|AN19.SPA.sm5.EW67|AN19.SPA.sm5.EW72|AN19.SPA.sm5.EW73|AN19.SPA.sm5.HW68|AN19.SPA.sm5.HW69|AN19.SPA.sm5.HW74|AN19.SPA.sm5.HW75|AN19.SPA.sm7.EW18|AN19.SPA.sm7.EW68|AN19.SPA.sm7.EW69|AN19.SPA.sm7.EW75|AN19.SPA.sm7.HW29|AN19.SPA.sm7.HW70|AN19.SPA.sm7.HW72|AN19.SPA.sm7.HW73",2,StratifiedKFold
AN19,AN19.71,AN19.Control.test_Spanish,English||AN19.SPA.sf1.EW50|AN19.SPA.sf1.EW51|AN19.SPA.sf1.EW53|AN19.SPA.sf1.EW56|AN19.SPA.sf1.HW52|AN19.SPA.sf1.HW54|AN19.SPA.sf1.HW56|AN19.SPA.sf1.HW58|AN19.SPA.sf3.EW52|AN19.SPA.sf3.EW54|AN19.SPA.sf3.EW55|AN19.SPA.sf3.EW57|AN19.SPA.sf3.HW53|AN19.SPA.sf3.HW57|AN19.SPA.sf3.HW59|AN19.SPA.sf3.HW62|AN19.SPA.sf5.EW58|AN19.SPA.sf5.EW59|AN19.SPA.sf5.EW64|AN19.SPA.sf5.EW65|AN19.SPA.sf5.HW55|AN19.SPA.sf5.HW60|AN19.SPA.sf5.HW61|AN19.SPA.sf5.HW63|AN19.SPA.sm3.EW60|AN19.SPA.sm3.EW61|AN19.SPA.sm3.EW62|AN19.SPA.sm3.EW63|AN19.SPA.sm3.HW64|AN19.SPA.sm3.HW65|AN19.SPA.sm3.HW66|AN19.SPA.sm3.HW67|AN19.SPA.sm5.EW66|AN19.SPA.sm5.EW67|AN19.SPA.sm5.EW72|AN19.SPA.sm5.EW73|AN19.SPA.sm5.HW68|AN19.SPA.sm5.HW69|AN19.SPA.sm5.HW74|AN19.SPA.sm5.HW75|AN19.SPA.sm7.EW18|AN19.SPA.sm7.EW68|AN19.SPA.sm7.EW69|AN19.SPA.sm7.EW75|AN19.SPA.sm7.HW29|AN19.SPA.sm7.HW70|AN19.SPA.sm7.HW72|AN19.SPA.sm7.HW73,2,StratifiedKFold
AN19,AN19.72,AN19.Spanish.test_Spanish,"AN19.SPA.sf1, AN19.SPA.sf3, AN19.SPA.sf5, AN19.SPA.sm3, AN19.SPA.sm5, AN19.SPA.sm7||AN19.SPA.sf2.EW50|AN19.SPA.sf2.EW51|AN19.SPA.sf2.EW53|AN19.SPA.sf2.EW56|AN19.SPA.sf2.HW52|AN19.SPA.sf2.HW54|AN19.SPA.sf2.HW56|AN19.SPA.sf2.HW58|AN19.SPA.sf4.EW52|AN19.SPA.sf4.EW54|AN19.SPA.sf4.EW55|AN19.SPA.sf4.EW57|AN19.SPA.sf4.HW53|AN19.SPA.sf4.HW57|AN19.SPA.sf4.HW59|AN19.SPA.sf4.HW62|AN19.SPA.sf6.EW58|AN19.SPA.sf6.EW59|AN19.SPA.sf6.EW64|AN19.SPA.sf6.EW65|AN19.SPA.sf6.HW55|AN19.SPA.sf6.HW60|AN19.SPA.sf6.HW61|AN19.SPA.sf6.HW63|AN19.SPA.sm2.EW60|AN19.SPA.sm2.EW61|AN19.SPA.sm2.EW62|AN19.SPA.sm2.EW63|AN19.SPA.sm2.HW64|AN19.SPA.sm2.HW65|AN19.SPA.sm2.HW66|AN19.SPA.sm2.HW67|AN19.SPA.sm4.EW66|AN19.SPA.sm4.EW67|AN19.SPA.sm4.EW72|AN19.SPA.sm4.EW73|AN19.SPA.sm4.HW68|AN19.SPA.sm4.HW69|AN19.SPA.sm4.HW74|AN19.SPA.sm4.HW75|AN19.SPA.sm6.EW18|AN19.SPA.sm6.EW68|AN19.SPA.sm6.EW69|AN19.SPA.sm6.EW75|AN19.SPA.sm6.HW29|AN19.SPA.sm6.HW70|AN19.SPA.sm6.HW72|AN19.SPA.sm6.HW73",1,StratifiedKFold
AN19,AN19.73,AN19.Korean.test_Spanish,"AN19.KOR.kf1, AN19.KOR.kf3, AN19.KOR.kf5, AN19.KOR.km1, AN19.KOR.km3, AN19.KOR.km8||AN19.SPA.sf2.EW50|AN19.SPA.sf2.EW51|AN19.SPA.sf2.EW53|AN19.SPA.sf2.EW56|AN19.SPA.sf2.HW52|AN19.SPA.sf2.HW54|AN19.SPA.sf2.HW56|AN19.SPA.sf2.HW58|AN19.SPA.sf4.EW52|AN19.SPA.sf4.EW54|AN19.SPA.sf4.EW55|AN19.SPA.sf4.EW57|AN19.SPA.sf4.HW53|AN19.SPA.sf4.HW57|AN19.SPA.sf4.HW59|AN19.SPA.sf4.HW62|AN19.SPA.sf6.EW58|AN19.SPA.sf6.EW59|AN19.SPA.sf6.EW64|AN19.SPA.sf6.EW65|AN19.SPA.sf6.HW55|AN19.SPA.sf6.HW60|AN19.SPA.sf6.HW61|AN19.SPA.sf6.HW63|AN19.SPA.sm2.EW60|AN19.SPA.sm2.EW61|AN19.SPA.sm2.EW62|AN19.SPA.sm2.EW63|AN19.SPA.sm2.HW64|AN19.SPA.sm2.HW65|AN19.SPA.sm2.HW66|AN19.SPA.sm2.HW67|AN19.SPA.sm4.EW66|AN19.SPA.sm4.EW67|AN19.SPA.sm4.EW72|AN19.SPA.sm4.EW73|AN19.SPA.sm4.HW68|AN19.SPA.sm4.HW69|AN19.SPA.sm4.HW74|AN19.SPA.sm4.HW75|AN19.SPA.sm6.EW18|AN19.SPA.sm6.EW68|AN19.SPA.sm6.EW69|AN19.SPA.sm6.EW75|AN19.SPA.sm6.HW29|AN19.SPA.sm6.HW70|AN19.SPA.sm6.HW72|AN19.SPA.sm6.HW73",3,StratifiedKFold
AN19,AN19.74,AN19.Mixed.test_Spanish,"AN19.MIX.if1, AN19.MIX.if2, AN19.MIX.if5, AN19.MIX.im1, AN19.MIX.im2, AN19.MIX.im6||AN19.SPA.sf2.EW50|AN19.SPA.sf2.EW51|AN19.SPA.sf2.EW53|AN19.SPA.sf2.EW56|AN19.SPA.sf2.HW52|AN19.SPA.sf2.HW54|AN19.SPA.sf2.HW56|AN19.SPA.sf2.HW58|AN19.SPA.sf4.EW52|AN19.SPA.sf4.EW54|AN19.SPA.sf4.EW55|AN19.SPA.sf4.EW57|AN19.SPA.sf4.HW53|AN19.SPA.sf4.HW57|AN19.SPA.sf4.HW59|AN19.SPA.sf4.HW62|AN19.SPA.sf6.EW58|AN19.SPA.sf6.EW59|AN19.SPA.sf6.EW64|AN19.SPA.sf6.EW65|AN19.SPA.sf6.HW55|AN19.SPA.sf6.HW60|AN19.SPA.sf6.HW61|AN19.SPA.sf6.HW63|AN19.SPA.sm2.EW60|AN19.SPA.sm2.EW61|AN19.SPA.sm2.EW62|AN19.SPA.sm2.EW63|AN19.SPA.sm2.HW64|AN19.SPA.sm2.HW65|AN19.SPA.sm2.HW66|AN19.SPA.sm2.HW67|AN19.SPA.sm4.EW66|AN19.SPA.sm4.EW67|AN19.SPA.sm4.EW72|AN19.SPA.sm4.EW73|AN19.SPA.sm4.HW68|AN19.SPA.sm4.HW69|AN19.SPA.sm4.HW74|AN19.SPA.sm4.HW75|AN19.SPA.sm6.EW18|AN19.SPA.sm6.EW68|AN19.SPA.sm6.EW69|AN19.SPA.sm6.EW75|AN19.SPA.sm6.HW29|AN19.SPA.sm6.HW70|AN19.SPA.sm6.HW72|AN19.SPA.sm6.HW73",1,StratifiedKFold
AN19,AN19.75,AN19.Control.test_Spanish,English||AN19.SPA.sf2.EW50|AN19.SPA.sf2.EW51|AN19.SPA.sf2.EW53|AN19.SPA.sf2.EW56|AN19.SPA.sf2.HW52|AN19.SPA.sf2.HW54|AN19.SPA.sf2.HW56|AN19.SPA.sf2.HW58|AN19.SPA.sf4.EW52|AN19.SPA.sf4.EW54|AN19.SPA.sf4.EW55|AN19.SPA.sf4.EW57|AN19.SPA.sf4.HW53|AN19.SPA.sf4.HW57|AN19.SPA.sf4.HW59|AN19.SPA.sf4.HW62|AN19.SPA.sf6.EW58|AN19.SPA.sf6.EW59|AN19.SPA.sf6.EW64|AN19.SPA.sf6.EW65|AN19.SPA.sf6.HW55|AN19.SPA.sf6.HW60|AN19.SPA.sf6.HW61|AN19.SPA.sf6.HW63|AN19.SPA.sm2.EW60|AN19.SPA.sm2.EW61|AN19.SPA.sm2.EW62|AN19.SPA.sm2.EW63|AN19.SPA.sm2.HW64|AN19.SPA.sm2.HW65|AN19.SPA.sm2.HW66|AN19.SPA.sm2.HW67|AN19.SPA.sm4.EW66|AN19.SPA.sm4.EW67|AN19.SPA.sm4.EW72|AN19.SPA.sm4.EW73|AN19.SPA.sm4.HW68|AN19.SPA.sm4.HW69|AN19.SPA.sm4.HW74|AN19.SPA.sm4.HW75|AN19.SPA.sm6.EW18|AN19.SPA.sm6.EW68|AN19.SPA.sm6.EW69|AN19.SPA.sm6.EW75|AN19.SPA.sm6.HW29|AN19.SPA.sm6.HW70|AN19.SPA.sm6.HW72|AN19.SPA.sm6.HW73,2,StratifiedKFold
AN19,AN19.76,AN19.Spanish.test_Spanish,"AN19.SPA.sf2, AN19.SPA.sf4, AN19.SPA.sf6, AN19.SPA.sm2, AN19.SPA.sm4, AN19.SPA.sm6||AN19.SPA.sf1.EW50|AN19.SPA.sf1.EW51|AN19.SPA.sf1.EW53|AN19.SPA.sf1.EW56|AN19.SPA.sf1.HW52|AN19.SPA.sf1.HW54|AN19.SPA.sf1.HW56|AN19.SPA.sf1.HW58|AN19.SPA.sf3.EW52|AN19.SPA.sf3.EW54|AN19.SPA.sf3.EW55|AN19.SPA.sf3.EW57|AN19.SPA.sf3.HW53|AN19.SPA.sf3.HW57|AN19.SPA.sf3.HW59|AN19.SPA.sf3.HW62|AN19.SPA.sf5.EW58|AN19.SPA.sf5.EW59|AN19.SPA.sf5.EW64|AN19.SPA.sf5.EW65|AN19.SPA.sf5.HW55|AN19.SPA.sf5.HW60|AN19.SPA.sf5.HW61|AN19.SPA.sf5.HW63|AN19.SPA.sm3.EW60|AN19.SPA.sm3.EW61|AN19.SPA.sm3.EW62|AN19.SPA.sm3.EW63|AN19.SPA.sm3.HW64|AN19.SPA.sm3.HW65|AN19.SPA.sm3.HW66|AN19.SPA.sm3.HW67|AN19.SPA.sm5.EW66|AN19.SPA.sm5.EW67|AN19.SPA.sm5.EW72|AN19.SPA.sm5.EW73|AN19.SPA.sm5.HW68|AN19.SPA.sm5.HW69|AN19.SPA.sm5.HW74|AN19.SPA.sm5.HW75|AN19.SPA.sm7.EW18|AN19.SPA.sm7.EW68|AN19.SPA.sm7.EW69|AN19.SPA.sm7.EW75|AN19.SPA.sm7.HW29|AN19.SPA.sm7.HW70|AN19.SPA.sm7.HW72|AN19.SPA.sm7.HW73",2,StratifiedKFold
AN19,AN19.77,AN19.Korean.test_Spanish,"AN19.KOR.kf2, AN19.KOR.kf4, AN19.KOR.kf6, AN19.KOR.km2, AN19.KOR.km6, AN19.KOR.km7||AN19.SPA.sf1.EW50|AN19.SPA.sf1.EW51|AN19.SPA.sf1.EW53|AN19.SPA.sf1.EW56|AN19.SPA.sf1.HW52|AN19.SPA.sf1.HW54|AN19.SPA.sf1.HW56|AN19.SPA.sf1.HW58|AN19.SPA.sf3.EW52|AN19.SPA.sf3.EW54|AN19.SPA.sf3.EW55|AN19.SPA.sf3.EW57|AN19.SPA.sf3.HW53|AN19.SPA.sf3.HW57|AN19.SPA.sf3.HW59|AN19.SPA.sf3.HW62|AN19.SPA.sf5.EW58|AN19.SPA.sf5.EW59|AN19.SPA.sf5.EW64|AN19.SPA.sf5.EW65|AN19.SPA.sf5.HW55|AN19.SPA.sf5.HW60|AN19.SPA.sf5.HW61|AN19.SPA.sf5.HW63|AN19.SPA.sm3.EW60|AN19.SPA.sm3.EW61|AN19.SPA.sm3.EW62|AN19.SPA.sm3.EW63|AN19.SPA.sm3.HW64|AN19.SPA.sm3.HW65|AN19.SPA.sm3.HW66|AN19.SPA.sm3.HW67|AN19.SPA.sm5.EW66|AN19.SPA.sm5.EW67|AN19.SPA.sm5.EW72|AN19.SPA.sm5.EW73|AN19.SPA.sm5.HW68|AN19.SPA.sm5.HW69|AN19.SPA.sm5.HW74|AN19.SPA.sm5.HW75|AN19.SPA.sm7.EW18|AN19.SPA.sm7.EW68|AN19.SPA.sm7.EW69|AN19.SPA.sm7.EW75|AN19.SPA.sm7.HW29|AN19.SPA.sm7.HW70|AN19.SPA.sm7.HW72|AN19.SPA.sm7.HW73",3,StratifiedKFold
AN19,AN19.78,AN19.Mixed.test_Spanish,"AN19.MIX.if1, AN19.MIX.if2, AN19.MIX.if5, AN19.MIX.im1, AN19.MIX.im2, AN19.MIX.im6||AN19.SPA.sf1.EW50|AN19.SPA.sf1.EW51|AN19.SPA.sf1.EW53|AN19.SPA.sf1.EW56|AN19.SPA.sf1.HW52|AN19.SPA.sf1.HW54|AN19.SPA.sf1.HW56|AN19.SPA.sf1.HW58|AN19.SPA.sf3.EW52|AN19.SPA.sf3.EW54|AN19.SPA.sf3.EW55|AN19.SPA.sf3.EW57|AN19.SPA.sf3.HW53|AN19.SPA.sf3.HW57|AN19.SPA.sf3.HW59|AN19.SPA.sf3.HW62|AN19.SPA.sf5.EW58|AN19.SPA.sf5.EW59|AN19.SPA.sf5.EW64|AN19.SPA.sf5.EW65|AN19.SPA.sf5.HW55|AN19.SPA.sf5.HW60|AN19.SPA.sf5.HW61|AN19.SPA.sf5.HW63|AN19.SPA.sm3.EW60|AN19.SPA.sm3.EW61|AN19.SPA.sm3.EW62|AN19.SPA.sm3.EW63|AN19.SPA.sm3.HW64|AN19.SPA.sm3.HW65|AN19.SPA.sm3.HW66|AN19.SPA.sm3.HW67|AN19.SPA.sm5.EW66|AN19.SPA.sm5.EW67|AN19.SPA.sm5.EW72|AN19.SPA.sm5.EW73|AN19.SPA.sm5.HW68|AN19.SPA.sm5.HW69|AN19.SPA.sm5.HW74|AN19.SPA.sm5.HW75|AN19.SPA.sm7.EW18|AN19.SPA.sm7.EW68|AN19.SPA.sm7.EW69|AN19.SPA.sm7.EW75|AN19.SPA.sm7.HW29|AN19.SPA.sm7.HW70|AN19.SPA.sm7.HW72|AN19.SPA.sm7.HW73",1,StratifiedKFold
AN19,AN19.79,AN19.Control.test_Spanish,English||AN19.SPA.sf1.EW50|AN19.SPA.sf1.EW51|AN19.SPA.sf1.EW53|AN19.SPA.sf1.EW56|AN19.SPA.sf1.HW52|AN19.SPA.sf1.HW54|AN19.SPA.sf1.HW56|AN19.SPA.sf1.HW58|AN19.SPA.sf3.EW52|AN19.SPA.sf3.EW54|AN19.SPA.sf3.EW55|AN19.SPA.sf3.EW57|AN19.SPA.sf3.HW53|AN19.SPA.sf3.HW57|AN19.SPA.sf3.HW59|AN19.SPA.sf3.HW62|AN19.SPA.sf5.EW58|AN19.SPA.sf5.EW59|AN19.SPA.sf5.EW64|AN19.SPA.sf5.EW65|AN19.SPA.sf5.HW55|AN19.SPA.sf5.HW60|AN19.SPA.sf5.HW61|AN19.SPA.sf5.HW63|AN19.SPA.sm3.EW60|AN19.SPA.sm3.EW61|AN19.SPA.sm3.EW62|AN19.SPA.sm3.EW63|AN19.SPA.sm3.HW64|AN19.SPA.sm3.HW65|AN19.SPA.sm3.HW66|AN19.SPA.sm3.HW67|AN19.SPA.sm5.EW66|AN19.SPA.sm5.EW67|AN19.SPA.sm5.EW72|AN19.SPA.sm5.EW73|AN19.SPA.sm5.HW68|AN19.SPA.sm5.HW69|AN19.SPA.sm5.HW74|AN19.SPA.sm5.HW75|AN19.SPA.sm7.EW18|AN19.SPA.sm7.EW68|AN19.SPA.sm7.EW69|AN19.SPA.sm7.EW75|AN19.SPA.sm7.HW29|AN19.SPA.sm7.HW70|AN19.SPA.sm7.HW72|AN19.SPA.sm7.HW73,3,StratifiedKFold
AN19,AN19.80,AN19.Spanish.test_Spanish,"AN19.SPA.sf1, AN19.SPA.sf3, AN19.SPA.sf5, AN19.SPA.sm3, AN19.SPA.sm5, AN19.SPA.sm7||AN19.SPA.sf2.EW50|AN19.SPA.sf2.EW51|AN19.SPA.sf2.EW53|AN19.SPA.sf2.EW56|AN19.SPA.sf2.HW52|AN19.SPA.sf2.HW54|AN19.SPA.sf2.HW56|AN19.SPA.sf2.HW58|AN19.SPA.sf4.EW52|AN19.SPA.sf4.EW54|AN19.SPA.sf4.EW55|AN19.SPA.sf4.EW57|AN19.SPA.sf4.HW53|AN19.SPA.sf4.HW57|AN19.SPA.sf4.HW59|AN19.SPA.sf4.HW62|AN19.SPA.sf6.EW58|AN19.SPA.sf6.EW59|AN19.SPA.sf6.EW64|AN19.SPA.sf6.EW65|AN19.SPA.sf6.HW55|AN19.SPA.sf6.HW60|AN19.SPA.sf6.HW61|AN19.SPA.sf6.HW63|AN19.SPA.sm2.EW60|AN19.SPA.sm2.EW61|AN19.SPA.sm2.EW62|AN19.SPA.sm2.EW63|AN19.SPA.sm2.HW64|AN19.SPA.sm2.HW65|AN19.SPA.sm2.HW66|AN19.SPA.sm2.HW67|AN19.SPA.sm4.EW66|AN19.SPA.sm4.EW67|AN19.SPA.sm4.EW72|AN19.SPA.sm4.EW73|AN19.SPA.sm4.HW68|AN19.SPA.sm4.HW69|AN19.SPA.sm4.HW74|AN19.SPA.sm4.HW75|AN19.SPA.sm6.EW18|AN19.SPA.sm6.EW68|AN19.SPA.sm6.EW69|AN19.SPA.sm6.EW75|AN19.SPA.sm6.HW29|AN19.SPA.sm6.HW70|AN19.SPA.sm6.HW72|AN19.SPA.sm6.HW73",2,StratifiedKFold
AN19,AN19.81,AN19.Korean.test_Spanish,"AN19.KOR.kf1, AN19.KOR.kf3, AN19.KOR.kf5, AN19.KOR.km1, AN19.KOR.km3, AN19.KOR.km8||AN19.SPA.sf2.EW50|AN19.SPA.sf2.EW51|AN19.SPA.sf2.EW53|AN19.SPA.sf2.EW56|AN19.SPA.sf2.HW52|AN19.SPA.sf2.HW54|AN19.SPA.sf2.HW56|AN19.SPA.sf2.HW58|AN19.SPA.sf4.EW52|AN19.SPA.sf4.EW54|AN19.SPA.sf4.EW55|AN19.SPA.sf4.EW57|AN19.SPA.sf4.HW53|AN19.SPA.sf4.HW57|AN19.SPA.sf4.HW59|AN19.SPA.sf4.HW62|AN19.SPA.sf6.EW58|AN19.SPA.sf6.EW59|AN19.SPA.sf6.EW64|AN19.SPA.sf6.EW65|AN19.SPA.sf6.HW55|AN19.SPA.sf6.HW60|AN19.SPA.sf6.HW61|AN19.SPA.sf6.HW63|AN19.SPA.sm2.EW60|AN19.SPA.sm2.EW61|AN19.SPA.sm2.EW62|AN19.SPA.sm2.EW63|AN19.SPA.sm2.HW64|AN19.SPA.sm2.HW65|AN19.SPA.sm2.HW66|AN19.SPA.sm2.HW67|AN19.SPA.sm4.EW66|AN19.SPA.sm4.EW67|AN19.SPA.sm4.EW72|AN19.SPA.sm4.EW73|AN19.SPA.sm4.HW68|AN19.SPA.sm4.HW69|AN19.SPA.sm4.HW74|AN19.SPA.sm4.HW75|AN19.SPA.sm6.EW18|AN19.SPA.sm6.EW68|AN19.SPA.sm6.EW69|AN19.SPA.sm6.EW75|AN19.SPA.sm6.HW29|AN19.SPA.sm6.HW70|AN19.SPA.sm6.HW72|AN19.SPA.sm6.HW73",1,StratifiedKFold
AN19,AN19.82,AN19.Mixed.test_Spanish,"AN19.MIX.if1, AN19.MIX.if2, AN19.MIX.if5, AN19.MIX.im1, AN19.MIX.im2, AN19.MIX.im6||AN19.SPA.sf2.EW50|AN19.SPA.sf2.EW51|AN19.SPA.sf2.EW53|AN19.SPA.sf2.EW56|AN19.SPA.sf2.HW52|AN19.SPA.sf2.HW54|AN19.SPA.sf2.HW56|AN19.SPA.sf2.HW58|AN19.SPA.sf4.EW52|AN19.SPA.sf4.EW54|AN19.SPA.sf4.EW55|AN19.SPA.sf4.EW57|AN19.SPA.sf4.HW53|AN19.SPA.sf4.HW57|AN19.SPA.sf4.HW59|AN19.SPA.sf4.HW62|AN19.SPA.sf6.EW58|AN19.SPA.sf6.EW59|AN19.SPA.sf6.EW64|AN19.SPA.sf6.EW65|AN19.SPA.sf6.HW55|AN19.SPA.sf6.HW60|AN19.SPA.sf6.HW61|AN19.SPA.sf6.HW63|AN19.SPA.sm2.EW60|AN19.SPA.sm2.EW61|AN19.SPA.sm2.EW62|AN19.SPA.sm2.EW63|AN19.SPA.sm2.HW64|AN19.SPA.sm2.HW65|AN19.SPA.sm2.HW66|AN19.SPA.sm2.HW67|AN19.SPA.sm4.EW66|AN19.SPA.sm4.EW67|AN19.SPA.sm4.EW72|AN19.SPA.sm4.EW73|AN19.SPA.sm4.HW68|AN19.SPA.sm4.HW69|AN19.SPA.sm4.HW74|AN19.SPA.sm4.HW75|AN19.SPA.sm6.EW18|AN19.SPA.sm6.EW68|AN19.SPA.sm6.EW69|AN19.SPA.sm6.EW75|AN19.SPA.sm6.HW29|AN19.SPA.sm6.HW70|AN19.SPA.sm6.HW72|AN19.SPA.sm6.HW73",3,StratifiedKFold
AN19,AN19.83,AN19.Spanish.test_Spanish,"AN19.SPA.sf2, AN19.SPA.sf4, AN19.SPA.sf6, AN19.SPA.sm2, AN19.SPA.sm4, AN19.SPA.sm6||AN19.SPA.sf1.EW50|AN19.SPA.sf1.EW51|AN19.SPA.sf1.EW53|AN19.SPA.sf1.EW56|AN19.SPA.sf1.HW52|AN19.SPA.sf1.HW54|AN19.SPA.sf1.HW56|AN19.SPA.sf1.HW58|AN19.SPA.sf3.EW52|AN19.SPA.sf3.EW54|AN19.SPA.sf3.EW55|AN19.SPA.sf3.EW57|AN19.SPA.sf3.HW53|AN19.SPA.sf3.HW57|AN19.SPA.sf3.HW59|AN19.SPA.sf3.HW62|AN19.SPA.sf5.EW58|AN19.SPA.sf5.EW59|AN19.SPA.sf5.EW64|AN19.SPA.sf5.EW65|AN19.SPA.sf5.HW55|AN19.SPA.sf5.HW60|AN19.SPA.sf5.HW61|AN19.SPA.sf5.HW63|AN19.SPA.sm3.EW60|AN19.SPA.sm3.EW61|AN19.SPA.sm3.EW62|AN19.SPA.sm3.EW63|AN19.SPA.sm3.HW64|AN19.SPA.sm3.HW65|AN19.SPA.sm3.HW66|AN19.SPA.sm3.HW67|AN19.SPA.sm5.EW66|AN19.SPA.sm5.EW67|AN19.SPA.sm5.EW72|AN19.SPA.sm5.EW73|AN19.SPA.sm5.HW68|AN19.SPA.sm5.HW69|AN19.SPA.sm5.HW74|AN19.SPA.sm5.HW75|AN19.SPA.sm7.EW18|AN19.SPA.sm7.EW68|AN19.SPA.sm7.EW69|AN19.SPA.sm7.EW75|AN19.SPA.sm7.HW29|AN19.SPA.sm7.HW70|AN19.SPA.sm7.HW72|AN19.SPA.sm7.HW73",3,StratifiedKFold
AN19,AN19.84,AN19.Control.test_Spanish,English||AN19.SPA.sf2.EW50|AN19.SPA.sf2.EW51|AN19.SPA.sf2.EW53|AN19.SPA.sf2.EW56|AN19.SPA.sf2.HW52|AN19.SPA.sf2.HW54|AN19.SPA.sf2.HW56|AN19.SPA.sf2.HW58|AN19.SPA.sf4.EW52|AN19.SPA.sf4.EW54|AN19.SPA.sf4.EW55|AN19.SPA.sf4.EW57|AN19.SPA.sf4.HW53|AN19.SPA.sf4.HW57|AN19.SPA.sf4.HW59|AN19.SPA.sf4.HW62|AN19.SPA.sf6.EW58|AN19.SPA.sf6.EW59|AN19.SPA.sf6.EW64|AN19.SPA.sf6.EW65|AN19.SPA.sf6.HW55|AN19.SPA.sf6.HW60|AN19.SPA.sf6.HW61|AN19.SPA.sf6.HW63|AN19.SPA.sm2.EW60|AN19.SPA.sm2.EW61|AN19.SPA.sm2.EW62|AN19.SPA.sm2.EW63|AN19.SPA.sm2.HW64|AN19.SPA.sm2.HW65|AN19.SPA.sm2.HW66|AN19.SPA.sm2.HW67|AN19.SPA.sm4.EW66|AN19.SPA.sm4.EW67|AN19.SPA.sm4.EW72|AN19.SPA.sm4.EW73|AN19.SPA.sm4.HW68|AN19.SPA.sm4.HW69|AN19.SPA.sm4.HW74|AN19.SPA.sm4.HW75|AN19.SPA.sm6.EW18|AN19.SPA.sm6.EW68|AN19.SPA.sm6.EW69|AN19.SPA.sm6.EW75|AN19.SPA.sm6.HW29|AN19.SPA.sm6.HW70|AN19.SPA.sm6.HW72|AN19.SPA.sm6.HW73,2,StratifiedKFold
AN19,AN19.85,AN19.Korean.test_Spanish,"AN19.KOR.kf2, AN19.KOR.kf4, AN19.KOR.kf6, AN19.KOR.km2, AN19.KOR.km6, AN19.KOR.km7||AN19.SPA.sf1.EW50|AN19.SPA.sf1.EW51|AN19.SPA.sf1.EW53|AN19.SPA.sf1.EW56|AN19.SPA.sf1.HW52|AN19.SPA.sf1.HW54|AN19.SPA.sf1.HW56|AN19.SPA.sf1.HW58|AN19.SPA.sf3.EW52|AN19.SPA.sf3.EW54|AN19.SPA.sf3.EW55|AN19.SPA.sf3.EW57|AN19.SPA.sf3.HW53|AN19.SPA.sf3.HW57|AN19.SPA.sf3.HW59|AN19.SPA.sf3.HW62|AN19.SPA.sf5.EW58|AN19.SPA.sf5.EW59|AN19.SPA.sf5.EW64|AN19.SPA.sf5.EW65|AN19.SPA.sf5.HW55|AN19.SPA.sf5.HW60|AN19.SPA.sf5.HW61|AN19.SPA.sf5.HW63|AN19.SPA.sm3.EW60|AN19.SPA.sm3.EW61|AN19.SPA.sm3.EW62|AN19.SPA.sm3.EW63|AN19.SPA.sm3.HW64|AN19.SPA.sm3.HW65|AN19.SPA.sm3.HW66|AN19.SPA.sm3.HW67|AN19.SPA.sm5.EW66|AN19.SPA.sm5.EW67|AN19.SPA.sm5.EW72|AN19.SPA.sm5.EW73|AN19.SPA.sm5.HW68|AN19.SPA.sm5.HW69|AN19.SPA.sm5.HW74|AN19.SPA.sm5.HW75|AN19.SPA.sm7.EW18|AN19.SPA.sm7.EW68|AN19.SPA.sm7.EW69|AN19.SPA.sm7.EW75|AN19.SPA.sm7.HW29|AN19.SPA.sm7.HW70|AN19.SPA.sm7.HW72|AN19.SPA.sm7.HW73",1,StratifiedKFold
AN19,AN19.86,AN19.Mixed.test_Spanish,"AN19.MIX.if3, AN19.MIX.if4, AN19.MIX.if6, AN19.MIX.im3, AN19.MIX.im4, AN19.MIX.im5||AN19.SPA.sf1.EW50|AN19.SPA.sf1.EW51|AN19.SPA.sf1.EW53|AN19.SPA.sf1.EW56|AN19.SPA.sf1.HW52|AN19.SPA.sf1.HW54|AN19.SPA.sf1.HW56|AN19.SPA.sf1.HW58|AN19.SPA.sf3.EW52|AN19.SPA.sf3.EW54|AN19.SPA.sf3.EW55|AN19.SPA.sf3.EW57|AN19.SPA.sf3.HW53|AN19.SPA.sf3.HW57|AN19.SPA.sf3.HW59|AN19.SPA.sf3.HW62|AN19.SPA.sf5.EW58|AN19.SPA.sf5.EW59|AN19.SPA.sf5.EW64|AN19.SPA.sf5.EW65|AN19.SPA.sf5.HW55|AN19.SPA.sf5.HW60|AN19.SPA.sf5.HW61|AN19.SPA.sf5.HW63|AN19.SPA.sm3.EW60|AN19.SPA.sm3.EW61|AN19.SPA.sm3.EW62|AN19.SPA.sm3.EW63|AN19.SPA.sm3.HW64|AN19.SPA.sm3.HW65|AN19.SPA.sm3.HW66|AN19.SPA.sm3.HW67|AN19.SPA.sm5.EW66|AN19.SPA.sm5.EW67|AN19.SPA.sm5.EW72|AN19.SPA.sm5.EW73|AN19.SPA.sm5.HW68|AN19.SPA.sm5.HW69|AN19.SPA.sm5.HW74|AN19.SPA.sm5.HW75|AN19.SPA.sm7.EW18|AN19.SPA.sm7.EW68|AN19.SPA.sm7.EW69|AN19.SPA.sm7.EW75|AN19.SPA.sm7.HW29|AN19.SPA.sm7.HW70|AN19.SPA.sm7.HW72|AN19.SPA.sm7.HW73",2,StratifiedKFold
AN19,AN19.89,AN19.Korean.test_Spanish,"AN19.KOR.kf2, AN19.KOR.kf4, AN19.KOR.kf6, AN19.KOR.km2, AN19.KOR.km6, AN19.KOR.km7||AN19.SPA.sf2.EW50|AN19.SPA.sf2.EW51|AN19.SPA.sf2.EW53|AN19.SPA.sf2.EW56|AN19.SPA.sf2.HW52|AN19.SPA.sf2.HW54|AN19.SPA.sf2.HW56|AN19.SPA.sf2.HW58|AN19.SPA.sf4.EW52|AN19.SPA.sf4.EW54|AN19.SPA.sf4.EW55|AN19.SPA.sf4.EW57|AN19.SPA.sf4.HW53|AN19.SPA.sf4.HW57|AN19.SPA.sf4.HW59|AN19.SPA.sf4.HW62|AN19.SPA.sf6.EW58|AN19.SPA.sf6.EW59|AN19.SPA.sf6.EW64|AN19.SPA.sf6.EW65|AN19.SPA.sf6.HW55|AN19.SPA.sf6.HW60|AN19.SPA.sf6.HW61|AN19.SPA.sf6.HW63|AN19.SPA.sm2.EW60|AN19.SPA.sm2.EW61|AN19.SPA.sm2.EW62|AN19.SPA.sm2.EW63|AN19.SPA.sm2.HW64|AN19.SPA.sm2.HW65|AN19.SPA.sm2.HW66|AN19.SPA.sm2.HW67|AN19.SPA.sm4.EW66|AN19.SPA.sm4.EW67|AN19.SPA.sm4.EW72|AN19.SPA.sm4.EW73|AN19.SPA.sm4.HW68|AN19.SPA.sm4.HW69|AN19.SPA.sm4.HW74|AN19.SPA.sm4.HW75|AN19.SPA.sm6.EW18|AN19.SPA.sm6.EW68|AN19.SPA.sm6.EW69|AN19.SPA.sm6.EW75|AN19.SPA.sm6.HW29|AN19.SPA.sm6.HW70|AN19.SPA.sm6.HW72|AN19.SPA.sm6.HW73",3,StratifiedKFold
AN19,AN19.90,AN19.Mixed.test_Spanish,"AN19.MIX.if3, AN19.MIX.if4, AN19.MIX.if6, AN19.MIX.im3, AN19.MIX.im4, AN19.MIX.im5||AN19.SPA.sf2.EW50|AN19.SPA.sf2.EW51|AN19.SPA.sf2.EW53|AN19.SPA.sf2.EW56|AN19.SPA.sf2.HW52|AN19.SPA.sf2.HW54|AN19.SPA.sf2.HW56|AN19.SPA.sf2.HW58|AN19.SPA.sf4.EW52|AN19.SPA.sf4.EW54|AN19.SPA.sf4.EW55|AN19.SPA.sf4.EW57|AN19.SPA.sf4.HW53|AN19.SPA.sf4.HW57|AN19.SPA.sf4.HW59|AN19.SPA.sf4.HW62|AN19.SPA.sf6.EW58|AN19.SPA.sf6.EW59|AN19.SPA.sf6.EW64|AN19.SPA.sf6.EW65|AN19.SPA.sf6.HW55|AN19.SPA.sf6.HW60|AN19.SPA.sf6.HW61|AN19.SPA.sf6.HW63|AN19.SPA.sm2.EW60|AN19.SPA.sm2.EW61|AN19.SPA.sm2.EW62|AN19.SPA.sm2.EW63|AN19.SPA.sm2.HW64|AN19.SPA.sm2.HW65|AN19.SPA.sm2.HW66|AN19.SPA.sm2.HW67|AN19.SPA.sm4.EW66|AN19.SPA.sm4.EW67|AN19.SPA.sm4.EW72|AN19.SPA.sm4.EW73|AN19.SPA.sm4.HW68|AN19.SPA.sm4.HW69|AN19.SPA.sm4.HW74|AN19.SPA.sm4.HW75|AN19.SPA.sm6.EW18|AN19.SPA.sm6.EW68|AN19.SPA.sm6.EW69|AN19.SPA.sm6.EW75|AN19.SPA.sm6.HW29|AN19.SPA.sm6.HW70|AN19.SPA.sm6.HW72|AN19.SPA.sm6.HW73",1,StratifiedKFold
AN19,AN19.91,AN19.Control.test_Spanish,English||AN19.SPA.sf2.EW50|AN19.SPA.sf2.EW51|AN19.SPA.sf2.EW53|AN19.SPA.sf2.EW56|AN19.SPA.sf2.HW52|AN19.SPA.sf2.HW54|AN19.SPA.sf2.HW56|AN19.SPA.sf2.HW58|AN19.SPA.sf4.EW52|AN19.SPA.sf4.EW54|AN19.SPA.sf4.EW55|AN19.SPA.sf4.EW57|AN19.SPA.sf4.HW53|AN19.SPA.sf4.HW57|AN19.SPA.sf4.HW59|AN19.SPA.sf4.HW62|AN19.SPA.sf6.EW58|AN19.SPA.sf6.EW59|AN19.SPA.sf6.EW64|AN19.SPA.sf6.EW65|AN19.SPA.sf6.HW55|AN19.SPA.sf6.HW60|AN19.SPA.sf6.HW61|AN19.SPA.sf6.HW63|AN19.SPA.sm2.EW60|AN19.SPA.sm2.EW61|AN19.SPA.sm2.EW62|AN19.SPA.sm2.EW63|AN19.SPA.sm2.HW64|AN19.SPA.sm2.HW65|AN19.SPA.sm2.HW66|AN19.SPA.sm2.HW67|AN19.SPA.sm4.EW66|AN19.SPA.sm4.EW67|AN19.SPA.sm4.EW72|AN19.SPA.sm4.EW73|AN19.SPA.sm4.HW68|AN19.SPA.sm4.HW69|AN19.SPA.sm4.HW74|AN19.SPA.sm4.HW75|AN19.SPA.sm6.EW18|AN19.SPA.sm6.EW68|AN19.SPA.sm6.EW69|AN19.SPA.sm6.EW75|AN19.SPA.sm6.HW29|AN19.SPA.sm6.HW70|AN19.SPA.sm6.HW72|AN19.SPA.sm6.HW73,1,StratifiedKFold
AN19,AN19.92,AN19.Spanish.test_Spanish,"AN19.SPA.sf2, AN19.SPA.sf4, AN19.SPA.sf6, AN19.SPA.sm2, AN19.SPA.sm4, AN19.SPA.sm6||AN19.SPA.sf1.EW50|AN19.SPA.sf1.EW51|AN19.SPA.sf1.EW53|AN19.SPA.sf1.EW56|AN19.SPA.sf1.HW52|AN19.SPA.sf1.HW54|AN19.SPA.sf1.HW56|AN19.SPA.sf1.HW58|AN19.SPA.sf3.EW52|AN19.SPA.sf3.EW54|AN19.SPA.sf3.EW55|AN19.SPA.sf3.EW57|AN19.SPA.sf3.HW53|AN19.SPA.sf3.HW57|AN19.SPA.sf3.HW59|AN19.SPA.sf3.HW62|AN19.SPA.sf5.EW58|AN19.SPA.sf5.EW59|AN19.SPA.sf5.EW64|AN19.SPA.sf5.EW65|AN19.SPA.sf5.HW55|AN19.SPA.sf5.HW60|AN19.SPA.sf5.HW61|AN19.SPA.sf5.HW63|AN19.SPA.sm3.EW60|AN19.SPA.sm3.EW61|AN19.SPA.sm3.EW62|AN19.SPA.sm3.EW63|AN19.SPA.sm3.HW64|AN19.SPA.sm3.HW65|AN19.SPA.sm3.HW66|AN19.SPA.sm3.HW67|AN19.SPA.sm5.EW66|AN19.SPA.sm5.EW67|AN19.SPA.sm5.EW72|AN19.SPA.sm5.EW73|AN19.SPA.sm5.HW68|AN19.SPA.sm5.HW69|AN19.SPA.sm5.HW74|AN19.SPA.sm5.HW75|AN19.SPA.sm7.EW18|AN19.SPA.sm7.EW68|AN19.SPA.sm7.EW69|AN19.SPA.sm7.EW75|AN19.SPA.sm7.HW29|AN19.SPA.sm7.HW70|AN19.SPA.sm7.HW72|AN19.SPA.sm7.HW73",3,StratifiedKFold
AN19,AN19.93,AN19.Korean.test_Spanish,"AN19.KOR.kf2, AN19.KOR.kf4, AN19.KOR.kf6, AN19.KOR.km2, AN19.KOR.km6, AN19.KOR.km7||AN19.SPA.sf1.EW50|AN19.SPA.sf1.EW51|AN19.SPA.sf1.EW53|AN19.SPA.sf1.EW56|AN19.SPA.sf1.HW52|AN19.SPA.sf1.HW54|AN19.SPA.sf1.HW56|AN19.SPA.sf1.HW58|AN19.SPA.sf3.EW52|AN19.SPA.sf3.EW54|AN19.SPA.sf3.EW55|AN19.SPA.sf3.EW57|AN19.SPA.sf3.HW53|AN19.SPA.sf3.HW57|AN19.SPA.sf3.HW59|AN19.SPA.sf3.HW62|AN19.SPA.sf5.EW58|AN19.SPA.sf5.EW59|AN19.SPA.sf5.EW64|AN19.SPA.sf5.EW65|AN19.SPA.sf5.HW55|AN19.SPA.sf5.HW60|AN19.SPA.sf5.HW61|AN19.SPA.sf5.HW63|AN19.SPA.sm3.EW60|AN19.SPA.sm3.EW61|AN19.SPA.sm3.EW62|AN19.SPA.sm3.EW63|AN19.SPA.sm3.HW64|AN19.SPA.sm3.HW65|AN19.SPA.sm3.HW66|AN19.SPA.sm3.HW67|AN19.SPA.sm5.EW66|AN19.SPA.sm5.EW67|AN19.SPA.sm5.EW72|AN19.SPA.sm5.EW73|AN19.SPA.sm5.HW68|AN19.SPA.sm5.HW69|AN19.SPA.sm5.HW74|AN19.SPA.sm5.HW75|AN19.SPA.sm7.EW18|AN19.SPA.sm7.EW68|AN19.SPA.sm7.EW69|AN19.SPA.sm7.EW75|AN19.SPA.sm7.HW29|AN19.SPA.sm7.HW70|AN19.SPA.sm7.HW72|AN19.SPA.sm7.HW73",2,StratifiedKFold
AN19,AN19.94,AN19.Mixed.test_Spanish,"AN19.MIX.if3, AN19.MIX.if4, AN19.MIX.if6, AN19.MIX.im3, AN19.MIX.im4, AN19.MIX.im5||AN19.SPA.sf1.EW50|AN19.SPA.sf1.EW51|AN19.SPA.sf1.EW53|AN19.SPA.sf1.EW56|AN19.SPA.sf1.HW52|AN19.SPA.sf1.HW54|AN19.SPA.sf1.HW56|AN19.SPA.sf1.HW58|AN19.SPA.sf3.EW52|AN19.SPA.sf3.EW54|AN19.SPA.sf3.EW55|AN19.SPA.sf3.EW57|AN19.SPA.sf3.HW53|AN19.SPA.sf3.HW57|AN19.SPA.sf3.HW59|AN19.SPA.sf3.HW62|AN19.SPA.sf5.EW58|AN19.SPA.sf5.EW59|AN19.SPA.sf5.EW64|AN19.SPA.sf5.EW65|AN19.SPA.sf5.HW55|AN19.SPA.sf5.HW60|AN19.SPA.sf5.HW61|AN19.SPA.sf5.HW63|AN19.SPA.sm3.EW60|AN19.SPA.sm3.EW61|AN19.SPA.sm3.EW62|AN19.SPA.sm3.EW63|AN19.SPA.sm3.HW64|AN19.SPA.sm3.HW65|AN19.SPA.sm3.HW66|AN19.SPA.sm3.HW67|AN19.SPA.sm5.EW66|AN19.SPA.sm5.EW67|AN19.SPA.sm5.EW72|AN19.SPA.sm5.EW73|AN19.SPA.sm5.HW68|AN19.SPA.sm5.HW69|AN19.SPA.sm5.HW74|AN19.SPA.sm5.HW75|AN19.SPA.sm7.EW18|AN19.SPA.sm7.EW68|AN19.SPA.sm7.EW69|AN19.SPA.sm7.EW75|AN19.SPA.sm7.HW29|AN19.SPA.sm7.HW70|AN19.SPA.sm7.HW72|AN19.SPA.sm7.HW73",3,StratifiedKFold
AN19,AN19.95,AN19.Control.test_Spanish,English||AN19.SPA.sf1.EW50|AN19.SPA.sf1.EW51|AN19.SPA.sf1.EW53|AN19.SPA.sf1.EW56|AN19.SPA.sf1.HW52|AN19.SPA.sf1.HW54|AN19.SPA.sf1.HW56|AN19.SPA.sf1.HW58|AN19.SPA.sf3.EW52|AN19.SPA.sf3.EW54|AN19.SPA.sf3.EW55|AN19.SPA.sf3.EW57|AN19.SPA.sf3.HW53|AN19.SPA.sf3.HW57|AN19.SPA.sf3.HW59|AN19.SPA.sf3.HW62|AN19.SPA.sf5.EW58|AN19.SPA.sf5.EW59|AN19.SPA.sf5.EW64|AN19.SPA.sf5.EW65|AN19.SPA.sf5.HW55|AN19.SPA.sf5.HW60|AN19.SPA.sf5.HW61|AN19.SPA.sf5.HW63|AN19.SPA.sm3.EW60|AN19.SPA.sm3.EW61|AN19.SPA.sm3.EW62|AN19.SPA.sm3.EW63|AN19.SPA.sm3.HW64|AN19.SPA.sm3.HW65|AN19.SPA.sm3.HW66|AN19.SPA.sm3.HW67|AN19.SPA.sm5.EW66|AN19.SPA.sm5.EW67|AN19.SPA.sm5.EW72|AN19.SPA.sm5.EW73|AN19.SPA.sm5.HW68|AN19.SPA.sm5.HW69|AN19.SPA.sm5.HW74|AN19.SPA.sm5.HW75|AN19.SPA.sm7.EW18|AN19.SPA.sm7.EW68|AN19.SPA.sm7.EW69|AN19.SPA.sm7.EW75|AN19.SPA.sm7.HW29|AN19.SPA.sm7.HW70|AN19.SPA.sm7.HW72|AN19.SPA.sm7.HW73,1,StratifiedKFold
AN19,AN19.96,AN19.Spanish.test_Spanish,"AN19.SPA.sf1, AN19.SPA.sf3, AN19.SPA.sf5, AN19.SPA.sm3, AN19.SPA.sm5, AN19.SPA.sm7||AN19.SPA.sf2.EW50|AN19.SPA.sf2.EW51|AN19.SPA.sf2.EW53|AN19.SPA.sf2.EW56|AN19.SPA.sf2.HW52|AN19.SPA.sf2.HW54|AN19.SPA.sf2.HW56|AN19.SPA.sf2.HW58|AN19.SPA.sf4.EW52|AN19.SPA.sf4.EW54|AN19.SPA.sf4.EW55|AN19.SPA.sf4.EW57|AN19.SPA.sf4.HW53|AN19.SPA.sf4.HW57|AN19.SPA.sf4.HW59|AN19.SPA.sf4.HW62|AN19.SPA.sf6.EW58|AN19.SPA.sf6.EW59|AN19.SPA.sf6.EW64|AN19.SPA.sf6.EW65|AN19.SPA.sf6.HW55|AN19.SPA.sf6.HW60|AN19.SPA.sf6.HW61|AN19.SPA.sf6.HW63|AN19.SPA.sm2.EW60|AN19.SPA.sm2.EW61|AN19.SPA.sm2.EW62|AN19.SPA.sm2.EW63|AN19.SPA.sm2.HW64|AN19.SPA.sm2.HW65|AN19.SPA.sm2.HW66|AN19.SPA.sm2.HW67|AN19.SPA.sm4.EW66|AN19.SPA.sm4.EW67|AN19.SPA.sm4.EW72|AN19.SPA.sm4.EW73|AN19.SPA.sm4.HW68|AN19.SPA.sm4.HW69|AN19.SPA.sm4.HW74|AN19.SPA.sm4.HW75|AN19.SPA.sm6.EW18|AN19.SPA.sm6.EW68|AN19.SPA.sm6.EW69|AN19.SPA.sm6.EW75|AN19.SPA.sm6.HW29|AN19.SPA.sm6.HW70|AN19.SPA.sm6.HW72|AN19.SPA.sm6.HW73",3,StratifiedKFold
AN19,AN19.97,AN19.Korean.test_Spanish,"AN19.KOR.kf2, AN19.KOR.kf4, AN19.KOR.kf6, AN19.KOR.km2, AN19.KOR.km6, AN19.KOR.km7||AN19.SPA.sf2.EW50|AN19.SPA.sf2.EW51|AN19.SPA.sf2.EW53|AN19.SPA.sf2.EW56|AN19.SPA.sf2.HW52|AN19.SPA.sf2.HW54|AN19.SPA.sf2.HW56|AN19.SPA.sf2.HW58|AN19.SPA.sf4.EW52|AN19.SPA.sf4.EW54|AN19.SPA.sf4.EW55|AN19.SPA.sf4.EW57|AN19.SPA.sf4.HW53|AN19.SPA.sf4.HW57|AN19.SPA.sf4.HW59|AN19.SPA.sf4.HW62|AN19.SPA.sf6.EW58|AN19.SPA.sf6.EW59|AN19.SPA.sf6.EW64|AN19.SPA.sf6.EW65|AN19.SPA.sf6.HW55|AN19.SPA.sf6.HW60|AN19.SPA.sf6.HW61|AN19.SPA.sf6.HW63|AN19.SPA.sm2.EW60|AN19.SPA.sm2.EW61|AN19.SPA.sm2.EW62|AN19.SPA.sm2.EW63|AN19.SPA.sm2.HW64|AN19.SPA.sm2.HW65|AN19.SPA.sm2.HW66|AN19.SPA.sm2.HW67|AN19.SPA.sm4.EW66|AN19.SPA.sm4.EW67|AN19.SPA.sm4.EW72|AN19.SPA.sm4.EW73|AN19.SPA.sm4.HW68|AN19.SPA.sm4.HW69|AN19.SPA.sm4.HW74|AN19.SPA.sm4.HW75|AN19.SPA.sm6.EW18|AN19.SPA.sm6.EW68|AN19.SPA.sm6.EW69|AN19.SPA.sm6.EW75|AN19.SPA.sm6.HW29|AN19.SPA.sm6.HW70|AN19.SPA.sm6.HW72|AN19.SPA.sm6.HW73",1,StratifiedKFold
AN19,AN19.99,AN19.Control.test_Spanish,English||AN19.SPA.sf2.EW50|AN19.SPA.sf2.EW51|AN19.SPA.sf2.EW53|AN19.SPA.sf2.EW56|AN19.SPA.sf2.HW52|AN19.SPA.sf2.HW54|AN19.SPA.sf2.HW56|AN19.SPA.sf2.HW58|AN19.SPA.sf4.EW52|AN19.SPA.sf4.EW54|AN19.SPA.sf4.EW55|AN19.SPA.sf4.EW57|AN19.SPA.sf4.HW53|AN19.SPA.sf4.HW57|AN19.SPA.sf4.HW59|AN19.SPA.sf4.HW62|AN19.SPA.sf6.EW58|AN19.SPA.sf6.EW59|AN19.SPA.sf6.EW64|AN19.SPA.sf6.EW65|AN19.SPA.sf6.HW55|AN19.SPA.sf6.HW60|AN19.SPA.sf6.HW61|AN19.SPA.sf6.HW63|AN19.SPA.sm2.EW60|AN19.SPA.sm2.EW61|AN19.SPA.sm2.EW62|AN19.SPA.sm2.EW63|AN19.SPA.sm2.HW64|AN19.SPA.sm2.HW65|AN19.SPA.sm2.HW66|AN19.SPA.sm2.HW67|AN19.SPA.sm4.EW66|AN19.SPA.sm4.EW67|AN19.SPA.sm4.EW72|AN19.SPA.sm4.EW73|AN19.SPA.sm4.HW68|AN19.SPA.sm4.HW69|AN19.SPA.sm4.HW74|AN19.SPA.sm4.HW75|AN19.SPA.sm6.EW18|AN19.SPA.sm6.EW68|AN19.SPA.sm6.EW69|AN19.SPA.sm6.EW75|AN19.SPA.sm6.HW29|AN19.SPA.sm6.HW70|AN19.SPA.sm6.HW72|AN19.SPA.sm6.HW73,1,StratifiedKFold
AN19,AN19.100,AN19.Spanish.test_Spanish,"AN19.SPA.sf2, AN19.SPA.sf4, AN19.SPA.sf6, AN19.SPA.sm2, AN19.SPA.sm4, AN19.SPA.sm6||AN19.SPA.sf1.EW50|AN19.SPA.sf1.EW51|AN19.SPA.sf1.EW53|AN19.SPA.sf1.EW56|AN19.SPA.sf1.HW52|AN19.SPA.sf1.HW54|AN19.SPA.sf1.HW56|AN19.SPA.sf1.HW58|AN19.SPA.sf3.EW52|AN19.SPA.sf3.EW54|AN19.SPA.sf3.EW55|AN19.SPA.sf3.EW57|AN19.SPA.sf3.HW53|AN19.SPA.sf3.HW57|AN19.SPA.sf3.HW59|AN19.SPA.sf3.HW62|AN19.SPA.sf5.EW58|AN19.SPA.sf5.EW59|AN19.SPA.sf5.EW64|AN19.SPA.sf5.EW65|AN19.SPA.sf5.HW55|AN19.SPA.sf5.HW60|AN19.SPA.sf5.HW61|AN19.SPA.sf5.HW63|AN19.SPA.sm3.EW60|AN19.SPA.sm3.EW61|AN19.SPA.sm3.EW62|AN19.SPA.sm3.EW63|AN19.SPA.sm3.HW64|AN19.SPA.sm3.HW65|AN19.SPA.sm3.HW66|AN19.SPA.sm3.HW67|AN19.SPA.sm5.EW66|AN19.SPA.sm5.EW67|AN19.SPA.sm5.EW72|AN19.SPA.sm5.EW73|AN19.SPA.sm5.HW68|AN19.SPA.sm5.HW69|AN19.SPA.sm5.HW74|AN19.SPA.sm5.HW75|AN19.SPA.sm7.EW18|AN19.SPA.sm7.EW68|AN19.SPA.sm7.EW69|AN19.SPA.sm7.EW75|AN19.SPA.sm7.HW29|AN19.SPA.sm7.HW70|AN19.SPA.sm7.HW72|AN19.SPA.sm7.HW73",3,StratifiedKFold
AN19,AN19.102,AN19.Spanish.test_Spanish,"AN19.SPA.sf1, AN19.SPA.sf3, AN19.SPA.sf5, AN19.SPA.sm3, AN19.SPA.sm5, AN19.SPA.sm7||AN19.SPA.sf2.EW50|AN19.SPA.sf2.EW51|AN19.SPA.sf2.EW53|AN19.SPA.sf2.EW56|AN19.SPA.sf2.HW52|AN19.SPA.sf2.HW54|AN19.SPA.sf2.HW56|AN19.SPA.sf2.HW58|AN19.SPA.sf4.EW52|AN19.SPA.sf4.EW54|AN19.SPA.sf4.EW55|AN19.SPA.sf4.EW57|AN19.SPA.sf4.HW53|AN19.SPA.sf4.HW57|AN19.SPA.sf4.HW59|AN19.SPA.sf4.HW62|AN19.SPA.sf6.EW58|AN19.SPA.sf6.EW59|AN19.SPA.sf6.EW64|AN19.SPA.sf6.EW65|AN19.SPA.sf6.HW55|AN19.SPA.sf6.HW60|AN19.SPA.sf6.HW61|AN19.SPA.sf6.HW63|AN19.SPA.sm2.EW60|AN19.SPA.sm2.EW61|AN19.SPA.sm2.EW62|AN19.SPA.sm2.EW63|AN19.SPA.sm2.HW64|AN19.SPA.sm2.HW65|AN19.SPA.sm2.HW66|AN19.SPA.sm2.HW67|AN19.SPA.sm4.EW66|AN19.SPA.sm4.EW67|AN19.SPA.sm4.EW72|AN19.SPA.sm4.EW73|AN19.SPA.sm4.HW68|AN19.SPA.sm4.HW69|AN19.SPA.sm4.HW74|AN19.SPA.sm4.HW75|AN19.SPA.sm6.EW18|AN19.SPA.sm6.EW68|AN19.SPA.sm6.EW69|AN19.SPA.sm6.EW75|AN19.SPA.sm6.HW29|AN19.SPA.sm6.HW70|AN19.SPA.sm6.HW72|AN19.SPA.sm6.HW73",2,StratifiedKFold
AN19,AN19.103,AN19.Mixed.test_Spanish,"AN19.MIX.if3, AN19.MIX.if4, AN19.MIX.if6, AN19.MIX.im3, AN19.MIX.im4, AN19.MIX.im5||AN19.SPA.sf1.EW50|AN19.SPA.sf1.EW51|AN19.SPA.sf1.EW53|AN19.SPA.sf1.EW56|AN19.SPA.sf1.HW52|AN19.SPA.sf1.HW54|AN19.SPA.sf1.HW56|AN19.SPA.sf1.HW58|AN19.SPA.sf3.EW52|AN19.SPA.sf3.EW54|AN19.SPA.sf3.EW55|AN19.SPA.sf3.EW57|AN19.SPA.sf3.HW53|AN19.SPA.sf3.HW57|AN19.SPA.sf3.HW59|AN19.SPA.sf3.HW62|AN19.SPA.sf5.EW58|AN19.SPA.sf5.EW59|AN19.SPA.sf5.EW64|AN19.SPA.sf5.EW65|AN19.SPA.sf5.HW55|AN19.SPA.sf5.HW60|AN19.SPA.sf5.HW61|AN19.SPA.sf5.HW63|AN19.SPA.sm3.EW60|AN19.SPA.sm3.EW61|AN19.SPA.sm3.EW62|AN19.SPA.sm3.EW63|AN19.SPA.sm3.HW64|AN19.SPA.sm3.HW65|AN19.SPA.sm3.HW66|AN19.SPA.sm3.HW67|AN19.SPA.sm5.EW66|AN19.SPA.sm5.EW67|AN19.SPA.sm5.EW72|AN19.SPA.sm5.EW73|AN19.SPA.sm5.HW68|AN19.SPA.sm5.HW69|AN19.SPA.sm5.HW74|AN19.SPA.sm5.HW75|AN19.SPA.sm7.EW18|AN19.SPA.sm7.EW68|AN19.SPA.sm7.EW69|AN19.SPA.sm7.EW75|AN19.SPA.sm7.HW29|AN19.SPA.sm7.HW70|AN19.SPA.sm7.HW72|AN19.SPA.sm7.HW73",1,StratifiedKFold
AN19,AN19.104,AN19.Control.test_Spanish,English||AN19.SPA.sf1.EW50|AN19.SPA.sf1.EW51|AN19.SPA.sf1.EW53|AN19.SPA.sf1.EW56|AN19.SPA.sf1.HW52|AN19.SPA.sf1.HW54|AN19.SPA.sf1.HW56|AN19.SPA.sf1.HW58|AN19.SPA.sf3.EW52|AN19.SPA.sf3.EW54|AN19.SPA.sf3.EW55|AN19.SPA.sf3.EW57|AN19.SPA.sf3.HW53|AN19.SPA.sf3.HW57|AN19.SPA.sf3.HW59|AN19.SPA.sf3.HW62|AN19.SPA.sf5.EW58|AN19.SPA.sf5.EW59|AN19.SPA.sf5.EW64|AN19.SPA.sf5.EW65|AN19.SPA.sf5.HW55|AN19.SPA.sf5.HW60|AN19.SPA.sf5.HW61|AN19.SPA.sf5.HW63|AN19.SPA.sm3.EW60|AN19.SPA.sm3.EW61|AN19.SPA.sm3.EW62|AN19.SPA.sm3.EW63|AN19.SPA.sm3.HW64|AN19.SPA.sm3.HW65|AN19.SPA.sm3.HW66|AN19.SPA.sm3.HW67|AN19.SPA.sm5.EW66|AN19.SPA.sm5.EW67|AN19.SPA.sm5.EW72|AN19.SPA.sm5.EW73|AN19.SPA.sm5.HW68|AN19.SPA.sm5.HW69|AN19.SPA.sm5.HW74|AN19.SPA.sm5.HW75|AN19.SPA.sm7.EW18|AN19.SPA.sm7.EW68|AN19.SPA.sm7.EW69|AN19.SPA.sm7.EW75|AN19.SPA.sm7.HW29|AN19.SPA.sm7.HW70|AN19.SPA.sm7.HW72|AN19.SPA.sm7.HW73,2,StratifiedKFold
AN19,AN19.105,AN19.Spanish.test_Spanish,"AN19.SPA.sf1, AN19.SPA.sf3, AN19.SPA.sf5, AN19.SPA.sm3, AN19.SPA.sm5, AN19.SPA.sm7||AN19.SPA.sf2.EW50|AN19.SPA.sf2.EW51|AN19.SPA.sf2.EW53|AN19.SPA.sf2.EW56|AN19.SPA.sf2.HW52|AN19.SPA.sf2.HW54|AN19.SPA.sf2.HW56|AN19.SPA.sf2.HW58|AN19.SPA.sf4.EW52|AN19.SPA.sf4.EW54|AN19.SPA.sf4.EW55|AN19.SPA.sf4.EW57|AN19.SPA.sf4.HW53|AN19.SPA.sf4.HW57|AN19.SPA.sf4.HW59|AN19.SPA.sf4.HW62|AN19.SPA.sf6.EW58|AN19.SPA.sf6.EW59|AN19.SPA.sf6.EW64|AN19.SPA.sf6.EW65|AN19.SPA.sf6.HW55|AN19.SPA.sf6.HW60|AN19.SPA.sf6.HW61|AN19.SPA.sf6.HW63|AN19.SPA.sm2.EW60|AN19.SPA.sm2.EW61|AN19.SPA.sm2.EW62|AN19.SPA.sm2.EW63|AN19.SPA.sm2.HW64|AN19.SPA.sm2.HW65|AN19.SPA.sm2.HW66|AN19.SPA.sm2.HW67|AN19.SPA.sm4.EW66|AN19.SPA.sm4.EW67|AN19.SPA.sm4.EW72|AN19.SPA.sm4.EW73|AN19.SPA.sm4.HW68|AN19.SPA.sm4.HW69|AN19.SPA.sm4.HW74|AN19.SPA.sm4.HW75|AN19.SPA.sm6.EW18|AN19.SPA.sm6.EW68|AN19.SPA.sm6.EW69|AN19.SPA.sm6.EW75|AN19.SPA.sm6.HW29|AN19.SPA.sm6.HW70|AN19.SPA.sm6.HW72|AN19.SPA.sm6.HW73",1,StratifiedKFold
AN19,AN19.106,AN19.Korean.test_Spanish,"AN19.KOR.kf2, AN19.KOR.kf4, AN19.KOR.kf6, AN19.KOR.km2, AN19.KOR.km6, AN19.KOR.km7||AN19.SPA.sf2.EW50|AN19.SPA.sf2.EW51|AN19.SPA.sf2.EW53|AN19.SPA.sf2.EW56|AN19.SPA.sf2.HW52|AN19.SPA.sf2.HW54|AN19.SPA.sf2.HW56|AN19.SPA.sf2.HW58|AN19.SPA.sf4.EW52|AN19.SPA.sf4.EW54|AN19.SPA.sf4.EW55|AN19.SPA.sf4.EW57|AN19.SPA.sf4.HW53|AN19.SPA.sf4.HW57|AN19.SPA.sf4.HW59|AN19.SPA.sf4.HW62|AN19.SPA.sf6.EW58|AN19.SPA.sf6.EW59|AN19.SPA.sf6.EW64|AN19.SPA.sf6.EW65|AN19.SPA.sf6.HW55|AN19.SPA.sf6.HW60|AN19.SPA.sf6.HW61|AN19.SPA.sf6.HW63|AN19.SPA.sm2.EW60|AN19.SPA.sm2.EW61|AN19.SPA.sm2.EW62|AN19.SPA.sm2.EW63|AN19.SPA.sm2.HW64|AN19.SPA.sm2.HW65|AN19.SPA.sm2.HW66|AN19.SPA.sm2.HW67|AN19.SPA.sm4.EW66|AN19.SPA.sm4.EW67|AN19.SPA.sm4.EW72|AN19.SPA.sm4.EW73|AN19.SPA.sm4.HW68|AN19.SPA.sm4.HW69|AN19.SPA.sm4.HW74|AN19.SPA.sm4.HW75|AN19.SPA.sm6.EW18|AN19.SPA.sm6.EW68|AN19.SPA.sm6.EW69|AN19.SPA.sm6.EW75|AN19.SPA.sm6.HW29|AN19.SPA.sm6.HW70|AN19.SPA.sm6.HW72|AN19.SPA.sm6.HW73",2,StratifiedKFold
AN19,AN19.107,AN19.Mixed.test_Spanish,"AN19.MIX.if3, AN19.MIX.if4, AN19.MIX.if6, AN19.MIX.im3, AN19.MIX.im4, AN19.MIX.im5||AN19.SPA.sf2.EW50|AN19.SPA.sf2.EW51|AN19.SPA.sf2.EW53|AN19.SPA.sf2.EW56|AN19.SPA.sf2.HW52|AN19.SPA.sf2.HW54|AN19.SPA.sf2.HW56|AN19.SPA.sf2.HW58|AN19.SPA.sf4.EW52|AN19.SPA.sf4.EW54|AN19.SPA.sf4.EW55|AN19.SPA.sf4.EW57|AN19.SPA.sf4.HW53|AN19.SPA.sf4.HW57|AN19.SPA.sf4.HW59|AN19.SPA.sf4.HW62|AN19.SPA.sf6.EW58|AN19.SPA.sf6.EW59|AN19.SPA.sf6.EW64|AN19.SPA.sf6.EW65|AN19.SPA.sf6.HW55|AN19.SPA.sf6.HW60|AN19.SPA.sf6.HW61|AN19.SPA.sf6.HW63|AN19.SPA.sm2.EW60|AN19.SPA.sm2.EW61|AN19.SPA.sm2.EW62|AN19.SPA.sm2.EW63|AN19.SPA.sm2.HW64|AN19.SPA.sm2.HW65|AN19.SPA.sm2.HW66|AN19.SPA.sm2.HW67|AN19.SPA.sm4.EW66|AN19.SPA.sm4.EW67|AN19.SPA.sm4.EW72|AN19.SPA.sm4.EW73|AN19.SPA.sm4.HW68|AN19.SPA.sm4.HW69|AN19.SPA.sm4.HW74|AN19.SPA.sm4.HW75|AN19.SPA.sm6.EW18|AN19.SPA.sm6.EW68|AN19.SPA.sm6.EW69|AN19.SPA.sm6.EW75|AN19.SPA.sm6.HW29|AN19.SPA.sm6.HW70|AN19.SPA.sm6.HW72|AN19.SPA.sm6.HW73",3,StratifiedKFold
AN19,AN19.109,AN19.Korean.test_Korean,"AN19.KOR.kf2, AN19.KOR.kf4, AN19.KOR.kf6, AN19.KOR.km2, AN19.KOR.km6, AN19.KOR.km7||AN19.KOR.kf1.EW50|AN19.KOR.kf1.EW51|AN19.KOR.kf1.EW53|AN19.KOR.kf1.EW56|AN19.KOR.kf1.HW52|AN19.KOR.kf1.HW54|AN19.KOR.kf1.HW56|AN19.KOR.kf1.HW58|AN19.KOR.kf3.EW52|AN19.KOR.kf3.EW54|AN19.KOR.kf3.EW55|AN19.KOR.kf3.EW57|AN19.KOR.kf3.HW53|AN19.KOR.kf3.HW57|AN19.KOR.kf3.HW59|AN19.KOR.kf3.HW62|AN19.KOR.kf5.EW58|AN19.KOR.kf5.EW59|AN19.KOR.kf5.EW64|AN19.KOR.kf5.EW65|AN19.KOR.kf5.HW55|AN19.KOR.kf5.HW60|AN19.KOR.kf5.HW61|AN19.KOR.kf5.HW63|AN19.KOR.km1.EW60|AN19.KOR.km1.EW61|AN19.KOR.km1.EW62|AN19.KOR.km1.EW63|AN19.KOR.km1.HW64|AN19.KOR.km1.HW65|AN19.KOR.km1.HW66|AN19.KOR.km1.HW67|AN19.KOR.km3.EW66|AN19.KOR.km3.EW67|AN19.KOR.km3.EW72|AN19.KOR.km3.EW73|AN19.KOR.km3.HW68|AN19.KOR.km3.HW69|AN19.KOR.km3.HW74|AN19.KOR.km3.HW75|AN19.KOR.km8.EW18|AN19.KOR.km8.EW68|AN19.KOR.km8.EW69|AN19.KOR.km8.EW75|AN19.KOR.km8.HW29|AN19.KOR.km8.HW70|AN19.KOR.km8.HW72|AN19.KOR.km8.HW73",3,StratifiedKFold
AN19,AN19.110,AN19.Spanish.test_Korean,"AN19.SPA.sf1, AN19.SPA.sf3, AN19.SPA.sf5, AN19.SPA.sm3, AN19.SPA.sm5, AN19.SPA.sm7||AN19.KOR.kf1.EW50|AN19.KOR.kf1.EW51|AN19.KOR.kf1.EW53|AN19.KOR.kf1.EW56|AN19.KOR.kf1.HW52|AN19.KOR.kf1.HW54|AN19.KOR.kf1.HW56|AN19.KOR.kf1.HW58|AN19.KOR.kf3.EW52|AN19.KOR.kf3.EW54|AN19.KOR.kf3.EW55|AN19.KOR.kf3.EW57|AN19.KOR.kf3.HW53|AN19.KOR.kf3.HW57|AN19.KOR.kf3.HW59|AN19.KOR.kf3.HW62|AN19.KOR.kf5.EW58|AN19.KOR.kf5.EW59|AN19.KOR.kf5.EW64|AN19.KOR.kf5.EW65|AN19.KOR.kf5.HW55|AN19.KOR.kf5.HW60|AN19.KOR.kf5.HW61|AN19.KOR.kf5.HW63|AN19.KOR.km1.EW60|AN19.KOR.km1.EW61|AN19.KOR.km1.EW62|AN19.KOR.km1.EW63|AN19.KOR.km1.HW64|AN19.KOR.km1.HW65|AN19.KOR.km1.HW66|AN19.KOR.km1.HW67|AN19.KOR.km3.EW66|AN19.KOR.km3.EW67|AN19.KOR.km3.EW72|AN19.KOR.km3.EW73|AN19.KOR.km3.HW68|AN19.KOR.km3.HW69|AN19.KOR.km3.HW74|AN19.KOR.km3.HW75|AN19.KOR.km8.EW18|AN19.KOR.km8.EW68|AN19.KOR.km8.EW69|AN19.KOR.km8.EW75|AN19.KOR.km8.HW29|AN19.KOR.km8.HW70|AN19.KOR.km8.HW72|AN19.KOR.km8.HW73",3,StratifiedKFold
AN19,AN19.111,AN19.Control.test_Korean,English||AN19.KOR.kf1.EW50|AN19.KOR.kf1.EW51|AN19.KOR.kf1.EW53|AN19.KOR.kf1.EW56|AN19.KOR.kf1.HW52|AN19.KOR.kf1.HW54|AN19.KOR.kf1.HW56|AN19.KOR.kf1.HW58|AN19.KOR.kf3.EW52|AN19.KOR.kf3.EW54|AN19.KOR.kf3.EW55|AN19.KOR.kf3.EW57|AN19.KOR.kf3.HW53|AN19.KOR.kf3.HW57|AN19.KOR.kf3.HW59|AN19.KOR.kf3.HW62|AN19.KOR.kf5.EW58|AN19.KOR.kf5.EW59|AN19.KOR.kf5.EW64|AN19.KOR.kf5.EW65|AN19.KOR.kf5.HW55|AN19.KOR.kf5.HW60|AN19.KOR.kf5.HW61|AN19.KOR.kf5.HW63|AN19.KOR.km1.EW60|AN19.KOR.km1.EW61|AN19.KOR.km1.EW62|AN19.KOR.km1.EW63|AN19.KOR.km1.HW64|AN19.KOR.km1.HW65|AN19.KOR.km1.HW66|AN19.KOR.km1.HW67|AN19.KOR.km3.EW66|AN19.KOR.km3.EW67|AN19.KOR.km3.EW72|AN19.KOR.km3.EW73|AN19.KOR.km3.HW68|AN19.KOR.km3.HW69|AN19.KOR.km3.HW74|AN19.KOR.km3.HW75|AN19.KOR.km8.EW18|AN19.KOR.km8.EW68|AN19.KOR.km8.EW69|AN19.KOR.km8.EW75|AN19.KOR.km8.HW29|AN19.KOR.km8.HW70|AN19.KOR.km8.HW72|AN19.KOR.km8.HW73,2,StratifiedKFold
AN19,AN19.112,AN19.Control.test_Korean,English||AN19.KOR.kf1.EW50|AN19.KOR.kf1.EW51|AN19.KOR.kf1.EW53|AN19.KOR.kf1.EW56|AN19.KOR.kf1.HW52|AN19.KOR.kf1.HW54|AN19.KOR.kf1.HW56|AN19.KOR.kf1.HW58|AN19.KOR.kf3.EW52|AN19.KOR.kf3.EW54|AN19.KOR.kf3.EW55|AN19.KOR.kf3.EW57|AN19.KOR.kf3.HW53|AN19.KOR.kf3.HW57|AN19.KOR.kf3.HW59|AN19.KOR.kf3.HW62|AN19.KOR.kf5.EW58|AN19.KOR.kf5.EW59|AN19.KOR.kf5.EW64|AN19.KOR.kf5.EW65|AN19.KOR.kf5.HW55|AN19.KOR.kf5.HW60|AN19.KOR.kf5.HW61|AN19.KOR.kf5.HW63|AN19.KOR.km1.EW60|AN19.KOR.km1.EW61|AN19.KOR.km1.EW62|AN19.KOR.km1.EW63|AN19.KOR.km1.HW64|AN19.KOR.km1.HW65|AN19.KOR.km1.HW66|AN19.KOR.km1.HW67|AN19.KOR.km3.EW66|AN19.KOR.km3.EW67|AN19.KOR.km3.EW72|AN19.KOR.km3.EW73|AN19.KOR.km3.HW68|AN19.KOR.km3.HW69|AN19.KOR.km3.HW74|AN19.KOR.km3.HW75|AN19.KOR.km8.EW18|AN19.KOR.km8.EW68|AN19.KOR.km8.EW69|AN19.KOR.km8.EW75|AN19.KOR.km8.HW29|AN19.KOR.km8.HW70|AN19.KOR.km8.HW72|AN19.KOR.km8.HW73,2,StratifiedKFold
AN19,AN19.113,AN19.Korean.test_Korean,"AN19.KOR.kf1, AN19.KOR.kf3, AN19.KOR.kf5, AN19.KOR.km1, AN19.KOR.km3, AN19.KOR.km8||AN19.KOR.kf2.EW50|AN19.KOR.kf2.EW51|AN19.KOR.kf2.EW53|AN19.KOR.kf2.EW56|AN19.KOR.kf2.HW52|AN19.KOR.kf2.HW54|AN19.KOR.kf2.HW56|AN19.KOR.kf2.HW58|AN19.KOR.kf4.EW52|AN19.KOR.kf4.EW54|AN19.KOR.kf4.EW55|AN19.KOR.kf4.EW57|AN19.KOR.kf4.HW53|AN19.KOR.kf4.HW57|AN19.KOR.kf4.HW59|AN19.KOR.kf4.HW62|AN19.KOR.kf6.EW58|AN19.KOR.kf6.EW59|AN19.KOR.kf6.EW64|AN19.KOR.kf6.EW65|AN19.KOR.kf6.HW55|AN19.KOR.kf6.HW60|AN19.KOR.kf6.HW61|AN19.KOR.kf6.HW63|AN19.KOR.km2.EW60|AN19.KOR.km2.EW61|AN19.KOR.km2.EW62|AN19.KOR.km2.EW63|AN19.KOR.km2.HW64|AN19.KOR.km2.HW65|AN19.KOR.km2.HW66|AN19.KOR.km2.HW67|AN19.KOR.km6.EW66|AN19.KOR.km6.EW67|AN19.KOR.km6.EW72|AN19.KOR.km6.EW73|AN19.KOR.km6.HW68|AN19.KOR.km6.HW69|AN19.KOR.km6.HW74|AN19.KOR.km6.HW75|AN19.KOR.km7.EW18|AN19.KOR.km7.EW68|AN19.KOR.km7.EW69|AN19.KOR.km7.EW75|AN19.KOR.km7.HW29|AN19.KOR.km7.HW70|AN19.KOR.km7.HW72|AN19.KOR.km7.HW73",1,StratifiedKFold
AN19,AN19.114,AN19.Spanish.test_Korean,"AN19.SPA.sf1, AN19.SPA.sf3, AN19.SPA.sf5, AN19.SPA.sm3, AN19.SPA.sm5, AN19.SPA.sm7||AN19.KOR.kf2.EW50|AN19.KOR.kf2.EW51|AN19.KOR.kf2.EW53|AN19.KOR.kf2.EW56|AN19.KOR.kf2.HW52|AN19.KOR.kf2.HW54|AN19.KOR.kf2.HW56|AN19.KOR.kf2.HW58|AN19.KOR.kf4.EW52|AN19.KOR.kf4.EW54|AN19.KOR.kf4.EW55|AN19.KOR.kf4.EW57|AN19.KOR.kf4.HW53|AN19.KOR.kf4.HW57|AN19.KOR.kf4.HW59|AN19.KOR.kf4.HW62|AN19.KOR.kf6.EW58|AN19.KOR.kf6.EW59|AN19.KOR.kf6.EW64|AN19.KOR.kf6.EW65|AN19.KOR.kf6.HW55|AN19.KOR.kf6.HW60|AN19.KOR.kf6.HW61|AN19.KOR.kf6.HW63|AN19.KOR.km2.EW60|AN19.KOR.km2.EW61|AN19.KOR.km2.EW62|AN19.KOR.km2.EW63|AN19.KOR.km2.HW64|AN19.KOR.km2.HW65|AN19.KOR.km2.HW66|AN19.KOR.km2.HW67|AN19.KOR.km6.EW66|AN19.KOR.km6.EW67|AN19.KOR.km6.EW72|AN19.KOR.km6.EW73|AN19.KOR.km6.HW68|AN19.KOR.km6.HW69|AN19.KOR.km6.HW74|AN19.KOR.km6.HW75|AN19.KOR.km7.EW18|AN19.KOR.km7.EW68|AN19.KOR.km7.EW69|AN19.KOR.km7.EW75|AN19.KOR.km7.HW29|AN19.KOR.km7.HW70|AN19.KOR.km7.HW72|AN19.KOR.km7.HW73",2,StratifiedKFold
AN19,AN19.115,AN19.Mixed.test_Korean,"AN19.MIX.if1, AN19.MIX.if2, AN19.MIX.if5, AN19.MIX.im1, AN19.MIX.im2, AN19.MIX.im6||AN19.KOR.kf2.EW50|AN19.KOR.kf2.EW51|AN19.KOR.kf2.EW53|AN19.KOR.kf2.EW56|AN19.KOR.kf2.HW52|AN19.KOR.kf2.HW54|AN19.KOR.kf2.HW56|AN19.KOR.kf2.HW58|AN19.KOR.kf4.EW52|AN19.KOR.kf4.EW54|AN19.KOR.kf4.EW55|AN19.KOR.kf4.EW57|AN19.KOR.kf4.HW53|AN19.KOR.kf4.HW57|AN19.KOR.kf4.HW59|AN19.KOR.kf4.HW62|AN19.KOR.kf6.EW58|AN19.KOR.kf6.EW59|AN19.KOR.kf6.EW64|AN19.KOR.kf6.EW65|AN19.KOR.kf6.HW55|AN19.KOR.kf6.HW60|AN19.KOR.kf6.HW61|AN19.KOR.kf6.HW63|AN19.KOR.km2.EW60|AN19.KOR.km2.EW61|AN19.KOR.km2.EW62|AN19.KOR.km2.EW63|AN19.KOR.km2.HW64|AN19.KOR.km2.HW65|AN19.KOR.km2.HW66|AN19.KOR.km2.HW67|AN19.KOR.km6.EW66|AN19.KOR.km6.EW67|AN19.KOR.km6.EW72|AN19.KOR.km6.EW73|AN19.KOR.km6.HW68|AN19.KOR.km6.HW69|AN19.KOR.km6.HW74|AN19.KOR.km6.HW75|AN19.KOR.km7.EW18|AN19.KOR.km7.EW68|AN19.KOR.km7.EW69|AN19.KOR.km7.EW75|AN19.KOR.km7.HW29|AN19.KOR.km7.HW70|AN19.KOR.km7.HW72|AN19.KOR.km7.HW73",2,StratifiedKFold
AN19,AN19.116,AN19.Control.test_Korean,English||AN19.KOR.kf2.EW50|AN19.KOR.kf2.EW51|AN19.KOR.kf2.EW53|AN19.KOR.kf2.EW56|AN19.KOR.kf2.HW52|AN19.KOR.kf2.HW54|AN19.KOR.kf2.HW56|AN19.KOR.kf2.HW58|AN19.KOR.kf4.EW52|AN19.KOR.kf4.EW54|AN19.KOR.kf4.EW55|AN19.KOR.kf4.EW57|AN19.KOR.kf4.HW53|AN19.KOR.kf4.HW57|AN19.KOR.kf4.HW59|AN19.KOR.kf4.HW62|AN19.KOR.kf6.EW58|AN19.KOR.kf6.EW59|AN19.KOR.kf6.EW64|AN19.KOR.kf6.EW65|AN19.KOR.kf6.HW55|AN19.KOR.kf6.HW60|AN19.KOR.kf6.HW61|AN19.KOR.kf6.HW63|AN19.KOR.km2.EW60|AN19.KOR.km2.EW61|AN19.KOR.km2.EW62|AN19.KOR.km2.EW63|AN19.KOR.km2.HW64|AN19.KOR.km2.HW65|AN19.KOR.km2.HW66|AN19.KOR.km2.HW67|AN19.KOR.km6.EW66|AN19.KOR.km6.EW67|AN19.KOR.km6.EW72|AN19.KOR.km6.EW73|AN19.KOR.km6.HW68|AN19.KOR.km6.HW69|AN19.KOR.km6.HW74|AN19.KOR.km6.HW75|AN19.KOR.km7.EW18|AN19.KOR.km7.EW68|AN19.KOR.km7.EW69|AN19.KOR.km7.EW75|AN19.KOR.km7.HW29|AN19.KOR.km7.HW70|AN19.KOR.km7.HW72|AN19.KOR.km7.HW73,1,StratifiedKFold
AN19,AN19.117,AN19.Korean.test_Korean,"AN19.KOR.kf2, AN19.KOR.kf4, AN19.KOR.kf6, AN19.KOR.km2, AN19.KOR.km6, AN19.KOR.km7||AN19.KOR.kf1.EW50|AN19.KOR.kf1.EW51|AN19.KOR.kf1.EW53|AN19.KOR.kf1.EW56|AN19.KOR.kf1.HW52|AN19.KOR.kf1.HW54|AN19.KOR.kf1.HW56|AN19.KOR.kf1.HW58|AN19.KOR.kf3.EW52|AN19.KOR.kf3.EW54|AN19.KOR.kf3.EW55|AN19.KOR.kf3.EW57|AN19.KOR.kf3.HW53|AN19.KOR.kf3.HW57|AN19.KOR.kf3.HW59|AN19.KOR.kf3.HW62|AN19.KOR.kf5.EW58|AN19.KOR.kf5.EW59|AN19.KOR.kf5.EW64|AN19.KOR.kf5.EW65|AN19.KOR.kf5.HW55|AN19.KOR.kf5.HW60|AN19.KOR.kf5.HW61|AN19.KOR.kf5.HW63|AN19.KOR.km1.EW60|AN19.KOR.km1.EW61|AN19.KOR.km1.EW62|AN19.KOR.km1.EW63|AN19.KOR.km1.HW64|AN19.KOR.km1.HW65|AN19.KOR.km1.HW66|AN19.KOR.km1.HW67|AN19.KOR.km3.EW66|AN19.KOR.km3.EW67|AN19.KOR.km3.EW72|AN19.KOR.km3.EW73|AN19.KOR.km3.HW68|AN19.KOR.km3.HW69|AN19.KOR.km3.HW74|AN19.KOR.km3.HW75|AN19.KOR.km8.EW18|AN19.KOR.km8.EW68|AN19.KOR.km8.EW69|AN19.KOR.km8.EW75|AN19.KOR.km8.HW29|AN19.KOR.km8.HW70|AN19.KOR.km8.HW72|AN19.KOR.km8.HW73",2,StratifiedKFold
AN19,AN19.118,AN19.Spanish.test_Korean,"AN19.SPA.sf2, AN19.SPA.sf4, AN19.SPA.sf6, AN19.SPA.sm2, AN19.SPA.sm4, AN19.SPA.sm6||AN19.KOR.kf1.EW50|AN19.KOR.kf1.EW51|AN19.KOR.kf1.EW53|AN19.KOR.kf1.EW56|AN19.KOR.kf1.HW52|AN19.KOR.kf1.HW54|AN19.KOR.kf1.HW56|AN19.KOR.kf1.HW58|AN19.KOR.kf3.EW52|AN19.KOR.kf3.EW54|AN19.KOR.kf3.EW55|AN19.KOR.kf3.EW57|AN19.KOR.kf3.HW53|AN19.KOR.kf3.HW57|AN19.KOR.kf3.HW59|AN19.KOR.kf3.HW62|AN19.KOR.kf5.EW58|AN19.KOR.kf5.EW59|AN19.KOR.kf5.EW64|AN19.KOR.kf5.EW65|AN19.KOR.kf5.HW55|AN19.KOR.kf5.HW60|AN19.KOR.kf5.HW61|AN19.KOR.kf5.HW63|AN19.KOR.km1.EW60|AN19.KOR.km1.EW61|AN19.KOR.km1.EW62|AN19.KOR.km1.EW63|AN19.KOR.km1.HW64|AN19.KOR.km1.HW65|AN19.KOR.km1.HW66|AN19.KOR.km1.HW67|AN19.KOR.km3.EW66|AN19.KOR.km3.EW67|AN19.KOR.km3.EW72|AN19.KOR.km3.EW73|AN19.KOR.km3.HW68|AN19.KOR.km3.HW69|AN19.KOR.km3.HW74|AN19.KOR.km3.HW75|AN19.KOR.km8.EW18|AN19.KOR.km8.EW68|AN19.KOR.km8.EW69|AN19.KOR.km8.EW75|AN19.KOR.km8.HW29|AN19.KOR.km8.HW70|AN19.KOR.km8.HW72|AN19.KOR.km8.HW73",3,StratifiedKFold
AN19,AN19.119,AN19.Mixed.test_Korean,"AN19.MIX.if3, AN19.MIX.if4, AN19.MIX.if6, AN19.MIX.im3, AN19.MIX.im4, AN19.MIX.im5||AN19.KOR.kf1.EW50|AN19.KOR.kf1.EW51|AN19.KOR.kf1.EW53|AN19.KOR.kf1.EW56|AN19.KOR.kf1.HW52|AN19.KOR.kf1.HW54|AN19.KOR.kf1.HW56|AN19.KOR.kf1.HW58|AN19.KOR.kf3.EW52|AN19.KOR.kf3.EW54|AN19.KOR.kf3.EW55|AN19.KOR.kf3.EW57|AN19.KOR.kf3.HW53|AN19.KOR.kf3.HW57|AN19.KOR.kf3.HW59|AN19.KOR.kf3.HW62|AN19.KOR.kf5.EW58|AN19.KOR.kf5.EW59|AN19.KOR.kf5.EW64|AN19.KOR.kf5.EW65|AN19.KOR.kf5.HW55|AN19.KOR.kf5.HW60|AN19.KOR.kf5.HW61|AN19.KOR.kf5.HW63|AN19.KOR.km1.EW60|AN19.KOR.km1.EW61|AN19.KOR.km1.EW62|AN19.KOR.km1.EW63|AN19.KOR.km1.HW64|AN19.KOR.km1.HW65|AN19.KOR.km1.HW66|AN19.KOR.km1.HW67|AN19.KOR.km3.EW66|AN19.KOR.km3.EW67|AN19.KOR.km3.EW72|AN19.KOR.km3.EW73|AN19.KOR.km3.HW68|AN19.KOR.km3.HW69|AN19.KOR.km3.HW74|AN19.KOR.km3.HW75|AN19.KOR.km8.EW18|AN19.KOR.km8.EW68|AN19.KOR.km8.EW69|AN19.KOR.km8.EW75|AN19.KOR.km8.HW29|AN19.KOR.km8.HW70|AN19.KOR.km8.HW72|AN19.KOR.km8.HW73",1,StratifiedKFold
AN19,AN19.123,AN19.Mixed.test_Korean,"AN19.MIX.if1, AN19.MIX.if2, AN19.MIX.if5, AN19.MIX.im1, AN19.MIX.im2, AN19.MIX.im6||AN19.KOR.kf1.EW50|AN19.KOR.kf1.EW51|AN19.KOR.kf1.EW53|AN19.KOR.kf1.EW56|AN19.KOR.kf1.HW52|AN19.KOR.kf1.HW54|AN19.KOR.kf1.HW56|AN19.KOR.kf1.HW58|AN19.KOR.kf3.EW52|AN19.KOR.kf3.EW54|AN19.KOR.kf3.EW55|AN19.KOR.kf3.EW57|AN19.KOR.kf3.HW53|AN19.KOR.kf3.HW57|AN19.KOR.kf3.HW59|AN19.KOR.kf3.HW62|AN19.KOR.kf5.EW58|AN19.KOR.kf5.EW59|AN19.KOR.kf5.EW64|AN19.KOR.kf5.EW65|AN19.KOR.kf5.HW55|AN19.KOR.kf5.HW60|AN19.KOR.kf5.HW61|AN19.KOR.kf5.HW63|AN19.KOR.km1.EW60|AN19.KOR.km1.EW61|AN19.KOR.km1.EW62|AN19.KOR.km1.EW63|AN19.KOR.km1.HW64|AN19.KOR.km1.HW65|AN19.KOR.km1.HW66|AN19.KOR.km1.HW67|AN19.KOR.km3.EW66|AN19.KOR.km3.EW67|AN19.KOR.km3.EW72|AN19.KOR.km3.EW73|AN19.KOR.km3.HW68|AN19.KOR.km3.HW69|AN19.KOR.km3.HW74|AN19.KOR.km3.HW75|AN19.KOR.km8.EW18|AN19.KOR.km8.EW68|AN19.KOR.km8.EW69|AN19.KOR.km8.EW75|AN19.KOR.km8.HW29|AN19.KOR.km8.HW70|AN19.KOR.km8.HW72|AN19.KOR.km8.HW73",2,StratifiedKFold
AN19,AN19.127,AN19.Control.test_Spanish,English||AN19.SPA.sf2.EW50|AN19.SPA.sf2.EW51|AN19.SPA.sf2.EW53|AN19.SPA.sf2.EW56|AN19.SPA.sf2.HW52|AN19.SPA.sf2.HW54|AN19.SPA.sf2.HW56|AN19.SPA.sf2.HW58|AN19.SPA.sf4.EW52|AN19.SPA.sf4.EW54|AN19.SPA.sf4.EW55|AN19.SPA.sf4.EW57|AN19.SPA.sf4.HW53|AN19.SPA.sf4.HW57|AN19.SPA.sf4.HW59|AN19.SPA.sf4.HW62|AN19.SPA.sf6.EW58|AN19.SPA.sf6.EW59|AN19.SPA.sf6.EW64|AN19.SPA.sf6.EW65|AN19.SPA.sf6.HW55|AN19.SPA.sf6.HW60|AN19.SPA.sf6.HW61|AN19.SPA.sf6.HW63|AN19.SPA.sm2.EW60|AN19.SPA.sm2.EW61|AN19.SPA.sm2.EW62|AN19.SPA.sm2.EW63|AN19.SPA.sm2.HW64|AN19.SPA.sm2.HW65|AN19.SPA.sm2.HW66|AN19.SPA.sm2.HW67|AN19.SPA.sm4.EW66|AN19.SPA.sm4.EW67|AN19.SPA.sm4.EW72|AN19.SPA.sm4.EW73|AN19.SPA.sm4.HW68|AN19.SPA.sm4.HW69|AN19.SPA.sm4.HW74|AN19.SPA.sm4.HW75|AN19.SPA.sm6.EW18|AN19.SPA.sm6.EW68|AN19.SPA.sm6.EW69|AN19.SPA.sm6.EW75|AN19.SPA.sm6.HW29|AN19.SPA.sm6.HW70|AN19.SPA.sm6.HW72|AN19.SPA.sm6.HW73,3,StratifiedKFold
AN19,AN19.128,AN19.Control.test_Spanish,English||AN19.SPA.sf1.EW50|AN19.SPA.sf1.EW51|AN19.SPA.sf1.EW53|AN19.SPA.sf1.EW56|AN19.SPA.sf1.HW52|AN19.SPA.sf1.HW54|AN19.SPA.sf1.HW56|AN19.SPA.sf1.HW58|AN19.SPA.sf3.EW52|AN19.SPA.sf3.EW54|AN19.SPA.sf3.EW55|AN19.SPA.sf3.EW57|AN19.SPA.sf3.HW53|AN19.SPA.sf3.HW57|AN19.SPA.sf3.HW59|AN19.SPA.sf3.HW62|AN19.SPA.sf5.EW58|AN19.SPA.sf5.EW59|AN19.SPA.sf5.EW64|AN19.SPA.sf5.EW65|AN19.SPA.sf5.HW55|AN19.SPA.sf5.HW60|AN19.SPA.sf5.HW61|AN19.SPA.sf5.HW63|AN19.SPA.sm3.EW60|AN19.SPA.sm3.EW61|AN19.SPA.sm3.EW62|AN19.SPA.sm3.EW63|AN19.SPA.sm3.HW64|AN19.SPA.sm3.HW65|AN19.SPA.sm3.HW66|AN19.SPA.sm3.HW67|AN19.SPA.sm5.EW66|AN19.SPA.sm5.EW67|AN19.SPA.sm5.EW72|AN19.SPA.sm5.EW73|AN19.SPA.sm5.HW68|AN19.SPA.sm5.HW69|AN19.SPA.sm5.HW74|AN19.SPA.sm5.HW75|AN19.SPA.sm7.EW18|AN19.SPA.sm7.EW68|AN19.SPA.sm7.EW69|AN19.SPA.sm7.EW75|AN19.SPA.sm7.HW29|AN19.SPA.sm7.HW70|AN19.SPA.sm7.HW72|AN19.SPA.sm7.HW73,3,StratifiedKFold
AN19,AN19.129,AN19.Korean.test_Korean,"AN19.KOR.kf1, AN19.KOR.kf3, AN19.KOR.kf5, AN19.KOR.km1, AN19.KOR.km3, AN19.KOR.km8||AN19.KOR.kf2.EW50|AN19.KOR.kf2.EW51|AN19.KOR.kf2.EW53|AN19.KOR.kf2.EW56|AN19.KOR.kf2.HW52|AN19.KOR.kf2.HW54|AN19.KOR.kf2.HW56|AN19.KOR.kf2.HW58|AN19.KOR.kf4.EW52|AN19.KOR.kf4.EW54|AN19.KOR.kf4.EW55|AN19.KOR.kf4.EW57|AN19.KOR.kf4.HW53|AN19.KOR.kf4.HW57|AN19.KOR.kf4.HW59|AN19.KOR.kf4.HW62|AN19.KOR.kf6.EW58|AN19.KOR.kf6.EW59|AN19.KOR.kf6.EW64|AN19.KOR.kf6.EW65|AN19.KOR.kf6.HW55|AN19.KOR.kf6.HW60|AN19.KOR.kf6.HW61|AN19.KOR.kf6.HW63|AN19.KOR.km2.EW60|AN19.KOR.km2.EW61|AN19.KOR.km2.EW62|AN19.KOR.km2.EW63|AN19.KOR.km2.HW64|AN19.KOR.km2.HW65|AN19.KOR.km2.HW66|AN19.KOR.km2.HW67|AN19.KOR.km6.EW66|AN19.KOR.km6.EW67|AN19.KOR.km6.EW72|AN19.KOR.km6.EW73|AN19.KOR.km6.HW68|AN19.KOR.km6.HW69|AN19.KOR.km6.HW74|AN19.KOR.km6.HW75|AN19.KOR.km7.EW18|AN19.KOR.km7.EW68|AN19.KOR.km7.EW69|AN19.KOR.km7.EW75|AN19.KOR.km7.HW29|AN19.KOR.km7.HW70|AN19.KOR.km7.HW72|AN19.KOR.km7.HW73",2,StratifiedKFold
AN19,AN19.130,AN19.Mixed.test_Korean,"AN19.MIX.if3, AN19.MIX.if4, AN19.MIX.if6, AN19.MIX.im3, AN19.MIX.im4, AN19.MIX.im5||AN19.KOR.kf2.EW50|AN19.KOR.kf2.EW51|AN19.KOR.kf2.EW53|AN19.KOR.kf2.EW56|AN19.KOR.kf2.HW52|AN19.KOR.kf2.HW54|AN19.KOR.kf2.HW56|AN19.KOR.kf2.HW58|AN19.KOR.kf4.EW52|AN19.KOR.kf4.EW54|AN19.KOR.kf4.EW55|AN19.KOR.kf4.EW57|AN19.KOR.kf4.HW53|AN19.KOR.kf4.HW57|AN19.KOR.kf4.HW59|AN19.KOR.kf4.HW62|AN19.KOR.kf6.EW58|AN19.KOR.kf6.EW59|AN19.KOR.kf6.EW64|AN19.KOR.kf6.EW65|AN19.KOR.kf6.HW55|AN19.KOR.kf6.HW60|AN19.KOR.kf6.HW61|AN19.KOR.kf6.HW63|AN19.KOR.km2.EW60|AN19.KOR.km2.EW61|AN19.KOR.km2.EW62|AN19.KOR.km2.EW63|AN19.KOR.km2.HW64|AN19.KOR.km2.HW65|AN19.KOR.km2.HW66|AN19.KOR.km2.HW67|AN19.KOR.km6.EW66|AN19.KOR.km6.EW67|AN19.KOR.km6.EW72|AN19.KOR.km6.EW73|AN19.KOR.km6.HW68|AN19.KOR.km6.HW69|AN19.KOR.km6.HW74|AN19.KOR.km6.HW75|AN19.KOR.km7.EW18|AN19.KOR.km7.EW68|AN19.KOR.km7.EW69|AN19.KOR.km7.EW75|AN19.KOR.km7.HW29|AN19.KOR.km7.HW70|AN19.KOR.km7.HW72|AN19.KOR.km7.HW73",1,StratifiedKFold
AN19,AN19.131,AN19.Control.test_Korean,English||AN19.KOR.kf2.EW50|AN19.KOR.kf2.EW51|AN19.KOR.kf2.EW53|AN19.KOR.kf2.EW56|AN19.KOR.kf2.HW52|AN19.KOR.kf2.HW54|AN19.KOR.kf2.HW56|AN19.KOR.kf2.HW58|AN19.KOR.kf4.EW52|AN19.KOR.kf4.EW54|AN19.KOR.kf4.EW55|AN19.KOR.kf4.EW57|AN19.KOR.kf4.HW53|AN19.KOR.kf4.HW57|AN19.KOR.kf4.HW59|AN19.KOR.kf4.HW62|AN19.KOR.kf6.EW58|AN19.KOR.kf6.EW59|AN19.KOR.kf6.EW64|AN19.KOR.kf6.EW65|AN19.KOR.kf6.HW55|AN19.KOR.kf6.HW60|AN19.KOR.kf6.HW61|AN19.KOR.kf6.HW63|AN19.KOR.km2.EW60|AN19.KOR.km2.EW61|AN19.KOR.km2.EW62|AN19.KOR.km2.EW63|AN19.KOR.km2.HW64|AN19.KOR.km2.HW65|AN19.KOR.km2.HW66|AN19.KOR.km2.HW67|AN19.KOR.km6.EW66|AN19.KOR.km6.EW67|AN19.KOR.km6.EW72|AN19.KOR.km6.EW73|AN19.KOR.km6.HW68|AN19.KOR.km6.HW69|AN19.KOR.km6.HW74|AN19.KOR.km6.HW75|AN19.KOR.km7.EW18|AN19.KOR.km7.EW68|AN19.KOR.km7.EW69|AN19.KOR.km7.EW75|AN19.KOR.km7.HW29|AN19.KOR.km7.HW70|AN19.KOR.km7.HW72|AN19.KOR.km7.HW73,3,StratifiedKFold
AN19,AN19.132,AN19.Spanish.test_Korean,"AN19.SPA.sf2, AN19.SPA.sf4, AN19.SPA.sf6, AN19.SPA.sm2, AN19.SPA.sm4, AN19.SPA.sm6||AN19.KOR.kf2.EW50|AN19.KOR.kf2.EW51|AN19.KOR.kf2.EW53|AN19.KOR.kf2.EW56|AN19.KOR.kf2.HW52|AN19.KOR.kf2.HW54|AN19.KOR.kf2.HW56|AN19.KOR.kf2.HW58|AN19.KOR.kf4.EW52|AN19.KOR.kf4.EW54|AN19.KOR.kf4.EW55|AN19.KOR.kf4.EW57|AN19.KOR.kf4.HW53|AN19.KOR.kf4.HW57|AN19.KOR.kf4.HW59|AN19.KOR.kf4.HW62|AN19.KOR.kf6.EW58|AN19.KOR.kf6.EW59|AN19.KOR.kf6.EW64|AN19.KOR.kf6.EW65|AN19.KOR.kf6.HW55|AN19.KOR.kf6.HW60|AN19.KOR.kf6.HW61|AN19.KOR.kf6.HW63|AN19.KOR.km2.EW60|AN19.KOR.km2.EW61|AN19.KOR.km2.EW62|AN19.KOR.km2.EW63|AN19.KOR.km2.HW64|AN19.KOR.km2.HW65|AN19.KOR.km2.HW66|AN19.KOR.km2.HW67|AN19.KOR.km6.EW66|AN19.KOR.km6.EW67|AN19.KOR.km6.EW72|AN19.KOR.km6.EW73|AN19.KOR.km6.HW68|AN19.KOR.km6.HW69|AN19.KOR.km6.HW74|AN19.KOR.km6.HW75|AN19.KOR.km7.EW18|AN19.KOR.km7.EW68|AN19.KOR.km7.EW69|AN19.KOR.km7.EW75|AN19.KOR.km7.HW29|AN19.KOR.km7.HW70|AN19.KOR.km7.HW72|AN19.KOR.km7.HW73",1,StratifiedKFold
AN19,AN19.136,AN19.Spanish.test_Spanish,"AN19.SPA.sf1, AN19.SPA.sf3, AN19.SPA.sf5, AN19.SPA.sm3, AN19.SPA.sm5, AN19.SPA.sm7||AN19.SPA.sf2.EW50|AN19.SPA.sf2.EW51|AN19.SPA.sf2.EW53|AN19.SPA.sf2.EW56|AN19.SPA.sf2.HW52|AN19.SPA.sf2.HW54|AN19.SPA.sf2.HW56|AN19.SPA.sf2.HW58|AN19.SPA.sf4.EW52|AN19.SPA.sf4.EW54|AN19.SPA.sf4.EW55|AN19.SPA.sf4.EW57|AN19.SPA.sf4.HW53|AN19.SPA.sf4.HW57|AN19.SPA.sf4.HW59|AN19.SPA.sf4.HW62|AN19.SPA.sf6.EW58|AN19.SPA.sf6.EW59|AN19.SPA.sf6.EW64|AN19.SPA.sf6.EW65|AN19.SPA.sf6.HW55|AN19.SPA.sf6.HW60|AN19.SPA.sf6.HW61|AN19.SPA.sf6.HW63|AN19.SPA.sm2.EW60|AN19.SPA.sm2.EW61|AN19.SPA.sm2.EW62|AN19.SPA.sm2.EW63|AN19.SPA.sm2.HW64|AN19.SPA.sm2.HW65|AN19.SPA.sm2.HW66|AN19.SPA.sm2.HW67|AN19.SPA.sm4.EW66|AN19.SPA.sm4.EW67|AN19.SPA.sm4.EW72|AN19.SPA.sm4.EW73|AN19.SPA.sm4.HW68|AN19.SPA.sm4.HW69|AN19.SPA.sm4.HW74|AN19.SPA.sm4.HW75|AN19.SPA.sm6.EW18|AN19.SPA.sm6.EW68|AN19.SPA.sm6.EW69|AN19.SPA.sm6.EW75|AN19.SPA.sm6.HW29|AN19.SPA.sm6.HW70|AN19.SPA.sm6.HW72|AN19.SPA.sm6.HW73",1,StratifiedKFold
AN19,AN19.137,AN19.Korean.test_Spanish,"AN19.KOR.kf1, AN19.KOR.kf3, AN19.KOR.kf5, AN19.KOR.km1, AN19.KOR.km3, AN19.KOR.km8||AN19.SPA.sf2.EW50|AN19.SPA.sf2.EW51|AN19.SPA.sf2.EW53|AN19.SPA.sf2.EW56|AN19.SPA.sf2.HW52|AN19.SPA.sf2.HW54|AN19.SPA.sf2.HW56|AN19.SPA.sf2.HW58|AN19.SPA.sf4.EW52|AN19.SPA.sf4.EW54|AN19.SPA.sf4.EW55|AN19.SPA.sf4.EW57|AN19.SPA.sf4.HW53|AN19.SPA.sf4.HW57|AN19.SPA.sf4.HW59|AN19.SPA.sf4.HW62|AN19.SPA.sf6.EW58|AN19.SPA.sf6.EW59|AN19.SPA.sf6.EW64|AN19.SPA.sf6.EW65|AN19.SPA.sf6.HW55|AN19.SPA.sf6.HW60|AN19.SPA.sf6.HW61|AN19.SPA.sf6.HW63|AN19.SPA.sm2.EW60|AN19.SPA.sm2.EW61|AN19.SPA.sm2.EW62|AN19.SPA.sm2.EW63|AN19.SPA.sm2.HW64|AN19.SPA.sm2.HW65|AN19.SPA.sm2.HW66|AN19.SPA.sm2.HW67|AN19.SPA.sm4.EW66|AN19.SPA.sm4.EW67|AN19.SPA.sm4.EW72|AN19.SPA.sm4.EW73|AN19.SPA.sm4.HW68|AN19.SPA.sm4.HW69|AN19.SPA.sm4.HW74|AN19.SPA.sm4.HW75|AN19.SPA.sm6.EW18|AN19.SPA.sm6.EW68|AN19.SPA.sm6.EW69|AN19.SPA.sm6.EW75|AN19.SPA.sm6.HW29|AN19.SPA.sm6.HW70|AN19.SPA.sm6.HW72|AN19.SPA.sm6.HW73",2,StratifiedKFold
AN19,AN19.138,AN19.Mixed.test_Spanish,"AN19.MIX.if1, AN19.MIX.if2, AN19.MIX.if5, AN19.MIX.im1, AN19.MIX.im2, AN19.MIX.im6||AN19.SPA.sf2.EW50|AN19.SPA.sf2.EW51|AN19.SPA.sf2.EW53|AN19.SPA.sf2.EW56|AN19.SPA.sf2.HW52|AN19.SPA.sf2.HW54|AN19.SPA.sf2.HW56|AN19.SPA.sf2.HW58|AN19.SPA.sf4.EW52|AN19.SPA.sf4.EW54|AN19.SPA.sf4.EW55|AN19.SPA.sf4.EW57|AN19.SPA.sf4.HW53|AN19.SPA.sf4.HW57|AN19.SPA.sf4.HW59|AN19.SPA.sf4.HW62|AN19.SPA.sf6.EW58|AN19.SPA.sf6.EW59|AN19.SPA.sf6.EW64|AN19.SPA.sf6.EW65|AN19.SPA.sf6.HW55|AN19.SPA.sf6.HW60|AN19.SPA.sf6.HW61|AN19.SPA.sf6.HW63|AN19.SPA.sm2.EW60|AN19.SPA.sm2.EW61|AN19.SPA.sm2.EW62|AN19.SPA.sm2.EW63|AN19.SPA.sm2.HW64|AN19.SPA.sm2.HW65|AN19.SPA.sm2.HW66|AN19.SPA.sm2.HW67|AN19.SPA.sm4.EW66|AN19.SPA.sm4.EW67|AN19.SPA.sm4.EW72|AN19.SPA.sm4.EW73|AN19.SPA.sm4.HW68|AN19.SPA.sm4.HW69|AN19.SPA.sm4.HW74|AN19.SPA.sm4.HW75|AN19.SPA.sm6.EW18|AN19.SPA.sm6.EW68|AN19.SPA.sm6.EW69|AN19.SPA.sm6.EW75|AN19.SPA.sm6.HW29|AN19.SPA.sm6.HW70|AN19.SPA.sm6.HW72|AN19.SPA.sm6.HW73",2,StratifiedKFold
AN19,AN19.139,AN19.Spanish.test_Spanish,"AN19.SPA.sf2, AN19.SPA.sf4, AN19.SPA.sf6, AN19.SPA.sm2, AN19.SPA.sm4, AN19.SPA.sm6||AN19.SPA.sf1.EW50|AN19.SPA.sf1.EW51|AN19.SPA.sf1.EW53|AN19.SPA.sf1.EW56|AN19.SPA.sf1.HW52|AN19.SPA.sf1.HW54|AN19.SPA.sf1.HW56|AN19.SPA.sf1.HW58|AN19.SPA.sf3.EW52|AN19.SPA.sf3.EW54|AN19.SPA.sf3.EW55|AN19.SPA.sf3.EW57|AN19.SPA.sf3.HW53|AN19.SPA.sf3.HW57|AN19.SPA.sf3.HW59|AN19.SPA.sf3.HW62|AN19.SPA.sf5.EW58|AN19.SPA.sf5.EW59|AN19.SPA.sf5.EW64|AN19.SPA.sf5.EW65|AN19.SPA.sf5.HW55|AN19.SPA.sf5.HW60|AN19.SPA.sf5.HW61|AN19.SPA.sf5.HW63|AN19.SPA.sm3.EW60|AN19.SPA.sm3.EW61|AN19.SPA.sm3.EW62|AN19.SPA.sm3.EW63|AN19.SPA.sm3.HW64|AN19.SPA.sm3.HW65|AN19.SPA.sm3.HW66|AN19.SPA.sm3.HW67|AN19.SPA.sm5.EW66|AN19.SPA.sm5.EW67|AN19.SPA.sm5.EW72|AN19.SPA.sm5.EW73|AN19.SPA.sm5.HW68|AN19.SPA.sm5.HW69|AN19.SPA.sm5.HW74|AN19.SPA.sm5.HW75|AN19.SPA.sm7.EW18|AN19.SPA.sm7.EW68|AN19.SPA.sm7.EW69|AN19.SPA.sm7.EW75|AN19.SPA.sm7.HW29|AN19.SPA.sm7.HW70|AN19.SPA.sm7.HW72|AN19.SPA.sm7.HW73",3,StratifiedKFold
AN19,AN19.140,AN19.Korean.test_Spanish,"AN19.KOR.kf2, AN19.KOR.kf4, AN19.KOR.kf6, AN19.KOR.km2, AN19.KOR.km6, AN19.KOR.km7||AN19.SPA.sf1.EW50|AN19.SPA.sf1.EW51|AN19.SPA.sf1.EW53|AN19.SPA.sf1.EW56|AN19.SPA.sf1.HW52|AN19.SPA.sf1.HW54|AN19.SPA.sf1.HW56|AN19.SPA.sf1.HW58|AN19.SPA.sf3.EW52|AN19.SPA.sf3.EW54|AN19.SPA.sf3.EW55|AN19.SPA.sf3.EW57|AN19.SPA.sf3.HW53|AN19.SPA.sf3.HW57|AN19.SPA.sf3.HW59|AN19.SPA.sf3.HW62|AN19.SPA.sf5.EW58|AN19.SPA.sf5.EW59|AN19.SPA.sf5.EW64|AN19.SPA.sf5.EW65|AN19.SPA.sf5.HW55|AN19.SPA.sf5.HW60|AN19.SPA.sf5.HW61|AN19.SPA.sf5.HW63|AN19.SPA.sm3.EW60|AN19.SPA.sm3.EW61|AN19.SPA.sm3.EW62|AN19.SPA.sm3.EW63|AN19.SPA.sm3.HW64|AN19.SPA.sm3.HW65|AN19.SPA.sm3.HW66|AN19.SPA.sm3.HW67|AN19.SPA.sm5.EW66|AN19.SPA.sm5.EW67|AN19.SPA.sm5.EW72|AN19.SPA.sm5.EW73|AN19.SPA.sm5.HW68|AN19.SPA.sm5.HW69|AN19.SPA.sm5.HW74|AN19.SPA.sm5.HW75|AN19.SPA.sm7.EW18|AN19.SPA.sm7.EW68|AN19.SPA.sm7.EW69|AN19.SPA.sm7.EW75|AN19.SPA.sm7.HW29|AN19.SPA.sm7.HW70|AN19.SPA.sm7.HW72|AN19.SPA.sm7.HW73",1,StratifiedKFold
AN19,AN19.141,AN19.Mixed.test_Spanish,"AN19.MIX.if3, AN19.MIX.if4, AN19.MIX.if6, AN19.MIX.im3, AN19.MIX.im4, AN19.MIX.im5||AN19.SPA.sf1.EW50|AN19.SPA.sf1.EW51|AN19.SPA.sf1.EW53|AN19.SPA.sf1.EW56|AN19.SPA.sf1.HW52|AN19.SPA.sf1.HW54|AN19.SPA.sf1.HW56|AN19.SPA.sf1.HW58|AN19.SPA.sf3.EW52|AN19.SPA.sf3.EW54|AN19.SPA.sf3.EW55|AN19.SPA.sf3.EW57|AN19.SPA.sf3.HW53|AN19.SPA.sf3.HW57|AN19.SPA.sf3.HW59|AN19.SPA.sf3.HW62|AN19.SPA.sf5.EW58|AN19.SPA.sf5.EW59|AN19.SPA.sf5.EW64|AN19.SPA.sf5.EW65|AN19.SPA.sf5.HW55|AN19.SPA.sf5.HW60|AN19.SPA.sf5.HW61|AN19.SPA.sf5.HW63|AN19.SPA.sm3.EW60|AN19.SPA.sm3.EW61|AN19.SPA.sm3.EW62|AN19.SPA.sm3.EW63|AN19.SPA.sm3.HW64|AN19.SPA.sm3.HW65|AN19.SPA.sm3.HW66|AN19.SPA.sm3.HW67|AN19.SPA.sm5.EW66|AN19.SPA.sm5.EW67|AN19.SPA.sm5.EW72|AN19.SPA.sm5.EW73|AN19.SPA.sm5.HW68|AN19.SPA.sm5.HW69|AN19.SPA.sm5.HW74|AN19.SPA.sm5.HW75|AN19.SPA.sm7.EW18|AN19.SPA.sm7.EW68|AN19.SPA.sm7.EW69|AN19.SPA.sm7.EW75|AN19.SPA.sm7.HW29|AN19.SPA.sm7.HW70|AN19.SPA.sm7.HW72|AN19.SPA.sm7.HW73",1,StratifiedKFold
AN19,AN19.142,AN19.Control.test_Spanish,English||AN19.SPA.sf1.EW50|AN19.SPA.sf1.EW51|AN19.SPA.sf1.EW53|AN19.SPA.sf1.EW56|AN19.SPA.sf1.HW52|AN19.SPA.sf1.HW54|AN19.SPA.sf1.HW56|AN19.SPA.sf1.HW58|AN19.SPA.sf3.EW52|AN19.SPA.sf3.EW54|AN19.SPA.sf3.EW55|AN19.SPA.sf3.EW57|AN19.SPA.sf3.HW53|AN19.SPA.sf3.HW57|AN19.SPA.sf3.HW59|AN19.SPA.sf3.HW62|AN19.SPA.sf5.EW58|AN19.SPA.sf5.EW59|AN19.SPA.sf5.EW64|AN19.SPA.sf5.EW65|AN19.SPA.sf5.HW55|AN19.SPA.sf5.HW60|AN19.SPA.sf5.HW61|AN19.SPA.sf5.HW63|AN19.SPA.sm3.EW60|AN19.SPA.sm3.EW61|AN19.SPA.sm3.EW62|AN19.SPA.sm3.EW63|AN19.SPA.sm3.HW64|AN19.SPA.sm3.HW65|AN19.SPA.sm3.HW66|AN19.SPA.sm3.HW67|AN19.SPA.sm5.EW66|AN19.SPA.sm5.EW67|AN19.SPA.sm5.EW72|AN19.SPA.sm5.EW73|AN19.SPA.sm5.HW68|AN19.SPA.sm5.HW69|AN19.SPA.sm5.HW74|AN19.SPA.sm5.HW75|AN19.SPA.sm7.EW18|AN19.SPA.sm7.EW68|AN19.SPA.sm7.EW69|AN19.SPA.sm7.EW75|AN19.SPA.sm7.HW29|AN19.SPA.sm7.HW70|AN19.SPA.sm7.HW72|AN19.SPA.sm7.HW73,3,StratifiedKFold
AN19,AN19.143,AN19.Spanish.test_Spanish,"AN19.SPA.sf1, AN19.SPA.sf3, AN19.SPA.sf5, AN19.SPA.sm3, AN19.SPA.sm5, AN19.SPA.sm7||AN19.SPA.sf2.EW50|AN19.SPA.sf2.EW51|AN19.SPA.sf2.EW53|AN19.SPA.sf2.EW56|AN19.SPA.sf2.HW52|AN19.SPA.sf2.HW54|AN19.SPA.sf2.HW56|AN19.SPA.sf2.HW58|AN19.SPA.sf4.EW52|AN19.SPA.sf4.EW54|AN19.SPA.sf4.EW55|AN19.SPA.sf4.EW57|AN19.SPA.sf4.HW53|AN19.SPA.sf4.HW57|AN19.SPA.sf4.HW59|AN19.SPA.sf4.HW62|AN19.SPA.sf6.EW58|AN19.SPA.sf6.EW59|AN19.SPA.sf6.EW64|AN19.SPA.sf6.EW65|AN19.SPA.sf6.HW55|AN19.SPA.sf6.HW60|AN19.SPA.sf6.HW61|AN19.SPA.sf6.HW63|AN19.SPA.sm2.EW60|AN19.SPA.sm2.EW61|AN19.SPA.sm2.EW62|AN19.SPA.sm2.EW63|AN19.SPA.sm2.HW64|AN19.SPA.sm2.HW65|AN19.SPA.sm2.HW66|AN19.SPA.sm2.HW67|AN19.SPA.sm4.EW66|AN19.SPA.sm4.EW67|AN19.SPA.sm4.EW72|AN19.SPA.sm4.EW73|AN19.SPA.sm4.HW68|AN19.SPA.sm4.HW69|AN19.SPA.sm4.HW74|AN19.SPA.sm4.HW75|AN19.SPA.sm6.EW18|AN19.SPA.sm6.EW68|AN19.SPA.sm6.EW69|AN19.SPA.sm6.EW75|AN19.SPA.sm6.HW29|AN19.SPA.sm6.HW70|AN19.SPA.sm6.HW72|AN19.SPA.sm6.HW73",1,StratifiedKFold
AN19,AN19.144,AN19.Korean.test_Spanish,"AN19.KOR.kf2, AN19.KOR.kf4, AN19.KOR.kf6, AN19.KOR.km2, AN19.KOR.km6, AN19.KOR.km7||AN19.SPA.sf2.EW50|AN19.SPA.sf2.EW51|AN19.SPA.sf2.EW53|AN19.SPA.sf2.EW56|AN19.SPA.sf2.HW52|AN19.SPA.sf2.HW54|AN19.SPA.sf2.HW56|AN19.SPA.sf2.HW58|AN19.SPA.sf4.EW52|AN19.SPA.sf4.EW54|AN19.SPA.sf4.EW55|AN19.SPA.sf4.EW57|AN19.SPA.sf4.HW53|AN19.SPA.sf4.HW57|AN19.SPA.sf4.HW59|AN19.SPA.sf4.HW62|AN19.SPA.sf6.EW58|AN19.SPA.sf6.EW59|AN19.SPA.sf6.EW64|AN19.SPA.sf6.EW65|AN19.SPA.sf6.HW55|AN19.SPA.sf6.HW60|AN19.SPA.sf6.HW61|AN19.SPA.sf6.HW63|AN19.SPA.sm2.EW60|AN19.SPA.sm2.EW61|AN19.SPA.sm2.EW62|AN19.SPA.sm2.EW63|AN19.SPA.sm2.HW64|AN19.SPA.sm2.HW65|AN19.SPA.sm2.HW66|AN19.SPA.sm2.HW67|AN19.SPA.sm4.EW66|AN19.SPA.sm4.EW67|AN19.SPA.sm4.EW72|AN19.SPA.sm4.EW73|AN19.SPA.sm4.HW68|AN19.SPA.sm4.HW69|AN19.SPA.sm4.HW74|AN19.SPA.sm4.HW75|AN19.SPA.sm6.EW18|AN19.SPA.sm6.EW68|AN19.SPA.sm6.EW69|AN19.SPA.sm6.EW75|AN19.SPA.sm6.HW29|AN19.SPA.sm6.HW70|AN19.SPA.sm6.HW72|AN19.SPA.sm6.HW73",2,StratifiedKFold
AN19,AN19.145,AN19.Mixed.test_Spanish,"AN19.MIX.if3, AN19.MIX.if4, AN19.MIX.if6, AN19.MIX.im3, AN19.MIX.im4, AN19.MIX.im5||AN19.SPA.sf2.EW50|AN19.SPA.sf2.EW51|AN19.SPA.sf2.EW53|AN19.SPA.sf2.EW56|AN19.SPA.sf2.HW52|AN19.SPA.sf2.HW54|AN19.SPA.sf2.HW56|AN19.SPA.sf2.HW58|AN19.SPA.sf4.EW52|AN19.SPA.sf4.EW54|AN19.SPA.sf4.EW55|AN19.SPA.sf4.EW57|AN19.SPA.sf4.HW53|AN19.SPA.sf4.HW57|AN19.SPA.sf4.HW59|AN19.SPA.sf4.HW62|AN19.SPA.sf6.EW58|AN19.SPA.sf6.EW59|AN19.SPA.sf6.EW64|AN19.SPA.sf6.EW65|AN19.SPA.sf6.HW55|AN19.SPA.sf6.HW60|AN19.SPA.sf6.HW61|AN19.SPA.sf6.HW63|AN19.SPA.sm2.EW60|AN19.SPA.sm2.EW61|AN19.SPA.sm2.EW62|AN19.SPA.sm2.EW63|AN19.SPA.sm2.HW64|AN19.SPA.sm2.HW65|AN19.SPA.sm2.HW66|AN19.SPA.sm2.HW67|AN19.SPA.sm4.EW66|AN19.SPA.sm4.EW67|AN19.SPA.sm4.EW72|AN19.SPA.sm4.EW73|AN19.SPA.sm4.HW68|AN19.SPA.sm4.HW69|AN19.SPA.sm4.HW74|AN19.SPA.sm4.HW75|AN19.SPA.sm6.EW18|AN19.SPA.sm6.EW68|AN19.SPA.sm6.EW69|AN19.SPA.sm6.EW75|AN19.SPA.sm6.HW29|AN19.SPA.sm6.HW70|AN19.SPA.sm6.HW72|AN19.SPA.sm6.HW73",1,StratifiedKFold
AN19,AN19.146,AN19.Control.test_Spanish,English||AN19.SPA.sf2.EW50|AN19.SPA.sf2.EW51|AN19.SPA.sf2.EW53|AN19.SPA.sf2.EW56|AN19.SPA.sf2.HW52|AN19.SPA.sf2.HW54|AN19.SPA.sf2.HW56|AN19.SPA.sf2.HW58|AN19.SPA.sf4.EW52|AN19.SPA.sf4.EW54|AN19.SPA.sf4.EW55|AN19.SPA.sf4.EW57|AN19.SPA.sf4.HW53|AN19.SPA.sf4.HW57|AN19.SPA.sf4.HW59|AN19.SPA.sf4.HW62|AN19.SPA.sf6.EW58|AN19.SPA.sf6.EW59|AN19.SPA.sf6.EW64|AN19.SPA.sf6.EW65|AN19.SPA.sf6.HW55|AN19.SPA.sf6.HW60|AN19.SPA.sf6.HW61|AN19.SPA.sf6.HW63|AN19.SPA.sm2.EW60|AN19.SPA.sm2.EW61|AN19.SPA.sm2.EW62|AN19.SPA.sm2.EW63|AN19.SPA.sm2.HW64|AN19.SPA.sm2.HW65|AN19.SPA.sm2.HW66|AN19.SPA.sm2.HW67|AN19.SPA.sm4.EW66|AN19.SPA.sm4.EW67|AN19.SPA.sm4.EW72|AN19.SPA.sm4.EW73|AN19.SPA.sm4.HW68|AN19.SPA.sm4.HW69|AN19.SPA.sm4.HW74|AN19.SPA.sm4.HW75|AN19.SPA.sm6.EW18|AN19.SPA.sm6.EW68|AN19.SPA.sm6.EW69|AN19.SPA.sm6.EW75|AN19.SPA.sm6.HW29|AN19.SPA.sm6.HW70|AN19.SPA.sm6.HW72|AN19.SPA.sm6.HW73,1,StratifiedKFold
AN19,AN19.147,AN19.Korean.test_Korean,"AN19.KOR.kf2, AN19.KOR.kf4, AN19.KOR.kf6, AN19.KOR.km2, AN19.KOR.km6, AN19.KOR.km7||AN19.KOR.kf1.EW50|AN19.KOR.kf1.EW51|AN19.KOR.kf1.EW53|AN19.KOR.kf1.EW56|AN19.KOR.kf1.HW52|AN19.KOR.kf1.HW54|AN19.KOR.kf1.HW56|AN19.KOR.kf1.HW58|AN19.KOR.kf3.EW52|AN19.KOR.kf3.EW54|AN19.KOR.kf3.EW55|AN19.KOR.kf3.EW57|AN19.KOR.kf3.HW53|AN19.KOR.kf3.HW57|AN19.KOR.kf3.HW59|AN19.KOR.kf3.HW62|AN19.KOR.kf5.EW58|AN19.KOR.kf5.EW59|AN19.KOR.kf5.EW64|AN19.KOR.kf5.EW65|AN19.KOR.kf5.HW55|AN19.KOR.kf5.HW60|AN19.KOR.kf5.HW61|AN19.KOR.kf5.HW63|AN19.KOR.km1.EW60|AN19.KOR.km1.EW61|AN19.KOR.km1.EW62|AN19.KOR.km1.EW63|AN19.KOR.km1.HW64|AN19.KOR.km1.HW65|AN19.KOR.km1.HW66|AN19.KOR.km1.HW67|AN19.KOR.km3.EW66|AN19.KOR.km3.EW67|AN19.KOR.km3.EW72|AN19.KOR.km3.EW73|AN19.KOR.km3.HW68|AN19.KOR.km3.HW69|AN19.KOR.km3.HW74|AN19.KOR.km3.HW75|AN19.KOR.km8.EW18|AN19.KOR.km8.EW68|AN19.KOR.km8.EW69|AN19.KOR.km8.EW75|AN19.KOR.km8.HW29|AN19.KOR.km8.HW70|AN19.KOR.km8.HW72|AN19.KOR.km8.HW73",1,StratifiedKFold
AN19,AN19.148,AN19.Spanish.test_Korean,"AN19.SPA.sf1, AN19.SPA.sf3, AN19.SPA.sf5, AN19.SPA.sm3, AN19.SPA.sm5, AN19.SPA.sm7||AN19.KOR.kf1.EW50|AN19.KOR.kf1.EW51|AN19.KOR.kf1.EW53|AN19.KOR.kf1.EW56|AN19.KOR.kf1.HW52|AN19.KOR.kf1.HW54|AN19.KOR.kf1.HW56|AN19.KOR.kf1.HW58|AN19.KOR.kf3.EW52|AN19.KOR.kf3.EW54|AN19.KOR.kf3.EW55|AN19.KOR.kf3.EW57|AN19.KOR.kf3.HW53|AN19.KOR.kf3.HW57|AN19.KOR.kf3.HW59|AN19.KOR.kf3.HW62|AN19.KOR.kf5.EW58|AN19.KOR.kf5.EW59|AN19.KOR.kf5.EW64|AN19.KOR.kf5.EW65|AN19.KOR.kf5.HW55|AN19.KOR.kf5.HW60|AN19.KOR.kf5.HW61|AN19.KOR.kf5.HW63|AN19.KOR.km1.EW60|AN19.KOR.km1.EW61|AN19.KOR.km1.EW62|AN19.KOR.km1.EW63|AN19.KOR.km1.HW64|AN19.KOR.km1.HW65|AN19.KOR.km1.HW66|AN19.KOR.km1.HW67|AN19.KOR.km3.EW66|AN19.KOR.km3.EW67|AN19.KOR.km3.EW72|AN19.KOR.km3.EW73|AN19.KOR.km3.HW68|AN19.KOR.km3.HW69|AN19.KOR.km3.HW74|AN19.KOR.km3.HW75|AN19.KOR.km8.EW18|AN19.KOR.km8.EW68|AN19.KOR.km8.EW69|AN19.KOR.km8.EW75|AN19.KOR.km8.HW29|AN19.KOR.km8.HW70|AN19.KOR.km8.HW72|AN19.KOR.km8.HW73",2,StratifiedKFold
AN19,AN19.149,AN19.Mixed.test_Korean,"AN19.MIX.if1, AN19.MIX.if2, AN19.MIX.if5, AN19.MIX.im1, AN19.MIX.im2, AN19.MIX.im6||AN19.KOR.kf1.EW50|AN19.KOR.kf1.EW51|AN19.KOR.kf1.EW53|AN19.KOR.kf1.EW56|AN19.KOR.kf1.HW52|AN19.KOR.kf1.HW54|AN19.KOR.kf1.HW56|AN19.KOR.kf1.HW58|AN19.KOR.kf3.EW52|AN19.KOR.kf3.EW54|AN19.KOR.kf3.EW55|AN19.KOR.kf3.EW57|AN19.KOR.kf3.HW53|AN19.KOR.kf3.HW57|AN19.KOR.kf3.HW59|AN19.KOR.kf3.HW62|AN19.KOR.kf5.EW58|AN19.KOR.kf5.EW59|AN19.KOR.kf5.EW64|AN19.KOR.kf5.EW65|AN19.KOR.kf5.HW55|AN19.KOR.kf5.HW60|AN19.KOR.kf5.HW61|AN19.KOR.kf5.HW63|AN19.KOR.km1.EW60|AN19.KOR.km1.EW61|AN19.KOR.km1.EW62|AN19.KOR.km1.EW63|AN19.KOR.km1.HW64|AN19.KOR.km1.HW65|AN19.KOR.km1.HW66|AN19.KOR.km1.HW67|AN19.KOR.km3.EW66|AN19.KOR.km3.EW67|AN19.KOR.km3.EW72|AN19.KOR.km3.EW73|AN19.KOR.km3.HW68|AN19.KOR.km3.HW69|AN19.KOR.km3.HW74|AN19.KOR.km3.HW75|AN19.KOR.km8.EW18|AN19.KOR.km8.EW68|AN19.KOR.km8.EW69|AN19.KOR.km8.EW75|AN19.KOR.km8.HW29|AN19.KOR.km8.HW70|AN19.KOR.km8.HW72|AN19.KOR.km8.HW73",1,StratifiedKFold
AN19,AN19.150,AN19.Control.test_Korean,English||AN19.KOR.kf1.EW50|AN19.KOR.kf1.EW51|AN19.KOR.kf1.EW53|AN19.KOR.kf1.EW56|AN19.KOR.kf1.HW52|AN19.KOR.kf1.HW54|AN19.KOR.kf1.HW56|AN19.KOR.kf1.HW58|AN19.KOR.kf3.EW52|AN19.KOR.kf3.EW54|AN19.KOR.kf3.EW55|AN19.KOR.kf3.EW57|AN19.KOR.kf3.HW53|AN19.KOR.kf3.HW57|AN19.KOR.kf3.HW59|AN19.KOR.kf3.HW62|AN19.KOR.kf5.EW58|AN19.KOR.kf5.EW59|AN19.KOR.kf5.EW64|AN19.KOR.kf5.EW65|AN19.KOR.kf5.HW55|AN19.KOR.kf5.HW60|AN19.KOR.kf5.HW61|AN19.KOR.kf5.HW63|AN19.KOR.km1.EW60|AN19.KOR.km1.EW61|AN19.KOR.km1.EW62|AN19.KOR.km1.EW63|AN19.KOR.km1.HW64|AN19.KOR.km1.HW65|AN19.KOR.km1.HW66|AN19.KOR.km1.HW67|AN19.KOR.km3.EW66|AN19.KOR.km3.EW67|AN19.KOR.km3.EW72|AN19.KOR.km3.EW73|AN19.KOR.km3.HW68|AN19.KOR.km3.HW69|AN19.KOR.km3.HW74|AN19.KOR.km3.HW75|AN19.KOR.km8.EW18|AN19.KOR.km8.EW68|AN19.KOR.km8.EW69|AN19.KOR.km8.EW75|AN19.KOR.km8.HW29|AN19.KOR.km8.HW70|AN19.KOR.km8.HW72|AN19.KOR.km8.HW73,3,StratifiedKFold
AN19,AN19.151,AN19.Control.test_Korean,English||AN19.KOR.kf2.EW50|AN19.KOR.kf2.EW51|AN19.KOR.kf2.EW53|AN19.KOR.kf2.EW56|AN19.KOR.kf2.HW52|AN19.KOR.kf2.HW54|AN19.KOR.kf2.HW56|AN19.KOR.kf2.HW58|AN19.KOR.kf4.EW52|AN19.KOR.kf4.EW54|AN19.KOR.kf4.EW55|AN19.KOR.kf4.EW57|AN19.KOR.kf4.HW53|AN19.KOR.kf4.HW57|AN19.KOR.kf4.HW59|AN19.KOR.kf4.HW62|AN19.KOR.kf6.EW58|AN19.KOR.kf6.EW59|AN19.KOR.kf6.EW64|AN19.KOR.kf6.EW65|AN19.KOR.kf6.HW55|AN19.KOR.kf6.HW60|AN19.KOR.kf6.HW61|AN19.KOR.kf6.HW63|AN19.KOR.km2.EW60|AN19.KOR.km2.EW61|AN19.KOR.km2.EW62|AN19.KOR.km2.EW63|AN19.KOR.km2.HW64|AN19.KOR.km2.HW65|AN19.KOR.km2.HW66|AN19.KOR.km2.HW67|AN19.KOR.km6.EW66|AN19.KOR.km6.EW67|AN19.KOR.km6.EW72|AN19.KOR.km6.EW73|AN19.KOR.km6.HW68|AN19.KOR.km6.HW69|AN19.KOR.km6.HW74|AN19.KOR.km6.HW75|AN19.KOR.km7.EW18|AN19.KOR.km7.EW68|AN19.KOR.km7.EW69|AN19.KOR.km7.EW75|AN19.KOR.km7.HW29|AN19.KOR.km7.HW70|AN19.KOR.km7.HW72|AN19.KOR.km7.HW73,2,StratifiedKFold
AN19,AN19.152,AN19.Korean.test_Korean,"AN19.KOR.kf1, AN19.KOR.kf3, AN19.KOR.kf5, AN19.KOR.km1, AN19.KOR.km3, AN19.KOR.km8||AN19.KOR.kf2.EW50|AN19.KOR.kf2.EW51|AN19.KOR.kf2.EW53|AN19.KOR.kf2.EW56|AN19.KOR.kf2.HW52|AN19.KOR.kf2.HW54|AN19.KOR.kf2.HW56|AN19.KOR.kf2.HW58|AN19.KOR.kf4.EW52|AN19.KOR.kf4.EW54|AN19.KOR.kf4.EW55|AN19.KOR.kf4.EW57|AN19.KOR.kf4.HW53|AN19.KOR.kf4.HW57|AN19.KOR.kf4.HW59|AN19.KOR.kf4.HW62|AN19.KOR.kf6.EW58|AN19.KOR.kf6.EW59|AN19.KOR.kf6.EW64|AN19.KOR.kf6.EW65|AN19.KOR.kf6.HW55|AN19.KOR.kf6.HW60|AN19.KOR.kf6.HW61|AN19.KOR.kf6.HW63|AN19.KOR.km2.EW60|AN19.KOR.km2.EW61|AN19.KOR.km2.EW62|AN19.KOR.km2.EW63|AN19.KOR.km2.HW64|AN19.KOR.km2.HW65|AN19.KOR.km2.HW66|AN19.KOR.km2.HW67|AN19.KOR.km6.EW66|AN19.KOR.km6.EW67|AN19.KOR.km6.EW72|AN19.KOR.km6.EW73|AN19.KOR.km6.HW68|AN19.KOR.km6.HW69|AN19.KOR.km6.HW74|AN19.KOR.km6.HW75|AN19.KOR.km7.EW18|AN19.KOR.km7.EW68|AN19.KOR.km7.EW69|AN19.KOR.km7.EW75|AN19.KOR.km7.HW29|AN19.KOR.km7.HW70|AN19.KOR.km7.HW72|AN19.KOR.km7.HW73",2,StratifiedKFold
AN19,AN19.153,AN19.Spanish.test_Korean,"AN19.SPA.sf1, AN19.SPA.sf3, AN19.SPA.sf5, AN19.SPA.sm3, AN19.SPA.sm5, AN19.SPA.sm7||AN19.KOR.kf2.EW50|AN19.KOR.kf2.EW51|AN19.KOR.kf2.EW53|AN19.KOR.kf2.EW56|AN19.KOR.kf2.HW52|AN19.KOR.kf2.HW54|AN19.KOR.kf2.HW56|AN19.KOR.kf2.HW58|AN19.KOR.kf4.EW52|AN19.KOR.kf4.EW54|AN19.KOR.kf4.EW55|AN19.KOR.kf4.EW57|AN19.KOR.kf4.HW53|AN19.KOR.kf4.HW57|AN19.KOR.kf4.HW59|AN19.KOR.kf4.HW62|AN19.KOR.kf6.EW58|AN19.KOR.kf6.EW59|AN19.KOR.kf6.EW64|AN19.KOR.kf6.EW65|AN19.KOR.kf6.HW55|AN19.KOR.kf6.HW60|AN19.KOR.kf6.HW61|AN19.KOR.kf6.HW63|AN19.KOR.km2.EW60|AN19.KOR.km2.EW61|AN19.KOR.km2.EW62|AN19.KOR.km2.EW63|AN19.KOR.km2.HW64|AN19.KOR.km2.HW65|AN19.KOR.km2.HW66|AN19.KOR.km2.HW67|AN19.KOR.km6.EW66|AN19.KOR.km6.EW67|AN19.KOR.km6.EW72|AN19.KOR.km6.EW73|AN19.KOR.km6.HW68|AN19.KOR.km6.HW69|AN19.KOR.km6.HW74|AN19.KOR.km6.HW75|AN19.KOR.km7.EW18|AN19.KOR.km7.EW68|AN19.KOR.km7.EW69|AN19.KOR.km7.EW75|AN19.KOR.km7.HW29|AN19.KOR.km7.HW70|AN19.KOR.km7.HW72|AN19.KOR.km7.HW73",1,StratifiedKFold
AN19,AN19.154,AN19.Mixed.test_Korean,"AN19.MIX.if1, AN19.MIX.if2, AN19.MIX.if5, AN19.MIX.im1, AN19.MIX.im2, AN19.MIX.im6||AN19.KOR.kf2.EW50|AN19.KOR.kf2.EW51|AN19.KOR.kf2.EW53|AN19.KOR.kf2.EW56|AN19.KOR.kf2.HW52|AN19.KOR.kf2.HW54|AN19.KOR.kf2.HW56|AN19.KOR.kf2.HW58|AN19.KOR.kf4.EW52|AN19.KOR.kf4.EW54|AN19.KOR.kf4.EW55|AN19.KOR.kf4.EW57|AN19.KOR.kf4.HW53|AN19.KOR.kf4.HW57|AN19.KOR.kf4.HW59|AN19.KOR.kf4.HW62|AN19.KOR.kf6.EW58|AN19.KOR.kf6.EW59|AN19.KOR.kf6.EW64|AN19.KOR.kf6.EW65|AN19.KOR.kf6.HW55|AN19.KOR.kf6.HW60|AN19.KOR.kf6.HW61|AN19.KOR.kf6.HW63|AN19.KOR.km2.EW60|AN19.KOR.km2.EW61|AN19.KOR.km2.EW62|AN19.KOR.km2.EW63|AN19.KOR.km2.HW64|AN19.KOR.km2.HW65|AN19.KOR.km2.HW66|AN19.KOR.km2.HW67|AN19.KOR.km6.EW66|AN19.KOR.km6.EW67|AN19.KOR.km6.EW72|AN19.KOR.km6.EW73|AN19.KOR.km6.HW68|AN19.KOR.km6.HW69|AN19.KOR.km6.HW74|AN19.KOR.km6.HW75|AN19.KOR.km7.EW18|AN19.KOR.km7.EW68|AN19.KOR.km7.EW69|AN19.KOR.km7.EW75|AN19.KOR.km7.HW29|AN19.KOR.km7.HW70|AN19.KOR.km7.HW72|AN19.KOR.km7.HW73",1,StratifiedKFold
AN19,AN19.155,AN19.Korean.test_Korean,"AN19.KOR.kf2, AN19.KOR.kf4, AN19.KOR.kf6, AN19.KOR.km2, AN19.KOR.km6, AN19.KOR.km7||AN19.KOR.kf1.EW50|AN19.KOR.kf1.EW51|AN19.KOR.kf1.EW53|AN19.KOR.kf1.EW56|AN19.KOR.kf1.HW52|AN19.KOR.kf1.HW54|AN19.KOR.kf1.HW56|AN19.KOR.kf1.HW58|AN19.KOR.kf3.EW52|AN19.KOR.kf3.EW54|AN19.KOR.kf3.EW55|AN19.KOR.kf3.EW57|AN19.KOR.kf3.HW53|AN19.KOR.kf3.HW57|AN19.KOR.kf3.HW59|AN19.KOR.kf3.HW62|AN19.KOR.kf5.EW58|AN19.KOR.kf5.EW59|AN19.KOR.kf5.EW64|AN19.KOR.kf5.EW65|AN19.KOR.kf5.HW55|AN19.KOR.kf5.HW60|AN19.KOR.kf5.HW61|AN19.KOR.kf5.HW63|AN19.KOR.km1.EW60|AN19.KOR.km1.EW61|AN19.KOR.km1.EW62|AN19.KOR.km1.EW63|AN19.KOR.km1.HW64|AN19.KOR.km1.HW65|AN19.KOR.km1.HW66|AN19.KOR.km1.HW67|AN19.KOR.km3.EW66|AN19.KOR.km3.EW67|AN19.KOR.km3.EW72|AN19.KOR.km3.EW73|AN19.KOR.km3.HW68|AN19.KOR.km3.HW69|AN19.KOR.km3.HW74|AN19.KOR.km3.HW75|AN19.KOR.km8.EW18|AN19.KOR.km8.EW68|AN19.KOR.km8.EW69|AN19.KOR.km8.EW75|AN19.KOR.km8.HW29|AN19.KOR.km8.HW70|AN19.KOR.km8.HW72|AN19.KOR.km8.HW73",2,StratifiedKFold
AN19,AN19.156,AN19.Spanish.test_Korean,"AN19.SPA.sf2, AN19.SPA.sf4, AN19.SPA.sf6, AN19.SPA.sm2, AN19.SPA.sm4, AN19.SPA.sm6||AN19.KOR.kf1.EW50|AN19.KOR.kf1.EW51|AN19.KOR.kf1.EW53|AN19.KOR.kf1.EW56|AN19.KOR.kf1.HW52|AN19.KOR.kf1.HW54|AN19.KOR.kf1.HW56|AN19.KOR.kf1.HW58|AN19.KOR.kf3.EW52|AN19.KOR.kf3.EW54|AN19.KOR.kf3.EW55|AN19.KOR.kf3.EW57|AN19.KOR.kf3.HW53|AN19.KOR.kf3.HW57|AN19.KOR.kf3.HW59|AN19.KOR.kf3.HW62|AN19.KOR.kf5.EW58|AN19.KOR.kf5.EW59|AN19.KOR.kf5.EW64|AN19.KOR.kf5.EW65|AN19.KOR.kf5.HW55|AN19.KOR.kf5.HW60|AN19.KOR.kf5.HW61|AN19.KOR.kf5.HW63|AN19.KOR.km1.EW60|AN19.KOR.km1.EW61|AN19.KOR.km1.EW62|AN19.KOR.km1.EW63|AN19.KOR.km1.HW64|AN19.KOR.km1.HW65|AN19.KOR.km1.HW66|AN19.KOR.km1.HW67|AN19.KOR.km3.EW66|AN19.KOR.km3.EW67|AN19.KOR.km3.EW72|AN19.KOR.km3.EW73|AN19.KOR.km3.HW68|AN19.KOR.km3.HW69|AN19.KOR.km3.HW74|AN19.KOR.km3.HW75|AN19.KOR.km8.EW18|AN19.KOR.km8.EW68|AN19.KOR.km8.EW69|AN19.KOR.km8.EW75|AN19.KOR.km8.HW29|AN19.KOR.km8.HW70|AN19.KOR.km8.HW72|AN19.KOR.km8.HW73",1,StratifiedKFold
AN19,AN19.157,AN19.Mixed.test_Korean,"AN19.MIX.if3, AN19.MIX.if4, AN19.MIX.if6, AN19.MIX.im3, AN19.MIX.im4, AN19.MIX.im5||AN19.KOR.kf1.EW50|AN19.KOR.kf1.EW51|AN19.KOR.kf1.EW53|AN19.KOR.kf1.EW56|AN19.KOR.kf1.HW52|AN19.KOR.kf1.HW54|AN19.KOR.kf1.HW56|AN19.KOR.kf1.HW58|AN19.KOR.kf3.EW52|AN19.KOR.kf3.EW54|AN19.KOR.kf3.EW55|AN19.KOR.kf3.EW57|AN19.KOR.kf3.HW53|AN19.KOR.kf3.HW57|AN19.KOR.kf3.HW59|AN19.KOR.kf3.HW62|AN19.KOR.kf5.EW58|AN19.KOR.kf5.EW59|AN19.KOR.kf5.EW64|AN19.KOR.kf5.EW65|AN19.KOR.kf5.HW55|AN19.KOR.kf5.HW60|AN19.KOR.kf5.HW61|AN19.KOR.kf5.HW63|AN19.KOR.km1.EW60|AN19.KOR.km1.EW61|AN19.KOR.km1.EW62|AN19.KOR.km1.EW63|AN19.KOR.km1.HW64|AN19.KOR.km1.HW65|AN19.KOR.km1.HW66|AN19.KOR.km1.HW67|AN19.KOR.km3.EW66|AN19.KOR.km3.EW67|AN19.KOR.km3.EW72|AN19.KOR.km3.EW73|AN19.KOR.km3.HW68|AN19.KOR.km3.HW69|AN19.KOR.km3.HW74|AN19.KOR.km3.HW75|AN19.KOR.km8.EW18|AN19.KOR.km8.EW68|AN19.KOR.km8.EW69|AN19.KOR.km8.EW75|AN19.KOR.km8.HW29|AN19.KOR.km8.HW70|AN19.KOR.km8.HW72|AN19.KOR.km8.HW73",1,StratifiedKFold
AN19,AN19.159,AN19.Korean.test_Korean,"AN19.KOR.kf1, AN19.KOR.kf3, AN19.KOR.kf5, AN19.KOR.km1, AN19.KOR.km3, AN19.KOR.km8||AN19.KOR.kf2.EW50|AN19.KOR.kf2.EW51|AN19.KOR.kf2.EW53|AN19.KOR.kf2.EW56|AN19.KOR.kf2.HW52|AN19.KOR.kf2.HW54|AN19.KOR.kf2.HW56|AN19.KOR.kf2.HW58|AN19.KOR.kf4.EW52|AN19.KOR.kf4.EW54|AN19.KOR.kf4.EW55|AN19.KOR.kf4.EW57|AN19.KOR.kf4.HW53|AN19.KOR.kf4.HW57|AN19.KOR.kf4.HW59|AN19.KOR.kf4.HW62|AN19.KOR.kf6.EW58|AN19.KOR.kf6.EW59|AN19.KOR.kf6.EW64|AN19.KOR.kf6.EW65|AN19.KOR.kf6.HW55|AN19.KOR.kf6.HW60|AN19.KOR.kf6.HW61|AN19.KOR.kf6.HW63|AN19.KOR.km2.EW60|AN19.KOR.km2.EW61|AN19.KOR.km2.EW62|AN19.KOR.km2.EW63|AN19.KOR.km2.HW64|AN19.KOR.km2.HW65|AN19.KOR.km2.HW66|AN19.KOR.km2.HW67|AN19.KOR.km6.EW66|AN19.KOR.km6.EW67|AN19.KOR.km6.EW72|AN19.KOR.km6.EW73|AN19.KOR.km6.HW68|AN19.KOR.km6.HW69|AN19.KOR.km6.HW74|AN19.KOR.km6.HW75|AN19.KOR.km7.EW18|AN19.KOR.km7.EW68|AN19.KOR.km7.EW69|AN19.KOR.km7.EW75|AN19.KOR.km7.HW29|AN19.KOR.km7.HW70|AN19.KOR.km7.HW72|AN19.KOR.km7.HW73",1,StratifiedKFold
AN19,AN19.160,AN19.Spanish.test_Korean,"AN19.SPA.sf2, AN19.SPA.sf4, AN19.SPA.sf6, AN19.SPA.sm2, AN19.SPA.sm4, AN19.SPA.sm6||AN19.KOR.kf2.EW50|AN19.KOR.kf2.EW51|AN19.KOR.kf2.EW53|AN19.KOR.kf2.EW56|AN19.KOR.kf2.HW52|AN19.KOR.kf2.HW54|AN19.KOR.kf2.HW56|AN19.KOR.kf2.HW58|AN19.KOR.kf4.EW52|AN19.KOR.kf4.EW54|AN19.KOR.kf4.EW55|AN19.KOR.kf4.EW57|AN19.KOR.kf4.HW53|AN19.KOR.kf4.HW57|AN19.KOR.kf4.HW59|AN19.KOR.kf4.HW62|AN19.KOR.kf6.EW58|AN19.KOR.kf6.EW59|AN19.KOR.kf6.EW64|AN19.KOR.kf6.EW65|AN19.KOR.kf6.HW55|AN19.KOR.kf6.HW60|AN19.KOR.kf6.HW61|AN19.KOR.kf6.HW63|AN19.KOR.km2.EW60|AN19.KOR.km2.EW61|AN19.KOR.km2.EW62|AN19.KOR.km2.EW63|AN19.KOR.km2.HW64|AN19.KOR.km2.HW65|AN19.KOR.km2.HW66|AN19.KOR.km2.HW67|AN19.KOR.km6.EW66|AN19.KOR.km6.EW67|AN19.KOR.km6.EW72|AN19.KOR.km6.EW73|AN19.KOR.km6.HW68|AN19.KOR.km6.HW69|AN19.KOR.km6.HW74|AN19.KOR.km6.HW75|AN19.KOR.km7.EW18|AN19.KOR.km7.EW68|AN19.KOR.km7.EW69|AN19.KOR.km7.EW75|AN19.KOR.km7.HW29|AN19.KOR.km7.HW70|AN19.KOR.km7.HW72|AN19.KOR.km7.HW73",3,StratifiedKFold
AN19,AN19.162,AN19.Control.test_Korean,English||AN19.KOR.kf2.EW50|AN19.KOR.kf2.EW51|AN19.KOR.kf2.EW53|AN19.KOR.kf2.EW56|AN19.KOR.kf2.HW52|AN19.KOR.kf2.HW54|AN19.KOR.kf2.HW56|AN19.KOR.kf2.HW58|AN19.KOR.kf4.EW52|AN19.KOR.kf4.EW54|AN19.KOR.kf4.EW55|AN19.KOR.kf4.EW57|AN19.KOR.kf4.HW53|AN19.KOR.kf4.HW57|AN19.KOR.kf4.HW59|AN19.KOR.kf4.HW62|AN19.KOR.kf6.EW58|AN19.KOR.kf6.EW59|AN19.KOR.kf6.EW64|AN19.KOR.kf6.EW65|AN19.KOR.kf6.HW55|AN19.KOR.kf6.HW60|AN19.KOR.kf6.HW61|AN19.KOR.kf6.HW63|AN19.KOR.km2.EW60|AN19.KOR.km2.EW61|AN19.KOR.km2.EW62|AN19.KOR.km2.EW63|AN19.KOR.km2.HW64|AN19.KOR.km2.HW65|AN19.KOR.km2.HW66|AN19.KOR.km2.HW67|AN19.KOR.km6.EW66|AN19.KOR.km6.EW67|AN19.KOR.km6.EW72|AN19.KOR.km6.EW73|AN19.KOR.km6.HW68|AN19.KOR.km6.HW69|AN19.KOR.km6.HW74|AN19.KOR.km6.HW75|AN19.KOR.km7.EW18|AN19.KOR.km7.EW68|AN19.KOR.km7.EW69|AN19.KOR.km7.EW75|AN19.KOR.km7.HW29|AN19.KOR.km7.HW70|AN19.KOR.km7.HW72|AN19.KOR.km7.HW73,3,StratifiedKFold
AN19,AN19.163,AN19.Spanish.test_Spanish,"AN19.SPA.sf2, AN19.SPA.sf4, AN19.SPA.sf6, AN19.SPA.sm2, AN19.SPA.sm4, AN19.SPA.sm6||AN19.SPA.sf1.EW50|AN19.SPA.sf1.EW51|AN19.SPA.sf1.EW53|AN19.SPA.sf1.EW56|AN19.SPA.sf1.HW52|AN19.SPA.sf1.HW54|AN19.SPA.sf1.HW56|AN19.SPA.sf1.HW58|AN19.SPA.sf3.EW52|AN19.SPA.sf3.EW54|AN19.SPA.sf3.EW55|AN19.SPA.sf3.EW57|AN19.SPA.sf3.HW53|AN19.SPA.sf3.HW57|AN19.SPA.sf3.HW59|AN19.SPA.sf3.HW62|AN19.SPA.sf5.EW58|AN19.SPA.sf5.EW59|AN19.SPA.sf5.EW64|AN19.SPA.sf5.EW65|AN19.SPA.sf5.HW55|AN19.SPA.sf5.HW60|AN19.SPA.sf5.HW61|AN19.SPA.sf5.HW63|AN19.SPA.sm3.EW60|AN19.SPA.sm3.EW61|AN19.SPA.sm3.EW62|AN19.SPA.sm3.EW63|AN19.SPA.sm3.HW64|AN19.SPA.sm3.HW65|AN19.SPA.sm3.HW66|AN19.SPA.sm3.HW67|AN19.SPA.sm5.EW66|AN19.SPA.sm5.EW67|AN19.SPA.sm5.EW72|AN19.SPA.sm5.EW73|AN19.SPA.sm5.HW68|AN19.SPA.sm5.HW69|AN19.SPA.sm5.HW74|AN19.SPA.sm5.HW75|AN19.SPA.sm7.EW18|AN19.SPA.sm7.EW68|AN19.SPA.sm7.EW69|AN19.SPA.sm7.EW75|AN19.SPA.sm7.HW29|AN19.SPA.sm7.HW70|AN19.SPA.sm7.HW72|AN19.SPA.sm7.HW73",2,StratifiedKFold
AN19,AN19.164,AN19.Korean.test_Spanish,"AN19.KOR.kf2, AN19.KOR.kf4, AN19.KOR.kf6, AN19.KOR.km2, AN19.KOR.km6, AN19.KOR.km7||AN19.SPA.sf1.EW50|AN19.SPA.sf1.EW51|AN19.SPA.sf1.EW53|AN19.SPA.sf1.EW56|AN19.SPA.sf1.HW52|AN19.SPA.sf1.HW54|AN19.SPA.sf1.HW56|AN19.SPA.sf1.HW58|AN19.SPA.sf3.EW52|AN19.SPA.sf3.EW54|AN19.SPA.sf3.EW55|AN19.SPA.sf3.EW57|AN19.SPA.sf3.HW53|AN19.SPA.sf3.HW57|AN19.SPA.sf3.HW59|AN19.SPA.sf3.HW62|AN19.SPA.sf5.EW58|AN19.SPA.sf5.EW59|AN19.SPA.sf5.EW64|AN19.SPA.sf5.EW65|AN19.SPA.sf5.HW55|AN19.SPA.sf5.HW60|AN19.SPA.sf5.HW61|AN19.SPA.sf5.HW63|AN19.SPA.sm3.EW60|AN19.SPA.sm3.EW61|AN19.SPA.sm3.EW62|AN19.SPA.sm3.EW63|AN19.SPA.sm3.HW64|AN19.SPA.sm3.HW65|AN19.SPA.sm3.HW66|AN19.SPA.sm3.HW67|AN19.SPA.sm5.EW66|AN19.SPA.sm5.EW67|AN19.SPA.sm5.EW72|AN19.SPA.sm5.EW73|AN19.SPA.sm5.HW68|AN19.SPA.sm5.HW69|AN19.SPA.sm5.HW74|AN19.SPA.sm5.HW75|AN19.SPA.sm7.EW18|AN19.SPA.sm7.EW68|AN19.SPA.sm7.EW69|AN19.SPA.sm7.EW75|AN19.SPA.sm7.HW29|AN19.SPA.sm7.HW70|AN19.SPA.sm7.HW72|AN19.SPA.sm7.HW73",2,StratifiedKFold
AN19,AN19.165,AN19.Mixed.test_Spanish,"AN19.MIX.if1, AN19.MIX.if2, AN19.MIX.if5, AN19.MIX.im1, AN19.MIX.im2, AN19.MIX.im6||AN19.SPA.sf1.EW50|AN19.SPA.sf1.EW51|AN19.SPA.sf1.EW53|AN19.SPA.sf1.EW56|AN19.SPA.sf1.HW52|AN19.SPA.sf1.HW54|AN19.SPA.sf1.HW56|AN19.SPA.sf1.HW58|AN19.SPA.sf3.EW52|AN19.SPA.sf3.EW54|AN19.SPA.sf3.EW55|AN19.SPA.sf3.EW57|AN19.SPA.sf3.HW53|AN19.SPA.sf3.HW57|AN19.SPA.sf3.HW59|AN19.SPA.sf3.HW62|AN19.SPA.sf5.EW58|AN19.SPA.sf5.EW59|AN19.SPA.sf5.EW64|AN19.SPA.sf5.EW65|AN19.SPA.sf5.HW55|AN19.SPA.sf5.HW60|AN19.SPA.sf5.HW61|AN19.SPA.sf5.HW63|AN19.SPA.sm3.EW60|AN19.SPA.sm3.EW61|AN19.SPA.sm3.EW62|AN19.SPA.sm3.EW63|AN19.SPA.sm3.HW64|AN19.SPA.sm3.HW65|AN19.SPA.sm3.HW66|AN19.SPA.sm3.HW67|AN19.SPA.sm5.EW66|AN19.SPA.sm5.EW67|AN19.SPA.sm5.EW72|AN19.SPA.sm5.EW73|AN19.SPA.sm5.HW68|AN19.SPA.sm5.HW69|AN19.SPA.sm5.HW74|AN19.SPA.sm5.HW75|AN19.SPA.sm7.EW18|AN19.SPA.sm7.EW68|AN19.SPA.sm7.EW69|AN19.SPA.sm7.EW75|AN19.SPA.sm7.HW29|AN19.SPA.sm7.HW70|AN19.SPA.sm7.HW72|AN19.SPA.sm7.HW73",3,StratifiedKFold
AN19,AN19.166,AN19.Control.test_Spanish,English||AN19.SPA.sf1.EW50|AN19.SPA.sf1.EW51|AN19.SPA.sf1.EW53|AN19.SPA.sf1.EW56|AN19.SPA.sf1.HW52|AN19.SPA.sf1.HW54|AN19.SPA.sf1.HW56|AN19.SPA.sf1.HW58|AN19.SPA.sf3.EW52|AN19.SPA.sf3.EW54|AN19.SPA.sf3.EW55|AN19.SPA.sf3.EW57|AN19.SPA.sf3.HW53|AN19.SPA.sf3.HW57|AN19.SPA.sf3.HW59|AN19.SPA.sf3.HW62|AN19.SPA.sf5.EW58|AN19.SPA.sf5.EW59|AN19.SPA.sf5.EW64|AN19.SPA.sf5.EW65|AN19.SPA.sf5.HW55|AN19.SPA.sf5.HW60|AN19.SPA.sf5.HW61|AN19.SPA.sf5.HW63|AN19.SPA.sm3.EW60|AN19.SPA.sm3.EW61|AN19.SPA.sm3.EW62|AN19.SPA.sm3.EW63|AN19.SPA.sm3.HW64|AN19.SPA.sm3.HW65|AN19.SPA.sm3.HW66|AN19.SPA.sm3.HW67|AN19.SPA.sm5.EW66|AN19.SPA.sm5.EW67|AN19.SPA.sm5.EW72|AN19.SPA.sm5.EW73|AN19.SPA.sm5.HW68|AN19.SPA.sm5.HW69|AN19.SPA.sm5.HW74|AN19.SPA.sm5.HW75|AN19.SPA.sm7.EW18|AN19.SPA.sm7.EW68|AN19.SPA.sm7.EW69|AN19.SPA.sm7.EW75|AN19.SPA.sm7.HW29|AN19.SPA.sm7.HW70|AN19.SPA.sm7.HW72|AN19.SPA.sm7.HW73,2,StratifiedKFold
AN19,AN19.167,AN19.Spanish.test_Spanish,"AN19.SPA.sf1, AN19.SPA.sf3, AN19.SPA.sf5, AN19.SPA.sm3, AN19.SPA.sm5, AN19.SPA.sm7||AN19.SPA.sf2.EW50|AN19.SPA.sf2.EW51|AN19.SPA.sf2.EW53|AN19.SPA.sf2.EW56|AN19.SPA.sf2.HW52|AN19.SPA.sf2.HW54|AN19.SPA.sf2.HW56|AN19.SPA.sf2.HW58|AN19.SPA.sf4.EW52|AN19.SPA.sf4.EW54|AN19.SPA.sf4.EW55|AN19.SPA.sf4.EW57|AN19.SPA.sf4.HW53|AN19.SPA.sf4.HW57|AN19.SPA.sf4.HW59|AN19.SPA.sf4.HW62|AN19.SPA.sf6.EW58|AN19.SPA.sf6.EW59|AN19.SPA.sf6.EW64|AN19.SPA.sf6.EW65|AN19.SPA.sf6.HW55|AN19.SPA.sf6.HW60|AN19.SPA.sf6.HW61|AN19.SPA.sf6.HW63|AN19.SPA.sm2.EW60|AN19.SPA.sm2.EW61|AN19.SPA.sm2.EW62|AN19.SPA.sm2.EW63|AN19.SPA.sm2.HW64|AN19.SPA.sm2.HW65|AN19.SPA.sm2.HW66|AN19.SPA.sm2.HW67|AN19.SPA.sm4.EW66|AN19.SPA.sm4.EW67|AN19.SPA.sm4.EW72|AN19.SPA.sm4.EW73|AN19.SPA.sm4.HW68|AN19.SPA.sm4.HW69|AN19.SPA.sm4.HW74|AN19.SPA.sm4.HW75|AN19.SPA.sm6.EW18|AN19.SPA.sm6.EW68|AN19.SPA.sm6.EW69|AN19.SPA.sm6.EW75|AN19.SPA.sm6.HW29|AN19.SPA.sm6.HW70|AN19.SPA.sm6.HW72|AN19.SPA.sm6.HW73",3,StratifiedKFold
AN19,AN19.169,AN19.Mixed.test_Spanish,"AN19.MIX.if1, AN19.MIX.if2, AN19.MIX.if5, AN19.MIX.im1, AN19.MIX.im2, AN19.MIX.im6||AN19.SPA.sf2.EW50|AN19.SPA.sf2.EW51|AN19.SPA.sf2.EW53|AN19.SPA.sf2.EW56|AN19.SPA.sf2.HW52|AN19.SPA.sf2.HW54|AN19.SPA.sf2.HW56|AN19.SPA.sf2.HW58|AN19.SPA.sf4.EW52|AN19.SPA.sf4.EW54|AN19.SPA.sf4.EW55|AN19.SPA.sf4.EW57|AN19.SPA.sf4.HW53|AN19.SPA.sf4.HW57|AN19.SPA.sf4.HW59|AN19.SPA.sf4.HW62|AN19.SPA.sf6.EW58|AN19.SPA.sf6.EW59|AN19.SPA.sf6.EW64|AN19.SPA.sf6.EW65|AN19.SPA.sf6.HW55|AN19.SPA.sf6.HW60|AN19.SPA.sf6.HW61|AN19.SPA.sf6.HW63|AN19.SPA.sm2.EW60|AN19.SPA.sm2.EW61|AN19.SPA.sm2.EW62|AN19.SPA.sm2.EW63|AN19.SPA.sm2.HW64|AN19.SPA.sm2.HW65|AN19.SPA.sm2.HW66|AN19.SPA.sm2.HW67|AN19.SPA.sm4.EW66|AN19.SPA.sm4.EW67|AN19.SPA.sm4.EW72|AN19.SPA.sm4.EW73|AN19.SPA.sm4.HW68|AN19.SPA.sm4.HW69|AN19.SPA.sm4.HW74|AN19.SPA.sm4.HW75|AN19.SPA.sm6.EW18|AN19.SPA.sm6.EW68|AN19.SPA.sm6.EW69|AN19.SPA.sm6.EW75|AN19.SPA.sm6.HW29|AN19.SPA.sm6.HW70|AN19.SPA.sm6.HW72|AN19.SPA.sm6.HW73",3,StratifiedKFold
AN19,AN19.170,AN19.Spanish.test_Spanish,"AN19.SPA.sf2, AN19.SPA.sf4, AN19.SPA.sf6, AN19.SPA.sm2, AN19.SPA.sm4, AN19.SPA.sm6||AN19.SPA.sf1.EW50|AN19.SPA.sf1.EW51|AN19.SPA.sf1.EW53|AN19.SPA.sf1.EW56|AN19.SPA.sf1.HW52|AN19.SPA.sf1.HW54|AN19.SPA.sf1.HW56|AN19.SPA.sf1.HW58|AN19.SPA.sf3.EW52|AN19.SPA.sf3.EW54|AN19.SPA.sf3.EW55|AN19.SPA.sf3.EW57|AN19.SPA.sf3.HW53|AN19.SPA.sf3.HW57|AN19.SPA.sf3.HW59|AN19.SPA.sf3.HW62|AN19.SPA.sf5.EW58|AN19.SPA.sf5.EW59|AN19.SPA.sf5.EW64|AN19.SPA.sf5.EW65|AN19.SPA.sf5.HW55|AN19.SPA.sf5.HW60|AN19.SPA.sf5.HW61|AN19.SPA.sf5.HW63|AN19.SPA.sm3.EW60|AN19.SPA.sm3.EW61|AN19.SPA.sm3.EW62|AN19.SPA.sm3.EW63|AN19.SPA.sm3.HW64|AN19.SPA.sm3.HW65|AN19.SPA.sm3.HW66|AN19.SPA.sm3.HW67|AN19.SPA.sm5.EW66|AN19.SPA.sm5.EW67|AN19.SPA.sm5.EW72|AN19.SPA.sm5.EW73|AN19.SPA.sm5.HW68|AN19.SPA.sm5.HW69|AN19.SPA.sm5.HW74|AN19.SPA.sm5.HW75|AN19.SPA.sm7.EW18|AN19.SPA.sm7.EW68|AN19.SPA.sm7.EW69|AN19.SPA.sm7.EW75|AN19.SPA.sm7.HW29|AN19.SPA.sm7.HW70|AN19.SPA.sm7.HW72|AN19.SPA.sm7.HW73",1,StratifiedKFold
AN19,AN19.171,AN19.Korean.test_Spanish,"AN19.KOR.kf1, AN19.KOR.kf3, AN19.KOR.kf5, AN19.KOR.km1, AN19.KOR.km3, AN19.KOR.km8||AN19.SPA.sf2.EW50|AN19.SPA.sf2.EW51|AN19.SPA.sf2.EW53|AN19.SPA.sf2.EW56|AN19.SPA.sf2.HW52|AN19.SPA.sf2.HW54|AN19.SPA.sf2.HW56|AN19.SPA.sf2.HW58|AN19.SPA.sf4.EW52|AN19.SPA.sf4.EW54|AN19.SPA.sf4.EW55|AN19.SPA.sf4.EW57|AN19.SPA.sf4.HW53|AN19.SPA.sf4.HW57|AN19.SPA.sf4.HW59|AN19.SPA.sf4.HW62|AN19.SPA.sf6.EW58|AN19.SPA.sf6.EW59|AN19.SPA.sf6.EW64|AN19.SPA.sf6.EW65|AN19.SPA.sf6.HW55|AN19.SPA.sf6.HW60|AN19.SPA.sf6.HW61|AN19.SPA.sf6.HW63|AN19.SPA.sm2.EW60|AN19.SPA.sm2.EW61|AN19.SPA.sm2.EW62|AN19.SPA.sm2.EW63|AN19.SPA.sm2.HW64|AN19.SPA.sm2.HW65|AN19.SPA.sm2.HW66|AN19.SPA.sm2.HW67|AN19.SPA.sm4.EW66|AN19.SPA.sm4.EW67|AN19.SPA.sm4.EW72|AN19.SPA.sm4.EW73|AN19.SPA.sm4.HW68|AN19.SPA.sm4.HW69|AN19.SPA.sm4.HW74|AN19.SPA.sm4.HW75|AN19.SPA.sm6.EW18|AN19.SPA.sm6.EW68|AN19.SPA.sm6.EW69|AN19.SPA.sm6.EW75|AN19.SPA.sm6.HW29|AN19.SPA.sm6.HW70|AN19.SPA.sm6.HW72|AN19.SPA.sm6.HW73",3,StratifiedKFold
AN19,AN19.172,AN19.Control.test_Spanish,English||AN19.SPA.sf2.EW50|AN19.SPA.sf2.EW51|AN19.SPA.sf2.EW53|AN19.SPA.sf2.EW56|AN19.SPA.sf2.HW52|AN19.SPA.sf2.HW54|AN19.SPA.sf2.HW56|AN19.SPA.sf2.HW58|AN19.SPA.sf4.EW52|AN19.SPA.sf4.EW54|AN19.SPA.sf4.EW55|AN19.SPA.sf4.EW57|AN19.SPA.sf4.HW53|AN19.SPA.sf4.HW57|AN19.SPA.sf4.HW59|AN19.SPA.sf4.HW62|AN19.SPA.sf6.EW58|AN19.SPA.sf6.EW59|AN19.SPA.sf6.EW64|AN19.SPA.sf6.EW65|AN19.SPA.sf6.HW55|AN19.SPA.sf6.HW60|AN19.SPA.sf6.HW61|AN19.SPA.sf6.HW63|AN19.SPA.sm2.EW60|AN19.SPA.sm2.EW61|AN19.SPA.sm2.EW62|AN19.SPA.sm2.EW63|AN19.SPA.sm2.HW64|AN19.SPA.sm2.HW65|AN19.SPA.sm2.HW66|AN19.SPA.sm2.HW67|AN19.SPA.sm4.EW66|AN19.SPA.sm4.EW67|AN19.SPA.sm4.EW72|AN19.SPA.sm4.EW73|AN19.SPA.sm4.HW68|AN19.SPA.sm4.HW69|AN19.SPA.sm4.HW74|AN19.SPA.sm4.HW75|AN19.SPA.sm6.EW18|AN19.SPA.sm6.EW68|AN19.SPA.sm6.EW69|AN19.SPA.sm6.EW75|AN19.SPA.sm6.HW29|AN19.SPA.sm6.HW70|AN19.SPA.sm6.HW72|AN19.SPA.sm6.HW73,2,StratifiedKFold
AN19,AN19.173,AN19.Spanish.test_Spanish,"AN19.SPA.sf2, AN19.SPA.sf4, AN19.SPA.sf6, AN19.SPA.sm2, AN19.SPA.sm4, AN19.SPA.sm6||AN19.SPA.sf1.EW50|AN19.SPA.sf1.EW51|AN19.SPA.sf1.EW53|AN19.SPA.sf1.EW56|AN19.SPA.sf1.HW52|AN19.SPA.sf1.HW54|AN19.SPA.sf1.HW56|AN19.SPA.sf1.HW58|AN19.SPA.sf3.EW52|AN19.SPA.sf3.EW54|AN19.SPA.sf3.EW55|AN19.SPA.sf3.EW57|AN19.SPA.sf3.HW53|AN19.SPA.sf3.HW57|AN19.SPA.sf3.HW59|AN19.SPA.sf3.HW62|AN19.SPA.sf5.EW58|AN19.SPA.sf5.EW59|AN19.SPA.sf5.EW64|AN19.SPA.sf5.EW65|AN19.SPA.sf5.HW55|AN19.SPA.sf5.HW60|AN19.SPA.sf5.HW61|AN19.SPA.sf5.HW63|AN19.SPA.sm3.EW60|AN19.SPA.sm3.EW61|AN19.SPA.sm3.EW62|AN19.SPA.sm3.EW63|AN19.SPA.sm3.HW64|AN19.SPA.sm3.HW65|AN19.SPA.sm3.HW66|AN19.SPA.sm3.HW67|AN19.SPA.sm5.EW66|AN19.SPA.sm5.EW67|AN19.SPA.sm5.EW72|AN19.SPA.sm5.EW73|AN19.SPA.sm5.HW68|AN19.SPA.sm5.HW69|AN19.SPA.sm5.HW74|AN19.SPA.sm5.HW75|AN19.SPA.sm7.EW18|AN19.SPA.sm7.EW68|AN19.SPA.sm7.EW69|AN19.SPA.sm7.EW75|AN19.SPA.sm7.HW29|AN19.SPA.sm7.HW70|AN19.SPA.sm7.HW72|AN19.SPA.sm7.HW73",2,StratifiedKFold
AN19,AN19.174,AN19.Control.test_Spanish,English||AN19.SPA.sf1.EW50|AN19.SPA.sf1.EW51|AN19.SPA.sf1.EW53|AN19.SPA.sf1.EW56|AN19.SPA.sf1.HW52|AN19.SPA.sf1.HW54|AN19.SPA.sf1.HW56|AN19.SPA.sf1.HW58|AN19.SPA.sf3.EW52|AN19.SPA.sf3.EW54|AN19.SPA.sf3.EW55|AN19.SPA.sf3.EW57|AN19.SPA.sf3.HW53|AN19.SPA.sf3.HW57|AN19.SPA.sf3.HW59|AN19.SPA.sf3.HW62|AN19.SPA.sf5.EW58|AN19.SPA.sf5.EW59|AN19.SPA.sf5.EW64|AN19.SPA.sf5.EW65|AN19.SPA.sf5.HW55|AN19.SPA.sf5.HW60|AN19.SPA.sf5.HW61|AN19.SPA.sf5.HW63|AN19.SPA.sm3.EW60|AN19.SPA.sm3.EW61|AN19.SPA.sm3.EW62|AN19.SPA.sm3.EW63|AN19.SPA.sm3.HW64|AN19.SPA.sm3.HW65|AN19.SPA.sm3.HW66|AN19.SPA.sm3.HW67|AN19.SPA.sm5.EW66|AN19.SPA.sm5.EW67|AN19.SPA.sm5.EW72|AN19.SPA.sm5.EW73|AN19.SPA.sm5.HW68|AN19.SPA.sm5.HW69|AN19.SPA.sm5.HW74|AN19.SPA.sm5.HW75|AN19.SPA.sm7.EW18|AN19.SPA.sm7.EW68|AN19.SPA.sm7.EW69|AN19.SPA.sm7.EW75|AN19.SPA.sm7.HW29|AN19.SPA.sm7.HW70|AN19.SPA.sm7.HW72|AN19.SPA.sm7.HW73,1,StratifiedKFold
AN19,AN19.175,AN19.Control.test_Spanish,English||AN19.SPA.sf2.EW50|AN19.SPA.sf2.EW51|AN19.SPA.sf2.EW53|AN19.SPA.sf2.EW56|AN19.SPA.sf2.HW52|AN19.SPA.sf2.HW54|AN19.SPA.sf2.HW56|AN19.SPA.sf2.HW58|AN19.SPA.sf4.EW52|AN19.SPA.sf4.EW54|AN19.SPA.sf4.EW55|AN19.SPA.sf4.EW57|AN19.SPA.sf4.HW53|AN19.SPA.sf4.HW57|AN19.SPA.sf4.HW59|AN19.SPA.sf4.HW62|AN19.SPA.sf6.EW58|AN19.SPA.sf6.EW59|AN19.SPA.sf6.EW64|AN19.SPA.sf6.EW65|AN19.SPA.sf6.HW55|AN19.SPA.sf6.HW60|AN19.SPA.sf6.HW61|AN19.SPA.sf6.HW63|AN19.SPA.sm2.EW60|AN19.SPA.sm2.EW61|AN19.SPA.sm2.EW62|AN19.SPA.sm2.EW63|AN19.SPA.sm2.HW64|AN19.SPA.sm2.HW65|AN19.SPA.sm2.HW66|AN19.SPA.sm2.HW67|AN19.SPA.sm4.EW66|AN19.SPA.sm4.EW67|AN19.SPA.sm4.EW72|AN19.SPA.sm4.EW73|AN19.SPA.sm4.HW68|AN19.SPA.sm4.HW69|AN19.SPA.sm4.HW74|AN19.SPA.sm4.HW75|AN19.SPA.sm6.EW18|AN19.SPA.sm6.EW68|AN19.SPA.sm6.EW69|AN19.SPA.sm6.EW75|AN19.SPA.sm6.HW29|AN19.SPA.sm6.HW70|AN19.SPA.sm6.HW72|AN19.SPA.sm6.HW73,3,StratifiedKFold
AN19,AN19.176,AN19.Korean.test_Spanish,"AN19.KOR.kf2, AN19.KOR.kf4, AN19.KOR.kf6, AN19.KOR.km2, AN19.KOR.km6, AN19.KOR.km7||AN19.SPA.sf1.EW50|AN19.SPA.sf1.EW51|AN19.SPA.sf1.EW53|AN19.SPA.sf1.EW56|AN19.SPA.sf1.HW52|AN19.SPA.sf1.HW54|AN19.SPA.sf1.HW56|AN19.SPA.sf1.HW58|AN19.SPA.sf3.EW52|AN19.SPA.sf3.EW54|AN19.SPA.sf3.EW55|AN19.SPA.sf3.EW57|AN19.SPA.sf3.HW53|AN19.SPA.sf3.HW57|AN19.SPA.sf3.HW59|AN19.SPA.sf3.HW62|AN19.SPA.sf5.EW58|AN19.SPA.sf5.EW59|AN19.SPA.sf5.EW64|AN19.SPA.sf5.EW65|AN19.SPA.sf5.HW55|AN19.SPA.sf5.HW60|AN19.SPA.sf5.HW61|AN19.SPA.sf5.HW63|AN19.SPA.sm3.EW60|AN19.SPA.sm3.EW61|AN19.SPA.sm3.EW62|AN19.SPA.sm3.EW63|AN19.SPA.sm3.HW64|AN19.SPA.sm3.HW65|AN19.SPA.sm3.HW66|AN19.SPA.sm3.HW67|AN19.SPA.sm5.EW66|AN19.SPA.sm5.EW67|AN19.SPA.sm5.EW72|AN19.SPA.sm5.EW73|AN19.SPA.sm5.HW68|AN19.SPA.sm5.HW69|AN19.SPA.sm5.HW74|AN19.SPA.sm5.HW75|AN19.SPA.sm7.EW18|AN19.SPA.sm7.EW68|AN19.SPA.sm7.EW69|AN19.SPA.sm7.EW75|AN19.SPA.sm7.HW29|AN19.SPA.sm7.HW70|AN19.SPA.sm7.HW72|AN19.SPA.sm7.HW73",3,StratifiedKFold
AN19,AN19.178,AN19.Mixed.test_Spanish,"AN19.MIX.if1, AN19.MIX.if2, AN19.MIX.if5, AN19.MIX.im1, AN19.MIX.im2, AN19.MIX.im6||AN19.SPA.sf1.EW50|AN19.SPA.sf1.EW51|AN19.SPA.sf1.EW53|AN19.SPA.sf1.EW56|AN19.SPA.sf1.HW52|AN19.SPA.sf1.HW54|AN19.SPA.sf1.HW56|AN19.SPA.sf1.HW58|AN19.SPA.sf3.EW52|AN19.SPA.sf3.EW54|AN19.SPA.sf3.EW55|AN19.SPA.sf3.EW57|AN19.SPA.sf3.HW53|AN19.SPA.sf3.HW57|AN19.SPA.sf3.HW59|AN19.SPA.sf3.HW62|AN19.SPA.sf5.EW58|AN19.SPA.sf5.EW59|AN19.SPA.sf5.EW64|AN19.SPA.sf5.EW65|AN19.SPA.sf5.HW55|AN19.SPA.sf5.HW60|AN19.SPA.sf5.HW61|AN19.SPA.sf5.HW63|AN19.SPA.sm3.EW60|AN19.SPA.sm3.EW61|AN19.SPA.sm3.EW62|AN19.SPA.sm3.EW63|AN19.SPA.sm3.HW64|AN19.SPA.sm3.HW65|AN19.SPA.sm3.HW66|AN19.SPA.sm3.HW67|AN19.SPA.sm5.EW66|AN19.SPA.sm5.EW67|AN19.SPA.sm5.EW72|AN19.SPA.sm5.EW73|AN19.SPA.sm5.HW68|AN19.SPA.sm5.HW69|AN19.SPA.sm5.HW74|AN19.SPA.sm5.HW75|AN19.SPA.sm7.EW18|AN19.SPA.sm7.EW68|AN19.SPA.sm7.EW69|AN19.SPA.sm7.EW75|AN19.SPA.sm7.HW29|AN19.SPA.sm7.HW70|AN19.SPA.sm7.HW72|AN19.SPA.sm7.HW73",3,StratifiedKFold
AN19,AN19.179,AN19.Mixed.test_Spanish,"AN19.MIX.if3, AN19.MIX.if4, AN19.MIX.if6, AN19.MIX.im3, AN19.MIX.im4, AN19.MIX.im5||AN19.SPA.sf1.EW50|AN19.SPA.sf1.EW51|AN19.SPA.sf1.EW53|AN19.SPA.sf1.EW56|AN19.SPA.sf1.HW52|AN19.SPA.sf1.HW54|AN19.SPA.sf1.HW56|AN19.SPA.sf1.HW58|AN19.SPA.sf3.EW52|AN19.SPA.sf3.EW54|AN19.SPA.sf3.EW55|AN19.SPA.sf3.EW57|AN19.SPA.sf3.HW53|AN19.SPA.sf3.HW57|AN19.SPA.sf3.HW59|AN19.SPA.sf3.HW62|AN19.SPA.sf5.EW58|AN19.SPA.sf5.EW59|AN19.SPA.sf5.EW64|AN19.SPA.sf5.EW65|AN19.SPA.sf5.HW55|AN19.SPA.sf5.HW60|AN19.SPA.sf5.HW61|AN19.SPA.sf5.HW63|AN19.SPA.sm3.EW60|AN19.SPA.sm3.EW61|AN19.SPA.sm3.EW62|AN19.SPA.sm3.EW63|AN19.SPA.sm3.HW64|AN19.SPA.sm3.HW65|AN19.SPA.sm3.HW66|AN19.SPA.sm3.HW67|AN19.SPA.sm5.EW66|AN19.SPA.sm5.EW67|AN19.SPA.sm5.EW72|AN19.SPA.sm5.EW73|AN19.SPA.sm5.HW68|AN19.SPA.sm5.HW69|AN19.SPA.sm5.HW74|AN19.SPA.sm5.HW75|AN19.SPA.sm7.EW18|AN19.SPA.sm7.EW68|AN19.SPA.sm7.EW69|AN19.SPA.sm7.EW75|AN19.SPA.sm7.HW29|AN19.SPA.sm7.HW70|AN19.SPA.sm7.HW72|AN19.SPA.sm7.HW73",3,StratifiedKFold
AN19,AN19.180,AN19.Control.test_Spanish,English||AN19.SPA.sf1.EW50|AN19.SPA.sf1.EW51|AN19.SPA.sf1.EW53|AN19.SPA.sf1.EW56|AN19.SPA.sf1.HW52|AN19.SPA.sf1.HW54|AN19.SPA.sf1.HW56|AN19.SPA.sf1.HW58|AN19.SPA.sf3.EW52|AN19.SPA.sf3.EW54|AN19.SPA.sf3.EW55|AN19.SPA.sf3.EW57|AN19.SPA.sf3.HW53|AN19.SPA.sf3.HW57|AN19.SPA.sf3.HW59|AN19.SPA.sf3.HW62|AN19.SPA.sf5.EW58|AN19.SPA.sf5.EW59|AN19.SPA.sf5.EW64|AN19.SPA.sf5.EW65|AN19.SPA.sf5.HW55|AN19.SPA.sf5.HW60|AN19.SPA.sf5.HW61|AN19.SPA.sf5.HW63|AN19.SPA.sm3.EW60|AN19.SPA.sm3.EW61|AN19.SPA.sm3.EW62|AN19.SPA.sm3.EW63|AN19.SPA.sm3.HW64|AN19.SPA.sm3.HW65|AN19.SPA.sm3.HW66|AN19.SPA.sm3.HW67|AN19.SPA.sm5.EW66|AN19.SPA.sm5.EW67|AN19.SPA.sm5.EW72|AN19.SPA.sm5.EW73|AN19.SPA.sm5.HW68|AN19.SPA.sm5.HW69|AN19.SPA.sm5.HW74|AN19.SPA.sm5.HW75|AN19.SPA.sm7.EW18|AN19.SPA.sm7.EW68|AN19.SPA.sm7.EW69|AN19.SPA.sm7.EW75|AN19.SPA.sm7.HW29|AN19.SPA.sm7.HW70|AN19.SPA.sm7.HW72|AN19.SPA.sm7.HW73,2,StratifiedKFold
AN19,AN19.182,AN19.Korean.test_Spanish,"AN19.KOR.kf2, AN19.KOR.kf4, AN19.KOR.kf6, AN19.KOR.km2, AN19.KOR.km6, AN19.KOR.km7||AN19.SPA.sf1.EW50|AN19.SPA.sf1.EW51|AN19.SPA.sf1.EW53|AN19.SPA.sf1.EW56|AN19.SPA.sf1.HW52|AN19.SPA.sf1.HW54|AN19.SPA.sf1.HW56|AN19.SPA.sf1.HW58|AN19.SPA.sf3.EW52|AN19.SPA.sf3.EW54|AN19.SPA.sf3.EW55|AN19.SPA.sf3.EW57|AN19.SPA.sf3.HW53|AN19.SPA.sf3.HW57|AN19.SPA.sf3.HW59|AN19.SPA.sf3.HW62|AN19.SPA.sf5.EW58|AN19.SPA.sf5.EW59|AN19.SPA.sf5.EW64|AN19.SPA.sf5.EW65|AN19.SPA.sf5.HW55|AN19.SPA.sf5.HW60|AN19.SPA.sf5.HW61|AN19.SPA.sf5.HW63|AN19.SPA.sm3.EW60|AN19.SPA.sm3.EW61|AN19.SPA.sm3.EW62|AN19.SPA.sm3.EW63|AN19.SPA.sm3.HW64|AN19.SPA.sm3.HW65|AN19.SPA.sm3.HW66|AN19.SPA.sm3.HW67|AN19.SPA.sm5.EW66|AN19.SPA.sm5.EW67|AN19.SPA.sm5.EW72|AN19.SPA.sm5.EW73|AN19.SPA.sm5.HW68|AN19.SPA.sm5.HW69|AN19.SPA.sm5.HW74|AN19.SPA.sm5.HW75|AN19.SPA.sm7.EW18|AN19.SPA.sm7.EW68|AN19.SPA.sm7.EW69|AN19.SPA.sm7.EW75|AN19.SPA.sm7.HW29|AN19.SPA.sm7.HW70|AN19.SPA.sm7.HW72|AN19.SPA.sm7.HW73",3,StratifiedKFold
AN19,AN19.183,AN19.Control.test_Spanish,English||AN19.SPA.sf2.EW50|AN19.SPA.sf2.EW51|AN19.SPA.sf2.EW53|AN19.SPA.sf2.EW56|AN19.SPA.sf2.HW52|AN19.SPA.sf2.HW54|AN19.SPA.sf2.HW56|AN19.SPA.sf2.HW58|AN19.SPA.sf4.EW52|AN19.SPA.sf4.EW54|AN19.SPA.sf4.EW55|AN19.SPA.sf4.EW57|AN19.SPA.sf4.HW53|AN19.SPA.sf4.HW57|AN19.SPA.sf4.HW59|AN19.SPA.sf4.HW62|AN19.SPA.sf6.EW58|AN19.SPA.sf6.EW59|AN19.SPA.sf6.EW64|AN19.SPA.sf6.EW65|AN19.SPA.sf6.HW55|AN19.SPA.sf6.HW60|AN19.SPA.sf6.HW61|AN19.SPA.sf6.HW63|AN19.SPA.sm2.EW60|AN19.SPA.sm2.EW61|AN19.SPA.sm2.EW62|AN19.SPA.sm2.EW63|AN19.SPA.sm2.HW64|AN19.SPA.sm2.HW65|AN19.SPA.sm2.HW66|AN19.SPA.sm2.HW67|AN19.SPA.sm4.EW66|AN19.SPA.sm4.EW67|AN19.SPA.sm4.EW72|AN19.SPA.sm4.EW73|AN19.SPA.sm4.HW68|AN19.SPA.sm4.HW69|AN19.SPA.sm4.HW74|AN19.SPA.sm4.HW75|AN19.SPA.sm6.EW18|AN19.SPA.sm6.EW68|AN19.SPA.sm6.EW69|AN19.SPA.sm6.EW75|AN19.SPA.sm6.HW29|AN19.SPA.sm6.HW70|AN19.SPA.sm6.HW72|AN19.SPA.sm6.HW73,3,StratifiedKFold
AN19,AN19.185,AN19.Korean.test_Spanish,"AN19.KOR.kf2, AN19.KOR.kf4, AN19.KOR.kf6, AN19.KOR.km2, AN19.KOR.km6, AN19.KOR.km7||AN19.SPA.sf2.EW50|AN19.SPA.sf2.EW51|AN19.SPA.sf2.EW53|AN19.SPA.sf2.EW56|AN19.SPA.sf2.HW52|AN19.SPA.sf2.HW54|AN19.SPA.sf2.HW56|AN19.SPA.sf2.HW58|AN19.SPA.sf4.EW52|AN19.SPA.sf4.EW54|AN19.SPA.sf4.EW55|AN19.SPA.sf4.EW57|AN19.SPA.sf4.HW53|AN19.SPA.sf4.HW57|AN19.SPA.sf4.HW59|AN19.SPA.sf4.HW62|AN19.SPA.sf6.EW58|AN19.SPA.sf6.EW59|AN19.SPA.sf6.EW64|AN19.SPA.sf6.EW65|AN19.SPA.sf6.HW55|AN19.SPA.sf6.HW60|AN19.SPA.sf6.HW61|AN19.SPA.sf6.HW63|AN19.SPA.sm2.EW60|AN19.SPA.sm2.EW61|AN19.SPA.sm2.EW62|AN19.SPA.sm2.EW63|AN19.SPA.sm2.HW64|AN19.SPA.sm2.HW65|AN19.SPA.sm2.HW66|AN19.SPA.sm2.HW67|AN19.SPA.sm4.EW66|AN19.SPA.sm4.EW67|AN19.SPA.sm4.EW72|AN19.SPA.sm4.EW73|AN19.SPA.sm4.HW68|AN19.SPA.sm4.HW69|AN19.SPA.sm4.HW74|AN19.SPA.sm4.HW75|AN19.SPA.sm6.EW18|AN19.SPA.sm6.EW68|AN19.SPA.sm6.EW69|AN19.SPA.sm6.EW75|AN19.SPA.sm6.HW29|AN19.SPA.sm6.HW70|AN19.SPA.sm6.HW72|AN19.SPA.sm6.HW73",3,StratifiedKFold
AN19,AN19.186,AN19.Mixed.test_Spanish,"AN19.MIX.if1, AN19.MIX.if2, AN19.MIX.if5, AN19.MIX.im1, AN19.MIX.im2, AN19.MIX.im6||AN19.SPA.sf2.EW50|AN19.SPA.sf2.EW51|AN19.SPA.sf2.EW53|AN19.SPA.sf2.EW56|AN19.SPA.sf2.HW52|AN19.SPA.sf2.HW54|AN19.SPA.sf2.HW56|AN19.SPA.sf2.HW58|AN19.SPA.sf4.EW52|AN19.SPA.sf4.EW54|AN19.SPA.sf4.EW55|AN19.SPA.sf4.EW57|AN19.SPA.sf4.HW53|AN19.SPA.sf4.HW57|AN19.SPA.sf4.HW59|AN19.SPA.sf4.HW62|AN19.SPA.sf6.EW58|AN19.SPA.sf6.EW59|AN19.SPA.sf6.EW64|AN19.SPA.sf6.EW65|AN19.SPA.sf6.HW55|AN19.SPA.sf6.HW60|AN19.SPA.sf6.HW61|AN19.SPA.sf6.HW63|AN19.SPA.sm2.EW60|AN19.SPA.sm2.EW61|AN19.SPA.sm2.EW62|AN19.SPA.sm2.EW63|AN19.SPA.sm2.HW64|AN19.SPA.sm2.HW65|AN19.SPA.sm2.HW66|AN19.SPA.sm2.HW67|AN19.SPA.sm4.EW66|AN19.SPA.sm4.EW67|AN19.SPA.sm4.EW72|AN19.SPA.sm4.EW73|AN19.SPA.sm4.HW68|AN19.SPA.sm4.HW69|AN19.SPA.sm4.HW74|AN19.SPA.sm4.HW75|AN19.SPA.sm6.EW18|AN19.SPA.sm6.EW68|AN19.SPA.sm6.EW69|AN19.SPA.sm6.EW75|AN19.SPA.sm6.HW29|AN19.SPA.sm6.HW70|AN19.SPA.sm6.HW72|AN19.SPA.sm6.HW73",1,StratifiedKFold
AN19,AN19.187,AN19.Mixed.test_Spanish,"AN19.MIX.if3, AN19.MIX.if4, AN19.MIX.if6, AN19.MIX.im3, AN19.MIX.im4, AN19.MIX.im5||AN19.SPA.sf2.EW50|AN19.SPA.sf2.EW51|AN19.SPA.sf2.EW53|AN19.SPA.sf2.EW56|AN19.SPA.sf2.HW52|AN19.SPA.sf2.HW54|AN19.SPA.sf2.HW56|AN19.SPA.sf2.HW58|AN19.SPA.sf4.EW52|AN19.SPA.sf4.EW54|AN19.SPA.sf4.EW55|AN19.SPA.sf4.EW57|AN19.SPA.sf4.HW53|AN19.SPA.sf4.HW57|AN19.SPA.sf4.HW59|AN19.SPA.sf4.HW62|AN19.SPA.sf6.EW58|AN19.SPA.sf6.EW59|AN19.SPA.sf6.EW64|AN19.SPA.sf6.EW65|AN19.SPA.sf6.HW55|AN19.SPA.sf6.HW60|AN19.SPA.sf6.HW61|AN19.SPA.sf6.HW63|AN19.SPA.sm2.EW60|AN19.SPA.sm2.EW61|AN19.SPA.sm2.EW62|AN19.SPA.sm2.EW63|AN19.SPA.sm2.HW64|AN19.SPA.sm2.HW65|AN19.SPA.sm2.HW66|AN19.SPA.sm2.HW67|AN19.SPA.sm4.EW66|AN19.SPA.sm4.EW67|AN19.SPA.sm4.EW72|AN19.SPA.sm4.EW73|AN19.SPA.sm4.HW68|AN19.SPA.sm4.HW69|AN19.SPA.sm4.HW74|AN19.SPA.sm4.HW75|AN19.SPA.sm6.EW18|AN19.SPA.sm6.EW68|AN19.SPA.sm6.EW69|AN19.SPA.sm6.EW75|AN19.SPA.sm6.HW29|AN19.SPA.sm6.HW70|AN19.SPA.sm6.HW72|AN19.SPA.sm6.HW73",2,StratifiedKFold
AN19,AN19.188,AN19.Spanish.test_Spanish,"AN19.SPA.sf1, AN19.SPA.sf3, AN19.SPA.sf5, AN19.SPA.sm3, AN19.SPA.sm5, AN19.SPA.sm7||AN19.SPA.sf2.EW50|AN19.SPA.sf2.EW51|AN19.SPA.sf2.EW53|AN19.SPA.sf2.EW56|AN19.SPA.sf2.HW52|AN19.SPA.sf2.HW54|AN19.SPA.sf2.HW56|AN19.SPA.sf2.HW58|AN19.SPA.sf4.EW52|AN19.SPA.sf4.EW54|AN19.SPA.sf4.EW55|AN19.SPA.sf4.EW57|AN19.SPA.sf4.HW53|AN19.SPA.sf4.HW57|AN19.SPA.sf4.HW59|AN19.SPA.sf4.HW62|AN19.SPA.sf6.EW58|AN19.SPA.sf6.EW59|AN19.SPA.sf6.EW64|AN19.SPA.sf6.EW65|AN19.SPA.sf6.HW55|AN19.SPA.sf6.HW60|AN19.SPA.sf6.HW61|AN19.SPA.sf6.HW63|AN19.SPA.sm2.EW60|AN19.SPA.sm2.EW61|AN19.SPA.sm2.EW62|AN19.SPA.sm2.EW63|AN19.SPA.sm2.HW64|AN19.SPA.sm2.HW65|AN19.SPA.sm2.HW66|AN19.SPA.sm2.HW67|AN19.SPA.sm4.EW66|AN19.SPA.sm4.EW67|AN19.SPA.sm4.EW72|AN19.SPA.sm4.EW73|AN19.SPA.sm4.HW68|AN19.SPA.sm4.HW69|AN19.SPA.sm4.HW74|AN19.SPA.sm4.HW75|AN19.SPA.sm6.EW18|AN19.SPA.sm6.EW68|AN19.SPA.sm6.EW69|AN19.SPA.sm6.EW75|AN19.SPA.sm6.HW29|AN19.SPA.sm6.HW70|AN19.SPA.sm6.HW72|AN19.SPA.sm6.HW73",2,StratifiedKFold
AN19,AN19.189,AN19.Korean.test_Spanish,"AN19.KOR.kf2, AN19.KOR.kf4, AN19.KOR.kf6, AN19.KOR.km2, AN19.KOR.km6, AN19.KOR.km7||AN19.SPA.sf1.EW50|AN19.SPA.sf1.EW51|AN19.SPA.sf1.EW53|AN19.SPA.sf1.EW56|AN19.SPA.sf1.HW52|AN19.SPA.sf1.HW54|AN19.SPA.sf1.HW56|AN19.SPA.sf1.HW58|AN19.SPA.sf3.EW52|AN19.SPA.sf3.EW54|AN19.SPA.sf3.EW55|AN19.SPA.sf3.EW57|AN19.SPA.sf3.HW53|AN19.SPA.sf3.HW57|AN19.SPA.sf3.HW59|AN19.SPA.sf3.HW62|AN19.SPA.sf5.EW58|AN19.SPA.sf5.EW59|AN19.SPA.sf5.EW64|AN19.SPA.sf5.EW65|AN19.SPA.sf5.HW55|AN19.SPA.sf5.HW60|AN19.SPA.sf5.HW61|AN19.SPA.sf5.HW63|AN19.SPA.sm3.EW60|AN19.SPA.sm3.EW61|AN19.SPA.sm3.EW62|AN19.SPA.sm3.EW63|AN19.SPA.sm3.HW64|AN19.SPA.sm3.HW65|AN19.SPA.sm3.HW66|AN19.SPA.sm3.HW67|AN19.SPA.sm5.EW66|AN19.SPA.sm5.EW67|AN19.SPA.sm5.EW72|AN19.SPA.sm5.EW73|AN19.SPA.sm5.HW68|AN19.SPA.sm5.HW69|AN19.SPA.sm5.HW74|AN19.SPA.sm5.HW75|AN19.SPA.sm7.EW18|AN19.SPA.sm7.EW68|AN19.SPA.sm7.EW69|AN19.SPA.sm7.EW75|AN19.SPA.sm7.HW29|AN19.SPA.sm7.HW70|AN19.SPA.sm7.HW72|AN19.SPA.sm7.HW73",1,StratifiedKFold
AN19,AN19.192,AN19.Control.test_Spanish,English||AN19.SPA.sf1.EW50|AN19.SPA.sf1.EW51|AN19.SPA.sf1.EW53|AN19.SPA.sf1.EW56|AN19.SPA.sf1.HW52|AN19.SPA.sf1.HW54|AN19.SPA.sf1.HW56|AN19.SPA.sf1.HW58|AN19.SPA.sf3.EW52|AN19.SPA.sf3.EW54|AN19.SPA.sf3.EW55|AN19.SPA.sf3.EW57|AN19.SPA.sf3.HW53|AN19.SPA.sf3.HW57|AN19.SPA.sf3.HW59|AN19.SPA.sf3.HW62|AN19.SPA.sf5.EW58|AN19.SPA.sf5.EW59|AN19.SPA.sf5.EW64|AN19.SPA.sf5.EW65|AN19.SPA.sf5.HW55|AN19.SPA.sf5.HW60|AN19.SPA.sf5.HW61|AN19.SPA.sf5.HW63|AN19.SPA.sm3.EW60|AN19.SPA.sm3.EW61|AN19.SPA.sm3.EW62|AN19.SPA.sm3.EW63|AN19.SPA.sm3.HW64|AN19.SPA.sm3.HW65|AN19.SPA.sm3.HW66|AN19.SPA.sm3.HW67|AN19.SPA.sm5.EW66|AN19.SPA.sm5.EW67|AN19.SPA.sm5.EW72|AN19.SPA.sm5.EW73|AN19.SPA.sm5.HW68|AN19.SPA.sm5.HW69|AN19.SPA.sm5.HW74|AN19.SPA.sm5.HW75|AN19.SPA.sm7.EW18|AN19.SPA.sm7.EW68|AN19.SPA.sm7.EW69|AN19.SPA.sm7.EW75|AN19.SPA.sm7.HW29|AN19.SPA.sm7.HW70|AN19.SPA.sm7.HW72|AN19.SPA.sm7.HW73,1,StratifiedKFold
